id,inf_state,current_time,infected_time,ct_value,ct_type_method,number_of_bites,species,sex,current_age,death_day,sim_number,
2099517,0,919,0,40,2,0,2,1,51,101,3
2082473,0,919,0,40,3,4,2,1,69,68,3
2087376,0,919,0,40,3,3,2,1,58,24,3
2083750,0,919,0,40,3,4,2,1,72,57,3
2091805,0,919,0,40,2,2,2,1,52,56,3
2090148,0,919,0,40,2,4,2,1,60,67,3
2081522,0,919,0,40,2,4,2,1,71,34,3
2080068,0,919,0,40,2,7,2,1,67,75,3
2086075,0,919,0,40,2,3,2,1,70,27,3
2079187,0,919,0,40,2,7,2,1,63,56,3
2081705,0,919,0,40,3,6,2,1,71,51,3
2068133,0,919,0,40,2,3,2,1,51,70,3
2094205,0,919,0,40,3,3,2,1,47,19,3
2104545,0,919,0,40,2,1,2,1,40,24,3
2106913,0,919,0,40,2,0,2,1,37,63,3
2107043,0,919,0,40,3,0,2,1,37,61,3
2087689,0,919,0,40,2,2,2,1,62,42,3
2100110,0,919,0,40,2,2,2,1,42,28,3
2107665,0,919,0,40,3,0,2,1,36,17,3
2091315,0,919,0,40,3,1,2,1,58,101,3
2076648,0,919,0,40,2,7,2,1,85,77,3
2072271,0,919,0,40,3,7,2,1,77,18,3
2104271,0,919,0,40,3,1,2,1,36,65,3
2099994,0,919,0,40,2,2,2,1,44,23,3
2108281,0,919,0,40,2,0,2,1,35,21,3
2108451,0,919,0,40,3,0,2,1,35,30,3
2093782,0,919,0,40,2,3,2,1,44,38,3
2080287,0,919,0,40,3,9,2,1,67,31,3
2072765,0,919,0,40,2,5,2,1,66,68,3
2078897,0,919,0,40,3,6,2,1,77,27,3
2075186,0,919,0,40,2,8,2,1,85,42,3
2088924,1,919,863,22.2285,3,4,2,1,56,33,3
2097805,0,919,0,40,2,3,2,1,41,25,3
2091079,0,919,0,40,3,4,2,1,52,20,3
2092011,0,919,0,40,3,2,2,1,55,39,3
2109398,0,919,0,40,2,0,2,1,33,96,3
2082390,0,919,0,40,2,6,2,1,64,22,3
2087282,1,919,872,17.3851,3,4,2,1,53,60,3
2072834,0,919,0,40,2,8,2,1,81,56,3
2091804,0,919,0,40,3,4,2,1,44,42,3
2069344,0,919,0,40,2,4,2,1,51,40,3
2109553,0,919,0,40,2,0,2,1,32,50,3
2110175,0,919,0,40,2,0,2,1,32,74,3
2089749,0,919,0,40,2,4,2,1,56,54,3
2088845,0,919,0,40,2,3,2,1,62,57,3
2071568,0,919,0,40,2,5,2,1,62,46,3
2070158,0,919,0,40,3,5,2,1,66,33,3
2078980,0,919,0,40,3,7,2,1,69,38,3
2102026,0,919,0,40,3,2,2,1,37,37,3
2096950,0,919,0,40,3,4,2,1,40,82,3
2087982,0,919,0,40,2,5,2,1,57,23,3
2083185,0,919,0,40,3,9,2,1,64,52,3
2105697,0,919,0,40,3,2,2,1,33,28,3
2067359,0,919,0,40,3,8,2,1,91,58,3
2109596,0,919,0,40,3,0,2,1,31,10,3
2084223,0,919,0,40,3,5,2,1,52,52,3
2062932,0,919,0,40,2,5,2,1,53,42,3
2086353,0,919,0,40,3,6,2,1,53,11,3
2070125,0,919,0,40,3,6,2,1,80,50,3
2041697,0,919,0,40,2,11,2,1,92,28,3
2101539,0,919,0,40,2,1,2,1,45,25,3
2098736,0,919,0,40,2,1,2,1,52,62,3
2110824,0,919,0,40,3,0,2,1,30,39,3
2111058,0,919,0,40,2,0,2,1,30,27,3
2095445,0,919,0,40,2,3,2,1,42,42,3
2082518,0,919,0,40,2,6,2,1,52,46,3
2106431,0,919,0,40,2,1,2,1,32,59,3
2068861,0,919,0,40,3,4,2,1,71,79,3
2070926,0,919,0,40,2,7,2,1,77,44,3
2095179,0,919,0,40,3,3,2,1,46,17,3
2093340,0,919,0,40,2,5,2,1,44,58,3
2107201,0,919,0,40,2,1,2,1,34,35,3
2108125,0,919,0,40,2,1,2,1,32,82,3
2096677,0,919,0,40,3,1,2,1,55,30,3
2076926,0,919,0,40,2,5,2,1,86,60,3
2087112,0,919,0,40,3,7,2,1,56,41,3
2110241,0,919,0,40,2,0,2,1,29,46,3
2110725,0,919,0,40,2,0,2,1,29,26,3
2110949,0,919,0,40,3,0,2,1,29,22,3
2111009,0,919,0,40,2,0,2,1,29,17,3
2111149,0,919,0,40,3,0,2,1,29,28,3
2111560,0,919,0,40,2,0,2,1,29,54,3
2111816,0,919,0,40,2,0,2,1,29,13,3
2065599,0,919,0,40,3,2,2,1,51,18,3
2072829,0,919,0,40,2,5,2,1,59,24,3
2085129,0,919,0,40,2,6,2,1,53,57,3
2102666,0,919,0,40,2,1,2,1,36,69,3
2091331,0,919,0,40,2,5,2,1,49,19,3
2013306,0,919,0,40,3,22,2,1,128,71,3
2068274,0,919,0,40,2,3,2,1,58,44,3
2074146,0,919,0,40,3,8,2,1,92,56,3
2105085,0,919,0,40,2,1,2,1,36,32,3
2095083,0,919,0,40,2,2,2,1,50,28,3
2095387,0,919,0,40,2,4,2,1,34,43,3
2097433,0,919,0,40,3,4,2,1,38,53,3
2094726,0,919,0,40,2,3,2,1,43,17,3
2092111,0,919,0,40,2,5,2,1,43,50,3
2102644,0,919,0,40,3,3,2,1,32,50,3
2101912,0,919,0,40,3,3,2,1,36,24,3
2081757,0,919,0,40,3,6,2,1,66,28,3
2083602,0,919,0,40,3,5,2,1,76,49,3
2092493,0,919,0,40,2,5,2,1,55,29,3
2087345,0,919,0,40,2,7,2,1,55,54,3
2111601,0,919,0,40,2,0,2,1,28,49,3
2111938,0,919,0,40,2,0,2,1,28,50,3
2112106,0,919,0,40,3,0,2,1,28,21,3
2112188,0,919,0,40,3,0,2,1,28,50,3
2112324,0,919,0,40,3,0,2,1,28,38,3
2090172,0,919,0,40,3,4,2,1,48,39,3
2075635,0,919,0,40,2,8,2,1,72,18,3
2010539,0,919,0,40,2,16,2,1,168,90,3
2075560,0,919,0,40,2,6,2,1,86,41,3
2072806,0,919,0,40,2,6,2,1,50,29,3
2089341,0,919,0,40,2,5,2,1,47,46,3
2094534,0,919,0,40,2,5,2,1,40,24,3
2108528,0,919,0,40,3,1,2,1,29,74,3
2109615,0,919,0,40,2,1,2,1,28,34,3
2069425,0,919,0,40,3,5,2,1,43,31,3
2090043,0,919,0,40,2,2,2,1,59,25,3
2075072,0,919,0,40,3,9,2,1,83,24,3
2109863,0,919,0,40,3,1,2,1,30,37,3
2073114,0,919,0,40,2,9,2,1,93,63,3
2110875,0,919,0,40,3,0,2,1,27,21,3
2112285,0,919,0,40,3,0,2,1,27,31,3
2112631,0,919,0,40,3,0,2,1,27,71,3
2100722,0,919,0,40,2,2,2,1,35,34,3
2092159,0,919,0,40,2,5,2,1,41,57,3
2089320,0,919,0,40,2,4,2,1,48,35,3
2108791,0,919,0,40,3,1,2,1,27,46,3
2087831,0,919,0,40,2,6,2,1,50,26,3
2105273,0,919,0,40,3,1,2,1,34,18,3
2094009,0,919,0,40,3,4,2,1,42,58,3
2090380,0,919,0,40,2,4,2,1,47,49,3
2096622,0,919,0,40,2,2,2,1,48,28,3
2095859,0,919,0,40,3,4,2,1,42,34,3
2103663,0,919,0,40,2,2,2,1,31,71,3
2093059,0,919,0,40,3,4,2,1,49,43,3
2095378,0,919,0,40,2,4,2,1,43,57,3
2105808,0,919,0,40,2,1,2,1,34,48,3
2108399,0,919,0,40,3,1,2,1,31,23,3
2083031,0,919,0,40,2,6,2,1,51,52,3
2109732,0,919,0,40,3,1,2,1,28,104,3
2105581,0,919,0,40,2,2,2,1,29,21,3
2108463,0,919,0,40,3,1,2,1,32,23,3
2109281,0,919,0,40,3,1,2,1,30,34,3
2091823,0,919,0,40,3,4,2,1,53,56,3
2110963,0,919,0,40,2,0,2,1,26,59,3
2113128,0,919,0,40,2,0,2,1,26,18,3
2107528,0,919,0,40,3,1,2,1,26,62,3
2101922,0,919,0,40,2,2,2,1,36,74,3
2065480,0,919,0,40,2,10,2,1,51,36,3
2085071,0,919,0,40,2,6,2,1,62,67,3
2069408,1,919,890,35.0218,2,6,2,1,63,63,3
2095478,0,919,0,40,2,4,2,1,41,31,3
2106698,0,919,0,40,2,1,2,1,34,109,3
2093226,0,919,0,40,2,2,2,1,50,42,3
2071291,0,919,0,40,3,5,2,1,52,91,3
2107106,0,919,0,40,2,1,2,1,28,71,3
2094708,0,919,0,40,3,3,2,1,48,30,3
2079101,0,919,0,40,2,8,2,1,69,32,3
2077224,0,919,0,40,3,7,2,1,79,39,3
2079753,0,919,0,40,2,10,2,1,55,84,3
2107543,0,919,0,40,3,1,2,1,34,96,3
2102068,0,919,0,40,3,2,2,1,31,51,3
2110604,0,919,0,40,3,1,2,1,29,49,3
2111480,0,919,0,40,2,1,2,1,27,86,3
2076517,0,919,0,40,2,8,2,1,76,52,3
2111728,0,919,0,40,3,1,2,1,28,100,3
2112883,0,919,0,40,2,1,2,1,26,52,3
2113387,0,919,0,40,3,0,2,1,25,13,3
2113760,0,919,0,40,3,0,2,1,25,26,3
2113842,0,919,0,40,3,0,2,1,25,53,3
2113844,0,919,0,40,3,0,2,1,25,59,3
2113966,0,919,0,40,3,0,2,1,25,35,3
2113984,0,919,0,40,2,0,2,1,25,33,3
2114184,0,919,0,40,3,0,2,1,25,39,3
2092543,0,919,0,40,3,3,2,1,41,74,3
2068832,0,919,0,40,2,7,2,1,73,43,3
2081690,0,919,0,40,3,6,2,1,64,35,3
2104000,0,919,0,40,3,2,2,1,33,39,3
2108709,0,919,0,40,2,1,2,1,27,18,3
2109573,0,919,0,40,2,1,2,1,25,66,3
2094352,0,919,0,40,3,3,2,1,47,93,3
2104133,0,919,0,40,3,1,2,1,36,29,3
2088699,0,919,0,40,2,5,2,1,56,31,3
2095251,0,919,0,40,3,2,2,1,46,71,3
2071328,0,919,0,40,3,6,2,1,72,55,3
2086641,0,919,0,40,3,6,2,1,51,37,3
2069579,0,919,0,40,3,6,2,1,70,24,3
2105569,0,919,0,40,3,2,2,1,34,54,3
2065909,0,919,0,40,2,12,2,1,85,21,3
2093490,0,919,0,40,3,3,2,1,49,50,3
2075630,0,919,0,40,2,9,2,1,76,14,3
2001889,0,919,0,40,2,21,2,1,164,26,3
2070113,0,919,0,40,3,7,2,1,61,79,3
2078501,0,919,0,40,2,8,2,1,67,31,3
2102427,0,919,0,40,2,2,2,1,33,35,3
2101058,0,919,0,40,2,2,2,1,37,71,3
2109622,0,919,0,40,3,1,2,1,26,22,3
2102257,0,919,0,40,2,3,2,1,36,83,3
2111417,0,919,0,40,2,1,2,1,25,21,3
2108057,0,919,0,40,3,2,2,1,32,61,3
2112415,0,919,0,40,2,1,2,1,25,103,3
2112620,0,919,0,40,2,0,2,1,24,74,3
2113077,0,919,0,40,3,0,2,1,24,22,3
2113557,0,919,0,40,3,0,2,1,24,47,3
2113889,0,919,0,40,3,0,2,1,24,67,3
2114017,0,919,0,40,3,0,2,1,24,98,3
2114081,0,919,0,40,3,0,2,1,24,22,3
2114227,0,919,0,40,2,0,2,1,24,20,3
2114561,0,919,0,40,2,0,2,1,24,24,3
2114731,0,919,0,40,3,0,2,1,24,59,3
2114737,0,919,0,40,2,0,2,1,24,36,3
2059808,0,919,0,40,3,10,2,1,86,23,3
2098925,0,919,0,40,3,2,2,1,38,37,3
2068199,0,919,0,40,2,6,2,1,57,38,3
2093040,0,919,0,40,2,5,2,1,35,21,3
2082983,0,919,0,40,2,8,2,1,43,69,3
2107490,0,919,0,40,3,1,2,1,25,51,3
2096982,0,919,0,40,3,4,2,1,32,28,3
2095155,0,919,0,40,2,2,2,1,48,23,3
2082847,0,919,0,40,3,7,2,1,58,35,3
2101674,0,919,0,40,3,2,2,1,32,49,3
2100455,0,919,0,40,2,2,2,1,37,58,3
2077679,0,919,0,40,2,7,2,1,73,53,3
2099670,0,919,0,40,3,2,2,1,39,48,3
2088610,0,919,0,40,3,5,2,1,51,42,3
2083837,0,919,0,40,3,5,2,1,55,32,3
2102686,0,919,0,40,3,3,2,1,29,26,3
2086450,0,919,0,40,3,8,2,1,55,38,3
2095744,0,919,0,40,2,4,2,1,47,44,3
2107053,0,919,0,40,2,2,2,1,31,34,3
2068380,0,919,0,40,2,7,2,1,51,20,3
2102897,0,919,0,40,3,3,2,1,29,30,3
2090108,0,919,0,40,2,5,2,1,54,50,3
2106923,0,919,0,40,2,1,2,1,33,56,3
2069661,0,919,0,40,2,5,2,1,61,40,3
2105975,0,919,0,40,2,2,2,1,31,44,3
2096985,0,919,0,40,3,5,2,1,35,36,3
2085450,0,919,0,40,3,5,2,1,65,22,3
2079779,0,919,0,40,2,4,2,1,84,28,3
2107747,0,919,0,40,3,1,2,1,33,61,3
2068783,0,919,0,40,3,7,2,1,65,50,3
2100213,0,919,0,40,2,4,2,1,37,50,3
2095000,0,919,0,40,2,4,2,1,48,30,3
2069934,0,919,0,40,3,4,2,1,45,90,3
2078435,0,919,0,40,2,8,2,1,72,38,3
2092156,0,919,0,40,2,4,2,1,45,27,3
2108775,0,919,0,40,2,2,2,1,27,29,3
2086509,0,919,0,40,2,5,2,1,63,38,3
2112436,0,919,0,40,3,0,2,1,23,41,3
2113715,0,919,0,40,2,0,2,1,23,56,3
2114592,0,919,0,40,2,0,2,1,23,58,3
2114684,0,919,0,40,2,0,2,1,23,58,3
2114808,0,919,0,40,2,0,2,1,23,62,3
2114818,0,919,0,40,2,0,2,1,23,61,3
2114828,0,919,0,40,2,0,2,1,23,32,3
2114958,0,919,0,40,3,0,2,1,23,28,3
2115150,0,919,0,40,2,0,2,1,23,53,3
2115322,0,919,0,40,2,0,2,1,23,38,3
2115342,0,919,0,40,3,0,2,1,23,53,3
2115378,0,919,0,40,3,0,2,1,23,41,3
2085945,0,919,0,40,2,6,2,1,45,39,3
2075543,0,919,0,40,2,6,2,1,73,47,3
2107215,0,919,0,40,3,1,2,1,29,24,3
2104761,0,919,0,40,2,3,2,1,29,57,3
2092444,0,919,0,40,3,3,2,1,43,16,3
2093472,0,919,0,40,3,5,2,1,41,3,3
2072967,0,919,0,40,3,9,2,1,89,45,3
2099384,0,919,0,40,3,3,2,1,38,25,3
2088907,0,919,0,40,3,4,2,1,61,11,3
2101132,0,919,0,40,2,2,2,1,36,88,3
2101430,0,919,0,40,3,3,2,1,39,19,3
2071873,0,919,0,40,2,10,2,1,49,59,3
2081858,0,919,0,40,2,7,2,1,58,52,3
2096099,0,919,0,40,3,4,2,1,31,55,3
2105601,0,919,0,40,3,2,2,1,28,25,3
2088206,0,919,0,40,2,3,2,1,62,52,3
2101460,0,919,0,40,3,3,2,1,34,93,3
2085579,0,919,0,40,2,6,2,1,52,42,3
2080822,0,919,0,40,3,9,2,1,57,33,3
2068843,0,919,0,40,2,7,2,1,76,12,3
2106685,0,919,0,40,3,2,2,1,26,47,3
2111501,0,919,0,40,2,1,2,1,23,33,3
2111918,0,919,0,40,3,1,2,1,23,28,3
2097689,0,919,0,40,2,3,2,1,42,44,3
2077353,0,919,0,40,3,9,2,1,69,49,3
2108855,0,919,0,40,3,1,2,1,30,24,3
2086491,0,919,0,40,2,6,2,1,52,35,3
2066128,0,919,0,40,3,6,2,1,56,87,3
2094255,0,919,0,40,2,4,2,1,44,28,3
2101140,0,919,0,40,2,3,2,1,36,54,3
2070255,0,919,0,40,2,6,2,1,54,42,3
2096973,0,919,0,40,3,2,2,1,44,35,3
2106558,1,919,885,20.3724,3,2,2,1,31,39,3
2105521,0,919,0,40,3,2,2,1,29,63,3
2106502,0,919,0,40,2,2,2,1,33,52,3
2105177,0,919,0,40,2,2,2,1,31,15,3
2061290,0,919,0,40,3,10,2,1,71,52,3
2071458,0,919,0,40,2,10,2,1,68,40,3
2113252,0,919,0,40,2,1,2,1,23,49,3
2103700,0,919,0,40,3,3,2,1,34,66,3
2106442,0,919,0,40,3,2,2,1,33,33,3
2086282,0,919,0,40,3,5,2,1,61,41,3
2079286,0,919,0,40,2,6,2,1,77,11,3
2099627,0,919,0,40,3,4,2,1,32,40,3
2081902,0,919,0,40,3,7,2,1,59,48,3
2070937,0,919,0,40,3,4,2,1,50,25,3
2064897,0,919,0,40,2,5,2,1,61,23,3
2103479,0,919,0,40,3,3,2,1,27,25,3
2071270,0,919,0,40,2,8,2,1,106,51,3
2113193,0,919,0,40,3,0,2,1,22,65,3
2114430,0,919,0,40,2,0,2,1,22,31,3
2114847,0,919,0,40,2,0,2,1,22,61,3
2115103,0,919,0,40,3,0,2,1,22,83,3
2115135,0,919,0,40,3,0,2,1,22,24,3
2115339,0,919,0,40,2,0,2,1,22,56,3
2115495,0,919,0,40,3,0,2,1,22,34,3
2115787,0,919,0,40,3,0,2,1,22,26,3
2115815,0,919,0,40,2,0,2,1,22,66,3
2115911,0,919,0,40,3,0,2,1,22,37,3
2115935,0,919,0,40,3,0,2,1,22,44,3
2105644,0,919,0,40,2,1,2,1,26,16,3
2044054,0,919,0,40,3,14,2,1,107,57,3
2109151,0,919,0,40,3,1,2,1,22,12,3
2095619,0,919,0,40,2,3,2,1,39,58,3
2074985,0,919,0,40,2,11,2,1,78,63,3
2088407,0,919,0,40,3,5,2,1,40,33,3
2087994,0,919,0,40,3,3,2,1,57,54,3
2087879,0,919,0,40,3,3,2,1,61,28,3
2108511,0,919,0,40,3,2,2,1,24,77,3
2088295,0,919,0,40,3,2,2,1,58,58,3
2101086,0,919,0,40,2,2,2,1,35,70,3
2104163,0,919,0,40,2,2,2,1,32,40,3
2075638,0,919,0,40,3,9,2,1,69,65,3
2111384,0,919,0,40,3,1,2,1,23,42,3
2087910,0,919,0,40,3,4,2,1,53,42,3
2069892,0,919,0,40,2,5,2,1,47,3,3
2072665,0,919,0,40,3,12,2,1,85,18,3
2105257,0,919,0,40,2,2,2,1,28,40,3
2078434,0,919,0,40,2,7,2,1,65,30,3
2111976,0,919,0,40,3,1,2,1,23,21,3
2087569,0,919,0,40,2,6,2,1,48,28,3
2072178,0,919,0,40,3,15,2,1,91,38,3
2112241,0,919,0,40,2,1,2,1,22,28,3
2092447,0,919,0,40,3,4,2,1,58,13,3
2087285,0,919,0,40,2,5,2,1,65,95,3
2110144,0,919,0,40,2,1,2,1,27,55,3
2103142,0,919,0,40,2,3,2,1,28,41,3
2087391,0,919,0,40,2,6,2,1,60,49,3
2105664,0,919,0,40,2,2,2,1,32,55,3
2082528,0,919,0,40,2,6,2,1,59,45,3
2074798,0,919,0,40,3,10,2,1,67,51,3
2112779,0,919,0,40,2,1,2,1,23,39,3
2069672,0,919,0,40,3,8,2,1,68,55,3
2113114,0,919,0,40,3,1,2,1,22,62,3
2084040,0,919,0,40,3,5,2,1,68,25,3
2076452,0,919,0,40,2,6,2,1,89,57,3
2102734,0,919,0,40,3,2,2,1,35,30,3
2081565,0,919,0,40,3,7,2,1,63,73,3
2100656,0,919,0,40,3,2,2,1,41,47,3
2107700,0,919,0,40,2,1,2,1,32,60,3
2100166,0,919,0,40,2,3,2,1,38,63,3
2104365,0,919,0,40,3,2,2,1,34,37,3
2112248,0,919,0,40,2,1,2,1,25,36,3
2107656,1,919,897,13.2979,3,2,2,1,28,54,3
2093704,0,919,0,40,3,5,2,1,36,47,3
2113490,0,919,0,40,2,1,2,1,23,26,3
2051649,1,919,890,26.3415,3,13,2,1,86,99,3
2110598,0,919,0,40,2,2,2,1,25,34,3
2103361,0,919,0,40,3,1,2,1,38,30,3
2068350,0,919,0,40,2,9,2,1,52,31,3
2109285,0,919,0,40,3,2,2,1,27,43,3
2112823,0,919,0,40,2,1,2,1,25,49,3
2105219,0,919,0,40,2,4,2,1,29,77,3
2113930,0,919,0,40,3,1,2,1,23,46,3
2086594,0,919,0,40,2,8,2,1,52,12,3
2107121,0,919,0,40,2,2,2,1,32,50,3
2102440,0,919,0,40,2,3,2,1,37,72,3
2114546,0,919,0,40,3,0,2,1,21,20,3
2114921,0,919,0,40,2,0,2,1,21,29,3
2115129,0,919,0,40,3,0,2,1,21,40,3
2115153,0,919,0,40,3,0,2,1,21,18,3
2115333,0,919,0,40,3,0,2,1,21,42,3
2115480,0,919,0,40,2,0,2,1,21,19,3
2115716,0,919,0,40,2,0,2,1,21,31,3
2115744,0,919,0,40,3,0,2,1,21,41,3
2115944,0,919,0,40,2,0,2,1,21,24,3
2116008,0,919,0,40,2,0,2,1,21,24,3
2116076,0,919,0,40,2,0,2,1,21,31,3
2116084,0,919,0,40,3,0,2,1,21,37,3
2116288,0,919,0,40,2,0,2,1,21,56,3
2116336,0,919,0,40,2,0,2,1,21,53,3
2073790,0,919,0,40,3,8,2,1,80,48,3
2081585,0,919,0,40,3,7,2,1,47,47,3
2092502,0,919,0,40,3,4,2,1,40,49,3
2079053,0,919,0,40,3,7,2,1,72,61,3
2108070,0,919,0,40,3,2,2,1,23,68,3
2111221,0,919,0,40,3,1,2,1,21,81,3
2069771,0,919,0,40,3,5,2,1,59,47,3
2110614,0,919,0,40,2,1,2,1,24,103,3
2107799,0,919,0,40,2,2,2,1,26,70,3
2098032,0,919,0,40,3,3,2,1,35,36,3
2098843,0,919,0,40,2,5,2,1,30,34,3
2099207,0,919,0,40,2,2,2,1,42,34,3
2069115,0,919,0,40,2,10,2,1,51,108,3
2079098,0,919,0,40,2,6,2,1,60,82,3
2067292,0,919,0,40,2,4,2,1,54,62,3
2089560,0,919,0,40,3,4,2,1,48,42,3
2094370,0,919,0,40,2,4,2,1,44,48,3
2090363,0,919,0,40,2,7,2,1,40,67,3
2105297,0,919,0,40,2,3,2,1,24,77,3
2108748,0,919,0,40,2,2,2,1,26,50,3
2102905,0,919,0,40,3,1,2,1,40,33,3
2105462,0,919,0,40,3,1,2,1,34,58,3
2106983,0,919,0,40,2,1,2,1,32,21,3
2096311,0,919,0,40,2,2,2,1,47,49,3
2096193,0,919,0,40,2,3,2,1,46,45,3
2066406,0,919,0,40,2,6,2,1,64,92,3
2111262,0,919,0,40,2,1,2,1,25,72,3
2098411,0,919,0,40,3,4,2,1,37,47,3
2091278,0,919,0,40,3,6,2,1,37,24,3
2112770,0,919,0,40,3,1,2,1,21,75,3
2088690,0,919,0,40,3,5,2,1,56,43,3
2087473,0,919,0,40,3,3,2,1,66,17,3
2109428,0,919,0,40,3,1,2,1,29,71,3
2071977,0,919,0,40,2,5,2,1,47,83,3
2085968,0,919,0,40,2,5,2,1,54,24,3
2069874,0,919,0,40,2,3,2,1,54,29,3
2111804,0,919,0,40,3,1,2,1,25,31,3
2109139,0,919,0,40,2,1,2,1,24,70,3
2100967,0,919,0,40,3,3,2,1,26,28,3
2082434,0,919,0,40,2,6,2,1,62,23,3
2094737,0,919,0,40,2,5,2,1,33,28,3
2086939,0,919,0,40,2,6,2,1,54,19,3
2080968,0,919,0,40,2,10,2,1,61,66,3
2096991,0,919,0,40,3,5,2,1,37,39,3
2005109,0,919,0,40,2,16,2,1,182,17,3
2108777,0,919,0,40,2,1,2,1,31,36,3
2098248,0,919,0,40,2,3,2,1,39,34,3
2068078,0,919,0,40,2,6,2,1,71,28,3
2111930,0,919,0,40,3,1,2,1,25,28,3
2112234,0,919,0,40,3,1,2,1,25,18,3
2105440,0,919,0,40,2,2,2,1,29,119,3
2069336,0,919,0,40,2,2,2,1,32,42,3
2112433,0,919,0,40,3,1,2,1,24,39,3
2103104,0,919,0,40,2,2,2,1,29,51,3
2093192,0,919,0,40,3,3,2,1,49,78,3
2083623,0,919,0,40,3,7,2,1,52,56,3
2102729,0,919,0,40,3,3,2,1,38,67,3
2112530,0,919,0,40,3,1,2,1,23,32,3
2091695,0,919,0,40,2,5,2,1,47,23,3
2080959,0,919,0,40,3,9,2,1,52,35,3
2112092,0,919,0,40,3,2,2,1,23,57,3
2113544,0,919,0,40,3,2,2,1,22,24,3
2114547,0,919,0,40,2,1,2,1,21,56,3
2080271,0,919,0,40,3,8,2,1,51,35,3
2079104,0,919,0,40,2,10,2,1,68,53,3
2114245,0,919,0,40,3,1,2,1,22,41,3
2097592,0,919,0,40,3,4,2,1,43,34,3
2066795,0,919,0,40,3,4,2,1,82,34,3
2106624,0,919,0,40,3,3,2,1,31,71,3
2096415,0,919,0,40,3,4,2,1,45,36,3
2114810,0,919,0,40,3,2,2,1,23,41,3
2114426,0,919,0,40,2,0,2,1,20,26,3
2115029,0,919,0,40,2,0,2,1,20,36,3
2115458,0,919,0,40,2,0,2,1,20,37,3
2115706,0,919,0,40,2,0,2,1,20,32,3
2115962,0,919,0,40,3,0,2,1,20,54,3
2116195,0,919,0,40,3,0,2,1,20,60,3
2116570,0,919,0,40,2,0,2,1,20,50,3
2116594,0,919,0,40,2,0,2,1,20,41,3
2116680,0,919,0,40,3,0,2,1,20,33,3
2116714,0,919,0,40,3,0,2,1,20,25,3
2116840,0,919,0,40,3,0,2,1,20,33,3
2116914,0,919,0,40,3,0,2,1,20,40,3
2116960,0,919,0,40,3,0,2,1,20,33,3
2117002,0,919,0,40,2,0,2,1,20,39,3
2082066,0,919,0,40,3,4,2,1,69,64,3
2072772,0,919,0,40,3,3,2,1,78,21,3
2092834,0,919,0,40,2,5,2,1,38,33,3
2084887,0,919,0,40,3,6,2,1,60,35,3
2099121,0,919,0,40,2,3,2,1,35,89,3
2099553,0,919,0,40,3,3,2,1,31,72,3
2087842,0,919,0,40,3,4,2,1,58,18,3
2085827,0,919,0,40,2,5,2,1,57,70,3
2097418,0,919,0,40,2,3,2,1,36,22,3
2093975,0,919,0,40,2,3,2,1,44,71,3
2095900,0,919,0,40,3,4,2,1,45,36,3
2104315,0,919,0,40,2,1,2,1,28,29,3
2070801,0,919,0,40,3,4,2,1,48,36,3
2098589,0,919,0,40,3,2,2,1,41,73,3
2068310,0,919,0,40,3,8,2,1,52,72,3
2107515,0,919,0,40,3,2,2,1,26,51,3
2078094,0,919,0,40,3,8,2,1,61,50,3
2105687,0,919,0,40,2,1,2,1,34,16,3
2102152,0,919,0,40,3,2,2,1,34,31,3
2089982,0,919,0,40,3,5,2,1,46,40,3
2110168,0,919,0,40,3,1,2,1,25,31,3
2109531,0,919,0,40,2,1,2,1,24,29,3
2085568,0,919,0,40,3,7,2,1,48,37,3
2111117,0,919,0,40,3,1,2,1,23,19,3
2103741,0,919,0,40,2,2,2,1,30,85,3
2083601,0,919,0,40,3,8,2,1,55,38,3
2090240,0,919,0,40,2,4,2,1,42,42,3
2083028,0,919,0,40,3,7,2,1,47,33,3
2112015,0,919,0,40,3,1,2,1,20,25,3
2071147,0,919,0,40,2,9,2,1,57,59,3
2101172,0,919,0,40,2,2,2,1,35,36,3
2105923,0,919,0,40,3,2,2,1,31,42,3
2092476,0,919,0,40,3,5,2,1,46,32,3
2096096,0,919,0,40,2,4,2,1,37,73,3
2110529,0,919,0,40,3,1,2,1,24,48,3
2080321,0,919,0,40,3,7,2,1,55,90,3
2072051,0,919,0,40,2,9,2,1,94,40,3
2085439,0,919,0,40,2,7,2,1,51,31,3
2079251,0,919,0,40,2,8,2,1,64,38,3
2104664,0,919,0,40,2,3,2,1,22,22,3
2072636,0,919,0,40,3,5,2,1,66,20,3
2098465,0,919,0,40,2,3,2,1,44,34,3
2080414,0,919,0,40,3,5,2,1,58,55,3
2109521,0,919,0,40,2,1,2,1,28,28,3
2081782,0,919,0,40,3,7,2,1,70,32,3
2111637,0,919,0,40,2,1,2,1,24,64,3
2099285,0,919,0,40,3,2,2,1,44,42,3
2107923,0,919,0,40,2,3,2,1,25,86,3
2113470,0,919,0,40,3,1,2,1,22,28,3
2079783,0,919,0,40,2,8,2,1,63,63,3
2069419,0,919,0,40,3,3,2,1,34,74,3
2081696,0,919,0,40,2,9,2,1,48,22,3
2109441,0,919,0,40,2,2,2,1,27,38,3
2113419,0,919,0,40,2,1,2,1,21,67,3
2068408,1,919,898,39.039,2,6,2,1,55,48,3
2068782,0,919,0,40,3,5,2,1,42,76,3
2106264,0,919,0,40,3,4,2,1,26,56,3
2114699,0,919,0,40,3,1,2,1,20,28,3
2088842,0,919,0,40,2,3,2,1,62,39,3
2089052,0,919,0,40,2,6,2,1,50,38,3
2098506,0,919,0,40,2,3,2,1,34,38,3
2106842,0,919,0,40,2,2,2,1,33,25,3
2103008,0,919,0,40,3,3,2,1,31,64,3
2080795,0,919,0,40,2,7,2,1,59,32,3
2079377,0,919,0,40,3,9,2,1,65,35,3
2070436,0,919,0,40,3,9,2,1,73,47,3
2089315,0,919,0,40,2,5,2,1,48,25,3
2101662,0,919,0,40,3,3,2,1,33,36,3
2108515,0,919,0,40,3,2,2,1,25,83,3
2110110,0,919,0,40,2,2,2,1,22,50,3
2109557,0,919,0,40,2,2,2,1,28,33,3
2115164,0,919,0,40,3,1,2,1,20,32,3
2100541,0,919,0,40,2,2,2,1,44,57,3
2068787,0,919,0,40,3,7,2,1,55,54,3
2095851,0,919,0,40,3,5,2,1,42,27,3
2105384,1,919,884,35.1467,2,2,2,1,26,55,3
2107292,0,919,0,40,3,3,2,1,32,51,3
2080457,0,919,0,40,3,7,2,1,67,19,3
2113229,0,919,0,40,2,1,2,1,22,54,3
2068545,0,919,0,40,3,6,2,1,62,24,3
2101475,0,919,0,40,3,3,2,1,38,30,3
2106882,0,919,0,40,2,2,2,1,29,56,3
2081955,0,919,0,40,3,10,2,1,67,17,3
2082130,0,919,0,40,3,6,2,1,67,65,3
2074682,0,919,0,40,2,10,2,1,79,95,3
2101566,0,919,0,40,2,4,2,1,37,72,3
2079446,0,919,0,40,3,9,2,1,51,52,3
2115372,0,919,0,40,2,1,2,1,22,24,3
2097783,0,919,0,40,3,4,2,1,43,25,3
2113799,0,919,0,40,2,0,2,1,19,58,3
2115926,0,919,0,40,3,0,2,1,19,24,3
2116365,0,919,0,40,3,0,2,1,19,28,3
2116607,0,919,0,40,3,0,2,1,19,90,3
2116991,0,919,0,40,2,0,2,1,19,37,3
2117063,0,919,0,40,3,0,2,1,19,30,3
2117091,0,919,0,40,3,0,2,1,19,47,3
2117128,0,919,0,40,3,0,2,1,19,45,3
2117158,0,919,0,40,2,0,2,1,19,48,3
2117218,0,919,0,40,2,0,2,1,19,69,3
2117294,0,919,0,40,2,0,2,1,19,21,3
2117306,0,919,0,40,2,0,2,1,19,32,3
2117468,0,919,0,40,3,0,2,1,19,38,3
2117516,0,919,0,40,3,0,2,1,19,29,3
2117570,0,919,0,40,3,0,2,1,19,41,3
2117588,0,919,0,40,3,0,2,1,19,44,3
2117592,0,919,0,40,2,0,2,1,19,37,3
2107427,0,919,0,40,2,1,2,1,25,29,3
2078923,0,919,0,40,3,8,2,1,56,27,3
2104038,0,919,0,40,3,1,2,1,34,62,3
2078809,0,919,0,40,2,10,2,1,61,17,3
2091659,0,919,0,40,3,5,2,1,32,25,3
2095848,0,919,0,40,3,6,2,1,39,22,3
2075992,0,919,0,40,3,11,2,1,67,15,3
2068542,0,919,0,40,2,6,2,1,61,65,3
2108988,0,919,0,40,2,1,2,1,25,21,3
2072358,0,919,0,40,3,13,2,1,76,28,3
2071456,0,919,0,40,2,10,2,1,85,66,3
2095501,0,919,0,40,2,3,2,1,36,45,3
2068776,0,919,0,40,2,6,2,1,62,73,3
2107729,0,919,0,40,2,2,2,1,28,27,3
2100352,0,919,0,40,2,4,2,1,37,49,3
2110563,0,919,0,40,2,1,2,1,23,52,3
2111567,0,919,0,40,2,1,2,1,20,50,3
2072469,0,919,0,40,2,11,2,1,84,52,3
2109078,0,919,0,40,2,1,2,1,27,52,3
2109672,0,919,0,40,2,1,2,1,25,45,3
2104745,1,919,886,30.3693,2,3,2,1,29,18,3
2109634,0,919,0,40,2,1,2,1,24,54,3
2072499,0,919,0,40,2,11,2,1,80,33,3
2093896,0,919,0,40,2,6,2,1,33,78,3
2098584,0,919,0,40,3,4,2,1,30,20,3
2102303,0,919,0,40,2,4,2,1,34,40,3
2110799,0,919,0,40,2,1,2,1,22,57,3
2112501,0,919,0,40,3,1,2,1,21,20,3
2093480,0,919,0,40,3,3,2,1,47,30,3
2097671,0,919,0,40,2,3,2,1,44,31,3
2090384,0,919,0,40,3,4,2,1,49,33,3
2108245,0,919,0,40,3,1,2,1,30,44,3
2082167,0,919,0,40,2,9,2,1,54,48,3
2093733,0,919,0,40,3,5,2,1,32,78,3
2111568,0,919,0,40,3,1,2,1,24,43,3
2110847,0,919,0,40,3,1,2,1,23,33,3
2099295,0,919,0,40,2,4,2,1,33,44,3
2107435,0,919,0,40,2,3,2,1,24,22,3
2076685,0,919,0,40,3,10,2,1,64,63,3
2091417,0,919,0,40,2,4,2,1,44,31,3
2113864,0,919,0,40,3,1,2,1,20,67,3
2106663,0,919,0,40,2,3,2,1,25,79,3
2109331,0,919,0,40,2,2,2,1,22,26,3
2071150,0,919,0,40,3,2,2,1,40,56,3
2085474,0,919,0,40,2,6,2,1,57,94,3
2079890,0,919,0,40,3,7,2,1,63,15,3
2112598,0,919,0,40,3,1,2,1,22,56,3
2113066,0,919,0,40,3,1,2,1,22,70,3
2091052,0,919,0,40,3,4,2,1,47,44,3
2089283,0,919,0,40,2,5,2,1,48,38,3
2089266,0,919,0,40,2,4,2,1,44,40,3
2086382,0,919,0,40,2,7,2,1,53,76,3
2087535,0,919,0,40,2,7,2,1,48,24,3
2105824,0,919,0,40,2,3,2,1,27,31,3
2076476,0,919,0,40,2,11,2,1,57,36,3
2115154,0,919,0,40,3,1,2,1,19,42,3
2107683,0,919,0,40,2,1,2,1,33,41,3
2089107,0,919,0,40,3,6,2,1,49,33,3
2109857,0,919,0,40,2,1,2,1,29,34,3
2106402,0,919,0,40,3,2,2,1,31,48,3
2078186,0,919,0,40,3,9,2,1,66,33,3
2109842,0,919,0,40,3,1,2,1,24,41,3
2104233,0,919,0,40,3,4,2,1,28,14,3
2113558,0,919,0,40,3,1,2,1,23,24,3
2073020,0,919,0,40,3,8,2,1,59,75,3
2088762,0,919,0,40,3,5,2,1,50,40,3
2092401,0,919,0,40,3,4,2,1,40,28,3
2095613,0,919,0,40,3,5,2,1,32,54,3
2076632,0,919,0,40,2,12,2,1,63,56,3
2114353,0,919,0,40,3,1,2,1,21,19,3
2071231,0,919,0,40,2,9,2,1,58,38,3
2113771,0,919,0,40,3,1,2,1,20,67,3
2110432,0,919,0,40,3,2,2,1,20,92,3
2100651,0,919,0,40,2,3,2,1,39,80,3
2092946,0,919,0,40,3,4,2,1,52,92,3
2092957,0,919,0,40,3,4,2,1,46,40,3
2110149,0,919,0,40,2,1,2,1,30,24,3
2085161,0,919,0,40,2,5,2,1,55,31,3
2098764,0,919,0,40,2,4,2,1,37,115,3
2093905,0,919,0,40,2,4,2,1,41,40,3
2112123,0,919,0,40,3,1,2,1,23,34,3
2086232,0,919,0,40,3,5,2,1,52,14,3
2099747,0,919,0,40,3,5,2,1,36,29,3
2109490,0,919,0,40,2,3,2,1,25,39,3
2111888,0,919,0,40,2,2,2,1,24,18,3
2108291,0,919,0,40,3,2,2,1,28,61,3
2076345,0,919,0,40,2,12,2,1,68,40,3
2115764,0,919,0,40,2,1,2,1,19,33,3
2116092,0,919,0,40,3,1,2,1,19,37,3
2097029,0,919,0,40,3,4,2,1,47,49,3
2048627,0,919,0,40,2,17,2,1,107,24,3
2109099,0,919,0,40,3,1,2,1,29,47,3
2099910,0,919,0,40,3,3,2,1,41,29,3
2093862,1,919,902,5.49642,3,5,2,1,41,42,3
2089120,0,919,0,40,3,4,2,1,57,59,3
2068771,0,919,0,40,2,9,2,1,62,28,3
2110844,0,919,0,40,2,2,2,1,25,42,3
2079184,0,919,0,40,3,9,2,1,67,40,3
2114218,0,919,0,40,3,0,2,1,18,68,3
2115414,0,919,0,40,2,0,2,1,18,16,3
2115830,0,919,0,40,3,0,2,1,18,55,3
2116161,0,919,0,40,2,0,2,1,18,50,3
2116565,0,919,0,40,2,0,2,1,18,33,3
2117025,0,919,0,40,3,0,2,1,18,65,3
2117133,0,919,0,40,2,0,2,1,18,78,3
2117201,0,919,0,40,3,0,2,1,18,65,3
2117301,0,919,0,40,3,0,2,1,18,10,3
2117345,0,919,0,40,3,0,2,1,18,48,3
2117625,0,919,0,40,2,0,2,1,18,9,3
2117692,0,919,0,40,3,0,2,1,18,23,3
2117746,0,919,0,40,3,0,2,1,18,56,3
2117756,0,919,0,40,3,0,2,1,18,60,3
2117856,0,919,0,40,3,0,2,1,18,21,3
2117886,0,919,0,40,2,0,2,1,18,61,3
2117956,0,919,0,40,2,0,2,1,18,62,3
2118036,0,919,0,40,2,0,2,1,18,7,3
2118064,0,919,0,40,3,0,2,1,18,63,3
2118110,0,919,0,40,3,0,2,1,18,26,3
2118206,0,919,0,40,3,0,2,1,18,22,3
2118252,0,919,0,40,2,0,2,1,18,33,3
2109057,0,919,0,40,3,1,2,1,21,78,3
2063992,0,919,0,40,3,6,2,1,33,56,3
2097847,0,919,0,40,3,3,2,1,36,27,3
2070785,0,919,0,40,2,9,2,1,35,27,3
2073483,0,919,0,40,2,9,2,1,82,36,3
2069237,0,919,0,40,2,6,2,1,62,37,3
2106199,0,919,0,40,2,1,2,1,30,45,3
2102034,0,919,0,40,2,2,2,1,29,22,3
2103451,0,919,0,40,3,2,2,1,31,39,3
2083969,0,919,0,40,2,6,2,1,58,44,3
2106746,0,919,0,40,3,3,2,1,23,21,3
2108092,0,919,0,40,3,2,2,1,19,30,3
2099355,0,919,0,40,3,2,2,1,43,62,3
2097728,0,919,0,40,2,3,2,1,42,36,3
2069612,0,919,0,40,3,8,2,1,68,30,3
2091641,0,919,0,40,2,4,2,1,48,21,3
2098938,0,919,0,40,2,3,2,1,32,38,3
2095462,0,919,0,40,2,5,2,1,36,37,3
2073743,0,919,0,40,3,9,2,1,86,26,3
2082793,0,919,0,40,3,6,2,1,53,17,3
2071969,0,919,0,40,3,3,2,1,45,35,3
2109192,0,919,0,40,3,1,2,1,27,39,3
2043531,0,919,0,40,2,10,2,1,61,51,3
2099782,0,919,0,40,2,4,2,1,34,46,3
2106639,0,919,0,40,2,2,2,1,26,25,3
2101920,0,919,0,40,2,3,2,1,31,46,3
2092988,0,919,0,40,3,4,2,1,43,47,3
2067257,0,919,0,40,3,5,2,1,40,17,3
2113167,0,919,0,40,2,1,2,1,19,97,3
2099574,0,919,0,40,2,4,2,1,23,33,3
2073109,0,919,0,40,3,11,2,1,84,10,3
2100072,0,919,0,40,2,4,2,1,32,29,3
2040105,0,919,0,40,2,14,2,1,117,26,3
2104272,0,919,0,40,2,2,2,1,33,23,3
2081311,1,919,899,40,2,4,2,1,69,63,3
2079704,1,919,851,29.1296,3,7,2,1,62,14,3
2109914,0,919,0,40,3,1,2,1,24,37,3
2108903,0,919,0,40,3,2,2,1,25,24,3
2071972,0,919,0,40,3,3,2,1,56,15,3
2111003,0,919,0,40,3,1,2,1,22,75,3
2099715,0,919,0,40,3,3,2,1,34,41,3
2093772,0,919,0,40,2,3,2,1,51,47,3
2084855,0,919,0,40,2,6,2,1,57,14,3
2094062,0,919,0,40,2,5,2,1,48,30,3
2113372,0,919,0,40,2,1,2,1,21,25,3
2073523,0,919,0,40,3,12,2,1,79,38,3
2113299,0,919,0,40,2,1,2,1,20,44,3
2113782,0,919,0,40,3,1,2,1,20,31,3
2113421,0,919,0,40,2,1,2,1,19,54,3
2114528,0,919,0,40,2,1,2,1,18,59,3
2069008,0,919,0,40,2,5,2,1,86,49,3
2101868,0,919,0,40,3,1,2,1,43,56,3
2065933,0,919,0,40,2,8,2,1,94,38,3
2104502,0,919,0,40,2,3,2,1,33,45,3
2109150,0,919,0,40,2,1,2,1,29,16,3
2069929,0,919,0,40,2,6,2,1,76,82,3
2070327,0,919,0,40,2,7,2,1,72,47,3
2110792,0,919,0,40,2,1,2,1,26,31,3
2071938,0,919,0,40,2,4,2,1,47,60,3
2111453,0,919,0,40,3,1,2,1,24,39,3
2106148,0,919,0,40,2,2,2,1,31,36,3
2110080,0,919,0,40,3,2,2,1,25,27,3
2071906,0,919,0,40,2,8,2,1,62,31,3
2092443,0,919,0,40,3,6,2,1,42,68,3
2113913,0,919,0,40,3,1,2,1,20,63,3
2114633,0,919,0,40,3,1,2,1,20,30,3
2077115,0,919,0,40,2,8,2,1,64,23,3
2101786,0,919,0,40,2,4,2,1,34,12,3
2070851,0,919,0,40,3,10,2,1,61,35,3
2114839,0,919,0,40,3,1,2,1,18,45,3
2052158,0,919,0,40,2,11,2,1,99,53,3
2100560,0,919,0,40,2,2,2,1,38,57,3
2091225,0,919,0,40,3,5,2,1,56,41,3
2110280,0,919,0,40,2,1,2,1,28,63,3
2110442,0,919,0,40,3,1,2,1,28,62,3
2086813,0,919,0,40,3,5,2,1,57,37,3
2095204,0,919,0,40,2,7,2,1,42,68,3
2113846,0,919,0,40,2,1,2,1,22,25,3
2109883,0,919,0,40,3,2,2,1,25,36,3
2100100,0,919,0,40,2,4,2,1,39,17,3
2109310,0,919,0,40,2,2,2,1,23,39,3
2083936,0,919,0,40,2,8,2,1,53,46,3
2107452,0,919,0,40,3,3,2,1,23,66,3
2071759,0,919,0,40,2,10,2,1,80,44,3
2115832,0,919,0,40,3,1,2,1,18,41,3
2116440,0,919,0,40,3,1,2,1,18,67,3
2070419,0,919,0,40,2,6,2,1,64,16,3
2089317,0,919,0,40,2,4,2,1,52,51,3
2061855,0,919,0,40,2,10,2,1,92,39,3
2112158,0,919,0,40,2,1,2,1,26,59,3
2099047,0,919,0,40,2,3,2,1,44,37,3
2076856,0,919,0,40,3,10,2,1,72,17,3
2080803,0,919,0,40,3,7,2,1,67,34,3
2090259,0,919,0,40,3,5,2,1,58,29,3
2089792,0,919,0,40,2,6,2,1,40,18,3
2083295,0,919,0,40,3,8,2,1,62,36,3
2085499,0,919,0,40,3,7,2,1,55,54,3
2099558,0,919,0,40,2,3,2,1,35,36,3
2090262,0,919,0,40,3,7,2,1,49,24,3
2099000,1,919,902,36.4165,2,5,2,1,27,35,3
2074722,0,919,0,40,2,9,2,1,71,29,3
2112282,0,919,0,40,2,2,2,1,21,59,3
2077569,0,919,0,40,2,8,2,1,68,47,3
2116662,0,919,0,40,2,1,2,1,18,46,3
2091210,0,919,0,40,3,4,2,1,42,51,3
2095129,0,919,0,40,3,4,2,1,43,60,3
2105030,1,919,903,40,2,2,2,1,25,57,3
2101287,0,919,0,40,3,4,2,1,33,53,3
2083712,0,919,0,40,2,9,2,1,50,54,3
2107457,0,919,0,40,2,3,2,1,24,92,3
2091842,0,919,0,40,3,5,2,1,47,45,3
2101094,0,919,0,40,2,6,2,1,34,31,3
2099845,0,919,0,40,3,4,2,1,29,35,3
2116561,0,919,0,40,2,0,2,1,17,17,3
2116593,0,919,0,40,2,0,2,1,17,41,3
2117107,0,919,0,40,3,0,2,1,17,17,3
2117689,0,919,0,40,2,0,2,1,17,44,3
2117725,0,919,0,40,2,0,2,1,17,56,3
2117737,0,919,0,40,2,0,2,1,17,20,3
2117785,0,919,0,40,2,0,2,1,17,51,3
2118013,0,919,0,40,3,0,2,1,17,43,3
2118057,0,919,0,40,3,0,2,1,17,37,3
2118183,0,919,0,40,2,0,2,1,17,30,3
2118199,0,919,0,40,3,0,2,1,17,33,3
2118343,0,919,0,40,3,0,2,1,17,46,3
2118405,0,919,0,40,3,0,2,1,17,52,3
2118423,0,919,0,40,3,0,2,1,17,33,3
2118431,0,919,0,40,2,0,2,1,17,43,3
2118511,0,919,0,40,3,0,2,1,17,23,3
2118543,0,919,0,40,3,0,2,1,17,45,3
2118587,0,919,0,40,3,0,2,1,17,59,3
2118623,0,919,0,40,3,0,2,1,17,41,3
2118761,0,919,0,40,2,0,2,1,17,31,3
2118781,0,919,0,40,3,0,2,1,17,18,3
2118795,0,919,0,40,2,0,2,1,17,43,3
2118813,0,919,0,40,3,0,2,1,17,56,3
2118821,0,919,0,40,3,0,2,1,17,83,3
2100616,0,919,0,40,2,3,2,1,22,22,3
2102439,0,919,0,40,3,2,2,1,30,68,3
2103882,0,919,0,40,2,3,2,1,28,38,3
2107526,0,919,0,40,2,2,2,1,21,22,3
2098980,0,919,0,40,3,4,2,1,29,27,3
2103146,0,919,0,40,3,2,2,1,27,28,3
2089386,0,919,0,40,2,4,2,1,41,32,3
2111156,0,919,0,40,3,1,2,1,22,27,3
2110797,0,919,0,40,3,1,2,1,21,30,3
2112044,0,919,0,40,3,1,2,1,20,32,3
2070810,0,919,0,40,3,6,2,1,45,65,3
2113388,0,919,0,40,2,1,2,1,18,33,3
2102245,0,919,0,40,2,3,2,1,30,37,3
2102986,0,919,0,40,3,2,2,1,34,9,3
2104867,0,919,0,40,3,2,2,1,32,23,3
2095779,0,919,0,40,2,3,2,1,37,55,3
2105966,0,919,0,40,2,1,2,1,28,25,3
2053113,0,919,0,40,3,14,2,1,94,41,3
2110279,0,919,0,40,2,1,2,1,23,38,3
2096870,0,919,0,40,3,3,2,1,40,30,3
2096026,0,919,0,40,2,3,2,1,31,35,3
2110541,0,919,0,40,2,1,2,1,19,18,3
2096638,0,919,0,40,2,3,2,1,35,66,3
2113868,0,919,0,40,2,1,2,1,18,47,3
2114711,0,919,0,40,3,1,2,1,17,15,3
2105029,0,919,0,40,2,2,2,1,30,49,3
2102871,0,919,0,40,2,2,2,1,36,48,3
2106164,0,919,0,40,2,2,2,1,30,47,3
2110989,0,919,0,40,3,1,2,1,23,34,3
2076450,0,919,0,40,3,7,2,1,70,29,3
2104188,0,919,0,40,2,3,2,1,29,41,3
2105005,0,919,0,40,2,3,2,1,28,24,3
2103167,0,919,0,40,3,3,2,1,26,63,3
2093899,0,919,0,40,3,4,2,1,45,42,3
2070749,0,919,0,40,2,5,2,1,48,53,3
2080621,0,919,0,40,3,5,2,1,73,50,3
2075159,0,919,0,40,2,10,2,1,78,12,3
2090481,0,919,0,40,2,4,2,1,56,51,3
2088477,0,919,0,40,3,6,2,1,42,56,3
2087455,0,919,0,40,2,7,2,1,43,84,3
2101871,0,919,0,40,2,3,2,1,34,30,3
2086484,0,919,0,40,3,8,2,1,39,36,3
2114952,0,919,0,40,2,1,2,1,17,29,3
2087562,0,919,0,40,3,5,2,1,58,30,3
2075080,0,919,0,40,3,8,2,1,71,30,3
2105835,0,919,0,40,2,3,2,1,30,16,3
2071016,0,919,0,40,3,14,2,1,85,54,3
2105938,0,919,0,40,2,2,2,1,26,47,3
2099436,0,919,0,40,3,3,2,1,37,39,3
2094093,0,919,0,40,2,3,2,1,47,30,3
2048686,0,919,0,40,3,9,2,1,52,65,3
2102817,0,919,0,40,3,3,2,1,31,30,3
2099298,0,919,0,40,3,5,2,1,32,80,3
2072464,0,919,0,40,3,11,2,1,89,41,3
2079131,0,919,0,40,2,5,2,1,79,90,3
2111551,0,919,0,40,2,1,2,1,22,39,3
2097017,0,919,0,40,2,6,2,1,38,80,3
2094897,1,919,896,29.9026,2,4,2,1,43,52,3
2114149,0,919,0,40,3,1,2,1,19,49,3
2068876,0,919,0,40,2,3,2,1,30,54,3
2071427,0,919,0,40,2,7,2,1,52,69,3
2096412,0,919,0,40,3,5,2,1,31,33,3
2109371,0,919,0,40,2,2,2,1,22,51,3
2097686,0,919,0,40,2,4,2,1,36,40,3
2074015,0,919,0,40,2,5,2,1,97,48,3
2103426,0,919,0,40,3,2,2,1,37,54,3
2110918,0,919,0,40,3,1,2,1,26,28,3
2065675,0,919,0,40,3,10,2,1,85,23,3
2112418,0,919,0,40,3,1,2,1,24,90,3
2100547,0,919,0,40,2,4,2,1,32,67,3
2097425,0,919,0,40,2,4,2,1,38,31,3
2096547,0,919,0,40,3,4,2,1,38,29,3
2089701,0,919,0,40,2,8,2,1,41,49,3
2098142,0,919,0,40,2,3,2,1,38,33,3
2075435,0,919,0,40,3,8,2,1,81,30,3
2112816,0,919,0,40,2,1,2,1,21,20,3
2098274,0,919,0,40,3,4,2,1,34,39,3
2108857,0,919,0,40,2,2,2,1,25,37,3
2111875,0,919,0,40,2,1,2,1,19,76,3
2066986,0,919,0,40,3,10,2,1,66,42,3
2089649,0,919,0,40,3,6,2,1,38,35,3
2067686,0,919,0,40,2,6,2,1,82,56,3
2094859,0,919,0,40,3,4,2,1,41,71,3
2109866,0,919,0,40,3,2,2,1,19,35,3
2109423,0,919,0,40,3,2,2,1,24,24,3
2086507,0,919,0,40,2,6,2,1,47,42,3
2096280,0,919,0,40,2,2,2,1,52,29,3
2079819,0,919,0,40,2,8,2,1,69,53,3
2108536,0,919,0,40,3,1,2,1,30,40,3
2099610,0,919,0,40,2,2,2,1,42,37,3
2093486,0,919,0,40,2,4,2,1,40,65,3
2066489,0,919,0,40,2,4,2,1,54,34,3
2111289,0,919,0,40,2,1,2,1,25,61,3
2069461,0,919,0,40,3,4,2,1,54,56,3
2039468,0,919,0,40,3,16,2,1,81,13,3
2086534,0,919,0,40,2,6,2,1,51,36,3
2078429,0,919,0,40,3,10,2,1,63,24,3
2095121,0,919,0,40,3,4,2,1,37,51,3
2105844,0,919,0,40,2,2,2,1,31,26,3
2086548,0,919,0,40,2,5,2,1,57,54,3
2097335,0,919,0,40,3,2,2,1,48,72,3
2101574,0,919,0,40,2,4,2,1,33,19,3
2112404,0,919,0,40,2,2,2,1,23,40,3
2113513,0,919,0,40,3,1,2,1,19,23,3
2094243,0,919,0,40,2,4,2,1,37,65,3
2097010,0,919,0,40,3,3,2,1,46,21,3
2115688,0,919,0,40,3,1,2,1,18,72,3
2116306,0,919,0,40,3,1,2,1,18,32,3
2111861,0,919,0,40,3,2,2,1,19,35,3
2099794,0,919,0,40,2,2,2,1,41,85,3
2114965,0,919,0,40,3,1,2,1,17,31,3
2103888,0,919,0,40,3,3,2,1,31,26,3
2100317,0,919,0,40,3,3,2,1,37,44,3
2098817,0,919,0,40,2,5,2,1,32,61,3
2111983,0,919,0,40,3,1,2,1,24,54,3
2114178,0,919,0,40,2,1,2,1,23,58,3
2087447,0,919,0,40,2,5,2,1,55,38,3
2070925,0,919,0,40,2,7,2,1,67,41,3
2096903,0,919,0,40,3,5,2,1,44,63,3
2106545,0,919,0,40,3,4,2,1,29,28,3
2091137,0,919,0,40,3,5,2,1,33,63,3
2101011,0,919,0,40,2,5,2,1,28,31,3
2082974,0,919,0,40,3,7,2,1,66,39,3
2097454,0,919,0,40,3,3,2,1,42,43,3
2106295,0,919,0,40,3,3,2,1,23,14,3
2093773,0,919,0,40,3,6,2,1,35,59,3
2102170,0,919,0,40,2,3,2,1,36,65,3
2092016,0,919,0,40,2,6,2,1,42,16,3
2115703,0,919,0,40,2,2,2,1,18,42,3
2116551,0,919,0,40,2,1,2,1,17,61,3
2117432,0,919,0,40,3,1,2,1,17,48,3
2100282,0,919,0,40,3,1,2,1,47,35,3
2096254,0,919,0,40,2,6,2,1,43,63,3
2103053,0,919,0,40,2,3,2,1,32,46,3
2084387,0,919,0,40,3,7,2,1,50,27,3
2109132,0,919,0,40,3,2,2,1,23,54,3
2102783,0,919,0,40,3,4,2,1,33,34,3
2084550,0,919,0,40,2,7,2,1,57,33,3
2106530,0,919,0,40,2,3,2,1,29,51,3
2115910,0,919,0,40,2,1,2,1,18,29,3
2117059,0,919,0,40,2,1,2,1,18,56,3
2095027,0,919,0,40,3,4,2,1,47,56,3
2114001,0,919,0,40,2,2,2,1,18,41,3
2107366,0,919,0,40,3,3,2,1,26,42,3
2117938,0,919,0,40,3,1,2,1,17,60,3
2105473,0,919,0,40,2,1,2,1,40,35,3
2072948,0,919,0,40,3,7,2,1,67,34,3
2106858,0,919,0,40,3,2,2,1,36,28,3
2116057,0,919,0,40,2,0,2,1,16,47,3
2116925,0,919,0,40,3,0,2,1,16,43,3
2116989,0,919,0,40,2,0,2,1,16,37,3
2117199,0,919,0,40,3,0,2,1,16,13,3
2117303,0,919,0,40,3,0,2,1,16,28,3
2117399,0,919,0,40,3,0,2,1,16,46,3
2117591,0,919,0,40,2,0,2,1,16,45,3
2117695,0,919,0,40,2,0,2,1,16,40,3
2117799,0,919,0,40,3,0,2,1,16,78,3
2117983,0,919,0,40,3,0,2,1,16,24,3
2117999,0,919,0,40,3,0,2,1,16,25,3
2118093,0,919,0,40,3,0,2,1,16,44,3
2118165,0,919,0,40,2,0,2,1,16,86,3
2118270,0,919,0,40,2,0,2,1,16,29,3
2118314,0,919,0,40,2,0,2,1,16,60,3
2118342,0,919,0,40,2,0,2,1,16,42,3
2118362,0,919,0,40,3,0,2,1,16,11,3
2118430,0,919,0,40,2,0,2,1,16,50,3
2118478,0,919,0,40,3,0,2,1,16,51,3
2118510,0,919,0,40,2,0,2,1,16,58,3
2118586,0,919,0,40,3,0,2,1,16,20,3
2118630,0,919,0,40,2,0,2,1,16,61,3
2118650,0,919,0,40,3,0,2,1,16,64,3
2118678,0,919,0,40,3,0,2,1,16,29,3
2118722,0,919,0,40,3,0,2,1,16,21,3
2118782,0,919,0,40,3,0,2,1,16,80,3
2118839,0,919,0,40,3,0,2,1,16,44,3
2118859,0,919,0,40,2,0,2,1,16,40,3
2118871,0,919,0,40,2,0,2,1,16,53,3
2118875,0,919,0,40,2,0,2,1,16,60,3
2118891,0,919,0,40,3,0,2,1,16,36,3
2118937,0,919,0,40,3,0,2,1,16,33,3
2119001,0,919,0,40,2,0,2,1,16,44,3
2119051,0,919,0,40,3,0,2,1,16,46,3
2119091,0,919,0,40,2,0,2,1,16,61,3
2119123,0,919,0,40,3,0,2,1,16,36,3
2119145,0,919,0,40,3,0,2,1,16,31,3
2119183,0,919,0,40,3,0,2,1,16,45,3
2119185,0,919,0,40,2,0,2,1,16,28,3
2119223,0,919,0,40,2,0,2,1,16,73,3
2119241,0,919,0,40,2,0,2,1,16,35,3
2119253,0,919,0,40,3,0,2,1,16,43,3
2119295,0,919,0,40,2,0,2,1,16,46,3
2119315,0,919,0,40,3,0,2,1,16,34,3
2119369,0,919,0,40,3,0,2,1,16,32,3
2119373,0,919,0,40,2,0,2,1,16,90,3
2068342,0,919,0,40,2,1,2,1,18,94,3
2090487,0,919,0,40,2,3,2,1,41,52,3
2103845,0,919,0,40,2,2,2,1,26,39,3
2096204,0,919,0,40,2,3,2,1,29,28,3
2012309,0,919,0,40,3,15,2,1,123,68,3
2090256,0,919,0,40,2,6,2,1,40,41,3
2065730,0,919,0,40,3,9,2,1,91,123,3
2097149,0,919,0,40,2,5,2,1,32,54,3
2109043,0,919,0,40,3,1,2,1,17,77,3
2079815,0,919,0,40,2,9,2,1,48,62,3
2105190,0,919,0,40,3,2,2,1,22,40,3
2078775,0,919,0,40,3,7,2,1,69,46,3
2086683,0,919,0,40,3,4,2,1,57,62,3
2101773,0,919,0,40,3,2,2,1,29,103,3
2079686,0,919,0,40,3,5,2,1,74,82,3
2080809,0,919,0,40,2,8,2,1,55,51,3
2111929,0,919,0,40,3,1,2,1,19,40,3
2093315,0,919,0,40,2,4,2,1,35,43,3
2095438,0,919,0,40,3,6,2,1,32,31,3
2095104,0,919,0,40,3,5,2,1,37,29,3
2113205,0,919,0,40,2,1,2,1,16,55,3
2114569,0,919,0,40,2,1,2,1,16,40,3
2090171,0,919,0,40,2,4,2,1,52,51,3
2095583,0,919,0,40,3,4,2,1,38,15,3
2070905,0,919,0,40,2,5,2,1,36,96,3
2110328,0,919,0,40,2,1,2,1,24,40,3
2092370,0,919,0,40,3,4,2,1,40,34,3
2103316,0,919,0,40,2,2,2,1,31,34,3
2112726,0,919,0,40,2,1,2,1,19,19,3
2107800,0,919,0,40,2,2,2,1,24,86,3
2072302,0,919,0,40,2,8,2,1,69,75,3
2072455,0,919,0,40,2,7,2,1,40,51,3
2068602,0,919,0,40,2,10,2,1,52,58,3
2103420,0,919,0,40,3,2,2,1,32,9,3
2100754,0,919,0,40,2,2,2,1,34,34,3
2090352,0,919,0,40,2,5,2,1,49,48,3
2093762,0,919,0,40,3,2,2,1,53,25,3
2111178,0,919,0,40,2,1,2,1,24,13,3
2068245,0,919,0,40,3,5,2,1,38,53,3
2092784,0,919,0,40,3,4,2,1,45,20,3
2104026,0,919,0,40,2,2,2,1,33,60,3
2091004,1,919,900,23.9265,3,5,2,1,46,55,3
2098320,0,919,0,40,2,3,2,1,34,102,3
2095317,0,919,0,40,3,3,2,1,42,37,3
2106018,0,919,0,40,2,2,2,1,23,46,3
2107524,0,919,0,40,2,3,2,1,23,100,3
2111530,0,919,0,40,2,2,2,1,21,51,3
2082007,0,919,0,40,2,10,2,1,42,48,3
2098641,0,919,0,40,3,4,2,1,34,78,3
2079891,0,919,0,40,3,7,2,1,71,29,3
2114171,0,919,0,40,2,1,2,1,17,45,3
2114492,0,919,0,40,2,1,2,1,17,24,3
2114768,0,919,0,40,2,1,2,1,17,47,3
2072865,0,919,0,40,3,10,2,1,92,32,3
2070717,0,919,0,40,3,7,2,1,58,44,3
2092349,0,919,0,40,3,6,2,1,43,53,3
2102728,2,919,0,40,3,5,2,1,21,58,3
2115307,0,919,0,40,3,1,2,1,16,26,3
2115829,0,919,0,40,2,1,2,1,16,19,3
2083365,0,919,0,40,3,5,2,1,57,102,3
2088992,0,919,0,40,3,3,2,1,56,43,3
2104523,0,919,0,40,3,1,2,1,32,25,3
2071208,0,919,0,40,2,8,2,1,70,76,3
2062635,0,919,0,40,3,7,2,1,58,29,3
2110782,0,919,0,40,2,1,2,1,25,14,3
2092269,0,919,0,40,3,6,2,1,46,64,3
2071946,0,919,0,40,2,6,2,1,54,51,3
2095963,0,919,0,40,2,3,2,1,45,36,3
2093463,0,919,0,40,2,5,2,1,32,40,3
2102436,0,919,0,40,3,2,2,1,31,47,3
2102140,0,919,0,40,3,3,2,1,33,27,3
2113502,0,919,0,40,2,1,2,1,21,40,3
2081674,0,919,0,40,2,6,2,1,58,57,3
2083985,0,919,0,40,3,8,2,1,53,42,3
1963756,0,919,0,40,2,24,2,1,180,58,3
2109939,0,919,0,40,2,4,2,1,22,28,3
2102974,0,919,0,40,3,4,2,1,32,71,3
2114834,0,919,0,40,2,1,2,1,18,47,3
2105329,0,919,0,40,3,3,2,1,20,36,3
2100659,0,919,0,40,2,3,2,1,31,33,3
2105108,0,919,0,40,3,3,2,1,26,20,3
2089357,0,919,0,40,3,6,2,1,31,23,3
2114975,0,919,0,40,2,1,2,1,17,55,3
2071464,0,919,0,40,3,4,2,1,49,48,3
2100290,0,919,0,40,3,5,2,1,26,11,3
2094826,0,919,0,40,2,4,2,1,35,36,3
2088289,0,919,0,40,2,5,2,1,55,40,3
2115692,0,919,0,40,3,1,2,1,16,29,3
2116488,0,919,0,40,2,1,2,1,16,19,3
2068672,0,919,0,40,3,6,2,1,49,50,3
2087620,0,919,0,40,3,7,2,1,50,40,3
2090864,0,919,0,40,2,3,2,1,52,63,3
2084453,0,919,0,40,3,6,2,1,53,54,3
2110673,0,919,0,40,3,1,2,1,25,31,3
2106893,0,919,0,40,3,2,2,1,27,73,3
2087798,0,919,0,40,3,5,2,1,62,28,3
2087565,0,919,0,40,3,5,2,1,51,121,3
2076655,0,919,0,40,2,9,2,1,80,48,3
2100405,0,919,0,40,2,3,2,1,34,60,3
2108159,0,919,0,40,3,2,2,1,25,36,3
2113087,0,919,0,40,3,1,2,1,21,27,3
2113215,0,919,0,40,3,1,2,1,21,28,3
2113852,0,919,0,40,3,1,2,1,21,42,3
2114054,0,919,0,40,3,1,2,1,21,49,3
2101697,0,919,0,40,2,3,2,1,31,45,3
2104270,0,919,0,40,3,2,2,1,35,34,3
2113817,0,919,0,40,3,1,2,1,20,49,3
2089626,1,919,860,34.5111,2,7,2,1,42,26,3
2089380,0,919,0,40,2,5,2,1,54,16,3
2082123,0,919,0,40,2,7,2,1,59,43,3
2114914,0,919,0,40,2,1,2,1,19,40,3
2081969,0,919,0,40,3,7,2,1,63,52,3
2110112,0,919,0,40,2,3,2,1,21,27,3
2104657,0,919,0,40,2,4,2,1,27,34,3
2108216,0,919,0,40,3,3,2,1,21,45,3
2093411,0,919,0,40,2,5,2,1,39,42,3
2080719,0,919,0,40,2,10,2,1,57,31,3
2106793,0,919,0,40,3,4,2,1,21,53,3
2115724,0,919,0,40,2,1,2,1,17,69,3
2101164,0,919,0,40,3,2,2,1,34,10,3
2107182,0,919,0,40,2,3,2,1,23,56,3
2116007,0,919,0,40,3,1,2,1,16,14,3
2116283,0,919,0,40,3,1,2,1,16,48,3
2070687,0,919,0,40,2,9,2,1,97,26,3
2101810,0,919,0,40,2,3,2,1,34,55,3
2111449,0,919,0,40,2,1,2,1,25,54,3
2111937,0,919,0,40,2,1,2,1,24,22,3
2104450,0,919,0,40,3,3,2,1,30,67,3
2075385,0,919,0,40,3,8,2,1,82,38,3
2113682,0,919,0,40,3,1,2,1,22,40,3
2113824,0,919,0,40,3,1,2,1,22,49,3
2100839,0,919,0,40,2,3,2,1,33,33,3
2082147,0,919,0,40,2,6,2,1,69,56,3
2071050,0,919,0,40,3,6,2,1,68,21,3
2082387,0,919,0,40,3,7,2,1,65,33,3
2114505,0,919,0,40,3,1,2,1,21,30,3
2066813,0,919,0,40,2,9,2,1,75,56,3
2067868,0,919,0,40,3,7,2,1,42,56,3
2108517,0,919,0,40,2,2,2,1,27,21,3
2085449,0,919,0,40,2,11,2,1,44,43,3
2112628,0,919,0,40,2,1,2,1,20,23,3
2114340,0,919,0,40,2,1,2,1,20,34,3
2088119,0,919,0,40,3,7,2,1,41,57,3
2104786,1,919,893,27.3341,3,3,2,1,29,53,3
2076377,0,919,0,40,3,10,2,1,64,56,3
2094094,0,919,0,40,3,4,2,1,49,21,3
2084109,0,919,0,40,3,7,2,1,56,49,3
2111339,0,919,0,40,3,2,2,1,22,65,3
2079866,0,919,0,40,3,7,2,1,78,62,3
2075773,0,919,0,40,3,9,2,1,77,22,3
2077506,0,919,0,40,3,10,2,1,58,106,3
2079203,0,919,0,40,2,10,2,1,62,62,3
2088124,0,919,0,40,3,5,2,1,60,72,3
2096948,0,919,0,40,3,4,2,1,30,46,3
2104755,0,919,0,40,2,3,2,1,22,34,3
2101558,0,919,0,40,2,4,2,1,38,28,3
2103339,0,919,0,40,2,4,2,1,27,8,3
2048138,0,919,0,40,3,14,2,1,98,51,3
2096896,0,919,0,40,3,5,2,1,38,11,3
2108206,0,919,0,40,2,3,2,1,22,72,3
2090503,0,919,0,40,2,3,2,1,53,24,3
2068829,0,919,0,40,2,5,2,1,69,54,3
2109465,0,919,0,40,2,2,2,1,28,93,3
2083353,0,919,0,40,3,6,2,1,61,31,3
2079397,0,919,0,40,3,9,2,1,71,60,3
2094222,0,919,0,40,3,5,2,1,40,40,3
2113053,0,919,0,40,3,1,2,1,22,83,3
2091767,0,919,0,40,2,5,2,1,46,113,3
2099559,1,919,872,30.5868,2,4,2,1,33,96,3
2079477,0,919,0,40,3,10,2,1,69,47,3
2115072,0,919,0,40,3,1,2,1,21,18,3
2063515,0,919,0,40,3,12,2,1,85,11,3
2065161,0,919,0,40,3,11,2,1,72,92,3
2107531,0,919,0,40,2,2,2,1,30,47,3
2082860,0,919,0,40,2,6,2,1,62,27,3
2112157,0,919,0,40,2,2,2,1,22,41,3
2073207,0,919,0,40,3,15,2,1,60,39,3
2116550,0,919,0,40,2,1,2,1,18,71,3
2069637,0,919,0,40,3,12,2,1,66,95,3
2076403,0,919,0,40,3,10,2,1,56,31,3
2117258,0,919,0,40,3,1,2,1,17,70,3
2095687,0,919,0,40,2,3,2,1,39,18,3
2100686,0,919,0,40,3,4,2,1,31,41,3
2083821,0,919,0,40,2,7,2,1,58,26,3
2088801,0,919,0,40,3,9,2,1,37,20,3
2095168,0,919,0,40,3,6,2,1,43,28,3
2117101,0,919,0,40,2,1,2,1,16,103,3
2084872,0,919,0,40,3,6,2,1,59,26,3
2084174,0,919,0,40,3,6,2,1,60,41,3
2115482,0,919,0,40,3,1,2,1,19,59,3
2087405,0,919,0,40,3,6,2,1,50,39,3
2070283,0,919,0,40,2,10,2,1,50,84,3
2108960,0,919,0,40,3,3,2,1,27,49,3
2071595,0,919,0,40,2,8,2,1,52,25,3
2101282,0,919,0,40,3,4,2,1,35,56,3
2114653,0,919,0,40,3,2,2,1,21,48,3
2118589,0,919,0,40,3,1,2,1,16,30,3
2111833,0,919,0,40,3,2,2,1,23,41,3
2110768,0,919,0,40,3,2,2,1,25,31,3
2116569,0,919,0,40,3,0,2,1,15,47,3
2117691,0,919,0,40,3,0,2,1,15,67,3
2117771,0,919,0,40,3,0,2,1,15,39,3
2117835,0,919,0,40,3,0,2,1,15,39,3
2118105,0,919,0,40,3,0,2,1,15,21,3
2118185,0,919,0,40,3,0,2,1,15,31,3
2118201,0,919,0,40,2,0,2,1,15,46,3
2118392,0,919,0,40,3,0,2,1,15,55,3
2118408,0,919,0,40,2,0,2,1,15,43,3
2118668,0,919,0,40,3,0,2,1,15,26,3
2118986,0,919,0,40,2,0,2,1,15,22,3
2119018,0,919,0,40,3,0,2,1,15,54,3
2119030,0,919,0,40,2,0,2,1,15,31,3
2119090,0,919,0,40,2,0,2,1,15,45,3
2119118,0,919,0,40,3,0,2,1,15,25,3
2119134,0,919,0,40,3,0,2,1,15,18,3
2119170,0,919,0,40,2,0,2,1,15,9,3
2119234,0,919,0,40,3,0,2,1,15,46,3
2119242,0,919,0,40,2,0,2,1,15,21,3
2119318,0,919,0,40,2,0,2,1,15,54,3
2119401,0,919,0,40,2,0,2,1,15,33,3
2119429,0,919,0,40,2,0,2,1,15,11,3
2119447,0,919,0,40,2,0,2,1,15,57,3
2119461,0,919,0,40,2,0,2,1,15,6,3
2119465,0,919,0,40,2,0,2,1,15,91,3
2119529,0,919,0,40,3,0,2,1,15,53,3
2119567,0,919,0,40,2,0,2,1,15,40,3
2119659,0,919,0,40,3,0,2,1,15,33,3
2119663,0,919,0,40,3,0,2,1,15,46,3
2119701,0,919,0,40,3,0,2,1,15,31,3
2119747,0,919,0,40,2,0,2,1,15,63,3
2119755,0,919,0,40,3,0,2,1,15,36,3
2119757,0,919,0,40,3,0,2,1,15,33,3
2119761,0,919,0,40,2,0,2,1,15,74,3
2119779,0,919,0,40,3,0,2,1,15,64,3
2119805,0,919,0,40,2,0,2,1,15,25,3
2119821,0,919,0,40,3,0,2,1,15,61,3
2119841,0,919,0,40,2,0,2,1,15,44,3
2119879,0,919,0,40,2,0,2,1,15,81,3
2119911,0,919,0,40,2,0,2,1,15,32,3
2119915,0,919,0,40,3,0,2,1,15,28,3
2071695,0,919,0,40,2,8,2,1,80,43,3
2100462,0,919,0,40,2,2,2,1,29,31,3
2066044,0,919,0,40,2,6,2,1,60,25,3
2106881,0,919,0,40,2,2,2,1,23,66,3
2067611,0,919,0,40,2,7,2,1,43,57,3
2090198,0,919,0,40,3,4,2,1,51,24,3
2077695,0,919,0,40,2,7,2,1,76,31,3
2101100,0,919,0,40,3,2,2,1,28,24,3
2112505,0,919,0,40,3,1,2,1,17,42,3
2085255,0,919,0,40,2,6,2,1,54,54,3
2063370,0,919,0,40,3,15,2,1,98,28,3
2100982,0,919,0,40,3,4,2,1,19,90,3
2095840,0,919,0,40,2,4,2,1,38,35,3
2110257,0,919,0,40,3,1,2,1,20,55,3
2113551,0,919,0,40,3,1,2,1,16,41,3
2114703,0,919,0,40,2,1,2,1,15,49,3
2095294,0,919,0,40,3,4,2,1,42,45,3
2107039,0,919,0,40,2,1,2,1,29,29,3
2103340,0,919,0,40,2,3,2,1,33,111,3
2108997,0,919,0,40,2,2,2,1,23,61,3
2091472,0,919,0,40,3,5,2,1,37,27,3
2093848,0,919,0,40,3,5,2,1,38,16,3
2104772,0,919,0,40,2,3,2,1,23,36,3
2086546,0,919,0,40,2,2,2,1,71,103,3
2101198,0,919,0,40,3,3,2,1,28,33,3
2079428,0,919,0,40,2,7,2,1,68,49,3
2103190,0,919,0,40,3,2,2,1,33,36,3
2058760,0,919,0,40,3,4,2,1,67,71,3
2091982,0,919,0,40,2,4,2,1,40,35,3
2101311,0,919,0,40,2,3,2,1,31,55,3
2097274,0,919,0,40,3,4,2,1,33,31,3
2077347,0,919,0,40,2,7,2,1,74,27,3
2106212,0,919,0,40,2,2,2,1,24,34,3
2090657,0,919,0,40,3,5,2,1,47,62,3
2114667,0,919,0,40,3,1,2,1,17,69,3
2070570,0,919,0,40,3,8,2,1,77,52,3
2107873,0,919,0,40,2,3,2,1,21,48,3
2114392,0,919,0,40,3,1,2,1,16,24,3
2115222,0,919,0,40,3,1,2,1,16,33,3
2104995,0,919,0,40,2,3,2,1,21,66,3
2109390,0,919,0,40,2,2,2,1,20,18,3
2091023,1,919,900,35.7802,2,6,2,1,45,39,3
2100995,0,919,0,40,3,4,2,1,30,36,3
2115767,0,919,0,40,2,1,2,1,15,26,3
2108873,0,919,0,40,2,1,2,1,28,43,3
2074038,0,919,0,40,3,7,2,1,87,81,3
2084300,0,919,0,40,3,6,2,1,59,33,3
2091810,0,919,0,40,2,4,2,1,48,41,3
2090871,0,919,0,40,3,5,2,1,52,90,3
2101472,0,919,0,40,3,2,2,1,32,20,3
2085058,0,919,0,40,2,6,2,1,59,20,3
2113444,0,919,0,40,3,1,2,1,20,27,3
2109964,0,919,0,40,3,2,2,1,20,66,3
2099957,0,919,0,40,3,4,2,1,29,35,3
2071073,0,919,0,40,2,6,2,1,40,26,3
2092890,0,919,0,40,2,5,2,1,44,48,3
2113013,0,919,0,40,2,1,2,1,18,26,3
2114908,0,919,0,40,2,1,2,1,17,70,3
2093246,0,919,0,40,2,5,2,1,41,48,3
2075763,0,919,0,40,2,8,2,1,75,67,3
2095751,0,919,0,40,3,3,2,1,41,95,3
2108765,0,919,0,40,2,3,2,1,22,31,3
2097246,0,919,0,40,3,2,2,1,44,68,3
2105165,0,919,0,40,2,3,2,1,29,111,3
2112184,0,919,0,40,3,1,2,1,23,39,3
2091544,0,919,0,40,3,5,2,1,42,51,3
2098421,0,919,0,40,2,4,2,1,35,22,3
2074309,0,919,0,40,3,12,2,1,74,38,3
2110262,0,919,0,40,3,2,2,1,21,23,3
2108074,0,919,0,40,3,2,2,1,25,57,3
2069568,0,919,0,40,3,7,2,1,66,34,3
2088529,0,919,0,40,3,6,2,1,44,5,3
2100203,0,919,0,40,3,5,2,1,29,36,3
2113501,0,919,0,40,3,1,2,1,19,49,3
2095610,0,919,0,40,3,4,2,1,33,25,3
2093218,0,919,0,40,2,5,2,1,43,15,3
2078264,0,919,0,40,2,7,2,1,69,30,3
2075598,0,919,0,40,3,8,2,1,83,58,3
2076630,0,919,0,40,2,8,2,1,67,9,3
2066477,0,919,0,40,3,8,2,1,54,42,3
2072001,0,919,0,40,2,3,2,1,27,42,3
2071317,0,919,0,40,3,4,2,1,40,18,3
2088031,0,919,0,40,3,5,2,1,56,53,3
2110502,0,919,0,40,3,3,2,1,21,27,3
2112539,0,919,0,40,2,2,2,1,21,7,3
2114642,0,919,0,40,2,1,2,1,16,21,3
2088873,0,919,0,40,3,6,2,1,45,16,3
2080253,0,919,0,40,3,8,2,1,55,29,3
2074509,0,919,0,40,2,12,2,1,60,52,3
2071889,0,919,0,40,3,12,2,1,84,14,3
2104902,0,919,0,40,2,3,2,1,21,55,3
2116878,0,919,0,40,2,1,2,1,15,20,3
2087276,0,919,0,40,2,4,2,1,61,38,3
2081649,0,919,0,40,2,7,2,1,53,42,3
2080338,0,919,0,40,2,7,2,1,49,73,3
2111713,0,919,0,40,2,1,2,1,24,41,3
2088828,0,919,0,40,2,5,2,1,50,86,3
2111981,0,919,0,40,3,1,2,1,23,38,3
2106277,0,919,0,40,3,3,2,1,27,28,3
2070304,0,919,0,40,3,10,2,1,53,49,3
2110001,0,919,0,40,3,2,2,1,26,39,3
2081092,0,919,0,40,3,6,2,1,66,51,3
2106942,0,919,0,40,2,2,2,1,26,58,3
2093359,0,919,0,40,2,5,2,1,37,34,3
2068905,0,919,0,40,3,5,2,1,47,32,3
2094767,0,919,0,40,3,4,2,1,39,78,3
2103391,0,919,0,40,3,4,2,1,25,29,3
2081874,1,919,893,24.3607,3,9,2,1,45,38,3
2087505,0,919,0,40,3,7,2,1,47,29,3
2092200,0,919,0,40,3,3,2,1,52,60,3
2107398,0,919,0,40,2,2,2,1,22,36,3
2106219,0,919,0,40,2,3,2,1,26,36,3
2116046,0,919,0,40,2,1,2,1,17,71,3
2109570,0,919,0,40,3,2,2,1,18,31,3
2099225,0,919,0,40,2,4,2,1,25,56,3
2112173,0,919,0,40,2,2,2,1,17,48,3
2110364,0,919,0,40,2,3,2,1,23,62,3
2103639,0,919,0,40,2,3,2,1,28,106,3
2111956,0,919,0,40,2,2,2,1,22,78,3
2115906,0,919,0,40,3,1,2,1,16,33,3
2116822,0,919,0,40,3,1,2,1,16,40,3
2091726,0,919,0,40,2,5,2,1,44,53,3
2106767,0,919,0,40,2,3,2,1,26,69,3
2114372,0,919,0,40,2,2,2,1,17,55,3
2117460,0,919,0,40,3,1,2,1,15,114,3
2087503,0,919,0,40,3,3,2,1,67,49,3
2099546,0,919,0,40,3,2,2,1,41,59,3
2105746,0,919,0,40,2,1,2,1,36,56,3
2070979,0,919,0,40,2,10,2,1,70,37,3
2068131,0,919,0,40,2,5,2,1,55,51,3
2090485,0,919,0,40,2,6,2,1,49,24,3
2067302,0,919,0,40,2,13,2,1,88,49,3
2085339,0,919,0,40,3,4,2,1,60,36,3
2111529,0,919,0,40,3,1,2,1,25,21,3
2093636,0,919,0,40,3,5,2,1,38,42,3
2075202,0,919,0,40,2,11,2,1,79,39,3
2111566,0,919,0,40,3,2,2,1,25,28,3
2099500,0,919,0,40,2,3,2,1,33,19,3
2096160,0,919,0,40,3,4,2,1,45,61,3
2071371,0,919,0,40,2,7,2,1,50,38,3
2113909,0,919,0,40,3,1,2,1,21,44,3
2114693,0,919,0,40,2,1,2,1,21,56,3
2078160,0,919,0,40,3,10,2,1,57,20,3
2082901,1,919,896,22.219,3,5,2,1,64,46,3
2101882,0,919,0,40,2,4,2,1,28,82,3
2115791,0,919,0,40,2,1,2,1,19,70,3
2104627,0,919,0,40,3,3,2,1,26,37,3
2066206,0,919,0,40,2,3,2,1,36,34,3
2078133,0,919,0,40,3,10,2,1,64,19,3
2088221,0,919,0,40,2,6,2,1,47,30,3
2073340,0,919,0,40,2,5,2,1,56,58,3
2083483,0,919,0,40,2,6,2,1,64,38,3
2109444,0,919,0,40,3,3,2,1,20,36,3
2084520,0,919,0,40,3,8,2,1,59,86,3
2116818,0,919,0,40,2,1,2,1,17,35,3
2112927,0,919,0,40,3,2,2,1,20,36,3
2115819,0,919,0,40,2,2,2,1,17,40,3
2070637,0,919,0,40,2,5,2,1,55,48,3
2077028,0,919,0,40,2,10,2,1,73,46,3
2108860,0,919,0,40,2,3,2,1,23,45,3
2112453,0,919,0,40,3,2,2,1,20,28,3
2108979,0,919,0,40,2,3,2,1,21,43,3
2099810,0,919,0,40,2,3,2,1,36,17,3
2087507,0,919,0,40,2,7,2,1,48,58,3
2116074,0,919,0,40,3,2,2,1,17,111,3
2059756,0,919,0,40,2,5,2,1,54,132,3
2080446,0,919,0,40,2,8,2,1,62,50,3
2102554,0,919,0,40,2,2,2,1,36,31,3
2114129,0,919,0,40,3,1,2,1,22,50,3
2114407,0,919,0,40,2,1,2,1,22,140,3
2115134,0,919,0,40,3,1,2,1,21,73,3
2075149,0,919,0,40,2,11,2,1,81,41,3
2073230,0,919,0,40,3,13,2,1,69,38,3
2114646,0,919,0,40,2,1,2,1,20,19,3
2115023,0,919,0,40,3,1,2,1,20,30,3
2104878,0,919,0,40,3,2,2,1,32,67,3
2115888,0,919,0,40,3,1,2,1,19,47,3
2116492,0,919,0,40,2,1,2,1,19,54,3
2095384,0,919,0,40,3,5,2,1,46,83,3
2096572,0,919,0,40,2,4,2,1,42,47,3
2116884,0,919,0,40,2,1,2,1,18,55,3
2093148,0,919,0,40,2,5,2,1,41,45,3
2082594,0,919,0,40,2,7,2,1,56,33,3
2063523,0,919,0,40,3,10,2,1,87,26,3
2117436,0,919,0,40,3,1,2,1,17,35,3
2117504,0,919,0,40,2,1,2,1,17,54,3
2067828,0,919,0,40,2,7,2,1,57,31,3
2079038,0,919,0,40,3,10,2,1,63,78,3
2074281,0,919,0,40,3,11,2,1,79,88,3
2117009,0,919,0,40,2,1,2,1,16,27,3
2117649,0,919,0,40,2,1,2,1,16,60,3
2108270,0,919,0,40,3,3,2,1,22,33,3
2114338,0,919,0,40,2,2,2,1,16,25,3
2107425,0,919,0,40,2,3,2,1,28,19,3
2101013,0,919,0,40,3,5,2,1,25,29,3
2101633,0,919,0,40,2,5,2,1,32,43,3
2075362,0,919,0,40,2,11,2,1,69,43,3
2093638,0,919,0,40,3,6,2,1,51,55,3
2118180,0,919,0,40,3,2,2,1,16,31,3
2118505,0,919,0,40,3,1,2,1,15,35,3
2072077,0,919,0,40,2,3,2,1,41,47,3
2077089,0,919,0,40,3,9,2,1,75,99,3
2093207,0,919,0,40,3,5,2,1,49,12,3
2111971,0,919,0,40,2,1,2,1,20,48,3
2095616,0,919,0,40,2,4,2,1,36,72,3
2000160,0,919,0,40,3,18,2,1,124,27,3
2118032,0,919,0,40,3,1,2,1,17,45,3
2114189,0,919,0,40,2,2,2,1,19,64,3
2117547,0,919,0,40,3,1,2,1,16,60,3
2071809,0,919,0,40,2,10,2,1,95,46,3
2108673,0,919,0,40,2,3,2,1,24,39,3
2091854,0,919,0,40,3,7,2,1,43,21,3
2099118,0,919,0,40,3,4,2,1,34,32,3
2119037,0,919,0,40,2,1,2,1,15,23,3
2073842,0,919,0,40,2,11,2,1,76,17,3
2104949,0,919,0,40,3,3,2,1,31,18,3
2094999,0,919,0,40,2,5,2,1,42,34,3
2114320,0,919,0,40,3,2,2,1,18,65,3
2083514,1,919,886,35.2252,2,8,2,1,57,49,3
2117471,0,919,0,40,2,0,2,1,14,52,3
2118388,0,919,0,40,3,0,2,1,14,23,3
2118608,0,919,0,40,3,0,2,1,14,35,3
2118868,0,919,0,40,3,0,2,1,14,72,3
2118916,0,919,0,40,3,0,2,1,14,28,3
2119028,0,919,0,40,2,0,2,1,14,43,3
2119196,0,919,0,40,3,0,2,1,14,22,3
2119244,0,919,0,40,2,0,2,1,14,45,3
2119420,0,919,0,40,3,0,2,1,14,93,3
2119520,0,919,0,40,3,0,2,1,14,79,3
2119644,0,919,0,40,2,0,2,1,14,63,3
2119648,0,919,0,40,2,0,2,1,14,62,3
2119708,0,919,0,40,3,0,2,1,14,14,3
2119724,0,919,0,40,3,0,2,1,14,39,3
2119852,0,919,0,40,3,0,2,1,14,13,3
2119860,0,919,0,40,3,0,2,1,14,69,3
2119948,0,919,0,40,2,0,2,1,14,48,3
2119962,0,919,0,40,2,0,2,1,14,40,3
2119982,0,919,0,40,3,0,2,1,14,49,3
2119996,0,919,0,40,2,0,2,1,14,32,3
2120004,0,919,0,40,3,0,2,1,14,16,3
2120066,0,919,0,40,2,0,2,1,14,44,3
2120094,0,919,0,40,3,0,2,1,14,29,3
2120152,0,919,0,40,2,0,2,1,14,28,3
2120164,0,919,0,40,2,0,2,1,14,38,3
2120166,0,919,0,40,2,0,2,1,14,90,3
2120216,0,919,0,40,2,0,2,1,14,69,3
2120242,0,919,0,40,2,0,2,1,14,33,3
2120250,0,919,0,40,3,0,2,1,14,29,3
2120252,0,919,0,40,2,0,2,1,14,18,3
2120262,0,919,0,40,3,0,2,1,14,33,3
2120284,0,919,0,40,3,0,2,1,14,51,3
2120322,0,919,0,40,3,0,2,1,14,29,3
2120356,0,919,0,40,3,0,2,1,14,57,3
2120390,0,919,0,40,2,0,2,1,14,88,3
2120404,0,919,0,40,2,0,2,1,14,50,3
2120412,0,919,0,40,3,0,2,1,14,34,3
2120438,0,919,0,40,3,0,2,1,14,31,3
2120466,0,919,0,40,3,0,2,1,14,43,3
2120492,0,919,0,40,3,0,2,1,14,28,3
2120496,0,919,0,40,2,0,2,1,14,49,3
2081849,0,919,0,40,2,5,2,1,52,41,3
2089941,0,919,0,40,2,4,2,1,45,29,3
2109158,0,919,0,40,2,2,2,1,17,39,3
2109237,0,919,0,40,3,1,2,1,21,47,3
2088242,0,919,0,40,3,6,2,1,45,48,3
2089915,0,919,0,40,3,5,2,1,46,99,3
2107643,0,919,0,40,3,1,2,1,26,61,3
2068588,0,919,0,40,2,7,2,1,58,15,3
2069216,0,919,0,40,2,7,2,1,47,35,3
2096691,0,919,0,40,3,4,2,1,36,31,3
2102737,0,919,0,40,2,3,2,1,27,31,3
2111046,0,919,0,40,3,3,2,1,18,38,3
2085785,0,919,0,40,2,4,2,1,47,43,3
2082219,0,919,0,40,2,6,2,1,52,29,3
2113790,0,919,0,40,3,1,2,1,16,43,3
2114229,0,919,0,40,2,1,2,1,15,45,3
2087166,0,919,0,40,2,5,2,1,47,58,3
2091048,0,919,0,40,2,3,2,1,49,26,3
2103832,0,919,0,40,2,2,2,1,31,50,3
2098898,0,919,0,40,2,4,2,1,35,54,3
2112152,0,919,0,40,3,1,2,1,20,28,3
2068178,0,919,0,40,2,8,2,1,59,83,3
2112518,0,919,0,40,2,1,2,1,18,54,3
2098286,0,919,0,40,2,3,2,1,25,87,3
2100274,0,919,0,40,2,4,2,1,25,73,3
2098380,0,919,0,40,2,4,2,1,22,47,3
2097169,0,919,0,40,3,4,2,1,33,31,3
2106590,0,919,0,40,2,3,2,1,19,51,3
2079112,0,919,0,40,2,9,2,1,57,51,3
2113281,0,919,0,40,3,1,2,1,15,62,3
2098703,0,919,0,40,3,4,2,1,31,25,3
2107262,0,919,0,40,3,2,2,1,21,56,3
2107534,0,919,0,40,2,2,2,1,20,47,3
2098373,0,919,0,40,2,3,2,1,41,35,3
2114558,0,919,0,40,2,1,2,1,14,57,3
2115155,0,919,0,40,3,1,2,1,14,26,3
2115493,0,919,0,40,2,1,2,1,14,47,3
2105044,0,919,0,40,2,1,2,1,33,35,3
2099019,0,919,0,40,3,3,2,1,35,27,3
2088134,0,919,0,40,2,4,2,1,49,27,3
2100745,0,919,0,40,2,3,2,1,30,30,3
2083208,0,919,0,40,2,6,2,1,65,25,3
2106042,0,919,0,40,3,2,2,1,27,26,3
2098321,0,919,0,40,3,3,2,1,37,62,3
2110617,0,919,0,40,3,1,2,1,22,17,3
2108364,0,919,0,40,3,2,2,1,23,32,3
2072866,0,919,0,40,3,7,2,1,46,56,3
2067137,0,919,0,40,3,7,2,1,59,65,3
2112897,0,919,0,40,2,1,2,1,20,27,3
2097620,0,919,0,40,2,4,2,1,35,40,3
2113520,0,919,0,40,3,1,2,1,19,19,3
2110531,0,919,0,40,2,2,2,1,19,36,3
2105082,0,919,0,40,2,3,2,1,27,43,3
2095755,0,919,0,40,2,6,2,1,26,27,3
2109973,1,919,893,37.568,2,2,2,1,20,55,3
2115176,0,919,0,40,3,1,2,1,16,65,3
2098435,0,919,0,40,3,3,2,1,34,33,3
2077890,0,919,0,40,3,7,2,1,48,14,3
2073569,0,919,0,40,2,11,2,1,74,40,3
2100915,0,919,0,40,3,5,2,1,31,48,3
2116524,0,919,0,40,3,1,2,1,14,30,3
2097508,0,919,0,40,3,2,2,1,47,23,3
2104407,0,919,0,40,3,1,2,1,34,90,3
2098113,0,919,0,40,2,3,2,1,39,13,3
2086116,0,919,0,40,3,5,2,1,55,23,3
2077965,0,919,0,40,2,8,2,1,70,59,3
2088377,0,919,0,40,3,6,2,1,57,70,3
2099788,0,919,0,40,3,4,2,1,30,49,3
2092562,0,919,0,40,3,5,2,1,38,67,3
2070202,0,919,0,40,3,9,2,1,50,51,3
2107465,0,919,0,40,3,2,2,1,21,36,3
2096217,0,919,0,40,2,3,2,1,47,36,3
2106168,0,919,0,40,3,2,2,1,29,31,3
2091749,0,919,0,40,2,5,2,1,49,20,3
2103362,0,919,0,40,3,2,2,1,33,45,3
2111022,0,919,0,40,2,2,2,1,19,42,3
2100190,0,919,0,40,2,3,2,1,28,62,3
2095046,1,919,895,28.1013,3,5,2,1,41,32,3
2115092,0,919,0,40,3,1,2,1,17,44,3
2104091,0,919,0,40,2,2,2,1,27,67,3
2100425,0,919,0,40,2,6,2,1,28,34,3
2110429,0,919,0,40,3,2,2,1,19,33,3
2072212,0,919,0,40,3,13,2,1,86,45,3
2100582,0,919,0,40,3,4,2,1,26,47,3
2109055,0,919,0,40,2,2,2,1,17,26,3
2066319,0,919,0,40,3,7,2,1,56,29,3
2112549,0,919,0,40,3,2,2,1,18,10,3
2068554,0,919,0,40,2,5,2,1,43,11,3
2110396,0,919,0,40,3,2,2,1,16,73,3
2111809,0,919,0,40,3,2,2,1,16,15,3
2078003,0,919,0,40,2,6,2,1,74,20,3
2113521,0,919,0,40,2,2,2,1,15,36,3
2116910,0,919,0,40,3,1,2,1,14,10,3
2107006,0,919,0,40,2,1,2,1,30,48,3
2072717,0,919,0,40,2,6,2,1,46,60,3
2080194,0,919,0,40,3,8,2,1,50,53,3
2090040,0,919,0,40,2,6,2,1,49,87,3
2111541,0,919,0,40,2,1,2,1,23,79,3
2093421,0,919,0,40,2,5,2,1,44,38,3
2094233,0,919,0,40,2,5,2,1,42,25,3
2112721,1,919,903,40,2,1,2,1,22,33,3
2100808,0,919,0,40,2,3,2,1,31,66,3
2084162,0,919,0,40,2,6,2,1,56,11,3
2090328,0,919,0,40,3,6,2,1,46,21,3
2068684,0,919,0,40,2,13,2,1,70,59,3
2104094,0,919,0,40,2,4,2,1,26,63,3
2094192,0,919,0,40,2,5,2,1,41,73,3
2093561,0,919,0,40,2,7,2,1,36,42,3
2109898,0,919,0,40,3,2,2,1,21,49,3
2114303,1,919,903,24.9274,3,1,2,1,19,60,3
2102769,0,919,0,40,2,4,2,1,22,48,3
2111218,0,919,0,40,2,2,2,1,19,58,3
2110791,0,919,0,40,2,2,2,1,20,35,3
2072394,0,919,0,40,2,4,2,1,54,60,3
2114836,0,919,0,40,3,1,2,1,18,53,3
2108655,0,919,0,40,2,2,2,1,19,25,3
2108557,0,919,0,40,2,2,2,1,24,19,3
2101507,0,919,0,40,3,4,2,1,26,20,3
2095005,0,919,0,40,3,5,2,1,47,34,3
2107958,0,919,0,40,3,2,2,1,23,18,3
2067780,0,919,0,40,3,7,2,1,39,37,3
2102618,0,919,0,40,3,4,2,1,28,39,3
2103946,0,919,0,40,3,6,2,1,25,17,3
2098183,0,919,0,40,2,4,2,1,30,78,3
2083249,0,919,0,40,3,9,2,1,47,32,3
2099555,0,919,0,40,2,6,2,1,31,88,3
2093023,0,919,0,40,3,6,2,1,33,71,3
2082038,0,919,0,40,2,6,2,1,57,53,3
2075717,0,919,0,40,3,8,2,1,67,65,3
2076351,0,919,0,40,3,10,2,1,60,55,3
2081135,0,919,0,40,2,7,2,1,51,68,3
2088306,0,919,0,40,3,3,2,1,57,5,3
2090639,0,919,0,40,3,4,2,1,46,19,3
2088234,0,919,0,40,2,6,2,1,52,45,3
2069027,0,919,0,40,3,7,2,1,54,26,3
2070456,0,919,0,40,2,4,2,1,47,23,3
2098942,1,919,891,40,2,4,2,1,33,32,3
2110900,0,919,0,40,2,1,2,1,26,64,3
2079188,0,919,0,40,2,8,2,1,62,73,3
2109462,0,919,0,40,3,2,2,1,25,53,3
2083923,0,919,0,40,2,6,2,1,49,27,3
2095182,0,919,0,40,3,4,2,1,33,49,3
2093189,0,919,0,40,2,4,2,1,47,39,3
2083796,0,919,0,40,3,6,2,1,58,43,3
2083356,0,919,0,40,2,7,2,1,58,28,3
2097581,0,919,0,40,3,5,2,1,33,29,3
2114028,0,919,0,40,3,1,2,1,21,42,3
2070348,0,919,0,40,2,4,2,1,34,49,3
2083739,0,919,0,40,2,6,2,1,60,48,3
2114503,0,919,0,40,2,1,2,1,20,57,3
2111550,0,919,0,40,2,2,2,1,20,39,3
2105935,0,919,0,40,2,3,2,1,22,29,3
2079417,0,919,0,40,3,8,2,1,73,34,3
2094393,0,919,0,40,2,5,2,1,38,24,3
2115421,0,919,0,40,2,1,2,1,18,49,3
2093904,0,919,0,40,2,3,2,1,50,33,3
2070598,0,919,0,40,3,9,2,1,83,36,3
2107323,0,919,0,40,2,3,2,1,28,60,3
2103990,0,919,0,40,3,4,2,1,28,30,3
2113626,0,919,0,40,2,2,2,1,18,90,3
2104719,0,919,0,40,2,4,2,1,29,11,3
2115992,0,919,0,40,3,1,2,1,17,37,3
2104191,0,919,0,40,3,3,2,1,22,19,3
2091860,0,919,0,40,2,5,2,1,47,83,3
2104400,0,919,0,40,2,3,2,1,29,45,3
2111095,0,919,0,40,3,2,2,1,22,38,3
2115530,0,919,0,40,3,1,2,1,16,32,3
2112189,0,919,0,40,2,2,2,1,17,25,3
2107948,0,919,0,40,3,3,2,1,22,55,3
2116931,0,919,0,40,3,1,2,1,15,50,3
2117015,0,919,0,40,3,1,2,1,15,39,3
2097806,0,919,0,40,3,3,2,1,29,46,3
2106436,0,919,0,40,2,3,2,1,24,31,3
2104124,0,919,0,40,3,4,2,1,24,43,3
2109380,0,919,0,40,2,3,2,1,21,65,3
2095858,0,919,0,40,2,4,2,1,36,38,3
2112410,0,919,0,40,2,3,2,1,17,87,3
2107879,0,919,0,40,3,5,2,1,24,28,3
2074091,0,919,0,40,2,7,2,1,91,46,3
2094517,0,919,0,40,2,5,2,1,42,23,3
2085533,0,919,0,40,3,7,2,1,57,25,3
2079850,0,919,0,40,3,7,2,1,67,50,3
2086850,0,919,0,40,3,5,2,1,48,65,3
2073073,0,919,0,40,3,12,2,1,80,34,3
2112989,0,919,0,40,2,1,2,1,24,51,3
2108257,0,919,0,40,3,2,2,1,29,41,3
2111860,0,919,0,40,3,2,2,1,23,49,3
2113814,0,919,0,40,3,1,2,1,22,14,3
1995616,0,919,0,40,2,29,2,1,175,43,3
2081848,0,919,0,40,3,8,2,1,59,61,3
2106244,0,919,0,40,3,3,2,1,27,55,3
2113270,0,919,0,40,2,2,2,1,21,30,3
2101522,0,919,0,40,2,4,2,1,26,31,3
2111743,0,919,0,40,2,2,2,1,21,32,3
2114254,0,919,0,40,2,1,2,1,19,38,3
2115879,0,919,0,40,3,1,2,1,19,44,3
2051712,0,919,0,40,2,9,2,1,65,65,3
2070251,0,919,0,40,3,9,2,1,73,53,3
2109537,0,919,0,40,2,2,2,1,25,66,3
2078356,0,919,0,40,3,10,2,1,73,47,3
2093930,0,919,0,40,2,6,2,1,46,18,3
2116328,0,919,0,40,2,1,2,1,18,53,3
2087669,0,919,0,40,2,7,2,1,42,14,3
2112040,0,919,0,40,2,2,2,1,19,50,3
1993387,0,919,0,40,2,20,2,1,145,81,3
2069970,0,919,0,40,2,12,2,1,59,46,3
2100675,0,919,0,40,2,3,2,1,40,28,3
2066154,0,919,0,40,3,13,2,1,70,40,3
2090844,0,919,0,40,3,4,2,1,49,55,3
2102616,0,919,0,40,3,2,2,1,28,56,3
2089083,0,919,0,40,2,6,2,1,47,49,3
2081762,0,919,0,40,2,7,2,1,66,19,3
2085853,0,919,0,40,3,7,2,1,39,42,3
2080444,0,919,0,40,2,8,2,1,52,13,3
2107376,0,919,0,40,3,3,2,1,20,31,3
2104575,0,919,0,40,3,3,2,1,26,53,3
2111316,0,919,0,40,3,3,2,1,20,20,3
2116024,0,919,0,40,2,2,2,1,16,61,3
2101401,0,919,0,40,2,6,2,1,24,24,3
2117121,0,919,0,40,2,1,2,1,15,52,3
2096690,0,919,0,40,2,4,2,1,31,62,3
2101278,0,919,0,40,3,5,2,1,22,51,3
2115018,0,919,0,40,2,2,2,1,15,86,3
2109021,0,919,0,40,3,3,2,1,24,29,3
2079645,0,919,0,40,3,10,2,1,64,43,3
2106993,0,919,0,40,3,5,2,1,26,47,3
2118025,0,919,0,40,2,1,2,1,14,49,3
2118823,0,919,0,40,2,1,2,1,14,56,3
2088188,1,919,906,34.7276,2,6,2,1,55,30,3
2092257,0,919,0,40,3,6,2,1,46,24,3
2111926,0,919,0,40,2,1,2,1,26,36,3
2112098,0,919,0,40,2,1,2,1,26,107,3
2066980,0,919,0,40,3,8,2,1,57,39,3
2078052,0,919,0,40,2,9,2,1,62,11,3
2112899,0,919,0,40,2,1,2,1,25,54,3
2096176,0,919,0,40,3,4,2,1,43,22,3
2107186,0,919,0,40,3,2,2,1,25,41,3
2107781,0,919,0,40,3,4,2,1,29,55,3
2114573,0,919,0,40,3,1,2,1,22,16,3
2102956,0,919,0,40,2,2,2,1,33,41,3
2091024,0,919,0,40,2,6,2,1,36,64,3
2093649,0,919,0,40,3,4,2,1,45,43,3
2089280,0,919,0,40,2,5,2,1,56,37,3
2116522,0,919,0,40,2,1,2,1,19,30,3
2090918,0,919,0,40,3,4,2,1,52,41,3
2109252,0,919,0,40,3,2,2,1,27,121,3
2066858,0,919,0,40,3,4,2,1,46,25,3
2071381,0,919,0,40,2,9,2,1,59,82,3
2115141,0,919,0,40,3,1,2,1,18,67,3
2116483,0,919,0,40,2,1,2,1,18,42,3
2099398,0,919,0,40,3,4,2,1,29,55,3
2086007,0,919,0,40,3,5,2,1,57,27,3
2056728,0,919,0,40,2,13,2,1,74,90,3
2112361,0,919,0,40,3,2,2,1,20,61,3
2067521,0,919,0,40,3,6,2,1,71,29,3
2099246,0,919,0,40,3,4,2,1,39,38,3
2077777,0,919,0,40,2,6,2,1,68,61,3
2103001,0,919,0,40,3,4,2,1,33,59,3
2093204,0,919,0,40,2,6,2,1,39,14,3
2073371,0,919,0,40,3,12,2,1,87,63,3
2074924,0,919,0,40,3,12,2,1,63,73,3
2102476,0,919,0,40,3,3,2,1,36,58,3
2068134,0,919,0,40,3,9,2,1,43,89,3
2072906,0,919,0,40,3,8,2,1,53,19,3
2074918,0,919,0,40,2,11,2,1,80,32,3
2105800,0,919,0,40,2,2,2,1,33,37,3
2086570,0,919,0,40,3,9,2,1,48,52,3
2102019,0,919,0,40,3,3,2,1,40,69,3
2118829,0,919,0,40,2,1,2,1,14,40,3
2119293,0,919,0,40,2,1,2,1,14,30,3
2106668,0,919,0,40,2,2,2,1,29,40,3
2066874,0,919,0,40,3,7,2,1,85,43,3
2100115,0,919,0,40,3,3,2,1,39,75,3
2109947,0,919,0,40,2,3,2,1,25,52,3
2105696,0,919,0,40,3,6,2,1,28,51,3
2076187,0,919,0,40,2,8,2,1,83,36,3
2075923,0,919,0,40,3,11,2,1,67,36,3
2108783,0,919,0,40,2,3,2,1,26,44,3
2112354,0,919,0,40,3,2,2,1,26,45,3
2113639,0,919,0,40,2,1,2,1,19,58,3
2078382,0,919,0,40,3,8,2,1,71,38,3
2094027,0,919,0,40,2,4,2,1,43,29,3
2102466,1,919,907,13.1994,3,5,2,1,27,31,3
2117530,0,919,0,40,2,1,2,1,18,31,3
2108268,0,919,0,40,3,3,2,1,25,34,3
2111617,0,919,0,40,3,2,2,1,19,53,3
2117339,0,919,0,40,3,1,2,1,16,15,3
2094699,0,919,0,40,3,6,2,1,30,66,3
2067288,0,919,0,40,2,8,2,1,93,36,3
2119181,0,919,0,40,3,1,2,1,15,35,3
2100498,0,919,0,40,3,4,2,1,33,64,3
2113181,1,919,902,28.0787,3,2,2,1,19,20,3
2095279,0,919,0,40,2,7,2,1,47,28,3
2105858,0,919,0,40,2,1,2,1,37,51,3
2100861,0,919,0,40,3,4,2,1,33,27,3
2114611,0,919,0,40,2,3,2,1,20,51,3
2116537,0,919,0,40,2,0,2,1,13,61,3
2117503,0,919,0,40,3,0,2,1,13,83,3
2118428,0,919,0,40,3,0,2,1,13,68,3
2118492,0,919,0,40,2,0,2,1,13,27,3
2118768,0,919,0,40,3,0,2,1,13,36,3
2119152,0,919,0,40,2,0,2,1,13,33,3
2119296,0,919,0,40,3,0,2,1,13,22,3
2119312,0,919,0,40,3,0,2,1,13,60,3
2119482,0,919,0,40,2,0,2,1,13,47,3
2119490,0,919,0,40,3,0,2,1,13,31,3
2119562,0,919,0,40,3,0,2,1,13,36,3
2119650,0,919,0,40,2,0,2,1,13,40,3
2119698,0,919,0,40,3,0,2,1,13,30,3
2119818,0,919,0,40,3,0,2,1,13,55,3
2119866,0,919,0,40,2,0,2,1,13,17,3
2119953,0,919,0,40,3,0,2,1,13,73,3
2119977,0,919,0,40,2,0,2,1,13,43,3
2120001,0,919,0,40,3,0,2,1,13,37,3
2120061,0,919,0,40,3,0,2,1,13,34,3
2120141,0,919,0,40,2,0,2,1,13,23,3
2120157,0,919,0,40,2,0,2,1,13,51,3
2120161,0,919,0,40,2,0,2,1,13,59,3
2120197,0,919,0,40,2,0,2,1,13,53,3
2120317,0,919,0,40,3,0,2,1,13,22,3
2120321,0,919,0,40,2,0,2,1,13,49,3
2120349,0,919,0,40,2,0,2,1,13,27,3
2120353,0,919,0,40,2,0,2,1,13,40,3
2120369,0,919,0,40,3,0,2,1,13,65,3
2120401,0,919,0,40,2,0,2,1,13,31,3
2120433,0,919,0,40,2,0,2,1,13,49,3
2120473,0,919,0,40,2,0,2,1,13,16,3
2120505,0,919,0,40,2,0,2,1,13,34,3
2120521,0,919,0,40,2,0,2,1,13,21,3
2120535,0,919,0,40,2,0,2,1,13,23,3
2120573,0,919,0,40,2,0,2,1,13,39,3
2120583,0,919,0,40,3,0,2,1,13,23,3
2120585,0,919,0,40,3,0,2,1,13,27,3
2120625,0,919,0,40,3,0,2,1,13,10,3
2120655,0,919,0,40,3,0,2,1,13,31,3
2120663,0,919,0,40,2,0,2,1,13,39,3
2120667,0,919,0,40,2,0,2,1,13,47,3
2120741,0,919,0,40,3,0,2,1,13,67,3
2120757,0,919,0,40,3,0,2,1,13,86,3
2120817,0,919,0,40,3,0,2,1,13,70,3
2120823,0,919,0,40,3,0,2,1,13,23,3
2120825,0,919,0,40,2,0,2,1,13,31,3
2120827,0,919,0,40,3,0,2,1,13,84,3
2120853,0,919,0,40,2,0,2,1,13,51,3
2120865,0,919,0,40,3,0,2,1,13,40,3
2120889,0,919,0,40,2,0,2,1,13,19,3
2120917,0,919,0,40,2,0,2,1,13,57,3
2120921,0,919,0,40,3,0,2,1,13,42,3
2120953,0,919,0,40,2,0,2,1,13,54,3
2120965,0,919,0,40,3,0,2,1,13,16,3
2120977,0,919,0,40,2,0,2,1,13,39,3
2120999,0,919,0,40,3,0,2,1,13,43,3
2121005,0,919,0,40,3,0,2,1,13,32,3
2121007,0,919,0,40,2,0,2,1,13,45,3
2121021,0,919,0,40,3,0,2,1,13,48,3
2121043,0,919,0,40,2,0,2,1,13,45,3
2101798,0,919,0,40,3,3,2,1,18,56,3
2113016,0,919,0,40,2,1,2,1,14,37,3
2049246,0,919,0,40,2,9,2,1,100,87,3
2094237,1,919,898,22.6276,3,3,2,1,34,28,3
2079538,0,919,0,40,2,6,2,1,58,59,3
2069358,0,919,0,40,3,7,2,1,69,36,3
2070431,0,919,0,40,2,8,2,1,64,41,3
2096006,0,919,0,40,2,5,2,1,34,40,3
2091107,0,919,0,40,3,5,2,1,47,9,3
2113515,0,919,0,40,3,1,2,1,15,27,3
2088400,0,919,0,40,2,5,2,1,49,30,3
2114912,0,919,0,40,3,1,2,1,13,75,3
2082300,0,919,0,40,2,5,2,1,53,25,3
2067739,0,919,0,40,3,6,2,1,53,61,3
2076022,0,919,0,40,2,7,2,1,62,37,3
2078062,0,919,0,40,3,8,2,1,61,42,3
2111523,0,919,0,40,3,1,2,1,15,25,3
2114331,0,919,0,40,3,1,2,1,15,27,3
2082710,0,919,0,40,3,9,2,1,36,55,3
2115376,0,919,0,40,2,1,2,1,14,79,3
2090708,0,919,0,40,3,4,2,1,42,54,3
2070466,0,919,0,40,3,6,2,1,55,43,3
2095805,0,919,0,40,3,4,2,1,34,61,3
2114622,0,919,0,40,3,1,2,1,13,40,3
2068391,0,919,0,40,3,6,2,1,54,48,3
2097340,0,919,0,40,2,2,2,1,42,42,3
2079099,0,919,0,40,3,7,2,1,68,35,3
2069246,0,919,0,40,2,6,2,1,43,23,3
2104707,0,919,0,40,2,3,2,1,25,25,3
2106224,0,919,0,40,2,4,2,1,21,67,3
2113952,0,919,0,40,2,1,2,1,17,37,3
2070736,0,919,0,40,3,7,2,1,63,44,3
2093325,0,919,0,40,2,4,2,1,38,33,3
2098793,0,919,0,40,3,5,2,1,36,21,3
2059160,0,919,0,40,3,6,2,1,49,52,3
2104546,0,919,0,40,2,4,2,1,25,55,3
2094197,0,919,0,40,3,4,2,1,38,24,3
2097525,0,919,0,40,3,4,2,1,39,52,3
2115701,0,919,0,40,2,1,2,1,14,28,3
2105353,0,919,0,40,3,3,2,1,23,43,3
2092947,0,919,0,40,2,5,2,1,44,65,3
2093366,0,919,0,40,2,3,2,1,45,47,3
2078165,0,919,0,40,3,10,2,1,64,23,3
2108333,0,919,0,40,2,2,2,1,26,29,3
2109750,0,919,0,40,3,1,2,1,22,65,3
2088025,0,919,0,40,3,6,2,1,48,56,3
2087280,0,919,0,40,2,4,2,1,44,48,3
2106197,0,919,0,40,3,2,2,1,32,29,3
2106027,0,919,0,40,2,2,2,1,24,57,3
2080375,0,919,0,40,2,11,2,1,54,96,3
2112622,0,919,0,40,2,1,2,1,19,14,3
2106388,0,919,0,40,3,3,2,1,25,15,3
2113439,0,919,0,40,2,1,2,1,18,52,3
2095218,0,919,0,40,3,4,2,1,43,37,3
2112972,0,919,0,40,3,1,2,1,17,28,3
2114761,0,919,0,40,2,1,2,1,17,46,3
2072977,0,919,0,40,2,11,2,1,78,46,3
2075694,0,919,0,40,2,8,2,1,81,25,3
2105129,0,919,0,40,2,3,2,1,21,42,3
2114446,0,919,0,40,3,1,2,1,15,31,3
2114835,0,919,0,40,3,1,2,1,15,27,3
2073526,0,919,0,40,3,12,2,1,64,39,3
2090105,0,919,0,40,2,6,2,1,36,63,3
2082663,0,919,0,40,3,6,2,1,62,51,3
2082096,0,919,0,40,2,10,2,1,54,43,3
2079773,0,919,0,40,2,11,2,1,65,23,3
2083170,0,919,0,40,2,6,2,1,57,52,3
2107239,0,919,0,40,3,3,2,1,20,30,3
2108570,0,919,0,40,2,3,2,1,15,31,3
2115077,0,919,0,40,2,1,2,1,13,38,3
2115770,0,919,0,40,2,1,2,1,13,45,3
2116560,0,919,0,40,3,1,2,1,13,69,3
2117026,0,919,0,40,3,1,2,1,13,29,3
2082071,0,919,0,40,2,5,2,1,68,32,3
2102428,0,919,0,40,3,2,2,1,33,40,3
2106832,0,919,0,40,3,2,2,1,29,70,3
2089525,2,919,0,40,2,6,2,1,42,46,3
2099550,0,919,0,40,2,3,2,1,31,86,3
2112370,0,919,0,40,2,1,2,1,22,33,3
2112177,0,919,0,40,3,1,2,1,21,22,3
2101606,0,919,0,40,3,4,2,1,32,38,3
2113358,0,919,0,40,2,1,2,1,20,23,3
2103704,0,919,0,40,2,3,2,1,32,45,3
2113175,0,919,0,40,3,1,2,1,19,19,3
2090827,0,919,0,40,2,5,2,1,46,30,3
2090041,0,919,0,40,3,4,2,1,47,50,3
2095748,0,919,0,40,3,6,2,1,34,25,3
2113793,0,919,0,40,2,1,2,1,18,39,3
2067459,0,919,0,40,3,8,2,1,55,31,3
2071290,0,919,0,40,3,5,2,1,52,58,3
2029447,0,919,0,40,3,18,2,1,94,34,3
2114822,0,919,0,40,2,1,2,1,17,25,3
2101342,0,919,0,40,3,3,2,1,29,31,3
2115467,0,919,0,40,3,1,2,1,16,34,3
2093378,0,919,0,40,2,5,2,1,39,23,3
2097794,0,919,0,40,3,5,2,1,31,37,3
2111333,0,919,0,40,3,2,2,1,18,58,3
2102121,1,919,894,35.1144,2,5,2,1,30,58,3
2115988,1,919,903,13.5518,3,1,2,1,15,16,3
2107847,0,919,0,40,3,3,2,1,21,27,3
2046248,0,919,0,40,3,16,2,1,82,18,3
2065296,0,919,0,40,2,6,2,1,45,40,3
2096370,0,919,0,40,3,5,2,1,30,22,3
2062911,0,919,0,40,2,11,2,1,101,17,3
2067583,0,919,0,40,3,6,2,1,47,36,3
2100014,0,919,0,40,3,5,2,1,25,37,3
2114118,0,919,0,40,3,2,2,1,16,63,3
2082512,0,919,0,40,3,10,2,1,44,48,3
2074233,0,919,0,40,3,11,2,1,63,31,3
2115682,0,919,0,40,2,1,2,1,14,34,3
2092580,0,919,0,40,3,4,2,1,39,79,3
2105201,0,919,0,40,3,5,2,1,20,39,3
2089297,0,919,0,40,3,7,2,1,43,32,3
2099597,0,919,0,40,2,5,2,1,29,56,3
2116951,0,919,0,40,2,1,2,1,13,45,3
2117252,0,919,0,40,3,1,2,1,13,41,3
2097041,0,919,0,40,3,2,2,1,48,53,3
2098740,0,919,0,40,3,2,2,1,46,36,3
2097666,0,919,0,40,3,3,2,1,35,34,3
2106401,0,919,0,40,2,1,2,1,31,55,3
2080230,0,919,0,40,3,7,2,1,68,38,3
2009587,0,919,0,40,2,23,2,1,169,33,3
2105402,0,919,0,40,3,3,2,1,30,43,3
2110420,0,919,0,40,2,1,2,1,26,45,3
2090855,0,919,0,40,3,6,2,1,39,55,3
2091600,0,919,0,40,2,5,2,1,42,42,3
2099141,0,919,0,40,3,2,2,1,40,75,3
2111812,0,919,0,40,2,1,2,1,24,26,3
2112344,0,919,0,40,3,1,2,1,23,44,3
2082479,0,919,0,40,2,5,2,1,70,79,3
2100666,0,919,0,40,2,3,2,1,27,49,3
2092921,0,919,0,40,2,4,2,1,42,16,3
2109211,0,919,0,40,3,2,2,1,21,55,3
2099245,0,919,0,40,2,5,2,1,39,52,3
2088381,0,919,0,40,3,4,2,1,42,11,3
2084929,0,919,0,40,3,8,2,1,53,80,3
2105033,0,919,0,40,3,2,2,1,32,39,3
2099097,0,919,0,40,3,3,2,1,41,49,3
2115220,0,919,0,40,3,1,2,1,18,62,3
2077751,0,919,0,40,2,13,2,1,65,28,3
2096252,0,919,0,40,3,5,2,1,40,35,3
2114951,0,919,0,40,2,1,2,1,17,55,3
2091626,0,919,0,40,3,7,2,1,33,39,3
2097355,0,919,0,40,2,5,2,1,35,39,3
2073279,0,919,0,40,3,12,2,1,85,37,3
2092873,0,919,0,40,3,7,2,1,31,20,3
2115277,0,919,0,40,3,1,2,1,16,71,3
2115976,0,919,0,40,2,1,2,1,16,38,3
2087108,0,919,0,40,2,6,2,1,43,54,3
2063167,0,919,0,40,3,7,2,1,99,32,3
2086658,0,919,0,40,3,7,2,1,44,53,3
2092742,0,919,0,40,2,5,2,1,36,46,3
2076886,0,919,0,40,3,7,2,1,80,20,3
2103715,0,919,0,40,2,3,2,1,28,18,3
2108097,0,919,0,40,2,3,2,1,22,28,3
2089020,0,919,0,40,2,5,2,1,59,37,3
2116748,0,919,0,40,2,1,2,1,15,53,3
2101083,0,919,0,40,3,5,2,1,27,24,3
2111652,0,919,0,40,2,3,2,1,18,26,3
2102030,0,919,0,40,2,4,2,1,27,34,3
2066715,0,919,0,40,3,13,2,1,85,47,3
2103964,0,919,0,40,3,3,2,1,33,52,3
2112332,0,919,0,40,3,2,2,1,21,62,3
2114105,0,919,0,40,3,2,2,1,17,35,3
2116157,0,919,0,40,2,1,2,1,14,27,3
2117180,0,919,0,40,2,1,2,1,14,112,3
2117326,0,919,0,40,2,1,2,1,14,26,3
2082206,0,919,0,40,3,8,2,1,58,56,3
2068789,0,919,0,40,2,11,2,1,56,29,3
2113582,0,919,0,40,2,2,2,1,16,25,3
2093129,0,919,0,40,3,5,2,1,37,34,3
2074222,0,919,0,40,3,12,2,1,73,59,3
2111519,0,919,0,40,3,3,2,1,19,34,3
2115323,0,919,0,40,2,2,2,1,16,34,3
2082868,0,919,0,40,2,6,2,1,72,29,3
2068582,0,919,0,40,3,6,2,1,60,53,3
2077031,0,919,0,40,3,7,2,1,78,46,3
2103653,0,919,0,40,2,3,2,1,33,24,3
2086865,0,919,0,40,2,7,2,1,42,30,3
2105810,0,919,0,40,3,2,2,1,31,50,3
2100051,0,919,0,40,3,4,2,1,38,47,3
2098445,0,919,0,40,2,4,2,1,39,24,3
2084317,0,919,0,40,2,6,2,1,58,25,3
2102180,0,919,0,40,3,3,2,1,29,17,3
2104526,0,919,0,40,3,4,2,1,29,84,3
2110496,0,919,0,40,2,2,2,1,22,30,3
2099299,0,919,0,40,2,6,2,1,30,38,3
2099839,1,919,895,24.5313,3,3,2,1,44,106,3
2088123,0,919,0,40,2,7,2,1,54,32,3
2077398,0,919,0,40,2,5,2,1,84,22,3
2109260,0,919,0,40,2,3,2,1,24,60,3
2074070,0,919,0,40,2,9,2,1,71,62,3
2099306,0,919,0,40,3,3,2,1,44,4,3
2092712,0,919,0,40,3,4,2,1,40,43,3
2101364,0,919,0,40,2,4,2,1,28,18,3
2110805,0,919,0,40,2,2,2,1,19,50,3
2054353,0,919,0,40,3,13,2,1,95,43,3
2112257,0,919,0,40,2,2,2,1,19,37,3
2114104,0,919,0,40,3,2,2,1,18,31,3
2108784,1,919,900,40,2,3,2,1,25,37,3
2115816,0,919,0,40,3,1,2,1,17,80,3
2080635,0,919,0,40,2,8,2,1,64,47,3
2099489,0,919,0,40,2,4,2,1,32,25,3
2070850,0,919,0,40,2,4,2,1,43,41,3
2067951,0,919,0,40,2,8,2,1,93,41,3
2103383,0,919,0,40,3,4,2,1,25,120,3
2079019,0,919,0,40,2,8,2,1,66,31,3
2106658,0,919,0,40,3,4,2,1,26,35,3
2116922,0,919,0,40,2,1,2,1,16,27,3
2103751,0,919,0,40,2,3,2,1,28,57,3
2104266,0,919,0,40,2,3,2,1,32,38,3
2078681,0,919,0,40,2,9,2,1,69,37,3
2113195,0,919,0,40,3,2,2,1,17,59,3
2064041,0,919,0,40,3,8,2,1,91,59,3
2083485,0,919,0,40,3,9,2,1,55,28,3
2100746,0,919,0,40,2,4,2,1,36,33,3
2081027,0,919,0,40,3,7,2,1,53,62,3
2106238,0,919,0,40,2,3,2,1,18,49,3
2089254,0,919,0,40,2,5,2,1,45,34,3
2093512,0,919,0,40,2,4,2,1,51,32,3
2106508,0,919,0,40,2,3,2,1,22,24,3
2075497,0,919,0,40,3,12,2,1,70,41,3
2112560,0,919,0,40,2,2,2,1,18,81,3
2116657,0,919,0,40,2,1,2,1,14,24,3
2096246,0,919,0,40,3,5,2,1,26,26,3
2094803,0,919,0,40,3,6,2,1,36,16,3
2099216,0,919,0,40,3,4,2,1,35,47,3
2114523,0,919,0,40,2,2,2,1,15,34,3
2069627,0,919,0,40,2,10,2,1,71,27,3
2090972,0,919,0,40,3,7,2,1,29,64,3
2076775,0,919,0,40,2,13,2,1,71,26,3
2086416,0,919,0,40,3,6,2,1,49,61,3
2072905,0,919,0,40,3,7,2,1,91,36,3
2099592,0,919,0,40,2,6,2,1,25,43,3
2114212,0,919,0,40,2,2,2,1,16,49,3
2116395,0,919,0,40,2,2,2,1,15,64,3
2118077,0,919,0,40,2,1,2,1,13,42,3
2118345,0,919,0,40,2,1,2,1,13,43,3
2087548,1,919,906,17.5421,3,5,2,1,58,46,3
2107860,0,919,0,40,2,1,2,1,32,55,3
2101535,0,919,0,40,3,3,2,1,31,40,3
2110503,0,919,0,40,3,1,2,1,27,38,3
2097388,0,919,0,40,3,3,2,1,41,40,3
2081066,0,919,0,40,2,7,2,1,61,52,3
2092283,0,919,0,40,2,4,2,1,43,20,3
2108199,0,919,0,40,2,2,2,1,28,52,3
2068893,0,919,0,40,3,7,2,1,53,82,3
2106081,0,919,0,40,2,4,2,1,27,28,3
2081160,0,919,0,40,3,7,2,1,68,53,3
2114938,0,919,0,40,2,1,2,1,20,57,3
2096986,0,919,0,40,3,6,2,1,31,47,3
2087805,0,919,0,40,2,6,2,1,51,37,3
2098974,0,919,0,40,3,3,2,1,34,16,3
2077241,0,919,0,40,2,11,2,1,68,50,3
2108442,0,919,0,40,2,3,2,1,26,59,3
2115009,0,919,0,40,2,1,2,1,18,44,3
2096426,0,919,0,40,3,4,2,1,33,51,3
2065976,0,919,0,40,3,5,2,1,45,28,3
2092112,0,919,0,40,2,5,2,1,47,57,3
2111579,0,919,0,40,2,2,2,1,21,40,3
2077327,0,919,0,40,2,10,2,1,65,99,3
2090800,0,919,0,40,2,7,2,1,53,18,3
2071388,0,919,0,40,2,9,2,1,72,65,3
2110483,0,919,0,40,3,2,2,1,20,37,3
2087544,0,919,0,40,3,7,2,1,44,43,3
2079619,0,919,0,40,3,10,2,1,56,23,3
2096014,0,919,0,40,3,4,2,1,37,17,3
2107167,0,919,0,40,3,3,2,1,22,47,3
2098904,0,919,0,40,2,3,2,1,43,21,3
2085417,1,919,872,32.9989,2,7,2,1,43,45,3
2109563,0,919,0,40,3,2,2,1,17,16,3
2081546,0,919,0,40,3,7,2,1,61,36,3
2108797,0,919,0,40,3,3,2,1,26,68,3
2114026,0,919,0,40,3,2,2,1,17,46,3
2112865,0,919,0,40,3,2,2,1,20,38,3
2091219,0,919,0,40,2,6,2,1,45,38,3
2055148,0,919,0,40,3,13,2,1,66,48,3
2116098,0,919,0,40,3,2,2,1,17,43,3
2107591,0,919,0,40,3,2,2,1,25,68,3
2085500,0,919,0,40,2,5,2,1,65,77,3
2106648,0,919,0,40,3,3,2,1,25,65,3
2095559,0,919,0,40,3,5,2,1,37,30,3
2091853,0,919,0,40,3,7,2,1,43,27,3
2113562,0,919,0,40,2,2,2,1,21,33,3
2114919,0,919,0,40,2,2,2,1,17,44,3
2117147,0,919,0,40,2,1,2,1,14,50,3
2117459,0,919,0,40,2,1,2,1,14,55,3
2093158,0,919,0,40,2,5,2,1,39,28,3
2080819,0,919,0,40,2,10,2,1,52,94,3
2075063,0,919,0,40,2,8,2,1,86,68,3
2094040,0,919,0,40,3,4,2,1,45,32,3
2099811,0,919,0,40,2,6,2,1,32,71,3
2112690,0,919,0,40,3,2,2,1,19,28,3
2100301,0,919,0,40,2,4,2,1,37,67,3
2103269,0,919,0,40,3,4,2,1,27,47,3
2102877,0,919,0,40,3,4,2,1,31,56,3
2118039,0,919,0,40,3,1,2,1,13,36,3
2102538,0,919,0,40,2,2,2,1,39,28,3
2078797,0,919,0,40,3,7,2,1,68,34,3
2089425,0,919,0,40,2,6,2,1,53,48,3
2097596,0,919,0,40,2,4,2,1,39,28,3
2069494,0,919,0,40,3,5,2,1,43,21,3
2112142,0,919,0,40,3,1,2,1,26,29,3
2070828,0,919,0,40,2,12,2,1,84,20,3
2087353,0,919,0,40,2,6,2,1,55,29,3
2106776,0,919,0,40,3,3,2,1,30,82,3
2113106,0,919,0,40,2,1,2,1,24,18,3
2102449,0,919,0,40,3,3,2,1,31,21,3
2112334,0,919,0,40,3,2,2,1,25,50,3
2113969,0,919,0,40,3,1,2,1,22,33,3
2114109,0,919,0,40,3,1,2,1,22,43,3
2070347,0,919,0,40,2,15,2,1,93,102,3
2086699,0,919,0,40,3,7,2,1,54,46,3
2088261,0,919,0,40,2,4,2,1,64,16,3
2114332,0,919,0,40,2,1,2,1,21,40,3
2075384,0,919,0,40,2,12,2,1,73,73,3
2109361,0,919,0,40,2,3,2,1,23,95,3
2115552,0,919,0,40,3,1,2,1,19,26,3
2087248,0,919,0,40,2,7,2,1,42,18,3
2067688,0,919,0,40,2,7,2,1,48,42,3
2096042,0,919,0,40,3,7,2,1,36,48,3
2088929,0,919,0,40,2,8,2,1,52,18,3
2099364,0,919,0,40,2,5,2,1,27,34,3
2117035,0,919,0,40,2,1,2,1,17,59,3
2117626,0,919,0,40,2,1,2,1,17,69,3
2098586,0,919,0,40,2,4,2,1,28,16,3
2097008,0,919,0,40,3,6,2,1,32,53,3
2049198,0,919,0,40,3,13,2,1,68,49,3
2118254,0,919,0,40,3,1,2,1,16,56,3
2095299,0,919,0,40,2,6,2,1,37,26,3
2079785,0,919,0,40,2,12,2,1,53,51,3
2116530,0,919,0,40,2,2,2,1,16,32,3
2086248,0,919,0,40,2,9,2,1,43,23,3
2097703,0,919,0,40,2,5,2,1,31,55,3
2076149,0,919,0,40,3,10,2,1,77,46,3
2118625,0,919,0,40,3,1,2,1,15,30,3
2085895,0,919,0,40,2,7,2,1,46,37,3
2072121,0,919,0,40,3,5,2,1,54,25,3
2112345,0,919,0,40,3,3,2,1,18,48,3
2110390,0,919,0,40,2,3,2,1,21,33,3
2091730,0,919,0,40,3,4,2,1,48,25,3
2092595,0,919,0,40,3,5,2,1,53,41,3
2094756,0,919,0,40,3,5,2,1,42,30,3
2105750,0,919,0,40,3,3,2,1,30,76,3
2117440,0,919,0,40,2,2,2,1,16,71,3
2098919,0,919,0,40,3,4,2,1,23,32,3
2108660,0,919,0,40,3,2,2,1,23,48,3
2071576,0,919,0,40,2,14,2,1,84,27,3
2085448,0,919,0,40,3,5,2,1,62,42,3
2102481,0,919,0,40,2,4,2,1,33,35,3
2089134,0,919,0,40,2,8,2,1,34,32,3
2105801,0,919,0,40,2,4,2,1,23,82,3
2107130,0,919,0,40,3,3,2,1,26,106,3
2119142,0,919,0,40,2,1,2,1,13,81,3
2119449,0,919,0,40,2,1,2,1,13,62,3
2119823,0,919,0,40,3,1,2,1,13,52,3
2101451,0,919,0,40,2,2,2,1,45,71,3
2102045,0,919,0,40,3,3,2,1,33,43,3
2104758,0,919,0,40,3,2,2,1,33,41,3
2076123,0,919,0,40,3,10,2,1,81,57,3
2095915,0,919,0,40,2,4,2,1,43,42,3
2114220,0,919,0,40,3,1,2,1,22,20,3
2095058,1,919,908,13.8593,3,4,2,1,48,31,3
2110381,0,919,0,40,3,2,2,1,21,70,3
2080442,0,919,0,40,3,9,2,1,58,46,3
2103745,0,919,0,40,2,4,2,1,29,39,3
2103271,0,919,0,40,3,3,2,1,29,41,3
2116934,0,919,0,40,3,2,2,1,17,47,3
2114373,0,919,0,40,3,2,2,1,20,43,3
2088434,0,919,0,40,3,6,2,1,57,44,3
2118818,0,919,0,40,3,1,2,1,15,32,3
2104578,0,919,0,40,2,4,2,1,31,48,3
2098115,0,919,0,40,3,3,2,1,36,21,3
2086862,0,919,0,40,2,7,2,1,59,77,3
2098649,0,919,0,40,3,4,2,1,32,37,3
2111682,0,919,0,40,3,3,2,1,20,15,3
2088683,0,919,0,40,2,6,2,1,52,46,3
2113217,0,919,0,40,3,1,2,1,23,53,3
2116886,0,919,0,40,2,1,2,1,20,17,3
2080379,0,919,0,40,2,9,2,1,65,63,3
2117781,0,919,0,40,3,1,2,1,17,36,3
2118989,0,919,0,40,3,1,2,1,16,63,3
2117100,0,919,0,40,2,2,2,1,16,40,3
2105147,0,919,0,40,3,3,2,1,36,38,3
2117207,0,919,0,40,3,0,2,1,12,80,3
2117747,0,919,0,40,3,0,2,1,12,63,3
2118444,0,919,0,40,2,0,2,1,12,22,3
2118784,0,919,0,40,2,0,2,1,12,45,3
2119406,0,919,0,40,2,0,2,1,12,46,3
2119566,0,919,0,40,2,0,2,1,12,30,3
2119614,0,919,0,40,2,0,2,1,12,54,3
2119710,0,919,0,40,3,0,2,1,12,21,3
2119963,0,919,0,40,2,0,2,1,12,61,3
2119987,0,919,0,40,3,0,2,1,12,29,3
2119995,0,919,0,40,2,0,2,1,12,25,3
2120067,0,919,0,40,3,0,2,1,12,45,3
2120083,0,919,0,40,3,0,2,1,12,29,3
2120139,0,919,0,40,3,0,2,1,12,37,3
2120227,0,919,0,40,2,0,2,1,12,29,3
2120283,0,919,0,40,2,0,2,1,12,26,3
2120299,0,919,0,40,2,0,2,1,12,52,3
2120315,0,919,0,40,3,0,2,1,12,60,3
2120331,0,919,0,40,2,0,2,1,12,29,3
2120347,0,919,0,40,2,0,2,1,12,42,3
2120363,0,919,0,40,2,0,2,1,12,29,3
2120435,0,919,0,40,2,0,2,1,12,50,3
2120451,0,919,0,40,2,0,2,1,12,33,3
2120475,0,919,0,40,2,0,2,1,12,81,3
2120483,0,919,0,40,3,0,2,1,12,24,3
2120550,0,919,0,40,3,0,2,1,12,39,3
2120642,0,919,0,40,3,0,2,1,12,32,3
2120646,0,919,0,40,3,0,2,1,12,24,3
2120662,0,919,0,40,2,0,2,1,12,41,3
2120666,0,919,0,40,3,0,2,1,12,45,3
2120822,0,919,0,40,2,0,2,1,12,53,3
2120914,0,919,0,40,3,0,2,1,12,52,3
2120958,0,919,0,40,3,0,2,1,12,85,3
2120974,0,919,0,40,3,0,2,1,12,50,3
2120986,0,919,0,40,2,0,2,1,12,24,3
2120994,0,919,0,40,2,0,2,1,12,64,3
2120998,0,919,0,40,3,0,2,1,12,59,3
2121002,0,919,0,40,2,0,2,1,12,63,3
2121053,0,919,0,40,2,0,2,1,12,62,3
2121067,0,919,0,40,3,0,2,1,12,32,3
2121079,0,919,0,40,3,0,2,1,12,31,3
2121111,0,919,0,40,3,0,2,1,12,41,3
2121127,0,919,0,40,2,0,2,1,12,44,3
2121135,0,919,0,40,2,0,2,1,12,52,3
2121157,0,919,0,40,3,0,2,1,12,22,3
2121175,0,919,0,40,2,0,2,1,12,30,3
2121177,0,919,0,40,2,0,2,1,12,71,3
2121199,0,919,0,40,3,0,2,1,12,30,3
2121213,0,919,0,40,2,0,2,1,12,37,3
2121225,0,919,0,40,2,0,2,1,12,46,3
2121255,0,919,0,40,2,0,2,1,12,33,3
2121257,0,919,0,40,2,0,2,1,12,17,3
2121271,0,919,0,40,3,0,2,1,12,70,3
2121283,0,919,0,40,3,0,2,1,12,50,3
2121289,0,919,0,40,2,0,2,1,12,23,3
2121299,0,919,0,40,2,0,2,1,12,91,3
2121307,0,919,0,40,3,0,2,1,12,54,3
2121313,0,919,0,40,2,0,2,1,12,75,3
2121317,0,919,0,40,3,0,2,1,12,45,3
2121347,0,919,0,40,3,0,2,1,12,80,3
2121369,0,919,0,40,3,0,2,1,12,109,3
2121383,0,919,0,40,3,0,2,1,12,15,3
2121417,0,919,0,40,3,0,2,1,12,5,3
2121431,0,919,0,40,3,0,2,1,12,88,3
2121437,0,919,0,40,3,0,2,1,12,20,3
2121443,0,919,0,40,2,0,2,1,12,38,3
2121447,0,919,0,40,3,0,2,1,12,38,3
2121453,0,919,0,40,3,0,2,1,12,56,3
2121467,0,919,0,40,2,0,2,1,12,45,3
2121471,0,919,0,40,3,0,2,1,12,19,3
2121493,0,919,0,40,3,0,2,1,12,68,3
2121519,0,919,0,40,3,0,2,1,12,51,3
2121539,0,919,0,40,3,0,2,1,12,19,3
2121559,0,919,0,40,2,0,2,1,12,49,3
2121579,0,919,0,40,3,0,2,1,12,20,3
2121631,0,919,0,40,2,0,2,1,12,36,3
2121655,0,919,0,40,2,0,2,1,12,42,3
2121661,0,919,0,40,3,0,2,1,12,55,3
2066829,0,919,0,40,3,12,2,1,57,28,3
2092588,0,919,0,40,2,3,2,1,49,13,3
2091159,0,919,0,40,2,7,2,1,40,30,3
2080613,0,919,0,40,2,7,2,1,60,51,3
2109660,0,919,0,40,3,2,2,1,15,49,3
2089192,0,919,0,40,3,4,2,1,53,45,3
2081355,0,919,0,40,2,7,2,1,41,20,3
2098639,0,919,0,40,2,4,2,1,29,18,3
2113881,0,919,0,40,3,1,2,1,14,26,3
2093770,0,919,0,40,2,8,2,1,28,52,3
2108865,0,919,0,40,3,2,2,1,15,14,3
2097687,0,919,0,40,2,5,2,1,33,47,3
2112715,0,919,0,40,2,2,2,1,13,44,3
2110892,0,919,0,40,2,2,2,1,18,14,3
2113967,0,919,0,40,3,1,2,1,12,30,3
2108015,0,919,0,40,2,1,2,1,26,48,3
2104001,0,919,0,40,2,2,2,1,28,18,3
2068864,0,919,0,40,2,3,2,1,51,70,3
2110955,0,919,0,40,2,1,2,1,18,35,3
2102292,0,919,0,40,3,3,2,1,22,26,3
2099430,0,919,0,40,3,4,2,1,34,43,3
2114543,0,919,0,40,2,1,2,1,15,56,3
2107796,0,919,0,40,2,2,2,1,21,19,3
2094850,0,919,0,40,3,5,2,1,24,53,3
2086766,0,919,0,40,3,6,2,1,49,35,3
2068765,0,919,0,40,3,11,2,1,60,25,3
2114710,0,919,0,40,3,1,2,1,13,24,3
2101806,0,919,0,40,3,4,2,1,26,27,3
2091399,0,919,0,40,3,3,2,1,44,37,3
2108529,0,919,0,40,3,1,2,1,26,91,3
2078948,0,919,0,40,2,11,2,1,57,65,3
2090585,0,919,0,40,3,5,2,1,39,52,3
2094474,0,919,0,40,3,6,2,1,38,64,3
2086399,0,919,0,40,3,8,2,1,47,18,3
2101286,0,919,0,40,2,2,2,1,28,37,3
2099718,0,919,0,40,3,5,2,1,24,55,3
2112532,0,919,0,40,3,1,2,1,15,55,3
2080498,0,919,0,40,3,5,2,1,63,33,3
2104746,0,919,0,40,2,4,2,1,19,55,3
2113005,0,919,0,40,2,2,2,1,16,11,3
2094084,0,919,0,40,3,5,2,1,40,46,3
2116468,0,919,0,40,3,1,2,1,13,27,3
2095397,0,919,0,40,3,6,2,1,35,9,3
2108627,0,919,0,40,2,3,2,1,19,19,3
2116862,0,919,0,40,3,1,2,1,12,40,3
2077849,0,919,0,40,2,8,2,1,57,18,3
2109072,0,919,0,40,3,1,2,1,26,78,3
2073600,0,919,0,40,2,11,2,1,72,41,3
2078291,1,919,903,30.8446,2,9,2,1,67,30,3
2078783,0,919,0,40,3,7,2,1,70,23,3
2085932,0,919,0,40,2,5,2,1,51,63,3
2076575,0,919,0,40,2,12,2,1,66,24,3
2097908,0,919,0,40,3,3,2,1,28,45,3
2112073,0,919,0,40,3,1,2,1,20,38,3
2113418,0,919,0,40,3,1,2,1,19,75,3
2090229,0,919,0,40,2,5,2,1,42,79,3
2082223,0,919,0,40,2,9,2,1,52,47,3
2107168,0,919,0,40,3,3,2,1,22,21,3
2104730,0,919,0,40,3,3,2,1,19,84,3
2073419,0,919,0,40,3,13,2,1,72,44,3
2091769,0,919,0,40,3,7,2,1,37,21,3
2093779,0,919,0,40,3,4,2,1,44,30,3
2113597,0,919,0,40,3,1,2,1,17,40,3
2100333,0,919,0,40,3,4,2,1,29,38,3
2084606,0,919,0,40,2,5,2,1,56,30,3
2103402,0,919,0,40,3,3,2,1,25,40,3
2089806,0,919,0,40,2,5,2,1,42,27,3
2106523,0,919,0,40,3,3,2,1,23,20,3
2078723,0,919,0,40,3,10,2,1,54,21,3
2107348,0,919,0,40,3,3,2,1,22,66,3
2067689,0,919,0,40,3,7,2,1,51,40,3
2090500,0,919,0,40,3,5,2,1,45,60,3
2073913,0,919,0,40,3,10,2,1,81,36,3
2115887,0,919,0,40,3,1,2,1,15,40,3
2103116,0,919,0,40,2,5,2,1,25,36,3
2100179,0,919,0,40,2,5,2,1,24,18,3
2106896,0,919,0,40,3,2,2,1,24,37,3
2079418,0,919,0,40,3,9,2,1,57,65,3
2112389,0,919,0,40,3,2,2,1,17,28,3
2116998,0,919,0,40,3,1,2,1,13,34,3
2094047,0,919,0,40,2,5,2,1,35,37,3
2112710,0,919,0,40,3,2,2,1,14,64,3
2078622,0,919,0,40,2,10,2,1,67,18,3
2092641,0,919,0,40,3,8,2,1,29,30,3
2080489,0,919,0,40,3,9,2,1,64,43,3
2087181,0,919,0,40,2,9,2,1,41,72,3
2117574,0,919,0,40,2,1,2,1,12,27,3
2070636,0,919,0,40,3,5,2,1,63,17,3
2105395,0,919,0,40,3,1,2,1,34,34,3
2107081,0,919,0,40,3,1,2,1,31,44,3
2095777,0,919,0,40,2,3,2,1,46,63,3
2089661,0,919,0,40,3,5,2,1,48,35,3
2102355,0,919,0,40,2,3,2,1,32,30,3
2074227,0,919,0,40,3,13,2,1,65,19,3
2086043,0,919,0,40,3,7,2,1,46,17,3
2113523,0,919,0,40,2,1,2,1,19,66,3
2114090,0,919,0,40,3,1,2,1,19,71,3
2085258,0,919,0,40,3,8,2,1,42,22,3
2083340,0,919,0,40,2,7,2,1,57,55,3
2102869,1,919,904,25.6057,3,4,2,1,28,38,3
2112150,0,919,0,40,3,2,2,1,20,31,3
2106706,0,919,0,40,2,2,2,1,25,53,3
2088466,0,919,0,40,3,4,2,1,51,67,3
2099944,0,919,0,40,2,4,2,1,24,42,3
2106527,0,919,0,40,3,2,2,1,28,53,3
2113835,0,919,0,40,2,1,2,1,17,50,3
2114764,0,919,0,40,2,1,2,1,17,128,3
2115102,0,919,0,40,2,1,2,1,17,47,3
2105857,0,919,0,40,2,2,2,1,28,37,3
2115589,0,919,0,40,3,1,2,1,16,24,3
2115967,0,919,0,40,3,1,2,1,16,51,3
2095133,0,919,0,40,2,3,2,1,42,38,3
2098862,0,919,0,40,2,4,2,1,31,30,3
2084566,0,919,0,40,2,9,2,1,50,44,3
2113783,0,919,0,40,2,1,2,1,15,67,3
2115488,0,919,0,40,2,1,2,1,15,56,3
2068114,0,919,0,40,2,4,2,1,47,47,3
2106481,0,919,0,40,2,4,2,1,23,36,3
2079511,0,919,0,40,2,9,2,1,50,59,3
2116596,0,919,0,40,2,1,2,1,14,34,3
2116778,0,919,0,40,3,1,2,1,14,84,3
2107498,0,919,0,40,2,2,2,1,16,34,3
2074872,0,919,0,40,2,9,2,1,76,54,3
2104981,0,919,0,40,3,3,2,1,27,51,3
2109748,0,919,0,40,3,2,2,1,20,50,3
2107631,0,919,0,40,2,3,2,1,23,44,3
2086535,0,919,0,40,2,6,2,1,44,23,3
2083616,0,919,0,40,2,9,2,1,51,44,3
2115694,0,919,0,40,2,1,2,1,13,20,3
2116963,0,919,0,40,2,1,2,1,13,30,3
2103830,0,919,0,40,2,3,2,1,25,48,3
2080625,0,919,0,40,2,10,2,1,42,28,3
2101075,0,919,0,40,3,4,2,1,26,52,3
2094745,0,919,0,40,2,8,2,1,33,50,3
2072704,0,919,0,40,3,6,2,1,49,32,3
2100468,0,919,0,40,3,3,2,1,34,61,3
2098407,0,919,0,40,3,5,2,1,32,23,3
2100326,0,919,0,40,3,3,2,1,33,31,3
2091535,0,919,0,40,3,8,2,1,42,11,3
2118092,0,919,0,40,3,1,2,1,12,73,3
2094101,0,919,0,40,3,4,2,1,39,53,3
2103097,0,919,0,40,3,2,2,1,33,81,3
2082871,0,919,0,40,2,4,2,1,67,27,3
2104794,0,919,0,40,2,2,2,1,29,37,3
2102306,0,919,0,40,3,3,2,1,35,40,3
2110655,0,919,0,40,2,1,2,1,25,42,3
2076530,0,919,0,40,3,12,2,1,75,65,3
2095139,0,919,0,40,2,5,2,1,39,49,3
2104373,0,919,0,40,2,3,2,1,27,46,3
2100900,0,919,0,40,2,3,2,1,34,70,3
2084376,0,919,0,40,2,8,2,1,61,56,3
2114062,0,919,0,40,2,1,2,1,20,39,3
2090724,0,919,0,40,3,5,2,1,48,29,3
2113309,0,919,0,40,3,1,2,1,19,33,3
2105763,0,919,0,40,2,2,2,1,25,122,3
2069006,0,919,0,40,3,6,2,1,44,21,3
2098978,0,919,0,40,2,4,2,1,31,22,3
2110031,0,919,0,40,3,2,2,1,24,102,3
2096734,0,919,0,40,3,4,2,1,31,49,3
2113659,0,919,0,40,3,1,2,1,18,63,3
2115026,0,919,0,40,2,1,2,1,18,62,3
2097125,0,919,0,40,2,4,2,1,37,33,3
2073027,0,919,0,40,2,6,2,1,43,39,3
2075952,0,919,0,40,2,8,2,1,82,54,3
2114417,0,919,0,40,3,2,2,1,19,64,3
2100603,0,919,0,40,3,3,2,1,32,20,3
2110263,0,919,0,40,3,2,2,1,20,33,3
2075166,0,919,0,40,2,7,2,1,77,44,3
2095874,0,919,0,40,3,5,2,1,32,41,3
2116014,0,919,0,40,2,1,2,1,16,54,3
2116478,0,919,0,40,2,1,2,1,16,65,3
2097557,0,919,0,40,2,4,2,1,29,44,3
2073172,0,919,0,40,3,11,2,1,66,66,3
2073876,0,919,0,40,3,9,2,1,82,15,3
2110324,0,919,0,40,3,2,2,1,21,52,3
2087568,0,919,0,40,3,5,2,1,47,37,3
2087188,0,919,0,40,3,8,2,1,42,25,3
2104419,0,919,0,40,3,4,2,1,24,45,3
2114464,0,919,0,40,2,2,2,1,16,22,3
2080074,0,919,0,40,2,8,2,1,58,35,3
2109567,0,919,0,40,3,2,2,1,18,36,3
2108803,0,919,0,40,2,2,2,1,22,30,3
2078740,0,919,0,40,3,9,2,1,67,33,3
2096483,0,919,0,40,2,3,2,1,46,39,3
2085495,0,919,0,40,2,9,2,1,53,58,3
2108124,0,919,0,40,2,2,2,1,28,37,3
2094964,0,919,0,40,3,7,2,1,40,61,3
2106835,0,919,0,40,2,4,2,1,19,42,3
2104921,0,919,0,40,2,3,2,1,23,47,3
2073531,0,919,0,40,3,6,2,1,99,47,3
2114628,0,919,0,40,3,2,2,1,15,16,3
2102236,0,919,0,40,2,5,2,1,26,90,3
2112808,0,919,0,40,2,3,2,1,16,52,3
2112986,0,919,0,40,3,3,2,1,17,39,3
2116257,0,919,0,40,2,1,2,1,13,23,3
2090946,0,919,0,40,2,6,2,1,28,12,3
2112295,0,919,0,40,3,2,2,1,15,31,3
2112618,0,919,0,40,3,2,2,1,16,44,3
2107290,0,919,0,40,2,3,2,1,22,27,3
2081152,0,919,0,40,2,7,2,1,69,50,3
2099419,0,919,0,40,3,6,2,1,32,30,3
2082132,0,919,0,40,3,9,2,1,48,42,3
2077675,0,919,0,40,2,10,2,1,71,21,3
2117635,0,919,0,40,3,1,2,1,12,27,3
2118049,0,919,0,40,3,1,2,1,12,25,3
2118151,0,919,0,40,3,1,2,1,12,25,3
2118541,0,919,0,40,2,1,2,1,12,21,3
2099702,0,919,0,40,2,2,2,1,39,53,3
2098728,0,919,0,40,2,2,2,1,44,23,3
2084321,0,919,0,40,3,4,2,1,78,68,3
2086888,0,919,0,40,2,5,2,1,64,36,3
2093869,0,919,0,40,3,3,2,1,46,45,3
2102941,0,919,0,40,3,2,2,1,40,107,3
2109707,0,919,0,40,2,1,2,1,28,37,3
2103153,0,919,0,40,3,2,2,1,31,42,3
2110789,0,919,0,40,3,1,2,1,25,37,3
2111468,0,919,0,40,3,1,2,1,25,22,3
2073473,0,919,0,40,3,11,2,1,82,38,3
2112004,0,919,0,40,2,1,2,1,24,39,3
2084735,0,919,0,40,2,5,2,1,66,38,3
2106426,0,919,0,40,2,4,2,1,25,37,3
2113292,0,919,0,40,3,1,2,1,22,38,3
2096314,0,919,0,40,3,3,2,1,40,35,3
2106178,0,919,0,40,3,3,2,1,24,32,3
2100308,0,919,0,40,3,3,2,1,38,41,3
2072939,0,919,0,40,3,8,2,1,83,14,3
2109369,0,919,0,40,3,2,2,1,26,57,3
2087573,0,919,0,40,2,7,2,1,56,27,3
2112468,0,919,0,40,2,1,2,1,19,116,3
2073019,0,919,0,40,3,9,2,1,99,28,3
2098417,0,919,0,40,2,5,2,1,30,55,3
2098229,0,919,0,40,3,5,2,1,31,35,3
2098895,0,919,0,40,2,5,2,1,29,23,3
2082375,0,919,0,40,3,7,2,1,45,24,3
2094860,0,919,0,40,3,5,2,1,32,32,3
2110285,0,919,0,40,3,2,2,1,19,47,3
2114905,0,919,0,40,2,1,2,1,17,45,3
2116392,0,919,0,40,2,1,2,1,17,27,3
2090499,0,919,0,40,3,4,2,1,51,32,3
2093743,0,919,0,40,2,5,2,1,37,43,3
2082796,0,919,0,40,3,7,2,1,59,62,3
2103061,0,919,0,40,3,5,2,1,28,44,3
2100427,0,919,0,40,3,5,2,1,31,39,3
2114773,0,919,0,40,2,1,2,1,16,24,3
2086454,0,919,0,40,3,7,2,1,49,17,3
2106023,0,919,0,40,3,2,2,1,29,60,3
2094069,0,919,0,40,2,6,2,1,38,76,3
2093524,0,919,0,40,2,5,2,1,44,63,3
2092363,0,919,0,40,2,5,2,1,45,40,3
2106841,0,919,0,40,3,4,2,1,21,85,3
2116819,0,919,0,40,3,1,2,1,15,44,3
2110131,0,919,0,40,3,2,2,1,15,33,3
2085997,0,919,0,40,2,7,2,1,49,46,3
2099755,0,919,0,40,3,5,2,1,25,33,3
2090472,0,919,0,40,2,5,2,1,41,19,3
2068795,0,919,0,40,2,5,2,1,43,74,3
2110774,0,919,0,40,3,2,2,1,21,11,3
2111442,0,919,0,40,2,2,2,1,21,76,3
2076353,0,919,0,40,2,8,2,1,76,18,3
2081612,0,919,0,40,2,10,2,1,49,85,3
2116241,0,919,0,40,3,1,2,1,14,21,3
2117253,0,919,0,40,2,1,2,1,14,78,3
2117852,0,919,0,40,2,1,2,1,14,31,3
2099584,0,919,0,40,3,5,2,1,24,26,3
2087482,0,919,0,40,2,7,2,1,38,53,3
2072888,0,919,0,40,2,10,2,1,58,39,3
2067859,0,919,0,40,3,6,2,1,29,28,3
2101305,0,919,0,40,2,4,2,1,27,33,3
2013918,0,919,0,40,2,14,2,1,114,76,3
2116425,0,919,0,40,2,1,2,1,13,47,3
2117267,0,919,0,40,2,1,2,1,13,32,3
2117693,0,919,0,40,2,1,2,1,13,39,3
2118425,0,919,0,40,3,1,2,1,13,42,3
2118655,0,919,0,40,2,1,2,1,13,47,3
2118785,0,919,0,40,3,1,2,1,13,50,3
2066106,0,919,0,40,3,8,2,1,69,72,3
2056398,0,919,0,40,3,15,2,1,109,46,3
2114892,0,919,0,40,2,2,2,1,14,37,3
2109001,0,919,0,40,2,3,2,1,19,60,3
2095186,0,919,0,40,2,4,2,1,37,26,3
2087779,0,919,0,40,3,6,2,1,46,52,3
2097798,0,919,0,40,2,4,2,1,37,63,3
2079305,0,919,0,40,3,10,2,1,58,103,3
2118841,0,919,0,40,2,1,2,1,12,74,3
2118943,0,919,0,40,3,1,2,1,12,36,3
2085434,0,919,0,40,2,4,2,1,60,23,3
2106090,0,919,0,40,3,1,2,1,34,55,3
2079884,0,919,0,40,3,8,2,1,71,14,3
2023741,0,919,0,40,2,17,2,1,125,37,3
2078351,0,919,0,40,2,9,2,1,74,9,3
2079981,0,919,0,40,2,8,2,1,43,13,3
2084519,0,919,0,40,3,10,2,1,53,8,3
2070912,0,919,0,40,2,10,2,1,50,37,3
2082292,0,919,0,40,2,7,2,1,59,39,3
2101432,0,919,0,40,3,2,2,1,34,85,3
2105368,0,919,0,40,3,3,2,1,25,24,3
2094120,0,919,0,40,2,5,2,1,37,65,3
2056932,0,919,0,40,3,8,2,1,81,69,3
2064962,0,919,0,40,3,10,2,1,62,30,3
2095407,0,919,0,40,2,4,2,1,34,63,3
2115248,0,919,0,40,3,1,2,1,20,51,3
2115366,0,919,0,40,3,1,2,1,20,56,3
2105217,0,919,0,40,3,3,2,1,31,100,3
2090896,0,919,0,40,2,5,2,1,55,67,3
2093503,0,919,0,40,3,7,2,1,32,67,3
2101829,0,919,0,40,2,4,2,1,27,61,3
2103422,0,919,0,40,2,2,2,1,39,50,3
2092388,0,919,0,40,3,4,2,1,52,13,3
2102382,0,919,0,40,3,3,2,1,32,59,3
2097444,0,919,0,40,2,6,2,1,31,138,3
2104935,0,919,0,40,3,4,2,1,24,78,3
2115690,0,919,0,40,3,1,2,1,17,47,3
2116435,0,919,0,40,3,1,2,1,17,46,3
2109269,0,919,0,40,2,2,2,1,20,19,3
2101392,0,919,0,40,3,2,2,1,35,39,3
2110289,0,919,0,40,2,2,2,1,21,71,3
2104488,0,919,0,40,2,4,2,1,33,58,3
2099432,0,919,0,40,2,4,2,1,41,60,3
2099175,0,919,0,40,3,4,2,1,34,120,3
2061593,0,919,0,40,3,8,2,1,78,31,3
2068242,0,919,0,40,2,8,2,1,54,23,3
2108314,0,919,0,40,2,2,2,1,25,82,3
2091084,0,919,0,40,3,7,2,1,49,38,3
2079554,0,919,0,40,2,8,2,1,62,50,3
2095031,0,919,0,40,2,5,2,1,40,55,3
2106421,0,919,0,40,3,3,2,1,28,21,3
2116921,0,919,0,40,3,1,2,1,15,55,3
2117109,0,919,0,40,2,1,2,1,15,36,3
2117734,0,919,0,40,2,1,2,1,15,129,3
2118222,0,919,0,40,2,1,2,1,15,27,3
2051397,0,919,0,40,3,14,2,1,108,14,3
2083137,0,919,0,40,3,10,2,1,50,39,3
2082717,0,919,0,40,2,5,2,1,61,54,3
2114132,0,919,0,40,3,2,2,1,16,36,3
2092197,0,919,0,40,2,6,2,1,36,31,3
2105117,0,919,0,40,3,3,2,1,35,50,3
2116965,0,919,0,40,2,1,2,1,14,26,3
2118243,0,919,0,40,2,1,2,1,14,46,3
2118361,0,919,0,40,2,1,2,1,14,89,3
2093438,0,919,0,40,2,6,2,1,32,80,3
2109116,0,919,0,40,3,2,2,1,23,19,3
2091837,0,919,0,40,3,5,2,1,37,13,3
2087983,0,919,0,40,2,7,2,1,47,105,3
2088227,0,919,0,40,2,9,2,1,52,31,3
2092285,0,919,0,40,2,5,2,1,48,27,3
2109930,0,919,0,40,2,2,2,1,26,55,3
2118294,0,919,0,40,3,1,2,1,13,13,3
2075218,0,919,0,40,2,8,2,1,80,28,3
2086299,0,919,0,40,2,7,2,1,47,26,3
2101978,0,919,0,40,2,5,2,1,28,26,3
2079799,0,919,0,40,3,8,2,1,67,39,3
2095740,0,919,0,40,3,7,2,1,30,59,3
2110549,0,919,0,40,3,3,2,1,18,22,3
2073000,0,919,0,40,3,10,2,1,37,47,3
2109027,0,919,0,40,3,3,2,1,15,57,3
2082028,0,919,0,40,2,6,2,1,64,23,3
2111950,0,919,0,40,2,2,2,1,22,43,3
2066928,0,919,0,40,2,9,2,1,73,50,3
2102738,0,919,0,40,3,5,2,1,28,36,3
2119026,0,919,0,40,2,1,2,1,12,18,3
2119190,0,919,0,40,2,1,2,1,12,47,3
2108170,0,919,0,40,2,1,2,1,31,32,3
2094420,0,919,0,40,3,5,2,1,39,17,3
2109123,0,919,0,40,2,1,2,1,27,39,3
2098947,0,919,0,40,3,4,2,1,36,22,3
2099781,0,919,0,40,3,2,2,1,43,77,3
2110202,0,919,0,40,2,2,2,1,26,38,3
2088530,0,919,0,40,3,7,2,1,36,37,3
2114004,0,919,0,40,3,1,2,1,23,61,3
2098277,0,919,0,40,2,3,2,1,41,22,3
2098801,0,919,0,40,3,5,2,1,34,74,3
2097990,0,919,0,40,2,4,2,1,37,52,3
2096894,0,919,0,40,2,5,2,1,37,23,3
2079390,0,919,0,40,3,8,2,1,83,32,3
2115557,0,919,0,40,2,1,2,1,20,74,3
2088972,0,919,0,40,2,7,2,1,45,45,3
2100937,0,919,0,40,3,5,2,1,30,29,3
2092060,0,919,0,40,3,4,2,1,53,66,3
2075693,0,919,0,40,3,11,2,1,72,58,3
2089886,0,919,0,40,3,6,2,1,43,30,3
2097846,0,919,0,40,2,4,2,1,30,49,3
2109957,0,919,0,40,2,2,2,1,21,40,3
2112554,0,919,0,40,3,2,2,1,19,33,3
2108337,0,919,0,40,3,3,2,1,20,66,3
2115613,0,919,0,40,2,2,2,1,17,82,3
2089663,0,919,0,40,3,5,2,1,51,29,3
2110770,0,919,0,40,2,2,2,1,28,73,3
2117165,0,919,0,40,2,1,2,1,16,29,3
2074832,0,919,0,40,2,10,2,1,78,27,3
2085526,0,919,0,40,3,8,2,1,59,42,3
2098960,0,919,0,40,2,5,2,1,36,35,3
2116297,0,919,0,40,2,1,2,1,15,88,3
2114080,0,919,0,40,2,2,2,1,16,51,3
2106281,0,919,0,40,2,3,2,1,29,42,3
2100572,0,919,0,40,3,4,2,1,33,17,3
2074415,0,919,0,40,3,10,2,1,77,36,3
2116736,0,919,0,40,2,2,2,1,15,20,3
2072607,0,919,0,40,3,15,2,1,79,52,3
2118774,0,919,0,40,2,1,2,1,14,46,3
2101893,0,919,0,40,3,3,2,1,26,17,3
2096598,0,919,0,40,3,3,2,1,41,43,3
2086165,0,919,0,40,3,9,2,1,44,26,3
2073792,0,919,0,40,2,10,2,1,87,70,3
2070162,1,919,908,40,2,9,2,1,50,29,3
2089819,0,919,0,40,3,7,2,1,47,66,3
2033547,0,919,0,40,2,16,2,1,113,25,3
2108177,0,919,0,40,2,3,2,1,28,57,3
2068017,0,919,0,40,2,7,2,1,48,51,3
2110616,0,919,0,40,3,2,2,1,29,37,3
2076618,0,919,0,40,3,13,2,1,60,38,3
2117739,0,919,0,40,3,1,2,1,13,47,3
2117963,0,919,0,40,3,1,2,1,13,38,3
2119210,0,919,0,40,3,1,2,1,13,64,3
2087125,0,919,0,40,2,8,2,1,49,48,3
2109011,0,919,0,40,3,3,2,1,18,39,3
2102336,0,919,0,40,2,3,2,1,31,26,3
2094524,0,919,0,40,2,7,2,1,38,24,3
2066418,0,919,0,40,2,7,2,1,59,40,3
2090822,0,919,0,40,2,6,2,1,43,32,3
2077277,0,919,0,40,3,9,2,1,63,45,3
2107410,0,919,0,40,2,3,2,1,21,38,3
2076816,0,919,0,40,2,12,2,1,61,54,3
2105686,0,919,0,40,2,3,2,1,30,32,3
2117234,0,919,0,40,2,2,2,1,15,81,3
2119792,0,919,0,40,3,1,2,1,12,55,3
2078269,0,919,0,40,3,5,2,1,88,50,3
2075674,0,919,0,40,2,7,2,1,77,65,3
2106886,0,919,0,40,2,2,2,1,29,15,3
2111571,0,919,0,40,2,1,2,1,24,48,3
2107155,0,919,0,40,2,2,2,1,31,72,3
2091106,0,919,0,40,2,6,2,1,46,33,3
2105806,0,919,0,40,2,3,2,1,27,53,3
2107421,0,919,0,40,2,3,2,1,23,16,3
2116780,0,919,0,40,3,1,2,1,19,54,3
2104827,0,919,0,40,3,3,2,1,32,48,3
2101886,0,919,0,40,2,3,2,1,39,32,3
2067198,0,919,0,40,3,7,2,1,47,37,3
2111329,0,919,0,40,2,2,2,1,23,39,3
2044172,0,919,0,40,3,17,2,1,71,85,3
2115276,0,919,0,40,2,2,2,1,18,32,3
2118663,0,919,0,40,2,1,2,1,16,26,3
2102365,0,919,0,40,3,3,2,1,36,90,3
2101252,0,919,0,40,2,5,2,1,25,43,3
2111151,0,919,0,40,3,2,2,1,21,41,3
2087683,0,919,0,40,3,7,2,1,52,48,3
2086811,0,919,0,40,3,7,2,1,55,49,3
2090095,0,919,0,40,3,8,2,1,42,27,3
2119591,0,919,0,40,3,1,2,1,14,44,3
2112826,0,919,0,40,2,2,2,1,17,33,3
2107031,0,919,0,40,3,3,2,1,26,78,3
2114779,0,919,0,40,3,2,2,1,17,65,3
2087888,0,919,0,40,2,8,2,1,40,71,3
2117955,0,919,0,40,3,1,2,1,13,87,3
2079616,0,919,0,40,3,8,2,1,62,46,3
2101742,0,919,0,40,3,4,2,1,28,136,3
2070630,0,919,0,40,3,4,2,1,29,9,3
2083111,0,919,0,40,2,9,2,1,53,55,3
2120661,0,919,0,40,3,1,2,1,12,75,3
2095156,0,919,0,40,3,3,2,1,39,29,3
2085753,0,919,0,40,3,9,2,1,52,25,3
2119836,0,919,0,40,2,1,2,1,14,42,3
2115649,0,919,0,40,3,2,2,1,16,37,3
2120785,0,919,0,40,3,1,2,1,13,30,3
2120935,0,919,0,40,2,1,2,1,13,12,3
2103038,0,919,0,40,3,5,2,1,24,20,3
2115474,0,919,0,40,3,2,2,1,18,43,3
2118912,0,919,0,40,2,0,2,1,11,42,3
2118984,0,919,0,40,3,0,2,1,11,50,3
2119048,0,919,0,40,2,0,2,1,11,48,3
2119240,0,919,0,40,3,0,2,1,11,37,3
2119462,0,919,0,40,2,0,2,1,11,48,3
2119526,0,919,0,40,3,0,2,1,11,56,3
2119622,0,919,0,40,3,0,2,1,11,50,3
2119910,0,919,0,40,2,0,2,1,11,36,3
2120119,0,919,0,40,3,0,2,1,11,65,3
2120183,0,919,0,40,3,0,2,1,11,40,3
2120279,0,919,0,40,3,0,2,1,11,45,3
2120343,0,919,0,40,3,0,2,1,11,43,3
2120391,0,919,0,40,3,0,2,1,11,89,3
2120407,0,919,0,40,3,0,2,1,11,29,3
2120423,0,919,0,40,2,0,2,1,11,21,3
2120532,0,919,0,40,3,0,2,1,11,43,3
2120556,0,919,0,40,3,0,2,1,11,21,3
2120588,0,919,0,40,2,0,2,1,11,23,3
2120724,0,919,0,40,2,0,2,1,11,21,3
2120748,0,919,0,40,2,0,2,1,11,92,3
2120796,0,919,0,40,2,0,2,1,11,55,3
2120828,0,919,0,40,3,0,2,1,11,43,3
2120844,0,919,0,40,3,0,2,1,11,38,3
2120852,0,919,0,40,2,0,2,1,11,16,3
2120900,0,919,0,40,2,0,2,1,11,79,3
2120908,0,919,0,40,2,0,2,1,11,55,3
2120996,0,919,0,40,2,0,2,1,11,23,3
2121080,0,919,0,40,2,0,2,1,11,28,3
2121104,0,919,0,40,3,0,2,1,11,34,3
2121116,0,919,0,40,3,0,2,1,11,31,3
2121136,0,919,0,40,2,0,2,1,11,90,3
2121148,0,919,0,40,3,0,2,1,11,39,3
2121168,0,919,0,40,2,0,2,1,11,113,3
2121180,0,919,0,40,2,0,2,1,11,40,3
2121188,0,919,0,40,3,0,2,1,11,68,3
2121212,0,919,0,40,3,0,2,1,11,32,3
2121236,0,919,0,40,3,0,2,1,11,53,3
2121240,0,919,0,40,3,0,2,1,11,47,3
2121272,0,919,0,40,3,0,2,1,11,43,3
2121316,0,919,0,40,3,0,2,1,11,71,3
2121328,0,919,0,40,3,0,2,1,11,45,3
2121336,0,919,0,40,2,0,2,1,11,47,3
2121356,0,919,0,40,3,0,2,1,11,75,3
2121360,0,919,0,40,3,0,2,1,11,50,3
2121388,0,919,0,40,2,0,2,1,11,14,3
2121408,0,919,0,40,3,0,2,1,11,60,3
2121444,0,919,0,40,2,0,2,1,11,17,3
2121456,0,919,0,40,3,0,2,1,11,46,3
2121476,0,919,0,40,2,0,2,1,11,26,3
2121488,0,919,0,40,3,0,2,1,11,46,3
2121516,0,919,0,40,2,0,2,1,11,20,3
2121528,0,919,0,40,2,0,2,1,11,46,3
2121556,0,919,0,40,3,0,2,1,11,64,3
2121560,0,919,0,40,3,0,2,1,11,40,3
2121612,0,919,0,40,3,0,2,1,11,45,3
2121624,0,919,0,40,2,0,2,1,11,58,3
2121636,0,919,0,40,3,0,2,1,11,44,3
2121640,0,919,0,40,2,0,2,1,11,52,3
2121652,0,919,0,40,3,0,2,1,11,67,3
2121673,0,919,0,40,3,0,2,1,11,33,3
2121675,0,919,0,40,3,0,2,1,11,57,3
2121677,0,919,0,40,3,0,2,1,11,68,3
2121683,0,919,0,40,3,0,2,1,11,60,3
2121685,0,919,0,40,2,0,2,1,11,57,3
2121691,0,919,0,40,3,0,2,1,11,47,3
2121705,0,919,0,40,2,0,2,1,11,32,3
2121711,0,919,0,40,3,0,2,1,11,37,3
2121719,0,919,0,40,3,0,2,1,11,64,3
2121725,0,919,0,40,3,0,2,1,11,25,3
2121731,0,919,0,40,3,0,2,1,11,46,3
2121749,0,919,0,40,3,0,2,1,11,78,3
2121757,0,919,0,40,3,0,2,1,11,39,3
2121759,0,919,0,40,2,0,2,1,11,12,3
2121767,0,919,0,40,2,0,2,1,11,38,3
2121769,0,919,0,40,3,0,2,1,11,33,3
2121773,0,919,0,40,3,0,2,1,11,20,3
2121793,0,919,0,40,2,0,2,1,11,34,3
2121795,0,919,0,40,3,0,2,1,11,24,3
2121805,0,919,0,40,3,0,2,1,11,51,3
2121807,0,919,0,40,2,0,2,1,11,31,3
2121811,0,919,0,40,3,0,2,1,11,52,3
2121813,0,919,0,40,3,0,2,1,11,44,3
2121845,0,919,0,40,3,0,2,1,11,45,3
2121859,0,919,0,40,3,0,2,1,11,55,3
2121867,0,919,0,40,3,0,2,1,11,49,3
2121875,0,919,0,40,2,0,2,1,11,21,3
2121881,0,919,0,40,2,0,2,1,11,23,3
2121903,0,919,0,40,3,0,2,1,11,26,3
2121915,0,919,0,40,2,0,2,1,11,60,3
2121927,0,919,0,40,2,0,2,1,11,27,3
2121935,0,919,0,40,3,0,2,1,11,41,3
2121941,0,919,0,40,3,0,2,1,11,19,3
2121945,0,919,0,40,3,0,2,1,11,25,3
2121971,0,919,0,40,3,0,2,1,11,23,3
2121973,0,919,0,40,2,0,2,1,11,30,3
2122001,0,919,0,40,3,0,2,1,11,32,3
2122003,0,919,0,40,3,0,2,1,11,58,3
2122007,0,919,0,40,2,0,2,1,11,48,3
2122011,0,919,0,40,3,0,2,1,11,86,3
2122041,0,919,0,40,2,0,2,1,11,43,3
2122047,0,919,0,40,3,0,2,1,11,42,3
2122051,0,919,0,40,3,0,2,1,11,22,3
2122071,0,919,0,40,3,0,2,1,11,38,3
2122085,0,919,0,40,2,0,2,1,11,25,3
2122091,0,919,0,40,2,0,2,1,11,54,3
2122097,0,919,0,40,3,0,2,1,11,46,3
2122113,0,919,0,40,3,0,2,1,11,16,3
2122125,0,919,0,40,2,0,2,1,11,41,3
2122135,0,919,0,40,3,0,2,1,11,37,3
2122137,0,919,0,40,2,0,2,1,11,57,3
2122143,0,919,0,40,3,0,2,1,11,52,3
2122159,0,919,0,40,2,0,2,1,11,86,3
2122165,0,919,0,40,2,0,2,1,11,40,3
2122171,0,919,0,40,3,0,2,1,11,39,3
2122191,0,919,0,40,2,0,2,1,11,30,3
2122199,0,919,0,40,2,0,2,1,11,25,3
2122205,0,919,0,40,3,0,2,1,11,31,3
2122211,0,919,0,40,3,0,2,1,11,44,3
2122229,0,919,0,40,3,0,2,1,11,31,3
2122245,0,919,0,40,3,0,2,1,11,29,3
2077354,0,919,0,40,2,8,2,1,62,72,3
2100304,0,919,0,40,2,3,2,1,27,23,3
2111227,0,919,0,40,2,1,2,1,16,58,3
2109603,0,919,0,40,2,1,2,1,21,37,3
2070217,0,919,0,40,3,5,2,1,35,19,3
2104401,0,919,0,40,3,3,2,1,21,32,3
2086060,0,919,0,40,3,7,2,1,41,13,3
2080876,0,919,0,40,3,6,2,1,54,62,3
2084780,0,919,0,40,2,7,2,1,48,40,3
2111252,0,919,0,40,2,2,2,1,16,56,3
2060446,0,919,0,40,3,4,2,1,72,47,3
2092899,0,919,0,40,3,4,2,1,46,96,3
2076706,0,919,0,40,3,10,2,1,59,29,3
2069504,0,919,0,40,3,7,2,1,52,75,3
2088355,0,919,0,40,3,6,2,1,43,34,3
2077142,0,919,0,40,3,10,2,1,42,50,3
2115143,0,919,0,40,2,1,2,1,13,54,3
2070383,0,919,0,40,3,3,2,1,24,43,3
2103728,0,919,0,40,2,3,2,1,19,29,3
2080058,0,919,0,40,2,13,2,1,44,39,3
2116958,0,919,0,40,3,1,2,1,11,54,3
2093415,0,919,0,40,3,3,2,1,49,41,3
2021717,0,919,0,40,2,15,2,1,100,51,3
2079193,0,919,0,40,2,7,2,1,73,43,3
2102875,0,919,0,40,3,2,2,1,30,33,3
2112921,0,919,0,40,3,1,2,1,19,40,3
2092972,0,919,0,40,2,3,2,1,44,31,3
2077171,0,919,0,40,3,9,2,1,61,24,3
2089563,0,919,0,40,3,6,2,1,41,40,3
2113877,0,919,0,40,3,1,2,1,16,54,3
2105131,0,919,0,40,3,2,2,1,31,28,3
2068775,0,919,0,40,2,6,2,1,46,30,3
2110796,0,919,0,40,2,2,2,1,16,61,3
2087729,0,919,0,40,3,7,2,1,37,17,3
2102836,0,919,0,40,3,3,2,1,28,58,3
2112041,0,919,0,40,3,2,2,1,16,47,3
2079451,0,919,0,40,3,12,2,1,45,36,3
2108181,0,919,0,40,2,2,2,1,21,66,3
2083312,0,919,0,40,3,5,2,1,56,84,3
2079672,0,919,0,40,3,8,2,1,61,29,3
2115285,0,919,0,40,2,1,2,1,13,64,3
2104735,0,919,0,40,3,2,2,1,26,29,3
2073379,0,919,0,40,3,13,2,1,63,24,3
2103797,0,919,0,40,3,4,2,1,27,22,3
2102581,0,919,0,40,2,3,2,1,28,108,3
2066532,0,919,0,40,3,4,2,1,42,18,3
2072318,0,919,0,40,3,8,2,1,62,49,3
2101837,0,919,0,40,2,2,2,1,30,43,3
2105186,0,919,0,40,2,1,2,1,32,80,3
2035214,0,919,0,40,2,13,2,1,122,77,3
2101521,0,919,0,40,2,3,2,1,29,87,3
2092724,0,919,0,40,2,5,2,1,34,30,3
2077107,1,919,874,29.5634,2,9,2,1,61,35,3
2098809,0,919,0,40,3,2,2,1,38,33,3
2083453,0,919,0,40,2,6,2,1,50,52,3
2112601,0,919,0,40,2,1,2,1,20,28,3
2111691,0,919,0,40,2,1,2,1,19,35,3
2078930,0,919,0,40,2,8,2,1,48,75,3
2109934,0,919,0,40,2,2,2,1,18,37,3
2086260,0,919,0,40,3,5,2,1,56,41,3
2083305,0,919,0,40,2,7,2,1,53,16,3
2106150,1,919,893,30.718,2,3,2,1,20,49,3
2080522,0,919,0,40,3,6,2,1,55,70,3
2109083,0,919,0,40,3,2,2,1,18,92,3
2084707,0,919,0,40,2,7,2,1,51,18,3
2115959,0,919,0,40,2,1,2,1,15,20,3
2099657,0,919,0,40,3,4,2,1,29,26,3
2073618,0,919,0,40,3,11,2,1,70,19,3
2085746,0,919,0,40,3,8,2,1,48,94,3
2113589,0,919,0,40,2,2,2,1,15,27,3
2084537,0,919,0,40,3,7,2,1,47,56,3
2102320,0,919,0,40,3,3,2,1,30,58,3
2090924,0,919,0,40,3,5,2,1,44,27,3
2104330,0,919,0,40,3,4,2,1,22,76,3
2114746,0,919,0,40,3,1,2,1,13,50,3
2116720,0,919,0,40,3,1,2,1,13,43,3
2083943,1,919,904,35.6861,2,5,2,1,61,44,3
2090497,0,919,0,40,2,9,2,1,26,41,3
2094608,0,919,0,40,3,6,2,1,27,48,3
2112028,0,919,0,40,2,2,2,1,18,50,3
2078640,0,919,0,40,3,13,2,1,52,59,3
2116875,0,919,0,40,2,1,2,1,12,34,3
2105677,0,919,0,40,3,3,2,1,16,36,3
2076091,0,919,0,40,3,11,2,1,66,70,3
2088775,0,919,0,40,2,6,2,1,49,20,3
2091007,0,919,0,40,3,6,2,1,47,42,3
2106461,0,919,0,40,2,3,2,1,23,31,3
2098446,0,919,0,40,3,3,2,1,37,38,3
2116118,0,919,0,40,2,2,2,1,13,45,3
2118124,0,919,0,40,2,1,2,1,11,18,3
2085966,0,919,0,40,3,5,2,1,50,50,3
1955577,0,919,0,40,3,30,2,1,161,47,3
2072670,0,919,0,40,2,12,2,1,81,46,3
2082331,0,919,0,40,2,7,2,1,62,22,3
2078176,0,919,0,40,2,9,2,1,62,121,3
2070787,0,919,0,40,2,8,2,1,64,22,3
2068193,0,919,0,40,2,3,2,1,62,59,3
2110330,0,919,0,40,3,1,2,1,25,34,3
2099034,0,919,0,40,2,4,2,1,40,36,3
2094928,0,919,0,40,3,4,2,1,44,45,3
2102357,0,919,0,40,2,5,2,1,26,22,3
2086893,0,919,0,40,2,4,2,1,52,53,3
2104590,0,919,0,40,2,2,2,1,31,60,3
2098986,0,919,0,40,2,3,2,1,38,49,3
2064839,0,919,0,40,2,9,2,1,76,40,3
2109897,0,919,0,40,3,2,2,1,24,88,3
2104111,0,919,0,40,3,4,2,1,26,23,3
2096292,0,919,0,40,3,4,2,1,29,82,3
2111886,0,919,0,40,2,2,2,1,18,81,3
2104259,0,919,0,40,2,3,2,1,22,38,3
2106681,0,919,0,40,2,2,2,1,26,64,3
2110972,0,919,0,40,2,2,2,1,17,58,3
2112105,0,919,0,40,3,2,2,1,17,83,3
2116235,0,919,0,40,3,1,2,1,14,140,3
2108258,0,919,0,40,2,3,2,1,16,61,3
2070950,0,919,0,40,2,6,2,1,58,16,3
2082852,0,919,0,40,3,8,2,1,58,50,3
2069644,0,919,0,40,3,6,2,1,73,96,3
2115194,0,919,0,40,2,2,2,1,15,47,3
2117420,0,919,0,40,3,1,2,1,13,25,3
2101064,0,919,0,40,2,3,2,1,30,52,3
2103997,0,919,0,40,2,4,2,1,26,42,3
2102343,0,919,0,40,2,4,2,1,29,44,3
2112876,0,919,0,40,2,2,2,1,13,20,3
2111835,0,919,0,40,3,2,2,1,16,47,3
2091696,0,919,0,40,3,5,2,1,35,61,3
2112500,0,919,0,40,2,2,2,1,13,51,3
2107686,0,919,0,40,2,2,2,1,26,47,3
2116289,0,919,0,40,2,1,2,1,12,47,3
2118076,0,919,0,40,3,1,2,1,12,68,3
2108863,0,919,0,40,2,2,2,1,22,33,3
2066908,0,919,0,40,3,7,2,1,63,24,3
2104303,0,919,0,40,3,3,2,1,26,24,3
2091835,0,919,0,40,2,5,2,1,37,43,3
2084777,0,919,0,40,3,7,2,1,52,25,3
2117005,0,919,0,40,3,1,2,1,11,30,3
2098979,0,919,0,40,3,2,2,1,43,41,3
2072592,0,919,0,40,2,4,2,1,47,29,3
2078892,0,919,0,40,3,9,2,1,61,26,3
2094631,0,919,0,40,2,5,2,1,40,40,3
2101063,0,919,0,40,2,4,2,1,34,97,3
2107009,0,919,0,40,3,3,2,1,26,28,3
2078056,0,919,0,40,2,8,2,1,66,45,3
2113076,0,919,0,40,2,1,2,1,21,47,3
2110067,0,919,0,40,2,2,2,1,21,50,3
2111319,0,919,0,40,3,1,2,1,20,42,3
2088617,0,919,0,40,3,8,2,1,46,46,3
2099366,0,919,0,40,2,3,2,1,40,39,3
2082060,0,919,0,40,2,7,2,1,56,9,3
2112837,0,919,0,40,2,2,2,1,21,30,3
2087217,0,919,0,40,2,6,2,1,47,20,3
2088410,0,919,0,40,3,5,2,1,37,27,3
2067561,0,919,0,40,2,2,2,1,26,26,3
2086052,0,919,0,40,2,6,2,1,45,51,3
2109895,0,919,0,40,3,2,2,1,24,37,3
2097470,0,919,0,40,2,5,2,1,42,18,3
2089873,0,919,0,40,2,6,2,1,45,17,3
2060253,0,919,0,40,2,16,2,1,78,75,3
2110871,0,919,0,40,3,2,2,1,19,31,3
2088028,0,919,0,40,2,8,2,1,45,55,3
2116138,0,919,0,40,3,1,2,1,16,14,3
2116372,0,919,0,40,3,1,2,1,16,39,3
2096476,0,919,0,40,2,3,2,1,31,41,3
2105404,0,919,0,40,2,2,2,1,24,38,3
2072691,0,919,0,40,2,11,2,1,87,50,3
2103579,0,919,0,40,3,4,2,1,27,85,3
2116071,0,919,0,40,2,1,2,1,15,34,3
2116824,0,919,0,40,2,1,2,1,15,63,3
2105170,0,919,0,40,2,3,2,1,22,48,3
2086881,0,919,0,40,2,5,2,1,55,59,3
2109636,0,919,0,40,3,2,2,1,20,35,3
2111894,0,919,0,40,3,2,2,1,17,20,3
2066492,0,919,0,40,2,6,2,1,86,37,3
2087410,0,919,0,40,3,8,2,1,39,36,3
2103366,0,919,0,40,3,4,2,1,30,29,3
2071394,0,919,0,40,3,5,2,1,23,41,3
2107931,0,919,0,40,3,2,2,1,28,14,3
2092639,0,919,0,40,2,7,2,1,42,28,3
2117136,0,919,0,40,3,1,2,1,14,38,3
2089194,0,919,0,40,3,7,2,1,36,34,3
2093054,0,919,0,40,3,4,2,1,39,44,3
2091867,1,919,906,23.5381,3,7,2,1,38,33,3
2102902,0,919,0,40,2,4,2,1,23,76,3
2101095,0,919,0,40,3,4,2,1,24,39,3
2100270,0,919,0,40,3,4,2,1,29,34,3
2114838,0,919,0,40,3,2,2,1,14,45,3
2086540,0,919,0,40,2,6,2,1,50,38,3
2075008,0,919,0,40,3,11,2,1,80,88,3
2069141,0,919,0,40,3,8,2,1,55,40,3
2106166,0,919,0,40,2,3,2,1,19,30,3
2093665,0,919,0,40,3,5,2,1,35,49,3
2104010,0,919,0,40,2,3,2,1,27,21,3
2076615,0,919,0,40,3,9,2,1,65,89,3
2067409,0,919,0,40,2,7,2,1,33,63,3
2100172,0,919,0,40,2,5,2,1,29,44,3
2110026,0,919,0,40,3,3,2,1,17,32,3
2117435,1,919,906,30.3959,2,1,2,1,12,44,3
2118107,0,919,0,40,2,1,2,1,12,76,3
2118311,0,919,0,40,2,1,2,1,12,29,3
2118673,0,919,0,40,2,1,2,1,12,36,3
2118713,0,919,0,40,2,1,2,1,12,26,3
2097652,0,919,0,40,2,5,2,1,36,83,3
2095065,0,919,0,40,2,6,2,1,29,15,3
2067974,0,919,0,40,3,9,2,1,59,8,3
2111223,0,919,0,40,2,2,2,1,16,38,3
2106230,0,919,0,40,2,2,2,1,27,41,3
2115238,0,919,0,40,2,2,2,1,15,53,3
2108820,0,919,0,40,3,2,2,1,26,35,3
2080344,0,919,0,40,3,7,2,1,58,46,3
2114411,0,919,0,40,3,2,2,1,18,41,3
2090672,0,919,0,40,2,8,2,1,44,58,3
2117335,0,919,0,40,2,1,2,1,11,14,3
2118802,0,919,0,40,2,1,2,1,11,31,3
2119059,0,919,0,40,2,1,2,1,11,40,3
2119343,0,919,0,40,2,1,2,1,11,34,3
2079913,0,919,0,40,2,6,2,1,71,42,3
2101268,0,919,0,40,3,4,2,1,36,49,3
2089243,0,919,0,40,2,3,2,1,51,53,3
2101099,0,919,0,40,3,3,2,1,32,51,3
2070138,0,919,0,40,2,5,2,1,45,16,3
2111043,0,919,0,40,2,1,2,1,23,53,3
2096584,0,919,0,40,3,3,2,1,44,27,3
2112526,0,919,0,40,3,1,2,1,22,32,3
2072653,0,919,0,40,2,4,2,1,58,43,3
2113878,0,919,0,40,2,1,2,1,21,23,3
2107025,0,919,0,40,3,3,2,1,28,72,3
2114233,0,919,0,40,2,1,2,1,20,15,3
2092091,0,919,0,40,2,4,2,1,39,74,3
2084850,0,919,0,40,3,6,2,1,59,16,3
2093169,0,919,0,40,2,3,2,1,49,27,3
2112387,2,919,0,40,3,1,2,1,19,63,3
2084544,0,919,0,40,3,8,2,1,46,32,3
2101527,0,919,0,40,2,3,2,1,38,85,3
2090560,0,919,0,40,3,6,2,1,43,23,3
2115685,0,919,0,40,3,1,2,1,18,28,3
2065123,0,919,0,40,2,4,2,1,34,46,3
2105020,0,919,0,40,2,3,2,1,29,30,3
2077542,0,919,0,40,3,7,2,1,74,29,3
2113101,0,919,0,40,3,2,2,1,18,72,3
2114658,0,919,0,40,3,1,2,1,17,20,3
2115860,0,919,0,40,2,1,2,1,17,8,3
2099273,0,919,0,40,2,4,2,1,29,46,3
2096334,0,919,0,40,2,5,2,1,35,75,3
2102463,0,919,0,40,2,4,2,1,28,32,3
2087759,0,919,0,40,3,6,2,1,49,42,3
2058887,0,919,0,40,3,12,2,1,75,23,3
2102656,0,919,0,40,3,3,2,1,27,46,3
2102705,0,919,0,40,3,3,2,1,26,42,3
2079276,0,919,0,40,2,9,2,1,63,58,3
2069469,0,919,0,40,3,6,2,1,58,39,3
2104624,0,919,0,40,3,4,2,1,25,47,3
2095015,0,919,0,40,2,6,2,1,40,48,3
2117244,0,919,0,40,3,1,2,1,15,47,3
2117674,0,919,0,40,2,1,2,1,15,40,3
2109024,0,919,0,40,3,3,2,1,20,41,3
2095472,0,919,0,40,2,5,2,1,28,47,3
2109303,0,919,0,40,3,3,2,1,18,52,3
2070277,0,919,0,40,3,11,2,1,61,23,3
2116993,0,919,0,40,3,1,2,1,14,56,3
2117617,0,919,0,40,3,1,2,1,14,41,3
2117726,0,919,0,40,3,1,2,1,14,48,3
2096676,0,919,0,40,3,2,2,1,45,33,3
2082177,0,919,0,40,3,7,2,1,58,80,3
2100507,0,919,0,40,2,4,2,1,34,47,3
2104470,0,919,0,40,2,4,2,1,27,35,3
2102242,0,919,0,40,2,5,2,1,25,60,3
2101544,0,919,0,40,2,5,2,1,28,24,3
2109975,0,919,0,40,3,2,2,1,25,46,3
2093855,0,919,0,40,3,6,2,1,39,62,3
2108580,0,919,0,40,2,3,2,1,18,28,3
2094095,0,919,0,40,2,7,2,1,28,76,3
2112414,0,919,0,40,2,2,2,1,22,48,3
2099031,0,919,0,40,2,6,2,1,31,23,3
2114111,0,919,0,40,3,2,2,1,17,23,3
2118285,0,919,0,40,3,1,2,1,13,38,3
2118811,0,919,0,40,3,1,2,1,13,49,3
2072123,0,919,0,40,3,6,2,1,74,22,3
2098460,0,919,0,40,3,5,2,1,30,40,3
2086395,0,919,0,40,2,7,2,1,58,52,3
2075050,0,919,0,40,3,10,2,1,67,13,3
2109527,0,919,0,40,3,2,2,1,21,57,3
2107623,0,919,0,40,2,3,2,1,23,31,3
2096185,0,919,0,40,2,10,2,1,33,39,3
2075250,0,919,0,40,3,11,2,1,67,26,3
2084546,0,919,0,40,2,9,2,1,48,27,3
2093292,0,919,0,40,3,5,2,1,48,19,3
2116893,0,919,0,40,2,1,2,1,12,21,3
2075699,0,919,0,40,3,10,2,1,79,65,3
2096167,0,919,0,40,3,5,2,1,30,57,3
2090038,0,919,0,40,2,5,2,1,52,52,3
2067479,1,919,907,24.0968,3,10,2,1,73,57,3
2100160,0,919,0,40,2,6,2,1,25,59,3
2107798,0,919,0,40,2,3,2,1,23,60,3
2111265,0,919,0,40,3,2,2,1,22,48,3
2104062,0,919,0,40,2,3,2,1,32,28,3
2070234,0,919,0,40,3,8,2,1,82,44,3
2089989,0,919,0,40,3,6,2,1,46,29,3
2101892,0,919,0,40,3,4,2,1,30,44,3
2112322,0,919,0,40,2,3,2,1,18,18,3
2116809,0,919,0,40,3,2,2,1,12,19,3
2118824,0,919,0,40,3,1,2,1,11,31,3
2119042,0,919,0,40,2,1,2,1,11,14,3
2119214,0,919,0,40,2,1,2,1,11,39,3
2119441,0,919,0,40,2,1,2,1,11,58,3
2119689,0,919,0,40,3,1,2,1,11,40,3
2085788,0,919,0,40,3,4,2,1,72,46,3
2085672,0,919,0,40,2,5,2,1,62,72,3
2087265,0,919,0,40,2,5,2,1,60,21,3
2091994,0,919,0,40,2,5,2,1,50,40,3
2092396,0,919,0,40,3,4,2,1,40,17,3
2110193,0,919,0,40,3,1,2,1,26,56,3
2102126,0,919,0,40,2,4,2,1,35,106,3
2106683,0,919,0,40,3,2,2,1,28,43,3
2110464,0,919,0,40,3,2,2,1,26,19,3
2092254,0,919,0,40,2,5,2,1,49,59,3
2096569,0,919,0,40,3,6,2,1,41,39,3
2084163,0,919,0,40,2,6,2,1,60,59,3
2109594,0,919,0,40,2,2,2,1,26,56,3
2086738,0,919,0,40,2,6,2,1,59,52,3
2114403,0,919,0,40,3,1,2,1,21,24,3
2086567,0,919,0,40,3,6,2,1,57,31,3
2096721,0,919,0,40,3,5,2,1,40,73,3
2113137,0,919,0,40,3,1,2,1,20,53,3
2096931,0,919,0,40,3,5,2,1,43,34,3
2112242,0,919,0,40,3,2,2,1,20,35,3
2100720,0,919,0,40,3,4,2,1,37,45,3
2115823,0,919,0,40,2,1,2,1,19,41,3
2066216,0,919,0,40,2,11,2,1,67,49,3
2071984,0,919,0,40,3,12,2,1,81,29,3
2116444,0,919,0,40,3,1,2,1,18,62,3
2073739,0,919,0,40,3,10,2,1,77,43,3
2079804,1,919,895,30.1813,2,8,2,1,55,48,3
2069584,0,919,0,40,3,7,2,1,77,35,3
2095068,0,919,0,40,2,4,2,1,41,21,3
2112178,0,919,0,40,2,2,2,1,22,43,3
2109864,0,919,0,40,3,2,2,1,27,49,3
2084752,0,919,0,40,2,6,2,1,61,33,3
2116309,0,919,0,40,2,1,2,1,16,68,3
2117486,0,919,0,40,2,1,2,1,16,74,3
2102739,0,919,0,40,3,2,2,1,37,35,3
2103764,0,919,0,40,3,3,2,1,30,56,3
2102391,1,919,908,13.9786,3,3,2,1,30,30,3
2098140,0,919,0,40,3,4,2,1,35,70,3
2099051,0,919,0,40,2,5,2,1,32,39,3
2049144,0,919,0,40,3,15,2,1,116,36,3
2117714,0,919,0,40,2,1,2,1,15,29,3
2096673,0,919,0,40,3,6,2,1,31,52,3
2111803,0,919,0,40,2,2,2,1,18,27,3
2108844,0,919,0,40,3,4,2,1,20,30,3
2102899,0,919,0,40,3,3,2,1,34,44,3
2095945,0,919,0,40,2,5,2,1,34,39,3
2093992,0,919,0,40,3,5,2,1,39,37,3
2102809,1,919,908,40,2,5,2,1,23,48,3
2114247,0,919,0,40,3,2,2,1,19,14,3
2116577,0,919,0,40,2,1,2,1,14,44,3
2118277,0,919,0,40,3,1,2,1,14,42,3
2118695,0,919,0,40,2,1,2,1,14,26,3
2096460,0,919,0,40,2,5,2,1,28,71,3
2097785,0,919,0,40,3,5,2,1,35,33,3
2106528,0,919,0,40,2,2,2,1,30,117,3
2102556,0,919,0,40,2,4,2,1,21,51,3
2109012,0,919,0,40,2,3,2,1,23,42,3
2096521,0,919,0,40,3,7,2,1,33,37,3
2063766,0,919,0,40,2,9,2,1,65,27,3
2116688,0,919,0,40,2,2,2,1,15,41,3
2067222,0,919,0,40,2,9,2,1,79,62,3
2118570,0,919,0,40,3,1,2,1,13,30,3
2119139,0,919,0,40,3,1,2,1,13,35,3
2113159,0,919,0,40,2,2,2,1,15,36,3
2097386,0,919,0,40,3,3,2,1,41,15,3
2055785,0,919,0,40,2,12,2,1,72,41,3
2096135,0,919,0,40,2,4,2,1,40,34,3
2082997,0,919,0,40,3,10,2,1,41,12,3
2101292,0,919,0,40,2,3,2,1,31,23,3
2113099,0,919,0,40,3,2,2,1,19,31,3
2116976,0,919,0,40,3,2,2,1,14,37,3
2117260,0,919,0,40,2,2,2,1,13,55,3
2111061,0,919,0,40,3,3,2,1,22,27,3
2116129,0,919,0,40,2,2,2,1,14,84,3
2119909,0,919,0,40,2,1,2,1,12,33,3
2097165,0,919,0,40,2,4,2,1,37,61,3
2096507,0,919,0,40,3,5,2,1,27,74,3
2094739,0,919,0,40,3,5,2,1,40,64,3
2109439,0,919,0,40,2,2,2,1,22,54,3
2114529,0,919,0,40,2,2,2,1,15,70,3
2107557,0,919,0,40,3,3,2,1,24,51,3
2075040,0,919,0,40,2,10,2,1,84,48,3
2087334,0,919,0,40,2,8,2,1,57,73,3
2106514,0,919,0,40,3,4,2,1,21,16,3
2100933,0,919,0,40,2,4,2,1,39,50,3
2117594,0,919,0,40,3,2,2,1,13,15,3
2103609,0,919,0,40,3,5,2,1,21,28,3
2108913,0,919,0,40,2,4,2,1,24,53,3
2102091,0,919,0,40,2,6,2,1,28,47,3
2095912,0,919,0,40,2,7,2,1,35,36,3
2078857,0,919,0,40,3,12,2,1,56,30,3
2120120,0,919,0,40,2,1,2,1,11,25,3
2101444,0,919,0,40,3,2,2,1,41,47,3
2102361,0,919,0,40,2,3,2,1,39,37,3
2077105,0,919,0,40,2,7,2,1,77,18,3
2112145,0,919,0,40,2,1,2,1,25,39,3
2083615,0,919,0,40,3,6,2,1,59,11,3
2110786,0,919,0,40,3,2,2,1,23,21,3
2082360,0,919,0,40,3,10,2,1,51,17,3
2070024,0,919,0,40,2,10,2,1,60,26,3
2101010,0,919,0,40,3,4,2,1,35,33,3
2096469,0,919,0,40,2,4,2,1,49,57,3
1971513,0,919,0,40,2,34,2,1,202,33,3
2112740,0,919,0,40,3,1,2,1,19,53,3
2115309,0,919,0,40,2,1,2,1,19,46,3
2112124,0,919,0,40,2,2,2,1,20,33,3
2071801,0,919,0,40,3,6,2,1,50,42,3
2112773,1,919,896,35.818,2,2,2,1,19,75,3
2100813,0,919,0,40,2,6,2,1,31,32,3
2100368,0,919,0,40,3,4,2,1,34,19,3
2117384,0,919,0,40,2,1,2,1,17,19,3
2068085,0,919,0,40,2,5,2,1,62,52,3
2101092,0,919,0,40,2,5,2,1,30,61,3
2081372,1,919,909,16.545,3,10,2,1,57,32,3
2118072,0,919,0,40,2,1,2,1,16,71,3
2112196,0,919,0,40,2,2,2,1,19,37,3
2086339,0,919,0,40,3,8,2,1,43,32,3
2073646,0,919,0,40,2,10,2,1,73,30,3
2102704,0,919,0,40,2,4,2,1,30,26,3
2111957,0,919,0,40,2,3,2,1,22,22,3
2033399,0,919,0,40,2,10,2,1,112,51,3
2084054,0,919,0,40,3,5,2,1,59,21,3
2103771,0,919,0,40,2,2,2,1,33,71,3
2116454,0,919,0,40,3,2,2,1,15,26,3
2112999,0,919,0,40,2,2,2,1,23,40,3
2075862,1,919,880,14.5941,3,11,2,1,71,49,3
2118518,0,919,0,40,3,1,2,1,14,21,3
2118935,0,919,0,40,3,1,2,1,14,41,3
2119365,0,919,0,40,3,1,2,1,14,54,3
2093195,0,919,0,40,2,5,2,1,39,52,3
2069725,0,919,0,40,3,9,2,1,82,48,3
2099240,0,919,0,40,2,6,2,1,31,40,3
2106865,0,919,0,40,2,3,2,1,28,47,3
2072437,0,919,0,40,3,8,2,1,48,37,3
2111871,0,919,0,40,2,3,2,1,20,31,3
2093355,0,919,0,40,2,6,2,1,37,33,3
2110685,0,919,0,40,3,3,2,1,23,40,3
2112412,0,919,0,40,3,3,2,1,18,21,3
2119421,0,919,0,40,2,1,2,1,13,9,3
2078802,0,919,0,40,3,7,2,1,52,40,3
2104383,0,919,0,40,2,3,2,1,30,29,3
2093697,0,919,0,40,3,6,2,1,37,54,3
2098487,0,919,0,40,2,4,2,1,40,84,3
2119400,0,919,0,40,2,1,2,1,12,34,3
2119808,0,919,0,40,3,1,2,1,12,51,3
2090808,0,919,0,40,2,6,2,1,44,28,3
2087502,0,919,0,40,2,6,2,1,43,32,3
2089948,0,919,0,40,3,5,2,1,46,19,3
2076384,0,919,0,40,3,12,2,1,72,48,3
2098772,0,919,0,40,2,5,2,1,31,27,3
2077743,0,919,0,40,3,11,2,1,65,41,3
2115666,0,919,0,40,2,2,2,1,13,57,3
2101891,0,919,0,40,2,5,2,1,31,37,3
2103093,0,919,0,40,2,4,2,1,25,44,3
2112763,0,919,0,40,3,3,2,1,18,24,3
2119349,0,919,0,40,3,2,2,1,12,44,3
2120579,0,919,0,40,2,1,2,1,11,49,3
2120671,0,919,0,40,3,1,2,1,11,64,3
2073910,0,919,0,40,3,8,2,1,84,51,3
2107236,0,919,0,40,3,1,2,1,35,62,3
2114148,0,919,0,40,3,1,2,1,24,33,3
2114376,0,919,0,40,3,1,2,1,22,49,3
2106418,0,919,0,40,2,3,2,1,27,20,3
2113044,0,919,0,40,2,2,2,1,21,77,3
2080204,0,919,0,40,2,8,2,1,73,31,3
2097561,0,919,0,40,3,5,2,1,39,52,3
2105804,0,919,0,40,2,3,2,1,23,31,3
2106408,0,919,0,40,3,3,2,1,33,41,3
2097464,0,919,0,40,2,4,2,1,32,39,3
2108193,0,919,0,40,2,3,2,1,24,59,3
2092366,0,919,0,40,2,8,2,1,39,65,3
2089318,0,919,0,40,2,7,2,1,45,63,3
2119285,0,919,0,40,3,1,2,1,15,50,3
2119359,0,919,0,40,3,1,2,1,15,62,3
2110629,0,919,0,40,3,2,2,1,18,69,3
2090398,1,919,903,40,2,5,2,1,55,40,3
2070999,0,919,0,40,3,13,2,1,59,34,3
2078848,0,919,0,40,3,8,2,1,76,22,3
2079935,0,919,0,40,3,11,2,1,56,33,3
2118121,0,919,0,40,2,1,2,1,14,50,3
2119427,0,919,0,40,3,1,2,1,14,43,3
2106223,0,919,0,40,2,3,2,1,28,49,3
2106188,0,919,0,40,3,3,2,1,24,36,3
2090269,0,919,0,40,2,6,2,1,44,45,3
2119432,0,919,0,40,3,1,2,1,13,13,3
2120470,0,919,0,40,3,1,2,1,13,65,3
2120522,0,919,0,40,3,1,2,1,13,42,3
2084482,0,919,0,40,2,6,2,1,63,28,3
2099686,0,919,0,40,3,5,2,1,32,71,3
2120723,0,919,0,40,3,1,2,1,12,61,3
2096957,0,919,0,40,2,6,2,1,30,49,3
2099462,0,919,0,40,3,6,2,1,23,45,3
2114954,0,919,0,40,2,2,2,1,18,13,3
2000936,0,919,0,40,3,22,2,1,128,40,3
2092642,0,919,0,40,3,5,2,1,36,36,3
2108280,0,919,0,40,2,4,2,1,26,73,3
2095040,0,919,0,40,3,7,2,1,29,52,3
2120734,0,919,0,40,2,1,2,1,11,65,3
2121207,0,919,0,40,3,1,2,1,11,34,3
2087331,0,919,0,40,2,5,2,1,49,50,3
2115999,0,919,0,40,2,2,2,1,17,20,3
2113764,0,919,0,40,3,2,2,1,20,42,3
2099291,0,919,0,40,3,3,2,1,44,45,3
2087106,0,919,0,40,2,8,2,1,54,53,3
2114930,0,919,0,40,3,2,2,1,17,68,3
2105130,0,919,0,40,3,4,2,1,24,15,3
2093119,0,919,0,40,2,8,2,1,35,53,3
2120788,0,919,0,40,2,1,2,1,11,47,3
2118332,0,919,0,40,2,0,2,1,10,58,3
2118752,0,919,0,40,2,0,2,1,10,28,3
2119016,0,919,0,40,3,0,2,1,10,43,3
2119414,0,919,0,40,2,0,2,1,10,56,3
2119574,0,919,0,40,2,0,2,1,10,22,3
2119734,0,919,0,40,2,0,2,1,10,27,3
2119983,0,919,0,40,2,0,2,1,10,64,3
2120175,0,919,0,40,3,0,2,1,10,67,3
2120383,0,919,0,40,3,0,2,1,10,37,3
2120415,0,919,0,40,2,0,2,1,10,34,3
2120592,0,919,0,40,2,0,2,1,10,52,3
2120624,0,919,0,40,3,0,2,1,10,25,3
2120688,0,919,0,40,3,0,2,1,10,58,3
2120880,0,919,0,40,3,0,2,1,10,47,3
2121054,0,919,0,40,3,0,2,1,10,51,3
2121126,0,919,0,40,3,0,2,1,10,52,3
2121166,0,919,0,40,3,0,2,1,10,27,3
2121178,0,919,0,40,3,0,2,1,10,50,3
2121218,0,919,0,40,3,0,2,1,10,34,3
2121266,0,919,0,40,2,0,2,1,10,26,3
2121290,0,919,0,40,3,0,2,1,10,51,3
2121306,0,919,0,40,3,0,2,1,10,42,3
2121322,0,919,0,40,2,0,2,1,10,41,3
2121346,0,919,0,40,2,0,2,1,10,42,3
2121402,0,919,0,40,2,0,2,1,10,42,3
2121426,0,919,0,40,3,0,2,1,10,40,3
2121450,0,919,0,40,3,0,2,1,10,54,3
2121506,0,919,0,40,3,0,2,1,10,25,3
2121578,0,919,0,40,3,0,2,1,10,33,3
2121642,0,919,0,40,3,0,2,1,10,34,3
2121678,0,919,0,40,2,0,2,1,10,35,3
2121694,0,919,0,40,3,0,2,1,10,23,3
2121698,0,919,0,40,3,0,2,1,10,34,3
2121734,0,919,0,40,2,0,2,1,10,69,3
2121738,0,919,0,40,2,0,2,1,10,73,3
2121758,0,919,0,40,2,0,2,1,10,40,3
2121802,0,919,0,40,2,0,2,1,10,56,3
2121806,0,919,0,40,2,0,2,1,10,43,3
2121826,0,919,0,40,2,0,2,1,10,70,3
2121862,0,919,0,40,3,0,2,1,10,50,3
2121886,0,919,0,40,2,0,2,1,10,72,3
2121898,0,919,0,40,2,0,2,1,10,29,3
2121914,0,919,0,40,2,0,2,1,10,31,3
2121946,0,919,0,40,2,0,2,1,10,25,3
2121962,0,919,0,40,2,0,2,1,10,55,3
2121970,0,919,0,40,3,0,2,1,10,76,3
2121974,0,919,0,40,3,0,2,1,10,9,3
2122034,0,919,0,40,3,0,2,1,10,63,3
2122070,0,919,0,40,2,0,2,1,10,24,3
2122086,0,919,0,40,3,0,2,1,10,52,3
2122114,0,919,0,40,3,0,2,1,10,49,3
2122134,0,919,0,40,2,0,2,1,10,34,3
2122150,0,919,0,40,3,0,2,1,10,31,3
2122158,0,919,0,40,3,0,2,1,10,101,3
2122174,0,919,0,40,3,0,2,1,10,47,3
2122186,0,919,0,40,3,0,2,1,10,35,3
2122198,0,919,0,40,2,0,2,1,10,38,3
2122214,0,919,0,40,3,0,2,1,10,17,3
2122218,0,919,0,40,3,0,2,1,10,18,3
2122234,0,919,0,40,2,0,2,1,10,22,3
2122242,0,919,0,40,2,0,2,1,10,36,3
2122257,0,919,0,40,3,0,2,1,10,51,3
2122267,0,919,0,40,2,0,2,1,10,29,3
2122269,0,919,0,40,3,0,2,1,10,15,3
2122271,0,919,0,40,2,0,2,1,10,18,3
2122293,0,919,0,40,2,0,2,1,10,41,3
2122307,0,919,0,40,2,0,2,1,10,74,3
2122311,0,919,0,40,2,0,2,1,10,27,3
2122313,0,919,0,40,3,0,2,1,10,99,3
2122315,0,919,0,40,2,0,2,1,10,60,3
2122317,0,919,0,40,2,0,2,1,10,52,3
2122325,0,919,0,40,3,0,2,1,10,100,3
2122337,0,919,0,40,3,0,2,1,10,76,3
2122345,0,919,0,40,2,0,2,1,10,90,3
2122367,0,919,0,40,3,0,2,1,10,37,3
2122373,0,919,0,40,2,0,2,1,10,68,3
2122377,0,919,0,40,3,0,2,1,10,40,3
2122385,0,919,0,40,3,0,2,1,10,37,3
2122387,0,919,0,40,3,0,2,1,10,39,3
2122405,0,919,0,40,3,0,2,1,10,37,3
2122411,0,919,0,40,2,0,2,1,10,54,3
2122413,0,919,0,40,2,0,2,1,10,27,3
2122419,0,919,0,40,2,0,2,1,10,20,3
2122421,0,919,0,40,3,0,2,1,10,26,3
2122425,0,919,0,40,3,0,2,1,10,65,3
2122437,0,919,0,40,2,0,2,1,10,37,3
2122457,0,919,0,40,3,0,2,1,10,37,3
2122469,0,919,0,40,3,0,2,1,10,13,3
2122477,0,919,0,40,3,0,2,1,10,28,3
2122479,0,919,0,40,2,0,2,1,10,49,3
2122485,0,919,0,40,3,0,2,1,10,47,3
2122499,0,919,0,40,2,0,2,1,10,43,3
2122511,0,919,0,40,2,0,2,1,10,51,3
2122515,0,919,0,40,3,0,2,1,10,62,3
2122531,0,919,0,40,3,0,2,1,10,36,3
2122535,0,919,0,40,3,0,2,1,10,89,3
2122541,0,919,0,40,3,0,2,1,10,26,3
2122559,0,919,0,40,3,0,2,1,10,58,3
2122561,0,919,0,40,3,0,2,1,10,86,3
2122569,0,919,0,40,2,0,2,1,10,44,3
2122571,0,919,0,40,3,0,2,1,10,34,3
2122573,0,919,0,40,3,0,2,1,10,18,3
2122575,0,919,0,40,3,0,2,1,10,36,3
2122591,0,919,0,40,3,0,2,1,10,19,3
2122595,0,919,0,40,3,0,2,1,10,50,3
2122615,0,919,0,40,2,0,2,1,10,129,3
2122621,0,919,0,40,2,0,2,1,10,68,3
2122623,0,919,0,40,3,0,2,1,10,34,3
2122631,0,919,0,40,2,0,2,1,10,55,3
2122633,0,919,0,40,2,0,2,1,10,31,3
2122643,0,919,0,40,2,0,2,1,10,67,3
2122645,0,919,0,40,3,0,2,1,10,27,3
2122651,0,919,0,40,3,0,2,1,10,55,3
2122655,0,919,0,40,3,0,2,1,10,48,3
2122667,0,919,0,40,3,0,2,1,10,25,3
2122683,0,919,0,40,3,0,2,1,10,26,3
2122693,0,919,0,40,2,0,2,1,10,50,3
2122699,0,919,0,40,2,0,2,1,10,31,3
2122701,0,919,0,40,2,0,2,1,10,80,3
2122707,0,919,0,40,3,0,2,1,10,46,3
2122711,0,919,0,40,2,0,2,1,10,65,3
2122725,0,919,0,40,3,0,2,1,10,23,3
2122739,0,919,0,40,2,0,2,1,10,27,3
2122741,0,919,0,40,2,0,2,1,10,31,3
2122743,0,919,0,40,2,0,2,1,10,22,3
2122749,0,919,0,40,2,0,2,1,10,58,3
2122763,0,919,0,40,3,0,2,1,10,25,3
2122765,0,919,0,40,2,0,2,1,10,58,3
2122785,0,919,0,40,2,0,2,1,10,40,3
2122795,0,919,0,40,2,0,2,1,10,65,3
2098823,0,919,0,40,3,3,2,1,27,43,3
2112577,0,919,0,40,2,3,2,1,12,25,3
2081537,0,919,0,40,3,10,2,1,48,58,3
2114757,0,919,0,40,2,1,2,1,11,40,3
2109358,0,919,0,40,3,2,2,1,14,36,3
2085126,0,919,0,40,3,7,2,1,35,31,3
2113757,0,919,0,40,3,1,2,1,13,96,3
2100798,0,919,0,40,3,5,2,1,25,22,3
2085103,0,919,0,40,2,6,2,1,50,62,3
2102312,0,919,0,40,2,2,2,1,31,22,3
2106912,0,919,0,40,2,2,2,1,22,66,3
2089353,0,919,0,40,2,5,2,1,43,9,3
2073931,0,919,0,40,3,13,2,1,61,39,3
2096873,0,919,0,40,2,3,2,1,41,67,3
2109920,0,919,0,40,3,2,2,1,18,34,3
2103737,0,919,0,40,3,4,2,1,19,69,3
2085949,0,919,0,40,2,4,2,1,58,53,3
2094872,0,919,0,40,3,3,2,1,42,91,3
2062504,0,919,0,40,2,9,2,1,80,35,3
2111436,0,919,0,40,2,1,2,1,20,45,3
2112048,0,919,0,40,3,1,2,1,19,54,3
2090249,0,919,0,40,2,4,2,1,44,51,3
2083352,0,919,0,40,2,6,2,1,49,22,3
2093823,0,919,0,40,2,5,2,1,36,88,3
2111605,0,919,0,40,3,2,2,1,16,57,3
2075539,0,919,0,40,3,9,2,1,75,91,3
2079091,0,919,0,40,2,9,2,1,60,35,3
2070685,0,919,0,40,2,14,2,1,78,56,3
2111485,0,919,0,40,3,2,2,1,16,33,3
2067563,0,919,0,40,3,8,2,1,58,58,3
2112163,0,919,0,40,3,1,2,1,12,67,3
2116376,0,919,0,40,3,1,2,1,12,34,3
2106288,0,919,0,40,3,3,2,1,21,43,3
2075430,0,919,0,40,2,8,2,1,77,47,3
2076600,0,919,0,40,2,9,2,1,64,20,3
2101351,0,919,0,40,3,3,2,1,33,37,3
2115247,0,919,0,40,3,2,2,1,12,59,3
2092583,0,919,0,40,3,2,2,1,53,74,3
2105679,0,919,0,40,2,1,2,1,32,54,3
2093723,0,919,0,40,2,4,2,1,46,39,3
2104043,0,919,0,40,3,2,2,1,28,48,3
2073776,0,919,0,40,2,9,2,1,81,45,3
2106044,0,919,0,40,2,3,2,1,24,69,3
2071256,0,919,0,40,3,4,2,1,43,52,3
2086848,0,919,0,40,2,8,2,1,42,34,3
2114601,0,919,0,40,3,1,2,1,16,25,3
2097976,0,919,0,40,2,2,2,1,39,102,3
2101061,0,919,0,40,3,4,2,1,23,26,3
2093957,0,919,0,40,3,7,2,1,34,73,3
2096007,0,919,0,40,2,5,2,1,37,67,3
2114292,0,919,0,40,2,1,2,1,15,40,3
2089548,0,919,0,40,3,6,2,1,39,48,3
2097867,0,919,0,40,2,4,2,1,21,119,3
2110240,0,919,0,40,2,3,2,1,17,36,3
2102945,0,919,0,40,3,5,2,1,24,83,3
2113855,0,919,0,40,3,1,2,1,14,56,3
2112694,0,919,0,40,3,2,2,1,14,49,3
2104511,1,919,904,24.8504,3,3,2,1,21,88,3
2101687,0,919,0,40,3,4,2,1,22,64,3
2078928,0,919,0,40,3,8,2,1,66,37,3
2070817,0,919,0,40,3,7,2,1,50,43,3
2087832,0,919,0,40,2,7,2,1,49,15,3
2117048,0,919,0,40,2,1,2,1,12,38,3
2071794,0,919,0,40,2,8,2,1,35,36,3
2067147,0,919,0,40,3,9,2,1,57,33,3
2076420,0,919,0,40,2,7,2,1,75,67,3
2114416,0,919,0,40,3,2,2,1,12,65,3
2108371,0,919,0,40,3,3,2,1,19,28,3
2106676,0,919,0,40,2,4,2,1,24,53,3
2117146,0,919,0,40,2,1,2,1,11,37,3
2064881,0,919,0,40,2,12,2,1,79,15,3
2080009,0,919,0,40,2,7,2,1,60,60,3
2101898,0,919,0,40,2,4,2,1,30,49,3
2113480,0,919,0,40,3,3,2,1,12,64,3
2068519,0,919,0,40,2,10,2,1,54,55,3
2118138,0,919,0,40,3,1,2,1,10,22,3
2085314,0,919,0,40,2,4,2,1,65,35,3
2103393,0,919,0,40,2,2,2,1,31,60,3
2100930,0,919,0,40,2,2,2,1,35,42,3
2077263,0,919,0,40,3,10,2,1,59,40,3
2098111,0,919,0,40,2,4,2,1,36,49,3
2091094,0,919,0,40,2,5,2,1,38,14,3
2074230,0,919,0,40,3,10,2,1,73,44,3
2106969,0,919,0,40,3,2,2,1,27,43,3
2111811,0,919,0,40,2,1,2,1,18,47,3
2105079,0,919,0,40,2,3,2,1,23,44,3
2114383,0,919,0,40,3,1,2,1,17,14,3
2074343,0,919,0,40,2,12,2,1,74,72,3
2113473,1,919,905,15.8163,3,1,2,1,16,28,3
2115124,0,919,0,40,3,1,2,1,16,26,3
2099983,0,919,0,40,2,3,2,1,30,67,3
2093911,0,919,0,40,2,4,2,1,43,24,3
2115191,0,919,0,40,3,1,2,1,15,60,3
2074714,0,919,0,40,3,10,2,1,63,34,3
2104845,0,919,0,40,3,4,2,1,24,28,3
2090069,0,919,0,40,2,5,2,1,44,35,3
2116036,0,919,0,40,3,1,2,1,14,49,3
2050358,0,919,0,40,3,11,2,1,65,28,3
2098485,0,919,0,40,2,4,2,1,29,55,3
2109891,0,919,0,40,3,2,2,1,24,14,3
2114917,0,919,0,40,2,1,2,1,13,22,3
2116846,0,919,0,40,2,1,2,1,13,33,3
2093361,0,919,0,40,3,5,2,1,31,53,3
2088866,0,919,0,40,2,5,2,1,42,59,3
2083982,0,919,0,40,2,5,2,1,62,16,3
2096268,0,919,0,40,3,5,2,1,39,39,3
2114877,0,919,0,40,3,1,2,1,12,18,3
2116517,0,919,0,40,3,1,2,1,12,27,3
2065723,0,919,0,40,3,6,2,1,66,30,3
2104104,0,919,0,40,3,4,2,1,26,33,3
2095827,0,919,0,40,2,4,2,1,37,96,3
2071735,0,919,0,40,3,7,2,1,61,62,3
2111556,0,919,0,40,3,3,2,1,14,52,3
2112623,0,919,0,40,2,2,2,1,17,41,3
2097971,0,919,0,40,2,6,2,1,31,5,3
2087601,0,919,0,40,3,9,2,1,42,96,3
2117710,0,919,0,40,3,1,2,1,11,64,3
2109798,0,919,0,40,3,2,2,1,13,53,3
2081040,0,919,0,40,2,7,2,1,61,44,3
2068838,0,919,0,40,2,8,2,1,53,88,3
2068338,0,919,0,40,3,8,2,1,65,34,3
2112915,0,919,0,40,2,3,2,1,12,24,3
2099618,0,919,0,40,2,4,2,1,29,43,3
2099611,0,919,0,40,3,3,2,1,36,43,3
2114962,1,919,905,40,2,2,2,1,13,35,3
2089441,0,919,0,40,2,8,2,1,45,62,3
2118295,0,919,0,40,3,1,2,1,10,24,3
2118501,0,919,0,40,2,1,2,1,10,39,3
2102880,0,919,0,40,3,2,2,1,32,63,3
2105838,0,919,0,40,2,1,2,1,29,41,3
2084232,0,919,0,40,2,5,2,1,64,44,3
2088046,0,919,0,40,3,3,2,1,50,43,3
2096143,0,919,0,40,2,5,2,1,37,26,3
2081951,0,919,0,40,3,9,2,1,46,46,3
2099447,0,919,0,40,2,2,2,1,36,40,3
2104291,0,919,0,40,3,2,2,1,25,44,3
2110743,0,919,0,40,3,1,2,1,22,73,3
2096678,0,919,0,40,2,4,2,1,44,84,3
2106403,0,919,0,40,2,2,2,1,21,34,3
2093661,0,919,0,40,3,5,2,1,38,57,3
2091891,0,919,0,40,2,6,2,1,34,33,3
2087802,0,919,0,40,2,9,2,1,45,26,3
2077907,0,919,0,40,2,7,2,1,67,23,3
2107325,1,919,897,32.6821,2,2,2,1,31,40,3
2087326,0,919,0,40,2,7,2,1,51,50,3
2090609,1,919,896,18.149,3,5,2,1,42,70,3
2113514,0,919,0,40,3,2,2,1,18,58,3
2114994,0,919,0,40,3,1,2,1,17,26,3
2090737,0,919,0,40,2,6,2,1,47,46,3
2101046,0,919,0,40,3,3,2,1,27,48,3
2102952,0,919,0,40,2,3,2,1,25,26,3
2081246,0,919,0,40,2,10,2,1,76,29,3
2115529,0,919,0,40,3,1,2,1,16,70,3
2086794,0,919,0,40,3,6,2,1,47,26,3
2108726,0,919,0,40,2,2,2,1,20,121,3
2108547,0,919,0,40,3,2,2,1,25,43,3
2116284,0,919,0,40,2,1,2,1,15,48,3
2062224,0,919,0,40,2,12,2,1,78,98,3
2088166,0,919,0,40,2,6,2,1,54,40,3
2116127,0,919,0,40,3,1,2,1,14,88,3
2082830,0,919,0,40,2,7,2,1,50,23,3
2114497,0,919,0,40,3,2,2,1,14,49,3
2068653,0,919,0,40,2,8,2,1,55,67,3
2091013,0,919,0,40,3,4,2,1,50,16,3
2116413,0,919,0,40,2,1,2,1,13,54,3
2116911,0,919,0,40,2,1,2,1,13,62,3
2105479,0,919,0,40,2,3,2,1,24,30,3
2074961,0,919,0,40,3,7,2,1,80,71,3
2072913,0,919,0,40,2,12,2,1,83,37,3
2102557,0,919,0,40,3,4,2,1,27,18,3
2076638,0,919,0,40,3,12,2,1,65,44,3
2088472,0,919,0,40,2,7,2,1,48,54,3
2107850,0,919,0,40,3,3,2,1,21,45,3
2109799,0,919,0,40,3,2,2,1,24,75,3
2115638,0,919,0,40,3,1,2,1,12,75,3
2116697,0,919,0,40,3,1,2,1,12,37,3
2117357,0,919,0,40,3,1,2,1,12,69,3
2117742,0,919,0,40,2,1,2,1,12,74,3
2109655,0,919,0,40,3,3,2,1,13,45,3
2100716,0,919,0,40,3,5,2,1,19,32,3
2070153,0,919,0,40,2,5,2,1,54,72,3
2096628,0,919,0,40,3,5,2,1,29,35,3
2106210,0,919,0,40,2,4,2,1,18,52,3
2079343,0,919,0,40,2,7,2,1,57,71,3
2115240,0,919,0,40,2,2,2,1,14,39,3
2115736,0,919,0,40,2,2,2,1,12,84,3
2111143,0,919,0,40,2,3,2,1,16,49,3
2070832,0,919,0,40,3,9,2,1,42,37,3
2118341,0,919,0,40,3,1,2,1,11,30,3
2118459,0,919,0,40,3,1,2,1,11,33,3
2118689,0,919,0,40,3,1,2,1,11,37,3
2069537,1,919,906,40,2,9,2,1,49,23,3
2101302,0,919,0,40,2,5,2,1,18,45,3
2096530,0,919,0,40,3,7,2,1,27,28,3
2087552,0,919,0,40,2,5,2,1,41,20,3
2108357,0,919,0,40,3,4,2,1,17,83,3
2115270,0,919,0,40,2,2,2,1,15,37,3
2044040,0,919,0,40,2,11,2,1,89,34,3
2117823,0,919,0,40,2,1,2,1,10,54,3
2118366,0,919,0,40,2,1,2,1,10,28,3
2118690,0,919,0,40,2,1,2,1,10,56,3
2107283,0,919,0,40,3,1,2,1,32,50,3
2060798,0,919,0,40,3,12,2,1,71,37,3
2111050,0,919,0,40,3,1,2,1,25,83,3
2094419,0,919,0,40,2,3,2,1,47,51,3
2103610,0,919,0,40,3,3,2,1,33,44,3
2077188,0,919,0,40,2,9,2,1,67,43,3
2112877,0,919,0,40,3,1,2,1,22,20,3
2074707,0,919,0,40,2,10,2,1,76,29,3
2101524,0,919,0,40,3,2,2,1,38,32,3
2107750,0,919,0,40,3,2,2,1,22,66,3
2092745,0,919,0,40,3,4,2,1,41,46,3
2114024,0,919,0,40,3,1,2,1,20,32,3
2110946,0,919,0,40,2,2,2,1,22,84,3
2102698,0,919,0,40,2,3,2,1,26,51,3
2086467,0,919,0,40,3,6,2,1,57,29,3
2104087,0,919,0,40,2,3,2,1,22,43,3
2101794,0,919,0,40,3,5,2,1,29,30,3
2105122,0,919,0,40,2,3,2,1,24,15,3
2115298,0,919,0,40,2,1,2,1,18,63,3
2084540,0,919,0,40,3,6,2,1,50,82,3
2102410,0,919,0,40,2,5,2,1,24,57,3
2108713,0,919,0,40,3,2,2,1,25,24,3
2115817,0,919,0,40,3,1,2,1,17,65,3
2088441,0,919,0,40,3,6,2,1,42,34,3
2072907,0,919,0,40,3,13,2,1,83,38,3
2109779,0,919,0,40,3,3,2,1,22,26,3
2090740,0,919,0,40,2,5,2,1,51,46,3
2103126,0,919,0,40,3,4,2,1,31,49,3
2114354,0,919,0,40,3,1,2,1,16,57,3
2116192,0,919,0,40,3,1,2,1,16,54,3
2083390,0,919,0,40,3,7,2,1,47,41,3
2105338,0,919,0,40,2,4,2,1,23,17,3
2113328,0,919,0,40,2,2,2,1,18,33,3
2111208,0,919,0,40,2,3,2,1,20,21,3
2116091,0,919,0,40,2,1,2,1,15,31,3
2108367,0,919,0,40,3,2,2,1,28,25,3
2091718,0,919,0,40,2,6,2,1,45,77,3
2117344,0,919,0,40,2,1,2,1,14,49,3
2088222,0,919,0,40,2,8,2,1,50,37,3
2111562,0,919,0,40,3,2,2,1,18,48,3
2077915,0,919,0,40,3,6,2,1,72,37,3
2112407,0,919,0,40,3,2,2,1,16,51,3
2090324,0,919,0,40,3,6,2,1,46,30,3
2100819,1,919,907,15.6155,3,5,2,1,29,22,3
2100210,0,919,0,40,3,6,2,1,26,60,3
2105805,0,919,0,40,2,2,2,1,32,39,3
2115359,0,919,0,40,2,2,2,1,15,26,3
2117872,0,919,0,40,3,1,2,1,13,28,3
2118230,0,919,0,40,2,1,2,1,13,46,3
2078766,0,919,0,40,3,8,2,1,66,42,3
2080681,0,919,0,40,2,9,2,1,55,36,3
2108644,0,919,0,40,2,2,2,1,23,55,3
2114567,0,919,0,40,3,2,2,1,14,32,3
2109275,0,919,0,40,3,2,2,1,21,61,3
2035292,0,919,0,40,3,19,2,1,122,66,3
2090246,0,919,0,40,3,7,2,1,30,45,3
2074331,0,919,0,40,2,11,2,1,75,51,3
2086970,0,919,0,40,2,8,2,1,52,73,3
2088746,0,919,0,40,2,6,2,1,45,19,3
2117861,0,919,0,40,2,1,2,1,12,26,3
2118315,0,919,0,40,2,1,2,1,12,22,3
2118653,0,919,0,40,2,1,2,1,12,28,3
2073435,0,919,0,40,3,14,2,1,59,26,3
2108772,0,919,0,40,3,3,2,1,17,14,3
2105558,0,919,0,40,3,4,2,1,24,57,3
2074261,1,919,899,38.6033,2,12,2,1,62,56,3
2081885,0,919,0,40,2,9,2,1,48,46,3
2094359,0,919,0,40,2,5,2,1,39,59,3
2092306,0,919,0,40,3,6,2,1,29,24,3
2111037,0,919,0,40,3,3,2,1,16,59,3
2072250,0,919,0,40,2,14,2,1,88,57,3
2081715,0,919,0,40,2,7,2,1,69,24,3
2108588,0,919,0,40,2,3,2,1,20,34,3
2078372,0,919,0,40,2,10,2,1,65,59,3
2093263,0,919,0,40,2,5,2,1,42,17,3
2117927,0,919,0,40,2,1,2,1,11,33,3
2118903,0,919,0,40,2,1,2,1,11,39,3
2073339,0,919,0,40,2,13,2,1,62,34,3
2099785,0,919,0,40,2,4,2,1,27,55,3
2095268,0,919,0,40,3,6,2,1,23,19,3
2111738,0,919,0,40,2,2,2,1,16,54,3
2072241,0,919,0,40,3,4,2,1,47,28,3
2106475,0,919,0,40,3,3,2,1,22,76,3
2094912,0,919,0,40,2,5,2,1,35,75,3
2087711,0,919,0,40,3,7,2,1,44,38,3
2111734,0,919,0,40,3,2,2,1,19,37,3
2104371,0,919,0,40,2,4,2,1,18,49,3
2083419,0,919,0,40,2,6,2,1,49,67,3
2116208,0,919,0,40,2,2,2,1,12,54,3
2106067,0,919,0,40,3,3,2,1,27,49,3
2116296,0,919,0,40,2,2,2,1,13,35,3
2104337,0,919,0,40,2,4,2,1,28,62,3
2090374,0,919,0,40,2,5,2,1,52,83,3
2116781,0,919,0,40,3,1,2,1,10,106,3
2117899,0,919,0,40,2,1,2,1,10,21,3
2118846,0,919,0,40,3,1,2,1,10,39,3
2119707,0,919,0,40,3,1,2,1,10,58,3
2093690,0,919,0,40,2,2,2,1,58,41,3
2091184,0,919,0,40,2,4,2,1,52,44,3
2070745,1,919,908,40,2,4,2,1,63,51,3
2111340,0,919,0,40,2,1,2,1,25,63,3
2112679,0,919,0,40,3,1,2,1,23,64,3
2097992,0,919,0,40,3,2,2,1,44,10,3
2109976,0,919,0,40,2,2,2,1,23,53,3
2087948,0,919,0,40,2,6,2,1,43,38,3
2091664,0,919,0,40,3,6,2,1,39,75,3
2089015,0,919,0,40,2,6,2,1,48,62,3
2085515,0,919,0,40,3,8,2,1,43,10,3
2113261,0,919,0,40,2,1,2,1,20,27,3
2114641,0,919,0,40,3,1,2,1,20,44,3
2085281,0,919,0,40,3,7,2,1,56,42,3
2083447,0,919,0,40,2,8,2,1,51,45,3
2070080,0,919,0,40,2,2,2,1,63,35,3
2076670,0,919,0,40,2,9,2,1,79,20,3
2072148,0,919,0,40,3,5,2,1,48,75,3
2111341,0,919,0,40,3,2,2,1,20,66,3
2071665,0,919,0,40,2,5,2,1,65,85,3
2112227,0,919,0,40,3,1,2,1,18,63,3
2068852,0,919,0,40,3,6,2,1,53,42,3
2103277,0,919,0,40,2,3,2,1,29,29,3
2113498,0,919,0,40,2,2,2,1,18,26,3
2091401,0,919,0,40,3,4,2,1,53,51,3
2097803,0,919,0,40,2,7,2,1,37,31,3
2091012,0,919,0,40,3,7,2,1,40,32,3
2112273,0,919,0,40,2,2,2,1,18,50,3
2076553,0,919,0,40,3,9,2,1,68,24,3
2094894,0,919,0,40,2,3,2,1,49,31,3
2109562,0,919,0,40,2,3,2,1,23,37,3
2116898,0,919,0,40,3,1,2,1,16,71,3
2057207,0,919,0,40,2,10,2,1,96,24,3
2093981,0,919,0,40,2,4,2,1,37,48,3
2112602,0,919,0,40,2,2,2,1,17,40,3
2085223,0,919,0,40,3,7,2,1,55,32,3
2109859,0,919,0,40,3,3,2,1,19,56,3
2110925,0,919,0,40,3,3,2,1,19,49,3
2115037,0,919,0,40,3,1,2,1,15,75,3
2117182,0,919,0,40,2,1,2,1,15,46,3
2117270,0,919,0,40,3,1,2,1,15,32,3
2090411,0,919,0,40,3,6,2,1,30,43,3
2092905,0,919,0,40,3,5,2,1,39,35,3
2080302,0,919,0,40,3,8,2,1,66,29,3
2082252,0,919,0,40,2,7,2,1,59,15,3
2088351,0,919,0,40,2,4,2,1,53,58,3
2062580,0,919,0,40,3,10,2,1,47,68,3
2071292,0,919,0,40,2,6,2,1,37,23,3
2107724,0,919,0,40,3,2,2,1,27,43,3
2088303,0,919,0,40,3,5,2,1,58,24,3
2092619,0,919,0,40,2,4,2,1,51,47,3
2110338,0,919,0,40,2,3,2,1,20,28,3
2116613,0,919,0,40,2,1,2,1,14,51,3
2099023,0,919,0,40,2,5,2,1,30,87,3
2099138,0,919,0,40,2,5,2,1,24,47,3
2099032,0,919,0,40,2,5,2,1,24,32,3
2086392,0,919,0,40,3,7,2,1,45,53,3
2097229,0,919,0,40,2,6,2,1,33,43,3
2111697,0,919,0,40,2,2,2,1,21,37,3
2113441,0,919,0,40,3,2,2,1,16,55,3
2068920,0,919,0,40,2,11,2,1,73,13,3
2080047,0,919,0,40,2,13,2,1,58,18,3
2117837,0,919,0,40,3,1,2,1,13,32,3
2118219,0,919,0,40,2,1,2,1,13,34,3
2118313,0,919,0,40,3,1,2,1,13,35,3
2104910,0,919,0,40,3,3,2,1,22,51,3
2089717,0,919,0,40,2,9,2,1,37,60,3
2074054,0,919,0,40,3,8,2,1,76,35,3
2091922,0,919,0,40,2,5,2,1,36,47,3
2106579,0,919,0,40,3,3,2,1,28,11,3
2112499,0,919,0,40,2,2,2,1,19,55,3
2085253,0,919,0,40,2,10,2,1,52,45,3
2104803,0,919,0,40,3,3,2,1,31,43,3
2095542,0,919,0,40,3,5,2,1,34,56,3
2092544,0,919,0,40,2,5,2,1,42,46,3
2106898,0,919,0,40,2,3,2,1,22,22,3
2091871,0,919,0,40,3,5,2,1,42,21,3
2085876,0,919,0,40,2,6,2,1,63,51,3
2110216,0,919,0,40,2,3,2,1,20,39,3
2118386,0,919,0,40,2,1,2,1,12,30,3
2119029,0,919,0,40,3,1,2,1,12,43,3
2093983,0,919,0,40,3,4,2,1,37,45,3
2098440,0,919,0,40,3,4,2,1,23,50,3
2107942,0,919,0,40,2,3,2,1,14,18,3
2087549,0,919,0,40,2,4,2,1,59,26,3
2108922,0,919,0,40,2,3,2,1,14,17,3
2115064,0,919,0,40,2,2,2,1,13,68,3
2114855,0,919,0,40,2,2,2,1,13,45,3
2103344,0,919,0,40,2,6,2,1,20,41,3
2093077,0,919,0,40,2,7,2,1,43,45,3
2070751,0,919,0,40,2,6,2,1,37,20,3
2072552,0,919,0,40,3,11,2,1,87,19,3
2119122,0,919,0,40,3,1,2,1,11,53,3
2096888,0,919,0,40,3,4,2,1,31,59,3
2095214,0,919,0,40,3,5,2,1,29,29,3
2104635,0,919,0,40,2,3,2,1,22,63,3
2113650,0,919,0,40,3,2,2,1,13,28,3
2083235,0,919,0,40,2,7,2,1,48,67,3
2097600,0,919,0,40,3,4,2,1,33,51,3
2097905,0,919,0,40,3,5,2,1,36,41,3
2110249,0,919,0,40,3,2,2,1,20,52,3
2114577,0,919,0,40,2,3,2,1,13,50,3
2094297,0,919,0,40,2,4,2,1,42,73,3
2115971,0,919,0,40,3,2,2,1,14,59,3
2093588,0,919,0,40,3,6,2,1,38,22,3
2108437,0,919,0,40,3,3,2,1,22,49,3
2117104,0,919,0,40,2,2,2,1,12,48,3
2112988,0,919,0,40,2,2,2,1,18,50,3
2079540,0,919,0,40,3,9,2,1,58,67,3
2067813,0,919,0,40,2,8,2,1,68,35,3
2103458,1,919,902,25.4318,3,5,2,1,28,77,3
2118924,0,919,0,40,2,1,2,1,10,69,3
2119228,0,919,0,40,2,1,2,1,10,74,3
2119496,0,919,0,40,2,1,2,1,10,50,3
2120042,0,919,0,40,3,1,2,1,10,75,3
2120082,0,919,0,40,3,1,2,1,10,58,3
2120358,0,919,0,40,3,1,2,1,10,88,3
2120416,0,919,0,40,2,1,2,1,10,43,3
2099654,0,919,0,40,3,2,2,1,40,27,3
2083975,0,919,0,40,3,5,2,1,71,69,3
2096366,0,919,0,40,2,5,2,1,35,76,3
2113322,0,919,0,40,2,1,2,1,23,23,3
2113902,0,919,0,40,3,1,2,1,22,93,3
2094159,0,919,0,40,2,5,2,1,34,45,3
2103283,0,919,0,40,2,6,2,1,26,12,3
2111611,0,919,0,40,2,2,2,1,20,26,3
2103518,0,919,0,40,2,5,2,1,29,75,3
2103371,0,919,0,40,3,3,2,1,26,30,3
2109523,0,919,0,40,2,2,2,1,21,20,3
2112451,0,919,0,40,2,2,2,1,20,19,3
2109802,0,919,0,40,3,2,2,1,25,129,3
2111325,0,919,0,40,3,2,2,1,23,26,3
2094980,0,919,0,40,2,4,2,1,38,103,3
2108639,0,919,0,40,2,2,2,1,27,35,3
2112268,0,919,0,40,3,2,2,1,19,29,3
2070340,0,919,0,40,3,14,2,1,94,35,3
2095923,0,919,0,40,3,5,2,1,41,40,3
2075369,0,919,0,40,3,11,2,1,74,74,3
2087694,0,919,0,40,2,6,2,1,50,56,3
2117264,0,919,0,40,3,1,2,1,16,53,3
2056678,0,919,0,40,3,7,2,1,43,30,3
2107972,0,919,0,40,3,2,2,1,23,42,3
2109533,0,919,0,40,3,2,2,1,23,40,3
2066625,0,919,0,40,2,8,2,1,43,16,3
2088255,0,919,0,40,2,6,2,1,51,39,3
2114756,0,919,0,40,2,2,2,1,16,30,3
2111634,0,919,0,40,3,2,2,1,23,68,3
2103131,0,919,0,40,2,4,2,1,29,20,3
2102154,0,919,0,40,3,5,2,1,30,131,3
2117105,0,919,0,40,2,1,2,1,15,12,3
2106700,0,919,0,40,3,2,2,1,27,60,3
2107051,0,919,0,40,2,4,2,1,23,45,3
2087593,0,919,0,40,3,6,2,1,55,52,3
2098509,0,919,0,40,3,3,2,1,33,37,3
2098894,0,919,0,40,2,4,2,1,36,12,3
2114480,0,919,0,40,2,2,2,1,19,62,3
2117981,0,919,0,40,2,1,2,1,14,42,3
2118467,0,919,0,40,3,1,2,1,14,95,3
2118801,0,919,0,40,2,1,2,1,14,30,3
2069420,0,919,0,40,2,9,2,1,74,20,3
2073434,0,919,0,40,2,10,2,1,63,39,3
2074099,0,919,0,40,3,11,2,1,73,69,3
2096250,0,919,0,40,2,3,2,1,46,25,3
2110962,0,919,0,40,3,2,2,1,24,45,3
2076931,0,919,0,40,3,12,2,1,60,49,3
2070769,0,919,0,40,3,8,2,1,46,49,3
2118079,0,919,0,40,2,1,2,1,13,68,3
2081801,0,919,0,40,2,8,2,1,57,60,3
2105987,0,919,0,40,2,3,2,1,22,56,3
2116060,0,919,0,40,3,2,2,1,13,29,3
2108304,0,919,0,40,2,4,2,1,20,53,3
2107684,0,919,0,40,2,3,2,1,27,34,3
2109191,0,919,0,40,2,3,2,1,20,72,3
2097930,0,919,0,40,2,5,2,1,25,38,3
2119799,0,919,0,40,2,1,2,1,12,37,3
2087025,0,919,0,40,2,7,2,1,47,72,3
2096349,0,919,0,40,3,3,2,1,34,37,3
2102757,0,919,0,40,3,3,2,1,33,49,3
2069103,0,919,0,40,2,7,2,1,40,88,3
2088958,0,919,0,40,3,6,2,1,44,22,3
2106998,0,919,0,40,2,4,2,1,16,20,3
2110882,0,919,0,40,2,3,2,1,17,76,3
2114876,0,919,0,40,2,2,2,1,15,34,3
2077983,0,919,0,40,3,11,2,1,54,35,3
2117126,0,919,0,40,3,2,2,1,12,74,3
2097526,0,919,0,40,3,3,2,1,42,31,3
2079160,0,919,0,40,3,11,2,1,54,8,3
2112956,0,919,0,40,3,2,2,1,18,36,3
2088767,0,919,0,40,3,8,2,1,46,51,3
2100844,0,919,0,40,3,6,2,1,21,59,3
2112645,0,919,0,40,3,3,2,1,19,35,3
2106142,0,919,0,40,2,3,2,1,23,52,3
2113200,0,919,0,40,3,3,2,1,16,29,3
2119880,0,919,0,40,2,1,2,1,11,40,3
2120030,0,919,0,40,2,1,2,1,11,85,3
2120264,0,919,0,40,3,1,2,1,11,53,3
2120344,0,919,0,40,3,1,2,1,11,23,3
2069602,0,919,0,40,2,8,2,1,55,41,3
2115657,0,919,0,40,2,2,2,1,12,84,3
2113693,0,919,0,40,2,2,2,1,15,50,3
2112911,0,919,0,40,3,2,2,1,19,23,3
2071592,0,919,0,40,3,9,2,1,61,45,3
2111100,0,919,0,40,2,4,2,1,18,20,3
2116117,0,919,0,40,3,2,2,1,11,49,3
2111349,0,919,0,40,3,3,2,1,18,31,3
2105914,0,919,0,40,2,4,2,1,19,76,3
2102288,0,919,0,40,2,3,2,1,33,27,3
2102524,0,919,0,40,3,6,2,1,24,31,3
2116755,0,919,0,40,3,2,2,1,13,29,3
2116881,0,919,0,40,2,2,2,1,13,35,3
2104873,0,919,0,40,2,6,2,1,18,22,3
2078727,0,919,0,40,2,14,2,1,51,34,3
2098892,0,919,0,40,2,6,2,1,36,37,3
2119618,0,919,0,40,3,1,2,1,10,28,3
2120309,0,919,0,40,3,1,2,1,10,22,3
2120981,0,919,0,40,3,1,2,1,10,42,3
2096647,0,919,0,40,2,3,2,1,44,61,3
2072483,0,919,0,40,2,9,2,1,55,54,3
2069181,0,919,0,40,2,5,2,1,60,38,3
2107149,0,919,0,40,3,2,2,1,29,45,3
2104481,0,919,0,40,2,3,2,1,34,95,3
2108032,0,919,0,40,3,3,2,1,29,32,3
2098888,0,919,0,40,2,3,2,1,36,24,3
2096403,0,919,0,40,3,5,2,1,42,54,3
2086724,0,919,0,40,2,5,2,1,52,31,3
2092333,0,919,0,40,3,7,2,1,39,20,3
2108426,0,919,0,40,3,2,2,1,28,40,3
2073785,0,919,0,40,3,11,2,1,81,22,3
2091118,0,919,0,40,3,5,2,1,37,55,3
2112691,0,919,0,40,2,2,2,1,20,46,3
2082806,0,919,0,40,2,10,2,1,61,54,3
2106003,0,919,0,40,2,3,2,1,28,67,3
2100955,0,919,0,40,2,5,2,1,28,65,3
2109324,0,919,0,40,2,3,2,1,26,19,3
2098871,0,919,0,40,3,3,2,1,39,66,3
2100045,0,919,0,40,3,4,2,1,37,19,3
2103781,0,919,0,40,2,3,2,1,30,43,3
2071527,0,919,0,40,3,10,2,1,60,22,3
2103729,0,919,0,40,3,2,2,1,34,71,3
2086974,0,919,0,40,2,4,2,1,62,32,3
2085127,0,919,0,40,2,9,2,1,42,68,3
2109007,0,919,0,40,3,2,2,1,24,35,3
2090630,0,919,0,40,3,6,2,1,44,59,3
2112609,0,919,0,40,2,3,2,1,21,82,3
2117395,0,919,0,40,3,1,2,1,15,41,3
2102697,0,919,0,40,3,2,2,1,34,119,3
2109504,0,919,0,40,2,3,2,1,19,14,3
2070286,0,919,0,40,3,4,2,1,63,72,3
2110643,0,919,0,40,2,3,2,1,22,68,3
2115405,0,919,0,40,3,2,2,1,17,49,3
2118189,0,919,0,40,2,1,2,1,14,17,3
2070618,0,919,0,40,2,1,2,1,17,47,3
2100005,0,919,0,40,2,4,2,1,36,102,3
2105779,0,919,0,40,2,3,2,1,30,32,3
2109875,0,919,0,40,2,3,2,1,24,56,3
2091033,0,919,0,40,2,7,2,1,35,51,3
2096117,0,919,0,40,3,5,2,1,34,32,3
2118472,0,919,0,40,2,1,2,1,13,73,3
2119334,0,919,0,40,3,1,2,1,13,53,3
2119867,0,919,0,40,3,1,2,1,13,16,3
2078860,0,919,0,40,3,12,2,1,50,49,3
2093443,0,919,0,40,3,4,2,1,39,23,3
2097392,0,919,0,40,3,6,2,1,30,78,3
2099938,0,919,0,40,2,4,2,1,30,49,3
2107371,0,919,0,40,3,3,2,1,28,37,3
2093890,0,919,0,40,2,6,2,1,36,70,3
2082117,0,919,0,40,3,8,2,1,60,83,3
2112445,0,919,0,40,3,2,2,1,22,82,3
2099789,0,919,0,40,3,2,2,1,47,44,3
2075325,0,919,0,40,3,11,2,1,74,25,3
2117467,0,919,0,40,2,2,2,1,13,48,3
2109161,0,919,0,40,3,3,2,1,23,44,3
2118932,0,919,0,40,3,1,2,1,12,42,3
2119388,0,919,0,40,2,1,2,1,12,37,3
2119692,0,919,0,40,2,1,2,1,12,25,3
2073816,0,919,0,40,3,11,2,1,75,32,3
2069986,0,919,0,40,3,4,2,1,37,43,3
2116708,0,919,0,40,3,2,2,1,12,66,3
2090940,0,919,0,40,2,5,2,1,52,29,3
2075132,0,919,0,40,3,9,2,1,79,29,3
2086469,0,919,0,40,3,5,2,1,59,33,3
2105537,0,919,0,40,3,3,2,1,22,47,3
2079117,0,919,0,40,2,7,2,1,69,118,3
2095825,1,919,892,19.4048,3,5,2,1,37,44,3
2096680,0,919,0,40,3,6,2,1,39,36,3
2107544,0,919,0,40,2,4,2,1,17,57,3
2096558,0,919,0,40,2,6,2,1,36,15,3
2093548,0,919,0,40,3,5,2,1,34,50,3
2098598,0,919,0,40,3,6,2,1,25,46,3
2088008,0,919,0,40,2,7,2,1,44,20,3
2101627,0,919,0,40,2,3,2,1,37,39,3
2091697,0,919,0,40,2,6,2,1,42,51,3
2100811,0,919,0,40,2,4,2,1,38,72,3
2068028,0,919,0,40,3,11,2,1,57,35,3
2110671,0,919,0,40,2,4,2,1,18,51,3
2116340,0,919,0,40,2,2,2,1,17,32,3
2121093,0,919,0,40,2,1,2,1,10,11,3
2096463,0,919,0,40,3,5,2,1,48,32,3
2089765,0,919,0,40,3,7,2,1,46,13,3
2110389,0,919,0,40,3,2,2,1,22,49,3
2095519,0,919,0,40,3,5,2,1,42,39,3
2108530,0,919,0,40,3,2,2,1,24,55,3
2108736,0,919,0,40,2,2,2,1,26,59,3
2116528,0,919,0,40,2,1,2,1,20,37,3
2116207,0,919,0,40,2,1,2,1,19,19,3
2116834,0,919,0,40,3,1,2,1,19,22,3
2116954,0,919,0,40,3,1,2,1,19,37,3
2110122,0,919,0,40,3,2,2,1,24,29,3
2088384,0,919,0,40,2,6,2,1,54,62,3
2088257,0,919,0,40,2,9,2,1,41,32,3
2100519,0,919,0,40,2,4,2,1,36,16,3
2085706,0,919,0,40,2,8,2,1,50,33,3
2084060,0,919,0,40,3,8,2,1,61,25,3
2117717,0,919,0,40,2,1,2,1,16,84,3
2100758,0,919,0,40,3,6,2,1,29,35,3
2082033,0,919,0,40,3,7,2,1,58,21,3
2112953,0,919,0,40,2,2,2,1,22,57,3
2103722,0,919,0,40,2,4,2,1,33,33,3
2082664,0,919,0,40,2,8,2,1,56,29,3
2104764,0,919,0,40,3,3,2,1,27,58,3
2114079,0,919,0,40,3,2,2,1,14,35,3
2083086,0,919,0,40,3,7,2,1,55,62,3
2104141,0,919,0,40,3,3,2,1,29,25,3
2116903,0,919,0,40,2,2,2,1,15,73,3
2092120,0,919,0,40,2,7,2,1,50,38,3
2120189,0,919,0,40,2,1,2,1,12,32,3
2120537,0,919,0,40,2,1,2,1,12,53,3
2120947,0,919,0,40,2,1,2,1,12,19,3
2105739,0,919,0,40,3,3,2,1,28,32,3
2113110,0,919,0,40,3,2,2,1,18,11,3
2116203,0,919,0,40,3,2,2,1,12,15,3
2112487,0,919,0,40,2,2,2,1,20,49,3
2077488,0,919,0,40,2,11,2,1,65,55,3
2077731,0,919,0,40,3,8,2,1,62,20,3
2106493,0,919,0,40,3,3,2,1,25,94,3
2070842,0,919,0,40,2,6,2,1,47,28,3
2075212,0,919,0,40,3,9,2,1,75,42,3
2118209,0,919,0,40,2,1,2,1,11,24,3
2121469,0,919,0,40,3,1,2,1,11,31,3
2115883,1,919,901,14.0294,3,2,2,1,12,56,3
2081119,0,919,0,40,3,8,2,1,51,33,3
2109003,0,919,0,40,3,3,2,1,17,39,3
2099209,0,919,0,40,2,5,2,1,30,81,3
2092043,0,919,0,40,2,8,2,1,32,76,3
2077255,0,919,0,40,2,11,2,1,71,59,3
2070102,0,919,0,40,3,5,2,1,74,23,3
2101845,0,919,0,40,3,4,2,1,25,26,3
2118693,0,919,0,40,2,2,2,1,13,24,3
2105675,0,919,0,40,3,4,2,1,28,37,3
2108951,0,919,0,40,2,1,2,1,34,48,3
2092591,0,919,0,40,3,7,2,1,44,42,3
2073987,0,919,0,40,2,12,2,1,72,56,3
2087865,0,919,0,40,3,8,2,1,38,38,3
2071209,0,919,0,40,3,9,2,1,59,34,3
2110076,0,919,0,40,2,2,2,1,25,61,3
2068239,0,919,0,40,3,2,2,1,53,43,3
2081576,0,919,0,40,2,7,2,1,62,25,3
2097271,0,919,0,40,2,4,2,1,42,64,3
2092020,0,919,0,40,3,7,2,1,39,78,3
2121448,0,919,0,40,2,1,2,1,11,22,3
2095361,0,919,0,40,3,7,2,1,35,37,3
2115599,0,919,0,40,2,3,2,1,12,144,3
2119606,0,919,0,40,3,0,2,1,9,25,3
2119967,0,919,0,40,3,0,2,1,9,24,3
2120159,0,919,0,40,3,0,2,1,9,31,3
2120223,0,919,0,40,3,0,2,1,9,50,3
2120367,0,919,0,40,3,0,2,1,9,35,3
2120696,0,919,0,40,3,0,2,1,9,12,3
2120936,0,919,0,40,3,0,2,1,9,28,3
2121032,0,919,0,40,3,0,2,1,9,84,3
2121074,0,919,0,40,3,0,2,1,9,40,3
2121182,0,919,0,40,2,0,2,1,9,105,3
2121302,0,919,0,40,3,0,2,1,9,34,3
2121334,0,919,0,40,3,0,2,1,9,21,3
2121414,0,919,0,40,3,0,2,1,9,20,3
2121430,0,919,0,40,2,0,2,1,9,47,3
2121462,0,919,0,40,3,0,2,1,9,45,3
2121558,0,919,0,40,2,0,2,1,9,77,3
2121606,0,919,0,40,2,0,2,1,9,61,3
2121638,0,919,0,40,2,0,2,1,9,83,3
2121780,0,919,0,40,3,0,2,1,9,27,3
2121812,0,919,0,40,3,0,2,1,9,61,3
2121828,0,919,0,40,2,0,2,1,9,28,3
2121884,0,919,0,40,3,0,2,1,9,48,3
2121908,0,919,0,40,3,0,2,1,9,14,3
2121964,0,919,0,40,3,0,2,1,9,67,3
2122028,0,919,0,40,2,0,2,1,9,71,3
2122052,0,919,0,40,2,0,2,1,9,23,3
2122060,0,919,0,40,2,0,2,1,9,36,3
2122076,0,919,0,40,2,0,2,1,9,38,3
2122132,0,919,0,40,2,0,2,1,9,22,3
2122148,0,919,0,40,2,0,2,1,9,30,3
2122268,0,919,0,40,2,0,2,1,9,53,3
2122280,0,919,0,40,3,0,2,1,9,49,3
2122292,0,919,0,40,3,0,2,1,9,24,3
2122300,0,919,0,40,2,0,2,1,9,21,3
2122324,0,919,0,40,2,0,2,1,9,32,3
2122336,0,919,0,40,3,0,2,1,9,72,3
2122356,0,919,0,40,3,0,2,1,9,32,3
2122388,0,919,0,40,3,0,2,1,9,21,3
2122436,0,919,0,40,2,0,2,1,9,51,3
2122444,0,919,0,40,3,0,2,1,9,21,3
2122472,0,919,0,40,3,0,2,1,9,32,3
2122476,0,919,0,40,3,0,2,1,9,70,3
2122504,0,919,0,40,2,0,2,1,9,43,3
2122544,0,919,0,40,2,0,2,1,9,70,3
2122576,0,919,0,40,2,0,2,1,9,71,3
2122580,0,919,0,40,2,0,2,1,9,30,3
2122584,0,919,0,40,3,0,2,1,9,49,3
2122608,0,919,0,40,3,0,2,1,9,53,3
2122640,0,919,0,40,3,0,2,1,9,26,3
2122644,0,919,0,40,2,0,2,1,9,82,3
2122664,0,919,0,40,3,0,2,1,9,34,3
2122672,0,919,0,40,2,0,2,1,9,33,3
2122712,0,919,0,40,3,0,2,1,9,68,3
2122736,0,919,0,40,2,0,2,1,9,22,3
2122756,0,919,0,40,2,0,2,1,9,39,3
2122764,0,919,0,40,3,0,2,1,9,61,3
2122772,0,919,0,40,2,0,2,1,9,62,3
2122788,0,919,0,40,2,0,2,1,9,33,3
2122840,0,919,0,40,3,0,2,1,9,33,3
2122852,0,919,0,40,3,0,2,1,9,46,3
2122854,0,919,0,40,2,0,2,1,9,66,3
2122858,0,919,0,40,2,0,2,1,9,34,3
2122872,0,919,0,40,3,0,2,1,9,33,3
2122890,0,919,0,40,2,0,2,1,9,38,3
2122892,0,919,0,40,3,0,2,1,9,33,3
2122900,0,919,0,40,3,0,2,1,9,54,3
2122908,0,919,0,40,3,0,2,1,9,59,3
2122922,0,919,0,40,2,0,2,1,9,17,3
2122932,0,919,0,40,3,0,2,1,9,66,3
2122934,0,919,0,40,3,0,2,1,9,70,3
2122948,0,919,0,40,3,0,2,1,9,50,3
2122964,0,919,0,40,2,0,2,1,9,23,3
2122976,0,919,0,40,3,0,2,1,9,33,3
2122978,0,919,0,40,2,0,2,1,9,72,3
2122980,0,919,0,40,3,0,2,1,9,31,3
2122990,0,919,0,40,3,0,2,1,9,74,3
2122992,0,919,0,40,3,0,2,1,9,20,3
2123000,0,919,0,40,2,0,2,1,9,43,3
2123004,0,919,0,40,2,0,2,1,9,46,3
2123006,0,919,0,40,3,0,2,1,9,29,3
2123012,0,919,0,40,3,0,2,1,9,63,3
2123020,0,919,0,40,2,0,2,1,9,35,3
2123030,0,919,0,40,3,0,2,1,9,71,3
2123032,0,919,0,40,3,0,2,1,9,40,3
2123046,0,919,0,40,2,0,2,1,9,25,3
2123048,0,919,0,40,3,0,2,1,9,80,3
2123056,0,919,0,40,2,0,2,1,9,55,3
2123068,0,919,0,40,2,0,2,1,9,32,3
2123076,0,919,0,40,2,0,2,1,9,41,3
2123080,0,919,0,40,3,0,2,1,9,37,3
2123108,0,919,0,40,3,0,2,1,9,33,3
2123114,0,919,0,40,2,0,2,1,9,65,3
2123120,0,919,0,40,3,0,2,1,9,49,3
2123130,0,919,0,40,3,0,2,1,9,44,3
2123140,0,919,0,40,3,0,2,1,9,66,3
2123164,0,919,0,40,3,0,2,1,9,117,3
2123170,0,919,0,40,2,0,2,1,9,39,3
2123172,0,919,0,40,3,0,2,1,9,21,3
2123178,0,919,0,40,3,0,2,1,9,80,3
2123180,0,919,0,40,3,0,2,1,9,42,3
2123184,0,919,0,40,3,0,2,1,9,33,3
2123190,0,919,0,40,3,0,2,1,9,63,3
2123196,0,919,0,40,3,0,2,1,9,33,3
2123208,0,919,0,40,3,0,2,1,9,16,3
2123218,0,919,0,40,3,0,2,1,9,36,3
2123222,0,919,0,40,2,0,2,1,9,32,3
2123242,0,919,0,40,2,0,2,1,9,74,3
2123258,0,919,0,40,2,0,2,1,9,38,3
2123276,0,919,0,40,2,0,2,1,9,42,3
2123282,0,919,0,40,2,0,2,1,9,25,3
2123290,0,919,0,40,3,0,2,1,9,23,3
2123292,0,919,0,40,3,0,2,1,9,32,3
2123316,0,919,0,40,2,0,2,1,9,89,3
2123324,0,919,0,40,2,0,2,1,9,50,3
2123326,0,919,0,40,2,0,2,1,9,42,3
2123330,0,919,0,40,2,0,2,1,9,20,3
2123334,0,919,0,40,2,0,2,1,9,57,3
2123344,0,919,0,40,3,0,2,1,9,44,3
2123346,0,919,0,40,2,0,2,1,9,37,3
2123358,0,919,0,40,2,0,2,1,9,39,3
2123374,0,919,0,40,3,0,2,1,9,62,3
2123376,0,919,0,40,2,0,2,1,9,58,3
2123378,0,919,0,40,3,0,2,1,9,35,3
2123396,0,919,0,40,2,0,2,1,9,36,3
2123406,0,919,0,40,3,0,2,1,9,49,3
2123408,0,919,0,40,2,0,2,1,9,11,3
2123424,0,919,0,40,3,0,2,1,9,62,3
2123426,0,919,0,40,2,0,2,1,9,82,3
2069856,0,919,0,40,2,5,2,1,40,73,3
2115347,0,919,0,40,2,1,2,1,9,61,3
2102925,0,919,0,40,3,3,2,1,28,44,3
2077875,0,919,0,40,3,6,2,1,60,48,3
2056220,0,919,0,40,3,8,2,1,80,32,3
2114617,0,919,0,40,3,1,2,1,13,23,3
2111408,0,919,0,40,3,2,2,1,17,17,3
2068914,0,919,0,40,3,8,2,1,66,79,3
2112061,0,919,0,40,3,2,2,1,10,30,3
2109548,0,919,0,40,2,1,2,1,23,41,3
2105390,0,919,0,40,3,2,2,1,27,69,3
2103357,0,919,0,40,3,3,2,1,25,37,3
2082019,0,919,0,40,2,8,2,1,49,47,3
2104775,0,919,0,40,3,3,2,1,23,58,3
2104847,0,919,0,40,2,3,2,1,28,41,3
2090307,0,919,0,40,3,7,2,1,33,38,3
2109713,0,919,0,40,2,2,2,1,16,10,3
2113349,0,919,0,40,3,2,2,1,12,49,3
2087604,0,919,0,40,2,7,2,1,37,52,3
2075839,0,919,0,40,3,11,2,1,53,57,3
2091245,0,919,0,40,3,8,2,1,35,77,3
2117610,0,919,0,40,2,1,2,1,9,70,3
2083710,0,919,0,40,3,8,2,1,39,63,3
2079606,0,919,0,40,2,10,2,1,61,40,3
2084385,0,919,0,40,2,7,2,1,46,29,3
2113862,0,919,0,40,2,1,2,1,16,74,3
2059837,0,919,0,40,3,11,2,1,89,48,3
2071491,0,919,0,40,2,10,2,1,91,53,3
2099596,0,919,0,40,2,4,2,1,33,28,3
2062251,0,919,0,40,3,9,2,1,70,53,3
2105919,0,919,0,40,3,3,2,1,15,45,3
2100652,0,919,0,40,2,4,2,1,26,38,3
2115908,0,919,0,40,3,1,2,1,12,47,3
2099649,0,919,0,40,3,4,2,1,29,41,3
2086825,0,919,0,40,2,7,2,1,30,70,3
2114336,0,919,0,40,3,2,2,1,13,20,3
2116327,0,919,0,40,3,1,2,1,11,13,3
2111884,0,919,0,40,3,2,2,1,15,43,3
2116719,0,919,0,40,2,1,2,1,10,65,3
2090059,1,919,897,40,2,5,2,1,46,66,3
2108389,0,919,0,40,2,3,2,1,18,54,3
2099978,0,919,0,40,3,5,2,1,21,87,3
2118176,0,919,0,40,2,1,2,1,9,41,3
2108373,0,919,0,40,2,1,2,1,27,56,3
2097030,0,919,0,40,2,3,2,1,39,52,3
2090587,0,919,0,40,3,6,2,1,38,44,3
2092547,0,919,0,40,3,5,2,1,34,37,3
2090291,0,919,0,40,3,6,2,1,33,38,3
2085936,0,919,0,40,3,4,2,1,52,52,3
2113351,0,919,0,40,2,1,2,1,17,38,3
2082089,0,919,0,40,3,8,2,1,43,33,3
2087715,0,919,0,40,2,5,2,1,52,60,3
2087803,0,919,0,40,3,8,2,1,44,65,3
2104549,0,919,0,40,2,2,2,1,25,26,3
2105455,0,919,0,40,3,3,2,1,21,56,3
2083059,0,919,0,40,2,5,2,1,56,50,3
2095992,0,919,0,40,3,5,2,1,21,37,3
2115717,0,919,0,40,3,1,2,1,14,20,3
2103046,0,919,0,40,2,5,2,1,21,33,3
2080346,0,919,0,40,3,10,2,1,38,34,3
2084041,0,919,0,40,3,8,2,1,49,38,3
2085961,0,919,0,40,3,7,2,1,49,61,3
2108910,0,919,0,40,3,2,2,1,20,17,3
2076458,0,919,0,40,2,10,2,1,53,24,3
2102709,0,919,0,40,3,5,2,1,25,54,3
2083246,0,919,0,40,3,8,2,1,48,52,3
2074397,0,919,0,40,2,12,2,1,66,62,3
2117224,0,919,0,40,3,1,2,1,11,25,3
2101640,0,919,0,40,3,5,2,1,23,49,3
2113653,0,919,0,40,2,2,2,1,11,29,3
2104881,0,919,0,40,3,5,2,1,17,22,3
2114574,0,919,0,40,3,2,2,1,11,143,3
2117189,0,919,0,40,2,1,2,1,10,21,3
2117369,0,919,0,40,2,1,2,1,10,59,3
2117740,0,919,0,40,3,1,2,1,10,34,3
2087348,0,919,0,40,2,5,2,1,44,24,3
2100365,0,919,0,40,2,5,2,1,26,57,3
2077834,0,919,0,40,3,7,2,1,59,31,3
2113314,1,919,905,22.1028,3,3,2,1,12,43,3
2096408,0,919,0,40,2,6,2,1,23,60,3
2095460,0,919,0,40,3,5,2,1,41,28,3
2117195,0,919,0,40,2,1,2,1,9,40,3
2117801,1,919,905,33.159,2,1,2,1,9,52,3
2095865,0,919,0,40,3,3,2,1,40,75,3
2069772,0,919,0,40,2,9,2,1,61,40,3
2108417,0,919,0,40,2,1,2,1,28,25,3
2071896,0,919,0,40,2,9,2,1,85,26,3
2109923,0,919,0,40,2,1,2,1,25,65,3
2062337,0,919,0,40,3,13,2,1,75,75,3
2065630,0,919,0,40,3,7,2,1,48,47,3
2058268,0,919,0,40,2,9,2,1,83,17,3
2104381,0,919,0,40,3,2,2,1,26,58,3
2106243,0,919,0,40,2,3,2,1,25,49,3
2112597,0,919,0,40,2,1,2,1,20,54,3
2107264,0,919,0,40,3,2,2,1,26,18,3
2080987,0,919,0,40,2,9,2,1,56,58,3
2114531,0,919,0,40,2,1,2,1,17,74,3
2068951,0,919,0,40,3,6,2,1,82,37,3
2100896,0,919,0,40,2,3,2,1,34,87,3
2088330,0,919,0,40,3,6,2,1,41,29,3
2073572,0,919,0,40,3,9,2,1,84,63,3
2079290,0,919,0,40,3,10,2,1,50,40,3
2111476,0,919,0,40,3,2,2,1,17,51,3
2096302,0,919,0,40,3,4,2,1,25,55,3
2076203,0,919,0,40,2,10,2,1,69,62,3
2105798,0,919,0,40,3,3,2,1,22,44,3
2076390,0,919,0,40,3,10,2,1,63,25,3
2059415,0,919,0,40,3,9,2,1,65,43,3
2111727,0,919,0,40,2,2,2,1,14,40,3
2071845,0,919,0,40,3,9,2,1,39,30,3
2107728,0,919,0,40,2,3,2,1,23,32,3
2109822,0,919,0,40,3,3,2,1,14,39,3
2094661,0,919,0,40,3,6,2,1,33,15,3
2094788,0,919,0,40,2,4,2,1,45,42,3
2107387,0,919,0,40,3,3,2,1,26,21,3
2083005,1,919,885,28.5377,2,10,2,1,45,36,3
2099934,0,919,0,40,3,5,2,1,26,61,3
2115412,1,919,902,21.9296,3,2,2,1,14,60,3
2117668,0,919,0,40,2,1,2,1,12,37,3
2094557,0,919,0,40,2,5,2,1,23,55,3
2096232,0,919,0,40,2,5,2,1,35,23,3
2107810,0,919,0,40,2,3,2,1,17,26,3
2103332,0,919,0,40,2,4,2,1,22,28,3
2112346,0,919,0,40,2,3,2,1,15,70,3
2117716,0,919,0,40,3,1,2,1,11,34,3
2117964,0,919,0,40,3,1,2,1,11,32,3
2088145,0,919,0,40,3,7,2,1,37,15,3
2112293,0,919,0,40,2,2,2,1,14,53,3
2110651,0,919,0,40,2,3,2,1,14,29,3
2090119,0,919,0,40,3,6,2,1,47,104,3
2084526,0,919,0,40,2,8,2,1,49,47,3
2074458,0,919,0,40,3,8,2,1,81,37,3
2104427,0,919,0,40,3,4,2,1,21,105,3
2088504,1,919,899,40,2,8,2,1,39,57,3
2118033,0,919,0,40,2,1,2,1,10,23,3
2078676,0,919,0,40,2,10,2,1,57,34,3
2105542,0,919,0,40,3,3,2,1,23,75,3
2110475,0,919,0,40,3,3,2,1,13,30,3
2109328,0,919,0,40,3,2,2,1,21,50,3
2114961,0,919,0,40,2,2,2,1,10,70,3
2084667,0,919,0,40,3,8,2,1,50,27,3
2106615,0,919,0,40,3,4,2,1,16,33,3
2117559,0,919,0,40,3,1,2,1,9,46,3
2119081,0,919,0,40,2,1,2,1,9,17,3
2095907,0,919,0,40,2,3,2,1,46,51,3
2103310,0,919,0,40,2,2,2,1,32,42,3
2109280,0,919,0,40,2,1,2,1,27,83,3
2104812,0,919,0,40,3,2,2,1,30,41,3
2088968,0,919,0,40,3,3,2,1,61,21,3
2084050,0,919,0,40,2,8,2,1,47,48,3
2112022,0,919,0,40,2,1,2,1,22,17,3
2093350,0,919,0,40,3,5,2,1,34,57,3
1965767,0,919,0,40,3,24,2,1,158,34,3
2092441,0,919,0,40,3,5,2,1,46,59,3
2106693,0,919,0,40,2,2,2,1,27,50,3
2112670,0,919,0,40,3,1,2,1,20,93,3
2074890,0,919,0,40,3,10,2,1,74,18,3
2106542,0,919,0,40,2,3,2,1,24,54,3
2098482,0,919,0,40,2,5,2,1,32,53,3
2068666,0,919,0,40,3,6,2,1,59,60,3
2105333,0,919,0,40,3,2,2,1,31,73,3
2114749,0,919,0,40,2,1,2,1,18,73,3
2109035,0,919,0,40,2,2,2,1,19,95,3
2095871,0,919,0,40,2,6,2,1,28,29,3
2066844,0,919,0,40,3,8,2,1,60,81,3
2108805,0,919,0,40,2,3,2,1,18,62,3
2110171,0,919,0,40,3,2,2,1,24,36,3
2115601,0,919,0,40,2,1,2,1,16,32,3
2103017,0,919,0,40,3,5,2,1,20,5,3
2093079,0,919,0,40,2,6,2,1,41,31,3
2077551,1,919,878,34.9696,2,9,2,1,63,77,3
2110288,0,919,0,40,3,2,2,1,20,44,3
2110779,0,919,0,40,3,2,2,1,17,19,3
2086505,0,919,0,40,2,7,2,1,35,51,3
2096606,1,919,882,40,2,6,2,1,31,44,3
2116644,0,919,0,40,2,1,2,1,14,40,3
2063280,0,919,0,40,2,13,2,1,61,17,3
2106539,0,919,0,40,3,4,2,1,23,58,3
2114173,0,919,0,40,2,2,2,1,16,42,3
2113006,0,919,0,40,2,2,2,1,19,34,3
2104192,0,919,0,40,3,4,2,1,17,44,3
2086637,0,919,0,40,2,6,2,1,50,49,3
2108419,0,919,0,40,3,3,2,1,16,29,3
2103000,0,919,0,40,3,3,2,1,26,52,3
2106064,0,919,0,40,3,3,2,1,23,40,3
2106468,0,919,0,40,3,3,2,1,26,11,3
2070172,0,919,0,40,3,6,2,1,52,15,3
2096383,0,919,0,40,2,6,2,1,37,56,3
2109559,0,919,0,40,2,2,2,1,25,75,3
2076072,0,919,0,40,2,12,2,1,61,24,3
2102207,0,919,0,40,3,2,2,1,35,52,3
2113725,0,919,0,40,3,2,2,1,13,33,3
2105883,0,919,0,40,3,4,2,1,25,67,3
2101371,0,919,0,40,2,4,2,1,26,73,3
2092633,0,919,0,40,3,6,2,1,40,38,3
2105996,0,919,0,40,2,4,2,1,25,77,3
2100378,0,919,0,40,2,4,2,1,33,70,3
2117713,0,919,0,40,3,1,2,1,11,51,3
2118351,0,919,0,40,3,1,2,1,11,38,3
2108567,0,919,0,40,3,2,2,1,20,60,3
2099316,0,919,0,40,3,5,2,1,23,24,3
2084863,0,919,0,40,3,6,2,1,51,39,3
2082609,0,919,0,40,3,10,2,1,48,45,3
2111677,0,919,0,40,3,3,2,1,14,39,3
2091950,0,919,0,40,2,6,2,1,47,35,3
2105690,0,919,0,40,3,3,2,1,24,23,3
2115551,0,919,0,40,3,2,2,1,12,22,3
2066101,0,919,0,40,2,6,2,1,42,125,3
2116844,0,919,0,40,2,2,2,1,11,74,3
2102442,0,919,0,40,2,5,2,1,23,61,3
2087659,0,919,0,40,2,10,2,1,37,45,3
2118173,0,919,0,40,2,1,2,1,10,41,3
2118334,0,919,0,40,3,1,2,1,10,56,3
2100337,0,919,0,40,2,4,2,1,28,48,3
2091980,0,919,0,40,2,5,2,1,42,47,3
2039480,0,919,0,40,3,17,2,1,90,28,3
2073171,0,919,0,40,3,6,2,1,42,27,3
2072046,0,919,0,40,2,13,2,1,74,55,3
2113307,0,919,0,40,2,2,2,1,14,76,3
2108745,0,919,0,40,2,4,2,1,17,38,3
2097509,0,919,0,40,3,5,2,1,28,53,3
2116112,0,919,0,40,3,2,2,1,11,57,3
2104439,0,919,0,40,2,3,2,1,27,88,3
2100601,0,919,0,40,2,3,2,1,37,73,3
2091038,0,919,0,40,2,5,2,1,42,57,3
2099689,0,919,0,40,2,7,2,1,26,34,3
2095333,0,919,0,40,3,5,2,1,31,95,3
2119511,0,919,0,40,3,1,2,1,9,18,3
2074289,0,919,0,40,3,9,2,1,74,25,3
2095147,0,919,0,40,2,4,2,1,38,32,3
2108288,0,919,0,40,2,1,2,1,29,52,3
2108586,0,919,0,40,3,1,2,1,27,31,3
2107523,0,919,0,40,3,2,2,1,28,15,3
2111558,0,919,0,40,3,1,2,1,24,54,3
2089704,0,919,0,40,3,7,2,1,42,32,3
2097117,0,919,0,40,2,5,2,1,37,62,3
2079367,0,919,0,40,2,7,2,1,65,52,3
2080980,1,919,892,18.7356,3,9,2,1,58,40,3
2112536,0,919,0,40,3,1,2,1,20,12,3
2100318,0,919,0,40,2,3,2,1,35,58,3
2063819,0,919,0,40,2,11,2,1,69,43,3
2114729,0,919,0,40,2,1,2,1,19,34,3
2115110,0,919,0,40,3,1,2,1,18,46,3
2088311,1,919,878,40,2,7,2,1,52,27,3
2105396,0,919,0,40,3,2,2,1,28,51,3
2114358,0,919,0,40,3,1,2,1,17,29,3
2115231,0,919,0,40,2,1,2,1,17,25,3
2115693,0,919,0,40,3,1,2,1,17,26,3
2107521,0,919,0,40,2,2,2,1,25,66,3
2072295,0,919,0,40,2,3,2,1,51,54,3
2082942,0,919,0,40,3,7,2,1,54,43,3
2066726,0,919,0,40,2,9,2,1,89,61,3
2070159,0,919,0,40,2,7,2,1,53,31,3
2107752,0,919,0,40,3,3,2,1,26,40,3
2113905,0,919,0,40,2,2,2,1,18,43,3
2116404,0,919,0,40,2,1,2,1,16,53,3
2101356,0,919,0,40,2,3,2,1,32,32,3
2106549,0,919,0,40,2,2,2,1,24,72,3
2076093,0,919,0,40,3,12,2,1,65,38,3
2108932,0,919,0,40,2,3,2,1,21,53,3
2100080,0,919,0,40,3,5,2,1,32,47,3
2065574,0,919,0,40,2,11,2,1,87,51,3
2093763,0,919,0,40,3,5,2,1,35,43,3
2085629,0,919,0,40,2,7,2,1,38,69,3
2103838,0,919,0,40,2,2,2,1,34,28,3
2087241,0,919,0,40,3,8,2,1,52,66,3
2113277,0,919,0,40,2,2,2,1,15,117,3
2106009,0,919,0,40,2,3,2,1,29,46,3
2107302,0,919,0,40,2,3,2,1,22,38,3
2116571,0,919,0,40,2,1,2,1,14,24,3
2094679,0,919,0,40,2,5,2,1,35,52,3
2088940,0,919,0,40,3,6,2,1,38,54,3
2053050,0,919,0,40,3,10,2,1,76,41,3
2109182,0,919,0,40,2,3,2,1,20,10,3
2115592,0,919,0,40,2,2,2,1,15,37,3
2118130,0,919,0,40,2,1,2,1,13,42,3
2098312,0,919,0,40,3,3,2,1,35,79,3
2108459,0,919,0,40,3,3,2,1,18,43,3
2105764,0,919,0,40,2,2,2,1,24,24,3
2106992,0,919,0,40,2,3,2,1,19,50,3
2084907,0,919,0,40,3,6,2,1,56,77,3
2102465,0,919,0,40,3,4,2,1,33,93,3
2108634,0,919,0,40,3,4,2,1,18,56,3
2084992,0,919,0,40,2,8,2,1,49,55,3
2091269,0,919,0,40,2,7,2,1,42,36,3
2088875,0,919,0,40,3,8,2,1,38,62,3
2092572,0,919,0,40,3,5,2,1,35,49,3
2074792,0,919,0,40,2,8,2,1,86,35,3
2115179,0,919,0,40,2,2,2,1,15,64,3
2112465,0,919,0,40,2,2,2,1,21,67,3
2116545,0,919,0,40,3,1,2,1,12,53,3
2117363,0,919,0,40,2,1,2,1,12,49,3
2118407,0,919,0,40,2,1,2,1,12,17,3
2082605,0,919,0,40,3,9,2,1,48,43,3
2112493,0,919,0,40,2,3,2,1,14,54,3
2093756,0,919,0,40,2,4,2,1,42,21,3
2068628,0,919,0,40,2,10,2,1,66,93,3
2105483,0,919,0,40,2,4,2,1,26,86,3
2103540,0,919,0,40,3,3,2,1,33,17,3
2090783,0,919,0,40,2,7,2,1,35,24,3
2072972,0,919,0,40,3,7,2,1,27,44,3
2117495,0,919,0,40,3,1,2,1,11,75,3
2118550,0,919,0,40,2,1,2,1,11,28,3
2118947,0,919,0,40,3,1,2,1,11,64,3
2119275,0,919,0,40,2,1,2,1,11,58,3
2104916,1,919,899,39.7062,2,4,2,1,21,87,3
2109993,0,919,0,40,3,2,2,1,21,27,3
2111906,0,919,0,40,3,3,2,1,15,18,3
2109582,0,919,0,40,3,2,2,1,23,90,3
2113294,0,919,0,40,3,2,2,1,17,25,3
2113972,0,919,0,40,2,2,2,1,16,38,3
2079392,0,919,0,40,2,7,2,1,71,43,3
2105226,0,919,0,40,2,4,2,1,26,21,3
2115433,0,919,0,40,2,2,2,1,14,47,3
2110309,0,919,0,40,3,3,2,1,14,35,3
2114163,0,919,0,40,3,2,2,1,16,57,3
2115839,0,919,0,40,2,2,2,1,15,22,3
2080259,0,919,0,40,2,9,2,1,58,34,3
2116919,0,919,0,40,3,2,2,1,12,58,3
2105452,0,919,0,40,3,4,2,1,23,65,3
2119114,0,919,0,40,3,1,2,1,10,51,3
2119485,0,919,0,40,2,1,2,1,10,60,3
2119645,0,919,0,40,3,1,2,1,10,59,3
2119697,0,919,0,40,2,1,2,1,10,24,3
2067476,0,919,0,40,2,6,2,1,32,35,3
2092689,0,919,0,40,2,6,2,1,36,36,3
2107062,0,919,0,40,2,2,2,1,24,78,3
2115853,0,919,0,40,2,2,2,1,11,81,3
2108086,0,919,0,40,3,3,2,1,16,68,3
2113017,0,919,0,40,3,2,2,1,12,42,3
2062297,1,919,894,18.8279,3,11,2,1,82,29,3
2071113,0,919,0,40,2,16,2,1,76,38,3
2078641,0,919,0,40,2,7,2,1,52,96,3
2112443,0,919,0,40,2,3,2,1,16,34,3
2117197,0,919,0,40,3,2,2,1,10,50,3
2101128,0,919,0,40,3,4,2,1,34,62,3
2080468,0,919,0,40,3,11,2,1,53,30,3
2106093,0,919,0,40,3,3,2,1,22,73,3
2111525,0,919,0,40,2,2,2,1,22,42,3
2084497,0,919,0,40,3,10,2,1,40,10,3
2100904,0,919,0,40,2,6,2,1,23,27,3
2118436,0,919,0,40,2,1,2,1,9,38,3
2119108,0,919,0,40,2,1,2,1,9,38,3
2119508,0,919,0,40,2,1,2,1,9,36,3
2120006,0,919,0,40,3,1,2,1,9,16,3
2120348,0,919,0,40,3,1,2,1,9,55,3
2081100,0,919,0,40,3,7,2,1,59,45,3
2103976,0,919,0,40,3,2,2,1,35,57,3
2077041,0,919,0,40,2,12,2,1,66,42,3
2084177,0,919,0,40,3,4,2,1,72,43,3
2085692,0,919,0,40,3,6,2,1,57,41,3
2111686,1,919,909,25.4062,3,1,2,1,25,87,3
2105140,0,919,0,40,3,3,2,1,26,24,3
2110501,0,919,0,40,2,1,2,1,24,16,3
2111916,0,919,0,40,3,1,2,1,24,21,3
2105080,0,919,0,40,3,3,2,1,27,29,3
2109704,0,919,0,40,3,2,2,1,25,47,3
2077391,0,919,0,40,3,10,2,1,70,52,3
2103467,0,919,0,40,2,2,2,1,31,31,3
2103222,0,919,0,40,3,3,2,1,29,29,3
2109206,0,919,0,40,2,2,2,1,28,29,3
2107548,0,919,0,40,3,2,2,1,25,60,3
2090345,0,919,0,40,3,4,2,1,49,46,3
2080462,0,919,0,40,2,8,2,1,65,16,3
2111626,0,919,0,40,3,2,2,1,23,52,3
2078699,0,919,0,40,3,9,2,1,63,49,3
2114083,0,919,0,40,2,1,2,1,19,22,3
2089378,0,919,0,40,2,4,2,1,55,54,3
2101840,0,919,0,40,2,3,2,1,38,31,3
2073689,0,919,0,40,3,12,2,1,83,101,3
2076370,0,919,0,40,3,9,2,1,66,28,3
2113257,0,919,0,40,3,1,2,1,18,33,3
2095323,0,919,0,40,2,5,2,1,35,39,3
2089644,0,919,0,40,3,4,2,1,45,30,3
2110951,0,919,0,40,2,2,2,1,18,88,3
2082809,0,919,0,40,3,8,2,1,48,17,3
2087808,0,919,0,40,3,5,2,1,51,45,3
2109075,0,919,0,40,3,2,2,1,18,25,3
2078563,0,919,0,40,3,10,2,1,63,50,3
2079521,0,919,0,40,2,9,2,1,61,25,3
2112253,0,919,0,40,3,2,2,1,19,25,3
2103694,0,919,0,40,2,4,2,1,30,53,3
2095970,0,919,0,40,2,4,2,1,42,69,3
2068709,0,919,0,40,3,3,2,1,42,46,3
2098693,0,919,0,40,2,4,2,1,34,37,3
2104355,0,919,0,40,3,4,2,1,23,36,3
2097678,0,919,0,40,3,5,2,1,34,33,3
2085265,0,919,0,40,3,7,2,1,38,41,3
2112115,0,919,0,40,3,2,2,1,18,76,3
2116655,0,919,0,40,3,1,2,1,15,66,3
2095807,0,919,0,40,3,5,2,1,31,14,3
2087583,0,919,0,40,3,7,2,1,39,33,3
2092777,0,919,0,40,3,7,2,1,27,47,3
2081276,0,919,0,40,2,10,2,1,53,79,3
2086422,0,919,0,40,2,9,2,1,39,45,3
2101277,0,919,0,40,3,3,2,1,36,18,3
2099446,0,919,0,40,3,3,2,1,41,49,3
2105755,0,919,0,40,2,4,2,1,26,49,3
2106963,0,919,0,40,3,3,2,1,27,45,3
2116177,0,919,0,40,2,1,2,1,14,59,3
2116737,0,919,0,40,2,1,2,1,14,23,3
2117257,0,919,0,40,2,1,2,1,14,40,3
2117802,0,919,0,40,3,1,2,1,14,35,3
2117982,0,919,0,40,2,1,2,1,14,33,3
2112945,0,919,0,40,2,2,2,1,15,30,3
2071956,0,919,0,40,3,8,2,1,71,65,3
2102437,0,919,0,40,2,4,2,1,25,75,3
2086072,0,919,0,40,3,6,2,1,43,14,3
2096968,0,919,0,40,2,5,2,1,33,67,3
2086784,0,919,0,40,2,8,2,1,47,22,3
2075695,0,919,0,40,3,14,2,1,65,41,3
2115187,0,919,0,40,3,2,2,1,15,77,3
2107015,1,919,888,37.1757,2,4,2,1,19,39,3
2105678,1,919,892,35.6347,2,4,2,1,29,79,3
2116489,0,919,0,40,3,1,2,1,13,21,3
2118163,0,919,0,40,2,1,2,1,13,52,3
2108779,0,919,0,40,2,3,2,1,17,41,3
2099989,0,919,0,40,3,5,2,1,28,73,3
2110385,0,919,0,40,2,2,2,1,21,36,3
2093428,0,919,0,40,2,4,2,1,45,40,3
2114302,0,919,0,40,3,2,2,1,15,34,3
2097003,0,919,0,40,3,4,2,1,45,58,3
2103021,0,919,0,40,2,4,2,1,30,36,3
2076259,0,919,0,40,3,9,2,1,68,66,3
2119387,0,919,0,40,3,1,2,1,12,43,3
2092334,0,919,0,40,2,5,2,1,42,23,3
2113632,0,919,0,40,2,2,2,1,15,49,3
2089994,0,919,0,40,3,7,2,1,45,35,3
2098267,0,919,0,40,2,5,2,1,31,53,3
2109133,0,919,0,40,3,4,2,1,14,52,3
2112117,0,919,0,40,3,2,2,1,19,39,3
2110902,0,919,0,40,3,3,2,1,18,47,3
2078234,0,919,0,40,2,11,2,1,56,54,3
2108431,0,919,0,40,3,3,2,1,21,58,3
2117446,0,919,0,40,2,2,2,1,12,90,3
2080223,0,919,0,40,2,8,2,1,58,21,3
2066965,1,919,897,33.3531,2,13,2,1,93,42,3
2116628,0,919,0,40,3,3,2,1,14,32,3
2118886,1,919,909,29.1971,2,1,2,1,11,27,3
2119194,0,919,0,40,2,1,2,1,11,55,3
2107135,0,919,0,40,3,2,2,1,22,54,3
2112156,0,919,0,40,3,2,2,1,13,48,3
2080879,0,919,0,40,3,8,2,1,53,52,3
2110656,0,919,0,40,3,3,2,1,15,30,3
2114765,0,919,0,40,3,2,2,1,12,68,3
2092167,0,919,0,40,2,3,2,1,51,21,3
2107014,0,919,0,40,2,3,2,1,20,19,3
2093963,0,919,0,40,2,6,2,1,39,46,3
2092578,0,919,0,40,3,6,2,1,39,49,3
2103716,0,919,0,40,3,4,2,1,29,19,3
2075142,0,919,0,40,2,15,2,1,58,26,3
2107842,1,919,900,30.0285,2,3,2,1,25,34,3
2116244,0,919,0,40,3,2,2,1,15,57,3
2109360,0,919,0,40,3,3,2,1,24,14,3
2095520,0,919,0,40,3,5,2,1,38,50,3
2118452,0,919,0,40,3,1,2,1,10,40,3
2119928,0,919,0,40,3,1,2,1,10,27,3
2120076,0,919,0,40,3,1,2,1,10,31,3
2120270,0,919,0,40,3,1,2,1,10,24,3
2120354,0,919,0,40,3,1,2,1,10,69,3
2113708,0,919,0,40,2,2,2,1,10,52,3
2100730,0,919,0,40,2,4,2,1,29,42,3
2085368,0,919,0,40,3,7,2,1,47,43,3
2109467,0,919,0,40,3,3,2,1,13,32,3
2080738,0,919,0,40,3,10,2,1,55,24,3
2108462,0,919,0,40,3,2,2,1,19,57,3
2079222,0,919,0,40,2,10,2,1,57,53,3
2107363,0,919,0,40,3,4,2,1,18,51,3
2091070,0,919,0,40,2,8,2,1,22,33,3
2084392,0,919,0,40,3,8,2,1,57,71,3
2100833,0,919,0,40,3,4,2,1,33,22,3
2103910,0,919,0,40,2,3,2,1,28,54,3
2110039,0,919,0,40,3,3,2,1,19,34,3
2109554,0,919,0,40,3,3,2,1,19,101,3
2101151,0,919,0,40,3,3,2,1,33,77,3
2082602,0,919,0,40,2,8,2,1,55,49,3
2110778,0,919,0,40,3,2,2,1,22,36,3
2087022,0,919,0,40,2,7,2,1,55,67,3
2094423,1,919,867,17.2353,3,5,2,1,42,36,3
2111998,0,919,0,40,3,2,2,1,21,36,3
2101531,0,919,0,40,3,4,2,1,30,51,3
2116037,0,919,0,40,2,2,2,1,12,58,3
2109813,0,919,0,40,2,3,2,1,20,34,3
2099972,0,919,0,40,3,5,2,1,31,28,3
2097096,0,919,0,40,2,8,2,1,33,60,3
2082293,0,919,0,40,3,7,2,1,66,39,3
2111770,0,919,0,40,2,2,2,1,24,46,3
2116357,0,919,0,40,2,2,2,1,14,83,3
2118640,0,919,0,40,2,1,2,1,9,32,3
2119642,0,919,0,40,2,1,2,1,9,35,3
2120633,0,919,0,40,2,1,2,1,9,51,3
2120765,0,919,0,40,2,1,2,1,9,38,3
2100495,0,919,0,40,2,3,2,1,42,36,3
2089175,0,919,0,40,2,4,2,1,49,21,3
2082230,0,919,0,40,3,8,2,1,52,47,3
2088396,0,919,0,40,3,5,2,1,56,42,3
2069948,0,919,0,40,3,8,2,1,68,16,3
2109195,0,919,0,40,3,2,2,1,25,18,3
2091003,0,919,0,40,2,3,2,1,54,45,3
2067986,0,919,0,40,2,7,2,1,49,58,3
2069286,0,919,0,40,3,8,2,1,61,107,3
2088717,0,919,0,40,2,8,2,1,42,58,3
2113165,0,919,0,40,3,1,2,1,21,38,3
2100805,0,919,0,40,3,2,2,1,41,80,3
2102323,0,919,0,40,2,4,2,1,32,51,3
2104821,0,919,0,40,2,3,2,1,26,79,3
2115324,0,919,0,40,2,1,2,1,20,37,3
2114502,0,919,0,40,2,1,2,1,19,39,3
2080496,0,919,0,40,3,11,2,1,59,18,3
2108522,0,919,0,40,3,3,2,1,24,43,3
2114929,0,919,0,40,3,1,2,1,18,63,3
2116374,0,919,0,40,2,1,2,1,18,50,3
2098716,0,919,0,40,3,4,2,1,34,32,3
2112515,0,919,0,40,2,2,2,1,21,30,3
2097630,0,919,0,40,2,5,2,1,35,62,3
2105335,0,919,0,40,3,4,2,1,29,53,3
2116722,0,919,0,40,3,1,2,1,17,27,3
2105895,0,919,0,40,2,3,2,1,25,46,3
2083931,0,919,0,40,3,7,2,1,53,80,3
2091989,0,919,0,40,2,8,2,1,38,41,3
2067378,0,919,0,40,3,10,2,1,64,43,3
2068633,0,919,0,40,2,5,2,1,51,25,3
2101275,0,919,0,40,3,4,2,1,25,84,3
2103693,0,919,0,40,2,4,2,1,22,39,3
2095054,0,919,0,40,3,5,2,1,38,57,3
2079071,0,919,0,40,2,10,2,1,53,31,3
2104675,0,919,0,40,3,4,2,1,24,50,3
2115574,0,919,0,40,2,1,2,1,15,19,3
2117521,0,919,0,40,3,1,2,1,15,98,3
2106145,0,919,0,40,3,3,2,1,18,31,3
2095432,0,919,0,40,2,5,2,1,38,46,3
2112825,1,919,897,19.4208,3,2,2,1,17,50,3
1994770,0,919,0,40,2,17,2,1,142,24,3
2076321,0,919,0,40,2,16,2,1,67,29,3
2070409,0,919,0,40,2,8,2,1,70,69,3
2072949,0,919,0,40,3,14,2,1,57,48,3
2118487,0,919,0,40,2,1,2,1,14,40,3
2092618,0,919,0,40,2,5,2,1,42,26,3
2073981,0,919,0,40,3,14,2,1,61,20,3
2075145,1,919,900,40,2,12,2,1,71,32,3
2104597,0,919,0,40,3,3,2,1,28,32,3
2083853,0,919,0,40,3,9,2,1,50,13,3
2093286,1,919,910,14.7387,3,2,2,1,58,93,3
2102637,0,919,0,40,2,5,2,1,32,58,3
2118378,0,919,0,40,2,1,2,1,13,71,3
2110138,0,919,0,40,2,2,2,1,16,58,3
2092971,0,919,0,40,2,6,2,1,44,74,3
2072076,0,919,0,40,2,7,2,1,57,60,3
2070237,0,919,0,40,2,4,2,1,27,10,3
2103335,0,919,0,40,2,3,2,1,30,39,3
2012511,0,919,0,40,3,21,2,1,117,59,3
2091338,0,919,0,40,2,6,2,1,47,81,3
2094476,0,919,0,40,2,6,2,1,44,24,3
2068583,0,919,0,40,3,10,2,1,72,31,3
2118740,0,919,0,40,3,1,2,1,12,97,3
2066699,0,919,0,40,3,10,2,1,49,33,3
2083425,0,919,0,40,3,8,2,1,47,46,3
2098749,0,919,0,40,2,3,2,1,35,60,3
2114099,0,919,0,40,2,2,2,1,14,23,3
2071877,0,919,0,40,3,11,2,1,84,61,3
2116314,0,919,0,40,2,2,2,1,12,34,3
2092969,0,919,0,40,2,7,2,1,30,69,3
2089787,0,919,0,40,2,6,2,1,41,59,3
2116348,0,919,0,40,3,2,2,1,14,33,3
2075400,0,919,0,40,3,13,2,1,56,26,3
2120010,0,919,0,40,3,1,2,1,11,42,3
2105617,0,919,0,40,3,3,2,1,24,43,3
2104535,0,919,0,40,3,4,2,1,23,69,3
2099695,0,919,0,40,3,5,2,1,32,54,3
2104460,0,919,0,40,2,5,2,1,23,67,3
2104185,0,919,0,40,3,3,2,1,31,53,3
2093491,0,919,0,40,3,4,2,1,45,69,3
2099381,0,919,0,40,3,5,2,1,35,49,3
2115534,0,919,0,40,3,2,2,1,11,45,3
2078702,0,919,0,40,2,9,2,1,56,51,3
2109792,0,919,0,40,2,4,2,1,16,117,3
2106720,0,919,0,40,2,4,2,1,19,43,3
2110936,0,919,0,40,3,3,2,1,19,36,3
2115504,0,919,0,40,2,3,2,1,12,53,3
2113018,0,919,0,40,2,3,2,1,15,12,3
2118507,0,919,0,40,2,2,2,1,12,40,3
2104693,0,919,0,40,2,3,2,1,30,42,3
2092266,0,919,0,40,2,7,2,1,35,123,3
2118672,0,919,0,40,2,1,2,1,10,33,3
2120153,0,919,0,40,2,1,2,1,10,48,3
2120581,0,919,0,40,2,1,2,1,10,36,3
2120641,0,919,0,40,3,1,2,1,10,39,3
2120739,0,919,0,40,2,1,2,1,10,17,3
2104160,0,919,0,40,3,4,2,1,21,43,3
2105361,0,919,0,40,3,6,2,1,20,58,3
2083376,0,919,0,40,3,7,2,1,56,66,3
2116812,0,919,0,40,3,2,2,1,11,52,3
2097670,0,919,0,40,2,5,2,1,37,50,3
2113599,0,919,0,40,2,2,2,1,18,86,3
2091103,1,919,905,29.6657,2,7,2,1,37,42,3
2116885,0,919,0,40,3,2,2,1,10,39,3
2075868,0,919,0,40,3,10,2,1,72,51,3
2115465,0,919,0,40,3,3,2,1,13,42,3
2118358,0,919,0,40,3,2,2,1,10,28,3
2112065,0,919,0,40,3,2,2,1,22,22,3
2116758,0,919,0,40,3,2,2,1,15,96,3
2089879,0,919,0,40,3,8,2,1,41,21,3
2082865,0,919,0,40,2,8,2,1,52,16,3
2117205,0,919,0,40,3,2,2,1,14,37,3
2119790,0,919,0,40,3,1,2,1,9,23,3
2120874,0,919,0,40,2,1,2,1,9,39,3
2120970,0,919,0,40,2,1,2,1,9,22,3
2121261,0,919,0,40,3,1,2,1,9,57,3
2083301,0,919,0,40,2,7,2,1,68,39,3
2073327,0,919,0,40,2,8,2,1,85,55,3
2105735,0,919,0,40,2,2,2,1,34,40,3
2099831,0,919,0,40,3,4,2,1,35,39,3
2073799,0,919,0,40,3,10,2,1,81,32,3
2114377,0,919,0,40,2,1,2,1,22,43,3
2106954,0,919,0,40,3,2,2,1,26,32,3
2111155,0,919,0,40,2,2,2,1,22,45,3
2115497,0,919,0,40,2,1,2,1,20,43,3
2108478,0,919,0,40,2,2,2,1,25,31,3
2097320,0,919,0,40,3,5,2,1,29,33,3
2112452,0,919,0,40,3,2,2,1,20,43,3
2115506,0,919,0,40,3,1,2,1,18,20,3
2083511,0,919,0,40,2,6,2,1,69,35,3
2069368,0,919,0,40,2,4,2,1,42,56,3
2106981,0,919,0,40,3,3,2,1,24,19,3
2065966,0,919,0,40,3,7,2,1,44,47,3
2113772,0,919,0,40,3,2,2,1,20,26,3
2117242,0,919,0,40,2,1,2,1,17,30,3
2081473,0,919,0,40,2,10,2,1,55,74,3
2073915,0,919,0,40,2,8,2,1,93,69,3
2102661,0,919,0,40,2,5,2,1,29,47,3
2107409,0,919,0,40,3,3,2,1,28,56,3
2107278,0,919,0,40,3,3,2,1,23,22,3
2115985,0,919,0,40,3,1,2,1,16,77,3
2102647,0,919,0,40,3,4,2,1,31,27,3
2109651,0,919,0,40,3,3,2,1,24,31,3
2112350,0,919,0,40,3,3,2,1,21,77,3
2093564,0,919,0,40,2,7,2,1,39,78,3
2112060,0,919,0,40,3,3,2,1,22,57,3
2093728,0,919,0,40,3,6,2,1,40,45,3
2096144,0,919,0,40,2,5,2,1,36,34,3
2059668,0,919,0,40,2,18,2,1,106,78,3
2098126,0,919,0,40,3,5,2,1,32,85,3
2079697,0,919,0,40,3,9,2,1,63,52,3
2103551,0,919,0,40,2,5,2,1,27,41,3
2117863,0,919,0,40,3,1,2,1,14,99,3
2118881,0,919,0,40,2,1,2,1,14,40,3
2118945,0,919,0,40,3,1,2,1,14,49,3
2100613,0,919,0,40,3,5,2,1,26,67,3
2114588,0,919,0,40,2,2,2,1,17,86,3
2084956,0,919,0,40,3,8,2,1,45,40,3
2103077,0,919,0,40,3,3,2,1,32,24,3
2112012,0,919,0,40,3,3,2,1,19,8,3
2073049,0,919,0,40,2,15,2,1,71,60,3
2119342,0,919,0,40,2,1,2,1,13,35,3
2119763,0,919,0,40,3,1,2,1,13,47,3
2106059,0,919,0,40,3,2,2,1,30,65,3
2077835,0,919,0,40,2,10,2,1,69,40,3
2114978,0,919,0,40,2,2,2,1,16,50,3
2101367,0,919,0,40,2,5,2,1,25,35,3
2110516,0,919,0,40,2,3,2,1,21,56,3
2072225,0,919,0,40,2,8,2,1,61,52,3
2098452,0,919,0,40,2,6,2,1,22,68,3
2077132,0,919,0,40,3,9,2,1,66,35,3
2079829,0,919,0,40,2,11,2,1,54,62,3
2093086,0,919,0,40,2,4,2,1,39,69,3
2113046,0,919,0,40,2,3,2,1,15,27,3
2107533,0,919,0,40,2,2,2,1,29,34,3
2106482,0,919,0,40,2,3,2,1,26,24,3
2076299,0,919,0,40,2,11,2,1,61,37,3
2095984,0,919,0,40,3,4,2,1,38,62,3
2078513,0,919,0,40,2,8,2,1,73,35,3
2094718,0,919,0,40,3,5,2,1,37,66,3
2111841,0,919,0,40,2,4,2,1,15,29,3
2081683,0,919,0,40,3,10,2,1,57,39,3
2082615,0,919,0,40,2,12,2,1,46,59,3
2086670,0,919,0,40,2,7,2,1,56,26,3
2117124,0,919,0,40,2,2,2,1,15,43,3
2117453,0,919,0,40,2,2,2,1,15,45,3
2120721,0,919,0,40,2,1,2,1,11,50,3
2121045,0,919,0,40,2,1,2,1,11,25,3
2115951,0,919,0,40,2,2,2,1,12,32,3
2069974,1,919,911,17.4192,3,8,2,1,45,25,3
2105985,0,919,0,40,3,4,2,1,24,47,3
2069236,0,919,0,40,3,8,2,1,32,29,3
2083310,0,919,0,40,2,9,2,1,37,49,3
2109542,0,919,0,40,2,3,2,1,25,52,3
2106988,0,919,0,40,2,3,2,1,23,58,3
2116853,0,919,0,40,3,2,2,1,12,30,3
2115654,0,919,0,40,2,2,2,1,11,28,3
2120790,0,919,0,40,3,1,2,1,10,35,3
2120930,0,919,0,40,3,1,2,1,10,41,3
2121495,0,919,0,40,2,1,2,1,10,43,3
2094979,0,919,0,40,2,5,2,1,40,30,3
2097080,0,919,0,40,2,5,2,1,35,43,3
2085213,0,919,0,40,3,7,2,1,53,52,3
2099899,0,919,0,40,3,5,2,1,39,85,3
2095325,0,919,0,40,2,5,2,1,36,69,3
2092694,0,919,0,40,3,6,2,1,42,55,3
2116927,0,919,0,40,2,2,2,1,13,33,3
2117414,0,919,0,40,3,2,2,1,13,19,3
2111877,0,919,0,40,2,3,2,1,20,84,3
2113312,1,919,907,40,2,2,2,1,21,14,3
2101438,0,919,0,40,2,5,2,1,25,46,3
2107968,0,919,0,40,3,5,2,1,21,44,3
2063675,0,919,0,40,2,12,2,1,56,48,3
2115895,0,919,0,40,3,3,2,1,15,55,3
2079130,0,919,0,40,3,11,2,1,60,28,3
2093846,0,919,0,40,2,7,2,1,34,36,3
2105702,0,919,0,40,2,5,2,1,21,35,3
2121997,0,919,0,40,2,1,2,1,9,58,3
2122107,0,919,0,40,3,1,2,1,9,63,3
2074870,0,919,0,40,2,9,2,1,83,56,3
2101323,0,919,0,40,2,4,2,1,32,32,3
2079895,0,919,0,40,2,9,2,1,62,39,3
2103545,0,919,0,40,2,2,2,1,29,58,3
2098206,0,919,0,40,2,4,2,1,34,45,3
2116388,0,919,0,40,3,1,2,1,20,54,3
2117278,0,919,0,40,2,1,2,1,18,61,3
2112398,0,919,0,40,3,2,2,1,20,63,3
2118078,0,919,0,40,3,1,2,1,17,46,3
2118621,0,919,0,40,3,1,2,1,16,38,3
2081793,0,919,0,40,2,7,2,1,56,68,3
2104768,0,919,0,40,3,5,2,1,25,47,3
2080974,0,919,0,40,3,6,2,1,75,39,3
2113207,0,919,0,40,3,2,2,1,15,35,3
2110785,0,919,0,40,3,2,2,1,21,92,3
2094146,0,919,0,40,3,6,2,1,39,36,3
2082810,0,919,0,40,3,9,2,1,49,77,3
2076693,0,919,0,40,3,10,2,1,71,38,3
2092790,0,919,0,40,3,5,2,1,42,44,3
2119539,1,919,912,37.5496,2,1,2,1,14,39,3
2115317,0,919,0,40,2,2,2,1,16,41,3
2115116,0,919,0,40,2,3,2,1,19,70,3
2094166,0,919,0,40,3,6,2,1,26,146,3
2100150,0,919,0,40,2,4,2,1,38,22,3
2087861,0,919,0,40,3,8,2,1,46,75,3
2114830,0,919,0,40,3,3,2,1,15,65,3
2119623,0,919,0,40,2,2,2,1,13,66,3
2120461,1,919,912,15.6456,3,1,2,1,12,24,3
2120963,0,919,0,40,2,1,2,1,12,30,3
2071847,0,919,0,40,2,3,2,1,34,80,3
2104927,0,919,0,40,3,3,2,1,30,26,3
2115301,0,919,0,40,3,2,2,1,14,53,3
2082336,0,919,0,40,2,8,2,1,60,30,3
2092480,0,919,0,40,3,5,2,1,41,68,3
2108862,0,919,0,40,3,3,2,1,19,73,3
2116085,1,919,906,22.6275,3,2,2,1,15,53,3
2084809,0,919,0,40,3,6,2,1,66,12,3
2091660,0,919,0,40,2,6,2,1,45,89,3
2090626,0,919,0,40,3,7,2,1,44,37,3
2086054,0,919,0,40,2,7,2,1,52,55,3
2115780,0,919,0,40,2,2,2,1,14,34,3
2114414,0,919,0,40,3,3,2,1,14,20,3
2066584,0,919,0,40,2,8,2,1,50,29,3
2114564,0,919,0,40,3,3,2,1,14,43,3
2112381,0,919,0,40,2,3,2,1,22,21,3
2120951,0,919,0,40,2,2,2,1,11,29,3
2064799,0,919,0,40,3,14,2,1,73,15,3
2090002,0,919,0,40,2,6,2,1,41,33,3
2111098,0,919,0,40,3,3,2,1,22,27,3
2101816,0,919,0,40,3,4,2,1,35,46,3
2096974,0,919,0,40,2,5,2,1,42,55,3
2118632,0,919,0,40,2,2,2,1,12,19,3
2122503,0,919,0,40,2,1,2,1,9,35,3
2100238,0,919,0,40,2,3,2,1,34,39,3
2104653,0,919,0,40,2,6,2,1,28,35,3
2107737,0,919,0,40,2,3,2,1,28,44,3
2111249,1,919,900,35.2032,2,3,2,1,21,50,3
2101498,0,919,0,40,3,5,2,1,33,62,3
2098982,0,919,0,40,2,5,2,1,33,101,3
2101571,0,919,0,40,2,3,2,1,38,38,3
2077600,0,919,0,40,2,12,2,1,57,27,3
2114844,0,919,0,40,3,2,2,1,16,62,3
2045989,0,919,0,40,2,19,2,1,85,46,3
2089671,0,919,0,40,2,3,2,1,64,28,3
2120928,0,919,0,40,3,1,2,1,10,38,3
2115775,0,919,0,40,2,2,2,1,16,92,3
2084699,0,919,0,40,3,9,2,1,46,31,3
2076911,0,919,0,40,2,10,2,1,70,35,3
2121708,0,919,0,40,2,1,2,1,9,32,3
2123066,0,919,0,40,2,1,2,1,9,52,3
2120680,0,919,0,40,2,0,2,1,8,26,3
2120808,0,919,0,40,3,0,2,1,8,123,3
2120872,0,919,0,40,3,0,2,1,8,37,3
2121066,0,919,0,40,2,0,2,1,8,45,3
2121358,0,919,0,40,2,0,2,1,8,38,3
2121454,0,919,0,40,3,0,2,1,8,33,3
2121518,0,919,0,40,2,0,2,1,8,49,3
2121550,0,919,0,40,3,0,2,1,8,41,3
2121614,0,919,0,40,2,0,2,1,8,34,3
2121736,0,919,0,40,3,0,2,1,8,47,3
2121816,0,919,0,40,3,0,2,1,8,41,3
2121848,0,919,0,40,3,0,2,1,8,50,3
2121864,0,919,0,40,3,0,2,1,8,38,3
2121960,0,919,0,40,3,0,2,1,8,21,3
2121992,0,919,0,40,3,0,2,1,8,28,3
2122024,0,919,0,40,2,0,2,1,8,83,3
2122136,0,919,0,40,2,0,2,1,8,36,3
2122216,0,919,0,40,3,0,2,1,8,30,3
2122266,0,919,0,40,3,0,2,1,8,64,3
2122290,0,919,0,40,2,0,2,1,8,43,3
2122338,0,919,0,40,3,0,2,1,8,6,3
2122354,0,919,0,40,3,0,2,1,8,51,3
2122378,0,919,0,40,2,0,2,1,8,32,3
2122394,0,919,0,40,3,0,2,1,8,15,3
2122402,0,919,0,40,3,0,2,1,8,41,3
2122442,0,919,0,40,2,0,2,1,8,26,3
2122474,0,919,0,40,3,0,2,1,8,20,3
2122530,0,919,0,40,3,0,2,1,8,23,3
2122554,0,919,0,40,3,0,2,1,8,24,3
2122594,0,919,0,40,3,0,2,1,8,33,3
2122626,0,919,0,40,2,0,2,1,8,46,3
2122642,0,919,0,40,2,0,2,1,8,58,3
2122682,0,919,0,40,3,0,2,1,8,42,3
2122706,0,919,0,40,2,0,2,1,8,152,3
2122722,0,919,0,40,3,0,2,1,8,25,3
2122738,0,919,0,40,3,0,2,1,8,95,3
2122794,0,919,0,40,2,0,2,1,8,24,3
2122802,0,919,0,40,2,0,2,1,8,31,3
2122842,0,919,0,40,3,0,2,1,8,46,3
2122855,0,919,0,40,3,0,2,1,8,26,3
2122863,0,919,0,40,2,0,2,1,8,22,3
2122879,0,919,0,40,2,0,2,1,8,57,3
2122883,0,919,0,40,3,0,2,1,8,69,3
2122895,0,919,0,40,3,0,2,1,8,61,3
2122899,0,919,0,40,2,0,2,1,8,17,3
2122903,0,919,0,40,2,0,2,1,8,30,3
2122907,0,919,0,40,3,0,2,1,8,60,3
2122935,0,919,0,40,2,0,2,1,8,44,3
2122943,0,919,0,40,2,0,2,1,8,43,3
2122963,0,919,0,40,3,0,2,1,8,15,3
2122975,0,919,0,40,2,0,2,1,8,94,3
2122979,0,919,0,40,3,0,2,1,8,26,3
2123007,0,919,0,40,2,0,2,1,8,28,3
2123027,0,919,0,40,3,0,2,1,8,62,3
2123039,0,919,0,40,3,0,2,1,8,24,3
2123051,0,919,0,40,3,0,2,1,8,24,3
2123063,0,919,0,40,2,0,2,1,8,29,3
2123083,0,919,0,40,2,0,2,1,8,53,3
2123099,0,919,0,40,2,0,2,1,8,58,3
2123107,0,919,0,40,2,0,2,1,8,51,3
2123111,0,919,0,40,2,0,2,1,8,26,3
2123143,0,919,0,40,2,0,2,1,8,50,3
2123155,0,919,0,40,2,0,2,1,8,43,3
2123163,0,919,0,40,2,0,2,1,8,57,3
2123179,0,919,0,40,2,0,2,1,8,26,3
2123195,0,919,0,40,2,0,2,1,8,40,3
2123215,0,919,0,40,2,0,2,1,8,18,3
2123223,0,919,0,40,3,0,2,1,8,40,3
2123239,0,919,0,40,3,0,2,1,8,19,3
2123259,0,919,0,40,2,0,2,1,8,49,3
2123275,0,919,0,40,2,0,2,1,8,61,3
2123283,0,919,0,40,2,0,2,1,8,68,3
2123287,0,919,0,40,3,0,2,1,8,32,3
2123291,0,919,0,40,3,0,2,1,8,52,3
2123307,0,919,0,40,2,0,2,1,8,32,3
2123315,0,919,0,40,3,0,2,1,8,31,3
2123319,0,919,0,40,3,0,2,1,8,49,3
2123323,0,919,0,40,2,0,2,1,8,32,3
2123331,0,919,0,40,3,0,2,1,8,40,3
2123343,0,919,0,40,2,0,2,1,8,32,3
2123375,0,919,0,40,2,0,2,1,8,40,3
2123379,0,919,0,40,3,0,2,1,8,49,3
2123391,0,919,0,40,3,0,2,1,8,39,3
2123403,0,919,0,40,2,0,2,1,8,45,3
2123419,0,919,0,40,2,0,2,1,8,40,3
2123427,0,919,0,40,3,0,2,1,8,37,3
2123436,0,919,0,40,2,0,2,1,8,21,3
2123440,0,919,0,40,3,0,2,1,8,27,3
2123446,0,919,0,40,3,0,2,1,8,44,3
2123454,0,919,0,40,3,0,2,1,8,47,3
2123456,0,919,0,40,3,0,2,1,8,29,3
2123462,0,919,0,40,3,0,2,1,8,25,3
2123464,0,919,0,40,3,0,2,1,8,16,3
2123468,0,919,0,40,3,0,2,1,8,37,3
2123480,0,919,0,40,2,0,2,1,8,22,3
2123486,0,919,0,40,2,0,2,1,8,57,3
2123488,0,919,0,40,3,0,2,1,8,13,3
2123490,0,919,0,40,3,0,2,1,8,34,3
2123508,0,919,0,40,2,0,2,1,8,32,3
2123512,0,919,0,40,3,0,2,1,8,78,3
2123514,0,919,0,40,2,0,2,1,8,74,3
2123520,0,919,0,40,3,0,2,1,8,46,3
2123522,0,919,0,40,3,0,2,1,8,37,3
2123526,0,919,0,40,3,0,2,1,8,25,3
2123538,0,919,0,40,3,0,2,1,8,63,3
2123552,0,919,0,40,2,0,2,1,8,31,3
2123556,0,919,0,40,3,0,2,1,8,55,3
2123562,0,919,0,40,3,0,2,1,8,95,3
2123568,0,919,0,40,2,0,2,1,8,19,3
2123570,0,919,0,40,2,0,2,1,8,46,3
2123576,0,919,0,40,2,0,2,1,8,33,3
2123578,0,919,0,40,2,0,2,1,8,30,3
2123588,0,919,0,40,3,0,2,1,8,41,3
2123590,0,919,0,40,2,0,2,1,8,15,3
2123594,0,919,0,40,3,0,2,1,8,46,3
2123596,0,919,0,40,3,0,2,1,8,25,3
2123600,0,919,0,40,3,0,2,1,8,29,3
2123606,0,919,0,40,2,0,2,1,8,67,3
2123612,0,919,0,40,3,0,2,1,8,29,3
2123614,0,919,0,40,2,0,2,1,8,47,3
2123618,0,919,0,40,2,0,2,1,8,38,3
2123620,0,919,0,40,2,0,2,1,8,15,3
2123626,0,919,0,40,2,0,2,1,8,25,3
2123634,0,919,0,40,3,0,2,1,8,78,3
2123640,0,919,0,40,2,0,2,1,8,45,3
2123644,0,919,0,40,2,0,2,1,8,47,3
2123650,0,919,0,40,3,0,2,1,8,57,3
2123656,0,919,0,40,3,0,2,1,8,26,3
2123660,0,919,0,40,3,0,2,1,8,71,3
2123662,0,919,0,40,2,0,2,1,8,28,3
2123666,0,919,0,40,2,0,2,1,8,38,3
2123676,0,919,0,40,3,0,2,1,8,28,3
2123686,0,919,0,40,3,0,2,1,8,67,3
2123688,0,919,0,40,3,0,2,1,8,62,3
2123690,0,919,0,40,2,0,2,1,8,60,3
2123700,0,919,0,40,3,0,2,1,8,42,3
2123704,0,919,0,40,3,0,2,1,8,40,3
2123710,0,919,0,40,3,0,2,1,8,37,3
2123714,0,919,0,40,2,0,2,1,8,34,3
2123718,0,919,0,40,3,0,2,1,8,56,3
2123728,0,919,0,40,2,0,2,1,8,61,3
2123732,0,919,0,40,3,0,2,1,8,39,3
2123734,0,919,0,40,3,0,2,1,8,47,3
2123740,0,919,0,40,2,0,2,1,8,23,3
2123744,0,919,0,40,3,0,2,1,8,39,3
2123758,0,919,0,40,3,0,2,1,8,28,3
2123762,0,919,0,40,3,0,2,1,8,48,3
2123764,0,919,0,40,3,0,2,1,8,65,3
2123770,0,919,0,40,3,0,2,1,8,35,3
2123772,0,919,0,40,2,0,2,1,8,58,3
2123778,0,919,0,40,2,0,2,1,8,61,3
2123782,0,919,0,40,3,0,2,1,8,34,3
2123790,0,919,0,40,3,0,2,1,8,11,3
2123798,0,919,0,40,3,0,2,1,8,57,3
2123800,0,919,0,40,2,0,2,1,8,37,3
2123806,0,919,0,40,3,0,2,1,8,26,3
2123824,0,919,0,40,3,0,2,1,8,50,3
2123826,0,919,0,40,2,0,2,1,8,40,3
2123834,0,919,0,40,2,0,2,1,8,41,3
2123842,0,919,0,40,2,0,2,1,8,69,3
2123860,0,919,0,40,3,0,2,1,8,80,3
2123864,0,919,0,40,3,0,2,1,8,72,3
2123876,0,919,0,40,2,0,2,1,8,49,3
2123888,0,919,0,40,3,0,2,1,8,32,3
2123892,0,919,0,40,3,0,2,1,8,40,3
2123898,0,919,0,40,2,0,2,1,8,28,3
2123900,0,919,0,40,2,0,2,1,8,53,3
2123902,0,919,0,40,2,0,2,1,8,29,3
2123910,0,919,0,40,3,0,2,1,8,35,3
2123916,0,919,0,40,2,0,2,1,8,65,3
2123922,0,919,0,40,2,0,2,1,8,36,3
2123926,0,919,0,40,3,0,2,1,8,68,3
2123942,0,919,0,40,2,0,2,1,8,64,3
2123948,0,919,0,40,3,0,2,1,8,27,3
2123958,0,919,0,40,3,0,2,1,8,75,3
2123972,0,919,0,40,2,0,2,1,8,44,3
2123978,0,919,0,40,3,0,2,1,8,43,3
2123980,0,919,0,40,3,0,2,1,8,26,3
2123982,0,919,0,40,3,0,2,1,8,39,3
2123988,0,919,0,40,2,0,2,1,8,38,3
2123992,0,919,0,40,3,0,2,1,8,43,3
2123994,0,919,0,40,3,0,2,1,8,29,3
2123996,0,919,0,40,3,0,2,1,8,33,3
2124000,0,919,0,40,2,0,2,1,8,20,3
2124012,0,919,0,40,2,0,2,1,8,31,3
2124014,0,919,0,40,3,0,2,1,8,56,3
2124020,0,919,0,40,3,0,2,1,8,59,3
2111334,0,919,0,40,2,1,2,1,12,40,3
2083801,0,919,0,40,2,6,2,1,52,17,3
2088999,0,919,0,40,2,7,2,1,50,21,3
2098929,0,919,0,40,3,4,2,1,27,46,3
2069635,0,919,0,40,3,6,2,1,35,83,3
2083232,0,919,0,40,2,10,2,1,40,39,3
2104017,0,919,0,40,2,2,2,1,24,55,3
2079607,0,919,0,40,3,5,2,1,73,27,3
2080707,0,919,0,40,2,9,2,1,49,20,3
2104667,0,919,0,40,2,3,2,1,20,27,3
2085334,0,919,0,40,3,7,2,1,43,62,3
2075531,0,919,0,40,2,10,2,1,62,90,3
2079598,0,919,0,40,3,8,2,1,52,25,3
2069810,0,919,0,40,3,4,2,1,47,49,3
2089825,0,919,0,40,2,4,2,1,54,47,3
2112206,0,919,0,40,2,1,2,1,18,45,3
2113260,0,919,0,40,2,1,2,1,16,47,3
2050807,0,919,0,40,3,9,2,1,81,47,3
2111379,0,919,0,40,2,1,2,1,15,24,3
2082923,0,919,0,40,3,5,2,1,50,63,3
2099609,0,919,0,40,2,4,2,1,28,50,3
2115444,0,919,0,40,3,1,2,1,11,23,3
2077971,0,919,0,40,2,10,2,1,47,22,3
2105412,0,919,0,40,2,3,2,1,18,57,3
2110933,0,919,0,40,2,3,2,1,14,36,3
2062364,0,919,0,40,3,11,2,1,43,82,3
2083212,0,919,0,40,2,8,2,1,47,47,3
2080161,0,919,0,40,2,7,2,1,59,14,3
2104072,0,919,0,40,3,1,2,1,34,35,3
2095878,0,919,0,40,3,4,2,1,30,27,3
2095499,0,919,0,40,2,4,2,1,32,35,3
2024916,0,919,0,40,3,16,2,1,141,23,3
2094438,0,919,0,40,3,4,2,1,34,18,3
2101020,0,919,0,40,2,3,2,1,32,33,3
2056710,0,919,0,40,3,14,2,1,90,25,3
2084755,0,919,0,40,2,7,2,1,41,79,3
2104680,0,919,0,40,3,2,2,1,26,38,3
2067332,0,919,0,40,3,10,2,1,52,33,3
2113192,0,919,0,40,3,2,2,1,16,23,3
2114846,0,919,0,40,2,1,2,1,14,46,3
2115531,0,919,0,40,3,1,2,1,13,46,3
2110511,0,919,0,40,2,2,2,1,15,11,3
2116166,0,919,0,40,2,1,2,1,12,34,3
2100892,0,919,0,40,2,3,2,1,18,58,3
2087145,0,919,0,40,2,7,2,1,40,27,3
2104360,0,919,0,40,3,4,2,1,23,22,3
2109692,0,919,0,40,2,3,2,1,18,18,3
2069059,0,919,0,40,3,8,2,1,50,40,3
2082946,1,919,900,31.4343,2,7,2,1,51,46,3
2105242,0,919,0,40,3,2,2,1,20,37,3
2108642,0,919,0,40,2,3,2,1,15,63,3
2117285,0,919,0,40,2,1,2,1,9,62,3
2118144,0,919,0,40,3,1,2,1,9,38,3
2079294,0,919,0,40,2,7,2,1,56,72,3
2113185,0,919,0,40,3,2,2,1,10,35,3
2099653,0,919,0,40,2,3,2,1,33,32,3
2117841,0,919,0,40,2,1,2,1,8,33,3
2106576,0,919,0,40,3,1,2,1,30,61,3
2073314,0,919,0,40,2,8,2,1,88,38,3
2110756,0,919,0,40,2,1,2,1,22,28,3
2112258,0,919,0,40,2,1,2,1,20,22,3
2106830,0,919,0,40,2,2,2,1,26,54,3
2039740,0,919,0,40,2,15,2,1,107,13,3
2094620,1,919,878,19.7769,3,5,2,1,37,46,3
2084955,0,919,0,40,2,7,2,1,47,38,3
2115048,0,919,0,40,3,1,2,1,15,39,3
2077430,0,919,0,40,2,6,2,1,80,77,3
2075459,0,919,0,40,3,6,2,1,73,19,3
2021908,0,919,0,40,2,17,2,1,61,61,3
2093368,0,919,0,40,2,5,2,1,40,48,3
2056594,0,919,0,40,2,13,2,1,114,74,3
2088190,0,919,0,40,3,3,2,1,59,85,3
2115158,0,919,0,40,3,2,2,1,13,31,3
2116275,1,919,906,38.9877,2,1,2,1,12,45,3
2116632,0,919,0,40,2,1,2,1,12,4,3
2106123,0,919,0,40,3,3,2,1,26,42,3
2109843,0,919,0,40,3,3,2,1,19,35,3
2117240,0,919,0,40,3,1,2,1,11,44,3
2117678,0,919,0,40,2,1,2,1,11,43,3
2100849,1,919,906,15.7139,3,4,2,1,27,38,3
2075815,0,919,0,40,2,11,2,1,65,58,3
2100816,0,919,0,40,2,5,2,1,26,50,3
2097973,1,919,896,26.1504,3,4,2,1,36,38,3
2083272,0,919,0,40,3,9,2,1,51,84,3
2082063,0,919,0,40,2,7,2,1,61,56,3
2117145,0,919,0,40,2,1,2,1,10,16,3
2117878,0,919,0,40,3,1,2,1,10,60,3
2070875,0,919,0,40,2,7,2,1,44,26,3
2102123,0,919,0,40,3,4,2,1,26,29,3
2104898,0,919,0,40,2,4,2,1,15,32,3
2107553,0,919,0,40,2,3,2,1,20,62,3
2106220,0,919,0,40,3,2,2,1,27,52,3
2078222,0,919,0,40,2,11,2,1,50,38,3
2117200,0,919,0,40,3,2,2,1,10,38,3
2112737,0,919,0,40,2,2,2,1,11,47,3
2101509,0,919,0,40,3,3,2,1,29,44,3
2110928,0,919,0,40,2,4,2,1,13,57,3
2094696,0,919,0,40,3,3,2,1,48,44,3
2116649,0,919,0,40,3,1,2,1,8,47,3
2081164,0,919,0,40,2,7,2,1,60,36,3
2099681,0,919,0,40,2,3,2,1,34,62,3
2067191,0,919,0,40,3,7,2,1,63,100,3
2104577,0,919,0,40,3,3,2,1,27,22,3
2068442,0,919,0,40,2,5,2,1,57,22,3
2112905,0,919,0,40,3,1,2,1,20,41,3
2110115,0,919,0,40,3,2,2,1,20,11,3
2100792,0,919,0,40,3,3,2,1,35,79,3
2114130,0,919,0,40,2,1,2,1,18,35,3
2068168,0,919,0,40,3,6,2,1,60,37,3
2069068,0,919,0,40,2,8,2,1,51,41,3
2103484,0,919,0,40,2,3,2,1,29,19,3
2077358,0,919,0,40,2,12,2,1,60,50,3
2108267,0,919,0,40,2,2,2,1,18,33,3
2106701,0,919,0,40,2,2,2,1,20,30,3
2086716,0,919,0,40,3,6,2,1,48,41,3
2084183,0,919,0,40,3,8,2,1,45,18,3
2114783,0,919,0,40,3,1,2,1,15,39,3
2039545,0,919,0,40,3,13,2,1,92,46,3
2083492,0,919,0,40,3,9,2,1,47,23,3
2110471,0,919,0,40,3,3,2,1,17,80,3
2069410,0,919,0,40,2,7,2,1,52,62,3
2088947,0,919,0,40,3,8,2,1,34,30,3
2083289,0,919,0,40,2,6,2,1,65,91,3
2115804,0,919,0,40,2,1,2,1,14,27,3
2096248,0,919,0,40,2,6,2,1,25,49,3
2070282,0,919,0,40,3,7,2,1,66,29,3
2068695,0,919,0,40,2,10,2,1,47,36,3
2101680,0,919,0,40,2,4,2,1,30,38,3
2092318,0,919,0,40,2,6,2,1,37,44,3
2075101,0,919,0,40,3,8,2,1,79,30,3
2070697,0,919,0,40,2,8,2,1,67,44,3
2111797,0,919,0,40,2,2,2,1,18,18,3
2069348,0,919,0,40,3,9,2,1,38,103,3
2111142,0,919,0,40,3,3,2,1,19,38,3
2114310,0,919,0,40,2,2,2,1,13,45,3
2117376,0,919,0,40,3,1,2,1,12,23,3
2117542,0,919,0,40,2,1,2,1,12,71,3
2084913,0,919,0,40,2,8,2,1,48,38,3
2068502,0,919,0,40,3,8,2,1,76,21,3
2109768,0,919,0,40,2,3,2,1,17,83,3
2114467,0,919,0,40,3,2,2,1,13,31,3
2099140,0,919,0,40,3,4,2,1,31,33,3
2081688,1,919,894,40,2,9,2,1,38,35,3
2107854,0,919,0,40,3,4,2,1,18,60,3
2117057,0,919,0,40,3,1,2,1,11,46,3
2107253,0,919,0,40,2,3,2,1,17,58,3
2071265,0,919,0,40,3,10,2,1,79,40,3
2114022,0,919,0,40,2,2,2,1,11,57,3
2110747,0,919,0,40,2,2,2,1,14,42,3
2079210,0,919,0,40,3,8,2,1,69,62,3
2099461,0,919,0,40,3,4,2,1,28,29,3
2080671,0,919,0,40,2,5,2,1,75,54,3
2099472,0,919,0,40,3,5,2,1,23,57,3
2099952,0,919,0,40,3,7,2,1,29,32,3
2105909,0,919,0,40,3,3,2,1,23,34,3
2108274,0,919,0,40,2,2,2,1,21,27,3
2073592,0,919,0,40,3,14,2,1,81,39,3
2085862,0,919,0,40,3,8,2,1,41,37,3
2111881,0,919,0,40,3,3,2,1,13,32,3
2113061,0,919,0,40,3,2,2,1,14,72,3
2084062,0,919,0,40,3,7,2,1,51,51,3
2118907,0,919,0,40,2,1,2,1,9,29,3
2094554,0,919,0,40,2,4,2,1,36,39,3
2082398,0,919,0,40,2,12,2,1,37,16,3
2065662,0,919,0,40,3,9,2,1,52,83,3
2081916,0,919,0,40,2,8,2,1,44,43,3
2083929,0,919,0,40,2,10,2,1,37,24,3
2105724,0,919,0,40,2,4,2,1,14,55,3
2093139,0,919,0,40,3,6,2,1,36,42,3
2115351,0,919,0,40,3,2,2,1,13,56,3
2114458,0,919,0,40,3,2,2,1,11,30,3
2116705,0,919,0,40,2,2,2,1,10,50,3
2117851,0,919,0,40,3,1,2,1,8,36,3
2119102,0,919,0,40,2,1,2,1,8,60,3
2119475,0,919,0,40,2,1,2,1,8,88,3
2119917,0,919,0,40,2,1,2,1,8,11,3
2094227,0,919,0,40,2,4,2,1,39,57,3
2072581,0,919,0,40,3,12,2,1,82,41,3
2109625,0,919,0,40,2,1,2,1,26,19,3
2078340,0,919,0,40,2,6,2,1,78,100,3
2110909,0,919,0,40,2,1,2,1,23,34,3
2106647,0,919,0,40,3,2,2,1,29,62,3
2103881,0,919,0,40,3,3,2,1,30,35,3
2110637,0,919,0,40,3,1,2,1,19,86,3
2113774,0,919,0,40,2,1,2,1,19,112,3
2070566,0,919,0,40,2,3,2,1,40,60,3
2110422,0,919,0,40,3,2,2,1,21,88,3
2105139,0,919,0,40,3,2,2,1,33,40,3
2109862,0,919,0,40,2,2,2,1,18,48,3
2107859,0,919,0,40,3,3,2,1,21,51,3
2093969,0,919,0,40,2,5,2,1,36,41,3
2115000,0,919,0,40,3,1,2,1,17,44,3
2072187,0,919,0,40,3,11,2,1,79,96,3
2087355,0,919,0,40,3,8,2,1,48,79,3
2102696,0,919,0,40,3,3,2,1,20,60,3
2092426,0,919,0,40,3,5,2,1,43,50,3
2107713,0,919,0,40,3,2,2,1,27,42,3
2105707,0,919,0,40,2,4,2,1,23,82,3
2099222,0,919,0,40,2,5,2,1,36,74,3
2115496,0,919,0,40,2,1,2,1,15,29,3
2085215,0,919,0,40,2,7,2,1,44,57,3
2081436,0,919,0,40,2,8,2,1,66,53,3
2098539,0,919,0,40,2,5,2,1,27,40,3
2101508,0,919,0,40,3,4,2,1,25,43,3
2113886,0,919,0,40,2,2,2,1,15,44,3
2112625,0,919,0,40,2,2,2,1,18,22,3
2114156,0,919,0,40,2,2,2,1,16,29,3
2116271,0,919,0,40,2,1,2,1,14,28,3
2096510,0,919,0,40,3,5,2,1,24,46,3
2079136,0,919,0,40,2,9,2,1,56,24,3
2076289,1,919,908,31.1235,2,11,2,1,57,32,3
2105983,0,919,0,40,3,3,2,1,20,74,3
2116579,0,919,0,40,3,1,2,1,13,43,3
2107620,0,919,0,40,2,2,2,1,18,27,3
2107851,0,919,0,40,3,2,2,1,22,27,3
2111834,0,919,0,40,2,2,2,1,17,38,3
2107882,0,919,0,40,3,3,2,1,16,51,3
2070455,0,919,0,40,2,6,2,1,50,42,3
2106014,1,919,908,22.6782,3,3,2,1,25,27,3
2116000,0,919,0,40,2,2,2,1,13,32,3
2096993,0,919,0,40,2,6,2,1,29,52,3
2116721,0,919,0,40,3,1,2,1,12,46,3
2117924,0,919,0,40,3,1,2,1,12,64,3
2056064,0,919,0,40,2,11,2,1,65,54,3
2111827,0,919,0,40,3,2,2,1,12,55,3
2094320,0,919,0,40,3,4,2,1,45,28,3
2067556,0,919,0,40,2,9,2,1,61,57,3
2111296,0,919,0,40,3,2,2,1,18,104,3
2113667,0,919,0,40,3,2,2,1,12,35,3
2095183,0,919,0,40,2,4,2,1,37,27,3
2091998,0,919,0,40,3,5,2,1,45,40,3
2067795,0,919,0,40,2,11,2,1,80,43,3
2118473,0,919,0,40,2,1,2,1,11,38,3
2111324,0,919,0,40,3,2,2,1,14,43,3
2097306,0,919,0,40,3,2,2,1,41,19,3
2100818,0,919,0,40,3,4,2,1,28,39,3
2109726,0,919,0,40,2,2,2,1,17,38,3
2088192,0,919,0,40,3,8,2,1,41,39,3
2091514,0,919,0,40,3,6,2,1,43,13,3
2113295,0,919,0,40,2,2,2,1,15,52,3
2104193,0,919,0,40,3,4,2,1,20,36,3
2116330,0,919,0,40,3,2,2,1,11,40,3
2114811,0,919,0,40,2,2,2,1,13,75,3
2106952,0,919,0,40,2,4,2,1,20,62,3
2114386,0,919,0,40,2,2,2,1,13,37,3
2068124,0,919,0,40,2,3,2,1,15,38,3
2118698,0,919,0,40,3,1,2,1,10,38,3
2119379,0,919,0,40,2,1,2,1,10,10,3
2103647,0,919,0,40,2,4,2,1,20,17,3
2109783,0,919,0,40,3,3,2,1,17,18,3
2101098,0,919,0,40,3,4,2,1,23,29,3
2069201,0,919,0,40,3,12,2,1,61,28,3
2096177,1,919,864,39.9145,2,4,2,1,36,78,3
2086014,0,919,0,40,3,7,2,1,49,12,3
2091793,0,919,0,40,2,8,2,1,37,28,3
2086348,0,919,0,40,2,6,2,1,56,23,3
2111382,0,919,0,40,3,3,2,1,13,24,3
2062787,0,919,0,40,2,11,2,1,66,19,3
2097272,0,919,0,40,3,4,2,1,39,8,3
2109676,0,919,0,40,3,3,2,1,17,111,3
2101621,0,919,0,40,3,5,2,1,24,32,3
2033287,0,919,0,40,3,22,2,1,114,30,3
2118612,0,919,0,40,2,1,2,1,9,33,3
2118858,0,919,0,40,2,1,2,1,9,19,3
2119154,0,919,0,40,3,1,2,1,9,15,3
2119657,1,919,908,29.9228,2,1,2,1,9,17,3
2099897,0,919,0,40,2,3,2,1,28,47,3
2095070,0,919,0,40,2,4,2,1,34,53,3
2088826,0,919,0,40,2,7,2,1,39,45,3
2108841,0,919,0,40,2,3,2,1,18,25,3
2092435,0,919,0,40,3,6,2,1,35,111,3
2101782,0,919,0,40,3,3,2,1,32,20,3
2113071,0,919,0,40,2,2,2,1,14,34,3
2074990,0,919,0,40,3,11,2,1,60,88,3
2069854,1,919,908,34.8549,2,7,2,1,34,78,3
2111631,0,919,0,40,2,3,2,1,13,32,3
2080115,0,919,0,40,2,8,2,1,58,34,3
2102853,0,919,0,40,2,5,2,1,24,35,3
2070616,0,919,0,40,2,4,2,1,49,89,3
2086478,0,919,0,40,3,6,2,1,42,26,3
2101213,0,919,0,40,3,4,2,1,27,49,3
2101290,0,919,0,40,3,4,2,1,30,44,3
2119592,0,919,0,40,3,1,2,1,8,36,3
2119932,0,919,0,40,2,1,2,1,8,24,3
2120108,0,919,0,40,3,1,2,1,8,37,3
2078799,0,919,0,40,3,6,2,1,75,44,3
2098579,0,919,0,40,2,2,2,1,42,19,3
2085802,0,919,0,40,2,7,2,1,55,26,3
2108984,0,919,0,40,3,1,2,1,28,18,3
2096164,0,919,0,40,3,4,2,1,32,23,3
2082348,0,919,0,40,3,5,2,1,58,49,3
2091848,0,919,0,40,2,7,2,1,47,31,3
2111049,0,919,0,40,3,1,2,1,24,53,3
2092671,0,919,0,40,2,5,2,1,43,100,3
2086419,0,919,0,40,3,7,2,1,48,29,3
2086068,0,919,0,40,2,5,2,1,55,32,3
2112446,0,919,0,40,2,1,2,1,21,39,3
2093642,0,919,0,40,3,5,2,1,37,47,3
2080996,0,919,0,40,2,8,2,1,57,91,3
2080812,0,919,0,40,3,9,2,1,52,17,3
2075818,0,919,0,40,3,12,2,1,59,33,3
2113961,0,919,0,40,2,1,2,1,19,43,3
2102035,0,919,0,40,2,3,2,1,27,56,3
2080126,0,919,0,40,3,7,2,1,57,70,3
2106802,0,919,0,40,3,2,2,1,30,26,3
2077963,0,919,0,40,2,9,2,1,62,70,3
2114796,0,919,0,40,3,1,2,1,18,28,3
2094642,0,919,0,40,3,5,2,1,38,56,3
2086179,0,919,0,40,2,5,2,1,60,35,3
2100006,0,919,0,40,3,4,2,1,31,23,3
2114795,0,919,0,40,2,1,2,1,17,42,3
2115675,0,919,0,40,3,1,2,1,17,27,3
2079289,0,919,0,40,3,9,2,1,62,72,3
2095016,0,919,0,40,3,3,2,1,50,35,3
2094870,0,919,0,40,2,5,2,1,39,31,3
2109756,0,919,0,40,3,3,2,1,20,20,3
2115373,0,919,0,40,2,1,2,1,16,24,3
2089796,0,919,0,40,3,4,2,1,50,54,3
2109896,0,919,0,40,2,2,2,1,20,21,3
2069685,0,919,0,40,3,7,2,1,65,89,3
2105566,0,919,0,40,2,2,2,1,30,39,3
2088433,0,919,0,40,3,5,2,1,60,50,3
2115173,0,919,0,40,3,1,2,1,15,29,3
2116375,0,919,0,40,3,1,2,1,15,71,3
2116660,0,919,0,40,3,1,2,1,15,26,3
2105277,0,919,0,40,2,3,2,1,23,43,3
2099417,0,919,0,40,3,5,2,1,28,48,3
2067849,0,919,0,40,3,12,2,1,69,30,3
2112423,0,919,0,40,3,2,2,1,18,51,3
2094844,0,919,0,40,2,4,2,1,39,20,3
2107076,0,919,0,40,2,3,2,1,27,31,3
2107680,0,919,0,40,3,4,2,1,19,62,3
2116525,0,919,0,40,2,1,2,1,14,23,3
2116575,0,919,0,40,3,1,2,1,14,91,3
2068851,0,919,0,40,3,4,2,1,47,96,3
2085847,0,919,0,40,2,6,2,1,54,65,3
2114092,0,919,0,40,2,2,2,1,16,55,3
2110755,0,919,0,40,3,2,2,1,15,68,3
2084201,0,919,0,40,2,7,2,1,44,43,3
2116589,0,919,0,40,3,1,2,1,13,20,3
2117812,0,919,0,40,3,1,2,1,13,45,3
2073069,0,919,0,40,3,6,2,1,32,23,3
2055735,0,919,0,40,2,15,2,1,110,29,3
2064784,0,919,0,40,2,11,2,1,86,63,3
2079989,0,919,0,40,2,8,2,1,67,54,3
2112931,0,919,0,40,3,2,2,1,18,62,3
2069900,0,919,0,40,3,8,2,1,37,59,3
2113555,0,919,0,40,2,3,2,1,14,24,3
2103636,0,919,0,40,2,4,2,1,28,56,3
2086951,0,919,0,40,2,9,2,1,46,84,3
2116901,0,919,0,40,2,1,2,1,12,24,3
2118571,0,919,0,40,2,1,2,1,12,53,3
2100565,0,919,0,40,2,5,2,1,23,56,3
2099636,0,919,0,40,3,3,2,1,32,50,3
2114918,0,919,0,40,3,2,2,1,12,30,3
2108126,0,919,0,40,2,4,2,1,16,64,3
2071681,0,919,0,40,2,11,2,1,57,29,3
2112403,0,919,0,40,2,2,2,1,16,68,3
2111824,0,919,0,40,3,3,2,1,17,24,3
2099908,0,919,0,40,3,4,2,1,31,51,3
2101749,0,919,0,40,3,4,2,1,26,13,3
2087606,0,919,0,40,2,6,2,1,45,59,3
2092148,0,919,0,40,3,5,2,1,51,21,3
2117479,0,919,0,40,2,1,2,1,11,65,3
2118981,0,919,0,40,3,1,2,1,11,52,3
2074702,0,919,0,40,2,10,2,1,65,44,3
2068404,0,919,0,40,2,9,2,1,61,50,3
2004691,0,919,0,40,2,30,2,1,136,51,3
2075479,0,919,0,40,3,11,2,1,55,18,3
2094122,0,919,0,40,3,5,2,1,41,50,3
2100408,0,919,0,40,2,5,2,1,27,18,3
2110524,0,919,0,40,3,4,2,1,15,29,3
2069663,0,919,0,40,3,9,2,1,58,37,3
2094071,0,919,0,40,3,5,2,1,38,27,3
2107716,1,919,909,20.3878,3,4,2,1,18,23,3
2081995,0,919,0,40,2,10,2,1,44,64,3
2105261,0,919,0,40,2,4,2,1,25,34,3
2115857,0,919,0,40,3,2,2,1,14,78,3
2073814,0,919,0,40,3,16,2,1,56,61,3
2114859,0,919,0,40,2,2,2,1,15,33,3
2089979,0,919,0,40,2,5,2,1,51,17,3
2100086,0,919,0,40,2,3,2,1,39,74,3
2119517,0,919,0,40,3,1,2,1,10,22,3
2119837,0,919,0,40,3,1,2,1,10,25,3
2083583,0,919,0,40,2,7,2,1,51,96,3
2088050,0,919,0,40,2,7,2,1,39,64,3
2115034,0,919,0,40,2,2,2,1,10,63,3
2098881,0,919,0,40,2,4,2,1,29,44,3
2113534,0,919,0,40,2,2,2,1,15,99,3
2104713,0,919,0,40,2,4,2,1,20,32,3
2085017,0,919,0,40,2,10,2,1,46,67,3
2110783,0,919,0,40,2,2,2,1,18,44,3
2095302,0,919,0,40,3,7,2,1,29,39,3
2068818,0,919,0,40,2,9,2,1,58,50,3
2089073,0,919,0,40,3,6,2,1,47,24,3
2104136,0,919,0,40,3,5,2,1,26,46,3
2109595,0,919,0,40,2,3,2,1,21,31,3
2097757,0,919,0,40,2,5,2,1,39,18,3
2102033,0,919,0,40,2,7,2,1,27,62,3
2105812,0,919,0,40,3,2,2,1,31,111,3
2097066,0,919,0,40,3,4,2,1,41,30,3
2111001,1,919,909,24.5139,3,4,2,1,14,42,3
2118161,2,919,0,40,2,1,2,1,9,55,3
2120048,0,919,0,40,2,1,2,1,9,37,3
2120508,0,919,0,40,3,1,2,1,9,38,3
2073574,0,919,0,40,2,13,2,1,63,65,3
2097451,0,919,0,40,2,5,2,1,33,71,3
2112083,0,919,0,40,3,2,2,1,12,49,3
2085790,0,919,0,40,3,8,2,1,52,7,3
2095138,0,919,0,40,2,5,2,1,37,38,3
2099769,0,919,0,40,3,5,2,1,24,20,3
2107112,0,919,0,40,2,2,2,1,27,100,3
2066873,0,919,0,40,3,7,2,1,39,39,3
2101799,0,919,0,40,2,6,2,1,24,18,3
2096623,0,919,0,40,3,6,2,1,30,81,3
2116017,0,919,0,40,2,2,2,1,9,99,3
2114725,0,919,0,40,2,2,2,1,16,12,3
2072983,0,919,0,40,2,4,2,1,53,108,3
2060611,0,919,0,40,2,16,2,1,101,59,3
2075863,0,919,0,40,3,10,2,1,67,54,3
2107403,0,919,0,40,3,4,2,1,25,27,3
2119434,0,919,0,40,3,1,2,1,8,25,3
2120081,0,919,0,40,3,1,2,1,8,67,3
2120591,0,919,0,40,3,1,2,1,8,26,3
2120803,0,919,0,40,2,1,2,1,8,73,3
2121035,0,919,0,40,3,1,2,1,8,47,3
2090824,0,919,0,40,2,4,2,1,51,64,3
2105693,0,919,0,40,2,2,2,1,31,33,3
2107418,0,919,0,40,2,1,2,1,28,55,3
2087591,0,919,0,40,3,6,2,1,46,31,3
2063980,2,919,0,40,2,12,2,1,79,63,3
2108169,0,919,0,40,3,2,2,1,28,62,3
2095892,0,919,0,40,3,4,2,1,44,66,3
2112321,0,919,0,40,3,1,2,1,23,61,3
2087419,0,919,0,40,2,4,2,1,59,58,3
2106110,0,919,0,40,3,3,2,1,22,39,3
2070205,0,919,0,40,3,6,2,1,47,68,3
2099912,0,919,0,40,2,5,2,1,33,34,3
2114273,0,919,0,40,3,1,2,1,20,48,3
2091189,0,919,0,40,2,7,2,1,38,52,3
2108470,0,919,0,40,2,2,2,1,21,30,3
2072668,0,919,0,40,3,8,2,1,67,22,3
2077876,0,919,0,40,3,8,2,1,76,98,3
2079261,0,919,0,40,2,8,2,1,56,69,3
2113803,0,919,0,40,3,1,2,1,19,31,3
2111729,0,919,0,40,2,2,2,1,19,33,3
2101775,0,919,0,40,2,4,2,1,34,27,3
2102917,0,919,0,40,2,4,2,1,31,33,3
2110721,0,919,0,40,3,2,2,1,24,16,3
2114823,0,919,0,40,3,1,2,1,18,38,3
2115957,0,919,0,40,2,1,2,1,18,23,3
2073036,0,919,0,40,2,11,2,1,59,20,3
2107159,0,919,0,40,2,3,2,1,25,30,3
2106495,0,919,0,40,2,3,2,1,23,23,3
2116352,0,919,0,40,3,1,2,1,17,17,3
2086810,0,919,0,40,2,7,2,1,41,50,3
2116015,0,919,0,40,2,1,2,1,16,33,3
2098300,0,919,0,40,2,4,2,1,28,36,3
2094489,0,919,0,40,2,5,2,1,38,41,3
2083646,0,919,0,40,2,8,2,1,55,78,3
2116787,0,919,0,40,2,1,2,1,15,17,3
2107222,0,919,0,40,2,2,2,1,18,37,3
2067527,0,919,0,40,2,7,2,1,52,32,3
2091714,0,919,0,40,3,6,2,1,38,42,3
2073614,0,919,0,40,2,8,2,1,87,27,3
2099643,0,919,0,40,2,5,2,1,33,36,3
2108334,0,919,0,40,3,3,2,1,26,61,3
2087358,0,919,0,40,2,7,2,1,56,18,3
2114925,0,919,0,40,2,1,2,1,14,28,3
2081437,0,919,0,40,2,9,2,1,50,49,3
2100627,0,919,0,40,3,4,2,1,30,71,3
2106935,0,919,0,40,2,3,2,1,23,41,3
2095706,0,919,0,40,3,5,2,1,33,41,3
2093435,0,919,0,40,3,4,2,1,47,102,3
2069165,0,919,0,40,3,5,2,1,42,19,3
2111392,0,919,0,40,3,2,2,1,22,64,3
2090379,0,919,0,40,2,7,2,1,43,52,3
2071048,0,919,0,40,2,6,2,1,40,41,3
2107195,0,919,0,40,3,4,2,1,20,91,3
2116329,0,919,0,40,2,1,2,1,13,54,3
2117733,0,919,0,40,2,1,2,1,13,75,3
2118363,0,919,0,40,2,1,2,1,13,24,3
2107070,0,919,0,40,3,2,2,1,17,29,3
2109628,0,919,0,40,3,2,2,1,20,38,3
2083977,0,919,0,40,3,6,2,1,59,48,3
2075413,0,919,0,40,3,15,2,1,67,21,3
2099561,1,919,871,35.436,2,4,2,1,27,29,3
2062275,0,919,0,40,3,13,2,1,87,20,3
2070864,0,919,0,40,2,7,2,1,51,103,3
2107455,0,919,0,40,3,3,2,1,23,40,3
2080945,0,919,0,40,3,7,2,1,73,38,3
2077548,0,919,0,40,2,11,2,1,66,68,3
2084425,0,919,0,40,2,8,2,1,45,13,3
2079654,0,919,0,40,2,10,2,1,59,109,3
2117687,0,919,0,40,2,1,2,1,12,57,3
2118742,0,919,0,40,3,1,2,1,12,19,3
2119071,0,919,0,40,2,1,2,1,12,32,3
2074057,0,919,0,40,2,11,2,1,58,26,3
2096374,0,919,0,40,2,7,2,1,19,31,3
2095287,0,919,0,40,2,5,2,1,34,27,3
2065490,0,919,0,40,2,11,2,1,58,47,3
2096835,0,919,0,40,3,4,2,1,42,41,3
2094391,0,919,0,40,2,7,2,1,33,18,3
2113834,0,919,0,40,2,3,2,1,13,87,3
2095195,0,919,0,40,3,5,2,1,37,54,3
2092819,0,919,0,40,3,6,2,1,49,45,3
2105476,0,919,0,40,3,3,2,1,20,65,3
2070840,0,919,0,40,3,8,2,1,52,86,3
2094305,0,919,0,40,2,7,2,1,34,44,3
2065046,0,919,0,40,3,5,2,1,54,67,3
2114700,0,919,0,40,2,2,2,1,18,19,3
2098504,0,919,0,40,2,6,2,1,35,55,3
2118974,0,919,0,40,3,1,2,1,11,50,3
2119405,0,919,0,40,2,1,2,1,11,52,3
2109104,0,919,0,40,3,2,2,1,19,59,3
2101410,0,919,0,40,3,5,2,1,20,41,3
2106253,0,919,0,40,3,2,2,1,27,24,3
2081891,0,919,0,40,3,9,2,1,52,29,3
2097373,0,919,0,40,2,6,2,1,34,38,3
2110554,0,919,0,40,3,2,2,1,21,24,3
2110896,0,919,0,40,2,3,2,1,16,48,3
2107411,0,919,0,40,2,4,2,1,19,43,3
2106749,0,919,0,40,2,3,2,1,24,56,3
2111185,0,919,0,40,3,3,2,1,20,54,3
2078807,0,919,0,40,2,8,2,1,64,55,3
2082603,0,919,0,40,3,7,2,1,60,39,3
2074650,0,919,0,40,2,11,2,1,73,50,3
2083204,0,919,0,40,2,8,2,1,56,25,3
2097920,0,919,0,40,2,4,2,1,44,54,3
2119060,0,919,0,40,3,1,2,1,10,60,3
2119596,0,919,0,40,3,1,2,1,10,24,3
2119970,0,919,0,40,2,1,2,1,10,18,3
2120458,0,919,0,40,2,1,2,1,10,24,3
2078438,0,919,0,40,2,11,2,1,57,54,3
2100174,0,919,0,40,2,5,2,1,20,83,3
2089826,0,919,0,40,3,6,2,1,42,29,3
2096178,0,919,0,40,3,5,2,1,23,22,3
2091471,0,919,0,40,3,7,2,1,37,37,3
2093386,0,919,0,40,2,5,2,1,41,30,3
2113652,0,919,0,40,2,2,2,1,14,84,3
2090017,0,919,0,40,2,6,2,1,38,27,3
2094121,0,919,0,40,3,4,2,1,40,55,3
2105795,0,919,0,40,3,3,2,1,23,75,3
2111160,0,919,0,40,2,3,2,1,19,40,3
2115193,0,919,0,40,3,2,2,1,12,18,3
2084465,0,919,0,40,3,9,2,1,42,37,3
2102105,0,919,0,40,3,7,2,1,21,37,3
2092786,0,919,0,40,3,6,2,1,34,39,3
2105502,0,919,0,40,3,3,2,1,28,26,3
2071824,0,919,0,40,3,10,2,1,89,58,3
2112116,0,919,0,40,2,3,2,1,15,33,3
2102132,0,919,0,40,2,4,2,1,30,31,3
2086828,0,919,0,40,3,9,2,1,47,77,3
2109661,0,919,0,40,3,3,2,1,25,60,3
2111504,0,919,0,40,2,3,2,1,19,145,3
2102564,0,919,0,40,2,4,2,1,19,45,3
2111679,0,919,0,40,3,3,2,1,17,25,3
2090969,0,919,0,40,2,6,2,1,42,38,3
2111820,0,919,0,40,2,3,2,1,15,106,3
2081011,0,919,0,40,2,10,2,1,57,42,3
2119344,0,919,0,40,2,1,2,1,9,46,3
2120685,0,919,0,40,2,1,2,1,9,18,3
2121009,0,919,0,40,3,1,2,1,9,20,3
2103683,0,919,0,40,2,3,2,1,16,73,3
2090704,0,919,0,40,3,7,2,1,31,48,3
2095995,0,919,0,40,3,5,2,1,20,19,3
2112627,0,919,0,40,3,3,2,1,12,52,3
2113417,1,919,910,38.7724,2,2,2,1,11,37,3
2099707,0,919,0,40,3,5,2,1,29,32,3
2113254,0,919,0,40,3,2,2,1,16,17,3
2102690,0,919,0,40,2,4,2,1,22,16,3
2088452,0,919,0,40,2,7,2,1,40,40,3
2116458,0,919,0,40,3,2,2,1,11,78,3
2117620,0,919,0,40,3,2,2,1,9,32,3
2049527,0,919,0,40,3,12,2,1,56,34,3
2065264,0,919,0,40,2,13,2,1,62,66,3
2111301,0,919,0,40,2,3,2,1,14,57,3
2108743,0,919,0,40,3,4,2,1,20,23,3
2097587,0,919,0,40,2,5,2,1,37,41,3
2107034,0,919,0,40,3,3,2,1,24,58,3
2067227,0,919,0,40,2,13,2,1,57,27,3
2116285,0,919,0,40,2,2,2,1,12,28,3
2104807,0,919,0,40,3,3,2,1,30,62,3
2087728,0,919,0,40,2,8,2,1,42,26,3
2079084,0,919,0,40,2,13,2,1,49,36,3
2098791,0,919,0,40,2,5,2,1,32,113,3
2095930,0,919,0,40,2,4,2,1,35,43,3
2097831,0,919,0,40,2,5,2,1,43,35,3
2119519,0,919,0,40,3,2,2,1,10,20,3
2119742,0,919,0,40,3,1,2,1,8,10,3
2120499,0,919,0,40,3,1,2,1,8,22,3
2121117,0,919,0,40,3,1,2,1,8,53,3
2121219,0,919,0,40,2,1,2,1,8,94,3
2121285,0,919,0,40,3,1,2,1,8,49,3
2121473,0,919,0,40,3,1,2,1,8,45,3
2121571,0,919,0,40,2,1,2,1,8,40,3
2121629,0,919,0,40,2,1,2,1,8,49,3
2121641,0,919,0,40,2,1,2,1,8,92,3
2082526,0,919,0,40,2,6,2,1,63,29,3
2100973,0,919,0,40,3,4,2,1,34,69,3
2106334,0,919,0,40,2,2,2,1,29,59,3
2086733,0,919,0,40,2,5,2,1,48,43,3
2089217,0,919,0,40,3,5,2,1,47,22,3
2111949,0,919,0,40,3,1,2,1,24,51,3
2086356,0,919,0,40,3,6,2,1,57,59,3
2080272,0,919,0,40,2,7,2,1,57,104,3
2105181,0,919,0,40,3,3,2,1,29,32,3
2093124,0,919,0,40,2,4,2,1,38,59,3
2093640,0,919,0,40,2,6,2,1,39,30,3
2113875,0,919,0,40,2,1,2,1,20,39,3
2107648,0,919,0,40,2,2,2,1,29,73,3
2099094,0,919,0,40,3,5,2,1,35,8,3
2105376,0,919,0,40,3,3,2,1,25,16,3
2105381,0,919,0,40,2,3,2,1,29,31,3
2104519,0,919,0,40,3,4,2,1,28,56,3
2087272,0,919,0,40,2,9,2,1,37,39,3
2085170,0,919,0,40,2,7,2,1,58,24,3
2070538,0,919,0,40,2,5,2,1,41,44,3
2098437,0,919,0,40,2,4,2,1,44,81,3
2100074,0,919,0,40,3,5,2,1,28,19,3
2079897,0,919,0,40,2,7,2,1,67,23,3
2091973,0,919,0,40,3,4,2,1,55,57,3
2067930,0,919,0,40,3,6,2,1,72,30,3
2108066,0,919,0,40,3,2,2,1,17,31,3
2108575,0,919,0,40,3,2,2,1,23,33,3
2096971,0,919,0,40,2,4,2,1,40,59,3
2088171,0,919,0,40,3,7,2,1,43,63,3
2080426,0,919,0,40,3,7,2,1,59,32,3
2114780,0,919,0,40,2,2,2,1,17,35,3
2076443,0,919,0,40,2,8,2,1,76,44,3
2117081,0,919,0,40,2,1,2,1,15,33,3
2117605,0,919,0,40,3,1,2,1,15,81,3
2117669,0,919,0,40,2,1,2,1,15,43,3
2118220,0,919,0,40,2,1,2,1,15,33,3
2101254,0,919,0,40,2,4,2,1,30,63,3
2098747,0,919,0,40,2,4,2,1,34,67,3
2108411,0,919,0,40,3,3,2,1,28,54,3
2101165,0,919,0,40,2,4,2,1,32,18,3
2068500,0,919,0,40,2,8,2,1,39,33,3
2108482,0,919,0,40,3,3,2,1,25,82,3
2116201,0,919,0,40,3,1,2,1,14,62,3
2109908,0,919,0,40,3,3,2,1,17,65,3
2112049,1,919,899,39.7062,2,2,2,1,18,45,3
2104717,0,919,0,40,2,3,2,1,27,19,3
2074848,0,919,0,40,2,10,2,1,81,43,3
2064051,0,919,0,40,2,12,2,1,72,73,3
2083534,0,919,0,40,2,8,2,1,61,27,3
2093575,0,919,0,40,3,6,2,1,45,35,3
2103028,0,919,0,40,2,6,2,1,26,58,3
2117703,0,919,0,40,2,1,2,1,13,59,3
2119101,0,919,0,40,3,1,2,1,13,36,3
2113374,0,919,0,40,2,2,2,1,13,54,3
2109329,0,919,0,40,3,4,2,1,19,51,3
2111919,0,919,0,40,2,2,2,1,17,36,3
2112795,0,919,0,40,3,2,2,1,19,23,3
2105432,0,919,0,40,2,4,2,1,23,105,3
2109395,0,919,0,40,2,3,2,1,20,7,3
2104985,0,919,0,40,2,3,2,1,32,40,3
2100799,0,919,0,40,2,5,2,1,34,23,3
2099990,0,919,0,40,2,6,2,1,30,66,3
2107976,0,919,0,40,3,2,2,1,29,46,3
2098295,0,919,0,40,2,5,2,1,38,34,3
2112179,0,919,0,40,3,3,2,1,14,40,3
2119699,0,919,0,40,2,1,2,1,12,24,3
2119775,0,919,0,40,3,1,2,1,12,22,3
2084487,0,919,0,40,2,8,2,1,53,36,3
2106876,0,919,0,40,2,4,2,1,20,60,3
2114035,0,919,0,40,3,2,2,1,13,21,3
2085264,0,919,0,40,3,6,2,1,55,33,3
2088614,0,919,0,40,2,6,2,1,41,40,3
2084107,0,919,0,40,2,8,2,1,49,41,3
2104006,0,919,0,40,3,5,2,1,26,18,3
2088779,0,919,0,40,2,5,2,1,51,37,3
2110508,0,919,0,40,3,2,2,1,24,23,3
2108781,0,919,0,40,3,3,2,1,21,61,3
2116199,0,919,0,40,3,2,2,1,13,38,3
2100423,0,919,0,40,2,6,2,1,26,33,3
2104744,0,919,0,40,2,4,2,1,30,52,3
2099493,0,919,0,40,2,5,2,1,28,54,3
2067425,0,919,0,40,3,8,2,1,79,59,3
2077427,0,919,0,40,3,10,2,1,77,31,3
2120036,0,919,0,40,3,1,2,1,11,52,3
2120092,0,919,0,40,3,1,2,1,11,56,3
2120278,0,919,0,40,3,1,2,1,11,45,3
2099319,0,919,0,40,3,4,2,1,36,58,3
2036741,0,919,0,40,2,18,2,1,106,77,3
2115588,0,919,0,40,3,2,2,1,11,45,3
2087846,0,919,0,40,2,5,2,1,54,40,3
2105549,0,919,0,40,3,3,2,1,27,63,3
2099488,0,919,0,40,3,4,2,1,25,32,3
2079338,0,919,0,40,2,11,2,1,58,44,3
2078442,0,919,0,40,2,7,2,1,79,23,3
2076848,0,919,0,40,3,10,2,1,74,28,3
2108112,0,919,0,40,2,3,2,1,22,51,3
2107545,0,919,0,40,2,5,2,1,23,64,3
2101618,0,919,0,40,2,5,2,1,24,65,3
2117632,0,919,0,40,2,2,2,1,12,45,3
2101602,0,919,0,40,2,5,2,1,25,37,3
2115753,0,919,0,40,3,2,2,1,16,48,3
2091653,0,919,0,40,2,6,2,1,43,46,3
2107745,0,919,0,40,3,4,2,1,16,41,3
2089149,0,919,0,40,3,9,2,1,44,52,3
2120137,0,919,0,40,3,1,2,1,10,56,3
2070958,0,919,0,40,2,9,2,1,57,33,3
2067744,0,919,0,40,3,9,2,1,54,34,3
2107858,0,919,0,40,3,2,2,1,25,59,3
2109248,0,919,0,40,2,3,2,1,18,51,3
2109509,0,919,0,40,2,4,2,1,19,38,3
2110828,0,919,0,40,2,3,2,1,20,34,3
2107048,0,919,0,40,2,5,2,1,22,25,3
2116419,0,919,0,40,2,3,2,1,11,12,3
2082757,0,919,0,40,3,5,2,1,62,27,3
2090450,0,919,0,40,3,8,2,1,30,71,3
2117515,0,919,0,40,3,2,2,1,10,29,3
2111590,0,919,0,40,2,2,2,1,23,41,3
2118809,0,919,0,40,3,2,2,1,11,38,3
2115356,0,919,0,40,2,3,2,1,13,48,3
2074921,0,919,0,40,2,11,2,1,75,19,3
2106989,0,919,0,40,2,5,2,1,19,43,3
2113604,0,919,0,40,2,3,2,1,19,74,3
2119870,0,919,0,40,3,1,2,1,9,36,3
2120690,0,919,0,40,3,1,2,1,9,42,3
2121089,0,919,0,40,3,1,2,1,9,30,3
2121221,0,919,0,40,2,1,2,1,9,64,3
2121411,0,919,0,40,3,1,2,1,9,33,3
2121595,0,919,0,40,2,1,2,1,9,35,3
2113641,0,919,0,40,3,2,2,1,12,57,3
2076017,0,919,0,40,3,13,2,1,63,41,3
2110416,0,919,0,40,2,3,2,1,13,9,3
2114391,0,919,0,40,2,2,2,1,14,61,3
2108366,0,919,0,40,2,3,2,1,11,35,3
2107447,0,919,0,40,2,3,2,1,22,51,3
2110603,0,919,0,40,3,2,2,1,21,49,3
2077234,0,919,0,40,2,9,2,1,61,64,3
2072799,0,919,0,40,3,12,2,1,77,29,3
2116990,0,919,0,40,2,2,2,1,12,19,3
2078125,0,919,0,40,3,9,2,1,67,56,3
2090144,0,919,0,40,2,9,2,1,32,76,3
2089491,0,919,0,40,2,6,2,1,42,86,3
2092536,0,919,0,40,3,5,2,1,41,38,3
2114041,0,919,0,40,2,2,2,1,18,43,3
2071269,0,919,0,40,2,12,2,1,52,36,3
2115989,0,919,0,40,2,2,2,1,14,24,3
2088258,0,919,0,40,3,7,2,1,49,68,3
2120876,0,919,0,40,2,1,2,1,8,35,3
2121340,0,919,0,40,2,1,2,1,8,19,3
2121536,0,919,0,40,3,1,2,1,8,43,3
2121741,0,919,0,40,3,1,2,1,8,37,3
2121779,0,919,0,40,3,1,2,1,8,61,3
2121949,0,919,0,40,3,1,2,1,8,25,3
2121977,0,919,0,40,2,1,2,1,8,41,3
2122155,0,919,0,40,3,1,2,1,8,26,3
2101009,0,919,0,40,3,2,2,1,44,56,3
2095776,0,919,0,40,2,3,2,1,51,68,3
2096795,0,919,0,40,3,3,2,1,47,32,3
2104285,0,919,0,40,2,4,2,1,35,36,3
2070600,0,919,0,40,3,7,2,1,49,54,3
2096286,0,919,0,40,3,3,2,1,43,42,3
2106736,0,919,0,40,2,3,2,1,29,32,3
2089529,0,919,0,40,2,6,2,1,50,23,3
2111940,0,919,0,40,2,2,2,1,24,57,3
2071378,0,919,0,40,3,9,2,1,63,26,3
2108560,0,919,0,40,3,2,2,1,27,46,3
2109619,1,919,912,24.7597,3,2,2,1,28,21,3
2070493,0,919,0,40,3,3,2,1,33,43,3
2081672,0,919,0,40,3,8,2,1,46,58,3
2110881,0,919,0,40,3,2,2,1,20,40,3
2091507,0,919,0,40,2,2,2,1,61,39,3
2091355,0,919,0,40,2,6,2,1,47,64,3
2115408,0,919,0,40,3,1,2,1,19,40,3
2115636,0,919,0,40,2,1,2,1,19,13,3
2116308,0,919,0,40,2,1,2,1,19,37,3
2081983,0,919,0,40,3,8,2,1,57,55,3
2115634,0,919,0,40,3,1,2,1,18,48,3
2116479,0,919,0,40,3,1,2,1,18,48,3
2099955,0,919,0,40,2,5,2,1,35,52,3
2080660,0,919,0,40,2,7,2,1,70,24,3
2089392,0,919,0,40,3,4,2,1,56,18,3
2094140,0,919,0,40,3,5,2,1,44,23,3
2072248,0,919,0,40,2,6,2,1,38,41,3
2117728,0,919,0,40,2,1,2,1,16,46,3
2076265,0,919,0,40,2,8,2,1,71,61,3
2098242,0,919,0,40,3,4,2,1,39,88,3
2104154,0,919,0,40,3,4,2,1,31,55,3
2082271,0,919,0,40,3,9,2,1,50,37,3
2110923,0,919,0,40,2,3,2,1,19,45,3
2118805,0,919,0,40,3,1,2,1,15,32,3
2081833,0,919,0,40,2,9,2,1,58,46,3
2114091,0,919,0,40,3,2,2,1,16,37,3
2099392,0,919,0,40,3,6,2,1,32,16,3
2118901,0,919,0,40,3,1,2,1,14,43,3
2118955,0,919,0,40,2,1,2,1,14,44,3
2107563,0,919,0,40,2,2,2,1,22,35,3
2099872,0,919,0,40,2,4,2,1,33,64,3
2098689,0,919,0,40,3,6,2,1,36,9,3
2103855,0,919,0,40,3,4,2,1,25,44,3
2069621,0,919,0,40,3,10,2,1,75,18,3
2068290,0,919,0,40,3,3,2,1,23,38,3
2119661,0,919,0,40,2,1,2,1,13,16,3
2111735,0,919,0,40,3,2,2,1,19,30,3
2113759,0,919,0,40,2,2,2,1,14,30,3
2096017,0,919,0,40,3,6,2,1,35,45,3
2115671,0,919,0,40,3,2,2,1,16,20,3
2096278,0,919,0,40,2,7,2,1,35,47,3
2108325,0,919,0,40,2,3,2,1,24,20,3
2108404,0,919,0,40,2,4,2,1,17,54,3
2087794,0,919,0,40,2,5,2,1,57,81,3
2073934,0,919,0,40,2,10,2,1,80,35,3
2076790,0,919,0,40,3,15,2,1,54,56,3
2086216,0,919,0,40,3,6,2,1,52,30,3
2109999,0,919,0,40,3,4,2,1,22,72,3
2119516,0,919,0,40,3,1,2,1,12,25,3
2120174,0,919,0,40,3,1,2,1,12,28,3
2070564,1,919,901,20.1632,3,11,2,1,56,11,3
2077184,0,919,0,40,2,6,2,1,81,20,3
2077848,0,919,0,40,2,9,2,1,73,49,3
2100670,0,919,0,40,3,6,2,1,21,48,3
2111466,0,919,0,40,2,4,2,1,17,54,3
2104529,0,919,0,40,3,3,2,1,33,89,3
2113700,0,919,0,40,2,2,2,1,21,48,3
2115642,0,919,0,40,2,4,2,1,14,31,3
2120053,0,919,0,40,2,1,2,1,11,26,3
2120837,0,919,0,40,2,1,2,1,11,34,3
2108359,0,919,0,40,3,3,2,1,22,63,3
2104743,0,919,0,40,2,4,2,1,20,33,3
2099221,0,919,0,40,3,5,2,1,28,50,3
2112247,0,919,0,40,3,3,2,1,13,19,3
2099554,0,919,0,40,3,4,2,1,31,35,3
2115123,0,919,0,40,3,2,2,1,17,50,3
2099855,0,919,0,40,3,4,2,1,38,30,3
2078679,0,919,0,40,2,9,2,1,63,63,3
2107966,0,919,0,40,2,3,2,1,23,90,3
2120523,0,919,0,40,2,1,2,1,10,103,3
2121535,0,919,0,40,2,1,2,1,10,68,3
2121625,0,919,0,40,2,1,2,1,10,44,3
2108036,0,919,0,40,3,3,2,1,13,29,3
2113727,0,919,0,40,2,2,2,1,13,51,3
2116726,0,919,0,40,2,2,2,1,11,27,3
2109818,0,919,0,40,3,2,2,1,21,14,3
2109036,1,919,904,19.6753,3,3,2,1,19,72,3
2077402,0,919,0,40,3,12,2,1,52,81,3
2110596,0,919,0,40,3,3,2,1,17,87,3
2117598,0,919,0,40,3,2,2,1,11,24,3
2070913,0,919,0,40,3,13,2,1,99,41,3
2097175,0,919,0,40,3,3,2,1,44,53,3
2104402,0,919,0,40,2,4,2,1,24,38,3
2066838,0,919,0,40,2,6,2,1,72,27,3
2102478,0,919,0,40,2,4,2,1,30,123,3
2081217,0,919,0,40,3,10,2,1,62,34,3
2117011,0,919,0,40,2,2,2,1,13,39,3
2100786,0,919,0,40,3,5,2,1,27,38,3
2097657,0,919,0,40,2,8,2,1,33,35,3
2113647,0,919,0,40,3,3,2,1,15,26,3
2116266,0,919,0,40,2,2,2,1,18,39,3
2094332,0,919,0,40,2,7,2,1,41,55,3
2122015,0,919,0,40,2,1,2,1,9,124,3
2069802,0,919,0,40,2,8,2,1,51,38,3
2099101,0,919,0,40,2,4,2,1,31,48,3
2115505,0,919,0,40,2,2,2,1,12,31,3
2114475,0,919,0,40,2,3,2,1,13,62,3
2103521,1,919,912,14.2561,3,3,2,1,20,70,3
2084776,0,919,0,40,3,6,2,1,54,54,3
2108559,0,919,0,40,2,5,2,1,18,69,3
2117014,0,919,0,40,3,3,2,1,10,90,3
2113910,0,919,0,40,3,3,2,1,16,66,3
2102562,0,919,0,40,3,4,2,1,26,63,3
2068412,0,919,0,40,3,13,2,1,62,47,3
2084932,0,919,0,40,2,9,2,1,44,59,3
2117975,0,919,0,40,2,2,2,1,10,32,3
2073558,0,919,0,40,3,13,2,1,59,19,3
2094033,0,919,0,40,3,7,2,1,41,53,3
2105509,0,919,0,40,3,5,2,1,23,67,3
2106510,0,919,0,40,2,3,2,1,31,72,3
2085280,0,919,0,40,2,6,2,1,55,44,3
2115394,0,919,0,40,3,2,2,1,16,25,3
2120221,0,919,0,40,2,2,2,1,9,30,3
2118300,0,919,0,40,3,2,2,1,9,38,3
2120463,0,919,0,40,2,1,2,1,8,54,3
2121706,0,919,0,40,2,1,2,1,8,51,3
2122283,0,919,0,40,3,1,2,1,8,11,3
2122347,0,919,0,40,3,1,2,1,8,30,3
2093513,0,919,0,40,3,2,2,1,59,47,3
2079138,0,919,0,40,2,7,2,1,79,45,3
2103272,0,919,0,40,3,2,2,1,40,28,3
2098776,0,919,0,40,2,3,2,1,40,30,3
2113495,0,919,0,40,2,1,2,1,24,22,3
2083293,0,919,0,40,3,7,2,1,60,49,3
2104521,0,919,0,40,3,3,2,1,33,96,3
2095873,0,919,0,40,3,4,2,1,43,32,3
2076350,0,919,0,40,3,12,2,1,66,110,3
2110409,0,919,0,40,2,2,2,1,22,76,3
2089248,0,919,0,40,2,7,2,1,40,46,3
2108853,0,919,0,40,3,3,2,1,23,48,3
2085068,0,919,0,40,2,9,2,1,50,73,3
2105761,0,919,0,40,2,4,2,1,22,60,3
2100870,0,919,0,40,3,3,2,1,36,59,3
2093044,0,919,0,40,3,5,2,1,49,18,3
2094822,0,919,0,40,2,6,2,1,38,30,3
2082841,0,919,0,40,3,10,2,1,50,29,3
2112801,0,919,0,40,2,3,2,1,20,18,3
2119952,0,919,0,40,3,1,2,1,13,8,3
2066884,0,919,0,40,2,5,2,1,58,22,3
2114048,0,919,0,40,2,3,2,1,17,55,3
2116491,0,919,0,40,3,2,2,1,14,28,3
2092094,0,919,0,40,2,6,2,1,50,20,3
2072233,0,919,0,40,3,13,2,1,78,33,3
2078315,0,919,0,40,3,10,2,1,72,50,3
2118216,0,919,0,40,3,2,2,1,13,61,3
2100640,0,919,0,40,2,5,2,1,31,48,3
2120049,0,919,0,40,3,1,2,1,12,38,3
2110873,0,919,0,40,3,2,2,1,17,57,3
2092264,0,919,0,40,2,7,2,1,31,46,3
2079966,0,919,0,40,2,11,2,1,62,36,3
2112164,0,919,0,40,3,4,2,1,22,13,3
2112396,0,919,0,40,2,4,2,1,17,26,3
2115297,0,919,0,40,2,2,2,1,13,62,3
2106823,0,919,0,40,2,5,2,1,23,73,3
2119367,0,919,0,40,2,2,2,1,13,22,3
2089101,0,919,0,40,2,6,2,1,40,35,3
2096616,0,919,0,40,2,5,2,1,39,33,3
2095001,1,919,904,14.8358,3,8,2,1,33,48,3
2097443,0,919,0,40,3,6,2,1,39,23,3
2107132,0,919,0,40,2,3,2,1,23,44,3
2095718,0,919,0,40,2,5,2,1,36,50,3
2118381,0,919,0,40,3,2,2,1,14,36,3
2095250,0,919,0,40,3,6,2,1,42,33,3
2122123,0,919,0,40,2,1,2,1,10,51,3
2093910,0,919,0,40,3,7,2,1,31,110,3
2111440,0,919,0,40,2,3,2,1,16,45,3
2070248,0,919,0,40,2,8,2,1,39,24,3
2079010,0,919,0,40,3,9,2,1,66,58,3
2117853,0,919,0,40,2,2,2,1,11,29,3
2116263,0,919,0,40,2,2,2,1,15,49,3
2092787,0,919,0,40,3,7,2,1,37,18,3
2121008,0,919,0,40,2,1,2,1,9,37,3
2122273,0,919,0,40,3,1,2,1,9,18,3
2122545,0,919,0,40,2,1,2,1,9,65,3
2122695,0,919,0,40,2,1,2,1,9,22,3
2122835,0,919,0,40,2,1,2,1,9,40,3
2109664,0,919,0,40,3,3,2,1,16,36,3
2117914,0,919,0,40,3,2,2,1,10,34,3
2082691,0,919,0,40,2,8,2,1,60,27,3
2096113,0,919,0,40,3,7,2,1,26,75,3
2090912,0,919,0,40,2,7,2,1,40,92,3
2109736,0,919,0,40,3,4,2,1,18,16,3
2120198,0,919,0,40,3,2,2,1,9,49,3
2071671,0,919,0,40,2,7,2,1,63,18,3
2110167,0,919,0,40,3,4,2,1,17,32,3
2122424,0,919,0,40,2,1,2,1,8,21,3
2122874,0,919,0,40,3,1,2,1,8,105,3
2123058,0,919,0,40,3,1,2,1,8,67,3
2119347,0,919,0,40,3,1,2,1,16,58,3
2094748,0,919,0,40,3,6,2,1,40,60,3
2105705,0,919,0,40,3,4,2,1,24,34,3
2073159,0,919,0,40,3,11,2,1,52,25,3
2066522,0,919,0,40,2,8,2,1,52,15,3
2068698,0,919,0,40,3,9,2,1,55,63,3
2114640,0,919,0,40,3,2,2,1,18,34,3
2123206,0,919,0,40,2,2,2,1,9,46,3
2120904,0,919,0,40,2,0,2,1,7,35,3
2121438,0,919,0,40,2,0,2,1,7,76,3
2121630,0,919,0,40,2,0,2,1,7,28,3
2121712,0,919,0,40,3,0,2,1,7,55,3
2121744,0,919,0,40,2,0,2,1,7,64,3
2121776,0,919,0,40,3,0,2,1,7,19,3
2121936,0,919,0,40,2,0,2,1,7,36,3
2122128,0,919,0,40,3,0,2,1,7,88,3
2122286,0,919,0,40,3,0,2,1,7,38,3
2122430,0,919,0,40,2,0,2,1,7,55,3
2122446,0,919,0,40,2,0,2,1,7,41,3
2122526,0,919,0,40,3,0,2,1,7,35,3
2122542,0,919,0,40,2,0,2,1,7,56,3
2122558,0,919,0,40,2,0,2,1,7,34,3
2122574,0,919,0,40,3,0,2,1,7,45,3
2122670,0,919,0,40,2,0,2,1,7,47,3
2122734,0,919,0,40,3,0,2,1,7,33,3
2122766,0,919,0,40,2,0,2,1,7,30,3
2122798,0,919,0,40,2,0,2,1,7,31,3
2122830,0,919,0,40,2,0,2,1,7,85,3
2122845,0,919,0,40,3,0,2,1,7,79,3
2122861,0,919,0,40,3,0,2,1,7,33,3
2122869,0,919,0,40,3,0,2,1,7,33,3
2122877,0,919,0,40,3,0,2,1,7,40,3
2122901,0,919,0,40,3,0,2,1,7,36,3
2122941,0,919,0,40,2,0,2,1,7,67,3
2122997,0,919,0,40,2,0,2,1,7,34,3
2123005,0,919,0,40,3,0,2,1,7,47,3
2123029,0,919,0,40,2,0,2,1,7,43,3
2123053,0,919,0,40,2,0,2,1,7,22,3
2123061,0,919,0,40,3,0,2,1,7,61,3
2123069,0,919,0,40,2,0,2,1,7,32,3
2123077,0,919,0,40,2,0,2,1,7,23,3
2123157,0,919,0,40,2,0,2,1,7,23,3
2123181,0,919,0,40,2,0,2,1,7,14,3
2123197,0,919,0,40,2,0,2,1,7,61,3
2123205,0,919,0,40,3,0,2,1,7,33,3
2123221,0,919,0,40,3,0,2,1,7,41,3
2123237,0,919,0,40,2,0,2,1,7,20,3
2123269,0,919,0,40,2,0,2,1,7,98,3
2123277,0,919,0,40,2,0,2,1,7,19,3
2123293,0,919,0,40,3,0,2,1,7,54,3
2123309,0,919,0,40,3,0,2,1,7,68,3
2123357,0,919,0,40,3,0,2,1,7,37,3
2123381,0,919,0,40,3,0,2,1,7,23,3
2123389,0,919,0,40,3,0,2,1,7,10,3
2123397,0,919,0,40,3,0,2,1,7,27,3
2123413,0,919,0,40,2,0,2,1,7,77,3
2123421,0,919,0,40,3,0,2,1,7,53,3
2123455,0,919,0,40,3,0,2,1,7,42,3
2123491,0,919,0,40,3,0,2,1,7,27,3
2123519,0,919,0,40,2,0,2,1,7,73,3
2123535,0,919,0,40,3,0,2,1,7,32,3
2123551,0,919,0,40,3,0,2,1,7,47,3
2123555,0,919,0,40,2,0,2,1,7,31,3
2123587,0,919,0,40,3,0,2,1,7,16,3
2123595,0,919,0,40,3,0,2,1,7,60,3
2123607,0,919,0,40,2,0,2,1,7,40,3
2123619,0,919,0,40,2,0,2,1,7,27,3
2123627,0,919,0,40,2,0,2,1,7,25,3
2123643,0,919,0,40,3,0,2,1,7,65,3
2123647,0,919,0,40,3,0,2,1,7,50,3
2123651,0,919,0,40,2,0,2,1,7,63,3
2123667,0,919,0,40,3,0,2,1,7,24,3
2123687,0,919,0,40,3,0,2,1,7,38,3
2123703,0,919,0,40,2,0,2,1,7,69,3
2123707,0,919,0,40,3,0,2,1,7,36,3
2123719,0,919,0,40,3,0,2,1,7,50,3
2123727,0,919,0,40,3,0,2,1,7,24,3
2123735,0,919,0,40,3,0,2,1,7,37,3
2123739,0,919,0,40,3,0,2,1,7,23,3
2123743,0,919,0,40,2,0,2,1,7,52,3
2123751,0,919,0,40,3,0,2,1,7,24,3
2123755,0,919,0,40,2,0,2,1,7,20,3
2123759,0,919,0,40,2,0,2,1,7,76,3
2123763,0,919,0,40,2,0,2,1,7,47,3
2123771,0,919,0,40,2,0,2,1,7,31,3
2123779,0,919,0,40,3,0,2,1,7,19,3
2123803,0,919,0,40,2,0,2,1,7,67,3
2123811,0,919,0,40,3,0,2,1,7,23,3
2123815,0,919,0,40,2,0,2,1,7,54,3
2123823,0,919,0,40,3,0,2,1,7,29,3
2123827,0,919,0,40,2,0,2,1,7,39,3
2123839,0,919,0,40,2,0,2,1,7,44,3
2123855,0,919,0,40,3,0,2,1,7,32,3
2123871,0,919,0,40,2,0,2,1,7,10,3
2123875,0,919,0,40,2,0,2,1,7,23,3
2123887,0,919,0,40,3,0,2,1,7,10,3
2123899,0,919,0,40,2,0,2,1,7,78,3
2123907,0,919,0,40,3,0,2,1,7,30,3
2123915,0,919,0,40,3,0,2,1,7,80,3
2123927,0,919,0,40,3,0,2,1,7,45,3
2123947,0,919,0,40,3,0,2,1,7,28,3
2123967,0,919,0,40,2,0,2,1,7,27,3
2123971,0,919,0,40,2,0,2,1,7,46,3
2123979,0,919,0,40,3,0,2,1,7,64,3
2123987,0,919,0,40,3,0,2,1,7,50,3
2123995,0,919,0,40,2,0,2,1,7,40,3
2123999,0,919,0,40,2,0,2,1,7,55,3
2124003,0,919,0,40,3,0,2,1,7,8,3
2124015,0,919,0,40,3,0,2,1,7,48,3
2124019,0,919,0,40,2,0,2,1,7,36,3
2124027,0,919,0,40,3,0,2,1,7,44,3
2124037,0,919,0,40,2,0,2,1,7,38,3
2124043,0,919,0,40,3,0,2,1,7,36,3
2124051,0,919,0,40,2,0,2,1,7,62,3
2124055,0,919,0,40,2,0,2,1,7,15,3
2124057,0,919,0,40,3,0,2,1,7,14,3
2124061,0,919,0,40,3,0,2,1,7,40,3
2124075,0,919,0,40,2,0,2,1,7,46,3
2124077,0,919,0,40,2,0,2,1,7,9,3
2124081,0,919,0,40,3,0,2,1,7,35,3
2124085,0,919,0,40,2,0,2,1,7,36,3
2124089,0,919,0,40,2,0,2,1,7,55,3
2124097,0,919,0,40,2,0,2,1,7,48,3
2124101,0,919,0,40,3,0,2,1,7,20,3
2124105,0,919,0,40,3,0,2,1,7,23,3
2124111,0,919,0,40,3,0,2,1,7,55,3
2124117,0,919,0,40,3,0,2,1,7,31,3
2124125,0,919,0,40,2,0,2,1,7,50,3
2124141,0,919,0,40,2,0,2,1,7,64,3
2124149,0,919,0,40,2,0,2,1,7,60,3
2124157,0,919,0,40,3,0,2,1,7,25,3
2124163,0,919,0,40,2,0,2,1,7,28,3
2124179,0,919,0,40,2,0,2,1,7,56,3
2124183,0,919,0,40,2,0,2,1,7,141,3
2124193,0,919,0,40,3,0,2,1,7,48,3
2124199,0,919,0,40,3,0,2,1,7,32,3
2124201,0,919,0,40,2,0,2,1,7,57,3
2124215,0,919,0,40,2,0,2,1,7,57,3
2124219,0,919,0,40,2,0,2,1,7,35,3
2124223,0,919,0,40,2,0,2,1,7,31,3
2124237,0,919,0,40,3,0,2,1,7,62,3
2124241,0,919,0,40,2,0,2,1,7,55,3
2124245,0,919,0,40,2,0,2,1,7,23,3
2124249,0,919,0,40,2,0,2,1,7,80,3
2124251,0,919,0,40,2,0,2,1,7,31,3
2124265,0,919,0,40,2,0,2,1,7,23,3
2124279,0,919,0,40,2,0,2,1,7,41,3
2124281,0,919,0,40,2,0,2,1,7,36,3
2124283,0,919,0,40,3,0,2,1,7,28,3
2124285,0,919,0,40,3,0,2,1,7,23,3
2124289,0,919,0,40,3,0,2,1,7,47,3
2124297,0,919,0,40,3,0,2,1,7,51,3
2124303,0,919,0,40,3,0,2,1,7,62,3
2124305,0,919,0,40,3,0,2,1,7,35,3
2124309,0,919,0,40,3,0,2,1,7,24,3
2124313,0,919,0,40,2,0,2,1,7,47,3
2124315,0,919,0,40,2,0,2,1,7,41,3
2124321,0,919,0,40,2,0,2,1,7,68,3
2124333,0,919,0,40,3,0,2,1,7,62,3
2124339,0,919,0,40,2,0,2,1,7,56,3
2124341,0,919,0,40,3,0,2,1,7,47,3
2124349,0,919,0,40,2,0,2,1,7,40,3
2124357,0,919,0,40,2,0,2,1,7,19,3
2124359,0,919,0,40,2,0,2,1,7,52,3
2124371,0,919,0,40,2,0,2,1,7,28,3
2124381,0,919,0,40,3,0,2,1,7,6,3
2124387,0,919,0,40,2,0,2,1,7,71,3
2124391,0,919,0,40,2,0,2,1,7,59,3
2124393,0,919,0,40,3,0,2,1,7,40,3
2124395,0,919,0,40,3,0,2,1,7,46,3
2124399,0,919,0,40,2,0,2,1,7,39,3
2124401,0,919,0,40,2,0,2,1,7,78,3
2124405,0,919,0,40,3,0,2,1,7,49,3
2124407,0,919,0,40,2,0,2,1,7,54,3
2124409,0,919,0,40,3,0,2,1,7,91,3
2124413,0,919,0,40,2,0,2,1,7,98,3
2124417,0,919,0,40,3,0,2,1,7,54,3
2124427,0,919,0,40,3,0,2,1,7,33,3
2124431,0,919,0,40,3,0,2,1,7,48,3
2124433,0,919,0,40,2,0,2,1,7,41,3
2124439,0,919,0,40,3,0,2,1,7,49,3
2124443,0,919,0,40,3,0,2,1,7,21,3
2124453,0,919,0,40,3,0,2,1,7,64,3
2124455,0,919,0,40,3,0,2,1,7,38,3
2124461,0,919,0,40,2,0,2,1,7,31,3
2124465,0,919,0,40,2,0,2,1,7,27,3
2124469,0,919,0,40,2,0,2,1,7,35,3
2124475,0,919,0,40,2,0,2,1,7,16,3
2124479,0,919,0,40,2,0,2,1,7,37,3
2124487,0,919,0,40,2,0,2,1,7,65,3
2124491,0,919,0,40,3,0,2,1,7,34,3
2124503,0,919,0,40,2,0,2,1,7,87,3
2124505,0,919,0,40,3,0,2,1,7,31,3
2124509,0,919,0,40,2,0,2,1,7,38,3
2124519,0,919,0,40,3,0,2,1,7,7,3
2124523,0,919,0,40,2,0,2,1,7,27,3
2124527,0,919,0,40,2,0,2,1,7,99,3
2124533,0,919,0,40,2,0,2,1,7,75,3
2124537,0,919,0,40,3,0,2,1,7,31,3
2124543,0,919,0,40,3,0,2,1,7,29,3
2124547,0,919,0,40,2,0,2,1,7,53,3
2124553,0,919,0,40,2,0,2,1,7,35,3
2124557,0,919,0,40,3,0,2,1,7,40,3
2124561,0,919,0,40,3,0,2,1,7,37,3
2124565,0,919,0,40,2,0,2,1,7,23,3
2124573,0,919,0,40,2,0,2,1,7,39,3
2124579,0,919,0,40,3,0,2,1,7,61,3
2124583,0,919,0,40,2,0,2,1,7,44,3
2124585,0,919,0,40,3,0,2,1,7,22,3
2124589,0,919,0,40,3,0,2,1,7,63,3
2124593,0,919,0,40,2,0,2,1,7,44,3
2124597,0,919,0,40,2,0,2,1,7,56,3
2124613,0,919,0,40,2,0,2,1,7,48,3
2124617,0,919,0,40,2,0,2,1,7,62,3
2124619,0,919,0,40,3,0,2,1,7,31,3
2104201,0,919,0,40,2,3,2,1,18,37,3
2077374,0,919,0,40,3,11,2,1,61,35,3
2107673,0,919,0,40,3,2,2,1,17,59,3
2102142,0,919,0,40,2,4,2,1,17,35,3
2083236,0,919,0,40,2,6,2,1,59,26,3
2112546,0,919,0,40,2,1,2,1,14,34,3
2093205,0,919,0,40,2,4,2,1,34,27,3
2115752,0,919,0,40,3,1,2,1,9,46,3
2112483,0,919,0,40,3,2,2,1,11,53,3
2098911,0,919,0,40,3,3,2,1,30,22,3
2110353,0,919,0,40,3,1,2,1,18,46,3
2112481,0,919,0,40,2,1,2,1,16,40,3
2085878,0,919,0,40,2,7,2,1,53,11,3
2096226,0,919,0,40,3,4,2,1,36,42,3
2100320,0,919,0,40,2,4,2,1,25,33,3
2117314,0,919,0,40,2,1,2,1,8,42,3
2110975,0,919,0,40,2,3,2,1,10,26,3
2117950,0,919,0,40,3,1,2,1,7,36,3
2069359,0,919,0,40,3,4,2,1,37,60,3
2106584,0,919,0,40,2,3,2,1,23,25,3
2102513,0,919,0,40,3,3,2,1,31,32,3
2085845,0,919,0,40,3,7,2,1,47,25,3
2114675,0,919,0,40,3,1,2,1,14,40,3
2096753,0,919,0,40,3,7,2,1,26,10,3
2049613,0,919,0,40,3,10,2,1,103,55,3
2115833,0,919,0,40,3,1,2,1,12,31,3
2114498,0,919,0,40,3,1,2,1,11,77,3
2116510,0,919,0,40,2,1,2,1,11,61,3
2082981,0,919,0,40,2,9,2,1,51,101,3
2085402,0,919,0,40,3,7,2,1,49,96,3
2091319,0,919,0,40,3,6,2,1,38,49,3
2108356,0,919,0,40,2,3,2,1,11,44,3
2077598,0,919,0,40,2,11,2,1,62,25,3
2099277,0,919,0,40,2,6,2,1,27,20,3
2104169,0,919,0,40,2,4,2,1,15,30,3
2109624,0,919,0,40,2,2,2,1,19,46,3
2072364,0,919,0,40,3,9,2,1,61,50,3
2088063,0,919,0,40,3,5,2,1,45,53,3
2058858,0,919,0,40,3,8,2,1,61,24,3
2098252,0,919,0,40,2,4,2,1,35,61,3
2110866,0,919,0,40,2,1,2,1,21,71,3
2098112,0,919,0,40,2,3,2,1,30,67,3
2088324,0,919,0,40,3,6,2,1,45,40,3
2111057,0,919,0,40,2,2,2,1,14,33,3
2096437,0,919,0,40,3,5,2,1,37,55,3
2115261,0,919,0,40,2,1,2,1,12,64,3
2107333,0,919,0,40,2,3,2,1,16,24,3
2091028,0,919,0,40,3,7,2,1,43,64,3
2086408,0,919,0,40,3,10,2,1,31,95,3
2105941,0,919,0,40,3,3,2,1,21,22,3
2082698,0,919,0,40,3,8,2,1,43,41,3
2113620,0,919,0,40,3,2,2,1,11,21,3
2117405,0,919,0,40,2,1,2,1,9,31,3
2063700,0,919,0,40,2,4,2,1,43,56,3
2079396,0,919,0,40,3,8,2,1,59,58,3
2076338,0,919,0,40,2,10,2,1,65,38,3
2074071,0,919,0,40,3,11,2,1,66,45,3
2109958,0,919,0,40,2,4,2,1,16,44,3
2118357,0,919,0,40,2,1,2,1,8,68,3
2107983,0,919,0,40,3,2,2,1,21,25,3
2094527,0,919,0,40,3,6,2,1,35,31,3
2098812,0,919,0,40,2,5,2,1,23,60,3
2111542,0,919,0,40,3,3,2,1,13,27,3
2100331,0,919,0,40,3,6,2,1,21,22,3
2116861,0,919,0,40,3,1,2,1,7,23,3
2085238,0,919,0,40,3,5,2,1,59,29,3
2093843,0,919,0,40,2,5,2,1,37,42,3
2111649,0,919,0,40,2,1,2,1,20,27,3
2093425,0,919,0,40,2,5,2,1,45,21,3
2112531,0,919,0,40,3,1,2,1,19,57,3
2094887,0,919,0,40,2,5,2,1,38,39,3
2107329,0,919,0,40,2,2,2,1,18,45,3
2113067,0,919,0,40,3,1,2,1,17,23,3
2090355,0,919,0,40,2,5,2,1,36,51,3
2113633,0,919,0,40,2,1,2,1,16,14,3
2093248,0,919,0,40,3,4,2,1,37,115,3
2095452,0,919,0,40,2,5,2,1,41,23,3
2115184,0,919,0,40,3,1,2,1,15,42,3
2112385,2,919,0,40,3,2,2,1,16,46,3
2109491,0,919,0,40,2,2,2,1,20,35,3
2115549,0,919,0,40,2,1,2,1,14,31,3
2069668,0,919,0,40,2,10,2,1,62,32,3
2084127,0,919,0,40,3,3,2,1,66,31,3
2115357,0,919,0,40,3,1,2,1,13,59,3
2090433,0,919,0,40,2,5,2,1,40,36,3
2090843,0,919,0,40,3,5,2,1,38,16,3
2096782,0,919,0,40,3,5,2,1,34,112,3
2066687,0,919,0,40,3,6,2,1,37,34,3
2069235,0,919,0,40,2,7,2,1,43,21,3
2067730,1,919,898,25.3357,3,13,2,1,74,48,3
2110437,0,919,0,40,2,3,2,1,13,25,3
2114683,0,919,0,40,3,2,2,1,14,41,3
2105052,0,919,0,40,2,4,2,1,23,50,3
2107334,0,919,0,40,3,2,2,1,17,29,3
2093293,0,919,0,40,3,5,2,1,37,6,3
2091134,0,919,0,40,2,6,2,1,37,30,3
2112249,0,919,0,40,2,2,2,1,17,34,3
2116745,0,919,0,40,3,1,2,1,10,29,3
2069512,0,919,0,40,3,10,2,1,46,46,3
2104570,0,919,0,40,3,3,2,1,24,39,3
2104644,0,919,0,40,2,4,2,1,22,78,3
2112764,0,919,0,40,3,3,2,1,14,63,3
2110974,0,919,0,40,2,4,2,1,14,68,3
2118005,0,919,0,40,2,1,2,1,9,68,3
2118599,0,919,0,40,2,1,2,1,9,53,3
2109416,0,919,0,40,2,2,2,1,15,42,3
2090715,0,919,0,40,2,5,2,1,36,48,3
2070509,0,919,0,40,3,11,2,1,96,30,3
2114050,0,919,0,40,3,2,2,1,13,41,3
2093978,0,919,0,40,3,6,2,1,31,32,3
2069993,1,919,896,40,2,11,2,1,53,24,3
2105267,0,919,0,40,2,4,2,1,19,65,3
2116121,0,919,0,40,3,1,2,1,8,50,3
2118382,0,919,0,40,2,1,2,1,8,21,3
2098601,0,919,0,40,3,5,2,1,24,47,3
2087908,0,919,0,40,3,6,2,1,44,13,3
2099036,0,919,0,40,3,3,2,1,31,30,3
2107114,0,919,0,40,3,3,2,1,14,55,3
2083381,0,919,0,40,3,7,2,1,56,49,3
2090101,0,919,0,40,3,4,2,1,47,34,3
2089950,0,919,0,40,2,6,2,1,40,46,3
2096213,0,919,0,40,2,4,2,1,44,61,3
2079051,0,919,0,40,3,9,2,1,62,54,3
2070632,0,919,0,40,3,4,2,1,50,35,3
2070267,0,919,0,40,3,10,2,1,58,54,3
2105940,0,919,0,40,3,2,2,1,25,24,3
2113407,0,919,0,40,3,1,2,1,18,49,3
2078551,0,919,0,40,3,6,2,1,69,77,3
2090227,0,919,0,40,2,5,2,1,52,50,3
2068481,0,919,0,40,3,7,2,1,45,48,3
2094681,0,919,0,40,2,5,2,1,40,19,3
2114015,0,919,0,40,2,1,2,1,15,21,3
2064416,0,919,0,40,2,11,2,1,65,53,3
2095293,0,919,0,40,3,6,2,1,32,57,3
2093933,0,919,0,40,2,4,2,1,45,50,3
2115972,0,919,0,40,2,1,2,1,14,52,3
2110127,0,919,0,40,2,2,2,1,20,35,3
2105166,0,919,0,40,2,3,2,1,22,32,3
2108286,0,919,0,40,3,3,2,1,17,49,3
2113635,0,919,0,40,2,2,2,1,14,83,3
2116774,0,919,0,40,2,1,2,1,13,24,3
2101673,0,919,0,40,3,4,2,1,25,53,3
2105638,0,919,0,40,3,4,2,1,22,22,3
2108243,0,919,0,40,3,3,2,1,23,19,3
2093266,0,919,0,40,2,5,2,1,44,87,3
2116999,0,919,0,40,2,1,2,1,12,31,3
2105663,0,919,0,40,2,3,2,1,22,48,3
2069776,0,919,0,40,2,7,2,1,33,77,3
2106691,0,919,0,40,3,2,2,1,24,31,3
2093213,0,919,0,40,2,6,2,1,34,19,3
2073861,0,919,0,40,2,12,2,1,73,50,3
2069356,0,919,0,40,2,10,2,1,72,51,3
2115702,0,919,0,40,2,1,2,1,11,44,3
2118166,0,919,0,40,2,1,2,1,11,46,3
2070927,0,919,0,40,2,7,2,1,62,45,3
2088310,0,919,0,40,3,5,2,1,43,62,3
2071343,0,919,0,40,3,7,2,1,50,17,3
2108456,0,919,0,40,2,2,2,1,23,51,3
2097698,0,919,0,40,3,4,2,1,32,25,3
2071013,0,919,0,40,3,5,2,1,51,47,3
2110872,0,919,0,40,2,3,2,1,20,49,3
2118073,0,919,0,40,3,1,2,1,10,35,3
2111630,0,919,0,40,3,2,2,1,16,81,3
2113838,0,919,0,40,2,2,2,1,12,53,3
2112215,0,919,0,40,2,2,2,1,14,80,3
2112806,0,919,0,40,2,2,2,1,15,44,3
2109772,0,919,0,40,3,4,2,1,13,26,3
2086384,0,919,0,40,3,7,2,1,45,38,3
2118931,0,919,0,40,3,1,2,1,9,44,3
2119073,0,919,0,40,2,1,2,1,9,21,3
2087352,0,919,0,40,2,6,2,1,46,36,3
2107248,0,919,0,40,3,3,2,1,21,40,3
2113265,0,919,0,40,3,2,2,1,11,19,3
2090881,0,919,0,40,2,4,2,1,48,48,3
2109719,0,919,0,40,3,3,2,1,15,54,3
2083318,0,919,0,40,2,7,2,1,54,30,3
2096511,0,919,0,40,3,7,2,1,29,31,3
2075982,0,919,0,40,2,12,2,1,68,73,3
2096607,0,919,0,40,3,7,2,1,24,54,3
2119298,0,919,0,40,2,1,2,1,8,25,3
2119719,0,919,0,40,2,1,2,1,8,61,3
2079016,0,919,0,40,2,10,2,1,58,58,3
2097878,0,919,0,40,2,5,2,1,20,79,3
2070614,0,919,0,40,2,6,2,1,59,37,3
2073805,0,919,0,40,3,9,2,1,77,28,3
2115808,0,919,0,40,3,2,2,1,11,35,3
2097173,0,919,0,40,2,5,2,1,35,36,3
2084056,0,919,0,40,3,8,2,1,53,37,3
2070621,0,919,0,40,3,10,2,1,76,45,3
2119044,0,919,0,40,2,1,2,1,7,34,3
2119688,0,919,0,40,3,1,2,1,7,47,3
2120176,0,919,0,40,3,1,2,1,7,45,3
2120224,0,919,0,40,2,1,2,1,7,61,3
2120482,0,919,0,40,2,1,2,1,7,68,3
2102058,0,919,0,40,2,1,2,1,39,43,3
2084775,0,919,0,40,2,5,2,1,58,41,3
2083240,0,919,0,40,2,5,2,1,60,56,3
2109910,0,919,0,40,2,1,2,1,24,18,3
2067743,0,919,0,40,2,6,2,1,41,27,3
2103917,0,919,0,40,2,2,2,1,27,48,3
2103860,0,919,0,40,2,2,2,1,30,30,3
2092291,0,919,0,40,2,4,2,1,42,50,3
2109025,0,919,0,40,2,2,2,1,23,47,3
2069244,0,919,0,40,3,7,2,1,39,34,3
2107223,0,919,0,40,3,2,2,1,30,27,3
2074649,0,919,0,40,3,10,2,1,68,64,3
2090584,0,919,0,40,2,5,2,1,41,33,3
2064297,0,919,0,40,3,11,2,1,74,41,3
2115302,0,919,0,40,3,1,2,1,17,16,3
2099191,0,919,0,40,2,6,2,1,33,23,3
2112571,0,919,0,40,2,2,2,1,17,32,3
2017501,1,919,897,14.1404,3,15,2,1,112,30,3
2114246,0,919,0,40,2,1,2,1,16,67,3
2088930,0,919,0,40,3,6,2,1,34,48,3
2093236,0,919,0,40,2,5,2,1,37,54,3
2112181,0,919,0,40,3,2,2,1,19,34,3
2114290,0,919,0,40,2,1,2,1,15,58,3
2108143,0,919,0,40,2,2,2,1,20,17,3
2079542,0,919,0,40,2,9,2,1,59,75,3
2111663,0,919,0,40,3,2,2,1,16,51,3
2082312,0,919,0,40,3,6,2,1,58,73,3
2089913,0,919,0,40,2,5,2,1,46,86,3
2112746,0,919,0,40,3,2,2,1,17,60,3
2095577,1,919,909,35.9631,2,6,2,1,32,25,3
2116319,0,919,0,40,2,1,2,1,14,53,3
2039637,0,919,0,40,2,15,2,1,117,25,3
2102423,0,919,0,40,3,3,2,1,29,31,3
2072167,0,919,0,40,2,7,2,1,47,47,3
2111073,0,919,0,40,3,2,2,1,21,59,3
2069275,0,919,0,40,2,8,2,1,59,11,3
2116615,0,919,0,40,2,1,2,1,13,36,3
2117248,0,919,0,40,2,1,2,1,13,69,3
2117664,0,919,0,40,2,1,2,1,13,17,3
2111821,0,919,0,40,2,2,2,1,13,62,3
2103138,0,919,0,40,2,4,2,1,22,45,3
2083786,0,919,0,40,2,8,2,1,46,39,3
2109481,0,919,0,40,2,2,2,1,23,55,3
2067964,0,919,0,40,2,7,2,1,57,20,3
2117736,0,919,0,40,3,1,2,1,12,58,3
2026344,0,919,0,40,2,19,2,1,122,29,3
2071334,0,919,0,40,2,7,2,1,69,69,3
2110019,0,919,0,40,3,3,2,1,14,29,3
2111105,0,919,0,40,2,3,2,1,17,37,3
2101006,0,919,0,40,3,4,2,1,25,50,3
2110290,0,919,0,40,2,3,2,1,14,33,3
2088847,0,919,0,40,3,6,2,1,37,63,3
2073486,0,919,0,40,2,12,2,1,63,82,3
2070954,0,919,0,40,3,9,2,1,72,63,3
2098149,0,919,0,40,3,6,2,1,31,61,3
2088755,0,919,0,40,2,8,2,1,41,11,3
2117371,0,919,0,40,2,1,2,1,11,28,3
2118029,0,919,0,40,3,1,2,1,11,27,3
2118777,0,919,0,40,3,1,2,1,11,69,3
2102006,0,919,0,40,3,4,2,1,15,27,3
2088422,0,919,0,40,3,8,2,1,40,32,3
2075584,0,919,0,40,3,14,2,1,49,34,3
2113335,0,919,0,40,2,2,2,1,13,63,3
2114595,0,919,0,40,2,2,2,1,12,31,3
2071069,0,919,0,40,3,12,2,1,68,17,3
2102717,0,919,0,40,2,4,2,1,28,12,3
2113011,0,919,0,40,2,2,2,1,16,26,3
2096054,0,919,0,40,3,4,2,1,41,24,3
2065061,0,919,0,40,3,3,2,1,21,49,3
2091983,0,919,0,40,3,6,2,1,35,32,3
2115221,0,919,0,40,2,2,2,1,13,61,3
2117045,0,919,0,40,3,1,2,1,10,42,3
2118390,0,919,0,40,3,1,2,1,10,54,3
2118971,0,919,0,40,2,1,2,1,10,17,3
2119195,0,919,0,40,3,1,2,1,10,53,3
2119319,0,919,0,40,3,1,2,1,10,50,3
2102008,0,919,0,40,2,3,2,1,25,46,3
2084157,0,919,0,40,3,8,2,1,44,58,3
2085999,0,919,0,40,2,8,2,1,35,48,3
2077719,0,919,0,40,3,6,2,1,75,87,3
2113887,0,919,0,40,2,3,2,1,11,38,3
2112266,0,919,0,40,3,2,2,1,18,61,3
2083328,1,919,893,37.568,2,10,2,1,40,37,3
2113845,0,919,0,40,2,3,2,1,12,58,3
2054867,1,919,895,6.99748,3,14,2,1,66,25,3
2115161,0,919,0,40,3,2,2,1,13,40,3
2099655,0,919,0,40,3,6,2,1,19,34,3
2080942,0,919,0,40,2,9,2,1,58,48,3
2118902,0,919,0,40,2,1,2,1,9,52,3
2119749,0,919,0,40,3,1,2,1,9,56,3
2119939,0,919,0,40,2,1,2,1,9,60,3
2104509,0,919,0,40,2,3,2,1,23,32,3
2108896,0,919,0,40,2,3,2,1,16,33,3
2087479,0,919,0,40,2,7,2,1,48,43,3
2079573,0,919,0,40,2,9,2,1,59,28,3
2089746,1,919,909,40,2,7,2,1,42,31,3
2083608,0,919,0,40,3,10,2,1,44,20,3
2112888,0,919,0,40,3,2,2,1,16,18,3
2098646,0,919,0,40,3,5,2,1,19,56,3
2087144,0,919,0,40,2,6,2,1,48,37,3
2097784,0,919,0,40,2,6,2,1,30,20,3
2117407,0,919,0,40,2,1,2,1,8,35,3
2119468,0,919,0,40,2,1,2,1,8,36,3
2119966,0,919,0,40,3,1,2,1,8,56,3
2120024,0,919,0,40,3,1,2,1,8,48,3
2120378,0,919,0,40,3,1,2,1,8,57,3
2090241,0,919,0,40,2,7,2,1,37,35,3
2102549,0,919,0,40,2,3,2,1,23,33,3
2094473,0,919,0,40,2,6,2,1,27,34,3
2104151,0,919,0,40,3,4,2,1,22,60,3
2085171,0,919,0,40,2,8,2,1,34,30,3
2100584,0,919,0,40,3,4,2,1,32,41,3
2105540,0,919,0,40,3,4,2,1,22,28,3
2115345,0,919,0,40,2,2,2,1,9,35,3
2087872,0,919,0,40,2,7,2,1,42,31,3
2099641,0,919,0,40,2,5,2,1,30,28,3
2113822,0,919,0,40,2,3,2,1,15,68,3
2076499,0,919,0,40,3,10,2,1,62,59,3
2098677,0,919,0,40,2,4,2,1,35,78,3
2079358,0,919,0,40,2,9,2,1,58,27,3
2104641,0,919,0,40,2,4,2,1,24,32,3
2119929,0,919,0,40,2,2,2,1,8,48,3
2118804,0,919,0,40,2,1,2,1,7,24,3
2119530,0,919,0,40,2,1,2,1,7,40,3
2119722,0,919,0,40,3,1,2,1,7,32,3
2120121,0,919,0,40,2,1,2,1,7,50,3
2120831,0,919,0,40,3,1,2,1,7,22,3
2069752,0,919,0,40,3,6,2,1,64,36,3
2099874,0,919,0,40,3,3,2,1,37,61,3
2091632,0,919,0,40,3,4,2,1,49,79,3
2094864,0,919,0,40,2,4,2,1,43,37,3
2076614,0,919,0,40,2,9,2,1,73,34,3
2068742,0,919,0,40,2,6,2,1,80,88,3
2110927,0,919,0,40,2,1,2,1,23,48,3
2099181,0,919,0,40,2,5,2,1,30,36,3
2068894,0,919,0,40,2,7,2,1,61,11,3
2108387,0,919,0,40,3,2,2,1,24,48,3
2113132,0,919,0,40,3,1,2,1,21,32,3
2084262,0,919,0,40,2,6,2,1,64,10,3
2111212,0,919,0,40,3,2,2,1,22,58,3
2113271,0,919,0,40,2,1,2,1,20,32,3
2068357,0,919,0,40,2,6,2,1,49,57,3
2083677,0,919,0,40,2,7,2,1,57,30,3
2094757,0,919,0,40,3,4,2,1,38,73,3
2098563,0,919,0,40,3,4,2,1,36,50,3
2100712,0,919,0,40,3,4,2,1,34,49,3
2113995,0,919,0,40,3,1,2,1,18,69,3
2091720,0,919,0,40,2,6,2,1,45,27,3
2102600,1,919,891,30.2749,2,5,2,1,28,33,3
2076455,0,919,0,40,2,10,2,1,59,40,3
2077185,0,919,0,40,2,8,2,1,63,26,3
2110387,0,919,0,40,3,2,2,1,22,11,3
2108653,0,919,0,40,2,3,2,1,23,31,3
2113199,1,919,910,22.2336,3,2,2,1,19,66,3
2113369,0,919,0,40,2,1,2,1,16,28,3
2115225,0,919,0,40,2,1,2,1,16,85,3
2116042,0,919,0,40,2,1,2,1,16,24,3
2108940,0,919,0,40,3,2,2,1,21,75,3
2075440,0,919,0,40,2,11,2,1,69,25,3
2092056,0,919,0,40,2,6,2,1,46,21,3
2084761,0,919,0,40,3,7,2,1,53,47,3
2110579,0,919,0,40,3,2,2,1,16,38,3
2092753,0,919,0,40,3,7,2,1,38,31,3
2113031,0,919,0,40,3,2,2,1,16,69,3
2111243,0,919,0,40,3,2,2,1,20,31,3
2111206,0,919,0,40,2,3,2,1,20,35,3
2114618,0,919,0,40,3,1,2,1,14,15,3
2094186,0,919,0,40,3,6,2,1,35,31,3
2074216,0,919,0,40,3,9,2,1,86,27,3
2087521,0,919,0,40,3,8,2,1,39,60,3
2099557,0,919,0,40,2,4,2,1,36,26,3
2111283,0,919,0,40,3,3,2,1,15,23,3
2088499,0,919,0,40,2,7,2,1,46,41,3
2064439,0,919,0,40,2,12,2,1,63,39,3
2071455,0,919,0,40,3,10,2,1,94,41,3
2077607,0,919,0,40,3,11,2,1,62,81,3
2110771,0,919,0,40,3,3,2,1,17,98,3
2105107,0,919,0,40,2,3,2,1,26,62,3
2103774,0,919,0,40,3,3,2,1,34,62,3
2107100,0,919,0,40,3,2,2,1,18,38,3
2110565,0,919,0,40,2,2,2,1,15,44,3
2113954,0,919,0,40,2,2,2,1,14,21,3
2073977,0,919,0,40,3,12,2,1,83,45,3
2115507,0,919,0,40,2,2,2,1,13,48,3
2109995,1,919,910,35.1847,2,4,2,1,21,53,3
2105719,0,919,0,40,3,5,2,1,17,26,3
2118353,0,919,0,40,3,1,2,1,12,85,3
2097414,0,919,0,40,3,5,2,1,28,57,3
2112650,0,919,0,40,3,2,2,1,13,55,3
2100229,0,919,0,40,3,4,2,1,33,51,3
2103151,1,919,910,16.1614,3,4,2,1,26,46,3
2097961,0,919,0,40,3,5,2,1,30,31,3
2081091,0,919,0,40,2,8,2,1,52,37,3
2089084,0,919,0,40,3,5,2,1,48,53,3
2112097,0,919,0,40,3,2,2,1,17,80,3
2099234,0,919,0,40,2,4,2,1,30,20,3
2104428,0,919,0,40,3,4,2,1,23,50,3
2114202,0,919,0,40,2,3,2,1,13,78,3
2087187,0,919,0,40,3,7,2,1,44,38,3
2107629,0,919,0,40,3,4,2,1,18,26,3
2081074,0,919,0,40,2,10,2,1,64,46,3
2093351,0,919,0,40,3,5,2,1,37,21,3
2114508,0,919,0,40,3,2,2,1,16,53,3
2104864,0,919,0,40,2,4,2,1,25,28,3
2108042,0,919,0,40,2,3,2,1,22,42,3
2110858,0,919,0,40,2,3,2,1,18,42,3
2118434,0,919,0,40,3,1,2,1,11,37,3
2118482,0,919,0,40,2,1,2,1,11,47,3
2119329,0,919,0,40,3,1,2,1,11,47,3
2102020,0,919,0,40,3,3,2,1,21,12,3
2106936,0,919,0,40,2,2,2,1,23,53,3
2080328,0,919,0,40,3,12,2,1,65,14,3
2095109,0,919,0,40,3,5,2,1,35,67,3
2089808,0,919,0,40,2,5,2,1,40,32,3
2086245,0,919,0,40,2,7,2,1,51,29,3
2080657,0,919,0,40,2,8,2,1,57,60,3
2081292,0,919,0,40,2,8,2,1,49,48,3
2092908,0,919,0,40,3,6,2,1,35,94,3
2067540,0,919,0,40,3,8,2,1,49,50,3
2096984,0,919,0,40,3,3,2,1,42,26,3
2104699,0,919,0,40,2,5,2,1,28,56,3
2103216,0,919,0,40,3,4,2,1,19,78,3
2086843,0,919,0,40,3,9,2,1,36,81,3
2108667,0,919,0,40,2,2,2,1,22,31,3
2077395,0,919,0,40,3,7,2,1,57,56,3
2115260,0,919,0,40,2,2,2,1,12,66,3
2115743,1,919,910,31.2635,2,2,2,1,11,47,3
2112432,0,919,0,40,3,2,2,1,15,41,3
2073623,0,919,0,40,3,13,2,1,63,35,3
2108685,0,919,0,40,3,3,2,1,23,79,3
2116855,0,919,0,40,2,2,2,1,10,76,3
2081816,0,919,0,40,3,11,2,1,60,37,3
2085046,0,919,0,40,3,6,2,1,54,29,3
2086731,0,919,0,40,3,4,2,1,60,32,3
2104138,0,919,0,40,3,5,2,1,15,30,3
2106811,0,919,0,40,2,4,2,1,16,41,3
2111457,0,919,0,40,3,3,2,1,16,30,3
2090593,0,919,0,40,2,7,2,1,37,42,3
2118908,0,919,0,40,3,1,2,1,9,37,3
2119212,0,919,0,40,3,1,2,1,9,24,3
2119444,1,919,910,21.0376,3,1,2,1,9,51,3
2119772,0,919,0,40,2,1,2,1,9,55,3
2120218,0,919,0,40,3,1,2,1,9,58,3
2120298,0,919,0,40,2,1,2,1,9,35,3
2111848,0,919,0,40,2,2,2,1,13,26,3
2104181,0,919,0,40,2,3,2,1,20,48,3
2093918,0,919,0,40,2,6,2,1,31,14,3
2103285,0,919,0,40,2,3,2,1,25,46,3
2070772,0,919,0,40,3,12,2,1,48,14,3
2094174,0,919,0,40,3,4,2,1,45,22,3
2084821,0,919,0,40,2,8,2,1,39,77,3
2072702,0,919,0,40,3,12,2,1,56,45,3
2117028,0,919,0,40,3,2,2,1,10,41,3
2117162,0,919,0,40,3,2,2,1,9,24,3
2089940,0,919,0,40,2,5,2,1,45,75,3
2070071,0,919,0,40,2,5,2,1,41,62,3
2115057,0,919,0,40,2,2,2,1,12,52,3
2114291,0,919,0,40,3,3,2,1,12,53,3
2104060,0,919,0,40,2,5,2,1,14,70,3
2109513,0,919,0,40,2,2,2,1,24,86,3
2113956,0,919,0,40,3,2,2,1,17,21,3
2103513,0,919,0,40,2,4,2,1,25,34,3
2105224,0,919,0,40,2,3,2,1,25,48,3
2089615,0,919,0,40,3,7,2,1,38,75,3
2085331,0,919,0,40,2,7,2,1,53,89,3
2103183,0,919,0,40,2,5,2,1,24,18,3
2107482,0,919,0,40,2,3,2,1,21,15,3
2120217,0,919,0,40,2,1,2,1,8,86,3
2120517,0,919,0,40,2,1,2,1,8,57,3
2120635,0,919,0,40,3,1,2,1,8,25,3
2120719,0,919,0,40,3,1,2,1,8,49,3
2095263,0,919,0,40,3,6,2,1,28,41,3
2095666,0,919,0,40,2,6,2,1,27,36,3
2076155,0,919,0,40,2,10,2,1,63,42,3
2095354,0,919,0,40,2,4,2,1,36,25,3
2114541,0,919,0,40,2,2,2,1,13,39,3
2106501,0,919,0,40,3,4,2,1,16,53,3
2104131,0,919,0,40,2,4,2,1,21,32,3
2075323,0,919,0,40,3,6,2,1,67,80,3
2113540,0,919,0,40,3,2,2,1,16,69,3
2075689,0,919,0,40,3,10,2,1,67,38,3
2111157,0,919,0,40,3,3,2,1,14,21,3
2108623,0,919,0,40,3,3,2,1,23,30,3
2106665,1,919,910,21.833,3,4,2,1,21,38,3
2103049,0,919,0,40,2,5,2,1,25,31,3
2099862,0,919,0,40,2,5,2,1,29,18,3
2099013,0,919,0,40,2,6,2,1,21,94,3
2106413,0,919,0,40,2,2,2,1,24,54,3
2110705,0,919,0,40,3,2,2,1,21,44,3
2068019,0,919,0,40,3,5,2,1,42,102,3
2107812,0,919,0,40,3,4,2,1,23,96,3
2110325,0,919,0,40,3,4,2,1,16,10,3
2091948,0,919,0,40,3,6,2,1,41,9,3
2113088,0,919,0,40,3,3,2,1,12,42,3
2118644,0,919,0,40,3,2,2,1,8,30,3
2101935,1,919,889,19.9191,3,5,2,1,25,40,3
2102542,0,919,0,40,3,5,2,1,22,31,3
2120307,0,919,0,40,3,1,2,1,7,71,3
2120710,0,919,0,40,3,1,2,1,7,44,3
2121018,0,919,0,40,2,1,2,1,7,70,3
2121545,0,919,0,40,3,1,2,1,7,48,3
2121623,0,919,0,40,2,1,2,1,7,75,3
2090334,0,919,0,40,3,4,2,1,58,43,3
2098263,0,919,0,40,3,3,2,1,47,58,3
2102340,0,919,0,40,2,2,2,1,31,24,3
2110153,0,919,0,40,3,1,2,1,28,30,3
2100266,0,919,0,40,2,4,2,1,34,50,3
2106695,0,919,0,40,3,2,2,1,30,40,3
2080908,0,919,0,40,3,7,2,1,69,69,3
2086613,0,919,0,40,3,6,2,1,48,31,3
2110997,0,919,0,40,2,1,2,1,25,31,3
2072657,0,919,0,40,3,7,2,1,98,72,3
2112104,0,919,0,40,3,1,2,1,24,33,3
2112853,0,919,0,40,2,1,2,1,23,43,3
2090068,0,919,0,40,2,7,2,1,38,61,3
2100124,0,919,0,40,3,4,2,1,32,68,3
2113224,0,919,0,40,3,1,2,1,22,52,3
2105823,0,919,0,40,2,3,2,1,23,37,3
2093673,0,919,0,40,3,3,2,1,46,71,3
2082768,0,919,0,40,3,6,2,1,71,33,3
2096686,0,919,0,40,3,4,2,1,38,45,3
2098573,0,919,0,40,2,3,2,1,34,43,3
2109679,0,919,0,40,3,2,2,1,22,40,3
2103247,0,919,0,40,3,3,2,1,31,39,3
2069125,0,919,0,40,2,6,2,1,41,49,3
2114652,0,919,0,40,2,1,2,1,19,54,3
2104904,0,919,0,40,2,3,2,1,27,23,3
2113478,0,919,0,40,3,2,2,1,20,50,3
2106853,0,919,0,40,3,3,2,1,23,71,3
2103827,0,919,0,40,3,3,2,1,28,47,3
2108045,0,919,0,40,2,3,2,1,23,62,3
2113119,0,919,0,40,3,2,2,1,18,42,3
2116186,0,919,0,40,3,1,2,1,17,28,3
2054365,0,919,0,40,2,11,2,1,86,51,3
2102750,0,919,0,40,2,3,2,1,26,39,3
2100305,0,919,0,40,3,5,2,1,27,57,3
2090287,0,919,0,40,2,7,2,1,48,69,3
2103039,0,919,0,40,3,3,2,1,25,31,3
2111671,0,919,0,40,2,2,2,1,16,19,3
2075133,0,919,0,40,2,7,2,1,80,63,3
2099580,1,919,893,37.568,2,5,2,1,31,53,3
2114101,0,919,0,40,3,2,2,1,16,31,3
2112675,0,919,0,40,2,2,2,1,21,40,3
2117170,0,919,0,40,2,1,2,1,15,47,3
2117474,0,919,0,40,2,1,2,1,15,47,3
2071211,0,919,0,40,2,6,2,1,57,7,3
2111768,0,919,0,40,3,2,2,1,21,40,3
2070429,0,919,0,40,3,8,2,1,62,69,3
2080808,0,919,0,40,3,11,2,1,60,59,3
2115779,0,919,0,40,3,2,2,1,15,31,3
2094714,0,919,0,40,2,5,2,1,42,28,3
2093253,0,919,0,40,2,6,2,1,31,33,3
2116985,0,919,0,40,2,1,2,1,14,52,3
2088120,0,919,0,40,2,7,2,1,36,28,3
2083590,0,919,0,40,3,7,2,1,47,32,3
2084413,0,919,0,40,3,8,2,1,52,44,3
2114070,0,919,0,40,3,2,2,1,15,48,3
2070421,0,919,0,40,2,5,2,1,57,28,3
2082050,0,919,0,40,3,10,2,1,46,74,3
2104258,0,919,0,40,3,3,2,1,33,27,3
2083009,0,919,0,40,2,6,2,1,64,35,3
2118143,0,919,0,40,3,1,2,1,13,71,3
2118553,0,919,0,40,2,1,2,1,13,84,3
2073832,0,919,0,40,3,11,2,1,77,34,3
2106301,0,919,0,40,2,3,2,1,28,30,3
2102993,0,919,0,40,3,3,2,1,33,36,3
2070793,0,919,0,40,2,6,2,1,54,118,3
2113047,0,919,0,40,2,2,2,1,16,40,3
2073641,0,919,0,40,2,10,2,1,78,60,3
2094158,0,919,0,40,3,6,2,1,35,38,3
2115259,0,919,0,40,3,2,2,1,14,47,3
2114388,0,919,0,40,2,2,2,1,16,12,3
2109228,0,919,0,40,2,3,2,1,24,41,3
2007040,0,919,0,40,2,20,2,1,150,30,3
2110087,0,919,0,40,2,4,2,1,19,34,3
2118149,0,919,0,40,2,1,2,1,12,40,3
2119225,0,919,0,40,3,1,2,1,12,39,3
2119377,0,919,0,40,2,1,2,1,12,56,3
2084444,0,919,0,40,3,7,2,1,47,37,3
2088598,0,919,0,40,2,7,2,1,50,26,3
2081090,0,919,0,40,2,7,2,1,56,48,3
2100392,0,919,0,40,3,4,2,1,36,23,3
2115288,0,919,0,40,2,2,2,1,15,40,3
2098580,0,919,0,40,2,4,2,1,37,46,3
2099824,0,919,0,40,2,4,2,1,35,30,3
2117222,0,919,0,40,2,2,2,1,12,42,3
2115236,0,919,0,40,3,2,2,1,17,57,3
2117093,0,919,0,40,2,1,2,1,11,52,3
2119098,0,919,0,40,3,1,2,1,11,21,3
2119471,0,919,0,40,2,1,2,1,11,26,3
2119855,0,919,0,40,2,1,2,1,11,24,3
2109695,0,919,0,40,2,4,2,1,16,73,3
2097716,0,919,0,40,3,5,2,1,33,37,3
2110304,0,919,0,40,3,2,2,1,22,39,3
2103677,0,919,0,40,2,4,2,1,25,68,3
2115266,0,919,0,40,2,2,2,1,14,38,3
2109312,0,919,0,40,3,2,2,1,25,48,3
2108986,0,919,0,40,3,3,2,1,21,32,3
2116072,0,919,0,40,3,2,2,1,13,33,3
2096522,0,919,0,40,3,4,2,1,33,65,3
2102960,0,919,0,40,2,6,2,1,21,27,3
2103022,0,919,0,40,2,5,2,1,27,43,3
2092916,0,919,0,40,2,6,2,1,38,77,3
2093010,0,919,0,40,2,6,2,1,43,29,3
2112193,0,919,0,40,2,3,2,1,19,34,3
2119164,0,919,0,40,3,1,2,1,10,35,3
2119788,0,919,0,40,2,1,2,1,10,46,3
2120240,0,919,0,40,2,1,2,1,10,19,3
2120300,0,919,0,40,2,1,2,1,10,47,3
2120346,0,919,0,40,2,1,2,1,10,13,3
2120454,0,919,0,40,3,1,2,1,10,63,3
1992362,0,919,0,40,2,23,2,1,108,78,3
2099920,0,919,0,40,3,5,2,1,27,23,3
2099157,0,919,0,40,2,5,2,1,28,62,3
2085221,0,919,0,40,3,9,2,1,39,22,3
2106753,0,919,0,40,2,3,2,1,20,36,3
2077674,1,919,903,40,2,9,2,1,51,29,3
2101314,0,919,0,40,3,5,2,1,23,51,3
2097207,0,919,0,40,3,5,2,1,39,62,3
2090905,0,919,0,40,2,7,2,1,42,70,3
2093373,0,919,0,40,3,5,2,1,32,76,3
2110259,0,919,0,40,3,3,2,1,18,39,3
2113556,0,919,0,40,3,3,2,1,16,43,3
2102390,0,919,0,40,2,4,2,1,25,66,3
2095211,0,919,0,40,3,6,2,1,36,47,3
2104561,0,919,0,40,2,5,2,1,22,16,3
2097168,0,919,0,40,3,6,2,1,32,25,3
2101708,0,919,0,40,3,4,2,1,27,23,3
2076070,0,919,0,40,2,11,2,1,76,33,3
2119088,0,919,0,40,2,1,2,1,9,65,3
2119985,0,919,0,40,2,1,2,1,9,53,3
2120673,0,919,0,40,2,1,2,1,9,31,3
2105416,0,919,0,40,2,4,2,1,16,59,3
2106002,0,919,0,40,2,3,2,1,19,96,3
2110520,0,919,0,40,2,3,2,1,17,49,3
2108299,0,919,0,40,3,2,2,1,25,71,3
2103744,0,919,0,40,3,4,2,1,24,11,3
2105397,0,919,0,40,3,5,2,1,19,23,3
2108201,0,919,0,40,2,2,2,1,26,39,3
2108133,0,919,0,40,3,5,2,1,20,62,3
2088638,0,919,0,40,2,8,2,1,39,39,3
2113219,0,919,0,40,3,3,2,1,11,21,3
2083890,0,919,0,40,3,7,2,1,54,42,3
2101785,0,919,0,40,3,3,2,1,26,42,3
2097341,0,919,0,40,3,6,2,1,31,22,3
2116507,0,919,0,40,3,2,2,1,12,77,3
2086112,0,919,0,40,3,8,2,1,34,53,3
2043295,0,919,0,40,3,7,2,1,74,69,3
2078485,0,919,0,40,3,11,2,1,60,36,3
2086494,0,919,0,40,2,7,2,1,48,35,3
2061155,0,919,0,40,3,10,2,1,72,86,3
2099730,0,919,0,40,2,6,2,1,20,59,3
2116709,0,919,0,40,3,2,2,1,11,30,3
2070361,0,919,0,40,3,12,2,1,70,47,3
2119224,0,919,0,40,3,1,2,1,8,16,3
2120275,0,919,0,40,3,1,2,1,8,56,3
2120578,0,919,0,40,2,1,2,1,8,85,3
2120990,0,919,0,40,2,1,2,1,8,53,3
2121237,0,919,0,40,2,1,2,1,8,59,3
2121309,0,919,0,40,3,1,2,1,8,43,3
2121415,0,919,0,40,2,1,2,1,8,49,3
2121599,0,919,0,40,2,1,2,1,8,35,3
2106565,0,919,0,40,2,3,2,1,13,68,3
2096298,0,919,0,40,3,4,2,1,30,46,3
2093880,0,919,0,40,3,6,2,1,32,73,3
2109528,0,919,0,40,2,2,2,1,21,35,3
2114005,0,919,0,40,3,2,2,1,12,79,3
2099438,0,919,0,40,2,3,2,1,31,40,3
2115479,0,919,0,40,2,2,2,1,10,18,3
2109667,0,919,0,40,2,4,2,1,16,21,3
2090582,0,919,0,40,2,10,2,1,32,21,3
2113289,0,919,0,40,2,2,2,1,12,38,3
2105570,1,919,904,22.6455,3,4,2,1,23,19,3
2114262,0,919,0,40,3,3,2,1,9,65,3
2104100,0,919,0,40,3,4,2,1,26,93,3
2084045,0,919,0,40,2,8,2,1,57,14,3
2114875,1,919,905,39.4813,2,2,2,1,13,26,3
2108787,0,919,0,40,3,3,2,1,23,30,3
2108108,0,919,0,40,2,3,2,1,15,47,3
2070607,0,919,0,40,2,10,2,1,56,31,3
2108760,0,919,0,40,3,4,2,1,19,28,3
2083800,0,919,0,40,3,9,2,1,49,44,3
2110592,0,919,0,40,2,3,2,1,17,66,3
2103134,0,919,0,40,3,6,2,1,24,97,3
2118179,0,919,0,40,3,2,2,1,10,34,3
2085272,0,919,0,40,2,9,2,1,48,34,3
2086728,0,919,0,40,3,10,2,1,43,54,3
2065376,0,919,0,40,2,8,2,1,48,28,3
2111781,0,919,0,40,3,3,2,1,13,44,3
2083586,0,919,0,40,2,9,2,1,52,45,3
2119814,0,919,0,40,3,1,2,1,7,36,3
2121156,0,919,0,40,2,1,2,1,7,51,3
2121588,0,919,0,40,3,1,2,1,7,38,3
2121923,0,919,0,40,2,1,2,1,7,24,3
2122069,0,919,0,40,2,1,2,1,7,27,3
2122127,0,919,0,40,3,1,2,1,7,17,3
2095014,0,919,0,40,3,4,2,1,45,65,3
2109489,0,919,0,40,3,1,2,1,29,46,3
2080957,0,919,0,40,3,7,2,1,79,61,3
2096175,0,919,0,40,2,4,2,1,39,95,3
2094921,0,919,0,40,3,4,2,1,43,23,3
2112239,0,919,0,40,3,1,2,1,23,26,3
2113206,0,919,0,40,3,1,2,1,23,64,3
2076133,0,919,0,40,3,10,2,1,76,34,3
2089890,0,919,0,40,3,6,2,1,45,61,3
2082182,0,919,0,40,3,7,2,1,60,39,3
2098644,0,919,0,40,2,4,2,1,32,42,3
2079585,0,919,0,40,3,9,2,1,69,19,3
2114448,0,919,0,40,3,1,2,1,20,31,3
2094615,0,919,0,40,3,5,2,1,41,47,3
2110370,0,919,0,40,2,2,2,1,23,20,3
2108060,0,919,0,40,2,2,2,1,28,27,3
2075264,0,919,0,40,3,10,2,1,74,45,3
2107659,0,919,0,40,2,2,2,1,26,50,3
2092800,0,919,0,40,2,5,2,1,40,23,3
2111430,0,919,0,40,3,2,2,1,22,20,3
2102509,0,919,0,40,3,4,2,1,31,79,3
2114706,0,919,0,40,2,1,2,1,18,31,3
2079517,0,919,0,40,3,9,2,1,68,30,3
2115004,0,919,0,40,2,2,2,1,18,20,3
2116003,0,919,0,40,2,1,2,1,17,23,3
2116363,0,919,0,40,3,1,2,1,17,45,3
2072291,0,919,0,40,2,6,2,1,52,30,3
2099982,0,919,0,40,2,5,2,1,24,34,3
2108154,0,919,0,40,2,3,2,1,22,46,3
2093717,0,919,0,40,3,6,2,1,43,98,3
2074096,0,919,0,40,2,14,2,1,69,47,3
2110720,0,919,0,40,2,2,2,1,27,54,3
2117382,0,919,0,40,3,1,2,1,16,11,3
2084527,0,919,0,40,3,8,2,1,49,45,3
2093439,0,919,0,40,2,5,2,1,41,109,3
2080705,0,919,0,40,3,8,2,1,57,28,3
2066948,0,919,0,40,3,9,2,1,77,30,3
2111623,0,919,0,40,3,2,2,1,21,51,3
2117297,0,919,0,40,3,1,2,1,15,46,3
2112540,0,919,0,40,2,2,2,1,15,58,3
2096928,0,919,0,40,2,4,2,1,42,43,3
2080983,0,919,0,40,3,7,2,1,68,31,3
2079296,0,919,0,40,2,8,2,1,59,41,3
2107293,0,919,0,40,3,4,2,1,26,35,3
2088315,0,919,0,40,2,6,2,1,55,43,3
2083937,0,919,0,40,3,7,2,1,66,15,3
2090796,0,919,0,40,2,6,2,1,36,32,3
2111747,0,919,0,40,3,2,2,1,14,46,3
2068982,0,919,0,40,2,8,2,1,73,106,3
2115210,0,919,0,40,3,2,2,1,15,22,3
2116010,0,919,0,40,2,2,2,1,14,45,3
2069029,0,919,0,40,3,8,2,1,56,25,3
2117463,0,919,0,40,2,1,2,1,13,41,3
2118750,0,919,0,40,2,1,2,1,13,20,3
2119171,0,919,0,40,3,1,2,1,13,68,3
2101968,0,919,0,40,3,3,2,1,30,31,3
2108584,0,919,0,40,3,3,2,1,15,58,3
2088247,0,919,0,40,2,6,2,1,44,29,3
2110853,0,919,0,40,3,3,2,1,18,24,3
2104374,0,919,0,40,2,4,2,1,27,52,3
2110091,0,919,0,40,3,2,2,1,25,93,3
2092173,0,919,0,40,2,8,2,1,38,94,3
2090007,0,919,0,40,3,6,2,1,50,26,3
2095709,0,919,0,40,3,6,2,1,44,63,3
2110448,0,919,0,40,2,3,2,1,19,69,3
2111624,0,919,0,40,2,3,2,1,16,49,3
2109351,0,919,0,40,3,4,2,1,16,52,3
2118520,0,919,0,40,2,1,2,1,12,118,3
2118862,0,919,0,40,3,1,2,1,12,39,3
2119709,0,919,0,40,2,1,2,1,12,53,3
2119921,0,919,0,40,3,1,2,1,12,60,3
2066496,0,919,0,40,3,8,2,1,80,53,3
2072549,0,919,0,40,2,14,2,1,75,59,3
2074908,0,919,0,40,3,10,2,1,59,72,3
2096850,0,919,0,40,2,3,2,1,36,51,3
2097032,0,919,0,40,3,5,2,1,32,31,3
2108031,0,919,0,40,3,4,2,1,21,60,3
2102353,0,919,0,40,3,6,2,1,31,24,3
2111306,0,919,0,40,3,3,2,1,13,53,3
2071743,0,919,0,40,2,6,2,1,41,32,3
2081016,0,919,0,40,3,11,2,1,48,69,3
2093580,0,919,0,40,2,6,2,1,38,30,3
2119364,0,919,0,40,3,1,2,1,11,40,3
2120118,0,919,0,40,3,1,2,1,11,43,3
2088679,0,919,0,40,3,5,2,1,45,29,3
2104737,0,919,0,40,3,3,2,1,23,28,3
2114802,0,919,0,40,2,2,2,1,13,69,3
2109755,0,919,0,40,2,4,2,1,16,51,3
2090508,0,919,0,40,2,7,2,1,38,17,3
2064229,0,919,0,40,3,9,2,1,76,53,3
2082084,0,919,0,40,3,6,2,1,65,23,3
2061297,0,919,0,40,3,7,2,1,77,75,3
2051247,0,919,0,40,2,14,2,1,93,47,3
2102222,0,919,0,40,3,4,2,1,29,77,3
2111514,0,919,0,40,3,4,2,1,17,68,3
2115532,0,919,0,40,2,2,2,1,13,40,3
2116614,0,919,0,40,2,2,2,1,12,11,3
2102826,0,919,0,40,3,5,2,1,23,58,3
2113170,0,919,0,40,3,3,2,1,16,45,3
2079349,0,919,0,40,2,7,2,1,75,23,3
2075600,0,919,0,40,2,10,2,1,69,34,3
2084187,0,919,0,40,2,7,2,1,53,111,3
2110557,0,919,0,40,2,3,2,1,14,20,3
2067578,0,919,0,40,3,10,2,1,52,68,3
2087465,0,919,0,40,2,8,2,1,50,69,3
2107564,0,919,0,40,3,3,2,1,27,10,3
2119109,0,919,0,40,2,2,2,1,12,51,3
2119989,0,919,0,40,3,1,2,1,10,54,3
2120565,0,919,0,40,3,1,2,1,10,31,3
2120793,0,919,0,40,3,1,2,1,10,48,3
2120939,0,919,0,40,2,1,2,1,10,35,3
2121047,0,919,0,40,2,1,2,1,10,43,3
2077518,0,919,0,40,3,9,2,1,59,21,3
2081786,0,919,0,40,3,8,2,1,57,63,3
2086899,0,919,0,40,3,7,2,1,41,31,3
2100672,0,919,0,40,3,4,2,1,29,35,3
2116673,0,919,0,40,2,2,2,1,10,33,3
2095430,0,919,0,40,2,8,2,1,35,48,3
2116496,0,919,0,40,3,2,2,1,14,59,3
2105868,0,919,0,40,3,4,2,1,19,45,3
2097498,0,919,0,40,3,6,2,1,22,35,3
2092650,0,919,0,40,3,6,2,1,43,15,3
2083813,0,919,0,40,3,7,2,1,52,30,3
2073686,0,919,0,40,3,11,2,1,80,71,3
2112460,0,919,0,40,3,3,2,1,17,78,3
2116943,0,919,0,40,3,3,2,1,12,33,3
2093283,0,919,0,40,2,6,2,1,34,46,3
2098733,0,919,0,40,3,7,2,1,34,66,3
2119438,0,919,0,40,3,1,2,1,9,30,3
2120371,0,919,0,40,2,1,2,1,9,38,3
2120750,0,919,0,40,2,1,2,1,9,27,3
2120910,0,919,0,40,2,1,2,1,9,48,3
2086585,0,919,0,40,2,6,2,1,51,56,3
2068328,0,919,0,40,3,10,2,1,49,43,3
2095743,0,919,0,40,3,5,2,1,36,46,3
2089482,0,919,0,40,3,9,2,1,39,71,3
2109193,0,919,0,40,2,4,2,1,14,48,3
2086532,0,919,0,40,3,6,2,1,48,57,3
2113236,0,919,0,40,2,3,2,1,18,40,3
2117485,0,919,0,40,3,2,2,1,11,31,3
2094080,0,919,0,40,3,5,2,1,42,30,3
2114990,0,919,0,40,3,3,2,1,13,74,3
2104445,0,919,0,40,2,4,2,1,24,78,3
2112151,1,919,912,22.114,3,3,2,1,16,109,3
2111291,0,919,0,40,2,3,2,1,16,43,3
2103400,0,919,0,40,2,4,2,1,23,27,3
2097391,0,919,0,40,2,5,2,1,39,40,3
2109031,0,919,0,40,2,2,2,1,27,73,3
2106447,0,919,0,40,2,4,2,1,27,33,3
2119846,0,919,0,40,3,1,2,1,8,49,3
2121068,0,919,0,40,3,1,2,1,8,22,3
2121777,0,919,0,40,3,1,2,1,8,33,3
2122093,0,919,0,40,3,1,2,1,8,72,3
2122157,0,919,0,40,2,1,2,1,8,57,3
2105073,0,919,0,40,3,2,2,1,26,20,3
2102362,0,919,0,40,3,3,2,1,33,32,3
2105019,0,919,0,40,3,5,2,1,16,72,3
2094664,0,919,0,40,3,4,2,1,41,85,3
2106790,0,919,0,40,3,4,2,1,20,32,3
2112214,0,919,0,40,2,3,2,1,15,32,3
2082393,0,919,0,40,2,7,2,1,64,36,3
2105974,0,919,0,40,3,5,2,1,20,52,3
2078465,0,919,0,40,3,9,2,1,55,61,3
2068748,0,919,0,40,2,10,2,1,65,46,3
2098873,0,919,0,40,3,6,2,1,30,61,3
2065759,0,919,0,40,3,11,2,1,50,44,3
2111029,0,919,0,40,2,4,2,1,11,28,3
2118394,0,919,0,40,3,2,2,1,9,35,3
2081298,0,919,0,40,2,8,2,1,58,48,3
2104454,0,919,0,40,2,5,2,1,23,28,3
2117908,0,919,0,40,3,2,2,1,12,34,3
2082100,0,919,0,40,3,10,2,1,62,35,3
2080488,0,919,0,40,3,9,2,1,61,27,3
2090235,0,919,0,40,2,7,2,1,42,28,3
2115374,0,919,0,40,3,2,2,1,18,55,3
2116638,0,919,0,40,2,2,2,1,15,13,3
2101864,0,919,0,40,3,5,2,1,30,35,3
2075365,0,919,0,40,3,14,2,1,78,32,3
2120418,0,919,0,40,3,2,2,1,9,55,3
2120705,0,919,0,40,3,2,2,1,8,53,3
2105552,0,919,0,40,2,3,2,1,30,12,3
2117284,1,919,912,16.7725,3,2,2,1,15,41,3
2119045,0,919,0,40,2,2,2,1,12,51,3
2063954,0,919,0,40,3,11,2,1,67,59,3
2120640,0,919,0,40,3,1,2,1,7,58,3
2120992,0,919,0,40,3,1,2,1,7,32,3
2121538,1,919,912,37.8608,2,1,2,1,7,63,3
2121866,0,919,0,40,2,1,2,1,7,26,3
2122259,0,919,0,40,2,1,2,1,7,52,3
2122333,0,919,0,40,2,1,2,1,7,92,3
2122521,0,919,0,40,3,1,2,1,7,29,3
2122533,0,919,0,40,3,1,2,1,7,23,3
2122599,0,919,0,40,3,1,2,1,7,53,3
2122657,0,919,0,40,3,1,2,1,7,63,3
2109330,0,919,0,40,2,1,2,1,31,9,3
2086557,0,919,0,40,2,6,2,1,60,58,3
2096446,0,919,0,40,2,4,2,1,40,56,3
2093363,0,919,0,40,3,4,2,1,44,69,3
2095705,0,919,0,40,2,4,2,1,43,25,3
2106629,0,919,0,40,2,2,2,1,26,50,3
2090604,0,919,0,40,3,6,2,1,49,18,3
2068106,0,919,0,40,2,10,2,1,71,32,3
2101894,0,919,0,40,2,3,2,1,39,38,3
2098441,0,919,0,40,3,4,2,1,29,37,3
2108675,0,919,0,40,3,3,2,1,27,47,3
2083466,0,919,0,40,2,6,2,1,64,62,3
2091173,0,919,0,40,3,6,2,1,49,39,3
2090834,0,919,0,40,2,5,2,1,48,30,3
2116460,0,919,0,40,2,1,2,1,19,36,3
2114885,0,919,0,40,2,1,2,1,18,66,3
2107787,0,919,0,40,3,3,2,1,23,53,3
2083979,0,919,0,40,3,7,2,1,46,28,3
2090413,0,919,0,40,3,4,2,1,58,68,3
2093953,0,919,0,40,2,5,2,1,41,26,3
2114807,0,919,0,40,3,2,2,1,17,31,3
2117842,0,919,0,40,2,1,2,1,16,36,3
2117307,0,919,0,40,2,1,2,1,15,92,3
2118251,0,919,0,40,2,1,2,1,15,19,3
2091522,0,919,0,40,3,4,2,1,43,55,3
2094331,0,919,0,40,2,7,2,1,25,59,3
2092433,0,919,0,40,2,5,2,1,42,69,3
2105830,0,919,0,40,3,3,2,1,25,30,3
2113761,0,919,0,40,2,2,2,1,20,62,3
2110572,0,919,0,40,3,3,2,1,22,100,3
2117666,0,919,0,40,2,2,2,1,16,57,3
2118330,0,919,0,40,3,1,2,1,14,34,3
2110292,0,919,0,40,2,2,2,1,21,20,3
2084461,0,919,0,40,3,10,2,1,45,24,3
2092246,0,919,0,40,3,7,2,1,26,37,3
2081850,0,919,0,40,2,8,2,1,57,24,3
2105626,0,919,0,40,3,4,2,1,23,16,3
2069437,0,919,0,40,3,10,2,1,65,28,3
2076140,0,919,0,40,3,12,2,1,61,28,3
2094318,0,919,0,40,3,5,2,1,52,48,3
2118288,0,919,0,40,2,1,2,1,13,56,3
2118780,0,919,0,40,3,1,2,1,13,27,3
2119639,0,919,0,40,2,1,2,1,13,13,3
2098885,0,919,0,40,3,5,2,1,36,39,3
2093523,0,919,0,40,2,5,2,1,45,23,3
2091958,0,919,0,40,3,5,2,1,41,77,3
2090533,0,919,0,40,2,7,2,1,44,34,3
2116666,0,919,0,40,3,2,2,1,15,68,3
2083552,0,919,0,40,3,8,2,1,50,29,3
2117987,0,919,0,40,2,1,2,1,12,62,3
2120302,0,919,0,40,3,1,2,1,12,49,3
2120502,0,919,0,40,2,1,2,1,12,58,3
2102165,1,919,887,17.897,3,5,2,1,24,21,3
2113222,0,919,0,40,3,2,2,1,16,35,3
2106815,0,919,0,40,2,3,2,1,24,50,3
2087436,0,919,0,40,2,7,2,1,51,23,3
2109346,0,919,0,40,2,3,2,1,21,50,3
2115454,0,919,0,40,2,2,2,1,14,43,3
2097020,0,919,0,40,3,4,2,1,40,49,3
2117971,0,919,0,40,3,1,2,1,11,12,3
2119714,0,919,0,40,3,1,2,1,11,41,3
2120337,0,919,0,40,3,1,2,1,11,28,3
2120405,0,919,0,40,3,1,2,1,11,55,3
2120639,0,919,0,40,2,1,2,1,11,52,3
2114673,0,919,0,40,2,2,2,1,16,45,3
2117075,0,919,0,40,2,2,2,1,12,41,3
2086519,0,919,0,40,2,9,2,1,41,89,3
2118775,0,919,0,40,2,2,2,1,11,22,3
2082208,0,919,0,40,2,6,2,1,63,14,3
2086090,0,919,0,40,3,9,2,1,50,25,3
2102722,0,919,0,40,2,5,2,1,27,31,3
2101042,0,919,0,40,3,7,2,1,26,73,3
2105880,0,919,0,40,2,4,2,1,26,28,3
2114359,0,919,0,40,2,4,2,1,14,25,3
2119160,0,919,0,40,2,1,2,1,10,45,3
2099007,0,919,0,40,3,5,2,1,22,39,3
2080172,0,919,0,40,3,9,2,1,43,61,3
2069806,0,919,0,40,3,5,2,1,45,14,3
2100859,0,919,0,40,2,3,2,1,36,42,3
2086713,0,919,0,40,3,7,2,1,46,37,3
2050268,0,919,0,40,2,10,2,1,49,45,3
2067796,0,919,0,40,3,10,2,1,54,62,3
2117590,0,919,0,40,2,2,2,1,13,25,3
2114335,0,919,0,40,3,2,2,1,19,68,3
2062341,1,919,895,23.2941,3,12,2,1,88,47,3
2078278,0,919,0,40,3,10,2,1,58,68,3
2085044,0,919,0,40,2,8,2,1,45,63,3
2120151,0,919,0,40,3,1,2,1,9,48,3
2120676,0,919,0,40,2,1,2,1,9,126,3
2121943,0,919,0,40,3,1,2,1,9,58,3
2072321,0,919,0,40,3,15,2,1,68,17,3
2090687,0,919,0,40,3,7,2,1,33,22,3
2111216,0,919,0,40,3,3,2,1,16,48,3
2103360,0,919,0,40,3,5,2,1,23,77,3
2088406,0,919,0,40,3,7,2,1,48,25,3
2119137,0,919,0,40,3,2,2,1,10,59,3
2106878,0,919,0,40,3,4,2,1,22,29,3
2113832,0,919,0,40,3,2,2,1,20,29,3
2081300,0,919,0,40,3,11,2,1,50,41,3
2119576,1,919,908,34.6045,2,2,2,1,9,28,3
2084728,0,919,0,40,2,5,2,1,70,43,3
2100058,1,919,900,13.4102,3,6,2,1,29,18,3
2119445,0,919,0,40,2,2,2,1,11,67,3
2083662,0,919,0,40,2,9,2,1,54,51,3
2084998,0,919,0,40,3,9,2,1,53,41,3
2121354,0,919,0,40,2,1,2,1,8,55,3
2122030,0,919,0,40,3,1,2,1,8,92,3
2122551,0,919,0,40,3,1,2,1,8,28,3
2070094,0,919,0,40,2,6,2,1,37,59,3
2117509,0,919,0,40,3,2,2,1,10,58,3
2109886,0,919,0,40,2,4,2,1,13,52,3
2102539,0,919,0,40,2,5,2,1,33,24,3
2072030,0,919,0,40,2,9,2,1,101,55,3
2119002,0,919,0,40,3,2,2,1,8,71,3
2114205,0,919,0,40,2,2,2,1,18,74,3
2096604,0,919,0,40,3,6,2,1,36,21,3
2111236,0,919,0,40,2,4,2,1,16,69,3
2103547,0,919,0,40,3,5,2,1,22,64,3
2111244,0,919,0,40,3,4,2,1,20,56,3
2120528,0,919,0,40,2,2,2,1,8,29,3
2088456,0,919,0,40,2,7,2,1,48,20,3
2091163,0,919,0,40,2,7,2,1,43,102,3
2110447,0,919,0,40,3,3,2,1,23,72,3
2106638,0,919,0,40,2,4,2,1,22,50,3
2119862,0,919,0,40,2,1,2,1,7,23,3
2122140,0,919,0,40,2,1,2,1,7,87,3
2122392,0,919,0,40,3,1,2,1,7,26,3
2122540,0,919,0,40,2,1,2,1,7,33,3
2123138,0,919,0,40,2,1,2,1,7,50,3
2104464,0,919,0,40,2,2,2,1,38,42,3
2109694,0,919,0,40,3,1,2,1,27,55,3
2092941,0,919,0,40,3,5,2,1,42,45,3
2104002,0,919,0,40,3,3,2,1,32,17,3
2083726,0,919,0,40,3,4,2,1,67,22,3
2074416,0,919,0,40,3,11,2,1,81,37,3
2116480,0,919,0,40,3,1,2,1,20,50,3
2106737,0,919,0,40,3,3,2,1,29,50,3
2097127,0,919,0,40,2,4,2,1,42,57,3
2095346,0,919,0,40,2,5,2,1,44,25,3
2117834,1,919,914,18.4607,3,1,2,1,17,38,3
2104976,0,919,0,40,2,4,2,1,31,84,3
2105730,0,919,0,40,3,4,2,1,24,42,3
2106840,0,919,0,40,3,4,2,1,28,31,3
2088624,0,919,0,40,2,6,2,1,46,19,3
2091573,0,919,0,40,3,7,2,1,48,66,3
2102059,0,919,0,40,3,4,2,1,32,55,3
2105351,0,919,0,40,2,3,2,1,33,40,3
2083039,0,919,0,40,3,6,2,1,46,31,3
2111281,0,919,0,40,2,3,2,1,18,74,3
2064094,0,919,0,40,2,9,2,1,88,49,3
2078083,0,919,0,40,2,6,2,1,80,42,3
2097771,0,919,0,40,2,7,2,1,32,70,3
2109236,0,919,0,40,2,3,2,1,21,36,3
2108808,0,919,0,40,3,3,2,1,25,28,3
2106515,0,919,0,40,3,4,2,1,23,52,3
2120995,0,919,0,40,2,1,2,1,12,37,3
2103262,0,919,0,40,2,4,2,1,27,50,3
2092964,0,919,0,40,3,6,2,1,26,42,3
2068143,1,919,914,28.4843,3,8,2,1,59,80,3
2090703,0,919,0,40,3,6,2,1,52,80,3
2099958,0,919,0,40,3,4,2,1,32,34,3
2120770,0,919,0,40,2,1,2,1,11,33,3
2121235,0,919,0,40,2,1,2,1,11,11,3
2121497,0,919,0,40,3,1,2,1,11,23,3
2112037,0,919,0,40,3,2,2,1,20,49,3
2068287,0,919,0,40,3,7,2,1,56,49,3
2109685,0,919,0,40,3,2,2,1,28,29,3
2061402,0,919,0,40,2,9,2,1,52,35,3
2091286,0,919,0,40,2,8,2,1,40,73,3
2107695,0,919,0,40,2,3,2,1,23,47,3
2115284,0,919,0,40,3,3,2,1,13,16,3
2105212,0,919,0,40,2,5,2,1,22,19,3
2065921,0,919,0,40,3,9,2,1,53,67,3
2119011,0,919,0,40,3,2,2,1,11,49,3
2051659,0,919,0,40,3,16,2,1,121,22,3
2105873,0,919,0,40,2,4,2,1,26,47,3
2105681,0,919,0,40,2,3,2,1,31,29,3
2116900,0,919,0,40,3,2,2,1,19,32,3
2122827,0,919,0,40,2,1,2,1,9,74,3
2091451,0,919,0,40,2,7,2,1,33,63,3
2088316,0,919,0,40,3,7,2,1,47,35,3
2065907,0,919,0,40,3,11,2,1,64,46,3
2093327,0,919,0,40,2,6,2,1,38,16,3
2094114,0,919,0,40,2,5,2,1,41,64,3
2117233,0,919,0,40,2,3,2,1,11,60,3
2101105,0,919,0,40,3,5,2,1,28,50,3
2116814,0,919,0,40,3,2,2,1,16,43,3
2117235,0,919,0,40,3,2,2,1,13,45,3
2113389,0,919,0,40,3,3,2,1,16,92,3
2082035,0,919,0,40,3,7,2,1,54,30,3
2122196,0,919,0,40,2,1,2,1,8,58,3
2122942,0,919,0,40,2,1,2,1,8,23,3
2115563,0,919,0,40,2,2,2,1,14,48,3
2098734,1,919,914,40,2,5,2,1,27,30,3
2089966,0,919,0,40,3,7,2,1,34,20,3
2104951,0,919,0,40,2,5,2,1,26,55,3
2119676,0,919,0,40,2,2,2,1,9,72,3
2111458,0,919,0,40,2,4,2,1,20,32,3
2120361,0,919,0,40,3,2,2,1,9,24,3
2110727,0,919,0,40,2,3,2,1,15,58,3
2123359,0,919,0,40,2,1,2,1,7,47,3
2123636,0,919,0,40,2,1,2,1,7,37,3
2123950,0,919,0,40,2,1,2,1,7,36,3
2115849,0,919,0,40,2,1,2,1,22,58,3
2098135,0,919,0,40,2,5,2,1,31,29,3
2103415,0,919,0,40,2,4,2,1,30,55,3
2086682,0,919,0,40,3,6,2,1,52,25,3
2086650,0,919,0,40,3,7,2,1,63,60,3
2118648,0,919,0,40,3,1,2,1,14,67,3
2120474,0,919,0,40,3,1,2,1,14,27,3
2103750,0,919,0,40,2,4,2,1,32,70,3
2093988,0,919,0,40,2,5,2,1,45,38,3
2087937,0,919,0,40,3,7,2,1,44,26,3
2106866,0,919,0,40,2,3,2,1,19,25,3
2074391,0,919,0,40,2,16,2,1,68,62,3
2116335,0,919,0,40,2,3,2,1,14,47,3
2116535,0,919,0,40,3,2,2,1,12,17,3
2090884,0,919,0,40,2,6,2,1,49,46,3
2121118,0,919,0,40,3,1,2,1,10,34,3
2104370,0,919,0,40,3,5,2,1,25,46,3
2123010,0,919,0,40,2,1,2,1,9,67,3
2123342,0,919,0,40,2,1,2,1,9,52,3
2073617,0,919,0,40,3,16,2,1,64,20,3
2123622,0,919,0,40,3,1,2,1,8,33,3
2123668,0,919,0,40,3,1,2,1,8,40,3
2118088,0,919,0,40,3,2,2,1,14,28,3
2113266,0,919,0,40,2,4,2,1,14,40,3
2124115,0,919,0,40,2,1,2,1,7,50,3
2121238,0,919,0,40,3,0,2,1,6,59,3
2121470,0,919,0,40,2,0,2,1,6,28,3
2121696,0,919,0,40,3,0,2,1,6,48,3
2121888,0,919,0,40,3,0,2,1,6,23,3
2121952,0,919,0,40,2,0,2,1,6,33,3
2122294,0,919,0,40,2,0,2,1,6,22,3
2122358,0,919,0,40,3,0,2,1,6,33,3
2122398,0,919,0,40,2,0,2,1,6,73,3
2122454,0,919,0,40,2,0,2,1,6,21,3
2122486,0,919,0,40,2,0,2,1,6,41,3
2122646,0,919,0,40,2,0,2,1,6,43,3
2122710,0,919,0,40,2,0,2,1,6,47,3
2122742,0,919,0,40,3,0,2,1,6,39,3
2122774,0,919,0,40,3,0,2,1,6,36,3
2122806,0,919,0,40,2,0,2,1,6,60,3
2122838,0,919,0,40,2,0,2,1,6,13,3
2122937,0,919,0,40,3,0,2,1,6,45,3
2122953,0,919,0,40,2,0,2,1,6,39,3
2122969,0,919,0,40,2,0,2,1,6,15,3
2123017,0,919,0,40,3,0,2,1,6,83,3
2123033,0,919,0,40,2,0,2,1,6,83,3
2123049,0,919,0,40,2,0,2,1,6,40,3
2123065,0,919,0,40,3,0,2,1,6,78,3
2123081,0,919,0,40,3,0,2,1,6,41,3
2123097,0,919,0,40,2,0,2,1,6,108,3
2123113,0,919,0,40,2,0,2,1,6,44,3
2123129,0,919,0,40,3,0,2,1,6,46,3
2123145,0,919,0,40,2,0,2,1,6,24,3
2123161,0,919,0,40,3,0,2,1,6,47,3
2123209,0,919,0,40,3,0,2,1,6,97,3
2123225,0,919,0,40,3,0,2,1,6,16,3
2123273,0,919,0,40,2,0,2,1,6,49,3
2123321,0,919,0,40,2,0,2,1,6,39,3
2123337,0,919,0,40,2,0,2,1,6,28,3
2123369,0,919,0,40,2,0,2,1,6,123,3
2123401,0,919,0,40,2,0,2,1,6,34,3
2123441,0,919,0,40,3,0,2,1,6,83,3
2123457,0,919,0,40,2,0,2,1,6,64,3
2123465,0,919,0,40,2,0,2,1,6,39,3
2123529,0,919,0,40,3,0,2,1,6,54,3
2123545,0,919,0,40,3,0,2,1,6,38,3
2123569,0,919,0,40,3,0,2,1,6,74,3
2123577,0,919,0,40,3,0,2,1,6,55,3
2123593,0,919,0,40,3,0,2,1,6,46,3
2123609,0,919,0,40,2,0,2,1,6,58,3
2123641,0,919,0,40,3,0,2,1,6,20,3
2123657,0,919,0,40,3,0,2,1,6,55,3
2123681,0,919,0,40,3,0,2,1,6,13,3
2123697,0,919,0,40,2,0,2,1,6,42,3
2123713,0,919,0,40,3,0,2,1,6,29,3
2123729,0,919,0,40,2,0,2,1,6,14,3
2123753,0,919,0,40,3,0,2,1,6,45,3
2123777,0,919,0,40,2,0,2,1,6,63,3
2123801,0,919,0,40,3,0,2,1,6,52,3
2123817,0,919,0,40,2,0,2,1,6,38,3
2123841,0,919,0,40,2,0,2,1,6,29,3
2123849,0,919,0,40,2,0,2,1,6,70,3
2123865,0,919,0,40,3,0,2,1,6,17,3
2123889,0,919,0,40,3,0,2,1,6,66,3
2123897,0,919,0,40,2,0,2,1,6,39,3
2123905,0,919,0,40,3,0,2,1,6,25,3
2123913,0,919,0,40,2,0,2,1,6,68,3
2123937,0,919,0,40,3,0,2,1,6,36,3
2123953,0,919,0,40,3,0,2,1,6,38,3
2123993,0,919,0,40,2,0,2,1,6,42,3
2124001,0,919,0,40,3,0,2,1,6,33,3
2124009,0,919,0,40,2,0,2,1,6,32,3
2124025,0,919,0,40,3,0,2,1,6,11,3
2124038,0,919,0,40,2,0,2,1,6,54,3
2124050,0,919,0,40,3,0,2,1,6,20,3
2124066,0,919,0,40,3,0,2,1,6,22,3
2124070,0,919,0,40,3,0,2,1,6,18,3
2124074,0,919,0,40,3,0,2,1,6,58,3
2124078,0,919,0,40,2,0,2,1,6,44,3
2124098,0,919,0,40,3,0,2,1,6,63,3
2124106,0,919,0,40,2,0,2,1,6,39,3
2124118,0,919,0,40,2,0,2,1,6,68,3
2124122,0,919,0,40,2,0,2,1,6,26,3
2124130,0,919,0,40,3,0,2,1,6,36,3
2124146,0,919,0,40,3,0,2,1,6,23,3
2124150,0,919,0,40,2,0,2,1,6,40,3
2124154,0,919,0,40,3,0,2,1,6,66,3
2124162,0,919,0,40,2,0,2,1,6,65,3
2124178,0,919,0,40,3,0,2,1,6,37,3
2124182,0,919,0,40,2,0,2,1,6,11,3
2124194,0,919,0,40,3,0,2,1,6,57,3
2124198,0,919,0,40,2,0,2,1,6,36,3
2124210,0,919,0,40,3,0,2,1,6,13,3
2124218,0,919,0,40,3,0,2,1,6,54,3
2124222,0,919,0,40,2,0,2,1,6,85,3
2124226,0,919,0,40,3,0,2,1,6,50,3
2124230,0,919,0,40,3,0,2,1,6,32,3
2124238,0,919,0,40,3,0,2,1,6,71,3
2124250,0,919,0,40,2,0,2,1,6,25,3
2124254,0,919,0,40,2,0,2,1,6,44,3
2124266,0,919,0,40,2,0,2,1,6,39,3
2124270,0,919,0,40,3,0,2,1,6,29,3
2124278,0,919,0,40,2,0,2,1,6,20,3
2124290,0,919,0,40,2,0,2,1,6,49,3
2124302,0,919,0,40,3,0,2,1,6,32,3
2124306,0,919,0,40,2,0,2,1,6,40,3
2124310,0,919,0,40,2,0,2,1,6,23,3
2124314,0,919,0,40,3,0,2,1,6,51,3
2124318,0,919,0,40,2,0,2,1,6,73,3
2124334,0,919,0,40,3,0,2,1,6,35,3
2124338,0,919,0,40,2,0,2,1,6,30,3
2124342,0,919,0,40,3,0,2,1,6,51,3
2124362,0,919,0,40,3,0,2,1,6,24,3
2124370,0,919,0,40,3,0,2,1,6,64,3
2124374,0,919,0,40,3,0,2,1,6,34,3
2124378,0,919,0,40,3,0,2,1,6,24,3
2124382,0,919,0,40,2,0,2,1,6,42,3
2124394,0,919,0,40,3,0,2,1,6,29,3
2124410,0,919,0,40,2,0,2,1,6,65,3
2124426,0,919,0,40,2,0,2,1,6,121,3
2124430,0,919,0,40,3,0,2,1,6,16,3
2124446,0,919,0,40,3,0,2,1,6,47,3
2124458,0,919,0,40,2,0,2,1,6,104,3
2124462,0,919,0,40,2,0,2,1,6,30,3
2124466,0,919,0,40,3,0,2,1,6,27,3
2124478,0,919,0,40,3,0,2,1,6,28,3
2124486,0,919,0,40,2,0,2,1,6,21,3
2124490,0,919,0,40,2,0,2,1,6,40,3
2124502,0,919,0,40,2,0,2,1,6,85,3
2124518,0,919,0,40,3,0,2,1,6,50,3
2124522,0,919,0,40,2,0,2,1,6,51,3
2124546,0,919,0,40,3,0,2,1,6,30,3
2124550,0,919,0,40,2,0,2,1,6,18,3
2124554,0,919,0,40,2,0,2,1,6,106,3
2124566,0,919,0,40,3,0,2,1,6,36,3
2124570,0,919,0,40,2,0,2,1,6,31,3
2124582,0,919,0,40,3,0,2,1,6,28,3
2124594,0,919,0,40,3,0,2,1,6,22,3
2124610,0,919,0,40,3,0,2,1,6,104,3
2124625,0,919,0,40,2,0,2,1,6,59,3
2124629,0,919,0,40,2,0,2,1,6,69,3
2124639,0,919,0,40,2,0,2,1,6,50,3
2124645,0,919,0,40,3,0,2,1,6,33,3
2124649,0,919,0,40,2,0,2,1,6,40,3
2124655,0,919,0,40,2,0,2,1,6,108,3
2124657,0,919,0,40,3,0,2,1,6,6,3
2124659,0,919,0,40,2,0,2,1,6,24,3
2124663,0,919,0,40,2,0,2,1,6,48,3
2124665,0,919,0,40,3,0,2,1,6,22,3
2124667,0,919,0,40,2,0,2,1,6,49,3
2124673,0,919,0,40,2,0,2,1,6,22,3
2124677,0,919,0,40,3,0,2,1,6,42,3
2124679,0,919,0,40,3,0,2,1,6,42,3
2124681,0,919,0,40,3,0,2,1,6,13,3
2124683,0,919,0,40,3,0,2,1,6,29,3
2124687,0,919,0,40,2,0,2,1,6,35,3
2124693,0,919,0,40,3,0,2,1,6,32,3
2124695,0,919,0,40,2,0,2,1,6,48,3
2124699,0,919,0,40,3,0,2,1,6,46,3
2124701,0,919,0,40,3,0,2,1,6,26,3
2124703,0,919,0,40,3,0,2,1,6,28,3
2124705,0,919,0,40,2,0,2,1,6,47,3
2124709,0,919,0,40,2,0,2,1,6,62,3
2124715,0,919,0,40,2,0,2,1,6,42,3
2124719,0,919,0,40,3,0,2,1,6,26,3
2124723,0,919,0,40,2,0,2,1,6,9,3
2124731,0,919,0,40,3,0,2,1,6,24,3
2124733,0,919,0,40,2,0,2,1,6,29,3
2124739,0,919,0,40,2,0,2,1,6,33,3
2124741,0,919,0,40,2,0,2,1,6,39,3
2124743,0,919,0,40,2,0,2,1,6,45,3
2124749,0,919,0,40,2,0,2,1,6,92,3
2124751,0,919,0,40,2,0,2,1,6,58,3
2124753,0,919,0,40,2,0,2,1,6,32,3
2124759,0,919,0,40,3,0,2,1,6,54,3
2124763,0,919,0,40,2,0,2,1,6,41,3
2124765,0,919,0,40,3,0,2,1,6,50,3
2124771,0,919,0,40,2,0,2,1,6,67,3
2124777,0,919,0,40,2,0,2,1,6,31,3
2124779,0,919,0,40,2,0,2,1,6,56,3
2124781,0,919,0,40,3,0,2,1,6,35,3
2124789,0,919,0,40,3,0,2,1,6,53,3
2124791,0,919,0,40,3,0,2,1,6,48,3
2124797,0,919,0,40,3,0,2,1,6,80,3
2124799,0,919,0,40,2,0,2,1,6,74,3
2124805,0,919,0,40,3,0,2,1,6,34,3
2124807,0,919,0,40,2,0,2,1,6,22,3
2124813,0,919,0,40,2,0,2,1,6,28,3
2124815,0,919,0,40,2,0,2,1,6,56,3
2124819,0,919,0,40,3,0,2,1,6,109,3
2124823,0,919,0,40,3,0,2,1,6,38,3
2124825,0,919,0,40,3,0,2,1,6,38,3
2124829,0,919,0,40,3,0,2,1,6,52,3
2124835,0,919,0,40,3,0,2,1,6,31,3
2124841,0,919,0,40,2,0,2,1,6,83,3
2124845,0,919,0,40,3,0,2,1,6,55,3
2124849,0,919,0,40,2,0,2,1,6,37,3
2124851,0,919,0,40,3,0,2,1,6,27,3
2124855,0,919,0,40,3,0,2,1,6,29,3
2124865,0,919,0,40,2,0,2,1,6,35,3
2124869,0,919,0,40,2,0,2,1,6,24,3
2124871,0,919,0,40,3,0,2,1,6,69,3
2124875,0,919,0,40,2,0,2,1,6,53,3
2124879,0,919,0,40,2,0,2,1,6,48,3
2124881,0,919,0,40,2,0,2,1,6,24,3
2124885,0,919,0,40,3,0,2,1,6,33,3
2124887,0,919,0,40,3,0,2,1,6,95,3
2124889,0,919,0,40,3,0,2,1,6,20,3
2124891,0,919,0,40,3,0,2,1,6,47,3
2124893,0,919,0,40,3,0,2,1,6,69,3
2124895,0,919,0,40,2,0,2,1,6,13,3
2124899,0,919,0,40,3,0,2,1,6,53,3
2124907,0,919,0,40,3,0,2,1,6,39,3
2124911,0,919,0,40,3,0,2,1,6,55,3
2124913,0,919,0,40,2,0,2,1,6,27,3
2124923,0,919,0,40,2,0,2,1,6,77,3
2124931,0,919,0,40,2,0,2,1,6,44,3
2124935,0,919,0,40,3,0,2,1,6,25,3
2124937,0,919,0,40,2,0,2,1,6,16,3
2124939,0,919,0,40,3,0,2,1,6,62,3
2124953,0,919,0,40,3,0,2,1,6,30,3
2124969,0,919,0,40,2,0,2,1,6,62,3
2124971,0,919,0,40,3,0,2,1,6,30,3
2124979,0,919,0,40,2,0,2,1,6,9,3
2124985,0,919,0,40,3,0,2,1,6,37,3
2124989,0,919,0,40,2,0,2,1,6,50,3
2124991,0,919,0,40,2,0,2,1,6,28,3
2124995,0,919,0,40,3,0,2,1,6,55,3
2125003,0,919,0,40,3,0,2,1,6,60,3
2125005,0,919,0,40,3,0,2,1,6,37,3
2125009,0,919,0,40,3,0,2,1,6,32,3
2125011,0,919,0,40,2,0,2,1,6,40,3
2125015,0,919,0,40,3,0,2,1,6,41,3
2125017,0,919,0,40,2,0,2,1,6,71,3
2125021,0,919,0,40,2,0,2,1,6,33,3
2125029,0,919,0,40,3,0,2,1,6,67,3
2125035,0,919,0,40,2,0,2,1,6,9,3
2125039,0,919,0,40,3,0,2,1,6,18,3
2125041,0,919,0,40,3,0,2,1,6,38,3
2125043,0,919,0,40,3,0,2,1,6,36,3
2125047,0,919,0,40,2,0,2,1,6,55,3
2125055,0,919,0,40,3,0,2,1,6,17,3
2125061,0,919,0,40,3,0,2,1,6,50,3
2125067,0,919,0,40,3,0,2,1,6,45,3
2125071,0,919,0,40,3,0,2,1,6,47,3
2125077,0,919,0,40,2,0,2,1,6,46,3
2125079,0,919,0,40,2,0,2,1,6,31,3
2125081,0,919,0,40,3,0,2,1,6,60,3
2125087,0,919,0,40,3,0,2,1,6,31,3
2125093,0,919,0,40,2,0,2,1,6,48,3
2125107,0,919,0,40,3,0,2,1,6,17,3
2125113,0,919,0,40,3,0,2,1,6,53,3
2125119,0,919,0,40,3,0,2,1,6,33,3
2125123,0,919,0,40,3,0,2,1,6,21,3
2125127,0,919,0,40,2,0,2,1,6,31,3
2125129,0,919,0,40,3,0,2,1,6,20,3
2125135,0,919,0,40,2,0,2,1,6,49,3
2125141,0,919,0,40,2,0,2,1,6,38,3
2125143,0,919,0,40,2,0,2,1,6,92,3
2125145,0,919,0,40,2,0,2,1,6,28,3
2125149,0,919,0,40,3,0,2,1,6,31,3
2125159,0,919,0,40,2,0,2,1,6,31,3
2125161,0,919,0,40,3,0,2,1,6,39,3
2125163,0,919,0,40,3,0,2,1,6,61,3
2125165,0,919,0,40,3,0,2,1,6,65,3
2125167,0,919,0,40,2,0,2,1,6,25,3
2125169,0,919,0,40,2,0,2,1,6,17,3
2125173,0,919,0,40,3,0,2,1,6,47,3
2125175,0,919,0,40,3,0,2,1,6,53,3
2125177,0,919,0,40,3,0,2,1,6,56,3
2125181,0,919,0,40,2,0,2,1,6,17,3
2125187,0,919,0,40,3,0,2,1,6,73,3
2125191,0,919,0,40,2,0,2,1,6,44,3
2125197,0,919,0,40,3,0,2,1,6,28,3
2103736,0,919,0,40,2,2,2,1,21,25,3
2085655,0,919,0,40,2,3,2,1,51,51,3
2073217,0,919,0,40,3,11,2,1,76,29,3
2110612,0,919,0,40,2,2,2,1,13,75,3
2107431,0,919,0,40,2,2,2,1,19,73,3
2092223,0,919,0,40,2,4,2,1,37,36,3
2115113,0,919,0,40,2,1,2,1,9,24,3
2095228,0,919,0,40,2,4,2,1,38,99,3
2067307,0,919,0,40,3,12,2,1,63,32,3
2115053,0,919,0,40,3,1,2,1,6,43,3
2099338,0,919,0,40,2,4,2,1,32,55,3
2103175,0,919,0,40,3,2,2,1,26,10,3
2088824,0,919,0,40,3,7,2,1,30,46,3
2110564,0,919,0,40,2,2,2,1,17,45,3
2073417,0,919,0,40,3,10,2,1,62,78,3
2091216,0,919,0,40,2,5,2,1,36,48,3
2116182,0,919,0,40,3,1,2,1,10,14,3
2117478,0,919,0,40,3,1,2,1,8,59,3
2102848,0,919,0,40,2,2,2,1,26,52,3
2066396,0,919,0,40,3,6,2,1,53,31,3
2106702,0,919,0,40,3,4,2,1,17,25,3
2089656,0,919,0,40,3,7,2,1,42,35,3
2068930,0,919,0,40,2,7,2,1,62,41,3
2095374,0,919,0,40,3,3,2,1,45,69,3
2094934,0,919,0,40,3,5,2,1,32,52,3
2101142,0,919,0,40,2,4,2,1,26,25,3
2106313,0,919,0,40,2,3,2,1,20,142,3
2115401,0,919,0,40,3,1,2,1,12,35,3
2091866,0,919,0,40,2,6,2,1,26,49,3
2091985,0,919,0,40,3,6,2,1,31,58,3
2079506,0,919,0,40,3,9,2,1,61,31,3
2108107,0,919,0,40,3,4,2,1,13,43,3
2116580,0,919,0,40,2,1,2,1,10,15,3
2104451,0,919,0,40,3,3,2,1,16,21,3
2098330,0,919,0,40,2,4,2,1,31,80,3
2106490,0,919,0,40,2,4,2,1,19,47,3
2110126,0,919,0,40,2,2,2,1,13,61,3
2110988,0,919,0,40,3,2,2,1,16,42,3
2112269,0,919,0,40,2,3,2,1,13,26,3
2063803,0,919,0,40,3,5,2,1,37,31,3
2118533,0,919,0,40,3,1,2,1,7,44,3
2106211,0,919,0,40,3,4,2,1,15,78,3
2073249,0,919,0,40,3,13,2,1,80,80,3
2073368,0,919,0,40,2,13,2,1,72,33,3
2110834,0,919,0,40,2,2,2,1,18,66,3
2116553,0,919,0,40,3,1,2,1,6,72,3
2075986,0,919,0,40,3,9,2,1,70,75,3
2086874,0,919,0,40,2,7,2,1,49,76,3
2095101,0,919,0,40,2,4,2,1,39,35,3
2105463,0,919,0,40,2,2,2,1,28,48,3
2096890,0,919,0,40,3,4,2,1,33,49,3
2107088,0,919,0,40,2,3,2,1,20,33,3
2098561,0,919,0,40,2,4,2,1,30,15,3
2101972,0,919,0,40,3,4,2,1,24,46,3
2091014,1,919,894,24.3059,3,5,2,1,43,18,3
2099210,0,919,0,40,2,3,2,1,34,28,3
2098890,0,919,0,40,3,4,2,1,24,15,3
2086903,0,919,0,40,3,7,2,1,44,37,3
2071737,0,919,0,40,2,12,2,1,79,27,3
2059169,0,919,0,40,2,9,2,1,63,48,3
2111941,0,919,0,40,3,2,2,1,15,56,3
2105076,0,919,0,40,2,3,2,1,23,25,3
2073422,0,919,0,40,3,9,2,1,75,64,3
2084662,0,919,0,40,3,9,2,1,46,35,3
2114317,0,919,0,40,2,2,2,1,11,56,3
2112363,0,919,0,40,3,2,2,1,13,45,3
2103828,0,919,0,40,3,5,2,1,20,69,3
2117586,0,919,0,40,3,1,2,1,10,49,3
2073717,0,919,0,40,3,11,2,1,70,39,3
2063612,0,919,0,40,2,4,2,1,48,23,3
2080905,0,919,0,40,2,7,2,1,45,52,3
2072654,0,919,0,40,3,12,2,1,76,21,3
2100809,0,919,0,40,3,3,2,1,35,37,3
2088082,0,919,0,40,3,8,2,1,50,75,3
2111549,0,919,0,40,3,2,2,1,14,31,3
2083177,0,919,0,40,3,6,2,1,64,39,3
2114047,1,919,902,16.4899,3,2,2,1,10,52,3
2107870,0,919,0,40,3,3,2,1,16,22,3
2118674,0,919,0,40,3,1,2,1,7,25,3
2061323,0,919,0,40,3,13,2,1,44,47,3
2094019,0,919,0,40,2,6,2,1,30,68,3
2110815,0,919,0,40,2,2,2,1,14,91,3
2108292,0,919,0,40,3,4,2,1,10,36,3
2081853,0,919,0,40,2,9,2,1,54,20,3
2117385,0,919,0,40,2,2,2,1,7,43,3
2118312,0,919,0,40,2,1,2,1,6,31,3
2119665,0,919,0,40,2,1,2,1,6,57,3
2119831,0,919,0,40,2,1,2,1,6,47,3
2101551,0,919,0,40,2,2,2,1,31,50,3
2098851,0,919,0,40,2,3,2,1,32,15,3
2111130,0,919,0,40,3,1,2,1,22,40,3
2111708,0,919,0,40,3,1,2,1,21,25,3
2111917,0,919,0,40,2,1,2,1,19,91,3
2102190,0,919,0,40,3,3,2,1,29,80,3
2113461,0,919,0,40,3,1,2,1,16,64,3
2106171,0,919,0,40,2,3,2,1,23,82,3
2103865,0,919,0,40,2,4,2,1,26,48,3
2082282,0,919,0,40,3,9,2,1,59,27,3
2115491,0,919,0,40,2,1,2,1,14,81,3
2069941,0,919,0,40,2,5,2,1,68,49,3
2076900,0,919,0,40,2,13,2,1,62,57,3
2107912,0,919,0,40,3,3,2,1,19,56,3
2108320,0,919,0,40,2,2,2,1,15,28,3
2070971,0,919,0,40,3,10,2,1,58,20,3
2076193,0,919,0,40,2,11,2,1,65,26,3
2105627,0,919,0,40,3,5,2,1,19,50,3
2087774,0,919,0,40,3,7,2,1,40,28,3
2116912,0,919,0,40,2,1,2,1,12,41,3
2103032,0,919,0,40,2,4,2,1,18,56,3
2095895,0,919,0,40,2,7,2,1,28,23,3
2103657,0,919,0,40,3,4,2,1,21,39,3
2102331,1,919,908,27.3949,3,5,2,1,23,107,3
2081207,0,919,0,40,3,8,2,1,36,42,3
2072634,0,919,0,40,2,11,2,1,75,67,3
2077831,0,919,0,40,2,8,2,1,77,28,3
2116897,0,919,0,40,3,1,2,1,10,63,3
2103537,0,919,0,40,2,2,2,1,25,10,3
2106157,0,919,0,40,2,3,2,1,17,17,3
2096027,0,919,0,40,3,6,2,1,27,39,3
2093612,0,919,0,40,2,5,2,1,33,22,3
2103154,0,919,0,40,2,4,2,1,23,56,3
2097917,0,919,0,40,2,5,2,1,34,21,3
2096077,0,919,0,40,3,5,2,1,35,23,3
2103256,0,919,0,40,2,4,2,1,24,40,3
2118417,0,919,0,40,2,1,2,1,9,67,3
2090452,0,919,0,40,3,6,2,1,35,66,3
2099099,0,919,0,40,2,4,2,1,27,56,3
2085308,0,919,0,40,2,9,2,1,38,50,3
2076240,0,919,0,40,3,11,2,1,66,38,3
2103396,0,919,0,40,2,5,2,1,19,71,3
2071795,0,919,0,40,3,9,2,1,57,70,3
2118622,0,919,0,40,3,1,2,1,8,48,3
2080215,0,919,0,40,3,10,2,1,52,25,3
2075086,0,919,0,40,2,10,2,1,71,42,3
2098186,0,919,0,40,2,4,2,1,28,34,3
2073123,0,919,0,40,3,10,2,1,82,71,3
2069560,0,919,0,40,2,7,2,1,49,38,3
2116768,0,919,0,40,2,2,2,1,10,47,3
2118998,0,919,0,40,2,1,2,1,7,98,3
2119415,0,919,0,40,3,1,2,1,7,50,3
2092483,0,919,0,40,3,5,2,1,32,50,3
2106520,0,919,0,40,3,3,2,1,20,27,3
2114612,0,919,0,40,3,2,2,1,8,41,3
2083760,0,919,0,40,3,6,2,1,53,55,3
2103842,0,919,0,40,3,4,2,1,23,42,3
2101852,0,919,0,40,3,4,2,1,22,20,3
2070219,0,919,0,40,2,12,2,1,57,49,3
2089361,0,919,0,40,3,7,2,1,35,41,3
2111385,0,919,0,40,3,3,2,1,16,92,3
2118812,0,919,0,40,3,1,2,1,6,49,3
2119816,0,919,0,40,2,1,2,1,6,80,3
2120052,0,919,0,40,2,1,2,1,6,52,3
2092320,0,919,0,40,3,6,2,1,39,81,3
2109564,0,919,0,40,2,1,2,1,26,42,3
2084743,0,919,0,40,3,8,2,1,59,32,3
2074085,0,919,0,40,2,9,2,1,76,43,3
2081947,0,919,0,40,2,7,2,1,53,84,3
2085327,0,919,0,40,3,6,2,1,51,88,3
2098195,1,919,880,29.8985,2,4,2,1,36,23,3
2062561,0,919,0,40,2,11,2,1,95,55,3
2088669,0,919,0,40,2,5,2,1,43,38,3
2113630,0,919,0,40,2,1,2,1,18,12,3
2100206,0,919,0,40,2,4,2,1,26,67,3
2110146,0,919,0,40,3,2,2,1,18,63,3
2108043,0,919,0,40,3,3,2,1,19,53,3
2076804,0,919,0,40,3,9,2,1,69,56,3
2112707,0,919,0,40,3,2,2,1,17,78,3
2102289,0,919,0,40,2,2,2,1,28,32,3
2095575,0,919,0,40,2,5,2,1,41,58,3
2115565,0,919,0,40,3,1,2,1,15,20,3
2070908,0,919,0,40,2,10,2,1,52,19,3
2077143,0,919,0,40,2,8,2,1,65,28,3
2094200,0,919,0,40,2,7,2,1,34,32,3
2099915,0,919,0,40,2,5,2,1,34,28,3
2113874,0,919,0,40,3,2,2,1,17,45,3
2114690,0,919,0,40,2,1,2,1,14,57,3
2116020,0,919,0,40,3,1,2,1,14,25,3
2116490,0,919,0,40,3,1,2,1,14,42,3
2084188,0,919,0,40,3,6,2,1,54,21,3
2103284,0,919,0,40,2,4,2,1,24,65,3
2116343,0,919,0,40,3,1,2,1,13,39,3
2102736,0,919,0,40,2,3,2,1,24,46,3
2100972,0,919,0,40,3,4,2,1,28,42,3
2074100,0,919,0,40,2,8,2,1,84,79,3
2084919,0,919,0,40,2,7,2,1,50,47,3
2095111,0,919,0,40,2,4,2,1,40,43,3
2114898,0,919,0,40,3,2,2,1,14,50,3
2116543,0,919,0,40,3,1,2,1,12,19,3
2104799,0,919,0,40,3,2,2,1,27,37,3
2084383,0,919,0,40,3,5,2,1,53,44,3
2111302,0,919,0,40,2,2,2,1,18,47,3
2106854,0,919,0,40,2,5,2,1,18,45,3
2117149,0,919,0,40,3,1,2,1,11,39,3
2117677,0,919,0,40,2,1,2,1,11,24,3
2100422,0,919,0,40,2,4,2,1,26,32,3
2068201,0,919,0,40,3,7,2,1,56,68,3
2091453,0,919,0,40,2,6,2,1,32,44,3
2099746,0,919,0,40,2,4,2,1,28,30,3
2109353,0,919,0,40,3,2,2,1,21,63,3
2073795,0,919,0,40,3,11,2,1,59,40,3
2099700,0,919,0,40,2,5,2,1,24,42,3
2093473,0,919,0,40,2,5,2,1,31,58,3
2116163,0,919,0,40,2,2,2,1,12,61,3
2059266,0,919,0,40,2,12,2,1,84,57,3
2067921,0,919,0,40,3,11,2,1,55,42,3
2083629,1,919,901,30.6444,2,12,2,1,36,27,3
2114030,0,919,0,40,2,2,2,1,15,27,3
2106028,0,919,0,40,2,3,2,1,23,36,3
2118438,0,919,0,40,2,1,2,1,9,66,3
2119151,0,919,0,40,3,1,2,1,9,29,3
2085004,0,919,0,40,3,9,2,1,37,32,3
2075038,0,919,0,40,3,11,2,1,72,98,3
2104126,0,919,0,40,2,2,2,1,30,46,3
2078391,0,919,0,40,2,8,2,1,63,61,3
2093343,0,919,0,40,2,6,2,1,33,39,3
2116136,0,919,0,40,2,2,2,1,10,58,3
2108134,0,919,0,40,3,2,2,1,21,29,3
2066386,0,919,0,40,3,9,2,1,69,37,3
2119038,0,919,0,40,3,1,2,1,8,83,3
2119933,0,919,0,40,2,1,2,1,8,80,3
2103217,0,919,0,40,3,5,2,1,12,62,3
2108448,0,919,0,40,2,4,2,1,11,54,3
2107622,0,919,0,40,3,3,2,1,13,37,3
2079256,0,919,0,40,3,10,2,1,56,74,3
2114789,0,919,0,40,3,2,2,1,8,10,3
2088282,0,919,0,40,3,7,2,1,40,51,3
2106962,0,919,0,40,2,3,2,1,16,24,3
2064404,0,919,0,40,2,14,2,1,77,44,3
2102754,0,919,0,40,2,4,2,1,24,30,3
2117628,0,919,0,40,2,2,2,1,8,17,3
2111645,0,919,0,40,2,3,2,1,16,37,3
2097115,0,919,0,40,2,6,2,1,27,60,3
2088098,0,919,0,40,2,6,2,1,38,44,3
2115561,0,919,0,40,2,2,2,1,13,46,3
2111197,0,919,0,40,2,3,2,1,16,23,3
2119132,0,919,0,40,3,1,2,1,7,47,3
2112557,0,919,0,40,2,2,2,1,10,35,3
2070696,0,919,0,40,2,12,2,1,51,38,3
2088072,0,919,0,40,2,5,2,1,46,26,3
2097223,0,919,0,40,3,4,2,1,21,50,3
2109111,0,919,0,40,2,3,2,1,11,21,3
2091658,1,919,909,21.5328,3,7,2,1,44,36,3
2076060,0,919,0,40,2,10,2,1,62,51,3
2117832,0,919,0,40,2,2,2,1,7,22,3
2112024,0,919,0,40,2,3,2,1,15,50,3
2075340,0,919,0,40,2,10,2,1,78,30,3
2100375,0,919,0,40,2,4,2,1,31,40,3
2108068,0,919,0,40,2,4,2,1,18,15,3
2086225,0,919,0,40,2,8,2,1,50,58,3
2086154,0,919,0,40,2,6,2,1,48,26,3
2102425,0,919,0,40,3,7,2,1,19,21,3
2073377,0,919,0,40,3,10,2,1,81,20,3
2100803,0,919,0,40,2,5,2,1,24,65,3
2119682,0,919,0,40,3,1,2,1,6,21,3
2120241,0,919,0,40,2,1,2,1,6,46,3
2120465,0,919,0,40,2,1,2,1,6,21,3
2120551,0,919,0,40,2,1,2,1,6,16,3
2120915,0,919,0,40,3,1,2,1,6,56,3
2059527,0,919,0,40,2,13,2,1,85,34,3
2097770,0,919,0,40,3,2,2,1,40,44,3
2087885,0,919,0,40,2,5,2,1,49,70,3
2105786,0,919,0,40,2,2,2,1,29,44,3
2104559,0,919,0,40,2,2,2,1,27,22,3
2087168,0,919,0,40,3,6,2,1,46,21,3
2067154,0,919,0,40,3,12,2,1,74,39,3
2105126,0,919,0,40,2,2,2,1,28,43,3
2088263,0,919,0,40,3,5,2,1,49,36,3
2073068,0,919,0,40,2,12,2,1,77,26,3
2083335,0,919,0,40,2,9,2,1,48,37,3
2113566,0,919,0,40,2,1,2,1,20,54,3
2065535,0,919,0,40,2,6,2,1,59,55,3
2058340,0,919,0,40,3,10,2,1,94,68,3
2113688,0,919,0,40,3,1,2,1,19,46,3
2111651,0,919,0,40,3,1,2,1,18,40,3
2087448,0,919,0,40,3,8,2,1,38,44,3
2101146,0,919,0,40,3,4,2,1,29,24,3
2105352,0,919,0,40,3,3,2,1,24,87,3
2079278,0,919,0,40,3,8,2,1,68,65,3
2071959,0,919,0,40,3,12,2,1,69,15,3
2115553,0,919,0,40,3,1,2,1,16,70,3
2082867,0,919,0,40,2,8,2,1,44,47,3
2110570,0,919,0,40,2,2,2,1,20,12,3
2110809,0,919,0,40,2,2,2,1,18,33,3
2105128,0,919,0,40,2,3,2,1,24,56,3
2092561,0,919,0,40,3,4,2,1,53,77,3
2086621,0,919,0,40,2,9,2,1,48,25,3
2116144,0,919,0,40,3,1,2,1,15,18,3
2087409,0,919,0,40,3,8,2,1,38,80,3
2100212,0,919,0,40,2,4,2,1,27,48,3
2099985,0,919,0,40,2,4,2,1,29,29,3
2077039,0,919,0,40,3,10,2,1,67,47,3
2101468,0,919,0,40,2,3,2,1,30,27,3
2098564,0,919,0,40,3,4,2,1,31,31,3
2091620,0,919,0,40,2,4,2,1,45,35,3
2108877,0,919,0,40,2,3,2,1,18,33,3
2079319,0,919,0,40,2,10,2,1,62,39,3
2117300,0,919,0,40,3,1,2,1,13,39,3
2080732,0,919,0,40,2,8,2,1,40,45,3
2112213,0,919,0,40,3,2,2,1,17,22,3
2113624,0,919,0,40,3,2,2,1,15,20,3
2110664,0,919,0,40,2,3,2,1,20,31,3
2114240,0,919,0,40,2,2,2,1,14,46,3
2112891,0,919,0,40,3,2,2,1,20,42,3
2117325,0,919,0,40,3,1,2,1,12,36,3
2117904,0,919,0,40,2,1,2,1,12,27,3
2061693,0,919,0,40,3,9,2,1,69,61,3
2106901,0,919,0,40,2,4,2,1,16,73,3
2068213,0,919,0,40,3,4,2,1,34,65,3
2095781,0,919,0,40,3,4,2,1,38,48,3
2113058,1,919,902,23.3907,3,2,2,1,18,56,3
2118445,0,919,0,40,2,1,2,1,11,27,3
2087772,0,919,0,40,2,7,2,1,34,24,3
2107689,0,919,0,40,2,4,2,1,20,83,3
2113189,0,919,0,40,2,2,2,1,13,26,3
2096065,0,919,0,40,3,5,2,1,33,60,3
2113765,0,919,0,40,2,2,2,1,15,79,3
2113178,0,919,0,40,3,2,2,1,18,39,3
2093083,0,919,0,40,3,7,2,1,32,88,3
2114410,0,919,0,40,2,1,2,1,10,31,3
2098415,0,919,0,40,2,4,2,1,32,106,3
2094752,0,919,0,40,3,7,2,1,27,55,3
2085137,0,919,0,40,2,6,2,1,52,44,3
2108002,0,919,0,40,2,2,2,1,23,47,3
2097408,0,919,0,40,3,4,2,1,39,51,3
2102582,0,919,0,40,2,5,2,1,22,32,3
2117510,0,919,0,40,3,2,2,1,10,46,3
2105647,0,919,0,40,2,5,2,1,21,39,3
2083886,0,919,0,40,2,8,2,1,53,36,3
2118636,0,919,0,40,2,1,2,1,9,51,3
2119753,0,919,0,40,2,1,2,1,9,69,3
2119871,0,919,0,40,3,1,2,1,9,10,3
2071799,0,919,0,40,2,11,2,1,69,33,3
2108306,0,919,0,40,2,3,2,1,15,66,3
2112834,0,919,0,40,3,2,2,1,13,55,3
2083324,0,919,0,40,2,8,2,1,43,73,3
2097758,0,919,0,40,2,4,2,1,31,40,3
2069394,0,919,0,40,3,9,2,1,63,18,3
2104070,0,919,0,40,3,5,2,1,15,43,3
2103334,0,919,0,40,3,5,2,1,20,74,3
2091770,0,919,0,40,2,6,2,1,40,62,3
2096166,0,919,0,40,2,5,2,1,31,61,3
2111973,0,919,0,40,3,3,2,1,16,33,3
2111437,0,919,0,40,2,3,2,1,18,36,3
2113373,0,919,0,40,3,3,2,1,10,44,3
2093042,0,919,0,40,2,6,2,1,40,42,3
2091008,0,919,0,40,2,7,2,1,41,30,3
2113613,0,919,0,40,2,3,2,1,11,37,3
2119100,0,919,0,40,2,1,2,1,8,32,3
2120106,0,919,0,40,3,1,2,1,8,30,3
2120184,0,919,0,40,2,1,2,1,8,88,3
2113938,0,919,0,40,2,2,2,1,9,30,3
2085267,0,919,0,40,3,8,2,1,44,32,3
2109101,0,919,0,40,3,3,2,1,17,53,3
2109739,0,919,0,40,2,3,2,1,16,70,3
2103243,0,919,0,40,2,3,2,1,29,45,3
2077557,0,919,0,40,3,10,2,1,65,34,3
2114398,0,919,0,40,2,2,2,1,10,52,3
2076992,0,919,0,40,2,8,2,1,71,37,3
2083389,0,919,0,40,2,10,2,1,39,47,3
2116202,0,919,0,40,2,2,2,1,10,37,3
2088067,0,919,0,40,3,6,2,1,41,61,3
2116260,0,919,0,40,2,2,2,1,11,93,3
2094885,0,919,0,40,2,8,2,1,33,36,3
2102865,0,919,0,40,3,4,2,1,30,73,3
2075995,0,919,0,40,2,11,2,1,67,75,3
2109108,0,919,0,40,3,3,2,1,22,62,3
2076192,0,919,0,40,3,15,2,1,58,67,3
2098792,0,919,0,40,2,5,2,1,35,75,3
2080425,0,919,0,40,2,10,2,1,53,49,3
2083284,0,919,0,40,2,9,2,1,57,51,3
2107466,0,919,0,40,3,3,2,1,19,26,3
2110041,0,919,0,40,2,4,2,1,18,61,3
2119586,0,919,0,40,3,1,2,1,7,58,3
2119762,0,919,0,40,3,1,2,1,7,40,3
2120069,0,919,0,40,2,1,2,1,7,28,3
2093269,0,919,0,40,3,6,2,1,32,18,3
2058528,0,919,0,40,2,12,2,1,77,38,3
2100215,0,919,0,40,3,3,2,1,35,10,3
2110722,0,919,0,40,2,3,2,1,11,13,3
2110888,0,919,0,40,2,2,2,1,19,52,3
2107946,0,919,0,40,2,3,2,1,15,49,3
2057638,0,919,0,40,2,15,2,1,86,31,3
2113935,0,919,0,40,2,2,2,1,12,13,3
2089300,0,919,0,40,2,8,2,1,37,32,3
2116939,0,919,0,40,2,2,2,1,9,26,3
2110360,0,919,0,40,2,2,2,1,22,54,3
2102007,0,919,0,40,3,5,2,1,32,30,3
2113282,0,919,0,40,2,3,2,1,12,43,3
2085529,0,919,0,40,3,8,2,1,47,41,3
2117527,0,919,0,40,2,2,2,1,7,29,3
2069983,0,919,0,40,2,6,2,1,49,27,3
2077884,0,919,0,40,3,11,2,1,54,70,3
2072735,1,919,903,22.6405,3,8,2,1,85,54,3
2073272,0,919,0,40,2,11,2,1,79,33,3
2071447,0,919,0,40,2,9,2,1,62,42,3
2093961,0,919,0,40,2,5,2,1,37,19,3
2120202,0,919,0,40,2,2,2,1,7,40,3
2120926,0,919,0,40,2,1,2,1,6,79,3
2121385,0,919,0,40,3,1,2,1,6,72,3
2121541,0,919,0,40,3,1,2,1,6,50,3
2121637,0,919,0,40,2,1,2,1,6,27,3
2106306,0,919,0,40,2,1,2,1,32,36,3
2086022,0,919,0,40,2,6,2,1,57,46,3
2092673,0,919,0,40,2,4,2,1,49,68,3
2104078,0,919,0,40,3,2,2,1,36,47,3
2088723,0,919,0,40,3,4,2,1,58,29,3
2110595,0,919,0,40,3,1,2,1,25,72,3
2099315,0,919,0,40,2,2,2,1,39,16,3
2069944,0,919,0,40,2,7,2,1,62,27,3
2078755,1,919,911,17.8114,3,9,2,1,69,34,3
2107280,0,919,0,40,2,2,2,1,29,48,3
2111589,0,919,0,40,3,1,2,1,23,44,3
2105018,0,919,0,40,3,3,2,1,29,51,3
2112309,0,919,0,40,2,1,2,1,22,29,3
2082356,0,919,0,40,2,8,2,1,47,33,3
2082120,0,919,0,40,2,8,2,1,50,78,3
2059472,0,919,0,40,3,10,2,1,75,34,3
2068718,0,919,0,40,2,6,2,1,47,79,3
2112916,0,919,0,40,3,1,2,1,18,67,3
2079782,0,919,0,40,3,10,2,1,56,20,3
2100116,0,919,0,40,2,4,2,1,31,19,3
2115167,0,919,0,40,3,1,2,1,17,47,3
2101748,0,919,0,40,2,3,2,1,33,20,3
2066300,0,919,0,40,3,9,2,1,75,40,3
2098434,0,919,0,40,3,6,2,1,35,24,3
2116302,0,919,0,40,3,1,2,1,16,21,3
2077147,0,919,0,40,2,8,2,1,58,32,3
2093265,0,919,0,40,3,5,2,1,38,41,3
2106726,0,919,0,40,3,2,2,1,29,134,3
2106108,0,919,0,40,2,3,2,1,27,46,3
2096373,0,919,0,40,2,5,2,1,34,34,3
2116367,0,919,0,40,3,1,2,1,15,21,3
2116642,0,919,0,40,2,1,2,1,15,74,3
2075151,0,919,0,40,2,6,2,1,88,82,3
2110425,0,919,0,40,2,2,2,1,17,55,3
2097972,0,919,0,40,2,8,2,1,28,49,3
2074795,0,919,0,40,2,11,2,1,72,51,3
2067536,0,919,0,40,2,5,2,1,39,36,3
2099761,0,919,0,40,3,4,2,1,32,42,3
2113517,0,919,0,40,3,2,2,1,17,45,3
2108795,0,919,0,40,3,4,2,1,24,44,3
2117448,0,919,0,40,2,1,2,1,14,36,3
2106396,0,919,0,40,3,3,2,1,23,18,3
2085226,0,919,0,40,2,8,2,1,46,53,3
2109967,0,919,0,40,3,3,2,1,18,25,3
2092228,0,919,0,40,2,7,2,1,41,42,3
2033611,0,919,0,40,2,16,2,1,92,6,3
2089450,0,919,0,40,3,5,2,1,28,41,3
2106828,0,919,0,40,3,3,2,1,22,22,3
2111090,0,919,0,40,2,3,2,1,16,18,3
2097683,0,919,0,40,2,6,2,1,32,25,3
2087654,0,919,0,40,3,7,2,1,54,45,3
2082758,0,919,0,40,3,5,2,1,64,64,3
2008415,0,919,0,40,3,22,2,1,127,39,3
2105713,0,919,0,40,3,4,2,1,26,30,3
2106550,0,919,0,40,2,4,2,1,20,36,3
2114745,0,919,0,40,2,2,2,1,17,74,3
2114087,0,919,0,40,3,2,2,1,14,20,3
2118215,0,919,0,40,3,1,2,1,12,44,3
2118755,0,919,0,40,3,1,2,1,12,26,3
2111424,0,919,0,40,3,2,2,1,17,59,3
2094064,1,919,875,23.6048,3,6,2,1,39,31,3
2109735,0,919,0,40,3,2,2,1,22,81,3
2104879,0,919,0,40,3,4,2,1,26,42,3
2080941,0,919,0,40,2,9,2,1,55,44,3
2111108,1,919,893,40,2,3,2,1,19,24,3
2113829,0,919,0,40,3,2,2,1,17,38,3
2111337,0,919,0,40,2,3,2,1,17,48,3
2114266,0,919,0,40,2,2,2,1,14,22,3
2119111,0,919,0,40,3,1,2,1,11,31,3
2089054,0,919,0,40,2,7,2,1,35,35,3
2094799,0,919,0,40,3,5,2,1,23,55,3
2070589,0,919,0,40,2,8,2,1,63,43,3
2074268,0,919,0,40,2,8,2,1,84,32,3
2069581,0,919,0,40,2,9,2,1,79,24,3
2103123,0,919,0,40,3,5,2,1,22,57,3
2104219,0,919,0,40,2,4,2,1,20,64,3
2113029,0,919,0,40,3,2,2,1,15,87,3
2069525,0,919,0,40,3,12,2,1,81,36,3
2115847,0,919,0,40,3,2,2,1,13,14,3
2068842,0,919,0,40,3,6,2,1,45,37,3
2116874,0,919,0,40,3,2,2,1,11,42,3
2114576,0,919,0,40,3,3,2,1,13,27,3
2089853,0,919,0,40,2,7,2,1,37,18,3
2088442,0,919,0,40,3,6,2,1,48,22,3
2082523,0,919,0,40,2,9,2,1,52,18,3
2118496,0,919,0,40,2,1,2,1,10,73,3
2119791,0,919,0,40,2,1,2,1,10,41,3
2119883,0,919,0,40,3,1,2,1,10,31,3
2075583,0,919,0,40,3,13,2,1,55,21,3
2111162,0,919,0,40,2,3,2,1,12,36,3
2107739,0,919,0,40,3,3,2,1,16,32,3
2085518,0,919,0,40,3,9,2,1,42,41,3
2103441,0,919,0,40,2,4,2,1,23,38,3
2100479,0,919,0,40,3,4,2,1,30,79,3
2108612,0,919,0,40,3,2,2,1,23,59,3
2082415,0,919,0,40,2,10,2,1,43,40,3
2069999,0,919,0,40,3,11,2,1,65,40,3
2111846,0,919,0,40,3,3,2,1,13,40,3
2069173,0,919,0,40,2,6,2,1,21,41,3
2112160,0,919,0,40,2,2,2,1,19,42,3
2096512,0,919,0,40,3,7,2,1,30,48,3
2110468,0,919,0,40,2,2,2,1,23,65,3
2081940,0,919,0,40,3,9,2,1,43,64,3
2077775,0,919,0,40,2,9,2,1,69,72,3
2102889,0,919,0,40,2,3,2,1,28,37,3
2096371,0,919,0,40,2,6,2,1,40,29,3
2106255,0,919,0,40,2,4,2,1,22,36,3
2105100,0,919,0,40,3,3,2,1,27,48,3
2112811,0,919,0,40,2,3,2,1,17,14,3
2113837,0,919,0,40,3,3,2,1,17,35,3
2119148,0,919,0,40,2,1,2,1,9,89,3
2120490,0,919,0,40,3,1,2,1,9,36,3
2107191,0,919,0,40,2,4,2,1,16,88,3
2115228,0,919,0,40,3,2,2,1,10,60,3
2110759,0,919,0,40,3,3,2,1,11,51,3
2105342,0,919,0,40,2,4,2,1,25,55,3
2069247,0,919,0,40,3,10,2,1,67,63,3
2071451,0,919,0,40,3,9,2,1,75,44,3
2111772,0,919,0,40,3,3,2,1,16,68,3
2109389,0,919,0,40,3,4,2,1,16,24,3
2095749,0,919,0,40,3,6,2,1,30,103,3
2102565,0,919,0,40,3,4,2,1,25,78,3
2108158,1,919,905,28.632,2,3,2,1,17,25,3
2094134,0,919,0,40,3,8,2,1,26,51,3
2098678,0,919,0,40,2,4,2,1,35,32,3
2112408,0,919,0,40,3,3,2,1,20,53,3
2119522,0,919,0,40,2,1,2,1,8,39,3
2119938,0,919,0,40,2,1,2,1,8,47,3
2120797,0,919,0,40,3,1,2,1,8,66,3
2121027,0,919,0,40,3,1,2,1,8,78,3
2113060,0,919,0,40,2,2,2,1,10,35,3
2100770,0,919,0,40,2,5,2,1,23,34,3
2101653,0,919,0,40,2,3,2,1,23,21,3
2088176,0,919,0,40,2,7,2,1,29,41,3
2072221,0,919,0,40,2,14,2,1,70,25,3
2083899,0,919,0,40,3,7,2,1,51,30,3
2110329,0,919,0,40,3,2,2,1,18,73,3
2103747,1,919,911,40,2,5,2,1,20,57,3
2009086,0,919,0,40,3,22,2,1,118,45,3
2108826,0,919,0,40,2,3,2,1,18,42,3
2113839,0,919,0,40,2,3,2,1,11,90,3
2088961,0,919,0,40,2,12,2,1,34,41,3
2117206,0,919,0,40,2,2,2,1,9,32,3
2098727,0,919,0,40,2,4,2,1,36,48,3
2096192,0,919,0,40,2,7,2,1,30,41,3
2101206,0,919,0,40,2,3,2,1,38,11,3
2094490,0,919,0,40,2,7,2,1,37,57,3
2071973,0,919,0,40,3,13,2,1,85,103,3
2100164,0,919,0,40,3,7,2,1,30,79,3
2101992,0,919,0,40,2,4,2,1,31,61,3
2082866,0,919,0,40,2,9,2,1,51,42,3
2068947,0,919,0,40,3,9,2,1,63,41,3
2099813,0,919,0,40,3,5,2,1,31,26,3
2117970,0,919,0,40,2,2,2,1,11,20,3
2083598,0,919,0,40,2,9,2,1,41,85,3
2102388,0,919,0,40,2,4,2,1,28,22,3
2118962,0,919,0,40,2,2,2,1,8,51,3
2078899,0,919,0,40,3,8,2,1,69,60,3
2118568,0,919,0,40,2,1,2,1,7,59,3
2120427,0,919,0,40,3,1,2,1,7,71,3
2120566,0,919,0,40,3,1,2,1,7,53,3
2120798,0,919,0,40,2,1,2,1,7,37,3
2121063,0,919,0,40,3,1,2,1,7,31,3
2121137,0,919,0,40,2,1,2,1,7,20,3
2121303,0,919,0,40,2,1,2,1,7,32,3
2121405,0,919,0,40,2,1,2,1,7,83,3
2121617,0,919,0,40,2,1,2,1,7,16,3
2121653,0,919,0,40,3,1,2,1,7,44,3
2104499,0,919,0,40,2,4,2,1,20,27,3
2113879,0,919,0,40,2,2,2,1,8,18,3
2072958,0,919,0,40,3,6,2,1,54,70,3
2113154,0,919,0,40,2,2,2,1,14,61,3
2116035,0,919,0,40,3,2,2,1,8,42,3
2101182,0,919,0,40,2,4,2,1,25,62,3
2115246,0,919,0,40,2,2,2,1,12,49,3
2097514,1,919,911,15.1707,3,7,2,1,23,83,3
2103505,0,919,0,40,2,4,2,1,14,48,3
2099510,0,919,0,40,2,5,2,1,22,25,3
2053208,0,919,0,40,2,12,2,1,79,49,3
2103007,0,919,0,40,2,4,2,1,22,50,3
2104954,0,919,0,40,2,3,2,1,23,69,3
2101833,1,919,911,9.89884,3,4,2,1,26,46,3
2117419,0,919,0,40,2,2,2,1,7,53,3
2094248,0,919,0,40,3,6,2,1,35,21,3
2076201,0,919,0,40,3,8,2,1,61,27,3
2116220,0,919,0,40,3,2,2,1,12,40,3
2103595,0,919,0,40,3,5,2,1,23,17,3
2105590,0,919,0,40,3,3,2,1,15,40,3
2118248,0,919,0,40,2,3,2,1,8,46,3
2079587,0,919,0,40,3,9,2,1,64,63,3
2116147,0,919,0,40,3,2,2,1,12,56,3
2103849,0,919,0,40,2,5,2,1,21,17,3
2111942,0,919,0,40,2,3,2,1,18,36,3
2111837,0,919,0,40,2,3,2,1,16,29,3
2113428,0,919,0,40,3,3,2,1,13,26,3
2101793,0,919,0,40,2,5,2,1,28,114,3
2102387,0,919,0,40,2,5,2,1,30,26,3
2071281,0,919,0,40,2,15,2,1,80,50,3
2108250,0,919,0,40,3,3,2,1,19,48,3
2119085,0,919,0,40,3,2,2,1,9,24,3
2079173,0,919,0,40,2,10,2,1,49,39,3
2119022,0,919,0,40,2,2,2,1,9,15,3
2119991,0,919,0,40,3,1,2,1,6,79,3
2121220,0,919,0,40,3,1,2,1,6,41,3
2121392,0,919,0,40,2,1,2,1,6,37,3
2121484,0,919,0,40,3,1,2,1,6,54,3
2121568,0,919,0,40,3,1,2,1,6,20,3
2121775,0,919,0,40,3,1,2,1,6,61,3
2081599,0,919,0,40,2,7,2,1,75,37,3
2088298,0,919,0,40,2,5,2,1,54,40,3
2063756,0,919,0,40,2,8,2,1,80,20,3
2098821,0,919,0,40,3,5,2,1,34,55,3
2095798,0,919,0,40,2,3,2,1,42,39,3
2087111,0,919,0,40,3,5,2,1,63,63,3
2111818,0,919,0,40,2,1,2,1,25,41,3
2094470,0,919,0,40,2,2,2,1,53,65,3
2094126,0,919,0,40,3,6,2,1,37,30,3
2111183,0,919,0,40,2,1,2,1,24,28,3
2103763,0,919,0,40,3,3,2,1,31,59,3
2096015,0,919,0,40,2,5,2,1,35,63,3
2105888,0,919,0,40,3,2,2,1,24,64,3
2096028,0,919,0,40,3,4,2,1,44,48,3
2102113,0,919,0,40,2,3,2,1,40,40,3
2113660,0,919,0,40,2,1,2,1,21,36,3
2102785,0,919,0,40,2,4,2,1,31,43,3
2073865,0,919,0,40,3,11,2,1,78,106,3
2110710,0,919,0,40,2,2,2,1,20,65,3
2094702,0,919,0,40,2,4,2,1,43,31,3
2083496,0,919,0,40,3,7,2,1,55,9,3
2068972,0,919,0,40,3,7,2,1,58,47,3
2112741,0,919,0,40,3,2,2,1,21,37,3
2103408,0,919,0,40,2,3,2,1,33,37,3
2115855,0,919,0,40,2,1,2,1,18,39,3
2100371,0,919,0,40,3,3,2,1,36,36,3
2112064,0,919,0,40,2,2,2,1,18,36,3
2101321,0,919,0,40,3,5,2,1,29,34,3
2103455,0,919,0,40,2,4,2,1,28,30,3
2112673,0,919,0,40,2,2,2,1,20,16,3
2115544,0,919,0,40,2,1,2,1,17,32,3
2116526,0,919,0,40,3,1,2,1,17,18,3
2108348,0,919,0,40,2,2,2,1,23,67,3
2068824,0,919,0,40,3,10,2,1,68,39,3
2097893,0,919,0,40,2,4,2,1,36,44,3
2096264,0,919,0,40,3,4,2,1,29,37,3
2113622,0,919,0,40,2,2,2,1,17,23,3
2115605,0,919,0,40,2,2,2,1,18,24,3
2116213,0,919,0,40,3,1,2,1,15,43,3
2076678,0,919,0,40,2,10,2,1,62,79,3
2107551,0,919,0,40,2,3,2,1,29,45,3
2115734,0,919,0,40,3,1,2,1,14,35,3
2117838,0,919,0,40,2,1,2,1,14,36,3
2118002,0,919,0,40,2,1,2,1,14,66,3
2118200,0,919,0,40,2,1,2,1,14,36,3
2110935,0,919,0,40,2,2,2,1,14,52,3
2094690,0,919,0,40,2,7,2,1,27,70,3
2102081,0,919,0,40,3,5,2,1,22,49,3
2071087,0,919,0,40,2,9,2,1,39,76,3
2077951,0,919,0,40,3,8,2,1,63,36,3
2113818,0,919,0,40,2,2,2,1,16,55,3
2107540,0,919,0,40,2,3,2,1,22,74,3
2109665,0,919,0,40,2,3,2,1,21,32,3
2082003,0,919,0,40,2,7,2,1,60,93,3
2111517,0,919,0,40,3,3,2,1,18,23,3
2118815,0,919,0,40,2,1,2,1,13,47,3
2105259,0,919,0,40,2,3,2,1,26,56,3
2114363,0,919,0,40,2,2,2,1,13,28,3
2108083,0,919,0,40,2,2,2,1,25,41,3
2092128,0,919,0,40,2,7,2,1,40,21,3
2068024,0,919,0,40,3,10,2,1,57,24,3
2110519,0,919,0,40,2,3,2,1,18,33,3
2098448,0,919,0,40,2,4,2,1,34,44,3
2079299,0,919,0,40,2,10,2,1,58,15,3
2101004,0,919,0,40,2,4,2,1,31,44,3
2112317,0,919,0,40,3,2,2,1,20,57,3
2117232,0,919,0,40,2,2,2,1,13,44,3
2118290,0,919,0,40,3,1,2,1,12,41,3
2118786,0,919,0,40,2,1,2,1,12,23,3
2118921,0,919,0,40,2,1,2,1,12,15,3
2099193,0,919,0,40,2,4,2,1,27,23,3
2101219,0,919,0,40,2,5,2,1,23,48,3
2077216,0,919,0,40,3,8,2,1,66,60,3
2079186,0,919,0,40,3,8,2,1,67,26,3
2111774,0,919,0,40,3,3,2,1,18,40,3
2066533,0,919,0,40,2,5,2,1,33,27,3
2109569,0,919,0,40,2,3,2,1,23,35,3
2107175,0,919,0,40,3,4,2,1,23,90,3
2077112,0,919,0,40,3,10,2,1,69,38,3
2079042,0,919,0,40,3,7,2,1,71,39,3
2074259,0,919,0,40,2,13,2,1,75,47,3
2091957,0,919,0,40,3,6,2,1,39,16,3
2069840,0,919,0,40,2,5,2,1,37,43,3
2098996,0,919,0,40,2,5,2,1,30,41,3
2119370,0,919,0,40,3,1,2,1,11,60,3
2119731,0,919,0,40,3,1,2,1,11,18,3
2079416,0,919,0,40,3,8,2,1,55,47,3
2094065,0,919,0,40,2,7,2,1,32,77,3
2072933,0,919,0,40,2,11,2,1,72,20,3
2108632,0,919,0,40,2,3,2,1,17,44,3
2114459,0,919,0,40,3,2,2,1,15,36,3
2097554,0,919,0,40,2,5,2,1,21,50,3
2116347,0,919,0,40,3,2,2,1,11,21,3
2087131,0,919,0,40,3,10,2,1,48,27,3
2102503,0,919,0,40,2,4,2,1,26,34,3
2075772,0,919,0,40,2,11,2,1,61,31,3
2078820,0,919,0,40,3,8,2,1,69,26,3
2107691,0,919,0,40,2,4,2,1,21,72,3
2107925,0,919,0,40,3,3,2,1,22,51,3
2093689,0,919,0,40,3,6,2,1,38,16,3
2115101,0,919,0,40,3,2,2,1,14,62,3
2119052,0,919,0,40,2,1,2,1,10,47,3
2119436,0,919,0,40,3,1,2,1,10,23,3
2119868,0,919,0,40,3,1,2,1,10,53,3
2120188,0,919,0,40,3,1,2,1,10,64,3
2106914,0,919,0,40,2,3,2,1,16,33,3
2104263,0,919,0,40,2,2,2,1,28,46,3
2115773,0,919,0,40,3,2,2,1,10,43,3
2086584,0,919,0,40,3,7,2,1,45,40,3
2107834,0,919,0,40,3,3,2,1,19,23,3
2091078,0,919,0,40,3,8,2,1,31,41,3
2091775,0,919,0,40,2,6,2,1,38,52,3
2110413,0,919,0,40,3,2,2,1,16,45,3
2105460,0,919,0,40,2,4,2,1,15,44,3
2102241,0,919,0,40,3,5,2,1,25,18,3
2092424,0,919,0,40,3,5,2,1,38,29,3
2114060,0,919,0,40,3,3,2,1,16,28,3
2102959,0,919,0,40,3,7,2,1,21,23,3
2114456,0,919,0,40,3,2,2,1,16,26,3
2105747,0,919,0,40,3,4,2,1,21,10,3
2102713,0,919,0,40,3,5,2,1,31,53,3
2102714,0,919,0,40,3,4,2,1,25,51,3
2081943,0,919,0,40,2,9,2,1,65,49,3
2118904,0,919,0,40,3,1,2,1,9,35,3
2119442,0,919,0,40,3,1,2,1,9,55,3
2120065,0,919,0,40,3,1,2,1,9,51,3
2120293,0,919,0,40,3,1,2,1,9,57,3
2120577,0,919,0,40,2,1,2,1,9,46,3
2120763,0,919,0,40,2,1,2,1,9,68,3
2120809,0,919,0,40,3,1,2,1,9,84,3
2072868,0,919,0,40,2,6,2,1,45,27,3
2110314,0,919,0,40,2,3,2,1,15,17,3
2068432,0,919,0,40,2,9,2,1,59,49,3
2103617,0,919,0,40,2,4,2,1,26,41,3
2115159,0,919,0,40,2,2,2,1,11,31,3
2070077,0,919,0,40,3,8,2,1,56,30,3
2084362,0,919,0,40,2,11,2,1,36,30,3
2095717,0,919,0,40,3,4,2,1,45,40,3
2096794,0,919,0,40,2,5,2,1,28,46,3
2103632,0,919,0,40,2,6,2,1,23,47,3
2104637,0,919,0,40,3,5,2,1,22,23,3
2095697,0,919,0,40,3,7,2,1,30,49,3
2081694,0,919,0,40,2,12,2,1,47,37,3
2095606,0,919,0,40,2,6,2,1,25,60,3
2104890,0,919,0,40,3,4,2,1,19,41,3
2109159,0,919,0,40,3,2,2,1,23,58,3
2112848,0,919,0,40,2,2,2,1,17,19,3
2085546,0,919,0,40,2,6,2,1,52,42,3
2115625,0,919,0,40,3,2,2,1,14,33,3
2072566,0,919,0,40,2,11,2,1,81,82,3
2115948,0,919,0,40,2,2,2,1,13,80,3
2095801,0,919,0,40,3,5,2,1,30,37,3
2095255,0,919,0,40,2,6,2,1,30,65,3
2110843,0,919,0,40,3,4,2,1,16,16,3
2068128,0,919,0,40,2,6,2,1,43,27,3
2085288,0,919,0,40,2,7,2,1,64,23,3
2109929,0,919,0,40,2,3,2,1,19,64,3
2118928,0,919,0,40,3,1,2,1,8,79,3
2120107,0,919,0,40,3,1,2,1,8,70,3
2120766,0,919,0,40,2,1,2,1,8,16,3
2121335,0,919,0,40,3,1,2,1,8,75,3
2121477,0,919,0,40,2,1,2,1,8,25,3
2121591,0,919,0,40,2,1,2,1,8,102,3
2097281,0,919,0,40,3,5,2,1,24,31,3
2110358,0,919,0,40,3,3,2,1,13,39,3
2104944,0,919,0,40,2,4,2,1,21,49,3
2066121,0,919,0,40,2,7,2,1,50,37,3
2104733,0,919,0,40,3,3,2,1,25,50,3
2107345,0,919,0,40,2,4,2,1,19,72,3
2104804,0,919,0,40,2,5,2,1,17,43,3
2109711,0,919,0,40,2,3,2,1,15,37,3
2111533,0,919,0,40,3,3,2,1,11,74,3
2076371,0,919,0,40,3,10,2,1,69,50,3
2108102,0,919,0,40,3,3,2,1,15,28,3
2105751,0,919,0,40,3,6,2,1,17,61,3
2081953,0,919,0,40,3,9,2,1,48,31,3
2078460,0,919,0,40,3,10,2,1,57,82,3
2113871,0,919,0,40,2,2,2,1,15,77,3
2093447,0,919,0,40,3,7,2,1,36,30,3
2096011,0,919,0,40,3,5,2,1,34,34,3
2110800,0,919,0,40,3,2,2,1,24,30,3
2116627,0,919,0,40,2,2,2,1,13,24,3
2065501,0,919,0,40,3,10,2,1,55,14,3
2104703,0,919,0,40,3,3,2,1,28,24,3
2106392,0,919,0,40,3,4,2,1,18,19,3
2112817,1,919,912,20.4113,3,4,2,1,13,50,3
2110300,0,919,0,40,2,4,2,1,14,31,3
2108705,0,919,0,40,2,5,2,1,18,40,3
2075407,0,919,0,40,3,10,2,1,79,25,3
2121783,0,919,0,40,3,1,2,1,7,65,3
2121833,0,919,0,40,3,1,2,1,7,33,3
2122063,0,919,0,40,2,1,2,1,7,17,3
2122131,0,919,0,40,2,1,2,1,7,20,3
2095424,0,919,0,40,2,5,2,1,28,45,3
2091542,0,919,0,40,2,6,2,1,46,31,3
2094606,0,919,0,40,3,6,2,1,29,22,3
2085503,0,919,0,40,3,4,2,1,57,42,3
2115646,0,919,0,40,3,2,2,1,8,33,3
2092211,0,919,0,40,3,5,2,1,33,41,3
2086808,0,919,0,40,3,8,2,1,45,53,3
2100797,0,919,0,40,2,5,2,1,31,74,3
2085761,0,919,0,40,2,11,2,1,38,29,3
2117320,0,919,0,40,3,2,2,1,9,24,3
2117844,0,919,0,40,2,2,2,1,8,48,3
2108541,0,919,0,40,3,2,2,1,25,71,3
2114487,0,919,0,40,3,2,2,1,15,56,3
2073672,0,919,0,40,2,9,2,1,88,28,3
2095918,0,919,0,40,3,5,2,1,32,28,3
2112671,0,919,0,40,3,3,2,1,15,45,3
2112281,1,919,907,14.9801,3,3,2,1,13,36,3
2114940,0,919,0,40,2,3,2,1,12,57,3
2118885,0,919,0,40,2,2,2,1,8,37,3
2085059,0,919,0,40,2,8,2,1,64,44,3
2075662,0,919,0,40,3,11,2,1,65,52,3
2101723,0,919,0,40,3,5,2,1,27,34,3
2072289,0,919,0,40,3,9,2,1,95,108,3
2084786,0,919,0,40,3,8,2,1,57,26,3
2076879,0,919,0,40,3,12,2,1,73,32,3
2093530,0,919,0,40,2,5,2,1,38,42,3
2093936,0,919,0,40,3,7,2,1,31,35,3
2088017,0,919,0,40,3,6,2,1,39,64,3
2110497,0,919,0,40,2,4,2,1,12,21,3
2080055,0,919,0,40,3,7,2,1,72,69,3
2093009,0,919,0,40,3,7,2,1,39,20,3
2082735,0,919,0,40,3,10,2,1,43,15,3
2098964,0,919,0,40,2,5,2,1,38,52,3
2110597,0,919,0,40,3,3,2,1,16,114,3
2119981,0,919,0,40,2,2,2,1,7,58,3
2113174,0,919,0,40,3,2,2,1,21,49,3
2095164,0,919,0,40,3,5,2,1,39,84,3
2078078,0,919,0,40,2,10,2,1,62,39,3
2070522,0,919,0,40,2,15,2,1,78,33,3
2119208,0,919,0,40,3,1,2,1,6,21,3
2120111,0,919,0,40,3,1,2,1,6,31,3
2120672,0,919,0,40,3,1,2,1,6,64,3
2121338,0,919,0,40,2,1,2,1,6,73,3
2121634,0,919,0,40,3,1,2,1,6,20,3
2122010,0,919,0,40,3,1,2,1,6,37,3
2122415,0,919,0,40,2,1,2,1,6,23,3
2122661,0,919,0,40,2,1,2,1,6,7,3
2079567,0,919,0,40,2,4,2,1,85,36,3
2108907,0,919,0,40,3,1,2,1,31,49,3
2102139,1,919,890,37.2549,2,3,2,1,37,50,3
2063257,1,919,913,22.0551,3,7,2,1,63,14,3
2111858,0,919,0,40,2,1,2,1,25,21,3
2091170,0,919,0,40,2,5,2,1,41,49,3
2107598,0,919,0,40,3,2,2,1,26,15,3
2113264,0,919,0,40,3,1,2,1,23,59,3
2096258,0,919,0,40,2,4,2,1,34,25,3
2099604,0,919,0,40,3,3,2,1,40,31,3
2114032,0,919,0,40,2,1,2,1,22,31,3
2109382,0,919,0,40,2,2,2,1,22,35,3
2075614,0,919,0,40,2,10,2,1,61,74,3
2090362,0,919,0,40,2,4,2,1,57,51,3
2099608,0,919,0,40,3,3,2,1,38,46,3
2081931,0,919,0,40,3,9,2,1,52,37,3
2092208,0,919,0,40,2,4,2,1,52,29,3
2067844,0,919,0,40,2,4,2,1,49,22,3
2050247,0,919,0,40,3,12,2,1,93,43,3
2083542,1,919,896,40,2,7,2,1,55,27,3
2099968,0,919,0,40,2,5,2,1,33,36,3
2094540,0,919,0,40,2,6,2,1,43,53,3
2081734,0,919,0,40,3,8,2,1,50,61,3
2106175,0,919,0,40,3,4,2,1,28,91,3
2080481,0,919,0,40,3,7,2,1,63,38,3
2087172,0,919,0,40,3,6,2,1,55,21,3
2089040,0,919,0,40,2,5,2,1,50,19,3
2087985,0,919,0,40,2,8,2,1,44,30,3
2075833,0,919,0,40,3,9,2,1,70,36,3
2112949,0,919,0,40,3,2,2,1,23,33,3
2078951,0,919,0,40,2,9,2,1,55,41,3
2074208,0,919,0,40,3,11,2,1,72,52,3
2069118,0,919,0,40,3,11,2,1,64,47,3
2080670,0,919,0,40,2,7,2,1,72,47,3
2100293,0,919,0,40,3,5,2,1,31,19,3
2115510,0,919,0,40,3,1,2,1,15,40,3
2117868,0,919,0,40,2,1,2,1,15,65,3
2109404,0,919,0,40,3,2,2,1,15,38,3
2101665,1,919,897,21.9587,3,4,2,1,28,44,3
2094484,0,919,0,40,3,4,2,1,40,31,3
2108329,0,919,0,40,3,3,2,1,23,39,3
2085617,0,919,0,40,3,4,2,1,58,18,3
2095461,0,919,0,40,3,5,2,1,38,54,3
2080099,0,919,0,40,3,10,2,1,64,65,3
2111931,0,919,0,40,3,2,2,1,18,67,3
2108671,0,919,0,40,3,3,2,1,20,83,3
2093585,0,919,0,40,2,5,2,1,49,65,3
2086756,0,919,0,40,2,5,2,1,54,39,3
2111596,0,919,0,40,2,3,2,1,17,28,3
2103443,1,919,900,26.8689,3,4,2,1,21,74,3
2109951,0,919,0,40,3,3,2,1,23,54,3
2074853,0,919,0,40,2,9,2,1,77,105,3
2108759,1,919,896,23.6688,3,4,2,1,21,19,3
2089789,0,919,0,40,2,5,2,1,51,29,3
2113455,0,919,0,40,3,2,2,1,19,47,3
2115208,0,919,0,40,3,3,2,1,15,24,3
2118125,0,919,0,40,3,1,2,1,13,64,3
2118814,0,919,0,40,3,1,2,1,13,47,3
2072867,0,919,0,40,2,5,2,1,40,24,3
2113928,0,919,0,40,3,2,2,1,16,38,3
2100219,0,919,0,40,2,5,2,1,23,64,3
2067625,0,919,0,40,3,7,2,1,42,23,3
2081238,0,919,0,40,2,7,2,1,73,36,3
2115996,0,919,0,40,3,2,2,1,13,14,3
2076118,0,919,0,40,3,11,2,1,64,50,3
2110737,0,919,0,40,3,3,2,1,19,47,3
2109969,1,919,913,40,2,3,2,1,20,103,3
2117532,0,919,0,40,2,2,2,1,13,70,3
2107235,0,919,0,40,2,4,2,1,27,43,3
2106133,0,919,0,40,3,3,2,1,29,38,3
2118882,0,919,0,40,3,1,2,1,12,69,3
2119671,0,919,0,40,2,1,2,1,12,64,3
2070221,0,919,0,40,3,7,2,1,47,43,3
2103410,0,919,0,40,3,5,2,1,23,45,3
2098247,0,919,0,40,2,4,2,1,42,30,3
2099800,0,919,0,40,3,4,2,1,29,94,3
2097953,0,919,0,40,3,5,2,1,34,39,3
2100087,0,919,0,40,2,6,2,1,25,48,3
2111604,0,919,0,40,3,3,2,1,22,56,3
2103139,0,919,0,40,3,3,2,1,38,27,3
2113350,0,919,0,40,3,2,2,1,22,62,3
2098514,0,919,0,40,2,4,2,1,31,33,3
2119584,0,919,0,40,3,1,2,1,11,52,3
2120056,0,919,0,40,3,1,2,1,11,52,3
2109764,0,919,0,40,3,2,2,1,17,68,3
2099879,0,919,0,40,3,4,2,1,25,69,3
2087732,0,919,0,40,2,5,2,1,54,29,3
2103124,0,919,0,40,3,4,2,1,26,28,3
2073384,0,919,0,40,2,9,2,1,83,37,3
2095004,0,919,0,40,3,7,2,1,23,29,3
2069763,0,919,0,40,2,7,2,1,50,55,3
2083681,0,919,0,40,2,8,2,1,61,53,3
2101248,0,919,0,40,3,4,2,1,23,32,3
2109514,0,919,0,40,3,3,2,1,19,34,3
2117381,1,919,913,40,2,2,2,1,12,48,3
2100624,0,919,0,40,2,4,2,1,31,59,3
2105013,0,919,0,40,3,4,2,1,30,64,3
2113293,0,919,0,40,2,3,2,1,16,37,3
2118758,0,919,0,40,2,2,2,1,11,100,3
2118920,0,919,0,40,2,1,2,1,10,23,3
2120867,0,919,0,40,3,1,2,1,10,35,3
2121019,0,919,0,40,2,1,2,1,10,28,3
2105932,1,919,913,27.849,3,3,2,1,16,81,3
2096277,0,919,0,40,3,4,2,1,32,46,3
2073644,0,919,0,40,3,7,2,1,88,20,3
2097460,1,919,903,12.3806,3,5,2,1,32,46,3
2098092,0,919,0,40,2,7,2,1,30,75,3
2108256,0,919,0,40,2,4,2,1,17,48,3
2106246,0,919,0,40,2,4,2,1,20,36,3
2100515,0,919,0,40,2,3,2,1,36,72,3
2105220,0,919,0,40,3,3,2,1,24,69,3
2116362,0,919,0,40,3,2,2,1,14,24,3
2107594,0,919,0,40,2,4,2,1,21,45,3
2072195,0,919,0,40,2,10,2,1,64,21,3
2097732,0,919,0,40,3,6,2,1,35,39,3
2097743,0,919,0,40,2,6,2,1,29,58,3
2116417,0,919,0,40,3,2,2,1,12,64,3
2107647,0,919,0,40,2,3,2,1,28,40,3
2085432,0,919,0,40,2,9,2,1,38,91,3
2112561,0,919,0,40,3,3,2,1,19,90,3
2092340,1,919,908,21.6667,3,9,2,1,34,27,3
2120043,0,919,0,40,3,1,2,1,9,42,3
2120235,0,919,0,40,2,1,2,1,9,59,3
2121105,0,919,0,40,2,1,2,1,9,40,3
2094506,0,919,0,40,2,6,2,1,39,48,3
2112878,0,919,0,40,3,2,2,1,15,45,3
2070135,0,919,0,40,2,5,2,1,24,55,3
2088969,0,919,0,40,3,8,2,1,45,37,3
2117862,0,919,0,40,2,2,2,1,9,55,3
2044891,0,919,0,40,2,12,2,1,88,21,3
2105247,0,919,0,40,3,4,2,1,24,23,3
2073990,0,919,0,40,2,7,2,1,83,29,3
2103899,0,919,0,40,2,5,2,1,21,38,3
2103404,0,919,0,40,2,4,2,1,24,46,3
2114770,0,919,0,40,2,2,2,1,16,29,3
2081470,0,919,0,40,3,8,2,1,58,39,3
2109992,0,919,0,40,3,3,2,1,22,54,3
2117937,0,919,0,40,2,2,2,1,10,88,3
2081498,0,919,0,40,3,10,2,1,51,38,3
2088449,0,919,0,40,3,6,2,1,54,50,3
2112575,0,919,0,40,3,3,2,1,13,27,3
2095334,0,919,0,40,3,6,2,1,34,49,3
2110940,1,919,913,40,2,3,2,1,20,65,3
2082361,0,919,0,40,3,9,2,1,59,33,3
2092272,0,919,0,40,3,8,2,1,29,37,3
2060718,0,919,0,40,2,12,2,1,84,42,3
2119654,0,919,0,40,3,1,2,1,8,35,3
2120327,0,919,0,40,3,1,2,1,8,41,3
2121689,0,919,0,40,2,1,2,1,8,43,3
2121869,0,919,0,40,3,1,2,1,8,25,3
2122033,0,919,0,40,2,1,2,1,8,71,3
2122109,0,919,0,40,2,1,2,1,8,24,3
2112937,0,919,0,40,2,2,2,1,14,24,3
2099916,0,919,0,40,3,4,2,1,31,39,3
2103016,0,919,0,40,2,5,2,1,14,65,3
2098163,0,919,0,40,3,6,2,1,24,61,3
2111586,0,919,0,40,2,2,2,1,20,70,3
2114786,0,919,0,40,2,2,2,1,15,41,3
2068703,0,919,0,40,3,11,2,1,40,43,3
2099139,0,919,0,40,3,5,2,1,34,33,3
2081297,0,919,0,40,2,10,2,1,50,57,3
2110372,0,919,0,40,2,4,2,1,15,30,3
2112812,0,919,0,40,3,4,2,1,11,33,3
2115899,0,919,0,40,2,2,2,1,15,40,3
2112018,0,919,0,40,3,3,2,1,14,52,3
2109759,0,919,0,40,2,4,2,1,17,86,3
2106622,0,919,0,40,2,5,2,1,27,78,3
2113184,0,919,0,40,3,4,2,1,15,86,3
2067778,0,919,0,40,2,7,2,1,47,35,3
2083493,0,919,0,40,2,10,2,1,45,28,3
2111439,0,919,0,40,3,3,2,1,19,43,3
2099241,0,919,0,40,3,6,2,1,29,49,3
2087666,0,919,0,40,3,9,2,1,36,29,3
2106205,0,919,0,40,3,6,2,1,19,41,3
2096751,1,919,884,40,2,4,2,1,39,35,3
2120207,0,919,0,40,2,1,2,1,7,43,3
2122142,0,919,0,40,3,1,2,1,7,38,3
2122190,0,919,0,40,3,1,2,1,7,27,3
2122297,0,919,0,40,2,1,2,1,7,26,3
2122679,0,919,0,40,3,1,2,1,7,24,3
2110045,0,919,0,40,2,3,2,1,16,16,3
2077018,0,919,0,40,3,10,2,1,54,12,3
2108750,1,919,905,26.6909,3,2,2,1,20,28,3
2072044,0,919,0,40,2,4,2,1,55,67,3
2117192,0,919,0,40,2,2,2,1,9,60,3
2093007,1,919,913,40,2,7,2,1,34,43,3
2101700,1,919,906,40,2,6,2,1,22,49,3
2105720,0,919,0,40,2,4,2,1,22,45,3
2103409,0,919,0,40,3,4,2,1,15,35,3
2113278,1,919,913,36.4961,2,3,2,1,11,60,3
2118810,0,919,0,40,3,2,2,1,8,51,3
2106015,0,919,0,40,3,5,2,1,14,58,3
2097531,0,919,0,40,3,5,2,1,41,49,3
2094863,0,919,0,40,2,7,2,1,32,28,3
2116381,0,919,0,40,2,2,2,1,12,29,3
2106684,0,919,0,40,2,4,2,1,22,30,3
2112252,0,919,0,40,2,3,2,1,15,40,3
2102066,0,919,0,40,3,5,2,1,32,51,3
2119269,0,919,0,40,2,2,2,1,9,48,3
2111121,0,919,0,40,2,3,2,1,16,30,3
2119976,0,919,0,40,3,2,2,1,7,58,3
2091776,0,919,0,40,3,5,2,1,52,45,3
2106036,0,919,0,40,3,5,2,1,25,74,3
2114554,0,919,0,40,2,2,2,1,14,34,3
2074275,0,919,0,40,3,12,2,1,64,68,3
2113288,0,919,0,40,3,3,2,1,13,41,3
2085614,0,919,0,40,3,6,2,1,63,80,3
2112678,0,919,0,40,2,3,2,1,21,38,3
2091434,0,919,0,40,3,6,2,1,45,89,3
2112233,0,919,0,40,3,3,2,1,17,82,3
2119313,0,919,0,40,2,2,2,1,12,13,3
2076119,1,919,897,32.6821,2,13,2,1,65,30,3
2111086,0,919,0,40,3,3,2,1,24,116,3
2120792,0,919,0,40,3,1,2,1,6,49,3
2121980,0,919,0,40,3,1,2,1,6,38,3
2122068,0,919,0,40,2,1,2,1,6,38,3
2122252,0,919,0,40,3,1,2,1,6,46,3
2122360,0,919,0,40,3,1,2,1,6,74,3
2122524,0,919,0,40,2,1,2,1,6,42,3
2122636,0,919,0,40,3,1,2,1,6,43,3
2122808,0,919,0,40,3,1,2,1,6,60,3
2122904,0,919,0,40,3,1,2,1,6,71,3
2122926,0,919,0,40,2,1,2,1,6,61,3
2123016,0,919,0,40,2,1,2,1,6,22,3
2123092,0,919,0,40,3,1,2,1,6,38,3
2123304,0,919,0,40,3,1,2,1,6,44,3
2123348,0,919,0,40,3,1,2,1,6,96,3
2123380,0,919,0,40,2,1,2,1,6,31,3
2081418,0,919,0,40,3,6,2,1,64,15,3
2095028,0,919,0,40,2,3,2,1,51,72,3
2096425,0,919,0,40,3,3,2,1,51,35,3
2100888,0,919,0,40,2,2,2,1,38,27,3
2090786,0,919,0,40,3,6,2,1,38,50,3
2059307,0,919,0,40,3,14,2,1,87,46,3
2074510,0,919,0,40,3,8,2,1,78,56,3
2114790,0,919,0,40,2,1,2,1,21,31,3
2070298,0,919,0,40,3,7,2,1,74,30,3
2102246,0,919,0,40,2,3,2,1,30,30,3
2094760,1,919,914,27.9616,2,5,2,1,40,67,3
2083296,0,919,0,40,3,6,2,1,56,17,3
2108094,0,919,0,40,3,3,2,1,23,74,3
2069977,0,919,0,40,3,12,2,1,56,32,3
2093677,0,919,0,40,3,4,2,1,34,53,3
2103707,0,919,0,40,3,4,2,1,32,28,3
2115125,0,919,0,40,2,1,2,1,18,19,3
2116888,0,919,0,40,2,1,2,1,18,51,3
2089993,0,919,0,40,3,6,2,1,39,36,3
2092846,0,919,0,40,2,5,2,1,40,19,3
2093738,0,919,0,40,3,7,2,1,42,34,3
2110212,0,919,0,40,2,3,2,1,22,55,3
2115870,0,919,0,40,2,1,2,1,17,5,3
2079431,0,919,0,40,3,9,2,1,61,93,3
2113550,0,919,0,40,2,2,2,1,22,51,3
2116665,0,919,0,40,2,1,2,1,16,93,3
2069084,0,919,0,40,3,7,2,1,63,27,3
2104422,0,919,0,40,2,3,2,1,28,44,3
2107128,0,919,0,40,2,4,2,1,21,31,3
2098816,0,919,0,40,2,3,2,1,35,24,3
2100169,0,919,0,40,2,5,2,1,31,36,3
2102888,0,919,0,40,3,3,2,1,34,46,3
2087020,0,919,0,40,2,9,2,1,50,41,3
2069935,0,919,0,40,2,5,2,1,70,23,3
2114325,0,919,0,40,2,2,2,1,20,17,3
2084308,0,919,0,40,3,7,2,1,55,15,3
2117511,0,919,0,40,3,1,2,1,14,22,3
2118286,0,919,0,40,2,1,2,1,14,28,3
2118470,0,919,0,40,3,1,2,1,14,32,3
2078922,0,919,0,40,2,8,2,1,70,30,3
2091679,0,919,0,40,2,8,2,1,37,48,3
2112473,0,919,0,40,3,3,2,1,16,36,3
2104581,0,919,0,40,3,3,2,1,35,73,3
2114662,0,919,0,40,2,2,2,1,18,48,3
2118249,0,919,0,40,3,1,2,1,13,29,3
2118556,0,919,0,40,3,1,2,1,13,14,3
2119667,0,919,0,40,3,1,2,1,13,44,3
2069112,0,919,0,40,2,4,2,1,37,29,3
2093098,0,919,0,40,2,5,2,1,38,55,3
2114772,0,919,0,40,3,2,2,1,14,24,3
2087415,0,919,0,40,2,9,2,1,37,20,3
2077917,0,919,0,40,3,6,2,1,78,11,3
2102814,0,919,0,40,3,4,2,1,28,60,3
2116431,0,919,0,40,2,2,2,1,14,29,3
2101396,0,919,0,40,3,4,2,1,36,65,3
2093196,0,919,0,40,3,6,2,1,32,38,3
2065404,0,919,0,40,2,10,2,1,65,35,3
2102496,0,919,0,40,3,3,2,1,30,40,3
2100916,0,919,0,40,3,3,2,1,37,37,3
2106609,0,919,0,40,3,3,2,1,28,34,3
2075987,0,919,0,40,3,7,2,1,83,18,3
2094723,0,919,0,40,3,8,2,1,27,89,3
2099049,0,919,0,40,2,7,2,1,33,34,3
2104296,0,919,0,40,3,5,2,1,27,53,3
2101471,0,919,0,40,2,6,2,1,27,15,3
2120169,0,919,0,40,3,1,2,1,11,16,3
2094604,0,919,0,40,2,6,2,1,31,52,3
2097107,0,919,0,40,2,4,2,1,32,45,3
2103106,0,919,0,40,2,5,2,1,25,49,3
2114213,0,919,0,40,3,3,2,1,13,29,3
2086761,0,919,0,40,3,7,2,1,55,59,3
2095581,0,919,0,40,3,7,2,1,41,31,3
2109824,1,919,914,34.9273,2,3,2,1,22,70,3
2106156,0,919,0,40,2,3,2,1,30,39,3
2065697,0,919,0,40,3,8,2,1,37,36,3
2116382,0,919,0,40,2,2,2,1,16,43,3
2109090,0,919,0,40,3,4,2,1,23,32,3
2069055,0,919,0,40,2,7,2,1,51,26,3
2074599,0,919,0,40,2,15,2,1,55,24,3
2120806,0,919,0,40,2,1,2,1,10,24,3
2076354,0,919,0,40,2,9,2,1,70,31,3
2089922,0,919,0,40,3,9,2,1,31,21,3
2086310,0,919,0,40,2,6,2,1,43,34,3
2095655,0,919,0,40,3,5,2,1,32,60,3
2110036,0,919,0,40,3,3,2,1,19,29,3
2106439,0,919,0,40,3,4,2,1,26,9,3
2103612,0,919,0,40,3,2,2,1,37,45,3
2114248,0,919,0,40,2,2,2,1,17,35,3
2086140,0,919,0,40,2,8,2,1,43,25,3
2071353,0,919,0,40,3,5,2,1,22,72,3
2094115,0,919,0,40,3,8,2,1,27,47,3
2104505,0,919,0,40,2,5,2,1,23,71,3
2078864,0,919,0,40,3,10,2,1,64,49,3
2110228,0,919,0,40,3,2,2,1,28,26,3
2058068,0,919,0,40,3,9,2,1,30,27,3
2120519,0,919,0,40,3,1,2,1,9,19,3
2121344,0,919,0,40,3,1,2,1,9,90,3
2122119,0,919,0,40,3,1,2,1,9,33,3
2094951,0,919,0,40,2,6,2,1,34,68,3
2112379,0,919,0,40,2,2,2,1,16,52,3
2069658,0,919,0,40,2,10,2,1,42,22,3
2113246,0,919,0,40,3,3,2,1,11,15,3
2112680,0,919,0,40,2,3,2,1,13,40,3
2118475,0,919,0,40,3,2,2,1,9,17,3
2101108,0,919,0,40,3,5,2,1,24,76,3
2092698,0,919,0,40,2,6,2,1,40,46,3
2118498,0,919,0,40,2,2,2,1,9,58,3
2066504,0,919,0,40,3,9,2,1,72,39,3
2100619,0,919,0,40,3,4,2,1,35,35,3
2084800,0,919,0,40,3,6,2,1,58,31,3
2097434,0,919,0,40,2,4,2,1,38,41,3
2119078,0,919,0,40,3,2,2,1,9,47,3
2117349,0,919,0,40,3,2,2,1,13,22,3
2116432,0,919,0,40,2,3,2,1,12,67,3
2117535,0,919,0,40,3,2,2,1,9,44,3
2100913,0,919,0,40,2,4,2,1,36,45,3
2069513,0,919,0,40,2,9,2,1,50,34,3
2093110,0,919,0,40,3,7,2,1,42,28,3
2100794,0,919,0,40,3,5,2,1,30,36,3
2105470,0,919,0,40,3,3,2,1,28,26,3
2119810,0,919,0,40,2,2,2,1,10,35,3
2122194,0,919,0,40,2,1,2,1,8,23,3
2122755,0,919,0,40,2,1,2,1,8,64,3
2110634,0,919,0,40,3,3,2,1,16,37,3
2068333,0,919,0,40,3,6,2,1,50,41,3
2099660,0,919,0,40,2,5,2,1,31,48,3
2116801,0,919,0,40,3,2,2,1,9,67,3
2114381,0,919,0,40,3,3,2,1,12,54,3
2117364,0,919,0,40,3,2,2,1,11,21,3
2087451,0,919,0,40,2,6,2,1,57,47,3
2099926,0,919,0,40,3,4,2,1,31,30,3
2080862,0,919,0,40,2,10,2,1,61,58,3
2116355,0,919,0,40,2,3,2,1,10,51,3
2109826,0,919,0,40,3,3,2,1,16,18,3
2066483,0,919,0,40,2,16,2,1,85,21,3
2082668,0,919,0,40,2,11,2,1,48,52,3
2120330,0,919,0,40,2,2,2,1,8,62,3
2101954,0,919,0,40,3,6,2,1,30,12,3
2116371,0,919,0,40,3,3,2,1,15,47,3
2086543,0,919,0,40,3,9,2,1,50,62,3
2110678,0,919,0,40,3,4,2,1,20,57,3
2089739,0,919,0,40,2,7,2,1,46,56,3
2085210,0,919,0,40,2,10,2,1,46,21,3
2121246,0,919,0,40,3,1,2,1,7,35,3
2121574,0,919,0,40,3,1,2,1,7,75,3
2122380,0,919,0,40,3,1,2,1,7,99,3
2122604,0,919,0,40,2,1,2,1,7,53,3
2122816,0,919,0,40,3,1,2,1,7,36,3
2122882,0,919,0,40,3,1,2,1,7,47,3
2123158,0,919,0,40,2,1,2,1,7,64,3
2123428,0,919,0,40,3,1,2,1,7,50,3
2105486,0,919,0,40,3,3,2,1,25,14,3
2091406,0,919,0,40,3,7,2,1,32,22,3
2100680,0,919,0,40,2,5,2,1,20,48,3
2091098,0,919,0,40,3,5,2,1,50,26,3
2117418,0,919,0,40,3,2,2,1,10,62,3
2068044,0,919,0,40,3,10,2,1,63,53,3
2117550,0,919,0,40,3,2,2,1,11,21,3
2078148,0,919,0,40,2,12,2,1,45,84,3
2112630,0,919,0,40,3,3,2,1,17,58,3
2092302,0,919,0,40,2,8,2,1,32,44,3
2097966,0,919,0,40,3,6,2,1,19,74,3
2078577,0,919,0,40,2,11,2,1,64,36,3
2119881,0,919,0,40,2,2,2,1,8,20,3
2088505,0,919,0,40,2,9,2,1,42,33,3
2103876,0,919,0,40,2,4,2,1,25,43,3
2115869,0,919,0,40,2,3,2,1,11,42,3
2106362,0,919,0,40,2,5,2,1,17,31,3
2096675,0,919,0,40,3,7,2,1,35,25,3
2080946,0,919,0,40,3,9,2,1,55,45,3
2081774,0,919,0,40,3,9,2,1,48,120,3
2090874,0,919,0,40,3,7,2,1,37,40,3
2092732,1,919,914,27.8226,2,5,2,1,39,38,3
2073841,0,919,0,40,3,11,2,1,75,79,3
2116169,0,919,0,40,2,3,2,1,12,48,3
2115481,0,919,0,40,2,4,2,1,13,34,3
2121416,0,919,0,40,3,2,2,1,7,60,3
2116761,0,919,0,40,2,3,2,1,11,31,3
2060626,0,919,0,40,2,16,2,1,82,95,3
2071764,0,919,0,40,3,7,2,1,48,18,3
2122730,0,919,0,40,2,1,2,1,6,34,3
2123415,0,919,0,40,3,1,2,1,6,36,3
2123572,0,919,0,40,2,1,2,1,6,37,3
2107151,1,919,915,21.0673,3,2,2,1,32,38,3
2072613,0,919,0,40,2,5,2,1,49,30,3
2113323,0,919,0,40,2,1,2,1,24,35,3
2109393,0,919,0,40,3,2,2,1,28,53,3
2090767,0,919,0,40,3,6,2,1,53,31,3
2094603,0,919,0,40,2,3,2,1,55,57,3
2073436,0,919,0,40,3,10,2,1,91,47,3
2109216,0,919,0,40,2,3,2,1,23,102,3
2116803,0,919,0,40,2,1,2,1,18,33,3
2081993,0,919,0,40,3,8,2,1,54,18,3
2095351,0,919,0,40,3,5,2,1,35,62,3
2118018,0,919,0,40,2,1,2,1,17,37,3
2069858,0,919,0,40,3,10,2,1,56,31,3
2114281,0,919,0,40,3,2,2,1,17,43,3
2097931,0,919,0,40,2,3,2,1,42,14,3
2095813,0,919,0,40,2,7,2,1,32,24,3
2106047,1,919,891,20.9319,3,5,2,1,25,21,3
2102946,0,919,0,40,2,4,2,1,32,40,3
2111535,0,919,0,40,3,2,2,1,21,43,3
2071359,0,919,0,40,2,6,2,1,57,51,3
2119354,0,919,0,40,2,1,2,1,14,60,3
2119617,0,919,0,40,3,1,2,1,14,46,3
2102517,0,919,0,40,3,3,2,1,33,35,3
2095804,0,919,0,40,2,5,2,1,32,31,3
2107962,0,919,0,40,2,2,2,1,30,55,3
2119832,0,919,0,40,2,1,2,1,13,49,3
2073851,2,919,0,40,3,8,2,1,84,79,3
2112289,0,919,0,40,2,2,2,1,19,33,3
2111293,0,919,0,40,3,4,2,1,23,29,3
2094078,1,919,883,27.3984,3,5,2,1,35,17,3
2087946,0,919,0,40,3,7,2,1,41,74,3
2095772,0,919,0,40,3,5,2,1,41,19,3
2079723,0,919,0,40,2,9,2,1,65,67,3
2119288,0,919,0,40,3,1,2,1,11,20,3
2120954,0,919,0,40,2,1,2,1,11,36,3
2105670,0,919,0,40,2,4,2,1,23,39,3
2094403,0,919,0,40,2,5,2,1,39,29,3
2086763,0,919,0,40,2,6,2,1,51,38,3
2099996,0,919,0,40,2,4,2,1,36,28,3
2109388,0,919,0,40,3,4,2,1,20,62,3
2099231,0,919,0,40,3,6,2,1,31,42,3
2118585,0,919,0,40,3,2,2,1,13,56,3
2101130,0,919,0,40,3,7,2,1,24,70,3
2073539,0,919,0,40,3,13,2,1,63,41,3
2119292,0,919,0,40,3,2,2,1,12,25,3
2121628,0,919,0,40,2,1,2,1,10,78,3
2122105,0,919,0,40,3,1,2,1,10,41,3
2108514,0,919,0,40,2,2,2,1,24,41,3
2071827,0,919,0,40,2,12,2,1,81,60,3
2114920,0,919,0,40,2,2,2,1,17,28,3
2105524,0,919,0,40,2,4,2,1,22,37,3
2120896,0,919,0,40,3,1,2,1,9,25,3
2065011,0,919,0,40,3,8,2,1,46,71,3
2089472,0,919,0,40,2,8,2,1,42,56,3
2097215,0,919,0,40,2,7,2,1,28,39,3
2093845,0,919,0,40,2,6,2,1,37,10,3
2093114,0,919,0,40,3,7,2,1,31,43,3
2100284,0,919,0,40,3,5,2,1,26,40,3
2116928,0,919,0,40,3,2,2,1,14,21,3
2118227,0,919,0,40,3,2,2,1,11,54,3
2115681,0,919,0,40,2,2,2,1,17,30,3
2090983,0,919,0,40,2,8,2,1,30,59,3
2117029,1,919,909,38.8543,2,2,2,1,11,23,3
2115548,0,919,0,40,2,2,2,1,18,25,3
2107109,0,919,0,40,2,4,2,1,26,101,3
2107576,0,919,0,40,3,5,2,1,18,36,3
2108121,0,919,0,40,3,5,2,1,22,80,3
2122792,0,919,0,40,2,1,2,1,8,43,3
2107297,0,919,0,40,3,3,2,1,27,23,3
2116646,0,919,0,40,2,2,2,1,11,26,3
2106206,0,919,0,40,3,5,2,1,19,49,3
2071708,0,919,0,40,3,13,2,1,60,41,3
2113256,0,919,0,40,3,3,2,1,13,32,3
2072488,0,919,0,40,2,11,2,1,77,33,3
2084038,0,919,0,40,3,8,2,1,57,13,3
2115788,0,919,0,40,3,2,2,1,16,54,3
2118614,0,919,0,40,3,2,2,1,11,20,3
2113130,0,919,0,40,3,5,2,1,14,59,3
2116256,0,919,0,40,3,3,2,1,15,32,3
2120859,0,919,0,40,2,2,2,1,8,64,3
2108670,0,919,0,40,2,3,2,1,23,30,3
2122746,0,919,0,40,2,1,2,1,7,57,3
2091812,0,919,0,40,3,6,2,1,43,48,3
2102294,0,919,0,40,2,6,2,1,24,35,3
2077827,0,919,0,40,3,12,2,1,56,26,3
2119345,0,919,0,40,2,2,2,1,8,24,3
2117291,0,919,0,40,2,2,2,1,10,36,3
2103241,0,919,0,40,3,4,2,1,26,21,3
2105383,0,919,0,40,2,4,2,1,28,10,3
2095307,0,919,0,40,2,7,2,1,35,58,3
2100303,0,919,0,40,2,5,2,1,34,37,3
2107102,0,919,0,40,2,3,2,1,24,53,3
2096714,0,919,0,40,2,5,2,1,41,41,3
2116953,0,919,0,40,3,2,2,1,13,34,3
2120041,0,919,0,40,2,2,2,1,8,61,3
2117041,0,919,0,40,3,3,2,1,8,18,3
2098610,0,919,0,40,3,8,2,1,26,38,3
2108386,0,919,0,40,2,4,2,1,21,46,3
2083072,0,919,0,40,2,9,2,1,46,39,3
2121885,0,919,0,40,2,2,2,1,7,29,3
2121680,0,919,0,40,2,1,2,1,6,65,3
2123591,0,919,0,40,2,1,2,1,6,56,3
2102367,0,919,0,40,2,3,2,1,37,33,3
2092995,0,919,0,40,2,5,2,1,47,37,3
2103848,0,919,0,40,2,3,2,1,30,38,3
2081740,0,919,0,40,2,7,2,1,55,41,3
2117761,0,919,0,40,3,1,2,1,17,75,3
2107786,0,919,0,40,3,2,2,1,31,34,3
2114969,0,919,0,40,2,2,2,1,17,20,3
2072656,0,919,0,40,2,6,2,1,30,32,3
2072128,0,919,0,40,2,13,2,1,93,32,3
2099441,0,919,0,40,3,4,2,1,37,31,3
2106751,0,919,0,40,3,4,2,1,24,71,3
2092335,0,919,0,40,3,6,2,1,41,37,3
2114967,0,919,0,40,2,3,2,1,19,22,3
2108167,0,919,0,40,3,3,2,1,29,33,3
2105636,0,919,0,40,2,3,2,1,30,80,3
2107324,0,919,0,40,2,4,2,1,27,21,3
2067247,0,919,0,40,3,10,2,1,67,43,3
2061191,0,919,0,40,3,9,2,1,66,62,3
2097521,0,919,0,40,2,7,2,1,29,34,3
2106552,0,919,0,40,2,5,2,1,26,40,3
2123182,0,919,0,40,3,1,2,1,9,37,3
2123432,0,919,0,40,3,1,2,1,9,46,3
2063789,0,919,0,40,2,10,2,1,73,60,3
2114627,0,919,0,40,2,3,2,1,16,23,3
2115294,0,919,0,40,2,3,2,1,16,25,3
2123747,0,919,0,40,3,1,2,1,7,59,3
2124551,0,919,0,40,2,1,2,1,7,77,3
2093474,0,919,0,40,2,8,2,1,30,28,3
2119350,1,919,916,31.9756,3,2,2,1,11,58,3
2089016,0,919,0,40,2,7,2,1,49,37,3
2097921,0,919,0,40,3,6,2,1,35,18,3
2121760,0,919,0,40,2,1,2,1,6,10,3
2121662,0,919,0,40,3,0,2,1,5,23,3
2121856,0,919,0,40,2,0,2,1,5,36,3
2122112,0,919,0,40,3,0,2,1,5,33,3
2122278,0,919,0,40,2,0,2,1,5,37,3
2122630,0,919,0,40,3,0,2,1,5,55,3
2122694,0,919,0,40,3,0,2,1,5,23,3
2122758,0,919,0,40,2,0,2,1,5,49,3
2122977,0,919,0,40,3,0,2,1,5,43,3
2123105,0,919,0,40,3,0,2,1,5,32,3
2123137,0,919,0,40,3,0,2,1,5,26,3
2123201,0,919,0,40,3,0,2,1,5,48,3
2123265,0,919,0,40,2,0,2,1,5,56,3
2123297,0,919,0,40,2,0,2,1,5,40,3
2123329,0,919,0,40,2,0,2,1,5,51,3
2123425,0,919,0,40,3,0,2,1,5,26,3
2123461,0,919,0,40,2,0,2,1,5,96,3
2123477,0,919,0,40,2,0,2,1,5,32,3
2123493,0,919,0,40,2,0,2,1,5,45,3
2123525,0,919,0,40,2,0,2,1,5,16,3
2123573,0,919,0,40,3,0,2,1,5,18,3
2123605,0,919,0,40,3,0,2,1,5,55,3
2123621,0,919,0,40,3,0,2,1,5,16,3
2123637,0,919,0,40,3,0,2,1,5,33,3
2123653,0,919,0,40,3,0,2,1,5,43,3
2123701,0,919,0,40,2,0,2,1,5,22,3
2123765,0,919,0,40,2,0,2,1,5,25,3
2123781,0,919,0,40,3,0,2,1,5,20,3
2123813,0,919,0,40,2,0,2,1,5,57,3
2123837,0,919,0,40,2,0,2,1,5,42,3
2123853,0,919,0,40,3,0,2,1,5,37,3
2123901,0,919,0,40,3,0,2,1,5,55,3
2123917,0,919,0,40,3,0,2,1,5,35,3
2123949,0,919,0,40,2,0,2,1,5,32,3
2123965,0,919,0,40,2,0,2,1,5,33,3
2124013,0,919,0,40,2,0,2,1,5,48,3
2124036,0,919,0,40,3,0,2,1,5,22,3
2124044,0,919,0,40,3,0,2,1,5,97,3
2124052,0,919,0,40,3,0,2,1,5,35,3
2124060,0,919,0,40,3,0,2,1,5,36,3
2124068,0,919,0,40,3,0,2,1,5,32,3
2124076,0,919,0,40,3,0,2,1,5,38,3
2124084,0,919,0,40,2,0,2,1,5,43,3
2124100,0,919,0,40,2,0,2,1,5,54,3
2124108,0,919,0,40,2,0,2,1,5,40,3
2124132,0,919,0,40,3,0,2,1,5,50,3
2124140,0,919,0,40,2,0,2,1,5,22,3
2124148,0,919,0,40,3,0,2,1,5,33,3
2124164,0,919,0,40,3,0,2,1,5,33,3
2124172,0,919,0,40,2,0,2,1,5,40,3
2124204,0,919,0,40,2,0,2,1,5,32,3
2124212,0,919,0,40,3,0,2,1,5,59,3
2124244,0,919,0,40,3,0,2,1,5,52,3
2124260,0,919,0,40,2,0,2,1,5,59,3
2124284,0,919,0,40,2,0,2,1,5,31,3
2124308,0,919,0,40,2,0,2,1,5,35,3
2124316,0,919,0,40,2,0,2,1,5,38,3
2124332,0,919,0,40,3,0,2,1,5,34,3
2124340,0,919,0,40,3,0,2,1,5,81,3
2124348,0,919,0,40,3,0,2,1,5,44,3
2124356,0,919,0,40,2,0,2,1,5,40,3
2124372,0,919,0,40,2,0,2,1,5,67,3
2124380,0,919,0,40,3,0,2,1,5,68,3
2124388,0,919,0,40,2,0,2,1,5,38,3
2124404,0,919,0,40,2,0,2,1,5,48,3
2124412,0,919,0,40,3,0,2,1,5,45,3
2124420,0,919,0,40,3,0,2,1,5,34,3
2124428,0,919,0,40,3,0,2,1,5,60,3
2124436,0,919,0,40,3,0,2,1,5,40,3
2124484,0,919,0,40,3,0,2,1,5,69,3
2124500,0,919,0,40,3,0,2,1,5,14,3
2124516,0,919,0,40,3,0,2,1,5,11,3
2124532,0,919,0,40,2,0,2,1,5,117,3
2124548,0,919,0,40,3,0,2,1,5,45,3
2124580,0,919,0,40,2,0,2,1,5,44,3
2124604,0,919,0,40,3,0,2,1,5,50,3
2124612,0,919,0,40,2,0,2,1,5,73,3
2124626,0,919,0,40,2,0,2,1,5,16,3
2124638,0,919,0,40,3,0,2,1,5,21,3
2124642,0,919,0,40,3,0,2,1,5,37,3
2124650,0,919,0,40,2,0,2,1,5,43,3
2124662,0,919,0,40,2,0,2,1,5,19,3
2124670,0,919,0,40,2,0,2,1,5,57,3
2124678,0,919,0,40,3,0,2,1,5,34,3
2124686,0,919,0,40,2,0,2,1,5,27,3
2124694,0,919,0,40,2,0,2,1,5,37,3
2124706,0,919,0,40,2,0,2,1,5,72,3
2124714,0,919,0,40,2,0,2,1,5,57,3
2124718,0,919,0,40,3,0,2,1,5,87,3
2124722,0,919,0,40,3,0,2,1,5,30,3
2124730,0,919,0,40,3,0,2,1,5,65,3
2124734,0,919,0,40,2,0,2,1,5,38,3
2124746,0,919,0,40,3,0,2,1,5,29,3
2124750,0,919,0,40,2,0,2,1,5,50,3
2124762,0,919,0,40,2,0,2,1,5,51,3
2124770,0,919,0,40,2,0,2,1,5,32,3
2124778,0,919,0,40,3,0,2,1,5,27,3
2124782,0,919,0,40,2,0,2,1,5,33,3
2124794,0,919,0,40,3,0,2,1,5,22,3
2124798,0,919,0,40,2,0,2,1,5,15,3
2124802,0,919,0,40,2,0,2,1,5,48,3
2124806,0,919,0,40,3,0,2,1,5,35,3
2124818,0,919,0,40,3,0,2,1,5,38,3
2124822,0,919,0,40,3,0,2,1,5,24,3
2124830,0,919,0,40,2,0,2,1,5,53,3
2124834,0,919,0,40,3,0,2,1,5,35,3
2124838,0,919,0,40,3,0,2,1,5,72,3
2124842,0,919,0,40,3,0,2,1,5,24,3
2124850,0,919,0,40,2,0,2,1,5,40,3
2124866,0,919,0,40,2,0,2,1,5,90,3
2124870,0,919,0,40,2,0,2,1,5,15,3
2124878,0,919,0,40,3,0,2,1,5,38,3
2124882,0,919,0,40,2,0,2,1,5,51,3
2124886,0,919,0,40,2,0,2,1,5,42,3
2124894,0,919,0,40,3,0,2,1,5,62,3
2124898,0,919,0,40,2,0,2,1,5,39,3
2124902,0,919,0,40,3,0,2,1,5,65,3
2124906,0,919,0,40,2,0,2,1,5,81,3
2124910,0,919,0,40,3,0,2,1,5,43,3
2124914,0,919,0,40,2,0,2,1,5,13,3
2124918,0,919,0,40,2,0,2,1,5,38,3
2124934,0,919,0,40,2,0,2,1,5,28,3
2124946,0,919,0,40,2,0,2,1,5,25,3
2124958,0,919,0,40,3,0,2,1,5,18,3
2124962,0,919,0,40,2,0,2,1,5,41,3
2124978,0,919,0,40,2,0,2,1,5,32,3
2124982,0,919,0,40,2,0,2,1,5,35,3
2124986,0,919,0,40,2,0,2,1,5,48,3
2125006,0,919,0,40,2,0,2,1,5,31,3
2125014,0,919,0,40,2,0,2,1,5,47,3
2125018,0,919,0,40,3,0,2,1,5,23,3
2125022,0,919,0,40,3,0,2,1,5,36,3
2125026,0,919,0,40,2,0,2,1,5,46,3
2125038,0,919,0,40,2,0,2,1,5,20,3
2125042,0,919,0,40,3,0,2,1,5,60,3
2125046,0,919,0,40,3,0,2,1,5,62,3
2125054,0,919,0,40,3,0,2,1,5,59,3
2125058,0,919,0,40,2,0,2,1,5,34,3
2125070,0,919,0,40,3,0,2,1,5,24,3
2125074,0,919,0,40,3,0,2,1,5,66,3
2125078,0,919,0,40,3,0,2,1,5,37,3
2125082,0,919,0,40,3,0,2,1,5,39,3
2125090,0,919,0,40,2,0,2,1,5,41,3
2125094,0,919,0,40,3,0,2,1,5,57,3
2125106,0,919,0,40,2,0,2,1,5,19,3
2125114,0,919,0,40,3,0,2,1,5,23,3
2125126,0,919,0,40,3,0,2,1,5,38,3
2125130,0,919,0,40,2,0,2,1,5,46,3
2125134,0,919,0,40,2,0,2,1,5,23,3
2125138,0,919,0,40,3,0,2,1,5,44,3
2125146,0,919,0,40,2,0,2,1,5,44,3
2125154,0,919,0,40,3,0,2,1,5,20,3
2125166,0,919,0,40,2,0,2,1,5,34,3
2125174,0,919,0,40,3,0,2,1,5,45,3
2125182,0,919,0,40,3,0,2,1,5,45,3
2125190,0,919,0,40,3,0,2,1,5,59,3
2125194,0,919,0,40,2,0,2,1,5,23,3
2125198,0,919,0,40,2,0,2,1,5,41,3
2125201,0,919,0,40,2,0,2,1,5,32,3
2125203,0,919,0,40,2,0,2,1,5,60,3
2125209,0,919,0,40,2,0,2,1,5,62,3
2125211,0,919,0,40,3,0,2,1,5,55,3
2125217,0,919,0,40,3,0,2,1,5,36,3
2125221,0,919,0,40,2,0,2,1,5,28,3
2125225,0,919,0,40,2,0,2,1,5,45,3
2125233,0,919,0,40,3,0,2,1,5,34,3
2125237,0,919,0,40,3,0,2,1,5,84,3
2125239,0,919,0,40,3,0,2,1,5,28,3
2125241,0,919,0,40,3,0,2,1,5,24,3
2125243,0,919,0,40,2,0,2,1,5,62,3
2125249,0,919,0,40,3,0,2,1,5,20,3
2125253,0,919,0,40,3,0,2,1,5,49,3
2125257,0,919,0,40,2,0,2,1,5,54,3
2125261,0,919,0,40,2,0,2,1,5,67,3
2125265,0,919,0,40,2,0,2,1,5,42,3
2125273,0,919,0,40,2,0,2,1,5,23,3
2125279,0,919,0,40,3,0,2,1,5,36,3
2125287,0,919,0,40,3,0,2,1,5,32,3
2125293,0,919,0,40,2,0,2,1,5,102,3
2125295,0,919,0,40,2,0,2,1,5,38,3
2125297,0,919,0,40,3,0,2,1,5,57,3
2125301,0,919,0,40,3,0,2,1,5,38,3
2125303,0,919,0,40,2,0,2,1,5,65,3
2125307,0,919,0,40,3,0,2,1,5,51,3
2125311,0,919,0,40,2,0,2,1,5,76,3
2125321,0,919,0,40,2,0,2,1,5,54,3
2125323,0,919,0,40,3,0,2,1,5,111,3
2125325,0,919,0,40,3,0,2,1,5,29,3
2125327,0,919,0,40,2,0,2,1,5,40,3
2125331,0,919,0,40,2,0,2,1,5,34,3
2125333,0,919,0,40,3,0,2,1,5,44,3
2125337,0,919,0,40,2,0,2,1,5,96,3
2125343,0,919,0,40,3,0,2,1,5,63,3
2125345,0,919,0,40,3,0,2,1,5,113,3
2125349,0,919,0,40,2,0,2,1,5,63,3
2125351,0,919,0,40,3,0,2,1,5,83,3
2125353,0,919,0,40,3,0,2,1,5,61,3
2125355,0,919,0,40,3,0,2,1,5,90,3
2125359,0,919,0,40,3,0,2,1,5,43,3
2125365,0,919,0,40,2,0,2,1,5,62,3
2125369,0,919,0,40,2,0,2,1,5,14,3
2125371,0,919,0,40,2,0,2,1,5,24,3
2125373,0,919,0,40,2,0,2,1,5,49,3
2125377,0,919,0,40,2,0,2,1,5,18,3
2125379,0,919,0,40,2,0,2,1,5,68,3
2125381,0,919,0,40,2,0,2,1,5,105,3
2125385,0,919,0,40,3,0,2,1,5,29,3
2125387,0,919,0,40,3,0,2,1,5,53,3
2125389,0,919,0,40,3,0,2,1,5,34,3
2125395,0,919,0,40,2,0,2,1,5,46,3
2125399,0,919,0,40,2,0,2,1,5,13,3
2125403,0,919,0,40,3,0,2,1,5,73,3
2125405,0,919,0,40,3,0,2,1,5,24,3
2125407,0,919,0,40,3,0,2,1,5,32,3
2125409,0,919,0,40,3,0,2,1,5,51,3
2125411,0,919,0,40,3,0,2,1,5,44,3
2125413,0,919,0,40,2,0,2,1,5,39,3
2125417,0,919,0,40,2,0,2,1,5,33,3
2125423,0,919,0,40,2,0,2,1,5,68,3
2125425,0,919,0,40,3,0,2,1,5,48,3
2125429,0,919,0,40,2,0,2,1,5,76,3
2125433,0,919,0,40,3,0,2,1,5,50,3
2125435,0,919,0,40,2,0,2,1,5,73,3
2125441,0,919,0,40,3,0,2,1,5,28,3
2125447,0,919,0,40,2,0,2,1,5,29,3
2125449,0,919,0,40,3,0,2,1,5,29,3
2125453,0,919,0,40,3,0,2,1,5,14,3
2125457,0,919,0,40,2,0,2,1,5,38,3
2125459,0,919,0,40,2,0,2,1,5,26,3
2125461,0,919,0,40,3,0,2,1,5,98,3
2125479,0,919,0,40,3,0,2,1,5,45,3
2125483,0,919,0,40,3,0,2,1,5,62,3
2125485,0,919,0,40,2,0,2,1,5,22,3
2125487,0,919,0,40,3,0,2,1,5,44,3
2125493,0,919,0,40,2,0,2,1,5,45,3
2125499,0,919,0,40,3,0,2,1,5,36,3
2125503,0,919,0,40,2,0,2,1,5,33,3
2125505,0,919,0,40,2,0,2,1,5,32,3
2125507,0,919,0,40,3,0,2,1,5,49,3
2125511,0,919,0,40,2,0,2,1,5,60,3
2125513,0,919,0,40,3,0,2,1,5,27,3
2125515,0,919,0,40,2,0,2,1,5,22,3
2125519,0,919,0,40,2,0,2,1,5,32,3
2125521,0,919,0,40,2,0,2,1,5,40,3
2125525,0,919,0,40,3,0,2,1,5,28,3
2125529,0,919,0,40,3,0,2,1,5,16,3
2125531,0,919,0,40,3,0,2,1,5,44,3
2125537,0,919,0,40,2,0,2,1,5,27,3
2125539,0,919,0,40,3,0,2,1,5,58,3
2125547,0,919,0,40,2,0,2,1,5,49,3
2125549,0,919,0,40,3,0,2,1,5,22,3
2125551,0,919,0,40,2,0,2,1,5,36,3
2125553,0,919,0,40,2,0,2,1,5,37,3
2125555,0,919,0,40,3,0,2,1,5,43,3
2125557,0,919,0,40,3,0,2,1,5,33,3
2125559,0,919,0,40,2,0,2,1,5,17,3
2125561,0,919,0,40,3,0,2,1,5,29,3
2125569,0,919,0,40,2,0,2,1,5,18,3
2125577,0,919,0,40,2,0,2,1,5,57,3
2125579,0,919,0,40,3,0,2,1,5,20,3
2125581,0,919,0,40,3,0,2,1,5,22,3
2125583,0,919,0,40,3,0,2,1,5,41,3
2125587,0,919,0,40,2,0,2,1,5,30,3
2125589,0,919,0,40,2,0,2,1,5,114,3
2125593,0,919,0,40,2,0,2,1,5,68,3
2125597,0,919,0,40,3,0,2,1,5,35,3
2125601,0,919,0,40,2,0,2,1,5,49,3
2125607,0,919,0,40,3,0,2,1,5,17,3
2125609,0,919,0,40,3,0,2,1,5,71,3
2125611,0,919,0,40,2,0,2,1,5,35,3
2125615,0,919,0,40,2,0,2,1,5,31,3
2125617,0,919,0,40,3,0,2,1,5,40,3
2125623,0,919,0,40,3,0,2,1,5,24,3
2125627,0,919,0,40,2,0,2,1,5,46,3
2125633,0,919,0,40,2,0,2,1,5,62,3
2125643,0,919,0,40,3,0,2,1,5,32,3
2125649,0,919,0,40,3,0,2,1,5,46,3
2125653,0,919,0,40,2,0,2,1,5,49,3
2125657,0,919,0,40,2,0,2,1,5,62,3
2125665,0,919,0,40,2,0,2,1,5,25,3
2125667,0,919,0,40,2,0,2,1,5,68,3
2125669,0,919,0,40,3,0,2,1,5,59,3
2125671,0,919,0,40,3,0,2,1,5,24,3
2125675,0,919,0,40,3,0,2,1,5,66,3
2125677,0,919,0,40,2,0,2,1,5,13,3
2125679,0,919,0,40,3,0,2,1,5,27,3
2125687,0,919,0,40,2,0,2,1,5,48,3
2125695,0,919,0,40,3,0,2,1,5,70,3
2125697,0,919,0,40,3,0,2,1,5,29,3
2125701,0,919,0,40,2,0,2,1,5,41,3
2125705,0,919,0,40,2,0,2,1,5,42,3
2125707,0,919,0,40,2,0,2,1,5,48,3
2125709,0,919,0,40,3,0,2,1,5,68,3
2125711,0,919,0,40,3,0,2,1,5,50,3
2125715,0,919,0,40,2,0,2,1,5,80,3
2125717,0,919,0,40,2,0,2,1,5,43,3
2125725,2,919,0,40,3,0,2,1,5,21,3
2125729,0,919,0,40,2,0,2,1,5,21,3
2125731,0,919,0,40,2,0,2,1,5,30,3
2125733,0,919,0,40,3,0,2,1,5,29,3
2125735,0,919,0,40,3,0,2,1,5,11,3
2125741,0,919,0,40,3,0,2,1,5,61,3
2125745,0,919,0,40,3,0,2,1,5,30,3
2125753,0,919,0,40,2,0,2,1,5,39,3
2125755,0,919,0,40,3,0,2,1,5,48,3
2125757,0,919,0,40,2,0,2,1,5,25,3
2125759,0,919,0,40,2,0,2,1,5,67,3
2125767,0,919,0,40,2,0,2,1,5,30,3
2110870,0,919,0,40,3,1,2,1,15,36,3
2101308,0,919,0,40,2,4,2,1,29,31,3
2072819,0,919,0,40,3,8,2,1,83,24,3
2073613,0,919,0,40,2,13,2,1,54,34,3
2087367,0,919,0,40,3,6,2,1,43,67,3
2116738,0,919,0,40,2,1,2,1,7,34,3
2088936,0,919,0,40,3,2,2,1,58,40,3
2079120,0,919,0,40,3,9,2,1,49,36,3
2114374,0,919,0,40,2,1,2,1,10,15,3
2106198,0,919,0,40,3,2,2,1,15,26,3
2102332,0,919,0,40,2,4,2,1,15,103,3
2077468,0,919,0,40,2,9,2,1,48,66,3
2097704,0,919,0,40,2,2,2,1,35,33,3
2068526,0,919,0,40,2,4,2,1,32,70,3
2096550,0,919,0,40,2,3,2,1,32,23,3
2092994,0,919,0,40,3,5,2,1,33,61,3
2114221,0,919,0,40,2,2,2,1,11,14,3
2092734,0,919,0,40,3,5,2,1,35,31,3
2110846,0,919,0,40,3,3,2,1,13,60,3
2078450,0,919,0,40,2,9,2,1,59,36,3
2070988,0,919,0,40,3,11,2,1,50,34,3
2099536,0,919,0,40,3,6,2,1,17,18,3
2114537,0,919,0,40,3,2,2,1,12,136,3
2099697,0,919,0,40,3,1,2,1,41,64,3
2090991,0,919,0,40,2,4,2,1,39,14,3
2108441,0,919,0,40,2,2,2,1,20,25,3
2112813,0,919,0,40,3,1,2,1,17,62,3
2096802,0,919,0,40,3,5,2,1,27,43,3
2082107,0,919,0,40,3,6,2,1,52,72,3
2104446,0,919,0,40,3,3,2,1,25,19,3
2115936,0,919,0,40,3,1,2,1,11,28,3
2113188,0,919,0,40,3,2,2,1,11,71,3
2116784,0,919,0,40,2,1,2,1,10,24,3
2114739,0,919,0,40,2,2,2,1,10,53,3
2106239,0,919,0,40,2,3,2,1,22,47,3
2095608,0,919,0,40,2,4,2,1,32,33,3
2091783,0,919,0,40,3,6,2,1,31,18,3
2102663,0,919,0,40,3,7,2,1,15,31,3
2117836,0,919,0,40,3,1,2,1,8,38,3
2071289,0,919,0,40,2,5,2,1,41,28,3
2104553,0,919,0,40,3,4,2,1,18,35,3
2118771,0,919,0,40,2,1,2,1,7,21,3
2096836,0,919,0,40,2,4,2,1,21,45,3
2088578,0,919,0,40,3,7,2,1,34,34,3
2104662,0,919,0,40,2,4,2,1,21,57,3
2080352,0,919,0,40,3,10,2,1,49,19,3
2102372,0,919,0,40,3,5,2,1,19,22,3
2117887,0,919,0,40,2,1,2,1,6,50,3
2099476,0,919,0,40,3,4,2,1,22,35,3
2100882,0,919,0,40,3,3,2,1,31,47,3
2085650,0,919,0,40,3,7,2,1,47,64,3
2076525,0,919,0,40,2,12,2,1,51,30,3
2118171,0,919,0,40,3,2,2,1,6,62,3
2119453,0,919,0,40,3,1,2,1,5,77,3
2089653,0,919,0,40,3,7,2,1,47,125,3
2093891,0,919,0,40,2,4,2,1,42,75,3
2109744,0,919,0,40,2,2,2,1,19,21,3
2108429,0,919,0,40,2,2,2,1,19,49,3
2111923,0,919,0,40,2,1,2,1,15,38,3
2104173,0,919,0,40,2,4,2,1,21,62,3
2100843,0,919,0,40,2,4,2,1,26,65,3
2093606,0,919,0,40,2,6,2,1,40,28,3
2094725,0,919,0,40,2,5,2,1,32,16,3
2080269,0,919,0,40,2,10,2,1,55,23,3
2083440,0,919,0,40,3,9,2,1,40,26,3
2109029,0,919,0,40,3,3,2,1,15,58,3
2108657,0,919,0,40,2,2,2,1,21,30,3
2083479,0,919,0,40,2,7,2,1,51,33,3
2117514,0,919,0,40,3,1,2,1,10,41,3
2100552,0,919,0,40,2,4,2,1,26,15,3
2101431,0,919,0,40,2,4,2,1,29,60,3
2106030,0,919,0,40,3,3,2,1,22,38,3
2108290,0,919,0,40,2,2,2,1,15,30,3
1974922,0,919,0,40,2,32,2,1,185,28,3
2114718,0,919,0,40,2,2,2,1,9,42,3
2096945,0,919,0,40,2,4,2,1,26,27,3
2110601,0,919,0,40,2,2,2,1,14,34,3
2100854,0,919,0,40,2,3,2,1,27,56,3
2115595,0,919,0,40,3,2,2,1,9,51,3
2115543,0,919,0,40,2,2,2,1,10,60,3
2117019,0,919,0,40,3,2,2,1,8,37,3
2118957,0,919,0,40,2,1,2,1,7,51,3
2087215,0,919,0,40,3,6,2,1,46,60,3
2099171,0,919,0,40,3,6,2,1,24,83,3
2101600,0,919,0,40,2,4,2,1,24,51,3
2094716,0,919,0,40,3,3,2,1,46,51,3
2118409,1,919,905,31.908,2,2,2,1,7,109,3
2119715,0,919,0,40,2,1,2,1,6,70,3
2111326,0,919,0,40,2,3,2,1,10,42,3
2083091,0,919,0,40,2,10,2,1,50,36,3
2091283,0,919,0,40,3,6,2,1,44,46,3
2112855,0,919,0,40,2,2,2,1,13,53,3
2115711,0,919,0,40,2,2,2,1,8,43,3
2082353,0,919,0,40,2,7,2,1,58,53,3
2105328,0,919,0,40,3,4,2,1,15,37,3
2116414,0,919,0,40,3,2,2,1,8,64,3
2107767,0,919,0,40,3,3,2,1,23,26,3
2105004,0,919,0,40,3,4,2,1,23,19,3
2114784,1,919,905,39.4813,2,3,2,1,7,68,3
2085729,0,919,0,40,3,8,2,1,43,48,3
2118844,0,919,0,40,3,1,2,1,5,116,3
2119924,0,919,0,40,2,1,2,1,5,34,3
2091114,0,919,0,40,3,3,2,1,53,24,3
2099188,0,919,0,40,2,2,2,1,30,54,3
2079676,0,919,0,40,2,6,2,1,69,46,3
2093832,0,919,0,40,2,4,2,1,32,37,3
2111361,0,919,0,40,3,1,2,1,20,39,3
2076492,0,919,0,40,3,10,2,1,68,26,3
2110120,0,919,0,40,3,2,2,1,18,35,3
2106201,0,919,0,40,3,3,2,1,24,27,3
2110399,0,919,0,40,3,2,2,1,18,66,3
2064183,0,919,0,40,2,4,2,1,31,22,3
2073789,0,919,0,40,2,9,2,1,84,41,3
2079624,0,919,0,40,3,9,2,1,59,51,3
2095911,0,919,0,40,2,6,2,1,35,49,3
2114887,0,919,0,40,3,1,2,1,14,46,3
2091801,0,919,0,40,3,7,2,1,32,20,3
2088076,0,919,0,40,3,6,2,1,43,20,3
2115900,0,919,0,40,2,1,2,1,13,30,3
2111830,0,919,0,40,2,2,2,1,15,48,3
2073564,0,919,0,40,2,10,2,1,67,57,3
2088648,0,919,0,40,2,6,2,1,46,71,3
2073502,0,919,0,40,2,11,2,1,77,67,3
2097849,0,919,0,40,2,5,2,1,30,52,3
2109689,0,919,0,40,2,3,2,1,15,58,3
2072472,0,919,0,40,3,8,2,1,57,79,3
2095978,0,919,0,40,3,4,2,1,29,40,3
2107672,0,919,0,40,2,2,2,1,22,87,3
2092657,0,919,0,40,3,5,2,1,47,14,3
2061572,1,919,900,15.4812,3,9,2,1,76,45,3
2117593,0,919,0,40,2,1,2,1,10,44,3
2109988,0,919,0,40,3,2,2,1,13,71,3
2078483,0,919,0,40,3,9,2,1,65,52,3
2075985,0,919,0,40,2,10,2,1,59,19,3
2115903,0,919,0,40,2,2,2,1,12,28,3
2118211,0,919,0,40,2,1,2,1,9,44,3
2118719,0,919,0,40,3,1,2,1,9,23,3
2101362,0,919,0,40,2,4,2,1,23,35,3
2092907,0,919,0,40,2,7,2,1,32,52,3
2082459,0,919,0,40,2,9,2,1,57,69,3
2101353,0,919,0,40,3,4,2,1,28,62,3
2114525,0,919,0,40,2,2,2,1,14,16,3
2078726,0,919,0,40,2,11,2,1,57,22,3
2118770,0,919,0,40,3,1,2,1,8,13,3
2088267,0,919,0,40,3,7,2,1,32,65,3
2071057,0,919,0,40,3,8,2,1,42,23,3
2104441,0,919,0,40,2,3,2,1,24,42,3
2101335,0,919,0,40,3,3,2,1,26,46,3
2099206,0,919,0,40,2,3,2,1,34,72,3
2113603,0,919,0,40,2,2,2,1,13,29,3
2094958,0,919,0,40,3,5,2,1,36,46,3
2099238,0,919,0,40,3,6,2,1,27,48,3
2103846,0,919,0,40,3,5,2,1,21,89,3
2090071,0,919,0,40,2,7,2,1,36,69,3
2118620,0,919,0,40,2,1,2,1,7,28,3
2119314,0,919,0,40,3,1,2,1,7,31,3
2119807,0,919,0,40,3,1,2,1,7,45,3
2069388,0,919,0,40,3,3,2,1,11,48,3
2089773,0,919,0,40,3,5,2,1,46,30,3
2093316,0,919,0,40,3,4,2,1,37,46,3
2110726,0,919,0,40,3,2,2,1,18,55,3
2080262,0,919,0,40,3,7,2,1,67,34,3
2108457,0,919,0,40,2,3,2,1,17,45,3
2071273,0,919,0,40,3,13,2,1,93,40,3
2100980,0,919,0,40,3,5,2,1,24,24,3
2118728,0,919,0,40,2,1,2,1,6,23,3
2119424,0,919,0,40,2,1,2,1,6,105,3
2120276,0,919,0,40,3,1,2,1,6,32,3
2098611,0,919,0,40,3,5,2,1,24,41,3
2081641,0,919,0,40,3,8,2,1,45,39,3
2114609,0,919,0,40,2,2,2,1,10,32,3
2096270,0,919,0,40,3,5,2,1,30,40,3
2107529,0,919,0,40,2,4,2,1,18,59,3
2097710,0,919,0,40,2,7,2,1,17,79,3
2097081,0,919,0,40,3,4,2,1,29,48,3
2090705,0,919,0,40,2,5,2,1,34,50,3
2072209,0,919,0,40,2,14,2,1,70,16,3
2118495,0,919,0,40,2,2,2,1,6,58,3
2086891,0,919,0,40,2,10,2,1,45,24,3
2102021,0,919,0,40,3,6,2,1,20,49,3
2120005,0,919,0,40,2,1,2,1,5,75,3
2120657,0,919,0,40,3,1,2,1,5,53,3
2095330,0,919,0,40,2,2,2,1,44,52,3
2074263,0,919,0,40,2,8,2,1,86,35,3
2109838,0,919,0,40,3,1,2,1,23,32,3
2103649,0,919,0,40,2,3,2,1,27,69,3
2061401,0,919,0,40,3,9,2,1,74,21,3
2112642,0,919,0,40,3,1,2,1,19,58,3
2103373,0,919,0,40,2,4,2,1,25,66,3
2084575,0,919,0,40,3,6,2,1,59,28,3
2113665,0,919,0,40,2,1,2,1,17,56,3
2087372,0,919,0,40,2,7,2,1,39,59,3
2097573,0,919,0,40,3,4,2,1,33,19,3
2101838,0,919,0,40,2,4,2,1,31,37,3
2112692,0,919,0,40,2,1,2,1,16,36,3
2104216,0,919,0,40,3,2,2,1,27,53,3
2067143,0,919,0,40,2,3,2,1,23,60,3
2068763,0,919,0,40,3,5,2,1,29,14,3
2111041,0,919,0,40,2,3,2,1,17,23,3
2106581,0,919,0,40,3,2,2,1,20,18,3
2069020,0,919,0,40,2,8,2,1,52,23,3
2086397,0,919,0,40,2,7,2,1,53,21,3
2095234,0,919,0,40,2,5,2,1,33,48,3
2116012,0,919,0,40,3,1,2,1,14,27,3
2066861,0,919,0,40,3,6,2,1,30,32,3
2102613,0,919,0,40,3,3,2,1,27,36,3
2108646,0,919,0,40,3,2,2,1,21,72,3
2116183,0,919,0,40,2,1,2,1,13,43,3
2116672,0,919,0,40,3,1,2,1,13,71,3
2094820,0,919,0,40,2,4,2,1,35,44,3
2085854,0,919,0,40,3,8,2,1,44,16,3
2114188,0,919,0,40,2,2,2,1,15,44,3
2112879,0,919,0,40,3,2,2,1,19,16,3
2067469,0,919,0,40,2,10,2,1,57,35,3
2108247,0,919,0,40,2,3,2,1,16,42,3
2102277,0,919,0,40,2,4,2,1,23,44,3
2092778,0,919,0,40,2,5,2,1,38,22,3
2085286,0,919,0,40,2,8,2,1,42,29,3
2112768,0,919,0,40,2,2,2,1,15,52,3
2103227,0,919,0,40,3,4,2,1,18,39,3
2106127,0,919,0,40,3,3,2,1,30,29,3
2118056,0,919,0,40,2,1,2,1,11,18,3
2069012,0,919,0,40,3,5,2,1,57,40,3
2092551,0,919,0,40,2,5,2,1,37,41,3
2069152,0,919,0,40,2,6,2,1,81,66,3
2100596,0,919,0,40,3,5,2,1,19,65,3
2094193,0,919,0,40,3,6,2,1,32,32,3
2118597,0,919,0,40,3,1,2,1,10,55,3
2065670,0,919,0,40,3,11,2,1,75,24,3
2103918,0,919,0,40,3,2,2,1,31,36,3
2102330,0,919,0,40,3,5,2,1,25,17,3
2112195,0,919,0,40,2,2,2,1,11,34,3
2051764,0,919,0,40,2,14,2,1,78,36,3
2092263,0,919,0,40,2,6,2,1,40,44,3
2115821,0,919,0,40,3,2,2,1,11,36,3
2109780,0,919,0,40,3,2,2,1,21,65,3
2103130,0,919,0,40,3,6,2,1,23,36,3
2061882,0,919,0,40,3,5,2,1,39,50,3
2075215,0,919,0,40,2,12,2,1,66,51,3
2118961,0,919,0,40,2,1,2,1,9,29,3
2103265,0,919,0,40,2,3,2,1,21,56,3
2064187,0,919,0,40,2,9,2,1,63,40,3
2105042,0,919,0,40,2,4,2,1,18,46,3
2107055,0,919,0,40,3,2,2,1,25,54,3
2069891,0,919,0,40,2,9,2,1,52,52,3
2089023,0,919,0,40,3,6,2,1,45,53,3
2068902,0,919,0,40,3,4,2,1,35,31,3
2064758,0,919,0,40,3,9,2,1,39,54,3
2103273,0,919,0,40,2,4,2,1,14,46,3
2088091,0,919,0,40,2,6,2,1,47,29,3
2078029,0,919,0,40,2,8,2,1,60,8,3
2101923,0,919,0,40,3,4,2,1,30,41,3
2098788,0,919,0,40,3,5,2,1,30,27,3
2118906,0,919,0,40,2,1,2,1,8,34,3
2087740,0,919,0,40,3,6,2,1,44,45,3
2105870,0,919,0,40,3,4,2,1,16,62,3
2091708,0,919,0,40,3,6,2,1,35,39,3
2101865,0,919,0,40,2,5,2,1,22,60,3
2058403,0,919,0,40,2,9,2,1,79,17,3
2118267,0,919,0,40,2,2,2,1,9,90,3
2119268,0,919,0,40,3,1,2,1,7,35,3
2119900,0,919,0,40,3,1,2,1,7,48,3
2120486,0,919,0,40,2,1,2,1,7,72,3
2089238,0,919,0,40,2,5,2,1,46,21,3
2092429,0,919,0,40,3,7,2,1,32,52,3
2109464,0,919,0,40,2,3,2,1,17,67,3
2071041,0,919,0,40,3,7,2,1,40,49,3
2085652,0,919,0,40,3,7,2,1,47,21,3
2087926,0,919,0,40,2,6,2,1,43,45,3
2094795,0,919,0,40,2,3,2,1,44,54,3
2105691,0,919,0,40,2,3,2,1,29,27,3
2081981,0,919,0,40,2,9,2,1,44,25,3
2067971,0,919,0,40,3,11,2,1,44,22,3
2109127,0,919,0,40,3,3,2,1,11,70,3
2089780,0,919,0,40,3,8,2,1,31,33,3
2116724,0,919,0,40,3,2,2,1,10,38,3
2085227,0,919,0,40,3,7,2,1,39,47,3
2112491,0,919,0,40,3,2,2,1,19,31,3
2107419,0,919,0,40,3,5,2,1,19,21,3
2119024,0,919,0,40,2,1,2,1,6,36,3
2119794,0,919,0,40,2,1,2,1,6,41,3
2120589,0,919,0,40,2,1,2,1,6,51,3
2079943,0,919,0,40,3,9,2,1,46,20,3
2115196,0,919,0,40,2,2,2,1,9,18,3
2068001,0,919,0,40,2,7,2,1,50,99,3
2111659,0,919,0,40,2,3,2,1,11,81,3
2074206,0,919,0,40,3,9,2,1,66,50,3
2093980,0,919,0,40,2,5,2,1,37,20,3
2109198,0,919,0,40,3,4,2,1,14,34,3
2110345,0,919,0,40,2,3,2,1,13,35,3
2093538,0,919,0,40,3,4,2,1,47,27,3
2087809,0,919,0,40,3,7,2,1,44,48,3
2118096,0,919,0,40,3,2,2,1,8,14,3
2099588,0,919,0,40,3,3,2,1,36,52,3
2119333,1,919,907,29.3428,3,2,2,1,7,61,3
2089905,0,919,0,40,2,5,2,1,50,76,3
2070774,0,919,0,40,3,17,2,1,56,67,3
2120530,0,919,0,40,3,1,2,1,5,71,3
2121145,0,919,0,40,3,1,2,1,5,28,3
2121355,0,919,0,40,3,1,2,1,5,33,3
2121633,0,919,0,40,3,1,2,1,5,33,3
2099720,0,919,0,40,3,4,2,1,43,113,3
2097262,0,919,0,40,3,3,2,1,39,34,3
2079394,0,919,0,40,2,9,2,1,73,65,3
2104838,0,919,0,40,2,2,2,1,28,23,3
2110986,0,919,0,40,3,1,2,1,24,6,3
2066223,0,919,0,40,2,12,2,1,71,31,3
2110357,0,919,0,40,2,1,2,1,22,49,3
2085159,0,919,0,40,3,6,2,1,57,30,3
2112457,0,919,0,40,3,1,2,1,21,60,3
2071349,0,919,0,40,2,7,2,1,61,50,3
2089440,0,919,0,40,2,5,2,1,48,62,3
2068722,0,919,0,40,3,6,2,1,47,36,3
2079896,0,919,0,40,2,6,2,1,63,20,3
2099513,0,919,0,40,2,3,2,1,38,30,3
2114384,0,919,0,40,3,1,2,1,17,78,3
2099791,0,919,0,40,2,4,2,1,30,54,3
2068400,0,919,0,40,3,7,2,1,64,36,3
2114590,0,919,0,40,2,1,2,1,16,49,3
2082440,0,919,0,40,2,7,2,1,54,45,3
2093466,0,919,0,40,3,4,2,1,38,68,3
2080776,0,919,0,40,3,6,2,1,66,65,3
2091463,0,919,0,40,2,7,2,1,37,45,3
2116128,0,919,0,40,2,1,2,1,15,36,3
2107208,0,919,0,40,2,2,2,1,24,33,3
2084330,0,919,0,40,3,6,2,1,53,26,3
2075296,0,919,0,40,3,10,2,1,77,54,3
2109004,0,919,0,40,2,3,2,1,20,43,3
2113820,0,919,0,40,3,2,2,1,16,43,3
2093602,0,919,0,40,2,6,2,1,37,30,3
2100886,0,919,0,40,2,4,2,1,29,14,3
2085380,0,919,0,40,2,5,2,1,61,50,3
2106122,0,919,0,40,3,2,2,1,26,29,3
2097147,0,919,0,40,2,3,2,1,43,33,3
2077495,0,919,0,40,2,11,2,1,65,46,3
2085471,0,919,0,40,2,6,2,1,52,36,3
2067552,0,919,0,40,3,9,2,1,73,38,3
2117160,0,919,0,40,2,1,2,1,13,30,3
2117534,0,919,0,40,3,1,2,1,13,19,3
2107890,0,919,0,40,2,2,2,1,18,19,3
2113176,0,919,0,40,3,2,2,1,15,22,3
2103780,0,919,0,40,3,3,2,1,31,48,3
2093026,0,919,0,40,2,5,2,1,44,47,3
2115632,0,919,0,40,3,2,2,1,13,51,3
2088077,0,919,0,40,3,7,2,1,40,52,3
2116305,0,919,0,40,2,1,2,1,12,23,3
2077602,0,919,0,40,2,9,2,1,56,30,3
2109241,0,919,0,40,3,3,2,1,15,34,3
2092935,0,919,0,40,3,8,2,1,37,32,3
2077779,0,919,0,40,2,8,2,1,74,47,3
2115445,0,919,0,40,3,2,2,1,12,31,3
2046359,0,919,0,40,2,14,2,1,97,23,3
2113627,0,919,0,40,3,2,2,1,14,76,3
2078536,0,919,0,40,2,8,2,1,68,19,3
2064165,0,919,0,40,3,8,2,1,63,41,3
2118615,0,919,0,40,3,1,2,1,11,21,3
2086334,0,919,0,40,3,8,2,1,39,49,3
2093617,1,919,884,16.0292,3,7,2,1,34,47,3
2110772,0,919,0,40,3,3,2,1,15,43,3
2111647,0,919,0,40,3,3,2,1,13,30,3
2090678,1,919,863,15.6969,3,7,2,1,38,33,3
2099278,0,919,0,40,3,4,2,1,31,15,3
2085183,0,919,0,40,3,7,2,1,48,48,3
2098306,0,919,0,40,3,5,2,1,25,16,3
2104362,0,919,0,40,3,5,2,1,20,18,3
2118826,0,919,0,40,2,1,2,1,10,21,3
2119061,0,919,0,40,3,1,2,1,10,55,3
2119287,0,919,0,40,2,1,2,1,10,51,3
2091622,0,919,0,40,3,4,2,1,34,28,3
2095264,0,919,0,40,2,6,2,1,29,62,3
2098093,0,919,0,40,3,4,2,1,34,40,3
2098683,0,919,0,40,2,6,2,1,28,51,3
2095976,0,919,0,40,2,6,2,1,28,35,3
2112856,0,919,0,40,2,2,2,1,15,83,3
2088704,0,919,0,40,3,7,2,1,43,34,3
2069889,0,919,0,40,3,9,2,1,47,62,3
2074565,0,919,0,40,3,12,2,1,62,61,3
2106769,0,919,0,40,3,4,2,1,17,52,3
2113561,0,919,0,40,3,3,2,1,11,48,3
2105495,0,919,0,40,3,4,2,1,27,66,3
2110731,0,919,0,40,2,2,2,1,20,57,3
2118816,0,919,0,40,3,1,2,1,9,55,3
2119174,0,919,0,40,3,1,2,1,9,65,3
2119577,0,919,0,40,3,1,2,1,9,44,3
2119825,0,919,0,40,3,1,2,1,9,40,3
2065475,0,919,0,40,3,6,2,1,53,26,3
2100826,0,919,0,40,2,5,2,1,26,31,3
2114208,0,919,0,40,3,2,2,1,9,30,3
2083591,0,919,0,40,2,7,2,1,48,45,3
2115036,0,919,0,40,3,2,2,1,10,29,3
2105525,0,919,0,40,2,3,2,1,23,52,3
2085786,0,919,0,40,2,7,2,1,53,42,3
2097801,0,919,0,40,2,6,2,1,25,41,3
2102791,0,919,0,40,2,3,2,1,28,30,3
2097248,0,919,0,40,3,5,2,1,29,70,3
2115091,0,919,0,40,2,2,2,1,12,61,3
2112963,0,919,0,40,2,3,2,1,10,26,3
2098053,0,919,0,40,2,7,2,1,27,51,3
2112147,0,919,0,40,2,2,2,1,15,76,3
2115749,0,919,0,40,2,2,2,1,13,54,3
2116200,0,919,0,40,2,2,2,1,12,20,3
2084927,0,919,0,40,3,9,2,1,52,50,3
2094327,0,919,0,40,2,9,2,1,27,29,3
2061220,0,919,0,40,3,11,2,1,68,57,3
2102781,0,919,0,40,2,5,2,1,26,29,3
2118592,0,919,0,40,3,1,2,1,8,33,3
2119180,0,919,0,40,2,1,2,1,8,28,3
2119978,0,919,0,40,2,1,2,1,8,44,3
2120064,0,919,0,40,3,1,2,1,8,40,3
2120328,0,919,0,40,2,1,2,1,8,26,3
2095425,0,919,0,40,3,4,2,1,36,47,3
2103178,0,919,0,40,2,4,2,1,23,37,3
2115979,0,919,0,40,2,2,2,1,9,42,3
2073825,0,919,0,40,2,12,2,1,63,52,3
2116509,0,919,0,40,3,2,2,1,8,52,3
2078711,0,919,0,40,2,10,2,1,57,21,3
2114322,0,919,0,40,2,2,2,1,11,28,3
2103986,0,919,0,40,2,5,2,1,20,65,3
2100623,0,919,0,40,2,5,2,1,26,68,3
2104853,0,919,0,40,3,5,2,1,23,34,3
2071417,0,919,0,40,2,11,2,1,92,21,3
2070625,0,919,0,40,3,16,2,1,79,25,3
2118316,0,919,0,40,3,1,2,1,7,68,3
2119410,0,919,0,40,3,1,2,1,7,39,3
2119906,0,919,0,40,3,1,2,1,7,32,3
2120033,0,919,0,40,3,1,2,1,7,46,3
2104036,0,919,0,40,2,3,2,1,17,100,3
2105424,0,919,0,40,3,3,2,1,22,61,3
2104536,0,919,0,40,3,4,2,1,21,81,3
2108911,0,919,0,40,2,3,2,1,19,35,3
2115299,0,919,0,40,3,2,2,1,10,50,3
2093946,0,919,0,40,2,6,2,1,22,50,3
2110107,0,919,0,40,2,2,2,1,21,68,3
2114800,0,919,0,40,3,2,2,1,12,68,3
2112133,0,919,0,40,3,3,2,1,11,31,3
2112244,0,919,0,40,3,3,2,1,14,24,3
2078022,0,919,0,40,3,9,2,1,65,14,3
2085109,0,919,0,40,2,12,2,1,42,36,3
2112971,0,919,0,40,2,3,2,1,13,72,3
2074541,0,919,0,40,3,12,2,1,63,40,3
2095532,1,919,911,19.811,3,5,2,1,33,48,3
2096326,0,919,0,40,2,5,2,1,38,104,3
2097330,0,919,0,40,3,3,2,1,39,42,3
2119579,0,919,0,40,2,2,2,1,7,80,3
2089220,0,919,0,40,3,8,2,1,37,53,3
2118864,1,919,911,30.4725,2,1,2,1,6,112,3
2119662,0,919,0,40,2,1,2,1,6,58,3
2120443,0,919,0,40,3,1,2,1,6,36,3
2120850,0,919,0,40,3,1,2,1,6,20,3
2121097,0,919,0,40,2,1,2,1,6,32,3
2121193,0,919,0,40,3,1,2,1,6,62,3
2121321,0,919,0,40,3,1,2,1,6,38,3
2121353,0,919,0,40,2,1,2,1,6,26,3
2121543,0,919,0,40,2,1,2,1,6,32,3
2121639,0,919,0,40,2,1,2,1,6,35,3
2075940,0,919,0,40,2,11,2,1,62,32,3
2044357,0,919,0,40,3,15,2,1,99,49,3
2086599,0,919,0,40,2,8,2,1,38,69,3
2115343,0,919,0,40,3,2,2,1,9,19,3
2112843,0,919,0,40,2,3,2,1,11,36,3
2069194,0,919,0,40,2,13,2,1,50,48,3
2085072,0,919,0,40,3,7,2,1,49,52,3
2111247,0,919,0,40,2,3,2,1,10,33,3
2110013,0,919,0,40,2,3,2,1,14,45,3
2063578,0,919,0,40,3,8,2,1,55,30,3
2112391,0,919,0,40,3,2,2,1,15,65,3
2101520,0,919,0,40,2,5,2,1,26,46,3
2108687,0,919,0,40,3,4,2,1,19,70,3
2100661,0,919,0,40,3,4,2,1,31,30,3
2093884,0,919,0,40,2,6,2,1,42,44,3
2100908,0,919,0,40,2,5,2,1,19,48,3
2108479,0,919,0,40,2,3,2,1,17,18,3
2109401,0,919,0,40,2,4,2,1,16,64,3
2117250,0,919,0,40,2,2,2,1,9,32,3
2067158,0,919,0,40,3,7,2,1,51,28,3
2103236,0,919,0,40,3,4,2,1,26,11,3
2079327,0,919,0,40,3,7,2,1,64,29,3
2104341,0,919,0,40,2,5,2,1,18,21,3
2066694,0,919,0,40,2,10,2,1,61,51,3
2118618,0,919,0,40,3,2,2,1,7,64,3
2115727,0,919,0,40,3,2,2,1,14,48,3
2097423,0,919,0,40,3,6,2,1,32,29,3
2077933,0,919,0,40,2,13,2,1,48,29,3
2119677,0,919,0,40,3,2,2,1,7,56,3
2078294,0,919,0,40,2,13,2,1,51,23,3
2118997,0,919,0,40,2,2,2,1,9,39,3
2120596,0,919,0,40,2,1,2,1,5,44,3
2121384,0,919,0,40,2,1,2,1,5,34,3
2121843,0,919,0,40,2,1,2,1,5,28,3
2122111,0,919,0,40,2,1,2,1,5,10,3
2082794,0,919,0,40,3,7,2,1,58,38,3
2086461,0,919,0,40,2,6,2,1,45,32,3
2084634,0,919,0,40,2,5,2,1,56,43,3
2110546,0,919,0,40,3,1,2,1,26,43,3
2098833,0,919,0,40,3,4,2,1,36,48,3
2107593,0,919,0,40,2,2,2,1,25,44,3
2071255,0,919,0,40,2,7,2,1,54,81,3
2111492,0,919,0,40,3,1,2,1,24,38,3
2081474,0,919,0,40,2,4,2,1,72,17,3
2067237,0,919,0,40,3,8,2,1,58,113,3
2075214,0,919,0,40,3,13,2,1,74,44,3
2052008,0,919,0,40,3,13,2,1,90,46,3
2069995,0,919,0,40,2,6,2,1,63,21,3
2104552,0,919,0,40,2,2,2,1,33,16,3
2092346,0,919,0,40,3,4,2,1,49,67,3
2101800,0,919,0,40,2,2,2,1,39,46,3
2112339,0,919,0,40,3,1,2,1,19,79,3
2101427,0,919,0,40,3,4,2,1,26,46,3
2107352,0,919,0,40,3,3,2,1,27,38,3
2063652,0,919,0,40,3,3,2,1,34,49,3
2103086,0,919,0,40,2,4,2,1,23,60,3
2111555,0,919,0,40,2,1,2,1,17,35,3
2115139,0,919,0,40,3,1,2,1,17,57,3
2115923,0,919,0,40,2,1,2,1,17,38,3
2090702,0,919,0,40,3,6,2,1,40,25,3
2075258,0,919,0,40,2,10,2,1,74,13,3
2114119,0,919,0,40,2,1,2,1,16,79,3
2115728,0,919,0,40,3,1,2,1,16,74,3
2104622,0,919,0,40,2,3,2,1,24,95,3
2106932,0,919,0,40,2,3,2,1,24,28,3
2112095,0,919,0,40,2,2,2,1,19,35,3
2116586,0,919,0,40,2,1,2,1,15,31,3
2072203,0,919,0,40,3,4,2,1,41,16,3
2108065,0,919,0,40,3,3,2,1,23,70,3
2065539,0,919,0,40,3,9,2,1,74,63,3
2078038,0,919,0,40,2,8,2,1,63,78,3
2096465,0,919,0,40,3,6,2,1,31,33,3
2104846,0,919,0,40,2,3,2,1,24,55,3
2111822,0,919,0,40,2,2,2,1,21,16,3
2115726,0,919,0,40,2,1,2,1,14,43,3
2116659,0,919,0,40,2,1,2,1,14,32,3
2117132,0,919,0,40,2,1,2,1,14,60,3
2117334,0,919,0,40,3,1,2,1,14,23,3
2109477,0,919,0,40,2,3,2,1,16,32,3
2083372,0,919,0,40,3,7,2,1,54,59,3
2097731,1,919,899,13.9196,3,6,2,1,32,45,3
2114472,0,919,0,40,3,2,2,1,15,22,3
2101445,0,919,0,40,2,4,2,1,33,16,3
2072924,0,919,0,40,3,3,2,1,28,68,3
2116065,0,919,0,40,3,1,2,1,13,41,3
2116681,0,919,0,40,2,1,2,1,13,71,3
2117213,0,919,0,40,2,1,2,1,13,21,3
2117798,0,919,0,40,2,1,2,1,13,46,3
2118030,0,919,0,40,2,1,2,1,13,22,3
2084013,0,919,0,40,2,10,2,1,45,34,3
2106716,0,919,0,40,2,4,2,1,19,52,3
2113064,0,919,0,40,2,2,2,1,15,67,3
2100628,0,919,0,40,2,4,2,1,30,30,3
2093141,0,919,0,40,3,8,2,1,38,41,3
2072981,0,919,0,40,2,8,2,1,93,56,3
2077601,0,919,0,40,3,11,2,1,73,20,3
2092594,0,919,0,40,2,7,2,1,28,108,3
2105252,1,919,902,35.4419,2,3,2,1,24,60,3
2089757,0,919,0,40,2,9,2,1,40,28,3
2089633,0,919,0,40,3,6,2,1,45,56,3
2103091,0,919,0,40,2,5,2,1,25,33,3
2115814,0,919,0,40,3,1,2,1,12,58,3
2118259,0,919,0,40,3,1,2,1,12,58,3
2086465,0,919,0,40,2,6,2,1,43,31,3
2088254,0,919,0,40,3,5,2,1,39,20,3
2093494,0,919,0,40,3,7,2,1,31,37,3
2092684,0,919,0,40,3,6,2,1,37,56,3
2111144,0,919,0,40,2,3,2,1,17,36,3
2085797,1,919,912,20.1865,3,8,2,1,41,45,3
2109016,0,919,0,40,2,3,2,1,17,16,3
2091346,1,919,912,27.5488,3,8,2,1,32,21,3
2078986,0,919,0,40,3,10,2,1,58,50,3
2104688,0,919,0,40,2,2,2,1,32,47,3
2108433,0,919,0,40,3,3,2,1,21,34,3
2107346,0,919,0,40,3,4,2,1,21,48,3
2089414,0,919,0,40,3,7,2,1,46,72,3
2099081,1,919,912,31.6274,2,5,2,1,31,87,3
2116669,0,919,0,40,3,1,2,1,11,49,3
2098344,0,919,0,40,2,4,2,1,34,69,3
2094558,0,919,0,40,2,6,2,1,37,28,3
2115713,0,919,0,40,3,2,2,1,11,50,3
2089331,0,919,0,40,3,4,2,1,51,20,3
2071583,0,919,0,40,3,15,2,1,82,36,3
2070391,0,919,0,40,2,7,2,1,38,42,3
2100841,0,919,0,40,2,5,2,1,27,52,3
2110435,0,919,0,40,3,3,2,1,19,35,3
2113039,0,919,0,40,2,3,2,1,12,49,3
2068814,0,919,0,40,3,12,2,1,68,78,3
2101041,0,919,0,40,3,6,2,1,22,44,3
2095536,0,919,0,40,2,4,2,1,38,64,3
2118572,0,919,0,40,2,1,2,1,10,20,3
2119931,1,919,912,15.7495,3,1,2,1,10,55,3
2068540,0,919,0,40,2,5,2,1,23,23,3
2105354,0,919,0,40,3,4,2,1,15,31,3
2068550,0,919,0,40,2,10,2,1,45,28,3
2066204,0,919,0,40,2,8,2,1,78,71,3
2077596,0,919,0,40,3,13,2,1,69,36,3
2102234,0,919,0,40,2,5,2,1,25,17,3
2114632,0,919,0,40,3,2,2,1,14,39,3
2091604,0,919,0,40,2,8,2,1,27,39,3
2109308,0,919,0,40,2,4,2,1,17,69,3
2091465,0,919,0,40,3,6,2,1,44,83,3
2099672,0,919,0,40,2,6,2,1,26,55,3
2087010,0,919,0,40,2,8,2,1,55,89,3
2107514,0,919,0,40,2,3,2,1,17,54,3
2119856,0,919,0,40,3,1,2,1,9,28,3
2120000,0,919,0,40,2,1,2,1,9,18,3
2120208,0,919,0,40,2,1,2,1,9,7,3
2120386,0,919,0,40,3,1,2,1,9,64,3
2087936,0,919,0,40,2,7,2,1,35,41,3
2088573,0,919,0,40,3,7,2,1,44,61,3
2094773,0,919,0,40,3,6,2,1,28,83,3
2112781,0,919,0,40,3,2,2,1,16,20,3
2109084,0,919,0,40,2,3,2,1,21,15,3
2110421,0,919,0,40,2,3,2,1,15,17,3
2080579,0,919,0,40,2,7,2,1,75,47,3
2080739,0,919,0,40,3,10,2,1,53,60,3
2115739,0,919,0,40,2,2,2,1,13,33,3
2086426,0,919,0,40,2,7,2,1,50,28,3
2114443,0,919,0,40,3,3,2,1,12,52,3
2065940,1,919,897,15.787,3,14,2,1,55,44,3
2114526,0,919,0,40,2,3,2,1,10,13,3
2071007,0,919,0,40,3,6,2,1,46,63,3
2074446,0,919,0,40,2,11,2,1,74,44,3
2102433,0,919,0,40,2,4,2,1,31,21,3
2074592,0,919,0,40,2,10,2,1,71,15,3
2110160,0,919,0,40,3,5,2,1,15,25,3
2073757,0,919,0,40,3,12,2,1,83,54,3
2119498,0,919,0,40,3,1,2,1,8,38,3
2120029,0,919,0,40,3,1,2,1,8,46,3
2120863,0,919,0,40,3,1,2,1,8,56,3
2121011,0,919,0,40,3,1,2,1,8,42,3
2098650,0,919,0,40,2,3,2,1,27,31,3
2087467,0,919,0,40,2,6,2,1,44,20,3
2111365,0,919,0,40,3,3,2,1,9,37,3
2082250,0,919,0,40,3,11,2,1,48,21,3
2074734,0,919,0,40,3,10,2,1,67,31,3
2096674,0,919,0,40,3,6,2,1,26,71,3
2084749,0,919,0,40,2,7,2,1,45,35,3
2113537,0,919,0,40,3,2,2,1,13,27,3
2104390,0,919,0,40,3,5,2,1,29,34,3
2113346,0,919,0,40,2,3,2,1,16,49,3
2105298,0,919,0,40,2,2,2,1,30,13,3
2098738,0,919,0,40,2,5,2,1,27,44,3
2096183,0,919,0,40,3,5,2,1,31,47,3
2108776,0,919,0,40,2,3,2,1,18,19,3
2074310,0,919,0,40,3,12,2,1,71,19,3
2093718,0,919,0,40,3,6,2,1,34,19,3
2091087,0,919,0,40,3,7,2,1,40,51,3
2100590,0,919,0,40,3,4,2,1,25,46,3
2070884,0,919,0,40,2,10,2,1,65,67,3
2118465,0,919,0,40,2,2,2,1,9,53,3
2089687,0,919,0,40,2,7,2,1,42,43,3
2112456,0,919,0,40,3,3,2,1,15,67,3
2114018,0,919,0,40,3,3,2,1,14,53,3
2103475,0,919,0,40,3,4,2,1,28,52,3
2114165,0,919,0,40,2,3,2,1,11,15,3
2120674,0,919,0,40,2,1,2,1,7,64,3
2120726,0,919,0,40,3,1,2,1,7,37,3
2121143,0,919,0,40,3,1,2,1,7,46,3
2121249,1,919,912,35.6328,2,1,2,1,7,22,3
2121295,0,919,0,40,3,1,2,1,7,17,3
2121375,0,919,0,40,3,1,2,1,7,92,3
2121611,0,919,0,40,2,1,2,1,7,15,3
2067608,1,919,900,35.2032,2,6,2,1,74,58,3
2114524,1,919,912,35.6308,2,2,2,1,9,62,3
2088302,1,919,902,16.5367,3,8,2,1,31,39,3
2096290,0,919,0,40,2,5,2,1,25,32,3
2108519,0,919,0,40,2,5,2,1,15,74,3
2098959,0,919,0,40,2,5,2,1,30,31,3
2116415,0,919,0,40,2,2,2,1,9,30,3
2099235,0,919,0,40,2,7,2,1,22,40,3
2084857,0,919,0,40,3,9,2,1,41,51,3
2110996,0,919,0,40,2,3,2,1,16,38,3
2115840,0,919,0,40,3,2,2,1,11,38,3
2116540,0,919,0,40,3,2,2,1,10,46,3
2089031,0,919,0,40,2,6,2,1,48,29,3
2083405,0,919,0,40,3,9,2,1,58,27,3
2068549,0,919,0,40,3,8,2,1,33,69,3
2102088,0,919,0,40,3,4,2,1,15,49,3
2119103,0,919,0,40,2,2,2,1,7,64,3
2070777,0,919,0,40,2,2,2,1,26,25,3
2081262,0,919,0,40,3,8,2,1,56,18,3
2116864,0,919,0,40,2,2,2,1,12,17,3
2102678,0,919,0,40,3,4,2,1,28,62,3
2117651,0,919,0,40,3,2,2,1,9,22,3
2108272,0,919,0,40,2,3,2,1,16,30,3
2095886,0,919,0,40,2,4,2,1,37,25,3
2101380,0,919,0,40,3,5,2,1,25,15,3
2111118,1,919,912,20.3357,3,5,2,1,16,60,3
2067988,0,919,0,40,2,10,2,1,46,74,3
2114253,0,919,0,40,2,3,2,1,10,31,3
2104145,0,919,0,40,3,4,2,1,28,14,3
2109962,0,919,0,40,2,4,2,1,16,55,3
2081746,0,919,0,40,2,11,2,1,53,35,3
2040155,0,919,0,40,3,19,2,1,87,18,3
2121204,0,919,0,40,3,1,2,1,6,41,3
2121951,0,919,0,40,3,1,2,1,6,47,3
2121999,0,919,0,40,3,1,2,1,6,54,3
2122117,0,919,0,40,2,1,2,1,6,64,3
2071107,0,919,0,40,3,9,2,1,67,37,3
2077678,0,919,0,40,2,13,2,1,50,71,3
2099783,0,919,0,40,3,6,2,1,24,40,3
2110753,0,919,0,40,3,2,2,1,16,29,3
2112380,0,919,0,40,3,3,2,1,11,47,3
2098423,0,919,0,40,3,5,2,1,28,81,3
2099404,0,919,0,40,3,5,2,1,19,28,3
2070329,0,919,0,40,3,7,2,1,52,16,3
2106709,0,919,0,40,3,5,2,1,14,41,3
2089588,0,919,0,40,2,8,2,1,29,28,3
2097574,1,919,905,20.7859,3,5,2,1,29,68,3
2115068,0,919,0,40,2,2,2,1,12,62,3
2068016,0,919,0,40,2,11,2,1,60,55,3
2112386,0,919,0,40,2,3,2,1,14,59,3
2107902,0,919,0,40,3,2,2,1,21,27,3
2109261,0,919,0,40,2,3,2,1,16,20,3
2106236,0,919,0,40,2,3,2,1,21,63,3
2071941,0,919,0,40,3,5,2,1,35,48,3
2113927,0,919,0,40,2,2,2,1,9,58,3
2107338,1,919,897,32.771,2,4,2,1,12,115,3
2103345,0,919,0,40,2,4,2,1,24,29,3
2111660,0,919,0,40,2,3,2,1,20,48,3
2111706,0,919,0,40,2,3,2,1,14,93,3
2088196,0,919,0,40,2,6,2,1,41,54,3
2049291,0,919,0,40,3,13,2,1,79,15,3
2107358,0,919,0,40,3,3,2,1,16,47,3
2116082,0,919,0,40,3,3,2,1,9,25,3
2112218,0,919,0,40,2,3,2,1,17,31,3
2092271,0,919,0,40,3,7,2,1,25,74,3
2106053,0,919,0,40,3,3,2,1,29,22,3
2110343,0,919,0,40,3,3,2,1,18,79,3
2074228,0,919,0,40,2,13,2,1,68,47,3
2101981,0,919,0,40,3,5,2,1,26,45,3
2109515,0,919,0,40,2,3,2,1,16,30,3
2085293,0,919,0,40,2,9,2,1,45,40,3
2108618,0,919,0,40,3,3,2,1,18,18,3
2115616,0,919,0,40,3,2,2,1,14,52,3
2098667,0,919,0,40,3,6,2,1,31,51,3
2102076,0,919,0,40,2,5,2,1,18,59,3
2098848,0,919,0,40,2,7,2,1,33,37,3
2087648,0,919,0,40,3,9,2,1,39,21,3
2075279,0,919,0,40,3,11,2,1,60,38,3
2115828,0,919,0,40,2,3,2,1,10,39,3
2112736,0,919,0,40,2,2,2,1,19,46,3
2106385,0,919,0,40,2,4,2,1,20,43,3
2110245,0,919,0,40,2,3,2,1,16,17,3
2061062,0,919,0,40,3,11,2,1,96,32,3
2091639,0,919,0,40,3,6,2,1,38,68,3
2119735,0,919,0,40,3,2,2,1,9,58,3
2114816,0,919,0,40,3,4,2,1,12,58,3
2092540,0,919,0,40,3,5,2,1,38,14,3
2120303,0,919,0,40,2,1,2,1,5,49,3
2121210,0,919,0,40,3,1,2,1,5,37,3
2121774,0,919,0,40,3,1,2,1,5,63,3
2121894,0,919,0,40,3,1,2,1,5,90,3
2122106,0,919,0,40,3,1,2,1,5,38,3
2122295,0,919,0,40,2,1,2,1,5,46,3
2122351,0,919,0,40,3,1,2,1,5,53,3
2122441,0,919,0,40,3,1,2,1,5,53,3
2122625,0,919,0,40,2,1,2,1,5,63,3
2122823,0,919,0,40,2,1,2,1,5,36,3
2104889,0,919,0,40,2,2,2,1,35,46,3
2091256,0,919,0,40,3,3,2,1,47,20,3
2082520,0,919,0,40,2,9,2,1,65,49,3
2104897,0,919,0,40,2,2,2,1,31,74,3
2100175,0,919,0,40,3,3,2,1,38,47,3
2070640,0,919,0,40,3,2,2,1,36,69,3
2077159,0,919,0,40,2,8,2,1,79,37,3
2097556,0,919,0,40,3,6,2,1,35,34,3
2111901,0,919,0,40,2,1,2,1,23,38,3
2112919,0,919,0,40,2,1,2,1,23,41,3
2099162,0,919,0,40,2,3,2,1,33,43,3
2106154,0,919,0,40,2,2,2,1,28,43,3
2100131,0,919,0,40,3,4,2,1,35,49,3
2112946,0,919,0,40,3,1,2,1,22,35,3
2069442,0,919,0,40,2,9,2,1,81,44,3
2113680,0,919,0,40,2,1,2,1,21,28,3
2091188,0,919,0,40,2,6,2,1,46,48,3
2070722,0,919,0,40,2,9,2,1,39,29,3
2090230,0,919,0,40,3,6,2,1,37,14,3
2100956,0,919,0,40,2,4,2,1,30,67,3
2114288,0,919,0,40,2,1,2,1,19,15,3
2093128,0,919,0,40,3,5,2,1,42,56,3
2097059,0,919,0,40,2,3,2,1,42,56,3
2108378,0,919,0,40,3,2,2,1,25,32,3
2095863,0,919,0,40,3,5,2,1,41,65,3
2112709,0,919,0,40,2,2,2,1,23,65,3
2090882,0,919,0,40,3,6,2,1,39,23,3
2074141,0,919,0,40,3,10,2,1,72,21,3
2099353,0,919,0,40,3,4,2,1,36,23,3
2090586,0,919,0,40,2,8,2,1,43,25,3
2105060,0,919,0,40,2,3,2,1,27,68,3
2076282,0,919,0,40,2,9,2,1,73,54,3
2111656,0,919,0,40,2,2,2,1,23,31,3
2075744,0,919,0,40,3,11,2,1,77,30,3
2115464,0,919,0,40,3,1,2,1,17,34,3
2102892,0,919,0,40,3,4,2,1,21,35,3
2112641,0,919,0,40,3,2,2,1,18,21,3
2003310,0,919,0,40,2,21,2,1,116,52,3
2095191,0,919,0,40,2,6,2,1,35,21,3
2111111,0,919,0,40,2,3,2,1,18,22,3
2116710,0,919,0,40,3,1,2,1,16,30,3
2084688,0,919,0,40,3,7,2,1,48,37,3
2067162,0,919,0,40,3,3,2,1,35,27,3
2075140,0,919,0,40,3,5,2,1,86,94,3
2097918,0,919,0,40,3,3,2,1,40,41,3
2114008,0,919,0,40,3,2,2,1,16,25,3
2101210,0,919,0,40,3,4,2,1,25,20,3
2076905,0,919,0,40,2,9,2,1,75,48,3
2098591,0,919,0,40,3,5,2,1,32,34,3
2110942,0,919,0,40,3,2,2,1,25,56,3
2115005,0,919,0,40,2,1,2,1,15,23,3
2116847,0,919,0,40,2,1,2,1,15,68,3
2099778,0,919,0,40,3,4,2,1,27,28,3
2093751,0,919,0,40,3,6,2,1,36,27,3
2087605,0,919,0,40,3,9,2,1,41,60,3
2104395,0,919,0,40,2,4,2,1,23,60,3
2088313,0,919,0,40,3,8,2,1,42,37,3
2096208,0,919,0,40,3,9,2,1,33,46,3
2118204,0,919,0,40,2,1,2,1,14,41,3
2098697,0,919,0,40,3,4,2,1,34,48,3
2085537,0,919,0,40,2,7,2,1,53,35,3
2099362,0,919,0,40,3,4,2,1,37,68,3
2091560,0,919,0,40,3,6,2,1,32,44,3
2069552,0,919,0,40,2,6,2,1,50,22,3
2103625,0,919,0,40,2,3,2,1,27,42,3
2088360,0,919,0,40,3,8,2,1,44,59,3
2091822,0,919,0,40,3,8,2,1,30,70,3
2117659,0,919,0,40,2,1,2,1,13,17,3
2106329,0,919,0,40,2,4,2,1,19,49,3
2101757,0,919,0,40,3,4,2,1,23,88,3
2110642,0,919,0,40,3,3,2,1,20,12,3
2113253,0,919,0,40,3,2,2,1,16,27,3
2066818,0,919,0,40,2,8,2,1,52,36,3
2058976,0,919,0,40,2,7,2,1,46,33,3
2116712,0,919,0,40,2,2,2,1,13,75,3
2108694,0,919,0,40,2,3,2,1,19,71,3
2098220,0,919,0,40,3,7,2,1,27,30,3
2118278,0,919,0,40,3,1,2,1,12,38,3
2119167,0,919,0,40,2,1,2,1,12,49,3
2093639,0,919,0,40,3,4,2,1,30,54,3
2097122,1,919,878,40,2,5,2,1,24,38,3
2092919,0,919,0,40,3,6,2,1,31,73,3
2091758,0,919,0,40,2,7,2,1,34,80,3
2112275,0,919,0,40,3,2,2,1,14,49,3
2105575,0,919,0,40,3,3,2,1,30,28,3
2068980,0,919,0,40,3,9,2,1,44,49,3
2114996,0,919,0,40,2,2,2,1,14,59,3
2116420,0,919,0,40,2,2,2,1,12,36,3
2088701,0,919,0,40,2,7,2,1,49,25,3
2103036,0,919,0,40,2,3,2,1,30,68,3
2097568,0,919,0,40,3,7,2,1,27,59,3
2098820,0,919,0,40,3,4,2,1,36,16,3
2094641,0,919,0,40,2,4,2,1,46,69,3
2071358,0,919,0,40,2,13,2,1,87,94,3
2118464,0,919,0,40,3,1,2,1,11,24,3
2118978,0,919,0,40,3,1,2,1,11,17,3
2119599,0,919,0,40,3,1,2,1,11,47,3
2108350,0,919,0,40,2,3,2,1,13,57,3
2079496,0,919,0,40,2,7,2,1,60,35,3
2102069,0,919,0,40,3,4,2,1,28,49,3
2080386,0,919,0,40,2,10,2,1,56,61,3
2104973,0,919,0,40,3,4,2,1,19,53,3
2107381,0,919,0,40,3,3,2,1,19,41,3
2106770,0,919,0,40,2,2,2,1,29,16,3
2109091,0,919,0,40,2,3,2,1,19,14,3
2110436,0,919,0,40,2,3,2,1,22,66,3
2059923,0,919,0,40,3,8,2,1,91,48,3
2112169,0,919,0,40,2,3,2,1,16,99,3
2115564,0,919,0,40,2,2,2,1,14,81,3
2102106,0,919,0,40,3,4,2,1,24,35,3
2097506,0,919,0,40,3,6,2,1,25,48,3
2113316,0,919,0,40,2,2,2,1,20,41,3
2062843,0,919,0,40,3,13,2,1,61,41,3
2063537,0,919,0,40,3,11,2,1,61,35,3
2113802,0,919,0,40,2,3,2,1,16,89,3
2119484,0,919,0,40,3,1,2,1,10,27,3
2120038,0,919,0,40,3,1,2,1,10,59,3
2102716,0,919,0,40,3,4,2,1,17,55,3
2073771,0,919,0,40,2,10,2,1,64,33,3
2089503,0,919,0,40,3,8,2,1,34,26,3
2069834,0,919,0,40,2,8,2,1,65,58,3
2116972,0,919,0,40,3,2,2,1,11,33,3
2117316,0,919,0,40,2,2,2,1,10,56,3
2080135,0,919,0,40,2,10,2,1,63,39,3
2088878,0,919,0,40,2,9,2,1,32,38,3
2094029,0,919,0,40,2,6,2,1,37,44,3
2111787,0,919,0,40,2,3,2,1,15,36,3
2095143,0,919,0,40,3,5,2,1,42,76,3
2073376,0,919,0,40,3,11,2,1,72,15,3
2115648,0,919,0,40,3,2,2,1,15,53,3
2117576,0,919,0,40,2,2,2,1,13,83,3
2112954,0,919,0,40,3,2,2,1,21,46,3
2089465,0,919,0,40,2,6,2,1,59,56,3
2094247,0,919,0,40,3,6,2,1,35,29,3
2119200,0,919,0,40,2,1,2,1,9,62,3
2110984,0,919,0,40,2,2,2,1,16,40,3
2098211,0,919,0,40,2,4,2,1,34,33,3
2111137,0,919,0,40,2,2,2,1,17,70,3
2090139,0,919,0,40,2,4,2,1,48,34,3
2111739,0,919,0,40,2,2,2,1,15,110,3
2096411,0,919,0,40,3,6,2,1,27,54,3
2098876,0,919,0,40,2,5,2,1,24,42,3
2107450,0,919,0,40,2,2,2,1,23,35,3
2114732,0,919,0,40,3,2,2,1,14,32,3
2113481,0,919,0,40,2,2,2,1,13,48,3
2117241,0,919,0,40,2,2,2,1,9,77,3
2091763,0,919,0,40,3,6,2,1,45,57,3
2111260,0,919,0,40,3,2,2,1,22,30,3
2093147,0,919,0,40,3,6,2,1,40,28,3
2114599,0,919,0,40,2,3,2,1,15,69,3
2102040,0,919,0,40,3,5,2,1,18,30,3
2107343,0,919,0,40,2,4,2,1,20,32,3
2117361,0,919,0,40,3,2,2,1,10,48,3
2095969,0,919,0,40,3,5,2,1,39,77,3
2092628,0,919,0,40,2,8,2,1,41,30,3
2072372,0,919,0,40,2,5,2,1,38,40,3
2096667,0,919,0,40,3,5,2,1,35,37,3
2109110,0,919,0,40,2,4,2,1,24,63,3
2104130,0,919,0,40,3,4,2,1,29,70,3
2114748,0,919,0,40,3,3,2,1,13,26,3
2110741,0,919,0,40,2,3,2,1,20,46,3
2091728,0,919,0,40,3,7,2,1,42,26,3
2100907,1,919,894,30.6939,2,6,2,1,34,14,3
2118720,0,919,0,40,3,1,2,1,8,38,3
2119838,0,919,0,40,3,1,2,1,8,16,3
2120171,0,919,0,40,2,1,2,1,8,18,3
2120251,0,919,0,40,3,1,2,1,8,35,3
2120890,0,919,0,40,2,1,2,1,8,28,3
2121547,0,919,0,40,2,1,2,1,8,55,3
2092390,0,919,0,40,2,5,2,1,40,36,3
2110545,0,919,0,40,2,2,2,1,16,59,3
2085864,0,919,0,40,3,9,2,1,48,32,3
2094111,0,919,0,40,3,6,2,1,29,87,3
2102327,0,919,0,40,3,6,2,1,20,20,3
2109205,0,919,0,40,2,4,2,1,14,78,3
2084194,0,919,0,40,2,8,2,1,48,32,3
2089513,0,919,0,40,2,7,2,1,44,17,3
2106049,0,919,0,40,3,3,2,1,22,43,3
2110813,0,919,0,40,2,3,2,1,19,38,3
2107922,0,919,0,40,2,5,2,1,19,56,3
2085027,0,919,0,40,2,7,2,1,64,20,3
2066433,0,919,0,40,2,12,2,1,85,26,3
2075240,0,919,0,40,2,11,2,1,74,45,3
2086067,0,919,0,40,2,9,2,1,50,44,3
2118158,0,919,0,40,2,2,2,1,10,44,3
2114242,0,919,0,40,2,3,2,1,9,27,3
2106016,0,919,0,40,2,4,2,1,23,34,3
2090897,0,919,0,40,2,9,2,1,34,22,3
2098329,1,919,913,40,2,4,2,1,40,31,3
2086521,0,919,0,40,2,8,2,1,51,32,3
2090977,0,919,0,40,3,7,2,1,41,36,3
2102150,0,919,0,40,2,5,2,1,23,68,3
2085493,0,919,0,40,3,10,2,1,43,112,3
2106938,0,919,0,40,3,4,2,1,16,31,3
2120215,0,919,0,40,2,1,2,1,7,55,3
2120868,0,919,0,40,3,1,2,1,7,28,3
2121500,0,919,0,40,3,1,2,1,7,32,3
2121789,0,919,0,40,3,1,2,1,7,60,3
2122055,0,919,0,40,2,1,2,1,7,57,3
2093506,0,919,0,40,2,7,2,1,37,51,3
2094952,0,919,0,40,3,5,2,1,34,61,3
2116062,0,919,0,40,2,2,2,1,9,68,3
2077140,0,919,0,40,2,12,2,1,64,18,3
2090217,0,919,0,40,2,6,2,1,39,56,3
2097720,0,919,0,40,2,6,2,1,25,27,3
2103099,0,919,0,40,3,5,2,1,21,50,3
2095493,0,919,0,40,2,6,2,1,21,77,3
2086717,0,919,0,40,3,11,2,1,41,61,3
2111368,0,919,0,40,2,2,2,1,20,24,3
2113669,0,919,0,40,2,2,2,1,15,48,3
2107636,0,919,0,40,2,4,2,1,19,55,3
2094653,0,919,0,40,3,6,2,1,29,33,3
2106008,0,919,0,40,2,3,2,1,25,87,3
2118741,0,919,0,40,3,2,2,1,8,46,3
2074637,0,919,0,40,3,12,2,1,59,45,3
2085284,0,919,0,40,2,8,2,1,56,27,3
2068967,0,919,0,40,3,6,2,1,83,52,3
2093740,0,919,0,40,2,6,2,1,39,101,3
2105991,0,919,0,40,3,4,2,1,23,41,3
2096886,0,919,0,40,3,7,2,1,30,39,3
2110740,0,919,0,40,3,3,2,1,19,80,3
2117925,0,919,0,40,2,2,2,1,9,40,3
2049742,0,919,0,40,2,11,2,1,82,63,3
2102411,0,919,0,40,2,3,2,1,36,55,3
2113221,0,919,0,40,3,4,2,1,12,43,3
2120380,0,919,0,40,2,2,2,1,7,20,3
2093172,0,919,0,40,2,5,2,1,40,42,3
2079437,0,919,0,40,2,7,2,1,67,41,3
2088133,0,919,0,40,2,10,2,1,44,45,3
2097194,0,919,0,40,2,7,2,1,35,66,3
2074478,0,919,0,40,2,15,2,1,70,59,3
2120457,0,919,0,40,3,2,2,1,8,29,3
2109354,0,919,0,40,3,3,2,1,25,98,3
2121102,0,919,0,40,3,1,2,1,6,79,3
2121514,0,919,0,40,3,1,2,1,6,23,3
2121658,0,919,0,40,3,1,2,1,6,47,3
2121710,0,919,0,40,2,1,2,1,6,42,3
2121990,0,919,0,40,3,1,2,1,6,58,3
2122365,0,919,0,40,3,1,2,1,6,40,3
2122689,0,919,0,40,3,1,2,1,6,31,3
2108019,0,919,0,40,3,3,2,1,11,32,3
2110827,0,919,0,40,2,3,2,1,13,23,3
2076225,0,919,0,40,2,9,2,1,63,50,3
2087330,0,919,0,40,3,7,2,1,37,35,3
2108947,0,919,0,40,2,4,2,1,19,46,3
2110716,0,919,0,40,3,4,2,1,14,22,3
2118565,0,919,0,40,2,2,2,1,6,87,3
2110024,0,919,0,40,2,2,2,1,21,40,3
2095933,0,919,0,40,3,6,2,1,31,38,3
2092233,0,919,0,40,2,6,2,1,39,50,3
2092451,0,919,0,40,2,4,2,1,44,37,3
2117073,0,919,0,40,2,2,2,1,8,64,3
2104685,0,919,0,40,2,5,2,1,19,50,3
2086847,0,919,0,40,3,8,2,1,37,50,3
2090646,0,919,0,40,3,5,2,1,48,18,3
2109627,0,919,0,40,2,3,2,1,18,50,3
2109621,0,919,0,40,2,4,2,1,16,59,3
2115014,0,919,0,40,3,3,2,1,10,32,3
2096777,0,919,0,40,2,6,2,1,30,10,3
2074246,0,919,0,40,2,12,2,1,69,30,3
2108738,0,919,0,40,3,4,2,1,12,55,3
2082157,0,919,0,40,2,9,2,1,43,19,3
2107090,0,919,0,40,2,3,2,1,23,57,3
2052399,0,919,0,40,3,16,2,1,115,44,3
2114193,0,919,0,40,2,3,2,1,15,35,3
2085937,0,919,0,40,2,7,2,1,42,82,3
2118890,0,919,0,40,3,2,2,1,7,48,3
2090694,0,919,0,40,3,6,2,1,46,48,3
2092708,0,919,0,40,3,5,2,1,46,24,3
2094808,0,919,0,40,3,7,2,1,25,58,3
2120288,0,919,0,40,2,2,2,1,7,78,3
2111228,0,919,0,40,2,4,2,1,20,43,3
2101035,0,919,0,40,2,4,2,1,36,57,3
2071259,1,919,898,27.6067,3,11,2,1,58,73,3
2081308,0,919,0,40,3,8,2,1,56,71,3
2121015,0,919,0,40,2,2,2,1,7,111,3
2115866,0,919,0,40,3,2,2,1,15,49,3
2077312,0,919,0,40,3,12,2,1,61,35,3
2101018,0,919,0,40,3,5,2,1,29,88,3
2116620,0,919,0,40,2,3,2,1,13,89,3
2091153,0,919,0,40,2,8,2,1,40,54,3
2114422,0,919,0,40,3,4,2,1,10,41,3
2120600,0,919,0,40,2,1,2,1,5,51,3
2121692,0,919,0,40,3,1,2,1,5,65,3
2121996,0,919,0,40,2,1,2,1,5,46,3
2122516,0,919,0,40,2,1,2,1,5,33,3
2122652,0,919,0,40,2,1,2,1,5,51,3
2122796,0,919,0,40,2,1,2,1,5,69,3
2122996,0,919,0,40,3,1,2,1,5,26,3
2123088,0,919,0,40,3,1,2,1,5,54,3
2123280,0,919,0,40,2,1,2,1,5,51,3
2123332,0,919,0,40,3,1,2,1,5,60,3
2123384,0,919,0,40,2,1,2,1,5,43,3
2086726,0,919,0,40,2,4,2,1,64,52,3
2080291,0,919,0,40,3,7,2,1,63,66,3
2085906,0,919,0,40,3,5,2,1,59,43,3
2110607,0,919,0,40,3,1,2,1,27,35,3
2079669,0,919,0,40,3,7,2,1,79,38,3
2095080,0,919,0,40,2,4,2,1,39,11,3
2097713,0,919,0,40,3,3,2,1,40,32,3
2094226,0,919,0,40,3,6,2,1,41,38,3
2082456,0,919,0,40,2,8,2,1,62,33,3
2090218,0,919,0,40,2,5,2,1,53,24,3
2071771,0,919,0,40,2,4,2,1,49,16,3
2068039,0,919,0,40,2,11,2,1,63,77,3
2100475,0,919,0,40,3,4,2,1,26,59,3
2101919,0,919,0,40,2,2,2,1,41,21,3
2080492,0,919,0,40,3,6,2,1,66,16,3
2063294,0,919,0,40,3,9,2,1,61,37,3
2089695,0,919,0,40,3,8,2,1,38,29,3
2115560,0,919,0,40,3,1,2,1,18,27,3
2092330,0,919,0,40,3,4,2,1,50,57,3
2080616,0,919,0,40,2,9,2,1,63,63,3
2085240,0,919,0,40,2,7,2,1,54,51,3
2101443,0,919,0,40,3,5,2,1,28,47,3
2116696,0,919,0,40,2,1,2,1,17,50,3
2116842,0,919,0,40,3,1,2,1,17,67,3
2117034,0,919,0,40,2,1,2,1,17,48,3
2113554,0,919,0,40,2,2,2,1,18,40,3
2074591,0,919,0,40,3,9,2,1,83,20,3
2105154,0,919,0,40,2,4,2,1,28,49,3
2114515,0,919,0,40,2,2,2,1,19,62,3
2111462,0,919,0,40,3,3,2,1,23,56,3
2116005,0,919,0,40,2,1,2,1,16,55,3
2116827,0,919,0,40,2,1,2,1,16,46,3
2096310,0,919,0,40,3,5,2,1,32,41,3
2076836,0,919,0,40,3,12,2,1,51,103,3
2112997,0,919,0,40,3,2,2,1,19,31,3
2076743,0,919,0,40,3,8,2,1,77,42,3
2102793,0,919,0,40,3,3,2,1,36,17,3
2115680,0,919,0,40,3,2,2,1,17,133,3
2103119,0,919,0,40,2,3,2,1,25,28,3
2084622,0,919,0,40,3,8,2,1,53,46,3
2072378,0,919,0,40,3,14,2,1,81,65,3
2091006,0,919,0,40,2,7,2,1,36,89,3
2113547,0,919,0,40,3,2,2,1,17,70,3
2075976,0,919,0,40,2,11,2,1,62,12,3
2116641,0,919,0,40,2,1,2,1,14,52,3
2118187,0,919,0,40,2,1,2,1,14,57,3
2106131,0,919,0,40,2,2,2,1,29,35,3
2091738,0,919,0,40,3,6,2,1,42,26,3
2081714,0,919,0,40,3,5,2,1,68,38,3
2110808,0,919,0,40,3,2,2,1,22,37,3
2113542,0,919,0,40,2,2,2,1,18,50,3
2110550,0,919,0,40,2,3,2,1,20,25,3
2083467,0,919,0,40,2,9,2,1,49,57,3
2091816,0,919,0,40,2,5,2,1,50,57,3
2116249,0,919,0,40,2,1,2,1,13,28,3
2118370,0,919,0,40,2,1,2,1,13,51,3
2118883,0,919,0,40,3,1,2,1,13,25,3
2118993,0,919,0,40,2,1,2,1,13,19,3
2107824,0,919,0,40,3,4,2,1,16,54,3
2104016,0,919,0,40,3,4,2,1,25,23,3
2057432,0,919,0,40,3,11,2,1,72,25,3
2094319,0,919,0,40,2,4,2,1,38,67,3
2072842,0,919,0,40,2,5,2,1,37,32,3
2109294,0,919,0,40,3,3,2,1,18,29,3
2115545,1,919,903,37.56,2,2,2,1,16,31,3
2082703,0,919,0,40,2,8,2,1,56,27,3
2107803,0,919,0,40,3,4,2,1,18,33,3
2118540,0,919,0,40,2,1,2,1,12,34,3
2069142,0,919,0,40,2,7,2,1,43,31,3
2098907,0,919,0,40,3,5,2,1,33,35,3
2062367,0,919,0,40,3,8,2,1,56,20,3
2100600,0,919,0,40,3,5,2,1,27,40,3
2117024,0,919,0,40,2,2,2,1,14,71,3
2092780,0,919,0,40,3,8,2,1,42,68,3
2108317,0,919,0,40,3,4,2,1,23,51,3
2110177,0,919,0,40,2,3,2,1,24,19,3
2118420,0,919,0,40,2,1,2,1,11,21,3
2120520,0,919,0,40,3,1,2,1,11,31,3
2073703,0,919,0,40,3,11,2,1,81,41,3
2096354,0,919,0,40,3,4,2,1,40,15,3
2108497,0,919,0,40,3,4,2,1,18,54,3
2116152,0,919,0,40,2,2,2,1,12,43,3
2115924,0,919,0,40,3,2,2,1,13,28,3
2112926,0,919,0,40,2,3,2,1,16,49,3
2070090,0,919,0,40,2,7,2,1,38,29,3
2108614,0,919,0,40,2,4,2,1,20,44,3
2067968,0,919,0,40,2,2,2,1,21,38,3
2107246,0,919,0,40,3,4,2,1,22,53,3
2119072,0,919,0,40,2,1,2,1,10,54,3
2120201,0,919,0,40,2,1,2,1,10,42,3
2111245,0,919,0,40,3,2,2,1,14,58,3
2115897,0,919,0,40,2,2,2,1,10,67,3
2105268,0,919,0,40,2,4,2,1,13,37,3
2096308,1,919,895,21.4013,3,6,2,1,24,51,3
2093489,0,919,0,40,3,6,2,1,31,64,3
2109977,0,919,0,40,2,3,2,1,16,54,3
2080843,0,919,0,40,3,10,2,1,52,26,3
2111152,0,919,0,40,2,3,2,1,18,76,3
2104729,0,919,0,40,2,4,2,1,26,74,3
2058996,0,919,0,40,2,10,2,1,57,20,3
2085873,0,919,0,40,2,6,2,1,45,27,3
2097648,0,919,0,40,2,6,2,1,37,71,3
2105716,0,919,0,40,3,4,2,1,25,50,3
2105924,0,919,0,40,3,4,2,1,25,48,3
2110689,0,919,0,40,2,3,2,1,18,82,3
2116006,0,919,0,40,2,2,2,1,16,22,3
2110646,0,919,0,40,3,4,2,1,19,15,3
2118411,0,919,0,40,2,2,2,1,14,65,3
2098808,0,919,0,40,2,6,2,1,32,54,3
2121517,0,919,0,40,2,1,2,1,9,38,3
2107240,1,919,914,34.8386,2,3,2,1,18,29,3
2076362,0,919,0,40,3,8,2,1,73,71,3
2090165,0,919,0,40,2,7,2,1,23,16,3
2113402,0,919,0,40,3,3,2,1,14,32,3
2070779,0,919,0,40,3,6,2,1,41,42,3
2117565,0,919,0,40,3,2,2,1,9,37,3
2109471,0,919,0,40,3,2,2,1,23,60,3
2107033,1,919,905,34.6226,2,4,2,1,26,25,3
2101012,0,919,0,40,2,5,2,1,24,45,3
2027507,0,919,0,40,2,17,2,1,161,21,3
2094265,0,919,0,40,3,5,2,1,37,37,3
2116926,0,919,0,40,2,2,2,1,13,38,3
2093635,0,919,0,40,2,7,2,1,39,75,3
2117458,0,919,0,40,3,2,2,1,12,35,3
2098857,0,919,0,40,3,6,2,1,26,57,3
2096357,0,919,0,40,3,7,2,1,36,23,3
2119887,0,919,0,40,2,2,2,1,9,45,3
2098696,0,919,0,40,3,4,2,1,35,41,3
2098532,0,919,0,40,3,6,2,1,31,58,3
2097547,0,919,0,40,2,7,2,1,31,40,3
2104186,0,919,0,40,2,4,2,1,30,28,3
2120158,0,919,0,40,3,2,2,1,10,44,3
2120580,0,919,0,40,2,1,2,1,8,10,3
2120892,0,919,0,40,2,1,2,1,8,31,3
2121012,0,919,0,40,3,1,2,1,8,59,3
2121224,0,919,0,40,2,1,2,1,8,71,3
2121781,0,919,0,40,2,1,2,1,8,37,3
2122073,0,919,0,40,2,1,2,1,8,59,3
2122181,0,919,0,40,3,1,2,1,8,44,3
2122249,0,919,0,40,3,1,2,1,8,35,3
2098110,0,919,0,40,3,3,2,1,34,45,3
2097293,1,919,890,28.9835,2,5,2,1,25,53,3
2106512,0,919,0,40,3,4,2,1,18,53,3
2116148,0,919,0,40,3,2,2,1,11,20,3
2112470,0,919,0,40,3,2,2,1,17,51,3
2100676,0,919,0,40,3,7,2,1,20,57,3
2085623,0,919,0,40,3,5,2,1,57,50,3
2117654,0,919,0,40,3,2,2,1,11,36,3
2104894,0,919,0,40,2,4,2,1,18,75,3
2082656,0,919,0,40,2,7,2,1,59,30,3
2119163,1,919,906,17.9823,3,2,2,1,8,30,3
2097655,0,919,0,40,2,6,2,1,34,17,3
2073105,0,919,0,40,2,10,2,1,92,22,3
2099706,0,919,0,40,3,5,2,1,29,27,3
2112902,0,919,0,40,2,3,2,1,14,50,3
2115242,0,919,0,40,2,2,2,1,17,69,3
2078738,0,919,0,40,2,8,2,1,76,63,3
2111070,0,919,0,40,2,3,2,1,19,71,3
2073577,0,919,0,40,2,8,2,1,95,48,3
2068732,0,919,0,40,3,7,2,1,51,20,3
2110188,0,919,0,40,3,2,2,1,26,67,3
2113423,0,919,0,40,3,3,2,1,14,49,3
2105926,0,919,0,40,2,4,2,1,19,58,3
2114444,0,919,0,40,3,3,2,1,10,27,3
2113720,0,919,0,40,2,3,2,1,19,25,3
2075625,0,919,0,40,2,15,2,1,50,24,3
2120720,0,919,0,40,2,1,2,1,7,56,3
2122062,0,919,0,40,3,1,2,1,7,20,3
2122222,0,919,0,40,3,1,2,1,7,33,3
2122467,0,919,0,40,2,1,2,1,7,64,3
2122493,0,919,0,40,3,1,2,1,7,19,3
2122671,0,919,0,40,3,1,2,1,7,65,3
2112559,0,919,0,40,3,3,2,1,13,58,3
2106472,0,919,0,40,3,2,2,1,26,37,3
2113861,1,919,914,20.8438,3,2,2,1,12,100,3
2101207,0,919,0,40,3,5,2,1,19,44,3
2071416,0,919,0,40,3,6,2,1,37,77,3
2102689,1,919,905,28.632,2,5,2,1,17,26,3
2116917,0,919,0,40,2,2,2,1,7,71,3
2090979,0,919,0,40,3,7,2,1,39,40,3
2101545,0,919,0,40,3,5,2,1,27,47,3
2113303,0,919,0,40,2,3,2,1,13,37,3
2102404,0,919,0,40,3,6,2,1,24,22,3
2104914,0,919,0,40,3,4,2,1,23,50,3
2094647,1,919,907,40,2,6,2,1,27,23,3
2112525,0,919,0,40,2,3,2,1,13,15,3
2118457,0,919,0,40,3,2,2,1,9,37,3
2111328,0,919,0,40,3,3,2,1,14,35,3
2099144,0,919,0,40,3,5,2,1,34,30,3
2117880,0,919,0,40,2,2,2,1,11,40,3
2075309,0,919,0,40,2,12,2,1,80,24,3
2111072,0,919,0,40,3,4,2,1,13,24,3
2097650,0,919,0,40,3,5,2,1,21,57,3
2115914,0,919,0,40,3,3,2,1,8,24,3
2117456,0,919,0,40,2,2,2,1,13,20,3
2071500,0,919,0,40,2,10,2,1,65,56,3
2113083,0,919,0,40,2,3,2,1,11,76,3
2075049,0,919,0,40,3,11,2,1,77,32,3
2075621,0,919,0,40,2,8,2,1,89,21,3
2113027,0,919,0,40,2,2,2,1,20,63,3
2104765,0,919,0,40,3,4,2,1,27,55,3
2101952,0,919,0,40,3,6,2,1,21,73,3
2106990,0,919,0,40,2,4,2,1,22,18,3
2079395,0,919,0,40,3,8,2,1,55,12,3
2116471,0,919,0,40,2,3,2,1,12,43,3
2113032,0,919,0,40,2,4,2,1,15,30,3
2121765,0,919,0,40,3,2,2,1,7,77,3
2114849,0,919,0,40,3,3,2,1,17,20,3
2120031,0,919,0,40,2,1,2,1,6,23,3
2122308,0,919,0,40,2,1,2,1,6,38,3
2122684,0,919,0,40,3,1,2,1,6,12,3
2122888,0,919,0,40,2,1,2,1,6,69,3
2122972,0,919,0,40,3,1,2,1,6,15,3
2123394,0,919,0,40,3,1,2,1,6,66,3
2107632,0,919,0,40,3,4,2,1,17,8,3
2111771,1,919,914,35.6178,2,2,2,1,15,26,3
2079029,0,919,0,40,2,10,2,1,61,30,3
2109612,0,919,0,40,3,4,2,1,11,29,3
2105579,0,919,0,40,2,3,2,1,26,52,3
2113028,0,919,0,40,2,3,2,1,12,57,3
2073677,0,919,0,40,2,10,2,1,85,46,3
2112307,0,919,0,40,3,2,2,1,15,31,3
2104705,0,919,0,40,3,4,2,1,21,54,3
2115384,0,919,0,40,2,3,2,1,13,33,3
2097830,0,919,0,40,2,6,2,1,34,62,3
2092242,0,919,0,40,3,6,2,1,41,42,3
2082079,0,919,0,40,3,9,2,1,51,27,3
2119105,0,919,0,40,3,2,2,1,8,57,3
2100103,0,919,0,40,3,4,2,1,32,37,3
2117819,0,919,0,40,2,2,2,1,7,8,3
2119428,0,919,0,40,3,2,2,1,6,69,3
2068945,0,919,0,40,2,9,2,1,56,28,3
2092938,0,919,0,40,3,6,2,1,40,21,3
2094044,0,919,0,40,2,6,2,1,33,32,3
2113371,0,919,0,40,2,3,2,1,14,16,3
2112762,0,919,0,40,2,3,2,1,12,21,3
2117331,0,919,0,40,2,2,2,1,10,39,3
2099339,0,919,0,40,3,6,2,1,29,46,3
2107335,0,919,0,40,2,5,2,1,20,36,3
2091532,0,919,0,40,2,5,2,1,42,31,3
2117108,0,919,0,40,3,2,2,1,13,106,3
2099067,0,919,0,40,2,5,2,1,29,64,3
2103188,0,919,0,40,3,5,2,1,26,60,3
2086579,0,919,0,40,2,10,2,1,36,40,3
2067858,0,919,0,40,2,7,2,1,49,99,3
2107505,0,919,0,40,2,4,2,1,21,27,3
2084731,0,919,0,40,3,11,2,1,44,34,3
2120702,0,919,0,40,3,2,2,1,6,62,3
2083622,0,919,0,40,2,8,2,1,51,32,3
2102163,0,919,0,40,3,5,2,1,25,28,3
2120017,0,919,0,40,3,2,2,1,8,54,3
2098731,0,919,0,40,3,6,2,1,26,46,3
2110439,1,919,914,36.261,2,4,2,1,17,56,3
2092235,0,919,0,40,2,9,2,1,34,31,3
2110322,0,919,0,40,3,4,2,1,17,56,3
2121832,0,919,0,40,3,1,2,1,5,44,3
2122120,0,919,0,40,3,1,2,1,5,8,3
2122370,0,919,0,40,3,1,2,1,5,29,3
2122458,0,919,0,40,3,1,2,1,5,84,3
2123399,0,919,0,40,3,1,2,1,5,55,3
2123494,0,919,0,40,3,1,2,1,5,55,3
2123792,0,919,0,40,3,1,2,1,5,26,3
2123976,0,919,0,40,2,1,2,1,5,22,3
2032561,0,919,0,40,3,16,2,1,134,36,3
2101048,0,919,0,40,2,3,2,1,35,44,3
2097795,0,919,0,40,2,6,2,1,38,19,3
2099100,0,919,0,40,3,3,2,1,41,47,3
2106176,0,919,0,40,2,2,2,1,33,79,3
2066966,0,919,0,40,3,3,2,1,34,70,3
2102263,0,919,0,40,3,4,2,1,39,39,3
2107784,0,919,0,40,3,2,2,1,30,14,3
2107640,0,919,0,40,3,3,2,1,25,29,3
2092552,0,919,0,40,2,5,2,1,52,58,3
2076425,0,919,0,40,3,10,2,1,75,43,3
2090944,0,919,0,40,3,5,2,1,53,40,3
2110822,0,919,0,40,2,2,2,1,21,31,3
2098228,0,919,0,40,2,5,2,1,37,47,3
2100482,0,919,0,40,3,5,2,1,30,50,3
2093030,0,919,0,40,2,6,2,1,42,32,3
2115546,0,919,0,40,2,1,2,1,18,54,3
2116728,0,919,0,40,2,1,2,1,18,19,3
2101853,0,919,0,40,3,3,2,1,30,28,3
2112583,0,919,0,40,3,2,2,1,19,58,3
2096688,0,919,0,40,2,5,2,1,36,33,3
2116679,0,919,0,40,2,1,2,1,17,78,3
2103611,0,919,0,40,2,4,2,1,24,53,3
2098180,0,919,0,40,3,3,2,1,42,51,3
2093203,0,919,0,40,2,6,2,1,38,17,3
2104825,0,919,0,40,2,4,2,1,28,93,3
2117265,0,919,0,40,3,1,2,1,16,29,3
2086477,0,919,0,40,2,8,2,1,45,46,3
2106812,0,919,0,40,3,3,2,1,24,21,3
2112725,0,919,0,40,3,3,2,1,17,70,3
2078280,0,919,0,40,2,7,2,1,65,28,3
2117643,0,919,0,40,3,1,2,1,15,34,3
2118323,0,919,0,40,3,1,2,1,15,12,3
2113090,0,919,0,40,2,2,2,1,18,20,3
2098035,0,919,0,40,3,4,2,1,39,25,3
2090563,0,919,0,40,3,7,2,1,45,49,3
2097633,0,919,0,40,2,6,2,1,32,21,3
2102834,0,919,0,40,2,4,2,1,29,46,3
2075103,0,919,0,40,2,11,2,1,77,86,3
2118606,0,919,0,40,2,1,2,1,14,22,3
2097947,0,919,0,40,3,7,2,1,25,52,3
2092741,0,919,0,40,2,6,2,1,37,30,3
2103157,0,919,0,40,2,4,2,1,26,26,3
2105235,0,919,0,40,2,5,2,1,25,42,3
2118894,0,919,0,40,3,1,2,1,13,20,3
2119451,0,919,0,40,2,1,2,1,13,36,3
2087863,0,919,0,40,2,6,2,1,43,37,3
2092959,0,919,0,40,2,7,2,1,36,53,3
2093008,0,919,0,40,3,6,2,1,36,32,3
2073632,0,919,0,40,3,12,2,1,81,91,3
2103582,0,919,0,40,2,3,2,1,36,38,3
2096153,0,919,0,40,3,4,2,1,42,36,3
2120210,0,919,0,40,3,1,2,1,12,94,3
2120430,0,919,0,40,3,1,2,1,12,47,3
2115754,0,919,0,40,3,2,2,1,12,44,3
2089061,0,919,0,40,3,7,2,1,40,21,3
2087707,0,919,0,40,2,6,2,1,52,45,3
2099380,0,919,0,40,3,6,2,1,31,60,3
2114598,0,919,0,40,3,2,2,1,17,49,3
2099742,0,919,0,40,3,4,2,1,33,28,3
2119602,0,919,0,40,2,1,2,1,11,18,3
2119842,0,919,0,40,3,1,2,1,11,28,3
2120949,0,919,0,40,3,1,2,1,11,94,3
2096962,0,919,0,40,2,6,2,1,30,29,3
2062877,0,919,0,40,3,7,2,1,57,22,3
2112864,0,919,0,40,3,2,2,1,17,15,3
2105867,0,919,0,40,2,3,2,1,27,25,3
2115704,0,919,0,40,2,2,2,1,13,27,3
2102788,0,919,0,40,3,4,2,1,21,38,3
2114406,0,919,0,40,3,2,2,1,15,21,3
2082416,0,919,0,40,3,7,2,1,58,30,3
2101264,0,919,0,40,2,5,2,1,27,26,3
2084105,0,919,0,40,2,8,2,1,38,98,3
2088230,0,919,0,40,2,9,2,1,45,21,3
2070020,0,919,0,40,3,6,2,1,46,54,3
2113848,0,919,0,40,2,3,2,1,19,38,3
2119507,0,919,0,40,3,2,2,1,13,126,3
2120842,0,919,0,40,3,1,2,1,10,75,3
2120902,0,919,0,40,2,1,2,1,10,18,3
2121421,0,919,0,40,3,1,2,1,10,27,3
2121651,0,919,0,40,3,1,2,1,10,65,3
2107945,0,919,0,40,2,3,2,1,21,23,3
2107318,0,919,0,40,3,3,2,1,18,35,3
2115943,0,919,0,40,3,2,2,1,12,48,3
2102473,0,919,0,40,2,6,2,1,26,24,3
2097782,0,919,0,40,2,5,2,1,29,27,3
2100642,0,919,0,40,3,5,2,1,27,73,3
2093520,0,919,0,40,2,6,2,1,45,21,3
2113921,0,919,0,40,3,3,2,1,15,84,3
2095345,0,919,0,40,3,5,2,1,33,30,3
2116356,0,919,0,40,2,2,2,1,15,36,3
2104313,0,919,0,40,2,7,2,1,22,82,3
2118246,0,919,0,40,3,2,2,1,12,49,3
2114871,0,919,0,40,3,2,2,1,17,28,3
2105971,0,919,0,40,2,4,2,1,27,49,3
2082831,0,919,0,40,3,10,2,1,64,69,3
2104211,0,919,0,40,2,4,2,1,24,72,3
2104321,0,919,0,40,3,5,2,1,22,30,3
2113125,0,919,0,40,3,3,2,1,16,27,3
2121600,0,919,0,40,3,1,2,1,9,44,3
2104640,0,919,0,40,3,4,2,1,23,78,3
2094983,0,919,0,40,3,5,2,1,44,45,3
2098088,0,919,0,40,2,5,2,1,32,38,3
2107123,0,919,0,40,3,4,2,1,12,23,3
2109225,0,919,0,40,3,2,2,1,25,45,3
2113365,0,919,0,40,3,2,2,1,17,29,3
2099698,0,919,0,40,3,5,2,1,26,67,3
2075184,0,919,0,40,3,10,2,1,93,23,3
2091414,0,919,0,40,3,8,2,1,33,25,3
2084643,0,919,0,40,3,6,2,1,54,36,3
2112283,0,919,0,40,2,3,2,1,14,32,3
2098430,0,919,0,40,3,8,2,1,28,52,3
2097504,1,919,915,34.5853,2,6,2,1,29,37,3
2116125,0,919,0,40,3,2,2,1,14,42,3
2086495,0,919,0,40,2,7,2,1,52,38,3
2069421,0,919,0,40,3,7,2,1,55,65,3
2059152,0,919,0,40,2,13,2,1,62,40,3
2119640,0,919,0,40,3,2,2,1,10,19,3
2084726,0,919,0,40,2,7,2,1,53,29,3
2117670,0,919,0,40,2,2,2,1,16,29,3
2113267,0,919,0,40,2,3,2,1,18,31,3
2122539,0,919,0,40,2,1,2,1,8,50,3
2112409,0,919,0,40,3,2,2,1,16,17,3
2097524,0,919,0,40,2,5,2,1,29,38,3
2108509,0,919,0,40,2,4,2,1,14,30,3
2103406,0,919,0,40,3,4,2,1,24,35,3
2102841,0,919,0,40,2,6,2,1,17,33,3
2070200,0,919,0,40,2,10,2,1,51,27,3
2090482,0,919,0,40,3,7,2,1,48,51,3
2110930,1,919,896,38.2804,2,3,2,1,16,99,3
2116773,0,919,0,40,2,2,2,1,9,9,3
2103203,0,919,0,40,2,2,2,1,36,74,3
2095382,0,919,0,40,2,7,2,1,39,18,3
2114316,0,919,0,40,3,3,2,1,12,27,3
2116439,0,919,0,40,3,3,2,1,10,57,3
2113422,0,919,0,40,2,2,2,1,20,30,3
2103645,1,919,888,12.6889,3,4,2,1,32,12,3
2116470,0,919,0,40,2,2,2,1,15,38,3
2071441,0,919,0,40,3,9,2,1,43,91,3
2064141,0,919,0,40,3,13,2,1,75,44,3
2119877,0,919,0,40,3,2,2,1,9,33,3
2068740,0,919,0,40,3,5,2,1,37,22,3
2116359,0,919,0,40,2,2,2,1,16,50,3
2086871,0,919,0,40,2,7,2,1,57,20,3
2120504,0,919,0,40,2,2,2,1,10,33,3
2101553,0,919,0,40,2,6,2,1,15,70,3
2106019,0,919,0,40,2,6,2,1,21,33,3
2121542,0,919,0,40,3,1,2,1,7,72,3
2122452,0,919,0,40,2,1,2,1,7,54,3
2122776,0,919,0,40,2,1,2,1,7,27,3
2123284,0,919,0,40,2,1,2,1,7,58,3
2079452,0,919,0,40,3,8,2,1,55,25,3
2095732,0,919,0,40,2,5,2,1,27,42,3
2098775,0,919,0,40,2,4,2,1,38,44,3
2093349,0,919,0,40,3,9,2,1,31,40,3
2107261,0,919,0,40,3,2,2,1,28,39,3
2117289,0,919,0,40,3,2,2,1,9,44,3
2105550,0,919,0,40,2,4,2,1,21,46,3
2059977,0,919,0,40,2,16,2,1,98,53,3
2054822,0,919,0,40,2,15,2,1,108,29,3
2073565,0,919,0,40,3,12,2,1,82,41,3
2119391,0,919,0,40,3,2,2,1,8,27,3
2103065,0,919,0,40,3,5,2,1,27,35,3
2097696,0,919,0,40,3,5,2,1,35,67,3
2101962,0,919,0,40,3,5,2,1,29,51,3
2090633,0,919,0,40,2,6,2,1,42,15,3
2088543,0,919,0,40,3,6,2,1,45,20,3
2109014,0,919,0,40,3,5,2,1,18,35,3
2113800,0,919,0,40,2,3,2,1,15,22,3
2094667,0,919,0,40,3,5,2,1,36,45,3
2077489,0,919,0,40,3,8,2,1,78,43,3
2069239,0,919,0,40,3,13,2,1,56,24,3
2119979,0,919,0,40,2,2,2,1,7,42,3
2085881,0,919,0,40,2,5,2,1,51,48,3
2068830,0,919,0,40,2,12,2,1,67,47,3
2120835,0,919,0,40,2,2,2,1,9,57,3
2105002,0,919,0,40,2,5,2,1,18,43,3
2119307,0,919,0,40,2,2,2,1,13,22,3
2121121,0,919,0,40,2,2,2,1,9,31,3
2122426,0,919,0,40,2,1,2,1,6,40,3
2123031,0,919,0,40,3,1,2,1,6,35,3
2123135,0,919,0,40,3,1,2,1,6,40,3
2123363,0,919,0,40,2,1,2,1,6,49,3
2110891,0,919,0,40,3,3,2,1,13,55,3
2091493,0,919,0,40,3,7,2,1,34,33,3
2072982,0,919,0,40,3,10,2,1,87,23,3
2073939,0,919,0,40,3,13,2,1,71,40,3
2106843,0,919,0,40,3,4,2,1,21,48,3
2109189,0,919,0,40,3,4,2,1,11,72,3
2066665,0,919,0,40,2,8,2,1,50,56,3
2098850,0,919,0,40,2,5,2,1,30,61,3
2116313,0,919,0,40,2,2,2,1,8,53,3
2089909,0,919,0,40,3,6,2,1,46,41,3
2071516,0,919,0,40,3,7,2,1,49,52,3
2098067,0,919,0,40,3,5,2,1,38,50,3
2110876,0,919,0,40,2,5,2,1,15,23,3
2076278,0,919,0,40,3,9,2,1,64,42,3
2113177,0,919,0,40,3,2,2,1,15,21,3
2087063,0,919,0,40,3,9,2,1,35,32,3
2112818,0,919,0,40,3,3,2,1,13,27,3
2107011,0,919,0,40,3,4,2,1,19,51,3
2077002,0,919,0,40,3,11,2,1,62,39,3
2098546,0,919,0,40,2,6,2,1,27,54,3
2107641,0,919,0,40,2,3,2,1,26,49,3
2109452,0,919,0,40,2,4,2,1,22,31,3
2106240,0,919,0,40,2,4,2,1,27,26,3
2099891,0,919,0,40,3,5,2,1,30,23,3
2059245,0,919,0,40,3,10,2,1,78,59,3
2086322,0,919,0,40,3,6,2,1,54,41,3
2116739,0,919,0,40,2,2,2,1,15,86,3
2079695,0,919,0,40,2,8,2,1,69,50,3
2114741,0,919,0,40,2,4,2,1,12,63,3
2090801,0,919,0,40,2,8,2,1,48,20,3
2121713,0,919,0,40,3,2,2,1,8,46,3
2065192,0,919,0,40,2,6,2,1,33,38,3
2122096,0,919,0,40,3,1,2,1,5,49,3
2122302,0,919,0,40,2,1,2,1,5,83,3
2123341,0,919,0,40,2,1,2,1,5,31,3
2123471,0,919,0,40,3,1,2,1,5,32,3
2123487,0,919,0,40,2,1,2,1,5,79,3
2123563,0,919,0,40,2,1,2,1,5,48,3
2123631,0,919,0,40,2,1,2,1,5,85,3
2123891,0,919,0,40,3,1,2,1,5,50,3
2110456,0,919,0,40,2,1,2,1,30,49,3
2104528,0,919,0,40,3,3,2,1,35,34,3
2111420,0,919,0,40,3,1,2,1,28,33,3
2112434,0,919,0,40,2,1,2,1,25,43,3
2074634,0,919,0,40,2,11,2,1,62,38,3
2105672,0,919,0,40,3,5,2,1,26,36,3
2113950,0,919,0,40,3,2,2,1,23,46,3
2110621,0,919,0,40,3,2,2,1,24,115,3
2087466,0,919,0,40,3,6,2,1,52,28,3
2110973,0,919,0,40,3,2,2,1,27,44,3
2095547,0,919,0,40,2,6,2,1,40,32,3
2099543,1,919,916,29.3982,3,5,2,1,36,59,3
2118048,1,919,916,39.8688,2,1,2,1,17,31,3
2101250,0,919,0,40,2,5,2,1,25,72,3
2086447,1,919,899,18.4615,3,8,2,1,43,48,3
2036413,0,919,0,40,3,11,2,1,98,71,3
2036275,0,919,0,40,2,13,2,1,76,44,3
2109516,0,919,0,40,3,5,2,1,20,51,3
2098552,0,919,0,40,3,6,2,1,36,27,3
2119439,0,919,0,40,2,1,2,1,14,60,3
2111868,0,919,0,40,3,2,2,1,26,27,3
2101849,0,919,0,40,3,5,2,1,24,31,3
2069738,0,919,0,40,2,10,2,1,53,45,3
2115185,0,919,0,40,2,2,2,1,16,38,3
2119376,0,919,0,40,2,1,2,1,12,27,3
2107726,0,919,0,40,2,3,2,1,17,48,3
2085731,0,919,0,40,2,8,2,1,55,66,3
2084580,0,919,0,40,2,7,2,1,57,67,3
2099563,0,919,0,40,3,5,2,1,33,29,3
2091109,0,919,0,40,3,9,2,1,39,68,3
2073206,0,919,0,40,3,14,2,1,75,51,3
2120654,0,919,0,40,3,1,2,1,11,55,3
2121042,0,919,0,40,2,1,2,1,11,65,3
2121441,0,919,0,40,2,1,2,1,11,30,3
2086350,0,919,0,40,2,7,2,1,43,69,3
2104588,0,919,0,40,3,5,2,1,27,74,3
2111933,0,919,0,40,3,3,2,1,13,23,3
2099254,0,919,0,40,3,4,2,1,36,49,3
2100763,0,919,0,40,3,5,2,1,21,24,3
2098516,0,919,0,40,2,5,2,1,36,66,3
2105709,0,919,0,40,3,3,2,1,23,30,3
2122115,0,919,0,40,3,1,2,1,10,24,3
2106593,0,919,0,40,2,4,2,1,15,48,3
2103517,0,919,0,40,2,6,2,1,19,61,3
2096395,0,919,0,40,2,7,2,1,38,42,3
2084862,0,919,0,40,2,8,2,1,53,24,3
2117346,0,919,0,40,3,3,2,1,14,23,3
2061606,0,919,0,40,3,9,2,1,60,38,3
2063268,0,919,0,40,2,11,2,1,71,37,3
2120015,0,919,0,40,3,1,2,1,9,38,3
2121838,1,919,916,27.9932,2,1,2,1,9,21,3
2099498,0,919,0,40,2,5,2,1,29,50,3
2118926,0,919,0,40,2,2,2,1,9,30,3
2070334,0,919,0,40,3,9,2,1,70,44,3
2106636,0,919,0,40,2,5,2,1,23,37,3
2121526,0,919,0,40,2,1,2,1,8,116,3
2122950,0,919,0,40,3,1,2,1,8,50,3
2123116,0,919,0,40,3,1,2,1,8,47,3
2111587,0,919,0,40,2,2,2,1,14,55,3
2106071,0,919,0,40,2,5,2,1,22,67,3
2110849,0,919,0,40,3,4,2,1,13,34,3
2116603,0,919,0,40,3,2,2,1,12,47,3
2092982,0,919,0,40,2,6,2,1,38,45,3
2081186,0,919,0,40,2,11,2,1,50,38,3
2119815,0,919,0,40,2,2,2,1,8,64,3
2114289,0,919,0,40,3,3,2,1,12,111,3
2037360,0,919,0,40,2,17,2,1,113,15,3
2090075,0,919,0,40,3,7,2,1,57,32,3
2122056,0,919,0,40,2,1,2,1,7,21,3
2122999,0,919,0,40,2,1,2,1,7,62,3
2123696,0,919,0,40,3,1,2,1,7,27,3
2100099,1,919,902,35.4419,2,8,2,1,27,58,3
2071968,0,919,0,40,3,15,2,1,69,45,3
2115538,0,919,0,40,2,3,2,1,9,24,3
2081562,0,919,0,40,2,8,2,1,59,29,3
2112940,0,919,0,40,3,3,2,1,11,37,3
2112458,0,919,0,40,3,3,2,1,17,11,3
2083713,0,919,0,40,2,8,2,1,46,32,3
2116529,0,919,0,40,3,4,2,1,10,38,3
2113169,0,919,0,40,2,3,2,1,16,42,3
2100252,0,919,0,40,2,3,2,1,39,54,3
2119054,0,919,0,40,3,2,2,1,11,31,3
2106193,0,919,0,40,3,6,2,1,15,32,3
2090789,0,919,0,40,3,7,2,1,47,29,3
2082094,0,919,0,40,3,12,2,1,45,29,3
2072724,0,919,0,40,3,9,2,1,93,24,3
2119727,0,919,0,40,2,3,2,1,10,140,3
2079916,1,919,916,35.209,2,10,2,1,65,77,3
2098096,0,919,0,40,2,5,2,1,37,32,3
2123125,0,919,0,40,2,1,2,1,6,52,3
2123795,0,919,0,40,3,1,2,1,6,35,3
2124167,0,919,0,40,2,1,2,1,6,21,3
2124497,0,919,0,40,2,1,2,1,6,36,3
2107092,0,919,0,40,3,5,2,1,20,19,3
2109765,1,919,916,34.7774,2,3,2,1,22,31,3
2090127,1,919,903,30.8658,2,6,2,1,45,37,3
2100101,0,919,0,40,3,5,2,1,30,35,3
2102467,0,919,0,40,3,5,2,1,26,68,3
2102763,0,919,0,40,2,4,2,1,23,32,3
2092729,0,919,0,40,2,8,2,1,35,59,3
2070380,0,919,0,40,2,7,2,1,44,36,3
2053308,0,919,0,40,2,15,2,1,83,13,3
2086741,0,919,0,40,3,7,2,1,40,36,3
2115254,0,919,0,40,2,3,2,1,11,19,3
2080557,0,919,0,40,3,9,2,1,65,44,3
2069220,0,919,0,40,3,9,2,1,45,40,3
2122209,0,919,0,40,2,2,2,1,7,17,3
2090656,0,919,0,40,2,6,2,1,49,10,3
2123305,0,919,0,40,3,1,2,1,5,45,3
2124258,0,919,0,40,2,1,2,1,5,36,3
2124769,0,919,0,40,3,1,2,1,5,38,3
2088245,0,919,0,40,3,5,2,1,57,51,3
2114944,0,919,0,40,3,1,2,1,23,24,3
2101114,0,919,0,40,2,3,2,1,32,54,3
2062622,0,919,0,40,3,8,2,1,95,29,3
2107886,0,919,0,40,2,3,2,1,19,22,3
2118320,0,919,0,40,3,1,2,1,15,71,3
2119884,0,919,0,40,2,1,2,1,14,23,3
2071015,0,919,0,40,3,10,2,1,64,29,3
2122447,0,919,0,40,3,1,2,1,10,50,3
2117443,0,919,0,40,3,2,2,1,12,43,3
2115087,0,919,0,40,2,2,2,1,18,84,3
2111475,0,919,0,40,3,3,2,1,18,23,3
2122100,0,919,0,40,3,1,2,1,9,56,3
2094622,0,919,0,40,3,7,2,1,37,62,3
2069133,0,919,0,40,3,9,2,1,54,72,3
2066654,0,919,0,40,2,6,2,1,77,33,3
2121944,0,919,0,40,2,1,2,1,8,62,3
2122570,0,919,0,40,2,1,2,1,8,22,3
2123742,0,919,0,40,2,1,2,1,8,23,3
2107820,0,919,0,40,3,4,2,1,15,52,3
2073732,0,919,0,40,3,11,2,1,83,36,3
2091527,0,919,0,40,2,6,2,1,46,25,3
2098695,0,919,0,40,3,4,2,1,39,83,3
2108049,0,919,0,40,3,4,2,1,23,71,3
2120476,0,919,0,40,3,2,2,1,13,34,3
2123499,0,919,0,40,3,1,2,1,7,20,3
2110486,0,919,0,40,2,4,2,1,18,83,3
2114924,0,919,0,40,2,3,2,1,9,26,3
2117973,0,919,0,40,2,3,2,1,10,80,3
2124402,0,919,0,40,3,1,2,1,6,38,3
2125153,0,919,0,40,3,1,2,1,6,36,3
2087018,0,919,0,40,2,7,2,1,59,32,3
2090123,0,919,0,40,2,6,2,1,51,32,3
2092397,0,919,0,40,2,5,2,1,31,35,3
2066028,0,919,0,40,2,14,2,1,70,57,3
2123009,0,919,0,40,2,1,2,1,5,22,3
2124116,0,919,0,40,3,1,2,1,5,63,3
2124476,0,919,0,40,3,1,2,1,5,55,3
2124810,0,919,0,40,3,1,2,1,5,127,3
2121728,0,919,0,40,3,0,2,1,4,73,3
2122470,0,919,0,40,2,0,2,1,4,36,3
2122726,0,919,0,40,3,0,2,1,4,46,3
2122865,0,919,0,40,3,0,2,1,4,45,3
2122929,0,919,0,40,3,0,2,1,4,60,3
2122993,0,919,0,40,3,0,2,1,4,47,3
2123089,0,919,0,40,3,0,2,1,4,21,3
2123217,0,919,0,40,2,0,2,1,4,30,3
2123281,0,919,0,40,3,0,2,1,4,35,3
2123345,0,919,0,40,2,0,2,1,4,45,3
2123469,0,919,0,40,3,0,2,1,4,17,3
2123629,0,919,0,40,3,0,2,1,4,31,3
2123661,0,919,0,40,2,0,2,1,4,40,3
2123741,0,919,0,40,2,0,2,1,4,77,3
2123789,0,919,0,40,2,0,2,1,4,22,3
2123845,0,919,0,40,3,0,2,1,4,39,3
2123877,0,919,0,40,2,0,2,1,4,74,3
2123909,0,919,0,40,2,0,2,1,4,62,3
2123973,0,919,0,40,3,0,2,1,4,88,3
2124032,0,919,0,40,3,0,2,1,4,58,3
2124064,0,919,0,40,2,0,2,1,4,50,3
2124080,0,919,0,40,3,0,2,1,4,42,3
2124112,0,919,0,40,2,0,2,1,4,91,3
2124128,0,919,0,40,2,0,2,1,4,58,3
2124160,0,919,0,40,3,0,2,1,4,38,3
2124192,0,919,0,40,2,0,2,1,4,56,3
2124208,0,919,0,40,2,0,2,1,4,28,3
2124224,0,919,0,40,3,0,2,1,4,52,3
2124256,2,919,0,40,2,0,2,1,4,52,3
2124288,0,919,0,40,3,0,2,1,4,38,3
2124320,0,919,0,40,3,0,2,1,4,46,3
2124336,0,919,0,40,2,0,2,1,4,43,3
2124400,0,919,0,40,2,0,2,1,4,79,3
2124416,0,919,0,40,3,0,2,1,4,34,3
2124432,0,919,0,40,2,0,2,1,4,59,3
2124448,0,919,0,40,3,0,2,1,4,25,3
2124464,0,919,0,40,2,0,2,1,4,55,3
2124496,0,919,0,40,2,0,2,1,4,33,3
2124512,0,919,0,40,3,0,2,1,4,22,3
2124528,0,919,0,40,3,0,2,1,4,38,3
2124592,0,919,0,40,3,0,2,1,4,38,3
2124608,0,919,0,40,3,0,2,1,4,33,3
2124624,0,919,0,40,3,0,2,1,4,19,3
2124632,0,919,0,40,3,0,2,1,4,41,3
2124648,0,919,0,40,3,0,2,1,4,29,3
2124656,0,919,0,40,2,0,2,1,4,47,3
2124664,0,919,0,40,3,0,2,1,4,19,3
2124672,0,919,0,40,3,0,2,1,4,59,3
2124688,0,919,0,40,2,0,2,1,4,50,3
2124704,0,919,0,40,3,0,2,1,4,46,3
2124720,0,919,0,40,2,0,2,1,4,27,3
2124728,0,919,0,40,2,0,2,1,4,50,3
2124744,0,919,0,40,2,0,2,1,4,46,3
2124752,0,919,0,40,2,0,2,1,4,72,3
2124760,0,919,0,40,3,0,2,1,4,40,3
2124768,0,919,0,40,3,0,2,1,4,25,3
2124776,0,919,0,40,3,0,2,1,4,23,3
2124784,0,919,0,40,3,0,2,1,4,16,3
2124792,0,919,0,40,3,0,2,1,4,25,3
2124824,0,919,0,40,2,0,2,1,4,31,3
2124856,0,919,0,40,2,0,2,1,4,41,3
2124880,0,919,0,40,3,0,2,1,4,52,3
2124896,2,919,0,40,3,0,2,1,4,17,3
2124904,0,919,0,40,3,0,2,1,4,31,3
2124912,0,919,0,40,3,0,2,1,4,67,3
2124920,0,919,0,40,2,0,2,1,4,24,3
2124928,0,919,0,40,3,0,2,1,4,41,3
2124936,0,919,0,40,2,0,2,1,4,79,3
2124944,0,919,0,40,3,0,2,1,4,53,3
2124952,0,919,0,40,2,0,2,1,4,36,3
2124960,0,919,0,40,2,0,2,1,4,56,3
2124968,0,919,0,40,3,0,2,1,4,57,3
2124976,0,919,0,40,3,0,2,1,4,55,3
2124984,0,919,0,40,3,0,2,1,4,75,3
2124992,0,919,0,40,2,0,2,1,4,51,3
2125024,0,919,0,40,2,0,2,1,4,66,3
2125032,0,919,0,40,3,0,2,1,4,47,3
2125040,0,919,0,40,2,0,2,1,4,45,3
2125048,0,919,0,40,2,0,2,1,4,30,3
2125056,0,919,0,40,2,0,2,1,4,21,3
2125064,0,919,0,40,3,0,2,1,4,83,3
2125072,0,919,0,40,2,0,2,1,4,28,3
2125088,0,919,0,40,2,0,2,1,4,95,3
2125096,0,919,0,40,2,0,2,1,4,39,3
2125104,0,919,0,40,3,0,2,1,4,64,3
2125112,0,919,0,40,3,0,2,1,4,56,3
2125128,0,919,0,40,2,0,2,1,4,62,3
2125152,0,919,0,40,2,0,2,1,4,29,3
2125168,0,919,0,40,2,0,2,1,4,66,3
2125176,0,919,0,40,2,0,2,1,4,20,3
2125184,0,919,0,40,3,0,2,1,4,69,3
2125192,0,919,0,40,2,0,2,1,4,69,3
2125200,0,919,0,40,2,0,2,1,4,62,3
2125208,0,919,0,40,3,0,2,1,4,40,3
2125216,0,919,0,40,3,0,2,1,4,37,3
2125220,0,919,0,40,3,0,2,1,4,85,3
2125228,0,919,0,40,3,0,2,1,4,19,3
2125232,0,919,0,40,3,0,2,1,4,12,3
2125240,0,919,0,40,2,0,2,1,4,51,3
2125244,0,919,0,40,2,0,2,1,4,97,3
2125248,0,919,0,40,2,0,2,1,4,48,3
2125252,0,919,0,40,3,0,2,1,4,45,3
2125260,0,919,0,40,2,0,2,1,4,50,3
2125264,0,919,0,40,3,0,2,1,4,35,3
2125272,0,919,0,40,3,0,2,1,4,30,3
2125276,0,919,0,40,2,0,2,1,4,33,3
2125280,0,919,0,40,2,0,2,1,4,52,3
2125284,0,919,0,40,3,0,2,1,4,39,3
2125296,0,919,0,40,3,0,2,1,4,31,3
2125304,0,919,0,40,3,0,2,1,4,57,3
2125308,0,919,0,40,2,0,2,1,4,85,3
2125316,0,919,0,40,2,0,2,1,4,69,3
2125328,0,919,0,40,2,0,2,1,4,74,3
2125336,0,919,0,40,2,0,2,1,4,65,3
2125340,0,919,0,40,2,0,2,1,4,35,3
2125348,0,919,0,40,2,0,2,1,4,35,3
2125352,0,919,0,40,3,0,2,1,4,40,3
2125356,0,919,0,40,3,0,2,1,4,31,3
2125360,0,919,0,40,2,0,2,1,4,39,3
2125364,0,919,0,40,2,0,2,1,4,13,3
2125372,0,919,0,40,3,0,2,1,4,19,3
2125376,0,919,0,40,3,0,2,1,4,62,3
2125380,0,919,0,40,2,0,2,1,4,75,3
2125384,0,919,0,40,2,0,2,1,4,72,3
2125388,0,919,0,40,2,0,2,1,4,24,3
2125392,0,919,0,40,3,0,2,1,4,62,3
2125396,0,919,0,40,2,0,2,1,4,42,3
2125400,0,919,0,40,3,0,2,1,4,54,3
2125412,0,919,0,40,3,0,2,1,4,38,3
2125416,0,919,0,40,3,0,2,1,4,19,3
2125420,0,919,0,40,3,0,2,1,4,37,3
2125424,0,919,0,40,3,0,2,1,4,60,3
2125432,0,919,0,40,3,0,2,1,4,47,3
2125440,0,919,0,40,3,0,2,1,4,32,3
2125448,0,919,0,40,2,0,2,1,4,82,3
2125452,0,919,0,40,2,0,2,1,4,63,3
2125456,0,919,0,40,3,0,2,1,4,36,3
2125460,0,919,0,40,2,0,2,1,4,62,3
2125464,0,919,0,40,2,0,2,1,4,59,3
2125468,0,919,0,40,3,0,2,1,4,24,3
2125472,0,919,0,40,2,0,2,1,4,33,3
2125480,0,919,0,40,2,0,2,1,4,49,3
2125484,0,919,0,40,3,0,2,1,4,38,3
2125488,0,919,0,40,2,0,2,1,4,36,3
2125496,0,919,0,40,3,0,2,1,4,44,3
2125500,0,919,0,40,2,0,2,1,4,31,3
2125508,0,919,0,40,2,0,2,1,4,42,3
2125512,0,919,0,40,2,0,2,1,4,54,3
2125524,0,919,0,40,3,0,2,1,4,56,3
2125528,0,919,0,40,2,0,2,1,4,40,3
2125532,0,919,0,40,2,0,2,1,4,45,3
2125536,0,919,0,40,3,0,2,1,4,21,3
2125544,0,919,0,40,3,0,2,1,4,30,3
2125552,0,919,0,40,3,0,2,1,4,52,3
2125556,0,919,0,40,2,0,2,1,4,51,3
2125560,0,919,0,40,2,0,2,1,4,54,3
2125564,0,919,0,40,2,0,2,1,4,119,3
2125568,0,919,0,40,2,0,2,1,4,29,3
2125572,0,919,0,40,2,0,2,1,4,13,3
2125580,0,919,0,40,2,0,2,1,4,23,3
2125584,0,919,0,40,2,0,2,1,4,29,3
2125588,0,919,0,40,2,0,2,1,4,68,3
2125592,0,919,0,40,3,0,2,1,4,41,3
2125604,0,919,0,40,2,0,2,1,4,67,3
2125608,0,919,0,40,3,0,2,1,4,29,3
2125612,0,919,0,40,3,0,2,1,4,31,3
2125616,0,919,0,40,3,0,2,1,4,93,3
2125624,0,919,0,40,3,0,2,1,4,34,3
2125628,0,919,0,40,3,0,2,1,4,45,3
2125636,0,919,0,40,2,0,2,1,4,45,3
2125640,0,919,0,40,2,0,2,1,4,31,3
2125644,0,919,0,40,3,0,2,1,4,46,3
2125648,0,919,0,40,2,0,2,1,4,14,3
2125652,0,919,0,40,2,0,2,1,4,37,3
2125656,0,919,0,40,3,0,2,1,4,28,3
2125660,0,919,0,40,3,0,2,1,4,35,3
2125664,0,919,0,40,2,0,2,1,4,67,3
2125668,0,919,0,40,3,0,2,1,4,45,3
2125676,0,919,0,40,2,0,2,1,4,41,3
2125684,0,919,0,40,2,0,2,1,4,34,3
2125688,0,919,0,40,2,0,2,1,4,69,3
2125696,0,919,0,40,2,0,2,1,4,24,3
2125704,0,919,0,40,2,0,2,1,4,46,3
2125708,0,919,0,40,3,0,2,1,4,9,3
2125712,0,919,0,40,2,0,2,1,4,85,3
2125716,0,919,0,40,2,0,2,1,4,22,3
2125720,0,919,0,40,3,0,2,1,4,43,3
2125724,0,919,0,40,2,0,2,1,4,18,3
2125732,0,919,0,40,2,0,2,1,4,48,3
2125740,0,919,0,40,2,0,2,1,4,46,3
2125744,0,919,0,40,3,0,2,1,4,43,3
2125748,0,919,0,40,2,0,2,1,4,40,3
2125752,0,919,0,40,3,0,2,1,4,46,3
2125760,0,919,0,40,2,0,2,1,4,27,3
2125764,0,919,0,40,2,0,2,1,4,48,3
2125768,0,919,0,40,3,0,2,1,4,42,3
2125770,0,919,0,40,3,0,2,1,4,42,3
2125772,0,919,0,40,3,0,2,1,4,17,3
2125774,0,919,0,40,3,0,2,1,4,71,3
2125776,0,919,0,40,2,0,2,1,4,42,3
2125778,0,919,0,40,2,0,2,1,4,62,3
2125780,0,919,0,40,2,0,2,1,4,63,3
2125782,0,919,0,40,2,0,2,1,4,38,3
2125784,0,919,0,40,3,0,2,1,4,61,3
2125786,0,919,0,40,2,0,2,1,4,35,3
2125788,0,919,0,40,2,0,2,1,4,34,3
2125794,0,919,0,40,3,0,2,1,4,12,3
2125796,0,919,0,40,2,0,2,1,4,32,3
2125800,0,919,0,40,2,0,2,1,4,23,3
2125802,0,919,0,40,3,0,2,1,4,11,3
2125804,0,919,0,40,3,0,2,1,4,113,3
2125810,0,919,0,40,2,0,2,1,4,30,3
2125812,0,919,0,40,2,0,2,1,4,24,3
2125814,0,919,0,40,2,0,2,1,4,25,3
2125818,0,919,0,40,3,0,2,1,4,17,3
2125820,0,919,0,40,2,0,2,1,4,21,3
2125822,0,919,0,40,3,0,2,1,4,48,3
2125824,0,919,0,40,3,0,2,1,4,26,3
2125826,0,919,0,40,2,0,2,1,4,17,3
2125830,0,919,0,40,3,0,2,1,4,46,3
2125832,0,919,0,40,2,0,2,1,4,38,3
2125836,0,919,0,40,2,0,2,1,4,49,3
2125838,0,919,0,40,3,0,2,1,4,20,3
2125842,0,919,0,40,2,0,2,1,4,17,3
2125848,0,919,0,40,2,0,2,1,4,62,3
2125852,0,919,0,40,3,0,2,1,4,20,3
2125856,0,919,0,40,2,0,2,1,4,46,3
2125858,0,919,0,40,3,0,2,1,4,27,3
2125862,0,919,0,40,3,0,2,1,4,54,3
2125866,0,919,0,40,3,0,2,1,4,56,3
2125868,0,919,0,40,3,0,2,1,4,61,3
2125872,0,919,0,40,3,0,2,1,4,49,3
2125874,0,919,0,40,3,0,2,1,4,57,3
2125876,0,919,0,40,2,0,2,1,4,53,3
2125878,0,919,0,40,3,0,2,1,4,53,3
2125882,0,919,0,40,3,0,2,1,4,31,3
2125884,0,919,0,40,2,0,2,1,4,45,3
2125886,0,919,0,40,2,0,2,1,4,41,3
2125888,0,919,0,40,3,0,2,1,4,70,3
2125890,0,919,0,40,2,0,2,1,4,48,3
2125894,0,919,0,40,2,0,2,1,4,30,3
2125896,0,919,0,40,2,0,2,1,4,30,3
2125898,0,919,0,40,3,0,2,1,4,35,3
2125900,0,919,0,40,2,0,2,1,4,51,3
2125902,0,919,0,40,2,0,2,1,4,74,3
2125906,0,919,0,40,3,0,2,1,4,21,3
2125910,0,919,0,40,3,0,2,1,4,25,3
2125912,0,919,0,40,2,0,2,1,4,13,3
2125916,0,919,0,40,2,0,2,1,4,43,3
2125918,0,919,0,40,3,0,2,1,4,21,3
2125920,0,919,0,40,3,0,2,1,4,16,3
2125922,0,919,0,40,3,0,2,1,4,44,3
2125924,0,919,0,40,2,0,2,1,4,81,3
2125928,0,919,0,40,2,0,2,1,4,49,3
2125930,0,919,0,40,3,0,2,1,4,38,3
2125934,0,919,0,40,2,0,2,1,4,51,3
2125936,0,919,0,40,2,0,2,1,4,92,3
2125938,0,919,0,40,3,0,2,1,4,45,3
2125940,0,919,0,40,3,0,2,1,4,30,3
2125942,0,919,0,40,2,0,2,1,4,66,3
2125944,0,919,0,40,2,0,2,1,4,72,3
2125946,0,919,0,40,3,0,2,1,4,28,3
2125950,0,919,0,40,2,0,2,1,4,39,3
2125952,0,919,0,40,3,0,2,1,4,38,3
2125954,0,919,0,40,2,0,2,1,4,55,3
2125956,0,919,0,40,3,0,2,1,4,23,3
2125958,0,919,0,40,2,0,2,1,4,18,3
2125960,0,919,0,40,3,0,2,1,4,45,3
2125962,0,919,0,40,3,0,2,1,4,53,3
2125964,0,919,0,40,3,0,2,1,4,29,3
2125966,0,919,0,40,3,0,2,1,4,84,3
2125970,0,919,0,40,2,0,2,1,4,36,3
2125974,0,919,0,40,3,0,2,1,4,37,3
2125978,0,919,0,40,2,0,2,1,4,52,3
2125980,0,919,0,40,2,0,2,1,4,19,3
2125984,0,919,0,40,3,0,2,1,4,56,3
2125988,0,919,0,40,2,0,2,1,4,65,3
2125990,0,919,0,40,2,0,2,1,4,66,3
2125992,0,919,0,40,3,0,2,1,4,52,3
2125994,0,919,0,40,3,0,2,1,4,36,3
2126000,0,919,0,40,2,0,2,1,4,37,3
2126004,0,919,0,40,2,0,2,1,4,68,3
2126008,0,919,0,40,2,0,2,1,4,39,3
2126012,0,919,0,40,3,0,2,1,4,19,3
2126014,0,919,0,40,3,0,2,1,4,34,3
2126016,0,919,0,40,3,0,2,1,4,80,3
2126018,0,919,0,40,2,0,2,1,4,16,3
2126020,0,919,0,40,2,0,2,1,4,103,3
2126024,0,919,0,40,2,0,2,1,4,61,3
2126026,0,919,0,40,2,0,2,1,4,58,3
2126030,0,919,0,40,3,0,2,1,4,43,3
2126032,0,919,0,40,2,0,2,1,4,34,3
2126034,0,919,0,40,3,0,2,1,4,23,3
2126042,0,919,0,40,3,0,2,1,4,88,3
2126046,0,919,0,40,2,0,2,1,4,26,3
2126050,0,919,0,40,2,0,2,1,4,21,3
2126052,0,919,0,40,3,0,2,1,4,14,3
2126054,0,919,0,40,3,0,2,1,4,30,3
2126056,0,919,0,40,3,0,2,1,4,34,3
2126058,0,919,0,40,2,0,2,1,4,41,3
2126060,0,919,0,40,3,0,2,1,4,81,3
2126064,0,919,0,40,2,0,2,1,4,68,3
2126066,0,919,0,40,3,0,2,1,4,36,3
2126068,0,919,0,40,2,0,2,1,4,29,3
2126072,0,919,0,40,3,0,2,1,4,64,3
2126074,0,919,0,40,3,0,2,1,4,32,3
2126076,0,919,0,40,3,0,2,1,4,42,3
2126078,0,919,0,40,2,0,2,1,4,13,3
2126082,0,919,0,40,2,0,2,1,4,30,3
2126084,0,919,0,40,2,0,2,1,4,53,3
2126088,0,919,0,40,3,0,2,1,4,42,3
2126090,0,919,0,40,3,0,2,1,4,49,3
2126092,0,919,0,40,3,0,2,1,4,28,3
2126096,0,919,0,40,3,0,2,1,4,83,3
2126098,0,919,0,40,2,0,2,1,4,68,3
2126100,0,919,0,40,2,0,2,1,4,27,3
2126102,0,919,0,40,3,0,2,1,4,46,3
2126106,0,919,0,40,3,0,2,1,4,66,3
2126108,0,919,0,40,3,0,2,1,4,29,3
2126112,0,919,0,40,3,0,2,1,4,100,3
2126114,0,919,0,40,2,0,2,1,4,25,3
2126116,0,919,0,40,3,0,2,1,4,43,3
2126118,0,919,0,40,2,0,2,1,4,39,3
2126120,0,919,0,40,3,0,2,1,4,49,3
2126122,0,919,0,40,3,0,2,1,4,59,3
2126124,0,919,0,40,3,0,2,1,4,69,3
2126130,0,919,0,40,3,0,2,1,4,50,3
2126132,0,919,0,40,3,0,2,1,4,55,3
2126134,0,919,0,40,3,0,2,1,4,49,3
2126136,0,919,0,40,2,0,2,1,4,44,3
2126138,0,919,0,40,3,0,2,1,4,68,3
2126140,0,919,0,40,3,0,2,1,4,62,3
2126142,0,919,0,40,3,0,2,1,4,39,3
2126144,0,919,0,40,3,0,2,1,4,82,3
2126146,0,919,0,40,2,0,2,1,4,29,3
2126150,0,919,0,40,3,0,2,1,4,25,3
2126152,0,919,0,40,3,0,2,1,4,110,3
2126154,0,919,0,40,3,0,2,1,4,79,3
2126156,0,919,0,40,3,0,2,1,4,55,3
2126158,0,919,0,40,3,0,2,1,4,19,3
2126160,0,919,0,40,2,0,2,1,4,25,3
2126162,0,919,0,40,3,0,2,1,4,58,3
2126164,0,919,0,40,2,0,2,1,4,49,3
2126166,0,919,0,40,2,0,2,1,4,24,3
2126172,0,919,0,40,3,0,2,1,4,35,3
2126178,0,919,0,40,3,0,2,1,4,35,3
2126180,0,919,0,40,3,0,2,1,4,26,3
2126186,2,919,0,40,2,0,2,1,4,45,3
2126190,0,919,0,40,3,0,2,1,4,71,3
2126192,0,919,0,40,2,0,2,1,4,125,3
2126196,0,919,0,40,3,0,2,1,4,33,3
2126198,0,919,0,40,3,0,2,1,4,62,3
2126200,0,919,0,40,2,0,2,1,4,21,3
2126202,0,919,0,40,3,0,2,1,4,39,3
2126204,0,919,0,40,2,0,2,1,4,57,3
2126206,0,919,0,40,2,0,2,1,4,50,3
2126208,0,919,0,40,3,0,2,1,4,47,3
2126210,0,919,0,40,3,0,2,1,4,71,3
2126212,0,919,0,40,3,0,2,1,4,26,3
2126214,0,919,0,40,2,0,2,1,4,35,3
2126218,0,919,0,40,3,0,2,1,4,58,3
2126220,0,919,0,40,2,0,2,1,4,84,3
2126224,0,919,0,40,2,0,2,1,4,62,3
2126226,0,919,0,40,2,0,2,1,4,59,3
2126228,0,919,0,40,2,0,2,1,4,30,3
2126232,0,919,0,40,3,0,2,1,4,33,3
2126234,0,919,0,40,2,0,2,1,4,82,3
2126236,0,919,0,40,2,0,2,1,4,49,3
2126238,0,919,0,40,2,0,2,1,4,35,3
2126244,0,919,0,40,3,0,2,1,4,56,3
2126250,0,919,0,40,3,0,2,1,4,61,3
2126254,0,919,0,40,2,0,2,1,4,44,3
2126256,0,919,0,40,3,0,2,1,4,25,3
2126258,0,919,0,40,2,0,2,1,4,31,3
2126262,0,919,0,40,2,0,2,1,4,50,3
2126264,0,919,0,40,3,0,2,1,4,20,3
2126266,0,919,0,40,3,0,2,1,4,75,3
2126268,0,919,0,40,3,0,2,1,4,48,3
2126270,0,919,0,40,3,0,2,1,4,59,3
2126272,0,919,0,40,2,0,2,1,4,79,3
2126276,0,919,0,40,3,0,2,1,4,40,3
2126280,0,919,0,40,3,0,2,1,4,27,3
2126282,0,919,0,40,3,0,2,1,4,45,3
2126286,0,919,0,40,3,0,2,1,4,57,3
2126288,0,919,0,40,3,0,2,1,4,19,3
2126290,0,919,0,40,2,0,2,1,4,16,3
2126292,0,919,0,40,2,0,2,1,4,33,3
2126294,0,919,0,40,3,0,2,1,4,34,3
2126296,0,919,0,40,2,0,2,1,4,47,3
2126298,0,919,0,40,3,0,2,1,4,54,3
2126300,0,919,0,40,2,0,2,1,4,49,3
2126302,0,919,0,40,2,0,2,1,4,60,3
2126304,0,919,0,40,2,0,2,1,4,48,3
2126306,0,919,0,40,3,0,2,1,4,43,3
2089821,0,919,0,40,2,5,2,1,45,54,3
2090819,0,919,0,40,2,5,2,1,38,64,3
2093311,0,919,0,40,2,6,2,1,27,20,3
2109168,0,919,0,40,3,2,2,1,12,37,3
2066888,0,919,0,40,3,7,2,1,60,43,3
2096926,0,919,0,40,3,5,2,1,25,30,3
2113596,0,919,0,40,3,1,2,1,13,54,3
2109889,0,919,0,40,2,3,2,1,14,21,3
2112302,0,919,0,40,3,2,2,1,8,33,3
2106964,0,919,0,40,2,1,2,1,24,41,3
2085826,0,919,0,40,3,5,2,1,52,54,3
2097280,0,919,0,40,3,5,2,1,26,72,3
2096076,0,919,0,40,3,4,2,1,30,100,3
2110083,0,919,0,40,3,2,2,1,15,79,3
2095979,0,919,0,40,2,5,2,1,20,75,3
2104517,0,919,0,40,2,4,2,1,15,25,3
2117991,0,919,0,40,2,1,2,1,4,58,3
2101555,0,919,0,40,3,3,2,1,25,46,3
2112368,0,919,0,40,3,1,2,1,17,62,3
2114044,0,919,0,40,2,1,2,1,14,23,3
2099852,0,919,0,40,2,4,2,1,26,84,3
2114792,0,919,0,40,3,1,2,1,12,35,3
2071570,0,919,0,40,3,13,2,1,88,37,3
2065086,0,919,0,40,2,9,2,1,50,89,3
2113173,0,919,0,40,3,2,2,1,10,87,3
2095271,0,919,0,40,3,4,2,1,35,78,3
2105369,0,919,0,40,3,4,2,1,20,23,3
2097542,0,919,0,40,3,4,2,1,28,41,3
2117627,0,919,0,40,3,1,2,1,6,72,3
2102429,0,919,0,40,3,4,2,1,24,71,3
2117268,0,919,0,40,2,2,2,1,6,66,3
2108494,0,919,0,40,2,2,2,1,7,69,3
2100622,0,919,0,40,2,4,2,1,20,67,3
2103943,0,919,0,40,2,3,2,1,24,57,3
2119737,1,919,907,40,2,1,2,1,4,49,3
2105711,0,919,0,40,2,2,2,1,25,41,3
2074184,0,919,0,40,3,10,2,1,77,45,3
2113625,0,919,0,40,2,1,2,1,14,29,3
2112872,0,919,0,40,3,2,2,1,13,44,3
2111852,0,919,0,40,2,2,2,1,14,98,3
2099806,0,919,0,40,2,5,2,1,22,46,3
2112094,0,919,0,40,3,2,2,1,10,21,3
2106129,0,919,0,40,3,4,2,1,23,37,3
2105777,0,919,0,40,3,4,2,1,16,42,3
2095319,0,919,0,40,3,6,2,1,35,74,3
2081568,0,919,0,40,2,9,2,1,44,22,3
2110378,0,919,0,40,3,2,2,1,16,83,3
2114412,0,919,0,40,3,2,2,1,9,65,3
2062510,0,919,0,40,2,9,2,1,60,21,3
2091485,0,919,0,40,3,6,2,1,21,89,3
2115679,0,919,0,40,3,2,2,1,7,8,3
2095002,0,919,0,40,3,4,2,1,37,53,3
2086777,0,919,0,40,3,7,2,1,46,20,3
2112471,0,919,0,40,3,2,2,1,10,27,3
2095239,0,919,0,40,3,5,2,1,30,40,3
2119390,0,919,0,40,2,1,2,1,5,61,3
2112783,0,919,0,40,2,2,2,1,9,49,3
2106985,0,919,0,40,3,4,2,1,15,15,3
2106798,0,919,0,40,3,4,2,1,15,40,3
2107187,0,919,0,40,2,5,2,1,15,23,3
2109040,0,919,0,40,2,3,2,1,17,42,3
2114169,0,919,0,40,3,3,2,1,9,26,3
2119950,0,919,0,40,2,1,2,1,4,42,3
2097382,0,919,0,40,3,1,2,1,45,59,3
2080201,0,919,0,40,3,7,2,1,60,38,3
2102206,0,919,0,40,3,3,2,1,30,61,3
2070609,0,919,0,40,2,7,2,1,66,31,3
2070049,0,919,0,40,3,8,2,1,57,28,3
2080143,0,919,0,40,3,6,2,1,66,72,3
2100669,0,919,0,40,2,4,2,1,28,34,3
2102764,0,919,0,40,3,3,2,1,24,39,3
2115052,0,919,0,40,2,1,2,1,14,110,3
2092705,0,919,0,40,3,3,2,1,40,36,3
2107391,0,919,0,40,3,3,2,1,21,22,3
2116380,0,919,0,40,2,1,2,1,12,27,3
2080330,0,919,0,40,2,10,2,1,46,38,3
2116554,0,919,0,40,3,1,2,1,11,34,3
2113332,0,919,0,40,3,2,2,1,11,43,3
2107597,0,919,0,40,3,3,2,1,19,16,3
2113507,0,919,0,40,2,2,2,1,12,27,3
2117380,0,919,0,40,2,1,2,1,10,43,3
2108210,0,919,0,40,3,2,2,1,20,59,3
2078047,0,919,0,40,3,12,2,1,51,45,3
2114346,0,919,0,40,2,1,2,1,9,46,3
2089377,0,919,0,40,2,8,2,1,31,21,3
2089641,1,919,860,17.5841,3,7,2,1,33,69,3
2103650,0,919,0,40,3,5,2,1,22,34,3
2113014,0,919,0,40,2,2,2,1,17,42,3
2117595,0,919,0,40,2,1,2,1,8,24,3
2118397,0,919,0,40,3,1,2,1,8,45,3
2093827,0,919,0,40,2,5,2,1,38,34,3
2110625,0,919,0,40,3,3,2,1,13,74,3
2113318,0,919,0,40,2,2,2,1,13,46,3
2094244,0,919,0,40,3,7,2,1,27,23,3
2118418,0,919,0,40,2,1,2,1,7,34,3
2099936,0,919,0,40,3,4,2,1,28,37,3
2094754,0,919,0,40,3,6,2,1,31,22,3
2119094,0,919,0,40,3,1,2,1,6,16,3
2114995,0,919,0,40,2,2,2,1,7,41,3
2115580,0,919,0,40,2,2,2,1,7,33,3
2020847,0,919,0,40,3,21,2,1,120,48,3
2087214,0,919,0,40,3,9,2,1,41,76,3
2074221,0,919,0,40,3,14,2,1,63,19,3
2115875,0,919,0,40,3,2,2,1,13,65,3
2118372,0,919,0,40,2,1,2,1,5,36,3
2110672,0,919,0,40,3,2,2,1,12,46,3
2100077,1,919,909,25.8327,3,5,2,1,17,75,3
2090959,0,919,0,40,2,8,2,1,32,68,3
2082751,0,919,0,40,3,7,2,1,52,41,3
2071686,0,919,0,40,3,5,2,1,27,28,3
2113516,0,919,0,40,2,3,2,1,9,38,3
2082687,0,919,0,40,2,7,2,1,60,18,3
2119136,0,919,0,40,2,1,2,1,4,34,3
2120751,0,919,0,40,2,1,2,1,4,28,3
2090541,0,919,0,40,3,5,2,1,46,59,3
2065270,0,919,0,40,3,10,2,1,68,44,3
2084830,0,919,0,40,2,6,2,1,57,82,3
2087825,0,919,0,40,3,6,2,1,46,27,3
2111557,0,919,0,40,3,1,2,1,20,35,3
2110333,0,919,0,40,3,1,2,1,19,87,3
2087319,0,919,0,40,2,8,2,1,42,21,3
2093565,0,919,0,40,3,6,2,1,37,89,3
2076415,0,919,0,40,3,10,2,1,71,33,3
2107332,0,919,0,40,3,2,2,1,18,119,3
2105936,0,919,0,40,3,3,2,1,19,46,3
2105598,0,919,0,40,2,2,2,1,29,43,3
2094369,0,919,0,40,3,4,2,1,35,52,3
2102752,0,919,0,40,2,4,2,1,25,40,3
2115011,0,919,0,40,2,1,2,1,14,65,3
2073358,0,919,0,40,2,8,2,1,86,38,3
2054920,0,919,0,40,3,17,2,1,96,41,3
2116300,0,919,0,40,3,1,2,1,13,25,3
2104414,0,919,0,40,3,3,2,1,23,28,3
2108266,0,919,0,40,2,3,2,1,22,71,3
2116698,0,919,0,40,2,1,2,1,12,48,3
2109555,0,919,0,40,3,2,2,1,13,59,3
2102950,0,919,0,40,3,4,2,1,21,30,3
2079027,0,919,0,40,2,9,2,1,60,28,3
2110585,0,919,0,40,2,2,2,1,19,41,3
2116747,0,919,0,40,3,1,2,1,11,37,3
2068301,0,919,0,40,2,4,2,1,35,52,3
2109148,0,919,0,40,3,3,2,1,19,96,3
2113400,0,919,0,40,3,2,2,1,14,31,3
2085766,0,919,0,40,2,6,2,1,54,46,3
2117461,0,919,0,40,2,1,2,1,10,62,3
2091093,0,919,0,40,2,6,2,1,34,56,3
2100971,0,919,0,40,2,5,2,1,21,53,3
2108424,0,919,0,40,3,2,2,1,15,13,3
2107732,0,919,0,40,2,3,2,1,16,31,3
2108850,0,919,0,40,2,3,2,1,13,45,3
2107041,0,919,0,40,3,2,2,1,24,13,3
2103938,0,919,0,40,3,3,2,1,25,55,3
2107242,0,919,0,40,2,3,2,1,15,33,3
2043445,0,919,0,40,3,11,2,1,87,103,3
2117690,0,919,0,40,3,2,2,1,9,23,3
2117783,0,919,0,40,3,1,2,1,8,44,3
2119219,0,919,0,40,2,1,2,1,8,32,3
2107234,0,919,0,40,3,3,2,1,15,27,3
2098781,0,919,0,40,2,4,2,1,33,95,3
2089334,0,919,0,40,3,6,2,1,38,81,3
2086237,0,919,0,40,3,11,2,1,47,20,3
2088728,0,919,0,40,3,6,2,1,45,14,3
2044982,0,919,0,40,3,19,2,1,83,39,3
2118424,0,919,0,40,2,1,2,1,7,45,3
2119491,0,919,0,40,2,1,2,1,7,55,3
2106282,0,919,0,40,2,4,2,1,14,41,3
2114154,0,919,0,40,3,2,2,1,13,61,3
2098262,0,919,0,40,3,6,2,1,26,30,3
2112976,0,919,0,40,3,3,2,1,12,55,3
2110724,0,919,0,40,2,3,2,1,18,59,3
2104053,0,919,0,40,3,5,2,1,18,57,3
2110577,0,919,0,40,3,3,2,1,19,27,3
2120068,0,919,0,40,2,1,2,1,6,96,3
2120394,0,919,0,40,2,1,2,1,6,27,3
2107956,0,919,0,40,2,3,2,1,15,49,3
2064686,0,919,0,40,3,11,2,1,84,67,3
2112002,0,919,0,40,2,3,2,1,10,54,3
2114088,0,919,0,40,2,2,2,1,12,63,3
2098398,0,919,0,40,3,6,2,1,24,34,3
2084451,0,919,0,40,3,8,2,1,46,66,3
2113743,0,919,0,40,3,2,2,1,10,28,3
2090756,0,919,0,40,3,8,2,1,33,70,3
2107831,0,919,0,40,3,4,2,1,16,27,3
2115039,0,919,0,40,2,2,2,1,11,37,3
2107883,0,919,0,40,2,6,2,1,13,51,3
2107258,0,919,0,40,2,3,2,1,14,37,3
2117238,0,919,0,40,3,2,2,1,10,19,3
2119658,0,919,0,40,3,1,2,1,5,28,3
2120629,0,919,0,40,2,1,2,1,5,31,3
2120761,0,919,0,40,3,1,2,1,5,68,3
2091041,0,919,0,40,2,8,2,1,24,32,3
2095814,0,919,0,40,2,3,2,1,36,42,3
2085618,0,919,0,40,2,8,2,1,48,19,3
2108780,0,919,0,40,3,4,2,1,12,37,3
2102522,0,919,0,40,2,4,2,1,26,45,3
2048716,0,919,0,40,2,10,2,1,49,34,3
2107473,1,919,910,34.6442,2,3,2,1,20,50,3
2116109,0,919,0,40,2,2,2,1,7,57,3
2117941,0,919,0,40,3,2,2,1,5,38,3
2108665,0,919,0,40,2,3,2,1,19,51,3
2071448,0,919,0,40,3,5,2,1,52,73,3
2100902,0,919,0,40,2,4,2,1,35,64,3
2069594,0,919,0,40,2,12,2,1,67,26,3
2095860,0,919,0,40,2,5,2,1,36,40,3
2121279,0,919,0,40,2,1,2,1,4,12,3
2121605,1,919,910,12.6392,3,1,2,1,4,33,3
2100574,0,919,0,40,3,2,2,1,40,37,3
2107099,0,919,0,40,2,1,2,1,30,61,3
2087038,0,919,0,40,3,6,2,1,43,12,3
2110287,0,919,0,40,2,1,2,1,23,81,3
2111398,0,919,0,40,2,1,2,1,22,92,3
2092581,0,919,0,40,2,4,2,1,42,73,3
2021815,0,919,0,40,2,16,2,1,128,70,3
2111583,0,919,0,40,2,1,2,1,20,48,3
2087005,0,919,0,40,2,8,2,1,37,53,3
2103085,0,919,0,40,3,3,2,1,30,63,3
2067344,0,919,0,40,3,13,2,1,72,38,3
2110246,0,919,0,40,3,2,2,1,18,41,3
2069795,0,919,0,40,3,5,2,1,51,21,3
2078608,1,919,911,16.853,3,8,2,1,65,54,3
2080898,0,919,0,40,2,9,2,1,55,10,3
2115689,0,919,0,40,3,1,2,1,15,23,3
2082971,0,919,0,40,3,7,2,1,51,45,3
2081382,0,919,0,40,2,7,2,1,52,24,3
2116324,2,919,0,40,2,1,2,1,14,20,3
2079148,0,919,0,40,2,7,2,1,62,80,3
2087114,0,919,0,40,2,7,2,1,45,46,3
2103229,0,919,0,40,2,4,2,1,20,78,3
2116744,0,919,0,40,3,1,2,1,13,35,3
2105104,0,919,0,40,2,3,2,1,22,39,3
2095157,0,919,0,40,3,4,2,1,36,37,3
2082099,0,919,0,40,2,8,2,1,49,26,3
2110173,0,919,0,40,3,2,2,1,23,37,3
2116775,0,919,0,40,3,1,2,1,12,44,3
2083368,0,919,0,40,2,8,2,1,49,33,3
2064096,1,919,898,16.013,3,13,2,1,50,28,3
2117129,0,919,0,40,2,1,2,1,11,42,3
2118068,0,919,0,40,3,1,2,1,11,43,3
2081232,0,919,0,40,3,4,2,1,77,62,3
2114251,0,919,0,40,2,2,2,1,12,17,3
2103818,0,919,0,40,3,4,2,1,20,36,3
2115335,0,919,0,40,3,2,2,1,12,54,3
2109733,0,919,0,40,2,3,2,1,19,67,3
2118383,0,919,0,40,3,1,2,1,10,33,3
2097468,0,919,0,40,2,3,2,1,32,79,3
2097780,0,919,0,40,3,6,2,1,25,66,3
2066026,0,919,0,40,2,6,2,1,59,36,3
2078599,0,919,0,40,3,9,2,1,57,29,3
2106304,0,919,0,40,3,4,2,1,18,29,3
2110155,0,919,0,40,3,2,2,1,23,37,3
2083584,0,919,0,40,3,8,2,1,59,49,3
2087342,0,919,0,40,2,8,2,1,44,48,3
2118965,0,919,0,40,2,1,2,1,9,28,3
2119005,0,919,0,40,3,1,2,1,9,24,3
2074515,0,919,0,40,2,7,2,1,73,20,3
2090422,0,919,0,40,2,6,2,1,46,39,3
2090279,0,919,0,40,3,5,2,1,35,58,3
2073921,0,919,0,40,3,9,2,1,67,73,3
2092928,0,919,0,40,3,3,2,1,49,75,3
2084132,0,919,0,40,3,7,2,1,58,23,3
2089685,0,919,0,40,2,7,2,1,37,26,3
2116856,0,919,0,40,2,2,2,1,10,15,3
2102339,0,919,0,40,3,4,2,1,29,23,3
2107708,0,919,0,40,2,3,2,1,21,68,3
2096070,0,919,0,40,3,6,2,1,24,28,3
2119198,0,919,0,40,3,1,2,1,8,15,3
2119547,0,919,0,40,2,1,2,1,8,31,3
2099890,0,919,0,40,2,4,2,1,16,102,3
2090010,0,919,0,40,2,5,2,1,47,22,3
2111222,0,919,0,40,3,3,2,1,15,24,3
2095125,1,919,911,28.9074,2,5,2,1,26,47,3
2111559,0,919,0,40,2,3,2,1,15,52,3
2115369,0,919,0,40,3,2,2,1,9,38,3
2105059,0,919,0,40,2,4,2,1,20,33,3
2092182,0,919,0,40,2,7,2,1,31,32,3
2116080,0,919,0,40,2,2,2,1,11,81,3
2095802,0,919,0,40,3,6,2,1,33,95,3
2115695,0,919,0,40,3,2,2,1,13,89,3
2118744,0,919,0,40,2,1,2,1,7,65,3
2119956,0,919,0,40,3,1,2,1,7,39,3
2120266,0,919,0,40,3,1,2,1,7,10,3
2075454,0,919,0,40,3,9,2,1,76,78,3
2074424,0,919,0,40,3,10,2,1,63,33,3
2092240,0,919,0,40,3,6,2,1,31,41,3
2116063,0,919,0,40,3,2,2,1,7,48,3
2106678,0,919,0,40,3,4,2,1,19,40,3
2078648,1,919,911,39.8593,2,9,2,1,64,21,3
2113467,0,919,0,40,2,2,2,1,14,31,3
2089540,0,919,0,40,3,6,2,1,42,40,3
2076597,0,919,0,40,2,7,2,1,70,32,3
2088252,0,919,0,40,2,8,2,1,43,44,3
2108318,0,919,0,40,3,4,2,1,16,33,3
2110117,0,919,0,40,2,3,2,1,17,70,3
2098608,0,919,0,40,2,4,2,1,28,45,3
2102553,0,919,0,40,2,6,2,1,27,30,3
2077165,0,919,0,40,2,11,2,1,62,23,3
2108849,0,919,0,40,3,4,2,1,17,28,3
2119360,0,919,0,40,3,1,2,1,6,81,3
2119957,0,919,0,40,2,1,2,1,6,27,3
2120561,0,919,0,40,2,1,2,1,6,20,3
2120771,0,919,0,40,3,1,2,1,6,79,3
2058164,0,919,0,40,2,9,2,1,43,35,3
2108998,0,919,0,40,3,3,2,1,12,73,3
2094833,0,919,0,40,2,3,2,1,40,55,3
2109166,0,919,0,40,3,4,2,1,14,68,3
2069241,0,919,0,40,3,10,2,1,45,51,3
2077515,0,919,0,40,3,9,2,1,47,42,3
2116947,0,919,0,40,2,2,2,1,7,47,3
2093521,0,919,0,40,3,4,2,1,43,32,3
2110459,1,919,897,31.612,2,4,2,1,15,21,3
2090046,1,919,893,31.2468,2,7,2,1,40,42,3
2090538,0,919,0,40,3,8,2,1,37,40,3
2109301,0,919,0,40,3,2,2,1,22,18,3
2059234,0,919,0,40,3,9,2,1,61,66,3
2117653,0,919,0,40,2,2,2,1,8,66,3
2112980,0,919,0,40,2,3,2,1,7,32,3
2107600,0,919,0,40,2,3,2,1,23,76,3
2012107,0,919,0,40,2,24,2,1,147,43,3
2068705,1,919,911,39.241,2,11,2,1,57,34,3
2091652,0,919,0,40,3,5,2,1,42,32,3
2117567,0,919,0,40,3,1,2,1,5,31,3
2120598,0,919,0,40,3,1,2,1,5,47,3
2121281,0,919,0,40,2,1,2,1,5,23,3
2121331,0,919,0,40,3,1,2,1,5,56,3
2121613,0,919,0,40,2,1,2,1,5,45,3
2100170,0,919,0,40,3,4,2,1,18,28,3
2093387,0,919,0,40,3,5,2,1,35,28,3
2101939,0,919,0,40,3,5,2,1,20,17,3
2102529,0,919,0,40,2,4,2,1,20,37,3
2111089,0,919,0,40,3,2,2,1,16,57,3
2105571,0,919,0,40,2,5,2,1,14,15,3
2087194,0,919,0,40,3,7,2,1,36,23,3
2069197,0,919,0,40,3,6,2,1,25,36,3
2111610,0,919,0,40,2,3,2,1,11,48,3
2116753,0,919,0,40,2,2,2,1,6,76,3
2083451,0,919,0,40,3,10,2,1,33,75,3
2110708,0,919,0,40,2,2,2,1,20,63,3
2114794,0,919,0,40,3,2,2,1,12,55,3
2102424,0,919,0,40,2,3,2,1,29,12,3
2116519,0,919,0,40,2,2,2,1,9,27,3
2113962,0,919,0,40,3,3,2,1,11,30,3
2105091,0,919,0,40,3,3,2,1,22,77,3
2111332,0,919,0,40,3,3,2,1,15,75,3
2116626,0,919,0,40,2,3,2,1,9,34,3
2091862,1,919,911,15.7265,3,8,2,1,32,72,3
2098478,0,919,0,40,2,5,2,1,24,68,3
2073004,0,919,0,40,3,11,2,1,46,41,3
2068330,0,919,0,40,2,6,2,1,49,51,3
2118526,0,919,0,40,3,2,2,1,7,72,3
2091085,0,919,0,40,3,8,2,1,41,8,3
2095142,0,919,0,40,2,6,2,1,39,55,3
2076401,0,919,0,40,2,10,2,1,64,24,3
2117178,0,919,0,40,3,3,2,1,8,26,3
2086616,0,919,0,40,3,8,2,1,46,24,3
2120812,0,919,0,40,3,1,2,1,4,56,3
2121112,0,919,0,40,2,1,2,1,4,34,3
2121424,0,919,0,40,2,1,2,1,4,21,3
2121693,0,919,0,40,3,1,2,1,4,41,3
2121747,0,919,0,40,3,1,2,1,4,14,3
2121895,0,919,0,40,2,1,2,1,4,42,3
2067346,0,919,0,40,3,7,2,1,77,28,3
2085263,0,919,0,40,3,5,2,1,52,73,3
2073066,0,919,0,40,3,11,2,1,91,68,3
2089783,0,919,0,40,2,4,2,1,50,17,3
2078295,0,919,0,40,3,10,2,1,66,59,3
2095377,0,919,0,40,2,4,2,1,36,51,3
2096531,0,919,0,40,2,4,2,1,38,63,3
2106971,0,919,0,40,2,2,2,1,25,46,3
2095916,0,919,0,40,3,4,2,1,41,84,3
2113380,0,919,0,40,3,1,2,1,20,64,3
2103812,0,919,0,40,3,3,2,1,24,90,3
2113912,0,919,0,40,3,1,2,1,19,39,3
2106589,0,919,0,40,3,2,2,1,20,28,3
2100078,0,919,0,40,3,5,2,1,30,53,3
2113785,0,919,0,40,3,1,2,1,18,34,3
2114269,0,919,0,40,2,1,2,1,18,53,3
2036668,0,919,0,40,3,16,2,1,91,29,3
2111574,0,919,0,40,3,2,2,1,19,25,3
2102049,0,919,0,40,3,3,2,1,35,48,3
2087599,0,919,0,40,2,5,2,1,45,50,3
2043388,0,919,0,40,2,17,2,1,121,39,3
2096480,1,919,895,20.9657,3,5,2,1,35,47,3
2108595,0,919,0,40,2,3,2,1,23,29,3
2115327,0,919,0,40,3,1,2,1,16,42,3
2076674,0,919,0,40,2,8,2,1,77,16,3
2082228,0,919,0,40,3,9,2,1,49,20,3
2078245,0,919,0,40,2,11,2,1,62,29,3
2103508,0,919,0,40,2,2,2,1,37,20,3
2115245,0,919,0,40,2,1,2,1,15,44,3
2106604,0,919,0,40,2,3,2,1,20,47,3
2050275,0,919,0,40,3,16,2,1,92,17,3
2107459,0,919,0,40,3,3,2,1,23,45,3
2071379,0,919,0,40,2,10,2,1,68,92,3
2100157,0,919,0,40,2,4,2,1,27,64,3
2094221,0,919,0,40,2,6,2,1,26,39,3
2112126,0,919,0,40,3,2,2,1,18,65,3
2116591,0,919,0,40,3,1,2,1,13,25,3
2117172,1,919,912,38.2382,2,1,2,1,13,42,3
2103631,0,919,0,40,2,4,2,1,19,67,3
2105848,0,919,0,40,2,3,2,1,22,29,3
2093824,0,919,0,40,2,5,2,1,44,71,3
2097980,0,919,0,40,3,5,2,1,28,65,3
2107000,0,919,0,40,3,3,2,1,17,89,3
2097910,0,919,0,40,2,5,2,1,33,78,3
2102578,0,919,0,40,3,4,2,1,29,42,3
2101334,0,919,0,40,3,6,2,1,28,88,3
2103971,0,919,0,40,3,3,2,1,28,40,3
2115265,0,919,0,40,2,1,2,1,12,11,3
2117790,0,919,0,40,3,1,2,1,12,50,3
2097236,0,919,0,40,3,2,2,1,39,34,3
2097148,0,919,0,40,3,6,2,1,31,54,3
2088014,0,919,0,40,3,5,2,1,41,46,3
2092817,0,919,0,40,3,6,2,1,34,113,3
2071782,0,919,0,40,2,4,2,1,28,28,3
2086781,0,919,0,40,2,6,2,1,42,61,3
2112286,0,919,0,40,2,2,2,1,17,21,3
2099722,1,919,886,20.4409,3,3,2,1,28,54,3
2113920,0,919,0,40,3,2,2,1,16,27,3
2066384,0,919,0,40,3,8,2,1,59,50,3
2118339,0,919,0,40,2,1,2,1,11,63,3
2118605,0,919,0,40,3,1,2,1,11,27,3
2102771,0,919,0,40,3,4,2,1,22,26,3
2071170,0,919,0,40,2,11,2,1,82,26,3
2107743,1,919,899,20.8748,3,3,2,1,21,46,3
2111343,0,919,0,40,2,2,2,1,14,17,3
2115120,0,919,0,40,3,2,2,1,11,47,3
2083604,0,919,0,40,3,10,2,1,45,46,3
2112192,0,919,0,40,2,2,2,1,18,85,3
2070813,0,919,0,40,3,8,2,1,35,35,3
2086105,0,919,0,40,2,9,2,1,35,28,3
2069436,0,919,0,40,2,7,2,1,62,43,3
2101543,0,919,0,40,2,4,2,1,26,53,3
2112063,0,919,0,40,2,4,2,1,13,34,3
2118542,0,919,0,40,3,1,2,1,10,37,3
2119259,0,919,0,40,2,1,2,1,10,44,3
2081622,0,919,0,40,2,8,2,1,49,25,3
2083308,0,919,0,40,2,6,2,1,51,34,3
2099341,0,919,0,40,3,5,2,1,19,35,3
2070526,0,919,0,40,3,4,2,1,36,36,3
2097289,0,919,0,40,2,6,2,1,23,68,3
2115105,0,919,0,40,2,2,2,1,10,45,3
2078936,0,919,0,40,2,9,2,1,63,20,3
2109226,0,919,0,40,2,2,2,1,24,56,3
2088626,0,919,0,40,2,6,2,1,35,30,3
2110950,1,919,912,12.2512,3,2,2,1,22,48,3
2069257,0,919,0,40,3,9,2,1,45,52,3
2100258,0,919,0,40,3,4,2,1,29,17,3
2067948,0,919,0,40,2,6,2,1,64,26,3
2118874,0,919,0,40,3,1,2,1,9,46,3
2119641,0,919,0,40,2,1,2,1,9,41,3
2083513,0,919,0,40,2,8,2,1,51,12,3
2088835,0,919,0,40,3,6,2,1,42,76,3
2105026,0,919,0,40,2,3,2,1,18,37,3
2115555,0,919,0,40,2,2,2,1,9,67,3
2078399,0,919,0,40,2,11,2,1,45,25,3
2085909,0,919,0,40,2,7,2,1,40,28,3
2111759,0,919,0,40,2,3,2,1,11,30,3
2103578,0,919,0,40,3,3,2,1,27,26,3
2077655,0,919,0,40,3,8,2,1,70,52,3
2109149,0,919,0,40,3,3,2,1,17,48,3
2106819,1,919,886,31.4554,2,6,2,1,16,71,3
2107571,0,919,0,40,2,3,2,1,21,13,3
2114563,1,919,912,40,2,2,2,1,15,25,3
2097218,0,919,0,40,2,6,2,1,30,83,3
2114637,0,919,0,40,3,2,2,1,16,42,3
2063967,0,919,0,40,3,8,2,1,52,24,3
2115514,0,919,0,40,3,2,2,1,12,45,3
2119994,0,919,0,40,2,1,2,1,8,49,3
2120160,0,919,0,40,2,1,2,1,8,37,3
2093818,0,919,0,40,2,4,2,1,33,30,3
2098173,0,919,0,40,2,5,2,1,25,43,3
2075114,0,919,0,40,2,8,2,1,76,62,3
2069863,0,919,0,40,3,11,2,1,50,33,3
2110980,1,919,903,29.5982,2,3,2,1,15,38,3
2106875,0,919,0,40,2,4,2,1,19,44,3
2114602,0,919,0,40,2,2,2,1,9,43,3
2109199,0,919,0,40,2,2,2,1,21,37,3
2083814,0,919,0,40,3,9,2,1,44,61,3
2103207,0,919,0,40,3,6,2,1,21,78,3
2074684,0,919,0,40,2,13,2,1,74,39,3
2109614,0,919,0,40,3,3,2,1,16,60,3
2078567,0,919,0,40,2,12,2,1,47,97,3
2107911,0,919,0,40,2,5,2,1,15,65,3
2117184,0,919,0,40,2,2,2,1,11,27,3
2107814,0,919,0,40,2,4,2,1,11,18,3
2098207,0,919,0,40,2,6,2,1,33,23,3
2109881,0,919,0,40,2,3,2,1,20,19,3
2112730,0,919,0,40,3,3,2,1,13,76,3
2118936,0,919,0,40,3,1,2,1,7,72,3
2120185,0,919,0,40,3,1,2,1,7,67,3
2120593,0,919,0,40,3,1,2,1,7,16,3
2120745,0,919,0,40,2,1,2,1,7,41,3
2120869,0,919,0,40,2,1,2,1,7,37,3
2112756,0,919,0,40,2,2,2,1,7,22,3
2111284,0,919,0,40,3,3,2,1,12,50,3
2104333,0,919,0,40,2,4,2,1,13,31,3
2106959,0,919,0,40,2,3,2,1,22,40,3
2073125,0,919,0,40,2,13,2,1,69,20,3
2081190,0,919,0,40,2,9,2,1,55,28,3
2095645,0,919,0,40,2,7,2,1,29,24,3
2091615,0,919,0,40,2,5,2,1,41,77,3
2116495,0,919,0,40,3,2,2,1,9,37,3
2085736,0,919,0,40,2,8,2,1,48,21,3
2083764,1,919,864,29.7012,2,9,2,1,49,18,3
2114702,0,919,0,40,3,2,2,1,12,28,3
2115628,0,919,0,40,2,2,2,1,11,38,3
2104557,0,919,0,40,3,3,2,1,27,33,3
2094257,0,919,0,40,3,8,2,1,27,20,3
2082437,1,919,912,37.5496,2,3,2,1,79,42,3
2087754,0,919,0,40,2,6,2,1,49,69,3
2081402,0,919,0,40,3,11,2,1,41,82,3
2074378,0,919,0,40,3,11,2,1,58,55,3
2112480,0,919,0,40,2,3,2,1,14,9,3
2118825,0,919,0,40,2,2,2,1,9,41,3
2078974,0,919,0,40,2,6,2,1,72,115,3
2119378,0,919,0,40,2,2,2,1,7,24,3
2118995,0,919,0,40,2,2,2,1,9,17,3
2119320,0,919,0,40,2,1,2,1,6,37,3
2120267,0,919,0,40,2,1,2,1,6,44,3
2121133,0,919,0,40,3,1,2,1,6,39,3
2121319,0,919,0,40,3,1,2,1,6,27,3
2121587,0,919,0,40,3,1,2,1,6,25,3
2092840,0,919,0,40,3,6,2,1,29,57,3
2069097,0,919,0,40,3,4,2,1,32,33,3
2088678,0,919,0,40,2,8,2,1,29,34,3
2111065,0,919,0,40,3,3,2,1,14,65,3
2066090,0,919,0,40,2,11,2,1,65,50,3
2104090,0,919,0,40,3,4,2,1,26,23,3
2105410,0,919,0,40,3,4,2,1,12,48,3
2101601,0,919,0,40,3,4,2,1,23,51,3
2079231,0,919,0,40,3,9,2,1,60,73,3
2075209,0,919,0,40,3,10,2,1,66,45,3
2093893,0,919,0,40,3,8,2,1,31,54,3
2105418,0,919,0,40,3,6,2,1,16,43,3
2118346,0,919,0,40,3,2,2,1,6,54,3
2107077,0,919,0,40,3,3,2,1,22,30,3
2079711,0,919,0,40,3,10,2,1,51,66,3
2118045,0,919,0,40,2,2,2,1,8,35,3
2108677,0,919,0,40,2,3,2,1,22,25,3
2113111,0,919,0,40,2,3,2,1,12,40,3
2092553,0,919,0,40,3,6,2,1,39,38,3
2117780,0,919,0,40,3,3,2,1,9,24,3
2110078,0,919,0,40,3,4,2,1,19,24,3
2119328,0,919,0,40,3,2,2,1,6,47,3
2120311,0,919,0,40,2,1,2,1,5,26,3
2121096,0,919,0,40,2,1,2,1,5,48,3
2121308,0,919,0,40,2,1,2,1,5,51,3
2121460,0,919,0,40,3,1,2,1,5,93,3
2121801,0,919,0,40,3,1,2,1,5,10,3
2122077,0,919,0,40,3,1,2,1,5,45,3
2105958,0,919,0,40,2,2,2,1,21,60,3
2116411,0,919,0,40,2,2,2,1,5,52,3
2098503,0,919,0,40,2,5,2,1,24,24,3
2100052,0,919,0,40,2,4,2,1,28,29,3
2115684,0,919,0,40,2,2,2,1,8,6,3
2098390,0,919,0,40,2,6,2,1,23,61,3
2068811,0,919,0,40,2,8,2,1,41,37,3
2111438,0,919,0,40,3,3,2,1,9,33,3
2080508,0,919,0,40,2,7,2,1,59,63,3
2056591,0,919,0,40,2,20,2,1,65,46,3
2110197,0,919,0,40,2,2,2,1,17,101,3
2093643,0,919,0,40,2,5,2,1,39,66,3
2114512,0,919,0,40,3,3,2,1,10,62,3
2117976,0,919,0,40,3,2,2,1,7,56,3
2074236,0,919,0,40,2,14,2,1,69,39,3
2109063,0,919,0,40,3,3,2,1,17,53,3
2072080,0,919,0,40,3,7,2,1,54,42,3
2117032,0,919,0,40,2,2,2,1,10,25,3
2101761,0,919,0,40,3,5,2,1,20,57,3
2109067,0,919,0,40,3,3,2,1,15,36,3
2085522,1,919,900,30.0989,2,12,2,1,30,63,3
2094991,1,919,908,21.5009,3,6,2,1,30,29,3
2114120,0,919,0,40,3,2,2,1,16,48,3
2109438,0,919,0,40,3,5,2,1,20,53,3
2082307,0,919,0,40,2,10,2,1,52,69,3
2113670,0,919,0,40,2,3,2,1,13,56,3
2117423,0,919,0,40,3,2,2,1,6,19,3
2119004,0,919,0,40,2,2,2,1,5,39,3
2106172,0,919,0,40,2,4,2,1,23,36,3
2090419,0,919,0,40,3,9,2,1,40,46,3
2094579,0,919,0,40,2,5,2,1,43,33,3
2085466,0,919,0,40,3,9,2,1,40,26,3
2064418,0,919,0,40,3,7,2,1,95,33,3
2112913,0,919,0,40,3,3,2,1,17,53,3
2111203,0,919,0,40,2,3,2,1,17,34,3
2115905,0,919,0,40,2,3,2,1,12,46,3
2080916,0,919,0,40,3,11,2,1,50,71,3
2117556,0,919,0,40,2,2,2,1,13,32,3
2119951,0,919,0,40,3,1,2,1,4,36,3
2121142,0,919,0,40,2,1,2,1,4,78,3
2121906,0,919,0,40,3,1,2,1,4,56,3
2121978,0,919,0,40,3,1,2,1,4,31,3
2122303,0,919,0,40,2,1,2,1,4,35,3
2122483,0,919,0,40,2,1,2,1,4,63,3
2122799,0,919,0,40,3,1,2,1,4,45,3
2102220,0,919,0,40,3,1,2,1,38,72,3
2083731,0,919,0,40,3,4,2,1,61,23,3
2099289,0,919,0,40,3,3,2,1,39,47,3
2086077,0,919,0,40,3,5,2,1,45,51,3
2107284,0,919,0,40,2,2,2,1,27,54,3
2102699,0,919,0,40,3,2,2,1,35,25,3
2111581,0,919,0,40,3,1,2,1,23,50,3
2089978,0,919,0,40,3,6,2,1,43,62,3
2083600,0,919,0,40,3,8,2,1,39,74,3
2060133,0,919,0,40,3,6,2,1,67,62,3
2088276,0,919,0,40,3,8,2,1,46,37,3
2113104,0,919,0,40,3,1,2,1,21,42,3
2099798,0,919,0,40,3,3,2,1,34,51,3
2093041,0,919,0,40,2,5,2,1,41,32,3
2101963,0,919,0,40,2,2,2,1,36,32,3
2061122,0,919,0,40,2,16,2,1,109,38,3
2083920,0,919,0,40,2,5,2,1,63,76,3
2083546,0,919,0,40,2,9,2,1,43,60,3
2067641,0,919,0,40,2,9,2,1,53,43,3
2096134,0,919,0,40,3,5,2,1,34,52,3
2096899,0,919,0,40,2,5,2,1,37,40,3
2094309,0,919,0,40,2,5,2,1,34,39,3
2100454,0,919,0,40,3,2,2,1,35,46,3
2081284,0,919,0,40,3,10,2,1,61,45,3
2070017,0,919,0,40,3,8,2,1,56,27,3
2115183,0,919,0,40,2,1,2,1,17,21,3
2115963,0,919,0,40,2,1,2,1,17,37,3
2085246,0,919,0,40,3,7,2,1,50,39,3
2100019,0,919,0,40,2,5,2,1,25,57,3
2113280,0,919,0,40,3,2,2,1,17,42,3
2108067,0,919,0,40,2,4,2,1,24,33,3
2114785,1,919,913,16.8793,3,1,2,1,16,18,3
2115852,0,919,0,40,3,1,2,1,16,61,3
2102169,0,919,0,40,2,3,2,1,29,23,3
2071192,0,919,0,40,2,6,2,1,48,24,3
2107627,0,919,0,40,3,4,2,1,18,50,3
2075809,0,919,0,40,3,9,2,1,90,17,3
2113690,0,919,0,40,3,2,2,1,16,56,3
2069664,0,919,0,40,2,7,2,1,56,98,3
1988491,0,919,0,40,3,28,2,1,192,41,3
2115418,0,919,0,40,2,1,2,1,15,35,3
2116678,0,919,0,40,3,1,2,1,15,59,3
2086634,0,919,0,40,3,6,2,1,40,42,3
2080592,0,919,0,40,3,7,2,1,55,14,3
2095625,0,919,0,40,3,5,2,1,38,83,3
2103651,0,919,0,40,3,3,2,1,26,71,3
2111705,0,919,0,40,3,2,2,1,18,67,3
2106977,0,919,0,40,3,2,2,1,28,63,3
2096717,0,919,0,40,3,5,2,1,33,31,3
2070154,0,919,0,40,2,7,2,1,42,37,3
2108970,0,919,0,40,3,3,2,1,23,35,3
2116823,0,919,0,40,2,1,2,1,14,37,3
2095500,0,919,0,40,3,3,2,1,38,65,3
2104080,0,919,0,40,2,3,2,1,28,29,3
2099350,0,919,0,40,2,5,2,1,30,26,3
2098940,0,919,0,40,2,4,2,1,35,30,3
2084535,0,919,0,40,3,7,2,1,61,49,3
2095646,0,919,0,40,3,5,2,1,34,43,3
2083163,0,919,0,40,3,9,2,1,63,57,3
2118260,0,919,0,40,2,1,2,1,13,40,3
2107107,0,919,0,40,2,3,2,1,19,25,3
2113528,0,919,0,40,2,2,2,1,13,23,3
2111758,0,919,0,40,2,2,2,1,18,30,3
2114946,0,919,0,40,2,2,2,1,13,44,3
2103480,0,919,0,40,2,4,2,1,23,42,3
2064614,0,919,0,40,2,9,2,1,55,54,3
2103516,0,919,0,40,3,3,2,1,27,90,3
2104121,0,919,0,40,2,4,2,1,24,36,3
2110676,0,919,0,40,2,5,2,1,20,33,3
2109546,0,919,0,40,3,3,2,1,21,43,3
2116821,0,919,0,40,2,1,2,1,12,30,3
2118547,0,919,0,40,3,1,2,1,12,29,3
2095928,0,919,0,40,3,3,2,1,36,42,3
2110474,0,919,0,40,3,2,2,1,20,44,3
2109418,0,919,0,40,2,4,2,1,15,35,3
2098585,0,919,0,40,3,4,2,1,36,59,3
2104393,0,919,0,40,3,4,2,1,21,43,3
2114939,0,919,0,40,2,2,2,1,14,62,3
2069281,0,919,0,40,2,3,2,1,23,24,3
2074422,0,919,0,40,2,11,2,1,65,17,3
2119063,0,919,0,40,3,1,2,1,11,32,3
2068834,0,919,0,40,3,3,2,1,29,55,3
2088533,0,919,0,40,2,8,2,1,44,13,3
2114308,0,919,0,40,2,2,2,1,12,55,3
2110369,0,919,0,40,3,2,2,1,19,61,3
2073855,0,919,0,40,3,16,2,1,62,40,3
2069363,0,919,0,40,3,8,2,1,54,105,3
2102916,0,919,0,40,2,3,2,1,29,43,3
2104396,0,919,0,40,3,5,2,1,24,25,3
2076595,0,919,0,40,3,13,2,1,63,90,3
2078342,0,919,0,40,3,10,2,1,57,35,3
2113945,0,919,0,40,3,3,2,1,16,23,3
2117959,0,919,0,40,3,2,2,1,11,76,3
2117295,0,919,0,40,2,1,2,1,10,45,3
2118700,0,919,0,40,3,1,2,1,10,44,3
2118914,0,919,0,40,2,1,2,1,10,40,3
2119322,0,919,0,40,3,1,2,1,10,34,3
2119717,0,919,0,40,2,1,2,1,10,54,3
2119833,0,919,0,40,2,1,2,1,10,45,3
2104223,0,919,0,40,2,3,2,1,20,65,3
2112071,0,919,0,40,2,2,2,1,13,69,3
2105429,0,919,0,40,2,3,2,1,24,33,3
2072773,0,919,0,40,2,12,2,1,77,34,3
2101310,0,919,0,40,2,5,2,1,26,15,3
2104468,0,919,0,40,2,3,2,1,30,44,3
2113644,0,919,0,40,2,2,2,1,15,36,3
2087232,0,919,0,40,3,6,2,1,43,55,3
2070062,0,919,0,40,3,6,2,1,53,44,3
2096453,0,919,0,40,2,7,2,1,26,27,3
2103110,0,919,0,40,3,4,2,1,21,23,3
2111257,0,919,0,40,2,4,2,1,15,27,3
2116162,0,919,0,40,3,2,2,1,13,27,3
2098157,0,919,0,40,3,5,2,1,35,21,3
2088427,0,919,0,40,3,5,2,1,58,69,3
2072297,0,919,0,40,3,7,2,1,52,79,3
2094794,0,919,0,40,3,6,2,1,32,14,3
2069876,0,919,0,40,2,6,2,1,30,36,3
2118884,0,919,0,40,2,1,2,1,9,41,3
2119656,0,919,0,40,2,1,2,1,9,61,3
2120074,0,919,0,40,3,1,2,1,9,26,3
2120196,0,919,0,40,2,1,2,1,9,74,3
2120312,0,919,0,40,2,1,2,1,9,47,3
2109348,0,919,0,40,2,3,2,1,14,21,3
2078943,0,919,0,40,3,10,2,1,57,80,3
2079200,0,919,0,40,3,9,2,1,59,58,3
2065517,0,919,0,40,2,8,2,1,59,32,3
2111173,1,919,902,34.3021,2,2,2,1,18,34,3
2104701,0,919,0,40,2,4,2,1,20,39,3
2075034,0,919,0,40,2,13,2,1,60,50,3
2080754,0,919,0,40,3,5,2,1,70,57,3
2115328,0,919,0,40,3,2,2,1,13,63,3
2097258,0,919,0,40,2,5,2,1,30,47,3
2078472,0,919,0,40,2,9,2,1,66,24,3
2070338,0,919,0,40,2,6,2,1,29,49,3
2110679,0,919,0,40,2,3,2,1,17,15,3
2107715,0,919,0,40,2,3,2,1,25,48,3
2097368,0,919,0,40,2,5,2,1,34,69,3
2098408,0,919,0,40,3,4,2,1,36,127,3
2077223,0,919,0,40,2,8,2,1,79,38,3
2094425,1,919,906,30.2297,2,7,2,1,38,83,3
2108851,0,919,0,40,2,3,2,1,22,13,3
2118413,0,919,0,40,3,2,2,1,10,25,3
2113397,0,919,0,40,3,3,2,1,14,47,3
2118591,0,919,0,40,2,2,2,1,11,35,3
2090216,0,919,0,40,2,7,2,1,45,28,3
2119666,0,919,0,40,3,1,2,1,8,50,3
2120909,0,919,0,40,2,1,2,1,8,31,3
2102790,0,919,0,40,3,3,2,1,23,55,3
2087709,0,919,0,40,2,6,2,1,43,51,3
2113262,0,919,0,40,2,2,2,1,13,50,3
2116446,0,919,0,40,3,2,2,1,8,24,3
2111085,0,919,0,40,3,3,2,1,14,22,3
2098196,0,919,0,40,2,6,2,1,25,51,3
2096351,1,919,913,27.8813,3,5,2,1,32,15,3
2080132,0,919,0,40,3,7,2,1,69,52,3
2078087,0,919,0,40,2,9,2,1,64,50,3
2112486,0,919,0,40,2,3,2,1,11,17,3
2102124,0,919,0,40,3,7,2,1,19,47,3
2100334,0,919,0,40,3,4,2,1,23,22,3
2114584,0,919,0,40,3,3,2,1,11,47,3
2092141,0,919,0,40,2,5,2,1,41,46,3
2086627,0,919,0,40,2,8,2,1,37,29,3
2081765,0,919,0,40,3,9,2,1,54,41,3
2069417,0,919,0,40,3,14,2,1,43,31,3
2055875,0,919,0,40,3,11,2,1,91,49,3
2117749,0,919,0,40,2,2,2,1,8,98,3
2089434,0,919,0,40,3,5,2,1,56,36,3
2083588,0,919,0,40,3,7,2,1,56,26,3
2118393,0,919,0,40,3,2,2,1,9,56,3
2105314,0,919,0,40,3,5,2,1,22,86,3
2098265,0,919,0,40,2,6,2,1,35,38,3
2098995,0,919,0,40,3,5,2,1,29,30,3
2111395,0,919,0,40,3,4,2,1,14,53,3
2113734,0,919,0,40,2,4,2,1,12,69,3
2106860,1,919,907,27.0249,3,4,2,1,19,19,3
2092205,0,919,0,40,2,9,2,1,39,27,3
2109234,0,919,0,40,3,4,2,1,18,43,3
2100292,0,919,0,40,3,5,2,1,30,44,3
2120419,0,919,0,40,3,1,2,1,7,67,3
2120594,0,919,0,40,2,1,2,1,7,28,3
2121233,0,919,0,40,3,1,2,1,7,24,3
2121561,0,919,0,40,3,1,2,1,7,78,3
2082436,0,919,0,40,2,9,2,1,50,48,3
2082654,0,919,0,40,2,6,2,1,62,56,3
2087222,0,919,0,40,3,8,2,1,39,42,3
2084751,0,919,0,40,3,8,2,1,41,92,3
2106324,0,919,0,40,2,4,2,1,18,34,3
2110983,0,919,0,40,3,2,2,1,16,48,3
2111732,0,919,0,40,2,3,2,1,15,46,3
2078247,0,919,0,40,2,14,2,1,47,58,3
2113023,0,919,0,40,3,2,2,1,14,51,3
2070920,0,919,0,40,2,8,2,1,49,18,3
2114709,0,919,0,40,3,3,2,1,10,62,3
2112967,0,919,0,40,2,2,2,1,17,20,3
2112175,0,919,0,40,2,3,2,1,13,38,3
2108818,0,919,0,40,3,3,2,1,19,33,3
2103136,0,919,0,40,3,3,2,1,26,67,3
2107763,0,919,0,40,2,4,2,1,17,31,3
2091143,0,919,0,40,2,6,2,1,38,53,3
2096719,0,919,0,40,2,5,2,1,31,72,3
2115204,0,919,0,40,3,2,2,1,14,60,3
2116331,0,919,0,40,2,2,2,1,11,51,3
2101003,0,919,0,40,3,6,2,1,24,39,3
2070309,0,919,0,40,3,8,2,1,48,44,3
2113504,0,919,0,40,2,4,2,1,11,46,3
2087815,0,919,0,40,2,8,2,1,41,73,3
2097452,0,919,0,40,3,6,2,1,27,44,3
2111799,0,919,0,40,3,3,2,1,15,14,3
2082388,0,919,0,40,2,9,2,1,58,50,3
2094143,0,919,0,40,2,6,2,1,41,83,3
2093917,0,919,0,40,2,9,2,1,29,38,3
2118827,0,919,0,40,2,2,2,1,11,25,3
2099434,0,919,0,40,3,7,2,1,21,47,3
2077763,0,919,0,40,3,11,2,1,71,67,3
2119718,0,919,0,40,2,1,2,1,6,44,3
2120471,0,919,0,40,2,1,2,1,6,32,3
2120636,0,919,0,40,3,1,2,1,6,22,3
2121737,0,919,0,40,2,1,2,1,6,57,3
2121921,0,919,0,40,3,1,2,1,6,47,3
2088015,0,919,0,40,2,7,2,1,35,63,3
2072966,0,919,0,40,2,12,2,1,73,41,3
2063451,0,919,0,40,2,3,2,1,35,27,3
2074112,0,919,0,40,3,10,2,1,60,62,3
2068246,0,919,0,40,3,9,2,1,46,8,3
2089461,0,919,0,40,2,6,2,1,44,28,3
2113891,2,919,0,40,2,2,2,1,12,37,3
2099377,0,919,0,40,3,7,2,1,30,21,3
2104367,1,919,902,35.504,2,6,2,1,18,20,3
2071693,0,919,0,40,2,14,2,1,71,60,3
2110781,0,919,0,40,2,3,2,1,16,21,3
2115917,0,919,0,40,3,2,2,1,12,53,3
2105010,0,919,0,40,3,3,2,1,22,34,3
2117444,0,919,0,40,2,2,2,1,9,39,3
2109173,0,919,0,40,2,3,2,1,17,71,3
2103048,0,919,0,40,3,5,2,1,16,60,3
2109276,0,919,0,40,2,4,2,1,11,51,3
2111036,0,919,0,40,2,3,2,1,20,54,3
2090132,0,919,0,40,2,7,2,1,44,23,3
2098569,0,919,0,40,3,6,2,1,26,46,3
2119243,0,919,0,40,3,2,2,1,7,50,3
2113296,0,919,0,40,3,2,2,1,18,17,3
2105322,0,919,0,40,3,5,2,1,22,45,3
2096664,0,919,0,40,3,7,2,1,26,42,3
2068307,0,919,0,40,3,11,2,1,38,42,3
2116146,0,919,0,40,3,4,2,1,8,35,3
2086879,0,919,0,40,2,7,2,1,47,33,3
2115061,0,919,0,40,2,2,2,1,13,25,3
2104018,0,919,0,40,2,5,2,1,24,31,3
2060530,1,919,913,36.288,2,13,2,1,51,25,3
2121407,0,919,0,40,3,2,2,1,6,27,3
2120832,0,919,0,40,2,1,2,1,5,54,3
2121242,0,919,0,40,2,1,2,1,5,29,3
2121530,0,919,0,40,2,1,2,1,5,40,3
2121686,0,919,0,40,2,1,2,1,5,41,3
2122098,0,919,0,40,2,1,2,1,5,36,3
2122277,0,919,0,40,2,1,2,1,5,27,3
2122383,0,919,0,40,2,1,2,1,5,44,3
2122603,0,919,0,40,3,1,2,1,5,35,3
2122669,0,919,0,40,2,1,2,1,5,31,3
2122753,0,919,0,40,3,1,2,1,5,42,3
2122843,0,919,0,40,2,1,2,1,5,48,3
2100456,0,919,0,40,3,3,2,1,31,35,3
2114440,0,919,0,40,2,2,2,1,9,14,3
2098457,0,919,0,40,3,6,2,1,19,44,3
2103374,0,919,0,40,3,3,2,1,26,56,3
2112683,0,919,0,40,2,3,2,1,14,59,3
2114580,0,919,0,40,2,2,2,1,12,67,3
2112383,0,919,0,40,2,3,2,1,13,34,3
2117741,0,919,0,40,2,2,2,1,6,48,3
2115076,0,919,0,40,2,3,2,1,7,93,3
2108204,0,919,0,40,3,4,2,1,16,28,3
2116918,0,919,0,40,3,3,2,1,9,17,3
2067725,0,919,0,40,3,7,2,1,22,64,3
2101579,0,919,0,40,3,6,2,1,16,10,3
2086034,0,919,0,40,2,12,2,1,30,24,3
2105968,0,919,0,40,2,3,2,1,24,40,3
2067296,1,919,913,29.195,2,7,2,1,40,59,3
2086812,0,919,0,40,3,9,2,1,37,47,3
2116119,0,919,0,40,2,2,2,1,11,59,3
2114957,0,919,0,40,3,2,2,1,8,39,3
2071186,0,919,0,40,3,7,2,1,48,64,3
2103536,0,919,0,40,3,5,2,1,25,30,3
2097001,0,919,0,40,2,4,2,1,37,51,3
2108238,0,919,0,40,2,4,2,1,16,56,3
2098223,0,919,0,40,3,8,2,1,22,63,3
2090893,0,919,0,40,2,7,2,1,40,20,3
2095328,0,919,0,40,3,6,2,1,27,87,3
2091499,0,919,0,40,2,9,2,1,35,73,3
2120089,0,919,0,40,3,2,2,1,5,23,3
2112162,0,919,0,40,2,2,2,1,21,38,3
2072031,0,919,0,40,2,10,2,1,79,17,3
2119161,0,919,0,40,2,2,2,1,9,25,3
2118193,0,919,0,40,3,2,2,1,7,62,3
2113531,0,919,0,40,3,4,2,1,10,29,3
2085573,0,919,0,40,3,8,2,1,48,68,3
2113979,0,919,0,40,3,3,2,1,14,32,3
2093541,0,919,0,40,3,7,2,1,37,79,3
2074190,0,919,0,40,3,15,2,1,59,25,3
2121740,0,919,0,40,2,1,2,1,4,26,3
2121916,0,919,0,40,2,1,2,1,4,49,3
2122460,2,919,0,40,3,1,2,1,4,41,3
2122846,0,919,0,40,2,1,2,1,4,60,3
2122918,0,919,0,40,3,1,2,1,4,69,3
2122956,0,919,0,40,2,1,2,1,4,28,3
2122984,0,919,0,40,3,1,2,1,4,26,3
2123106,0,919,0,40,3,1,2,1,4,20,3
2123194,0,919,0,40,2,1,2,1,4,54,3
2123256,0,919,0,40,3,1,2,1,4,33,3
2123370,0,919,0,40,3,1,2,1,4,27,3
2106727,0,919,0,40,3,1,2,1,33,44,3
2108313,0,919,0,40,2,1,2,1,31,36,3
2083664,0,919,0,40,3,6,2,1,63,40,3
2107717,0,919,0,40,3,2,2,1,30,59,3
2069317,0,919,0,40,2,5,2,1,64,40,3
2105891,0,919,0,40,2,2,2,1,30,30,3
2109882,0,919,0,40,2,1,2,1,25,61,3
2071029,0,919,0,40,2,10,2,1,62,53,3
2107503,0,919,0,40,2,2,2,1,27,30,3
2111909,0,919,0,40,3,1,2,1,23,69,3
2070921,0,919,0,40,2,7,2,1,58,84,3
2100993,0,919,0,40,3,4,2,1,31,69,3
2112180,0,919,0,40,3,2,2,1,23,43,3
2086806,0,919,0,40,3,6,2,1,54,60,3
2103163,0,919,0,40,3,3,2,1,33,47,3
2113290,0,919,0,40,3,2,2,1,20,36,3
2114224,0,919,0,40,2,1,2,1,19,56,3
2091020,0,919,0,40,3,4,2,1,51,34,3
2111838,0,919,0,40,3,2,2,1,20,32,3
2110683,0,919,0,40,2,2,2,1,20,46,3
2101152,0,919,0,40,2,3,2,1,32,26,3
2112191,0,919,0,40,3,2,2,1,18,22,3
2109905,0,919,0,40,3,3,2,1,21,37,3
2111189,0,919,0,40,2,3,2,1,21,55,3
2116384,0,919,0,40,3,1,2,1,17,38,3
2107157,0,919,0,40,3,3,2,1,26,31,3
2076751,0,919,0,40,3,10,2,1,59,42,3
2103504,0,919,0,40,3,4,2,1,27,47,3
2094013,0,919,0,40,3,5,2,1,41,25,3
2085045,0,919,0,40,2,5,2,1,64,60,3
2116455,0,919,0,40,3,1,2,1,16,28,3
2111246,0,919,0,40,3,2,2,1,16,49,3
2070948,0,919,0,40,2,6,2,1,57,27,3
2107462,0,919,0,40,2,3,2,1,21,54,3
2095724,0,919,0,40,2,6,2,1,34,49,3
2107512,0,919,0,40,2,3,2,1,22,44,3
2111286,0,919,0,40,3,3,2,1,17,18,3
2083482,0,919,0,40,3,7,2,1,57,58,3
2114250,0,919,0,40,3,1,2,1,15,34,3
2116539,0,919,0,40,3,1,2,1,15,43,3
2117310,0,919,0,40,3,1,2,1,15,34,3
2091350,0,919,0,40,2,6,2,1,37,76,3
2057673,0,919,0,40,2,15,2,1,107,29,3
2078991,0,919,0,40,3,9,2,1,65,26,3
2089137,0,919,0,40,2,7,2,1,41,46,3
2107165,0,919,0,40,2,2,2,1,30,47,3
2092519,0,919,0,40,2,5,2,1,43,59,3
2090990,0,919,0,40,2,4,2,1,44,39,3
2103379,0,919,0,40,2,4,2,1,25,25,3
2106441,0,919,0,40,3,2,2,1,27,27,3
2092237,0,919,0,40,2,4,2,1,48,24,3
2104379,0,919,0,40,3,5,2,1,23,59,3
2109453,1,919,914,15.6684,3,3,2,1,23,35,3
2091435,0,919,0,40,3,6,2,1,37,25,3
2113529,0,919,0,40,3,2,2,1,14,29,3
2101079,0,919,0,40,2,6,2,1,21,46,3
2117945,0,919,0,40,2,1,2,1,13,25,3
2118373,0,919,0,40,3,1,2,1,13,19,3
2118691,0,919,0,40,3,1,2,1,13,64,3
2111184,0,919,0,40,3,2,2,1,14,45,3
2100004,1,919,914,23.2413,3,5,2,1,30,28,3
2107339,0,919,0,40,3,3,2,1,21,54,3
2110916,0,919,0,40,3,3,2,1,16,32,3
2115797,0,919,0,40,2,2,2,1,13,30,3
2089801,0,919,0,40,2,6,2,1,42,48,3
2085982,0,919,0,40,3,7,2,1,51,53,3
2096461,0,919,0,40,2,6,2,1,36,43,3
2106855,0,919,0,40,3,4,2,1,22,86,3
2083825,0,919,0,40,3,8,2,1,50,20,3
2107626,0,919,0,40,2,4,2,1,21,34,3
2117231,0,919,0,40,3,1,2,1,12,44,3
2118031,0,919,0,40,2,1,2,1,12,41,3
2119309,0,919,0,40,3,1,2,1,12,28,3
2088756,0,919,0,40,2,8,2,1,33,62,3
2089732,0,919,0,40,3,5,2,1,36,31,3
2092307,0,919,0,40,3,6,2,1,40,19,3
2083044,0,919,0,40,3,5,2,1,68,57,3
2096479,0,919,0,40,2,6,2,1,34,42,3
2074799,0,919,0,40,3,11,2,1,65,24,3
2110418,0,919,0,40,2,2,2,1,22,78,3
2114535,0,919,0,40,3,2,2,1,15,40,3
2033512,0,919,0,40,2,14,2,1,84,24,3
2097512,0,919,0,40,3,4,2,1,35,28,3
2103279,1,919,903,29.7905,2,4,2,1,26,51,3
2105544,0,919,0,40,3,3,2,1,21,66,3
2089965,0,919,0,40,3,8,2,1,38,41,3
2101569,0,919,0,40,2,5,2,1,28,39,3
2109052,0,919,0,40,2,3,2,1,24,57,3
2106679,0,919,0,40,2,5,2,1,21,35,3
2098991,0,919,0,40,3,7,2,1,27,74,3
2118628,0,919,0,40,3,1,2,1,11,66,3
2119503,0,919,0,40,3,1,2,1,11,33,3
2119627,0,919,0,40,3,1,2,1,11,54,3
2095647,0,919,0,40,3,6,2,1,27,37,3
2075396,0,919,0,40,3,11,2,1,65,55,3
2105501,0,919,0,40,3,3,2,1,23,47,3
2112390,0,919,0,40,3,3,2,1,14,47,3
2085931,0,919,0,40,3,6,2,1,55,20,3
2099179,1,919,914,30.353,3,6,2,1,32,39,3
2116124,0,919,0,40,3,2,2,1,11,32,3
2092198,0,919,0,40,2,6,2,1,44,63,3
2092812,1,919,879,14.8032,3,7,2,1,38,29,3
2073058,0,919,0,40,2,9,2,1,84,38,3
2109010,0,919,0,40,3,3,2,1,16,40,3
2113230,0,919,0,40,2,3,2,1,16,36,3
2062784,0,919,0,40,3,8,2,1,71,61,3
2110521,0,919,0,40,2,3,2,1,17,61,3
2108944,0,919,0,40,2,4,2,1,16,66,3
2108848,0,919,0,40,3,3,2,1,21,42,3
2085673,0,919,0,40,2,8,2,1,47,52,3
2116497,0,919,0,40,3,2,2,1,12,56,3
2096365,0,919,0,40,2,5,2,1,41,41,3
2118292,0,919,0,40,2,1,2,1,10,47,3
2119552,0,919,0,40,3,1,2,1,10,13,3
2120022,0,919,0,40,2,1,2,1,10,20,3
2120442,0,919,0,40,3,1,2,1,10,47,3
2074998,0,919,0,40,2,9,2,1,65,44,3
2109366,0,919,0,40,2,4,2,1,15,30,3
2113825,0,919,0,40,2,3,2,1,13,68,3
2071124,0,919,0,40,2,6,2,1,67,35,3
2094405,0,919,0,40,2,5,2,1,37,79,3
2073962,0,919,0,40,3,12,2,1,70,84,3
2103822,0,919,0,40,2,4,2,1,23,41,3
2110174,0,919,0,40,3,3,2,1,18,53,3
2103951,0,919,0,40,2,5,2,1,21,18,3
2102770,1,919,914,27.8226,2,5,2,1,19,18,3
2102700,0,919,0,40,3,3,2,1,35,20,3
2083199,0,919,0,40,2,10,2,1,49,80,3
2109852,0,919,0,40,3,3,2,1,15,58,3
2103184,0,919,0,40,2,4,2,1,28,23,3
2074928,0,919,0,40,3,13,2,1,60,63,3
2073309,0,919,0,40,2,8,2,1,95,34,3
2118832,0,919,0,40,2,1,2,1,9,50,3
2120289,0,919,0,40,3,1,2,1,9,56,3
2120545,0,919,0,40,2,1,2,1,9,65,3
2120897,0,919,0,40,3,1,2,1,9,67,3
2121051,0,919,0,40,3,1,2,1,9,34,3
2062388,0,919,0,40,2,11,2,1,48,25,3
2114660,0,919,0,40,3,2,2,1,10,32,3
2092204,0,919,0,40,2,5,2,1,39,33,3
2099124,0,919,0,40,2,4,2,1,27,15,3
2091368,0,919,0,40,3,4,2,1,53,24,3
2085291,0,919,0,40,2,5,2,1,45,59,3
2097042,0,919,0,40,2,6,2,1,35,82,3
2089997,0,919,0,40,3,5,2,1,38,28,3
2075797,0,919,0,40,2,10,2,1,74,24,3
2086868,0,919,0,40,2,9,2,1,34,47,3
2085901,0,919,0,40,2,8,2,1,44,34,3
2086880,0,919,0,40,3,9,2,1,52,39,3
2116750,0,919,0,40,3,2,2,1,12,32,3
2085243,0,919,0,40,2,8,2,1,43,67,3
2087064,0,919,0,40,3,9,2,1,35,26,3
2112892,0,919,0,40,3,3,2,1,14,12,3
2073459,0,919,0,40,2,10,2,1,86,47,3
2116622,0,919,0,40,2,2,2,1,13,85,3
2105000,0,919,0,40,3,4,2,1,24,16,3
2108801,0,919,0,40,2,3,2,1,21,47,3
2115157,0,919,0,40,2,2,2,1,14,55,3
2076739,0,919,0,40,2,10,2,1,71,68,3
2092765,1,919,909,15.7402,3,7,2,1,44,18,3
2120163,0,919,0,40,3,1,2,1,8,35,3
2120554,0,919,0,40,2,1,2,1,8,41,3
2121099,0,919,0,40,2,1,2,1,8,29,3
2121131,0,919,0,40,3,1,2,1,8,40,3
2121149,0,919,0,40,2,1,2,1,8,35,3
2121427,0,919,0,40,3,1,2,1,8,24,3
2066862,0,919,0,40,2,7,2,1,66,59,3
2097984,0,919,0,40,2,4,2,1,25,43,3
2108136,0,919,0,40,2,3,2,1,14,32,3
2096924,0,919,0,40,2,4,2,1,38,28,3
2094533,0,919,0,40,3,4,2,1,34,42,3
2071679,0,919,0,40,2,11,2,1,49,42,3
2088899,0,919,0,40,3,7,2,1,47,35,3
2088389,1,919,914,40,2,7,2,1,43,31,3
2098170,0,919,0,40,3,5,2,1,26,43,3
2107060,0,919,0,40,3,5,2,1,22,23,3
2089697,0,919,0,40,3,5,2,1,46,84,3
2095852,0,919,0,40,3,7,2,1,25,27,3
2105028,0,919,0,40,2,3,2,1,22,16,3
2106874,0,919,0,40,2,4,2,1,18,49,3
2117302,0,919,0,40,2,2,2,1,11,57,3
2103291,0,919,0,40,3,5,2,1,21,48,3
2082410,0,919,0,40,2,8,2,1,54,58,3
2040708,0,919,0,40,3,10,2,1,100,47,3
2089042,0,919,0,40,3,6,2,1,44,30,3
2117394,0,919,0,40,3,2,2,1,12,102,3
2093335,0,919,0,40,3,7,2,1,38,44,3
2101272,0,919,0,40,2,3,2,1,35,26,3
2114867,0,919,0,40,2,2,2,1,16,23,3
2116661,0,919,0,40,2,2,2,1,11,94,3
2079529,0,919,0,40,3,11,2,1,61,83,3
2059715,0,919,0,40,3,16,2,1,76,41,3
2120620,0,919,0,40,2,1,2,1,7,18,3
2121056,0,919,0,40,3,1,2,1,7,57,3
2121208,0,919,0,40,3,1,2,1,7,28,3
2121292,0,919,0,40,3,1,2,1,7,19,3
2121572,0,919,0,40,2,1,2,1,7,31,3
2121755,0,919,0,40,3,1,2,1,7,51,3
2121989,0,919,0,40,3,1,2,1,7,39,3
2122043,0,919,0,40,3,1,2,1,7,41,3
2108890,0,919,0,40,2,3,2,1,18,101,3
2116226,0,919,0,40,3,2,2,1,7,47,3
2093297,0,919,0,40,3,5,2,1,35,19,3
2096911,0,919,0,40,3,3,2,1,40,64,3
2110640,0,919,0,40,2,3,2,1,17,28,3
2117597,0,919,0,40,2,2,2,1,7,42,3
2088680,0,919,0,40,2,6,2,1,53,38,3
2112695,0,919,0,40,2,3,2,1,14,23,3
2081388,0,919,0,40,3,11,2,1,48,30,3
2088905,0,919,0,40,2,8,2,1,40,41,3
2114197,0,919,0,40,3,2,2,1,15,47,3
2066163,0,919,0,40,2,8,2,1,57,44,3
2067565,0,919,0,40,3,9,2,1,51,80,3
2098189,0,919,0,40,2,5,2,1,28,92,3
2078674,0,919,0,40,2,9,2,1,59,54,3
2108735,0,919,0,40,2,2,2,1,26,58,3
2074778,0,919,0,40,3,13,2,1,68,37,3
2106637,0,919,0,40,2,3,2,1,22,61,3
2069492,1,919,914,34.8386,2,7,2,1,53,54,3
2076340,0,919,0,40,2,11,2,1,56,25,3
2072942,0,919,0,40,3,6,2,1,50,45,3
2090522,0,919,0,40,2,7,2,1,38,41,3
2115965,0,919,0,40,2,3,2,1,10,28,3
2070731,0,919,0,40,3,12,2,1,55,32,3
1970053,0,919,0,40,2,26,2,1,155,23,3
2069375,0,919,0,40,3,4,2,1,28,57,3
2081157,0,919,0,40,3,8,2,1,62,36,3
2108552,0,919,0,40,2,4,2,1,16,23,3
2098988,0,919,0,40,3,6,2,1,26,106,3
2119781,0,919,0,40,3,2,2,1,8,45,3
2094302,0,919,0,40,2,6,2,1,37,48,3
2067994,0,919,0,40,3,13,2,1,76,31,3
2106583,0,919,0,40,3,4,2,1,23,29,3
2096996,0,919,0,40,2,6,2,1,32,53,3
2078108,0,919,0,40,3,11,2,1,63,40,3
2087748,0,919,0,40,3,8,2,1,34,61,3
2104607,0,919,0,40,2,4,2,1,29,34,3
2120848,0,919,0,40,3,1,2,1,6,30,3
2121330,0,919,0,40,3,1,2,1,6,36,3
2121586,0,919,0,40,2,1,2,1,6,35,3
2121746,0,919,0,40,3,1,2,1,6,82,3
2122078,0,919,0,40,3,1,2,1,6,47,3
2122281,0,919,0,40,3,1,2,1,6,46,3
2122489,0,919,0,40,3,1,2,1,6,76,3
2122567,0,919,0,40,3,1,2,1,6,42,3
2122639,0,919,0,40,3,1,2,1,6,31,3
2092733,1,919,914,31.4229,2,7,2,1,29,37,3
2104158,0,919,0,40,3,4,2,1,16,27,3
2098134,0,919,0,40,3,5,2,1,23,57,3
2086690,0,919,0,40,3,8,2,1,31,26,3
2111495,0,919,0,40,3,2,2,1,15,59,3
2096744,0,919,0,40,3,6,2,1,25,24,3
2118717,0,919,0,40,2,2,2,1,6,21,3
2108845,0,919,0,40,3,4,2,1,13,33,3
2100824,0,919,0,40,3,5,2,1,19,19,3
2092564,0,919,0,40,2,6,2,1,26,57,3
2098472,0,919,0,40,2,4,2,1,27,52,3
2096129,0,919,0,40,2,5,2,1,36,25,3
2095232,0,919,0,40,3,7,2,1,40,40,3
2069759,0,919,0,40,3,9,2,1,40,32,3
2070932,0,919,0,40,3,10,2,1,44,17,3
2105088,0,919,0,40,2,5,2,1,15,28,3
2105843,0,919,0,40,3,5,2,1,20,36,3
2118861,0,919,0,40,2,2,2,1,7,50,3
2101607,0,919,0,40,3,5,2,1,18,34,3
2113749,0,919,0,40,3,2,2,1,16,56,3
2070684,0,919,0,40,2,11,2,1,33,44,3
2094855,0,919,0,40,3,6,2,1,37,35,3
2068119,0,919,0,40,3,9,2,1,77,47,3
2111012,0,919,0,40,3,4,2,1,13,28,3
2120444,0,919,0,40,2,2,2,1,6,33,3
2081927,0,919,0,40,2,9,2,1,55,81,3
2113427,0,919,0,40,3,2,2,1,18,37,3
2089925,0,919,0,40,3,9,2,1,40,50,3
2110590,0,919,0,40,3,4,2,1,16,29,3
2098755,0,919,0,40,3,7,2,1,25,68,3
2112488,0,919,0,40,3,4,2,1,12,31,3
2096005,1,919,876,19.3415,3,7,2,1,32,48,3
2105454,0,919,0,40,3,4,2,1,23,43,3
2092776,0,919,0,40,2,9,2,1,29,13,3
2109916,0,919,0,40,2,4,2,1,14,30,3
2104235,0,919,0,40,2,7,2,1,23,39,3
2118024,0,919,0,40,2,2,2,1,12,61,3
2104318,0,919,0,40,2,4,2,1,24,50,3
2115802,0,919,0,40,2,3,2,1,12,61,3
2109705,0,919,0,40,3,3,2,1,20,44,3
2120807,0,919,0,40,3,2,2,1,7,48,3
2117596,0,919,0,40,2,3,2,1,9,33,3
2098867,0,919,0,40,2,5,2,1,30,74,3
2104912,0,919,0,40,3,5,2,1,15,52,3
2121446,1,919,914,23.6351,3,1,2,1,5,56,3
2122108,0,919,0,40,2,1,2,1,5,28,3
2122236,0,919,0,40,2,1,2,1,5,14,3
2122420,0,919,0,40,2,1,2,1,5,33,3
2122532,0,919,0,40,3,1,2,1,5,31,3
2122668,0,919,0,40,2,1,2,1,5,30,3
2122740,0,919,0,40,2,1,2,1,5,39,3
2122860,0,919,0,40,3,1,2,1,5,77,3
2123028,0,919,0,40,3,1,2,1,5,53,3
2123098,0,919,0,40,3,1,2,1,5,32,3
2123294,0,919,0,40,2,1,2,1,5,34,3
2105656,0,919,0,40,2,3,2,1,13,55,3
2090558,0,919,0,40,3,5,2,1,42,32,3
2067903,0,919,0,40,2,10,2,1,73,44,3
2092303,0,919,0,40,2,5,2,1,39,14,3
2115760,0,919,0,40,3,2,2,1,9,46,3
2116599,0,919,0,40,2,2,2,1,7,62,3
2083774,0,919,0,40,3,8,2,1,56,21,3
2114868,0,919,0,40,3,2,2,1,12,34,3
2096098,0,919,0,40,3,6,2,1,24,29,3
2099606,0,919,0,40,3,3,2,1,36,30,3
2090116,1,919,875,22.2954,3,8,2,1,38,16,3
2115016,0,919,0,40,2,2,2,1,13,54,3
2115446,0,919,0,40,2,2,2,1,8,61,3
2096834,1,919,882,20.1731,3,5,2,1,29,65,3
2092213,0,919,0,40,3,7,2,1,40,47,3
2102157,0,919,0,40,2,4,2,1,29,39,3
2092219,0,919,0,40,3,7,2,1,34,47,3
2116143,0,919,0,40,2,3,2,1,9,49,3
2101630,0,919,0,40,2,4,2,1,30,49,3
2109917,0,919,0,40,3,3,2,1,10,47,3
2108100,0,919,0,40,2,4,2,1,10,47,3
2108209,0,919,0,40,2,4,2,1,17,36,3
2074370,0,919,0,40,3,12,2,1,73,19,3
2102318,0,919,0,40,2,6,2,1,20,42,3
2120190,0,919,0,40,3,2,2,1,5,22,3
2107496,0,919,0,40,3,4,2,1,17,26,3
2073221,1,919,869,18.6879,3,8,2,1,54,43,3
2078369,0,919,0,40,3,8,2,1,72,46,3
2115712,0,919,0,40,3,3,2,1,11,84,3
2063126,0,919,0,40,3,12,2,1,67,30,3
2083149,0,919,0,40,2,10,2,1,48,69,3
2092284,0,919,0,40,3,7,2,1,37,35,3
2117362,0,919,0,40,3,3,2,1,7,67,3
2105485,0,919,0,40,2,5,2,1,23,109,3
2118799,0,919,0,40,2,3,2,1,7,23,3
2120345,0,919,0,40,3,2,2,1,5,14,3
2095026,0,919,0,40,2,5,2,1,35,36,3
2094948,0,919,0,40,3,7,2,1,26,24,3
2116521,0,919,0,40,3,2,2,1,10,13,3
2106933,0,919,0,40,3,4,2,1,20,44,3
2076503,0,919,0,40,3,12,2,1,58,73,3
2119756,0,919,0,40,2,2,2,1,7,76,3
2072459,0,919,0,40,3,13,2,1,76,42,3
2119120,0,919,0,40,3,2,2,1,6,47,3
2087959,0,919,0,40,2,7,2,1,43,51,3
2112125,0,919,0,40,3,4,2,1,11,44,3
2120459,0,919,0,40,3,2,2,1,5,76,3
2092955,0,919,0,40,2,9,2,1,36,58,3
2071226,0,919,0,40,3,10,2,1,66,30,3
2110022,0,919,0,40,2,5,2,1,13,16,3
2118721,1,919,914,35.4629,2,3,2,1,7,26,3
2091908,0,919,0,40,3,6,2,1,38,49,3
2105316,0,919,0,40,3,5,2,1,21,33,3
2110006,0,919,0,40,3,3,2,1,15,87,3
2109433,0,919,0,40,2,4,2,1,14,43,3
2121976,0,919,0,40,2,1,2,1,4,29,3
2122330,0,919,0,40,3,1,2,1,4,30,3
2122610,0,919,0,40,2,1,2,1,4,58,3
2122826,0,919,0,40,2,1,2,1,4,47,3
2123091,0,919,0,40,2,1,2,1,4,65,3
2123271,0,919,0,40,2,1,2,1,4,34,3
2123438,0,919,0,40,2,1,2,1,4,28,3
2123544,0,919,0,40,2,1,2,1,4,63,3
2123610,0,919,0,40,3,1,2,1,4,66,3
2123748,0,919,0,40,3,1,2,1,4,73,3
2123784,0,919,0,40,3,1,2,1,4,65,3
2123944,0,919,0,40,2,1,2,1,4,53,3
2101222,0,919,0,40,2,1,2,1,44,21,3
2073452,0,919,0,40,2,9,2,1,88,98,3
2087979,0,919,0,40,3,6,2,1,57,61,3
2070967,0,919,0,40,2,4,2,1,66,30,3
2072086,0,919,0,40,3,7,2,1,76,31,3
2103180,0,919,0,40,2,2,2,1,35,11,3
2109762,0,919,0,40,3,1,2,1,27,25,3
2109654,0,919,0,40,2,1,2,1,26,68,3
2078307,0,919,0,40,2,8,2,1,68,57,3
2073103,0,919,0,40,2,12,2,1,80,57,3
2099943,0,919,0,40,2,4,2,1,30,48,3
2100688,0,919,0,40,3,3,2,1,31,56,3
2071166,0,919,0,40,3,7,2,1,56,35,3
2113590,0,919,0,40,3,1,2,1,23,53,3
2097253,0,919,0,40,3,4,2,1,33,82,3
2112520,0,919,0,40,3,1,2,1,22,44,3
2114145,0,919,0,40,2,1,2,1,21,53,3
2114651,0,919,0,40,3,1,2,1,21,24,3
2094541,0,919,0,40,3,5,2,1,35,34,3
2071844,0,919,0,40,2,5,2,1,53,68,3
2083490,0,919,0,40,3,5,2,1,59,38,3
2114760,1,919,915,30.2805,2,1,2,1,20,27,3
2077953,0,919,0,40,2,8,2,1,67,48,3
2067475,0,919,0,40,2,3,2,1,32,35,3
2076290,0,919,0,40,3,11,2,1,82,32,3
2109911,1,919,915,26.663,3,3,2,1,24,41,3
2091040,0,919,0,40,3,8,2,1,34,43,3
2116034,0,919,0,40,3,1,2,1,18,50,3
2085481,0,919,0,40,2,7,2,1,49,31,3
2102441,0,919,0,40,3,3,2,1,35,90,3
2095778,0,919,0,40,3,5,2,1,39,52,3
2096946,0,919,0,40,2,5,2,1,27,59,3
2099313,0,919,0,40,3,5,2,1,32,47,3
2116852,0,919,0,40,2,1,2,1,17,29,3
2106474,0,919,0,40,2,2,2,1,29,65,3
2082389,1,919,915,14.3794,3,6,2,1,62,42,3
2103767,0,919,0,40,2,4,2,1,26,96,3
2112134,0,919,0,40,3,3,2,1,21,16,3
2115929,0,919,0,40,2,2,2,1,17,46,3
2116013,0,919,0,40,2,1,2,1,16,16,3
2104895,0,919,0,40,2,3,2,1,22,52,3
2077457,0,919,0,40,2,8,2,1,58,28,3
2071507,0,919,0,40,3,5,2,1,57,43,3
2082702,0,919,0,40,3,7,2,1,62,53,3
2114113,0,919,0,40,3,2,2,1,17,21,3
2068200,0,919,0,40,3,8,2,1,59,21,3
2105539,0,919,0,40,2,4,2,1,24,46,3
2113117,0,919,0,40,2,3,2,1,20,64,3
2070387,0,919,0,40,2,7,2,1,65,19,3
2071431,0,919,0,40,3,2,2,1,26,27,3
2074664,1,919,888,35.1064,2,7,2,1,89,77,3
2088625,0,919,0,40,3,4,2,1,57,49,3
2086370,0,919,0,40,3,8,2,1,40,39,3
2111312,0,919,0,40,3,3,2,1,17,74,3
2101826,0,919,0,40,3,5,2,1,34,57,3
2077170,0,919,0,40,3,8,2,1,65,36,3
2107560,0,919,0,40,2,3,2,1,28,56,3
2117491,0,919,0,40,3,1,2,1,14,39,3
2118273,0,919,0,40,3,1,2,1,14,24,3
2039732,0,919,0,40,3,15,2,1,80,37,3
2086030,0,919,0,40,2,7,2,1,44,28,3
2090049,0,919,0,40,2,6,2,1,44,46,3
2077113,0,919,0,40,3,11,2,1,64,78,3
2097923,0,919,0,40,3,5,2,1,36,55,3
2114548,0,919,0,40,2,2,2,1,15,43,3
2084180,0,919,0,40,3,8,2,1,56,23,3
2103098,0,919,0,40,3,4,2,1,30,49,3
2101641,0,919,0,40,3,4,2,1,26,36,3
2098467,0,919,0,40,2,7,2,1,27,9,3
2101979,0,919,0,40,2,5,2,1,22,71,3
2104433,0,919,0,40,3,3,2,1,32,25,3
2118666,0,919,0,40,3,1,2,1,13,54,3
2118873,0,919,0,40,3,1,2,1,13,59,3
2119233,0,919,0,40,3,1,2,1,13,26,3
2087627,0,919,0,40,2,6,2,1,44,73,3
2101416,0,919,0,40,3,3,2,1,29,40,3
2071560,0,919,0,40,3,14,2,1,86,49,3
2102852,0,919,0,40,3,3,2,1,27,74,3
2111114,0,919,0,40,3,3,2,1,16,101,3
2115111,0,919,0,40,3,2,2,1,13,67,3
2108715,0,919,0,40,3,3,2,1,25,58,3
2080382,0,919,0,40,3,9,2,1,52,34,3
2082651,0,919,0,40,3,7,2,1,62,91,3
2117012,0,919,0,40,2,2,2,1,14,76,3
2118087,0,919,0,40,2,2,2,1,13,73,3
2118296,0,919,0,40,2,1,2,1,12,57,3
2118708,0,919,0,40,2,1,2,1,12,39,3
2119527,0,919,0,40,3,1,2,1,12,50,3
2093268,0,919,0,40,3,5,2,1,37,53,3
2085983,0,919,0,40,3,6,2,1,50,42,3
2114182,0,919,0,40,2,2,2,1,14,39,3
2106263,0,919,0,40,2,3,2,1,25,39,3
2077361,0,919,0,40,3,9,2,1,69,75,3
2090514,0,919,0,40,3,5,2,1,49,68,3
2096762,0,919,0,40,3,5,2,1,31,47,3
2073135,0,919,0,40,3,10,2,1,83,57,3
2094544,0,919,0,40,2,6,2,1,38,46,3
2071528,0,919,0,40,2,13,2,1,93,36,3
2105146,0,919,0,40,2,4,2,1,22,53,3
2114841,0,919,0,40,3,2,2,1,14,45,3
2079402,1,919,888,34.9359,2,11,2,1,54,21,3
2097098,0,919,0,40,2,6,2,1,23,47,3
2086841,0,919,0,40,2,8,2,1,45,36,3
2115991,0,919,0,40,2,2,2,1,14,44,3
2117352,0,919,0,40,2,2,2,1,13,55,3
2065605,0,919,0,40,3,9,2,1,44,32,3
2116151,0,919,0,40,3,2,2,1,15,15,3
2118583,0,919,0,40,2,2,2,1,12,38,3
2090688,0,919,0,40,2,7,2,1,49,42,3
2120352,0,919,0,40,3,1,2,1,11,61,3
2120456,0,919,0,40,3,1,2,1,11,33,3
2103620,0,919,0,40,3,5,2,1,18,49,3
2115468,0,919,0,40,3,2,2,1,11,41,3
2064436,0,919,0,40,3,14,2,1,110,66,3
2112742,0,919,0,40,3,3,2,1,13,64,3
2087853,0,919,0,40,2,9,2,1,42,59,3
2107811,0,919,0,40,2,3,2,1,22,43,3
2099485,0,919,0,40,3,4,2,1,36,53,3
2111725,0,919,0,40,3,2,2,1,21,27,3
2114211,0,919,0,40,2,2,2,1,17,43,3
2093935,0,919,0,40,3,6,2,1,33,77,3
2077344,0,919,0,40,2,11,2,1,52,108,3
2116658,0,919,0,40,2,2,2,1,13,45,3
2095890,0,919,0,40,3,7,2,1,27,50,3
2083247,0,919,0,40,3,7,2,1,58,44,3
2087933,0,919,0,40,3,6,2,1,57,36,3
2085867,0,919,0,40,3,7,2,1,46,39,3
2109097,0,919,0,40,3,3,2,1,24,47,3
2102767,0,919,0,40,2,6,2,1,26,27,3
2108232,0,919,0,40,2,4,2,1,22,50,3
2120305,0,919,0,40,2,1,2,1,10,27,3
2120787,0,919,0,40,2,1,2,1,10,48,3
2120967,0,919,0,40,2,1,2,1,10,48,3
2090677,0,919,0,40,2,6,2,1,46,36,3
2112995,0,919,0,40,3,2,2,1,17,111,3
2099103,0,919,0,40,3,4,2,1,37,18,3
2069633,0,919,0,40,3,9,2,1,49,41,3
2080767,0,919,0,40,3,9,2,1,63,58,3
2091952,0,919,0,40,3,8,2,1,37,64,3
2110762,0,919,0,40,2,2,2,1,23,63,3
2113319,0,919,0,40,2,2,2,1,18,63,3
2070213,0,919,0,40,2,9,2,1,51,60,3
2093637,0,919,0,40,2,6,2,1,34,30,3
2106543,0,919,0,40,2,4,2,1,16,70,3
2106337,0,919,0,40,2,4,2,1,23,22,3
2117013,0,919,0,40,3,2,2,1,10,27,3
2114192,0,919,0,40,2,2,2,1,20,71,3
2111399,0,919,0,40,2,3,2,1,17,24,3
2106113,0,919,0,40,2,4,2,1,25,18,3
2120774,0,919,0,40,2,1,2,1,9,76,3
2120870,0,919,0,40,3,1,2,1,9,53,3
2121329,0,919,0,40,2,1,2,1,9,32,3
2121481,0,919,0,40,2,1,2,1,9,55,3
2083415,0,919,0,40,2,8,2,1,40,52,3
2100598,0,919,0,40,2,5,2,1,13,41,3
2110058,0,919,0,40,3,3,2,1,17,43,3
2083908,0,919,0,40,2,9,2,1,41,65,3
2095134,0,919,0,40,2,6,2,1,38,117,3
2081671,0,919,0,40,3,9,2,1,60,28,3
2080190,0,919,0,40,2,12,2,1,52,73,3
2100864,0,919,0,40,3,3,2,1,36,47,3
2101631,0,919,0,40,2,6,2,1,24,51,3
2075328,0,919,0,40,3,9,2,1,78,28,3
2002038,0,919,0,40,3,21,2,1,160,39,3
2095607,0,919,0,40,2,5,2,1,44,30,3
2101425,0,919,0,40,2,5,2,1,26,22,3
2110430,0,919,0,40,2,3,2,1,22,50,3
2111394,0,919,0,40,2,3,2,1,18,49,3
2118659,0,919,0,40,3,2,2,1,11,40,3
2107721,0,919,0,40,2,5,2,1,21,37,3
2089838,0,919,0,40,3,7,2,1,46,35,3
2086759,0,919,0,40,3,8,2,1,59,44,3
2097024,1,919,915,11.2152,3,6,2,1,34,90,3
2066299,0,919,0,40,2,10,2,1,57,35,3
2069751,0,919,0,40,2,6,2,1,45,31,3
2120764,0,919,0,40,3,1,2,1,8,26,3
2121540,0,919,0,40,3,1,2,1,8,56,3
2121953,0,919,0,40,2,1,2,1,8,43,3
2122221,0,919,0,40,3,1,2,1,8,49,3
2103092,0,919,0,40,3,3,2,1,31,56,3
2102657,0,919,0,40,3,5,2,1,27,46,3
2099625,0,919,0,40,2,5,2,1,31,39,3
2107535,0,919,0,40,2,4,2,1,16,37,3
2061972,0,919,0,40,3,8,2,1,41,30,3
2069639,0,919,0,40,2,8,2,1,50,39,3
2073971,0,919,0,40,2,12,2,1,82,42,3
2108225,0,919,0,40,2,3,2,1,16,26,3
2072445,0,919,0,40,2,9,2,1,68,61,3
2082376,0,919,0,40,3,10,2,1,48,73,3
2115137,0,919,0,40,3,2,2,1,14,29,3
2063750,0,919,0,40,3,9,2,1,80,33,3
2083458,0,919,0,40,3,7,2,1,52,32,3
2112857,0,919,0,40,2,3,2,1,18,52,3
2101918,0,919,0,40,2,5,2,1,33,22,3
2103987,0,919,0,40,2,4,2,1,20,32,3
2092348,0,919,0,40,2,7,2,1,38,25,3
2067947,0,919,0,40,3,9,2,1,64,81,3
2111775,0,919,0,40,2,3,2,1,17,35,3
2083605,0,919,0,40,2,11,2,1,53,31,3
2117342,0,919,0,40,3,3,2,1,12,33,3
2072154,0,919,0,40,2,13,2,1,43,37,3
2067673,0,919,0,40,3,11,2,1,66,79,3
2086241,0,919,0,40,2,7,2,1,53,26,3
2082043,0,919,0,40,2,8,2,1,57,43,3
2120255,0,919,0,40,2,1,2,1,7,83,3
2121394,0,919,0,40,3,1,2,1,7,41,3
2121770,0,919,0,40,3,1,2,1,7,19,3
2121846,0,919,0,40,3,1,2,1,7,40,3
2122287,0,919,0,40,3,1,2,1,7,82,3
2122399,0,919,0,40,2,1,2,1,7,48,3
2122547,0,919,0,40,3,1,2,1,7,33,3
2092372,0,919,0,40,3,5,2,1,39,30,3
2107401,0,919,0,40,2,3,2,1,24,40,3
2096481,0,919,0,40,2,6,2,1,36,38,3
2112168,0,919,0,40,3,2,2,1,18,14,3
2109402,0,919,0,40,2,3,2,1,19,45,3
2082151,0,919,0,40,2,8,2,1,42,77,3
2117990,0,919,0,40,2,2,2,1,8,45,3
2100850,0,919,0,40,3,3,2,1,33,20,3
2074271,0,919,0,40,3,9,2,1,80,85,3
2117086,0,919,0,40,2,2,2,1,11,29,3
2102586,0,919,0,40,3,3,2,1,22,26,3
2110231,0,919,0,40,3,4,2,1,15,52,3
2108319,0,919,0,40,3,3,2,1,23,57,3
2097100,1,919,877,40,2,5,2,1,25,31,3
2108484,0,919,0,40,3,5,2,1,12,55,3
2118403,0,919,0,40,3,2,2,1,9,40,3
2086159,0,919,0,40,2,12,2,1,36,35,3
2119015,0,919,0,40,3,2,2,1,8,72,3
2095063,0,919,0,40,2,5,2,1,42,48,3
2072360,0,919,0,40,3,11,2,1,80,20,3
2118573,0,919,0,40,2,2,2,1,10,54,3
2088732,0,919,0,40,3,8,2,1,50,20,3
2113506,0,919,0,40,3,4,2,1,13,49,3
2119998,0,919,0,40,2,2,2,1,7,39,3
2110960,0,919,0,40,3,3,2,1,23,43,3
2071702,0,919,0,40,2,8,2,1,48,34,3
2118709,0,919,0,40,3,2,2,1,11,33,3
2112314,0,919,0,40,2,4,2,1,14,42,3
2103464,0,919,0,40,3,4,2,1,24,33,3
2086087,0,919,0,40,3,7,2,1,52,20,3
2091962,0,919,0,40,3,4,2,1,56,88,3
2115470,0,919,0,40,3,2,2,1,14,13,3
2073007,0,919,0,40,2,12,2,1,75,30,3
2100244,0,919,0,40,2,7,2,1,24,72,3
2079589,0,919,0,40,2,10,2,1,56,61,3
2095789,0,919,0,40,2,7,2,1,42,13,3
2117062,0,919,0,40,2,3,2,1,12,58,3
2114040,0,919,0,40,2,3,2,1,11,46,3
2121230,0,919,0,40,2,1,2,1,6,50,3
2121748,0,919,0,40,3,1,2,1,6,68,3
2122440,0,919,0,40,2,1,2,1,6,18,3
2122556,0,919,0,40,3,1,2,1,6,64,3
2122866,0,919,0,40,2,1,2,1,6,54,3
2122998,0,919,0,40,2,1,2,1,6,27,3
2123052,0,919,0,40,2,1,2,1,6,36,3
2123064,0,919,0,40,3,1,2,1,6,33,3
2123078,0,919,0,40,3,1,2,1,6,48,3
2123246,0,919,0,40,2,1,2,1,6,25,3
2123416,0,919,0,40,2,1,2,1,6,36,3
2116464,0,919,0,40,3,2,2,1,7,48,3
2106261,0,919,0,40,2,2,2,1,27,45,3
2102032,0,919,0,40,2,5,2,1,15,30,3
2069713,0,919,0,40,3,13,2,1,55,46,3
2107097,0,919,0,40,3,4,2,1,19,45,3
2117237,0,919,0,40,2,2,2,1,7,52,3
2089964,0,919,0,40,3,9,2,1,38,35,3
2118534,0,919,0,40,2,2,2,1,6,39,3
2096745,0,919,0,40,3,5,2,1,31,16,3
2110359,0,919,0,40,2,3,2,1,13,43,3
2105448,0,919,0,40,3,5,2,1,18,40,3
2091496,0,919,0,40,2,8,2,1,44,18,3
2068064,0,919,0,40,3,6,2,1,59,56,3
2070871,0,919,0,40,3,11,2,1,55,59,3
2118867,0,919,0,40,2,2,2,1,8,46,3
2112348,1,919,895,14.2224,3,5,2,1,11,92,3
2110752,0,919,0,40,2,4,2,1,16,92,3
2120134,0,919,0,40,2,2,2,1,6,36,3
2109743,0,919,0,40,3,3,2,1,17,19,3
2086506,0,919,0,40,2,9,2,1,35,44,3
2117428,0,919,0,40,2,3,2,1,7,45,3
2111323,0,919,0,40,2,3,2,1,20,27,3
2102422,0,919,0,40,2,4,2,1,26,30,3
2098037,0,919,0,40,2,5,2,1,26,44,3
2073720,0,919,0,40,3,12,2,1,77,44,3
2118956,0,919,0,40,2,2,2,1,8,52,3
2111355,0,919,0,40,3,3,2,1,20,30,3
2085630,0,919,0,40,2,7,2,1,58,88,3
2117631,0,919,0,40,2,2,2,1,10,64,3
2120204,0,919,0,40,2,2,2,1,9,14,3
2115453,0,919,0,40,3,3,2,1,8,23,3
2077420,0,919,0,40,2,11,2,1,69,91,3
2084549,0,919,0,40,2,6,2,1,51,104,3
2097517,0,919,0,40,3,4,2,1,40,39,3
2075671,0,919,0,40,2,10,2,1,79,48,3
2103557,0,919,0,40,2,5,2,1,23,93,3
2096960,0,919,0,40,2,7,2,1,35,48,3
2080046,0,919,0,40,2,5,2,1,74,68,3
2122152,0,919,0,40,3,1,2,1,5,144,3
2122322,0,919,0,40,2,1,2,1,5,40,3
2122947,0,919,0,40,3,1,2,1,5,33,3
2123047,0,919,0,40,3,1,2,1,5,43,3
2123351,0,919,0,40,2,1,2,1,5,80,3
2123431,0,919,0,40,2,1,2,1,5,37,3
2123528,0,919,0,40,3,1,2,1,5,24,3
2123808,0,919,0,40,2,1,2,1,5,26,3
2123952,0,919,0,40,3,1,2,1,5,54,3
2080310,0,919,0,40,2,9,2,1,55,51,3
2079156,0,919,0,40,3,13,2,1,46,66,3
2095664,0,919,0,40,2,4,2,1,38,35,3
2099093,0,919,0,40,3,4,2,1,32,34,3
2084757,0,919,0,40,3,12,2,1,33,28,3
2098543,0,919,0,40,3,5,2,1,37,43,3
2092356,0,919,0,40,3,6,2,1,42,62,3
2103811,0,919,0,40,3,4,2,1,24,55,3
2117985,0,919,0,40,3,2,2,1,8,16,3
2098136,0,919,0,40,3,6,2,1,22,75,3
2104085,0,919,0,40,3,5,2,1,22,30,3
2096843,0,919,0,40,2,6,2,1,37,45,3
2105427,0,919,0,40,2,4,2,1,24,25,3
2116273,0,919,0,40,2,2,2,1,10,42,3
2089339,0,919,0,40,2,7,2,1,35,68,3
2118878,0,919,0,40,2,2,2,1,7,38,3
2065677,0,919,0,40,3,9,2,1,69,48,3
2072066,0,919,0,40,2,15,2,1,75,34,3
2094787,0,919,0,40,2,5,2,1,40,26,3
2095364,0,919,0,40,2,8,2,1,29,27,3
2117672,0,919,0,40,3,3,2,1,10,47,3
2116988,0,919,0,40,2,4,2,1,8,41,3
2071079,0,919,0,40,3,9,2,1,29,39,3
2088416,0,919,0,40,3,8,2,1,42,26,3
2118546,0,919,0,40,2,2,2,1,10,33,3
2094797,0,919,0,40,3,5,2,1,37,53,3
2113033,0,919,0,40,3,3,2,1,12,58,3
2101230,0,919,0,40,2,5,2,1,25,34,3
2110558,0,919,0,40,2,4,2,1,17,12,3
2100606,0,919,0,40,2,7,2,1,22,38,3
2121363,0,919,0,40,3,2,2,1,6,84,3
2100588,0,919,0,40,3,6,2,1,19,23,3
2113911,0,919,0,40,3,4,2,1,10,22,3
2078103,0,919,0,40,2,11,2,1,67,40,3
2073748,0,919,0,40,3,12,2,1,83,47,3
2059373,0,919,0,40,3,16,2,1,77,47,3
2088044,0,919,0,40,2,5,2,1,54,49,3
2096879,0,919,0,40,2,5,2,1,35,19,3
2110278,0,919,0,40,2,4,2,1,21,31,3
2121904,0,919,0,40,3,1,2,1,4,35,3
2122478,0,919,0,40,3,1,2,1,4,80,3
2122957,0,919,0,40,3,1,2,1,4,19,3
2123021,0,919,0,40,2,1,2,1,4,51,3
2123101,0,919,0,40,2,1,2,1,4,34,3
2123507,0,919,0,40,3,1,2,1,4,22,3
2123543,0,919,0,40,2,1,2,1,4,10,3
2124135,0,919,0,40,2,1,2,1,4,34,3
2124189,0,919,0,40,3,1,2,1,4,29,3
2124607,0,919,0,40,3,1,2,1,4,38,3
2100017,0,919,0,40,3,1,2,1,48,76,3
2097327,1,919,916,13.9499,3,2,2,1,48,50,3
2081002,0,919,0,40,3,8,2,1,71,85,3
2111132,0,919,0,40,2,2,2,1,25,100,3
2078174,0,919,0,40,3,10,2,1,70,28,3
2097890,0,919,0,40,2,4,2,1,45,36,3
2113527,0,919,0,40,2,1,2,1,23,35,3
2101021,0,919,0,40,3,4,2,1,36,67,3
2108014,0,919,0,40,3,2,2,1,22,93,3
2084254,0,919,0,40,3,7,2,1,50,42,3
2068533,0,919,0,40,2,7,2,1,33,67,3
2109585,0,919,0,40,3,2,2,1,25,29,3
2116466,0,919,0,40,2,1,2,1,19,33,3
2099884,0,919,0,40,3,3,2,1,41,51,3
2091978,0,919,0,40,2,7,2,1,50,35,3
2105742,0,919,0,40,2,3,2,1,24,87,3
2101180,0,919,0,40,2,5,2,1,27,51,3
2100167,0,919,0,40,3,5,2,1,34,17,3
2104599,0,919,0,40,2,2,2,1,30,44,3
2086102,0,919,0,40,3,6,2,1,61,41,3
2117421,0,919,0,40,2,1,2,1,16,34,3
2100856,0,919,0,40,3,5,2,1,25,18,3
2106235,0,919,0,40,3,3,2,1,26,51,3
2117347,0,919,0,40,3,1,2,1,15,32,3
2118649,0,919,0,40,2,1,2,1,15,19,3
2102394,0,919,0,40,3,3,2,1,27,66,3
2101692,0,919,0,40,2,5,2,1,26,56,3
2106601,0,919,0,40,2,4,2,1,24,35,3
2115683,0,919,0,40,2,2,2,1,18,99,3
2118706,0,919,0,40,2,1,2,1,14,22,3
2119229,0,919,0,40,3,1,2,1,14,54,3
2108989,0,919,0,40,3,2,2,1,21,43,3
2098044,0,919,0,40,3,4,2,1,36,75,3
2109989,0,919,0,40,3,2,2,1,25,43,3
2060317,0,919,0,40,2,16,2,1,58,75,3
2097483,0,919,0,40,3,5,2,1,35,28,3
2082067,1,919,904,23.5116,3,9,2,1,56,50,3
2117137,0,919,0,40,3,2,2,1,14,75,3
2116685,0,919,0,40,3,1,2,1,13,45,3
2119286,0,919,0,40,3,1,2,1,13,50,3
2119607,0,919,0,40,2,1,2,1,13,6,3
2079817,0,919,0,40,2,8,2,1,64,38,3
2111040,0,919,0,40,2,2,2,1,22,56,3
2097998,0,919,0,40,2,4,2,1,25,34,3
2101005,0,919,0,40,3,5,2,1,35,35,3
2083150,0,919,0,40,2,10,2,1,42,37,3
2095510,0,919,0,40,2,4,2,1,37,31,3
2113149,1,919,916,17.4049,3,2,2,1,18,53,3
2103218,0,919,0,40,3,4,2,1,31,48,3
2117080,0,919,0,40,3,2,2,1,17,24,3
2114712,0,919,0,40,3,3,2,1,16,25,3
2119452,0,919,0,40,2,1,2,1,12,39,3
2119820,0,919,0,40,3,1,2,1,12,38,3
2097309,0,919,0,40,2,5,2,1,35,23,3
2112568,0,919,0,40,3,3,2,1,15,58,3
2071091,0,919,0,40,3,5,2,1,83,67,3
2073237,0,919,0,40,2,4,2,1,45,49,3
2096149,0,919,0,40,3,6,2,1,37,42,3
2117568,0,919,0,40,3,2,2,1,13,41,3
2096424,0,919,0,40,3,6,2,1,33,77,3
2103735,0,919,0,40,3,5,2,1,31,65,3
2114063,0,919,0,40,2,2,2,1,18,107,3
2076649,0,919,0,40,3,8,2,1,78,32,3
2096191,0,919,0,40,2,5,2,1,32,43,3
2119506,0,919,0,40,3,1,2,1,11,61,3
2120553,0,919,0,40,3,1,2,1,11,29,3
2120881,0,919,0,40,2,1,2,1,11,40,3
2073723,0,919,0,40,3,12,2,1,74,47,3
2106140,0,919,0,40,3,3,2,1,24,50,3
2072595,0,919,0,40,2,6,2,1,54,76,3
2097420,0,919,0,40,2,4,2,1,37,70,3
2107200,0,919,0,40,2,4,2,1,19,58,3
2087426,0,919,0,40,3,9,2,1,39,56,3
2106974,0,919,0,40,3,3,2,1,24,30,3
2081462,0,919,0,40,3,6,2,1,58,58,3
2117396,0,919,0,40,3,2,2,1,14,66,3
2108605,0,919,0,40,2,4,2,1,20,50,3
2119294,0,919,0,40,3,2,2,1,11,42,3
2120858,0,919,0,40,3,1,2,1,10,19,3
2121123,0,919,0,40,2,1,2,1,10,55,3
2121645,0,919,0,40,2,1,2,1,10,18,3
2101239,0,919,0,40,3,3,2,1,30,17,3
2078064,1,919,902,11.3234,3,12,2,1,67,52,3
2076877,0,919,0,40,3,12,2,1,60,23,3
2105977,0,919,0,40,3,4,2,1,23,51,3
2054926,0,919,0,40,2,12,2,1,68,44,3
2116155,0,919,0,40,3,2,2,1,14,25,3
2116408,0,919,0,40,3,3,2,1,13,51,3
2072851,0,919,0,40,3,10,2,1,80,17,3
2111080,0,919,0,40,2,4,2,1,16,77,3
2069807,0,919,0,40,3,8,2,1,42,36,3
2114820,0,919,0,40,3,3,2,1,12,23,3
2117724,0,919,0,40,3,3,2,1,11,50,3
2111405,0,919,0,40,2,5,2,1,18,36,3
2107666,0,919,0,40,3,2,2,1,32,52,3
2121372,0,919,0,40,2,1,2,1,9,43,3
2122167,0,919,0,40,2,1,2,1,9,58,3
2074434,0,919,0,40,3,11,2,1,61,42,3
2094768,0,919,0,40,3,6,2,1,39,52,3
2073662,0,919,0,40,3,10,2,1,77,17,3
2091266,0,919,0,40,2,5,2,1,41,31,3
2097634,0,919,0,40,2,4,2,1,28,28,3
2104716,0,919,0,40,3,5,2,1,20,37,3
2117545,0,919,0,40,3,2,2,1,10,46,3
2110760,0,919,0,40,3,3,2,1,21,21,3
2097979,0,919,0,40,3,6,2,1,25,50,3
2095614,0,919,0,40,3,4,2,1,36,28,3
2116456,0,919,0,40,3,2,2,1,15,44,3
2094840,0,919,0,40,3,6,2,1,30,20,3
2078716,0,919,0,40,3,10,2,1,72,36,3
2119843,0,919,0,40,3,2,2,1,9,40,3
2059584,0,919,0,40,2,14,2,1,71,38,3
2117815,0,919,0,40,3,2,2,1,12,103,3
2109840,0,919,0,40,3,3,2,1,24,87,3
2121023,0,919,0,40,3,2,2,1,10,54,3
2121602,0,919,0,40,2,1,2,1,8,68,3
2121818,0,919,0,40,3,1,2,1,8,76,3
2121982,0,919,0,40,2,1,2,1,8,28,3
2122279,0,919,0,40,3,1,2,1,8,27,3
2122361,0,919,0,40,3,1,2,1,8,54,3
2122697,0,919,0,40,3,1,2,1,8,48,3
2078484,0,919,0,40,2,10,2,1,54,66,3
2082947,0,919,0,40,2,6,2,1,52,14,3
2058087,0,919,0,40,3,8,2,1,71,27,3
2090365,0,919,0,40,3,7,2,1,35,40,3
2105262,0,919,0,40,2,4,2,1,20,46,3
2113567,0,919,0,40,3,3,2,1,15,67,3
2089872,0,919,0,40,3,8,2,1,39,87,3
2093304,0,919,0,40,2,5,2,1,36,31,3
2098962,0,919,0,40,3,5,2,1,36,65,3
2115820,0,919,0,40,2,3,2,1,12,49,3
2088488,0,919,0,40,3,7,2,1,40,86,3
2084853,0,919,0,40,3,8,2,1,47,21,3
2118041,0,919,0,40,3,2,2,1,12,33,3
2105430,0,919,0,40,2,4,2,1,21,67,3
2092477,0,919,0,40,3,5,2,1,47,121,3
2113588,0,919,0,40,2,3,2,1,14,45,3
2103995,0,919,0,40,3,4,2,1,26,20,3
2091198,0,919,0,40,2,9,2,1,25,35,3
2115314,0,919,0,40,3,3,2,1,17,28,3
2106779,0,919,0,40,2,5,2,1,22,111,3
2121090,0,919,0,40,2,1,2,1,7,20,3
2122688,0,919,0,40,2,1,2,1,7,43,3
2123262,1,919,916,27.4118,3,1,2,1,7,59,3
2123328,0,919,0,40,3,1,2,1,7,54,3
2123360,0,919,0,40,2,1,2,1,7,44,3
2123386,0,919,0,40,3,1,2,1,7,32,3
2081005,0,919,0,40,2,8,2,1,61,46,3
2091574,0,919,0,40,3,7,2,1,44,57,3
2109220,0,919,0,40,2,3,2,1,21,25,3
2074963,0,919,0,40,3,7,2,1,82,32,3
2106038,0,919,0,40,3,4,2,1,14,35,3
2104086,0,919,0,40,2,5,2,1,21,48,3
2105160,0,919,0,40,2,5,2,1,17,18,3
2079963,0,919,0,40,3,10,2,1,53,20,3
2103690,0,919,0,40,3,4,2,1,32,37,3
2110883,0,919,0,40,3,3,2,1,17,46,3
2112426,0,919,0,40,3,3,2,1,15,109,3
2093391,0,919,0,40,2,4,2,1,48,16,3
2103928,0,919,0,40,2,6,2,1,17,87,3
2114670,0,919,0,40,2,5,2,1,11,58,3
2098029,0,919,0,40,2,7,2,1,29,29,3
2116295,0,919,0,40,2,2,2,1,15,73,3
2110729,0,919,0,40,2,3,2,1,18,67,3
2106967,0,919,0,40,3,4,2,1,15,26,3
2117800,0,919,0,40,3,3,2,1,12,40,3
2113153,0,919,0,40,2,3,2,1,11,64,3
2119835,0,919,0,40,3,2,2,1,10,46,3
2100345,0,919,0,40,2,6,2,1,22,52,3
2112114,0,919,0,40,2,4,2,1,15,14,3
2120879,0,919,0,40,2,2,2,1,8,40,3
2076172,0,919,0,40,2,13,2,1,63,45,3
2117581,0,919,0,40,3,2,2,1,14,62,3
2116153,0,919,0,40,3,2,2,1,11,65,3
2116829,0,919,0,40,2,2,2,1,13,24,3
2100471,0,919,0,40,3,7,2,1,23,19,3
2121928,0,919,0,40,2,1,2,1,6,41,3
2122586,0,919,0,40,3,1,2,1,6,59,3
2122834,0,919,0,40,2,1,2,1,6,31,3
2123546,0,919,0,40,3,1,2,1,6,51,3
2123584,0,919,0,40,2,1,2,1,6,33,3
2123730,0,919,0,40,2,1,2,1,6,13,3
2123878,0,919,0,40,3,1,2,1,6,62,3
2123908,0,919,0,40,3,1,2,1,6,66,3
2087371,0,919,0,40,3,9,2,1,42,48,3
2088948,0,919,0,40,3,7,2,1,43,70,3
2108220,1,919,916,35.209,2,4,2,1,18,107,3
2118326,0,919,0,40,2,2,2,1,7,17,3
2090051,0,919,0,40,3,5,2,1,35,18,3
2116447,0,919,0,40,2,2,2,1,12,90,3
2079094,0,919,0,40,2,9,2,1,67,104,3
2080961,0,919,0,40,3,10,2,1,56,28,3
2119409,0,919,0,40,3,2,2,1,7,53,3
2074884,0,919,0,40,2,12,2,1,65,25,3
2102742,0,919,0,40,2,4,2,1,24,33,3
2088774,0,919,0,40,3,6,2,1,43,40,3
2071151,1,919,916,22.8012,3,7,2,1,37,39,3
2102786,0,919,0,40,2,4,2,1,19,29,3
2119858,0,919,0,40,2,2,2,1,6,28,3
2120697,0,919,0,40,2,2,2,1,6,27,3
2088045,0,919,0,40,2,5,2,1,53,30,3
2066214,0,919,0,40,2,10,2,1,63,36,3
2076007,0,919,0,40,2,11,2,1,63,27,3
2102384,0,919,0,40,3,6,2,1,13,57,3
2085688,0,919,0,40,2,7,2,1,53,46,3
2094650,0,919,0,40,2,7,2,1,33,53,3
2120677,0,919,0,40,2,2,2,1,8,22,3
2102963,0,919,0,40,3,3,2,1,34,125,3
2109243,0,919,0,40,3,3,2,1,21,10,3
2089281,1,919,916,21.8833,3,6,2,1,59,52,3
2108602,0,919,0,40,3,3,2,1,26,16,3
2077635,0,919,0,40,2,7,2,1,80,34,3
2091601,0,919,0,40,3,8,2,1,36,40,3
2122215,0,919,0,40,2,2,2,1,8,70,3
2123015,0,919,0,40,3,2,2,1,6,65,3
2122160,0,919,0,40,2,1,2,1,5,40,3
2123443,0,919,0,40,3,1,2,1,5,50,3
2123547,0,919,0,40,2,1,2,1,5,51,3
2123663,0,919,0,40,2,1,2,1,5,29,3
2124133,0,919,0,40,2,1,2,1,5,78,3
2124209,0,919,0,40,2,1,2,1,5,58,3
2124331,0,919,0,40,3,1,2,1,5,51,3
2124457,0,919,0,40,3,1,2,1,5,77,3
2124501,0,919,0,40,3,1,2,1,5,50,3
2124581,0,919,0,40,2,1,2,1,5,18,3
2106105,0,919,0,40,3,4,2,1,18,37,3
2099148,0,919,0,40,3,5,2,1,20,39,3
2114355,0,919,0,40,2,2,2,1,13,26,3
2107198,0,919,0,40,3,3,2,1,16,30,3
2116725,0,919,0,40,2,2,2,1,6,52,3
2094668,0,919,0,40,2,6,2,1,37,74,3
2088928,0,919,0,40,2,7,2,1,43,28,3
2031124,0,919,0,40,2,20,2,1,119,41,3
2119009,0,919,0,40,3,2,2,1,7,50,3
2087602,0,919,0,40,3,6,2,1,47,69,3
2100497,0,919,0,40,2,5,2,1,29,41,3
2112298,0,919,0,40,3,3,2,1,15,68,3
2062457,0,919,0,40,3,8,2,1,75,47,3
2105625,0,919,0,40,3,5,2,1,17,35,3
2081241,0,919,0,40,2,10,2,1,53,85,3
2120531,0,919,0,40,3,2,2,1,5,58,3
2097224,0,919,0,40,3,7,2,1,30,42,3
2096863,0,919,0,40,3,8,2,1,27,32,3
2106625,0,919,0,40,3,3,2,1,24,57,3
2096992,0,919,0,40,2,3,2,1,46,37,3
2106381,1,919,916,24.5178,3,3,2,1,24,26,3
2107286,0,919,0,40,3,3,2,1,22,25,3
2103113,0,919,0,40,3,4,2,1,26,20,3
2079486,0,919,0,40,2,11,2,1,59,40,3
2103688,0,919,0,40,3,4,2,1,25,49,3
2117103,0,919,0,40,2,2,2,1,10,71,3
2119089,0,919,0,40,3,2,2,1,10,40,3
2096439,0,919,0,40,2,6,2,1,32,42,3
2069418,0,919,0,40,2,6,2,1,39,29,3
2113742,0,919,0,40,3,3,2,1,16,56,3
2110559,0,919,0,40,3,4,2,1,11,30,3
2083882,0,919,0,40,3,10,2,1,46,37,3
2065949,0,919,0,40,2,10,2,1,75,35,3
2068562,0,919,0,40,2,14,2,1,71,85,3
2075726,0,919,0,40,2,12,2,1,63,45,3
2119182,0,919,0,40,2,2,2,1,11,28,3
2105965,0,919,0,40,3,4,2,1,28,88,3
2113124,0,919,0,40,2,5,2,1,16,49,3
2119375,0,919,0,40,3,3,2,1,9,42,3
2121855,0,919,0,40,3,2,2,1,8,38,3
2123084,0,919,0,40,3,2,2,1,7,37,3
2124143,0,919,0,40,3,2,2,1,5,11,3
2123449,0,919,0,40,2,1,2,1,4,18,3
2123649,0,919,0,40,3,1,2,1,4,25,3
2123785,0,919,0,40,2,1,2,1,4,17,3
2124034,0,919,0,40,3,1,2,1,4,49,3
2124102,0,919,0,40,2,1,2,1,4,39,3
2124134,0,919,0,40,3,1,2,1,4,58,3
2124442,0,919,0,40,2,1,2,1,4,73,3
2124470,0,919,0,40,2,1,2,1,4,27,3
2124602,0,919,0,40,2,1,2,1,4,58,3
2124669,0,919,0,40,2,1,2,1,4,87,3
2124853,0,919,0,40,2,1,2,1,4,68,3
2124963,0,919,0,40,3,1,2,1,4,28,3
2125045,0,919,0,40,3,1,2,1,4,57,3
2104983,0,919,0,40,3,2,2,1,33,37,3
2084990,0,919,0,40,3,8,2,1,57,56,3
2111056,0,919,0,40,2,2,2,1,28,15,3
2091199,0,919,0,40,2,5,2,1,50,44,3
2113750,0,919,0,40,2,1,2,1,24,59,3
2110947,0,919,0,40,3,1,2,1,22,19,3
2101120,0,919,0,40,3,3,2,1,37,20,3
2071915,0,919,0,40,2,10,2,1,61,48,3
2067352,0,919,0,40,2,7,2,1,85,71,3
2109536,0,919,0,40,3,2,2,1,20,77,3
2102693,0,919,0,40,2,4,2,1,31,72,3
2100042,0,919,0,40,3,5,2,1,31,32,3
2103593,0,919,0,40,3,4,2,1,28,83,3
2087259,0,919,0,40,3,7,2,1,52,35,3
2086559,0,919,0,40,3,7,2,1,61,88,3
2072231,0,919,0,40,2,5,2,1,52,42,3
2111997,0,919,0,40,3,3,2,1,18,55,3
2086096,0,919,0,40,3,7,2,1,53,39,3
2081145,0,919,0,40,3,7,2,1,60,40,3
2086624,0,919,0,40,2,7,2,1,50,68,3
2119175,0,919,0,40,3,1,2,1,15,41,3
2119235,0,919,0,40,3,1,2,1,15,37,3
2085930,0,919,0,40,3,8,2,1,48,50,3
2074394,0,919,0,40,2,12,2,1,73,63,3
2078967,0,919,0,40,2,13,2,1,60,17,3
2114110,0,919,0,40,2,2,2,1,22,11,3
2115598,0,919,0,40,2,2,2,1,17,32,3
2094368,0,919,0,40,3,6,2,1,41,83,3
2071356,0,919,0,40,3,9,2,1,63,102,3
2112594,0,919,0,40,3,3,2,1,18,49,3
2112933,0,919,0,40,3,3,2,1,19,76,3
2098756,0,919,0,40,2,5,2,1,27,33,3
2097628,0,919,0,40,2,5,2,1,37,66,3
2074673,0,919,0,40,2,11,2,1,77,31,3
2103710,0,919,0,40,3,4,2,1,28,45,3
2096864,0,919,0,40,3,5,2,1,32,42,3
2105803,0,919,0,40,2,3,2,1,28,70,3
2098538,0,919,0,40,2,4,2,1,37,42,3
2087799,0,919,0,40,3,9,2,1,35,29,3
2117613,0,919,0,40,3,2,2,1,13,37,3
2092728,0,919,0,40,3,7,2,1,38,36,3
2096666,0,919,0,40,3,7,2,1,30,43,3
2120754,0,919,0,40,2,1,2,1,11,58,3
2121229,0,919,0,40,2,1,2,1,11,48,3
2104336,0,919,0,40,2,4,2,1,28,33,3
2072525,0,919,0,40,2,6,2,1,46,42,3
2114223,0,919,0,40,3,2,2,1,19,48,3
2115074,0,919,0,40,3,2,2,1,18,54,3
2099379,0,919,0,40,2,4,2,1,38,29,3
2078268,0,919,0,40,2,9,2,1,62,19,3
2110209,0,919,0,40,2,4,2,1,16,41,3
2099269,0,919,0,40,3,5,2,1,38,35,3
2092343,0,919,0,40,2,6,2,1,47,15,3
2120700,0,919,0,40,3,1,2,1,10,21,3
2121532,0,919,0,40,3,1,2,1,10,53,3
2122079,0,919,0,40,2,1,2,1,10,26,3
2106744,0,919,0,40,2,2,2,1,31,40,3
2087538,0,919,0,40,2,6,2,1,44,48,3
2098085,0,919,0,40,2,5,2,1,28,23,3
2110662,0,919,0,40,2,3,2,1,20,24,3
2105394,0,919,0,40,2,4,2,1,20,14,3
2097621,0,919,0,40,2,5,2,1,35,41,3
2045167,0,919,0,40,2,13,2,1,98,97,3
2117523,0,919,0,40,3,2,2,1,12,36,3
2105053,0,919,0,40,2,6,2,1,18,57,3
2083497,0,919,0,40,2,9,2,1,58,30,3
2115643,0,919,0,40,2,2,2,1,21,33,3
2122110,0,919,0,40,2,1,2,1,9,64,3
2122319,0,919,0,40,3,1,2,1,9,10,3
2122529,0,919,0,40,3,1,2,1,9,32,3
2106458,0,919,0,40,3,3,2,1,24,33,3
2115697,0,919,0,40,3,2,2,1,12,42,3
2094390,0,919,0,40,2,6,2,1,41,36,3
2090595,0,919,0,40,3,5,2,1,49,38,3
2103476,0,919,0,40,2,6,2,1,22,45,3
2114865,0,919,0,40,2,3,2,1,11,42,3
2088368,0,919,0,40,3,7,2,1,50,63,3
2106213,0,919,0,40,2,5,2,1,23,27,3
2076951,0,919,0,40,3,11,2,1,59,60,3
2092991,0,919,0,40,2,6,2,1,38,21,3
2103555,0,919,0,40,2,4,2,1,28,20,3
2094310,0,919,0,40,3,5,2,1,38,28,3
2097104,0,919,0,40,3,7,2,1,34,25,3
2104989,0,919,0,40,2,5,2,1,21,55,3
2120304,0,919,0,40,2,2,2,1,11,36,3
2095586,0,919,0,40,3,6,2,1,41,18,3
2115937,0,919,0,40,3,4,2,1,13,22,3
2123040,0,919,0,40,3,1,2,1,8,29,3
2123224,0,919,0,40,2,1,2,1,8,19,3
2123274,0,919,0,40,3,1,2,1,8,26,3
2099428,0,919,0,40,2,5,2,1,27,72,3
2103258,0,919,0,40,3,6,2,1,21,44,3
2088726,1,919,860,40,2,7,2,1,41,54,3
2008904,2,919,0,40,2,16,2,1,108,28,3
2070426,0,919,0,40,3,6,2,1,56,83,3
2072049,0,919,0,40,3,12,2,1,52,43,3
2086821,0,919,0,40,3,7,2,1,45,57,3
2110491,0,919,0,40,2,4,2,1,16,47,3
2123684,0,919,0,40,2,1,2,1,7,46,3
2118733,0,919,0,40,2,2,2,1,8,38,3
2051454,0,919,0,40,3,17,2,1,96,33,3
2119267,0,919,0,40,3,3,2,1,9,63,3
2109847,0,919,0,40,2,3,2,1,15,29,3
2111688,0,919,0,40,3,3,2,1,22,34,3
2070885,0,919,0,40,3,7,2,1,90,48,3
2114306,0,919,0,40,2,3,2,1,8,61,3
2084472,0,919,0,40,3,11,2,1,42,59,3
2074019,0,919,0,40,3,10,2,1,78,40,3
2121831,0,919,0,40,3,2,2,1,9,64,3
2060430,0,919,0,40,3,22,2,1,82,33,3
2123435,0,919,0,40,2,1,2,1,6,37,3
2110393,0,919,0,40,3,3,2,1,14,17,3
2072876,0,919,0,40,2,5,2,1,54,44,3
2116021,0,919,0,40,2,2,2,1,11,47,3
2102458,0,919,0,40,3,5,2,1,24,74,3
2087474,0,919,0,40,3,6,2,1,51,45,3
2117854,0,919,0,40,2,2,2,1,12,35,3
2105694,0,919,0,40,3,3,2,1,26,33,3
2104232,0,919,0,40,2,4,2,1,25,57,3
2086363,0,919,0,40,3,9,2,1,42,12,3
2118922,0,919,0,40,2,2,2,1,10,32,3
2086418,0,919,0,40,3,8,2,1,41,48,3
2047810,0,919,0,40,3,15,2,1,125,80,3
2110893,0,919,0,40,2,4,2,1,15,30,3
2110034,0,919,0,40,3,4,2,1,13,39,3
2099566,0,919,0,40,2,5,2,1,27,31,3
2090395,0,919,0,40,2,8,2,1,40,41,3
2124174,0,919,0,40,2,1,2,1,5,63,3
2125171,0,919,0,40,3,1,2,1,5,56,3
2084970,0,919,0,40,3,9,2,1,31,19,3
2080371,0,919,0,40,2,8,2,1,65,34,3
2107445,0,919,0,40,2,4,2,1,16,61,3
2119341,0,919,0,40,2,2,2,1,8,14,3
2071572,0,919,0,40,3,17,2,1,77,92,3
2116759,0,919,0,40,3,2,2,1,12,97,3
2088660,0,919,0,40,2,7,2,1,44,53,3
2101001,0,919,0,40,3,3,2,1,41,53,3
2116645,0,919,0,40,3,2,2,1,12,17,3
2104490,0,919,0,40,2,5,2,1,29,9,3
2119940,0,919,0,40,3,2,2,1,9,38,3
2114678,0,919,0,40,2,3,2,1,12,59,3
2110224,0,919,0,40,2,4,2,1,15,26,3
2079787,0,919,0,40,2,11,2,1,53,38,3
2121458,0,919,0,40,3,2,2,1,5,24,3
2118132,0,919,0,40,3,2,2,1,14,114,3
2103329,0,919,0,40,3,4,2,1,26,34,3
2110523,0,919,0,40,3,4,2,1,15,41,3
2108571,0,919,0,40,2,4,2,1,22,53,3
2085082,0,919,0,40,2,11,2,1,44,22,3
2102471,0,919,0,40,2,4,2,1,40,63,3
2112633,0,919,0,40,2,3,2,1,23,29,3
2125255,0,919,0,40,2,1,2,1,4,31,3
2125317,0,919,0,40,2,1,2,1,4,86,3
2097799,0,919,0,40,3,5,2,1,32,135,3
2106740,0,919,0,40,2,2,2,1,23,31,3
2103903,0,919,0,40,2,3,2,1,32,18,3
2073536,0,919,0,40,3,11,2,1,87,27,3
2091955,0,919,0,40,2,5,2,1,47,46,3
2106467,0,919,0,40,2,3,2,1,28,39,3
2117122,0,919,0,40,3,2,2,1,15,28,3
2084530,0,919,0,40,2,8,2,1,61,34,3
2097216,0,919,0,40,2,4,2,1,39,38,3
2114698,0,919,0,40,2,2,2,1,15,29,3
2111794,0,919,0,40,2,3,2,1,22,48,3
2085832,0,919,0,40,2,11,2,1,50,25,3
2120256,0,919,0,40,3,2,2,1,12,40,3
2113038,0,919,0,40,2,4,2,1,21,56,3
2118268,0,919,0,40,2,1,2,1,11,59,3
2101201,0,919,0,40,2,5,2,1,22,71,3
2096806,0,919,0,40,2,3,2,1,46,57,3
2094250,0,919,0,40,2,5,2,1,44,25,3
2122747,0,919,0,40,2,1,2,1,10,24,3
2101473,0,919,0,40,3,4,2,1,33,25,3
2120479,0,919,0,40,2,1,2,1,9,28,3
2121138,0,919,0,40,2,1,2,1,9,15,3
2122412,0,919,0,40,3,1,2,1,9,67,3
2113408,0,919,0,40,3,2,2,1,19,71,3
2104224,0,919,0,40,2,4,2,1,21,63,3
2113704,0,919,0,40,3,3,2,1,10,69,3
2096227,0,919,0,40,2,7,2,1,38,20,3
2067317,0,919,0,40,2,7,2,1,44,34,3
2100204,0,919,0,40,2,6,2,1,25,41,3
2116723,0,919,0,40,2,2,2,1,10,49,3
2105869,0,919,0,40,2,4,2,1,27,92,3
2106547,0,919,0,40,2,5,2,1,18,60,3
2120975,0,919,0,40,3,2,2,1,7,33,3
2076378,0,919,0,40,2,10,2,1,79,54,3
2107233,0,919,0,40,3,5,2,1,18,55,3
2090851,0,919,0,40,2,6,2,1,38,12,3
2076333,0,919,0,40,3,14,2,1,58,37,3
2120481,0,919,0,40,3,2,2,1,7,43,3
2111935,0,919,0,40,3,3,2,1,18,28,3
2090463,0,919,0,40,3,7,2,1,43,39,3
2070085,0,919,0,40,2,8,2,1,44,36,3
2118633,0,919,0,40,3,2,2,1,5,53,3
2075260,0,919,0,40,2,11,2,1,68,34,3
2076899,0,919,0,40,3,9,2,1,70,72,3
2081737,0,919,0,40,3,8,2,1,55,62,3
2122048,0,919,0,40,3,0,2,1,3,92,3
2122534,0,919,0,40,2,0,2,1,3,12,3
2122961,0,919,0,40,2,0,2,1,3,94,3
2123121,0,919,0,40,3,0,2,1,3,39,3
2123249,0,919,0,40,3,0,2,1,3,53,3
2123549,0,919,0,40,3,0,2,1,3,33,3
2123613,0,919,0,40,3,0,2,1,3,9,3
2123677,0,919,0,40,2,0,2,1,3,53,3
2123757,0,919,0,40,2,0,2,1,3,60,3
2123805,0,919,0,40,2,0,2,1,3,46,3
2123893,0,919,0,40,2,0,2,1,3,58,3
2123957,0,919,0,40,3,0,2,1,3,43,3
2124021,0,919,0,40,2,0,2,1,3,32,3
2124056,0,919,0,40,2,0,2,1,3,63,3
2124088,0,919,0,40,3,0,2,1,3,74,3
2124120,0,919,0,40,2,0,2,1,3,16,3
2124152,0,919,0,40,3,0,2,1,3,40,3
2124184,0,919,0,40,2,0,2,1,3,81,3
2124248,0,919,0,40,2,0,2,1,3,20,3
2124344,0,919,0,40,3,0,2,1,3,24,3
2124376,0,919,0,40,3,0,2,1,3,20,3
2124408,0,919,0,40,3,0,2,1,3,59,3
2124440,0,919,0,40,2,0,2,1,3,70,3
2124472,0,919,0,40,3,0,2,1,3,73,3
2124504,0,919,0,40,3,0,2,1,3,52,3
2124568,0,919,0,40,3,0,2,1,3,66,3
2124628,0,919,0,40,2,0,2,1,3,51,3
2124644,0,919,0,40,2,0,2,1,3,15,3
2124660,0,919,0,40,2,0,2,1,3,48,3
2124676,0,919,0,40,3,0,2,1,3,58,3
2124708,0,919,0,40,3,0,2,1,3,26,3
2124724,0,919,0,40,2,0,2,1,3,35,3
2124740,0,919,0,40,3,0,2,1,3,66,3
2124756,0,919,0,40,2,0,2,1,3,24,3
2124772,0,919,0,40,2,0,2,1,3,47,3
2124788,0,919,0,40,3,0,2,1,3,28,3
2124804,0,919,0,40,2,0,2,1,3,53,3
2124820,0,919,0,40,2,0,2,1,3,48,3
2124836,0,919,0,40,2,0,2,1,3,47,3
2124852,0,919,0,40,2,0,2,1,3,42,3
2124868,0,919,0,40,2,0,2,1,3,25,3
2124900,0,919,0,40,2,0,2,1,3,48,3
2124932,0,919,0,40,3,0,2,1,3,22,3
2124948,0,919,0,40,3,0,2,1,3,24,3
2124964,0,919,0,40,3,0,2,1,3,36,3
2124988,0,919,0,40,3,0,2,1,3,44,3
2125020,0,919,0,40,2,0,2,1,3,62,3
2125036,0,919,0,40,3,0,2,1,3,28,3
2125068,0,919,0,40,3,0,2,1,3,45,3
2125084,0,919,0,40,3,0,2,1,3,23,3
2125100,0,919,0,40,2,0,2,1,3,60,3
2125132,0,919,0,40,2,0,2,1,3,33,3
2125148,0,919,0,40,2,0,2,1,3,21,3
2125164,0,919,0,40,3,0,2,1,3,70,3
2125180,0,919,0,40,2,0,2,1,3,9,3
2125196,0,919,0,40,2,0,2,1,3,25,3
2125206,0,919,0,40,2,0,2,1,3,48,3
2125214,0,919,0,40,2,0,2,1,3,56,3
2125222,0,919,0,40,3,0,2,1,3,13,3
2125230,0,919,0,40,3,0,2,1,3,47,3
2125246,0,919,0,40,2,0,2,1,3,34,3
2125254,0,919,0,40,2,0,2,1,3,60,3
2125262,0,919,0,40,2,0,2,1,3,87,3
2125270,0,919,0,40,3,0,2,1,3,20,3
2125278,0,919,0,40,3,0,2,1,3,40,3
2125286,0,919,0,40,3,0,2,1,3,22,3
2125294,0,919,0,40,2,0,2,1,3,30,3
2125302,0,919,0,40,2,0,2,1,3,57,3
2125310,0,919,0,40,2,0,2,1,3,36,3
2125318,0,919,0,40,2,0,2,1,3,37,3
2125334,0,919,0,40,2,0,2,1,3,54,3
2125342,0,919,0,40,3,0,2,1,3,35,3
2125350,0,919,0,40,2,0,2,1,3,15,3
2125358,0,919,0,40,3,0,2,1,3,47,3
2125366,0,919,0,40,2,0,2,1,3,30,3
2125374,0,919,0,40,2,0,2,1,3,51,3
2125390,0,919,0,40,2,0,2,1,3,37,3
2125398,0,919,0,40,2,0,2,1,3,28,3
2125406,0,919,0,40,2,0,2,1,3,45,3
2125422,0,919,0,40,2,0,2,1,3,35,3
2125430,0,919,0,40,3,0,2,1,3,41,3
2125438,0,919,0,40,3,0,2,1,3,56,3
2125446,0,919,0,40,3,0,2,1,3,33,3
2125454,0,919,0,40,3,0,2,1,3,40,3
2125462,0,919,0,40,2,0,2,1,3,46,3
2125470,0,919,0,40,2,0,2,1,3,41,3
2125486,0,919,0,40,3,0,2,1,3,19,3
2125494,0,919,0,40,3,0,2,1,3,59,3
2125502,0,919,0,40,2,0,2,1,3,53,3
2125510,0,919,0,40,3,0,2,1,3,43,3
2125518,0,919,0,40,2,0,2,1,3,24,3
2125526,0,919,0,40,2,0,2,1,3,53,3
2125534,0,919,0,40,2,0,2,1,3,52,3
2125550,0,919,0,40,3,0,2,1,3,19,3
2125558,0,919,0,40,2,0,2,1,3,51,3
2125574,0,919,0,40,2,0,2,1,3,49,3
2125582,0,919,0,40,3,0,2,1,3,63,3
2125590,0,919,0,40,3,0,2,1,3,65,3
2125598,0,919,0,40,2,0,2,1,3,41,3
2125606,0,919,0,40,2,0,2,1,3,36,3
2125614,0,919,0,40,2,0,2,1,3,20,3
2125622,0,919,0,40,2,0,2,1,3,34,3
2125630,0,919,0,40,3,0,2,1,3,53,3
2125638,0,919,0,40,2,0,2,1,3,34,3
2125646,0,919,0,40,3,0,2,1,3,42,3
2125654,0,919,0,40,3,0,2,1,3,26,3
2125662,0,919,0,40,2,0,2,1,3,48,3
2125670,0,919,0,40,3,0,2,1,3,52,3
2125678,0,919,0,40,2,0,2,1,3,44,3
2125686,0,919,0,40,2,0,2,1,3,46,3
2125702,0,919,0,40,2,0,2,1,3,59,3
2125710,0,919,0,40,3,0,2,1,3,63,3
2125718,0,919,0,40,3,0,2,1,3,47,3
2125726,0,919,0,40,3,0,2,1,3,51,3
2125734,0,919,0,40,3,0,2,1,3,36,3
2125742,0,919,0,40,3,0,2,1,3,35,3
2125750,0,919,0,40,3,0,2,1,3,56,3
2125758,0,919,0,40,2,0,2,1,3,45,3
2125766,0,919,0,40,3,0,2,1,3,37,3
2125771,0,919,0,40,3,0,2,1,3,39,3
2125775,0,919,0,40,3,0,2,1,3,27,3
2125783,0,919,0,40,2,0,2,1,3,73,3
2125787,0,919,0,40,2,0,2,1,3,38,3
2125791,0,919,0,40,2,0,2,1,3,32,3
2125799,0,919,0,40,3,0,2,1,3,57,3
2125803,0,919,0,40,2,0,2,1,3,34,3
2125811,0,919,0,40,3,0,2,1,3,41,3
2125815,0,919,0,40,2,0,2,1,3,28,3
2125819,0,919,0,40,3,0,2,1,3,47,3
2125823,0,919,0,40,2,0,2,1,3,33,3
2125827,0,919,0,40,3,0,2,1,3,51,3
2125831,0,919,0,40,2,0,2,1,3,47,3
2125839,0,919,0,40,2,0,2,1,3,40,3
2125843,0,919,0,40,3,0,2,1,3,42,3
2125847,0,919,0,40,3,0,2,1,3,71,3
2125855,0,919,0,40,2,0,2,1,3,59,3
2125859,0,919,0,40,2,0,2,1,3,48,3
2125863,0,919,0,40,3,0,2,1,3,54,3
2125867,0,919,0,40,3,0,2,1,3,33,3
2125871,0,919,0,40,3,0,2,1,3,55,3
2125879,0,919,0,40,3,0,2,1,3,50,3
2125883,0,919,0,40,3,0,2,1,3,42,3
2125891,0,919,0,40,2,0,2,1,3,67,3
2125895,0,919,0,40,3,0,2,1,3,69,3
2125899,0,919,0,40,2,0,2,1,3,28,3
2125903,0,919,0,40,2,0,2,1,3,47,3
2125907,0,919,0,40,2,0,2,1,3,19,3
2125915,0,919,0,40,3,0,2,1,3,24,3
2125919,0,919,0,40,2,0,2,1,3,42,3
2125923,0,919,0,40,2,0,2,1,3,57,3
2125927,0,919,0,40,2,0,2,1,3,32,3
2125931,0,919,0,40,3,0,2,1,3,49,3
2125935,0,919,0,40,3,0,2,1,3,46,3
2125939,0,919,0,40,3,0,2,1,3,34,3
2125943,0,919,0,40,2,0,2,1,3,30,3
2125947,0,919,0,40,3,0,2,1,3,44,3
2125951,0,919,0,40,3,0,2,1,3,27,3
2125955,0,919,0,40,2,0,2,1,3,81,3
2125959,0,919,0,40,2,0,2,1,3,45,3
2125963,0,919,0,40,3,0,2,1,3,55,3
2125967,0,919,0,40,3,0,2,1,3,37,3
2125971,0,919,0,40,3,0,2,1,3,46,3
2125975,0,919,0,40,2,0,2,1,3,45,3
2125979,0,919,0,40,2,0,2,1,3,52,3
2125983,0,919,0,40,2,0,2,1,3,34,3
2125987,0,919,0,40,3,0,2,1,3,46,3
2125995,0,919,0,40,2,0,2,1,3,75,3
2125999,0,919,0,40,3,0,2,1,3,67,3
2126003,0,919,0,40,3,0,2,1,3,32,3
2126007,0,919,0,40,2,0,2,1,3,26,3
2126019,0,919,0,40,3,0,2,1,3,54,3
2126023,0,919,0,40,2,0,2,1,3,53,3
2126027,0,919,0,40,2,0,2,1,3,32,3
2126031,0,919,0,40,3,0,2,1,3,9,3
2126039,0,919,0,40,2,0,2,1,3,42,3
2126047,0,919,0,40,2,0,2,1,3,45,3
2126051,0,919,0,40,2,0,2,1,3,36,3
2126055,0,919,0,40,3,0,2,1,3,77,3
2126063,0,919,0,40,3,0,2,1,3,31,3
2126067,0,919,0,40,3,0,2,1,3,50,3
2126075,0,919,0,40,2,0,2,1,3,24,3
2126079,0,919,0,40,2,0,2,1,3,49,3
2126083,0,919,0,40,3,0,2,1,3,45,3
2126087,0,919,0,40,2,0,2,1,3,77,3
2126091,0,919,0,40,3,0,2,1,3,66,3
2126099,0,919,0,40,2,0,2,1,3,47,3
2126103,0,919,0,40,2,0,2,1,3,55,3
2126107,0,919,0,40,2,0,2,1,3,13,3
2126111,0,919,0,40,2,0,2,1,3,29,3
2126115,0,919,0,40,3,0,2,1,3,42,3
2126123,0,919,0,40,2,0,2,1,3,49,3
2126127,0,919,0,40,3,0,2,1,3,13,3
2126131,0,919,0,40,2,0,2,1,3,60,3
2126135,0,919,0,40,2,0,2,1,3,37,3
2126139,0,919,0,40,3,0,2,1,3,63,3
2126147,0,919,0,40,2,0,2,1,3,45,3
2126151,0,919,0,40,3,0,2,1,3,28,3
2126155,0,919,0,40,3,0,2,1,3,39,3
2126159,0,919,0,40,3,0,2,1,3,60,3
2126163,0,919,0,40,3,0,2,1,3,37,3
2126171,0,919,0,40,3,0,2,1,3,43,3
2126175,0,919,0,40,3,0,2,1,3,75,3
2126179,0,919,0,40,2,0,2,1,3,21,3
2126183,0,919,0,40,3,0,2,1,3,40,3
2126187,0,919,0,40,2,0,2,1,3,55,3
2126195,0,919,0,40,2,0,2,1,3,40,3
2126199,0,919,0,40,3,0,2,1,3,24,3
2126203,0,919,0,40,2,0,2,1,3,81,3
2126207,0,919,0,40,2,0,2,1,3,12,3
2126211,0,919,0,40,2,0,2,1,3,75,3
2126219,0,919,0,40,3,0,2,1,3,32,3
2126227,0,919,0,40,3,0,2,1,3,33,3
2126231,0,919,0,40,3,0,2,1,3,36,3
2126235,0,919,0,40,3,0,2,1,3,60,3
2126243,0,919,0,40,2,0,2,1,3,43,3
2126247,0,919,0,40,3,0,2,1,3,70,3
2126251,0,919,0,40,3,0,2,1,3,31,3
2126255,0,919,0,40,3,0,2,1,3,63,3
2126259,0,919,0,40,2,0,2,1,3,51,3
2126263,0,919,0,40,2,0,2,1,3,52,3
2126271,0,919,0,40,3,0,2,1,3,35,3
2126275,0,919,0,40,2,0,2,1,3,16,3
2126279,0,919,0,40,2,0,2,1,3,50,3
2126283,0,919,0,40,3,0,2,1,3,83,3
2126287,0,919,0,40,3,0,2,1,3,61,3
2126291,0,919,0,40,2,0,2,1,3,47,3
2126295,0,919,0,40,2,0,2,1,3,44,3
2126299,0,919,0,40,3,0,2,1,3,76,3
2126303,0,919,0,40,2,0,2,1,3,87,3
2126307,0,919,0,40,3,0,2,1,3,39,3
2126313,0,919,0,40,3,0,2,1,3,64,3
2126317,0,919,0,40,2,0,2,1,3,43,3
2126321,0,919,0,40,2,0,2,1,3,29,3
2126323,0,919,0,40,3,0,2,1,3,40,3
2126325,0,919,0,40,2,0,2,1,3,38,3
2126327,0,919,0,40,3,0,2,1,3,27,3
2126329,0,919,0,40,2,0,2,1,3,48,3
2126333,0,919,0,40,2,0,2,1,3,28,3
2126335,0,919,0,40,2,0,2,1,3,36,3
2126337,0,919,0,40,3,0,2,1,3,48,3
2126339,0,919,0,40,3,0,2,1,3,29,3
2126341,0,919,0,40,3,0,2,1,3,78,3
2126345,0,919,0,40,2,0,2,1,3,31,3
2126347,0,919,0,40,3,0,2,1,3,8,3
2126349,0,919,0,40,3,0,2,1,3,67,3
2126351,0,919,0,40,2,0,2,1,3,60,3
2126355,0,919,0,40,3,0,2,1,3,55,3
2126357,0,919,0,40,2,0,2,1,3,35,3
2126359,0,919,0,40,3,0,2,1,3,42,3
2126363,0,919,0,40,2,0,2,1,3,82,3
2126367,0,919,0,40,2,0,2,1,3,14,3
2126369,0,919,0,40,3,0,2,1,3,64,3
2126371,0,919,0,40,3,0,2,1,3,48,3
2126373,0,919,0,40,2,0,2,1,3,51,3
2126377,0,919,0,40,3,0,2,1,3,37,3
2126381,0,919,0,40,2,0,2,1,3,56,3
2126383,0,919,0,40,3,0,2,1,3,24,3
2126385,0,919,0,40,3,0,2,1,3,48,3
2126387,0,919,0,40,2,0,2,1,3,33,3
2126389,0,919,0,40,3,0,2,1,3,23,3
2126391,0,919,0,40,3,0,2,1,3,95,3
2126395,0,919,0,40,3,0,2,1,3,65,3
2126397,0,919,0,40,3,0,2,1,3,40,3
2126399,0,919,0,40,2,0,2,1,3,7,3
2126401,0,919,0,40,2,0,2,1,3,25,3
2126403,0,919,0,40,2,0,2,1,3,22,3
2126405,0,919,0,40,3,0,2,1,3,58,3
2126407,0,919,0,40,3,0,2,1,3,35,3
2126409,0,919,0,40,2,0,2,1,3,51,3
2126411,0,919,0,40,2,0,2,1,3,95,3
2126413,0,919,0,40,2,0,2,1,3,37,3
2126415,0,919,0,40,3,0,2,1,3,60,3
2126419,0,919,0,40,2,0,2,1,3,31,3
2126421,0,919,0,40,3,0,2,1,3,7,3
2126423,0,919,0,40,2,0,2,1,3,50,3
2126425,0,919,0,40,2,0,2,1,3,35,3
2126427,0,919,0,40,2,0,2,1,3,40,3
2126429,0,919,0,40,2,0,2,1,3,31,3
2126431,0,919,0,40,2,0,2,1,3,53,3
2126433,0,919,0,40,3,0,2,1,3,67,3
2126435,0,919,0,40,2,0,2,1,3,26,3
2126437,0,919,0,40,3,0,2,1,3,30,3
2126439,0,919,0,40,2,0,2,1,3,74,3
2126441,0,919,0,40,2,0,2,1,3,41,3
2126443,0,919,0,40,3,0,2,1,3,52,3
2126445,0,919,0,40,3,0,2,1,3,70,3
2126449,0,919,0,40,3,0,2,1,3,20,3
2126451,0,919,0,40,2,0,2,1,3,58,3
2126455,0,919,0,40,3,0,2,1,3,41,3
2126459,0,919,0,40,2,0,2,1,3,25,3
2126461,0,919,0,40,3,0,2,1,3,56,3
2126465,0,919,0,40,2,0,2,1,3,31,3
2126467,0,919,0,40,2,0,2,1,3,9,3
2126469,0,919,0,40,2,0,2,1,3,34,3
2126471,0,919,0,40,2,0,2,1,3,30,3
2126473,0,919,0,40,3,0,2,1,3,31,3
2126477,0,919,0,40,2,0,2,1,3,25,3
2126479,0,919,0,40,3,0,2,1,3,76,3
2126483,0,919,0,40,2,0,2,1,3,45,3
2126485,0,919,0,40,3,0,2,1,3,26,3
2126487,0,919,0,40,3,0,2,1,3,20,3
2126489,0,919,0,40,3,0,2,1,3,67,3
2126493,0,919,0,40,2,0,2,1,3,90,3
2126495,0,919,0,40,3,0,2,1,3,51,3
2126499,0,919,0,40,3,0,2,1,3,27,3
2126501,0,919,0,40,3,0,2,1,3,13,3
2126503,0,919,0,40,3,0,2,1,3,31,3
2126507,0,919,0,40,2,0,2,1,3,70,3
2126509,0,919,0,40,2,0,2,1,3,83,3
2126511,0,919,0,40,3,0,2,1,3,49,3
2126513,0,919,0,40,3,0,2,1,3,40,3
2126515,0,919,0,40,2,0,2,1,3,22,3
2126517,0,919,0,40,2,0,2,1,3,22,3
2126521,0,919,0,40,2,0,2,1,3,34,3
2126523,0,919,0,40,2,0,2,1,3,52,3
2126525,0,919,0,40,3,0,2,1,3,31,3
2126527,0,919,0,40,3,0,2,1,3,52,3
2126529,0,919,0,40,2,0,2,1,3,22,3
2126531,0,919,0,40,2,0,2,1,3,37,3
2126533,0,919,0,40,2,0,2,1,3,54,3
2126535,0,919,0,40,3,0,2,1,3,34,3
2126537,0,919,0,40,2,0,2,1,3,53,3
2126539,0,919,0,40,3,0,2,1,3,47,3
2126541,0,919,0,40,3,0,2,1,3,43,3
2126543,0,919,0,40,3,0,2,1,3,21,3
2126545,0,919,0,40,2,0,2,1,3,40,3
2126547,0,919,0,40,3,0,2,1,3,57,3
2126549,0,919,0,40,2,0,2,1,3,42,3
2126551,0,919,0,40,3,0,2,1,3,43,3
2126555,0,919,0,40,2,0,2,1,3,50,3
2126557,0,919,0,40,2,0,2,1,3,52,3
2126561,0,919,0,40,3,0,2,1,3,25,3
2126563,0,919,0,40,2,0,2,1,3,48,3
2126567,0,919,0,40,3,0,2,1,3,32,3
2126569,0,919,0,40,2,0,2,1,3,26,3
2126573,0,919,0,40,3,0,2,1,3,86,3
2126575,0,919,0,40,2,0,2,1,3,39,3
2126577,0,919,0,40,2,0,2,1,3,56,3
2126579,0,919,0,40,2,0,2,1,3,37,3
2126581,0,919,0,40,3,0,2,1,3,32,3
2126583,0,919,0,40,2,0,2,1,3,47,3
2126585,0,919,0,40,3,0,2,1,3,35,3
2126587,0,919,0,40,2,0,2,1,3,40,3
2126589,0,919,0,40,3,0,2,1,3,51,3
2126591,0,919,0,40,3,0,2,1,3,14,3
2126593,0,919,0,40,3,0,2,1,3,63,3
2126597,0,919,0,40,3,0,2,1,3,18,3
2126599,0,919,0,40,2,0,2,1,3,33,3
2126603,0,919,0,40,2,0,2,1,3,55,3
2126605,0,919,0,40,3,0,2,1,3,65,3
2126607,0,919,0,40,3,0,2,1,3,32,3
2126609,0,919,0,40,3,0,2,1,3,31,3
2126611,0,919,0,40,2,0,2,1,3,72,3
2126613,0,919,0,40,3,0,2,1,3,57,3
2126615,0,919,0,40,2,0,2,1,3,63,3
2126617,0,919,0,40,3,0,2,1,3,28,3
2126621,0,919,0,40,3,0,2,1,3,64,3
2126623,0,919,0,40,2,0,2,1,3,26,3
2126625,0,919,0,40,3,0,2,1,3,23,3
2126627,0,919,0,40,3,0,2,1,3,47,3
2126629,0,919,0,40,2,0,2,1,3,33,3
2126633,0,919,0,40,3,0,2,1,3,65,3
2126637,0,919,0,40,3,0,2,1,3,53,3
2126639,0,919,0,40,3,0,2,1,3,40,3
2126641,0,919,0,40,2,0,2,1,3,31,3
2126643,0,919,0,40,3,0,2,1,3,42,3
2126645,0,919,0,40,2,0,2,1,3,106,3
2126647,0,919,0,40,2,0,2,1,3,24,3
2126649,0,919,0,40,2,0,2,1,3,35,3
2126651,0,919,0,40,3,0,2,1,3,39,3
2126655,0,919,0,40,2,0,2,1,3,46,3
2126657,0,919,0,40,2,0,2,1,3,14,3
2126659,0,919,0,40,2,0,2,1,3,19,3
2126661,0,919,0,40,3,0,2,1,3,65,3
2126663,0,919,0,40,2,0,2,1,3,52,3
2126665,0,919,0,40,2,0,2,1,3,65,3
2126667,0,919,0,40,3,0,2,1,3,44,3
2126669,0,919,0,40,3,0,2,1,3,32,3
2126671,0,919,0,40,3,0,2,1,3,75,3
2126673,0,919,0,40,3,0,2,1,3,24,3
2126677,0,919,0,40,3,0,2,1,3,47,3
2126679,0,919,0,40,3,0,2,1,3,37,3
2126681,0,919,0,40,3,0,2,1,3,36,3
2126683,0,919,0,40,3,0,2,1,3,23,3
2126687,0,919,0,40,3,0,2,1,3,39,3
2126689,0,919,0,40,3,0,2,1,3,69,3
2126691,0,919,0,40,3,0,2,1,3,68,3
2126693,0,919,0,40,2,0,2,1,3,32,3
2126697,0,919,0,40,3,0,2,1,3,23,3
2126699,0,919,0,40,2,0,2,1,3,27,3
2126701,0,919,0,40,3,0,2,1,3,18,3
2126705,0,919,0,40,2,0,2,1,3,32,3
2126707,0,919,0,40,2,0,2,1,3,106,3
2126711,0,919,0,40,3,0,2,1,3,61,3
2126715,0,919,0,40,3,0,2,1,3,59,3
2126717,0,919,0,40,2,0,2,1,3,58,3
2126721,0,919,0,40,3,0,2,1,3,85,3
2126723,0,919,0,40,2,0,2,1,3,33,3
2126727,0,919,0,40,2,0,2,1,3,43,3
2126729,0,919,0,40,2,0,2,1,3,43,3
2126731,0,919,0,40,2,0,2,1,3,71,3
2126733,0,919,0,40,3,0,2,1,3,56,3
2126735,0,919,0,40,3,0,2,1,3,74,3
2126737,0,919,0,40,3,0,2,1,3,56,3
2126739,0,919,0,40,2,0,2,1,3,75,3
2126743,0,919,0,40,2,0,2,1,3,48,3
2126747,0,919,0,40,2,0,2,1,3,36,3
2126749,0,919,0,40,2,0,2,1,3,28,3
2126751,0,919,0,40,2,0,2,1,3,58,3
2126753,0,919,0,40,2,0,2,1,3,40,3
2126755,0,919,0,40,3,0,2,1,3,47,3
2126757,0,919,0,40,2,0,2,1,3,10,3
2126759,0,919,0,40,3,0,2,1,3,31,3
2126761,0,919,0,40,3,0,2,1,3,21,3
2126765,0,919,0,40,2,0,2,1,3,35,3
2126767,0,919,0,40,2,0,2,1,3,44,3
2126771,0,919,0,40,2,0,2,1,3,64,3
2126773,0,919,0,40,3,0,2,1,3,46,3
2126775,0,919,0,40,3,0,2,1,3,40,3
2126779,0,919,0,40,3,0,2,1,3,87,3
2126781,0,919,0,40,2,0,2,1,3,33,3
2126785,0,919,0,40,3,0,2,1,3,52,3
2126787,0,919,0,40,3,0,2,1,3,60,3
2126789,0,919,0,40,3,0,2,1,3,49,3
2126793,0,919,0,40,3,0,2,1,3,68,3
2126795,0,919,0,40,3,0,2,1,3,26,3
2126797,0,919,0,40,2,0,2,1,3,50,3
2126801,0,919,0,40,2,0,2,1,3,51,3
2126803,0,919,0,40,3,0,2,1,3,48,3
2126805,0,919,0,40,2,0,2,1,3,81,3
2126807,0,919,0,40,2,0,2,1,3,42,3
2126809,0,919,0,40,3,0,2,1,3,68,3
2126811,0,919,0,40,3,0,2,1,3,27,3
2126813,0,919,0,40,2,0,2,1,3,22,3
2126815,0,919,0,40,2,0,2,1,3,45,3
2126817,0,919,0,40,2,0,2,1,3,28,3
2126819,0,919,0,40,3,0,2,1,3,31,3
2126821,0,919,0,40,3,0,2,1,3,60,3
2126823,0,919,0,40,2,0,2,1,3,25,3
2126827,0,919,0,40,3,0,2,1,3,19,3
2126831,0,919,0,40,2,0,2,1,3,39,3
2126833,0,919,0,40,3,0,2,1,3,41,3
2126835,0,919,0,40,3,0,2,1,3,39,3
2126837,0,919,0,40,2,0,2,1,3,13,3
2126839,0,919,0,40,2,0,2,1,3,46,3
2126841,0,919,0,40,3,0,2,1,3,16,3
2126843,0,919,0,40,2,0,2,1,3,30,3
2126849,0,919,0,40,3,0,2,1,3,26,3
2126851,0,919,0,40,2,0,2,1,3,37,3
2126853,0,919,0,40,3,0,2,1,3,25,3
2110667,0,919,0,40,2,2,2,1,7,28,3
2084686,0,919,0,40,2,5,2,1,45,35,3
2110065,0,919,0,40,2,3,2,1,9,40,3
2106025,0,919,0,40,3,2,2,1,10,40,3
2092453,0,919,0,40,2,6,2,1,33,55,3
2102381,0,919,0,40,3,4,2,1,23,44,3
2080268,0,919,0,40,2,8,2,1,64,21,3
2116494,0,919,0,40,2,1,2,1,8,63,3
2091035,0,919,0,40,2,5,2,1,45,56,3
2100137,0,919,0,40,2,4,2,1,28,52,3
2103224,0,919,0,40,3,5,2,1,21,35,3
2097965,0,919,0,40,3,4,2,1,34,35,3
2109049,0,919,0,40,3,2,2,1,16,54,3
2087086,0,919,0,40,3,3,2,1,56,29,3
2078583,0,919,0,40,2,9,2,1,41,40,3
2071400,0,919,0,40,2,14,2,1,62,68,3
2101023,0,919,0,40,3,6,2,1,19,13,3
2099333,0,919,0,40,3,5,2,1,24,62,3
2086795,0,919,0,40,2,9,2,1,27,15,3
2100713,0,919,0,40,3,4,2,1,24,20,3
2113707,0,919,0,40,2,2,2,1,5,39,3
2076831,0,919,0,40,2,10,2,1,59,28,3
2103883,0,919,0,40,3,1,2,1,27,9,3
2106098,0,919,0,40,3,3,2,1,16,42,3
2090856,0,919,0,40,2,7,2,1,31,54,3
2106756,0,919,0,40,3,3,2,1,20,39,3
2108766,0,919,0,40,2,2,2,1,13,89,3
2105136,0,919,0,40,2,3,2,1,17,22,3
2102823,0,919,0,40,3,4,2,1,22,46,3
2071340,0,919,0,40,2,7,2,1,40,75,3
2109698,0,919,0,40,2,2,2,1,18,29,3
2113045,0,919,0,40,3,2,2,1,7,61,3
2112643,0,919,0,40,2,3,2,1,10,61,3
2119053,0,919,0,40,3,1,2,1,5,45,3
2086405,0,919,0,40,2,8,2,1,27,59,3
2110533,0,919,0,40,2,2,2,1,14,41,3
2118716,0,919,0,40,3,1,2,1,4,17,3
2084878,1,919,900,21.4163,3,7,2,1,47,8,3
2116264,0,919,0,40,2,2,2,1,4,45,3
2094830,0,919,0,40,2,5,2,1,29,22,3
2070446,0,919,0,40,2,10,2,1,32,25,3
2119620,0,919,0,40,3,1,2,1,3,50,3
2076922,0,919,0,40,3,6,2,1,64,81,3
2108295,0,919,0,40,3,1,2,1,25,90,3
2108526,0,919,0,40,3,1,2,1,19,34,3
2104143,0,919,0,40,3,3,2,1,18,55,3
2092041,0,919,0,40,3,5,2,1,40,27,3
2083830,0,919,0,40,3,7,2,1,62,48,3
2087804,0,919,0,40,2,6,2,1,41,33,3
2106364,0,919,0,40,3,2,2,1,20,40,3
2087898,0,919,0,40,3,8,2,1,37,32,3
2100406,0,919,0,40,3,4,2,1,23,40,3
2103714,0,919,0,40,2,3,2,1,25,51,3
2103171,0,919,0,40,2,4,2,1,21,64,3
2106103,0,919,0,40,3,4,2,1,17,35,3
2117910,0,919,0,40,3,1,2,1,8,26,3
2069290,0,919,0,40,2,7,2,1,45,81,3
2109544,0,919,0,40,3,3,2,1,18,34,3
2117451,0,919,0,40,3,1,2,1,7,33,3
2026913,0,919,0,40,2,18,2,1,129,77,3
2101756,0,919,0,40,2,5,2,1,20,26,3
2109474,0,919,0,40,2,4,2,1,11,75,3
2119255,0,919,0,40,3,1,2,1,6,50,3
2113147,1,919,909,38.5755,2,2,2,1,9,42,3
2069098,0,919,0,40,3,4,2,1,45,13,3
2078754,1,919,909,20.4102,3,11,2,1,45,27,3
2119362,0,919,0,40,2,1,2,1,5,20,3
2073338,0,919,0,40,2,6,2,1,39,30,3
2070541,0,919,0,40,2,12,2,1,60,45,3
2104494,0,919,0,40,3,3,2,1,26,53,3
2072243,0,919,0,40,3,14,2,1,65,41,3
2115782,0,919,0,40,2,1,2,1,4,56,3
2120334,0,919,0,40,2,1,2,1,4,49,3
2069131,0,919,0,40,2,7,2,1,35,44,3
2084500,0,919,0,40,3,7,2,1,48,39,3
2066942,0,919,0,40,2,8,2,1,40,49,3
2115762,0,919,0,40,3,2,2,1,7,36,3
2106208,0,919,0,40,2,3,2,1,24,27,3
2120261,0,919,0,40,2,1,2,1,3,42,3
2097590,0,919,0,40,2,2,2,1,42,40,3
2084886,0,919,0,40,3,6,2,1,39,41,3
2071957,0,919,0,40,2,7,2,1,65,29,3
2071239,0,919,0,40,3,12,2,1,93,37,3
2106772,0,919,0,40,2,2,2,1,21,29,3
2100134,0,919,0,40,3,3,2,1,32,98,3
2100153,0,919,0,40,2,3,2,1,29,50,3
2094235,0,919,0,40,3,8,2,1,29,40,3
2101453,0,919,0,40,2,2,2,1,33,23,3
2105717,0,919,0,40,3,3,2,1,21,49,3
2073362,0,919,0,40,3,7,2,1,94,46,3
2087201,0,919,0,40,2,5,2,1,45,54,3
2077937,0,919,0,40,3,9,2,1,63,38,3
2101163,0,919,0,40,2,4,2,1,24,50,3
2116830,0,919,0,40,3,1,2,1,11,22,3
2069493,0,919,0,40,2,9,2,1,70,66,3
2114167,0,919,0,40,3,1,2,1,10,31,3
2099673,0,919,0,40,2,6,2,1,20,15,3
2109618,0,919,0,40,2,2,2,1,17,57,3
2093150,0,919,0,40,3,6,2,1,32,26,3
2102047,0,919,0,40,3,4,2,1,26,12,3
2109256,0,919,0,40,3,2,2,1,17,42,3
2074543,0,919,0,40,3,10,2,1,60,115,3
2047639,0,919,0,40,2,10,2,1,81,37,3
2101047,0,919,0,40,2,4,2,1,20,32,3
2080464,0,919,0,40,2,10,2,1,48,76,3
2108725,0,919,0,40,2,4,2,1,14,34,3
2117092,0,919,0,40,3,2,2,1,8,71,3
2110701,0,919,0,40,3,3,2,1,15,38,3
2119263,0,919,0,40,3,1,2,1,7,4,3
2096430,0,919,0,40,3,6,2,1,22,65,3
2094060,0,919,0,40,2,5,2,1,37,58,3
2097754,0,919,0,40,3,5,2,1,28,29,3
2105877,0,919,0,40,2,5,2,1,19,41,3
2112046,0,919,0,40,3,3,2,1,10,28,3
2118772,0,919,0,40,3,1,2,1,6,31,3
2119585,0,919,0,40,3,1,2,1,6,38,3
2084403,0,919,0,40,2,9,2,1,46,48,3
2114947,0,919,0,40,2,2,2,1,9,21,3
2104364,0,919,0,40,2,5,2,1,21,63,3
2074452,0,919,0,40,2,14,2,1,43,38,3
2120148,0,919,0,40,3,1,2,1,5,61,3
2086257,0,919,0,40,3,6,2,1,46,13,3
2093365,0,919,0,40,3,6,2,1,36,46,3
2111520,0,919,0,40,3,2,2,1,15,35,3
2085218,0,919,0,40,2,8,2,1,41,31,3
2070904,0,919,0,40,2,4,2,1,34,21,3
2078786,0,919,0,40,3,10,2,1,48,52,3
2084856,0,919,0,40,3,7,2,1,48,18,3
2098970,0,919,0,40,3,6,2,1,27,61,3
2119168,0,919,0,40,2,1,2,1,4,85,3
2120425,0,919,0,40,3,1,2,1,4,46,3
2120959,0,919,0,40,3,1,2,1,4,51,3
2088859,0,919,0,40,2,6,2,1,27,58,3
2087762,0,919,0,40,2,9,2,1,36,31,3
2074435,1,919,910,20.8786,3,10,2,1,62,51,3
2092434,0,919,0,40,2,4,2,1,37,13,3
2082522,0,919,0,40,3,6,2,1,60,28,3
2087284,0,919,0,40,3,4,2,1,60,19,3
2115577,0,919,0,40,3,3,2,1,9,65,3
2112132,0,919,0,40,2,4,2,1,11,52,3
2082225,0,919,0,40,2,10,2,1,49,41,3
2120810,0,919,0,40,3,1,2,1,3,43,3
2071241,0,919,0,40,2,5,2,1,58,56,3
2088832,0,919,0,40,3,4,2,1,54,27,3
2070865,0,919,0,40,2,7,2,1,67,24,3
2106271,0,919,0,40,3,2,2,1,25,33,3
2105112,0,919,0,40,3,2,2,1,29,20,3
2095875,0,919,0,40,3,3,2,1,39,27,3
2078841,0,919,0,40,2,8,2,1,63,36,3
2079269,0,919,0,40,2,6,2,1,66,51,3
2113936,0,919,0,40,3,1,2,1,17,19,3
2114695,0,919,0,40,3,1,2,1,16,46,3
2101436,0,919,0,40,2,4,2,1,31,23,3
2085424,0,919,0,40,2,8,2,1,50,32,3
2100018,0,919,0,40,2,5,2,1,26,45,3
2092019,0,919,0,40,2,5,2,1,33,40,3
2110492,0,919,0,40,3,3,2,1,18,40,3
2095949,0,919,0,40,2,4,2,1,34,22,3
2078661,0,919,0,40,3,7,2,1,71,58,3
2086481,0,919,0,40,3,5,2,1,58,46,3
2070542,0,919,0,40,3,7,2,1,42,59,3
2103819,0,919,0,40,2,3,2,1,16,38,3
2094360,0,919,0,40,2,5,2,1,34,33,3
2085567,0,919,0,40,2,7,2,1,49,44,3
2088395,0,919,0,40,2,9,2,1,34,33,3
2117348,0,919,0,40,3,1,2,1,11,42,3
2075971,0,919,0,40,2,6,2,1,81,28,3
2101077,0,919,0,40,3,4,2,1,28,32,3
2095383,0,919,0,40,2,5,2,1,31,64,3
2117525,0,919,0,40,2,1,2,1,10,63,3
2111968,2,919,0,40,3,2,2,1,15,48,3
2106755,0,919,0,40,3,3,2,1,17,31,3
2087531,0,919,0,40,3,5,2,1,60,47,3
2112017,0,919,0,40,2,2,2,1,17,69,3
2117977,0,919,0,40,2,1,2,1,9,24,3
2110254,0,919,0,40,2,2,2,1,14,87,3
2094825,0,919,0,40,3,5,2,1,27,36,3
2112320,0,919,0,40,2,2,2,1,14,43,3
2110862,0,919,0,40,2,3,2,1,12,28,3
2115291,0,919,0,40,3,2,2,1,9,30,3
2115447,0,919,0,40,2,2,2,1,10,19,3
2105399,0,919,0,40,2,4,2,1,23,24,3
2106895,0,919,0,40,3,3,2,1,27,95,3
2118502,0,919,0,40,2,1,2,1,8,30,3
2119125,0,919,0,40,3,1,2,1,8,42,3
2113718,1,919,911,23.4646,3,2,2,1,10,49,3
2114037,0,919,0,40,2,2,2,1,10,46,3
2107451,0,919,0,40,3,4,2,1,14,30,3
2099853,0,919,0,40,2,6,2,1,26,21,3
2085713,0,919,0,40,2,7,2,1,45,23,3
2074283,0,919,0,40,3,12,2,1,63,43,3
2114743,0,919,0,40,2,2,2,1,14,62,3
2118938,0,919,0,40,3,1,2,1,7,27,3
2119613,0,919,0,40,3,1,2,1,7,28,3
2101440,0,919,0,40,3,4,2,1,20,22,3
2084143,0,919,0,40,3,10,2,1,47,53,3
2069177,0,919,0,40,2,6,2,1,35,46,3
2114352,1,919,911,40,2,2,2,1,10,66,3
2103132,0,919,0,40,2,5,2,1,25,42,3
2111373,0,919,0,40,3,3,2,1,13,39,3
2106428,0,919,0,40,3,3,2,1,22,20,3
2096561,0,919,0,40,2,6,2,1,26,76,3
2117457,0,919,0,40,2,2,2,1,7,38,3
2097815,0,919,0,40,2,7,2,1,25,27,3
2119544,0,919,0,40,2,1,2,1,6,33,3
2120016,0,919,0,40,2,1,2,1,6,51,3
2120464,0,919,0,40,3,1,2,1,6,28,3
2091340,0,919,0,40,2,5,2,1,34,24,3
2100583,0,919,0,40,2,4,2,1,24,82,3
2097068,1,919,903,30.8658,2,5,2,1,29,87,3
2079262,0,919,0,40,3,7,2,1,63,62,3
2074754,0,919,0,40,3,12,2,1,66,61,3
2069699,0,919,0,40,2,3,2,1,18,24,3
2075510,0,919,0,40,2,9,2,1,72,18,3
2113152,0,919,0,40,2,2,2,1,17,36,3
2113674,1,919,902,28.8825,2,3,2,1,12,27,3
2119594,0,919,0,40,2,1,2,1,5,51,3
2120117,0,919,0,40,2,1,2,1,5,55,3
2120619,0,919,0,40,2,1,2,1,5,97,3
2121013,0,919,0,40,2,1,2,1,5,44,3
2091475,0,919,0,40,2,6,2,1,37,56,3
2094538,0,919,0,40,2,7,2,1,32,18,3
2108886,0,919,0,40,2,3,2,1,13,21,3
2111915,0,919,0,40,3,2,2,1,12,86,3
2115431,0,919,0,40,3,2,2,1,9,40,3
2079906,0,919,0,40,3,10,2,1,54,44,3
2099068,0,919,0,40,3,4,2,1,28,54,3
2100490,0,919,0,40,2,4,2,1,21,31,3
2117372,0,919,0,40,3,2,2,1,8,50,3
2111702,0,919,0,40,3,3,2,1,9,29,3
2097507,0,919,0,40,3,5,2,1,32,31,3
2070963,0,919,0,40,2,7,2,1,42,23,3
2100748,0,919,0,40,2,5,2,1,22,79,3
2119422,0,919,0,40,3,1,2,1,4,41,3
2120075,0,919,0,40,3,1,2,1,4,51,3
2120730,0,919,0,40,3,1,2,1,4,35,3
2121006,0,919,0,40,2,1,2,1,4,19,3
2121393,0,919,0,40,2,1,2,1,4,27,3
2110109,0,919,0,40,2,3,2,1,11,37,3
2103968,0,919,0,40,2,4,2,1,22,36,3
2113698,0,919,0,40,3,3,2,1,8,31,3
2108722,0,919,0,40,3,3,2,1,15,58,3
2108406,0,919,0,40,2,3,2,1,7,65,3
2110089,0,919,0,40,2,3,2,1,15,95,3
2104105,0,919,0,40,3,4,2,1,19,61,3
2088156,0,919,0,40,2,6,2,1,44,38,3
2102923,0,919,0,40,2,3,2,1,27,74,3
2103835,0,919,0,40,2,4,2,1,16,35,3
2100432,0,919,0,40,2,4,2,1,28,47,3
2118023,0,919,0,40,2,2,2,1,4,43,3
2111966,0,919,0,40,2,3,2,1,9,34,3
2079353,0,919,0,40,3,12,2,1,48,24,3
2099457,0,919,0,40,2,5,2,1,30,68,3
2118631,0,919,0,40,3,2,2,1,7,96,3
2091889,1,919,892,35.6347,2,8,2,1,29,72,3
2114146,0,919,0,40,3,4,2,1,9,19,3
2094816,0,919,0,40,2,7,2,1,30,65,3
2121304,0,919,0,40,2,1,2,1,3,24,3
2121656,0,919,0,40,3,1,2,1,3,24,3
2121819,0,919,0,40,2,1,2,1,3,64,3
2121957,0,919,0,40,2,1,2,1,3,47,3
2091391,0,919,0,40,2,4,2,1,51,45,3
2102278,0,919,0,40,2,2,2,1,30,27,3
2110125,0,919,0,40,2,1,2,1,25,48,3
2068702,0,919,0,40,2,10,2,1,64,36,3
2102409,0,919,0,40,3,3,2,1,28,35,3
2098702,0,919,0,40,2,4,2,1,37,47,3
2098059,0,919,0,40,3,4,2,1,35,53,3
2110931,0,919,0,40,3,1,2,1,19,23,3
2085635,0,919,0,40,3,6,2,1,49,54,3
2079213,0,919,0,40,2,10,2,1,60,41,3
2101608,0,919,0,40,2,3,2,1,25,55,3
2079081,0,919,0,40,3,8,2,1,58,30,3
2071385,0,919,0,40,2,8,2,1,50,47,3
2103397,0,919,0,40,3,3,2,1,24,22,3
2089159,0,919,0,40,3,7,2,1,37,26,3
2086280,0,919,0,40,2,7,2,1,42,69,3
2115086,0,919,0,40,3,1,2,1,16,46,3
2081515,0,919,0,40,3,9,2,1,55,22,3
2082483,0,919,0,40,2,7,2,1,60,26,3
2098179,0,919,0,40,2,6,2,1,31,25,3
2115517,0,919,0,40,2,1,2,1,15,24,3
2095249,0,919,0,40,2,4,2,1,32,20,3
2086057,0,919,0,40,3,7,2,1,34,27,3
2115066,0,919,0,40,2,2,2,1,15,54,3
2104485,0,919,0,40,3,3,2,1,21,67,3
2100607,0,919,0,40,2,4,2,1,25,29,3
2090643,0,919,0,40,2,5,2,1,43,44,3
2115289,0,919,0,40,2,1,2,1,13,93,3
2100893,0,919,0,40,3,4,2,1,24,50,3
2089918,0,919,0,40,3,7,2,1,32,26,3
2104739,0,919,0,40,3,3,2,1,25,51,3
2104780,1,919,912,18.8116,3,4,2,1,21,58,3
2114506,0,919,0,40,2,1,2,1,12,38,3
2116899,0,919,0,40,2,1,2,1,12,41,3
2117484,0,919,0,40,2,1,2,1,12,33,3
2081463,0,919,0,40,2,7,2,1,55,38,3
2106574,0,919,0,40,3,3,2,1,22,16,3
2112938,0,919,0,40,2,2,2,1,13,54,3
2096202,0,919,0,40,2,3,2,1,36,54,3
1990730,0,919,0,40,2,25,2,1,181,55,3
2102177,0,919,0,40,2,3,2,1,32,93,3
2092542,0,919,0,40,3,5,2,1,24,51,3
2115415,0,919,0,40,3,2,2,1,15,80,3
2116225,0,919,0,40,3,1,2,1,11,29,3
2117882,0,919,0,40,2,1,2,1,11,61,3
2112382,0,919,0,40,3,2,2,1,12,102,3
2108756,0,919,0,40,3,2,2,1,20,34,3
2113854,0,919,0,40,2,2,2,1,12,30,3
2101112,1,919,899,25.6604,3,4,2,1,20,43,3
2087185,0,919,0,40,2,9,2,1,36,42,3
2112724,0,919,0,40,3,2,2,1,13,41,3
2115250,0,919,0,40,3,2,2,1,14,75,3
2107045,0,919,0,40,2,3,2,1,25,52,3
2115622,0,919,0,40,2,1,2,1,10,38,3
2117889,0,919,0,40,3,1,2,1,10,54,3
2118371,0,919,0,40,3,1,2,1,10,32,3
2108546,0,919,0,40,2,2,2,1,14,56,3
2101178,0,919,0,40,3,4,2,1,26,33,3
2114477,0,919,0,40,3,2,2,1,12,24,3
2088768,0,919,0,40,3,8,2,1,47,22,3
2080003,0,919,0,40,2,11,2,1,60,48,3
2081654,0,919,0,40,3,10,2,1,43,44,3
2068348,0,919,0,40,2,11,2,1,54,21,3
2089885,0,919,0,40,2,9,2,1,49,22,3
2084389,0,919,0,40,2,9,2,1,42,23,3
2071599,0,919,0,40,3,12,2,1,85,24,3
2117943,0,919,0,40,3,1,2,1,9,29,3
2119279,0,919,0,40,3,1,2,1,9,30,3
2114016,0,919,0,40,2,2,2,1,10,29,3
2098366,0,919,0,40,2,5,2,1,22,29,3
2071499,0,919,0,40,3,6,2,1,64,77,3
2101529,0,919,0,40,3,3,2,1,29,27,3
2086386,0,919,0,40,3,3,2,1,60,25,3
2019147,0,919,0,40,2,22,2,1,136,79,3
2111104,0,919,0,40,3,4,2,1,14,43,3
2072703,0,919,0,40,2,11,2,1,88,78,3
2065291,0,919,0,40,3,10,2,1,65,50,3
2072315,0,919,0,40,3,9,2,1,66,38,3
2119046,0,919,0,40,2,1,2,1,8,17,3
2119745,0,919,0,40,2,1,2,1,8,87,3
2112637,0,919,0,40,2,2,2,1,12,69,3
2084310,0,919,0,40,3,8,2,1,51,21,3
2097260,0,919,0,40,3,3,2,1,38,27,3
2075329,0,919,0,40,2,12,2,1,60,17,3
2074487,0,919,0,40,3,10,2,1,62,46,3
2072957,0,919,0,40,2,11,2,1,77,62,3
2082729,0,919,0,40,3,8,2,1,50,50,3
2098129,0,919,0,40,2,4,2,1,37,34,3
2092575,0,919,0,40,3,5,2,1,47,29,3
2077631,0,919,0,40,3,11,2,1,53,58,3
2076881,0,919,0,40,2,9,2,1,78,15,3
2109558,0,919,0,40,3,3,2,1,18,43,3
2116349,0,919,0,40,2,2,2,1,10,78,3
2081017,0,919,0,40,2,9,2,1,50,28,3
2118500,0,919,0,40,2,1,2,1,7,48,3
2119612,0,919,0,40,3,1,2,1,7,16,3
2119916,0,919,0,40,3,1,2,1,7,40,3
2120286,0,919,0,40,2,1,2,1,7,43,3
2073227,0,919,0,40,2,8,2,1,45,39,3
2109760,0,919,0,40,2,2,2,1,19,20,3
2101988,0,919,0,40,3,4,2,1,25,27,3
2101419,0,919,0,40,3,5,2,1,26,20,3
2071993,0,919,0,40,2,8,2,1,52,18,3
2104404,0,919,0,40,2,5,2,1,20,76,3
2116876,0,919,0,40,3,2,2,1,9,55,3
2078561,0,919,0,40,2,10,2,1,55,65,3
2092768,0,919,0,40,2,4,2,1,41,24,3
2110687,0,919,0,40,3,3,2,1,16,31,3
2098394,0,919,0,40,2,6,2,1,22,29,3
2083378,0,919,0,40,3,8,2,1,54,43,3
2118959,0,919,0,40,2,2,2,1,7,65,3
2119922,0,919,0,40,3,1,2,1,6,36,3
2120513,0,919,0,40,2,1,2,1,6,106,3
2120669,0,919,0,40,2,1,2,1,6,42,3
2120895,0,919,0,40,2,1,2,1,6,56,3
2104023,0,919,0,40,3,3,2,1,23,28,3
2085658,0,919,0,40,2,9,2,1,33,53,3
2104858,0,919,0,40,3,4,2,1,18,41,3
2088367,0,919,0,40,2,3,2,1,55,60,3
2093234,0,919,0,40,3,5,2,1,34,56,3
2105622,0,919,0,40,3,4,2,1,19,95,3
2104045,0,919,0,40,3,4,2,1,20,40,3
2110581,0,919,0,40,3,3,2,1,12,52,3
2069114,0,919,0,40,3,10,2,1,43,53,3
2074751,0,919,0,40,3,11,2,1,78,26,3
2115871,0,919,0,40,2,2,2,1,11,29,3
2112632,0,919,0,40,3,3,2,1,13,71,3
2113430,1,919,900,14.6049,3,4,2,1,9,69,3
2092700,0,919,0,40,3,6,2,1,32,30,3
2108203,0,919,0,40,2,4,2,1,16,38,3
2110735,0,919,0,40,2,2,2,1,19,29,3
2096423,0,919,0,40,3,7,2,1,26,90,3
2115088,0,919,0,40,2,3,2,1,11,21,3
2074098,0,919,0,40,3,12,2,1,74,81,3
2120091,0,919,0,40,2,1,2,1,5,54,3
2120966,0,919,0,40,2,1,2,1,5,36,3
2121259,0,919,0,40,2,1,2,1,5,53,3
2121531,0,919,0,40,3,1,2,1,5,52,3
2071923,0,919,0,40,3,5,2,1,64,36,3
2112590,0,919,0,40,2,2,2,1,10,55,3
2110981,0,919,0,40,3,2,2,1,14,54,3
2117064,0,919,0,40,3,2,2,1,5,28,3
2066360,1,919,903,36.5666,2,12,2,1,32,40,3
2117412,0,919,0,40,2,2,2,1,5,25,3
2110912,0,919,0,40,2,3,2,1,12,82,3
2081988,0,919,0,40,3,8,2,1,48,77,3
2096413,0,919,0,40,2,4,2,1,42,49,3
2115006,0,919,0,40,3,2,2,1,12,34,3
2100734,0,919,0,40,3,5,2,1,25,58,3
2076608,0,919,0,40,2,10,2,1,66,33,3
2084841,0,919,0,40,2,10,2,1,41,74,3
2093287,0,919,0,40,3,5,2,1,31,48,3
2115387,0,919,0,40,2,3,2,1,10,23,3
2081071,0,919,0,40,2,8,2,1,46,32,3
2068845,0,919,0,40,2,7,2,1,51,53,3
2116481,0,919,0,40,2,2,2,1,9,46,3
2073335,0,919,0,40,3,12,2,1,77,54,3
2120182,0,919,0,40,3,2,2,1,5,28,3
2093695,0,919,0,40,2,7,2,1,24,42,3
2119558,0,919,0,40,2,1,2,1,4,15,3
2121160,0,919,0,40,3,1,2,1,4,15,3
2121520,0,919,0,40,3,1,2,1,4,33,3
2121825,0,919,0,40,3,1,2,1,4,43,3
2121981,0,919,0,40,2,1,2,1,4,20,3
2122103,0,919,0,40,3,1,2,1,4,51,3
2122195,0,919,0,40,2,1,2,1,4,41,3
2113751,0,919,0,40,3,2,2,1,5,65,3
2105770,0,919,0,40,2,3,2,1,18,77,3
2114970,0,919,0,40,3,3,2,1,8,29,3
2073504,1,919,864,40,2,10,2,1,71,35,3
2071684,0,919,0,40,2,7,2,1,41,33,3
2107723,0,919,0,40,2,2,2,1,23,22,3
2102858,0,919,0,40,3,4,2,1,18,33,3
2117765,0,919,0,40,3,2,2,1,4,63,3
2098762,0,919,0,40,3,7,2,1,20,45,3
2110869,0,919,0,40,2,3,2,1,13,25,3
2069271,0,919,0,40,2,6,2,1,35,36,3
2112031,0,919,0,40,3,4,2,1,7,47,3
2116044,0,919,0,40,2,2,2,1,10,33,3
2117786,0,919,0,40,3,2,2,1,7,54,3
2118123,0,919,0,40,3,2,2,1,6,26,3
2095667,0,919,0,40,3,6,2,1,37,63,3
2105676,0,919,0,40,3,3,2,1,21,47,3
2089394,0,919,0,40,2,8,2,1,42,26,3
2117319,0,919,0,40,2,2,2,1,6,47,3
2080756,0,919,0,40,2,9,2,1,50,46,3
2112866,0,919,0,40,2,3,2,1,14,27,3
2114754,0,919,0,40,3,2,2,1,12,109,3
2084971,0,919,0,40,2,6,2,1,56,34,3
2109350,0,919,0,40,2,4,2,1,17,31,3
2092816,0,919,0,40,3,7,2,1,32,69,3
2116779,0,919,0,40,2,3,2,1,6,67,3
2099999,0,919,0,40,2,7,2,1,23,94,3
2119215,0,919,0,40,2,3,2,1,7,49,3
2099622,0,919,0,40,2,5,2,1,28,55,3
2121078,0,919,0,40,2,1,2,1,3,27,3
2122118,0,919,0,40,3,1,2,1,3,61,3
2122265,0,919,0,40,2,1,2,1,3,60,3
2122537,0,919,0,40,2,1,2,1,3,50,3
2122805,0,919,0,40,2,1,2,1,3,75,3
2004929,0,919,0,40,2,15,2,1,178,18,3
2096760,0,919,0,40,2,3,2,1,45,143,3
2095396,0,919,0,40,2,3,2,1,45,38,3
2111640,0,919,0,40,2,1,2,1,23,49,3
2075307,0,919,0,40,3,12,2,1,74,33,3
2100975,0,919,0,40,2,3,2,1,30,33,3
2098172,0,919,0,40,2,4,2,1,32,85,3
2080000,0,919,0,40,3,8,2,1,60,33,3
2098215,0,919,0,40,3,4,2,1,36,44,3
2065744,0,919,0,40,3,6,2,1,36,40,3
2108410,0,919,0,40,2,3,2,1,21,18,3
2111421,0,919,0,40,3,2,2,1,22,44,3
2106274,0,919,0,40,2,3,2,1,23,56,3
2108018,0,919,0,40,3,2,2,1,25,27,3
2082986,0,919,0,40,3,7,2,1,58,50,3
2105318,0,919,0,40,2,2,2,1,25,22,3
2108674,0,919,0,40,2,2,2,1,20,31,3
2075403,0,919,0,40,3,10,2,1,69,63,3
2115587,0,919,0,40,3,1,2,1,16,33,3
2078846,0,919,0,40,3,7,2,1,70,33,3
2084197,0,919,0,40,2,8,2,1,53,38,3
2069743,0,919,0,40,3,7,2,1,58,22,3
2094498,0,919,0,40,3,4,2,1,47,34,3
2115416,0,919,0,40,3,1,2,1,15,53,3
2096912,0,919,0,40,2,4,2,1,37,37,3
2111211,1,919,913,26.2242,3,2,2,1,16,85,3
2107497,0,919,0,40,2,4,2,1,21,83,3
2090394,0,919,0,40,3,5,2,1,52,36,3
2115890,0,919,0,40,2,1,2,1,14,41,3
2116982,0,919,0,40,2,1,2,1,14,10,3
2090615,0,919,0,40,2,6,2,1,37,62,3
2071871,0,919,0,40,3,7,2,1,49,56,3
2100069,0,919,0,40,3,3,2,1,39,35,3
2080899,0,919,0,40,3,7,2,1,53,76,3
2069710,0,919,0,40,2,8,2,1,34,20,3
2087300,0,919,0,40,2,8,2,1,45,47,3
2117480,0,919,0,40,3,1,2,1,13,62,3
2069301,1,919,913,26.0547,3,6,2,1,58,32,3
2106372,0,919,0,40,3,3,2,1,25,48,3
2091204,0,919,0,40,2,7,2,1,33,61,3
2088892,0,919,0,40,2,7,2,1,40,44,3
2116513,0,919,0,40,3,1,2,1,12,45,3
2116689,0,919,0,40,2,1,2,1,12,45,3
2117744,0,919,0,40,2,1,2,1,12,46,3
2073808,0,919,0,40,2,8,2,1,85,21,3
2095489,0,919,0,40,3,3,2,1,39,35,3
2112537,0,919,0,40,3,2,2,1,15,49,3
2087304,0,919,0,40,3,7,2,1,47,27,3
2095401,0,919,0,40,2,4,2,1,34,43,3
2102652,0,919,0,40,3,4,2,1,21,54,3
2106902,0,919,0,40,3,3,2,1,25,31,3
2107436,0,919,0,40,2,3,2,1,21,24,3
2118617,0,919,0,40,2,1,2,1,11,54,3
2092178,0,919,0,40,2,5,2,1,42,28,3
2105635,0,919,0,40,2,5,2,1,17,87,3
2110582,0,919,0,40,3,2,2,1,20,14,3
2096341,0,919,0,40,2,6,2,1,29,46,3
2107405,0,919,0,40,2,3,2,1,19,39,3
2102574,0,919,0,40,3,3,2,1,27,39,3
2092355,0,919,0,40,2,6,2,1,45,62,3
2107940,0,919,0,40,3,3,2,1,22,40,3
2083052,0,919,0,40,3,8,2,1,49,37,3
2106234,0,919,0,40,3,3,2,1,25,30,3
2080515,0,919,0,40,3,7,2,1,66,44,3
2068687,0,919,0,40,2,10,2,1,74,23,3
2118849,0,919,0,40,2,1,2,1,10,33,3
2086600,0,919,0,40,3,5,2,1,39,33,3
2103341,0,919,0,40,2,3,2,1,25,43,3
2099504,0,919,0,40,3,5,2,1,25,58,3
2103932,0,919,0,40,3,5,2,1,22,85,3
2097075,0,919,0,40,3,7,2,1,33,28,3
2111376,0,919,0,40,2,4,2,1,13,28,3
2077005,0,919,0,40,3,11,2,1,60,29,3
2114775,0,919,0,40,2,2,2,1,12,33,3
2106651,0,919,0,40,3,3,2,1,26,47,3
2072979,0,919,0,40,2,13,2,1,73,56,3
2099230,0,919,0,40,3,6,2,1,25,73,3
2100534,0,919,0,40,2,4,2,1,30,41,3
2107827,0,919,0,40,2,3,2,1,22,84,3
2116345,1,919,913,40,2,1,2,1,9,46,3
2118834,0,919,0,40,3,1,2,1,9,16,3
2119338,0,919,0,40,2,1,2,1,9,36,3
2082873,0,919,0,40,2,9,2,1,48,44,3
2101500,0,919,0,40,3,4,2,1,23,38,3
2090000,0,919,0,40,3,6,2,1,33,66,3
2108147,0,919,0,40,3,2,2,1,23,19,3
2088202,0,919,0,40,2,9,2,1,32,28,3
2081896,0,919,0,40,2,8,2,1,44,51,3
2104097,1,919,889,28.0403,3,4,2,1,22,69,3
2099471,1,919,913,24.346,3,6,2,1,31,31,3
2095618,0,919,0,40,2,4,2,1,38,41,3
2104338,0,919,0,40,3,4,2,1,27,31,3
2117966,0,919,0,40,3,2,2,1,9,50,3
2107580,0,919,0,40,3,3,2,1,23,62,3
2082933,0,919,0,40,3,9,2,1,51,35,3
2107756,0,919,0,40,2,5,2,1,19,57,3
2119252,0,919,0,40,2,1,2,1,8,46,3
2119332,0,919,0,40,2,1,2,1,8,36,3
2119804,0,919,0,40,2,1,2,1,8,75,3
2120272,0,919,0,40,2,1,2,1,8,39,3
2093109,0,919,0,40,2,4,2,1,38,18,3
2115765,0,919,0,40,2,2,2,1,9,18,3
2100250,0,919,0,40,3,4,2,1,34,93,3
2067926,0,919,0,40,2,11,2,1,55,45,3
2095632,0,919,0,40,2,6,2,1,29,58,3
2091531,0,919,0,40,3,7,2,1,36,59,3
2067505,0,919,0,40,3,7,2,1,37,59,3
2101538,0,919,0,40,2,5,2,1,24,29,3
2097951,0,919,0,40,2,4,2,1,39,30,3
2088830,0,919,0,40,2,8,2,1,37,62,3
2113168,0,919,0,40,3,3,2,1,14,84,3
2117773,0,919,0,40,3,2,2,1,8,31,3
2115639,0,919,0,40,2,2,2,1,14,27,3
2072453,0,919,0,40,2,15,2,1,70,26,3
2116093,0,919,0,40,2,3,2,1,9,28,3
2117098,0,919,0,40,2,2,2,1,12,33,3
2109869,0,919,0,40,3,4,2,1,13,46,3
2119914,0,919,0,40,2,1,2,1,7,19,3
2120145,0,919,0,40,3,1,2,1,7,21,3
2120325,0,919,0,40,2,1,2,1,7,62,3
2120701,0,919,0,40,3,1,2,1,7,36,3
2120875,0,919,0,40,3,1,2,1,7,60,3
2112789,0,919,0,40,2,2,2,1,11,49,3
2057103,1,919,886,26.3572,2,11,2,1,59,38,3
2099041,0,919,0,40,2,5,2,1,25,44,3
2104582,0,919,0,40,3,3,2,1,22,44,3
2083017,0,919,0,40,2,12,2,1,44,55,3
2089198,0,919,0,40,3,6,2,1,38,29,3
2082777,0,919,0,40,2,8,2,1,57,85,3
2101129,0,919,0,40,2,3,2,1,31,26,3
2071452,0,919,0,40,3,7,2,1,44,46,3
2069043,0,919,0,40,2,7,2,1,39,65,3
2079490,0,919,0,40,3,10,2,1,66,43,3
2100788,0,919,0,40,3,5,2,1,20,43,3
2103927,0,919,0,40,3,5,2,1,20,60,3
2075702,0,919,0,40,3,11,2,1,63,20,3
2006738,0,919,0,40,2,21,2,1,124,57,3
2113126,0,919,0,40,3,3,2,1,15,72,3
2110244,0,919,0,40,3,3,2,1,14,41,3
2090791,0,919,0,40,2,11,2,1,22,10,3
2080001,0,919,0,40,2,10,2,1,62,30,3
2111751,0,919,0,40,2,3,2,1,12,34,3
2092189,0,919,0,40,2,8,2,1,33,78,3
2092479,0,919,0,40,2,7,2,1,44,37,3
2119064,0,919,0,40,2,1,2,1,6,47,3
2120187,0,919,0,40,3,1,2,1,6,46,3
2121125,0,919,0,40,2,1,2,1,6,36,3
2121245,0,919,0,40,3,1,2,1,6,13,3
2069597,0,919,0,40,2,8,2,1,42,89,3
2110906,0,919,0,40,2,3,2,1,12,13,3
2110363,0,919,0,40,2,3,2,1,16,33,3
2100401,0,919,0,40,3,4,2,1,29,8,3
2111256,0,919,0,40,3,3,2,1,13,32,3
2105330,0,919,0,40,3,2,2,1,27,40,3
2100047,0,919,0,40,3,4,2,1,31,51,3
2083984,0,919,0,40,3,9,2,1,42,56,3
2106143,0,919,0,40,3,4,2,1,17,33,3
2081015,0,919,0,40,3,8,2,1,57,43,3
2074583,0,919,0,40,2,9,2,1,78,40,3
2076570,0,919,0,40,3,10,2,1,69,26,3
2109715,0,919,0,40,2,5,2,1,15,29,3
2108573,0,919,0,40,2,5,2,1,14,45,3
2080518,0,919,0,40,2,9,2,1,51,70,3
2087867,0,919,0,40,3,9,2,1,45,26,3
2087288,0,919,0,40,3,6,2,1,43,40,3
2095386,0,919,0,40,3,6,2,1,31,43,3
2061656,0,919,0,40,3,12,2,1,42,76,3
2107988,0,919,0,40,3,3,2,1,24,15,3
2112562,0,919,0,40,3,3,2,1,15,40,3
2094016,0,919,0,40,2,6,2,1,41,37,3
2107244,0,919,0,40,2,3,2,1,25,41,3
2111622,1,919,897,28.6787,2,3,2,1,13,14,3
2049275,0,919,0,40,2,16,2,1,76,35,3
2099905,0,919,0,40,3,6,2,1,28,43,3
2118167,0,919,0,40,2,2,2,1,11,64,3
2120548,0,919,0,40,3,1,2,1,5,53,3
2121132,0,919,0,40,3,1,2,1,5,30,3
2121420,0,919,0,40,2,1,2,1,5,40,3
2121548,0,919,0,40,3,1,2,1,5,58,3
2121965,0,919,0,40,2,1,2,1,5,70,3
2122187,0,919,0,40,2,1,2,1,5,70,3
2122227,0,919,0,40,2,1,2,1,5,19,3
2073137,0,919,0,40,2,10,2,1,87,67,3
1983278,0,919,0,40,2,25,2,1,154,60,3
2100287,0,919,0,40,3,6,2,1,14,42,3
2077501,0,919,0,40,2,9,2,1,64,37,3
2090721,0,919,0,40,3,8,2,1,37,18,3
2104631,0,919,0,40,3,3,2,1,25,54,3
2102958,0,919,0,40,3,4,2,1,29,32,3
2086653,0,919,0,40,2,9,2,1,40,46,3
2073025,0,919,0,40,3,14,2,1,58,43,3
2084763,0,919,0,40,3,6,2,1,56,12,3
2058120,0,919,0,40,2,13,2,1,70,51,3
2110952,0,919,0,40,2,3,2,1,13,26,3
2107676,0,919,0,40,3,3,2,1,18,44,3
2110301,0,919,0,40,2,3,2,1,9,37,3
2066392,0,919,0,40,2,9,2,1,61,69,3
2118558,0,919,0,40,3,2,2,1,5,26,3
2102398,0,919,0,40,3,5,2,1,23,62,3
2108226,0,919,0,40,3,3,2,1,18,52,3
2098512,0,919,0,40,3,6,2,1,32,33,3
2115691,0,919,0,40,3,3,2,1,8,37,3
2090470,0,919,0,40,3,4,2,1,52,60,3
2087336,0,919,0,40,2,10,2,1,43,16,3
2086845,0,919,0,40,3,8,2,1,46,35,3
2097446,0,919,0,40,3,6,2,1,22,51,3
2114740,0,919,0,40,2,3,2,1,11,62,3
2104723,0,919,0,40,2,6,2,1,22,5,3
2054035,0,919,0,40,2,15,2,1,99,59,3
2083880,0,919,0,40,2,8,2,1,43,78,3
2118305,0,919,0,40,2,2,2,1,9,80,3
2097578,0,919,0,40,2,6,2,1,25,28,3
2112401,0,919,0,40,2,4,2,1,14,45,3
2111658,0,919,0,40,3,3,2,1,17,22,3
2112232,0,919,0,40,3,4,2,1,13,90,3
2121378,0,919,0,40,2,1,2,1,4,69,3
2121902,0,919,0,40,3,1,2,1,4,58,3
2122082,0,919,0,40,2,1,2,1,4,40,3
2122202,0,919,0,40,3,1,2,1,4,55,3
2122301,0,919,0,40,2,1,2,1,4,76,3
2122617,0,919,0,40,2,1,2,1,4,69,3
2086676,0,919,0,40,2,8,2,1,34,52,3
2106774,0,919,0,40,2,3,2,1,16,18,3
2108565,0,919,0,40,3,3,2,1,14,32,3
2082935,0,919,0,40,2,7,2,1,55,29,3
2109915,1,919,913,23.2515,3,4,2,1,11,53,3
2092250,0,919,0,40,2,7,2,1,36,26,3
2105645,0,919,0,40,3,3,2,1,16,58,3
2086968,0,919,0,40,3,6,2,1,53,39,3
2109791,0,919,0,40,2,3,2,1,11,41,3
2112003,0,919,0,40,2,3,2,1,11,36,3
2101482,0,919,0,40,2,4,2,1,23,27,3
2091744,0,919,0,40,3,8,2,1,29,41,3
2119031,0,919,0,40,2,2,2,1,4,58,3
2070275,0,919,0,40,3,7,2,1,60,28,3
2088024,0,919,0,40,3,7,2,1,38,22,3
2101964,0,919,0,40,3,5,2,1,29,57,3
2117561,0,919,0,40,3,2,2,1,7,30,3
2084454,0,919,0,40,3,8,2,1,43,37,3
2096496,0,919,0,40,3,6,2,1,25,23,3
2105887,0,919,0,40,2,3,2,1,26,22,3
2112399,0,919,0,40,3,2,2,1,16,40,3
2092497,1,919,908,11.9,3,6,2,1,32,27,3
2099576,0,919,0,40,2,6,2,1,21,55,3
2088583,1,919,897,12.8481,3,10,2,1,35,24,3
2117607,0,919,0,40,2,2,2,1,6,10,3
2084153,0,919,0,40,2,9,2,1,37,27,3
2119784,0,919,0,40,3,2,2,1,4,88,3
2097416,0,919,0,40,2,5,2,1,26,64,3
2104275,0,919,0,40,2,5,2,1,17,41,3
2099848,0,919,0,40,2,5,2,1,26,28,3
2119297,0,919,0,40,3,2,2,1,7,58,3
2114964,0,919,0,40,2,3,2,1,14,36,3
2090511,0,919,0,40,2,5,2,1,50,75,3
2114230,0,919,0,40,2,3,2,1,11,57,3
2116506,0,919,0,40,2,3,2,1,9,52,3
2089954,0,919,0,40,3,8,2,1,39,41,3
2072281,0,919,0,40,2,15,2,1,70,52,3
2074474,0,919,0,40,3,13,2,1,68,36,3
2121478,0,919,0,40,3,1,2,1,3,21,3
2121900,0,919,0,40,3,1,2,1,3,27,3
2122124,0,919,0,40,2,1,2,1,3,59,3
2122560,0,919,0,40,2,1,2,1,3,10,3
2122862,0,919,0,40,3,1,2,1,3,52,3
2123024,0,919,0,40,2,1,2,1,3,53,3
2123100,0,919,0,40,3,1,2,1,3,53,3
2123198,0,919,0,40,3,1,2,1,3,45,3
2123312,0,919,0,40,3,1,2,1,3,17,3
2123352,0,919,0,40,2,1,2,1,3,100,3
2087537,0,919,0,40,2,3,2,1,64,46,3
2089075,0,919,0,40,2,3,2,1,61,34,3
2085194,0,919,0,40,2,6,2,1,63,28,3
2103195,0,919,0,40,3,2,2,1,33,63,3
2101256,0,919,0,40,3,2,2,1,38,17,3
2109741,0,919,0,40,3,1,2,1,27,51,3
2110780,0,919,0,40,3,1,2,1,25,19,3
2081524,1,919,914,17.7895,3,6,2,1,58,11,3
2103282,0,919,0,40,2,4,2,1,31,49,3
2112228,0,919,0,40,2,1,2,1,23,28,3
2081936,0,919,0,40,3,6,2,1,57,25,3
2088086,0,919,0,40,3,8,2,1,45,36,3
2073893,0,919,0,40,3,9,2,1,83,25,3
2103478,0,919,0,40,2,3,2,1,26,54,3
2109888,0,919,0,40,3,2,2,1,26,65,3
2099979,0,919,0,40,2,4,2,1,26,39,3
2114293,0,919,0,40,3,1,2,1,19,23,3
2105015,0,919,0,40,2,3,2,1,24,47,3
2112545,0,919,0,40,3,2,2,1,19,32,3
2114432,0,919,0,40,3,1,2,1,18,76,3
2115152,0,919,0,40,3,1,2,1,18,81,3
2099578,0,919,0,40,3,4,2,1,28,116,3
2077792,0,919,0,40,3,12,2,1,53,46,3
2090736,0,919,0,40,2,6,2,1,42,23,3
2111914,0,919,0,40,2,3,2,1,20,40,3
2115075,1,919,914,23.7084,3,1,2,1,17,7,3
2110552,0,919,0,40,3,2,2,1,18,18,3
2092759,0,919,0,40,2,5,2,1,47,33,3
2111936,0,919,0,40,3,2,2,1,20,37,3
2105611,0,919,0,40,2,3,2,1,32,47,3
2116040,0,919,0,40,2,1,2,1,16,77,3
2108030,0,919,0,40,3,2,2,1,22,39,3
2077972,0,919,0,40,2,9,2,1,61,35,3
2102563,0,919,0,40,3,3,2,1,28,83,3
2115618,0,919,0,40,2,1,2,1,15,41,3
2116648,0,919,0,40,3,1,2,1,15,45,3
2116956,0,919,0,40,3,1,2,1,15,23,3
2096221,0,919,0,40,2,5,2,1,34,47,3
2095275,0,919,0,40,2,3,2,1,43,51,3
2112347,0,919,0,40,3,2,2,1,16,43,3
2076861,0,919,0,40,3,8,2,1,61,73,3
2115662,0,919,0,40,2,1,2,1,14,38,3
2070366,0,919,0,40,2,6,2,1,44,19,3
2093792,1,919,873,21.6418,3,7,2,1,34,13,3
2085360,0,919,0,40,2,7,2,1,37,52,3
2102325,0,919,0,40,2,4,2,1,28,43,3
2104411,0,919,0,40,3,3,2,1,17,35,3
2095290,0,919,0,40,2,6,2,1,30,26,3
2113475,0,919,0,40,2,2,2,1,16,51,3
2112112,0,919,0,40,2,2,2,1,20,20,3
2115381,0,919,0,40,3,2,2,1,14,43,3
2117601,0,919,0,40,2,1,2,1,13,70,3
2117936,0,919,0,40,3,1,2,1,13,22,3
2088394,0,919,0,40,3,7,2,1,45,37,3
2112502,0,919,0,40,2,2,2,1,14,42,3
2086576,0,919,0,40,2,8,2,1,34,15,3
2072348,0,919,0,40,2,9,2,1,56,61,3
2097513,0,919,0,40,2,4,2,1,30,81,3
2115409,0,919,0,40,2,2,2,1,13,37,3
2079823,0,919,0,40,2,9,2,1,50,19,3
2103403,0,919,0,40,3,5,2,1,27,48,3
2070444,0,919,0,40,2,8,2,1,34,47,3
2115977,0,919,0,40,3,1,2,1,12,19,3
2118053,0,919,0,40,3,1,2,1,12,33,3
2086259,0,919,0,40,3,6,2,1,56,25,3
2072130,0,919,0,40,2,4,2,1,39,54,3
2112306,0,919,0,40,2,3,2,1,14,33,3
2072836,0,919,0,40,2,12,2,1,72,46,3
2094421,0,919,0,40,2,6,2,1,33,28,3
2105194,0,919,0,40,2,3,2,1,28,45,3
2109131,1,919,902,34.3021,2,3,2,1,16,47,3
2075266,0,919,0,40,3,11,2,1,63,42,3
2087995,0,919,0,40,3,8,2,1,46,61,3
2111397,0,919,0,40,3,3,2,1,18,29,3
2118590,0,919,0,40,2,1,2,1,11,56,3
2098066,0,919,0,40,3,5,2,1,25,68,3
2110836,0,919,0,40,3,2,2,1,16,70,3
2093631,0,919,0,40,2,4,2,1,30,61,3
2106092,0,919,0,40,2,3,2,1,19,24,3
2063703,0,919,0,40,3,10,2,1,67,21,3
2069717,0,919,0,40,2,5,2,1,49,41,3
2107845,0,919,0,40,2,3,2,1,24,22,3
2095180,1,919,903,30.1238,2,5,2,1,38,34,3
2096016,0,919,0,40,3,6,2,1,33,13,3
2118240,0,919,0,40,2,2,2,1,11,54,3
2106371,0,919,0,40,3,4,2,1,23,96,3
2117359,0,919,0,40,3,1,2,1,10,60,3
2118970,0,919,0,40,2,1,2,1,10,9,3
2119457,0,919,0,40,2,1,2,1,10,45,3
2119793,0,919,0,40,2,1,2,1,10,37,3
2102727,0,919,0,40,3,4,2,1,26,46,3
2085367,1,919,914,36.0254,2,6,2,1,48,35,3
2082921,0,919,0,40,3,6,2,1,60,25,3
2102039,1,919,914,18.5625,3,3,2,1,30,34,3
2072160,0,919,0,40,2,4,2,1,19,15,3
2074106,0,919,0,40,3,11,2,1,80,26,3
2110714,0,919,0,40,3,3,2,1,19,67,3
2088212,0,919,0,40,2,7,2,1,38,69,3
2111779,0,919,0,40,3,4,2,1,13,21,3
2090758,0,919,0,40,3,8,2,1,39,20,3
2115237,0,919,0,40,2,2,2,1,15,66,3
2091975,0,919,0,40,3,7,2,1,35,40,3
2119736,0,919,0,40,2,1,2,1,9,31,3
2120084,0,919,0,40,3,1,2,1,9,39,3
2120422,0,919,0,40,2,1,2,1,9,23,3
2113592,0,919,0,40,2,2,2,1,11,26,3
2078693,0,919,0,40,2,8,2,1,62,30,3
2071084,0,919,0,40,3,9,2,1,53,11,3
2073862,1,919,875,18.2288,3,10,2,1,73,58,3
2090854,0,919,0,40,3,7,2,1,28,14,3
2067693,0,919,0,40,3,10,2,1,79,69,3
2070836,0,919,0,40,2,16,2,1,70,31,3
2069677,0,919,0,40,3,6,2,1,46,43,3
2084570,0,919,0,40,2,6,2,1,52,36,3
2094750,0,919,0,40,2,5,2,1,30,38,3
2058242,0,919,0,40,3,14,2,1,79,29,3
2113353,0,919,0,40,3,2,2,1,12,52,3
2095090,0,919,0,40,3,5,2,1,38,38,3
2090815,0,919,0,40,2,5,2,1,45,47,3
2114133,0,919,0,40,3,3,2,1,12,26,3
2099768,0,919,0,40,3,5,2,1,28,100,3
2110924,0,919,0,40,3,2,2,1,22,37,3
2080690,0,919,0,40,2,9,2,1,44,34,3
2074247,0,919,0,40,3,12,2,1,88,58,3
2117390,0,919,0,40,2,2,2,1,12,50,3
2094299,0,919,0,40,3,4,2,1,46,32,3
2069327,0,919,0,40,3,6,2,1,31,39,3
2118800,0,919,0,40,2,2,2,1,9,62,3
2119280,0,919,0,40,2,1,2,1,8,39,3
2120149,0,919,0,40,3,1,2,1,8,9,3
2120437,0,919,0,40,2,1,2,1,8,51,3
2120695,0,919,0,40,3,1,2,1,8,71,3
2120849,0,919,0,40,3,1,2,1,8,55,3
2051735,0,919,0,40,3,16,2,1,87,49,3
2092847,0,919,0,40,3,4,2,1,40,34,3
2114046,0,919,0,40,3,2,2,1,11,21,3
2097639,0,919,0,40,2,4,2,1,37,26,3
2062680,0,919,0,40,3,6,2,1,31,60,3
2100327,0,919,0,40,3,6,2,1,27,93,3
2100804,0,919,0,40,2,4,2,1,20,37,3
2081399,0,919,0,40,2,6,2,1,69,60,3
2098077,0,919,0,40,3,5,2,1,31,25,3
2086872,0,919,0,40,2,8,2,1,37,65,3
2088718,0,919,0,40,2,8,2,1,42,20,3
2084219,0,919,0,40,3,7,2,1,50,41,3
2110053,0,919,0,40,3,3,2,1,19,20,3
2100778,0,919,0,40,3,4,2,1,35,23,3
2113040,0,919,0,40,3,3,2,1,14,59,3
2114733,0,919,0,40,3,3,2,1,12,39,3
2109703,0,919,0,40,2,4,2,1,16,41,3
2072070,0,919,0,40,3,5,2,1,26,23,3
2089998,0,919,0,40,2,6,2,1,49,45,3
2089148,0,919,0,40,3,5,2,1,56,36,3
2107789,0,919,0,40,3,5,2,1,23,32,3
2103727,0,919,0,40,2,4,2,1,23,41,3
2107027,0,919,0,40,3,2,2,1,30,61,3
2083618,0,919,0,40,3,10,2,1,54,19,3
2113677,0,919,0,40,3,3,2,1,13,58,3
2120211,0,919,0,40,3,1,2,1,7,76,3
2121083,0,919,0,40,2,1,2,1,7,78,3
2121247,0,919,0,40,2,1,2,1,7,43,3
2121371,0,919,0,40,2,1,2,1,7,69,3
2121463,0,919,0,40,3,1,2,1,7,25,3
2121621,0,919,0,40,2,1,2,1,7,42,3
2121663,0,919,0,40,3,1,2,1,7,73,3
2079969,0,919,0,40,2,6,2,1,69,33,3
2110889,0,919,0,40,3,3,2,1,12,29,3
2100280,0,919,0,40,3,5,2,1,22,62,3
2115968,0,919,0,40,2,2,2,1,9,78,3
2106241,0,919,0,40,3,3,2,1,26,63,3
2012694,0,919,0,40,2,23,2,1,154,39,3
2114206,0,919,0,40,3,2,2,1,11,53,3
2072874,0,919,0,40,2,8,2,1,58,63,3
1999778,0,919,0,40,3,24,2,1,139,38,3
2107606,0,919,0,40,3,4,2,1,11,38,3
2108908,0,919,0,40,3,2,2,1,23,113,3
2076363,0,919,0,40,3,11,2,1,77,29,3
2106719,0,919,0,40,3,4,2,1,16,58,3
2118461,0,919,0,40,2,2,2,1,7,32,3
2099525,0,919,0,40,2,6,2,1,28,63,3
2068630,0,919,0,40,2,8,2,1,38,39,3
2096977,0,919,0,40,2,4,2,1,39,25,3
2092690,0,919,0,40,3,7,2,1,29,43,3
2079611,0,919,0,40,2,12,2,1,52,20,3
2111127,0,919,0,40,3,2,2,1,20,60,3
2079675,0,919,0,40,2,9,2,1,50,45,3
2115273,0,919,0,40,3,2,2,1,12,16,3
2112663,1,919,902,16.5727,3,3,2,1,16,29,3
2115138,0,919,0,40,3,3,2,1,8,34,3
2101285,0,919,0,40,3,6,2,1,28,51,3
2073466,0,919,0,40,3,11,2,1,78,30,3
2107349,0,919,0,40,3,5,2,1,21,39,3
2109456,0,919,0,40,3,3,2,1,19,30,3
2112284,0,919,0,40,3,3,2,1,16,50,3
2120448,0,919,0,40,3,2,2,1,7,31,3
2116116,0,919,0,40,2,2,2,1,15,50,3
2099494,0,919,0,40,2,7,2,1,26,41,3
2118476,0,919,0,40,2,1,2,1,6,36,3
2120604,0,919,0,40,2,1,2,1,6,66,3
2120932,0,919,0,40,3,1,2,1,6,20,3
2121280,0,919,0,40,3,1,2,1,6,37,3
2121452,0,919,0,40,3,1,2,1,6,68,3
2122061,0,919,0,40,2,1,2,1,6,39,3
2122201,0,919,0,40,3,1,2,1,6,15,3
2095084,0,919,0,40,2,4,2,1,36,54,3
2076851,0,919,0,40,3,11,2,1,62,43,3
2074447,0,919,0,40,2,12,2,1,68,37,3
2107637,0,919,0,40,2,2,2,1,24,54,3
2084128,0,919,0,40,2,6,2,1,53,27,3
2110575,0,919,0,40,2,3,2,1,14,54,3
2071501,0,919,0,40,2,9,2,1,39,75,3
2079332,0,919,0,40,2,7,2,1,66,20,3
2087767,0,919,0,40,3,6,2,1,46,19,3
2092311,0,919,0,40,2,6,2,1,36,66,3
2091209,0,919,0,40,2,9,2,1,31,78,3
2089818,0,919,0,40,2,9,2,1,34,22,3
2106686,0,919,0,40,3,4,2,1,16,52,3
2108249,0,919,0,40,2,3,2,1,21,33,3
2099881,0,919,0,40,2,5,2,1,28,21,3
2107084,0,919,0,40,2,3,2,1,22,49,3
2074950,0,919,0,40,2,13,2,1,72,31,3
2102470,0,919,0,40,2,5,2,1,21,8,3
2070359,0,919,0,40,3,16,2,1,82,63,3
2104783,0,919,0,40,3,5,2,1,13,77,3
2111177,0,919,0,40,3,2,2,1,20,35,3
2069501,0,919,0,40,2,9,2,1,41,23,3
2103031,0,919,0,40,3,4,2,1,19,44,3
2108891,0,919,0,40,2,4,2,1,19,24,3
2087321,0,919,0,40,3,7,2,1,48,35,3
2103527,0,919,0,40,2,6,2,1,22,53,3
2095124,0,919,0,40,3,5,2,1,36,49,3
2117729,0,919,0,40,3,2,2,1,8,58,3
2118318,0,919,0,40,3,2,2,1,7,49,3
2096105,1,919,907,14.25,3,4,2,1,36,53,3
2112716,0,919,0,40,2,3,2,1,11,20,3
2101309,0,919,0,40,3,3,2,1,36,44,3
2113343,1,919,914,35.6178,2,2,2,1,17,42,3
2113352,0,919,0,40,3,3,2,1,14,24,3
2068642,0,919,0,40,3,6,2,1,47,10,3
2111612,0,919,0,40,3,4,2,1,12,32,3
2096069,0,919,0,40,2,6,2,1,35,28,3
2097085,0,919,0,40,2,8,2,1,29,61,3
2099359,0,919,0,40,2,6,2,1,27,37,3
2119540,0,919,0,40,2,2,2,1,7,60,3
2045154,0,919,0,40,2,14,2,1,114,73,3
2109602,0,919,0,40,2,5,2,1,15,70,3
2094901,0,919,0,40,2,4,2,1,46,50,3
2121434,0,919,0,40,2,1,2,1,5,46,3
2121778,0,919,0,40,2,1,2,1,5,28,3
2122006,0,919,0,40,2,1,2,1,5,58,3
2122261,0,919,0,40,3,1,2,1,5,88,3
2122357,0,919,0,40,2,1,2,1,5,99,3
2122435,0,919,0,40,3,1,2,1,5,57,3
2122513,0,919,0,40,3,1,2,1,5,39,3
2122613,0,919,0,40,2,1,2,1,5,53,3
2122745,0,919,0,40,2,1,2,1,5,71,3
2122771,0,919,0,40,2,1,2,1,5,58,3
2122807,0,919,0,40,3,1,2,1,5,34,3
2098424,0,919,0,40,3,4,2,1,28,61,3
2114159,0,919,0,40,2,2,2,1,7,43,3
2106786,0,919,0,40,3,4,2,1,13,32,3
2112576,0,919,0,40,2,2,2,1,12,67,3
2106258,0,919,0,40,3,4,2,1,13,30,3
2113218,0,919,0,40,2,2,2,1,14,50,3
2110033,0,919,0,40,3,3,2,1,14,23,3
2108904,0,919,0,40,3,4,2,1,9,17,3
2105608,0,919,0,40,3,3,2,1,23,27,3
2089590,0,919,0,40,3,6,2,1,41,40,3
2094329,0,919,0,40,2,8,2,1,25,77,3
2106516,0,919,0,40,3,4,2,1,17,51,3
2071161,0,919,0,40,2,6,2,1,45,68,3
2108123,0,919,0,40,2,4,2,1,20,24,3
2115038,0,919,0,40,2,2,2,1,13,85,3
2093716,0,919,0,40,3,6,2,1,43,31,3
2099892,0,919,0,40,3,5,2,1,24,69,3
2116701,0,919,0,40,2,2,2,1,6,50,3
2108239,0,919,0,40,2,4,2,1,20,27,3
2108436,0,919,0,40,2,4,2,1,15,27,3
2106814,0,919,0,40,3,4,2,1,25,65,3
2092457,0,919,0,40,3,7,2,1,38,31,3
2089024,0,919,0,40,2,9,2,1,35,79,3
2110195,0,919,0,40,3,4,2,1,11,37,3
2119728,0,919,0,40,3,2,2,1,5,37,3
2091156,0,919,0,40,2,7,2,1,40,64,3
2066170,0,919,0,40,3,7,2,1,57,34,3
2079221,0,919,0,40,3,11,2,1,57,76,3
2091762,0,919,0,40,3,8,2,1,35,61,3
2102908,0,919,0,40,3,5,2,1,16,9,3
2098886,0,919,0,40,2,6,2,1,23,42,3
2099815,0,919,0,40,2,6,2,1,24,20,3
2108859,0,919,0,40,3,3,2,1,24,55,3
2110807,0,919,0,40,2,3,2,1,18,29,3
2085022,0,919,0,40,2,6,2,1,47,59,3
2085991,0,919,0,40,2,9,2,1,44,41,3
2093625,0,919,0,40,3,5,2,1,39,17,3
2120060,0,919,0,40,2,2,2,1,7,52,3
2108607,0,919,0,40,3,4,2,1,22,24,3
2067057,0,919,0,40,2,12,2,1,70,40,3
2080991,0,919,0,40,3,9,2,1,45,63,3
2084434,0,919,0,40,3,10,2,1,35,93,3
2118122,0,919,0,40,2,3,2,1,8,69,3
2108024,0,919,0,40,2,4,2,1,22,107,3
2119975,0,919,0,40,2,2,2,1,6,27,3
2121700,0,919,0,40,2,1,2,1,4,62,3
2122256,0,919,0,40,3,1,2,1,4,40,3
2122396,0,919,0,40,2,1,2,1,4,65,3
2122592,0,919,0,40,3,1,2,1,4,45,3
2122784,0,919,0,40,3,1,2,1,4,30,3
2122836,0,919,0,40,3,1,2,1,4,38,3
2123050,0,919,0,40,3,1,2,1,4,18,3
2123166,0,919,0,40,2,1,2,1,4,27,3
2123236,0,919,0,40,2,1,2,1,4,55,3
2123372,0,919,0,40,2,1,2,1,4,39,3
2100752,0,919,0,40,3,6,2,1,19,42,3
2110591,0,919,0,40,2,4,2,1,10,10,3
2096804,0,919,0,40,3,6,2,1,26,46,3
2113869,0,919,0,40,2,2,2,1,11,62,3
2072937,0,919,0,40,3,10,2,1,42,21,3
2109051,0,919,0,40,3,4,2,1,13,94,3
2089664,0,919,0,40,3,5,2,1,44,68,3
2115758,0,919,0,40,2,2,2,1,7,74,3
2093952,0,919,0,40,3,7,2,1,23,50,3
2109620,0,919,0,40,3,4,2,1,14,62,3
2117757,0,919,0,40,3,2,2,1,5,22,3
2104957,0,919,0,40,3,4,2,1,18,28,3
2110395,0,919,0,40,2,2,2,1,19,63,3
2057011,0,919,0,40,2,11,2,1,88,45,3
2087001,0,919,0,40,2,7,2,1,23,39,3
2105081,0,919,0,40,2,4,2,1,15,44,3
2118301,0,919,0,40,3,2,2,1,6,25,3
2119605,0,919,0,40,3,2,2,1,4,45,3
2113612,0,919,0,40,2,3,2,1,14,37,3
2116647,0,919,0,40,3,2,2,1,9,15,3
2118103,0,919,0,40,2,2,2,1,7,53,3
2117879,0,919,0,40,3,2,2,1,6,28,3
2118226,1,919,908,40,2,3,2,1,6,65,3
2100307,0,919,0,40,2,5,2,1,23,24,3
2098341,0,919,0,40,3,6,2,1,27,34,3
2105466,0,919,0,40,2,3,2,1,27,54,3
2084353,0,919,0,40,2,7,2,1,53,60,3
2082238,0,919,0,40,2,8,2,1,60,20,3
2095433,0,919,0,40,2,7,2,1,23,47,3
2111321,0,919,0,40,3,3,2,1,17,38,3
2075527,0,919,0,40,3,10,2,1,67,41,3
2099974,0,919,0,40,2,6,2,1,23,46,3
2114084,0,919,0,40,3,3,2,1,6,27,3
2108610,0,919,0,40,3,3,2,1,17,40,3
2077764,0,919,0,40,2,9,2,1,71,40,3
2100774,0,919,0,40,2,4,2,1,29,39,3
2115836,0,919,0,40,3,2,2,1,13,46,3
2112703,0,919,0,40,3,3,2,1,12,70,3
2116895,0,919,0,40,2,3,2,1,10,77,3
2070711,0,919,0,40,3,8,2,1,63,48,3
2098613,1,919,874,38.6294,2,6,2,1,24,62,3
2120178,0,919,0,40,2,2,2,1,6,44,3
2100071,0,919,0,40,3,7,2,1,22,55,3
2103173,0,919,0,40,2,4,2,1,18,56,3
2107608,0,919,0,40,2,3,2,1,22,47,3
2119678,0,919,0,40,2,2,2,1,4,37,3
2093221,0,919,0,40,2,5,2,1,42,38,3
2117447,0,919,0,40,3,2,2,1,9,27,3
2104465,0,919,0,40,3,4,2,1,23,90,3
2119372,0,919,0,40,2,2,2,1,7,54,3
2071351,0,919,0,40,2,10,2,1,40,25,3
2109674,0,919,0,40,2,4,2,1,11,27,3
2117462,0,919,0,40,3,4,2,1,7,13,3
2121861,0,919,0,40,3,2,2,1,4,57,3
2090200,0,919,0,40,2,8,2,1,48,45,3
2079524,0,919,0,40,2,10,2,1,43,78,3
2101186,0,919,0,40,2,5,2,1,26,59,3
2076298,0,919,0,40,2,11,2,1,74,39,3
2120744,0,919,0,40,3,1,2,1,3,33,3
2122258,0,919,0,40,2,1,2,1,3,58,3
2122418,0,919,0,40,2,1,2,1,3,69,3
2122810,0,919,0,40,2,1,2,1,3,44,3
2123159,0,919,0,40,2,1,2,1,3,28,3
2123564,0,919,0,40,2,1,2,1,3,43,3
2123756,0,919,0,40,2,1,2,1,3,38,3
2123804,0,919,0,40,2,1,2,1,3,10,3
2123870,0,919,0,40,3,1,2,1,3,53,3
2123932,0,919,0,40,3,1,2,1,3,13,3
2124016,0,919,0,40,3,1,2,1,3,69,3
2073727,0,919,0,40,2,10,2,1,80,25,3
2095064,1,919,915,38.727,2,5,2,1,41,52,3
2096860,0,919,0,40,2,4,2,1,39,29,3
2088653,0,919,0,40,2,5,2,1,58,26,3
2095811,0,919,0,40,3,4,2,1,41,34,3
2111644,0,919,0,40,3,1,2,1,25,23,3
2082961,0,919,0,40,3,7,2,1,59,12,3
2069182,0,919,0,40,2,7,2,1,53,48,3
2112589,0,919,0,40,2,1,2,1,23,44,3
2096620,0,919,0,40,2,5,2,1,31,43,3
2068713,0,919,0,40,3,6,2,1,57,60,3
2101713,0,919,0,40,3,3,2,1,32,49,3
2106661,0,919,0,40,2,2,2,1,24,48,3
2105634,0,919,0,40,3,3,2,1,27,20,3
2097314,0,919,0,40,2,4,2,1,26,22,3
2106635,0,919,0,40,2,2,2,1,27,37,3
2070831,0,919,0,40,3,6,2,1,41,27,3
2114488,0,919,0,40,2,1,2,1,19,46,3
2091610,0,919,0,40,3,5,2,1,41,45,3
2105196,0,919,0,40,2,3,2,1,26,86,3
2104289,0,919,0,40,3,3,2,1,32,64,3
2100644,0,919,0,40,2,4,2,1,25,49,3
2075233,0,919,0,40,2,11,2,1,68,81,3
2073337,0,919,0,40,2,11,2,1,82,41,3
2091518,1,919,866,30.1398,2,8,2,1,38,34,3
2091713,0,919,0,40,2,7,2,1,42,47,3
2113113,0,919,0,40,2,1,2,1,17,26,3
2115540,0,919,0,40,3,1,2,1,17,52,3
2086123,0,919,0,40,3,4,2,1,51,88,3
2073859,0,919,0,40,3,11,2,1,63,36,3
2112962,0,919,0,40,3,2,2,1,18,31,3
2106139,0,919,0,40,2,3,2,1,28,24,3
2077755,0,919,0,40,3,8,2,1,67,47,3
2115834,0,919,0,40,3,1,2,1,16,90,3
2087175,0,919,0,40,2,7,2,1,45,73,3
2107115,0,919,0,40,2,3,2,1,20,34,3
2072218,0,919,0,40,3,12,2,1,83,86,3
2084346,0,919,0,40,3,7,2,1,57,26,3
2079871,0,919,0,40,3,7,2,1,71,26,3
2089017,0,919,0,40,3,8,2,1,47,75,3
2116983,0,919,0,40,3,1,2,1,15,34,3
2111864,0,919,0,40,2,2,2,1,15,38,3
2110583,0,919,0,40,2,2,2,1,21,46,3
2101611,0,919,0,40,2,5,2,1,30,95,3
2078598,0,919,0,40,2,8,2,1,63,20,3
2115202,0,919,0,40,2,2,2,1,16,45,3
2081996,0,919,0,40,2,7,2,1,64,32,3
2105947,0,919,0,40,3,2,2,1,34,16,3
2090744,0,919,0,40,3,5,2,1,43,62,3
2117153,0,919,0,40,2,1,2,1,14,57,3
2100260,1,919,895,24.1824,3,4,2,1,26,42,3
2091445,0,919,0,40,2,6,2,1,34,41,3
2085740,0,919,0,40,3,8,2,1,47,44,3
2090250,1,919,915,21.3825,3,9,2,1,38,34,3
2059669,0,919,0,40,3,10,2,1,87,76,3
2107974,0,919,0,40,3,3,2,1,22,43,3
2109834,0,919,0,40,3,3,2,1,19,26,3
2115513,1,919,915,30.2805,2,3,2,1,16,39,3
2118399,0,919,0,40,3,1,2,1,13,111,3
2118793,0,919,0,40,2,1,2,1,13,40,3
2091628,0,919,0,40,2,6,2,1,34,26,3
2098227,0,919,0,40,2,6,2,1,31,42,3
2079345,0,919,0,40,3,10,2,1,56,21,3
2113576,0,919,0,40,2,2,2,1,16,36,3
2114510,0,919,0,40,3,2,2,1,13,36,3
2112693,0,919,0,40,3,2,2,1,19,42,3
2071278,0,919,0,40,3,7,2,1,36,52,3
2099847,0,919,0,40,2,6,2,1,31,52,3
2110218,0,919,0,40,2,2,2,1,24,47,3
2114277,0,919,0,40,3,2,2,1,17,25,3
2109931,0,919,0,40,3,3,2,1,24,59,3
2100769,0,919,0,40,2,5,2,1,30,17,3
2090435,0,919,0,40,2,9,2,1,43,80,3
2107582,0,919,0,40,3,3,2,1,23,46,3
2119025,0,919,0,40,2,1,2,1,12,42,3
2119211,0,919,0,40,2,1,2,1,12,30,3
2073144,0,919,0,40,2,12,2,1,73,20,3
2110985,0,919,0,40,3,3,2,1,14,36,3
2085776,0,919,0,40,3,8,2,1,43,67,3
2109497,0,919,0,40,2,2,2,1,22,36,3
2112130,0,919,0,40,3,2,2,1,18,52,3
2104996,0,919,0,40,2,4,2,1,23,56,3
2098182,0,919,0,40,2,4,2,1,33,34,3
2112450,0,919,0,40,2,2,2,1,17,16,3
2114337,0,919,0,40,3,2,2,1,16,29,3
2100772,0,919,0,40,3,5,2,1,31,56,3
2086302,1,919,915,35.5424,2,7,2,1,44,72,3
2089346,0,919,0,40,2,6,2,1,45,73,3
2109956,0,919,0,40,2,3,2,1,17,39,3
2100311,0,919,0,40,3,3,2,1,38,39,3
2101587,0,919,0,40,2,5,2,1,29,49,3
2084741,0,919,0,40,2,8,2,1,45,55,3
2118504,0,919,0,40,2,1,2,1,11,29,3
2119873,0,919,0,40,3,1,2,1,11,37,3
2089944,0,919,0,40,2,6,2,1,28,52,3
2070261,0,919,0,40,2,5,2,1,45,44,3
2112128,0,919,0,40,3,3,2,1,13,50,3
2087943,0,919,0,40,3,9,2,1,43,29,3
2114201,0,919,0,40,2,2,2,1,16,34,3
2082660,0,919,0,40,2,9,2,1,47,33,3
2103052,0,919,0,40,2,3,2,1,29,53,3
2106723,0,919,0,40,3,3,2,1,24,63,3
2070002,0,919,0,40,3,17,2,1,99,43,3
2067631,0,919,0,40,2,9,2,1,62,29,3
2114552,1,919,915,17.0873,3,2,2,1,17,41,3
2110777,0,919,0,40,3,3,2,1,16,45,3
2089541,0,919,0,40,2,8,2,1,34,27,3
2118129,0,919,0,40,2,1,2,1,10,57,3
2119780,0,919,0,40,2,1,2,1,10,22,3
2120026,0,919,0,40,2,1,2,1,10,50,3
2120090,0,919,0,40,3,1,2,1,10,16,3
2104832,0,919,0,40,3,3,2,1,19,57,3
2095213,0,919,0,40,2,7,2,1,27,30,3
2071588,0,919,0,40,3,8,2,1,65,31,3
2104541,0,919,0,40,2,2,2,1,31,42,3
2085249,0,919,0,40,2,7,2,1,59,57,3
2084280,0,919,0,40,2,10,2,1,42,20,3
2082257,1,919,891,35.0248,2,10,2,1,50,37,3
2112788,0,919,0,40,2,2,2,1,14,13,3
2099961,0,919,0,40,3,5,2,1,27,69,3
2087769,0,919,0,40,2,8,2,1,50,31,3
2115528,0,919,0,40,3,2,2,1,13,46,3
2061766,0,919,0,40,2,11,2,1,65,69,3
2105310,0,919,0,40,3,3,2,1,26,49,3
2099651,0,919,0,40,2,5,2,1,26,40,3
2097603,0,919,0,40,2,3,2,1,39,39,3
2096219,0,919,0,40,3,6,2,1,34,53,3
2070527,0,919,0,40,3,9,2,1,44,45,3
2090520,0,919,0,40,2,6,2,1,37,36,3
2111844,0,919,0,40,3,3,2,1,21,64,3
2101739,0,919,0,40,2,4,2,1,33,61,3
2118584,0,919,0,40,2,1,2,1,9,21,3
2119392,0,919,0,40,2,1,2,1,9,22,3
2121003,0,919,0,40,3,1,2,1,9,65,3
2105202,0,919,0,40,2,3,2,1,22,16,3
2068850,0,919,0,40,2,8,2,1,46,74,3
2086937,0,919,0,40,3,7,2,1,40,24,3
2068831,0,919,0,40,2,9,2,1,67,41,3
2091270,0,919,0,40,3,7,2,1,38,50,3
2106091,0,919,0,40,2,3,2,1,27,85,3
2116515,0,919,0,40,3,2,2,1,10,34,3
2108790,0,919,0,40,3,4,2,1,14,22,3
2089986,0,919,0,40,2,8,2,1,41,59,3
2114594,0,919,0,40,3,2,2,1,12,26,3
2117577,0,919,0,40,2,2,2,1,9,29,3
2102845,1,919,915,29.5698,2,5,2,1,27,28,3
2116883,0,919,0,40,3,2,2,1,11,31,3
2089976,1,919,915,35.2469,2,5,2,1,47,18,3
2094157,0,919,0,40,2,4,2,1,42,25,3
2081594,0,919,0,40,2,9,2,1,62,17,3
2089142,0,919,0,40,2,4,2,1,60,48,3
2108994,0,919,0,40,3,3,2,1,20,31,3
2089081,0,919,0,40,2,9,2,1,43,54,3
2104003,0,919,0,40,2,5,2,1,23,39,3
2075864,0,919,0,40,3,14,2,1,74,53,3
2075958,0,919,0,40,3,11,2,1,60,41,3
2101843,0,919,0,40,2,4,2,1,35,83,3
2119000,0,919,0,40,3,1,2,1,8,71,3
2120131,0,919,0,40,3,1,2,1,8,48,3
2120355,0,919,0,40,3,1,2,1,8,14,3
2120678,0,919,0,40,3,1,2,1,8,45,3
2120818,0,919,0,40,2,1,2,1,8,32,3
2121073,0,919,0,40,2,1,2,1,8,34,3
2121357,0,919,0,40,2,1,2,1,8,28,3
2121513,0,919,0,40,3,1,2,1,8,75,3
2121585,0,919,0,40,3,1,2,1,8,40,3
2070679,0,919,0,40,3,10,2,1,41,60,3
2070357,0,919,0,40,3,9,2,1,36,52,3
2115012,0,919,0,40,2,2,2,1,11,45,3
2076853,0,919,0,40,3,11,2,1,65,32,3
2103470,0,919,0,40,3,4,2,1,25,76,3
2109379,0,919,0,40,2,3,2,1,12,46,3
2075679,0,919,0,40,3,8,2,1,87,62,3
2081080,0,919,0,40,2,10,2,1,60,41,3
2099682,0,919,0,40,2,5,2,1,27,41,3
2090515,0,919,0,40,3,4,2,1,53,31,3
2100663,0,919,0,40,3,5,2,1,25,53,3
2115655,0,919,0,40,2,2,2,1,13,73,3
2045940,0,919,0,40,3,14,2,1,85,30,3
2105451,0,919,0,40,2,5,2,1,19,45,3
2104327,0,919,0,40,2,4,2,1,19,55,3
2087634,0,919,0,40,2,7,2,1,42,38,3
2113413,0,919,0,40,2,2,2,1,16,43,3
2111136,0,919,0,40,3,3,2,1,16,49,3
2091913,0,919,0,40,2,5,2,1,49,48,3
2116094,0,919,0,40,2,2,2,1,14,20,3
2107089,0,919,0,40,2,4,2,1,17,36,3
2083906,0,919,0,40,3,8,2,1,51,35,3
2072925,1,919,907,33.7521,2,15,2,1,75,54,3
2119809,0,919,0,40,2,2,2,1,8,107,3
2070438,1,919,898,27.515,3,12,2,1,74,38,3
2118396,0,919,0,40,2,1,2,1,7,62,3
2120199,0,919,0,40,3,1,2,1,7,37,3
2120988,0,919,0,40,3,1,2,1,7,51,3
2121288,0,919,0,40,3,1,2,1,7,48,3
2121660,0,919,0,40,2,1,2,1,7,50,3
2122005,0,919,0,40,2,1,2,1,7,43,3
2122141,0,919,0,40,3,1,2,1,7,34,3
2099737,0,919,0,40,3,6,2,1,22,96,3
2113826,0,919,0,40,3,2,2,1,12,30,3
2115813,0,919,0,40,3,2,2,1,9,18,3
2073701,0,919,0,40,2,9,2,1,72,53,3
2069785,0,919,0,40,3,9,2,1,48,29,3
2103924,1,919,890,13.3359,3,5,2,1,22,42,3
2105055,0,919,0,40,2,4,2,1,24,61,3
2109781,0,919,0,40,2,4,2,1,13,26,3
2108323,0,919,0,40,3,3,2,1,20,45,3
2072353,0,919,0,40,3,14,2,1,78,81,3
2117020,0,919,0,40,3,2,2,1,10,27,3
2110234,0,919,0,40,2,4,2,1,15,32,3
2112393,0,919,0,40,3,3,2,1,15,40,3
2096943,0,919,0,40,3,6,2,1,31,20,3
2118349,0,919,0,40,3,2,2,1,8,30,3
2109172,0,919,0,40,2,2,2,1,25,29,3
2101428,0,919,0,40,3,4,2,1,27,28,3
2071554,0,919,0,40,3,15,2,1,81,55,3
2089706,0,919,0,40,3,7,2,1,42,48,3
2100962,0,919,0,40,3,6,2,1,27,69,3
2084435,0,919,0,40,3,8,2,1,51,28,3
2088438,0,919,0,40,2,7,2,1,43,11,3
2109392,0,919,0,40,2,5,2,1,15,18,3
2108047,0,919,0,40,2,4,2,1,16,41,3
2115441,0,919,0,40,3,3,2,1,11,13,3
2093985,0,919,0,40,2,6,2,1,29,43,3
2114562,0,919,0,40,2,2,2,1,15,41,3
2056088,0,919,0,40,3,17,2,1,80,79,3
2119899,0,919,0,40,3,2,2,1,9,51,3
2120514,0,919,0,40,2,2,2,1,8,20,3
2110427,0,919,0,40,3,3,2,1,13,52,3
2099061,0,919,0,40,2,5,2,1,37,60,3
2120608,0,919,0,40,3,1,2,1,6,26,3
2121498,0,919,0,40,3,1,2,1,6,92,3
2122238,0,919,0,40,3,1,2,1,6,37,3
2122475,0,919,0,40,2,1,2,1,6,28,3
2122605,0,919,0,40,2,1,2,1,6,95,3
2122773,0,919,0,40,3,1,2,1,6,42,3
2105708,0,919,0,40,3,3,2,1,20,75,3
2108915,0,919,0,40,2,4,2,1,15,62,3
2097848,0,919,0,40,3,6,2,1,27,12,3
2063624,0,919,0,40,3,9,2,1,38,46,3
2092665,0,919,0,40,2,6,2,1,41,23,3
2114263,0,919,0,40,2,3,2,1,13,47,3
2095048,0,919,0,40,2,7,2,1,37,90,3
2096955,0,919,0,40,2,5,2,1,34,20,3
2067621,0,919,0,40,3,5,2,1,38,35,3
2043632,0,919,0,40,2,21,2,1,112,47,3
2077728,0,919,0,40,3,10,2,1,70,18,3
2094800,0,919,0,40,2,6,2,1,30,75,3
2108971,0,919,0,40,2,5,2,1,15,35,3
2118450,0,919,0,40,3,2,2,1,7,56,3
2104453,0,919,0,40,2,5,2,1,21,49,3
2119463,0,919,0,40,2,2,2,1,6,24,3
2113283,0,919,0,40,2,2,2,1,17,54,3
2111910,0,919,0,40,3,3,2,1,18,53,3
2109288,0,919,0,40,3,4,2,1,18,41,3
2097492,0,919,0,40,2,6,2,1,24,40,3
2112810,0,919,0,40,2,4,2,1,12,20,3
2097094,0,919,0,40,2,5,2,1,31,12,3
2111017,0,919,0,40,3,3,2,1,15,45,3
2092825,1,919,894,40,2,9,2,1,33,36,3
2069688,0,919,0,40,2,6,2,1,56,93,3
2115660,0,919,0,40,2,2,2,1,14,19,3
2083423,0,919,0,40,3,7,2,1,60,49,3
2094703,0,919,0,40,2,7,2,1,40,44,3
2115539,0,919,0,40,3,3,2,1,9,37,3
2116942,0,919,0,40,2,3,2,1,9,35,3
2085580,0,919,0,40,3,9,2,1,53,18,3
2112078,0,919,0,40,2,3,2,1,15,47,3
2105034,0,919,0,40,3,5,2,1,17,58,3
2079843,0,919,0,40,3,10,2,1,43,30,3
2093367,0,919,0,40,3,6,2,1,44,39,3
2108663,0,919,0,40,2,3,2,1,24,65,3
2111962,0,919,0,40,3,2,2,1,23,29,3
2106233,0,919,0,40,2,6,2,1,18,33,3
2121050,1,919,915,15.0553,3,2,2,1,7,53,3
2111922,0,919,0,40,3,4,2,1,14,54,3
2120824,0,919,0,40,3,1,2,1,5,85,3
2121668,0,919,0,40,2,1,2,1,5,50,3
2121940,0,919,0,40,2,1,2,1,5,65,3
2122312,0,919,0,40,3,1,2,1,5,22,3
2122632,0,919,0,40,3,1,2,1,5,96,3
2122704,0,919,0,40,2,1,2,1,5,39,3
2122886,0,919,0,40,2,1,2,1,5,33,3
2123072,0,919,0,40,2,1,2,1,5,69,3
2123146,0,919,0,40,2,1,2,1,5,25,3
2123176,0,919,0,40,3,1,2,1,5,37,3
2123400,0,919,0,40,2,1,2,1,5,44,3
2114603,0,919,0,40,3,2,2,1,10,47,3
2103515,0,919,0,40,3,4,2,1,27,17,3
2103671,0,919,0,40,3,3,2,1,22,75,3
2096552,0,919,0,40,2,5,2,1,30,44,3
2094323,0,919,0,40,2,4,2,1,43,35,3
2091329,0,919,0,40,3,7,2,1,36,15,3
2113360,0,919,0,40,3,4,2,1,11,36,3
2103698,0,919,0,40,2,3,2,1,27,32,3
2092367,0,919,0,40,2,6,2,1,41,41,3
2070654,0,919,0,40,2,8,2,1,59,27,3
2103847,0,919,0,40,2,5,2,1,23,32,3
2117791,1,919,907,24.3729,3,2,2,1,6,44,3
2117052,0,919,0,40,2,3,2,1,7,20,3
2113308,0,919,0,40,3,2,2,1,17,42,3
2114033,0,919,0,40,3,2,2,1,15,43,3
2068277,0,919,0,40,2,9,2,1,54,24,3
2114380,0,919,0,40,3,3,2,1,11,11,3
2116096,0,919,0,40,3,3,2,1,9,83,3
2117644,0,919,0,40,2,3,2,1,8,28,3
2069887,0,919,0,40,3,11,2,1,44,41,3
2092176,0,919,0,40,2,8,2,1,38,60,3
2106610,0,919,0,40,3,5,2,1,18,37,3
2119980,0,919,0,40,3,2,2,1,5,37,3
2114878,0,919,0,40,3,2,2,1,15,20,3
2082697,0,919,0,40,3,9,2,1,56,56,3
2072542,0,919,0,40,3,2,2,1,13,67,3
2091694,0,919,0,40,2,8,2,1,34,68,3
2114420,0,919,0,40,2,3,2,1,10,18,3
2071323,0,919,0,40,2,10,2,1,33,40,3
2107230,0,919,0,40,2,4,2,1,22,14,3
2110102,0,919,0,40,3,3,2,1,23,74,3
2116602,0,919,0,40,3,2,2,1,13,37,3
2084257,0,919,0,40,2,10,2,1,43,35,3
2109699,0,919,0,40,2,3,2,1,18,21,3
2074464,0,919,0,40,2,11,2,1,76,40,3
2119303,0,919,0,40,3,2,2,1,9,44,3
2108539,0,919,0,40,2,4,2,1,17,39,3
2119889,0,919,0,40,3,2,2,1,8,57,3
2092669,0,919,0,40,3,7,2,1,32,23,3
2107049,0,919,0,40,2,4,2,1,25,101,3
2114805,0,919,0,40,3,3,2,1,8,65,3
2119454,0,919,0,40,2,2,2,1,5,18,3
2111951,0,919,0,40,2,2,2,1,20,39,3
2097613,0,919,0,40,3,5,2,1,31,33,3
2080134,0,919,0,40,3,8,2,1,54,44,3
2112514,0,919,0,40,3,3,2,1,15,42,3
2077455,0,919,0,40,3,12,2,1,60,63,3
2117892,0,919,0,40,3,3,2,1,11,53,3
2112567,0,919,0,40,3,2,2,1,22,19,3
2085375,0,919,0,40,2,8,2,1,49,18,3
2080696,0,919,0,40,3,12,2,1,46,27,3
2098212,0,919,0,40,2,6,2,1,22,57,3
2112701,0,919,0,40,3,4,2,1,12,37,3
2103939,0,919,0,40,2,5,2,1,24,60,3
2119510,0,919,0,40,3,1,2,1,4,6,3
2122040,0,919,0,40,3,1,2,1,4,27,3
2123115,0,919,0,40,2,1,2,1,4,40,3
2123183,0,919,0,40,3,1,2,1,4,11,3
2123227,0,919,0,40,2,1,2,1,4,78,3
2123458,0,919,0,40,2,1,2,1,4,25,3
2123506,0,919,0,40,2,1,2,1,4,51,3
2123642,0,919,0,40,3,1,2,1,4,27,3
2123794,0,919,0,40,3,1,2,1,4,75,3
2123854,0,919,0,40,3,1,2,1,4,41,3
2123960,0,919,0,40,3,1,2,1,4,50,3
2115456,0,919,0,40,3,2,2,1,5,40,3
1968535,0,919,0,40,3,31,2,1,191,43,3
2099573,0,919,0,40,3,6,2,1,27,63,3
2072493,0,919,0,40,2,12,2,1,74,48,3
2103550,0,919,0,40,2,4,2,1,25,34,3
2098994,0,919,0,40,2,4,2,1,27,65,3
2098531,0,919,0,40,3,4,2,1,30,35,3
2104252,0,919,0,40,2,4,2,1,25,30,3
2118095,1,919,907,30.0854,2,2,2,1,6,63,3
2076661,0,919,0,40,3,10,2,1,71,37,3
2113382,0,919,0,40,2,2,2,1,16,78,3
2105520,0,919,0,40,2,3,2,1,20,35,3
2100112,0,919,0,40,3,5,2,1,22,13,3
2079715,0,919,0,40,3,11,2,1,53,54,3
2105372,0,919,0,40,3,4,2,1,19,33,3
2081365,0,919,0,40,2,10,2,1,41,124,3
2110467,0,919,0,40,3,3,2,1,10,54,3
2114421,0,919,0,40,3,3,2,1,9,25,3
2082711,0,919,0,40,2,7,2,1,56,65,3
2096477,0,919,0,40,3,5,2,1,25,39,3
2071478,0,919,0,40,3,8,2,1,40,48,3
2117954,0,919,0,40,2,2,2,1,9,76,3
2070835,0,919,0,40,2,11,2,1,87,80,3
2077586,1,919,901,27.0653,3,7,2,1,72,48,3
2078939,0,919,0,40,3,7,2,1,77,51,3
2105964,0,919,0,40,2,4,2,1,16,48,3
2117928,0,919,0,40,2,3,2,1,9,7,3
2113286,0,919,0,40,2,3,2,1,8,51,3
2103627,0,919,0,40,3,8,2,1,12,17,3
2099503,0,919,0,40,3,4,2,1,27,20,3
2114707,0,919,0,40,3,2,2,1,16,39,3
2077046,0,919,0,40,2,12,2,1,65,41,3
2098542,0,919,0,40,2,4,2,1,31,57,3
2110286,0,919,0,40,3,3,2,1,15,76,3
2103309,0,919,0,40,2,4,2,1,29,39,3
2104324,0,919,0,40,2,4,2,1,28,41,3
2102910,0,919,0,40,3,6,2,1,18,47,3
2110738,0,919,0,40,2,4,2,1,15,38,3
2119905,0,919,0,40,2,2,2,1,7,31,3
2082335,0,919,0,40,2,8,2,1,51,44,3
2070898,0,919,0,40,3,17,2,1,59,11,3
2072854,0,919,0,40,3,3,2,1,11,88,3
2119712,0,919,0,40,2,2,2,1,6,27,3
2104480,0,919,0,40,2,7,2,1,14,38,3
2075911,0,919,0,40,3,11,2,1,59,31,3
2085486,0,919,0,40,3,8,2,1,49,73,3
2069532,0,919,0,40,2,8,2,1,53,19,3
2108815,0,919,0,40,2,3,2,1,26,47,3
2115451,0,919,0,40,3,2,2,1,15,15,3
2086305,0,919,0,40,3,7,2,1,53,29,3
2117986,0,919,0,40,2,2,2,1,11,55,3
2108076,0,919,0,40,2,4,2,1,17,31,3
2118061,0,919,0,40,2,2,2,1,10,17,3
2105704,0,919,0,40,2,5,2,1,20,20,3
2070207,1,919,877,14.2088,3,10,2,1,37,51,3
2119920,0,919,0,40,2,2,2,1,7,72,3
2089065,0,919,0,40,3,10,2,1,34,49,3
2117143,0,919,0,40,2,2,2,1,6,21,3
2095849,0,919,0,40,2,8,2,1,28,91,3
2121507,0,919,0,40,3,2,2,1,5,31,3
2065244,0,919,0,40,3,12,2,1,50,6,3
2082672,0,919,0,40,2,12,2,1,39,90,3
2114106,0,919,0,40,3,2,2,1,19,22,3
2104041,0,919,0,40,2,5,2,1,21,43,3
2102134,0,919,0,40,3,5,2,1,28,32,3
2110739,0,919,0,40,2,4,2,1,13,54,3
2105253,0,919,0,40,2,4,2,1,23,80,3
2069610,0,919,0,40,2,11,2,1,44,33,3
2107838,0,919,0,40,2,4,2,1,12,41,3
2092998,0,919,0,40,3,5,2,1,46,38,3
2122224,0,919,0,40,3,1,2,1,3,46,3
2122390,0,919,0,40,3,1,2,1,3,39,3
2123037,0,919,0,40,3,1,2,1,3,20,3
2123325,0,919,0,40,3,1,2,1,3,55,3
2123479,0,919,0,40,3,1,2,1,3,21,3
2123571,0,919,0,40,2,1,2,1,3,39,3
2123791,0,919,0,40,2,1,2,1,3,70,3
2123955,0,919,0,40,3,1,2,1,3,12,3
2124035,0,919,0,40,2,1,2,1,3,53,3
2124053,0,919,0,40,2,1,2,1,3,28,3
2124123,0,919,0,40,2,1,2,1,3,49,3
2124177,0,919,0,40,2,1,2,1,3,32,3
2124231,0,919,0,40,2,1,2,1,3,59,3
2124259,0,919,0,40,3,1,2,1,3,70,3
2124549,0,919,0,40,2,1,2,1,3,64,3
2124611,0,919,0,40,2,1,2,1,3,63,3
2098208,0,919,0,40,3,2,2,1,43,64,3
2078233,0,919,0,40,3,8,2,1,77,36,3
2093011,0,919,0,40,3,4,2,1,50,26,3
2090107,0,919,0,40,2,6,2,1,44,40,3
2097026,0,919,0,40,3,3,2,1,40,52,3
2091571,0,919,0,40,2,5,2,1,40,23,3
2111578,0,919,0,40,3,1,2,1,26,15,3
2075715,0,919,0,40,2,13,2,1,65,67,3
2060871,0,919,0,40,2,11,2,1,94,34,3
2044564,0,919,0,40,2,15,2,1,95,33,3
2113976,0,919,0,40,3,1,2,1,22,27,3
2093414,0,919,0,40,2,4,2,1,34,22,3
2088431,0,919,0,40,3,6,2,1,49,37,3
2070470,0,919,0,40,2,10,2,1,90,41,3
2111280,0,919,0,40,3,2,2,1,20,19,3
2085620,0,919,0,40,2,7,2,1,51,24,3
2103143,0,919,0,40,2,3,2,1,29,15,3
2065098,0,919,0,40,2,9,2,1,71,36,3
2107674,1,919,889,34.219,2,3,2,1,24,47,3
2061026,0,919,0,40,3,14,2,1,106,54,3
2104749,0,919,0,40,3,4,2,1,21,51,3
2108599,0,919,0,40,2,2,2,1,26,72,3
2099044,0,919,0,40,2,5,2,1,29,55,3
2095076,0,919,0,40,2,5,2,1,51,80,3
2101076,0,919,0,40,2,4,2,1,27,15,3
2083883,0,919,0,40,3,9,2,1,53,39,3
2113883,0,919,0,40,3,2,2,1,17,35,3
2098131,0,919,0,40,3,6,2,1,33,16,3
2116077,0,919,0,40,3,1,2,1,16,13,3
2091746,0,919,0,40,3,6,2,1,48,65,3
2107353,0,919,0,40,3,3,2,1,25,70,3
2097667,0,919,0,40,3,4,2,1,40,48,3
2064360,0,919,0,40,3,14,2,1,65,46,3
2113565,0,919,0,40,2,2,2,1,18,58,3
2090019,0,919,0,40,3,5,2,1,53,58,3
2115492,0,919,0,40,3,2,2,1,16,77,3
2111318,0,919,0,40,3,3,2,1,21,21,3
2117177,0,919,0,40,3,1,2,1,15,13,3
2117696,0,919,0,40,3,1,2,1,15,37,3
2082234,0,919,0,40,3,8,2,1,54,60,3
2081248,0,919,0,40,3,7,2,1,53,48,3
2072373,0,919,0,40,3,6,2,1,46,24,3
2075397,0,919,0,40,3,10,2,1,68,17,3
2114357,0,919,0,40,3,3,2,1,18,25,3
2117877,0,919,0,40,3,1,2,1,14,24,3
2118699,0,919,0,40,2,1,2,1,14,78,3
2102492,0,919,0,40,3,4,2,1,23,31,3
2112313,0,919,0,40,3,2,2,1,18,36,3
2112362,1,919,916,35.5187,2,2,2,1,22,63,3
2109169,0,919,0,40,2,3,2,1,23,59,3
2117500,0,919,0,40,2,2,2,1,14,122,3
2116585,0,919,0,40,3,1,2,1,13,32,3
2118213,0,919,0,40,2,1,2,1,13,77,3
2118977,0,919,0,40,2,1,2,1,13,41,3
2119203,0,919,0,40,3,1,2,1,13,61,3
2074296,0,919,0,40,3,10,2,1,69,47,3
2090004,0,919,0,40,2,6,2,1,42,23,3
2108105,1,919,891,36.0166,2,3,2,1,21,38,3
2093781,0,919,0,40,2,6,2,1,40,38,3
2096240,0,919,0,40,2,4,2,1,42,62,3
2111548,0,919,0,40,3,3,2,1,19,45,3
2093245,0,919,0,40,2,4,2,1,50,20,3
2096687,0,919,0,40,3,4,2,1,41,63,3
2117984,0,919,0,40,3,2,2,1,13,39,3
2072811,0,919,0,40,3,12,2,1,94,44,3
2118233,0,919,0,40,2,1,2,1,12,22,3
2119238,0,919,0,40,3,1,2,1,12,20,3
2106666,0,919,0,40,3,3,2,1,18,59,3
2098351,0,919,0,40,3,6,2,1,29,43,3
2097610,0,919,0,40,3,6,2,1,31,40,3
2116428,0,919,0,40,2,2,2,1,12,31,3
2068683,0,919,0,40,2,5,2,1,31,22,3
2106499,0,919,0,40,3,3,2,1,27,60,3
2113211,0,919,0,40,3,2,2,1,18,34,3
2108385,0,919,0,40,2,4,2,1,19,32,3
2077901,0,919,0,40,3,7,2,1,70,21,3
2101878,0,919,0,40,3,4,2,1,28,68,3
2068027,0,919,0,40,3,11,2,1,64,66,3
2101770,0,919,0,40,2,5,2,1,24,22,3
2103567,0,919,0,40,3,4,2,1,33,35,3
2088569,0,919,0,40,2,7,2,1,38,39,3
2077628,0,919,0,40,2,9,2,1,59,33,3
2110600,0,919,0,40,2,3,2,1,23,39,3
2118449,0,919,0,40,3,2,2,1,12,9,3
2111726,0,919,0,40,2,3,2,1,22,65,3
2096852,0,919,0,40,3,5,2,1,38,35,3
2119512,0,919,0,40,2,1,2,1,11,60,3
2119764,0,919,0,40,2,1,2,1,11,29,3
2120392,0,919,0,40,3,1,2,1,11,35,3
2103891,0,919,0,40,3,4,2,1,24,47,3
2099864,0,919,0,40,3,5,2,1,27,48,3
2106804,0,919,0,40,2,5,2,1,22,26,3
2081910,0,919,0,40,2,10,2,1,49,73,3
2080723,0,919,0,40,2,9,2,1,66,57,3
2067966,0,919,0,40,2,9,2,1,49,40,3
2110327,0,919,0,40,3,2,2,1,24,25,3
2086365,0,919,0,40,3,8,2,1,54,53,3
2080235,0,919,0,40,2,11,2,1,48,38,3
2097273,1,919,906,34.7276,2,6,2,1,31,55,3
2105388,0,919,0,40,3,5,2,1,27,14,3
2077266,0,919,0,40,3,8,2,1,76,43,3
2114127,0,919,0,40,3,2,2,1,18,54,3
2120109,0,919,0,40,2,1,2,1,10,47,3
2120429,0,919,0,40,2,1,2,1,10,103,3
2108788,0,919,0,40,2,2,2,1,13,26,3
2077886,0,919,0,40,3,12,2,1,48,47,3
2103984,0,919,0,40,2,3,2,1,29,51,3
2104139,0,919,0,40,2,3,2,1,22,43,3
2091430,0,919,0,40,2,6,2,1,40,19,3
2112936,0,919,0,40,2,3,2,1,13,63,3
2113578,0,919,0,40,3,2,2,1,19,57,3
2113477,0,919,0,40,3,2,2,1,17,94,3
2115838,0,919,0,40,3,2,2,1,12,63,3
2104782,0,919,0,40,2,5,2,1,15,36,3
2060801,0,919,0,40,3,9,2,1,73,62,3
2083225,0,919,0,40,2,9,2,1,47,41,3
2108157,0,919,0,40,2,3,2,1,22,79,3
2087177,0,919,0,40,3,12,2,1,40,75,3
2098616,0,919,0,40,3,5,2,1,37,42,3
2119086,0,919,0,40,2,2,2,1,10,52,3
2116992,0,919,0,40,2,2,2,1,16,42,3
2074892,0,919,0,40,2,14,2,1,57,26,3
2107301,0,919,0,40,2,3,2,1,26,26,3
2120602,0,919,0,40,2,1,2,1,9,28,3
2120886,0,919,0,40,2,1,2,1,9,60,3
2121141,0,919,0,40,2,1,2,1,9,48,3
2121273,0,919,0,40,2,1,2,1,9,47,3
2121351,0,919,0,40,2,1,2,1,9,36,3
2121391,0,919,0,40,3,1,2,1,9,9,3
2093660,0,919,0,40,3,8,2,1,32,30,3
2086341,0,919,0,40,3,8,2,1,42,74,3
2086099,0,919,0,40,2,10,2,1,47,45,3
2065636,0,919,0,40,3,3,2,1,36,70,3
2101716,0,919,0,40,3,7,2,1,29,27,3
2116559,1,919,916,32.7552,2,2,2,1,10,22,3
2113057,0,919,0,40,2,3,2,1,13,21,3
2096401,0,919,0,40,3,7,2,1,35,36,3
2113828,0,919,0,40,2,3,2,1,13,25,3
2075026,0,919,0,40,3,10,2,1,66,28,3
2104437,0,919,0,40,2,5,2,1,25,13,3
2113055,0,919,0,40,2,2,2,1,18,61,3
2115715,0,919,0,40,2,2,2,1,15,47,3
2115630,0,919,0,40,2,2,2,1,12,58,3
2116377,0,919,0,40,3,2,2,1,9,59,3
2088857,0,919,0,40,3,7,2,1,38,29,3
2101054,0,919,0,40,3,5,2,1,25,26,3
2116869,0,919,0,40,3,2,2,1,11,27,3
2108393,1,919,902,36.1441,2,5,2,1,16,27,3
2081876,0,919,0,40,2,8,2,1,66,57,3
2067182,0,919,0,40,2,12,2,1,96,39,3
2084689,0,919,0,40,3,11,2,1,45,120,3
2110903,0,919,0,40,2,3,2,1,17,22,3
2120925,0,919,0,40,2,2,2,1,9,42,3
2119336,0,919,0,40,3,1,2,1,8,63,3
2121228,0,919,0,40,3,1,2,1,8,45,3
2121260,0,919,0,40,3,1,2,1,8,34,3
2121608,0,919,0,40,3,1,2,1,8,37,3
2121785,0,919,0,40,3,1,2,1,8,55,3
2121975,0,919,0,40,2,1,2,1,8,35,3
2122133,0,919,0,40,2,1,2,1,8,39,3
2069305,0,919,0,40,2,8,2,1,41,92,3
2090594,0,919,0,40,2,5,2,1,48,35,3
2111311,0,919,0,40,2,2,2,1,15,40,3
2106463,0,919,0,40,2,4,2,1,21,59,3
2104727,0,919,0,40,2,4,2,1,20,25,3
2110346,0,919,0,40,2,3,2,1,19,63,3
2113758,0,919,0,40,2,3,2,1,15,62,3
2116699,0,919,0,40,2,2,2,1,10,51,3
2110543,0,919,0,40,3,3,2,1,17,28,3
2108017,0,919,0,40,3,2,2,1,28,23,3
2110082,0,919,0,40,3,3,2,1,17,22,3
2116463,0,919,0,40,2,2,2,1,13,28,3
2113450,0,919,0,40,2,3,2,1,12,53,3
2111580,0,919,0,40,3,2,2,1,23,42,3
2076090,0,919,0,40,2,9,2,1,70,26,3
2115621,0,919,0,40,3,2,2,1,16,42,3
2060184,0,919,0,40,3,9,2,1,78,55,3
2106863,0,919,0,40,3,3,2,1,25,91,3
2083625,0,919,0,40,3,7,2,1,54,48,3
2082286,0,919,0,40,3,9,2,1,52,53,3
2066728,0,919,0,40,3,12,2,1,56,44,3
2078700,0,919,0,40,3,8,2,1,38,32,3
2118091,0,919,0,40,3,2,2,1,12,53,3
2102464,0,919,0,40,3,6,2,1,22,68,3
2118019,0,919,0,40,3,2,2,1,10,55,3
2115127,0,919,0,40,2,3,2,1,11,61,3
2122014,0,919,0,40,3,1,2,1,7,37,3
2122299,0,919,0,40,2,1,2,1,7,46,3
2122665,0,919,0,40,2,1,2,1,7,78,3
2122705,0,919,0,40,3,1,2,1,7,84,3
2102504,0,919,0,40,3,3,2,1,23,36,3
2077014,0,919,0,40,2,9,2,1,59,33,3
2113298,0,919,0,40,3,3,2,1,11,32,3
2071895,0,919,0,40,3,7,2,1,36,68,3
2104429,0,919,0,40,3,5,2,1,21,23,3
2093322,0,919,0,40,2,9,2,1,24,39,3
2104361,0,919,0,40,3,4,2,1,21,18,3
2096731,0,919,0,40,3,4,2,1,35,77,3
2085636,0,919,0,40,2,6,2,1,55,19,3
2079851,0,919,0,40,3,9,2,1,58,77,3
2112889,0,919,0,40,2,3,2,1,14,90,3
2112957,0,919,0,40,3,2,2,1,19,29,3
2084589,0,919,0,40,2,6,2,1,62,58,3
2113618,0,919,0,40,3,3,2,1,11,52,3
2117431,0,919,0,40,2,2,2,1,8,29,3
2087072,0,919,0,40,2,10,2,1,36,25,3
2076277,0,919,0,40,3,12,2,1,60,11,3
2085547,0,919,0,40,2,7,2,1,51,40,3
2072815,0,919,0,40,3,12,2,1,83,70,3
2115443,0,919,0,40,2,2,2,1,15,48,3
2097481,0,919,0,40,2,7,2,1,30,43,3
2069157,0,919,0,40,2,5,2,1,44,18,3
2117255,0,919,0,40,2,2,2,1,9,28,3
2081204,0,919,0,40,2,7,2,1,73,17,3
2119743,0,919,0,40,2,2,2,1,8,63,3
2120186,0,919,0,40,2,2,2,1,7,89,3
2108835,0,919,0,40,3,4,2,1,22,55,3
2078878,0,919,0,40,2,7,2,1,66,39,3
2104088,0,919,0,40,2,5,2,1,26,30,3
2111358,0,919,0,40,3,4,2,1,14,36,3
2114880,0,919,0,40,2,3,2,1,12,77,3
2083533,0,919,0,40,3,12,2,1,43,41,3
2119435,0,919,0,40,3,2,2,1,9,23,3
2083371,0,919,0,40,3,9,2,1,45,55,3
2119974,0,919,0,40,2,2,2,1,8,45,3
2114179,0,919,0,40,3,4,2,1,13,48,3
2102198,0,919,0,40,2,5,2,1,24,56,3
2106469,0,919,0,40,2,5,2,1,21,50,3
2092923,0,919,0,40,3,6,2,1,43,54,3
2111946,0,919,0,40,3,4,2,1,14,65,3
2098946,0,919,0,40,2,4,2,1,28,27,3
2104652,0,919,0,40,2,6,2,1,23,44,3
2119785,0,919,0,40,3,2,2,1,12,20,3
2122296,0,919,0,40,3,1,2,1,6,73,3
2122384,0,919,0,40,3,1,2,1,6,26,3
2122828,0,919,0,40,3,1,2,1,6,58,3
2122914,0,919,0,40,2,1,2,1,6,53,3
2122982,0,919,0,40,3,1,2,1,6,44,3
2123102,0,919,0,40,3,1,2,1,6,33,3
2123238,0,919,0,40,2,1,2,1,6,71,3
2123314,0,919,0,40,2,1,2,1,6,61,3
2100076,0,919,0,40,2,6,2,1,18,37,3
2110029,0,919,0,40,2,3,2,1,14,61,3
2070665,0,919,0,40,3,6,2,1,48,28,3
2089224,0,919,0,40,3,4,2,1,49,27,3
2114059,0,919,0,40,2,2,2,1,12,37,3
2111554,0,919,0,40,3,2,2,1,19,48,3
2113949,0,919,0,40,3,2,2,1,14,64,3
2097073,0,919,0,40,3,5,2,1,31,27,3
2112494,0,919,0,40,2,3,2,1,9,47,3
2094532,0,919,0,40,2,5,2,1,42,41,3
2078947,1,919,874,29.5634,2,10,2,1,62,56,3
2041828,0,919,0,40,2,14,2,1,73,71,3
2104340,0,919,0,40,3,5,2,1,26,51,3
2070966,0,919,0,40,2,13,2,1,91,32,3
2117430,0,919,0,40,3,2,2,1,11,46,3
2058291,0,919,0,40,3,12,2,1,70,31,3
2102417,0,919,0,40,2,6,2,1,19,69,3
2112425,0,919,0,40,3,4,2,1,11,40,3
2104101,0,919,0,40,2,7,2,1,16,64,3
2106079,0,919,0,40,2,4,2,1,23,45,3
2113463,0,919,0,40,2,3,2,1,13,16,3
2117634,0,919,0,40,2,2,2,1,12,26,3
2113326,1,919,909,12.3952,3,4,2,1,15,50,3
2119237,0,919,0,40,3,2,2,1,9,21,3
2119986,0,919,0,40,2,2,2,1,7,33,3
2072890,1,919,916,30.5331,2,7,2,1,33,28,3
2084637,0,919,0,40,2,9,2,1,47,36,3
2089862,0,919,0,40,2,6,2,1,40,45,3
2101456,0,919,0,40,2,4,2,1,29,80,3
2062740,0,919,0,40,2,12,2,1,63,80,3
2078048,0,919,0,40,3,12,2,1,64,57,3
2103468,0,919,0,40,2,5,2,1,27,46,3
2102630,0,919,0,40,2,4,2,1,28,104,3
2024287,0,919,0,40,3,20,2,1,139,44,3
2111134,0,919,0,40,2,4,2,1,19,37,3
2096543,1,919,875,23.3057,3,6,2,1,33,28,3
2078642,0,919,0,40,3,9,2,1,73,67,3
2112731,0,919,0,40,3,3,2,1,16,19,3
2103909,0,919,0,40,3,4,2,1,27,55,3
2081907,0,919,0,40,2,14,2,1,47,48,3
2106242,0,919,0,40,3,3,2,1,26,55,3
2119629,0,919,0,40,2,3,2,1,9,21,3
2121688,0,919,0,40,3,1,2,1,5,33,3
2122232,0,919,0,40,3,1,2,1,5,25,3
2122618,0,919,0,40,3,1,2,1,5,42,3
2123055,0,919,0,40,3,1,2,1,5,125,3
2123199,0,919,0,40,3,1,2,1,5,22,3
2123407,0,919,0,40,2,1,2,1,5,51,3
2123448,0,919,0,40,3,1,2,1,5,35,3
2123566,0,919,0,40,3,1,2,1,5,41,3
2123702,0,919,0,40,2,1,2,1,5,25,3
2123844,0,919,0,40,2,1,2,1,5,28,3
2061145,0,919,0,40,3,11,2,1,56,17,3
2108192,0,919,0,40,2,5,2,1,10,58,3
2114055,0,919,0,40,3,2,2,1,11,29,3
2103128,0,919,0,40,2,4,2,1,28,63,3
2099878,0,919,0,40,2,4,2,1,25,67,3
2090066,0,919,0,40,2,7,2,1,39,48,3
2114450,0,919,0,40,3,2,2,1,12,52,3
2117721,0,919,0,40,3,2,2,1,8,32,3
2077465,0,919,0,40,2,9,2,1,68,23,3
2071486,0,919,0,40,2,15,2,1,47,24,3
2084672,0,919,0,40,3,7,2,1,56,15,3
2109963,0,919,0,40,3,3,2,1,18,66,3
2068473,0,919,0,40,3,11,2,1,49,40,3
2110907,0,919,0,40,3,3,2,1,10,44,3
2089277,0,919,0,40,3,9,2,1,31,37,3
2117719,0,919,0,40,2,2,2,1,8,11,3
2112437,0,919,0,40,3,3,2,1,16,27,3
2099898,0,919,0,40,2,3,2,1,39,15,3
2114341,1,919,916,28.2943,3,3,2,1,13,35,3
2117782,0,919,0,40,3,2,2,1,11,37,3
2044406,0,919,0,40,3,13,2,1,66,44,3
2109494,0,919,0,40,3,5,2,1,16,43,3
2119847,0,919,0,40,3,2,2,1,8,15,3
2113512,0,919,0,40,3,2,2,1,20,76,3
2116416,0,919,0,40,2,2,2,1,15,23,3
2098024,0,919,0,40,3,6,2,1,20,40,3
2084831,0,919,0,40,2,7,2,1,51,30,3
2112103,0,919,0,40,3,4,2,1,12,63,3
2066352,0,919,0,40,2,8,2,1,47,41,3
2113907,0,919,0,40,3,3,2,1,10,33,3
2078499,0,919,0,40,2,11,2,1,59,57,3
2118613,0,919,0,40,2,3,2,1,6,46,3
2102380,0,919,0,40,3,6,2,1,19,53,3
2120070,0,919,0,40,2,3,2,1,6,16,3
2113884,0,919,0,40,3,2,2,1,20,29,3
2114397,0,919,0,40,2,3,2,1,16,27,3
2065391,0,919,0,40,3,9,2,1,53,46,3
2102056,0,919,0,40,2,4,2,1,25,64,3
2064440,0,919,0,40,2,17,2,1,69,28,3
2101398,0,919,0,40,2,6,2,1,33,28,3
2118221,0,919,0,40,3,3,2,1,6,29,3
2085679,0,919,0,40,3,8,2,1,56,31,3
2120301,0,919,0,40,2,2,2,1,9,27,3
2118090,0,919,0,40,3,3,2,1,11,26,3
2122000,0,919,0,40,3,1,2,1,4,48,3
2122654,0,919,0,40,3,1,2,1,4,32,3
2123229,0,919,0,40,2,1,2,1,4,61,3
2123467,0,919,0,40,3,1,2,1,4,39,3
2123579,0,919,0,40,2,1,2,1,4,17,3
2123691,0,919,0,40,3,1,2,1,4,43,3
2123879,0,919,0,40,2,1,2,1,4,27,3
2123959,0,919,0,40,2,1,2,1,4,15,3
2124033,0,919,0,40,2,1,2,1,4,61,3
2124087,0,919,0,40,3,1,2,1,4,62,3
2124301,0,919,0,40,3,1,2,1,4,48,3
2124383,0,919,0,40,2,1,2,1,4,59,3
2124419,0,919,0,40,2,1,2,1,4,24,3
2124539,0,919,0,40,2,1,2,1,4,35,3
2065227,0,919,0,40,3,10,2,1,59,97,3
2090112,0,919,0,40,2,7,2,1,29,20,3
2111139,0,919,0,40,2,3,2,1,11,49,3
2071369,0,919,0,40,2,11,2,1,58,24,3
2103592,0,919,0,40,2,5,2,1,17,60,3
2095620,0,919,0,40,3,5,2,1,36,69,3
2117686,0,919,0,40,3,2,2,1,8,64,3
2107237,0,919,0,40,2,5,2,1,19,66,3
2072206,0,919,0,40,2,8,2,1,55,33,3
2115264,0,919,0,40,2,2,2,1,13,41,3
2070818,0,919,0,40,2,8,2,1,40,21,3
2103965,0,919,0,40,3,5,2,1,16,55,3
2106314,0,919,0,40,2,3,2,1,20,53,3
2119569,0,919,0,40,3,2,2,1,5,65,3
2092832,0,919,0,40,3,5,2,1,38,48,3
2081148,0,919,0,40,2,8,2,1,60,61,3
2102147,0,919,0,40,2,4,2,1,28,27,3
2113051,0,919,0,40,3,2,2,1,16,68,3
2111250,0,919,0,40,3,4,2,1,14,50,3
2085160,0,919,0,40,3,8,2,1,58,71,3
2114177,0,919,0,40,3,3,2,1,14,42,3
2111148,0,919,0,40,2,3,2,1,13,43,3
2104961,0,919,0,40,3,5,2,1,19,37,3
2116831,0,919,0,40,2,3,2,1,8,40,3
2096448,0,919,0,40,2,5,2,1,26,50,3
2115015,0,919,0,40,3,4,2,1,8,40,3
2079636,0,919,0,40,3,10,2,1,50,34,3
2115512,0,919,0,40,2,2,2,1,13,51,3
2107279,0,919,0,40,3,5,2,1,13,24,3
2117707,0,919,0,40,2,2,2,1,7,23,3
2101996,0,919,0,40,3,6,2,1,23,27,3
2114117,0,919,0,40,2,3,2,1,13,43,3
2106251,0,919,0,40,2,6,2,1,19,63,3
2088722,0,919,0,40,2,8,2,1,42,36,3
2119630,0,919,0,40,2,2,2,1,4,96,3
2102060,0,919,0,40,3,4,2,1,28,30,3
2097677,0,919,0,40,3,5,2,1,35,57,3
2080858,0,919,0,40,3,9,2,1,56,35,3
2101844,1,919,916,34.7774,2,5,2,1,26,29,3
2106311,0,919,0,40,2,4,2,1,22,74,3
2119133,0,919,0,40,3,2,2,1,9,24,3
2114568,0,919,0,40,3,4,2,1,11,54,3
2072129,0,919,0,40,3,7,2,1,43,49,3
2120225,0,919,0,40,2,2,2,1,6,38,3
2086001,0,919,0,40,3,12,2,1,41,39,3
2117533,0,919,0,40,2,3,2,1,9,89,3
2097663,0,919,0,40,2,7,2,1,27,36,3
2119789,0,919,0,40,3,3,2,1,5,21,3
2085399,0,919,0,40,3,11,2,1,33,19,3
2115500,0,919,0,40,3,2,2,1,15,34,3
2117916,0,919,0,40,3,2,2,1,12,84,3
2118714,0,919,0,40,3,2,2,1,10,25,3
2073315,0,919,0,40,2,16,2,1,54,24,3
2111890,0,919,0,40,2,3,2,1,18,40,3
2087283,0,919,0,40,3,8,2,1,48,32,3
2103056,0,919,0,40,3,4,2,1,17,41,3
2084439,0,919,0,40,2,10,2,1,50,42,3
2121918,0,919,0,40,3,2,2,1,4,21,3
2111187,0,919,0,40,3,3,2,1,18,31,3
2098652,0,919,0,40,3,5,2,1,33,94,3
2075190,1,919,916,31.8713,2,11,2,1,75,57,3
2115842,0,919,0,40,3,3,2,1,13,38,3
2084629,0,919,0,40,3,9,2,1,50,55,3
2120804,0,919,0,40,2,2,2,1,6,45,3
2089956,0,919,0,40,2,8,2,1,36,30,3
2120784,0,919,0,40,2,2,2,1,5,44,3
2072635,0,919,0,40,2,19,2,1,62,38,3
2089306,0,919,0,40,2,7,2,1,51,80,3
2112990,0,919,0,40,2,3,2,1,17,27,3
2119947,0,919,0,40,2,2,2,1,8,46,3
2105850,0,919,0,40,3,6,2,1,19,71,3
2122368,0,919,0,40,2,2,2,1,5,27,3
2098522,0,919,0,40,3,7,2,1,30,44,3
2087636,0,919,0,40,3,10,2,1,35,56,3
2120253,0,919,0,40,2,3,2,1,8,103,3
2121598,0,919,0,40,3,1,2,1,3,28,3
2122518,0,919,0,40,2,1,2,1,3,30,3
2122678,0,919,0,40,2,1,2,1,3,102,3
2123257,0,919,0,40,3,1,2,1,3,17,3
2123497,0,919,0,40,3,1,2,1,3,43,3
2123961,0,919,0,40,3,1,2,1,3,26,3
2124046,0,919,0,40,3,1,2,1,3,41,3
2124062,0,919,0,40,2,1,2,1,3,43,3
2124126,0,919,0,40,3,1,2,1,3,35,3
2124450,0,919,0,40,2,1,2,1,3,53,3
2124562,0,919,0,40,2,1,2,1,3,23,3
2124761,0,919,0,40,3,1,2,1,3,29,3
2124803,0,919,0,40,3,1,2,1,3,14,3
2125007,0,919,0,40,2,1,2,1,3,56,3
2125183,0,919,0,40,3,1,2,1,3,65,3
2104945,0,919,0,40,2,1,2,1,39,28,3
2107797,0,919,0,40,2,1,2,1,34,31,3
2102261,0,919,0,40,3,2,2,1,32,51,3
2069694,0,919,0,40,2,1,2,1,31,12,3
2092353,0,919,0,40,2,3,2,1,47,37,3
2085726,0,919,0,40,2,7,2,1,53,43,3
2089497,0,919,0,40,2,5,2,1,34,39,3
2113713,0,919,0,40,2,1,2,1,22,97,3
2054350,0,919,0,40,3,14,2,1,96,55,3
2099293,0,919,0,40,3,4,2,1,35,45,3
2094252,0,919,0,40,3,5,2,1,41,28,3
2098058,0,919,0,40,3,3,2,1,43,19,3
2108829,0,919,0,40,2,2,2,1,29,68,3
2115375,0,919,0,40,3,1,2,1,20,37,3
2104474,0,919,0,40,2,3,2,1,31,41,3
2089003,0,919,0,40,3,4,2,1,67,24,3
2096162,0,919,0,40,2,5,2,1,35,24,3
2081697,0,919,0,40,2,11,2,1,46,24,3
2101597,0,919,0,40,3,3,2,1,29,33,3
2089952,0,919,0,40,2,5,2,1,43,50,3
2092848,0,919,0,40,2,7,2,1,38,28,3
2107583,0,919,0,40,2,3,2,1,26,33,3
2092872,0,919,0,40,3,8,2,1,36,36,3
2092099,0,919,0,40,2,3,2,1,51,34,3
2113939,0,919,0,40,2,2,2,1,17,83,3
2095347,0,919,0,40,3,5,2,1,45,44,3
2109073,0,919,0,40,3,2,2,1,28,33,3
2087622,0,919,0,40,2,7,2,1,50,38,3
2117469,0,919,0,40,2,1,2,1,16,64,3
2093873,0,919,0,40,3,6,2,1,25,30,3
2100589,0,919,0,40,2,4,2,1,37,18,3
2093646,0,919,0,40,2,6,2,1,38,94,3
2118561,0,919,0,40,3,1,2,1,15,44,3
2069667,0,919,0,40,3,8,2,1,39,49,3
2107901,0,919,0,40,2,3,2,1,28,20,3
2090461,0,919,0,40,3,7,2,1,45,24,3
2111977,1,919,896,27.6758,2,3,2,1,18,37,3
2109424,0,919,0,40,2,2,2,1,30,34,3
2117383,0,919,0,40,2,1,2,1,14,55,3
2118738,0,919,0,40,3,1,2,1,14,62,3
2104773,0,919,0,40,3,3,2,1,30,26,3
2063324,0,919,0,40,2,9,2,1,57,55,3
2073673,1,919,901,22.5051,3,9,2,1,89,42,3
2081727,0,919,0,40,2,7,2,1,61,51,3
2085235,0,919,0,40,3,6,2,1,46,70,3
2094362,0,919,0,40,3,4,2,1,50,24,3
2083049,0,919,0,40,2,11,2,1,50,32,3
2070519,0,919,0,40,2,9,2,1,69,45,3
2093595,2,919,0,40,3,5,2,1,47,38,3
2116473,0,919,0,40,3,1,2,1,13,46,3
2090821,0,919,0,40,2,7,2,1,34,37,3
2094276,1,919,917,30.6355,3,5,2,1,40,37,3
2090953,0,919,0,40,3,7,2,1,44,45,3
2118097,0,919,0,40,2,1,2,1,12,25,3
2119396,0,919,0,40,3,1,2,1,12,65,3
2120072,0,919,0,40,3,1,2,1,12,55,3
2082112,0,919,0,40,2,7,2,1,55,29,3
2105420,0,919,0,40,2,4,2,1,22,31,3
2107754,0,919,0,40,3,3,2,1,21,88,3
2109215,0,919,0,40,2,3,2,1,20,52,3
2112449,0,919,0,40,3,3,2,1,17,12,3
2112402,0,919,0,40,2,3,2,1,19,15,3
2042802,0,919,0,40,3,17,2,1,81,58,3
2113686,0,919,0,40,3,3,2,1,19,61,3
2119965,0,919,0,40,2,1,2,1,11,57,3
2120753,0,919,0,40,2,1,2,1,11,52,3
2120845,0,919,0,40,2,1,2,1,11,75,3
2103665,0,919,0,40,3,3,2,1,28,47,3
2057333,1,919,917,28.0861,3,13,2,1,85,71,3
2111813,0,919,0,40,2,2,2,1,20,44,3
2109600,0,919,0,40,3,2,2,1,24,10,3
2100118,0,919,0,40,3,5,2,1,27,38,3
2103681,0,919,0,40,2,5,2,1,21,48,3
2077275,0,919,0,40,2,9,2,1,71,101,3
2101447,0,919,0,40,2,4,2,1,38,49,3
2114630,0,919,0,40,3,2,2,1,17,54,3
2080914,0,919,0,40,2,10,2,1,55,29,3
2102832,0,919,0,40,3,4,2,1,25,48,3
2104405,0,919,0,40,3,5,2,1,24,31,3
2096215,0,919,0,40,3,5,2,1,41,43,3
2090371,0,919,0,40,3,9,2,1,40,32,3
2087506,0,919,0,40,2,8,2,1,47,35,3
2110967,0,919,0,40,3,3,2,1,17,8,3
2069207,0,919,0,40,3,10,2,1,80,38,3
2121487,0,919,0,40,2,1,2,1,10,40,3
2121583,0,919,0,40,2,1,2,1,10,39,3
2091206,0,919,0,40,3,8,2,1,36,42,3
2088516,0,919,0,40,3,7,2,1,41,18,3
2099661,0,919,0,40,3,6,2,1,26,32,3
2031468,0,919,0,40,3,19,2,1,77,50,3
2115958,0,919,0,40,2,2,2,1,12,33,3
2112830,0,919,0,40,2,2,2,1,20,46,3
2072457,0,919,0,40,3,4,2,1,55,23,3
2102480,0,919,0,40,3,4,2,1,33,39,3
2098953,0,919,0,40,2,4,2,1,31,25,3
2097152,0,919,0,40,2,5,2,1,37,45,3
2118555,0,919,0,40,3,2,2,1,12,62,3
2071675,0,919,0,40,3,7,2,1,49,39,3
2092968,0,919,0,40,2,6,2,1,38,27,3
2121216,0,919,0,40,3,1,2,1,9,43,3
2122023,0,919,0,40,2,1,2,1,9,44,3
2101017,0,919,0,40,3,4,2,1,26,50,3
2068555,1,919,903,38.8373,2,8,2,1,55,72,3
2071313,0,919,0,40,3,8,2,1,54,38,3
2080365,0,919,0,40,2,8,2,1,60,51,3
2077314,0,919,0,40,3,11,2,1,48,32,3
2082957,0,919,0,40,3,8,2,1,49,48,3
2114231,0,919,0,40,3,2,2,1,16,21,3
2109860,0,919,0,40,3,3,2,1,19,39,3
2093529,0,919,0,40,2,5,2,1,36,42,3
2080744,0,919,0,40,3,8,2,1,65,69,3
2111499,0,919,0,40,3,2,2,1,19,50,3
2101167,0,919,0,40,2,3,2,1,40,32,3
2081324,0,919,0,40,3,10,2,1,49,63,3
2084807,0,919,0,40,2,8,2,1,49,68,3
2118160,0,919,0,40,3,2,2,1,12,55,3
2108625,1,919,907,17.3995,3,4,2,1,24,38,3
2087161,0,919,0,40,2,8,2,1,46,46,3
2118910,0,919,0,40,2,2,2,1,9,33,3
2108312,0,919,0,40,2,4,2,1,22,52,3
2111356,0,919,0,40,2,3,2,1,22,61,3
2097949,1,919,910,34.5518,2,4,2,1,45,81,3
2120079,0,919,0,40,3,1,2,1,8,36,3
2121670,0,919,0,40,2,1,2,1,8,32,3
2097982,0,919,0,40,2,4,2,1,38,45,3
2071749,0,919,0,40,2,7,2,1,33,47,3
2118065,0,919,0,40,2,2,2,1,10,18,3
2107768,0,919,0,40,2,4,2,1,17,60,3
2083078,0,919,0,40,3,9,2,1,53,62,3
2092298,0,919,0,40,3,5,2,1,47,57,3
2069514,0,919,0,40,3,7,2,1,64,23,3
2107407,0,919,0,40,2,5,2,1,24,43,3
2119020,0,919,0,40,2,2,2,1,8,14,3
2081666,0,919,0,40,3,8,2,1,57,55,3
2090129,0,919,0,40,3,5,2,1,52,33,3
2116503,0,919,0,40,3,2,2,1,15,31,3
2111789,0,919,0,40,2,3,2,1,19,34,3
2099551,0,919,0,40,2,5,2,1,29,56,3
2113142,0,919,0,40,3,4,2,1,16,22,3
2093146,0,919,0,40,2,6,2,1,41,34,3
2106752,0,919,0,40,2,4,2,1,22,38,3
2089589,0,919,0,40,2,7,2,1,44,50,3
2071308,0,919,0,40,3,10,2,1,59,26,3
2119352,0,919,0,40,3,2,2,1,9,46,3
2120888,0,919,0,40,2,1,2,1,7,42,3
2121286,0,919,0,40,3,1,2,1,7,45,3
2122536,0,919,0,40,2,1,2,1,7,17,3
2122958,0,919,0,40,3,1,2,1,7,20,3
2123136,0,919,0,40,3,1,2,1,7,35,3
2123232,0,919,0,40,2,1,2,1,7,62,3
2071930,0,919,0,40,2,10,2,1,94,16,3
2091633,0,919,0,40,3,8,2,1,32,75,3
2109873,0,919,0,40,2,3,2,1,15,127,3
2116165,0,919,0,40,2,2,2,1,11,44,3
2117261,0,919,0,40,3,2,2,1,10,13,3
2099569,0,919,0,40,2,7,2,1,22,47,3
2105119,0,919,0,40,2,3,2,1,33,30,3
2115748,0,919,0,40,2,2,2,1,14,77,3
2117110,0,919,0,40,2,2,2,1,12,57,3
2101657,0,919,0,40,3,6,2,1,20,37,3
2102975,0,919,0,40,3,4,2,1,28,108,3
2105446,0,919,0,40,2,4,2,1,22,36,3
2070134,0,919,0,40,2,11,2,1,88,52,3
2105817,0,919,0,40,3,5,2,1,18,29,3
2070011,0,919,0,40,2,9,2,1,48,89,3
2101187,0,919,0,40,3,6,2,1,28,32,3
2084646,0,919,0,40,3,8,2,1,54,34,3
2104020,0,919,0,40,3,5,2,1,21,48,3
2068731,0,919,0,40,3,5,2,1,22,44,3
2121508,0,919,0,40,3,2,2,1,7,48,3
2091984,0,919,0,40,3,6,2,1,30,21,3
2105519,0,919,0,40,3,5,2,1,24,42,3
2121190,0,919,0,40,3,1,2,1,6,68,3
2122072,0,919,0,40,2,1,2,1,6,45,3
2122939,0,919,0,40,2,1,2,1,6,62,3
2123247,0,919,0,40,2,1,2,1,6,38,3
2123371,0,919,0,40,3,1,2,1,6,36,3
2123524,0,919,0,40,2,1,2,1,6,26,3
2123692,0,919,0,40,3,1,2,1,6,78,3
2123802,0,919,0,40,2,1,2,1,6,53,3
2123962,0,919,0,40,2,1,2,1,6,83,3
2124008,0,919,0,40,2,1,2,1,6,97,3
2095086,0,919,0,40,2,6,2,1,27,51,3
2101052,0,919,0,40,3,6,2,1,23,41,3
2114038,0,919,0,40,2,4,2,1,10,17,3
2109814,0,919,0,40,2,2,2,1,21,29,3
2106351,0,919,0,40,3,3,2,1,23,43,3
2071199,0,919,0,40,3,11,2,1,52,39,3
2052973,0,919,0,40,2,12,2,1,74,60,3
2117993,0,919,0,40,3,3,2,1,8,29,3
2109037,0,919,0,40,3,3,2,1,19,70,3
2088443,0,919,0,40,3,6,2,1,53,40,3
2093375,0,919,0,40,3,7,2,1,31,67,3
2104815,0,919,0,40,3,3,2,1,32,29,3
2115232,0,919,0,40,3,2,2,1,17,45,3
2069018,0,919,0,40,2,9,2,1,54,19,3
2118402,0,919,0,40,2,2,2,1,10,43,3
2102119,1,919,910,11.7218,3,6,2,1,26,17,3
2101727,0,919,0,40,3,6,2,1,26,13,3
2100359,0,919,0,40,3,5,2,1,32,71,3
2117796,0,919,0,40,2,3,2,1,8,52,3
2113379,0,919,0,40,2,3,2,1,10,30,3
2093397,0,919,0,40,3,6,2,1,40,29,3
2100726,0,919,0,40,2,6,2,1,24,16,3
2116868,0,919,0,40,3,2,2,1,15,22,3
2082857,0,919,0,40,3,10,2,1,54,32,3
2113348,0,919,0,40,2,4,2,1,11,57,3
2119778,0,919,0,40,2,2,2,1,8,75,3
2121827,0,919,0,40,3,2,2,1,6,76,3
2111538,0,919,0,40,3,4,2,1,18,69,3
2068355,0,919,0,40,2,10,2,1,47,55,3
2114259,0,919,0,40,3,3,2,1,15,26,3
2121771,0,919,0,40,2,2,2,1,7,49,3
2099481,0,919,0,40,2,6,2,1,22,47,3
2118319,0,919,0,40,2,3,2,1,8,52,3
2123156,0,919,0,40,2,2,2,1,6,46,3
2123317,0,919,0,40,3,1,2,1,5,18,3
2124073,0,919,0,40,3,1,2,1,5,35,3
2124277,0,919,0,40,3,1,2,1,5,40,3
2124365,0,919,0,40,2,1,2,1,5,28,3
2124403,0,919,0,40,3,1,2,1,5,46,3
2093934,0,919,0,40,3,5,2,1,34,29,3
2113364,0,919,0,40,2,3,2,1,13,48,3
2112448,0,919,0,40,3,2,2,1,14,31,3
2115927,0,919,0,40,2,2,2,1,11,54,3
2087770,0,919,0,40,2,8,2,1,37,41,3
2092203,0,919,0,40,2,5,2,1,43,20,3
2069646,0,919,0,40,3,9,2,1,30,39,3
2084307,0,919,0,40,3,7,2,1,47,29,3
2100822,0,919,0,40,2,4,2,1,31,42,3
2117575,0,919,0,40,2,2,2,1,7,76,3
2104941,0,919,0,40,2,4,2,1,27,33,3
2101945,0,919,0,40,2,5,2,1,29,49,3
2111242,0,919,0,40,2,3,2,1,15,37,3
2117760,0,919,0,40,2,3,2,1,7,60,3
2087851,0,919,0,40,2,9,2,1,37,83,3
2069002,0,919,0,40,3,12,2,1,67,69,3
2119076,0,919,0,40,2,2,2,1,8,32,3
2110723,0,919,0,40,3,3,2,1,16,36,3
2072324,0,919,0,40,3,9,2,1,37,41,3
2104605,0,919,0,40,3,5,2,1,17,68,3
2106037,0,919,0,40,3,4,2,1,28,21,3
2114624,0,919,0,40,3,3,2,1,9,60,3
2117374,0,919,0,40,3,3,2,1,9,45,3
2120233,0,919,0,40,2,2,2,1,8,37,3
2119565,0,919,0,40,3,3,2,1,9,63,3
2069259,0,919,0,40,3,10,2,1,68,28,3
2107718,0,919,0,40,2,3,2,1,27,66,3
2084616,0,919,0,40,2,6,2,1,69,53,3
2086239,0,919,0,40,2,7,2,1,56,19,3
2101477,0,919,0,40,3,5,2,1,22,42,3
2116592,0,919,0,40,3,4,2,1,11,45,3
2118766,0,919,0,40,3,2,2,1,13,22,3
2108128,0,919,0,40,3,5,2,1,16,55,3
2113054,0,919,0,40,3,4,2,1,10,45,3
2081817,0,919,0,40,2,8,2,1,63,26,3
2122582,0,919,0,40,3,1,2,1,4,76,3
2123673,0,919,0,40,3,1,2,1,4,38,3
2123921,0,919,0,40,3,1,2,1,4,40,3
2124090,0,919,0,40,2,1,2,1,4,36,3
2124713,0,919,0,40,3,1,2,1,4,31,3
2124877,0,919,0,40,3,1,2,1,4,71,3
2124917,0,919,0,40,3,1,2,1,4,73,3
2124983,0,919,0,40,3,1,2,1,4,52,3
2125133,0,919,0,40,3,1,2,1,4,84,3
2125195,0,919,0,40,3,1,2,1,4,32,3
2105459,0,919,0,40,2,4,2,1,18,46,3
2072468,0,919,0,40,3,13,2,1,85,58,3
2109747,0,919,0,40,3,3,2,1,17,40,3
2077955,0,919,0,40,3,9,2,1,69,26,3
2120220,0,919,0,40,2,2,2,1,4,83,3
2073416,0,919,0,40,2,12,2,1,72,69,3
2111633,0,919,0,40,3,3,2,1,13,67,3
2095627,0,919,0,40,2,3,2,1,41,20,3
2098106,0,919,0,40,2,6,2,1,24,41,3
2106167,0,919,0,40,3,4,2,1,18,87,3
2105382,0,919,0,40,2,3,2,1,27,58,3
2121349,0,919,0,40,3,2,2,1,4,59,3
2099016,0,919,0,40,2,6,2,1,31,39,3
2117839,0,919,0,40,3,2,2,1,9,53,3
2107103,0,919,0,40,2,4,2,1,23,72,3
2113494,0,919,0,40,2,4,2,1,13,33,3
2094519,0,919,0,40,2,7,2,1,37,57,3
2053060,0,919,0,40,2,7,2,1,76,49,3
2070823,0,919,0,40,2,11,2,1,36,51,3
2109778,0,919,0,40,2,3,2,1,19,78,3
2083928,0,919,0,40,3,8,2,1,42,56,3
2103642,0,919,0,40,3,5,2,1,19,72,3
2077684,0,919,0,40,2,10,2,1,64,30,3
2121512,0,919,0,40,3,2,2,1,5,26,3
2088096,0,919,0,40,3,9,2,1,47,42,3
2106302,0,919,0,40,2,4,2,1,22,54,3
2106333,0,919,0,40,2,4,2,1,23,60,3
2106330,0,919,0,40,3,4,2,1,23,82,3
2103288,0,919,0,40,3,4,2,1,30,49,3
2071979,0,919,0,40,2,10,2,1,46,17,3
2069174,0,919,0,40,2,11,2,1,55,67,3
2117536,0,919,0,40,3,3,2,1,11,40,3
2120389,0,919,0,40,3,2,2,1,8,20,3
2071741,0,919,0,40,3,10,2,1,53,48,3
2121580,0,919,0,40,3,2,2,1,6,45,3
2117022,0,919,0,40,2,4,2,1,9,22,3
2106323,0,919,0,40,2,4,2,1,27,60,3
2099211,0,919,0,40,2,6,2,1,24,32,3
2111545,0,919,0,40,2,3,2,1,20,41,3
2103572,0,919,0,40,2,3,2,1,29,30,3
2106667,0,919,0,40,2,4,2,1,22,50,3
2120124,0,919,0,40,2,2,2,1,10,49,3
2084904,0,919,0,40,2,7,2,1,57,29,3
2103897,0,919,0,40,3,5,2,1,22,25,3
2117123,0,919,0,40,3,3,2,1,10,24,3
2123382,0,919,0,40,3,2,2,1,5,28,3
2096022,0,919,0,40,2,7,2,1,41,40,3
2114186,0,919,0,40,3,3,2,1,15,61,3
2104431,0,919,0,40,3,7,2,1,28,55,3
2122768,0,919,0,40,2,2,2,1,7,72,3
2124220,0,919,0,40,2,1,2,1,3,84,3
2124942,0,919,0,40,2,1,2,1,3,48,3
2125427,0,919,0,40,3,1,2,1,3,20,3
2125463,0,919,0,40,3,1,2,1,3,48,3
2125497,0,919,0,40,2,1,2,1,3,25,3
2125527,0,919,0,40,2,1,2,1,3,46,3
2125613,0,919,0,40,3,1,2,1,3,96,3
2125629,0,919,0,40,2,1,2,1,3,19,3
2125681,0,919,0,40,3,1,2,1,3,41,3
2125743,0,919,0,40,3,1,2,1,3,25,3
2106958,0,919,0,40,2,2,2,1,28,25,3
2092193,0,919,0,40,3,4,2,1,51,57,3
2109224,0,919,0,40,2,2,2,1,31,69,3
2114549,0,919,0,40,3,1,2,1,23,19,3
2104146,0,919,0,40,3,3,2,1,24,33,3
2076433,0,919,0,40,2,10,2,1,84,60,3
2107839,0,919,0,40,3,2,2,1,28,85,3
2081198,0,919,0,40,2,8,2,1,71,35,3
2115122,0,919,0,40,2,2,2,1,20,59,3
2114457,0,919,0,40,3,2,2,1,18,43,3
2084849,0,919,0,40,2,8,2,1,46,46,3
2103801,0,919,0,40,3,5,2,1,30,51,3
2117097,0,919,0,40,2,1,2,1,17,60,3
2083183,0,919,0,40,2,7,2,1,62,38,3
2109251,0,919,0,40,3,2,2,1,26,16,3
2111308,0,919,0,40,3,2,2,1,18,27,3
2101033,0,919,0,40,2,4,2,1,30,43,3
2071610,0,919,0,40,3,3,2,1,51,64,3
2107384,0,919,0,40,3,3,2,1,29,26,3
2113946,0,919,0,40,3,2,2,1,18,71,3
2080389,0,919,0,40,2,10,2,1,57,60,3
2043153,0,919,0,40,2,18,2,1,103,48,3
2083699,0,919,0,40,2,8,2,1,57,53,3
2109613,0,919,0,40,3,3,2,1,22,58,3
2111176,0,919,0,40,2,3,2,1,21,80,3
2092383,0,919,0,40,2,7,2,1,46,36,3
2118707,0,919,0,40,2,2,2,1,14,25,3
2119502,0,919,0,40,3,1,2,1,11,75,3
2120626,0,919,0,40,2,1,2,1,11,29,3
2110009,1,919,903,13.928,3,3,2,1,17,79,3
2108379,0,919,0,40,3,3,2,1,23,37,3
2109633,0,919,0,40,2,3,2,1,21,38,3
2109250,0,919,0,40,2,3,2,1,24,37,3
2088177,0,919,0,40,3,8,2,1,48,28,3
2098160,0,919,0,40,2,7,2,1,33,37,3
2078476,0,919,0,40,2,8,2,1,76,39,3
2121877,0,919,0,40,3,1,2,1,10,36,3
2067241,1,919,902,15.7276,3,8,2,1,50,78,3
2115610,0,919,0,40,3,2,2,1,11,44,3
2117016,0,919,0,40,3,2,2,1,14,39,3
2111110,0,919,0,40,3,3,2,1,23,22,3
2114894,0,919,0,40,3,3,2,1,13,55,3
2094443,0,919,0,40,2,7,2,1,31,55,3
2096115,0,919,0,40,2,7,2,1,30,34,3
2095190,0,919,0,40,2,7,2,1,28,80,3
2120143,0,919,0,40,3,1,2,1,9,72,3
2122355,0,919,0,40,2,1,2,1,9,52,3
2122601,0,919,0,40,2,1,2,1,9,43,3
2119907,0,919,0,40,3,2,2,1,9,59,3
2072359,0,919,0,40,3,6,2,1,42,59,3
2118762,0,919,0,40,2,2,2,1,12,79,3
2071720,0,919,0,40,3,7,2,1,47,40,3
2115575,0,919,0,40,2,3,2,1,17,38,3
2122744,0,919,0,40,2,1,2,1,8,46,3
2123228,0,919,0,40,3,1,2,1,8,83,3
2115407,1,919,918,36.8332,3,2,2,1,9,22,3
2087576,0,919,0,40,2,7,2,1,46,45,3
2109974,0,919,0,40,3,3,2,1,21,48,3
2069078,0,919,0,40,2,10,2,1,47,19,3
2043925,0,919,0,40,3,12,2,1,108,34,3
2090327,0,919,0,40,2,10,2,1,35,28,3
2098798,0,919,0,40,3,4,2,1,38,49,3
2093705,1,919,918,30.3276,2,6,2,1,25,41,3
2084291,0,919,0,40,2,8,2,1,54,45,3
2080240,0,919,0,40,3,6,2,1,75,54,3
2111169,0,919,0,40,2,4,2,1,21,45,3
2101382,0,919,0,40,2,3,2,1,39,19,3
2087042,0,919,0,40,2,8,2,1,42,22,3
2084718,0,919,0,40,2,7,2,1,49,81,3
2103734,0,919,0,40,3,4,2,1,35,72,3
2122306,0,919,0,40,2,1,2,1,7,20,3
2122967,0,919,0,40,2,1,2,1,7,51,3
2123019,0,919,0,40,2,1,2,1,7,67,3
2098592,0,919,0,40,2,5,2,1,24,57,3
2104760,0,919,0,40,3,4,2,1,21,75,3
2104504,0,919,0,40,2,6,2,1,22,18,3
2092039,0,919,0,40,2,6,2,1,36,39,3
2069444,0,919,0,40,2,3,2,1,13,20,3
2094364,0,919,0,40,2,5,2,1,40,61,3
2112909,0,919,0,40,3,3,2,1,20,43,3
2091627,0,919,0,40,3,6,2,1,46,81,3
2102469,1,919,885,12.7037,3,4,2,1,30,57,3
2096330,0,919,0,40,3,5,2,1,29,27,3
2120606,0,919,0,40,2,2,2,1,9,23,3
2102857,0,919,0,40,3,4,2,1,25,16,3
2074217,0,919,0,40,2,12,2,1,86,31,3
2105114,0,919,0,40,2,5,2,1,22,27,3
2123715,0,919,0,40,3,1,2,1,6,50,3
2123835,0,919,0,40,2,1,2,1,6,44,3
2123935,0,919,0,40,2,1,2,1,6,65,3
2086854,0,919,0,40,3,7,2,1,54,37,3
2102264,0,919,0,40,3,6,2,1,16,32,3
2082265,0,919,0,40,3,7,2,1,60,32,3
2094422,0,919,0,40,3,6,2,1,32,32,3
2068890,0,919,0,40,3,9,2,1,59,46,3
2092123,0,919,0,40,3,8,2,1,37,60,3
2102050,0,919,0,40,2,4,2,1,30,50,3
2070117,0,919,0,40,3,7,2,1,49,61,3
2107483,0,919,0,40,3,4,2,1,20,27,3
2117033,0,919,0,40,3,3,2,1,9,51,3
2102665,0,919,0,40,3,6,2,1,22,65,3
2096455,0,919,0,40,3,5,2,1,43,64,3
2072328,0,919,0,40,3,15,2,1,79,68,3
2092253,0,919,0,40,3,6,2,1,45,64,3
2086475,0,919,0,40,2,8,2,1,47,59,3
2025513,0,919,0,40,2,18,2,1,111,58,3
2105827,0,919,0,40,3,7,2,1,15,26,3
2123561,0,919,0,40,2,1,2,1,5,45,3
2124627,0,919,0,40,2,1,2,1,5,37,3
2124981,0,919,0,40,2,1,2,1,5,26,3
2125059,0,919,0,40,2,1,2,1,5,69,3
2117283,1,919,905,34.5195,2,2,2,1,5,58,3
2068011,0,919,0,40,3,10,2,1,51,35,3
2107269,0,919,0,40,2,6,2,1,22,24,3
2085600,0,919,0,40,2,7,2,1,54,36,3
2066793,0,919,0,40,3,9,2,1,52,49,3
2114217,0,919,0,40,3,3,2,1,13,37,3
2088344,0,919,0,40,2,8,2,1,37,25,3
2110371,0,919,0,40,2,4,2,1,15,40,3
2094616,0,919,0,40,3,5,2,1,34,36,3
2116734,0,919,0,40,3,2,2,1,15,46,3
2051995,0,919,0,40,2,15,2,1,75,54,3
2113194,0,919,0,40,3,3,2,1,17,62,3
2099180,0,919,0,40,2,7,2,1,22,46,3
2074901,0,919,0,40,2,13,2,1,61,14,3
2098105,0,919,0,40,2,6,2,1,29,52,3
2111782,0,919,0,40,3,4,2,1,16,35,3
2041958,0,919,0,40,3,14,2,1,64,62,3
2115283,0,919,0,40,3,3,2,1,13,10,3
2117488,0,919,0,40,3,3,2,1,12,38,3
2079703,0,919,0,40,3,9,2,1,74,43,3
2120786,0,919,0,40,2,3,2,1,8,30,3
2124452,0,919,0,40,2,1,2,1,4,48,3
2124774,0,919,0,40,3,1,2,1,4,57,3
2124862,0,919,0,40,3,1,2,1,4,50,3
2125223,0,919,0,40,3,1,2,1,4,23,3
2125319,0,919,0,40,2,1,2,1,4,25,3
2125713,0,919,0,40,2,1,2,1,4,38,3
2125739,0,919,0,40,2,1,2,1,4,67,3
2087492,0,919,0,40,2,9,2,1,38,46,3
2082630,0,919,0,40,3,11,2,1,46,72,3
2104412,0,919,0,40,2,4,2,1,24,78,3
2118596,0,919,0,40,2,2,2,1,7,48,3
2074364,0,919,0,40,3,9,2,1,83,33,3
2113012,0,919,0,40,2,3,2,1,16,28,3
2106953,0,919,0,40,2,4,2,1,18,59,3
2110017,0,919,0,40,2,5,2,1,17,36,3
2092090,0,919,0,40,3,7,2,1,31,37,3
2093339,0,919,0,40,2,8,2,1,35,47,3
2121128,0,919,0,40,3,2,2,1,4,76,3
2120877,0,919,0,40,3,2,2,1,7,26,3
2114039,2,919,0,40,3,3,2,1,8,67,3
2044060,0,919,0,40,3,17,2,1,106,44,3
2119277,0,919,0,40,3,3,2,1,7,82,3
2080399,0,919,0,40,3,11,2,1,56,91,3
2117365,0,919,0,40,2,2,2,1,14,48,3
2072065,0,919,0,40,2,12,2,1,88,37,3
2119993,0,919,0,40,2,2,2,1,9,74,3
2121395,0,919,0,40,3,2,2,1,8,43,3
2119549,0,919,0,40,3,3,2,1,7,46,3
2116772,0,919,0,40,2,3,2,1,6,14,3
2093777,0,919,0,40,2,6,2,1,37,56,3
2119283,0,919,0,40,3,3,2,1,9,24,3
2081575,0,919,0,40,3,11,2,1,52,35,3
2124304,0,919,0,40,3,1,2,1,3,106,3
2124832,0,919,0,40,3,1,2,1,3,52,3
2125256,0,919,0,40,3,1,2,1,3,35,3
2125850,1,919,918,31.1538,3,1,2,1,3,34,3
2125972,0,919,0,40,2,1,2,1,3,29,3
2126036,0,919,0,40,2,1,2,1,3,34,3
2126194,0,919,0,40,2,1,2,1,3,46,3
2103783,0,919,0,40,2,4,2,1,28,85,3
2093856,0,919,0,40,2,6,2,1,35,82,3
2103005,0,919,0,40,3,5,2,1,29,83,3
2121509,0,919,0,40,3,1,2,1,12,27,3
2099039,0,919,0,40,3,4,2,1,43,63,3
2105512,0,919,0,40,3,3,2,1,29,57,3
2110938,0,919,0,40,2,4,2,1,20,17,3
2104778,0,919,0,40,3,4,2,1,24,59,3
2107320,0,919,0,40,3,4,2,1,22,35,3
2064357,0,919,0,40,3,7,2,1,52,82,3
2101552,0,919,0,40,2,6,2,1,22,44,3
2122484,0,919,0,40,2,1,2,1,9,60,3
2115022,0,919,0,40,2,3,2,1,14,32,3
2082754,0,919,0,40,2,12,2,1,50,79,3
2080818,0,919,0,40,2,11,2,1,50,16,3
2102680,0,919,0,40,3,3,2,1,22,69,3
2110814,0,919,0,40,3,3,2,1,24,81,3
2100265,0,919,0,40,3,6,2,1,31,41,3
2106291,0,919,0,40,2,3,2,1,36,31,3
2124508,0,919,0,40,2,1,2,1,5,37,3
2125118,0,919,0,40,3,1,2,1,5,27,3
2107852,1,919,912,32.5226,2,3,2,1,28,24,3
2119854,0,919,0,40,3,2,2,1,7,26,3
2122049,0,919,0,40,3,2,2,1,6,58,3
2113738,0,919,0,40,3,3,2,1,18,18,3
2088664,0,919,0,40,3,7,2,1,45,30,3
2070156,0,919,0,40,2,3,2,1,16,86,3
2075553,0,919,0,40,3,12,2,1,73,57,3
2116465,0,919,0,40,3,3,2,1,7,78,3
2124096,0,919,0,40,3,1,2,1,4,56,3
2125948,0,919,0,40,2,1,2,1,4,74,3
2109414,0,919,0,40,2,4,2,1,8,13,3
2105885,0,919,0,40,3,5,2,1,21,27,3
2110424,0,919,0,40,3,6,2,1,18,34,3
2097036,0,919,0,40,3,8,2,1,24,13,3
2080294,0,919,0,40,2,9,2,1,54,31,3
2105193,0,919,0,40,3,4,2,1,17,45,3
2122662,0,919,0,40,3,0,2,1,2,96,3
2123025,0,919,0,40,3,0,2,1,2,41,3
2123313,0,919,0,40,2,0,2,1,2,52,3
2123517,0,919,0,40,2,0,2,1,2,35,3
2123645,0,919,0,40,3,0,2,1,2,26,3
2123925,0,919,0,40,2,0,2,1,2,25,3
2124040,0,919,0,40,2,0,2,1,2,33,3
2124104,0,919,0,40,3,0,2,1,2,42,3
2124168,0,919,0,40,3,0,2,1,2,22,3
2124232,0,919,0,40,3,0,2,1,2,21,3
2124328,0,919,0,40,3,0,2,1,2,23,3
2124392,0,919,0,40,3,0,2,1,2,61,3
2124456,0,919,0,40,3,0,2,1,2,28,3
2124520,0,919,0,40,3,0,2,1,2,18,3
2124584,0,919,0,40,3,0,2,1,2,44,3
2124636,0,919,0,40,2,0,2,1,2,30,3
2124668,0,919,0,40,3,0,2,1,2,50,3
2124700,0,919,0,40,3,0,2,1,2,68,3
2124732,0,919,0,40,2,0,2,1,2,28,3
2124764,0,919,0,40,3,0,2,1,2,21,3
2124796,0,919,0,40,2,0,2,1,2,40,3
2124828,0,919,0,40,3,0,2,1,2,52,3
2124876,0,919,0,40,3,0,2,1,2,33,3
2124908,0,919,0,40,2,0,2,1,2,71,3
2124940,0,919,0,40,3,0,2,1,2,68,3
2124972,0,919,0,40,2,0,2,1,2,60,3
2124996,0,919,0,40,3,0,2,1,2,32,3
2125028,0,919,0,40,2,0,2,1,2,56,3
2125060,0,919,0,40,2,0,2,1,2,38,3
2125092,0,919,0,40,3,0,2,1,2,58,3
2125124,0,919,0,40,3,0,2,1,2,36,3
2125156,0,919,0,40,3,0,2,1,2,32,3
2125202,0,919,0,40,3,0,2,1,2,86,3
2125218,0,919,0,40,2,0,2,1,2,27,3
2125234,0,919,0,40,3,0,2,1,2,58,3
2125250,0,919,0,40,2,0,2,1,2,42,3
2125266,0,919,0,40,2,0,2,1,2,31,3
2125282,0,919,0,40,2,0,2,1,2,48,3
2125298,0,919,0,40,3,0,2,1,2,32,3
2125314,0,919,0,40,2,0,2,1,2,74,3
2125330,0,919,0,40,2,0,2,1,2,46,3
2125346,0,919,0,40,2,0,2,1,2,39,3
2125362,0,919,0,40,3,0,2,1,2,33,3
2125378,0,919,0,40,3,0,2,1,2,18,3
2125394,0,919,0,40,2,0,2,1,2,26,3
2125410,0,919,0,40,3,0,2,1,2,4,3
2125426,0,919,0,40,2,0,2,1,2,22,3
2125442,0,919,0,40,3,0,2,1,2,16,3
2125458,0,919,0,40,3,0,2,1,2,25,3
2125474,0,919,0,40,2,0,2,1,2,31,3
2125490,0,919,0,40,2,0,2,1,2,16,3
2125506,0,919,0,40,2,0,2,1,2,59,3
2125522,0,919,0,40,3,0,2,1,2,45,3
2125538,0,919,0,40,2,0,2,1,2,49,3
2125554,0,919,0,40,2,0,2,1,2,51,3
2125570,0,919,0,40,2,0,2,1,2,42,3
2125586,0,919,0,40,2,0,2,1,2,36,3
2125602,0,919,0,40,2,0,2,1,2,53,3
2125618,0,919,0,40,3,0,2,1,2,27,3
2125634,0,919,0,40,2,0,2,1,2,37,3
2125650,0,919,0,40,2,0,2,1,2,64,3
2125666,0,919,0,40,3,0,2,1,2,36,3
2125682,0,919,0,40,3,0,2,1,2,37,3
2125698,0,919,0,40,3,0,2,1,2,76,3
2125714,0,919,0,40,3,0,2,1,2,66,3
2125730,0,919,0,40,2,0,2,1,2,37,3
2125746,0,919,0,40,3,0,2,1,2,42,3
2125762,0,919,0,40,3,0,2,1,2,40,3
2125773,0,919,0,40,2,0,2,1,2,52,3
2125781,0,919,0,40,3,0,2,1,2,52,3
2125789,0,919,0,40,3,0,2,1,2,41,3
2125797,0,919,0,40,3,0,2,1,2,45,3
2125805,0,919,0,40,2,0,2,1,2,56,3
2125813,0,919,0,40,3,0,2,1,2,52,3
2125821,0,919,0,40,2,0,2,1,2,35,3
2125829,0,919,0,40,3,0,2,1,2,35,3
2125837,0,919,0,40,3,0,2,1,2,43,3
2125845,0,919,0,40,2,0,2,1,2,12,3
2125853,0,919,0,40,2,0,2,1,2,88,3
2125861,0,919,0,40,2,0,2,1,2,46,3
2125869,0,919,0,40,3,0,2,1,2,7,3
2125877,0,919,0,40,2,0,2,1,2,73,3
2125885,0,919,0,40,2,0,2,1,2,32,3
2125893,0,919,0,40,3,0,2,1,2,61,3
2125901,0,919,0,40,2,0,2,1,2,28,3
2125909,0,919,0,40,2,0,2,1,2,34,3
2125917,0,919,0,40,3,0,2,1,2,21,3
2125925,0,919,0,40,3,0,2,1,2,43,3
2125933,0,919,0,40,2,0,2,1,2,62,3
2125941,0,919,0,40,3,0,2,1,2,58,3
2125949,0,919,0,40,2,0,2,1,2,36,3
2125957,0,919,0,40,3,0,2,1,2,35,3
2125965,0,919,0,40,2,0,2,1,2,48,3
2125973,0,919,0,40,3,0,2,1,2,33,3
2125981,0,919,0,40,3,0,2,1,2,23,3
2125989,0,919,0,40,3,0,2,1,2,35,3
2125997,0,919,0,40,3,0,2,1,2,55,3
2126005,0,919,0,40,2,0,2,1,2,27,3
2126013,0,919,0,40,2,0,2,1,2,61,3
2126021,0,919,0,40,2,0,2,1,2,120,3
2126029,0,919,0,40,3,0,2,1,2,50,3
2126037,0,919,0,40,2,0,2,1,2,34,3
2126045,0,919,0,40,2,0,2,1,2,44,3
2126053,0,919,0,40,2,0,2,1,2,93,3
2126061,0,919,0,40,3,0,2,1,2,94,3
2126069,0,919,0,40,2,0,2,1,2,44,3
2126077,0,919,0,40,2,0,2,1,2,42,3
2126085,0,919,0,40,3,0,2,1,2,25,3
2126093,0,919,0,40,2,0,2,1,2,63,3
2126101,0,919,0,40,3,0,2,1,2,52,3
2126109,0,919,0,40,3,0,2,1,2,39,3
2126117,0,919,0,40,3,0,2,1,2,29,3
2126125,0,919,0,40,3,0,2,1,2,35,3
2126133,0,919,0,40,2,0,2,1,2,31,3
2126141,0,919,0,40,3,0,2,1,2,57,3
2126149,0,919,0,40,2,0,2,1,2,33,3
2126157,0,919,0,40,3,0,2,1,2,42,3
2126165,0,919,0,40,2,0,2,1,2,27,3
2126173,0,919,0,40,3,0,2,1,2,17,3
2126181,0,919,0,40,3,0,2,1,2,31,3
2126189,0,919,0,40,3,0,2,1,2,38,3
2126197,0,919,0,40,2,0,2,1,2,46,3
2126205,0,919,0,40,3,0,2,1,2,45,3
2126213,0,919,0,40,2,0,2,1,2,43,3
2126221,0,919,0,40,2,0,2,1,2,19,3
2126229,0,919,0,40,3,0,2,1,2,26,3
2126237,0,919,0,40,3,0,2,1,2,41,3
2126245,0,919,0,40,2,0,2,1,2,80,3
2126253,0,919,0,40,3,0,2,1,2,41,3
2126261,0,919,0,40,2,0,2,1,2,63,3
2126269,0,919,0,40,3,0,2,1,2,31,3
2126277,0,919,0,40,2,0,2,1,2,30,3
2126285,0,919,0,40,2,0,2,1,2,90,3
2126293,0,919,0,40,2,0,2,1,2,28,3
2126301,0,919,0,40,2,0,2,1,2,51,3
2126312,0,919,0,40,2,0,2,1,2,30,3
2126316,0,919,0,40,2,0,2,1,2,34,3
2126320,0,919,0,40,3,0,2,1,2,47,3
2126324,0,919,0,40,3,0,2,1,2,127,3
2126328,0,919,0,40,3,0,2,1,2,27,3
2126332,0,919,0,40,2,0,2,1,2,22,3
2126336,0,919,0,40,2,0,2,1,2,49,3
2126340,0,919,0,40,3,0,2,1,2,32,3
2126344,0,919,0,40,2,0,2,1,2,41,3
2126348,0,919,0,40,2,0,2,1,2,43,3
2126352,0,919,0,40,3,0,2,1,2,28,3
2126356,0,919,0,40,3,0,2,1,2,54,3
2126360,0,919,0,40,2,0,2,1,2,62,3
2126364,0,919,0,40,2,0,2,1,2,30,3
2126368,0,919,0,40,3,0,2,1,2,34,3
2126372,0,919,0,40,2,0,2,1,2,13,3
2126376,0,919,0,40,3,0,2,1,2,77,3
2126380,0,919,0,40,2,0,2,1,2,84,3
2126384,0,919,0,40,2,0,2,1,2,28,3
2126388,0,919,0,40,2,0,2,1,2,39,3
2126392,0,919,0,40,3,0,2,1,2,89,3
2126396,0,919,0,40,2,0,2,1,2,54,3
2126400,0,919,0,40,3,0,2,1,2,19,3
2126404,0,919,0,40,2,0,2,1,2,38,3
2126408,0,919,0,40,2,0,2,1,2,42,3
2126412,0,919,0,40,2,0,2,1,2,22,3
2126416,0,919,0,40,3,0,2,1,2,58,3
2126420,0,919,0,40,3,0,2,1,2,27,3
2126424,0,919,0,40,2,0,2,1,2,44,3
2126428,0,919,0,40,2,0,2,1,2,25,3
2126432,0,919,0,40,2,0,2,1,2,25,3
2126436,0,919,0,40,3,0,2,1,2,69,3
2126440,0,919,0,40,2,0,2,1,2,60,3
2126444,0,919,0,40,3,0,2,1,2,43,3
2126448,0,919,0,40,2,0,2,1,2,68,3
2126452,0,919,0,40,3,0,2,1,2,54,3
2126456,0,919,0,40,2,0,2,1,2,39,3
2126460,0,919,0,40,2,0,2,1,2,41,3
2126464,0,919,0,40,3,0,2,1,2,21,3
2126468,0,919,0,40,3,0,2,1,2,21,3
2126472,0,919,0,40,3,0,2,1,2,17,3
2126476,0,919,0,40,2,0,2,1,2,24,3
2126480,0,919,0,40,3,0,2,1,2,56,3
2126484,0,919,0,40,3,0,2,1,2,43,3
2126488,0,919,0,40,2,0,2,1,2,53,3
2126492,0,919,0,40,3,0,2,1,2,56,3
2126496,0,919,0,40,3,0,2,1,2,21,3
2126500,0,919,0,40,2,0,2,1,2,8,3
2126504,0,919,0,40,3,0,2,1,2,64,3
2126508,0,919,0,40,2,0,2,1,2,28,3
2126512,0,919,0,40,2,0,2,1,2,47,3
2126516,0,919,0,40,2,0,2,1,2,94,3
2126520,0,919,0,40,3,0,2,1,2,19,3
2126524,0,919,0,40,2,0,2,1,2,50,3
2126528,0,919,0,40,3,0,2,1,2,48,3
2126532,0,919,0,40,2,0,2,1,2,25,3
2126536,0,919,0,40,3,0,2,1,2,55,3
2126540,0,919,0,40,2,0,2,1,2,14,3
2126544,0,919,0,40,3,0,2,1,2,46,3
2126548,0,919,0,40,3,0,2,1,2,24,3
2126552,0,919,0,40,3,0,2,1,2,32,3
2126556,0,919,0,40,2,0,2,1,2,57,3
2126560,0,919,0,40,2,0,2,1,2,77,3
2126564,0,919,0,40,3,0,2,1,2,9,3
2126568,0,919,0,40,2,0,2,1,2,68,3
2126572,0,919,0,40,3,0,2,1,2,24,3
2126576,0,919,0,40,3,0,2,1,2,48,3
2126580,0,919,0,40,2,0,2,1,2,61,3
2126584,0,919,0,40,3,0,2,1,2,46,3
2126588,0,919,0,40,2,0,2,1,2,41,3
2126592,0,919,0,40,3,0,2,1,2,58,3
2126596,0,919,0,40,2,0,2,1,2,32,3
2126600,0,919,0,40,3,0,2,1,2,29,3
2126604,0,919,0,40,3,0,2,1,2,56,3
2126608,0,919,0,40,2,0,2,1,2,63,3
2126612,0,919,0,40,3,0,2,1,2,15,3
2126616,0,919,0,40,3,0,2,1,2,66,3
2126620,0,919,0,40,2,0,2,1,2,24,3
2126624,0,919,0,40,3,0,2,1,2,68,3
2126628,0,919,0,40,2,0,2,1,2,63,3
2126632,0,919,0,40,2,0,2,1,2,16,3
2126636,0,919,0,40,3,0,2,1,2,34,3
2126640,0,919,0,40,3,0,2,1,2,49,3
2126644,0,919,0,40,2,0,2,1,2,69,3
2126648,0,919,0,40,2,0,2,1,2,55,3
2126652,0,919,0,40,3,0,2,1,2,48,3
2126656,0,919,0,40,2,0,2,1,2,65,3
2126660,0,919,0,40,3,0,2,1,2,91,3
2126664,0,919,0,40,2,0,2,1,2,78,3
2126668,0,919,0,40,3,0,2,1,2,28,3
2126672,0,919,0,40,2,0,2,1,2,82,3
2126676,0,919,0,40,3,0,2,1,2,37,3
2126680,0,919,0,40,2,0,2,1,2,67,3
2126684,0,919,0,40,2,0,2,1,2,41,3
2126688,0,919,0,40,2,0,2,1,2,26,3
2126692,0,919,0,40,2,0,2,1,2,34,3
2126696,0,919,0,40,3,0,2,1,2,52,3
2126700,0,919,0,40,3,0,2,1,2,45,3
2126704,0,919,0,40,3,0,2,1,2,56,3
2126708,0,919,0,40,2,0,2,1,2,17,3
2126712,0,919,0,40,2,0,2,1,2,21,3
2126716,0,919,0,40,2,0,2,1,2,79,3
2126720,0,919,0,40,3,0,2,1,2,23,3
2126724,0,919,0,40,3,0,2,1,2,45,3
2126728,0,919,0,40,3,0,2,1,2,57,3
2126732,0,919,0,40,3,0,2,1,2,44,3
2126736,0,919,0,40,2,0,2,1,2,43,3
2126740,0,919,0,40,2,0,2,1,2,15,3
2126744,0,919,0,40,3,0,2,1,2,46,3
2126748,0,919,0,40,2,0,2,1,2,15,3
2126752,0,919,0,40,2,0,2,1,2,25,3
2126756,0,919,0,40,3,0,2,1,2,51,3
2126760,0,919,0,40,3,0,2,1,2,65,3
2126764,0,919,0,40,3,0,2,1,2,32,3
2126768,0,919,0,40,2,0,2,1,2,34,3
2126772,0,919,0,40,3,0,2,1,2,45,3
2126776,0,919,0,40,3,0,2,1,2,22,3
2126780,0,919,0,40,2,0,2,1,2,50,3
2126784,0,919,0,40,3,0,2,1,2,19,3
2126788,0,919,0,40,3,0,2,1,2,27,3
2126792,0,919,0,40,2,0,2,1,2,28,3
2126796,0,919,0,40,2,0,2,1,2,89,3
2126800,0,919,0,40,2,0,2,1,2,57,3
2126804,0,919,0,40,2,0,2,1,2,24,3
2126808,0,919,0,40,3,0,2,1,2,47,3
2126812,0,919,0,40,2,0,2,1,2,33,3
2126816,0,919,0,40,2,0,2,1,2,18,3
2126820,0,919,0,40,3,0,2,1,2,15,3
2126824,0,919,0,40,3,0,2,1,2,40,3
2126828,0,919,0,40,3,0,2,1,2,33,3
2126832,0,919,0,40,3,0,2,1,2,69,3
2126836,0,919,0,40,3,0,2,1,2,33,3
2126840,0,919,0,40,2,0,2,1,2,24,3
2126844,0,919,0,40,3,0,2,1,2,35,3
2126848,0,919,0,40,2,0,2,1,2,57,3
2126852,0,919,0,40,3,0,2,1,2,66,3
2126855,0,919,0,40,2,0,2,1,2,56,3
2126857,0,919,0,40,2,0,2,1,2,40,3
2126859,0,919,0,40,2,0,2,1,2,35,3
2126861,0,919,0,40,3,0,2,1,2,27,3
2126863,0,919,0,40,2,0,2,1,2,56,3
2126865,0,919,0,40,2,0,2,1,2,56,3
2126867,0,919,0,40,2,0,2,1,2,60,3
2126869,0,919,0,40,2,0,2,1,2,42,3
2126871,0,919,0,40,2,0,2,1,2,32,3
2126873,0,919,0,40,2,0,2,1,2,47,3
2126875,0,919,0,40,3,0,2,1,2,37,3
2126877,0,919,0,40,2,0,2,1,2,52,3
2126879,0,919,0,40,3,0,2,1,2,22,3
2126881,0,919,0,40,3,0,2,1,2,52,3
2126883,0,919,0,40,2,0,2,1,2,54,3
2126885,0,919,0,40,3,0,2,1,2,101,3
2126887,0,919,0,40,3,0,2,1,2,16,3
2126889,0,919,0,40,2,0,2,1,2,63,3
2126891,0,919,0,40,2,0,2,1,2,70,3
2126893,0,919,0,40,3,0,2,1,2,31,3
2126895,0,919,0,40,2,0,2,1,2,58,3
2126897,0,919,0,40,2,0,2,1,2,34,3
2126899,0,919,0,40,2,0,2,1,2,34,3
2126901,0,919,0,40,3,0,2,1,2,29,3
2126903,0,919,0,40,3,0,2,1,2,46,3
2126905,0,919,0,40,2,0,2,1,2,45,3
2126907,0,919,0,40,3,0,2,1,2,46,3
2126909,0,919,0,40,3,0,2,1,2,35,3
2126911,0,919,0,40,3,0,2,1,2,44,3
2126913,0,919,0,40,3,0,2,1,2,27,3
2126915,0,919,0,40,3,0,2,1,2,64,3
2126917,0,919,0,40,2,0,2,1,2,53,3
2126919,0,919,0,40,3,0,2,1,2,35,3
2126921,0,919,0,40,2,0,2,1,2,50,3
2126923,0,919,0,40,3,0,2,1,2,57,3
2126925,0,919,0,40,3,0,2,1,2,20,3
2126927,0,919,0,40,3,0,2,1,2,52,3
2126929,0,919,0,40,2,0,2,1,2,27,3
2126931,0,919,0,40,2,0,2,1,2,51,3
2126933,0,919,0,40,2,0,2,1,2,51,3
2126935,0,919,0,40,2,0,2,1,2,20,3
2126937,0,919,0,40,3,0,2,1,2,43,3
2126939,0,919,0,40,2,0,2,1,2,22,3
2126941,0,919,0,40,3,0,2,1,2,25,3
2126943,0,919,0,40,2,0,2,1,2,40,3
2126945,0,919,0,40,3,0,2,1,2,28,3
2126947,0,919,0,40,2,0,2,1,2,35,3
2126949,0,919,0,40,2,0,2,1,2,46,3
2126951,0,919,0,40,3,0,2,1,2,44,3
2126953,0,919,0,40,3,0,2,1,2,19,3
2126955,0,919,0,40,2,0,2,1,2,50,3
2126957,0,919,0,40,3,0,2,1,2,47,3
2126959,0,919,0,40,3,0,2,1,2,33,3
2126961,0,919,0,40,3,0,2,1,2,36,3
2126963,0,919,0,40,3,0,2,1,2,28,3
2126965,0,919,0,40,2,0,2,1,2,53,3
2126967,0,919,0,40,3,0,2,1,2,18,3
2126969,0,919,0,40,2,0,2,1,2,55,3
2126971,0,919,0,40,2,0,2,1,2,57,3
2126973,0,919,0,40,2,0,2,1,2,26,3
2126975,0,919,0,40,2,0,2,1,2,50,3
2126977,0,919,0,40,2,0,2,1,2,76,3
2126979,0,919,0,40,3,0,2,1,2,66,3
2126981,0,919,0,40,3,0,2,1,2,34,3
2126983,0,919,0,40,3,0,2,1,2,45,3
2126985,0,919,0,40,2,0,2,1,2,15,3
2126987,0,919,0,40,3,0,2,1,2,12,3
2126989,0,919,0,40,2,0,2,1,2,75,3
2126991,0,919,0,40,3,0,2,1,2,50,3
2126993,0,919,0,40,2,0,2,1,2,35,3
2126995,0,919,0,40,2,0,2,1,2,39,3
2126997,0,919,0,40,2,0,2,1,2,51,3
2126999,0,919,0,40,3,0,2,1,2,76,3
2127001,0,919,0,40,3,0,2,1,2,27,3
2127003,0,919,0,40,3,0,2,1,2,36,3
2127005,0,919,0,40,2,0,2,1,2,43,3
2127007,0,919,0,40,3,0,2,1,2,70,3
2127009,0,919,0,40,3,0,2,1,2,41,3
2127011,0,919,0,40,2,0,2,1,2,26,3
2127013,0,919,0,40,2,0,2,1,2,70,3
2127015,0,919,0,40,3,0,2,1,2,26,3
2127017,0,919,0,40,3,0,2,1,2,32,3
2127019,0,919,0,40,3,0,2,1,2,45,3
2127021,0,919,0,40,3,0,2,1,2,20,3
2127023,0,919,0,40,3,0,2,1,2,72,3
2127025,0,919,0,40,2,0,2,1,2,32,3
2127027,0,919,0,40,2,0,2,1,2,31,3
2127029,0,919,0,40,2,0,2,1,2,26,3
2127031,0,919,0,40,3,0,2,1,2,22,3
2127033,0,919,0,40,3,0,2,1,2,36,3
2127035,0,919,0,40,3,0,2,1,2,93,3
2127037,0,919,0,40,3,0,2,1,2,48,3
2127039,0,919,0,40,2,0,2,1,2,21,3
2127041,0,919,0,40,2,0,2,1,2,34,3
2127043,0,919,0,40,2,0,2,1,2,49,3
2127045,0,919,0,40,2,0,2,1,2,30,3
2127047,0,919,0,40,2,0,2,1,2,34,3
2127049,0,919,0,40,3,0,2,1,2,81,3
2127051,0,919,0,40,3,0,2,1,2,22,3
2127053,0,919,0,40,2,0,2,1,2,46,3
2127055,0,919,0,40,2,0,2,1,2,53,3
2127057,0,919,0,40,2,0,2,1,2,64,3
2127059,0,919,0,40,3,0,2,1,2,20,3
2127061,0,919,0,40,2,0,2,1,2,40,3
2127063,0,919,0,40,3,0,2,1,2,44,3
2127065,0,919,0,40,3,0,2,1,2,86,3
2127067,0,919,0,40,2,0,2,1,2,32,3
2127069,0,919,0,40,3,0,2,1,2,37,3
2127071,0,919,0,40,2,0,2,1,2,28,3
2127073,0,919,0,40,2,0,2,1,2,51,3
2127075,0,919,0,40,3,0,2,1,2,36,3
2127077,0,919,0,40,3,0,2,1,2,34,3
2127079,0,919,0,40,2,0,2,1,2,43,3
2127081,0,919,0,40,2,0,2,1,2,54,3
2127083,0,919,0,40,2,0,2,1,2,5,3
2127085,0,919,0,40,2,0,2,1,2,19,3
2127087,0,919,0,40,3,0,2,1,2,45,3
2127089,0,919,0,40,2,0,2,1,2,25,3
2127091,0,919,0,40,2,0,2,1,2,87,3
2127093,0,919,0,40,3,0,2,1,2,37,3
2127095,0,919,0,40,2,0,2,1,2,70,3
2127097,0,919,0,40,2,0,2,1,2,38,3
2127099,0,919,0,40,2,0,2,1,2,56,3
2127101,0,919,0,40,3,0,2,1,2,41,3
2127103,0,919,0,40,2,0,2,1,2,45,3
2127105,0,919,0,40,2,0,2,1,2,37,3
2127107,0,919,0,40,2,0,2,1,2,21,3
2127109,0,919,0,40,2,0,2,1,2,32,3
2127111,0,919,0,40,2,0,2,1,2,27,3
2127113,0,919,0,40,3,0,2,1,2,53,3
2127115,0,919,0,40,2,0,2,1,2,61,3
2127117,0,919,0,40,3,0,2,1,2,50,3
2127119,0,919,0,40,3,0,2,1,2,14,3
2127121,0,919,0,40,3,0,2,1,2,56,3
2127123,0,919,0,40,3,0,2,1,2,39,3
2127125,0,919,0,40,2,0,2,1,2,62,3
2127127,0,919,0,40,3,0,2,1,2,29,3
2127129,0,919,0,40,2,0,2,1,2,54,3
2127131,0,919,0,40,3,0,2,1,2,34,3
2127133,0,919,0,40,2,0,2,1,2,121,3
2127135,0,919,0,40,3,0,2,1,2,40,3
2127137,0,919,0,40,3,0,2,1,2,20,3
2127139,0,919,0,40,3,0,2,1,2,67,3
2127141,0,919,0,40,3,0,2,1,2,44,3
2127143,0,919,0,40,3,0,2,1,2,26,3
2127145,0,919,0,40,3,0,2,1,2,16,3
2127147,0,919,0,40,2,0,2,1,2,54,3
2127149,0,919,0,40,2,0,2,1,2,28,3
2127151,0,919,0,40,3,0,2,1,2,40,3
2127153,0,919,0,40,3,0,2,1,2,54,3
2127155,0,919,0,40,3,0,2,1,2,52,3
2127157,0,919,0,40,2,0,2,1,2,39,3
2127159,0,919,0,40,3,0,2,1,2,47,3
2127161,0,919,0,40,3,0,2,1,2,17,3
2127163,0,919,0,40,3,0,2,1,2,64,3
2127165,0,919,0,40,3,0,2,1,2,81,3
2127167,0,919,0,40,3,0,2,1,2,45,3
2127169,0,919,0,40,2,0,2,1,2,45,3
2127171,0,919,0,40,2,0,2,1,2,106,3
2127173,0,919,0,40,3,0,2,1,2,43,3
2127175,0,919,0,40,3,0,2,1,2,38,3
2127177,0,919,0,40,3,0,2,1,2,34,3
2127179,0,919,0,40,2,0,2,1,2,25,3
2127181,0,919,0,40,2,0,2,1,2,41,3
2127183,0,919,0,40,3,0,2,1,2,66,3
2127185,0,919,0,40,3,0,2,1,2,23,3
2127187,0,919,0,40,3,0,2,1,2,29,3
2127189,0,919,0,40,2,0,2,1,2,39,3
2127191,0,919,0,40,3,0,2,1,2,71,3
2127193,0,919,0,40,2,0,2,1,2,74,3
2127195,0,919,0,40,2,0,2,1,2,32,3
2127197,0,919,0,40,3,0,2,1,2,35,3
2127199,0,919,0,40,3,0,2,1,2,21,3
2127201,0,919,0,40,3,0,2,1,2,24,3
2127203,0,919,0,40,2,0,2,1,2,21,3
2127205,0,919,0,40,3,0,2,1,2,88,3
2127207,0,919,0,40,3,0,2,1,2,50,3
2127209,0,919,0,40,2,0,2,1,2,55,3
2127211,0,919,0,40,3,0,2,1,2,39,3
2127213,0,919,0,40,2,0,2,1,2,32,3
2127215,0,919,0,40,2,0,2,1,2,27,3
2127217,0,919,0,40,3,0,2,1,2,59,3
2127219,0,919,0,40,3,0,2,1,2,46,3
2127221,0,919,0,40,3,0,2,1,2,68,3
2127223,0,919,0,40,2,0,2,1,2,60,3
2127225,0,919,0,40,2,0,2,1,2,85,3
2127227,0,919,0,40,3,0,2,1,2,54,3
2127229,0,919,0,40,3,0,2,1,2,16,3
2127231,0,919,0,40,3,0,2,1,2,49,3
2127233,0,919,0,40,3,0,2,1,2,70,3
2127235,0,919,0,40,3,0,2,1,2,100,3
2127237,0,919,0,40,2,0,2,1,2,67,3
2127239,0,919,0,40,3,0,2,1,2,25,3
2127241,0,919,0,40,2,0,2,1,2,25,3
2127243,0,919,0,40,2,0,2,1,2,55,3
2127245,0,919,0,40,3,0,2,1,2,40,3
2127247,0,919,0,40,3,0,2,1,2,51,3
2127249,0,919,0,40,3,0,2,1,2,38,3
2127251,0,919,0,40,3,0,2,1,2,40,3
2127253,0,919,0,40,2,0,2,1,2,33,3
2127255,0,919,0,40,2,0,2,1,2,52,3
2127257,0,919,0,40,2,0,2,1,2,62,3
2127259,0,919,0,40,3,0,2,1,2,40,3
2127261,0,919,0,40,3,0,2,1,2,58,3
2127263,0,919,0,40,3,0,2,1,2,45,3
2127265,0,919,0,40,3,0,2,1,2,110,3
2127267,0,919,0,40,3,0,2,1,2,47,3
2127269,0,919,0,40,3,0,2,1,2,25,3
2127271,0,919,0,40,3,0,2,1,2,36,3
2127273,0,919,0,40,2,0,2,1,2,18,3
2127275,0,919,0,40,3,0,2,1,2,18,3
2127277,0,919,0,40,3,0,2,1,2,79,3
2127279,0,919,0,40,3,0,2,1,2,44,3
2127281,0,919,0,40,2,0,2,1,2,29,3
2127283,0,919,0,40,2,0,2,1,2,51,3
2127285,0,919,0,40,3,0,2,1,2,43,3
2127287,0,919,0,40,2,0,2,1,2,42,3
2127289,0,919,0,40,2,0,2,1,2,7,3
2127291,0,919,0,40,2,0,2,1,2,48,3
2127293,0,919,0,40,3,0,2,1,2,69,3
2127295,0,919,0,40,3,0,2,1,2,47,3
2127297,0,919,0,40,3,0,2,1,2,27,3
2127299,0,919,0,40,3,0,2,1,2,63,3
2127301,0,919,0,40,3,0,2,1,2,66,3
2127303,0,919,0,40,3,0,2,1,2,22,3
2127305,0,919,0,40,3,0,2,1,2,71,3
2127307,0,919,0,40,2,0,2,1,2,41,3
2127309,0,919,0,40,3,0,2,1,2,62,3
2127311,0,919,0,40,3,0,2,1,2,37,3
2127313,0,919,0,40,2,0,2,1,2,24,3
2127315,0,919,0,40,2,0,2,1,2,71,3
2127317,0,919,0,40,2,0,2,1,2,47,3
2127319,0,919,0,40,3,0,2,1,2,73,3
2127321,0,919,0,40,3,0,2,1,2,72,3
2127323,0,919,0,40,2,0,2,1,2,43,3
2127325,0,919,0,40,3,0,2,1,2,40,3
2127327,0,919,0,40,2,0,2,1,2,31,3
2127329,0,919,0,40,2,0,2,1,2,49,3
2127331,0,919,0,40,3,0,2,1,2,36,3
2127333,0,919,0,40,2,0,2,1,2,32,3
2127335,0,919,0,40,3,0,2,1,2,61,3
2127337,0,919,0,40,2,0,2,1,2,70,3
2127339,0,919,0,40,3,0,2,1,2,24,3
2127341,0,919,0,40,2,0,2,1,2,41,3
2127343,0,919,0,40,2,0,2,1,2,66,3
2127345,0,919,0,40,2,0,2,1,2,42,3
2127347,0,919,0,40,3,0,2,1,2,33,3
2127349,0,919,0,40,3,0,2,1,2,22,3
2127351,0,919,0,40,2,0,2,1,2,37,3
2127353,0,919,0,40,3,0,2,1,2,52,3
2127355,0,919,0,40,2,0,2,1,2,46,3
2127357,0,919,0,40,3,0,2,1,2,99,3
2127359,0,919,0,40,3,0,2,1,2,38,3
2127361,0,919,0,40,2,0,2,1,2,47,3
2127363,0,919,0,40,3,0,2,1,2,33,3
2127365,0,919,0,40,3,0,2,1,2,37,3
2127367,0,919,0,40,2,0,2,1,2,66,3
2127369,0,919,0,40,2,0,2,1,2,82,3
2127371,0,919,0,40,2,0,2,1,2,41,3
2127373,0,919,0,40,2,0,2,1,2,59,3
2127375,0,919,0,40,2,0,2,1,2,85,3
2127377,0,919,0,40,3,0,2,1,2,47,3
2127379,0,919,0,40,2,0,2,1,2,76,3
2127381,0,919,0,40,3,0,2,1,2,37,3
2127383,0,919,0,40,3,0,2,1,2,54,3
2127385,0,919,0,40,2,0,2,1,2,73,3
2127387,0,919,0,40,3,0,2,1,2,58,3
2127389,0,919,0,40,3,0,2,1,2,47,3
2127391,0,919,0,40,2,0,2,1,2,64,3
2127393,0,919,0,40,3,0,2,1,2,39,3
2127395,0,919,0,40,2,0,2,1,2,25,3
2127397,0,919,0,40,2,0,2,1,2,66,3
2127399,0,919,0,40,2,0,2,1,2,40,3
2127401,0,919,0,40,3,0,2,1,2,64,3
2127403,0,919,0,40,2,0,2,1,2,38,3
2127405,0,919,0,40,3,0,2,1,2,31,3
2127407,0,919,0,40,3,0,2,1,2,38,3
2127409,0,919,0,40,3,0,2,1,2,46,3
2127411,0,919,0,40,2,0,2,1,2,13,3
2127413,0,919,0,40,3,0,2,1,2,31,3
2127415,0,919,0,40,2,0,2,1,2,50,3
2127417,0,919,0,40,3,0,2,1,2,86,3
2127419,0,919,0,40,3,0,2,1,2,24,3
2127421,0,919,0,40,3,0,2,1,2,39,3
2127423,0,919,0,40,3,0,2,1,2,24,3
2127425,0,919,0,40,3,0,2,1,2,77,3
2127427,0,919,0,40,3,0,2,1,2,58,3
2127429,0,919,0,40,3,0,2,1,2,61,3
2127431,0,919,0,40,3,0,2,1,2,52,3
2127433,0,919,0,40,3,0,2,1,2,104,3
2127435,0,919,0,40,2,0,2,1,2,52,3
2127437,0,919,0,40,2,0,2,1,2,41,3
2127439,0,919,0,40,2,0,2,1,2,50,3
2127441,0,919,0,40,3,0,2,1,2,46,3
2127443,0,919,0,40,2,0,2,1,2,34,3
2127445,0,919,0,40,2,0,2,1,2,60,3
2127447,0,919,0,40,3,0,2,1,2,36,3
2127449,0,919,0,40,3,0,2,1,2,36,3
2127451,0,919,0,40,2,0,2,1,2,37,3
2127453,0,919,0,40,3,0,2,1,2,39,3
2127455,0,919,0,40,3,0,2,1,2,61,3
2127457,0,919,0,40,3,0,2,1,2,37,3
2127459,0,919,0,40,2,0,2,1,2,68,3
2127461,0,919,0,40,3,0,2,1,2,37,3
