id,inf_state,current_time,infected_time,ct_value,ct_type_method,number_of_bites,species,sex,current_age,death_day,sim_number,
3277798,0,546,0,40,2,3,2,1,63,27,6
3267072,0,546,0,40,3,9,2,1,101,35,6
3288443,0,546,0,40,3,2,2,1,46,32,6
3282300,0,546,0,40,3,4,2,1,57,15,6
3290180,0,546,0,40,3,2,2,1,44,79,6
3265734,0,546,0,40,3,3,2,1,62,36,6
3288158,0,546,0,40,2,2,2,1,52,72,6
3285193,0,546,0,40,3,3,2,1,41,24,6
3287193,0,546,0,40,3,2,2,1,52,38,6
3276113,0,546,0,40,3,6,2,1,62,74,6
3278344,0,546,0,40,2,4,2,1,62,66,6
3297562,0,546,0,40,3,0,2,1,37,35,6
3297734,0,546,0,40,3,0,2,1,37,99,6
3283463,0,546,0,40,2,3,2,1,47,48,6
3274712,0,546,0,40,2,8,2,1,69,57,6
3290683,0,546,0,40,3,3,2,1,46,65,6
3287893,0,546,0,40,2,2,2,1,46,27,6
3275626,0,546,0,40,3,6,2,1,68,56,6
3276958,0,546,0,40,2,5,2,1,63,85,6
3292690,0,546,0,40,2,1,2,1,38,60,6
3278593,0,546,0,40,2,4,2,1,65,29,6
3278347,0,546,0,40,3,6,2,1,56,38,6
3273105,0,546,0,40,2,8,2,1,74,55,6
3290211,0,546,0,40,3,3,2,1,42,50,6
3299461,0,546,0,40,3,0,2,1,34,51,6
3273429,0,546,0,40,3,6,2,1,66,26,6
3263942,0,546,0,40,2,5,2,1,73,32,6
3274725,0,546,0,40,3,6,2,1,69,36,6
3295372,0,546,0,40,3,1,2,1,34,60,6
3266546,0,546,0,40,2,2,2,1,58,39,6
3296306,0,546,0,40,2,1,2,1,35,24,6
3298140,0,546,0,40,2,1,2,1,34,62,6
3292670,0,546,0,40,3,1,2,1,43,33,6
3277226,0,546,0,40,2,5,2,1,64,94,6
3276641,0,546,0,40,2,5,2,1,56,37,6
3293979,0,546,0,40,3,1,2,1,39,30,6
3297027,0,546,0,40,2,1,2,1,33,40,6
3297673,0,546,0,40,2,1,2,1,33,50,6
3296868,0,546,0,40,2,1,2,1,33,48,6
3286967,0,546,0,40,2,3,2,1,49,28,6
3290235,0,546,0,40,2,4,2,1,40,69,6
3285972,0,546,0,40,2,3,2,1,49,54,6
3298250,0,546,0,40,3,0,2,1,32,36,6
3300607,0,546,0,40,2,0,2,1,32,45,6
3294355,0,546,0,40,2,1,2,1,35,53,6
3293957,0,546,0,40,3,1,2,1,39,35,6
3273064,0,546,0,40,3,7,2,1,55,17,6
3294544,0,546,0,40,2,1,2,1,39,79,6
3275777,0,546,0,40,3,4,2,1,74,34,6
3296275,0,546,0,40,3,1,2,1,36,45,6
3298487,0,546,0,40,3,1,2,1,32,40,6
3297911,0,546,0,40,2,1,2,1,34,76,6
3295191,0,546,0,40,2,2,2,1,35,67,6
3301094,0,546,0,40,2,0,2,1,31,24,6
3301462,0,546,0,40,2,0,2,1,31,38,6
3290566,0,546,0,40,3,2,2,1,33,46,6
3259253,0,546,0,40,2,8,2,1,66,37,6
3290894,0,546,0,40,3,2,2,1,39,34,6
3297768,0,546,0,40,2,1,2,1,32,20,6
3276789,0,546,0,40,3,5,2,1,72,81,6
3288820,0,546,0,40,2,3,2,1,43,70,6
3266024,0,546,0,40,3,5,2,1,79,35,6
3298990,0,546,0,40,3,0,2,1,30,38,6
3300802,0,546,0,40,2,0,2,1,30,29,6
3300985,0,546,0,40,3,0,2,1,30,22,6
3301538,0,546,0,40,2,0,2,1,30,47,6
3301606,0,546,0,40,2,0,2,1,30,61,6
3290774,0,546,0,40,3,3,2,1,37,108,6
3281504,0,546,0,40,3,5,2,1,55,73,6
3284697,0,546,0,40,3,6,2,1,43,48,6
3292035,0,546,0,40,3,2,2,1,43,37,6
3280258,0,546,0,40,2,7,2,1,54,58,6
3280791,0,546,0,40,2,2,2,1,65,67,6
3292211,0,546,0,40,2,2,2,1,34,27,6
3266111,0,546,0,40,3,10,2,1,92,34,6
3299986,0,546,0,40,2,1,2,1,30,58,6
3274595,0,546,0,40,2,5,2,1,75,45,6
3272389,0,546,0,40,2,7,2,1,67,43,6
3301581,0,546,0,40,3,0,2,1,29,49,6
3302492,0,546,0,40,3,0,2,1,29,58,6
3302554,0,546,0,40,3,0,2,1,29,79,6
3271497,0,546,0,40,2,8,2,1,63,43,6
3268550,0,546,0,40,3,10,2,1,69,57,6
3283681,0,546,0,40,2,3,2,1,51,56,6
3269069,0,546,0,40,3,6,2,1,86,38,6
3269517,0,546,0,40,2,9,2,1,79,68,6
3282480,0,546,0,40,2,3,2,1,57,42,6
3285947,0,546,0,40,2,3,2,1,46,67,6
3280053,0,546,0,40,2,4,2,1,50,36,6
3300767,0,546,0,40,2,1,2,1,29,42,6
3286460,0,546,0,40,3,3,2,1,53,40,6
3302535,0,546,0,40,2,0,2,1,28,40,6
3302731,0,546,0,40,2,0,2,1,28,28,6
3239097,0,546,0,40,2,13,2,1,100,62,6
3277040,0,546,0,40,2,6,2,1,53,41,6
3285711,0,546,0,40,3,4,2,1,50,63,6
3263303,0,546,0,40,3,8,2,1,64,32,6
3298008,0,546,0,40,2,1,2,1,31,23,6
3281385,0,546,0,40,2,4,2,1,57,122,6
3297840,0,546,0,40,2,1,2,1,32,64,6
3285317,0,546,0,40,2,4,2,1,43,42,6
3264840,0,546,0,40,2,3,2,1,46,58,6
3292170,0,546,0,40,2,2,2,1,42,13,6
3290133,0,546,0,40,3,3,2,1,36,40,6
3272698,0,546,0,40,3,6,2,1,74,63,6
3292129,0,546,0,40,2,3,2,1,41,48,6
3300572,0,546,0,40,2,1,2,1,28,43,6
3299661,0,546,0,40,2,1,2,1,32,31,6
3282007,0,546,0,40,2,6,2,1,51,32,6
3274393,0,546,0,40,3,7,2,1,67,39,6
3301765,0,546,0,40,2,1,2,1,28,27,6
3302405,0,546,0,40,3,0,2,1,27,25,6
3302624,0,546,0,40,2,0,2,1,27,39,6
3303259,0,546,0,40,3,0,2,1,27,90,6
3258008,0,546,0,40,3,9,2,1,78,54,6
3276950,0,546,0,40,2,4,2,1,68,50,6
3272283,0,546,0,40,2,9,2,1,60,35,6
3288667,0,546,0,40,3,3,2,1,39,32,6
3298600,0,546,0,40,2,1,2,1,29,30,6
3285961,0,546,0,40,2,3,2,1,48,36,6
3264085,0,546,0,40,2,7,2,1,58,13,6
3294608,0,546,0,40,3,2,2,1,37,21,6
3295654,0,546,0,40,2,2,2,1,34,38,6
3273896,0,546,0,40,3,6,2,1,74,36,6
3299800,0,546,0,40,2,1,2,1,29,47,6
3261425,0,546,0,40,3,8,2,1,46,56,6
3277830,0,546,0,40,2,5,2,1,62,35,6
3280207,0,546,0,40,3,2,2,1,71,59,6
3296679,0,546,0,40,2,1,2,1,37,20,6
3284093,0,546,0,40,2,3,2,1,48,22,6
3298658,0,546,0,40,3,1,2,1,31,34,6
3300486,0,546,0,40,3,1,2,1,28,68,6
3298142,0,546,0,40,2,1,2,1,36,60,6
3301237,0,546,0,40,3,1,2,1,29,73,6
3301975,0,546,0,40,3,0,2,1,26,31,6
3302449,0,546,0,40,2,0,2,1,26,70,6
3302654,0,546,0,40,3,0,2,1,26,75,6
3303584,0,546,0,40,2,0,2,1,26,58,6
3304001,0,546,0,40,3,0,2,1,26,46,6
3304071,0,546,0,40,3,0,2,1,26,61,6
3295772,0,546,0,40,2,2,2,1,28,28,6
3286068,0,546,0,40,2,3,2,1,40,15,6
3282171,0,546,0,40,2,3,2,1,57,33,6
3295218,0,546,0,40,3,1,2,1,35,22,6
3295911,0,546,0,40,2,1,2,1,34,36,6
3291545,0,546,0,40,3,2,2,1,42,36,6
3266557,0,546,0,40,2,2,2,1,40,23,6
3282744,0,546,0,40,2,3,2,1,46,24,6
3299216,0,546,0,40,3,1,2,1,29,47,6
3290855,0,546,0,40,2,3,2,1,35,45,6
3258880,0,546,0,40,2,6,2,1,69,29,6
3280728,0,546,0,40,3,4,2,1,60,45,6
3277605,0,546,0,40,2,4,2,1,59,41,6
3276123,0,546,0,40,2,7,2,1,52,27,6
3289185,0,546,0,40,2,4,2,1,34,47,6
3277993,0,546,0,40,3,4,2,1,65,23,6
3264931,0,546,0,40,3,4,2,1,63,43,6
3300138,0,546,0,40,3,1,2,1,30,15,6
3293792,0,546,0,40,3,2,2,1,37,21,6
3297661,0,546,0,40,2,3,2,1,30,47,6
3293974,0,546,0,40,3,3,2,1,37,32,6
3295420,0,546,0,40,2,3,2,1,33,36,6
3264657,0,546,0,40,3,6,2,1,73,36,6
3287439,0,546,0,40,2,5,2,1,35,30,6
3286291,0,546,0,40,3,4,2,1,42,48,6
3297411,0,546,0,40,3,2,2,1,34,67,6
3271036,0,546,0,40,3,11,2,1,70,103,6
3303298,0,546,0,40,3,0,2,1,25,48,6
3303522,0,546,0,40,3,0,2,1,25,48,6
3303888,0,546,0,40,2,0,2,1,25,57,6
3304302,0,546,0,40,3,0,2,1,25,38,6
3304508,0,546,0,40,2,0,2,1,25,38,6
3304634,0,546,0,40,3,0,2,1,25,52,6
3304658,0,546,0,40,2,0,2,1,25,56,6
3275595,0,546,0,40,2,5,2,1,58,56,6
3290945,0,546,0,40,3,3,2,1,31,100,6
3283872,0,546,0,40,2,3,2,1,46,43,6
3274313,0,546,0,40,3,7,2,1,54,78,6
3287496,0,546,0,40,3,2,2,1,42,14,6
3293910,0,546,0,40,2,2,2,1,28,17,6
3275624,0,546,0,40,3,5,2,1,64,24,6
3257225,0,546,0,40,3,12,2,1,101,69,6
3250635,0,546,0,40,2,11,2,1,85,56,6
3279078,0,546,0,40,3,5,2,1,54,40,6
3268246,0,546,0,40,2,8,2,1,75,67,6
3281327,0,546,0,40,3,6,2,1,47,93,6
3295651,0,546,0,40,3,1,2,1,36,65,6
3289807,0,546,0,40,3,3,2,1,37,9,6
3300617,0,546,0,40,3,1,2,1,28,73,6
3300095,0,546,0,40,3,1,2,1,27,36,6
3265076,0,546,0,40,3,5,2,1,60,61,6
3283326,0,546,0,40,2,5,2,1,42,33,6
3269227,0,546,0,40,3,8,2,1,74,52,6
3295448,0,546,0,40,3,2,2,1,32,15,6
3299478,0,546,0,40,3,1,2,1,29,73,6
3288279,0,546,0,40,3,3,2,1,39,48,6
3300398,0,546,0,40,2,1,2,1,27,67,6
3284615,0,546,0,40,2,5,2,1,43,39,6
3264656,0,546,0,40,2,10,2,1,92,38,6
3297000,0,546,0,40,3,2,2,1,34,41,6
3260208,0,546,0,40,2,5,2,1,57,68,6
3260109,0,546,0,40,3,10,2,1,58,37,6
3284730,0,546,0,40,3,3,2,1,53,46,6
3292584,0,546,0,40,2,4,2,1,30,72,6
3303630,0,546,0,40,2,0,2,1,24,54,6
3303802,0,546,0,40,3,0,2,1,24,54,6
3304299,0,546,0,40,2,0,2,1,24,47,6
3304798,0,546,0,40,2,0,2,1,24,93,6
3304830,0,546,0,40,3,0,2,1,24,56,6
3304966,0,546,0,40,3,0,2,1,24,44,6
3305046,0,546,0,40,2,0,2,1,24,19,6
3305196,0,546,0,40,2,0,2,1,24,45,6
3278297,0,546,0,40,3,3,2,1,56,19,6
3289719,0,546,0,40,3,3,2,1,40,38,6
3296370,0,546,0,40,2,2,2,1,28,99,6
3267519,0,546,0,40,3,2,2,1,42,25,6
3297534,0,546,0,40,3,1,2,1,30,19,6
3286682,0,546,0,40,2,3,2,1,40,45,6
3273988,0,546,0,40,2,6,2,1,72,67,6
3274284,0,546,0,40,3,5,2,1,61,17,6
3276023,0,546,0,40,2,4,2,1,64,26,6
3281072,0,546,0,40,2,5,2,1,52,39,6
3283753,0,546,0,40,2,4,2,1,45,60,6
3270169,0,546,0,40,3,8,2,1,70,32,6
3278050,0,546,0,40,2,8,2,1,58,43,6
3261851,0,546,0,40,3,8,2,1,50,71,6
3295907,0,546,0,40,3,2,2,1,32,46,6
3263360,0,546,0,40,3,3,2,1,44,56,6
3263517,0,546,0,40,2,4,2,1,68,31,6
3281236,0,546,0,40,2,5,2,1,45,34,6
3301197,0,546,0,40,3,1,2,1,26,43,6
3302863,0,546,0,40,3,1,2,1,24,71,6
3297362,0,546,0,40,2,1,2,1,34,67,6
3276111,0,546,0,40,2,3,2,1,77,23,6
3277759,0,546,0,40,3,5,2,1,64,44,6
3298849,0,546,0,40,3,2,2,1,30,28,6
3281242,0,546,0,40,2,5,2,1,50,13,6
3296715,0,546,0,40,3,2,2,1,33,32,6
3264325,0,546,0,40,3,9,2,1,67,73,6
3302683,0,546,0,40,2,1,2,1,25,43,6
3276089,0,546,0,40,2,4,2,1,73,44,6
3283581,0,546,0,40,2,4,2,1,45,32,6
3274018,0,546,0,40,3,7,2,1,65,32,6
3301048,0,546,0,40,3,2,2,1,27,24,6
3297785,0,546,0,40,2,2,2,1,27,47,6
3270559,0,546,0,40,3,7,2,1,81,84,6
3275608,0,546,0,40,3,8,2,1,64,70,6
3271362,0,546,0,40,3,7,2,1,80,38,6
3267041,0,546,0,40,3,10,2,1,59,26,6
3303622,0,546,0,40,3,0,2,1,23,47,6
3304345,0,546,0,40,3,0,2,1,23,61,6
3304681,0,546,0,40,2,0,2,1,23,54,6
3304891,0,546,0,40,2,0,2,1,23,37,6
3305291,0,546,0,40,2,0,2,1,23,26,6
3305322,0,546,0,40,2,0,2,1,23,37,6
3305528,0,546,0,40,3,0,2,1,23,74,6
3305642,0,546,0,40,2,0,2,1,23,114,6
3305726,0,546,0,40,3,0,2,1,23,53,6
3305836,0,546,0,40,2,0,2,1,23,25,6
3290624,0,546,0,40,2,1,2,1,42,90,6
3300397,0,546,0,40,2,1,2,1,23,77,6
3284763,0,546,0,40,3,5,2,1,44,38,6
3286493,0,546,0,40,3,2,2,1,44,68,6
3265914,0,546,0,40,3,7,2,1,70,50,6
3274565,0,546,0,40,3,6,2,1,56,13,6
3287244,0,546,0,40,2,3,2,1,41,25,6
3270967,0,546,0,40,2,8,2,1,79,25,6
3285599,0,546,0,40,3,4,2,1,34,30,6
3300385,0,546,0,40,2,1,2,1,26,61,6
3272558,0,546,0,40,3,8,2,1,69,19,6
3273981,0,546,0,40,3,6,2,1,63,68,6
3285933,0,546,0,40,3,5,2,1,37,21,6
3289707,0,546,0,40,2,3,2,1,44,52,6
3290742,1,546,521,21.858,3,2,2,1,39,67,6
3302042,0,546,0,40,2,1,2,1,24,60,6
3301880,0,546,0,40,2,2,2,1,24,56,6
3283041,0,546,0,40,3,6,2,1,52,59,6
3276354,0,546,0,40,3,6,2,1,55,18,6
3293707,0,546,0,40,3,2,2,1,36,38,6
3273673,0,546,0,40,2,7,2,1,69,23,6
3270134,0,546,0,40,2,7,2,1,71,82,6
3281987,0,546,0,40,3,6,2,1,47,92,6
3272777,0,546,0,40,2,6,2,1,77,53,6
3301521,0,546,0,40,3,1,2,1,26,35,6
3292840,0,546,0,40,3,3,2,1,31,38,6
3297954,0,546,0,40,3,3,2,1,27,39,6
3304129,0,546,0,40,3,1,2,1,23,22,6
3290502,0,546,0,40,3,3,2,1,34,60,6
3266750,0,546,0,40,3,6,2,1,67,26,6
3289841,0,546,0,40,3,4,2,1,37,23,6
3302053,0,546,0,40,3,1,2,1,25,87,6
3294518,0,546,0,40,2,4,2,1,27,23,6
3265969,0,546,0,40,3,4,2,1,44,74,6
3303066,0,546,0,40,2,1,2,1,23,10,6
3304407,0,546,0,40,3,1,2,1,23,64,6
3272162,0,546,0,40,2,9,2,1,60,35,6
3301022,0,546,0,40,2,2,2,1,29,8,6
3302930,0,546,0,40,3,0,2,1,22,23,6
3304261,0,546,0,40,2,0,2,1,22,16,6
3304913,0,546,0,40,2,0,2,1,22,61,6
3305153,0,546,0,40,2,0,2,1,22,25,6
3305415,0,546,0,40,3,0,2,1,22,44,6
3305791,0,546,0,40,2,0,2,1,22,87,6
3305943,0,546,0,40,2,0,2,1,22,21,6
3306041,0,546,0,40,3,0,2,1,22,38,6
3306143,0,546,0,40,2,0,2,1,22,43,6
3306173,0,546,0,40,3,0,2,1,22,16,6
3306289,0,546,0,40,3,0,2,1,22,15,6
3297352,0,546,0,40,3,1,2,1,23,29,6
3268465,0,546,0,40,2,8,2,1,78,45,6
3295516,0,546,0,40,2,2,2,1,25,8,6
3299779,0,546,0,40,2,1,2,1,25,32,6
3268453,0,546,0,40,2,6,2,1,91,57,6
3286851,0,546,0,40,3,2,2,1,38,30,6
3294588,0,546,0,40,3,2,2,1,33,42,6
3297328,0,546,0,40,2,2,2,1,25,56,6
3302376,0,546,0,40,2,1,2,1,22,25,6
3288500,0,546,0,40,3,3,2,1,45,53,6
3300775,0,546,0,40,3,1,2,1,26,33,6
3301529,0,546,0,40,2,1,2,1,23,45,6
3277213,0,546,0,40,2,4,2,1,63,31,6
3285203,0,546,0,40,3,4,2,1,39,33,6
3272328,0,546,0,40,2,8,2,1,61,38,6
3298574,0,546,0,40,3,1,2,1,29,40,6
3289113,0,546,0,40,3,3,2,1,40,75,6
3287161,0,546,0,40,3,4,2,1,36,70,6
3271369,0,546,0,40,3,10,2,1,60,29,6
3299008,0,546,0,40,3,2,2,1,27,33,6
3294275,0,546,0,40,3,3,2,1,31,37,6
3299815,0,546,0,40,2,2,2,1,28,64,6
3292093,0,546,0,40,3,4,2,1,32,39,6
3278322,0,546,0,40,3,4,2,1,61,64,6
3303517,0,546,0,40,2,1,2,1,22,85,6
3285609,0,546,0,40,3,3,2,1,47,27,6
3282666,0,546,0,40,3,4,2,1,51,36,6
3298088,0,546,0,40,2,2,2,1,28,54,6
3299043,0,546,0,40,2,2,2,1,30,31,6
3298969,0,546,0,40,3,2,2,1,26,49,6
3292556,0,546,0,40,3,2,2,1,33,52,6
3294224,0,546,0,40,2,3,2,1,32,18,6
3298811,0,546,0,40,3,2,2,1,28,113,6
3291598,0,546,0,40,3,3,2,1,43,41,6
3300022,0,546,0,40,2,1,2,1,30,6,6
3276096,0,546,0,40,3,5,2,1,60,81,6
3294326,0,546,0,40,3,2,2,1,37,29,6
3266601,0,546,0,40,2,4,2,1,40,48,6
3289502,0,546,0,40,3,3,2,1,38,38,6
3271644,0,546,0,40,3,9,2,1,71,57,6
3281753,0,546,0,40,3,6,2,1,48,55,6
3267493,0,546,0,40,3,1,2,1,46,61,6
3249321,0,546,0,40,3,14,2,1,86,13,6
3278291,0,546,0,40,3,6,2,1,53,42,6
3269634,0,546,0,40,2,10,2,1,83,35,6
3303947,0,546,0,40,2,1,2,1,24,33,6
3300899,0,546,0,40,3,2,2,1,23,37,6
3275730,0,546,0,40,3,5,2,1,68,84,6
3267311,0,546,0,40,3,5,2,1,73,26,6
3294462,0,546,0,40,2,4,2,1,31,69,6
3292061,0,546,0,40,3,3,2,1,32,45,6
3295525,0,546,0,40,2,3,2,1,31,24,6
3302489,0,546,0,40,2,0,2,1,21,67,6
3304221,0,546,0,40,2,0,2,1,21,38,6
3304853,0,546,0,40,3,0,2,1,21,24,6
3305441,0,546,0,40,3,0,2,1,21,40,6
3305914,0,546,0,40,2,0,2,1,21,53,6
3306126,0,546,0,40,2,0,2,1,21,51,6
3306238,0,546,0,40,3,0,2,1,21,30,6
3306338,0,546,0,40,2,0,2,1,21,33,6
3306422,0,546,0,40,2,0,2,1,21,37,6
3306449,0,546,0,40,2,0,2,1,21,19,6
3306467,0,546,0,40,3,0,2,1,21,51,6
3306587,0,546,0,40,3,0,2,1,21,59,6
3306635,0,546,0,40,3,0,2,1,21,57,6
3306873,0,546,0,40,2,0,2,1,21,90,6
3306953,0,546,0,40,3,0,2,1,21,25,6
3263067,0,546,0,40,3,2,2,1,36,42,6
3262558,0,546,0,40,3,6,2,1,58,33,6
3287766,0,546,0,40,3,4,2,1,35,66,6
3284021,1,546,483,40,2,5,2,1,41,32,6
3295609,0,546,0,40,3,2,2,1,30,48,6
3284946,0,546,0,40,2,3,2,1,47,47,6
3294888,0,546,0,40,2,1,2,1,36,27,6
3300079,0,546,0,40,3,1,2,1,24,55,6
3292167,0,546,0,40,2,3,2,1,30,25,6
3292893,0,546,0,40,2,3,2,1,30,74,6
3296015,0,546,0,40,2,2,2,1,30,89,6
3289476,0,546,0,40,2,1,2,1,45,24,6
3279723,0,546,0,40,2,4,2,1,57,43,6
3277797,0,546,0,40,3,5,2,1,59,64,6
3300834,0,546,0,40,2,1,2,1,24,48,6
3296266,0,546,0,40,3,2,2,1,25,29,6
3299284,0,546,0,40,3,2,2,1,22,33,6
3292270,0,546,0,40,3,2,2,1,37,42,6
3270914,0,546,0,40,2,6,2,1,77,22,6
3292243,0,546,0,40,2,2,2,1,34,49,6
3284630,0,546,0,40,3,4,2,1,46,29,6
3276977,0,546,0,40,2,7,2,1,48,22,6
3289669,0,546,0,40,3,4,2,1,39,21,6
3296263,0,546,0,40,2,2,2,1,31,79,6
3296606,0,546,0,40,3,2,2,1,32,18,6
3303113,0,546,0,40,2,1,2,1,23,53,6
3295440,0,546,0,40,3,2,2,1,30,23,6
3303581,0,546,0,40,2,1,2,1,22,32,6
3278638,0,546,0,40,3,6,2,1,46,57,6
3280600,0,546,0,40,2,5,2,1,50,51,6
3295917,0,546,0,40,3,1,2,1,34,32,6
3297166,0,546,0,40,2,2,2,1,28,48,6
3304063,0,546,0,40,3,1,2,1,22,28,6
3298603,0,546,0,40,3,2,2,1,28,26,6
3286187,0,546,0,40,2,5,2,1,39,96,6
3261895,0,546,0,40,2,11,2,1,87,73,6
3295760,0,546,0,40,2,2,2,1,32,39,6
3283766,0,546,0,40,3,4,2,1,46,43,6
3291639,0,546,0,40,3,3,2,1,34,55,6
3281154,0,546,0,40,2,7,2,1,52,46,6
3281278,0,546,0,40,2,7,2,1,46,42,6
3304244,0,546,0,40,3,1,2,1,22,16,6
3277577,0,546,0,40,3,6,2,1,56,24,6
3263938,0,546,0,40,2,7,2,1,83,22,6
3284484,0,546,0,40,3,7,2,1,49,20,6
3260346,0,546,0,40,3,9,2,1,73,46,6
3297600,0,546,0,40,2,3,2,1,27,115,6
3304036,0,546,0,40,3,1,2,1,23,102,6
3296499,0,546,0,40,2,2,2,1,31,15,6
3284919,0,546,0,40,2,4,2,1,44,42,6
3302611,0,546,0,40,3,2,2,1,23,40,6
3279125,0,546,0,40,2,6,2,1,58,27,6
3295964,0,546,0,40,3,3,2,1,35,46,6
3304585,0,546,0,40,2,1,2,1,21,75,6
3302163,0,546,0,40,2,1,2,1,27,32,6
3303825,0,546,0,40,2,1,2,1,25,32,6
3283298,0,546,0,40,3,5,2,1,52,52,6
3305110,0,546,0,40,2,1,2,1,23,29,6
3298513,0,546,0,40,2,1,2,1,36,28,6
3269211,0,546,0,40,3,11,2,1,69,47,6
3306156,0,546,0,40,3,0,2,1,20,97,6
3306308,0,546,0,40,2,0,2,1,20,36,6
3306420,0,546,0,40,3,0,2,1,20,31,6
3306468,0,546,0,40,3,0,2,1,20,17,6
3306624,0,546,0,40,3,0,2,1,20,43,6
3306676,0,546,0,40,3,0,2,1,20,47,6
3306688,0,546,0,40,3,0,2,1,20,49,6
3306932,0,546,0,40,3,0,2,1,20,69,6
3307032,0,546,0,40,3,0,2,1,20,55,6
3307168,0,546,0,40,3,0,2,1,20,47,6
3307218,0,546,0,40,2,0,2,1,20,20,6
3307240,0,546,0,40,3,0,2,1,20,39,6
3307352,0,546,0,40,2,0,2,1,20,60,6
3307364,0,546,0,40,2,0,2,1,20,58,6
3307418,0,546,0,40,3,0,2,1,20,33,6
3307468,0,546,0,40,3,0,2,1,20,56,6
3307568,0,546,0,40,3,0,2,1,20,18,6
3267490,0,546,0,40,3,4,2,1,33,25,6
3294398,0,546,0,40,2,2,2,1,31,68,6
3293536,0,546,0,40,3,2,2,1,35,24,6
3276717,0,546,0,40,2,8,2,1,52,33,6
3295994,0,546,0,40,3,1,2,1,34,71,6
3298187,0,546,0,40,3,1,2,1,29,49,6
3288681,0,546,0,40,2,3,2,1,37,30,6
3298164,0,546,0,40,3,2,2,1,23,29,6
3234987,0,546,0,40,2,17,2,1,115,35,6
3295756,0,546,0,40,3,1,2,1,35,70,6
3289541,0,546,0,40,3,3,2,1,35,38,6
3280787,0,546,0,40,2,7,2,1,44,48,6
3302591,0,546,0,40,2,1,2,1,22,51,6
3294455,0,546,0,40,3,3,2,1,27,64,6
3301679,0,546,0,40,3,1,2,1,21,101,6
3258604,0,546,0,40,2,8,2,1,70,38,6
3270550,0,546,0,40,3,15,2,1,65,43,6
3303256,0,546,0,40,2,1,2,1,20,49,6
3272597,0,546,0,40,3,10,2,1,55,64,6
3292668,0,546,0,40,2,2,2,1,36,30,6
3281235,1,546,524,35.4734,2,5,2,1,49,50,6
3290482,0,546,0,40,3,3,2,1,38,39,6
3290366,0,546,0,40,3,3,2,1,35,38,6
3295987,0,546,0,40,2,2,2,1,30,56,6
3292332,0,546,0,40,2,2,2,1,40,67,6
3302543,0,546,0,40,3,1,2,1,23,44,6
3301331,0,546,0,40,2,1,2,1,22,16,6
3301185,0,546,0,40,3,2,2,1,23,21,6
3278619,0,546,0,40,3,7,2,1,46,43,6
3294822,0,546,0,40,2,4,2,1,30,25,6
3269638,0,546,0,40,3,8,2,1,70,14,6
3297990,0,546,0,40,2,1,2,1,33,43,6
3241413,0,546,0,40,2,10,2,1,79,32,6
3291265,0,546,0,40,2,3,2,1,35,46,6
3292679,0,546,0,40,3,2,2,1,36,14,6
3295731,0,546,0,40,2,3,2,1,34,19,6
3302803,0,546,0,40,3,1,2,1,24,39,6
3288195,0,546,0,40,2,3,2,1,37,28,6
3294720,0,546,0,40,3,2,2,1,35,14,6
3302085,0,546,0,40,3,1,2,1,23,63,6
3263004,0,546,0,40,2,5,2,1,39,34,6
3301644,0,546,0,40,3,2,2,1,24,53,6
3285043,0,546,0,40,3,5,2,1,38,79,6
3289871,0,546,0,40,3,3,2,1,28,68,6
3275307,0,546,0,40,3,7,2,1,56,21,6
3280895,0,546,0,40,2,4,2,1,60,42,6
3300414,0,546,0,40,2,1,2,1,27,84,6
3297243,0,546,0,40,3,3,2,1,29,57,6
3264546,0,546,0,40,2,5,2,1,55,27,6
3282221,0,546,0,40,2,5,2,1,60,72,6
3291212,0,546,0,40,2,5,2,1,34,31,6
3304678,0,546,0,40,2,1,2,1,22,44,6
3294289,0,546,0,40,2,4,2,1,26,29,6
3300625,0,546,0,40,2,2,2,1,24,19,6
3303806,0,546,0,40,2,1,2,1,20,52,6
3294074,0,546,0,40,3,1,2,1,42,54,6
3282325,0,546,0,40,3,5,2,1,52,43,6
3293567,0,546,0,40,2,2,2,1,39,65,6
3302993,0,546,0,40,2,1,2,1,26,91,6
3270530,0,546,0,40,3,7,2,1,80,45,6
3266851,0,546,0,40,3,6,2,1,49,42,6
3302854,0,546,0,40,2,1,2,1,24,26,6
3298145,0,546,0,40,2,2,2,1,24,31,6
3287502,0,546,0,40,2,5,2,1,45,22,6
3301961,0,546,0,40,3,2,2,1,27,50,6
3294242,0,546,0,40,2,3,2,1,32,77,6
3305011,0,546,0,40,3,1,2,1,21,24,6
3300260,0,546,0,40,3,2,2,1,27,31,6
3296843,0,546,0,40,3,4,2,1,28,68,6
3291860,0,546,0,40,2,5,2,1,33,26,6
3286563,0,546,0,40,2,4,2,1,47,73,6
3264667,0,546,0,40,2,6,2,1,57,19,6
3280625,0,546,0,40,3,5,2,1,53,29,6
3293380,0,546,0,40,3,2,2,1,37,62,6
3305207,0,546,0,40,3,1,2,1,22,55,6
3285364,1,546,493,40,2,4,2,1,47,28,6
3294211,0,546,0,40,3,3,2,1,38,43,6
3304857,0,546,0,40,2,1,2,1,22,52,6
3304661,0,546,0,40,3,0,2,1,19,24,6
3305968,0,546,0,40,3,0,2,1,19,56,6
3306320,0,546,0,40,3,0,2,1,19,65,6
3306878,0,546,0,40,2,0,2,1,19,45,6
3306958,0,546,0,40,3,0,2,1,19,73,6
3307041,0,546,0,40,2,0,2,1,19,38,6
3307221,0,546,0,40,2,0,2,1,19,53,6
3307321,0,546,0,40,3,0,2,1,19,63,6
3307445,0,546,0,40,2,0,2,1,19,33,6
3307457,0,546,0,40,2,0,2,1,19,71,6
3307561,0,546,0,40,3,0,2,1,19,45,6
3307623,0,546,0,40,2,0,2,1,19,20,6
3307627,0,546,0,40,3,0,2,1,19,43,6
3307867,0,546,0,40,2,0,2,1,19,43,6
3307889,0,546,0,40,3,0,2,1,19,27,6
3307931,0,546,0,40,2,0,2,1,19,49,6
3307941,0,546,0,40,3,0,2,1,19,23,6
3307973,0,546,0,40,3,0,2,1,19,56,6
3308047,0,546,0,40,2,0,2,1,19,55,6
3308059,0,546,0,40,3,0,2,1,19,69,6
3308061,0,546,0,40,3,0,2,1,19,67,6
3285118,0,546,0,40,3,2,2,1,43,30,6
3301102,0,546,0,40,2,1,2,1,20,59,6
3277404,0,546,0,40,2,7,2,1,53,21,6
3284373,0,546,0,40,3,4,2,1,50,8,6
3292546,0,546,0,40,3,1,2,1,40,24,6
3278327,0,546,0,40,2,6,2,1,47,58,6
3270922,0,546,0,40,3,8,2,1,67,37,6
3276038,0,546,0,40,3,6,2,1,51,50,6
3300850,0,546,0,40,2,1,2,1,22,33,6
3278937,0,546,0,40,2,7,2,1,45,36,6
3283247,0,546,0,40,2,4,2,1,40,22,6
3264832,0,546,0,40,3,2,2,1,29,64,6
3284584,0,546,0,40,3,4,2,1,40,35,6
3290646,0,546,0,40,2,4,2,1,35,12,6
3286007,0,546,0,40,2,5,2,1,40,37,6
3299006,0,546,0,40,2,2,2,1,21,97,6
3302277,0,546,0,40,3,1,2,1,20,70,6
3299494,0,546,0,40,3,2,2,1,20,65,6
3286709,0,546,0,40,3,2,2,1,51,28,6
3276048,0,546,0,40,2,7,2,1,64,54,6
3281073,0,546,0,40,2,5,2,1,60,47,6
3294137,0,546,0,40,2,2,2,1,31,19,6
3274166,0,546,0,40,3,7,2,1,55,66,6
3291116,0,546,0,40,2,2,2,1,41,67,6
3300664,0,546,0,40,3,1,2,1,25,46,6
3288571,0,546,0,40,3,3,2,1,38,41,6
3296314,0,546,0,40,3,2,2,1,28,15,6
3298836,0,546,0,40,2,2,2,1,28,31,6
3269406,0,546,0,40,2,11,2,1,59,56,6
3296030,0,546,0,40,3,2,2,1,33,47,6
3294941,0,546,0,40,2,3,2,1,24,21,6
3298481,0,546,0,40,3,2,2,1,27,28,6
3288280,0,546,0,40,3,2,2,1,45,35,6
3289857,0,546,0,40,3,2,2,1,42,48,6
3280657,0,546,0,40,2,3,2,1,60,44,6
3294889,0,546,0,40,2,2,2,1,34,46,6
3274649,0,546,0,40,2,4,2,1,71,24,6
3273285,0,546,0,40,2,7,2,1,54,29,6
3280585,0,546,0,40,3,4,2,1,56,38,6
3301357,0,546,0,40,3,1,2,1,25,32,6
3301930,0,546,0,40,3,1,2,1,25,56,6
3297483,0,546,0,40,2,2,2,1,26,20,6
3299473,0,546,0,40,3,2,2,1,26,34,6
3302781,0,546,0,40,3,1,2,1,23,75,6
3271999,0,546,0,40,2,7,2,1,72,24,6
3263279,0,546,0,40,3,9,2,1,70,76,6
3288573,0,546,0,40,3,4,2,1,38,49,6
3266077,0,546,0,40,3,6,2,1,36,61,6
3274252,0,546,0,40,2,6,2,1,74,56,6
3268630,0,546,0,40,2,8,2,1,79,43,6
3294015,0,546,0,40,3,4,2,1,34,27,6
3274671,0,546,0,40,3,8,2,1,50,47,6
3296369,0,546,0,40,3,4,2,1,28,46,6
3292983,0,546,0,40,3,2,2,1,41,20,6
3296883,0,546,0,40,2,2,2,1,32,53,6
3272291,0,546,0,40,3,10,2,1,54,43,6
3287533,0,546,0,40,3,4,2,1,39,114,6
3301058,0,546,0,40,3,1,2,1,27,12,6
3266797,0,546,0,40,3,8,2,1,102,37,6
3302975,0,546,0,40,2,1,2,1,24,39,6
3287225,0,546,0,40,3,5,2,1,36,32,6
3295004,0,546,0,40,2,2,2,1,29,25,6
3259654,0,546,0,40,2,10,2,1,63,42,6
3285266,0,546,0,40,2,5,2,1,42,70,6
3299019,0,546,0,40,2,2,2,1,26,25,6
3276761,0,546,0,40,3,7,2,1,44,42,6
3304822,0,546,0,40,2,1,2,1,20,46,6
3294724,0,546,0,40,2,3,2,1,28,69,6
3302425,0,546,0,40,3,1,2,1,19,10,6
3274282,0,546,0,40,2,5,2,1,76,50,6
3284781,0,546,0,40,2,4,2,1,51,52,6
3299836,0,546,0,40,3,1,2,1,30,36,6
3297723,0,546,0,40,2,2,2,1,33,42,6
3291787,0,546,0,40,2,3,2,1,35,46,6
3302685,0,546,0,40,2,1,2,1,25,41,6
3285053,0,546,0,40,2,5,2,1,35,24,6
3274847,0,546,0,40,3,5,2,1,68,38,6
3284183,0,546,0,40,3,5,2,1,46,37,6
3265109,0,546,0,40,2,5,2,1,74,39,6
3287135,0,546,0,40,3,6,2,1,41,36,6
3286790,0,546,0,40,2,4,2,1,43,35,6
3299268,0,546,0,40,3,3,2,1,30,69,6
3282468,0,546,0,40,3,4,2,1,52,43,6
3292496,0,546,0,40,3,3,2,1,38,18,6
3297790,0,546,0,40,3,2,2,1,33,43,6
3264240,0,546,0,40,3,10,2,1,65,25,6
3293579,0,546,0,40,2,2,2,1,36,25,6
3280335,0,546,0,40,3,7,2,1,55,47,6
3277154,0,546,0,40,2,7,2,1,64,38,6
3292949,0,546,0,40,3,2,2,1,43,86,6
3305190,0,546,0,40,2,1,2,1,22,42,6
3261189,0,546,0,40,2,4,2,1,35,29,6
3276929,0,546,0,40,3,8,2,1,41,72,6
3289040,0,546,0,40,3,4,2,1,37,26,6
3299556,0,546,0,40,2,2,2,1,26,35,6
3293215,0,546,0,40,3,3,2,1,31,32,6
3250522,0,546,0,40,2,6,2,1,51,27,6
3284170,0,546,0,40,3,4,2,1,47,44,6
3285689,0,546,0,40,3,6,2,1,38,21,6
3290305,0,546,0,40,3,5,2,1,35,39,6
3306699,0,546,0,40,3,1,2,1,19,34,6
3306809,0,546,0,40,2,1,2,1,19,16,6
3286552,0,546,0,40,3,5,2,1,44,28,6
3303210,0,546,0,40,3,1,2,1,24,33,6
3294366,0,546,0,40,2,3,2,1,33,21,6
3304116,0,546,0,40,3,2,2,1,23,48,6
3307054,0,546,0,40,2,1,2,1,19,16,6
3303054,0,546,0,40,3,1,2,1,26,59,6
3285452,0,546,0,40,3,4,2,1,38,53,6
3306450,0,546,0,40,2,0,2,1,18,67,6
3306466,0,546,0,40,2,0,2,1,18,25,6
3307079,0,546,0,40,3,0,2,1,18,80,6
3307335,0,546,0,40,3,0,2,1,18,64,6
3307351,0,546,0,40,2,0,2,1,18,39,6
3307383,0,546,0,40,2,0,2,1,18,38,6
3307656,0,546,0,40,2,0,2,1,18,68,6
3307816,0,546,0,40,3,0,2,1,18,25,6
3307928,0,546,0,40,2,0,2,1,18,41,6
3308044,0,546,0,40,3,0,2,1,18,34,6
3308064,0,546,0,40,3,0,2,1,18,102,6
3308076,0,546,0,40,2,0,2,1,18,44,6
3308128,0,546,0,40,3,0,2,1,18,40,6
3308158,0,546,0,40,3,0,2,1,18,60,6
3308172,0,546,0,40,2,0,2,1,18,20,6
3308198,0,546,0,40,3,0,2,1,18,60,6
3308320,0,546,0,40,3,0,2,1,18,63,6
3308382,0,546,0,40,2,0,2,1,18,53,6
3308434,0,546,0,40,2,0,2,1,18,59,6
3308490,0,546,0,40,3,0,2,1,18,28,6
3308574,0,546,0,40,3,0,2,1,18,34,6
3308634,0,546,0,40,3,0,2,1,18,37,6
3308650,0,546,0,40,3,0,2,1,18,45,6
3308654,0,546,0,40,3,0,2,1,18,37,6
3301620,0,546,0,40,3,1,2,1,18,62,6
3273131,0,546,0,40,2,6,2,1,73,42,6
3301782,0,546,0,40,3,1,2,1,20,21,6
3270802,0,546,0,40,3,7,2,1,75,67,6
3296326,0,546,0,40,3,2,2,1,24,29,6
3292307,0,546,0,40,2,2,2,1,34,36,6
3281800,0,546,0,40,3,5,2,1,46,97,6
3289925,0,546,0,40,2,4,2,1,31,36,6
3278838,0,546,0,40,3,6,2,1,48,59,6
3273262,0,546,0,40,2,9,2,1,66,34,6
3287096,0,546,0,40,3,6,2,1,29,78,6
3288662,0,546,0,40,2,3,2,1,37,63,6
3264496,0,546,0,40,3,2,2,1,27,16,6
3302198,0,546,0,40,3,1,2,1,22,26,6
3273020,0,546,0,40,3,8,2,1,69,49,6
3285463,0,546,0,40,3,5,2,1,39,29,6
3296797,0,546,0,40,3,3,2,1,30,30,6
3295492,0,546,0,40,3,3,2,1,28,58,6
3291112,0,546,0,40,2,4,2,1,33,30,6
3290516,0,546,0,40,3,3,2,1,40,38,6
3284913,0,546,0,40,2,3,2,1,41,24,6
3295149,0,546,0,40,2,2,2,1,32,59,6
3298497,0,546,0,40,3,1,2,1,30,42,6
3295541,0,546,0,40,2,2,2,1,33,35,6
3295872,0,546,0,40,2,2,2,1,29,48,6
3294542,0,546,0,40,3,2,2,1,35,49,6
3282847,0,546,0,40,2,5,2,1,44,82,6
3268141,0,546,0,40,3,6,2,1,44,43,6
3302031,0,546,0,40,3,1,2,1,22,21,6
3303589,0,546,0,40,3,1,2,1,21,54,6
3292365,0,546,0,40,3,4,2,1,27,47,6
3274429,0,546,0,40,2,6,2,1,66,42,6
3302906,0,546,0,40,2,1,2,1,19,48,6
3284592,0,546,0,40,3,4,2,1,39,43,6
3284771,0,546,0,40,2,6,2,1,45,36,6
3295687,0,546,0,40,3,2,2,1,31,22,6
3302637,0,546,0,40,3,2,2,1,19,37,6
3304371,0,546,0,40,3,1,2,1,18,26,6
3279256,0,546,0,40,3,4,2,1,57,40,6
3269886,0,546,0,40,2,10,2,1,69,47,6
3295855,0,546,0,40,2,2,2,1,29,34,6
3282926,0,546,0,40,3,6,2,1,42,34,6
3275690,0,546,0,40,2,6,2,1,56,29,6
3280590,0,546,0,40,2,6,2,1,53,37,6
3294643,0,546,0,40,3,3,2,1,30,50,6
3244830,0,546,0,40,3,15,2,1,120,28,6
3300256,0,546,0,40,2,2,2,1,25,42,6
3294802,0,546,0,40,3,3,2,1,25,11,6
3273012,1,546,518,15.3493,3,7,2,1,72,23,6
3299683,0,546,0,40,3,3,2,1,23,72,6
3286833,0,546,0,40,2,4,2,1,42,39,6
3291488,0,546,0,40,2,3,2,1,36,60,6
3277009,0,546,0,40,2,7,2,1,53,44,6
3300790,0,546,0,40,2,2,2,1,20,84,6
3266709,0,546,0,40,3,8,2,1,67,41,6
3303706,0,546,0,40,3,1,2,1,19,41,6
3277079,0,546,0,40,2,8,2,1,37,28,6
3265398,0,546,0,40,2,6,2,1,56,42,6
3305356,0,546,0,40,3,1,2,1,18,62,6
3262712,0,546,0,40,3,7,2,1,73,69,6
3286980,0,546,0,40,2,3,2,1,45,29,6
3293826,0,546,0,40,2,2,2,1,38,24,6
3282838,0,546,0,40,2,5,2,1,51,24,6
3192812,0,546,0,40,3,21,2,1,156,77,6
3287301,0,546,0,40,3,4,2,1,39,18,6
3293297,0,546,0,40,3,3,2,1,35,13,6
3279203,0,546,0,40,2,5,2,1,50,31,6
3261518,0,546,0,40,3,7,2,1,57,96,6
3297838,0,546,0,40,3,3,2,1,24,38,6
3283025,0,546,0,40,2,4,2,1,51,25,6
3298615,0,546,0,40,3,3,2,1,24,33,6
3303870,0,546,0,40,3,1,2,1,19,22,6
3285128,0,546,0,40,2,5,2,1,38,51,6
3290390,0,546,0,40,3,5,2,1,33,71,6
3270614,0,546,0,40,3,9,2,1,76,40,6
3300954,0,546,0,40,2,1,2,1,28,56,6
3283687,0,546,0,40,3,2,2,1,59,59,6
3286503,0,546,0,40,3,4,2,1,43,37,6
3282618,0,546,0,40,3,5,2,1,51,48,6
3281477,0,546,0,40,3,4,2,1,46,36,6
3301786,0,546,0,40,2,2,2,1,21,14,6
3285587,0,546,0,40,2,5,2,1,37,23,6
3302887,0,546,0,40,2,2,2,1,22,44,6
3267465,0,546,0,40,2,13,2,1,67,71,6
3288007,0,546,0,40,3,4,2,1,35,13,6
3267557,0,546,0,40,2,11,2,1,91,38,6
3264838,1,546,487,26.6943,3,6,2,1,48,72,6
3288578,0,546,0,40,3,6,2,1,34,29,6
3296192,0,546,0,40,2,2,2,1,27,60,6
3296361,0,546,0,40,2,2,2,1,33,18,6
3277994,0,546,0,40,3,7,2,1,56,36,6
3295796,0,546,0,40,3,3,2,1,31,33,6
3252919,0,546,0,40,2,11,2,1,74,18,6
3284119,0,546,0,40,3,4,2,1,50,20,6
3271375,0,546,0,40,2,9,2,1,70,37,6
3285515,0,546,0,40,3,5,2,1,47,50,6
3303521,0,546,0,40,2,1,2,1,25,35,6
3289558,0,546,0,40,3,3,2,1,47,26,6
3295326,0,546,0,40,3,2,2,1,34,43,6
3280155,0,546,0,40,3,5,2,1,59,35,6
3300681,0,546,0,40,3,3,2,1,25,85,6
3290959,0,546,0,40,3,3,2,1,33,64,6
3295815,0,546,0,40,2,4,2,1,28,25,6
3304935,0,546,0,40,2,1,2,1,21,23,6
3303214,0,546,0,40,2,2,2,1,20,27,6
3281004,0,546,0,40,3,7,2,1,49,35,6
3292404,0,546,0,40,2,2,2,1,44,36,6
3288826,0,546,0,40,3,5,2,1,40,52,6
3297550,0,546,0,40,3,3,2,1,27,30,6
3306459,0,546,0,40,3,1,2,1,20,45,6
3278428,0,546,0,40,3,7,2,1,47,46,6
3288809,0,546,0,40,3,7,2,1,28,60,6
3305360,0,546,0,40,3,1,2,1,23,23,6
3292659,0,546,0,40,3,3,2,1,30,31,6
3305477,0,546,0,40,2,0,2,1,17,12,6
3306424,0,546,0,40,3,0,2,1,17,99,6
3307363,0,546,0,40,2,0,2,1,17,34,6
3307642,0,546,0,40,3,0,2,1,17,57,6
3307854,0,546,0,40,2,0,2,1,17,63,6
3308006,0,546,0,40,2,0,2,1,17,57,6
3308030,0,546,0,40,3,0,2,1,17,53,6
3308211,0,546,0,40,3,0,2,1,17,96,6
3308279,0,546,0,40,3,0,2,1,17,59,6
3308459,0,546,0,40,2,0,2,1,17,65,6
3308503,0,546,0,40,3,0,2,1,17,61,6
3308535,0,546,0,40,3,0,2,1,17,47,6
3308595,0,546,0,40,2,0,2,1,17,87,6
3308679,0,546,0,40,3,0,2,1,17,38,6
3308757,0,546,0,40,2,0,2,1,17,71,6
3308803,0,546,0,40,3,0,2,1,17,19,6
3308841,0,546,0,40,2,0,2,1,17,56,6
3308851,0,546,0,40,3,0,2,1,17,74,6
3308883,0,546,0,40,3,0,2,1,17,92,6
3308893,0,546,0,40,2,0,2,1,17,33,6
3308903,0,546,0,40,2,0,2,1,17,26,6
3308907,0,546,0,40,3,0,2,1,17,31,6
3308951,0,546,0,40,2,0,2,1,17,31,6
3308965,0,546,0,40,3,0,2,1,17,32,6
3308979,0,546,0,40,3,0,2,1,17,78,6
3308993,0,546,0,40,3,0,2,1,17,47,6
3309017,0,546,0,40,3,0,2,1,17,22,6
3309187,0,546,0,40,3,0,2,1,17,42,6
3309197,0,546,0,40,2,0,2,1,17,38,6
3309215,0,546,0,40,2,0,2,1,17,44,6
3309253,0,546,0,40,3,0,2,1,17,86,6
3296288,0,546,0,40,2,1,2,1,23,84,6
3295979,0,546,0,40,2,3,2,1,22,50,6
3280425,0,546,0,40,3,7,2,1,43,28,6
3289059,0,546,0,40,3,4,2,1,29,57,6
3265624,0,546,0,40,2,3,2,1,31,28,6
3299394,0,546,0,40,3,2,2,1,18,71,6
3274717,0,546,0,40,2,7,2,1,68,63,6
3284098,0,546,0,40,2,4,2,1,41,60,6
3276241,0,546,0,40,2,5,2,1,64,69,6
3264684,0,546,0,40,2,4,2,1,52,30,6
3303552,0,546,0,40,3,1,2,1,18,37,6
3282986,0,546,0,40,3,6,2,1,41,36,6
3293815,0,546,0,40,2,2,2,1,33,66,6
3290483,0,546,0,40,3,1,2,1,45,56,6
3301454,0,546,0,40,3,1,2,1,24,61,6
3293240,0,546,0,40,2,2,2,1,33,28,6
3284577,0,546,0,40,2,6,2,1,46,67,6
3285324,0,546,0,40,3,3,2,1,47,53,6
3303489,0,546,0,40,2,1,2,1,20,67,6
3273777,0,546,0,40,2,11,2,1,53,58,6
3290325,0,546,0,40,3,4,2,1,31,74,6
3255500,0,546,0,40,2,8,2,1,65,34,6
3286810,0,546,0,40,2,5,2,1,43,44,6
3290561,0,546,0,40,2,4,2,1,37,36,6
3296866,0,546,0,40,2,2,2,1,26,23,6
3292467,0,546,0,40,2,2,2,1,30,63,6
3297002,0,546,0,40,3,3,2,1,25,56,6
3285397,0,546,0,40,2,5,2,1,38,39,6
3295362,0,546,0,40,2,2,2,1,27,42,6
3293526,0,546,0,40,3,3,2,1,27,49,6
3301719,0,546,0,40,3,1,2,1,20,42,6
3300484,0,546,0,40,3,2,2,1,21,52,6
3268523,0,546,0,40,3,11,2,1,74,32,6
3278624,0,546,0,40,2,6,2,1,45,21,6
3271565,0,546,0,40,2,7,2,1,68,44,6
3299420,0,546,0,40,3,2,2,1,24,14,6
3304379,0,546,0,40,3,1,2,1,18,60,6
3264794,0,546,0,40,2,5,2,1,49,89,6
3296645,0,546,0,40,2,3,2,1,24,69,6
3275394,0,546,0,40,3,6,2,1,65,15,6
3282559,0,546,0,40,3,5,2,1,50,50,6
3295071,0,546,0,40,2,2,2,1,31,59,6
3297580,0,546,0,40,3,1,2,1,27,35,6
3277906,0,546,0,40,3,5,2,1,51,41,6
3268694,0,546,0,40,3,9,2,1,74,47,6
3301313,0,546,0,40,3,1,2,1,25,30,6
3291981,0,546,0,40,2,2,2,1,38,32,6
3302054,0,546,0,40,3,1,2,1,24,65,6
3261952,0,546,0,40,2,7,2,1,74,15,6
3265160,0,546,0,40,2,9,2,1,54,57,6
3283751,0,546,0,40,3,6,2,1,43,60,6
3267063,0,546,0,40,3,7,2,1,52,29,6
3265420,0,546,0,40,3,7,2,1,41,32,6
3283713,0,546,0,40,3,7,2,1,43,53,6
3273071,0,546,0,40,3,10,2,1,62,30,6
3298036,0,546,0,40,3,2,2,1,26,78,6
3270731,0,546,0,40,2,11,2,1,60,80,6
3295487,0,546,0,40,3,4,2,1,29,70,6
3265652,0,546,0,40,3,1,2,1,18,69,6
3282204,0,546,0,40,3,5,2,1,45,45,6
3266469,0,546,0,40,3,9,2,1,48,54,6
3304118,0,546,0,40,2,1,2,1,17,67,6
3275957,0,546,0,40,2,7,2,1,64,84,6
3275316,0,546,0,40,2,4,2,1,67,48,6
3280468,0,546,0,40,2,4,2,1,52,42,6
3291073,0,546,0,40,3,4,2,1,34,48,6
3278636,0,546,0,40,3,4,2,1,57,26,6
3299486,0,546,0,40,2,2,2,1,25,68,6
3290146,0,546,0,40,2,4,2,1,41,29,6
3283711,0,546,0,40,2,4,2,1,39,26,6
3280128,0,546,0,40,2,3,2,1,58,26,6
3290918,0,546,0,40,2,4,2,1,33,57,6
3285921,0,546,0,40,3,6,2,1,38,34,6
3280990,0,546,0,40,2,3,2,1,61,13,6
3304243,2,546,0,40,2,1,2,1,20,65,6
3305184,0,546,0,40,3,1,2,1,20,33,6
3277817,0,546,0,40,3,4,2,1,58,40,6
3273220,0,546,0,40,3,8,2,1,69,95,6
3298841,0,546,0,40,2,2,2,1,29,138,6
3305336,0,546,0,40,2,1,2,1,19,26,6
3284881,0,546,0,40,3,4,2,1,43,58,6
3298222,0,546,0,40,2,3,2,1,21,55,6
3301135,0,546,0,40,2,2,2,1,20,69,6
3295489,0,546,0,40,2,4,2,1,31,42,6
3269439,0,546,0,40,3,7,2,1,72,34,6
3286117,0,546,0,40,2,6,2,1,36,31,6
3294635,0,546,0,40,3,3,2,1,35,23,6
3285151,0,546,0,40,3,4,2,1,42,76,6
3302796,0,546,0,40,2,2,2,1,20,42,6
3291290,0,546,0,40,3,2,2,1,41,31,6
3297155,0,546,0,40,2,1,2,1,36,17,6
3293940,0,546,0,40,3,2,2,1,30,35,6
3291659,0,546,0,40,2,2,2,1,39,21,6
3243263,0,546,0,40,2,10,2,1,118,40,6
3288928,0,546,0,40,3,4,2,1,42,67,6
3267380,0,546,0,40,2,6,2,1,63,99,6
3300150,0,546,0,40,3,2,2,1,24,35,6
3304954,0,546,0,40,2,1,2,1,21,38,6
3284385,0,546,0,40,3,5,2,1,43,63,6
3272878,0,546,0,40,3,8,2,1,64,27,6
3304887,0,546,0,40,2,1,2,1,20,63,6
3305578,0,546,0,40,3,1,2,1,20,83,6
3287827,0,546,0,40,3,4,2,1,32,10,6
3286726,0,546,0,40,2,5,2,1,35,26,6
3264696,0,546,0,40,3,7,2,1,69,20,6
3275710,0,546,0,40,3,7,2,1,48,20,6
3291369,0,546,0,40,3,4,2,1,31,45,6
3304049,0,546,0,40,2,2,2,1,20,23,6
3262358,0,546,0,40,2,4,2,1,44,34,6
3281556,0,546,0,40,2,6,2,1,49,16,6
3304054,0,546,0,40,3,1,2,1,18,80,6
3306443,0,546,0,40,3,1,2,1,18,36,6
3261138,0,546,0,40,2,11,2,1,63,43,6
3294397,0,546,0,40,3,3,2,1,28,20,6
3303795,0,546,0,40,3,2,2,1,22,46,6
3307482,0,546,0,40,2,1,2,1,17,36,6
3279889,0,546,0,40,3,6,2,1,59,42,6
3287359,0,546,0,40,2,3,2,1,47,34,6
3302194,0,546,0,40,2,1,2,1,27,70,6
3299846,0,546,0,40,3,2,2,1,27,63,6
3265400,0,546,0,40,2,6,2,1,45,75,6
3269686,0,546,0,40,2,11,2,1,71,66,6
3304519,0,546,0,40,3,1,2,1,22,33,6
3296711,0,546,0,40,2,3,2,1,28,63,6
3305131,0,546,0,40,3,1,2,1,21,39,6
3268764,0,546,0,40,3,9,2,1,83,23,6
3273716,0,546,0,40,3,8,2,1,62,74,6
3306105,0,546,0,40,3,1,2,1,20,40,6
3289140,0,546,0,40,2,4,2,1,37,45,6
3288776,0,546,0,40,2,3,2,1,47,49,6
3306601,0,546,0,40,2,1,2,1,19,21,6
3293666,0,546,0,40,2,4,2,1,32,24,6
3302384,0,546,0,40,2,2,2,1,21,12,6
3265967,0,546,0,40,3,7,2,1,40,22,6
3296735,0,546,0,40,3,3,2,1,30,43,6
3304013,0,546,0,40,2,2,2,1,19,37,6
3263672,0,546,0,40,3,8,2,1,55,52,6
3296242,0,546,0,40,3,3,2,1,32,31,6
3287214,0,546,0,40,2,6,2,1,35,33,6
3307723,0,546,0,40,2,1,2,1,17,53,6
3307949,0,546,0,40,3,1,2,1,17,45,6
3293430,0,546,0,40,2,1,2,1,43,20,6
3294934,0,546,0,40,3,3,2,1,37,46,6
3279669,0,546,0,40,3,6,2,1,49,39,6
3292917,0,546,0,40,2,4,2,1,35,74,6
3286072,0,546,0,40,3,6,2,1,39,57,6
3277733,0,546,0,40,2,10,2,1,46,37,6
3307489,0,546,0,40,3,1,2,1,18,20,6
3289679,0,546,0,40,3,5,2,1,34,31,6
3308524,0,546,0,40,3,1,2,1,17,31,6
3299680,0,546,0,40,3,3,2,1,29,26,6
3284887,0,546,0,40,2,5,2,1,44,65,6
3306850,0,546,0,40,2,0,2,1,16,39,6
3307275,0,546,0,40,2,0,2,1,16,42,6
3307499,0,546,0,40,3,0,2,1,16,29,6
3307842,0,546,0,40,3,0,2,1,16,57,6
3308161,0,546,0,40,2,0,2,1,16,38,6
3308249,0,546,0,40,3,0,2,1,16,40,6
3308289,0,546,0,40,3,0,2,1,16,13,6
3308353,0,546,0,40,3,0,2,1,16,58,6
3308401,0,546,0,40,2,0,2,1,16,43,6
3308409,0,546,0,40,2,0,2,1,16,76,6
3308585,0,546,0,40,2,0,2,1,16,14,6
3308689,0,546,0,40,3,0,2,1,16,70,6
3308736,0,546,0,40,2,0,2,1,16,41,6
3308788,0,546,0,40,2,0,2,1,16,45,6
3308804,0,546,0,40,3,0,2,1,16,77,6
3308864,0,546,0,40,3,0,2,1,16,44,6
3308912,0,546,0,40,2,0,2,1,16,38,6
3309016,0,546,0,40,3,0,2,1,16,34,6
3309048,0,546,0,40,2,0,2,1,16,19,6
3309124,0,546,0,40,3,0,2,1,16,34,6
3309192,0,546,0,40,2,0,2,1,16,75,6
3309282,0,546,0,40,2,0,2,1,16,37,6
3309292,0,546,0,40,3,0,2,1,16,26,6
3309344,0,546,0,40,3,0,2,1,16,46,6
3309370,0,546,0,40,3,0,2,1,16,24,6
3309386,0,546,0,40,2,0,2,1,16,18,6
3309394,0,546,0,40,2,0,2,1,16,34,6
3309428,0,546,0,40,2,0,2,1,16,17,6
3309434,0,546,0,40,3,0,2,1,16,93,6
3309464,0,546,0,40,2,0,2,1,16,36,6
3309470,0,546,0,40,3,0,2,1,16,37,6
3309474,0,546,0,40,3,0,2,1,16,41,6
3309490,0,546,0,40,2,0,2,1,16,46,6
3309502,0,546,0,40,3,0,2,1,16,89,6
3309532,0,546,0,40,2,0,2,1,16,83,6
3309544,0,546,0,40,2,0,2,1,16,15,6
3309584,0,546,0,40,3,0,2,1,16,31,6
3309650,0,546,0,40,2,0,2,1,16,23,6
3309652,0,546,0,40,3,0,2,1,16,31,6
3309664,0,546,0,40,2,0,2,1,16,49,6
3309704,0,546,0,40,3,0,2,1,16,32,6
3309708,0,546,0,40,3,0,2,1,16,25,6
3309726,0,546,0,40,3,0,2,1,16,83,6
3309796,0,546,0,40,2,0,2,1,16,21,6
3309804,0,546,0,40,3,0,2,1,16,44,6
3309818,0,546,0,40,3,0,2,1,16,31,6
3309846,0,546,0,40,2,0,2,1,16,38,6
3296058,0,546,0,40,2,2,2,1,20,41,6
3276121,0,546,0,40,2,6,2,1,50,52,6
3264298,0,546,0,40,3,8,2,1,57,20,6
3294589,0,546,0,40,2,1,2,1,30,68,6
3277758,0,546,0,40,3,5,2,1,59,64,6
3301791,0,546,0,40,3,1,2,1,17,40,6
3299218,0,546,0,40,3,1,2,1,24,37,6
3280049,0,546,0,40,3,7,2,1,35,64,6
3279645,0,546,0,40,2,7,2,1,48,53,6
3296702,0,546,0,40,2,1,2,1,30,14,6
3279942,0,546,0,40,2,7,2,1,45,50,6
3267032,0,546,0,40,2,7,2,1,49,39,6
3285574,0,546,0,40,2,3,2,1,41,40,6
3285707,0,546,0,40,2,3,2,1,45,24,6
3290306,0,546,0,40,2,4,2,1,26,83,6
3286532,0,546,0,40,2,3,2,1,47,72,6
3304586,0,546,0,40,3,1,2,1,17,58,6
3296851,0,546,0,40,2,3,2,1,22,40,6
3282129,0,546,0,40,2,2,2,1,63,61,6
3287417,0,546,0,40,2,2,2,1,50,22,6
3297867,0,546,0,40,2,1,2,1,29,60,6
3258774,0,546,0,40,3,4,2,1,48,45,6
3271328,0,546,0,40,3,6,2,1,76,67,6
3274604,0,546,0,40,3,8,2,1,57,23,6
3292192,0,546,0,40,2,2,2,1,36,10,6
3264811,0,546,0,40,2,5,2,1,42,83,6
3296712,0,546,0,40,3,2,2,1,22,29,6
3286001,0,546,0,40,2,5,2,1,35,52,6
3280083,0,546,0,40,2,4,2,1,49,40,6
3245692,0,546,0,40,2,12,2,1,118,23,6
3299845,0,546,0,40,3,2,2,1,22,85,6
3286844,0,546,0,40,3,4,2,1,38,28,6
3282955,0,546,0,40,2,5,2,1,41,45,6
3296117,0,546,0,40,2,2,2,1,21,48,6
3295184,0,546,0,40,3,2,2,1,28,67,6
3272580,0,546,0,40,2,7,2,1,72,26,6
3282740,0,546,0,40,3,5,2,1,47,34,6
3284985,0,546,0,40,2,4,2,1,41,38,6
3256812,0,546,0,40,2,10,2,1,89,28,6
3305592,0,546,0,40,3,1,2,1,16,58,6
3283319,0,546,0,40,2,3,2,1,54,53,6
3298853,0,546,0,40,3,1,2,1,29,45,6
3291634,0,546,0,40,3,3,2,1,37,41,6
3296168,0,546,0,40,2,3,2,1,33,32,6
3292533,0,546,0,40,2,3,2,1,34,32,6
3300609,0,546,0,40,3,2,2,1,23,16,6
3282419,1,546,527,37.8437,2,5,2,1,43,32,6
3287312,0,546,0,40,2,4,2,1,41,30,6
3295432,0,546,0,40,3,3,2,1,23,33,6
3268838,0,546,0,40,2,10,2,1,67,31,6
3290050,0,546,0,40,2,5,2,1,30,36,6
3276250,0,546,0,40,2,7,2,1,47,22,6
3305290,0,546,0,40,2,1,2,1,18,17,6
3290523,0,546,0,40,3,4,2,1,31,18,6
3290506,0,546,0,40,2,4,2,1,31,56,6
3300491,0,546,0,40,2,2,2,1,18,35,6
3271123,0,546,0,40,2,9,2,1,68,30,6
3282661,0,546,0,40,3,4,2,1,48,28,6
3303350,0,546,0,40,3,1,2,1,16,25,6
3279675,0,546,0,40,3,4,2,1,57,48,6
3253167,0,546,0,40,3,8,2,1,83,11,6
3292317,0,546,0,40,2,2,2,1,39,47,6
3270646,0,546,0,40,3,6,2,1,76,46,6
3279896,0,546,0,40,3,7,2,1,42,41,6
3288935,0,546,0,40,3,4,2,1,40,21,6
3288493,0,546,0,40,2,5,2,1,30,56,6
3295468,0,546,0,40,2,3,2,1,24,37,6
3259588,0,546,0,40,3,5,2,1,44,54,6
3295131,0,546,0,40,3,3,2,1,27,82,6
3267745,0,546,0,40,3,12,2,1,71,46,6
3304246,0,546,0,40,3,1,2,1,20,28,6
3304718,0,546,0,40,2,1,2,1,20,58,6
3300727,0,546,0,40,2,2,2,1,23,44,6
3283953,0,546,0,40,3,5,2,1,50,100,6
3265790,0,546,0,40,2,5,2,1,72,51,6
3281813,0,546,0,40,2,5,2,1,47,20,6
3305147,0,546,0,40,2,1,2,1,18,23,6
3299870,0,546,0,40,2,2,2,1,20,64,6
3272668,0,546,0,40,3,7,2,1,63,20,6
3296034,0,546,0,40,2,4,2,1,23,60,6
3278950,0,546,0,40,3,7,2,1,49,16,6
3305431,0,546,0,40,2,1,2,1,17,55,6
3273287,0,546,0,40,2,9,2,1,58,59,6
3273283,0,546,0,40,3,9,2,1,62,54,6
3297602,0,546,0,40,3,3,2,1,24,61,6
3262680,0,546,0,40,2,5,2,1,41,61,6
3271723,0,546,0,40,3,10,2,1,66,86,6
3306218,0,546,0,40,3,1,2,1,16,51,6
3281538,0,546,0,40,2,2,2,1,61,42,6
3291890,0,546,0,40,3,4,2,1,36,41,6
3296900,0,546,0,40,3,2,2,1,31,63,6
3293836,0,546,0,40,3,2,2,1,33,41,6
3298771,0,546,0,40,2,2,2,1,28,31,6
3287451,0,546,0,40,2,3,2,1,48,31,6
3281487,0,546,0,40,2,6,2,1,47,55,6
3302126,0,546,0,40,3,1,2,1,25,67,6
3298815,0,546,0,40,3,3,2,1,24,47,6
3297878,0,546,0,40,3,3,2,1,23,35,6
3300902,0,546,0,40,2,2,2,1,23,59,6
3305074,0,546,0,40,3,1,2,1,20,110,6
3286365,0,546,0,40,3,2,2,1,42,84,6
3293687,0,546,0,40,3,3,2,1,30,40,6
3294364,0,546,0,40,3,3,2,1,27,45,6
3293468,0,546,0,40,2,4,2,1,31,28,6
3306061,0,546,0,40,3,1,2,1,18,38,6
3298976,0,546,0,40,2,3,2,1,22,34,6
3287870,0,546,0,40,3,5,2,1,33,35,6
3306565,0,546,0,40,2,1,2,1,17,62,6
3306643,0,546,0,40,2,1,2,1,17,83,6
3306863,0,546,0,40,3,1,2,1,17,31,6
3289892,0,546,0,40,2,4,2,1,33,30,6
3268828,0,546,0,40,3,11,2,1,66,16,6
3277712,0,546,0,40,2,9,2,1,45,54,6
3302873,0,546,0,40,3,2,2,1,18,49,6
3275204,0,546,0,40,3,6,2,1,58,25,6
3276240,0,546,0,40,2,9,2,1,54,25,6
3307244,0,546,0,40,3,1,2,1,16,23,6
3307416,0,546,0,40,3,1,2,1,16,87,6
3271584,0,546,0,40,3,7,2,1,74,48,6
3279031,0,546,0,40,2,4,2,1,65,45,6
3288742,0,546,0,40,2,2,2,1,41,21,6
3302148,0,546,0,40,2,1,2,1,26,35,6
3291349,0,546,0,40,3,3,2,1,31,45,6
3278489,0,546,0,40,2,7,2,1,52,59,6
3283044,0,546,0,40,2,5,2,1,51,31,6
3289566,0,546,0,40,2,4,2,1,37,77,6
3291757,0,546,0,40,3,4,2,1,30,26,6
3304266,0,546,0,40,2,1,2,1,22,16,6
3296279,0,546,0,40,2,2,2,1,31,73,6
3271263,0,546,0,40,3,9,2,1,73,34,6
3286206,0,546,0,40,3,4,2,1,44,70,6
3265706,0,546,0,40,3,7,2,1,55,11,6
3292669,0,546,0,40,3,3,2,1,32,28,6
3273761,0,546,0,40,3,6,2,1,67,33,6
3260761,0,546,0,40,3,10,2,1,60,42,6
3285956,0,546,0,40,3,6,2,1,42,67,6
3267944,0,546,0,40,2,8,2,1,57,32,6
3299593,0,546,0,40,2,2,2,1,29,46,6
3298538,0,546,0,40,2,2,2,1,26,52,6
3305479,0,546,0,40,3,1,2,1,19,39,6
3305699,0,546,0,40,3,1,2,1,19,50,6
3285355,0,546,0,40,2,4,2,1,52,34,6
3289635,0,546,0,40,2,6,2,1,36,24,6
3306483,0,546,0,40,3,1,2,1,18,31,6
3298563,0,546,0,40,2,2,2,1,25,47,6
3289990,0,546,0,40,2,3,2,1,43,25,6
3293227,0,546,0,40,3,2,2,1,39,35,6
3307274,0,546,0,40,3,1,2,1,17,69,6
3307376,0,546,0,40,2,1,2,1,17,46,6
3282752,0,546,0,40,3,6,2,1,38,50,6
3267103,0,546,0,40,3,10,2,1,91,16,6
3266696,0,546,0,40,2,7,2,1,52,52,6
3295006,0,546,0,40,3,5,2,1,28,27,6
3293057,0,546,0,40,3,2,2,1,43,92,6
3292780,0,546,0,40,2,2,2,1,43,56,6
3299051,0,546,0,40,2,1,2,1,33,27,6
3296396,0,546,0,40,3,3,2,1,32,23,6
3278507,0,546,0,40,3,5,2,1,58,34,6
3302263,0,546,0,40,2,1,2,1,26,22,6
3275073,0,546,0,40,2,9,2,1,56,56,6
3295333,0,546,0,40,3,3,2,1,27,103,6
3304091,0,546,0,40,3,1,2,1,24,24,6
3257607,0,546,0,40,3,10,2,1,76,58,6
3304514,0,546,0,40,3,1,2,1,23,35,6
3288999,0,546,0,40,3,3,2,1,43,49,6
3280489,0,546,0,40,2,4,2,1,59,64,6
3296080,0,546,0,40,2,3,2,1,30,27,6
3269534,0,546,0,40,2,6,2,1,86,34,6
3301950,0,546,0,40,2,2,2,1,24,36,6
3295093,0,546,0,40,2,3,2,1,28,49,6
3277030,0,546,0,40,2,8,2,1,57,14,6
3268525,0,546,0,40,3,9,2,1,73,35,6
3295759,0,546,0,40,2,3,2,1,31,46,6
3278731,0,546,0,40,3,7,2,1,40,39,6
3260517,0,546,0,40,2,4,2,1,47,50,6
3290691,0,546,0,40,3,4,2,1,34,42,6
3294297,0,546,0,40,3,4,2,1,32,24,6
3304723,0,546,0,40,2,2,2,1,21,84,6
3291691,0,546,0,40,2,2,2,1,33,26,6
3283656,0,546,0,40,3,5,2,1,46,57,6
3291978,0,546,0,40,3,5,2,1,35,14,6
3283909,0,546,0,40,2,4,2,1,52,44,6
3303073,0,546,0,40,2,1,2,1,27,51,6
3282594,0,546,0,40,3,7,2,1,50,17,6
3291818,0,546,0,40,2,5,2,1,32,50,6
3286964,0,546,0,40,3,5,2,1,44,35,6
3306315,0,546,0,40,3,1,2,1,21,54,6
3294324,0,546,0,40,3,3,2,1,28,56,6
3297024,0,546,0,40,2,3,2,1,29,63,6
3274295,0,546,0,40,3,9,2,1,60,32,6
3298459,0,546,0,40,2,3,2,1,27,46,6
3306444,0,546,0,40,2,1,2,1,19,73,6
3301836,0,546,0,40,3,2,2,1,28,86,6
3277162,0,546,0,40,2,10,2,1,53,55,6
3303898,0,546,0,40,2,2,2,1,17,20,6
3307491,1,546,532,26.4273,2,1,2,1,16,66,6
3293071,0,546,0,40,2,4,2,1,38,39,6
3260434,0,546,0,40,3,8,2,1,84,19,6
3305992,0,546,0,40,3,0,2,1,15,44,6
3307547,0,546,0,40,2,0,2,1,15,10,6
3308758,0,546,0,40,2,0,2,1,15,68,6
3308798,0,546,0,40,2,0,2,1,15,37,6
3308822,0,546,0,40,2,0,2,1,15,86,6
3309230,0,546,0,40,3,0,2,1,15,67,6
3309307,0,546,0,40,3,0,2,1,15,49,6
3309359,0,546,0,40,2,0,2,1,15,17,6
3309411,0,546,0,40,3,0,2,1,15,76,6
3309443,0,546,0,40,3,0,2,1,15,27,6
3309463,0,546,0,40,2,0,2,1,15,35,6
3309535,0,546,0,40,2,0,2,1,15,15,6
3309547,0,546,0,40,3,0,2,1,15,25,6
3309611,0,546,0,40,2,0,2,1,15,40,6
3309623,0,546,0,40,2,0,2,1,15,104,6
3309635,0,546,0,40,2,0,2,1,15,51,6
3309651,0,546,0,40,2,0,2,1,15,28,6
3309691,0,546,0,40,2,0,2,1,15,40,6
3309831,0,546,0,40,2,0,2,1,15,27,6
3309869,0,546,0,40,2,0,2,1,15,40,6
3309891,0,546,0,40,2,0,2,1,15,26,6
3309901,0,546,0,40,2,0,2,1,15,54,6
3309915,0,546,0,40,3,0,2,1,15,22,6
3309973,0,546,0,40,3,0,2,1,15,44,6
3309989,0,546,0,40,3,0,2,1,15,52,6
3310009,0,546,0,40,2,0,2,1,15,51,6
3310015,0,546,0,40,2,0,2,1,15,27,6
3310025,0,546,0,40,2,0,2,1,15,40,6
3310057,0,546,0,40,3,0,2,1,15,46,6
3310065,0,546,0,40,2,0,2,1,15,50,6
3310079,0,546,0,40,3,0,2,1,15,41,6
3310087,0,546,0,40,3,0,2,1,15,42,6
3310093,0,546,0,40,3,0,2,1,15,73,6
3310099,0,546,0,40,2,0,2,1,15,40,6
3310105,0,546,0,40,3,0,2,1,15,61,6
3310151,0,546,0,40,2,0,2,1,15,44,6
3310169,0,546,0,40,2,0,2,1,15,33,6
3310227,0,546,0,40,2,0,2,1,15,69,6
3310277,0,546,0,40,3,0,2,1,15,46,6
3310283,0,546,0,40,2,0,2,1,15,60,6
3310335,0,546,0,40,3,0,2,1,15,39,6
3310337,0,546,0,40,3,0,2,1,15,45,6
3310385,0,546,0,40,3,0,2,1,15,23,6
3310421,0,546,0,40,2,0,2,1,15,31,6
3310451,0,546,0,40,2,0,2,1,15,64,6
3294571,0,546,0,40,3,1,2,1,29,48,6
3296077,0,546,0,40,2,3,2,1,22,44,6
3290604,0,546,0,40,2,3,2,1,27,60,6
3296780,0,546,0,40,3,1,2,1,26,52,6
3290619,0,546,0,40,3,5,2,1,31,50,6
3300564,0,546,0,40,2,2,2,1,20,53,6
3296115,0,546,0,40,2,2,2,1,28,58,6
3275220,0,546,0,40,2,7,2,1,56,28,6
3303673,0,546,0,40,2,1,2,1,16,40,6
3301277,0,546,0,40,3,2,2,1,16,47,6
3265111,0,546,0,40,3,5,2,1,47,71,6
3293696,0,546,0,40,3,3,2,1,25,26,6
3303937,0,546,0,40,3,1,2,1,17,18,6
3267152,0,546,0,40,3,5,2,1,25,40,6
3284553,0,546,0,40,3,5,2,1,42,33,6
3287813,0,546,0,40,2,4,2,1,32,37,6
3298766,0,546,0,40,2,2,2,1,23,21,6
3279450,0,546,0,40,3,6,2,1,36,39,6
3292797,0,546,0,40,2,3,2,1,20,70,6
3295289,0,546,0,40,3,4,2,1,27,71,6
3294841,0,546,0,40,2,1,2,1,34,29,6
3285112,0,546,0,40,3,4,2,1,51,37,6
3299672,0,546,0,40,2,1,2,1,26,38,6
3294438,0,546,0,40,3,2,2,1,28,30,6
3290495,0,546,0,40,2,3,2,1,37,58,6
3263607,0,546,0,40,3,6,2,1,54,36,6
3301373,0,546,0,40,2,1,2,1,23,33,6
3294386,0,546,0,40,3,4,2,1,28,29,6
3290507,0,546,0,40,2,4,2,1,32,27,6
3301559,0,546,0,40,2,1,2,1,19,15,6
3304164,0,546,0,40,2,1,2,1,18,64,6
3273817,0,546,0,40,3,8,2,1,69,91,6
3303078,0,546,0,40,2,2,2,1,18,34,6
3274063,0,546,0,40,2,7,2,1,52,20,6
3297220,0,546,0,40,3,2,2,1,21,18,6
3248163,0,546,0,40,2,11,2,1,80,18,6
3287753,0,546,0,40,2,6,2,1,43,41,6
3272723,0,546,0,40,3,8,2,1,62,21,6
3305351,0,546,0,40,2,1,2,1,15,34,6
3271300,0,546,0,40,2,6,2,1,74,65,6
3276144,0,546,0,40,3,5,2,1,59,22,6
3266433,0,546,0,40,2,9,2,1,62,51,6
3287367,0,546,0,40,2,5,2,1,37,72,6
3280494,0,546,0,40,2,6,2,1,51,48,6
3296079,0,546,0,40,2,2,2,1,32,60,6
3302369,0,546,0,40,2,1,2,1,20,43,6
3303945,0,546,0,40,2,1,2,1,20,81,6
3276502,0,546,0,40,2,5,2,1,53,23,6
3295473,0,546,0,40,3,2,2,1,31,36,6
3280303,0,546,0,40,3,5,2,1,53,32,6
3294479,0,546,0,40,3,3,2,1,28,45,6
3300239,0,546,0,40,3,2,2,1,21,71,6
3265675,0,546,0,40,3,4,2,1,27,48,6
3283926,0,546,0,40,3,4,2,1,52,80,6
3264389,0,546,0,40,3,3,2,1,32,71,6
3274355,0,546,0,40,2,7,2,1,61,47,6
3290184,0,546,0,40,3,5,2,1,33,24,6
3278925,0,546,0,40,3,4,2,1,57,49,6
3283940,0,546,0,40,2,5,2,1,43,26,6
3266835,0,546,0,40,2,6,2,1,45,29,6
3286762,0,546,0,40,2,4,2,1,40,89,6
3281441,0,546,0,40,3,6,2,1,46,30,6
3305579,0,546,0,40,3,1,2,1,16,46,6
3302371,0,546,0,40,3,2,2,1,18,54,6
3266543,0,546,0,40,2,5,2,1,52,54,6
3239319,0,546,0,40,3,17,2,1,131,62,6
3295754,0,546,0,40,3,1,2,1,36,38,6
3275808,0,546,0,40,3,7,2,1,53,34,6
3251167,0,546,0,40,3,10,2,1,72,44,6
3280284,0,546,0,40,3,4,2,1,54,66,6
3265927,0,546,0,40,3,6,2,1,62,53,6
3281402,0,546,0,40,2,6,2,1,45,22,6
3297901,0,546,0,40,2,2,2,1,24,52,6
3302572,0,546,0,40,3,2,2,1,22,24,6
3303761,0,546,0,40,2,1,2,1,21,37,6
3269951,0,546,0,40,3,8,2,1,77,29,6
3292750,0,546,0,40,2,4,2,1,29,30,6
3304759,0,546,0,40,2,1,2,1,19,45,6
3284534,0,546,0,40,2,5,2,1,38,87,6
3276531,0,546,0,40,2,6,2,1,42,29,6
3280410,0,546,0,40,3,4,2,1,58,57,6
3273302,0,546,0,40,3,8,2,1,65,82,6
3282907,0,546,0,40,2,5,2,1,37,36,6
3269852,0,546,0,40,2,9,2,1,73,23,6
3305919,0,546,0,40,2,1,2,1,17,27,6
3306125,0,546,0,40,2,1,2,1,17,48,6
3290799,0,546,0,40,2,4,2,1,27,18,6
3261603,0,546,0,40,3,12,2,1,88,36,6
3294615,0,546,0,40,2,3,2,1,29,51,6
3266001,0,546,0,40,2,8,2,1,66,36,6
3290510,0,546,0,40,2,5,2,1,28,41,6
3303695,0,546,0,40,3,2,2,1,18,34,6
3303167,0,546,0,40,3,2,2,1,20,24,6
3305481,0,546,0,40,3,1,2,1,16,83,6
3306591,0,546,0,40,2,1,2,1,16,35,6
3286053,0,546,0,40,3,4,2,1,40,35,6
3294107,0,546,0,40,2,4,2,1,29,19,6
3244513,0,546,0,40,2,9,2,1,87,11,6
3290396,0,546,0,40,3,5,2,1,33,52,6
3278862,0,546,0,40,3,5,2,1,54,55,6
3276934,0,546,0,40,2,5,2,1,62,53,6
3295043,0,546,0,40,3,2,2,1,33,58,6
3288253,0,546,0,40,2,4,2,1,47,37,6
3277098,0,546,0,40,3,8,2,1,51,42,6
3281773,0,546,0,40,2,5,2,1,49,36,6
3281934,0,546,0,40,3,5,2,1,51,27,6
3298479,0,546,0,40,3,2,2,1,28,39,6
3281811,0,546,0,40,3,5,2,1,54,52,6
3296346,0,546,0,40,3,2,2,1,32,67,6
3302458,0,546,0,40,2,1,2,1,25,70,6
3284648,0,546,0,40,3,4,2,1,43,61,6
3286378,0,546,0,40,2,5,2,1,44,16,6
3302965,0,546,0,40,3,1,2,1,24,38,6
3292277,0,546,0,40,2,3,2,1,32,25,6
3279424,0,546,0,40,2,6,2,1,50,41,6
3303371,0,546,0,40,2,1,2,1,23,41,6
3297126,0,546,0,40,2,3,2,1,30,18,6
3264213,0,546,0,40,2,12,2,1,61,38,6
3284954,0,546,0,40,3,6,2,1,40,89,6
3304694,0,546,0,40,2,1,2,1,21,34,6
3304768,0,546,0,40,2,1,2,1,21,48,6
3297650,0,546,0,40,2,3,2,1,22,20,6
3299413,0,546,0,40,2,2,2,1,24,35,6
3290021,0,546,0,40,3,4,2,1,34,61,6
3300720,0,546,0,40,3,3,2,1,24,26,6
3285088,0,546,0,40,2,4,2,1,52,49,6
3285352,0,546,0,40,2,5,2,1,40,34,6
3297629,0,546,0,40,2,3,2,1,26,28,6
3296384,0,546,0,40,3,3,2,1,24,49,6
3274743,0,546,0,40,3,7,2,1,60,41,6
3292183,0,546,0,40,3,5,2,1,31,46,6
3305951,0,546,0,40,2,1,2,1,18,64,6
3293618,0,546,0,40,3,2,2,1,32,68,6
3265288,0,546,0,40,2,7,2,1,33,42,6
3299025,0,546,0,40,2,2,2,1,28,93,6
3298625,0,546,0,40,3,3,2,1,23,63,6
3293343,0,546,0,40,3,5,2,1,25,49,6
3305934,0,546,0,40,3,1,2,1,17,60,6
3306681,0,546,0,40,3,1,2,1,17,51,6
3269992,0,546,0,40,2,9,2,1,72,37,6
3271979,0,546,0,40,3,8,2,1,65,36,6
3292805,0,546,0,40,2,4,2,1,28,37,6
3300329,0,546,0,40,3,3,2,1,20,27,6
3265626,0,546,0,40,3,7,2,1,39,26,6
3280093,0,546,0,40,3,5,2,1,61,66,6
3282938,0,546,0,40,2,3,2,1,53,35,6
3277565,0,546,0,40,2,5,2,1,59,35,6
3275221,1,546,497,17.9367,3,8,2,1,45,5,6
3287883,0,546,0,40,3,6,2,1,33,52,6
3266483,0,546,0,40,3,11,2,1,83,49,6
3290238,0,546,0,40,2,3,2,1,36,48,6
3279651,0,546,0,40,2,6,2,1,57,18,6
3276696,0,546,0,40,2,7,2,1,56,51,6
3297985,0,546,0,40,3,2,2,1,28,31,6
3300193,0,546,0,40,2,2,2,1,27,42,6
3297105,0,546,0,40,2,2,2,1,35,42,6
3303901,0,546,0,40,3,1,2,1,23,34,6
3283768,0,546,0,40,3,5,2,1,35,78,6
3266400,0,546,0,40,2,4,2,1,44,57,6
3267990,0,546,0,40,3,9,2,1,80,84,6
3297762,0,546,0,40,2,3,2,1,29,15,6
3276774,0,546,0,40,3,7,2,1,54,114,6
3296055,0,546,0,40,2,3,2,1,28,42,6
3306331,0,546,0,40,2,1,2,1,19,52,6
3299175,0,546,0,40,3,3,2,1,25,49,6
3289373,0,546,0,40,2,6,2,1,33,32,6
3306549,0,546,0,40,2,1,2,1,18,52,6
3298592,0,546,0,40,2,3,2,1,25,65,6
3304364,0,546,0,40,2,2,2,1,18,23,6
3279529,0,546,0,40,3,7,2,1,54,17,6
3307580,0,546,0,40,3,1,2,1,17,33,6
3287040,0,546,0,40,3,4,2,1,45,27,6
3278948,0,546,0,40,2,7,2,1,46,51,6
3264723,0,546,0,40,3,9,2,1,58,31,6
3303879,0,546,0,40,2,3,2,1,21,27,6
3307385,0,546,0,40,3,1,2,1,16,56,6
3275551,0,546,0,40,2,9,2,1,54,75,6
3270211,0,546,0,40,2,11,2,1,67,60,6
3297548,0,546,0,40,3,3,2,1,20,26,6
3256379,0,546,0,40,2,7,2,1,63,59,6
3302864,0,546,0,40,3,3,2,1,19,56,6
3303389,0,546,0,40,2,3,2,1,19,39,6
3307263,0,546,0,40,3,1,2,1,15,42,6
3308600,0,546,0,40,2,1,2,1,15,26,6
3299275,0,546,0,40,3,1,2,1,32,30,6
3275887,0,546,0,40,2,6,2,1,68,44,6
3287997,0,546,0,40,2,4,2,1,38,14,6
3257820,0,546,0,40,2,10,2,1,57,52,6
3270581,0,546,0,40,3,8,2,1,79,21,6
3269735,0,546,0,40,2,9,2,1,80,6,6
3216650,0,546,0,40,3,16,2,1,106,26,6
3294522,0,546,0,40,3,3,2,1,35,44,6
3304060,0,546,0,40,2,1,2,1,23,72,6
3294966,0,546,0,40,2,3,2,1,30,72,6
3292960,0,546,0,40,3,4,2,1,36,27,6
3286379,0,546,0,40,3,4,2,1,39,31,6
3262531,0,546,0,40,2,10,2,1,75,30,6
3270173,0,546,0,40,3,11,2,1,70,56,6
3267675,0,546,0,40,2,9,2,1,61,65,6
3270546,0,546,0,40,3,10,2,1,73,67,6
3277487,1,546,523,40,2,6,2,1,48,49,6
3299020,0,546,0,40,2,3,2,1,21,43,6
3288297,0,546,0,40,2,4,2,1,41,35,6
3268715,0,546,0,40,2,10,2,1,81,22,6
3263132,0,546,0,40,2,6,2,1,50,74,6
3276283,0,546,0,40,3,9,2,1,45,97,6
3304100,0,546,0,40,3,2,2,1,19,31,6
3286287,0,546,0,40,3,6,2,1,43,49,6
3294751,0,546,0,40,3,3,2,1,30,41,6
3287594,0,546,0,40,2,4,2,1,40,83,6
3304319,0,546,0,40,2,2,2,1,18,42,6
3295072,0,546,0,40,2,2,2,1,39,45,6
3267693,0,546,0,40,3,8,2,1,63,29,6
3306658,0,546,0,40,3,1,2,1,16,83,6
3300384,0,546,0,40,3,2,2,1,23,29,6
3300452,0,546,0,40,3,4,2,1,21,63,6
3298758,0,546,0,40,2,1,2,1,33,33,6
3293921,1,546,514,40,2,3,2,1,35,42,6
3283475,0,546,0,40,3,5,2,1,47,95,6
3298598,0,546,0,40,2,2,2,1,25,60,6
3273388,0,546,0,40,3,9,2,1,47,21,6
3278202,0,546,0,40,3,7,2,1,51,56,6
3282845,0,546,0,40,3,4,2,1,51,37,6
3302143,0,546,0,40,3,3,2,1,25,32,6
3290144,0,546,0,40,2,5,2,1,35,31,6
3255970,0,546,0,40,3,8,2,1,97,73,6
3307028,0,546,0,40,3,1,2,1,19,62,6
3283939,0,546,0,40,2,5,2,1,42,17,6
3289862,0,546,0,40,2,5,2,1,36,41,6
3308296,0,546,0,40,3,1,2,1,17,46,6
3293368,0,546,0,40,3,4,2,1,33,38,6
3307075,0,546,0,40,3,1,2,1,16,34,6
3308881,0,546,0,40,3,1,2,1,16,46,6
3288478,0,546,0,40,2,4,2,1,37,45,6
3263874,0,546,0,40,3,6,2,1,58,29,6
3221531,0,546,0,40,2,15,2,1,103,54,6
3281854,0,546,0,40,2,6,2,1,48,33,6
3308457,0,546,0,40,3,1,2,1,15,85,6
3308697,0,546,0,40,2,1,2,1,15,17,6
3297302,0,546,0,40,2,3,2,1,30,39,6
3283003,0,546,0,40,3,6,2,1,51,62,6
3300505,0,546,0,40,2,4,2,1,22,59,6
3305526,0,546,0,40,3,2,2,1,20,72,6
3307195,0,546,0,40,2,0,2,1,14,43,6
3308157,0,546,0,40,2,0,2,1,14,39,6
3308221,0,546,0,40,3,0,2,1,14,22,6
3308381,0,546,0,40,2,0,2,1,14,54,6
3308557,0,546,0,40,3,0,2,1,14,59,6
3308778,0,546,0,40,3,0,2,1,14,13,6
3309002,0,546,0,40,3,0,2,1,14,32,6
3309397,0,546,0,40,3,0,2,1,14,25,6
3309501,0,546,0,40,3,0,2,1,14,30,6
3309573,0,546,0,40,3,0,2,1,14,24,6
3309685,0,546,0,40,2,0,2,1,14,30,6
3309926,0,546,0,40,3,0,2,1,14,84,6
3309982,0,546,0,40,3,0,2,1,14,54,6
3310006,0,546,0,40,3,0,2,1,14,39,6
3310058,0,546,0,40,2,0,2,1,14,67,6
3310118,0,546,0,40,3,0,2,1,14,52,6
3310166,0,546,0,40,2,0,2,1,14,72,6
3310218,0,546,0,40,3,0,2,1,14,24,6
3310270,0,546,0,40,3,0,2,1,14,18,6
3310322,0,546,0,40,3,0,2,1,14,57,6
3310414,0,546,0,40,3,0,2,1,14,24,6
3310446,0,546,0,40,2,0,2,1,14,51,6
3310482,0,546,0,40,3,0,2,1,14,37,6
3310500,0,546,0,40,3,0,2,1,14,58,6
3310512,0,546,0,40,2,0,2,1,14,38,6
3310540,0,546,0,40,3,0,2,1,14,60,6
3310544,0,546,0,40,3,0,2,1,14,34,6
3310554,0,546,0,40,3,0,2,1,14,65,6
3310592,0,546,0,40,2,0,2,1,14,30,6
3310622,0,546,0,40,2,0,2,1,14,33,6
3310668,0,546,0,40,2,0,2,1,14,17,6
3310696,0,546,0,40,2,0,2,1,14,50,6
3310722,0,546,0,40,2,0,2,1,14,19,6
3310822,0,546,0,40,2,0,2,1,14,42,6
3310826,0,546,0,40,2,0,2,1,14,26,6
3310836,0,546,0,40,2,0,2,1,14,56,6
3310844,0,546,0,40,3,0,2,1,14,43,6
3310876,0,546,0,40,3,0,2,1,14,46,6
3310958,0,546,0,40,2,0,2,1,14,29,6
3310976,0,546,0,40,2,0,2,1,14,58,6
3310992,0,546,0,40,2,0,2,1,14,20,6
3310994,0,546,0,40,3,0,2,1,14,32,6
3311042,0,546,0,40,2,0,2,1,14,25,6
3311046,0,546,0,40,3,0,2,1,14,46,6
3311080,0,546,0,40,2,0,2,1,14,31,6
3311100,0,546,0,40,2,0,2,1,14,71,6
3266038,0,546,0,40,2,0,2,1,15,30,6
3298288,0,546,0,40,3,2,2,1,19,21,6
3268625,0,546,0,40,2,5,2,1,30,24,6
3275999,0,546,0,40,2,7,2,1,37,62,6
3290751,1,546,513,40,2,3,2,1,28,57,6
3282295,0,546,0,40,2,6,2,1,27,39,6
3287689,0,546,0,40,3,3,2,1,40,20,6
3300756,0,546,0,40,2,1,2,1,20,17,6
3290409,0,546,0,40,2,5,2,1,31,39,6
3268381,0,546,0,40,2,8,2,1,84,60,6
3292744,0,546,0,40,2,3,2,1,26,47,6
3284726,0,546,0,40,3,6,2,1,36,45,6
3270166,0,546,0,40,2,10,2,1,67,56,6
3293607,0,546,0,40,2,5,2,1,20,107,6
3266282,0,546,0,40,3,5,2,1,46,51,6
3282587,0,546,0,40,2,5,2,1,37,65,6
3295167,0,546,0,40,2,2,2,1,29,60,6
3263901,0,546,0,40,2,7,2,1,63,13,6
3256224,0,546,0,40,3,7,2,1,62,66,6
3261754,0,546,0,40,2,4,2,1,71,29,6
3266453,0,546,0,40,3,10,2,1,72,69,6
3298247,0,546,0,40,3,2,2,1,27,44,6
3296190,0,546,0,40,2,2,2,1,26,54,6
3304205,0,546,0,40,2,1,2,1,18,58,6
3291229,0,546,0,40,3,4,2,1,31,37,6
3292861,0,546,0,40,2,4,2,1,24,15,6
3273269,0,546,0,40,3,8,2,1,60,40,6
3296176,0,546,0,40,2,2,2,1,21,11,6
3273143,0,546,0,40,3,8,2,1,54,23,6
3295272,0,546,0,40,2,3,2,1,24,47,6
3296882,0,546,0,40,3,2,2,1,29,15,6
3273922,0,546,0,40,3,7,2,1,75,65,6
3269757,0,546,0,40,2,10,2,1,63,28,6
3276700,0,546,0,40,3,8,2,1,45,18,6
3302620,0,546,0,40,3,1,2,1,20,28,6
3303773,0,546,0,40,2,1,2,1,19,32,6
3303664,0,546,0,40,3,1,2,1,18,49,6
3304940,0,546,0,40,3,1,2,1,17,39,6
3297707,0,546,0,40,2,2,2,1,27,55,6
3265059,0,546,0,40,3,4,2,1,50,91,6
3289553,0,546,0,40,2,3,2,1,35,34,6
3292201,0,546,0,40,3,3,2,1,30,78,6
3267659,0,546,0,40,3,11,2,1,74,19,6
3278390,0,546,0,40,2,7,2,1,49,47,6
3300551,0,546,0,40,3,2,2,1,15,38,6
3277036,0,546,0,40,2,6,2,1,56,53,6
3303046,0,546,0,40,3,2,2,1,15,25,6
3272983,0,546,0,40,3,9,2,1,55,19,6
3297307,0,546,0,40,3,4,2,1,24,67,6
3306447,0,546,0,40,2,1,2,1,14,59,6
3306641,0,546,0,40,3,1,2,1,14,65,6
3269793,0,546,0,40,3,7,2,1,80,14,6
3288648,0,546,0,40,2,3,2,1,37,59,6
3270435,0,546,0,40,2,7,2,1,81,24,6
3269435,0,546,0,40,2,9,2,1,77,76,6
3302808,0,546,0,40,3,1,2,1,21,30,6
3298469,0,546,0,40,2,2,2,1,25,44,6
3271441,0,546,0,40,3,8,2,1,64,27,6
3291776,0,546,0,40,3,3,2,1,24,77,6
3285520,0,546,0,40,2,5,2,1,39,78,6
3293624,0,546,0,40,2,3,2,1,22,42,6
3278186,0,546,0,40,2,8,2,1,41,19,6
3266035,0,546,0,40,2,3,2,1,56,25,6
3302618,0,546,0,40,2,3,2,1,20,38,6
3304110,0,546,0,40,3,1,2,1,17,49,6
3292400,0,546,0,40,2,4,2,1,25,24,6
3277316,0,546,0,40,3,7,2,1,49,25,6
3280947,0,546,0,40,2,4,2,1,53,161,6
3285675,0,546,0,40,3,4,2,1,42,27,6
3293520,0,546,0,40,2,5,2,1,30,35,6
3305675,0,546,0,40,2,1,2,1,16,25,6
3305955,0,546,0,40,3,1,2,1,16,50,6
3306415,0,546,0,40,3,1,2,1,16,31,6
3299029,0,546,0,40,3,3,2,1,21,47,6
3281918,0,546,0,40,3,6,2,1,41,42,6
3283308,0,546,0,40,3,5,2,1,56,90,6
3305966,0,546,0,40,2,1,2,1,15,53,6
3306266,0,546,0,40,3,1,2,1,15,42,6
3306755,0,546,0,40,3,1,2,1,15,35,6
3293611,0,546,0,40,2,4,2,1,30,50,6
3278963,0,546,0,40,3,8,2,1,41,31,6
3288268,0,546,0,40,3,5,2,1,37,33,6
3307456,0,546,0,40,2,1,2,1,14,65,6
3269309,0,546,0,40,2,8,2,1,76,18,6
3293080,0,546,0,40,2,3,2,1,34,42,6
3290811,0,546,0,40,2,2,2,1,40,60,6
3295577,0,546,0,40,3,2,2,1,25,28,6
3289546,0,546,0,40,2,4,2,1,35,31,6
3288923,0,546,0,40,3,3,2,1,43,39,6
3278700,0,546,0,40,3,7,2,1,58,43,6
3303953,0,546,0,40,2,1,2,1,21,26,6
3283338,0,546,0,40,2,3,2,1,49,53,6
3282048,0,546,0,40,3,6,2,1,47,45,6
3275036,0,546,0,40,2,7,2,1,62,63,6
3283092,0,546,0,40,2,5,2,1,36,70,6
3297895,0,546,0,40,2,2,2,1,27,35,6
3301596,0,546,0,40,2,2,2,1,21,68,6
3297013,0,546,0,40,2,2,2,1,21,55,6
3267690,0,546,0,40,2,6,2,1,39,24,6
3289915,0,546,0,40,3,4,2,1,26,53,6
3269078,0,546,0,40,2,9,2,1,69,61,6
3301905,0,546,0,40,2,2,2,1,22,70,6
3283792,0,546,0,40,2,4,2,1,48,31,6
3305603,0,546,0,40,3,1,2,1,17,65,6
3282196,0,546,0,40,3,7,2,1,40,17,6
3296930,0,546,0,40,3,3,2,1,23,40,6
3286888,0,546,0,40,2,4,2,1,40,49,6
3305537,0,546,0,40,2,1,2,1,16,30,6
3306651,0,546,0,40,3,1,2,1,16,38,6
3294826,0,546,0,40,3,4,2,1,24,38,6
3299718,0,546,0,40,2,2,2,1,20,59,6
3298531,0,546,0,40,3,3,2,1,18,26,6
3288532,0,546,0,40,3,5,2,1,32,45,6
3302451,0,546,0,40,3,2,2,1,18,28,6
3299109,0,546,0,40,3,3,2,1,21,20,6
3301061,0,546,0,40,3,2,2,1,22,44,6
3300613,0,546,0,40,3,3,2,1,22,20,6
3307256,0,546,0,40,2,1,2,1,15,86,6
3291380,0,546,0,40,3,5,2,1,27,37,6
3282808,0,546,0,40,3,4,2,1,52,33,6
3300063,0,546,0,40,2,2,2,1,20,49,6
3297055,0,546,0,40,2,3,2,1,21,43,6
3300040,0,546,0,40,2,3,2,1,19,41,6
3274628,0,546,0,40,2,6,2,1,66,26,6
3285899,0,546,0,40,3,7,2,1,38,34,6
3307169,0,546,0,40,3,1,2,1,14,54,6
3307449,0,546,0,40,2,1,2,1,14,51,6
3296315,0,546,0,40,3,1,2,1,36,46,6
3279511,0,546,0,40,3,6,2,1,51,6,6
3289363,0,546,0,40,2,3,2,1,38,43,6
3277823,0,546,0,40,2,5,2,1,57,36,6
3297062,0,546,0,40,2,2,2,1,30,8,6
3277782,1,546,531,24.8761,3,4,2,1,66,62,6
3291157,0,546,0,40,2,2,2,1,36,88,6
3300940,0,546,0,40,3,1,2,1,27,63,6
3267126,0,546,0,40,2,8,2,1,59,53,6
3263782,0,546,0,40,2,6,2,1,63,36,6
3301471,0,546,0,40,2,2,2,1,23,99,6
3303971,0,546,0,40,2,1,2,1,22,63,6
3278646,0,546,0,40,2,5,2,1,51,49,6
3277116,1,546,519,23.3766,3,5,2,1,64,82,6
3294396,0,546,0,40,3,3,2,1,28,65,6
3279598,0,546,0,40,2,6,2,1,53,23,6
3277523,0,546,0,40,3,8,2,1,49,46,6
3296131,1,546,509,39.9515,2,3,2,1,26,69,6
3289688,0,546,0,40,2,3,2,1,37,66,6
3295635,0,546,0,40,3,3,2,1,26,33,6
3305686,0,546,0,40,2,1,2,1,19,36,6
3279991,0,546,0,40,2,5,2,1,51,45,6
3276743,0,546,0,40,2,7,2,1,51,32,6
3278143,0,546,0,40,2,8,2,1,46,55,6
3306691,0,546,0,40,3,1,2,1,17,50,6
3294335,0,546,0,40,2,3,2,1,29,85,6
3296496,0,546,0,40,3,2,2,1,28,53,6
3274776,0,546,0,40,3,6,2,1,69,79,6
3270730,0,546,0,40,3,8,2,1,74,9,6
3289234,0,546,0,40,2,7,2,1,36,37,6
3282543,0,546,0,40,2,4,2,1,47,22,6
3278389,0,546,0,40,3,6,2,1,53,41,6
3294630,0,546,0,40,2,3,2,1,19,58,6
3282260,0,546,0,40,2,7,2,1,34,49,6
3295528,0,546,0,40,3,4,2,1,19,48,6
3283171,0,546,0,40,2,5,2,1,46,18,6
3302385,0,546,0,40,3,2,2,1,18,64,6
3266822,0,546,0,40,2,11,2,1,62,79,6
3264460,0,546,0,40,3,7,2,1,63,53,6
3288643,0,546,0,40,2,3,2,1,47,39,6
3307953,0,546,0,40,3,1,2,1,15,42,6
3292103,0,546,0,40,2,4,2,1,22,20,6
3270982,0,546,0,40,3,10,2,1,70,75,6
3292188,0,546,0,40,3,5,2,1,32,26,6
3301646,0,546,0,40,2,2,2,1,21,50,6
3279326,0,546,0,40,3,7,2,1,52,26,6
3285252,0,546,0,40,2,5,2,1,44,48,6
3264111,0,546,0,40,2,8,2,1,56,44,6
3294749,0,546,0,40,3,3,2,1,28,27,6
3300639,0,546,0,40,3,3,2,1,24,24,6
3266030,0,546,0,40,3,3,2,1,41,50,6
3307860,0,546,0,40,3,1,2,1,14,26,6
3308356,0,546,0,40,2,1,2,1,14,56,6
3290978,0,546,0,40,3,2,2,1,40,53,6
3290856,0,546,0,40,3,3,2,1,38,108,6
3300126,1,546,532,26.4273,2,1,2,1,30,57,6
3262704,0,546,0,40,3,5,2,1,62,101,6
3300474,0,546,0,40,2,1,2,1,25,25,6
3256399,0,546,0,40,3,10,2,1,74,60,6
3279339,0,546,0,40,3,4,2,1,61,40,6
3272958,0,546,0,40,3,9,2,1,53,15,6
3304255,0,546,0,40,2,1,2,1,21,54,6
3299995,0,546,0,40,2,2,2,1,22,60,6
3285101,0,546,0,40,2,3,2,1,45,47,6
3302493,0,546,0,40,2,2,2,1,21,64,6
3282598,0,546,0,40,2,7,2,1,42,43,6
3254128,0,546,0,40,2,5,2,1,36,31,6
3265601,0,546,0,40,3,6,2,1,50,43,6
3299777,0,546,0,40,2,3,2,1,26,55,6
3305293,0,546,0,40,2,1,2,1,18,53,6
3306783,0,546,0,40,2,1,2,1,18,85,6
3274035,0,546,0,40,3,8,2,1,60,49,6
3268478,0,546,0,40,2,13,2,1,67,36,6
3265852,0,546,0,40,2,10,2,1,52,45,6
3302914,0,546,0,40,3,2,2,1,19,52,6
3273843,0,546,0,40,2,10,2,1,57,47,6
3307600,0,546,0,40,3,1,2,1,17,57,6
3272304,0,546,0,40,2,9,2,1,52,70,6
3293281,0,546,0,40,2,6,2,1,29,66,6
3281900,0,546,0,40,3,5,2,1,46,46,6
3266183,0,546,0,40,3,7,2,1,52,42,6
3302325,0,546,0,40,3,2,2,1,20,46,6
3292660,0,546,0,40,3,6,2,1,25,62,6
3283272,0,546,0,40,2,6,2,1,42,24,6
3299670,0,546,0,40,2,3,2,1,19,46,6
3308184,0,546,0,40,2,1,2,1,15,39,6
3308496,0,546,0,40,2,1,2,1,15,22,6
3308648,0,546,0,40,2,1,2,1,15,31,6
3308672,0,546,0,40,2,1,2,1,15,14,6
3296061,0,546,0,40,3,3,2,1,24,36,6
3287717,0,546,0,40,2,5,2,1,31,43,6
3283879,0,546,0,40,3,6,2,1,46,28,6
3290537,0,546,0,40,3,5,2,1,30,90,6
3291374,0,546,0,40,2,4,2,1,33,81,6
3285146,0,546,0,40,3,6,2,1,40,30,6
3307411,0,546,0,40,3,1,2,1,14,91,6
3307918,0,546,0,40,2,1,2,1,14,49,6
3308471,1,546,532,19.5494,3,1,2,1,14,45,6
3278702,0,546,0,40,3,3,2,1,62,90,6
3291401,0,546,0,40,3,3,2,1,41,23,6
3284743,0,546,0,40,3,3,2,1,51,30,6
3299312,0,546,0,40,2,2,2,1,26,27,6
3281879,0,546,0,40,3,5,2,1,54,31,6
3296928,0,546,0,40,3,3,2,1,28,28,6
3279241,0,546,0,40,3,8,2,1,46,44,6
3304942,0,546,0,40,2,1,2,1,22,42,6
3294696,0,546,0,40,2,3,2,1,27,32,6
3272148,0,546,0,40,2,10,2,1,57,27,6
3301329,0,546,0,40,3,2,2,1,20,42,6
3291253,0,546,0,40,3,4,2,1,29,38,6
3287763,0,546,0,40,3,5,2,1,42,37,6
3289369,1,546,533,31.2333,2,4,2,1,44,36,6
3286607,0,546,0,40,2,5,2,1,45,35,6
3266154,0,546,0,40,3,4,2,1,26,50,6
3302172,0,546,0,40,3,2,2,1,22,99,6
3275812,0,546,0,40,2,8,2,1,47,62,6
3307932,0,546,0,40,2,1,2,1,16,76,6
3308664,0,546,0,40,2,1,2,1,16,17,6
3288030,0,546,0,40,2,5,2,1,42,38,6
3308054,0,546,0,40,3,1,2,1,15,57,6
3308723,0,546,0,40,3,1,2,1,15,14,6
3308947,0,546,0,40,3,1,2,1,15,44,6
3309177,0,546,0,40,3,1,2,1,15,43,6
3302144,0,546,0,40,3,2,2,1,20,42,6
3302296,0,546,0,40,2,3,2,1,21,33,6
3283483,0,546,0,40,2,7,2,1,47,45,6
3297350,0,546,0,40,3,4,2,1,22,31,6
3305859,0,546,0,40,2,2,2,1,18,36,6
3309550,0,546,0,40,3,1,2,1,14,14,6
3279344,0,546,0,40,3,8,2,1,56,56,6
3272979,0,546,0,40,2,8,2,1,65,51,6
3288339,0,546,0,40,2,4,2,1,45,26,6
3304800,0,546,0,40,2,1,2,1,23,33,6
3294845,0,546,0,40,2,2,2,1,30,27,6
3305774,0,546,0,40,2,1,2,1,22,23,6
3280467,0,546,0,40,3,5,2,1,51,88,6
3284540,0,546,0,40,2,6,2,1,42,27,6
3272920,0,546,0,40,3,10,2,1,56,20,6
3296356,0,546,0,40,2,2,2,1,27,18,6
3284794,0,546,0,40,3,3,2,1,53,37,6
3283510,0,546,0,40,2,7,2,1,37,19,6
3251879,0,546,0,40,2,14,2,1,83,62,6
3302888,0,546,0,40,3,3,2,1,18,41,6
3302778,0,546,0,40,3,3,2,1,18,70,6
3277734,0,546,0,40,2,8,2,1,52,51,6
3308163,0,546,0,40,3,1,2,1,16,27,6
3269739,0,546,0,40,2,10,2,1,68,46,6
3266894,0,546,0,40,2,5,2,1,37,47,6
3275902,0,546,0,40,2,7,2,1,52,47,6
3304908,0,546,0,40,3,2,2,1,16,48,6
3299835,0,546,0,40,2,3,2,1,19,30,6
3294133,0,546,0,40,2,3,2,1,27,60,6
3261999,0,546,0,40,2,6,2,1,67,20,6
3290708,0,546,0,40,2,3,2,1,42,37,6
3294177,0,546,0,40,2,3,2,1,33,63,6
3279081,0,546,0,40,3,8,2,1,51,72,6
3295342,0,546,0,40,2,5,2,1,29,26,6
3305745,0,546,0,40,3,1,2,1,21,45,6
3301882,0,546,0,40,2,3,2,1,26,40,6
3287118,0,546,0,40,3,7,2,1,30,44,6
3309677,0,546,0,40,2,1,2,1,14,24,6
3308301,0,546,0,40,3,0,2,1,13,52,6
3308509,0,546,0,40,3,0,2,1,13,34,6
3309218,0,546,0,40,3,0,2,1,13,68,6
3309289,0,546,0,40,3,0,2,1,13,63,6
3309369,0,546,0,40,3,0,2,1,13,72,6
3309593,0,546,0,40,2,0,2,1,13,33,6
3309689,0,546,0,40,3,0,2,1,13,48,6
3309769,0,546,0,40,2,0,2,1,13,108,6
3309892,0,546,0,40,3,0,2,1,13,21,6
3310020,0,546,0,40,2,0,2,1,13,15,6
3310044,0,546,0,40,3,0,2,1,13,25,6
3310052,0,546,0,40,3,0,2,1,13,23,6
3310188,0,546,0,40,3,0,2,1,13,79,6
3310204,0,546,0,40,3,0,2,1,13,44,6
3310324,0,546,0,40,2,0,2,1,13,35,6
3310364,0,546,0,40,3,0,2,1,13,33,6
3310404,0,546,0,40,2,0,2,1,13,36,6
3310492,0,546,0,40,2,0,2,1,13,24,6
3310517,0,546,0,40,2,0,2,1,13,49,6
3310521,0,546,0,40,2,0,2,1,13,70,6
3310585,0,546,0,40,3,0,2,1,13,40,6
3310637,0,546,0,40,2,0,2,1,13,66,6
3310661,0,546,0,40,2,0,2,1,13,69,6
3310725,0,546,0,40,3,0,2,1,13,66,6
3310741,0,546,0,40,3,0,2,1,13,31,6
3310761,0,546,0,40,3,0,2,1,13,19,6
3310785,0,546,0,40,2,0,2,1,13,36,6
3310797,0,546,0,40,3,0,2,1,13,39,6
3310805,0,546,0,40,2,0,2,1,13,27,6
3310881,0,546,0,40,3,0,2,1,13,61,6
3310893,0,546,0,40,3,0,2,1,13,74,6
3311065,0,546,0,40,3,0,2,1,13,31,6
3311112,0,546,0,40,2,0,2,1,13,27,6
3311126,0,546,0,40,2,0,2,1,13,10,6
3311132,0,546,0,40,2,0,2,1,13,44,6
3311134,0,546,0,40,2,0,2,1,13,30,6
3311148,0,546,0,40,2,0,2,1,13,45,6
3311182,0,546,0,40,2,0,2,1,13,80,6
3311188,0,546,0,40,2,0,2,1,13,50,6
3311190,0,546,0,40,2,0,2,1,13,17,6
3311198,0,546,0,40,2,0,2,1,13,18,6
3311218,0,546,0,40,2,0,2,1,13,32,6
3311248,0,546,0,40,3,0,2,1,13,64,6
3311286,0,546,0,40,2,0,2,1,13,64,6
3311296,0,546,0,40,2,0,2,1,13,26,6
3311312,0,546,0,40,3,0,2,1,13,36,6
3311348,0,546,0,40,3,0,2,1,13,34,6
3311386,0,546,0,40,3,0,2,1,13,86,6
3311396,0,546,0,40,3,0,2,1,13,70,6
3311404,0,546,0,40,3,0,2,1,13,52,6
3311406,0,546,0,40,2,0,2,1,13,28,6
3311462,0,546,0,40,3,0,2,1,13,39,6
3311508,0,546,0,40,3,0,2,1,13,55,6
3311518,0,546,0,40,2,0,2,1,13,56,6
3311528,0,546,0,40,2,0,2,1,13,45,6
3311532,0,546,0,40,2,0,2,1,13,49,6
3311552,0,546,0,40,3,0,2,1,13,26,6
3311588,0,546,0,40,2,0,2,1,13,68,6
3311592,0,546,0,40,3,0,2,1,13,78,6
3311606,0,546,0,40,3,0,2,1,13,56,6
3311616,0,546,0,40,3,0,2,1,13,18,6
3311634,0,546,0,40,2,0,2,1,13,65,6
3311652,0,546,0,40,2,0,2,1,13,22,6
3311668,0,546,0,40,2,0,2,1,13,47,6
3254495,0,546,0,40,2,2,2,1,31,17,6
3302408,0,546,0,40,3,1,2,1,18,55,6
3265550,0,546,0,40,3,1,2,1,24,33,6
3260792,0,546,0,40,2,6,2,1,78,52,6
3278520,0,546,0,40,2,7,2,1,38,63,6
3294303,0,546,0,40,2,3,2,1,25,45,6
3274764,0,546,0,40,2,6,2,1,68,21,6
3288048,0,546,0,40,3,5,2,1,36,45,6
3304614,0,546,0,40,3,1,2,1,16,36,6
3293889,0,546,0,40,3,3,2,1,25,46,6
3278458,0,546,0,40,3,5,2,1,54,65,6
3289959,0,546,0,40,3,2,2,1,40,43,6
3269969,0,546,0,40,3,7,2,1,77,70,6
3301095,0,546,0,40,3,1,2,1,21,67,6
3302661,0,546,0,40,3,1,2,1,20,7,6
3279681,0,546,0,40,2,6,2,1,46,55,6
3267496,0,546,0,40,3,4,2,1,38,22,6
3274993,0,546,0,40,2,8,2,1,53,52,6
3269758,0,546,0,40,2,11,2,1,69,46,6
3277979,0,546,0,40,3,6,2,1,50,104,6
3305590,0,546,0,40,2,1,2,1,15,46,6
3305137,0,546,0,40,2,1,2,1,14,21,6
3285040,0,546,0,40,2,6,2,1,40,25,6
3306931,0,546,0,40,3,1,2,1,13,91,6
3289956,0,546,0,40,3,4,2,1,37,25,6
3283004,0,546,0,40,2,3,2,1,53,35,6
3282314,0,546,0,40,2,5,2,1,53,27,6
3291854,0,546,0,40,2,3,2,1,34,39,6
3294189,0,546,0,40,3,2,2,1,20,77,6
3282378,0,546,0,40,2,5,2,1,46,48,6
3297713,0,546,0,40,3,2,2,1,27,35,6
3268142,0,546,0,40,2,8,2,1,87,30,6
3301783,0,546,0,40,3,1,2,1,19,66,6
3281920,0,546,0,40,3,7,2,1,44,73,6
3283637,0,546,0,40,3,5,2,1,45,65,6
3266541,0,546,0,40,2,8,2,1,52,51,6
3280201,0,546,0,40,3,7,2,1,41,25,6
3305888,0,546,0,40,3,1,2,1,16,44,6
3295102,0,546,0,40,2,3,2,1,28,37,6
3291502,0,546,0,40,3,3,2,1,31,22,6
3294715,0,546,0,40,2,3,2,1,29,20,6
3304805,0,546,0,40,2,1,2,1,14,49,6
3297011,0,546,0,40,2,3,2,1,20,76,6
3281207,0,546,0,40,3,5,2,1,51,37,6
3286455,0,546,0,40,3,7,2,1,35,53,6
3304473,0,546,0,40,2,2,2,1,14,34,6
3306528,0,546,0,40,3,1,2,1,13,50,6
3306860,0,546,0,40,2,1,2,1,13,30,6
3270794,0,546,0,40,3,7,2,1,81,44,6
3297461,0,546,0,40,2,1,2,1,32,26,6
3283211,0,546,0,40,3,3,2,1,59,39,6
3291041,0,546,0,40,2,2,2,1,37,24,6
3292963,0,546,0,40,3,3,2,1,38,57,6
3288337,0,546,0,40,3,3,2,1,39,51,6
3284830,0,546,0,40,2,3,2,1,53,39,6
3287403,0,546,0,40,3,4,2,1,41,18,6
3266536,0,546,0,40,3,7,2,1,66,54,6
3272151,0,546,0,40,3,11,2,1,73,108,6
3218958,0,546,0,40,2,16,2,1,133,102,6
3302575,0,546,0,40,3,2,2,1,21,47,6
3304480,0,546,0,40,3,1,2,1,19,39,6
3288794,0,546,0,40,3,2,2,1,44,34,6
3301630,0,546,0,40,2,2,2,1,23,53,6
3303182,0,546,0,40,3,1,2,1,18,91,6
3290835,0,546,0,40,2,4,2,1,32,48,6
3305047,0,546,0,40,2,1,2,1,17,37,6
3283101,0,546,0,40,2,5,2,1,32,62,6
3292894,0,546,0,40,3,2,2,1,35,39,6
3292398,0,546,0,40,3,3,2,1,34,73,6
3278315,0,546,0,40,2,5,2,1,47,63,6
3262681,0,546,0,40,2,6,2,1,47,60,6
3304573,0,546,0,40,3,1,2,1,16,79,6
3306165,0,546,0,40,3,1,2,1,16,48,6
3288243,0,546,0,40,2,3,2,1,39,111,6
3297232,0,546,0,40,3,2,2,1,24,31,6
3295413,0,546,0,40,2,3,2,1,28,56,6
3279597,0,546,0,40,2,7,2,1,53,44,6
3299460,0,546,0,40,2,2,2,1,23,40,6
3270248,0,546,0,40,2,9,2,1,76,62,6
3288802,0,546,0,40,3,4,2,1,32,83,6
3277152,0,546,0,40,2,9,2,1,46,41,6
3277726,0,546,0,40,2,7,2,1,45,45,6
3254896,0,546,0,40,2,11,2,1,83,36,6
3292162,0,546,0,40,3,2,2,1,39,19,6
3306792,0,546,0,40,2,1,2,1,14,40,6
3265341,0,546,0,40,3,7,2,1,28,34,6
3301084,0,546,0,40,2,3,2,1,21,39,6
3303670,0,546,0,40,3,2,2,1,15,38,6
3295846,0,546,0,40,2,2,2,1,33,51,6
3276465,0,546,0,40,2,4,2,1,60,35,6
3286974,0,546,0,40,2,3,2,1,37,30,6
3291245,0,546,0,40,3,3,2,1,38,25,6
3285902,0,546,0,40,2,5,2,1,39,35,6
3300538,0,546,0,40,2,1,2,1,24,34,6
3298228,0,546,0,40,3,2,2,1,29,92,6
3280676,0,546,0,40,3,6,2,1,42,20,6
3291656,0,546,0,40,3,3,2,1,35,47,6
3300577,0,546,0,40,2,2,2,1,23,33,6
3285620,0,546,0,40,3,4,2,1,42,37,6
3280086,0,546,0,40,2,8,2,1,44,81,6
3271382,0,546,0,40,3,8,2,1,58,40,6
3305008,0,546,0,40,2,1,2,1,19,55,6
3259865,0,546,0,40,3,8,2,1,58,36,6
3278999,0,546,0,40,3,8,2,1,48,120,6
3291779,0,546,0,40,2,3,2,1,30,55,6
3299796,0,546,0,40,3,2,2,1,23,54,6
3289683,0,546,0,40,3,4,2,1,36,41,6
3238945,0,546,0,40,3,16,2,1,98,28,6
3284585,0,546,0,40,2,6,2,1,33,50,6
3279449,0,546,0,40,3,5,2,1,51,76,6
3273990,0,546,0,40,2,9,2,1,58,54,6
3306609,0,546,0,40,2,1,2,1,16,58,6
3299838,0,546,0,40,3,2,2,1,22,40,6
3270556,0,546,0,40,3,9,2,1,55,10,6
3285451,0,546,0,40,3,3,2,1,46,14,6
3298381,0,546,0,40,3,3,2,1,26,26,6
3272003,0,546,0,40,2,7,2,1,51,37,6
3283861,0,546,0,40,3,4,2,1,44,40,6
3300393,0,546,0,40,2,3,2,1,18,80,6
3294864,0,546,0,40,3,2,2,1,30,23,6
3291762,0,546,0,40,2,4,2,1,33,35,6
3285763,0,546,0,40,3,7,2,1,25,21,6
3303563,0,546,0,40,2,2,2,1,17,20,6
3270969,0,546,0,40,2,9,2,1,70,21,6
3269794,0,546,0,40,3,15,2,1,58,36,6
3276190,0,546,0,40,3,9,2,1,55,72,6
3308298,0,546,0,40,2,1,2,1,13,44,6
3308482,0,546,0,40,3,1,2,1,13,29,6
3274505,0,546,0,40,2,7,2,1,67,22,6
3267026,0,546,0,40,2,5,2,1,49,25,6
3281347,0,546,0,40,3,5,2,1,48,93,6
3263618,0,546,0,40,3,8,2,1,65,30,6
3295999,0,546,0,40,2,3,2,1,32,33,6
3300960,0,546,0,40,2,1,2,1,27,39,6
3269030,0,546,0,40,2,8,2,1,73,53,6
3265917,0,546,0,40,3,5,2,1,38,93,6
3302821,0,546,0,40,2,1,2,1,24,23,6
3266849,0,546,0,40,2,9,2,1,77,57,6
3279337,0,546,0,40,3,8,2,1,41,52,6
3282280,0,546,0,40,3,5,2,1,46,60,6
3304682,0,546,0,40,3,1,2,1,21,18,6
3295653,0,546,0,40,3,2,2,1,25,37,6
3284981,0,546,0,40,2,6,2,1,38,32,6
3298007,0,546,0,40,2,2,2,1,26,14,6
3294356,0,546,0,40,2,5,2,1,26,45,6
3305496,0,546,0,40,2,1,2,1,19,73,6
3292077,0,546,0,40,3,4,2,1,31,50,6
3302755,0,546,0,40,2,2,2,1,19,40,6
3296447,0,546,0,40,2,2,2,1,31,26,6
3291188,0,546,0,40,2,3,2,1,29,36,6
3294758,0,546,0,40,2,3,2,1,30,64,6
3303895,0,546,0,40,2,2,2,1,19,90,6
3303627,0,546,0,40,3,2,2,1,22,25,6
3306222,0,546,0,40,3,1,2,1,17,26,6
3280136,0,546,0,40,2,6,2,1,41,31,6
3279299,0,546,0,40,3,5,2,1,53,54,6
3293134,0,546,0,40,2,2,2,1,36,22,6
3289543,0,546,0,40,3,5,2,1,33,44,6
3307318,0,546,0,40,2,1,2,1,16,109,6
3299457,0,546,0,40,3,3,2,1,18,58,6
3281549,0,546,0,40,2,7,2,1,36,37,6
3280521,0,546,0,40,2,5,2,1,51,32,6
3278623,0,546,0,40,2,5,2,1,56,31,6
3275094,0,546,0,40,3,5,2,1,69,48,6
3275399,0,546,0,40,3,10,2,1,42,39,6
3307461,0,546,0,40,3,1,2,1,15,53,6
3267283,0,546,0,40,3,7,2,1,35,31,6
3279316,0,546,0,40,3,7,2,1,44,41,6
3302609,0,546,0,40,2,2,2,1,19,78,6
3256067,0,546,0,40,2,13,2,1,77,29,6
3294228,0,546,0,40,2,6,2,1,32,19,6
3307455,0,546,0,40,3,1,2,1,14,39,6
3308100,0,546,0,40,3,1,2,1,14,30,6
3308486,0,546,0,40,2,1,2,1,14,37,6
3269905,0,546,0,40,3,10,2,1,60,48,6
3292635,0,546,0,40,2,6,2,1,26,50,6
3295060,0,546,0,40,2,3,2,1,34,21,6
3268963,0,546,0,40,3,11,2,1,63,29,6
3300230,0,546,0,40,3,3,2,1,18,60,6
3266946,0,546,0,40,3,13,2,1,78,44,6
3279711,0,546,0,40,2,6,2,1,56,22,6
3290357,0,546,0,40,2,4,2,1,39,62,6
3308953,0,546,0,40,3,1,2,1,13,26,6
3279833,0,546,0,40,3,6,2,1,55,64,6
3301382,0,546,0,40,2,1,2,1,28,37,6
3292804,0,546,0,40,2,2,2,1,36,35,6
3286492,0,546,0,40,3,4,2,1,42,17,6
3286420,0,546,0,40,3,7,2,1,41,51,6
3266782,0,546,0,40,2,6,2,1,67,44,6
3291605,0,546,0,40,3,5,2,1,33,20,6
3301967,0,546,0,40,2,1,2,1,24,56,6
3290846,0,546,0,40,2,4,2,1,37,52,6
3302782,0,546,0,40,3,1,2,1,23,53,6
3287485,0,546,0,40,2,4,2,1,35,40,6
3279099,0,546,0,40,2,7,2,1,44,72,6
3290627,0,546,0,40,3,4,2,1,32,49,6
3299756,0,546,0,40,3,2,2,1,24,41,6
3278627,0,546,0,40,2,8,2,1,52,42,6
3304219,0,546,0,40,3,1,2,1,21,51,6
3292932,0,546,0,40,2,4,2,1,31,27,6
3295767,0,546,0,40,3,4,2,1,29,125,6
3291880,0,546,0,40,3,3,2,1,43,36,6
3272478,0,546,0,40,3,7,2,1,69,48,6
3270132,0,546,0,40,3,9,2,1,71,21,6
3264761,0,546,0,40,3,8,2,1,40,62,6
3269148,0,546,0,40,3,10,2,1,71,57,6
3270403,0,546,0,40,3,8,2,1,69,25,6
3290709,0,546,0,40,3,3,2,1,25,64,6
3302531,0,546,0,40,3,2,2,1,20,35,6
3302336,0,546,0,40,3,2,2,1,22,30,6
3302698,0,546,0,40,3,2,2,1,18,27,6
3270554,0,546,0,40,3,10,2,1,53,42,6
3298465,0,546,0,40,2,3,2,1,25,42,6
3291964,0,546,0,40,3,5,2,1,22,46,6
3301797,0,546,0,40,3,2,2,1,20,30,6
3286196,0,546,0,40,3,5,2,1,38,24,6
3263127,0,546,0,40,3,11,2,1,54,7,6
3278509,0,546,0,40,2,7,2,1,41,49,6
3307153,0,546,0,40,3,1,2,1,16,58,6
3307301,0,546,0,40,2,1,2,1,16,9,6
3294741,0,546,0,40,2,3,2,1,22,27,6
3265896,0,546,0,40,3,9,2,1,55,42,6
3299046,0,546,0,40,3,2,2,1,26,45,6
3303204,0,546,0,40,2,2,2,1,20,32,6
3266517,0,546,0,40,3,5,2,1,41,63,6
3306810,0,546,0,40,3,1,2,1,15,57,6
3270679,0,546,0,40,3,7,2,1,76,45,6
3289044,0,546,0,40,3,5,2,1,29,73,6
3285113,0,546,0,40,3,5,2,1,37,80,6
3303832,0,546,0,40,2,2,2,1,19,68,6
3265769,0,546,0,40,3,4,2,1,48,56,6
3308515,0,546,0,40,2,1,2,1,14,50,6
3308623,0,546,0,40,3,1,2,1,14,21,6
3308743,0,546,0,40,3,1,2,1,14,25,6
3309133,0,546,0,40,2,1,2,1,14,28,6
3291209,0,546,0,40,2,6,2,1,26,22,6
3295638,0,546,0,40,3,4,2,1,23,55,6
3293052,0,546,0,40,3,3,2,1,32,42,6
3306031,0,546,0,40,3,2,2,1,14,42,6
3291118,0,546,0,40,2,5,2,1,37,32,6
3293040,0,546,0,40,2,4,2,1,33,61,6
3305687,0,546,0,40,3,2,2,1,15,31,6
3260329,0,546,0,40,3,9,2,1,66,19,6
3280715,0,546,0,40,3,5,2,1,53,42,6
3285784,0,546,0,40,3,6,2,1,36,34,6
3271593,0,546,0,40,3,11,2,1,59,75,6
3308960,0,546,0,40,2,1,2,1,13,46,6
3238963,0,546,0,40,2,13,2,1,104,55,6
3294278,0,546,0,40,3,2,2,1,39,61,6
3266228,0,546,0,40,2,4,2,1,70,21,6
3293637,0,546,0,40,3,4,2,1,31,29,6
3296637,0,546,0,40,3,2,2,1,36,35,6
3283566,0,546,0,40,3,5,2,1,45,76,6
3274995,0,546,0,40,3,8,2,1,61,96,6
3298735,0,546,0,40,3,2,2,1,31,66,6
3265373,0,546,0,40,3,8,2,1,59,34,6
3293032,0,546,0,40,2,5,2,1,32,71,6
3305159,0,546,0,40,3,1,2,1,21,37,6
3267016,0,546,0,40,3,12,2,1,84,41,6
3286837,0,546,0,40,3,4,2,1,41,46,6
3306322,0,546,0,40,3,1,2,1,19,63,6
3305469,0,546,0,40,2,1,2,1,18,36,6
3263988,0,546,0,40,3,11,2,1,66,47,6
3273749,0,546,0,40,3,10,2,1,53,60,6
3268976,0,546,0,40,2,11,2,1,70,52,6
3295452,0,546,0,40,3,5,2,1,27,52,6
3307741,0,546,0,40,3,1,2,1,17,28,6
3297961,0,546,0,40,2,3,2,1,26,43,6
3289429,0,546,0,40,2,5,2,1,26,22,6
3270618,0,546,0,40,3,9,2,1,77,64,6
3277774,0,546,0,40,2,8,2,1,48,11,6
3302720,0,546,0,40,2,2,2,1,22,70,6
3293103,0,546,0,40,3,5,2,1,34,108,6
3290378,0,546,0,40,3,4,2,1,40,27,6
3308438,0,546,0,40,2,1,2,1,16,20,6
3301893,0,546,0,40,3,3,2,1,19,26,6
3284028,0,546,0,40,3,5,2,1,49,75,6
3279854,0,546,0,40,3,7,2,1,44,45,6
3303326,0,546,0,40,3,2,2,1,21,27,6
3307982,0,546,0,40,2,1,2,1,15,34,6
3296146,0,546,0,40,3,3,2,1,22,46,6
3302834,0,546,0,40,3,2,2,1,16,26,6
3302539,0,546,0,40,3,3,2,1,20,24,6
3273526,0,546,0,40,3,7,2,1,50,79,6
3307542,0,546,0,40,2,2,2,1,15,49,6
3301375,0,546,0,40,3,4,2,1,20,7,6
3269565,0,546,0,40,2,15,2,1,47,44,6
3288298,0,546,0,40,2,5,2,1,41,63,6
3295282,0,546,0,40,2,4,2,1,27,52,6
3306905,0,546,0,40,2,2,2,1,14,64,6
3293159,0,546,0,40,2,4,2,1,27,19,6
3268914,1,546,519,40,2,13,2,1,71,56,6
3295546,0,546,0,40,2,2,2,1,36,38,6
3285570,0,546,0,40,3,8,2,1,33,39,6
3307859,0,546,0,40,2,2,2,1,14,89,6
3299859,0,546,0,40,2,2,2,1,24,33,6
3291272,0,546,0,40,2,5,2,1,27,50,6
3266065,0,546,0,40,2,8,2,1,54,37,6
3309787,0,546,0,40,3,1,2,1,13,33,6
3267497,0,546,0,40,3,10,2,1,81,29,6
3261527,0,546,0,40,3,9,2,1,59,18,6
3289922,0,546,0,40,2,3,2,1,44,99,6
3303231,0,546,0,40,2,1,2,1,26,20,6
3274541,0,546,0,40,2,8,2,1,61,24,6
3287340,0,546,0,40,3,5,2,1,41,92,6
3282859,0,546,0,40,3,4,2,1,53,103,6
3301220,0,546,0,40,3,3,2,1,23,28,6
3295820,0,546,0,40,3,3,2,1,30,32,6
3290607,0,546,0,40,3,5,2,1,26,32,6
3265666,0,546,0,40,3,6,2,1,41,65,6
3290299,0,546,0,40,2,6,2,1,35,81,6
3293028,0,546,0,40,2,4,2,1,38,49,6
3266818,0,546,0,40,3,4,2,1,40,55,6
3305041,0,546,0,40,3,2,2,1,17,35,6
3307171,0,546,0,40,3,1,2,1,16,62,6
3304197,0,546,0,40,2,2,2,1,19,27,6
3266624,0,546,0,40,2,7,2,1,56,76,6
3267036,0,546,0,40,2,6,2,1,56,52,6
3301990,0,546,0,40,2,3,2,1,28,40,6
3306602,0,546,0,40,2,1,2,1,15,55,6
3274036,0,546,0,40,2,6,2,1,65,44,6
3291278,1,546,521,40,2,5,2,1,34,68,6
3305066,0,546,0,40,2,2,2,1,15,28,6
3291325,0,546,0,40,2,4,2,1,26,46,6
3305021,0,546,0,40,2,2,2,1,14,62,6
3297570,0,546,0,40,2,4,2,1,25,47,6
3297469,0,546,0,40,2,1,2,1,38,29,6
3267265,0,546,0,40,3,12,2,1,77,81,6
3274074,0,546,0,40,2,9,2,1,66,54,6
3267020,0,546,0,40,3,9,2,1,59,43,6
3308722,0,546,0,40,2,0,2,1,12,18,6
3309633,0,546,0,40,2,0,2,1,12,82,6
3310016,0,546,0,40,2,0,2,1,12,47,6
3310208,0,546,0,40,3,0,2,1,12,25,6
3310535,0,546,0,40,3,0,2,1,12,36,6
3310551,0,546,0,40,3,0,2,1,12,23,6
3310599,0,546,0,40,3,0,2,1,12,29,6
3310647,0,546,0,40,2,0,2,1,12,57,6
3310735,0,546,0,40,2,0,2,1,12,31,6
3310759,0,546,0,40,3,0,2,1,12,26,6
3310831,0,546,0,40,2,0,2,1,12,42,6
3310863,0,546,0,40,2,0,2,1,12,63,6
3310895,0,546,0,40,3,0,2,1,12,37,6
3310903,0,546,0,40,3,0,2,1,12,46,6
3310999,0,546,0,40,3,0,2,1,12,38,6
3311039,0,546,0,40,3,0,2,1,12,118,6
3311151,0,546,0,40,3,0,2,1,12,40,6
3311227,0,546,0,40,2,0,2,1,12,49,6
3311235,0,546,0,40,2,0,2,1,12,33,6
3311251,0,546,0,40,2,0,2,1,12,40,6
3311255,0,546,0,40,3,0,2,1,12,84,6
3311271,0,546,0,40,2,0,2,1,12,23,6
3311323,0,546,0,40,3,0,2,1,12,52,6
3311331,0,546,0,40,2,0,2,1,12,33,6
3311351,0,546,0,40,3,0,2,1,12,74,6
3311383,0,546,0,40,3,0,2,1,12,42,6
3311391,0,546,0,40,2,0,2,1,12,42,6
3311423,0,546,0,40,3,0,2,1,12,69,6
3311479,0,546,0,40,2,0,2,1,12,12,6
3311483,0,546,0,40,3,0,2,1,12,41,6
3311487,0,546,0,40,3,0,2,1,12,14,6
3311515,0,546,0,40,2,0,2,1,12,42,6
3311519,0,546,0,40,3,0,2,1,12,56,6
3311595,0,546,0,40,3,0,2,1,12,92,6
3311635,0,546,0,40,2,0,2,1,12,45,6
3311647,0,546,0,40,2,0,2,1,12,58,6
3311691,0,546,0,40,2,0,2,1,12,47,6
3311730,0,546,0,40,2,0,2,1,12,67,6
3311734,0,546,0,40,3,0,2,1,12,39,6
3311740,0,546,0,40,2,0,2,1,12,30,6
3311764,0,546,0,40,3,0,2,1,12,28,6
3311774,0,546,0,40,2,0,2,1,12,32,6
3311786,0,546,0,40,3,0,2,1,12,60,6
3311792,0,546,0,40,3,0,2,1,12,32,6
3311818,0,546,0,40,3,0,2,1,12,50,6
3311834,0,546,0,40,2,0,2,1,12,20,6
3311864,0,546,0,40,2,0,2,1,12,37,6
3311874,0,546,0,40,2,0,2,1,12,25,6
3311888,0,546,0,40,3,0,2,1,12,56,6
3311900,0,546,0,40,2,0,2,1,12,40,6
3311920,0,546,0,40,2,0,2,1,12,50,6
3311962,0,546,0,40,2,0,2,1,12,51,6
3311974,0,546,0,40,2,0,2,1,12,45,6
3312000,0,546,0,40,3,0,2,1,12,38,6
3312050,0,546,0,40,2,0,2,1,12,50,6
3312054,0,546,0,40,2,0,2,1,12,56,6
3312082,0,546,0,40,2,0,2,1,12,25,6
3312086,0,546,0,40,3,0,2,1,12,56,6
3312112,0,546,0,40,2,0,2,1,12,66,6
3312118,0,546,0,40,3,0,2,1,12,12,6
3312122,0,546,0,40,3,0,2,1,12,58,6
3312126,0,546,0,40,2,0,2,1,12,41,6
3312128,0,546,0,40,3,0,2,1,12,81,6
3312132,0,546,0,40,3,0,2,1,12,49,6
3312176,0,546,0,40,2,0,2,1,12,30,6
3312196,0,546,0,40,3,0,2,1,12,35,6
3312202,0,546,0,40,2,0,2,1,12,26,6
3312214,0,546,0,40,3,0,2,1,12,59,6
3312216,0,546,0,40,3,0,2,1,12,82,6
3312274,0,546,0,40,2,0,2,1,12,23,6
3265364,0,546,0,40,3,6,2,1,38,28,6
3280047,0,546,0,40,2,5,2,1,46,38,6
3286453,0,546,0,40,2,5,2,1,27,62,6
3297618,0,546,0,40,3,3,2,1,16,19,6
3289438,0,546,0,40,3,6,2,1,28,77,6
3294515,0,546,0,40,2,2,2,1,28,76,6
3270911,0,546,0,40,3,7,2,1,69,20,6
3294500,0,546,0,40,2,1,2,1,34,69,6
3300074,0,546,0,40,2,1,2,1,23,46,6
3279317,0,546,0,40,2,5,2,1,50,67,6
3266184,0,546,0,40,3,7,2,1,32,39,6
3289901,0,546,0,40,3,4,2,1,29,108,6
3302414,0,546,0,40,2,2,2,1,14,111,6
3263029,0,546,0,40,2,8,2,1,56,18,6
3283135,0,546,0,40,3,5,2,1,43,20,6
3303229,0,546,0,40,3,1,2,1,18,45,6
3267862,0,546,0,40,2,10,2,1,73,42,6
3301398,0,546,0,40,3,2,2,1,20,32,6
3295094,0,546,0,40,3,3,2,1,24,46,6
3304104,0,546,0,40,2,1,2,1,16,21,6
3267975,0,546,0,40,3,8,2,1,77,22,6
3267492,0,546,0,40,3,12,2,1,74,26,6
3260747,0,546,0,40,2,9,2,1,63,70,6
3273560,0,546,0,40,3,6,2,1,63,69,6
3303357,0,546,0,40,2,2,2,1,14,51,6
3290095,0,546,0,40,2,4,2,1,27,66,6
3305305,0,546,0,40,3,1,2,1,12,42,6
3298070,0,546,0,40,3,1,2,1,29,54,6
3297767,0,546,0,40,2,1,2,1,28,42,6
3265483,0,546,0,40,3,6,2,1,48,35,6
3298385,0,546,0,40,3,2,2,1,23,31,6
3288762,0,546,0,40,3,3,2,1,36,45,6
3244152,0,546,0,40,2,14,2,1,111,34,6
3300241,0,546,0,40,3,2,2,1,19,51,6
3288423,0,546,0,40,2,3,2,1,33,43,6
3273798,0,546,0,40,2,9,2,1,53,23,6
3303794,0,546,0,40,3,1,2,1,16,14,6
3299909,0,546,0,40,3,2,2,1,18,55,6
3265457,0,546,0,40,3,6,2,1,51,80,6
3300554,0,546,0,40,2,2,2,1,17,63,6
3258336,0,546,0,40,3,6,2,1,50,28,6
3290295,0,546,0,40,3,4,2,1,33,41,6
3303190,0,546,0,40,2,1,2,1,15,67,6
3278088,0,546,0,40,3,10,2,1,37,96,6
3298680,0,546,0,40,3,3,2,1,21,52,6
3269311,0,546,0,40,2,5,2,1,90,29,6
3306949,0,546,0,40,3,1,2,1,13,30,6
3296901,0,546,0,40,3,4,2,1,20,57,6
3297786,0,546,0,40,3,4,2,1,21,73,6
3307358,0,546,0,40,3,1,2,1,12,24,6
3281729,0,546,0,40,3,3,2,1,46,57,6
3289660,0,546,0,40,2,3,2,1,36,43,6
3298727,0,546,0,40,3,1,2,1,29,50,6
3267873,0,546,0,40,3,6,2,1,57,23,6
3300925,0,546,0,40,3,1,2,1,25,34,6
3300924,0,546,0,40,2,1,2,1,24,91,6
3271847,0,546,0,40,2,9,2,1,56,47,6
3287712,0,546,0,40,3,3,2,1,41,57,6
3290194,1,546,530,36.6059,2,5,2,1,36,38,6
3278666,0,546,0,40,2,6,2,1,58,36,6
3293177,0,546,0,40,2,3,2,1,26,47,6
3278190,0,546,0,40,3,6,2,1,58,39,6
3270973,0,546,0,40,2,8,2,1,63,30,6
3301873,0,546,0,40,3,2,2,1,20,62,6
3304154,0,546,0,40,2,1,2,1,17,54,6
3297036,0,546,0,40,2,3,2,1,19,31,6
3304931,0,546,0,40,2,1,2,1,16,82,6
3270833,0,546,0,40,2,8,2,1,73,75,6
3306161,0,546,0,40,2,1,2,1,15,75,6
3281805,0,546,0,40,3,6,2,1,45,31,6
3279002,0,546,0,40,2,7,2,1,42,78,6
3265842,0,546,0,40,2,12,2,1,56,36,6
3301924,0,546,0,40,3,2,2,1,18,41,6
3263066,0,546,0,40,2,6,2,1,68,40,6
3282564,0,546,0,40,2,5,2,1,42,49,6
3297212,0,546,0,40,2,4,2,1,22,54,6
3257914,0,546,0,40,3,10,2,1,78,41,6
3231408,0,546,0,40,3,15,2,1,88,57,6
3304431,0,546,0,40,2,2,2,1,13,24,6
3291667,0,546,0,40,3,3,2,1,35,120,6
3304533,0,546,0,40,3,1,2,1,12,33,6
3288026,0,546,0,40,2,3,2,1,40,7,6
3296672,0,546,0,40,3,1,2,1,32,44,6
3274270,0,546,0,40,3,6,2,1,67,26,6
3283975,0,546,0,40,3,6,2,1,40,49,6
3287762,0,546,0,40,2,3,2,1,47,57,6
3301456,0,546,0,40,2,1,2,1,25,66,6
3301445,0,546,0,40,3,1,2,1,24,61,6
3296096,0,546,0,40,2,2,2,1,30,37,6
3283042,0,546,0,40,2,5,2,1,45,48,6
3291095,0,546,0,40,2,3,2,1,31,53,6
3280691,0,546,0,40,2,5,2,1,53,50,6
3298700,0,546,0,40,3,2,2,1,24,35,6
3209588,0,546,0,40,3,21,2,1,126,55,6
3299947,0,546,0,40,2,2,2,1,21,25,6
3303868,0,546,0,40,3,1,2,1,19,66,6
3299273,0,546,0,40,2,2,2,1,20,31,6
3301988,0,546,0,40,3,2,2,1,20,69,6
3285701,0,546,0,40,3,6,2,1,35,76,6
3302324,0,546,0,40,3,2,2,1,20,57,6
3278091,0,546,0,40,3,6,2,1,55,60,6
3273608,0,546,0,40,2,9,2,1,60,59,6
3283595,0,546,0,40,3,3,2,1,52,25,6
3291124,0,546,0,40,2,4,2,1,38,21,6
3304277,0,546,0,40,2,1,2,1,16,49,6
3293004,0,546,0,40,2,2,2,1,31,38,6
3290883,0,546,0,40,2,4,2,1,28,91,6
3298380,0,546,0,40,3,2,2,1,28,40,6
3299467,0,546,0,40,2,2,2,1,17,38,6
3295624,0,546,0,40,3,3,2,1,17,39,6
3295391,0,546,0,40,2,3,2,1,27,56,6
3304510,0,546,0,40,3,2,2,1,16,28,6
3280279,0,546,0,40,3,6,2,1,45,28,6
3306276,0,546,0,40,2,1,2,1,14,48,6
3265064,0,546,0,40,2,8,2,1,51,36,6
3301024,0,546,0,40,3,2,2,1,21,22,6
3282580,0,546,0,40,2,5,2,1,44,62,6
3306400,0,546,0,40,2,1,2,1,13,70,6
3307937,0,546,0,40,2,1,2,1,13,35,6
3308097,0,546,0,40,3,1,2,1,13,28,6
3295033,0,546,0,40,3,2,2,1,29,85,6
3296484,0,546,0,40,2,3,2,1,18,27,6
3267518,0,546,0,40,3,7,2,1,54,22,6
3263702,0,546,0,40,2,4,2,1,35,42,6
3295990,0,546,0,40,3,4,2,1,24,46,6
3308708,0,546,0,40,2,1,2,1,12,40,6
3270681,0,546,0,40,3,8,2,1,78,76,6
3285192,0,546,0,40,3,5,2,1,46,47,6
3285745,0,546,0,40,2,5,2,1,47,47,6
3298254,0,546,0,40,3,2,2,1,25,79,6
3278417,0,546,0,40,3,7,2,1,51,36,6
3299709,0,546,0,40,3,2,2,1,25,19,6
3270831,0,546,0,40,2,10,2,1,63,37,6
3276039,0,546,0,40,2,9,2,1,55,18,6
3287346,0,546,0,40,2,5,2,1,28,27,6
3300990,0,546,0,40,2,2,2,1,23,44,6
3303226,0,546,0,40,2,1,2,1,20,24,6
3262718,0,546,0,40,2,5,2,1,63,89,6
3268951,0,546,0,40,2,9,2,1,77,13,6
3274077,0,546,0,40,3,8,2,1,69,24,6
3305854,0,546,0,40,2,1,2,1,18,33,6
3283164,1,546,492,25.1972,3,8,2,1,42,37,6
3299983,0,546,0,40,2,3,2,1,20,48,6
3304881,0,546,0,40,2,1,2,1,17,49,6
3284344,0,546,0,40,2,5,2,1,46,54,6
3273930,0,546,0,40,3,8,2,1,67,38,6
3258524,0,546,0,40,2,8,2,1,70,63,6
3272169,0,546,0,40,3,9,2,1,65,22,6
3242300,0,546,0,40,3,10,2,1,59,21,6
3306775,0,546,0,40,3,1,2,1,16,31,6
3300178,0,546,0,40,3,2,2,1,19,20,6
3291608,0,546,0,40,2,5,2,1,26,40,6
3260401,0,546,0,40,2,9,2,1,59,48,6
3286828,0,546,0,40,2,5,2,1,38,28,6
3307040,0,546,0,40,3,1,2,1,15,41,6
3271910,0,546,0,40,3,9,2,1,37,35,6
3288792,0,546,0,40,2,5,2,1,31,47,6
3264203,0,546,0,40,3,10,2,1,63,75,6
3300217,0,546,0,40,3,3,2,1,17,27,6
3294261,0,546,0,40,3,3,2,1,26,31,6
3299023,0,546,0,40,3,3,2,1,23,57,6
3246586,0,546,0,40,3,16,2,1,78,31,6
3265381,0,546,0,40,2,10,2,1,38,57,6
3295637,0,546,0,40,2,3,2,1,24,51,6
3284273,0,546,0,40,3,5,2,1,36,42,6
3285023,0,546,0,40,3,6,2,1,35,55,6
3273756,0,546,0,40,3,9,2,1,57,46,6
3302036,0,546,0,40,3,2,2,1,19,62,6
3296863,0,546,0,40,2,3,2,1,28,53,6
3305912,0,546,0,40,2,1,2,1,13,58,6
3307704,0,546,0,40,2,1,2,1,13,117,6
3307884,0,546,0,40,3,1,2,1,13,81,6
3308364,0,546,0,40,3,1,2,1,13,56,6
3299060,0,546,0,40,3,2,2,1,22,65,6
3282347,0,546,0,40,3,4,2,1,48,54,6
3302008,0,546,0,40,2,3,2,1,18,63,6
3306425,0,546,0,40,2,2,2,1,13,38,6
3286320,0,546,0,40,3,5,2,1,37,66,6
3295885,0,546,0,40,2,3,2,1,28,41,6
3281146,0,546,0,40,3,7,2,1,41,82,6
3308853,0,546,0,40,2,1,2,1,12,24,6
3295254,0,546,0,40,2,1,2,1,37,27,6
3297493,0,546,0,40,2,1,2,1,34,67,6
3292510,0,546,0,40,3,2,2,1,39,75,6
3283198,0,546,0,40,3,6,2,1,46,46,6
3291002,0,546,0,40,3,3,2,1,33,49,6
3301497,0,546,0,40,2,1,2,1,25,33,6
3270216,0,546,0,40,2,10,2,1,81,30,6
3300939,0,546,0,40,3,1,2,1,24,39,6
3302275,0,546,0,40,2,1,2,1,24,42,6
3287744,0,546,0,40,3,6,2,1,41,62,6
3288504,0,546,0,40,3,4,2,1,37,37,6
3301295,0,546,0,40,3,2,2,1,23,38,6
3303979,0,546,0,40,2,1,2,1,22,37,6
3295095,0,546,0,40,3,3,2,1,25,74,6
3265243,0,546,0,40,3,5,2,1,70,34,6
3266898,0,546,0,40,3,9,2,1,66,44,6
3272858,0,546,0,40,3,7,2,1,65,11,6
3299389,0,546,0,40,3,3,2,1,23,48,6
3279875,0,546,0,40,2,9,2,1,39,66,6
3289182,0,546,0,40,2,4,2,1,34,89,6
3275974,0,546,0,40,2,10,2,1,39,48,6
3267610,0,546,0,40,2,5,2,1,55,25,6
3303005,0,546,0,40,2,2,2,1,22,68,6
3265210,0,546,0,40,3,7,2,1,40,42,6
3287578,1,546,513,28.9547,3,4,2,1,43,65,6
3276243,0,546,0,40,2,5,2,1,62,53,6
3275336,0,546,0,40,3,10,2,1,52,56,6
3304837,0,546,0,40,2,1,2,1,17,38,6
3285344,0,546,0,40,3,3,2,1,40,19,6
3301085,0,546,0,40,2,2,2,1,22,28,6
3295652,0,546,0,40,3,3,2,1,25,77,6
3262890,0,546,0,40,2,10,2,1,74,33,6
3304543,0,546,0,40,3,2,2,1,17,14,6
3302701,0,546,0,40,2,2,2,1,22,32,6
3263994,0,546,0,40,2,3,2,1,36,38,6
3287412,0,546,0,40,2,5,2,1,31,26,6
3299436,0,546,0,40,2,3,2,1,21,69,6
3222570,0,546,0,40,2,23,2,1,120,19,6
3266729,0,546,0,40,2,9,2,1,40,21,6
3287508,0,546,0,40,3,5,2,1,40,68,6
3299409,0,546,0,40,2,4,2,1,19,32,6
3271647,0,546,0,40,2,7,2,1,71,29,6
3302695,0,546,0,40,2,2,2,1,16,29,6
3292122,0,546,0,40,2,5,2,1,23,44,6
3304066,0,546,0,40,3,2,2,1,16,48,6
3306091,0,546,0,40,3,2,2,1,15,36,6
3276881,0,546,0,40,3,9,2,1,57,41,6
3307111,0,546,0,40,2,1,2,1,14,37,6
3308250,0,546,0,40,2,1,2,1,14,57,6
3293341,0,546,0,40,2,4,2,1,28,75,6
3292418,0,546,0,40,3,5,2,1,30,59,6
3282336,0,546,0,40,2,6,2,1,45,28,6
3301614,0,546,0,40,3,3,2,1,21,65,6
3277598,0,546,0,40,3,8,2,1,44,56,6
3275606,0,546,0,40,2,9,2,1,56,54,6
3305349,0,546,0,40,2,2,2,1,14,31,6
3308809,0,546,0,40,2,1,2,1,13,42,6
3263258,0,546,0,40,2,7,2,1,27,36,6
3282681,0,546,0,40,2,5,2,1,42,82,6
3277462,0,546,0,40,3,10,2,1,45,17,6
3268941,0,546,0,40,3,8,2,1,81,64,6
3305252,0,546,0,40,2,2,2,1,17,104,6
3275833,0,546,0,40,3,10,2,1,42,71,6
3298974,0,546,0,40,2,3,2,1,21,27,6
3307531,0,546,0,40,3,1,2,1,12,72,6
3309280,0,546,0,40,2,1,2,1,12,38,6
3309688,0,546,0,40,3,1,2,1,12,16,6
3297088,0,546,0,40,2,1,2,1,32,37,6
3266790,0,546,0,40,2,5,2,1,64,94,6
3281209,0,546,0,40,2,5,2,1,56,24,6
3275408,0,546,0,40,2,5,2,1,70,27,6
3299338,0,546,0,40,3,1,2,1,27,42,6
3266439,0,546,0,40,2,5,2,1,40,41,6
3270886,0,546,0,40,3,9,2,1,72,51,6
3303188,0,546,0,40,2,1,2,1,23,33,6
3281422,0,546,0,40,2,6,2,1,45,65,6
3300218,0,546,0,40,3,2,2,1,24,20,6
3283387,1,546,534,40,2,4,2,1,48,38,6
3303866,0,546,0,40,2,1,2,1,21,40,6
3297391,0,546,0,40,2,3,2,1,29,87,6
3286983,0,546,0,40,2,6,2,1,32,30,6
3289452,0,546,0,40,3,4,2,1,36,73,6
3305527,0,546,0,40,2,1,2,1,19,63,6
3306009,0,546,0,40,3,1,2,1,19,25,6
3292904,0,546,0,40,3,4,2,1,27,22,6
3303404,0,546,0,40,2,2,2,1,19,57,6
3293108,0,546,0,40,2,5,2,1,29,42,6
3269041,0,546,0,40,2,11,2,1,81,44,6
3306537,0,546,0,40,2,1,2,1,18,23,6
3306855,0,546,0,40,2,1,2,1,18,49,6
3285373,0,546,0,40,2,6,2,1,45,68,6
3282943,0,546,0,40,3,7,2,1,37,38,6
3306512,0,546,0,40,2,1,2,1,17,32,6
3299867,0,546,0,40,2,2,2,1,19,15,6
3298717,0,546,0,40,3,2,2,1,26,56,6
3292787,0,546,0,40,3,4,2,1,33,70,6
3270121,0,546,0,40,2,11,2,1,67,21,6
3304849,0,546,0,40,2,2,2,1,17,65,6
3300650,0,546,0,40,2,3,2,1,20,45,6
3307213,0,546,0,40,3,1,2,1,16,38,6
3281742,0,546,0,40,3,6,2,1,45,38,6
3303261,0,546,0,40,3,2,2,1,19,12,6
3296827,0,546,0,40,2,2,2,1,32,66,6
3303296,0,546,0,40,2,2,2,1,19,86,6
3287114,0,546,0,40,3,4,2,1,49,83,6
3307039,0,546,0,40,3,1,2,1,15,56,6
3308372,0,546,0,40,2,1,2,1,15,28,6
3286130,0,546,0,40,3,6,2,1,37,20,6
3298454,0,546,0,40,3,2,2,1,27,61,6
3280726,0,546,0,40,3,6,2,1,54,41,6
3298712,0,546,0,40,2,5,2,1,21,48,6
3309097,0,546,0,40,3,1,2,1,14,26,6
3268116,0,546,0,40,3,6,2,1,48,80,6
3289368,0,546,0,40,3,4,2,1,37,35,6
3304665,0,546,0,40,3,2,2,1,14,39,6
3291663,0,546,0,40,2,4,2,1,28,50,6
3270180,0,546,0,40,3,11,2,1,64,64,6
3288455,0,546,0,40,3,4,2,1,42,91,6
3295211,0,546,0,40,2,4,2,1,24,16,6
3273826,0,546,0,40,2,10,2,1,52,16,6
3265511,0,546,0,40,3,9,2,1,53,38,6
3269560,0,546,0,40,2,12,2,1,75,59,6
3299289,0,546,0,40,2,2,2,1,30,31,6
3308625,0,546,0,40,3,1,2,1,13,17,6
3309172,0,546,0,40,2,1,2,1,13,23,6
3274939,0,546,0,40,2,9,2,1,52,61,6
3266083,0,546,0,40,2,5,2,1,39,20,6
3302034,0,546,0,40,2,3,2,1,17,51,6
3272516,0,546,0,40,3,7,2,1,80,13,6
3273167,0,546,0,40,2,8,2,1,54,36,6
3297817,0,546,0,40,3,3,2,1,17,73,6
3299204,0,546,0,40,2,3,2,1,22,43,6
3273392,0,546,0,40,3,6,2,1,61,63,6
3267166,0,546,0,40,2,5,2,1,35,31,6
3265737,0,546,0,40,2,6,2,1,59,42,6
3257610,0,546,0,40,2,14,2,1,93,93,6
3294414,0,546,0,40,3,3,2,1,32,17,6
3304314,0,546,0,40,2,2,2,1,20,45,6
3295710,0,546,0,40,2,4,2,1,27,59,6
3309583,0,546,0,40,2,1,2,1,12,36,6
3310203,0,546,0,40,3,1,2,1,12,49,6
3310349,0,546,0,40,2,1,2,1,12,43,6
3271708,0,546,0,40,3,8,2,1,66,34,6
3278582,0,546,0,40,3,7,2,1,63,34,6
3292156,0,546,0,40,2,2,2,1,38,39,6
3298793,0,546,0,40,3,2,2,1,26,39,6
3303508,0,546,0,40,2,1,2,1,24,58,6
3274460,0,546,0,40,3,6,2,1,59,72,6
3271237,0,546,0,40,2,7,2,1,67,21,6
3266999,0,546,0,40,2,13,2,1,78,24,6
3299555,0,546,0,40,3,3,2,1,28,36,6
3285697,0,546,0,40,3,5,2,1,43,64,6
3295488,0,546,0,40,2,3,2,1,23,20,6
3296991,0,546,0,40,2,4,2,1,24,44,6
3306461,0,546,0,40,3,1,2,1,19,12,6
3293647,0,546,0,40,3,3,2,1,37,71,6
3294014,0,546,0,40,3,3,2,1,26,51,6
3296944,0,546,0,40,3,3,2,1,24,36,6
3307757,0,546,0,40,2,1,2,1,17,22,6
3280313,0,546,0,40,3,4,2,1,58,15,6
3266749,0,546,0,40,2,4,2,1,31,18,6
3274110,0,546,0,40,2,8,2,1,62,24,6
3300401,0,546,0,40,3,3,2,1,19,51,6
3281915,0,546,0,40,3,7,2,1,42,32,6
3301374,0,546,0,40,3,3,2,1,27,46,6
3307728,0,546,0,40,2,1,2,1,16,81,6
3275378,0,546,0,40,2,5,2,1,65,72,6
3299201,0,546,0,40,3,3,2,1,24,27,6
3303932,0,546,0,40,3,2,2,1,21,34,6
3305960,0,546,0,40,3,1,2,1,15,76,6
3309129,0,546,0,40,2,1,2,1,15,95,6
3309211,0,546,0,40,2,1,2,1,15,37,6
3289080,0,546,0,40,3,3,2,1,35,43,6
3283773,0,546,0,40,3,6,2,1,38,36,6
3297896,0,546,0,40,2,3,2,1,26,51,6
3274132,0,546,0,40,3,10,2,1,59,48,6
3289604,0,546,0,40,3,5,2,1,28,25,6
3303510,0,546,0,40,3,2,2,1,17,99,6
3302128,0,546,0,40,2,3,2,1,18,52,6
3300590,0,546,0,40,2,2,2,1,27,86,6
3302044,0,546,0,40,3,3,2,1,23,15,6
3309272,0,546,0,40,3,1,2,1,14,72,6
3271373,0,546,0,40,2,6,2,1,67,56,6
3303466,0,546,0,40,3,2,2,1,15,68,6
3289806,0,546,0,40,2,4,2,1,34,27,6
3272033,0,546,0,40,3,11,2,1,63,22,6
3277737,0,546,0,40,2,9,2,1,45,63,6
3287254,0,546,0,40,2,5,2,1,37,55,6
3284761,0,546,0,40,3,5,2,1,49,17,6
3309054,0,546,0,40,2,1,2,1,13,48,6
3301724,0,546,0,40,3,3,2,1,18,44,6
3269497,0,546,0,40,2,16,2,1,53,73,6
3297725,0,546,0,40,3,3,2,1,30,57,6
3294622,0,546,0,40,3,5,2,1,27,31,6
3244074,0,546,0,40,2,10,2,1,90,51,6
3295518,0,546,0,40,3,4,2,1,30,44,6
3309533,0,546,0,40,3,1,2,1,12,70,6
3309918,0,546,0,40,2,1,2,1,12,23,6
3266783,0,546,0,40,2,9,2,1,70,42,6
3299431,0,546,0,40,3,2,2,1,26,50,6
3260375,0,546,0,40,3,8,2,1,54,61,6
3264225,0,546,0,40,3,4,2,1,30,69,6
3280572,0,546,0,40,3,8,2,1,46,43,6
3262536,0,546,0,40,3,6,2,1,51,59,6
3303605,0,546,0,40,2,2,2,1,20,41,6
3307339,0,546,0,40,3,1,2,1,15,81,6
3297371,0,546,0,40,2,3,2,1,27,51,6
3277246,0,546,0,40,2,8,2,1,54,67,6
3305787,0,546,0,40,3,2,2,1,18,21,6
3306952,0,546,0,40,2,2,2,1,16,85,6
3309335,0,546,0,40,2,1,2,1,14,61,6
3309619,0,546,0,40,3,1,2,1,14,38,6
3276321,0,546,0,40,3,7,2,1,53,6,6
3284144,0,546,0,40,2,5,2,1,47,10,6
3289342,0,546,0,40,3,5,2,1,38,65,6
3282013,0,546,0,40,2,7,2,1,36,31,6
3277176,0,546,0,40,3,10,2,1,44,94,6
3309922,0,546,0,40,3,1,2,1,13,83,6
3310908,0,546,0,40,3,1,2,1,13,31,6
3290745,0,546,0,40,3,3,2,1,27,40,6
3302724,0,546,0,40,3,3,2,1,15,54,6
3297407,0,546,0,40,3,4,2,1,30,32,6
3311408,0,546,0,40,2,1,2,1,12,48,6
3308468,0,546,0,40,3,1,2,1,18,31,6
3286720,0,546,0,40,2,5,2,1,43,51,6
3303021,0,546,0,40,2,3,2,1,24,45,6
3309319,0,546,0,40,3,1,2,1,15,30,6
3310938,0,546,0,40,2,1,2,1,14,21,6
3309361,0,546,0,40,3,0,2,1,11,69,6
3309489,0,546,0,40,3,0,2,1,11,32,6
3309896,0,546,0,40,3,0,2,1,11,18,6
3310216,0,546,0,40,3,0,2,1,11,78,6
3310563,0,546,0,40,2,0,2,1,11,14,6
3310579,0,546,0,40,3,0,2,1,11,43,6
3310611,0,546,0,40,3,0,2,1,11,27,6
3310659,0,546,0,40,2,0,2,1,11,42,6
3310931,0,546,0,40,2,0,2,1,11,41,6
3311169,0,546,0,40,3,0,2,1,11,56,6
3311193,0,546,0,40,2,0,2,1,11,11,6
3311217,0,546,0,40,3,0,2,1,11,85,6
3311241,0,546,0,40,2,0,2,1,11,63,6
3311329,0,546,0,40,3,0,2,1,11,18,6
3311361,0,546,0,40,2,0,2,1,11,26,6
3311513,0,546,0,40,3,0,2,1,11,47,6
3311577,0,546,0,40,3,0,2,1,11,64,6
3311609,0,546,0,40,2,0,2,1,11,90,6
3311717,0,546,0,40,2,0,2,1,11,36,6
3311721,0,546,0,40,2,0,2,1,11,35,6
3311733,0,546,0,40,3,0,2,1,11,101,6
3311745,0,546,0,40,2,0,2,1,11,46,6
3311753,0,546,0,40,2,0,2,1,11,24,6
3311777,0,546,0,40,2,0,2,1,11,35,6
3311817,0,546,0,40,2,0,2,1,11,40,6
3311833,0,546,0,40,3,0,2,1,11,35,6
3311845,0,546,0,40,3,0,2,1,11,39,6
3311857,0,546,0,40,2,0,2,1,11,29,6
3311913,0,546,0,40,2,0,2,1,11,32,6
3311961,0,546,0,40,2,0,2,1,11,31,6
3312025,0,546,0,40,3,0,2,1,11,85,6
3312041,0,546,0,40,2,0,2,1,11,18,6
3312061,0,546,0,40,3,0,2,1,11,46,6
3312077,0,546,0,40,2,0,2,1,11,94,6
3312101,0,546,0,40,3,0,2,1,11,51,6
3312137,0,546,0,40,3,0,2,1,11,23,6
3312189,0,546,0,40,2,0,2,1,11,35,6
3312213,0,546,0,40,2,0,2,1,11,72,6
3312229,0,546,0,40,3,0,2,1,11,60,6
3312257,0,546,0,40,2,0,2,1,11,31,6
3312273,0,546,0,40,3,0,2,1,11,35,6
3312277,0,546,0,40,3,0,2,1,11,8,6
3312288,0,546,0,40,3,0,2,1,11,32,6
3312306,0,546,0,40,3,0,2,1,11,15,6
3312312,0,546,0,40,2,0,2,1,11,23,6
3312334,0,546,0,40,3,0,2,1,11,33,6
3312344,0,546,0,40,2,0,2,1,11,36,6
3312348,0,546,0,40,2,0,2,1,11,19,6
3312358,0,546,0,40,3,0,2,1,11,46,6
3312368,0,546,0,40,2,0,2,1,11,75,6
3312376,0,546,0,40,2,0,2,1,11,32,6
3312378,0,546,0,40,2,0,2,1,11,66,6
3312380,0,546,0,40,3,0,2,1,11,38,6
3312390,0,546,0,40,3,0,2,1,11,61,6
3312398,0,546,0,40,2,0,2,1,11,39,6
3312430,0,546,0,40,3,0,2,1,11,35,6
3312446,0,546,0,40,2,0,2,1,11,13,6
3312448,0,546,0,40,3,0,2,1,11,26,6
3312472,0,546,0,40,3,0,2,1,11,22,6
3312498,0,546,0,40,3,0,2,1,11,16,6
3312504,0,546,0,40,2,0,2,1,11,16,6
3312514,0,546,0,40,2,0,2,1,11,37,6
3312536,0,546,0,40,3,0,2,1,11,44,6
3312540,0,546,0,40,2,0,2,1,11,42,6
3312554,0,546,0,40,3,0,2,1,11,25,6
3312588,0,546,0,40,3,0,2,1,11,49,6
3312604,0,546,0,40,2,0,2,1,11,32,6
3312614,0,546,0,40,2,0,2,1,11,24,6
3312626,0,546,0,40,2,0,2,1,11,8,6
3312630,0,546,0,40,2,0,2,1,11,54,6
3312642,0,546,0,40,3,0,2,1,11,63,6
3312654,0,546,0,40,2,0,2,1,11,54,6
3312668,0,546,0,40,2,0,2,1,11,67,6
3312694,0,546,0,40,3,0,2,1,11,51,6
3312700,0,546,0,40,3,0,2,1,11,35,6
3312718,0,546,0,40,2,0,2,1,11,31,6
3312732,0,546,0,40,3,0,2,1,11,49,6
3312734,0,546,0,40,2,0,2,1,11,53,6
3312750,0,546,0,40,2,0,2,1,11,30,6
3312754,0,546,0,40,2,0,2,1,11,52,6
3312766,0,546,0,40,2,0,2,1,11,50,6
3312778,0,546,0,40,3,0,2,1,11,40,6
3312784,0,546,0,40,2,0,2,1,11,43,6
3312792,0,546,0,40,3,0,2,1,11,25,6
3312800,0,546,0,40,3,0,2,1,11,30,6
3312806,0,546,0,40,3,0,2,1,11,68,6
3312812,0,546,0,40,2,0,2,1,11,70,6
3312818,0,546,0,40,2,0,2,1,11,45,6
3312834,0,546,0,40,3,0,2,1,11,43,6
3312836,0,546,0,40,3,0,2,1,11,45,6
3312846,0,546,0,40,3,0,2,1,11,46,6
3312854,0,546,0,40,3,0,2,1,11,33,6
3287159,0,546,0,40,2,4,2,1,30,38,6
3290470,0,546,0,40,2,5,2,1,30,38,6
3234668,0,546,0,40,2,20,2,1,145,70,6
3303897,0,546,0,40,3,1,2,1,15,57,6
3304256,0,546,0,40,2,1,2,1,14,73,6
3296545,0,546,0,40,2,2,2,1,27,13,6
3279507,0,546,0,40,2,4,2,1,57,64,6
3293338,0,546,0,40,3,2,2,1,28,67,6
3276981,0,546,0,40,3,4,2,1,60,55,6
3304804,0,546,0,40,2,2,2,1,12,68,6
3285565,0,546,0,40,2,2,2,1,49,64,6
3295993,0,546,0,40,2,2,2,1,26,48,6
3270849,0,546,0,40,3,9,2,1,60,32,6
3290938,0,546,0,40,2,3,2,1,30,28,6
3275209,0,546,0,40,2,9,2,1,46,53,6
3298542,0,546,0,40,2,2,2,1,21,38,6
3290296,0,546,0,40,3,3,2,1,27,38,6
3304220,0,546,0,40,2,1,2,1,16,31,6
3301468,0,546,0,40,2,2,2,1,17,58,6
3296019,0,546,0,40,2,2,2,1,18,57,6
3274558,0,546,0,40,2,8,2,1,49,13,6
3306093,0,546,0,40,3,1,2,1,13,26,6
3278800,0,546,0,40,2,6,2,1,38,28,6
3264147,0,546,0,40,3,8,2,1,51,83,6
3290190,0,546,0,40,3,4,2,1,34,30,6
3291505,0,546,0,40,3,3,2,1,34,36,6
3170465,0,546,0,40,3,32,2,1,145,72,6
3306720,0,546,0,40,2,1,2,1,11,48,6
3275766,0,546,0,40,3,6,2,1,49,36,6
3285071,0,546,0,40,3,5,2,1,40,53,6
3289380,0,546,0,40,2,5,2,1,29,35,6
3279548,0,546,0,40,3,3,2,1,63,70,6
3273413,0,546,0,40,3,6,2,1,65,29,6
3300862,0,546,0,40,2,1,2,1,16,63,6
3291062,0,546,0,40,2,3,2,1,34,45,6
3298491,0,546,0,40,2,2,2,1,22,94,6
3299619,0,546,0,40,2,2,2,1,21,74,6
3306239,0,546,0,40,2,1,2,1,14,80,6
3262121,0,546,0,40,2,14,2,1,60,20,6
3267942,0,546,0,40,3,3,2,1,42,32,6
3289119,0,546,0,40,3,3,2,1,36,85,6
3304770,0,546,0,40,3,2,2,1,16,48,6
3289417,0,546,0,40,2,6,2,1,24,66,6
3285378,0,546,0,40,3,4,2,1,41,47,6
3307433,0,546,0,40,2,1,2,1,11,47,6
3272046,0,546,0,40,3,8,2,1,69,31,6
3292227,0,546,0,40,2,2,2,1,33,35,6
3287898,0,546,0,40,3,3,2,1,35,48,6
3278634,0,546,0,40,3,6,2,1,57,40,6
3256263,0,546,0,40,2,8,2,1,96,43,6
3277430,0,546,0,40,2,7,2,1,47,29,6
3274140,0,546,0,40,2,8,2,1,59,28,6
3223666,0,546,0,40,3,26,2,1,127,14,6
3296732,0,546,0,40,3,2,2,1,24,20,6
3304731,0,546,0,40,3,1,2,1,17,24,6
3297372,0,546,0,40,2,2,2,1,23,35,6
3295588,0,546,0,40,2,2,2,1,30,49,6
3282505,0,546,0,40,2,6,2,1,38,47,6
3265117,0,546,0,40,3,9,2,1,74,35,6
3300525,0,546,0,40,2,2,2,1,21,82,6
3271506,0,546,0,40,2,10,2,1,67,39,6
3302029,0,546,0,40,3,2,2,1,15,41,6
3263941,0,546,0,40,3,7,2,1,36,119,6
3302515,0,546,0,40,2,2,2,1,18,64,6
3300568,0,546,0,40,2,2,2,1,18,37,6
3296265,0,546,0,40,2,4,2,1,26,57,6
3283809,0,546,0,40,2,4,2,1,41,36,6
3268254,0,546,0,40,2,9,2,1,79,14,6
3307566,0,546,0,40,3,1,2,1,13,29,6
3291618,0,546,0,40,2,3,2,1,32,38,6
3296989,0,546,0,40,2,3,2,1,18,21,6
3299070,0,546,0,40,2,2,2,1,18,23,6
3288102,0,546,0,40,2,5,2,1,35,87,6
3260851,0,546,0,40,3,9,2,1,52,31,6
3302014,0,546,0,40,3,2,2,1,19,68,6
3300289,0,546,0,40,2,3,2,1,18,21,6
3305107,0,546,0,40,3,2,2,1,13,40,6
3307840,0,546,0,40,2,1,2,1,11,29,6
3300836,0,546,0,40,2,1,2,1,25,29,6
3298019,0,546,0,40,2,3,2,1,27,145,6
3300804,0,546,0,40,3,2,2,1,24,58,6
3287007,0,546,0,40,3,4,2,1,44,42,6
3304656,0,546,0,40,3,1,2,1,19,36,6
3268557,0,546,0,40,2,7,2,1,87,41,6
3304792,0,546,0,40,3,1,2,1,18,32,6
3286161,0,546,0,40,2,5,2,1,36,27,6
3304313,0,546,0,40,3,1,2,1,17,24,6
3298360,0,546,0,40,2,2,2,1,20,35,6
3284131,0,546,0,40,3,5,2,1,37,49,6
3282983,0,546,0,40,3,6,2,1,37,100,6
3275402,0,546,0,40,2,8,2,1,57,58,6
3306767,0,546,0,40,3,1,2,1,15,19,6
3283124,0,546,0,40,2,5,2,1,37,22,6
3290727,0,546,0,40,2,4,2,1,34,14,6
3299303,0,546,0,40,2,3,2,1,19,19,6
3285339,0,546,0,40,2,4,2,1,39,31,6
3281682,0,546,0,40,3,5,2,1,49,40,6
3302592,0,546,0,40,3,2,2,1,23,23,6
3306568,0,546,0,40,3,1,2,1,14,24,6
3307068,0,546,0,40,3,1,2,1,14,23,6
3307396,0,546,0,40,3,1,2,1,14,33,6
3299147,0,546,0,40,2,3,2,1,24,42,6
3301929,0,546,0,40,2,2,2,1,21,42,6
3307917,0,546,0,40,3,1,2,1,13,37,6
3303905,0,546,0,40,3,2,2,1,14,44,6
3298878,0,546,0,40,3,2,2,1,22,28,6
3280121,0,546,0,40,2,7,2,1,46,52,6
3287912,0,546,0,40,2,5,2,1,41,58,6
3307255,1,546,532,40,2,1,2,1,12,51,6
3308588,0,546,0,40,3,1,2,1,12,32,6
3277736,0,546,0,40,2,7,2,1,44,54,6
3291221,0,546,0,40,2,4,2,1,25,36,6
3305026,0,546,0,40,3,2,2,1,13,23,6
3305935,0,546,0,40,2,2,2,1,12,59,6
3297987,0,546,0,40,2,4,2,1,20,57,6
3302865,0,546,0,40,3,2,2,1,21,13,6
3291713,0,546,0,40,2,5,2,1,29,18,6
3307001,0,546,0,40,3,2,2,1,14,32,6
3297637,0,546,0,40,3,3,2,1,29,42,6
3307459,0,546,0,40,3,1,2,1,11,45,6
3309099,0,546,0,40,2,1,2,1,11,28,6
3309179,0,546,0,40,2,1,2,1,11,63,6
3294795,0,546,0,40,3,1,2,1,37,35,6
3296818,0,546,0,40,2,1,2,1,33,49,6
3290739,0,546,0,40,2,3,2,1,38,36,6
3277791,0,546,0,40,2,6,2,1,60,31,6
3263662,0,546,0,40,2,4,2,1,37,66,6
3296664,0,546,0,40,3,2,2,1,29,25,6
3269420,0,546,0,40,3,8,2,1,80,34,6
3302904,0,546,0,40,3,1,2,1,22,34,6
3274566,0,546,0,40,2,9,2,1,52,22,6
3270880,0,546,0,40,3,9,2,1,63,75,6
3293745,0,546,0,40,2,2,2,1,34,59,6
3304300,0,546,0,40,3,1,2,1,20,40,6
3301209,0,546,0,40,3,2,2,1,21,25,6
3297873,0,546,0,40,2,2,2,1,27,18,6
3282596,0,546,0,40,2,6,2,1,35,59,6
3296567,0,546,0,40,3,3,2,1,22,42,6
3223001,0,546,0,40,3,16,2,1,115,35,6
3287938,0,546,0,40,3,5,2,1,42,30,6
3296733,0,546,0,40,3,4,2,1,25,58,6
3299551,0,546,0,40,3,3,2,1,24,64,6
3297418,0,546,0,40,2,2,2,1,24,41,6
3271012,0,546,0,40,2,7,2,1,69,41,6
3286770,0,546,0,40,3,5,2,1,35,70,6
3274902,0,546,0,40,3,7,2,1,56,45,6
3306567,0,546,0,40,2,1,2,1,16,49,6
3261441,0,546,0,40,2,7,2,1,39,18,6
3301760,0,546,0,40,2,2,2,1,19,40,6
3302565,0,546,0,40,2,2,2,1,17,69,6
3299479,0,546,0,40,2,2,2,1,25,63,6
3294654,0,546,0,40,2,3,2,1,26,39,6
3289187,0,546,0,40,3,4,2,1,30,61,6
3296094,0,546,0,40,2,4,2,1,24,52,6
3270448,0,546,0,40,2,10,2,1,58,102,6
3263724,0,546,0,40,2,9,2,1,65,26,6
3296853,0,546,0,40,2,3,2,1,23,48,6
3292823,0,546,0,40,2,6,2,1,24,22,6
3263718,0,546,0,40,2,4,2,1,44,13,6
3281540,0,546,0,40,3,5,2,1,45,37,6
3305883,0,546,0,40,2,2,2,1,14,19,6
3307071,0,546,0,40,2,1,2,1,13,29,6
3308462,0,546,0,40,2,1,2,1,13,25,6
3282828,0,546,0,40,2,4,2,1,47,44,6
3235036,0,546,0,40,2,15,2,1,112,23,6
3299865,0,546,0,40,2,3,2,1,20,45,6
3290837,0,546,0,40,3,4,2,1,32,23,6
3303719,0,546,0,40,2,3,2,1,17,73,6
3299634,0,546,0,40,2,3,2,1,16,53,6
3297039,0,546,0,40,3,3,2,1,26,69,6
3281324,0,546,0,40,2,7,2,1,45,55,6
3295256,0,546,0,40,3,4,2,1,26,46,6
3308124,0,546,0,40,3,2,2,1,13,30,6
3278415,0,546,0,40,3,6,2,1,50,86,6
3276996,0,546,0,40,2,7,2,1,53,73,6
3304488,0,546,0,40,3,2,2,1,12,25,6
3283696,0,546,0,40,2,5,2,1,43,27,6
3263419,0,546,0,40,2,8,2,1,38,58,6
3289987,0,546,0,40,2,5,2,1,21,48,6
3285278,0,546,0,40,2,4,2,1,45,97,6
3225813,0,546,0,40,3,13,2,1,111,94,6
3286084,0,546,0,40,2,6,2,1,38,41,6
3290545,0,546,0,40,3,5,2,1,25,53,6
3286441,0,546,0,40,2,8,2,1,27,108,6
3301075,0,546,0,40,2,2,2,1,20,48,6
3298937,0,546,0,40,2,3,2,1,21,60,6
3276585,0,546,0,40,2,10,2,1,38,20,6
3290498,0,546,0,40,2,5,2,1,27,44,6
3285186,0,546,0,40,2,2,2,1,56,18,6
3269044,0,546,0,40,3,6,2,1,81,66,6
3279568,0,546,0,40,2,5,2,1,55,22,6
3290829,0,546,0,40,3,2,2,1,39,45,6
3286710,0,546,0,40,2,2,2,1,53,35,6
3277264,0,546,0,40,3,5,2,1,68,70,6
3281507,0,546,0,40,3,3,2,1,63,33,6
3259055,0,546,0,40,2,7,2,1,54,34,6
3297883,0,546,0,40,2,2,2,1,28,49,6
3301174,0,546,0,40,3,1,2,1,27,33,6
3274071,0,546,0,40,2,6,2,1,69,45,6
3298792,0,546,0,40,3,2,2,1,26,45,6
3296305,0,546,0,40,3,3,2,1,29,47,6
3271299,0,546,0,40,2,9,2,1,57,46,6
3280469,0,546,0,40,2,5,2,1,40,32,6
3304566,0,546,0,40,2,1,2,1,21,16,6
3290126,0,546,0,40,3,5,2,1,31,29,6
3289767,0,546,0,40,2,5,2,1,34,37,6
3249003,0,546,0,40,2,16,2,1,99,11,6
3265401,0,546,0,40,3,6,2,1,55,51,6
3305418,0,546,0,40,3,1,2,1,19,60,6
3294886,0,546,0,40,3,4,2,1,25,31,6
3305387,0,546,0,40,2,1,2,1,18,52,6
3279851,0,546,0,40,2,7,2,1,44,28,6
3286179,0,546,0,40,3,7,2,1,28,49,6
3273215,0,546,0,40,3,8,2,1,45,65,6
3304183,0,546,0,40,3,2,2,1,21,28,6
3295542,0,546,0,40,3,3,2,1,26,36,6
3297701,0,546,0,40,2,3,2,1,23,40,6
3298795,0,546,0,40,2,3,2,1,22,35,6
3292195,0,546,0,40,2,5,2,1,25,40,6
3299186,0,546,0,40,2,2,2,1,26,65,6
3282607,0,546,0,40,3,8,2,1,42,27,6
3305725,0,546,0,40,2,1,2,1,16,38,6
3293693,0,546,0,40,3,3,2,1,32,48,6
3301526,0,546,0,40,3,2,2,1,21,53,6
3288944,1,546,517,40,2,4,2,1,30,49,6
3293185,0,546,0,40,3,4,2,1,30,49,6
3288980,0,546,0,40,2,5,2,1,32,38,6
3307703,0,546,0,40,3,1,2,1,15,106,6
3291674,0,546,0,40,3,4,2,1,27,14,6
3287015,0,546,0,40,2,5,2,1,32,43,6
3282583,0,546,0,40,2,5,2,1,43,46,6
3304015,0,546,0,40,3,2,2,1,18,46,6
3265383,0,546,0,40,3,10,2,1,66,82,6
3297183,0,546,0,40,2,4,2,1,23,34,6
3306746,0,546,0,40,3,1,2,1,14,65,6
3308552,0,546,0,40,2,1,2,1,14,26,6
3279407,0,546,0,40,2,11,2,1,41,17,6
3305820,0,546,0,40,2,2,2,1,15,68,6
3292460,0,546,0,40,2,6,2,1,29,55,6
3282680,0,546,0,40,2,5,2,1,47,28,6
3308615,0,546,0,40,2,1,2,1,13,30,6
3292931,0,546,0,40,3,5,2,1,30,34,6
3302364,0,546,0,40,2,2,2,1,19,32,6
3302949,0,546,0,40,2,2,2,1,19,106,6
3293161,0,546,0,40,2,5,2,1,29,29,6
3276487,0,546,0,40,3,8,2,1,62,43,6
3304009,0,546,0,40,3,2,2,1,19,73,6
3284010,0,546,0,40,3,6,2,1,44,33,6
3284529,0,546,0,40,3,5,2,1,49,36,6
3306380,0,546,0,40,3,2,2,1,14,37,6
3308201,0,546,0,40,2,1,2,1,12,23,6
3308768,0,546,0,40,3,1,2,1,12,62,6
3309294,0,546,0,40,2,1,2,1,12,38,6
3309626,0,546,0,40,2,1,2,1,12,82,6
3285154,0,546,0,40,2,5,2,1,32,46,6
3302007,0,546,0,40,2,2,2,1,16,77,6
3305607,0,546,0,40,2,2,2,1,12,28,6
3301333,1,546,534,40,2,2,2,1,21,45,6
3299813,0,546,0,40,3,3,2,1,22,27,6
3278043,0,546,0,40,2,6,2,1,45,43,6
3299854,0,546,0,40,2,3,2,1,20,49,6
3280647,0,546,0,40,2,7,2,1,46,33,6
3306102,0,546,0,40,2,2,2,1,14,50,6
3272229,0,546,0,40,3,10,2,1,61,57,6
3288217,0,546,0,40,2,3,2,1,48,22,6
3305501,0,546,0,40,3,2,2,1,14,38,6
3288475,0,546,0,40,3,8,2,1,32,22,6
3308774,0,546,0,40,3,1,2,1,11,56,6
3309899,0,546,0,40,3,1,2,1,11,55,6
3310311,0,546,0,40,2,1,2,1,11,15,6
3293960,0,546,0,40,3,1,2,1,40,14,6
3285985,0,546,0,40,2,3,2,1,47,95,6
3301126,0,546,0,40,2,1,2,1,28,46,6
3300417,0,546,0,40,3,2,2,1,26,82,6
3286581,0,546,0,40,3,3,2,1,47,55,6
3302948,0,546,0,40,3,1,2,1,24,65,6
3292297,0,546,0,40,2,2,2,1,35,34,6
3304051,0,546,0,40,2,1,2,1,23,22,6
3278433,0,546,0,40,2,7,2,1,53,38,6
3293400,0,546,0,40,2,2,2,1,36,25,6
3267546,0,546,0,40,3,12,2,1,58,94,6
3291027,0,546,0,40,3,5,2,1,32,37,6
3264197,0,546,0,40,3,6,2,1,59,34,6
3304258,0,546,0,40,2,1,2,1,22,24,6
3299035,0,546,0,40,3,2,2,1,26,25,6
3274425,0,546,0,40,2,8,2,1,62,35,6
3280697,0,546,0,40,2,5,2,1,51,37,6
3298788,0,546,0,40,3,3,2,1,24,41,6
3294143,0,546,0,40,3,4,2,1,28,29,6
3305572,0,546,0,40,2,1,2,1,20,14,6
3292958,0,546,0,40,3,2,2,1,36,54,6
3285848,0,546,0,40,3,5,2,1,38,39,6
3305339,0,546,0,40,3,1,2,1,19,75,6
3273494,0,546,0,40,2,6,2,1,65,69,6
3297766,0,546,0,40,2,3,2,1,23,14,6
3285588,0,546,0,40,3,4,2,1,48,45,6
3269251,0,546,0,40,2,11,2,1,63,70,6
3277833,0,546,0,40,2,6,2,1,44,77,6
3302419,0,546,0,40,2,2,2,1,19,43,6
3281201,0,546,0,40,2,6,2,1,44,22,6
3281717,0,546,0,40,2,5,2,1,56,35,6
3306396,0,546,0,40,3,1,2,1,17,67,6
3267547,0,546,0,40,3,4,2,1,41,57,6
3289639,0,546,0,40,2,6,2,1,30,27,6
3281576,0,546,0,40,2,8,2,1,49,30,6
3292240,0,546,0,40,3,3,2,1,36,56,6
3295130,0,546,0,40,3,4,2,1,27,24,6
3304042,0,546,0,40,2,2,2,1,17,32,6
3307117,2,546,0,40,2,1,2,1,16,40,6
3262236,0,546,0,40,2,5,2,1,43,47,6
3302957,0,546,0,40,2,2,2,1,16,65,6
3293496,0,546,0,40,3,4,2,1,28,48,6
3297679,0,546,0,40,3,3,2,1,30,15,6
3274807,0,546,0,40,2,9,2,1,58,32,6
3275924,0,546,0,40,3,9,2,1,58,22,6
3279127,0,546,0,40,3,5,2,1,48,29,6
3304204,0,546,0,40,3,2,2,1,15,62,6
3297655,0,546,0,40,2,2,2,1,29,47,6
3269411,0,546,0,40,2,6,2,1,86,25,6
3305031,0,546,0,40,3,2,2,1,15,9,6
3305088,0,546,0,40,3,2,2,1,17,58,6
3292716,0,546,0,40,3,4,2,1,30,24,6
3280653,0,546,0,40,2,5,2,1,51,25,6
3303417,0,546,0,40,3,2,2,1,18,55,6
3279883,0,546,0,40,3,8,2,1,40,30,6
3271431,0,546,0,40,3,8,2,1,73,61,6
3308932,0,546,0,40,3,1,2,1,13,45,6
3309752,0,546,0,40,2,1,2,1,13,28,6
3284976,0,546,0,40,2,4,2,1,45,45,6
3237754,0,546,0,40,3,18,2,1,92,21,6
3277304,0,546,0,40,2,7,2,1,57,46,6
3291068,0,546,0,40,3,5,2,1,30,23,6
3305840,0,546,0,40,3,2,2,1,14,59,6
3290394,0,546,0,40,3,3,2,1,39,28,6
3275865,0,546,0,40,3,6,2,1,66,20,6
3301863,0,546,0,40,2,2,2,1,19,19,6
3293600,0,546,0,40,2,4,2,1,33,29,6
3298109,0,546,0,40,3,3,2,1,22,58,6
3299153,0,546,0,40,2,3,2,1,25,39,6
3298507,0,546,0,40,2,3,2,1,20,33,6
3305629,0,546,0,40,3,2,2,1,14,29,6
3275661,0,546,0,40,3,11,2,1,54,16,6
3299970,0,546,0,40,3,4,2,1,21,46,6
3308373,0,546,0,40,2,1,2,1,12,38,6
3309603,0,546,0,40,2,1,2,1,12,32,6
3309667,0,546,0,40,2,1,2,1,12,27,6
3309929,0,546,0,40,3,1,2,1,12,103,6
3309961,0,546,0,40,2,1,2,1,12,51,6
3310139,0,546,0,40,3,1,2,1,12,19,6
3300443,0,546,0,40,2,2,2,1,20,45,6
3288779,0,546,0,40,3,4,2,1,29,25,6
3276987,0,546,0,40,3,8,2,1,50,13,6
3289965,0,546,0,40,2,6,2,1,34,46,6
3296035,0,546,0,40,2,4,2,1,22,73,6
3305895,0,546,0,40,2,2,2,1,13,59,6
3293697,0,546,0,40,3,3,2,1,32,20,6
3290044,0,546,0,40,2,4,2,1,33,42,6
3301129,0,546,0,40,3,2,2,1,23,37,6
3305491,0,546,0,40,3,2,2,1,15,32,6
3274488,0,546,0,40,2,10,2,1,48,38,6
3302617,0,546,0,40,3,2,2,1,18,62,6
3277013,0,546,0,40,3,7,2,1,52,42,6
3306552,0,546,0,40,3,2,2,1,14,77,6
3295646,0,546,0,40,3,4,2,1,26,12,6
3303159,0,546,0,40,3,2,2,1,23,95,6
3278242,0,546,0,40,3,8,2,1,50,39,6
3273338,0,546,0,40,2,9,2,1,56,37,6
3309325,0,546,0,40,3,1,2,1,11,35,6
3309589,0,546,0,40,2,1,2,1,11,25,6
3310986,0,546,0,40,3,1,2,1,11,58,6
3299942,0,546,0,40,2,1,2,1,31,21,6
3271695,0,546,0,40,2,6,2,1,76,50,6
3302955,0,546,0,40,3,1,2,1,26,52,6
3294104,0,546,0,40,3,2,2,1,31,73,6
3268496,0,546,0,40,3,8,2,1,90,16,6
3292801,0,546,0,40,3,4,2,1,28,28,6
3284709,0,546,0,40,3,5,2,1,46,44,6
3299120,0,546,0,40,2,2,2,1,26,47,6
3288246,0,546,0,40,3,6,2,1,43,28,6
3297876,0,546,0,40,2,2,2,1,33,14,6
3262341,0,546,0,40,2,7,2,1,37,43,6
3274403,0,546,0,40,2,8,2,1,66,34,6
3265465,0,546,0,40,3,4,2,1,61,34,6
3299869,0,546,0,40,3,4,2,1,23,30,6
3297623,0,546,0,40,3,2,2,1,32,33,6
3294931,0,546,0,40,3,3,2,1,25,73,6
3300900,0,546,0,40,2,2,2,1,23,19,6
3293457,0,546,0,40,3,4,2,1,31,56,6
3299853,0,546,0,40,2,2,2,1,26,49,6
3275159,0,546,0,40,3,5,2,1,60,60,6
3294495,0,546,0,40,3,3,2,1,26,42,6
3299675,0,546,0,40,2,3,2,1,21,27,6
3300635,0,546,0,40,3,3,2,1,24,45,6
3281971,0,546,0,40,3,6,2,1,50,28,6
3296872,0,546,0,40,2,4,2,1,27,50,6
3305797,0,546,0,40,3,1,2,1,16,20,6
3308498,0,546,0,40,2,1,2,1,16,31,6
3265098,0,546,0,40,2,9,2,1,52,47,6
3268405,0,546,0,40,3,4,2,1,29,31,6
3283484,0,546,0,40,2,6,2,1,47,66,6
3291439,0,546,0,40,3,4,2,1,26,45,6
3264228,0,546,0,40,3,3,2,1,34,71,6
3301668,0,546,0,40,3,3,2,1,22,51,6
3309035,0,546,0,40,3,1,2,1,15,49,6
3250798,0,546,0,40,3,12,2,1,85,38,6
3303123,0,546,0,40,2,2,2,1,20,55,6
3305969,0,546,0,40,2,2,2,1,15,63,6
3303682,0,546,0,40,2,2,2,1,20,32,6
3308681,0,546,0,40,3,1,2,1,14,75,6
3293373,0,546,0,40,2,3,2,1,31,63,6
3298111,0,546,0,40,3,3,2,1,20,35,6
3300540,0,546,0,40,3,2,2,1,24,42,6
3267056,0,546,0,40,2,7,2,1,62,29,6
3301556,0,546,0,40,2,2,2,1,24,49,6
3296184,0,546,0,40,3,2,2,1,34,21,6
3289383,0,546,0,40,2,6,2,1,35,29,6
3307606,0,546,0,40,3,1,2,1,13,92,6
3308485,0,546,0,40,2,1,2,1,13,13,6
3291662,0,546,0,40,2,4,2,1,24,36,6
3290282,0,546,0,40,2,3,2,1,38,21,6
3296576,0,546,0,40,3,3,2,1,27,57,6
3277884,0,546,0,40,2,9,2,1,51,21,6
3284746,0,546,0,40,3,9,2,1,31,14,6
3262650,0,546,0,40,3,12,2,1,76,32,6
3298071,0,546,0,40,2,4,2,1,26,40,6
3278966,0,546,0,40,3,9,2,1,47,28,6
3273291,0,546,0,40,2,10,2,1,54,56,6
3310062,0,546,0,40,2,1,2,1,12,38,6
3293267,0,546,0,40,2,5,2,1,22,88,6
3305134,0,546,0,40,3,2,2,1,16,23,6
3290136,0,546,0,40,3,5,2,1,30,82,6
3304738,0,546,0,40,3,2,2,1,18,42,6
3293512,0,546,0,40,3,5,2,1,26,21,6
3273806,0,546,0,40,2,9,2,1,46,45,6
3289519,0,546,0,40,2,4,2,1,36,24,6
3269040,0,546,0,40,2,8,2,1,82,41,6
3299134,0,546,0,40,3,3,2,1,21,65,6
3277514,0,546,0,40,3,10,2,1,41,42,6
3262815,0,546,0,40,2,5,2,1,28,35,6
3310561,0,546,0,40,2,1,2,1,11,13,6
3310729,0,546,0,40,2,1,2,1,11,27,6
3311037,0,546,0,40,2,1,2,1,11,41,6
3311162,0,546,0,40,3,1,2,1,11,73,6
3268799,0,546,0,40,3,7,2,1,94,37,6
3289668,0,546,0,40,3,2,2,1,39,34,6
3290934,0,546,0,40,3,4,2,1,39,43,6
3299012,0,546,0,40,2,2,2,1,30,35,6
3302566,0,546,0,40,2,1,2,1,28,35,6
3296598,0,546,0,40,3,2,2,1,36,64,6
3276745,0,546,0,40,3,7,2,1,64,99,6
3296430,0,546,0,40,2,3,2,1,33,51,6
3295189,0,546,0,40,3,3,2,1,35,64,6
3288459,0,546,0,40,2,5,2,1,39,66,6
3295499,0,546,0,40,2,3,2,1,30,35,6
3271709,0,546,0,40,3,8,2,1,70,61,6
3256093,0,546,0,40,3,12,2,1,73,33,6
3300286,0,546,0,40,3,3,2,1,25,24,6
3299520,0,546,0,40,2,2,2,1,27,37,6
3284820,0,546,0,40,2,6,2,1,39,29,6
3294341,0,546,0,40,2,3,2,1,29,27,6
3297533,0,546,0,40,2,3,2,1,27,68,6
3288371,0,546,0,40,2,5,2,1,43,35,6
3274718,0,546,0,40,2,8,2,1,55,51,6
3295479,0,546,0,40,3,4,2,1,32,22,6
3293587,0,546,0,40,2,3,2,1,36,33,6
3301802,0,546,0,40,2,2,2,1,23,55,6
3310444,0,546,0,40,2,1,2,1,12,22,6
3261473,0,546,0,40,2,10,2,1,71,60,6
3294532,0,546,0,40,3,4,2,1,28,88,6
3302048,0,546,0,40,3,4,2,1,16,12,6
3311778,0,546,0,40,3,1,2,1,11,38,6
3303495,0,546,0,40,2,2,2,1,23,40,6
3288567,0,546,0,40,3,3,2,1,44,47,6
3278272,0,546,0,40,3,9,2,1,44,47,6
3276933,0,546,0,40,3,7,2,1,57,29,6
3310060,0,546,0,40,2,1,2,1,13,46,6
3265380,0,546,0,40,2,4,2,1,85,35,6
3303275,0,546,0,40,2,3,2,1,15,35,6
3309976,0,546,0,40,3,0,2,1,10,54,6
3310104,0,546,0,40,2,0,2,1,10,78,6
3310507,0,546,0,40,3,0,2,1,10,39,6
3310539,0,546,0,40,2,0,2,1,10,52,6
3310731,0,546,0,40,2,0,2,1,10,38,6
3310923,0,546,0,40,2,0,2,1,10,46,6
3310987,0,546,0,40,2,0,2,1,10,32,6
3311141,0,546,0,40,3,0,2,1,10,14,6
3311301,0,546,0,40,2,0,2,1,10,38,6
3311413,0,546,0,40,2,0,2,1,10,67,6
3311525,0,546,0,40,2,0,2,1,10,66,6
3311605,0,546,0,40,2,0,2,1,10,81,6
3311637,0,546,0,40,2,0,2,1,10,65,6
3311653,0,546,0,40,3,0,2,1,10,67,6
3311719,0,546,0,40,2,0,2,1,10,31,6
3311791,0,546,0,40,3,0,2,1,10,33,6
3311887,0,546,0,40,2,0,2,1,10,30,6
3311911,0,546,0,40,3,0,2,1,10,106,6
3311943,0,546,0,40,3,0,2,1,10,41,6
3311967,0,546,0,40,2,0,2,1,10,64,6
3312007,0,546,0,40,2,0,2,1,10,64,6
3312079,0,546,0,40,2,0,2,1,10,37,6
3312127,0,546,0,40,2,0,2,1,10,56,6
3312135,0,546,0,40,2,0,2,1,10,43,6
3312175,0,546,0,40,3,0,2,1,10,82,6
3312223,0,546,0,40,2,0,2,1,10,55,6
3312279,0,546,0,40,2,0,2,1,10,40,6
3312287,0,546,0,40,3,0,2,1,10,60,6
3312295,0,546,0,40,3,0,2,1,10,33,6
3312303,0,546,0,40,3,0,2,1,10,26,6
3312343,0,546,0,40,3,0,2,1,10,49,6
3312355,0,546,0,40,2,0,2,1,10,31,6
3312371,0,546,0,40,3,0,2,1,10,86,6
3312387,0,546,0,40,2,0,2,1,10,59,6
3312391,0,546,0,40,2,0,2,1,10,19,6
3312395,0,546,0,40,3,0,2,1,10,37,6
3312407,0,546,0,40,3,0,2,1,10,20,6
3312411,0,546,0,40,3,0,2,1,10,54,6
3312439,0,546,0,40,3,0,2,1,10,44,6
3312447,0,546,0,40,2,0,2,1,10,34,6
3312451,0,546,0,40,3,0,2,1,10,57,6
3312455,0,546,0,40,2,0,2,1,10,30,6
3312467,0,546,0,40,2,0,2,1,10,13,6
3312511,0,546,0,40,2,0,2,1,10,34,6
3312535,0,546,0,40,3,0,2,1,10,6,6
3312547,0,546,0,40,2,0,2,1,10,64,6
3312567,0,546,0,40,2,0,2,1,10,46,6
3312599,0,546,0,40,2,0,2,1,10,45,6
3312611,0,546,0,40,2,0,2,1,10,50,6
3312631,0,546,0,40,3,0,2,1,10,39,6
3312643,0,546,0,40,2,0,2,1,10,62,6
3312679,0,546,0,40,2,0,2,1,10,18,6
3312703,0,546,0,40,3,0,2,1,10,49,6
3312751,0,546,0,40,3,0,2,1,10,42,6
3312795,0,546,0,40,2,0,2,1,10,34,6
3312803,0,546,0,40,3,0,2,1,10,19,6
3312815,0,546,0,40,2,0,2,1,10,34,6
3312827,0,546,0,40,3,0,2,1,10,17,6
3312831,0,546,0,40,2,0,2,1,10,56,6
3312889,0,546,0,40,2,0,2,1,10,42,6
3312895,0,546,0,40,2,0,2,1,10,29,6
3312929,0,546,0,40,2,0,2,1,10,35,6
3312949,0,546,0,40,3,0,2,1,10,24,6
3312959,0,546,0,40,3,0,2,1,10,38,6
3312961,0,546,0,40,3,0,2,1,10,28,6
3312975,0,546,0,40,2,0,2,1,10,37,6
3312981,0,546,0,40,2,0,2,1,10,91,6
3312995,0,546,0,40,3,0,2,1,10,61,6
3312999,0,546,0,40,3,0,2,1,10,21,6
3313001,0,546,0,40,2,0,2,1,10,52,6
3313007,0,546,0,40,2,0,2,1,10,36,6
3313035,0,546,0,40,2,0,2,1,10,50,6
3313045,0,546,0,40,2,0,2,1,10,18,6
3313047,0,546,0,40,2,0,2,1,10,32,6
3313073,0,546,0,40,2,0,2,1,10,38,6
3313075,0,546,0,40,2,0,2,1,10,43,6
3313093,0,546,0,40,2,0,2,1,10,50,6
3313095,0,546,0,40,2,0,2,1,10,18,6
3313107,0,546,0,40,2,0,2,1,10,25,6
3313113,0,546,0,40,2,0,2,1,10,49,6
3313117,0,546,0,40,2,0,2,1,10,91,6
3313131,0,546,0,40,2,0,2,1,10,37,6
3313145,0,546,0,40,2,0,2,1,10,48,6
3313155,0,546,0,40,3,0,2,1,10,43,6
3313159,0,546,0,40,2,0,2,1,10,32,6
3313163,0,546,0,40,3,0,2,1,10,38,6
3313183,0,546,0,40,3,0,2,1,10,41,6
3313199,0,546,0,40,3,0,2,1,10,55,6
3313223,0,546,0,40,2,0,2,1,10,78,6
3313227,0,546,0,40,2,0,2,1,10,27,6
3313231,0,546,0,40,2,0,2,1,10,71,6
3313239,0,546,0,40,3,0,2,1,10,22,6
3313241,0,546,0,40,2,0,2,1,10,40,6
3313245,0,546,0,40,3,0,2,1,10,16,6
3313253,0,546,0,40,2,0,2,1,10,41,6
3313265,0,546,0,40,2,0,2,1,10,17,6
3313273,0,546,0,40,2,0,2,1,10,41,6
3313279,0,546,0,40,2,0,2,1,10,39,6
3313295,0,546,0,40,2,0,2,1,10,43,6
3313311,0,546,0,40,3,0,2,1,10,57,6
3313337,0,546,0,40,3,0,2,1,10,58,6
3313373,0,546,0,40,3,0,2,1,10,39,6
3313381,0,546,0,40,2,0,2,1,10,26,6
3313385,0,546,0,40,3,0,2,1,10,59,6
3313397,0,546,0,40,3,0,2,1,10,23,6
3313401,0,546,0,40,2,0,2,1,10,53,6
3313409,0,546,0,40,3,0,2,1,10,54,6
3313413,0,546,0,40,2,0,2,1,10,29,6
3313417,0,546,0,40,2,0,2,1,10,71,6
3313421,0,546,0,40,3,0,2,1,10,48,6
3313423,0,546,0,40,2,0,2,1,10,25,6
3313445,0,546,0,40,2,0,2,1,10,24,6
3313455,0,546,0,40,3,0,2,1,10,76,6
3313463,0,546,0,40,2,0,2,1,10,18,6
3262988,0,546,0,40,3,0,2,1,15,18,6
3276669,0,546,0,40,3,5,2,1,55,21,6
3274152,0,546,0,40,2,7,2,1,60,20,6
3296100,0,546,0,40,3,3,2,1,17,31,6
3285268,0,546,0,40,3,4,2,1,37,57,6
3244118,0,546,0,40,3,12,2,1,97,24,6
3299095,0,546,0,40,2,2,2,1,20,43,6
3261139,0,546,0,40,2,5,2,1,42,79,6
3301294,0,546,0,40,2,2,2,1,16,63,6
3293222,0,546,0,40,2,4,2,1,26,69,6
3305870,0,546,0,40,2,1,2,1,12,69,6
3299115,0,546,0,40,3,1,2,1,25,42,6
3300310,0,546,0,40,2,1,2,1,23,45,6
3283582,0,546,0,40,3,5,2,1,41,35,6
3297294,0,546,0,40,3,2,2,1,20,26,6
3284078,0,546,0,40,3,6,2,1,35,42,6
3296329,0,546,0,40,2,3,2,1,22,35,6
3288407,0,546,0,40,3,5,2,1,31,55,6
3306379,0,546,0,40,3,1,2,1,12,38,6
3306929,0,546,0,40,2,1,2,1,11,41,6
3286186,0,546,0,40,3,4,2,1,38,65,6
3201116,1,546,180,40,3,17,2,1,130,41,6
3269666,0,546,0,40,2,9,2,1,68,69,6
3273399,0,546,0,40,2,7,2,1,57,86,6
3303710,0,546,0,40,3,1,2,1,14,45,6
3298963,0,546,0,40,2,3,2,1,23,83,6
3302050,0,546,0,40,3,2,2,1,13,66,6
3242740,0,546,0,40,2,17,2,1,87,53,6
3271691,0,546,0,40,2,9,2,1,58,40,6
3285194,0,546,0,40,3,5,2,1,37,54,6
3300957,0,546,0,40,3,2,2,1,16,25,6
3307177,0,546,0,40,2,1,2,1,10,31,6
3307887,0,546,0,40,2,1,2,1,10,59,6
3296412,0,546,0,40,3,2,2,1,23,31,6
3288111,0,546,0,40,2,4,2,1,37,28,6
3281838,0,546,0,40,2,5,2,1,40,31,6
3304500,0,546,0,40,2,1,2,1,17,60,6
3285249,0,546,0,40,2,5,2,1,35,25,6
3281365,0,546,0,40,2,7,2,1,36,47,6
3303742,0,546,0,40,2,1,2,1,15,28,6
3262887,0,546,0,40,3,3,2,1,35,36,6
3291455,0,546,0,40,2,3,2,1,27,14,6
3287556,0,546,0,40,3,4,2,1,33,31,6
3293290,0,546,0,40,2,3,2,1,28,61,6
3264450,0,546,0,40,3,2,2,1,25,27,6
3292257,0,546,0,40,2,3,2,1,27,26,6
3282264,0,546,0,40,2,6,2,1,37,19,6
3268737,0,546,0,40,2,11,2,1,74,69,6
3298179,0,546,0,40,3,3,2,1,18,26,6
3306751,0,546,0,40,3,1,2,1,13,33,6
3294780,0,546,0,40,3,3,2,1,22,23,6
3294638,0,546,0,40,3,4,2,1,18,93,6
3300117,0,546,0,40,3,3,2,1,21,58,6
3307548,0,546,0,40,2,1,2,1,12,35,6
3264986,0,546,0,40,2,6,2,1,32,46,6
3270915,0,546,0,40,2,8,2,1,74,45,6
3291913,0,546,0,40,2,3,2,1,32,56,6
3294085,0,546,0,40,2,4,2,1,22,44,6
3261568,0,546,0,40,3,13,2,1,57,33,6
3307277,0,546,0,40,2,1,2,1,11,50,6
3262994,0,546,0,40,2,6,2,1,49,29,6
3308264,0,546,0,40,3,1,2,1,10,30,6
3262789,0,546,0,40,2,3,2,1,39,57,6
3269657,0,546,0,40,2,8,2,1,77,101,6
3301700,0,546,0,40,2,1,2,1,23,95,6
3275090,0,546,0,40,2,3,2,1,72,83,6
3288870,0,546,0,40,3,4,2,1,40,29,6
3296985,0,546,0,40,2,4,2,1,24,67,6
3260567,0,546,0,40,3,8,2,1,51,20,6
3294547,0,546,0,40,3,3,2,1,31,62,6
3287200,0,546,0,40,2,5,2,1,29,10,6
3289631,0,546,0,40,2,4,2,1,34,46,6
3304609,0,546,0,40,2,1,2,1,16,38,6
3277553,0,546,0,40,2,6,2,1,55,48,6
3296760,0,546,0,40,2,3,2,1,21,25,6
3275993,0,546,0,40,3,10,2,1,54,75,6
3293795,0,546,0,40,3,5,2,1,20,45,6
3276490,0,546,0,40,2,8,2,1,52,13,6
3299841,0,546,0,40,2,2,2,1,23,33,6
3305037,0,546,0,40,3,1,2,1,14,78,6
3305713,0,546,0,40,3,1,2,1,14,40,6
3306815,0,546,0,40,2,1,2,1,14,40,6
3290511,0,546,0,40,2,4,2,1,29,79,6
3290919,0,546,0,40,3,4,2,1,34,63,6
3306780,0,546,0,40,2,1,2,1,13,32,6
3307100,0,546,0,40,2,1,2,1,13,26,6
3287306,0,546,0,40,2,4,2,1,34,71,6
3301870,0,546,0,40,3,3,2,1,16,65,6
3282963,0,546,0,40,3,8,2,1,39,73,6
3282152,0,546,0,40,3,6,2,1,46,50,6
3306272,0,546,0,40,2,1,2,1,12,64,6
3301861,0,546,0,40,3,2,2,1,16,45,6
3304028,0,546,0,40,3,2,2,1,12,8,6
3293799,0,546,0,40,2,2,2,1,34,30,6
3289082,0,546,0,40,2,5,2,1,28,25,6
3298790,1,546,532,36.3442,2,3,2,1,18,44,6
3282077,0,546,0,40,2,5,2,1,49,34,6
3305454,0,546,0,40,2,2,2,1,14,15,6
3308080,0,546,0,40,2,1,2,1,11,52,6
3297749,0,546,0,40,2,3,2,1,15,50,6
3286823,0,546,0,40,3,5,2,1,34,25,6
3292663,0,546,0,40,2,5,2,1,29,16,6
3281604,0,546,0,40,2,7,2,1,42,13,6
3259831,0,546,0,40,2,8,2,1,46,62,6
3279827,0,546,0,40,3,5,2,1,59,54,6
3308539,0,546,0,40,3,1,2,1,10,34,6
3308741,0,546,0,40,2,1,2,1,10,27,6
3275907,0,546,0,40,2,6,2,1,51,64,6
3300154,0,546,0,40,2,1,2,1,27,28,6
3262591,0,546,0,40,2,5,2,1,66,32,6
3294928,0,546,0,40,3,3,2,1,34,40,6
3298925,0,546,0,40,2,2,2,1,25,32,6
3290206,0,546,0,40,3,2,2,1,45,25,6
3303305,0,546,0,40,2,1,2,1,21,44,6
3269412,0,546,0,40,3,12,2,1,69,56,6
3293085,0,546,0,40,2,4,2,1,27,31,6
3286519,0,546,0,40,3,5,2,1,43,53,6
3268487,0,546,0,40,3,9,2,1,71,42,6
3287798,0,546,0,40,2,4,2,1,38,19,6
3275795,0,546,0,40,3,8,2,1,47,19,6
3300591,0,546,0,40,2,2,2,1,24,41,6
3158524,0,546,0,40,3,25,2,1,140,34,6
3295361,0,546,0,40,3,3,2,1,28,67,6
3258599,0,546,0,40,2,11,2,1,67,43,6
3303185,0,546,0,40,3,2,2,1,18,29,6
3300928,0,546,0,40,3,2,2,1,17,40,6
3302937,0,546,0,40,2,2,2,1,18,34,6
3284328,0,546,0,40,3,7,2,1,42,42,6
3260138,0,546,0,40,2,14,2,1,70,69,6
3306517,0,546,0,40,3,1,2,1,15,36,6
3299138,0,546,0,40,3,2,2,1,18,30,6
3294528,0,546,0,40,3,5,2,1,22,28,6
3275765,0,546,0,40,2,10,2,1,51,48,6
3292544,0,546,0,40,3,4,2,1,26,16,6
3295235,0,546,0,40,2,4,2,1,27,67,6
3304301,0,546,0,40,2,1,2,1,14,50,6
3306596,0,546,0,40,3,1,2,1,14,35,6
3262494,0,546,0,40,3,3,2,1,39,24,6
3274837,0,546,0,40,3,8,2,1,54,28,6
3266953,0,546,0,40,3,6,2,1,53,39,6
3273655,0,546,0,40,3,8,2,1,62,36,6
3292123,0,546,0,40,3,2,2,1,35,15,6
3297409,1,546,533,40,2,3,2,1,26,19,6
3281212,0,546,0,40,2,9,2,1,31,19,6
3297021,0,546,0,40,3,3,2,1,28,53,6
3269232,0,546,0,40,2,9,2,1,81,72,6
3307712,0,546,0,40,2,1,2,1,12,43,6
3308576,0,546,0,40,3,1,2,1,12,30,6
3264751,0,546,0,40,3,9,2,1,38,22,6
3305320,0,546,0,40,2,2,2,1,14,61,6
3285821,0,546,0,40,3,7,2,1,34,44,6
3277812,0,546,0,40,2,7,2,1,51,22,6
3289180,0,546,0,40,3,5,2,1,25,23,6
3307203,0,546,0,40,2,1,2,1,11,60,6
3308821,0,546,0,40,2,1,2,1,11,50,6
3308889,0,546,0,40,3,1,2,1,11,48,6
3284696,0,546,0,40,2,4,2,1,39,14,6
3290776,0,546,0,40,3,4,2,1,32,65,6
3281159,0,546,0,40,3,6,2,1,47,35,6
3295512,0,546,0,40,3,3,2,1,25,43,6
3303930,0,546,0,40,3,2,2,1,12,77,6
3304847,0,546,0,40,2,2,2,1,12,73,6
3294898,0,546,0,40,3,2,2,1,33,26,6
3281239,0,546,0,40,2,6,2,1,39,12,6
3271925,0,546,0,40,3,13,2,1,51,32,6
3274759,0,546,0,40,3,9,2,1,53,49,6
3280758,0,546,0,40,3,9,2,1,46,30,6
3280169,0,546,0,40,2,6,2,1,44,102,6
3304192,0,546,0,40,3,2,2,1,17,34,6
3302686,0,546,0,40,3,2,2,1,19,59,6
3296717,1,546,533,33.4061,2,4,2,1,24,46,6
3309072,0,546,0,40,3,1,2,1,10,60,6
3309538,1,546,533,33.4061,2,1,2,1,10,62,6
3289052,0,546,0,40,3,2,2,1,45,83,6
3297984,0,546,0,40,2,1,2,1,32,64,6
3279436,0,546,0,40,2,5,2,1,54,49,6
3284860,0,546,0,40,2,4,2,1,38,20,6
3263361,0,546,0,40,2,3,2,1,39,17,6
3273182,0,546,0,40,3,8,2,1,67,20,6
3302855,0,546,0,40,2,1,2,1,23,44,6
3303353,0,546,0,40,2,1,2,1,22,35,6
3303224,0,546,0,40,2,1,2,1,21,33,6
3304023,0,546,0,40,2,1,2,1,21,74,6
3299823,0,546,0,40,3,2,2,1,22,29,6
3302890,0,546,0,40,3,1,2,1,20,17,6
3269135,0,546,0,40,2,8,2,1,76,54,6
3290928,0,546,0,40,2,3,2,1,40,46,6
3301347,0,546,0,40,2,1,2,1,19,28,6
3273687,0,546,0,40,2,8,2,1,61,64,6
3269454,0,546,0,40,2,6,2,1,95,69,6
3263980,0,546,0,40,2,6,2,1,63,27,6
3306111,0,546,0,40,3,1,2,1,17,34,6
3267200,0,546,0,40,2,5,2,1,45,17,6
3270529,0,546,0,40,2,11,2,1,69,11,6
3270772,0,546,0,40,3,9,2,1,67,45,6
3303011,0,546,0,40,2,2,2,1,19,75,6
3305329,0,546,0,40,3,1,2,1,16,29,6
3306813,0,546,0,40,3,1,2,1,16,32,6
3283034,0,546,0,40,3,6,2,1,41,36,6
3290433,0,546,0,40,2,4,2,1,33,30,6
3300166,0,546,0,40,3,3,2,1,22,81,6
3268775,0,546,0,40,2,11,2,1,72,21,6
3288535,0,546,0,40,2,6,2,1,38,19,6
3303828,0,546,0,40,3,2,2,1,18,46,6
3306356,0,546,0,40,3,1,2,1,15,53,6
3307590,0,546,0,40,2,1,2,1,15,69,6
3277170,1,546,534,40,2,8,2,1,56,52,6
3271114,0,546,0,40,3,9,2,1,68,51,6
3285967,0,546,0,40,3,6,2,1,38,28,6
3296687,0,546,0,40,3,3,2,1,26,67,6
3294890,0,546,0,40,2,4,2,1,27,33,6
3293783,0,546,0,40,3,5,2,1,22,69,6
3267040,0,546,0,40,2,2,2,1,19,51,6
3307651,0,546,0,40,2,1,2,1,14,65,6
3307979,0,546,0,40,3,1,2,1,14,25,6
3289690,0,546,0,40,3,4,2,1,30,70,6
3288579,0,546,0,40,3,3,2,1,35,29,6
3279972,0,546,0,40,3,7,2,1,46,32,6
3280983,0,546,0,40,2,8,2,1,37,65,6
3305193,0,546,0,40,3,2,2,1,14,58,6
3295943,0,546,0,40,3,4,2,1,24,101,6
3307167,0,546,0,40,2,1,2,1,13,26,6
3307391,0,546,0,40,2,1,2,1,13,42,6
3307551,0,546,0,40,2,1,2,1,13,33,6
3307720,0,546,0,40,3,1,2,1,13,53,6
3307808,0,546,0,40,3,1,2,1,13,22,6
3308638,0,546,0,40,2,1,2,1,13,24,6
3268719,0,546,0,40,2,13,2,1,59,113,6
3275952,0,546,0,40,3,6,2,1,53,35,6
3303768,0,546,0,40,3,2,2,1,16,38,6
3292790,0,546,0,40,3,5,2,1,25,24,6
3292216,0,546,0,40,2,4,2,1,31,57,6
3282383,0,546,0,40,3,7,2,1,39,53,6
3283620,0,546,0,40,3,7,2,1,36,39,6
3297558,0,546,0,40,3,3,2,1,24,19,6
3308603,0,546,0,40,3,1,2,1,12,95,6
3309093,0,546,0,40,3,1,2,1,12,60,6
3288650,0,546,0,40,2,6,2,1,23,56,6
3297545,1,546,534,29.9582,2,3,2,1,26,50,6
3301666,0,546,0,40,2,2,2,1,20,53,6
3303535,0,546,0,40,2,2,2,1,17,30,6
3264187,0,546,0,40,2,9,2,1,55,29,6
3304532,0,546,0,40,3,2,2,1,15,32,6
3301856,0,546,0,40,2,3,2,1,13,56,6
3306114,0,546,0,40,2,2,2,1,12,36,6
3300905,0,546,0,40,3,3,2,1,17,46,6
3260739,0,546,0,40,3,5,2,1,42,79,6
3294976,0,546,0,40,2,5,2,1,29,63,6
3275554,0,546,0,40,3,8,2,1,59,28,6
3304600,0,546,0,40,2,2,2,1,11,43,6
3290653,0,546,0,40,2,4,2,1,28,80,6
3261212,0,546,0,40,2,5,2,1,49,45,6
3289181,0,546,0,40,3,6,2,1,23,19,6
3302567,2,546,0,40,2,4,2,1,14,33,6
3255549,0,546,0,40,2,11,2,1,91,40,6
3300226,0,546,0,40,2,3,2,1,23,37,6
3258923,0,546,0,40,3,8,2,1,53,50,6
3290515,0,546,0,40,3,5,2,1,31,35,6
3271716,0,546,0,40,3,8,2,1,70,66,6
3264900,0,546,0,40,3,8,2,1,51,56,6
3309291,0,546,0,40,2,1,2,1,10,39,6
3310121,0,546,0,40,3,1,2,1,10,47,6
3310191,0,546,0,40,3,1,2,1,10,37,6
3310377,0,546,0,40,3,1,2,1,10,22,6
3282540,0,546,0,40,2,3,2,1,51,64,6
3291345,0,546,0,40,2,3,2,1,34,47,6
3294594,0,546,0,40,2,3,2,1,31,26,6
3269554,0,546,0,40,3,9,2,1,72,79,6
3253253,0,546,0,40,3,12,2,1,72,32,6
3297576,0,546,0,40,3,3,2,1,27,37,6
3304618,0,546,0,40,3,1,2,1,21,62,6
3283536,0,546,0,40,2,4,2,1,43,27,6
3292922,0,546,0,40,2,3,2,1,32,50,6
3305244,0,546,0,40,3,1,2,1,20,27,6
3282805,0,546,0,40,2,5,2,1,47,70,6
3270300,0,546,0,40,2,10,2,1,77,12,6
3305055,0,546,0,40,2,1,2,1,19,26,6
3293839,0,546,0,40,3,3,2,1,31,34,6
3297316,0,546,0,40,2,3,2,1,26,20,6
3294863,0,546,0,40,3,3,2,1,28,29,6
3262868,0,546,0,40,2,6,2,1,49,57,6
3281190,0,546,0,40,3,5,2,1,52,65,6
3275110,0,546,0,40,3,9,2,1,63,83,6
3273844,0,546,0,40,3,8,2,1,70,13,6
3290340,0,546,0,40,3,5,2,1,30,52,6
3264850,0,546,0,40,3,9,2,1,70,40,6
3294368,0,546,0,40,2,4,2,1,28,27,6
3287224,0,546,0,40,3,4,2,1,40,49,6
3280732,0,546,0,40,3,8,2,1,42,32,6
3305962,0,546,0,40,2,1,2,1,17,28,6
3306611,0,546,0,40,3,1,2,1,17,40,6
3295387,0,546,0,40,3,2,2,1,33,74,6
3290927,0,546,0,40,3,3,2,1,35,16,6
3305287,0,546,0,40,2,2,2,1,17,58,6
3306672,0,546,0,40,2,1,2,1,16,78,6
3263818,0,546,0,40,3,5,2,1,40,59,6
3266281,0,546,0,40,2,14,2,1,79,42,6
3290740,0,546,0,40,3,4,2,1,28,51,6
3269632,0,546,0,40,2,7,2,1,82,13,6
3284727,0,546,0,40,3,7,2,1,37,33,6
3293805,0,546,0,40,2,5,2,1,25,60,6
3307073,0,546,0,40,2,1,2,1,15,29,6
3307647,0,546,0,40,2,1,2,1,15,51,6
3294853,0,546,0,40,3,3,2,1,25,51,6
3281738,0,546,0,40,3,6,2,1,50,43,6
3301748,0,546,0,40,2,2,2,1,21,64,6
3281508,0,546,0,40,2,7,2,1,35,29,6
3280836,0,546,0,40,3,6,2,1,49,35,6
3290760,0,546,0,40,2,4,2,1,33,54,6
3301460,1,546,535,18.9026,3,2,2,1,27,70,6
3306168,0,546,0,40,2,1,2,1,14,44,6
3307824,0,546,0,40,2,1,2,1,14,57,6
3271515,0,546,0,40,2,8,2,1,59,16,6
3292383,0,546,0,40,2,4,2,1,29,82,6
3300207,0,546,0,40,2,3,2,1,18,34,6
3290359,0,546,0,40,3,7,2,1,30,96,6
3296394,0,546,0,40,2,3,2,1,27,95,6
3285650,0,546,0,40,3,6,2,1,40,52,6
3283836,0,546,0,40,2,5,2,1,41,37,6
3298094,0,546,0,40,3,3,2,1,29,34,6
3290265,0,546,0,40,2,3,2,1,43,47,6
3288517,0,546,0,40,2,5,2,1,39,72,6
3287398,0,546,0,40,3,7,2,1,36,38,6
3307139,0,546,0,40,2,1,2,1,13,36,6
3308779,0,546,0,40,2,1,2,1,13,49,6
3308949,0,546,0,40,2,1,2,1,13,74,6
3304996,0,546,0,40,3,2,2,1,13,65,6
3297164,0,546,0,40,2,2,2,1,28,28,6
3282549,0,546,0,40,2,7,2,1,39,22,6
3304440,0,546,0,40,2,3,2,1,15,61,6
3301252,1,546,535,20.4981,3,3,2,1,22,81,6
3299590,0,546,0,40,2,3,2,1,17,45,6
3307122,0,546,0,40,2,2,2,1,14,21,6
3263018,0,546,0,40,2,6,2,1,43,30,6
3301616,0,546,0,40,3,4,2,1,18,40,6
3308233,0,546,0,40,2,1,2,1,12,29,6
3309024,0,546,0,40,2,1,2,1,12,63,6
3309486,0,546,0,40,2,1,2,1,12,54,6
3292111,0,546,0,40,2,4,2,1,21,50,6
3300266,0,546,0,40,2,2,2,1,22,39,6
3299383,0,546,0,40,2,3,2,1,18,72,6
3288716,0,546,0,40,2,5,2,1,28,36,6
3296798,0,546,0,40,3,3,2,1,25,31,6
3305795,0,546,0,40,3,2,2,1,13,34,6
3292526,0,546,0,40,3,4,2,1,33,45,6
3277443,0,546,0,40,2,9,2,1,48,15,6
3302063,0,546,0,40,3,2,2,1,21,39,6
3304854,0,546,0,40,3,2,2,1,17,29,6
3274141,0,546,0,40,3,10,2,1,50,26,6
3303834,0,546,0,40,2,2,2,1,18,22,6
3288051,0,546,0,40,2,5,2,1,35,25,6
3309627,0,546,0,40,3,1,2,1,11,44,6
3267180,0,546,0,40,2,12,2,1,73,56,6
3278094,0,546,0,40,3,4,2,1,64,21,6
3298649,0,546,0,40,3,3,2,1,22,25,6
3296180,0,546,0,40,3,3,2,1,24,20,6
3306753,0,546,0,40,3,2,2,1,11,14,6
3265039,0,546,0,40,3,2,2,1,14,60,6
3283174,0,546,0,40,2,6,2,1,41,99,6
3293053,0,546,0,40,3,5,2,1,22,31,6
3301960,0,546,0,40,3,2,2,1,23,11,6
3264739,0,546,0,40,3,9,2,1,49,14,6
3299073,0,546,0,40,3,4,2,1,19,46,6
3297262,0,546,0,40,3,3,2,1,27,66,6
3285787,0,546,0,40,2,4,2,1,50,55,6
3279437,0,546,0,40,2,7,2,1,50,35,6
3298936,0,546,0,40,3,4,2,1,22,67,6
3299516,0,546,0,40,3,4,2,1,26,14,6
3291447,0,546,0,40,2,5,2,1,29,39,6
3309493,0,546,0,40,3,1,2,1,10,51,6
3271569,0,546,0,40,2,7,2,1,69,32,6
3299767,0,546,0,40,2,1,2,1,31,62,6
3299539,0,546,0,40,3,2,2,1,29,48,6
3292423,0,546,0,40,3,2,2,1,35,90,6
3284852,0,546,0,40,2,4,2,1,43,49,6
3262217,0,546,0,40,2,3,2,1,45,83,6
3290352,0,546,0,40,3,4,2,1,39,30,6
3299778,0,546,0,40,2,2,2,1,25,25,6
3303012,0,546,0,40,2,2,2,1,21,48,6
3305696,0,546,0,40,3,1,2,1,20,50,6
3286847,0,546,0,40,3,6,2,1,39,31,6
3261348,0,546,0,40,2,8,2,1,75,42,6
3298388,0,546,0,40,3,2,2,1,19,25,6
3305809,0,546,0,40,3,1,2,1,18,36,6
3265697,0,546,0,40,3,9,2,1,68,35,6
3302798,0,546,0,40,3,2,2,1,20,30,6
3306796,0,546,0,40,2,1,2,1,17,56,6
3268265,0,546,0,40,2,9,2,1,75,78,6
3295147,0,546,0,40,3,2,2,1,34,56,6
3297574,0,546,0,40,3,2,2,1,30,39,6
3264671,0,546,0,40,3,7,2,1,50,51,6
3303582,0,546,0,40,2,2,2,1,18,34,6
3307845,0,546,0,40,2,1,2,1,16,31,6
3295895,0,546,0,40,3,3,2,1,24,33,6
3302413,0,546,0,40,2,2,2,1,18,26,6
3293244,0,546,0,40,3,4,2,1,25,70,6
3279146,0,546,0,40,2,8,2,1,39,21,6
3275443,0,546,0,40,2,7,2,1,65,10,6
3307095,0,546,0,40,2,1,2,1,15,55,6
3292447,0,546,0,40,3,3,2,1,28,47,6
3289295,0,546,0,40,2,4,2,1,41,50,6
3304005,0,546,0,40,3,2,2,1,19,36,6
3267769,0,546,0,40,3,6,2,1,27,32,6
3206133,0,546,0,40,3,13,2,1,147,40,6
3294605,0,546,0,40,2,4,2,1,23,53,6
3287183,0,546,0,40,3,4,2,1,39,58,6
3297856,0,546,0,40,2,4,2,1,27,55,6
3302457,0,546,0,40,3,2,2,1,19,50,6
3282550,0,546,0,40,3,7,2,1,47,57,6
3308187,0,546,0,40,2,1,2,1,14,38,6
3264860,0,546,0,40,2,4,2,1,57,23,6
3286265,0,546,0,40,2,6,2,1,38,40,6
3258416,0,546,0,40,3,10,2,1,54,41,6
3288888,0,546,0,40,3,5,2,1,34,52,6
3276815,1,546,536,40,2,7,2,1,54,71,6
3264967,0,546,0,40,3,10,2,1,56,35,6
3265708,0,546,0,40,2,7,2,1,46,62,6
3307986,0,546,0,40,2,1,2,1,13,37,6
3308988,0,546,0,40,3,1,2,1,13,55,6
3309552,0,546,0,40,3,1,2,1,13,48,6
3309634,0,546,0,40,3,1,2,1,13,42,6
3261803,0,546,0,40,2,11,2,1,56,42,6
3281536,0,546,0,40,2,5,2,1,46,54,6
3285358,0,546,0,40,2,5,2,1,34,73,6
3281575,0,546,0,40,3,5,2,1,47,75,6
3289219,0,546,0,40,2,6,2,1,25,60,6
3275474,0,546,0,40,3,8,2,1,63,13,6
3294234,0,546,0,40,2,5,2,1,23,48,6
3269013,0,546,0,40,3,13,2,1,57,66,6
3290397,0,546,0,40,2,5,2,1,33,56,6
3283649,0,546,0,40,2,6,2,1,48,57,6
3272252,0,546,0,40,2,12,2,1,61,71,6
3271124,0,546,0,40,3,10,2,1,70,23,6
3309687,0,546,0,40,3,1,2,1,12,42,6
3309871,0,546,0,40,2,1,2,1,12,77,6
3310197,0,546,0,40,3,1,2,1,12,57,6
3300995,0,546,0,40,3,2,2,1,12,57,6
3266699,0,546,0,40,3,4,2,1,30,37,6
3290246,0,546,0,40,3,4,2,1,33,30,6
3282892,0,546,0,40,3,7,2,1,40,26,6
3302363,0,546,0,40,2,2,2,1,19,66,6
3302730,0,546,0,40,2,2,2,1,16,25,6
3264923,0,546,0,40,2,4,2,1,57,39,6
3271172,0,546,0,40,2,6,2,1,77,87,6
3299575,0,546,0,40,2,3,2,1,25,35,6
3299842,0,546,0,40,3,3,2,1,18,65,6
3272025,0,546,0,40,2,11,2,1,62,29,6
3300470,0,546,0,40,3,3,2,1,18,13,6
3289372,0,546,0,40,3,5,2,1,31,9,6
3307237,0,546,0,40,2,2,2,1,14,43,6
3308746,0,546,0,40,2,1,2,1,11,17,6
3310078,0,546,0,40,3,1,2,1,11,15,6
3310784,0,546,0,40,2,1,2,1,11,23,6
3311044,0,546,0,40,2,1,2,1,11,35,6
3297986,0,546,0,40,2,2,2,1,27,53,6
3289238,0,546,0,40,2,4,2,1,40,32,6
3304481,0,546,0,40,3,2,2,1,14,79,6
3298397,0,546,0,40,2,3,2,1,25,35,6
3282451,0,546,0,40,3,7,2,1,33,30,6
3307201,0,546,0,40,3,2,2,1,11,41,6
3271427,0,546,0,40,2,10,2,1,68,49,6
3288922,0,546,0,40,2,5,2,1,28,24,6
3280205,0,546,0,40,2,8,2,1,42,46,6
3259088,0,546,0,40,2,14,2,1,84,82,6
3299493,0,546,0,40,2,4,2,1,21,26,6
3281041,0,546,0,40,3,10,2,1,38,24,6
3286358,0,546,0,40,3,5,2,1,44,62,6
3293763,0,546,0,40,2,5,2,1,30,22,6
3309849,0,546,0,40,3,1,2,1,10,42,6
3310533,0,546,0,40,3,1,2,1,10,22,6
3311414,0,546,0,40,3,1,2,1,10,42,6
3311548,0,546,0,40,3,1,2,1,10,28,6
3311644,0,546,0,40,3,1,2,1,10,44,6
3268137,0,546,0,40,3,8,2,1,88,88,6
3295619,0,546,0,40,2,2,2,1,32,41,6
3290107,0,546,0,40,3,3,2,1,34,43,6
3263439,0,546,0,40,2,6,2,1,73,64,6
3289014,0,546,0,40,3,5,2,1,39,47,6
3304262,0,546,0,40,3,1,2,1,23,69,6
3275178,0,546,0,40,3,7,2,1,61,48,6
3266730,0,546,0,40,2,7,2,1,68,68,6
3282546,0,546,0,40,3,6,2,1,48,41,6
3305499,0,546,0,40,2,1,2,1,20,35,6
3276194,0,546,0,40,3,7,2,1,60,19,6
3275556,0,546,0,40,2,9,2,1,51,23,6
3299318,0,546,0,40,2,3,2,1,24,40,6
3306996,0,546,0,40,2,1,2,1,18,35,6
3292985,0,546,0,40,2,3,2,1,33,27,6
3263528,0,546,0,40,2,10,2,1,61,33,6
3266050,0,546,0,40,2,5,2,1,50,34,6
3307129,0,546,0,40,2,1,2,1,17,51,6
3290349,0,546,0,40,2,3,2,1,44,70,6
3297051,0,546,0,40,3,4,2,1,31,28,6
3294768,0,546,0,40,3,4,2,1,31,86,6
3298135,0,546,0,40,3,3,2,1,26,24,6
3287582,0,546,0,40,2,6,2,1,37,26,6
3281339,0,546,0,40,3,6,2,1,49,62,6
3287551,0,546,0,40,2,6,2,1,30,24,6
3295335,0,546,0,40,3,4,2,1,26,68,6
3299874,0,546,0,40,3,3,2,1,24,24,6
3284126,0,546,0,40,2,5,2,1,46,29,6
3308315,0,546,0,40,3,1,2,1,15,55,6
3308511,0,546,0,40,2,1,2,1,15,63,6
3298230,0,546,0,40,3,3,2,1,23,53,6
3284289,0,546,0,40,2,4,2,1,43,55,6
3275579,0,546,0,40,2,7,2,1,62,22,6
3291977,0,546,0,40,2,6,2,1,23,44,6
3304072,0,546,0,40,3,2,2,1,20,39,6
3266688,0,546,0,40,2,6,2,1,62,48,6
3260754,0,546,0,40,2,3,2,1,29,77,6
3309784,0,546,0,40,3,1,2,1,14,62,6
3295867,0,546,0,40,2,3,2,1,28,98,6
3263350,0,546,0,40,2,8,2,1,44,109,6
3288498,0,546,0,40,2,3,2,1,42,38,6
3281386,0,546,0,40,3,7,2,1,39,11,6
3278101,0,546,0,40,2,8,2,1,47,30,6
3300856,0,546,0,40,2,3,2,1,22,56,6
3274224,0,546,0,40,3,8,2,1,58,16,6
3273512,0,546,0,40,3,10,2,1,54,18,6
3265433,0,546,0,40,2,8,2,1,41,19,6
3266394,0,546,0,40,3,9,2,1,105,75,6
3289074,0,546,0,40,2,6,2,1,29,34,6
3303562,0,546,0,40,3,2,2,1,22,69,6
3303082,0,546,0,40,2,2,2,1,15,64,6
3298396,0,546,0,40,3,3,2,1,22,25,6
3259125,0,546,0,40,3,11,2,1,49,77,6
3302773,0,546,0,40,3,2,2,1,21,41,6
3300649,0,546,0,40,3,4,2,1,18,88,6
3305472,0,546,0,40,3,2,2,1,17,39,6
3286571,0,546,0,40,2,6,2,1,32,56,6
3294474,0,546,0,40,2,5,2,1,27,74,6
3296764,0,546,0,40,3,3,2,1,29,28,6
3268033,0,546,0,40,3,12,2,1,83,47,6
3275923,0,546,0,40,2,9,2,1,56,12,6
3304736,0,546,0,40,3,3,2,1,19,54,6
3306382,0,546,0,40,2,3,2,1,17,27,6
3309698,0,546,0,40,3,2,2,1,14,26,6
3264376,0,546,0,40,3,6,2,1,81,52,6
3307174,0,546,0,40,2,3,2,1,14,31,6
3298885,0,546,0,40,3,3,2,1,25,42,6
3299625,0,546,0,40,3,4,2,1,21,23,6
3293001,0,546,0,40,2,5,2,1,31,27,6
3288746,0,546,0,40,3,6,2,1,35,30,6
3272894,0,546,0,40,3,10,2,1,70,27,6
3310737,0,546,0,40,3,1,2,1,11,22,6
3293843,0,546,0,40,3,3,2,1,24,54,6
3272548,0,546,0,40,3,11,2,1,43,24,6
3279913,0,546,0,40,2,8,2,1,44,30,6
3306094,0,546,0,40,3,2,2,1,13,22,6
3263799,1,546,531,31.0822,2,6,2,1,41,41,6
3307023,0,546,0,40,3,2,2,1,11,90,6
3293614,0,546,0,40,3,4,2,1,31,12,6
3309037,0,546,0,40,2,2,2,1,12,60,6
3280290,0,546,0,40,2,7,2,1,49,74,6
3306540,0,546,0,40,2,2,2,1,17,35,6
3309920,0,546,0,40,3,1,2,1,10,20,6
3311784,0,546,0,40,3,1,2,1,10,33,6
3312192,0,546,0,40,2,1,2,1,10,56,6
3289814,0,546,0,40,2,5,2,1,38,7,6
3295679,0,546,0,40,2,3,2,1,32,40,6
3268325,0,546,0,40,2,10,2,1,73,48,6
3303885,0,546,0,40,3,1,2,1,25,62,6
3298482,0,546,0,40,3,2,2,1,27,60,6
3277129,0,546,0,40,3,7,2,1,46,115,6
3305949,0,546,0,40,3,1,2,1,21,39,6
3296722,0,546,0,40,2,3,2,1,27,44,6
3293602,0,546,0,40,2,4,2,1,30,34,6
3288302,0,546,0,40,3,5,2,1,35,52,6
3307429,0,546,0,40,3,1,2,1,18,37,6
3307837,0,546,0,40,2,1,2,1,18,35,6
3294421,0,546,0,40,3,3,2,1,30,16,6
3265494,0,546,0,40,2,7,2,1,48,32,6
3301233,0,546,0,40,3,2,2,1,26,65,6
3264436,0,546,0,40,3,8,2,1,60,26,6
3301158,0,546,0,40,2,2,2,1,19,25,6
3282588,0,546,0,40,3,4,2,1,54,33,6
3305843,0,546,0,40,3,2,2,1,18,78,6
3295458,0,546,0,40,3,3,2,1,32,44,6
3302243,0,546,0,40,2,2,2,1,25,18,6
3309606,0,546,0,40,3,1,2,1,15,37,6
3290267,0,546,0,40,3,6,2,1,32,51,6
3297239,0,546,0,40,3,3,2,1,35,67,6
3307881,0,546,0,40,3,2,2,1,17,82,6
3302907,0,546,0,40,3,4,2,1,20,66,6
3310107,0,546,0,40,2,1,2,1,14,44,6
3263485,1,546,529,26.1882,3,6,2,1,58,83,6
3298545,0,546,0,40,2,3,2,1,30,29,6
3280945,0,546,0,40,3,9,2,1,38,33,6
3309845,0,546,0,40,3,1,2,1,13,43,6
3310090,0,546,0,40,3,1,2,1,13,108,6
3310884,0,546,0,40,2,1,2,1,13,89,6
3298446,0,546,0,40,2,3,2,1,23,69,6
3284154,0,546,0,40,3,6,2,1,36,85,6
3266246,0,546,0,40,2,13,2,1,79,54,6
3292318,0,546,0,40,3,5,2,1,29,65,6
3296953,0,546,0,40,2,4,2,1,24,45,6
3301564,0,546,0,40,2,4,2,1,22,27,6
3288230,0,546,0,40,3,4,2,1,44,20,6
3286466,0,546,0,40,2,6,2,1,39,68,6
3311631,0,546,0,40,3,1,2,1,11,74,6
3311802,0,546,0,40,2,1,2,1,11,18,6
3311952,0,546,0,40,3,1,2,1,11,48,6
3266054,0,546,0,40,2,12,2,1,74,61,6
3287253,0,546,0,40,3,5,2,1,40,33,6
3272603,0,546,0,40,2,11,2,1,57,42,6
3285762,0,546,0,40,2,6,2,1,39,51,6
3264160,0,546,0,40,3,8,2,1,55,45,6
3261781,0,546,0,40,2,8,2,1,41,25,6
3304868,0,546,0,40,2,3,2,1,16,63,6
3260866,0,546,0,40,3,7,2,1,70,73,6
3274274,0,546,0,40,3,11,2,1,53,36,6
3310883,0,546,0,40,2,1,2,1,10,17,6
3269974,0,546,0,40,3,11,2,1,74,48,6
3272982,0,546,0,40,3,9,2,1,62,59,6
3307736,0,546,0,40,3,1,2,1,18,25,6
3308445,0,546,0,40,3,1,2,1,13,31,6
3311700,0,546,0,40,3,1,2,1,13,27,6
3293491,0,546,0,40,3,3,2,1,37,61,6
3281168,0,546,0,40,3,8,2,1,47,81,6
3310531,0,546,0,40,2,1,2,1,11,40,6
3272356,0,546,0,40,3,9,2,1,54,39,6
3274275,0,546,0,40,3,11,2,1,51,85,6
3309649,0,546,0,40,2,0,2,1,9,33,6
3310136,0,546,0,40,3,0,2,1,9,32,6
3310360,0,546,0,40,2,0,2,1,9,15,6
3310488,0,546,0,40,3,0,2,1,9,62,6
3310555,0,546,0,40,2,0,2,1,9,76,6
3310859,0,546,0,40,2,0,2,1,9,34,6
3310971,0,546,0,40,2,0,2,1,9,23,6
3311165,0,546,0,40,2,0,2,1,9,23,6
3311341,0,546,0,40,3,0,2,1,9,43,6
3311485,0,546,0,40,3,0,2,1,9,105,6
3311517,0,546,0,40,3,0,2,1,9,58,6
3311763,0,546,0,40,3,0,2,1,9,45,6
3311779,0,546,0,40,3,0,2,1,9,51,6
3311827,0,546,0,40,3,0,2,1,9,25,6
3311923,0,546,0,40,3,0,2,1,9,58,6
3312003,0,546,0,40,3,0,2,1,9,37,6
3312019,0,546,0,40,3,0,2,1,9,39,6
3312115,0,546,0,40,2,0,2,1,9,44,6
3312227,0,546,0,40,3,0,2,1,9,48,6
3312289,0,546,0,40,3,0,2,1,9,25,6
3312353,0,546,0,40,2,0,2,1,9,35,6
3312433,0,546,0,40,3,0,2,1,9,25,6
3312449,0,546,0,40,3,0,2,1,9,24,6
3312473,0,546,0,40,3,0,2,1,9,27,6
3312497,0,546,0,40,3,0,2,1,9,34,6
3312529,0,546,0,40,2,0,2,1,9,36,6
3312577,0,546,0,40,3,0,2,1,9,68,6
3312641,0,546,0,40,3,0,2,1,9,26,6
3312665,0,546,0,40,2,0,2,1,9,58,6
3312721,0,546,0,40,3,0,2,1,9,15,6
3312729,0,546,0,40,2,0,2,1,9,43,6
3312761,0,546,0,40,2,0,2,1,9,12,6
3312785,0,546,0,40,3,0,2,1,9,62,6
3312809,0,546,0,40,2,0,2,1,9,43,6
3312833,0,546,0,40,2,0,2,1,9,36,6
3312900,0,546,0,40,2,0,2,1,9,63,6
3312912,0,546,0,40,3,0,2,1,9,52,6
3312928,0,546,0,40,3,0,2,1,9,31,6
3312944,0,546,0,40,2,0,2,1,9,75,6
3312948,0,546,0,40,2,0,2,1,9,45,6
3312960,0,546,0,40,2,0,2,1,9,89,6
3312968,0,546,0,40,2,0,2,1,9,33,6
3312972,0,546,0,40,3,0,2,1,9,33,6
3313000,0,546,0,40,2,0,2,1,9,35,6
3313012,0,546,0,40,3,0,2,1,9,60,6
3313020,0,546,0,40,3,0,2,1,9,57,6
3313024,0,546,0,40,2,0,2,1,9,31,6
3313052,0,546,0,40,2,0,2,1,9,14,6
3313068,0,546,0,40,2,0,2,1,9,65,6
3313088,0,546,0,40,3,0,2,1,9,74,6
3313112,0,546,0,40,3,0,2,1,9,55,6
3313140,0,546,0,40,2,0,2,1,9,36,6
3313156,0,546,0,40,3,0,2,1,9,24,6
3313168,0,546,0,40,2,0,2,1,9,60,6
3313172,0,546,0,40,3,0,2,1,9,26,6
3313200,0,546,0,40,3,0,2,1,9,70,6
3313208,0,546,0,40,3,0,2,1,9,80,6
3313212,0,546,0,40,2,0,2,1,9,71,6
3313232,0,546,0,40,3,0,2,1,9,26,6
3313240,0,546,0,40,2,0,2,1,9,106,6
3313248,0,546,0,40,3,0,2,1,9,67,6
3313264,0,546,0,40,3,0,2,1,9,24,6
3313272,0,546,0,40,2,0,2,1,9,67,6
3313288,0,546,0,40,2,0,2,1,9,45,6
3313324,0,546,0,40,3,0,2,1,9,24,6
3313336,0,546,0,40,2,0,2,1,9,59,6
3313348,0,546,0,40,3,0,2,1,9,51,6
3313364,0,546,0,40,2,0,2,1,9,55,6
3313396,0,546,0,40,2,0,2,1,9,39,6
3313436,0,546,0,40,2,0,2,1,9,38,6
3313444,0,546,0,40,3,0,2,1,9,26,6
3313448,0,546,0,40,2,0,2,1,9,71,6
3313468,0,546,0,40,2,0,2,1,9,55,6
3313478,0,546,0,40,3,0,2,1,9,27,6
3313482,0,546,0,40,3,0,2,1,9,43,6
3313484,0,546,0,40,2,0,2,1,9,14,6
3313490,0,546,0,40,3,0,2,1,9,18,6
3313492,0,546,0,40,2,0,2,1,9,65,6
3313496,0,546,0,40,3,0,2,1,9,43,6
3313500,0,546,0,40,3,0,2,1,9,40,6
3313504,0,546,0,40,3,0,2,1,9,52,6
3313512,0,546,0,40,2,0,2,1,9,25,6
3313540,0,546,0,40,3,0,2,1,9,31,6
3313546,0,546,0,40,2,0,2,1,9,68,6
3313548,0,546,0,40,2,0,2,1,9,30,6
3313564,0,546,0,40,2,0,2,1,9,70,6
3313578,0,546,0,40,2,0,2,1,9,64,6
3313580,0,546,0,40,3,0,2,1,9,57,6
3313600,0,546,0,40,2,0,2,1,9,51,6
3313604,0,546,0,40,2,0,2,1,9,44,6
3313616,0,546,0,40,2,0,2,1,9,32,6
3313618,0,546,0,40,2,0,2,1,9,28,6
3313620,0,546,0,40,2,0,2,1,9,32,6
3313630,0,546,0,40,2,0,2,1,9,22,6
3313634,0,546,0,40,2,0,2,1,9,62,6
3313650,0,546,0,40,3,0,2,1,9,73,6
3313658,0,546,0,40,2,0,2,1,9,27,6
3313668,0,546,0,40,3,0,2,1,9,64,6
3313680,0,546,0,40,2,0,2,1,9,65,6
3313688,0,546,0,40,2,0,2,1,9,18,6
3313690,0,546,0,40,2,0,2,1,9,63,6
3313708,0,546,0,40,3,0,2,1,9,25,6
3313710,0,546,0,40,3,0,2,1,9,28,6
3313714,0,546,0,40,3,0,2,1,9,81,6
3313726,0,546,0,40,3,0,2,1,9,46,6
3313730,0,546,0,40,3,0,2,1,9,33,6
3313738,0,546,0,40,2,0,2,1,9,168,6
3313744,0,546,0,40,3,0,2,1,9,50,6
3313748,0,546,0,40,2,0,2,1,9,45,6
3313758,0,546,0,40,3,0,2,1,9,53,6
3313766,0,546,0,40,2,0,2,1,9,100,6
3313772,0,546,0,40,2,0,2,1,9,72,6
3313776,0,546,0,40,2,0,2,1,9,25,6
3313798,0,546,0,40,3,0,2,1,9,33,6
3313800,0,546,0,40,2,0,2,1,9,46,6
3313814,0,546,0,40,2,0,2,1,9,32,6
3313820,0,546,0,40,3,0,2,1,9,137,6
3313822,0,546,0,40,3,0,2,1,9,38,6
3313838,0,546,0,40,3,0,2,1,9,57,6
3313850,0,546,0,40,2,0,2,1,9,27,6
3313856,0,546,0,40,2,0,2,1,9,28,6
3313868,0,546,0,40,3,0,2,1,9,50,6
3313874,0,546,0,40,3,0,2,1,9,68,6
3313880,0,546,0,40,3,0,2,1,9,41,6
3313888,0,546,0,40,3,0,2,1,9,35,6
3313900,0,546,0,40,3,0,2,1,9,58,6
3313914,0,546,0,40,2,0,2,1,9,17,6
3313922,0,546,0,40,3,0,2,1,9,56,6
3313932,0,546,0,40,2,0,2,1,9,28,6
3313938,0,546,0,40,3,0,2,1,9,43,6
3313940,0,546,0,40,2,0,2,1,9,23,6
3313948,0,546,0,40,3,0,2,1,9,48,6
3313958,0,546,0,40,2,0,2,1,9,32,6
3313962,0,546,0,40,3,0,2,1,9,36,6
3313964,0,546,0,40,2,0,2,1,9,17,6
3313976,0,546,0,40,2,0,2,1,9,53,6
3313978,0,546,0,40,3,0,2,1,9,66,6
3313980,0,546,0,40,3,0,2,1,9,60,6
3313992,0,546,0,40,2,0,2,1,9,46,6
3313994,0,546,0,40,2,0,2,1,9,62,6
3314010,0,546,0,40,2,0,2,1,9,28,6
3314018,0,546,0,40,3,0,2,1,9,27,6
3314022,0,546,0,40,3,0,2,1,9,32,6
3314026,0,546,0,40,2,0,2,1,9,43,6
3314028,0,546,0,40,2,0,2,1,9,41,6
3314040,0,546,0,40,3,0,2,1,9,48,6
3294682,0,546,0,40,3,2,2,1,23,11,6
3290797,0,546,0,40,2,3,2,1,27,30,6
3292333,0,546,0,40,2,3,2,1,30,32,6
3265326,0,546,0,40,2,5,2,1,43,48,6
3289775,0,546,0,40,3,5,2,1,25,43,6
3289634,0,546,0,40,2,5,2,1,26,58,6
3300991,0,546,0,40,3,3,2,1,12,94,6
3304101,0,546,0,40,3,1,2,1,15,46,6
3294128,0,546,0,40,2,3,2,1,26,45,6
3282199,0,546,0,40,3,3,2,1,47,59,6
3267766,0,546,0,40,2,7,2,1,57,29,6
3305331,0,546,0,40,3,1,2,1,11,54,6
3297698,0,546,0,40,3,3,2,1,17,40,6
3297938,0,546,0,40,2,2,2,1,19,49,6
3270789,0,546,0,40,2,8,2,1,68,43,6
3280821,0,546,0,40,2,5,2,1,41,28,6
3302483,0,546,0,40,2,1,2,1,18,49,6
3272021,0,546,0,40,2,7,2,1,60,95,6
3304992,0,546,0,40,2,1,2,1,14,51,6
3299063,0,546,0,40,2,3,2,1,19,19,6
3264907,0,546,0,40,3,7,2,1,63,57,6
3285050,0,546,0,40,3,5,2,1,39,41,6
3300498,0,546,0,40,2,2,2,1,13,40,6
3229076,0,546,0,40,3,17,2,1,82,17,6
3302181,0,546,0,40,2,2,2,1,10,18,6
3284043,0,546,0,40,2,4,2,1,35,42,6
3286779,0,546,0,40,2,4,2,1,39,56,6
3291307,0,546,0,40,2,4,2,1,29,53,6
3292184,0,546,0,40,3,4,2,1,29,74,6
3293285,0,546,0,40,2,4,2,1,22,58,6
3301703,0,546,0,40,2,1,2,1,13,36,6
3288784,0,546,0,40,3,4,2,1,31,37,6
3303653,0,546,0,40,2,2,2,1,15,28,6
3270857,0,546,0,40,2,12,2,1,60,80,6
3296238,1,546,531,33.9877,2,4,2,1,22,16,6
3265286,0,546,0,40,2,6,2,1,38,51,6
3293814,0,546,0,40,3,5,2,1,21,48,6
3306590,0,546,0,40,3,1,2,1,10,26,6
3281681,1,546,531,23.9445,3,4,2,1,44,57,6
3285864,0,546,0,40,2,5,2,1,31,65,6
3294779,0,546,0,40,3,4,2,1,22,62,6
3301360,0,546,0,40,2,1,2,1,23,39,6
3277095,0,546,0,40,2,6,2,1,60,16,6
3279692,0,546,0,40,2,4,2,1,55,37,6
3289853,0,546,0,40,2,4,2,1,36,53,6
3298964,0,546,0,40,3,2,2,1,22,10,6
3302285,0,546,0,40,2,1,2,1,19,26,6
3288134,0,546,0,40,2,4,2,1,29,25,6
3276657,0,546,0,40,3,7,2,1,47,75,6
3284925,0,546,0,40,3,4,2,1,36,30,6
3242631,0,546,0,40,2,14,2,1,78,64,6
3305384,0,546,0,40,2,1,2,1,15,37,6
3275759,0,546,0,40,3,8,2,1,55,43,6
3296745,0,546,0,40,3,3,2,1,23,34,6
3306170,0,546,0,40,3,1,2,1,13,13,6
3306795,0,546,0,40,2,1,2,1,13,46,6
3276649,0,546,0,40,2,8,2,1,52,94,6
3276443,0,546,0,40,3,7,2,1,45,63,6
3274653,0,546,0,40,2,9,2,1,49,26,6
3282836,0,546,0,40,2,6,2,1,26,30,6
3297311,0,546,0,40,3,4,2,1,18,17,6
3307172,0,546,0,40,3,1,2,1,12,59,6
3273590,0,546,0,40,2,9,2,1,42,90,6
3288314,0,546,0,40,3,4,2,1,37,56,6
3293534,0,546,0,40,2,3,2,1,16,50,6
3308041,0,546,0,40,2,1,2,1,11,71,6
3298335,0,546,0,40,2,3,2,1,16,27,6
3269279,0,546,0,40,2,10,2,1,64,92,6
3305839,0,546,0,40,2,2,2,1,12,50,6
3307300,0,546,0,40,2,2,2,1,11,46,6
3308312,0,546,0,40,2,1,2,1,10,34,6
3289018,0,546,0,40,2,3,2,1,38,25,6
3284069,0,546,0,40,2,6,2,1,31,73,6
3307546,0,546,0,40,2,2,2,1,10,35,6
3308263,0,546,0,40,3,1,2,1,9,51,6
3292785,0,546,0,40,2,2,2,1,36,48,6
3297435,0,546,0,40,2,2,2,1,26,31,6
3272716,0,546,0,40,3,3,2,1,79,19,6
3301004,0,546,0,40,2,1,2,1,24,33,6
3280910,0,546,0,40,3,5,2,1,54,48,6
3262021,0,546,0,40,3,5,2,1,73,46,6
3283839,0,546,0,40,2,6,2,1,43,57,6
3275234,0,546,0,40,2,8,2,1,52,76,6
3247835,0,546,0,40,2,11,2,1,84,45,6
3270744,1,546,533,29.5496,3,8,2,1,73,49,6
3266939,0,546,0,40,2,5,2,1,55,65,6
3293238,0,546,0,40,3,2,2,1,29,49,6
3288315,0,546,0,40,3,4,2,1,37,30,6
3304466,0,546,0,40,3,1,2,1,18,100,6
3291794,0,546,0,40,2,4,2,1,27,52,6
3305070,0,546,0,40,3,1,2,1,17,36,6
3288790,0,546,0,40,2,5,2,1,31,96,6
3300439,0,546,0,40,2,2,2,1,19,39,6
3284193,0,546,0,40,3,6,2,1,41,23,6
3294308,0,546,0,40,2,3,2,1,31,79,6
3303792,0,546,0,40,2,2,2,1,17,43,6
3263791,0,546,0,40,3,5,2,1,58,102,6
3276457,0,546,0,40,3,6,2,1,50,26,6
3295145,0,546,0,40,3,3,2,1,23,34,6
3305997,0,546,0,40,2,1,2,1,15,30,6
3306250,0,546,0,40,2,1,2,1,14,27,6
3299393,0,546,0,40,3,2,2,1,18,67,6
3280162,0,546,0,40,3,5,2,1,49,49,6
3286558,0,546,0,40,3,4,2,1,43,96,6
3285375,0,546,0,40,3,6,2,1,32,40,6
3280523,0,546,0,40,2,4,2,1,50,28,6
3284628,0,546,0,40,3,4,2,1,46,56,6
3306372,0,546,0,40,3,1,2,1,13,27,6
3300808,0,546,0,40,2,2,2,1,17,36,6
3286219,0,546,0,40,3,3,2,1,46,39,6
3265056,0,546,0,40,3,7,2,1,47,45,6
3251349,0,546,0,40,3,18,2,1,119,24,6
3307325,0,546,0,40,2,1,2,1,12,31,6
3307923,0,546,0,40,3,1,2,1,12,67,6
3307981,0,546,0,40,2,1,2,1,12,40,6
3297860,0,546,0,40,2,2,2,1,25,44,6
3278641,0,546,0,40,3,7,2,1,51,71,6
3296749,0,546,0,40,3,2,2,1,29,59,6
3284669,0,546,0,40,3,4,2,1,48,48,6
3307984,0,546,0,40,3,1,2,1,11,81,6
3300449,0,546,0,40,2,2,2,1,11,55,6
3299761,0,546,0,40,2,3,2,1,17,31,6
3263344,0,546,0,40,2,8,2,1,42,83,6
3294651,0,546,0,40,3,3,2,1,25,24,6
3254205,0,546,0,40,2,10,2,1,48,31,6
3300951,0,546,0,40,2,3,2,1,12,12,6
3294430,0,546,0,40,2,4,2,1,18,18,6
3286390,0,546,0,40,2,5,2,1,30,64,6
3304559,0,546,0,40,2,2,2,1,10,48,6
3297420,0,546,0,40,3,2,2,1,20,56,6
3294160,0,546,0,40,2,4,2,1,19,58,6
3303867,0,546,0,40,3,2,2,1,15,44,6
3301087,0,546,0,40,3,3,2,1,12,78,6
3306219,0,546,0,40,2,2,2,1,11,55,6
3301307,0,546,0,40,3,3,2,1,15,29,6
3258047,0,546,0,40,3,5,2,1,42,41,6
3283461,0,546,0,40,2,7,2,1,38,38,6
3308716,0,546,0,40,2,1,2,1,9,25,6
3309832,0,546,0,40,3,1,2,1,9,70,6
3285456,0,546,0,40,2,4,2,1,44,55,6
3300357,0,546,0,40,3,1,2,1,26,31,6
3292560,0,546,0,40,2,3,2,1,36,28,6
3296704,0,546,0,40,2,2,2,1,23,57,6
3292292,0,546,0,40,3,4,2,1,34,25,6
3257535,0,546,0,40,2,6,2,1,33,26,6
3304103,0,546,0,40,2,1,2,1,20,54,6
3289495,0,546,0,40,3,4,2,1,33,15,6
3298240,0,546,0,40,3,3,2,1,23,79,6
3267834,0,546,0,40,2,12,2,1,67,36,6
3303660,0,546,0,40,3,1,2,1,19,45,6
3296784,0,546,0,40,3,2,2,1,25,32,6
3291657,0,546,0,40,2,3,2,1,33,79,6
3294617,0,546,0,40,2,3,2,1,25,16,6
3281075,0,546,0,40,3,9,2,1,40,24,6
3288395,0,546,0,40,3,5,2,1,31,32,6
3302909,0,546,0,40,2,2,2,1,17,29,6
3279810,0,546,0,40,2,5,2,1,53,45,6
3281630,0,546,0,40,2,8,2,1,32,27,6
3278842,0,546,0,40,3,7,2,1,38,37,6
3298823,0,546,0,40,3,2,2,1,28,34,6
3284029,0,546,0,40,3,6,2,1,39,34,6
3285434,0,546,0,40,3,4,2,1,37,42,6
3261418,0,546,0,40,2,5,2,1,60,52,6
3264290,0,546,0,40,3,5,2,1,43,21,6
3283913,0,546,0,40,3,6,2,1,42,27,6
3290301,0,546,0,40,3,4,2,1,37,59,6
3253301,0,546,0,40,3,14,2,1,90,29,6
3304251,0,546,0,40,2,2,2,1,14,31,6
3298897,0,546,0,40,3,3,2,1,23,47,6
3274481,0,546,0,40,3,9,2,1,59,40,6
3307971,0,546,0,40,3,1,2,1,13,27,6
3301334,0,546,0,40,3,3,2,1,17,24,6
3280042,0,546,0,40,2,5,2,1,51,83,6
3282281,0,546,0,40,3,6,2,1,36,43,6
3303729,0,546,0,40,3,2,2,1,15,52,6
3287987,0,546,0,40,2,6,2,1,28,95,6
3300459,0,546,0,40,2,2,2,1,22,23,6
3304234,0,546,0,40,2,2,2,1,15,64,6
3265740,0,546,0,40,2,9,2,1,53,98,6
3276464,0,546,0,40,3,9,2,1,62,19,6
3277556,0,546,0,40,2,6,2,1,56,43,6
3307207,0,546,0,40,2,1,2,1,12,34,6
3307784,0,546,0,40,3,1,2,1,12,28,6
3308620,0,546,0,40,2,1,2,1,12,58,6
3282866,0,546,0,40,3,5,2,1,33,30,6
3279239,0,546,0,40,3,6,2,1,43,49,6
3290845,0,546,0,40,3,5,2,1,26,32,6
3267223,0,546,0,40,3,11,2,1,84,50,6
3286317,0,546,0,40,2,5,2,1,29,86,6
3272466,0,546,0,40,3,10,2,1,61,21,6
3308767,0,546,0,40,3,1,2,1,11,73,6
3308895,0,546,0,40,3,1,2,1,11,30,6
3266259,0,546,0,40,3,8,2,1,58,25,6
3277132,0,546,0,40,2,7,2,1,52,18,6
3297048,0,546,0,40,2,3,2,1,19,71,6
3297851,0,546,0,40,2,4,2,1,17,88,6
3301310,0,546,0,40,3,2,2,1,22,17,6
3292105,0,546,0,40,3,5,2,1,25,76,6
3290810,0,546,0,40,3,4,2,1,33,40,6
3272212,0,546,0,40,2,7,2,1,53,36,6
3309354,0,546,0,40,2,1,2,1,10,67,6
3309588,0,546,0,40,3,1,2,1,10,48,6
3261900,0,546,0,40,2,7,2,1,41,65,6
3304224,0,546,0,40,3,2,2,1,11,43,6
3264747,0,546,0,40,3,8,2,1,53,16,6
3277489,0,546,0,40,2,7,2,1,47,70,6
3259945,0,546,0,40,2,7,2,1,55,25,6
3304456,0,546,0,40,2,2,2,1,14,25,6
3285347,0,546,0,40,2,6,2,1,35,27,6
3304436,0,546,0,40,2,2,2,1,15,46,6
3297450,0,546,0,40,2,4,2,1,20,28,6
3306371,0,546,0,40,3,2,2,1,13,42,6
3307265,0,546,0,40,3,2,2,1,11,20,6
3290484,0,546,0,40,2,7,2,1,22,29,6
3310291,0,546,0,40,3,1,2,1,9,69,6
3310401,0,546,0,40,3,1,2,1,9,26,6
3276861,0,546,0,40,3,6,2,1,59,26,6
3286204,0,546,0,40,3,4,2,1,44,45,6
3300292,0,546,0,40,2,1,2,1,28,66,6
3268423,0,546,0,40,2,10,2,1,70,31,6
3283829,0,546,0,40,3,5,2,1,45,59,6
3294647,0,546,0,40,2,2,2,1,28,60,6
3278667,0,546,0,40,3,5,2,1,53,27,6
3265237,0,546,0,40,3,5,2,1,55,63,6
3298315,0,546,0,40,2,3,2,1,28,46,6
3298810,0,546,0,40,3,2,2,1,26,38,6
3280054,0,546,0,40,2,5,2,1,54,47,6
3291739,0,546,0,40,3,2,2,1,38,47,6
3287056,0,546,0,40,2,5,2,1,35,23,6
3267226,0,546,0,40,2,5,2,1,48,54,6
3275619,0,546,0,40,3,7,2,1,64,70,6
3296104,0,546,0,40,2,3,2,1,28,41,6
3302738,0,546,0,40,3,1,2,1,19,19,6
3305098,0,546,0,40,3,1,2,1,19,60,6
3290392,0,546,0,40,3,3,2,1,33,88,6
3288679,0,546,0,40,2,5,2,1,31,45,6
3293395,0,546,0,40,3,4,2,1,24,80,6
3288155,0,546,0,40,3,3,2,1,42,71,6
3296766,0,546,0,40,2,3,2,1,22,12,6
3296779,0,546,0,40,3,3,2,1,23,28,6
3276034,0,546,0,40,2,7,2,1,44,40,6
3301911,0,546,0,40,2,2,2,1,19,67,6
3302626,0,546,0,40,3,2,2,1,18,54,6
3273396,0,546,0,40,3,7,2,1,65,46,6
3305529,0,546,0,40,3,1,2,1,16,88,6
3306879,0,546,0,40,3,1,2,1,16,51,6
3302544,0,546,0,40,3,2,2,1,16,28,6
3291555,0,546,0,40,3,4,2,1,27,27,6
3275504,0,546,0,40,2,9,2,1,49,18,6
3295799,0,546,0,40,2,3,2,1,27,29,6
3291798,0,546,0,40,3,2,2,1,43,25,6
3271285,0,546,0,40,2,8,2,1,74,64,6
3294336,0,546,0,40,3,3,2,1,32,37,6
3265937,0,546,0,40,2,6,2,1,28,35,6
3270574,0,546,0,40,2,9,2,1,57,31,6
3269908,0,546,0,40,3,10,2,1,82,38,6
3290157,0,546,0,40,3,4,2,1,29,36,6
3303243,0,546,0,40,2,3,2,1,16,86,6
3307185,0,546,0,40,2,1,2,1,14,74,6
3308075,0,546,0,40,2,1,2,1,14,29,6
3300359,0,546,0,40,3,2,2,1,18,34,6
3270103,0,546,0,40,2,10,2,1,74,107,6
3250847,0,546,0,40,2,11,2,1,82,31,6
3291413,0,546,0,40,2,4,2,1,33,67,6
3287201,0,546,0,40,2,6,2,1,41,49,6
3279992,0,546,0,40,2,8,2,1,52,32,6
3266368,0,546,0,40,3,4,2,1,44,70,6
3283987,0,546,0,40,3,6,2,1,37,35,6
3276254,0,546,0,40,3,4,2,1,69,41,6
3308210,0,546,0,40,3,1,2,1,13,25,6
3280008,0,546,0,40,3,8,2,1,49,17,6
3271334,0,546,0,40,2,9,2,1,62,32,6
3294155,0,546,0,40,3,3,2,1,22,38,6
3304290,0,546,0,40,3,2,2,1,14,32,6
3285006,0,546,0,40,2,5,2,1,38,37,6
3285333,0,546,0,40,3,4,2,1,46,32,6
3277444,0,546,0,40,2,9,2,1,49,33,6
3307838,0,546,0,40,2,1,2,1,12,32,6
3307886,0,546,0,40,2,1,2,1,12,40,6
3308875,0,546,0,40,2,1,2,1,12,38,6
3278911,0,546,0,40,3,8,2,1,42,28,6
3294387,0,546,0,40,2,3,2,1,25,38,6
3297598,0,546,0,40,3,4,2,1,20,45,6
3302820,0,546,0,40,2,2,2,1,16,20,6
3269052,0,546,0,40,2,11,2,1,57,32,6
3306089,0,546,0,40,3,2,2,1,13,81,6
3305569,0,546,0,40,2,2,2,1,13,66,6
3263309,0,546,0,40,3,8,2,1,60,62,6
3291918,0,546,0,40,2,4,2,1,40,59,6
3306474,0,546,0,40,3,1,2,1,11,44,6
3308177,0,546,0,40,2,1,2,1,11,57,6
3309770,0,546,0,40,2,1,2,1,11,43,6
3309830,0,546,0,40,3,1,2,1,11,15,6
3263249,0,546,0,40,2,6,2,1,42,29,6
3274246,0,546,0,40,2,8,2,1,55,73,6
3293157,0,546,0,40,2,3,2,1,30,17,6
3281338,0,546,0,40,2,6,2,1,48,41,6
3303013,0,546,0,40,2,2,2,1,17,69,6
3268839,0,546,0,40,2,12,2,1,74,55,6
3293876,0,546,0,40,3,3,2,1,24,72,6
3284265,0,546,0,40,3,7,2,1,34,12,6
3307374,0,546,0,40,2,2,2,1,11,46,6
3297142,0,546,0,40,3,3,2,1,25,25,6
3297019,0,546,0,40,3,4,2,1,22,40,6
3273357,0,546,0,40,3,10,2,1,44,51,6
3273353,0,546,0,40,2,9,2,1,55,27,6
3307810,1,546,532,36.3442,2,2,2,1,11,37,6
3307734,0,546,0,40,3,1,2,1,10,41,6
3310329,0,546,0,40,3,1,2,1,10,48,6
3310371,0,546,0,40,2,1,2,1,10,75,6
3278277,1,546,513,40,2,6,2,1,41,46,6
3216786,0,546,0,40,3,16,2,1,96,48,6
3301062,0,546,0,40,2,2,2,1,19,64,6
3272569,0,546,0,40,2,7,2,1,68,51,6
3306065,0,546,0,40,3,2,2,1,10,34,6
3264619,0,546,0,40,3,5,2,1,34,18,6
3262317,0,546,0,40,3,10,2,1,71,24,6
3288445,0,546,0,40,2,6,2,1,32,27,6
3288520,0,546,0,40,2,5,2,1,24,82,6
3299657,0,546,0,40,3,3,2,1,18,47,6
3278137,0,546,0,40,3,7,2,1,43,49,6
3291623,0,546,0,40,2,4,2,1,35,81,6
3291270,0,546,0,40,2,5,2,1,23,30,6
3298472,0,546,0,40,2,4,2,1,14,26,6
3304307,0,546,0,40,3,3,2,1,14,10,6
3298718,0,546,0,40,2,4,2,1,23,47,6
3267170,0,546,0,40,3,7,2,1,51,26,6
3308762,0,546,0,40,3,1,2,1,9,50,6
3310550,0,546,0,40,2,1,2,1,9,88,6
3310892,0,546,0,40,2,1,2,1,9,10,6
3278290,0,546,0,40,3,4,2,1,52,106,6
3276750,0,546,0,40,2,6,2,1,47,33,6
3300003,0,546,0,40,2,1,2,1,25,12,6
3302327,0,546,0,40,2,1,2,1,24,28,6
3290272,0,546,0,40,3,4,2,1,38,32,6
3282231,0,546,0,40,2,6,2,1,44,54,6
3274286,0,546,0,40,2,5,2,1,56,38,6
3298647,0,546,0,40,3,2,2,1,24,104,6
3301096,0,546,0,40,2,2,2,1,23,38,6
3266809,0,546,0,40,3,8,2,1,99,41,6
3285753,0,546,0,40,3,5,2,1,41,57,6
3279124,0,546,0,40,2,7,2,1,51,51,6
3293118,0,546,0,40,3,2,2,1,37,49,6
3284026,0,546,0,40,2,6,2,1,38,60,6
3265957,0,546,0,40,2,7,2,1,42,34,6
3296351,0,546,0,40,2,3,2,1,24,27,6
3289783,0,546,0,40,2,4,2,1,32,63,6
3295898,0,546,0,40,2,4,2,1,27,59,6
3292148,0,546,0,40,2,3,2,1,31,120,6
3296148,0,546,0,40,3,2,2,1,31,61,6
3276972,0,546,0,40,3,9,2,1,46,84,6
3294583,0,546,0,40,2,3,2,1,32,30,6
3306431,0,546,0,40,3,1,2,1,17,84,6
3287143,0,546,0,40,3,6,2,1,31,70,6
3299182,0,546,0,40,3,2,2,1,20,48,6
3277296,0,546,0,40,2,6,2,1,60,60,6
3269798,0,546,0,40,2,10,2,1,56,22,6
3306940,0,546,0,40,2,1,2,1,16,27,6
3296143,0,546,0,40,2,3,2,1,21,56,6
3289311,0,546,0,40,2,6,2,1,33,35,6
3288807,0,546,0,40,3,5,2,1,35,31,6
3297667,0,546,0,40,2,3,2,1,22,37,6
3273931,0,546,0,40,2,7,2,1,68,20,6
3307373,0,546,0,40,2,1,2,1,15,39,6
3279520,0,546,0,40,3,7,2,1,44,57,6
3299040,0,546,0,40,2,2,2,1,21,56,6
3265749,0,546,0,40,2,6,2,1,44,74,6
3288616,0,546,0,40,2,5,2,1,34,55,6
3246767,0,546,0,40,2,11,2,1,90,44,6
3276615,0,546,0,40,2,6,2,1,63,16,6
3286531,0,546,0,40,3,5,2,1,41,25,6
3262524,0,546,0,40,3,10,2,1,77,25,6
3268073,0,546,0,40,2,10,2,1,83,35,6
3303083,0,546,0,40,2,2,2,1,16,38,6
3300017,0,546,0,40,2,3,2,1,19,45,6
3295283,0,546,0,40,3,3,2,1,28,60,6
3301715,0,546,0,40,3,2,2,1,18,37,6
3295504,0,546,0,40,3,4,2,1,21,47,6
3297041,0,546,0,40,3,3,2,1,27,50,6
3290859,0,546,0,40,3,4,2,1,35,52,6
3297906,0,546,0,40,3,3,2,1,19,43,6
3286042,0,546,0,40,3,4,2,1,40,17,6
3298797,0,546,0,40,3,4,2,1,23,26,6
3270275,0,546,0,40,2,10,2,1,70,28,6
3308467,0,546,0,40,3,1,2,1,13,16,6
3308787,0,546,0,40,2,1,2,1,13,78,6
3308869,0,546,0,40,3,1,2,1,13,61,6
3284212,0,546,0,40,3,6,2,1,32,29,6
3299791,0,546,0,40,2,2,2,1,22,69,6
3302769,0,546,0,40,3,2,2,1,17,27,6
3298719,0,546,0,40,3,3,2,1,22,24,6
3281584,0,546,0,40,2,5,2,1,54,49,6
3283547,0,546,0,40,3,6,2,1,38,66,6
3298520,0,546,0,40,2,4,2,1,23,70,6
3263544,0,546,0,40,3,8,2,1,59,91,6
3298860,0,546,0,40,2,2,2,1,27,44,6
3285116,0,546,0,40,3,7,2,1,40,48,6
3287276,0,546,0,40,2,4,2,1,39,40,6
3305789,0,546,0,40,3,2,2,1,13,100,6
3299089,0,546,0,40,2,3,2,1,26,29,6
3309290,0,546,0,40,3,1,2,1,12,69,6
3267467,0,546,0,40,3,4,2,1,29,39,6
3301775,0,546,0,40,3,2,2,1,18,30,6
3304746,0,546,0,40,3,2,2,1,16,52,6
3291784,0,546,0,40,2,4,2,1,27,68,6
3270390,0,546,0,40,2,13,2,1,57,63,6
3274876,0,546,0,40,2,8,2,1,41,67,6
3261314,0,546,0,40,3,6,2,1,37,80,6
3287395,0,546,0,40,3,4,2,1,38,19,6
3298197,0,546,0,40,3,3,2,1,19,47,6
3291419,0,546,0,40,3,4,2,1,38,44,6
3274960,0,546,0,40,3,7,2,1,48,25,6
3305181,0,546,0,40,3,2,2,1,14,36,6
3298517,0,546,0,40,3,3,2,1,23,30,6
3300732,0,546,0,40,3,4,2,1,14,57,6
3299088,0,546,0,40,3,4,2,1,22,23,6
3309158,0,546,0,40,2,1,2,1,11,70,6
3309771,0,546,0,40,2,1,2,1,11,53,6
3310043,0,546,0,40,3,1,2,1,11,16,6
3267193,0,546,0,40,2,10,2,1,44,43,6
3287581,0,546,0,40,3,5,2,1,32,36,6
3265310,0,546,0,40,3,8,2,1,46,80,6
3275629,0,546,0,40,2,12,2,1,39,53,6
3303209,0,546,0,40,2,2,2,1,18,76,6
3270583,0,546,0,40,2,11,2,1,68,34,6
3289526,0,546,0,40,2,4,2,1,39,66,6
3266045,0,546,0,40,2,9,2,1,51,37,6
3297532,0,546,0,40,2,3,2,1,24,74,6
3307671,0,546,0,40,3,2,2,1,11,11,6
3263851,0,546,0,40,2,8,2,1,70,91,6
3280317,0,546,0,40,2,8,2,1,46,38,6
3281531,0,546,0,40,2,6,2,1,44,77,6
3287680,0,546,0,40,2,5,2,1,35,37,6
3287524,0,546,0,40,2,5,2,1,33,20,6
3285245,0,546,0,40,2,6,2,1,35,53,6
3291846,0,546,0,40,3,5,2,1,28,40,6
3298655,0,546,0,40,3,4,2,1,22,38,6
3309621,0,546,0,40,3,1,2,1,10,59,6
3310496,0,546,0,40,2,1,2,1,10,37,6
3310804,0,546,0,40,3,1,2,1,10,41,6
3311036,0,546,0,40,3,1,2,1,10,25,6
3282817,0,546,0,40,3,6,2,1,37,24,6
3301082,0,546,0,40,3,3,2,1,15,47,6
3298908,0,546,0,40,2,3,2,1,19,77,6
3307278,0,546,0,40,3,2,2,1,11,57,6
3263535,0,546,0,40,2,10,2,1,50,55,6
3296144,0,546,0,40,2,3,2,1,25,64,6
3294192,0,546,0,40,2,4,2,1,24,48,6
3279279,0,546,0,40,2,8,2,1,42,35,6
3306045,0,546,0,40,3,3,2,1,12,36,6
3310553,0,546,0,40,2,1,2,1,9,31,6
3310981,0,546,0,40,3,1,2,1,9,45,6
3311318,0,546,0,40,2,1,2,1,9,35,6
3311460,0,546,0,40,3,1,2,1,9,108,6
3276759,0,546,0,40,2,3,2,1,71,26,6
3298891,0,546,0,40,2,1,2,1,32,49,6
3290090,0,546,0,40,3,4,2,1,38,16,6
3288740,0,546,0,40,2,3,2,1,39,66,6
3285754,0,546,0,40,2,5,2,1,38,46,6
3297395,0,546,0,40,3,3,2,1,29,43,6
3288554,0,546,0,40,2,5,2,1,33,51,6
3259763,0,546,0,40,2,7,2,1,43,49,6
3291850,0,546,0,40,2,4,2,1,33,67,6
3285691,0,546,0,40,2,5,2,1,41,29,6
3304375,0,546,0,40,2,1,2,1,21,77,6
3266148,0,546,0,40,3,8,2,1,70,32,6
3291702,0,546,0,40,2,3,2,1,35,47,6
3275695,0,546,0,40,2,7,2,1,59,49,6
3301682,0,546,0,40,2,2,2,1,23,47,6
3266589,0,546,0,40,3,5,2,1,42,8,6
3280435,0,546,0,40,2,5,2,1,45,30,6
3300796,0,546,0,40,2,2,2,1,25,35,6
3306249,0,546,0,40,3,1,2,1,19,34,6
3301947,0,546,0,40,2,2,2,1,19,20,6
3265261,0,546,0,40,3,3,2,1,47,48,6
3290426,0,546,0,40,2,5,2,1,36,11,6
3287033,0,546,0,40,3,4,2,1,34,17,6
3249310,0,546,0,40,2,8,2,1,81,31,6
3289659,0,546,0,40,3,6,2,1,38,38,6
3302145,0,546,0,40,2,2,2,1,20,47,6
3301781,0,546,0,40,3,3,2,1,24,69,6
3285271,0,546,0,40,2,4,2,1,50,31,6
3282000,0,546,0,40,2,4,2,1,59,35,6
3286029,0,546,0,40,2,7,2,1,35,21,6
3307693,0,546,0,40,3,1,2,1,16,37,6
3295158,0,546,0,40,3,5,2,1,23,23,6
3294047,1,546,537,39.2496,2,4,2,1,27,79,6
3302196,0,546,0,40,3,3,2,1,17,40,6
3303805,0,546,0,40,2,2,2,1,19,64,6
3238762,0,546,0,40,3,15,2,1,73,23,6
3302603,0,546,0,40,2,2,2,1,23,36,6
3307908,0,546,0,40,3,1,2,1,15,31,6
3267907,0,546,0,40,2,7,2,1,85,37,6
3296925,0,546,0,40,3,4,2,1,26,27,6
3285847,0,546,0,40,2,6,2,1,38,52,6
3292792,0,546,0,40,3,3,2,1,31,67,6
3306199,0,546,0,40,3,2,2,1,16,14,6
3270347,0,546,0,40,3,9,2,1,67,21,6
3298326,0,546,0,40,3,2,2,1,17,58,6
3285812,0,546,0,40,2,5,2,1,33,35,6
3299839,0,546,0,40,2,3,2,1,18,32,6
3272287,0,546,0,40,3,9,2,1,64,54,6
3279526,0,546,0,40,3,7,2,1,47,58,6
3296049,1,546,537,22.9782,3,4,2,1,27,55,6
3226367,0,546,0,40,3,16,2,1,117,53,6
3293098,1,546,537,23.8755,3,4,2,1,26,22,6
3298694,0,546,0,40,2,3,2,1,27,25,6
3308521,0,546,0,40,3,1,2,1,13,51,6
3308728,0,546,0,40,2,1,2,1,13,50,6
3291241,0,546,0,40,3,4,2,1,26,56,6
3301789,0,546,0,40,2,2,2,1,20,35,6
3307709,0,546,0,40,3,2,2,1,13,59,6
3305889,0,546,0,40,2,2,2,1,16,20,6
3306509,0,546,0,40,2,2,2,1,17,70,6
3308086,0,546,0,40,2,1,2,1,12,27,6
3309471,0,546,0,40,2,1,2,1,12,49,6
3282432,0,546,0,40,3,4,2,1,50,16,6
3294745,0,546,0,40,3,4,2,1,22,76,6
3288005,0,546,0,40,2,5,2,1,39,96,6
3287204,0,546,0,40,3,5,2,1,31,28,6
3274667,0,546,0,40,2,5,2,1,68,28,6
3297103,0,546,0,40,2,4,2,1,18,71,6
3296551,0,546,0,40,3,5,2,1,25,45,6
3300127,0,546,0,40,2,3,2,1,21,40,6
3291140,0,546,0,40,3,3,2,1,43,32,6
3290273,0,546,0,40,2,5,2,1,36,34,6
3260898,0,546,0,40,3,10,2,1,73,26,6
3309886,0,546,0,40,3,1,2,1,11,43,6
3310222,0,546,0,40,3,1,2,1,11,21,6
3310866,0,546,0,40,3,1,2,1,11,38,6
3310978,0,546,0,40,2,1,2,1,11,19,6
3305194,0,546,0,40,2,2,2,1,12,36,6
3301742,0,546,0,40,3,3,2,1,15,12,6
3271167,0,546,0,40,2,9,2,1,68,73,6
3296518,0,546,0,40,3,4,2,1,23,38,6
3286649,0,546,0,40,2,6,2,1,36,30,6
3267409,0,546,0,40,2,5,2,1,57,51,6
3302838,0,546,0,40,3,2,2,1,20,48,6
3296235,0,546,0,40,3,4,2,1,20,28,6
3297973,0,546,0,40,2,5,2,1,20,35,6
3286308,0,546,0,40,3,6,2,1,43,41,6
3290297,0,546,0,40,3,5,2,1,36,40,6
3305087,0,546,0,40,3,2,2,1,19,49,6
3285426,0,546,0,40,2,5,2,1,35,50,6
3299435,0,546,0,40,3,3,2,1,24,104,6
3310244,0,546,0,40,3,1,2,1,10,61,6
3310605,0,546,0,40,2,1,2,1,10,81,6
3260145,0,546,0,40,3,10,2,1,58,45,6
3286216,0,546,0,40,2,5,2,1,36,55,6
3277755,0,546,0,40,3,7,2,1,44,33,6
3272645,0,546,0,40,3,8,2,1,49,44,6
3286334,0,546,0,40,3,7,2,1,37,7,6
3301243,0,546,0,40,3,2,2,1,21,25,6
3270249,0,546,0,40,2,10,2,1,66,62,6
3284260,0,546,0,40,2,6,2,1,47,18,6
3276948,0,546,0,40,2,7,2,1,58,86,6
3302077,0,546,0,40,3,3,2,1,16,94,6
3278055,0,546,0,40,3,8,2,1,50,55,6
3303141,0,546,0,40,2,3,2,1,19,44,6
3296670,0,546,0,40,3,4,2,1,24,42,6
3309446,0,546,0,40,3,2,2,1,11,48,6
3294024,0,546,0,40,2,4,2,1,33,20,6
3309313,0,546,0,40,2,1,2,1,9,108,6
3310583,0,546,0,40,3,1,2,1,9,28,6
3311319,0,546,0,40,3,1,2,1,9,23,6
3311806,0,546,0,40,2,1,2,1,9,37,6
3311918,0,546,0,40,2,1,2,1,9,34,6
3312060,0,546,0,40,3,1,2,1,9,47,6
3289610,0,546,0,40,3,2,2,1,44,24,6
3278218,0,546,0,40,2,4,2,1,71,22,6
3293829,0,546,0,40,2,2,2,1,41,47,6
3296244,0,546,0,40,3,2,2,1,28,44,6
3301673,0,546,0,40,2,1,2,1,27,47,6
3270202,0,546,0,40,3,10,2,1,58,21,6
3293201,0,546,0,40,2,3,2,1,36,38,6
3266791,0,546,0,40,2,4,2,1,35,26,6
3294370,0,546,0,40,3,3,2,1,32,28,6
3300188,0,546,0,40,3,2,2,1,22,56,6
3275326,0,546,0,40,3,10,2,1,54,10,6
3276290,0,546,0,40,3,7,2,1,60,35,6
3291763,0,546,0,40,2,5,2,1,35,44,6
3297347,0,546,0,40,2,3,2,1,29,35,6
3285504,0,546,0,40,2,6,2,1,46,34,6
3306968,0,546,0,40,2,1,2,1,18,63,6
3297932,0,546,0,40,3,4,2,1,25,63,6
3300445,0,546,0,40,3,3,2,1,25,27,6
3264243,0,546,0,40,2,12,2,1,77,60,6
3304391,1,546,538,20.4185,3,2,2,1,17,35,6
3267954,0,546,0,40,3,6,2,1,64,86,6
3295740,0,546,0,40,3,3,2,1,33,55,6
3307672,0,546,0,40,2,1,2,1,16,19,6
3298612,0,546,0,40,2,3,2,1,22,42,6
3282092,0,546,0,40,3,6,2,1,45,41,6
3258900,0,546,0,40,3,14,2,1,77,24,6
3277103,0,546,0,40,3,6,2,1,56,31,6
3270749,0,546,0,40,2,8,2,1,77,71,6
3261153,0,546,0,40,3,10,2,1,42,23,6
3286867,0,546,0,40,2,5,2,1,45,18,6
3300221,0,546,0,40,3,3,2,1,22,36,6
3305712,0,546,0,40,3,2,2,1,18,49,6
3308473,0,546,0,40,3,1,2,1,14,38,6
3266598,0,546,0,40,3,7,2,1,44,49,6
3287231,0,546,0,40,2,4,2,1,40,36,6
3305775,0,546,0,40,3,2,2,1,16,59,6
3308437,0,546,0,40,2,1,2,1,13,42,6
3310397,0,546,0,40,2,1,2,1,13,21,6
3289772,0,546,0,40,3,4,2,1,34,21,6
3296610,0,546,0,40,2,4,2,1,22,28,6
3289674,0,546,0,40,2,5,2,1,32,76,6
3301773,0,546,0,40,2,3,2,1,16,35,6
3284547,0,546,0,40,3,3,2,1,54,56,6
3296904,0,546,0,40,2,3,2,1,24,42,6
3283716,0,546,0,40,3,8,2,1,41,20,6
3308069,0,546,0,40,3,2,2,1,14,24,6
3304755,0,546,0,40,2,3,2,1,14,51,6
3250400,0,546,0,40,3,11,2,1,54,67,6
3277113,0,546,0,40,2,9,2,1,42,24,6
3298522,0,546,0,40,2,3,2,1,17,127,6
3290590,0,546,0,40,2,4,2,1,32,18,6
3287841,0,546,0,40,3,5,2,1,33,73,6
3274988,0,546,0,40,2,6,2,1,64,67,6
3301694,0,546,0,40,2,3,2,1,15,44,6
3277953,0,546,0,40,3,6,2,1,47,17,6
3295327,0,546,0,40,2,4,2,1,28,34,6
3264199,0,546,0,40,3,6,2,1,43,54,6
3268049,0,546,0,40,3,10,2,1,84,24,6
3288284,0,546,0,40,2,6,2,1,28,44,6
3284664,0,546,0,40,2,5,2,1,32,25,6
3307817,0,546,0,40,2,2,2,1,14,41,6
3292143,0,546,0,40,2,5,2,1,23,76,6
3187848,0,546,0,40,3,27,2,1,172,42,6
3311344,0,546,0,40,2,1,2,1,11,61,6
3311392,0,546,0,40,3,1,2,1,11,32,6
3311470,0,546,0,40,3,1,2,1,11,32,6
3303433,0,546,0,40,2,2,2,1,15,20,6
3277799,0,546,0,40,3,5,2,1,53,35,6
3286858,0,546,0,40,3,6,2,1,27,50,6
3288975,0,546,0,40,3,5,2,1,28,64,6
3277540,0,546,0,40,2,7,2,1,61,32,6
3270205,0,546,0,40,3,11,2,1,66,84,6
3293164,0,546,0,40,2,6,2,1,20,73,6
3282447,0,546,0,40,2,4,2,1,51,7,6
3303732,0,546,0,40,3,3,2,1,18,57,6
3240216,0,546,0,40,2,16,2,1,89,31,6
3282502,0,546,0,40,2,5,2,1,42,140,6
3306220,0,546,0,40,2,2,2,1,16,75,6
3256574,0,546,0,40,3,7,2,1,45,49,6
3311922,0,546,0,40,2,1,2,1,10,78,6
3311968,0,546,0,40,3,1,2,1,10,74,6
3278709,0,546,0,40,2,8,2,1,38,27,6
3270606,0,546,0,40,2,9,2,1,74,38,6
3267570,0,546,0,40,2,13,2,1,55,51,6
3303712,0,546,0,40,3,2,2,1,16,33,6
3284138,0,546,0,40,3,5,2,1,46,33,6
3291708,0,546,0,40,3,5,2,1,32,41,6
3301265,0,546,0,40,3,2,2,1,24,83,6
3301973,0,546,0,40,3,2,2,1,23,56,6
3307306,0,546,0,40,3,2,2,1,14,45,6
3265613,0,546,0,40,3,10,2,1,66,35,6
3306075,0,546,0,40,2,2,2,1,17,63,6
3280225,0,546,0,40,2,6,2,1,59,35,6
3302022,0,546,0,40,3,2,2,1,26,46,6
3305227,0,546,0,40,3,2,2,1,19,26,6
3307912,0,546,0,40,3,2,2,1,14,30,6
3257519,0,546,0,40,3,11,2,1,108,49,6
3264827,0,546,0,40,3,7,2,1,35,41,6
3300402,0,546,0,40,2,4,2,1,18,28,6
3311145,0,546,0,40,2,1,2,1,9,48,6
3311789,0,546,0,40,2,1,2,1,9,58,6
3312658,0,546,0,40,3,1,2,1,9,63,6
3284882,0,546,0,40,2,3,2,1,56,42,6
3273316,0,546,0,40,2,9,2,1,60,79,6
3303030,0,546,0,40,2,1,2,1,25,49,6
3289404,0,546,0,40,3,3,2,1,42,52,6
3306195,0,546,0,40,2,1,2,1,21,19,6
3281566,0,546,0,40,2,6,2,1,50,86,6
3290582,0,546,0,40,3,4,2,1,29,45,6
3268072,0,546,0,40,3,9,2,1,92,84,6
3293236,0,546,0,40,3,4,2,1,36,47,6
3300608,0,546,0,40,2,2,2,1,27,78,6
3306409,0,546,0,40,3,2,2,1,18,46,6
3296113,0,546,0,40,3,3,2,1,34,25,6
3276293,0,546,0,40,2,7,2,1,57,78,6
3304955,0,546,0,40,3,2,2,1,21,31,6
3289415,0,546,0,40,3,5,2,1,34,28,6
3306748,1,546,531,26.017,3,2,2,1,18,43,6
3304033,0,546,0,40,3,2,2,1,21,13,6
3267225,0,546,0,40,2,5,2,1,48,55,6
3279758,0,546,0,40,3,6,2,1,52,28,6
3262959,0,546,0,40,2,8,2,1,44,64,6
3283661,0,546,0,40,2,6,2,1,51,56,6
3297680,0,546,0,40,2,2,2,1,22,54,6
3291317,0,546,0,40,2,3,2,1,39,58,6
3268054,0,546,0,40,2,10,2,1,93,45,6
3292698,0,546,0,40,3,5,2,1,25,78,6
3288338,0,546,0,40,2,6,2,1,41,82,6
3310509,0,546,0,40,2,1,2,1,12,31,6
3272203,0,546,0,40,2,11,2,1,59,18,6
3273630,0,546,0,40,3,8,2,1,52,49,6
3284846,1,546,533,27.1393,3,5,2,1,47,36,6
3307630,0,546,0,40,3,2,2,1,14,44,6
3312022,0,546,0,40,2,1,2,1,11,24,6
3291864,1,546,539,20.1152,3,3,2,1,29,72,6
3305950,0,546,0,40,2,2,2,1,12,125,6
3262793,0,546,0,40,3,7,2,1,43,62,6
3304722,0,546,0,40,2,3,2,1,16,46,6
3301834,0,546,0,40,2,3,2,1,24,57,6
3299500,0,546,0,40,2,4,2,1,21,48,6
3264494,0,546,0,40,2,8,2,1,47,33,6
3310995,0,546,0,40,3,1,2,1,10,78,6
3267967,0,546,0,40,3,8,2,1,71,84,6
3303438,0,546,0,40,2,2,2,1,16,19,6
3262915,0,546,0,40,2,9,2,1,45,68,6
3304272,0,546,0,40,2,2,2,1,20,22,6
3292288,0,546,0,40,2,5,2,1,32,22,6
3282925,0,546,0,40,3,4,2,1,53,37,6
3307084,0,546,0,40,2,2,2,1,16,33,6
3313367,0,546,0,40,2,1,2,1,9,57,6
3284476,0,546,0,40,2,7,2,1,40,32,6
3306349,0,546,0,40,2,1,2,1,22,37,6
3297666,0,546,0,40,2,3,2,1,24,65,6
3296486,0,546,0,40,3,4,2,1,28,37,6
3289309,0,546,0,40,2,5,2,1,39,62,6
3283290,0,546,0,40,3,6,2,1,38,48,6
3309074,0,546,0,40,3,1,2,1,12,39,6
3311872,0,546,0,40,2,1,2,1,12,41,6
3274571,0,546,0,40,3,10,2,1,49,25,6
3302391,0,546,0,40,2,3,2,1,18,28,6
3291039,0,546,0,40,2,6,2,1,28,16,6
3290681,0,546,0,40,3,5,2,1,35,19,6
3263900,0,546,0,40,2,7,2,1,41,49,6
3310424,0,546,0,40,2,0,2,1,8,46,6
3310939,0,546,0,40,3,0,2,1,8,48,6
3311739,0,546,0,40,2,0,2,1,8,34,6
3311835,0,546,0,40,3,0,2,1,8,62,6
3311931,0,546,0,40,3,0,2,1,8,45,6
3312043,0,546,0,40,3,0,2,1,8,31,6
3312139,0,546,0,40,3,0,2,1,8,25,6
3312293,0,546,0,40,2,0,2,1,8,100,6
3312325,0,546,0,40,3,0,2,1,8,95,6
3312429,0,546,0,40,3,0,2,1,8,13,6
3312461,0,546,0,40,3,0,2,1,8,63,6
3312509,0,546,0,40,2,0,2,1,8,23,6
3312541,0,546,0,40,3,0,2,1,8,15,6
3312685,0,546,0,40,2,0,2,1,8,22,6
3312733,0,546,0,40,3,0,2,1,8,57,6
3312813,0,546,0,40,3,0,2,1,8,46,6
3312882,0,546,0,40,2,0,2,1,8,43,6
3312906,0,546,0,40,2,0,2,1,8,97,6
3312954,0,546,0,40,3,0,2,1,8,79,6
3312970,0,546,0,40,2,0,2,1,8,56,6
3312994,0,546,0,40,2,0,2,1,8,75,6
3313002,0,546,0,40,3,0,2,1,8,26,6
3313034,0,546,0,40,2,0,2,1,8,52,6
3313042,0,546,0,40,3,0,2,1,8,17,6
3313050,0,546,0,40,3,0,2,1,8,51,6
3313074,0,546,0,40,3,0,2,1,8,62,6
3313098,0,546,0,40,2,0,2,1,8,50,6
3313114,0,546,0,40,3,0,2,1,8,71,6
3313146,0,546,0,40,3,0,2,1,8,38,6
3313154,0,546,0,40,2,0,2,1,8,36,6
3313194,0,546,0,40,2,0,2,1,8,36,6
3313250,0,546,0,40,2,0,2,1,8,66,6
3313258,0,546,0,40,3,0,2,1,8,29,6
3313298,0,546,0,40,2,0,2,1,8,5,6
3313306,0,546,0,40,3,0,2,1,8,54,6
3313322,0,546,0,40,3,0,2,1,8,64,6
3313330,0,546,0,40,2,0,2,1,8,23,6
3313386,0,546,0,40,2,0,2,1,8,28,6
3313434,0,546,0,40,2,0,2,1,8,58,6
3313458,0,546,0,40,3,0,2,1,8,26,6
3313491,0,546,0,40,3,0,2,1,8,11,6
3313499,0,546,0,40,3,0,2,1,8,52,6
3313503,0,546,0,40,2,0,2,1,8,24,6
3313519,0,546,0,40,3,0,2,1,8,40,6
3313535,0,546,0,40,3,0,2,1,8,44,6
3313555,0,546,0,40,3,0,2,1,8,30,6
3313567,0,546,0,40,3,0,2,1,8,29,6
3313575,0,546,0,40,3,0,2,1,8,43,6
3313591,0,546,0,40,3,0,2,1,8,27,6
3313595,0,546,0,40,2,0,2,1,8,25,6
3313603,0,546,0,40,3,0,2,1,8,14,6
3313611,0,546,0,40,2,0,2,1,8,46,6
3313615,0,546,0,40,2,0,2,1,8,73,6
3313619,0,546,0,40,2,0,2,1,8,76,6
3313635,0,546,0,40,2,0,2,1,8,22,6
3313659,0,546,0,40,2,0,2,1,8,31,6
3313663,0,546,0,40,2,0,2,1,8,32,6
3313675,0,546,0,40,2,0,2,1,8,29,6
3313679,0,546,0,40,3,0,2,1,8,41,6
3313695,0,546,0,40,3,0,2,1,8,84,6
3313703,0,546,0,40,3,0,2,1,8,25,6
3313711,0,546,0,40,2,0,2,1,8,59,6
3313715,0,546,0,40,3,0,2,1,8,61,6
3313751,0,546,0,40,3,0,2,1,8,52,6
3313755,0,546,0,40,2,0,2,1,8,42,6
3313759,0,546,0,40,2,0,2,1,8,52,6
3313767,0,546,0,40,3,0,2,1,8,29,6
3313779,0,546,0,40,2,0,2,1,8,30,6
3313787,0,546,0,40,2,0,2,1,8,29,6
3313791,0,546,0,40,3,0,2,1,8,47,6
3313795,0,546,0,40,3,0,2,1,8,41,6
3313807,0,546,0,40,2,0,2,1,8,48,6
3313823,0,546,0,40,3,0,2,1,8,33,6
3313827,0,546,0,40,2,0,2,1,8,54,6
3313835,0,546,0,40,3,0,2,1,8,17,6
3313859,0,546,0,40,3,0,2,1,8,56,6
3313863,0,546,0,40,2,0,2,1,8,46,6
3313875,0,546,0,40,3,0,2,1,8,39,6
3313883,0,546,0,40,3,0,2,1,8,53,6
3313891,0,546,0,40,2,0,2,1,8,30,6
3313907,0,546,0,40,3,0,2,1,8,40,6
3313915,0,546,0,40,3,0,2,1,8,45,6
3313939,0,546,0,40,3,0,2,1,8,54,6
3313947,0,546,0,40,3,0,2,1,8,54,6
3313951,0,546,0,40,3,0,2,1,8,50,6
3313963,0,546,0,40,2,0,2,1,8,52,6
3313975,0,546,0,40,3,0,2,1,8,61,6
3313991,0,546,0,40,2,0,2,1,8,27,6
3313995,0,546,0,40,2,0,2,1,8,14,6
3314023,0,546,0,40,3,0,2,1,8,35,6
3314027,0,546,0,40,3,0,2,1,8,23,6
3314035,0,546,0,40,2,0,2,1,8,38,6
3314043,0,546,0,40,2,0,2,1,8,62,6
3314053,0,546,0,40,2,0,2,1,8,65,6
3314069,0,546,0,40,2,0,2,1,8,56,6
3314075,0,546,0,40,2,0,2,1,8,11,6
3314083,0,546,0,40,2,0,2,1,8,49,6
3314085,0,546,0,40,2,0,2,1,8,64,6
3314087,0,546,0,40,2,0,2,1,8,34,6
3314089,0,546,0,40,3,0,2,1,8,54,6
3314103,0,546,0,40,3,0,2,1,8,88,6
3314107,0,546,0,40,3,0,2,1,8,58,6
3314111,0,546,0,40,2,0,2,1,8,49,6
3314119,0,546,0,40,2,0,2,1,8,27,6
3314121,0,546,0,40,3,0,2,1,8,59,6
3314127,0,546,0,40,2,0,2,1,8,25,6
3314129,0,546,0,40,3,0,2,1,8,54,6
3314137,0,546,0,40,2,0,2,1,8,13,6
3314139,0,546,0,40,3,0,2,1,8,54,6
3314153,0,546,0,40,3,0,2,1,8,44,6
3314161,0,546,0,40,2,0,2,1,8,45,6
3314167,0,546,0,40,3,0,2,1,8,45,6
3314169,0,546,0,40,3,0,2,1,8,33,6
3314171,0,546,0,40,3,0,2,1,8,53,6
3314183,0,546,0,40,2,0,2,1,8,87,6
3314191,0,546,0,40,3,0,2,1,8,37,6
3314193,0,546,0,40,2,0,2,1,8,42,6
3314195,0,546,0,40,2,0,2,1,8,35,6
3314203,0,546,0,40,2,0,2,1,8,75,6
3314207,0,546,0,40,3,0,2,1,8,40,6
3314211,0,546,0,40,3,0,2,1,8,50,6
3314213,0,546,0,40,2,0,2,1,8,34,6
3314221,0,546,0,40,2,0,2,1,8,44,6
3314223,0,546,0,40,2,0,2,1,8,29,6
3314225,0,546,0,40,3,0,2,1,8,44,6
3314235,0,546,0,40,2,0,2,1,8,13,6
3314241,0,546,0,40,3,0,2,1,8,27,6
3314249,0,546,0,40,3,0,2,1,8,59,6
3314251,0,546,0,40,2,0,2,1,8,55,6
3314255,0,546,0,40,3,0,2,1,8,33,6
3314259,0,546,0,40,3,0,2,1,8,68,6
3314267,0,546,0,40,2,0,2,1,8,80,6
3314271,0,546,0,40,3,0,2,1,8,31,6
3314281,0,546,0,40,2,0,2,1,8,72,6
3314285,0,546,0,40,2,0,2,1,8,34,6
3314287,0,546,0,40,3,0,2,1,8,32,6
3314293,0,546,0,40,2,0,2,1,8,51,6
3314301,0,546,0,40,3,0,2,1,8,79,6
3314309,0,546,0,40,3,0,2,1,8,67,6
3314311,0,546,0,40,2,0,2,1,8,41,6
3314315,0,546,0,40,2,0,2,1,8,122,6
3314317,0,546,0,40,3,0,2,1,8,41,6
3314319,0,546,0,40,2,0,2,1,8,61,6
3314331,0,546,0,40,3,0,2,1,8,37,6
3314339,0,546,0,40,3,0,2,1,8,28,6
3314345,0,546,0,40,2,0,2,1,8,34,6
3314351,0,546,0,40,2,0,2,1,8,44,6
3314357,0,546,0,40,3,0,2,1,8,47,6
3314359,0,546,0,40,2,0,2,1,8,71,6
3314361,0,546,0,40,2,0,2,1,8,40,6
3314369,0,546,0,40,2,0,2,1,8,51,6
3314379,0,546,0,40,2,0,2,1,8,66,6
3314399,0,546,0,40,2,0,2,1,8,70,6
3314401,0,546,0,40,2,0,2,1,8,23,6
3314407,0,546,0,40,3,0,2,1,8,39,6
3314419,0,546,0,40,2,0,2,1,8,29,6
3314427,0,546,0,40,3,0,2,1,8,47,6
3314429,0,546,0,40,2,0,2,1,8,56,6
3314437,0,546,0,40,2,0,2,1,8,39,6
3314449,0,546,0,40,2,0,2,1,8,26,6
3314453,0,546,0,40,3,0,2,1,8,46,6
3314455,0,546,0,40,2,0,2,1,8,57,6
3314459,0,546,0,40,2,0,2,1,8,34,6
3314463,0,546,0,40,3,0,2,1,8,35,6
3314473,0,546,0,40,3,0,2,1,8,29,6
3314481,0,546,0,40,3,0,2,1,8,27,6
3314487,0,546,0,40,3,0,2,1,8,29,6
3314499,0,546,0,40,3,0,2,1,8,45,6
3314507,0,546,0,40,3,0,2,1,8,61,6
3314519,0,546,0,40,2,0,2,1,8,59,6
3314523,0,546,0,40,2,0,2,1,8,25,6
3314529,0,546,0,40,3,0,2,1,8,40,6
3314543,0,546,0,40,3,0,2,1,8,54,6
3314555,0,546,0,40,3,0,2,1,8,64,6
3314559,0,546,0,40,3,0,2,1,8,45,6
3314563,0,546,0,40,3,0,2,1,8,92,6
3314569,0,546,0,40,2,0,2,1,8,29,6
3314571,0,546,0,40,2,0,2,1,8,58,6
3314595,0,546,0,40,3,0,2,1,8,35,6
3314597,0,546,0,40,3,0,2,1,8,33,6
3314603,0,546,0,40,2,0,2,1,8,21,6
3314611,0,546,0,40,3,0,2,1,8,53,6
3314615,0,546,0,40,3,0,2,1,8,37,6
3314625,0,546,0,40,3,0,2,1,8,46,6
3314627,0,546,0,40,3,0,2,1,8,89,6
3264417,0,546,0,40,3,0,2,1,11,49,6
3265295,0,546,0,40,2,0,2,1,10,70,6
3291993,0,546,0,40,2,4,2,1,23,13,6
3302628,0,546,0,40,3,1,2,1,14,53,6
3305402,0,546,0,40,3,1,2,1,10,39,6
3289145,0,546,0,40,2,2,2,1,40,26,6
3301245,0,546,0,40,3,1,2,1,18,78,6
3283279,0,546,0,40,3,5,2,1,37,51,6
3287457,0,546,0,40,3,5,2,1,28,24,6
3267214,0,546,0,40,2,7,2,1,56,46,6
3262690,0,546,0,40,3,7,2,1,39,24,6
3275641,0,546,0,40,3,6,2,1,51,52,6
3284829,0,546,0,40,3,4,2,1,31,54,6
3287656,0,546,0,40,3,5,2,1,31,84,6
3272594,0,546,0,40,2,13,2,1,49,24,6
3270593,1,546,501,34.6759,2,10,2,1,64,29,6
3294042,0,546,0,40,3,4,2,1,19,35,6
3303244,0,546,0,40,3,2,2,1,12,71,6
3284316,0,546,0,40,2,5,2,1,38,89,6
3296890,0,546,0,40,2,2,2,1,25,37,6
3270706,0,546,0,40,2,8,2,1,71,52,6
3300885,0,546,0,40,2,2,2,1,18,79,6
3297720,0,546,0,40,2,2,2,1,20,24,6
3293834,0,546,0,40,2,3,2,1,29,43,6
3293404,0,546,0,40,3,4,2,1,26,21,6
3306919,0,546,0,40,2,1,2,1,11,71,6
3290130,0,546,0,40,2,7,2,1,27,29,6
3273774,0,546,0,40,2,8,2,1,52,32,6
3302188,0,546,0,40,3,2,2,1,16,25,6
3295271,0,546,0,40,3,4,2,1,21,23,6
3296740,0,546,0,40,2,4,2,1,14,38,6
3301953,0,546,0,40,2,1,2,1,20,57,6
3278167,0,546,0,40,3,4,2,1,64,22,6
3282276,0,546,0,40,2,6,2,1,38,35,6
3302399,0,546,0,40,3,2,2,1,16,43,6
3299694,0,546,0,40,2,2,2,1,16,58,6
3304445,0,546,0,40,2,1,2,1,13,25,6
3283303,0,546,0,40,3,6,2,1,23,22,6
3278994,0,546,0,40,2,9,2,1,39,61,6
3273084,0,546,0,40,3,7,2,1,52,34,6
3267140,0,546,0,40,2,6,2,1,52,26,6
3288031,0,546,0,40,2,6,2,1,28,39,6
3297998,0,546,0,40,3,2,2,1,26,13,6
3292547,0,546,0,40,2,4,2,1,21,63,6
3301613,0,546,0,40,3,2,2,1,13,59,6
3269849,0,546,0,40,3,9,2,1,82,18,6
3309105,0,546,0,40,3,1,2,1,8,38,6
3285448,1,546,533,20.6805,3,3,2,1,43,29,6
3298137,0,546,0,40,2,1,2,1,27,35,6
3274609,0,546,0,40,2,7,2,1,53,25,6
3264266,0,546,0,40,3,4,2,1,43,43,6
3264686,0,546,0,40,2,4,2,1,50,29,6
3298083,0,546,0,40,2,2,2,1,23,16,6
3295109,0,546,0,40,2,2,2,1,26,75,6
3300974,0,546,0,40,3,2,2,1,20,60,6
3300760,0,546,0,40,2,2,2,1,18,41,6
3258294,0,546,0,40,3,10,2,1,79,71,6
3294264,0,546,0,40,2,3,2,1,23,28,6
3298267,0,546,0,40,3,2,2,1,22,72,6
3271608,0,546,0,40,3,7,2,1,63,19,6
3277229,0,546,0,40,3,7,2,1,49,55,6
3289155,0,546,0,40,2,5,2,1,24,46,6
3273791,0,546,0,40,2,6,2,1,71,79,6
3282392,0,546,0,40,2,7,2,1,45,65,6
3306393,0,546,0,40,2,1,2,1,14,66,6
3291805,0,546,0,40,2,5,2,1,23,68,6
3289560,0,546,0,40,2,6,2,1,30,20,6
3292531,0,546,0,40,3,3,2,1,26,52,6
3270082,0,546,0,40,3,8,2,1,74,47,6
3288056,0,546,0,40,2,3,2,1,36,24,6
3282495,0,546,0,40,3,6,2,1,36,62,6
3284302,0,546,0,40,2,3,2,1,45,9,6
3305311,0,546,0,40,2,2,2,1,13,37,6
3307969,0,546,0,40,2,1,2,1,11,25,6
3300409,0,546,0,40,3,2,2,1,14,56,6
3300685,0,546,0,40,2,2,2,1,20,52,6
3307450,0,546,0,40,2,2,2,1,11,23,6
3305701,0,546,0,40,2,1,2,1,10,78,6
3308168,0,546,0,40,2,1,2,1,10,58,6
3308678,0,546,0,40,3,1,2,1,10,40,6
3290191,0,546,0,40,3,5,2,1,27,37,6
3292403,0,546,0,40,3,4,2,1,18,24,6
3304638,0,546,0,40,2,2,2,1,12,64,6
3308117,0,546,0,40,2,2,2,1,10,72,6
3308523,0,546,0,40,3,1,2,1,9,60,6
3274561,0,546,0,40,3,6,2,1,49,62,6
3281254,0,546,0,40,3,7,2,1,37,57,6
3289641,0,546,0,40,2,4,2,1,33,71,6
3266137,0,546,0,40,2,6,2,1,67,20,6
3297748,0,546,0,40,3,3,2,1,16,41,6
3307742,0,546,0,40,3,1,2,1,8,28,6
3309216,0,546,0,40,2,1,2,1,8,42,6
3309728,0,546,0,40,3,1,2,1,8,37,6
3223637,0,546,0,40,2,18,2,1,125,30,6
3290221,0,546,0,40,2,3,2,1,36,30,6
3301138,0,546,0,40,3,1,2,1,24,64,6
3285013,0,546,0,40,2,5,2,1,42,31,6
3291466,0,546,0,40,2,3,2,1,32,70,6
3302043,0,546,0,40,3,1,2,1,21,25,6
3297995,0,546,0,40,3,2,2,1,24,43,6
3270775,0,546,0,40,3,7,2,1,77,66,6
3293882,0,546,0,40,2,4,2,1,27,48,6
3263466,0,546,0,40,2,5,2,1,35,19,6
3304884,1,546,534,35.1468,2,1,2,1,17,67,6
3261775,0,546,0,40,2,7,2,1,51,44,6
3293488,0,546,0,40,2,4,2,1,22,47,6
3305860,0,546,0,40,2,1,2,1,16,61,6
3299798,0,546,0,40,2,2,2,1,20,45,6
3275711,0,546,0,40,3,5,2,1,52,13,6
3297726,0,546,0,40,3,2,2,1,25,34,6
3267783,0,546,0,40,2,9,2,1,46,42,6
3282282,0,546,0,40,2,8,2,1,35,28,6
3278674,0,546,0,40,3,10,2,1,44,69,6
3303483,0,546,0,40,3,2,2,1,17,26,6
3299196,0,546,0,40,2,2,2,1,26,101,6
3284129,0,546,0,40,3,5,2,1,34,28,6
3279385,0,546,0,40,2,8,2,1,50,80,6
3304397,0,546,0,40,2,2,2,1,14,45,6
3307037,0,546,0,40,3,1,2,1,12,34,6
3307751,0,546,0,40,2,1,2,1,12,19,6
3308031,0,546,0,40,3,1,2,1,12,51,6
3291225,0,546,0,40,3,4,2,1,29,98,6
3269350,0,546,0,40,2,8,2,1,79,60,6
3281016,0,546,0,40,3,7,2,1,36,38,6
3289236,0,546,0,40,2,6,2,1,23,52,6
3296903,0,546,0,40,3,3,2,1,29,28,6
3293725,0,546,0,40,2,4,2,1,22,43,6
3281096,0,546,0,40,2,7,2,1,35,62,6
3276766,0,546,0,40,3,8,2,1,51,30,6
3287423,0,546,0,40,2,5,2,1,35,28,6
3288010,0,546,0,40,2,7,2,1,33,38,6
3280424,0,546,0,40,3,7,2,1,43,45,6
3295322,0,546,0,40,3,2,2,1,32,60,6
3304601,0,546,0,40,3,2,2,1,14,61,6
3304102,0,546,0,40,3,2,2,1,13,56,6
3308243,0,546,0,40,3,1,2,1,10,62,6
3261272,0,546,0,40,2,6,2,1,49,23,6
3301996,0,546,0,40,3,2,2,1,19,70,6
3301957,0,546,0,40,2,2,2,1,19,71,6
3300535,0,546,0,40,2,2,2,1,23,58,6
3304653,0,546,0,40,3,2,2,1,14,64,6
3298189,0,546,0,40,3,2,2,1,18,64,6
3294669,0,546,0,40,3,3,2,1,22,34,6
3303633,0,546,0,40,3,2,2,1,15,43,6
3298118,1,546,529,13.5522,3,2,2,1,26,63,6
3298840,0,546,0,40,3,5,2,1,15,36,6
3264077,0,546,0,40,3,6,2,1,39,20,6
3301650,0,546,0,40,3,3,2,1,17,72,6
3305000,0,546,0,40,2,2,2,1,15,43,6
3306981,0,546,0,40,3,2,2,1,12,79,6
3279693,1,546,533,36.8163,2,6,2,1,53,69,6
3308998,0,546,0,40,3,1,2,1,8,19,6
3310145,0,546,0,40,2,1,2,1,8,39,6
3310333,0,546,0,40,3,1,2,1,8,26,6
3287296,0,546,0,40,2,4,2,1,38,39,6
3289584,0,546,0,40,2,2,2,1,44,22,6
3298909,0,546,0,40,2,1,2,1,29,18,6
3283964,0,546,0,40,3,4,2,1,46,23,6
3275491,0,546,0,40,2,7,2,1,57,21,6
3271353,0,546,0,40,2,8,2,1,64,30,6
3285940,0,546,0,40,2,4,2,1,33,25,6
3300969,0,546,0,40,3,2,2,1,20,38,6
3295549,0,546,0,40,3,3,2,1,27,63,6
3288542,0,546,0,40,3,5,2,1,30,37,6
3289555,0,546,0,40,3,6,2,1,35,57,6
3284506,0,546,0,40,3,7,2,1,30,51,6
3303225,0,546,0,40,3,2,2,1,19,41,6
3305179,0,546,0,40,3,1,2,1,17,22,6
3294761,0,546,0,40,3,3,2,1,26,23,6
3278150,0,546,0,40,2,7,2,1,54,56,6
3306205,0,546,0,40,3,1,2,1,16,60,6
3288059,0,546,0,40,3,5,2,1,34,16,6
3285751,0,546,0,40,2,6,2,1,38,14,6
3302910,1,546,535,29.3786,2,2,2,1,20,10,6
3270236,0,546,0,40,2,11,2,1,55,18,6
3297242,1,546,525,22.7031,3,3,2,1,23,38,6
3265045,0,546,0,40,2,5,2,1,55,32,6
3299439,0,546,0,40,3,3,2,1,23,34,6
3305221,0,546,0,40,2,1,2,1,14,18,6
3307110,0,546,0,40,3,1,2,1,14,96,6
3274820,0,546,0,40,3,7,2,1,51,36,6
3259703,0,546,0,40,2,12,2,1,75,28,6
3303572,0,546,0,40,3,2,2,1,17,33,6
3307517,0,546,0,40,3,1,2,1,13,37,6
3297951,0,546,0,40,2,3,2,1,15,65,6
3301821,0,546,0,40,2,2,2,1,18,35,6
3305466,0,546,0,40,2,2,2,1,13,31,6
3263389,0,546,0,40,2,7,2,1,74,25,6
3266921,0,546,0,40,3,4,2,1,41,41,6
3308136,0,546,0,40,3,1,2,1,12,51,6
3299324,0,546,0,40,3,2,2,1,21,46,6
3303117,0,546,0,40,2,2,2,1,17,19,6
3308191,0,546,0,40,3,1,2,1,11,34,6
3308323,0,546,0,40,2,1,2,1,11,58,6
3308591,0,546,0,40,3,1,2,1,11,57,6
3267391,0,546,0,40,2,3,2,1,28,41,6
3295573,0,546,0,40,2,4,2,1,21,28,6
3284604,0,546,0,40,2,4,2,1,37,35,6
3269782,0,546,0,40,2,11,2,1,63,25,6
3294251,0,546,0,40,2,3,2,1,29,51,6
3265873,0,546,0,40,3,9,2,1,39,43,6
3278301,0,546,0,40,2,9,2,1,42,23,6
3296359,0,546,0,40,3,4,2,1,27,53,6
3306987,0,546,0,40,3,2,2,1,13,101,6
3303752,0,546,0,40,3,3,2,1,15,54,6
3309256,0,546,0,40,3,1,2,1,10,53,6
3302990,0,546,0,40,2,2,2,1,11,58,6
3300919,0,546,0,40,2,2,2,1,18,71,6
3302940,0,546,0,40,3,2,2,1,14,20,6
3290791,0,546,0,40,2,5,2,1,29,66,6
3284911,0,546,0,40,3,6,2,1,32,24,6
3292799,0,546,0,40,3,3,2,1,33,55,6
3280571,0,546,0,40,2,8,2,1,32,43,6
3293935,0,546,0,40,3,6,2,1,23,54,6
3271310,0,546,0,40,2,10,2,1,54,91,6
3277861,0,546,0,40,2,8,2,1,50,58,6
3294294,0,546,0,40,2,4,2,1,27,23,6
3300884,0,546,0,40,2,3,2,1,16,36,6
3278681,0,546,0,40,2,7,2,1,49,47,6
3286921,0,546,0,40,3,4,2,1,39,46,6
3307962,0,546,0,40,2,1,2,1,9,115,6
3290970,0,546,0,40,3,4,2,1,33,36,6
3288735,0,546,0,40,3,4,2,1,37,61,6
3286135,0,546,0,40,2,5,2,1,35,31,6
3300838,0,546,0,40,2,3,2,1,14,47,6
3258461,0,546,0,40,2,9,2,1,53,37,6
3308272,0,546,0,40,3,2,2,1,9,21,6
3294799,0,546,0,40,2,4,2,1,29,41,6
3294436,0,546,0,40,3,5,2,1,28,41,6
3308461,0,546,0,40,3,1,2,1,8,72,6
3309725,0,546,0,40,2,1,2,1,8,45,6
3309858,0,546,0,40,2,1,2,1,8,36,6
3310418,0,546,0,40,2,1,2,1,8,88,6
3310896,0,546,0,40,3,1,2,1,8,67,6
3282923,0,546,0,40,3,2,2,1,60,34,6
3290817,0,546,0,40,3,3,2,1,38,73,6
3282814,0,546,0,40,3,3,2,1,53,52,6
3284211,0,546,0,40,3,4,2,1,44,54,6
3244234,0,546,0,40,3,7,2,1,93,111,6
3275047,0,546,0,40,2,7,2,1,51,30,6
3302454,0,546,0,40,3,1,2,1,24,15,6
3290533,0,546,0,40,3,4,2,1,32,78,6
3296705,0,546,0,40,3,3,2,1,30,38,6
3263291,0,546,0,40,3,7,2,1,51,28,6
3271811,0,546,0,40,3,7,2,1,70,56,6
3288496,0,546,0,40,2,4,2,1,37,35,6
3295523,0,546,0,40,3,3,2,1,31,42,6
3295116,0,546,0,40,3,3,2,1,32,38,6
3301806,0,546,0,40,3,2,2,1,22,56,6
3271135,0,546,0,40,2,9,2,1,64,48,6
3291381,0,546,0,40,3,4,2,1,32,116,6
3293073,0,546,0,40,2,3,2,1,30,87,6
3275026,0,546,0,40,2,10,2,1,50,43,6
3305043,0,546,0,40,3,1,2,1,18,83,6
3285004,0,546,0,40,3,4,2,1,41,59,6
3299156,0,546,0,40,2,2,2,1,24,49,6
3288236,0,546,0,40,2,4,2,1,35,31,6
3278017,0,546,0,40,3,7,2,1,52,53,6
3305419,0,546,0,40,2,1,2,1,17,68,6
3306251,0,546,0,40,2,1,2,1,17,39,6
3290540,0,546,0,40,3,4,2,1,32,107,6
3291963,0,546,0,40,2,4,2,1,26,39,6
3301859,0,546,0,40,3,2,2,1,20,35,6
3298361,0,546,0,40,2,4,2,1,21,5,6
3306527,0,546,0,40,2,1,2,1,16,27,6
3301841,0,546,0,40,3,2,2,1,19,30,6
3295390,0,546,0,40,3,3,2,1,31,42,6
3307562,0,546,0,40,2,1,2,1,15,42,6
3269522,0,546,0,40,2,11,2,1,67,30,6
3291638,0,546,0,40,2,3,2,1,38,17,6
3306099,1,546,527,22.1533,3,2,2,1,15,51,6
3302843,0,546,0,40,3,3,2,1,18,32,6
3294156,0,546,0,40,2,5,2,1,24,49,6
3306096,0,546,0,40,3,1,2,1,14,51,6
3301148,0,546,0,40,2,2,2,1,16,15,6
3269553,0,546,0,40,2,9,2,1,72,38,6
3280976,0,546,0,40,3,10,2,1,36,47,6
3300520,0,546,0,40,3,2,2,1,22,10,6
3304362,0,546,0,40,2,2,2,1,16,46,6
3282695,0,546,0,40,3,9,2,1,35,10,6
3294009,0,546,0,40,3,4,2,1,23,28,6
3307660,0,546,0,40,3,1,2,1,13,59,6
3294820,0,546,0,40,2,3,2,1,19,77,6
3292178,0,546,0,40,3,3,2,1,33,51,6
3303365,0,546,0,40,3,2,2,1,16,25,6
3286159,0,546,0,40,2,5,2,1,32,34,6
3295620,0,546,0,40,2,4,2,1,23,44,6
3300253,0,546,0,40,3,2,2,1,23,107,6
3267748,0,546,0,40,2,7,2,1,96,39,6
3265529,0,546,0,40,2,8,2,1,59,41,6
3305471,0,546,0,40,2,2,2,1,13,54,6
3299840,0,546,0,40,2,2,2,1,25,68,6
3303981,0,546,0,40,3,2,2,1,18,36,6
3305403,0,546,0,40,2,2,2,1,14,51,6
3280539,0,546,0,40,2,8,2,1,41,45,6
3301639,0,546,0,40,2,2,2,1,18,59,6
3305893,0,546,0,40,2,1,2,1,12,85,6
3308725,0,546,0,40,2,1,2,1,12,32,6
3308983,0,546,0,40,3,1,2,1,12,54,6
3309163,0,546,0,40,2,1,2,1,12,62,6
3300010,0,546,0,40,3,2,2,1,19,50,6
3296446,0,546,0,40,2,3,2,1,26,65,6
3305580,0,546,0,40,2,2,2,1,12,43,6
3247356,0,546,0,40,3,16,2,1,79,34,6
3301626,0,546,0,40,2,3,2,1,16,70,6
3292654,0,546,0,40,2,4,2,1,20,51,6
3274319,0,546,0,40,3,8,2,1,58,26,6
3306169,0,546,0,40,3,2,2,1,14,42,6
3285361,0,546,0,40,3,5,2,1,36,22,6
3281033,0,546,0,40,2,8,2,1,44,18,6
3303566,0,546,0,40,3,2,2,1,18,49,6
3308545,0,546,0,40,3,1,2,1,11,8,6
3309240,0,546,0,40,3,1,2,1,11,39,6
3309838,0,546,0,40,3,1,2,1,11,23,6
3293832,0,546,0,40,3,4,2,1,25,40,6
3289207,0,546,0,40,3,5,2,1,28,35,6
3288789,0,546,0,40,2,4,2,1,32,64,6
3287942,0,546,0,40,2,5,2,1,35,48,6
3302852,0,546,0,40,3,3,2,1,14,62,6
3305189,0,546,0,40,3,2,2,1,11,51,6
3284497,1,546,536,40,2,4,2,1,41,35,6
3294952,0,546,0,40,3,4,2,1,29,24,6
3305556,0,546,0,40,2,2,2,1,15,23,6
3306358,0,546,0,40,3,2,2,1,13,42,6
3286788,1,546,525,26.6284,3,6,2,1,40,62,6
3293390,0,546,0,40,2,5,2,1,25,48,6
3301511,0,546,0,40,3,3,2,1,14,41,6
3308118,0,546,0,40,3,1,2,1,10,65,6
3310039,0,546,0,40,3,1,2,1,10,48,6
3310315,0,546,0,40,3,1,2,1,10,71,6
3310469,0,546,0,40,3,1,2,1,10,39,6
3295824,0,546,0,40,2,3,2,1,22,45,6
3291852,0,546,0,40,3,3,2,1,30,27,6
3293530,0,546,0,40,2,4,2,1,22,47,6
3281603,0,546,0,40,2,7,2,1,35,53,6
3304598,0,546,0,40,3,2,2,1,14,44,6
3260592,0,546,0,40,3,14,2,1,75,31,6
3274050,0,546,0,40,3,10,2,1,47,95,6
3298406,0,546,0,40,3,4,2,1,13,53,6
3305785,0,546,0,40,2,2,2,1,11,21,6
3290045,0,546,0,40,2,6,2,1,24,29,6
3296806,0,546,0,40,2,2,2,1,29,49,6
3298576,0,546,0,40,2,5,2,1,20,73,6
3294395,0,546,0,40,3,4,2,1,27,39,6
3283181,0,546,0,40,2,7,2,1,43,61,6
3305406,0,546,0,40,3,2,2,1,15,41,6
3292732,0,546,0,40,3,4,2,1,33,41,6
3297603,0,546,0,40,3,4,2,1,19,40,6
3302152,0,546,0,40,3,3,2,1,18,34,6
3266444,0,546,0,40,2,8,2,1,44,23,6
3310122,0,546,0,40,2,1,2,1,9,10,6
3310450,0,546,0,40,3,1,2,1,9,32,6
3310530,0,546,0,40,2,1,2,1,9,43,6
3291611,0,546,0,40,2,3,2,1,29,35,6
3279320,0,546,0,40,2,5,2,1,47,62,6
3305390,0,546,0,40,2,2,2,1,11,19,6
3263606,0,546,0,40,2,9,2,1,65,50,6
3274738,0,546,0,40,2,8,2,1,56,69,6
3303602,0,546,0,40,2,2,2,1,14,22,6
3264040,0,546,0,40,2,8,2,1,41,73,6
3306520,0,546,0,40,3,2,2,1,9,24,6
3284934,0,546,0,40,2,5,2,1,43,37,6
3296887,0,546,0,40,3,3,2,1,21,38,6
3306908,1,546,536,40,2,2,2,1,10,56,6
3290598,0,546,0,40,3,4,2,1,32,42,6
3248050,0,546,0,40,2,9,2,1,69,26,6
3287805,0,546,0,40,3,8,2,1,28,32,6
3308368,0,546,0,40,3,2,2,1,10,16,6
3301256,0,546,0,40,3,2,2,1,24,57,6
3306181,0,546,0,40,3,3,2,1,13,63,6
3266943,0,546,0,40,2,7,2,1,34,91,6
3308834,0,546,0,40,3,1,2,1,8,56,6
3310348,0,546,0,40,3,1,2,1,8,56,6
3310513,0,546,0,40,3,1,2,1,8,36,6
3310957,0,546,0,40,3,1,2,1,8,54,6
3311061,0,546,0,40,3,1,2,1,8,47,6
3311172,0,546,0,40,3,1,2,1,8,25,6
3311206,0,546,0,40,2,1,2,1,8,86,6
3293393,0,546,0,40,2,2,2,1,38,45,6
3267527,0,546,0,40,3,12,2,1,71,31,6
3294563,0,546,0,40,2,2,2,1,32,36,6
3289652,0,546,0,40,3,2,2,1,43,33,6
3299485,0,546,0,40,3,1,2,1,30,34,6
3282074,0,546,0,40,2,4,2,1,57,52,6
3272129,0,546,0,40,2,5,2,1,72,15,6
3268833,0,546,0,40,3,11,2,1,78,28,6
3299961,0,546,0,40,3,2,2,1,25,24,6
3284368,0,546,0,40,2,6,2,1,40,36,6
3213255,0,546,0,40,3,14,2,1,117,34,6
3285437,0,546,0,40,3,4,2,1,41,48,6
3290501,0,546,0,40,2,4,2,1,36,74,6
3282133,0,546,0,40,2,6,2,1,30,27,6
3296829,0,546,0,40,2,2,2,1,30,10,6
3295152,0,546,0,40,3,3,2,1,28,31,6
3301735,0,546,0,40,3,1,2,1,21,53,6
3300375,0,546,0,40,2,2,2,1,24,36,6
3295139,0,546,0,40,3,3,2,1,26,26,6
3302025,0,546,0,40,2,3,2,1,23,63,6
3305064,0,546,0,40,2,1,2,1,20,52,6
3283588,0,546,0,40,2,6,2,1,42,47,6
3287091,0,546,0,40,3,4,2,1,41,55,6
3283701,0,546,0,40,3,7,2,1,42,29,6
3275293,0,546,0,40,3,9,2,1,51,38,6
3276297,0,546,0,40,3,9,2,1,50,27,6
3285457,0,546,0,40,3,3,2,1,44,43,6
3237553,0,546,0,40,2,12,2,1,121,101,6
3299341,0,546,0,40,3,4,2,1,24,34,6
3269997,0,546,0,40,3,9,2,1,76,32,6
3304150,0,546,0,40,2,1,2,1,18,50,6
3268256,0,546,0,40,2,13,2,1,61,30,6
3269767,0,546,0,40,2,11,2,1,69,18,6
3247699,0,546,0,40,2,14,2,1,93,37,6
3296682,0,546,0,40,3,4,2,1,27,78,6
3297510,0,546,0,40,3,4,2,1,25,44,6
3306491,0,546,0,40,2,1,2,1,17,23,6
3306697,0,546,0,40,2,1,2,1,17,53,6
3284998,0,546,0,40,2,5,2,1,32,64,6
3205787,0,546,0,40,2,22,2,1,121,15,6
3299333,0,546,0,40,2,2,2,1,27,89,6
3202948,0,546,0,40,2,14,2,1,135,34,6
3283843,0,546,0,40,3,8,2,1,46,29,6
3259949,0,546,0,40,2,6,2,1,44,68,6
3274955,0,546,0,40,3,10,2,1,52,43,6
3300797,0,546,0,40,3,2,2,1,20,25,6
3271509,0,546,0,40,3,10,2,1,54,26,6
3294743,0,546,0,40,2,4,2,1,28,41,6
3291315,0,546,0,40,2,3,2,1,37,27,6
3302608,0,546,0,40,3,2,2,1,21,81,6
3283692,0,546,0,40,2,5,2,1,45,14,6
3307229,0,546,0,40,2,1,2,1,15,46,6
3264483,0,546,0,40,3,12,2,1,53,89,6
3267749,0,546,0,40,3,8,2,1,75,50,6
3291273,0,546,0,40,2,4,2,1,30,41,6
3303292,0,546,0,40,3,2,2,1,19,34,6
3275919,0,546,0,40,2,8,2,1,57,34,6
3306546,0,546,0,40,2,1,2,1,14,33,6
3308048,0,546,0,40,3,1,2,1,14,21,6
3308456,1,546,537,33.6977,2,1,2,1,14,32,6
3308520,0,546,0,40,2,1,2,1,14,24,6
3281416,0,546,0,40,3,5,2,1,46,51,6
3268048,0,546,0,40,2,8,2,1,84,27,6
3279981,0,546,0,40,2,4,2,1,55,63,6
3298496,0,546,0,40,2,4,2,1,18,60,6
3304225,0,546,0,40,3,2,2,1,14,32,6
3281995,0,546,0,40,3,8,2,1,48,46,6
3305225,0,546,0,40,3,2,2,1,16,10,6
3266870,0,546,0,40,3,7,2,1,59,22,6
3302727,0,546,0,40,3,3,2,1,19,9,6
3308483,0,546,0,40,3,1,2,1,13,59,6
3309113,0,546,0,40,3,1,2,1,13,46,6
3296906,0,546,0,40,2,3,2,1,16,48,6
3292113,0,546,0,40,3,4,2,1,23,86,6
3261328,0,546,0,40,2,10,2,1,53,30,6
3282328,0,546,0,40,3,6,2,1,40,55,6
3265963,0,546,0,40,3,8,2,1,47,75,6
3263924,0,546,0,40,3,4,2,1,67,32,6
3266056,0,546,0,40,3,8,2,1,45,16,6
3284108,0,546,0,40,3,8,2,1,30,15,6
3296886,0,546,0,40,2,4,2,1,21,49,6
3294739,0,546,0,40,2,3,2,1,27,68,6
3274215,0,546,0,40,2,7,2,1,63,19,6
3307261,0,546,0,40,3,2,2,1,13,31,6
3307563,0,546,0,40,2,1,2,1,12,35,6
3309330,0,546,0,40,2,1,2,1,12,17,6
3309638,0,546,0,40,2,1,2,1,12,32,6
3290094,0,546,0,40,2,4,2,1,28,42,6
3276092,0,546,0,40,2,8,2,1,48,36,6
3280459,0,546,0,40,2,8,2,1,38,45,6
3286970,0,546,0,40,3,4,2,1,39,97,6
3299529,0,546,0,40,3,4,2,1,15,36,6
3306243,0,546,0,40,3,2,2,1,13,56,6
3292356,0,546,0,40,3,5,2,1,31,49,6
3281395,0,546,0,40,2,8,2,1,40,61,6
3304358,0,546,0,40,2,2,2,1,18,39,6
3268441,1,546,487,29.6462,3,11,2,1,72,58,6
3288251,0,546,0,40,2,5,2,1,32,37,6
3262654,0,546,0,40,3,7,2,1,71,85,6
3270678,0,546,0,40,2,12,2,1,64,42,6
3282355,0,546,0,40,3,7,2,1,38,39,6
3308229,0,546,0,40,3,1,2,1,11,27,6
3309979,0,546,0,40,3,1,2,1,11,33,6
3310303,0,546,0,40,3,1,2,1,11,39,6
3304433,0,546,0,40,2,2,2,1,11,59,6
3306887,0,546,0,40,3,2,2,1,11,42,6
3304968,0,546,0,40,2,2,2,1,15,25,6
3277738,0,546,0,40,2,9,2,1,43,61,6
3291892,0,546,0,40,3,3,2,1,35,44,6
3305188,0,546,0,40,2,3,2,1,13,55,6
3298722,0,546,0,40,3,3,2,1,19,30,6
3299300,1,546,537,21.7175,3,4,2,1,21,33,6
3306534,0,546,0,40,3,2,2,1,11,55,6
3260776,0,546,0,40,3,9,2,1,63,37,6
3304297,0,546,0,40,2,2,2,1,16,60,6
3292444,0,546,0,40,3,4,2,1,29,58,6
3300683,0,546,0,40,2,3,2,1,18,69,6
3284597,0,546,0,40,3,5,2,1,23,60,6
3308906,0,546,0,40,3,1,2,1,10,52,6
3309914,0,546,0,40,3,1,2,1,10,39,6
3310102,0,546,0,40,3,1,2,1,10,41,6
3310652,0,546,0,40,3,1,2,1,10,62,6
3310706,0,546,0,40,2,1,2,1,10,50,6
3310890,0,546,0,40,2,1,2,1,10,34,6
3291886,0,546,0,40,3,4,2,1,29,65,6
3265385,0,546,0,40,3,7,2,1,38,18,6
3295777,0,546,0,40,3,4,2,1,22,50,6
3290877,0,546,0,40,2,3,2,1,35,54,6
3306324,0,546,0,40,3,2,2,1,10,31,6
3261043,0,546,0,40,3,8,2,1,75,45,6
3271389,0,546,0,40,3,11,2,1,49,56,6
3291511,0,546,0,40,3,4,2,1,26,29,6
3258346,0,546,0,40,2,14,2,1,71,29,6
3268846,0,546,0,40,2,11,2,1,69,40,6
3305484,0,546,0,40,3,3,2,1,11,39,6
3308751,0,546,0,40,2,2,2,1,10,22,6
3278954,0,546,0,40,3,9,2,1,44,104,6
3294983,0,546,0,40,2,5,2,1,26,25,6
3307927,0,546,0,40,3,2,2,1,13,27,6
3298750,0,546,0,40,2,4,2,1,23,46,6
3282086,0,546,0,40,2,7,2,1,50,31,6
3296700,0,546,0,40,2,5,2,1,22,32,6
3309529,0,546,0,40,3,1,2,1,9,7,6
3309900,0,546,0,40,2,1,2,1,9,56,6
3310497,0,546,0,40,2,1,2,1,9,27,6
3311272,0,546,0,40,3,1,2,1,9,26,6
3311410,0,546,0,40,3,1,2,1,9,36,6
3275894,0,546,0,40,2,7,2,1,48,56,6
3306177,0,546,0,40,2,2,2,1,10,49,6
3265525,0,546,0,40,3,9,2,1,44,15,6
3274666,0,546,0,40,3,7,2,1,67,65,6
3300151,0,546,0,40,2,4,2,1,21,57,6
3274363,0,546,0,40,2,8,2,1,48,62,6
3306663,0,546,0,40,3,2,2,1,12,50,6
3270755,0,546,0,40,3,11,2,1,52,62,6
3302314,0,546,0,40,3,2,2,1,21,45,6
3277757,0,546,0,40,2,8,2,1,51,33,6
3284531,0,546,0,40,2,5,2,1,40,27,6
3306047,0,546,0,40,3,2,2,1,14,49,6
3292251,0,546,0,40,2,4,2,1,31,59,6
3266682,0,546,0,40,2,13,2,1,85,37,6
3291029,0,546,0,40,3,5,2,1,23,66,6
3309352,0,546,0,40,3,2,2,1,9,55,6
3266107,0,546,0,40,2,6,2,1,27,49,6
3289463,0,546,0,40,2,6,2,1,31,64,6
3296418,0,546,0,40,2,4,2,1,24,66,6
3272114,0,546,0,40,2,8,2,1,71,43,6
3299696,0,546,0,40,2,3,2,1,21,46,6
3287595,0,546,0,40,2,8,2,1,29,37,6
3305391,0,546,0,40,3,2,2,1,17,45,6
3310487,0,546,0,40,2,2,2,1,10,12,6
3304838,0,546,0,40,3,2,2,1,20,16,6
3289426,0,546,0,40,2,6,2,1,27,61,6
3301591,0,546,0,40,2,3,2,1,18,21,6
3310256,0,546,0,40,2,1,2,1,8,59,6
3311283,0,546,0,40,2,1,2,1,8,36,6
3312198,0,546,0,40,3,1,2,1,8,31,6
3262186,0,546,0,40,3,2,2,1,57,43,6
3296470,0,546,0,40,3,1,2,1,36,39,6
3294904,0,546,0,40,3,2,2,1,38,41,6
3263552,0,546,0,40,3,6,2,1,69,32,6
3300696,0,546,0,40,3,1,2,1,28,48,6
3276616,0,546,0,40,3,6,2,1,67,51,6
3271783,0,546,0,40,3,10,2,1,71,23,6
3299492,0,546,0,40,3,2,2,1,23,47,6
3282707,0,546,0,40,2,6,2,1,39,24,6
3272787,0,546,0,40,2,9,2,1,66,63,6
3283949,0,546,0,40,3,6,2,1,47,27,6
3276505,0,546,0,40,3,7,2,1,47,46,6
3300104,0,546,0,40,2,2,2,1,20,32,6
3271200,0,546,0,40,3,8,2,1,69,52,6
3302035,0,546,0,40,3,2,2,1,20,71,6
3300479,0,546,0,40,2,3,2,1,25,87,6
3306051,0,546,0,40,3,1,2,1,19,41,6
3300247,0,546,0,40,3,2,2,1,19,22,6
3275243,0,546,0,40,2,7,2,1,53,60,6
3291857,0,546,0,40,3,4,2,1,32,27,6
3284983,0,546,0,40,2,6,2,1,35,41,6
3276472,0,546,0,40,2,6,2,1,61,26,6
3287461,0,546,0,40,3,3,2,1,39,48,6
3280818,0,546,0,40,3,5,2,1,54,36,6
3297842,0,546,0,40,2,3,2,1,28,68,6
3306084,0,546,0,40,3,1,2,1,17,45,6
3301512,0,546,0,40,2,3,2,1,18,91,6
3271606,0,546,0,40,2,11,2,1,62,72,6
3275515,0,546,0,40,3,8,2,1,55,40,6
3289759,0,546,0,40,2,4,2,1,38,62,6
3300855,0,546,0,40,3,3,2,1,22,93,6
3307755,0,546,0,40,3,1,2,1,16,38,6
3297504,0,546,0,40,2,2,2,1,20,60,6
3294726,0,546,0,40,3,3,2,1,31,55,6
3293415,0,546,0,40,2,3,2,1,30,24,6
3300076,0,546,0,40,2,3,2,1,27,64,6
3300780,0,546,0,40,2,3,2,1,25,18,6
3293396,0,546,0,40,3,4,2,1,34,54,6
3307692,0,546,0,40,3,1,2,1,15,53,6
3268489,0,546,0,40,3,5,2,1,44,40,6
3286324,0,546,0,40,3,6,2,1,37,59,6
3292294,0,546,0,40,3,4,2,1,31,62,6
3281131,0,546,0,40,3,8,2,1,43,58,6
3304094,0,546,0,40,3,2,2,1,16,55,6
3301380,0,546,0,40,3,3,2,1,20,35,6
3292335,0,546,0,40,3,4,2,1,40,52,6
3308611,0,546,0,40,2,1,2,1,14,65,6
3308801,0,546,0,40,2,1,2,1,14,15,6
3308845,1,546,538,35.2971,2,1,2,1,14,8,6
3274001,0,546,0,40,2,8,2,1,57,68,6
3298738,1,546,538,30.6734,2,2,2,1,26,69,6
3268800,0,546,0,40,3,10,2,1,65,104,6
3263703,0,546,0,40,2,5,2,1,47,59,6
3307019,0,546,0,40,3,1,2,1,13,46,6
3308369,0,546,0,40,2,1,2,1,13,67,6
3309694,0,546,0,40,2,1,2,1,13,48,6
3298242,0,546,0,40,3,2,2,1,26,34,6
3300027,0,546,0,40,2,2,2,1,21,35,6
3299623,0,546,0,40,3,3,2,1,21,35,6
3294140,0,546,0,40,2,5,2,1,18,34,6
3290814,0,546,0,40,3,6,2,1,22,92,6
3293308,0,546,0,40,2,4,2,1,28,25,6
3291652,0,546,0,40,3,6,2,1,29,50,6
3293711,0,546,0,40,3,5,2,1,24,49,6
3301696,0,546,0,40,2,3,2,1,22,46,6
3309923,0,546,0,40,3,1,2,1,12,42,6
3310267,0,546,0,40,2,1,2,1,12,31,6
3275098,0,546,0,40,3,8,2,1,54,35,6
3287149,0,546,0,40,3,5,2,1,32,60,6
3273755,0,546,0,40,2,8,2,1,54,33,6
3303095,0,546,0,40,3,3,2,1,17,19,6
3306652,0,546,0,40,3,2,2,1,12,31,6
3271991,0,546,0,40,3,9,2,1,68,30,6
3276087,0,546,0,40,2,6,2,1,68,39,6
3303302,0,546,0,40,3,2,2,1,16,56,6
3293914,0,546,0,40,3,5,2,1,18,35,6
3281467,0,546,0,40,3,7,2,1,45,28,6
3299706,0,546,0,40,2,4,2,1,19,44,6
3309509,0,546,0,40,2,1,2,1,11,20,6
3310556,0,546,0,40,2,1,2,1,11,37,6
3293106,0,546,0,40,3,4,2,1,19,27,6
3298127,0,546,0,40,3,4,2,1,19,105,6
3270422,0,546,0,40,2,11,2,1,64,36,6
3268842,0,546,0,40,2,8,2,1,77,35,6
3295632,0,546,0,40,2,5,2,1,22,53,6
3307410,0,546,0,40,2,2,2,1,12,30,6
3290613,0,546,0,40,2,6,2,1,27,19,6
3274396,0,546,0,40,3,6,2,1,66,32,6
3304886,0,546,0,40,2,2,2,1,17,40,6
3288263,0,546,0,40,2,6,2,1,29,46,6
3288954,0,546,0,40,2,6,2,1,25,31,6
3295968,0,546,0,40,2,4,2,1,28,60,6
3295916,0,546,0,40,3,4,2,1,26,45,6
3271827,0,546,0,40,3,9,2,1,64,18,6
3307885,0,546,0,40,3,2,2,1,14,36,6
3308414,0,546,0,40,3,2,2,1,13,20,6
3277720,0,546,0,40,3,6,2,1,53,24,6
3265379,0,546,0,40,2,7,2,1,67,33,6
3310949,0,546,0,40,2,1,2,1,10,24,6
3311328,0,546,0,40,2,1,2,1,10,52,6
3271937,0,546,0,40,3,9,2,1,57,37,6
3305911,0,546,0,40,3,2,2,1,11,24,6
3295301,0,546,0,40,3,4,2,1,25,29,6
3289889,0,546,0,40,3,5,2,1,31,14,6
3298066,0,546,0,40,2,3,2,1,25,22,6
3286354,0,546,0,40,2,6,2,1,40,95,6
3285288,0,546,0,40,2,6,2,1,41,22,6
3295676,0,546,0,40,2,4,2,1,26,46,6
3274198,0,546,0,40,3,9,2,1,52,54,6
3281503,0,546,0,40,3,9,2,1,43,39,6
3306135,0,546,0,40,3,2,2,1,16,48,6
3308354,0,546,0,40,3,2,2,1,12,61,6
3287270,0,546,0,40,2,6,2,1,36,38,6
3271418,0,546,0,40,3,9,2,1,66,39,6
3294322,0,546,0,40,2,7,2,1,21,61,6
3277401,0,546,0,40,2,8,2,1,51,24,6
3309591,0,546,0,40,3,2,2,1,11,28,6
3309665,0,546,0,40,2,1,2,1,9,45,6
3311191,0,546,0,40,3,1,2,1,9,54,6
3311511,0,546,0,40,2,1,2,1,9,22,6
3312016,0,546,0,40,2,1,2,1,9,41,6
3268670,0,546,0,40,2,8,2,1,65,33,6
3285171,0,546,0,40,2,7,2,1,36,33,6
3305907,0,546,0,40,3,2,2,1,11,18,6
3268003,0,546,0,40,3,9,2,1,86,14,6
3305901,0,546,0,40,3,2,2,1,12,38,6
3290716,0,546,0,40,3,6,2,1,23,79,6
3295736,0,546,0,40,2,3,2,1,28,75,6
3306903,0,546,0,40,3,2,2,1,12,44,6
3267648,0,546,0,40,3,8,2,1,74,42,6
3307425,0,546,0,40,3,2,2,1,10,54,6
3281368,0,546,0,40,2,6,2,1,57,36,6
3274665,0,546,0,40,2,9,2,1,58,32,6
3304646,0,546,0,40,2,3,2,1,13,56,6
3260211,0,546,0,40,2,8,2,1,61,69,6
3268545,0,546,0,40,3,13,2,1,71,2,6
3265162,0,546,0,40,3,10,2,1,74,42,6
3304874,0,546,0,40,3,3,2,1,12,42,6
3301236,0,546,0,40,3,4,2,1,15,50,6
3274502,0,546,0,40,3,7,2,1,61,35,6
3305815,0,546,0,40,3,2,2,1,16,72,6
3290790,0,546,0,40,2,6,2,1,34,82,6
3275430,0,546,0,40,3,9,2,1,56,37,6
3296591,0,546,0,40,3,4,2,1,18,47,6
3296912,1,546,538,16.1719,3,4,2,1,23,34,6
3274981,0,546,0,40,3,11,2,1,51,17,6
3312584,0,546,0,40,2,1,2,1,8,34,6
3312690,0,546,0,40,3,1,2,1,8,56,6
3312856,0,546,0,40,3,1,2,1,8,67,6
3265293,0,546,0,40,2,6,2,1,48,33,6
3298096,0,546,0,40,3,2,2,1,29,53,6
3298251,0,546,0,40,2,2,2,1,31,121,6
3279604,0,546,0,40,3,5,2,1,57,55,6
3294553,0,546,0,40,2,2,2,1,33,37,6
3261069,0,546,0,40,3,4,2,1,55,56,6
3266896,0,546,0,40,3,6,2,1,55,44,6
3266215,0,546,0,40,2,7,2,1,68,36,6
3288985,0,546,0,40,3,5,2,1,33,24,6
3293885,0,546,0,40,3,3,2,1,38,55,6
3305430,0,546,0,40,3,1,2,1,21,49,6
3274527,0,546,0,40,3,6,2,1,68,40,6
3306027,0,546,0,40,2,1,2,1,20,36,6
3282898,1,546,509,29.9907,3,6,2,1,41,34,6
3300190,0,546,0,40,2,2,2,1,29,8,6
3295087,0,546,0,40,3,4,2,1,26,80,6
3264251,0,546,0,40,3,7,2,1,76,117,6
3303762,0,546,0,40,2,2,2,1,19,41,6
3295031,0,546,0,40,3,4,2,1,31,46,6
3273103,0,546,0,40,2,9,2,1,66,34,6
3294712,0,546,0,40,3,3,2,1,31,38,6
3205846,0,546,0,40,2,19,2,1,130,46,6
3307763,0,546,0,40,3,1,2,1,17,47,6
3265283,0,546,0,40,2,8,2,1,49,33,6
3289250,0,546,0,40,2,4,2,1,47,30,6
3284550,0,546,0,40,2,6,2,1,39,78,6
3267079,0,546,0,40,2,6,2,1,45,84,6
3288831,0,546,0,40,3,3,2,1,46,63,6
3303531,0,546,0,40,3,2,2,1,21,48,6
3305211,0,546,0,40,2,2,2,1,17,79,6
3288363,0,546,0,40,3,4,2,1,43,50,6
3292230,0,546,0,40,2,6,2,1,24,16,6
3308927,0,546,0,40,2,1,2,1,15,42,6
3290565,0,546,0,40,2,5,2,1,30,51,6
3269354,0,546,0,40,3,9,2,1,74,35,6
3295810,0,546,0,40,3,3,2,1,28,78,6
3306370,0,546,0,40,3,2,2,1,15,61,6
3307371,0,546,0,40,3,1,2,1,14,39,6
3304112,0,546,0,40,2,2,2,1,17,43,6
3293857,0,546,0,40,2,4,2,1,27,21,6
3283722,0,546,0,40,3,5,2,1,45,62,6
3261243,0,546,0,40,2,14,2,1,73,46,6
3303685,0,546,0,40,2,2,2,1,22,31,6
3286363,0,546,0,40,2,6,2,1,43,30,6
3309110,0,546,0,40,3,1,2,1,13,64,6
3309873,0,546,0,40,3,1,2,1,13,21,6
3281335,0,546,0,40,3,5,2,1,43,30,6
3292537,0,546,0,40,2,3,2,1,35,40,6
3273874,0,546,0,40,3,10,2,1,55,123,6
3280886,0,546,0,40,3,10,2,1,41,56,6
3255120,0,546,0,40,2,12,2,1,73,61,6
3304144,0,546,0,40,2,2,2,1,19,35,6
3305231,0,546,0,40,3,2,2,1,17,102,6
3303830,0,546,0,40,3,2,2,1,16,21,6
3286813,0,546,0,40,3,6,2,1,33,55,6
3291344,0,546,0,40,2,7,2,1,34,57,6
3310366,0,546,0,40,2,1,2,1,12,47,6
3310812,0,546,0,40,3,1,2,1,12,12,6
3311024,0,546,0,40,2,1,2,1,12,36,6
3265882,0,546,0,40,2,5,2,1,46,34,6
3283474,0,546,0,40,2,5,2,1,44,63,6
3293278,0,546,0,40,3,4,2,1,24,58,6
3302662,0,546,0,40,2,2,2,1,18,31,6
3263107,0,546,0,40,3,5,2,1,42,19,6
3282630,0,546,0,40,3,6,2,1,39,8,6
3284001,0,546,0,40,3,5,2,1,42,32,6
3297705,1,546,532,40,2,4,2,1,25,55,6
3287771,0,546,0,40,2,6,2,1,31,38,6
3309382,0,546,0,40,3,2,2,1,12,57,6
3264601,0,546,0,40,2,6,2,1,43,53,6
3186742,0,546,0,40,3,27,2,1,168,45,6
3305776,0,546,0,40,2,2,2,1,12,54,6
3306705,0,546,0,40,2,2,2,1,11,47,6
3291158,0,546,0,40,2,5,2,1,23,63,6
3299828,0,546,0,40,2,3,2,1,23,24,6
3304242,0,546,0,40,2,3,2,1,12,23,6
3272391,0,546,0,40,2,9,2,1,64,14,6
3306607,0,546,0,40,2,3,2,1,12,96,6
3302344,2,546,0,40,3,3,2,1,19,64,6
3292142,0,546,0,40,3,6,2,1,29,20,6
3279741,0,546,0,40,2,5,2,1,55,49,6
3304271,0,546,0,40,3,3,2,1,15,40,6
3275717,0,546,0,40,2,9,2,1,46,41,6
3309345,0,546,0,40,2,1,2,1,10,72,6
3311507,0,546,0,40,3,1,2,1,10,36,6
3272565,0,546,0,40,2,10,2,1,54,38,6
3263380,0,546,0,40,3,9,2,1,46,21,6
3295612,0,546,0,40,3,4,2,1,27,67,6
3298780,0,546,0,40,3,3,2,1,22,45,6
3268660,0,546,0,40,2,11,2,1,81,41,6
3285651,0,546,0,40,2,6,2,1,33,32,6
3301371,0,546,0,40,2,3,2,1,16,39,6
3275080,0,546,0,40,2,7,2,1,55,37,6
3269529,0,546,0,40,3,7,2,1,90,64,6
3290121,0,546,0,40,3,4,2,1,35,46,6
3310626,0,546,0,40,2,2,2,1,10,41,6
3305109,0,546,0,40,3,2,2,1,15,33,6
3270543,0,546,0,40,2,12,2,1,54,35,6
3312113,0,546,0,40,2,1,2,1,9,98,6
3312265,0,546,0,40,3,1,2,1,9,28,6
3312408,0,546,0,40,2,1,2,1,9,28,6
3312736,1,546,539,36.4756,2,1,2,1,9,47,6
3287120,0,546,0,40,2,5,2,1,32,65,6
3306757,0,546,0,40,2,2,2,1,11,43,6
3298039,0,546,0,40,2,3,2,1,27,80,6
3308571,0,546,0,40,3,2,2,1,10,69,6
3299577,0,546,0,40,2,3,2,1,22,15,6
3306575,0,546,0,40,3,2,2,1,15,32,6
3302805,0,546,0,40,3,3,2,1,18,44,6
3307831,0,546,0,40,3,2,2,1,13,15,6
3279790,0,546,0,40,3,8,2,1,36,80,6
3288795,0,546,0,40,3,6,2,1,37,56,6
3262102,0,546,0,40,2,7,2,1,91,42,6
3309586,0,546,0,40,2,2,2,1,12,34,6
3307065,0,546,0,40,3,3,2,1,14,63,6
3284444,0,546,0,40,3,7,2,1,38,34,6
3311693,0,546,0,40,3,1,2,1,8,36,6
3311863,0,546,0,40,3,1,2,1,8,35,6
3312167,0,546,0,40,2,1,2,1,8,58,6
3312687,0,546,0,40,2,1,2,1,8,25,6
3312771,0,546,0,40,3,1,2,1,8,82,6
3312871,0,546,0,40,3,1,2,1,8,28,6
3312945,0,546,0,40,3,1,2,1,8,88,6
3313213,0,546,0,40,3,1,2,1,8,38,6
3262475,0,546,0,40,3,6,2,1,73,61,6
3303854,0,546,0,40,2,1,2,1,22,31,6
3271824,0,546,0,40,3,10,2,1,72,55,6
3295753,0,546,0,40,3,3,2,1,31,12,6
3298540,0,546,0,40,3,3,2,1,29,36,6
3285561,0,546,0,40,3,4,2,1,43,73,6
3290767,0,546,0,40,2,4,2,1,34,43,6
3286129,0,546,0,40,3,5,2,1,42,50,6
3262543,0,546,0,40,3,10,2,1,87,111,6
3296894,0,546,0,40,2,3,2,1,32,70,6
3299958,0,546,0,40,3,4,2,1,22,47,6
3306005,0,546,0,40,3,2,2,1,18,87,6
3270846,0,546,0,40,2,11,2,1,59,33,6
3278581,0,546,0,40,2,7,2,1,46,43,6
3309332,0,546,0,40,2,1,2,1,15,28,6
3267543,0,546,0,40,3,4,2,1,32,26,6
3265372,0,546,0,40,3,9,2,1,56,38,6
3304018,0,546,0,40,2,3,2,1,16,49,6
3295530,0,546,0,40,3,3,2,1,27,57,6
3294433,0,546,0,40,2,5,2,1,28,43,6
3294672,1,546,540,29.9319,2,3,2,1,36,52,6
3279802,0,546,0,40,3,8,2,1,50,64,6
3309366,0,546,0,40,2,2,2,1,14,24,6
3300955,0,546,0,40,3,3,2,1,19,41,6
3300724,0,546,0,40,3,3,2,1,22,48,6
3282251,0,546,0,40,2,8,2,1,42,33,6
3310537,0,546,0,40,3,1,2,1,12,25,6
3300497,0,546,0,40,2,2,2,1,23,21,6
3306857,0,546,0,40,2,2,2,1,14,21,6
3296996,0,546,0,40,2,3,2,1,27,52,6
3273065,0,546,0,40,2,12,2,1,56,59,6
3263058,0,546,0,40,3,10,2,1,73,28,6
3296471,0,546,0,40,3,5,2,1,32,44,6
3307112,0,546,0,40,2,2,2,1,11,43,6
3283033,0,546,0,40,3,5,2,1,48,52,6
3300133,0,546,0,40,2,4,2,1,22,38,6
3300208,0,546,0,40,2,4,2,1,20,40,6
3271843,0,546,0,40,3,13,2,1,61,23,6
3289528,0,546,0,40,3,6,2,1,34,40,6
3311773,0,546,0,40,3,1,2,1,10,44,6
3311997,0,546,0,40,3,1,2,1,10,15,6
3312225,0,546,0,40,2,1,2,1,10,43,6
3312522,0,546,0,40,3,1,2,1,10,16,6
3312730,0,546,0,40,3,1,2,1,10,51,6
3279158,0,546,0,40,2,8,2,1,49,74,6
3301323,0,546,0,40,3,3,2,1,19,61,6
3306453,0,546,0,40,2,3,2,1,14,29,6
3271458,0,546,0,40,2,9,2,1,65,39,6
3266115,0,546,0,40,3,8,2,1,47,64,6
3293439,0,546,0,40,3,4,2,1,34,77,6
3310808,0,546,0,40,2,2,2,1,13,45,6
3312819,0,546,0,40,3,1,2,1,9,39,6
3313465,0,546,0,40,2,1,2,1,9,28,6
3271424,0,546,0,40,2,9,2,1,65,42,6
3302847,0,546,0,40,3,3,2,1,12,48,6
3286512,0,546,0,40,3,6,2,1,35,53,6
3261540,0,546,0,40,3,7,2,1,79,37,6
3283070,0,546,0,40,3,6,2,1,46,38,6
3312329,0,546,0,40,3,1,2,1,8,43,6
3313582,0,546,0,40,3,1,2,1,8,39,6
3302180,0,546,0,40,3,2,2,1,26,69,6
3280443,0,546,0,40,2,8,2,1,46,24,6
3273604,0,546,0,40,2,8,2,1,54,44,6
3277391,0,546,0,40,3,6,2,1,60,32,6
3278038,0,546,0,40,3,7,2,1,57,42,6
3273766,0,546,0,40,2,11,2,1,53,42,6
3303053,0,546,0,40,2,3,2,1,24,58,6
3283758,0,546,0,40,3,4,2,1,43,92,6
3270084,0,546,0,40,2,12,2,1,61,10,6
3274509,0,546,0,40,2,10,2,1,52,32,6
3309880,0,546,0,40,2,1,2,1,9,68,6
3285625,0,546,0,40,3,4,2,1,51,63,6
3309599,0,546,0,40,2,3,2,1,11,79,6
3314231,0,546,0,40,2,1,2,1,8,41,6
3310779,0,546,0,40,2,0,2,1,7,36,6
3311325,0,546,0,40,2,0,2,1,7,40,6
3311629,0,546,0,40,2,0,2,1,7,53,6
3311755,0,546,0,40,3,0,2,1,7,43,6
3311947,0,546,0,40,3,0,2,1,7,18,6
3311995,0,546,0,40,2,0,2,1,7,34,6
3312123,0,546,0,40,3,0,2,1,7,35,6
3312389,0,546,0,40,3,0,2,1,7,28,6
3312549,0,546,0,40,3,0,2,1,7,23,6
3312613,0,546,0,40,3,0,2,1,7,26,6
3312725,0,546,0,40,3,0,2,1,7,25,6
3312894,0,546,0,40,2,0,2,1,7,26,6
3312942,0,546,0,40,2,0,2,1,7,83,6
3313006,0,546,0,40,3,0,2,1,7,38,6
3313070,0,546,0,40,3,0,2,1,7,42,6
3313150,0,546,0,40,3,0,2,1,7,44,6
3313198,0,546,0,40,3,0,2,1,7,56,6
3313230,0,546,0,40,3,0,2,1,7,92,6
3313334,0,546,0,40,3,0,2,1,7,26,6
3313398,0,546,0,40,3,0,2,1,7,39,6
3313477,0,546,0,40,2,0,2,1,7,48,6
3313493,0,546,0,40,3,0,2,1,7,37,6
3313509,0,546,0,40,2,0,2,1,7,41,6
3313517,0,546,0,40,3,0,2,1,7,21,6
3313525,0,546,0,40,3,0,2,1,7,18,6
3313541,0,546,0,40,2,0,2,1,7,31,6
3313549,0,546,0,40,2,0,2,1,7,62,6
3313605,0,546,0,40,3,0,2,1,7,78,6
3313653,0,546,0,40,3,0,2,1,7,25,6
3313661,0,546,0,40,3,0,2,1,7,45,6
3313685,0,546,0,40,3,0,2,1,7,51,6
3313709,0,546,0,40,3,0,2,1,7,41,6
3313757,0,546,0,40,3,0,2,1,7,46,6
3313773,0,546,0,40,2,0,2,1,7,33,6
3313781,0,546,0,40,2,0,2,1,7,38,6
3313805,0,546,0,40,2,0,2,1,7,52,6
3313821,0,546,0,40,2,0,2,1,7,123,6
3313829,0,546,0,40,3,0,2,1,7,60,6
3313853,0,546,0,40,2,0,2,1,7,69,6
3313861,0,546,0,40,3,0,2,1,7,49,6
3313877,0,546,0,40,3,0,2,1,7,48,6
3313885,0,546,0,40,2,0,2,1,7,56,6
3313893,0,546,0,40,3,0,2,1,7,16,6
3313901,0,546,0,40,3,0,2,1,7,49,6
3313925,0,546,0,40,2,0,2,1,7,54,6
3313933,0,546,0,40,2,0,2,1,7,51,6
3313941,0,546,0,40,3,0,2,1,7,55,6
3313949,0,546,0,40,3,0,2,1,7,42,6
3313997,0,546,0,40,3,0,2,1,7,46,6
3314005,0,546,0,40,2,0,2,1,7,20,6
3314021,0,546,0,40,2,0,2,1,7,40,6
3314037,0,546,0,40,2,0,2,1,7,49,6
3314044,0,546,0,40,3,0,2,1,7,20,6
3314052,0,546,0,40,3,0,2,1,7,58,6
3314056,0,546,0,40,3,0,2,1,7,69,6
3314076,0,546,0,40,3,0,2,1,7,12,6
3314084,0,546,0,40,2,0,2,1,7,32,6
3314088,0,546,0,40,3,0,2,1,7,17,6
3314100,0,546,0,40,3,0,2,1,7,34,6
3314104,0,546,0,40,2,0,2,1,7,40,6
3314108,0,546,0,40,2,0,2,1,7,36,6
3314112,0,546,0,40,3,0,2,1,7,32,6
3314116,0,546,0,40,2,0,2,1,7,41,6
3314124,0,546,0,40,3,0,2,1,7,24,6
3314132,0,546,0,40,3,0,2,1,7,22,6
3314136,0,546,0,40,2,0,2,1,7,82,6
3314140,0,546,0,40,3,0,2,1,7,49,6
3314148,0,546,0,40,3,0,2,1,7,107,6
3314168,0,546,0,40,2,0,2,1,7,71,6
3314172,0,546,0,40,2,0,2,1,7,44,6
3314184,0,546,0,40,3,0,2,1,7,44,6
3314188,0,546,0,40,2,0,2,1,7,27,6
3314192,0,546,0,40,3,0,2,1,7,19,6
3314200,0,546,0,40,3,0,2,1,7,41,6
3314220,0,546,0,40,3,0,2,1,7,52,6
3314240,0,546,0,40,2,0,2,1,7,70,6
3314244,0,546,0,40,2,0,2,1,7,49,6
3314264,0,546,0,40,3,0,2,1,7,42,6
3314284,0,546,0,40,2,0,2,1,7,13,6
3314292,0,546,0,40,2,0,2,1,7,60,6
3314308,0,546,0,40,2,0,2,1,7,46,6
3314312,0,546,0,40,3,0,2,1,7,35,6
3314316,0,546,0,40,3,0,2,1,7,43,6
3314324,0,546,0,40,3,0,2,1,7,20,6
3314328,0,546,0,40,2,0,2,1,7,32,6
3314336,0,546,0,40,2,0,2,1,7,87,6
3314356,2,546,0,40,3,0,2,1,7,9,6
3314372,0,546,0,40,3,0,2,1,7,42,6
3314380,0,546,0,40,3,0,2,1,7,70,6
3314392,0,546,0,40,2,0,2,1,7,29,6
3314396,0,546,0,40,3,0,2,1,7,69,6
3314400,0,546,0,40,2,0,2,1,7,45,6
3314412,0,546,0,40,3,0,2,1,7,32,6
3314416,0,546,0,40,3,0,2,1,7,60,6
3314420,0,546,0,40,2,0,2,1,7,92,6
3314436,0,546,0,40,3,0,2,1,7,53,6
3314444,0,546,0,40,3,0,2,1,7,38,6
3314448,0,546,0,40,3,0,2,1,7,68,6
3314452,0,546,0,40,2,0,2,1,7,53,6
3314468,0,546,0,40,2,0,2,1,7,84,6
3314480,0,546,0,40,2,0,2,1,7,37,6
3314484,0,546,0,40,3,0,2,1,7,27,6
3314516,0,546,0,40,3,0,2,1,7,50,6
3314540,0,546,0,40,2,0,2,1,7,18,6
3314560,0,546,0,40,2,0,2,1,7,35,6
3314564,0,546,0,40,2,0,2,1,7,57,6
3314568,0,546,0,40,2,0,2,1,7,37,6
3314580,0,546,0,40,2,0,2,1,7,52,6
3314588,0,546,0,40,2,0,2,1,7,47,6
3314604,0,546,0,40,3,0,2,1,7,32,6
3314608,0,546,0,40,3,0,2,1,7,57,6
3314616,0,546,0,40,2,0,2,1,7,34,6
3314624,0,546,0,40,3,0,2,1,7,36,6
3314630,0,546,0,40,2,0,2,1,7,45,6
3314638,0,546,0,40,2,0,2,1,7,29,6
3314646,0,546,0,40,2,0,2,1,7,25,6
3314656,0,546,0,40,2,0,2,1,7,36,6
3314658,0,546,0,40,2,0,2,1,7,33,6
3314664,0,546,0,40,2,0,2,1,7,61,6
3314672,0,546,0,40,3,0,2,1,7,41,6
3314680,0,546,0,40,2,0,2,1,7,58,6
3314686,0,546,0,40,2,0,2,1,7,32,6
3314688,0,546,0,40,3,0,2,1,7,44,6
3314694,0,546,0,40,2,0,2,1,7,43,6
3314702,0,546,0,40,3,0,2,1,7,42,6
3314706,0,546,0,40,2,0,2,1,7,31,6
3314710,0,546,0,40,3,0,2,1,7,38,6
3314714,0,546,0,40,2,0,2,1,7,61,6
3314722,0,546,0,40,2,0,2,1,7,48,6
3314734,0,546,0,40,2,0,2,1,7,20,6
3314738,0,546,0,40,3,0,2,1,7,76,6
3314750,0,546,0,40,2,0,2,1,7,62,6
3314754,0,546,0,40,3,0,2,1,7,44,6
3314758,0,546,0,40,2,0,2,1,7,42,6
3314764,0,546,0,40,3,0,2,1,7,75,6
3314772,0,546,0,40,3,0,2,1,7,33,6
3314780,0,546,0,40,2,0,2,1,7,29,6
3314782,0,546,0,40,2,0,2,1,7,15,6
3314786,0,546,0,40,3,0,2,1,7,57,6
3314796,0,546,0,40,2,0,2,1,7,39,6
3314798,0,546,0,40,3,0,2,1,7,49,6
3314800,0,546,0,40,2,0,2,1,7,29,6
3314808,0,546,0,40,2,0,2,1,7,21,6
3314810,0,546,0,40,2,0,2,1,7,57,6
3314812,0,546,0,40,3,0,2,1,7,19,6
3314814,0,546,0,40,3,0,2,1,7,108,6
3314822,0,546,0,40,3,0,2,1,7,39,6
3314830,0,546,0,40,3,0,2,1,7,38,6
3314844,0,546,0,40,2,0,2,1,7,45,6
3314848,0,546,0,40,2,0,2,1,7,57,6
3314856,0,546,0,40,3,0,2,1,7,41,6
3314864,0,546,0,40,2,0,2,1,7,43,6
3314868,0,546,0,40,3,0,2,1,7,58,6
3314872,0,546,0,40,2,0,2,1,7,28,6
3314874,0,546,0,40,3,0,2,1,7,28,6
3314882,0,546,0,40,2,0,2,1,7,19,6
3314886,0,546,0,40,2,0,2,1,7,49,6
3314890,0,546,0,40,2,0,2,1,7,58,6
3314894,0,546,0,40,2,0,2,1,7,42,6
3314902,0,546,0,40,3,0,2,1,7,37,6
3314908,0,546,0,40,3,0,2,1,7,25,6
3314916,0,546,0,40,3,0,2,1,7,12,6
3314930,0,546,0,40,2,0,2,1,7,73,6
3314950,0,546,0,40,3,0,2,1,7,95,6
3314952,0,546,0,40,2,0,2,1,7,33,6
3314956,0,546,0,40,2,0,2,1,7,61,6
3314966,0,546,0,40,2,0,2,1,7,29,6
3314968,0,546,0,40,3,0,2,1,7,34,6
3314974,0,546,0,40,2,0,2,1,7,24,6
3314976,0,546,0,40,3,0,2,1,7,23,6
3314982,0,546,0,40,2,0,2,1,7,24,6
3314984,0,546,0,40,2,0,2,1,7,28,6
3314994,0,546,0,40,3,0,2,1,7,64,6
3314998,0,546,0,40,2,0,2,1,7,47,6
3315000,0,546,0,40,3,0,2,1,7,49,6
3315002,0,546,0,40,3,0,2,1,7,51,6
3315010,0,546,0,40,3,0,2,1,7,75,6
3315016,0,546,0,40,3,0,2,1,7,31,6
3315028,0,546,0,40,3,0,2,1,7,30,6
3315034,0,546,0,40,2,0,2,1,7,62,6
3315038,0,546,0,40,2,0,2,1,7,49,6
3315040,0,546,0,40,3,0,2,1,7,37,6
3315048,0,546,0,40,2,0,2,1,7,70,6
3315050,0,546,0,40,3,0,2,1,7,51,6
3315056,0,546,0,40,2,0,2,1,7,43,6
3315072,0,546,0,40,2,0,2,1,7,62,6
3315078,0,546,0,40,2,0,2,1,7,49,6
3315080,0,546,0,40,3,0,2,1,7,55,6
3315082,0,546,0,40,3,0,2,1,7,47,6
3315084,0,546,0,40,2,0,2,1,7,34,6
3315088,0,546,0,40,2,0,2,1,7,60,6
3315092,0,546,0,40,2,0,2,1,7,26,6
3315096,0,546,0,40,3,0,2,1,7,36,6
3315098,0,546,0,40,3,0,2,1,7,79,6
3315100,0,546,0,40,2,0,2,1,7,24,6
3315106,0,546,0,40,2,0,2,1,7,59,6
3315112,0,546,0,40,2,0,2,1,7,75,6
3315118,0,546,0,40,3,0,2,1,7,66,6
3315124,0,546,0,40,3,0,2,1,7,34,6
3315134,0,546,0,40,2,0,2,1,7,54,6
3315142,0,546,0,40,3,0,2,1,7,29,6
3315154,0,546,0,40,3,0,2,1,7,59,6
3315156,0,546,0,40,3,0,2,1,7,43,6
3315158,0,546,0,40,2,0,2,1,7,18,6
3315166,0,546,0,40,2,0,2,1,7,33,6
3315170,0,546,0,40,3,0,2,1,7,23,6
3315178,0,546,0,40,3,0,2,1,7,31,6
3315182,0,546,0,40,2,0,2,1,7,31,6
3315190,0,546,0,40,3,0,2,1,7,28,6
3315196,0,546,0,40,2,0,2,1,7,68,6
3315204,0,546,0,40,3,0,2,1,7,68,6
3315208,0,546,0,40,2,0,2,1,7,36,6
3315210,0,546,0,40,2,0,2,1,7,32,6
3315218,0,546,0,40,3,0,2,1,7,53,6
3315220,0,546,0,40,2,0,2,1,7,35,6
3315228,0,546,0,40,3,0,2,1,7,25,6
3315230,0,546,0,40,2,0,2,1,7,91,6
3315240,0,546,0,40,3,0,2,1,7,41,6
3315242,0,546,0,40,3,0,2,1,7,35,6
3315244,0,546,0,40,2,0,2,1,7,40,6
3291151,0,546,0,40,3,3,2,1,22,34,6
3282498,0,546,0,40,2,7,2,1,31,28,6
3305294,0,546,0,40,3,1,2,1,11,15,6
3295124,0,546,0,40,3,2,2,1,25,55,6
3305422,0,546,0,40,3,1,2,1,11,44,6
3284259,0,546,0,40,2,5,2,1,37,75,6
3280478,0,546,0,40,2,8,2,1,39,32,6
3299543,0,546,0,40,3,1,2,1,23,31,6
3304463,0,546,0,40,3,1,2,1,13,20,6
3267047,0,546,0,40,3,8,2,1,65,39,6
3305625,0,546,0,40,2,1,2,1,10,42,6
3299732,0,546,0,40,2,4,2,1,13,36,6
3293009,0,546,0,40,3,4,2,1,21,26,6
3278836,0,546,0,40,3,4,2,1,48,43,6
3295434,0,546,0,40,3,2,2,1,28,53,6
3300431,0,546,0,40,2,2,2,1,17,37,6
3297604,0,546,0,40,3,2,2,1,21,73,6
3291202,0,546,0,40,3,3,2,1,29,34,6
3305731,0,546,0,40,3,1,2,1,12,49,6
3265671,0,546,0,40,2,8,2,1,43,34,6
3306615,0,546,0,40,2,1,2,1,11,27,6
3282066,0,546,0,40,2,4,2,1,43,38,6
3305549,0,546,0,40,2,1,2,1,10,12,6
3291538,0,546,0,40,3,5,2,1,23,71,6
3302687,0,546,0,40,2,3,2,1,13,55,6
3307639,0,546,0,40,2,1,2,1,9,39,6
3303963,0,546,0,40,3,2,2,1,14,34,6
3308208,0,546,0,40,2,1,2,1,8,33,6
3277829,0,546,0,40,2,9,2,1,47,85,6
3290541,0,546,0,40,3,3,2,1,37,35,6
3309147,0,546,0,40,3,1,2,1,7,68,6
3267761,0,546,0,40,3,5,2,1,63,47,6
3262426,0,546,0,40,3,8,2,1,65,53,6
3298234,0,546,0,40,3,2,2,1,24,55,6
3259898,0,546,0,40,3,13,2,1,77,54,6
3297475,0,546,0,40,2,2,2,1,25,46,6
3265605,0,546,0,40,2,6,2,1,48,57,6
3266257,0,546,0,40,3,5,2,1,44,17,6
3301362,0,546,0,40,2,2,2,1,19,26,6
3239556,0,546,0,40,3,14,2,1,105,74,6
3272852,0,546,0,40,3,10,2,1,56,39,6
3283095,0,546,0,40,2,6,2,1,38,41,6
3293385,0,546,0,40,3,4,2,1,22,62,6
3298214,0,546,0,40,2,2,2,1,20,58,6
3270901,0,546,0,40,2,6,2,1,69,21,6
3271116,0,546,0,40,2,9,2,1,55,19,6
3297525,0,546,0,40,2,5,2,1,22,40,6
3307126,0,546,0,40,2,1,2,1,11,27,6
3303436,1,546,533,27.0242,3,2,2,1,12,54,6
3298894,0,546,0,40,3,4,2,1,16,41,6
3307713,0,546,0,40,3,1,2,1,10,42,6
3282532,0,546,0,40,3,5,2,1,36,58,6
3308572,0,546,0,40,2,1,2,1,9,54,6
3296786,0,546,0,40,3,3,2,1,14,11,6
3301816,0,546,0,40,3,2,2,1,15,106,6
3290720,0,546,0,40,2,5,2,1,28,63,6
3304085,0,546,0,40,3,3,2,1,11,32,6
3308555,0,546,0,40,3,1,2,1,8,80,6
3294330,0,546,0,40,3,2,2,1,29,15,6
3302433,0,546,0,40,3,2,2,1,12,33,6
3181712,0,546,0,40,2,24,2,1,135,42,6
3288138,0,546,0,40,3,7,2,1,23,26,6
3305173,0,546,0,40,2,1,2,1,7,27,6
3309660,0,546,0,40,3,1,2,1,7,55,6
3285221,0,546,0,40,3,4,2,1,44,48,6
3294117,0,546,0,40,3,3,2,1,27,30,6
3301428,0,546,0,40,2,1,2,1,23,40,6
3224226,0,546,0,40,3,12,2,1,100,15,6
3303797,0,546,0,40,2,1,2,1,18,28,6
3288261,0,546,0,40,2,4,2,1,33,27,6
3303394,0,546,0,40,3,1,2,1,17,41,6
3273736,0,546,0,40,3,6,2,1,55,26,6
3290460,0,546,0,40,2,4,2,1,31,97,6
3265575,1,546,534,31.1064,2,5,2,1,38,31,6
3281197,0,546,0,40,2,7,2,1,42,34,6
3305502,0,546,0,40,2,1,2,1,15,62,6
3278220,0,546,0,40,2,8,2,1,50,10,6
3306317,0,546,0,40,3,1,2,1,14,19,6
3302650,0,546,0,40,3,2,2,1,14,18,6
3306298,0,546,0,40,2,1,2,1,13,26,6
3283208,0,546,0,40,3,6,2,1,36,58,6
3298369,0,546,0,40,3,3,2,1,21,46,6
3261843,0,546,0,40,3,9,2,1,74,40,6
3300652,0,546,0,40,2,3,2,1,13,21,6
3279831,0,546,0,40,3,3,2,1,64,29,6
3297077,0,546,0,40,2,3,2,1,17,56,6
3306280,0,546,0,40,2,1,2,1,10,42,6
3307756,0,546,0,40,3,1,2,1,10,61,6
3308662,0,546,0,40,2,1,2,1,10,27,6
3304740,0,546,0,40,2,2,2,1,11,45,6
3295910,0,546,0,40,2,3,2,1,15,67,6
3287592,0,546,0,40,3,4,2,1,32,23,6
3263878,0,546,0,40,3,6,2,1,46,31,6
3295457,0,546,0,40,3,4,2,1,25,72,6
3282063,0,546,0,40,2,7,2,1,33,18,6
3306367,0,546,0,40,2,3,2,1,10,25,6
3286134,0,546,0,40,2,6,2,1,35,24,6
3309212,0,546,0,40,2,1,2,1,8,48,6
3309612,0,546,0,40,3,1,2,1,8,11,6
3288162,0,546,0,40,2,5,2,1,37,53,6
3285824,0,546,0,40,2,6,2,1,24,27,6
3291297,0,546,0,40,3,7,2,1,21,49,6
3301981,0,546,0,40,3,2,2,1,18,47,6
3305032,0,546,0,40,2,2,2,1,13,45,6
3252820,0,546,0,40,3,14,2,1,74,16,6
3307191,0,546,0,40,3,2,2,1,9,43,6
3308942,0,546,0,40,2,1,2,1,7,47,6
3310157,1,546,534,21.555,3,1,2,1,7,44,6
3281412,0,546,0,40,2,5,2,1,44,53,6
3284812,0,546,0,40,3,4,2,1,44,45,6
3292540,0,546,0,40,2,3,2,1,35,50,6
3284346,0,546,0,40,2,4,2,1,46,77,6
3278073,0,546,0,40,2,8,2,1,40,37,6
3295041,0,546,0,40,3,3,2,1,32,64,6
3270235,0,546,0,40,3,11,2,1,61,21,6
3283267,0,546,0,40,2,7,2,1,44,46,6
3302265,0,546,0,40,2,1,2,1,17,42,6
3295729,0,546,0,40,2,3,2,1,18,72,6
3297378,0,546,0,40,2,3,2,1,20,47,6
3288712,0,546,0,40,3,4,2,1,38,22,6
3291046,0,546,0,40,2,4,2,1,33,24,6
3272230,0,546,0,40,3,6,2,1,61,61,6
3285196,0,546,0,40,3,6,2,1,35,19,6
3260717,0,546,0,40,2,13,2,1,47,30,6
3292652,0,546,0,40,3,3,2,1,34,69,6
3291088,0,546,0,40,3,4,2,1,32,42,6
3270974,0,546,0,40,2,9,2,1,71,17,6
3294067,0,546,0,40,2,5,2,1,26,36,6
3277927,0,546,0,40,3,9,2,1,42,41,6
3307120,0,546,0,40,2,1,2,1,13,35,6
3307598,0,546,0,40,3,1,2,1,13,32,6
3279503,0,546,0,40,2,5,2,1,48,32,6
3269770,0,546,0,40,2,9,2,1,79,54,6
3299106,0,546,0,40,2,3,2,1,14,51,6
3292571,0,546,0,40,3,4,2,1,26,53,6
3297611,0,546,0,40,3,4,2,1,17,48,6
3280164,0,546,0,40,3,7,2,1,29,34,6
3307727,0,546,0,40,2,1,2,1,12,30,6
3285851,0,546,0,40,2,6,2,1,32,71,6
3287153,0,546,0,40,3,4,2,1,36,19,6
3262491,0,546,0,40,3,6,2,1,60,31,6
3287900,0,546,0,40,3,5,2,1,32,52,6
3300592,0,546,0,40,3,3,2,1,18,50,6
3308350,0,546,0,40,3,1,2,1,11,66,6
3269540,0,546,0,40,2,10,2,1,56,48,6
3303072,0,546,0,40,2,2,2,1,13,21,6
3299211,0,546,0,40,2,2,2,1,22,50,6
3262211,0,546,0,40,3,5,2,1,33,46,6
3257293,0,546,0,40,3,9,2,1,45,54,6
3309121,0,546,0,40,3,1,2,1,10,57,6
3300377,0,546,0,40,2,2,2,1,18,57,6
3276736,0,546,0,40,3,4,2,1,61,62,6
3288353,0,546,0,40,3,5,2,1,28,44,6
3287206,0,546,0,40,3,3,2,1,45,47,6
3285932,0,546,0,40,3,5,2,1,37,72,6
3306925,0,546,0,40,3,2,2,1,11,30,6
3306019,0,546,0,40,3,2,2,1,13,22,6
3307710,0,546,0,40,3,1,2,1,9,43,6
3288250,0,546,0,40,3,7,2,1,27,52,6
3304310,0,546,0,40,2,2,2,1,13,45,6
3305300,0,546,0,40,3,2,2,1,12,29,6
3297165,0,546,0,40,2,3,2,1,23,12,6
3297070,0,546,0,40,3,4,2,1,26,55,6
3299604,0,546,0,40,3,4,2,1,13,32,6
3303688,0,546,0,40,3,3,2,1,15,31,6
3258607,0,546,0,40,2,14,2,1,81,49,6
3308613,0,546,0,40,3,1,2,1,8,66,6
3309563,0,546,0,40,2,1,2,1,8,66,6
3310265,0,546,0,40,2,1,2,1,8,45,6
3310361,0,546,0,40,2,1,2,1,8,76,6
3286380,0,546,0,40,3,5,2,1,29,28,6
3295495,0,546,0,40,3,4,2,1,17,37,6
3261670,0,546,0,40,2,11,2,1,68,38,6
3291574,0,546,0,40,3,4,2,1,29,73,6
3273746,1,546,517,28.3697,3,10,2,1,46,132,6
3300269,0,546,0,40,3,4,2,1,13,50,6
3302234,0,546,0,40,2,3,2,1,16,57,6
3294406,0,546,0,40,3,4,2,1,26,87,6
3306254,0,546,0,40,2,2,2,1,10,44,6
3300090,0,546,0,40,2,3,2,1,17,30,6
3293818,0,546,0,40,3,5,2,1,20,65,6
3295502,0,546,0,40,2,4,2,1,19,28,6
3302359,0,546,0,40,2,3,2,1,13,36,6
3287783,0,546,0,40,2,8,2,1,25,25,6
3296119,0,546,0,40,2,1,2,1,34,52,6
3289714,0,546,0,40,2,4,2,1,35,90,6
3279911,0,546,0,40,3,6,2,1,51,28,6
3285001,0,546,0,40,3,5,2,1,38,28,6
3289693,0,546,0,40,2,4,2,1,36,22,6
3301761,1,546,536,40,2,1,2,1,23,107,6
3213719,0,546,0,40,3,19,2,1,88,34,6
3290096,0,546,0,40,3,4,2,1,35,48,6
3279251,0,546,0,40,3,5,2,1,55,45,6
3267683,0,546,0,40,2,10,2,1,88,26,6
3303829,0,546,0,40,3,1,2,1,20,70,6
3282493,0,546,0,40,3,5,2,1,46,28,6
3268229,0,546,0,40,2,10,2,1,65,32,6
3265032,0,546,0,40,3,4,2,1,29,37,6
3296147,0,546,0,40,3,4,2,1,24,37,6
3290440,0,546,0,40,3,5,2,1,30,54,6
3300473,0,546,0,40,3,3,2,1,22,45,6
3280925,0,546,0,40,2,8,2,1,43,42,6
3298101,0,546,0,40,3,2,2,1,26,12,6
3300805,0,546,0,40,3,3,2,1,20,62,6
3305931,0,546,0,40,3,1,2,1,16,28,6
3292439,0,546,0,40,2,2,2,1,32,48,6
3265327,0,546,0,40,2,7,2,1,68,66,6
3303617,0,546,0,40,2,2,2,1,16,37,6
3281721,0,546,0,40,3,5,2,1,55,25,6
3293620,0,546,0,40,2,4,2,1,21,22,6
3283932,0,546,0,40,2,5,2,1,40,9,6
3299039,0,546,0,40,2,3,2,1,17,61,6
3253348,0,546,0,40,2,8,2,1,59,44,6
3301759,0,546,0,40,3,2,2,1,16,40,6
3306488,0,546,0,40,2,1,2,1,14,37,6
3307402,0,546,0,40,2,1,2,1,14,43,6
3285224,0,546,0,40,3,5,2,1,30,16,6
3282491,0,546,0,40,2,7,2,1,38,93,6
3249531,0,546,0,40,2,10,2,1,83,39,6
3262187,0,546,0,40,3,4,2,1,37,40,6
3293774,0,546,0,40,3,5,2,1,25,27,6
3308015,0,546,0,40,3,1,2,1,13,46,6
3295926,0,546,0,40,3,2,2,1,25,47,6
3291266,0,546,0,40,3,3,2,1,33,126,6
3279754,0,546,0,40,2,9,2,1,40,46,6
3263383,0,546,0,40,2,9,2,1,59,44,6
3304260,0,546,0,40,2,2,2,1,13,25,6
3286845,0,546,0,40,2,4,2,1,43,51,6
3299474,0,546,0,40,2,3,2,1,21,29,6
3288990,0,546,0,40,3,7,2,1,24,41,6
3301124,0,546,0,40,2,3,2,1,15,49,6
3296344,0,546,0,40,2,3,2,1,24,42,6
3307988,0,546,0,40,2,1,2,1,12,43,6
3308534,0,546,0,40,2,1,2,1,12,57,6
3280384,0,546,0,40,3,4,2,1,52,47,6
3220226,0,546,0,40,3,15,2,1,81,23,6
3300506,0,546,0,40,3,2,2,1,19,18,6
3293076,0,546,0,40,2,4,2,1,26,78,6
3307427,0,546,0,40,3,1,2,1,11,45,6
3308901,0,546,0,40,2,1,2,1,11,43,6
3309249,0,546,0,40,2,1,2,1,11,18,6
3291327,0,546,0,40,3,6,2,1,21,41,6
3292116,0,546,0,40,3,3,2,1,30,49,6
3278103,0,546,0,40,2,6,2,1,51,44,6
3304147,0,546,0,40,3,3,2,1,13,42,6
3306883,0,546,0,40,2,2,2,1,11,46,6
3277769,0,546,0,40,2,7,2,1,48,60,6
3295110,0,546,0,40,2,4,2,1,28,26,6
3307766,0,546,0,40,2,1,2,1,10,32,6
3308569,0,546,0,40,3,1,2,1,10,41,6
3308948,0,546,0,40,3,1,2,1,10,38,6
3309564,0,546,0,40,2,1,2,1,10,77,6
3304763,0,546,0,40,2,2,2,1,10,33,6
3298146,0,546,0,40,3,4,2,1,19,51,6
3272538,0,546,0,40,3,8,2,1,62,49,6
3293486,0,546,0,40,3,5,2,1,23,44,6
3305003,0,546,0,40,3,2,2,1,11,65,6
3277930,0,546,0,40,3,8,2,1,42,45,6
3298754,0,546,0,40,3,3,2,1,20,46,6
3267207,1,546,529,35.692,2,6,2,1,34,36,6
3302919,0,546,0,40,3,3,2,1,14,54,6
3308546,0,546,0,40,3,2,2,1,10,52,6
3308213,0,546,0,40,2,1,2,1,9,54,6
3309571,0,546,0,40,2,1,2,1,9,40,6
3309913,0,546,0,40,2,1,2,1,9,34,6
3310355,0,546,0,40,2,1,2,1,9,26,6
3287662,0,546,0,40,3,6,2,1,34,50,6
3293592,0,546,0,40,3,3,2,1,28,32,6
3296046,0,546,0,40,3,3,2,1,27,36,6
3291465,0,546,0,40,2,4,2,1,23,87,6
3273714,0,546,0,40,2,10,2,1,51,63,6
3219582,0,546,0,40,3,15,2,1,112,52,6
3287623,0,546,0,40,2,6,2,1,33,71,6
3202500,0,546,0,40,3,25,2,1,128,91,6
3273423,0,546,0,40,3,11,2,1,66,24,6
3286137,0,546,0,40,2,5,2,1,37,81,6
3280736,0,546,0,40,2,8,2,1,42,49,6
3280019,0,546,0,40,3,8,2,1,48,69,6
3290298,0,546,0,40,3,5,2,1,30,79,6
3266474,0,546,0,40,2,4,2,1,24,26,6
3307686,0,546,0,40,3,1,2,1,8,53,6
3309066,0,546,0,40,2,1,2,1,8,37,6
3310426,0,546,0,40,2,1,2,1,8,33,6
3310634,0,546,0,40,2,1,2,1,8,47,6
3310956,0,546,0,40,3,1,2,1,8,51,6
3301523,0,546,0,40,2,2,2,1,13,29,6
3287727,0,546,0,40,2,5,2,1,29,58,6
3270014,0,546,0,40,3,10,2,1,62,21,6
3298786,0,546,0,40,2,3,2,1,10,29,6
3303085,0,546,0,40,2,3,2,1,14,79,6
3281976,0,546,0,40,2,7,2,1,40,81,6
3275262,0,546,0,40,2,9,2,1,45,50,6
3273845,0,546,0,40,2,6,2,1,73,27,6
3290955,0,546,0,40,3,6,2,1,27,21,6
3282899,0,546,0,40,2,7,2,1,39,61,6
3278077,0,546,0,40,3,9,2,1,54,27,6
3270948,0,546,0,40,3,9,2,1,55,18,6
3299506,0,546,0,40,2,4,2,1,11,62,6
3299591,0,546,0,40,2,2,2,1,26,26,6
3303516,0,546,0,40,2,2,2,1,18,24,6
3298607,0,546,0,40,3,4,2,1,20,90,6
3267806,0,546,0,40,2,11,2,1,70,28,6
3261315,0,546,0,40,2,14,2,1,81,26,6
3284345,0,546,0,40,3,7,2,1,31,48,6
3292941,0,546,0,40,3,5,2,1,25,47,6
3308060,0,546,0,40,3,2,2,1,11,32,6
3309401,0,546,0,40,2,1,2,1,7,54,6
3310989,0,546,0,40,2,1,2,1,7,22,6
3311158,0,546,0,40,2,1,2,1,7,52,6
3311542,0,546,0,40,3,1,2,1,7,48,6
3311710,0,546,0,40,3,1,2,1,7,67,6
3296197,0,546,0,40,3,2,2,1,35,43,6
3290693,0,546,0,40,2,3,2,1,34,51,6
3280178,0,546,0,40,3,5,2,1,55,44,6
3270138,1,546,537,4.20842,3,8,2,1,69,26,6
3294679,0,546,0,40,2,2,2,1,34,24,6
3293642,0,546,0,40,2,3,2,1,30,55,6
3302330,0,546,0,40,3,1,2,1,24,38,6
3281069,0,546,0,40,2,4,2,1,53,29,6
3274048,0,546,0,40,2,7,2,1,59,30,6
3302401,0,546,0,40,2,1,2,1,21,50,6
3298521,0,546,0,40,2,2,2,1,24,24,6
3279209,0,546,0,40,3,7,2,1,49,25,6
3303708,0,546,0,40,3,1,2,1,20,41,6
3274602,0,546,0,40,3,9,2,1,51,55,6
3284485,0,546,0,40,3,2,2,1,50,67,6
3284225,0,546,0,40,2,5,2,1,39,49,6
3284800,1,546,537,28.8954,2,5,2,1,42,61,6
3301817,0,546,0,40,3,2,2,1,21,26,6
3275237,0,546,0,40,2,7,2,1,53,23,6
3283468,0,546,0,40,3,4,2,1,50,21,6
3282476,0,546,0,40,3,7,2,1,38,62,6
3287862,0,546,0,40,3,5,2,1,31,17,6
3288632,0,546,0,40,2,4,2,1,45,41,6
3305993,0,546,0,40,2,1,2,1,17,24,6
3263088,0,546,0,40,2,6,2,1,45,84,6
3284417,0,546,0,40,3,6,2,1,41,77,6
3287473,0,546,0,40,2,5,2,1,26,30,6
3284400,0,546,0,40,2,5,2,1,39,21,6
3305593,0,546,0,40,3,1,2,1,16,45,6
3306457,0,546,0,40,3,1,2,1,16,58,6
3281280,0,546,0,40,3,7,2,1,45,34,6
3287432,0,546,0,40,3,4,2,1,34,69,6
3302604,0,546,0,40,3,2,2,1,19,71,6
3293822,0,546,0,40,3,5,2,1,21,48,6
3265342,0,546,0,40,3,6,2,1,37,34,6
3267356,0,546,0,40,3,13,2,1,72,42,6
3285937,0,546,0,40,3,6,2,1,41,22,6
3297184,0,546,0,40,2,3,2,1,19,35,6
3299259,0,546,0,40,2,2,2,1,24,45,6
3300250,0,546,0,40,3,3,2,1,17,107,6
3266672,0,546,0,40,2,6,2,1,42,55,6
3266681,0,546,0,40,2,10,2,1,83,21,6
3264002,0,546,0,40,2,10,2,1,82,42,6
3265747,0,546,0,40,3,11,2,1,65,31,6
3307009,0,546,0,40,2,1,2,1,14,46,6
3307743,0,546,0,40,2,1,2,1,14,23,6
3278856,0,546,0,40,3,4,2,1,57,25,6
3294834,0,546,0,40,2,4,2,1,23,74,6
3280463,0,546,0,40,2,6,2,1,51,23,6
3261799,0,546,0,40,3,6,2,1,38,45,6
3270491,0,546,0,40,2,8,2,1,72,64,6
3295416,0,546,0,40,2,2,2,1,31,72,6
3272959,0,546,0,40,3,11,2,1,53,68,6
3274182,0,546,0,40,2,10,2,1,44,63,6
3292399,0,546,0,40,2,3,2,1,36,38,6
3306434,0,546,0,40,3,1,2,1,13,36,6
3281049,0,546,0,40,3,6,2,1,32,26,6
3269679,0,546,0,40,2,10,2,1,70,59,6
3295616,0,546,0,40,2,3,2,1,22,46,6
3267397,0,546,0,40,2,12,2,1,75,34,6
3285581,0,546,0,40,3,4,2,1,50,21,6
3300273,0,546,0,40,3,2,2,1,24,42,6
3270198,0,546,0,40,3,8,2,1,77,52,6
3297750,0,546,0,40,2,4,2,1,22,33,6
3307942,0,546,0,40,2,1,2,1,12,86,6
3308443,0,546,0,40,3,1,2,1,12,18,6
3309095,0,546,0,40,2,1,2,1,12,21,6
3309231,0,546,0,40,3,1,2,1,12,30,6
3301179,0,546,0,40,2,2,2,1,14,32,6
3288668,0,546,0,40,3,4,2,1,33,49,6
3303569,0,546,0,40,3,3,2,1,16,44,6
3293048,0,546,0,40,3,3,2,1,30,41,6
3285576,0,546,0,40,3,6,2,1,41,45,6
3288594,0,546,0,40,2,6,2,1,21,45,6
3298424,0,546,0,40,3,3,2,1,19,23,6
3291444,0,546,0,40,2,6,2,1,29,75,6
3304744,0,546,0,40,2,2,2,1,17,40,6
3280132,0,546,0,40,3,6,2,1,46,48,6
3277343,0,546,0,40,3,9,2,1,50,25,6
3304828,0,546,0,40,2,2,2,1,17,27,6
3307869,0,546,0,40,2,2,2,1,12,29,6
3308449,0,546,0,40,2,1,2,1,11,34,6
3309164,0,546,0,40,2,1,2,1,11,27,6
3309356,0,546,0,40,3,1,2,1,11,73,6
3309528,0,546,0,40,2,1,2,1,11,40,6
3299099,0,546,0,40,2,3,2,1,20,70,6
3264234,0,546,0,40,2,6,2,1,53,45,6
3301339,0,546,0,40,3,2,2,1,17,39,6
3278832,0,546,0,40,3,7,2,1,36,59,6
3275009,0,546,0,40,2,7,2,1,54,9,6
3304905,0,546,0,40,3,2,2,1,12,46,6
3282991,0,546,0,40,3,6,2,1,42,42,6
3296474,0,546,0,40,2,3,2,1,23,123,6
3298409,0,546,0,40,3,4,2,1,17,25,6
3301669,0,546,0,40,2,3,2,1,16,79,6
3299001,0,546,0,40,2,4,2,1,25,53,6
3308357,0,546,0,40,3,1,2,1,10,86,6
3308846,0,546,0,40,2,1,2,1,10,57,6
3310131,0,546,0,40,2,1,2,1,10,42,6
3310281,0,546,0,40,3,1,2,1,10,34,6
3262905,0,546,0,40,2,7,2,1,44,44,6
3301139,0,546,0,40,3,2,2,1,17,18,6
3275448,0,546,0,40,2,6,2,1,65,51,6
3305832,0,546,0,40,3,2,2,1,13,15,6
3257974,0,546,0,40,2,9,2,1,46,27,6
3286462,0,546,0,40,3,5,2,1,40,46,6
3298249,0,546,0,40,2,4,2,1,18,47,6
3302208,0,546,0,40,3,3,2,1,15,53,6
3266070,0,546,0,40,2,7,2,1,54,80,6
3301528,0,546,0,40,3,3,2,1,20,75,6
3294400,0,546,0,40,3,5,2,1,26,32,6
3295940,0,546,0,40,2,4,2,1,26,33,6
3302545,0,546,0,40,2,3,2,1,13,65,6
3296861,0,546,0,40,2,5,2,1,24,66,6
3310330,0,546,0,40,3,1,2,1,9,40,6
3298077,0,546,0,40,3,2,2,1,18,25,6
3283641,0,546,0,40,2,4,2,1,40,34,6
3286746,0,546,0,40,2,6,2,1,27,39,6
3264433,0,546,0,40,2,3,2,1,23,118,6
3295621,0,546,0,40,3,4,2,1,19,86,6
3297196,0,546,0,40,2,4,2,1,16,57,6
3276563,0,546,0,40,2,9,2,1,39,32,6
3288107,0,546,0,40,3,6,2,1,30,32,6
3302744,0,546,0,40,2,2,2,1,17,23,6
3281796,0,546,0,40,3,7,2,1,37,44,6
3299010,0,546,0,40,2,3,2,1,17,48,6
3295961,0,546,0,40,2,3,2,1,28,12,6
3280044,0,546,0,40,3,7,2,1,44,40,6
3306059,0,546,0,40,3,2,2,1,13,41,6
3301631,0,546,0,40,2,2,2,1,19,22,6
3283695,0,546,0,40,2,8,2,1,31,37,6
3295559,0,546,0,40,2,6,2,1,18,39,6
3282110,0,546,0,40,2,7,2,1,41,28,6
3309964,0,546,0,40,3,1,2,1,8,45,6
3311294,1,546,537,28.8954,2,1,2,1,8,71,6
3311466,0,546,0,40,3,1,2,1,8,55,6
3311646,1,546,537,40,2,1,2,1,8,31,6
3305834,0,546,0,40,2,3,2,1,9,32,6
3297417,0,546,0,40,3,5,2,1,20,40,6
3303780,0,546,0,40,3,2,2,1,14,16,6
3294926,0,546,0,40,3,4,2,1,25,45,6
3300195,0,546,0,40,2,3,2,1,16,12,6
3280959,0,546,0,40,3,9,2,1,34,44,6
3296375,0,546,0,40,3,5,2,1,17,70,6
3285473,0,546,0,40,3,4,2,1,40,31,6
3303910,0,546,0,40,3,3,2,1,9,19,6
3304835,0,546,0,40,3,2,2,1,14,41,6
3297675,0,546,0,40,3,3,2,1,25,33,6
3282051,0,546,0,40,2,6,2,1,46,52,6
3269940,0,546,0,40,2,11,2,1,60,56,6
3278706,0,546,0,40,2,6,2,1,53,29,6
3266757,0,546,0,40,2,7,2,1,41,50,6
3308590,0,546,0,40,3,2,2,1,10,47,6
3307690,0,546,0,40,2,2,2,1,9,55,6
3304257,0,546,0,40,2,2,2,1,16,56,6
3306262,1,546,534,36.4592,2,2,2,1,14,24,6
3286941,0,546,0,40,3,6,2,1,41,35,6
3213062,1,546,268,40,3,14,2,1,99,52,6
3295368,0,546,0,40,2,3,2,1,31,39,6
3211882,1,546,208,40,3,20,2,1,131,54,6
3310911,0,546,0,40,3,1,2,1,7,84,6
3311127,0,546,0,40,2,1,2,1,7,61,6
3311299,0,546,0,40,3,1,2,1,7,26,6
3311820,0,546,0,40,3,1,2,1,7,42,6
3312008,0,546,0,40,2,1,2,1,7,44,6
3312208,0,546,0,40,3,1,2,1,7,83,6
3279174,0,546,0,40,3,2,2,1,65,43,6
3272452,0,546,0,40,2,6,2,1,77,43,6
3292620,0,546,0,40,2,2,2,1,40,38,6
3296719,0,546,0,40,2,2,2,1,31,39,6
3300093,0,546,0,40,3,1,2,1,28,28,6
3293111,0,546,0,40,2,3,2,1,34,42,6
3274365,0,546,0,40,3,6,2,1,62,34,6
3303717,0,546,0,40,2,1,2,1,22,53,6
3272207,0,546,0,40,2,8,2,1,60,48,6
3299998,0,546,0,40,3,2,2,1,26,24,6
3292595,0,546,0,40,3,2,2,1,32,62,6
3276571,0,546,0,40,3,6,2,1,55,21,6
3293668,0,546,0,40,2,3,2,1,32,30,6
3303068,0,546,0,40,3,2,2,1,21,45,6
3304291,0,546,0,40,2,1,2,1,20,21,6
3305226,0,546,0,40,3,1,2,1,20,75,6
3298490,0,546,0,40,3,2,2,1,24,23,6
3301152,1,546,538,34.1844,2,2,2,1,23,59,6
3297453,0,546,0,40,2,3,2,1,27,71,6
3272495,0,546,0,40,2,9,2,1,67,24,6
3303195,0,546,0,40,3,2,2,1,23,60,6
3291874,0,546,0,40,3,5,2,1,32,63,6
3290139,0,546,0,40,2,4,2,1,32,38,6
3293186,0,546,0,40,2,5,2,1,25,27,6
3274218,1,546,524,15.79,3,5,2,1,72,50,6
3293864,0,546,0,40,3,4,2,1,32,25,6
3291477,0,546,0,40,3,4,2,1,32,82,6
3291017,0,546,0,40,3,2,2,1,41,34,6
3290243,0,546,0,40,2,5,2,1,28,27,6
3296763,0,546,0,40,2,4,2,1,28,50,6
3307036,0,546,0,40,2,1,2,1,16,18,6
3302999,0,546,0,40,3,2,2,1,18,29,6
3300895,0,546,0,40,2,3,2,1,20,48,6
3289026,0,546,0,40,3,6,2,1,34,42,6
3285630,0,546,0,40,2,6,2,1,36,29,6
3307181,0,546,0,40,2,1,2,1,15,62,6
3307737,0,546,0,40,3,1,2,1,15,27,6
3294081,0,546,0,40,3,5,2,1,20,18,6
3299470,0,546,0,40,3,2,2,1,25,14,6
3274871,0,546,0,40,3,10,2,1,58,86,6
3272285,0,546,0,40,3,10,2,1,58,31,6
3306395,0,546,0,40,3,2,2,1,15,36,6
3291666,0,546,0,40,3,4,2,1,33,34,6
3294265,0,546,0,40,3,4,2,1,24,67,6
3307055,0,546,0,40,2,1,2,1,14,62,6
3308242,0,546,0,40,3,1,2,1,14,58,6
3308436,0,546,0,40,3,1,2,1,14,52,6
3228333,0,546,0,40,2,13,2,1,103,31,6
3270127,0,546,0,40,3,9,2,1,60,54,6
3296253,0,546,0,40,3,3,2,1,26,51,6
3295292,0,546,0,40,2,5,2,1,20,19,6
3307104,0,546,0,40,3,2,2,1,14,37,6
3263157,0,546,0,40,2,12,2,1,63,23,6
3308396,0,546,0,40,3,2,2,1,14,94,6
3307155,0,546,0,40,2,1,2,1,13,26,6
3307730,0,546,0,40,2,1,2,1,13,12,6
3308439,0,546,0,40,2,1,2,1,13,50,6
3308945,0,546,0,40,2,1,2,1,13,22,6
3295732,0,546,0,40,2,3,2,1,28,22,6
3303111,0,546,0,40,2,2,2,1,17,24,6
3300521,0,546,0,40,3,2,2,1,22,16,6
3273547,0,546,0,40,2,9,2,1,60,45,6
3292730,0,546,0,40,2,3,2,1,26,24,6
3269890,0,546,0,40,2,14,2,1,52,41,6
3301729,0,546,0,40,3,2,2,1,22,18,6
3276168,0,546,0,40,3,8,2,1,55,41,6
3288507,0,546,0,40,2,5,2,1,34,52,6
3298588,0,546,0,40,3,4,2,1,26,41,6
3292815,1,546,538,35.8489,2,4,2,1,31,40,6
3308904,0,546,0,40,3,1,2,1,12,34,6
3293286,0,546,0,40,3,3,2,1,21,62,6
3303984,0,546,0,40,2,2,2,1,16,61,6
3277925,1,546,487,40,2,8,2,1,50,56,6
3274893,0,546,0,40,2,7,2,1,54,60,6
3292523,0,546,0,40,3,4,2,1,26,38,6
3292726,0,546,0,40,3,5,2,1,30,72,6
3275507,0,546,0,40,3,7,2,1,56,29,6
3288062,0,546,0,40,2,6,2,1,36,31,6
3301341,0,546,0,40,3,3,2,1,19,22,6
3293939,0,546,0,40,3,4,2,1,28,25,6
3276864,0,546,0,40,3,8,2,1,58,66,6
3297968,1,546,538,23.643,3,4,2,1,20,56,6
3269755,0,546,0,40,3,11,2,1,75,56,6
3293531,0,546,0,40,3,7,2,1,27,29,6
3262374,0,546,0,40,2,9,2,1,76,89,6
3292982,0,546,0,40,2,4,2,1,33,11,6
3262996,0,546,0,40,3,8,2,1,47,26,6
3308431,0,546,0,40,3,2,2,1,12,56,6
3308734,0,546,0,40,3,1,2,1,11,47,6
3309575,0,546,0,40,3,1,2,1,11,27,6
3309945,0,546,0,40,3,1,2,1,11,30,6
3310069,0,546,0,40,2,1,2,1,11,44,6
3292814,0,546,0,40,2,4,2,1,27,49,6
3288098,0,546,0,40,3,4,2,1,38,18,6
3304471,0,546,0,40,2,2,2,1,14,57,6
3281430,0,546,0,40,3,9,2,1,37,45,6
3265478,0,546,0,40,2,4,2,1,50,39,6
3300963,0,546,0,40,2,3,2,1,14,75,6
3261766,0,546,0,40,3,9,2,1,55,33,6
3270153,0,546,0,40,2,11,2,1,53,7,6
3288303,0,546,0,40,3,2,2,1,47,89,6
3292955,0,546,0,40,3,5,2,1,26,85,6
3301332,0,546,0,40,2,3,2,1,17,56,6
3287574,0,546,0,40,3,6,2,1,35,26,6
3290016,0,546,0,40,2,5,2,1,30,31,6
3309874,0,546,0,40,3,1,2,1,10,36,6
3310990,0,546,0,40,3,1,2,1,10,32,6
3311088,0,546,0,40,3,1,2,1,10,65,6
3285049,0,546,0,40,3,7,2,1,32,57,6
3296709,0,546,0,40,2,4,2,1,21,57,6
3283835,0,546,0,40,3,7,2,1,39,43,6
3299715,0,546,0,40,2,3,2,1,19,19,6
3281321,0,546,0,40,2,6,2,1,42,96,6
3276625,0,546,0,40,3,6,2,1,62,39,6
3279435,0,546,0,40,2,6,2,1,46,40,6
3292548,0,546,0,40,3,5,2,1,21,81,6
3285693,0,546,0,40,3,7,2,1,33,42,6
3298920,0,546,0,40,3,3,2,1,21,42,6
3263866,0,546,0,40,3,7,2,1,50,16,6
3269860,0,546,0,40,3,9,2,1,74,26,6
3307132,0,546,0,40,2,2,2,1,15,28,6
3293662,0,546,0,40,2,4,2,1,33,24,6
3310300,0,546,0,40,3,1,2,1,9,41,6
3310484,0,546,0,40,2,1,2,1,9,23,6
3310961,0,546,0,40,2,1,2,1,9,33,6
3311045,0,546,0,40,3,1,2,1,9,28,6
3311170,0,546,0,40,2,1,2,1,9,61,6
3311418,0,546,0,40,3,1,2,1,9,20,6
3303595,0,546,0,40,2,2,2,1,12,48,6
3304107,0,546,0,40,2,2,2,1,13,33,6
3266504,0,546,0,40,2,9,2,1,44,34,6
3303700,0,546,0,40,3,2,2,1,13,54,6
3280071,0,546,0,40,2,8,2,1,42,58,6
3306633,0,546,0,40,2,2,2,1,10,67,6
3297438,0,546,0,40,2,2,2,1,27,40,6
3284524,0,546,0,40,2,8,2,1,24,28,6
3295962,0,546,0,40,3,3,2,1,27,32,6
3277623,0,546,0,40,2,7,2,1,61,26,6
3299934,0,546,0,40,2,3,2,1,21,63,6
3306365,0,546,0,40,3,2,2,1,13,46,6
3302204,0,546,0,40,2,2,2,1,21,15,6
3290214,0,546,0,40,2,6,2,1,24,83,6
3301132,0,546,0,40,3,4,2,1,14,29,6
3281565,0,546,0,40,3,7,2,1,36,66,6
3289591,0,546,0,40,2,4,2,1,36,22,6
3304007,0,546,0,40,3,4,2,1,15,51,6
3272276,0,546,0,40,2,10,2,1,54,9,6
3288351,0,546,0,40,2,4,2,1,34,31,6
3284151,0,546,0,40,2,4,2,1,48,50,6
3304558,0,546,0,40,3,3,2,1,17,28,6
3298665,0,546,0,40,3,5,2,1,18,17,6
3309984,0,546,0,40,3,1,2,1,8,64,6
3311810,0,546,0,40,3,1,2,1,8,50,6
3311912,0,546,0,40,3,1,2,1,8,48,6
3312172,0,546,0,40,3,1,2,1,8,10,6
3305192,0,546,0,40,3,2,2,1,8,48,6
3304875,0,546,0,40,3,2,2,1,8,97,6
3294208,1,546,505,34.4963,2,4,2,1,23,31,6
3293896,1,546,538,28.0844,3,4,2,1,15,54,6
3290795,0,546,0,40,2,4,2,1,33,39,6
3283334,0,546,0,40,3,8,2,1,24,27,6
3289545,0,546,0,40,3,3,2,1,39,37,6
3302191,0,546,0,40,3,2,2,1,18,100,6
3289981,0,546,0,40,3,5,2,1,30,23,6
3301115,0,546,0,40,2,2,2,1,18,23,6
3303471,0,546,0,40,3,3,2,1,16,31,6
3302222,0,546,0,40,3,3,2,1,15,58,6
3304958,0,546,0,40,3,3,2,1,12,47,6
3287799,0,546,0,40,2,5,2,1,38,40,6
3298785,0,546,0,40,3,3,2,1,23,50,6
3288345,0,546,0,40,3,5,2,1,37,61,6
3284683,0,546,0,40,3,8,2,1,26,42,6
3193386,0,546,0,40,2,25,2,1,133,30,6
3308311,0,546,0,40,3,2,2,1,9,49,6
3309628,0,546,0,40,3,2,2,1,8,26,6
3297566,0,546,0,40,2,3,2,1,25,49,6
3300994,0,546,0,40,2,3,2,1,18,93,6
3257187,0,546,0,40,3,9,2,1,73,45,6
3287633,0,546,0,40,3,6,2,1,28,61,6
3307355,0,546,0,40,3,2,2,1,8,92,6
3271794,0,546,0,40,3,10,2,1,69,35,6
3285892,0,546,0,40,3,5,2,1,37,32,6
3257333,0,546,0,40,3,11,2,1,84,33,6
3311281,0,546,0,40,2,1,2,1,7,19,6
3311933,0,546,0,40,2,1,2,1,7,53,6
3312290,0,546,0,40,3,1,2,1,7,28,6
3312350,0,546,0,40,2,1,2,1,7,52,6
3312412,0,546,0,40,3,1,2,1,7,22,6
3312680,0,546,0,40,2,1,2,1,7,29,6
3312802,0,546,0,40,3,1,2,1,7,36,6
3312838,0,546,0,40,2,1,2,1,7,80,6
3279479,0,546,0,40,3,5,2,1,61,32,6
3299760,0,546,0,40,3,1,2,1,30,64,6
3274500,0,546,0,40,3,7,2,1,60,41,6
3287825,0,546,0,40,2,5,2,1,43,72,6
3301560,0,546,0,40,2,1,2,1,27,29,6
3297942,0,546,0,40,3,2,2,1,30,50,6
3287021,0,546,0,40,3,4,2,1,45,42,6
3277035,0,546,0,40,3,5,2,1,63,55,6
3294568,0,546,0,40,3,3,2,1,26,34,6
3278927,0,546,0,40,3,7,2,1,50,53,6
3225674,0,546,0,40,2,13,2,1,87,34,6
3293927,0,546,0,40,2,4,2,1,35,40,6
3267084,0,546,0,40,3,5,2,1,48,12,6
3279287,0,546,0,40,2,6,2,1,53,21,6
3292996,0,546,0,40,3,3,2,1,33,103,6
3279276,0,546,0,40,3,6,2,1,47,107,6
3290997,0,546,0,40,3,3,2,1,35,34,6
3298613,0,546,0,40,2,2,2,1,30,75,6
3289027,0,546,0,40,3,4,2,1,40,28,6
3304953,0,546,0,40,3,1,2,1,19,60,6
3288604,0,546,0,40,2,3,2,1,42,48,6
3275844,0,546,0,40,2,7,2,1,59,68,6
3291764,0,546,0,40,2,3,2,1,39,19,6
3306667,0,546,0,40,2,1,2,1,18,65,6
3306895,0,546,0,40,3,1,2,1,18,21,6
3298501,0,546,0,40,2,4,2,1,22,59,6
3276644,0,546,0,40,2,7,2,1,67,38,6
3270786,0,546,0,40,3,10,2,1,60,42,6
3305805,0,546,0,40,2,1,2,1,17,35,6
3291099,0,546,0,40,2,5,2,1,26,31,6
3288905,0,546,0,40,2,4,2,1,42,51,6
3272028,0,546,0,40,2,11,2,1,57,38,6
3266706,0,546,0,40,2,9,2,1,49,36,6
3294199,0,546,0,40,2,5,2,1,29,38,6
3267771,0,546,0,40,2,12,2,1,66,118,6
3306109,0,546,0,40,3,2,2,1,18,27,6
3306942,0,546,0,40,2,1,2,1,16,81,6
3294576,0,546,0,40,3,3,2,1,30,20,6
3264957,0,546,0,40,3,7,2,1,50,29,6
3189621,0,546,0,40,3,26,2,1,153,22,6
3301829,0,546,0,40,2,2,2,1,23,23,6
3263106,0,546,0,40,2,13,2,1,65,52,6
3294311,0,546,0,40,3,4,2,1,34,33,6
3267679,0,546,0,40,3,5,2,1,47,52,6
3290354,0,546,0,40,3,3,2,1,32,53,6
3265361,0,546,0,40,3,7,2,1,27,21,6
3303154,0,546,0,40,2,2,2,1,17,40,6
3300700,0,546,0,40,2,3,2,1,23,47,6
3284622,0,546,0,40,3,6,2,1,38,97,6
3294367,0,546,0,40,3,4,2,1,28,19,6
3282538,0,546,0,40,3,6,2,1,50,42,6
3309175,0,546,0,40,2,1,2,1,14,85,6
3280175,0,546,0,40,3,7,2,1,43,47,6
3303629,0,546,0,40,2,2,2,1,19,46,6
3298617,0,546,0,40,2,4,2,1,20,23,6
3288868,0,546,0,40,2,6,2,1,30,22,6
3298389,0,546,0,40,3,4,2,1,21,45,6
3304995,0,546,0,40,3,2,2,1,17,21,6
3291508,0,546,0,40,3,4,2,1,37,23,6
3309076,0,546,0,40,3,1,2,1,13,47,6
3290642,0,546,0,40,2,6,2,1,23,39,6
3278081,0,546,0,40,3,8,2,1,43,32,6
3306167,0,546,0,40,2,2,2,1,14,90,6
3287217,0,546,0,40,2,3,2,1,49,28,6
3265987,1,546,539,36.4756,2,11,2,1,44,37,6
3303150,0,546,0,40,2,3,2,1,17,43,6
3265432,0,546,0,40,2,9,2,1,80,14,6
3308886,0,546,0,40,2,1,2,1,12,45,6
3309142,0,546,0,40,2,1,2,1,12,59,6
3309447,0,546,0,40,3,1,2,1,12,48,6
3281140,0,546,0,40,2,4,2,1,50,43,6
3279101,0,546,0,40,2,6,2,1,48,22,6
3275715,0,546,0,40,2,9,2,1,56,25,6
3291520,0,546,0,40,3,5,2,1,30,38,6
3263716,0,546,0,40,2,6,2,1,53,46,6
3286040,0,546,0,40,3,8,2,1,40,18,6
3304554,0,546,0,40,2,2,2,1,19,31,6
3306179,0,546,0,40,2,3,2,1,16,26,6
3264379,0,546,0,40,2,9,2,1,72,34,6
3309525,0,546,0,40,3,1,2,1,11,55,6
3309974,0,546,0,40,3,1,2,1,11,52,6
3310402,0,546,0,40,3,1,2,1,11,30,6
3310566,0,546,0,40,3,1,2,1,11,26,6
3310636,0,546,0,40,3,1,2,1,11,81,6
3310934,0,546,0,40,2,1,2,1,11,98,6
3311014,0,546,0,40,2,1,2,1,11,32,6
3273318,0,546,0,40,2,9,2,1,49,47,6
3299026,1,546,539,24.2586,3,4,2,1,15,41,6
3297422,0,546,0,40,3,3,2,1,23,36,6
3300328,0,546,0,40,3,3,2,1,18,52,6
3286369,0,546,0,40,2,6,2,1,29,36,6
3302032,0,546,0,40,2,2,2,1,22,46,6
3307811,0,546,0,40,3,2,2,1,12,23,6
3302824,0,546,0,40,2,4,2,1,14,33,6
3308330,0,546,0,40,3,2,2,1,11,70,6
3305874,0,546,0,40,3,2,2,1,17,33,6
3265523,0,546,0,40,3,9,2,1,34,66,6
3270276,0,546,0,40,2,10,2,1,78,35,6
3298444,0,546,0,40,3,3,2,1,23,49,6
3310589,0,546,0,40,3,1,2,1,10,40,6
3310901,0,546,0,40,3,1,2,1,10,56,6
3311152,0,546,0,40,2,1,2,1,10,37,6
3311556,0,546,0,40,3,1,2,1,10,45,6
3279591,0,546,0,40,3,5,2,1,55,44,6
3305586,0,546,0,40,3,2,2,1,13,22,6
3270049,0,546,0,40,3,11,2,1,71,32,6
3297847,0,546,0,40,3,2,2,1,27,60,6
3291302,0,546,0,40,3,4,2,1,35,15,6
3300704,0,546,0,40,2,3,2,1,15,67,6
3264091,0,546,0,40,2,10,2,1,56,43,6
3307268,0,546,0,40,3,2,2,1,11,36,6
3299078,0,546,0,40,2,2,2,1,24,33,6
3292020,0,546,0,40,2,3,2,1,34,23,6
3304082,0,546,0,40,3,2,2,1,16,51,6
3299526,0,546,0,40,3,4,2,1,17,27,6
3281882,0,546,0,40,2,8,2,1,43,58,6
3291448,0,546,0,40,3,4,2,1,25,41,6
3296466,0,546,0,40,3,5,2,1,24,21,6
3306892,0,546,0,40,2,2,2,1,13,12,6
3298468,0,546,0,40,3,4,2,1,22,85,6
3273692,0,546,0,40,3,8,2,1,61,56,6
3300300,0,546,0,40,2,4,2,1,22,48,6
3295377,0,546,0,40,3,4,2,1,30,36,6
3310000,0,546,0,40,2,1,2,1,9,56,6
3310983,0,546,0,40,3,1,2,1,9,41,6
3311571,0,546,0,40,2,1,2,1,9,19,6
3311671,0,546,0,40,3,1,2,1,9,67,6
3311796,0,546,0,40,3,1,2,1,9,33,6
3311940,0,546,0,40,3,1,2,1,9,63,6
3312046,0,546,0,40,2,1,2,1,9,44,6
3312148,0,546,0,40,2,1,2,1,9,39,6
3312276,1,546,539,28.8962,2,1,2,1,9,40,6
3299797,0,546,0,40,3,2,2,1,24,115,6
3283160,0,546,0,40,2,5,2,1,40,49,6
3278298,0,546,0,40,3,8,2,1,47,23,6
3301450,0,546,0,40,2,3,2,1,16,32,6
3268066,0,546,0,40,3,7,2,1,29,40,6
3285208,0,546,0,40,3,7,2,1,24,48,6
3296674,0,546,0,40,2,3,2,1,30,38,6
3303933,1,546,539,30.9744,2,2,2,1,19,61,6
3299759,0,546,0,40,3,4,2,1,18,56,6
3265028,0,546,0,40,2,11,2,1,50,54,6
3285690,0,546,0,40,2,7,2,1,37,69,6
3297523,0,546,0,40,2,5,2,1,23,53,6
3263471,0,546,0,40,3,4,2,1,19,51,6
3277153,0,546,0,40,2,11,2,1,51,16,6
3293873,0,546,0,40,2,5,2,1,28,22,6
3297687,0,546,0,40,3,4,2,1,23,51,6
3297552,0,546,0,40,3,3,2,1,28,102,6
3275673,0,546,0,40,2,9,2,1,41,21,6
3294900,0,546,0,40,2,5,2,1,26,53,6
3312184,0,546,0,40,2,2,2,1,9,64,6
3311569,0,546,0,40,3,1,2,1,8,36,6
3311865,0,546,0,40,2,1,2,1,8,24,6
3311957,0,546,0,40,2,1,2,1,8,41,6
3312364,0,546,0,40,2,1,2,1,8,44,6
3312466,0,546,0,40,2,1,2,1,8,15,6
3312560,0,546,0,40,2,1,2,1,8,56,6
3312660,0,546,0,40,2,1,2,1,8,37,6
3312678,0,546,0,40,2,1,2,1,8,58,6
3312776,0,546,0,40,2,1,2,1,8,95,6
3293975,0,546,0,40,3,5,2,1,24,30,6
3282185,0,546,0,40,3,7,2,1,37,67,6
3294183,0,546,0,40,2,4,2,1,23,44,6
3298105,0,546,0,40,3,4,2,1,13,56,6
3286803,0,546,0,40,3,8,2,1,29,61,6
3299205,0,546,0,40,3,4,2,1,16,30,6
3280161,1,546,532,10.3007,3,5,2,1,53,84,6
3282660,0,546,0,40,2,6,2,1,42,49,6
3301393,0,546,0,40,3,3,2,1,19,40,6
3303686,0,546,0,40,3,2,2,1,12,56,6
3159134,0,546,0,40,2,33,2,1,166,49,6
3278226,0,546,0,40,2,9,2,1,51,41,6
3283997,0,546,0,40,2,7,2,1,34,42,6
3194992,1,546,234,40,3,22,2,1,170,70,6
3305369,0,546,0,40,3,2,2,1,13,48,6
3303687,0,546,0,40,2,2,2,1,19,48,6
3303789,0,546,0,40,2,3,2,1,14,69,6
3294991,0,546,0,40,2,5,2,1,18,52,6
3270389,0,546,0,40,3,12,2,1,65,36,6
3272986,0,546,0,40,2,11,2,1,48,94,6
3309706,0,546,0,40,2,2,2,1,9,51,6
3303221,0,546,0,40,3,3,2,1,20,54,6
3290068,0,546,0,40,3,6,2,1,27,61,6
3304275,0,546,0,40,3,2,2,1,18,70,6
3288193,0,546,0,40,3,6,2,1,28,38,6
3293248,0,546,0,40,2,5,2,1,21,28,6
3294776,0,546,0,40,2,5,2,1,18,29,6
3280703,0,546,0,40,3,6,2,1,49,21,6
3310914,0,546,0,40,2,2,2,1,8,33,6
3262954,0,546,0,40,3,8,2,1,52,57,6
3295727,0,546,0,40,3,5,2,1,28,78,6
3301121,0,546,0,40,2,3,2,1,17,79,6
3308527,0,546,0,40,3,2,2,1,12,66,6
3306448,0,546,0,40,3,3,2,1,12,56,6
3311486,0,546,0,40,3,2,2,1,8,34,6
3288552,0,546,0,40,2,5,2,1,33,63,6
3300531,0,546,0,40,2,4,2,1,20,34,6
3264521,1,546,510,40,2,6,2,1,51,45,6
3311333,0,546,0,40,2,1,2,1,7,22,6
3312231,0,546,0,40,2,1,2,1,7,55,6
3312431,0,546,0,40,3,1,2,1,7,36,6
3312969,0,546,0,40,2,1,2,1,7,26,6
3313043,0,546,0,40,2,1,2,1,7,86,6
3313343,0,546,0,40,3,1,2,1,7,48,6
3313467,0,546,0,40,2,1,2,1,7,39,6
3274631,0,546,0,40,3,6,2,1,63,27,6
3297568,0,546,0,40,3,2,2,1,32,28,6
3278931,0,546,0,40,3,5,2,1,56,64,6
3295719,0,546,0,40,3,2,2,1,33,34,6
3304152,0,546,0,40,2,1,2,1,23,48,6
3276785,0,546,0,40,3,9,2,1,46,50,6
3305295,0,546,0,40,2,1,2,1,21,53,6
3297706,0,546,0,40,3,2,2,1,26,17,6
3295840,0,546,0,40,3,2,2,1,35,36,6
3302774,0,546,0,40,3,2,2,1,20,43,6
3305117,0,546,0,40,2,1,2,1,19,106,6
3306605,0,546,0,40,3,1,2,1,19,17,6
3271157,0,546,0,40,2,9,2,1,66,58,6
3295244,0,546,0,40,3,2,2,1,32,121,6
3295160,0,546,0,40,3,3,2,1,27,39,6
3307050,0,546,0,40,3,1,2,1,18,67,6
3293218,0,546,0,40,2,2,2,1,33,54,6
3284221,0,546,0,40,2,5,2,1,42,22,6
3290998,0,546,0,40,2,4,2,1,41,38,6
3305658,0,546,0,40,2,2,2,1,18,48,6
3308023,0,546,0,40,2,1,2,1,17,39,6
3273432,0,546,0,40,2,10,2,1,53,23,6
3303940,0,546,0,40,2,2,2,1,20,45,6
3302673,0,546,0,40,2,3,2,1,22,40,6
3294813,0,546,0,40,3,3,2,1,34,26,6
3282436,0,546,0,40,2,6,2,1,37,31,6
3261173,0,546,0,40,2,9,2,1,73,26,6
3300436,0,546,0,40,3,3,2,1,22,18,6
3275258,0,546,0,40,3,8,2,1,68,14,6
3309267,0,546,0,40,3,1,2,1,15,24,6
3266784,0,546,0,40,2,7,2,1,60,41,6
3275401,0,546,0,40,2,8,2,1,57,43,6
3307392,0,546,0,40,2,2,2,1,15,19,6
3300344,0,546,0,40,3,2,2,1,29,43,6
3297863,0,546,0,40,2,3,2,1,23,41,6
3276832,0,546,0,40,2,12,2,1,51,20,6
3309772,0,546,0,40,3,1,2,1,14,23,6
3302358,0,546,0,40,3,2,2,1,22,25,6
3287708,0,546,0,40,3,5,2,1,35,47,6
3280332,0,546,0,40,3,7,2,1,48,41,6
3288398,0,546,0,40,2,5,2,1,34,59,6
3288426,0,546,0,40,3,4,2,1,42,55,6
3308581,0,546,0,40,2,1,2,1,13,73,6
3309459,0,546,0,40,2,1,2,1,13,61,6
3300114,0,546,0,40,2,3,2,1,21,90,6
3290099,0,546,0,40,2,5,2,1,22,70,6
3266186,0,546,0,40,3,8,2,1,50,34,6
3264102,0,546,0,40,2,5,2,1,65,13,6
3303499,0,546,0,40,2,2,2,1,22,48,6
3289314,0,546,0,40,3,3,2,1,38,43,6
3308532,0,546,0,40,3,2,2,1,15,56,6
3310234,0,546,0,40,3,1,2,1,12,20,6
3311052,0,546,0,40,2,1,2,1,12,26,6
3288763,0,546,0,40,3,5,2,1,33,85,6
3267410,0,546,0,40,3,7,2,1,62,65,6
3263231,0,546,0,40,3,13,2,1,92,47,6
3266500,0,546,0,40,3,11,2,1,51,70,6
3308009,0,546,0,40,2,2,2,1,12,54,6
3292760,0,546,0,40,3,4,2,1,34,72,6
3265932,0,546,0,40,2,7,2,1,49,35,6
3277555,0,546,0,40,2,8,2,1,53,20,6
3308010,0,546,0,40,2,1,2,1,11,28,6
3310705,0,546,0,40,2,1,2,1,11,53,6
3311053,0,546,0,40,2,1,2,1,11,46,6
3311374,0,546,0,40,2,1,2,1,11,56,6
3285251,0,546,0,40,2,6,2,1,37,20,6
3300325,0,546,0,40,3,3,2,1,20,16,6
3273612,0,546,0,40,2,10,2,1,50,76,6
3297845,0,546,0,40,3,3,2,1,15,58,6
3300524,0,546,0,40,2,3,2,1,21,82,6
3291883,0,546,0,40,2,5,2,1,29,44,6
3303153,0,546,0,40,2,3,2,1,17,29,6
3291177,0,546,0,40,2,6,2,1,32,21,6
3302508,0,546,0,40,2,3,2,1,20,21,6
3299425,0,546,0,40,3,5,2,1,24,21,6
3301991,0,546,0,40,2,3,2,1,21,48,6
3310727,0,546,0,40,2,1,2,1,10,26,6
3311683,0,546,0,40,3,1,2,1,10,25,6
3307795,0,546,0,40,3,2,2,1,10,42,6
3305051,0,546,0,40,2,2,2,1,15,78,6
3289698,0,546,0,40,3,4,2,1,36,52,6
3305514,0,546,0,40,2,2,2,1,16,54,6
3274278,0,546,0,40,2,8,2,1,49,17,6
3308432,0,546,0,40,2,2,2,1,11,23,6
3289907,0,546,0,40,2,5,2,1,36,30,6
3290072,1,546,540,5.82121,3,5,2,1,39,83,6
3295698,0,546,0,40,2,4,2,1,23,19,6
3286031,0,546,0,40,2,6,2,1,38,47,6
3266270,0,546,0,40,2,10,2,1,67,52,6
3301977,0,546,0,40,3,3,2,1,20,13,6
3306862,0,546,0,40,3,2,2,1,14,28,6
3266007,0,546,0,40,2,9,2,1,51,60,6
3309881,0,546,0,40,2,2,2,1,10,53,6
3298673,0,546,0,40,3,3,2,1,27,42,6
3306536,0,546,0,40,2,3,2,1,11,24,6
3312576,0,546,0,40,2,1,2,1,9,54,6
3270691,0,546,0,40,3,11,2,1,50,33,6
3293055,0,546,0,40,3,5,2,1,22,49,6
3283050,0,546,0,40,3,6,2,1,31,30,6
3293755,0,546,0,40,2,4,2,1,22,22,6
3302141,0,546,0,40,3,3,2,1,13,52,6
3289147,0,546,0,40,3,5,2,1,36,88,6
3308710,0,546,0,40,3,2,2,1,12,72,6
3281390,0,546,0,40,3,6,2,1,43,51,6
3294565,0,546,0,40,3,6,2,1,28,66,6
3270494,0,546,0,40,2,12,2,1,65,40,6
3286958,0,546,0,40,2,6,2,1,37,40,6
3306141,0,546,0,40,2,3,2,1,15,22,6
3269381,0,546,0,40,3,12,2,1,62,87,6
3276105,0,546,0,40,3,9,2,1,69,34,6
3294428,0,546,0,40,3,5,2,1,34,51,6
3311019,0,546,0,40,2,1,2,1,8,35,6
3312375,0,546,0,40,3,1,2,1,8,26,6
3313151,0,546,0,40,2,1,2,1,8,44,6
3313347,0,546,0,40,3,1,2,1,8,106,6
3313473,0,546,0,40,3,1,2,1,8,42,6
3281993,0,546,0,40,2,6,2,1,42,32,6
3273309,0,546,0,40,3,7,2,1,58,69,6
3291938,0,546,0,40,2,5,2,1,30,50,6
3280472,0,546,0,40,3,9,2,1,42,35,6
3297633,0,546,0,40,2,4,2,1,26,62,6
3307841,0,546,0,40,2,2,2,1,10,58,6
3280937,0,546,0,40,3,8,2,1,40,29,6
3294821,0,546,0,40,2,3,2,1,21,39,6
3301752,0,546,0,40,3,3,2,1,14,96,6
3269907,0,546,0,40,2,12,2,1,66,36,6
3297608,0,546,0,40,3,3,2,1,20,22,6
3267250,0,546,0,40,3,9,2,1,87,44,6
3295748,0,546,0,40,2,5,2,1,27,47,6
3296429,0,546,0,40,3,5,2,1,14,29,6
3291412,0,546,0,40,2,5,2,1,33,51,6
3301405,0,546,0,40,3,4,2,1,17,46,6
3289271,0,546,0,40,2,5,2,1,40,35,6
3296203,0,546,0,40,2,4,2,1,25,37,6
3280564,0,546,0,40,3,5,2,1,59,39,6
3275271,0,546,0,40,3,9,2,1,61,14,6
3289374,0,546,0,40,3,7,2,1,22,40,6
3290665,0,546,0,40,2,5,2,1,36,25,6
3308838,0,546,0,40,2,3,2,1,10,49,6
3289890,0,546,0,40,2,6,2,1,34,64,6
3312782,2,546,0,40,3,2,2,1,8,22,6
3312297,0,546,0,40,3,1,2,1,7,29,6
3312936,0,546,0,40,3,1,2,1,7,42,6
3313476,0,546,0,40,2,1,2,1,7,52,6
3287910,0,546,0,40,3,5,2,1,47,22,6
3269637,0,546,0,40,2,11,2,1,68,30,6
3291032,0,546,0,40,3,5,2,1,34,41,6
3280796,0,546,0,40,3,5,2,1,57,53,6
3288104,0,546,0,40,2,3,2,1,46,41,6
3283538,0,546,0,40,2,6,2,1,43,42,6
3264678,0,546,0,40,2,10,2,1,54,15,6
3267066,0,546,0,40,3,5,2,1,51,48,6
3303468,0,546,0,40,2,2,2,1,21,46,6
3244258,0,546,0,40,2,19,2,1,113,42,6
3271687,0,546,0,40,3,10,2,1,59,44,6
3308374,0,546,0,40,2,1,2,1,17,40,6
3285014,0,546,0,40,2,6,2,1,37,24,6
3309143,0,546,0,40,2,1,2,1,16,50,6
3303281,0,546,0,40,3,2,2,1,15,78,6
3291837,0,546,0,40,3,5,2,1,34,18,6
3297426,0,546,0,40,3,4,2,1,29,21,6
3303938,0,546,0,40,3,2,2,1,20,20,6
3274883,0,546,0,40,2,9,2,1,55,23,6
3284862,0,546,0,40,2,5,2,1,33,27,6
3286046,0,546,0,40,2,4,2,1,45,62,6
3306140,0,546,0,40,3,2,2,1,14,82,6
3292614,0,546,0,40,2,6,2,1,27,33,6
3308660,0,546,0,40,2,2,2,1,16,78,6
3310642,0,546,0,40,2,1,2,1,13,27,6
3295558,0,546,0,40,3,3,2,1,31,41,6
3271547,0,546,0,40,3,10,2,1,66,29,6
3295877,0,546,0,40,3,3,2,1,23,39,6
3305909,0,546,0,40,3,2,2,1,19,51,6
3311420,0,546,0,40,3,1,2,1,12,13,6
3294659,0,546,0,40,3,3,2,1,26,50,6
3305288,0,546,0,40,2,2,2,1,16,62,6
3286754,0,546,0,40,2,6,2,1,45,72,6
3283574,0,546,0,40,3,8,2,1,37,67,6
3295175,0,546,0,40,3,4,2,1,30,58,6
3278541,0,546,0,40,2,9,2,1,43,21,6
3311579,0,546,0,40,2,1,2,1,11,29,6
3312012,0,546,0,40,2,1,2,1,11,19,6
3293189,0,546,0,40,2,4,2,1,28,34,6
3300058,0,546,0,40,3,2,2,1,23,26,6
3279254,0,546,0,40,3,9,2,1,44,28,6
3303977,0,546,0,40,3,2,2,1,22,19,6
3297596,0,546,0,40,3,4,2,1,18,34,6
3307970,0,546,0,40,2,2,2,1,13,38,6
3305155,0,546,0,40,2,2,2,1,15,38,6
3305885,0,546,0,40,3,2,2,1,12,43,6
3284721,0,546,0,40,2,3,2,1,58,27,6
3299616,0,546,0,40,3,3,2,1,22,23,6
3303276,0,546,0,40,3,3,2,1,15,54,6
3273427,0,546,0,40,3,10,2,1,50,29,6
3284997,0,546,0,40,2,6,2,1,41,33,6
3281568,0,546,0,40,3,7,2,1,43,38,6
3287297,0,546,0,40,2,3,2,1,50,52,6
3304660,0,546,0,40,2,3,2,1,17,23,6
3283531,0,546,0,40,2,7,2,1,46,69,6
3309585,0,546,0,40,3,1,2,1,9,52,6
3313029,0,546,0,40,2,1,2,1,9,35,6
3307610,0,546,0,40,3,2,2,1,10,22,6
3305723,0,546,0,40,3,2,2,1,16,54,6
3298567,0,546,0,40,2,5,2,1,21,62,6
3290948,1,546,499,36.5233,2,4,2,1,35,84,6
3305933,0,546,0,40,3,3,2,1,15,55,6
3311453,0,546,0,40,2,1,2,1,8,62,6
3312195,0,546,0,40,3,1,2,1,8,39,6
3313508,0,546,0,40,3,1,2,1,8,27,6
3281289,0,546,0,40,2,5,2,1,46,42,6
3259517,0,546,0,40,3,8,2,1,76,30,6
3278618,0,546,0,40,2,5,2,1,52,54,6
3276441,0,546,0,40,3,8,2,1,57,50,6
3299532,0,546,0,40,3,4,2,1,23,20,6
3292304,0,546,0,40,2,4,2,1,29,44,6
3304079,0,546,0,40,2,3,2,1,19,50,6
3297526,0,546,0,40,2,4,2,1,22,71,6
3300182,0,546,0,40,3,3,2,1,25,53,6
3311982,0,546,0,40,3,2,2,1,8,38,6
3272616,0,546,0,40,3,10,2,1,49,36,6
3258263,0,546,0,40,3,9,2,1,70,24,6
3312357,0,546,0,40,3,1,2,1,7,36,6
3313314,0,546,0,40,3,1,2,1,7,29,6
3314299,0,546,0,40,2,1,2,1,7,46,6
3314337,0,546,0,40,2,1,2,1,7,19,6
3288821,0,546,0,40,2,2,2,1,50,60,6
3285207,0,546,0,40,3,5,2,1,49,27,6
3280455,0,546,0,40,2,7,2,1,55,45,6
3288216,0,546,0,40,3,4,2,1,41,21,6
3309311,0,546,0,40,2,1,2,1,15,66,6
3280972,0,546,0,40,3,9,2,1,52,54,6
3295882,0,546,0,40,3,3,2,1,33,12,6
3284536,0,546,0,40,3,4,2,1,51,34,6
3266465,0,546,0,40,2,11,2,1,99,34,6
3310515,0,546,0,40,3,1,2,1,11,56,6
3272947,0,546,0,40,3,8,2,1,68,72,6
3287357,0,546,0,40,2,7,2,1,36,62,6
3280753,0,546,0,40,3,8,2,1,44,44,6
3265676,0,546,0,40,3,5,2,1,25,36,6
3270797,0,546,0,40,2,11,2,1,58,67,6
3290176,0,546,0,40,2,5,2,1,43,114,6
3299783,0,546,0,40,2,3,2,1,27,17,6
3307233,0,546,0,40,3,3,2,1,12,46,6
3290365,0,546,0,40,3,5,2,1,31,42,6
3297907,1,546,542,25.8953,3,4,2,1,25,45,6
3296773,0,546,0,40,3,4,2,1,26,78,6
3299776,0,546,0,40,3,3,2,1,17,36,6
3291323,0,546,0,40,2,4,2,1,33,42,6
3283235,0,546,0,40,2,8,2,1,48,20,6
3307803,0,546,0,40,2,3,2,1,9,89,6
3307189,0,546,0,40,2,3,2,1,16,86,6
3314128,0,546,0,40,3,1,2,1,7,36,6
3314794,0,546,0,40,2,1,2,1,7,11,6
3311787,0,546,0,40,2,0,2,1,6,26,6
3312283,0,546,0,40,3,0,2,1,6,16,6
3312349,0,546,0,40,3,0,2,1,6,70,6
3312533,0,546,0,40,3,0,2,1,6,41,6
3312597,0,546,0,40,3,0,2,1,6,35,6
3312709,0,546,0,40,3,0,2,1,6,26,6
3312805,0,546,0,40,2,0,2,1,6,39,6
3312869,0,546,0,40,2,0,2,1,6,34,6
3312902,0,546,0,40,3,0,2,1,6,25,6
3312966,0,546,0,40,2,0,2,1,6,8,6
3313094,0,546,0,40,3,0,2,1,6,11,6
3313158,0,546,0,40,3,0,2,1,6,19,6
3313190,0,546,0,40,3,0,2,1,6,74,6
3313254,0,546,0,40,3,0,2,1,6,32,6
3313390,0,546,0,40,2,0,2,1,6,20,6
3313454,0,546,0,40,2,0,2,1,6,74,6
3313481,0,546,0,40,2,0,2,1,6,32,6
3313513,0,546,0,40,2,0,2,1,6,25,6
3313561,0,546,0,40,3,0,2,1,6,33,6
3313577,0,546,0,40,2,0,2,1,6,66,6
3313593,0,546,0,40,3,0,2,1,6,55,6
3313625,0,546,0,40,3,0,2,1,6,26,6
3313705,0,546,0,40,3,0,2,1,6,53,6
3313753,0,546,0,40,3,0,2,1,6,65,6
3313785,0,546,0,40,3,0,2,1,6,74,6
3313801,0,546,0,40,2,0,2,1,6,61,6
3313817,0,546,0,40,3,0,2,1,6,53,6
3313833,0,546,0,40,2,0,2,1,6,27,6
3313913,0,546,0,40,3,0,2,1,6,46,6
3313929,0,546,0,40,2,0,2,1,6,27,6
3313945,0,546,0,40,2,0,2,1,6,52,6
3314058,0,546,0,40,2,0,2,1,6,54,6
3314066,0,546,0,40,3,0,2,1,6,31,6
3314098,0,546,0,40,2,0,2,1,6,31,6
3314106,0,546,0,40,3,0,2,1,6,73,6
3314114,0,546,0,40,2,0,2,1,6,59,6
3314122,0,546,0,40,3,0,2,1,6,85,6
3314154,0,546,0,40,3,0,2,1,6,36,6
3314162,0,546,0,40,3,0,2,1,6,11,6
3314178,0,546,0,40,3,0,2,1,6,27,6
3314186,0,546,0,40,3,0,2,1,6,63,6
3314246,0,546,0,40,3,0,2,1,6,27,6
3314270,0,546,0,40,3,0,2,1,6,49,6
3314278,0,546,0,40,2,0,2,1,6,49,6
3314302,0,546,0,40,2,0,2,1,6,45,6
3314310,0,546,0,40,3,0,2,1,6,32,6
3314358,0,546,0,40,2,0,2,1,6,34,6
3314366,0,546,0,40,3,0,2,1,6,36,6
3314382,0,546,0,40,2,0,2,1,6,38,6
3314414,0,546,0,40,3,0,2,1,6,53,6
3314494,0,546,0,40,3,0,2,1,6,35,6
3314534,0,546,0,40,2,0,2,1,6,56,6
3314566,0,546,0,40,2,0,2,1,6,35,6
3314582,0,546,0,40,2,0,2,1,6,54,6
3314590,0,546,0,40,2,0,2,1,6,15,6
3314614,0,546,0,40,2,0,2,1,6,65,6
3314637,0,546,0,40,2,0,2,1,6,53,6
3314649,0,546,0,40,2,0,2,1,6,61,6
3314657,0,546,0,40,3,0,2,1,6,37,6
3314669,0,546,0,40,2,0,2,1,6,27,6
3314673,0,546,0,40,2,0,2,1,6,60,6
3314697,0,546,0,40,2,0,2,1,6,28,6
3314705,0,546,0,40,3,0,2,1,6,67,6
3314713,0,546,0,40,3,0,2,1,6,39,6
3314725,0,546,0,40,3,0,2,1,6,47,6
3314745,0,546,0,40,2,0,2,1,6,14,6
3314757,0,546,0,40,2,0,2,1,6,49,6
3314769,0,546,0,40,3,0,2,1,6,30,6
3314773,0,546,0,40,3,0,2,1,6,34,6
3314785,0,546,0,40,3,0,2,1,6,130,6
3314797,0,546,0,40,3,0,2,1,6,114,6
3314801,0,546,0,40,3,0,2,1,6,18,6
3314805,0,546,0,40,3,0,2,1,6,56,6
3314809,0,546,0,40,3,0,2,1,6,77,6
3314813,0,546,0,40,2,0,2,1,6,23,6
3314817,0,546,0,40,3,0,2,1,6,45,6
3314821,0,546,0,40,3,0,2,1,6,67,6
3314829,0,546,0,40,3,0,2,1,6,52,6
3314837,0,546,0,40,3,0,2,1,6,28,6
3314841,0,546,0,40,2,0,2,1,6,32,6
3314849,0,546,0,40,2,0,2,1,6,47,6
3314861,0,546,0,40,3,0,2,1,6,52,6
3314865,0,546,0,40,3,0,2,1,6,34,6
3314877,0,546,0,40,2,0,2,1,6,48,6
3314885,0,546,0,40,3,0,2,1,6,33,6
3314893,0,546,0,40,3,0,2,1,6,34,6
3314901,0,546,0,40,2,0,2,1,6,23,6
3314905,0,546,0,40,3,0,2,1,6,32,6
3314909,0,546,0,40,3,0,2,1,6,14,6
3314921,0,546,0,40,2,0,2,1,6,83,6
3314937,0,546,0,40,3,0,2,1,6,39,6
3314941,0,546,0,40,2,0,2,1,6,32,6
3314945,0,546,0,40,3,0,2,1,6,35,6
3314957,0,546,0,40,3,0,2,1,6,33,6
3314977,0,546,0,40,2,0,2,1,6,45,6
3314993,0,546,0,40,2,0,2,1,6,59,6
3314997,0,546,0,40,3,0,2,1,6,59,6
3315009,0,546,0,40,2,0,2,1,6,56,6
3315017,0,546,0,40,2,0,2,1,6,13,6
3315021,0,546,0,40,2,0,2,1,6,47,6
3315025,0,546,0,40,3,0,2,1,6,59,6
3315033,0,546,0,40,2,0,2,1,6,47,6
3315041,0,546,0,40,2,0,2,1,6,61,6
3315045,0,546,0,40,3,0,2,1,6,32,6
3315057,0,546,0,40,2,0,2,1,6,60,6
3315061,0,546,0,40,3,0,2,1,6,49,6
3315077,0,546,0,40,3,0,2,1,6,36,6
3315089,0,546,0,40,3,0,2,1,6,44,6
3315101,0,546,0,40,2,0,2,1,6,55,6
3315105,0,546,0,40,3,0,2,1,6,54,6
3315109,0,546,0,40,2,0,2,1,6,58,6
3315117,0,546,0,40,2,0,2,1,6,34,6
3315121,0,546,0,40,3,0,2,1,6,43,6
3315129,0,546,0,40,3,0,2,1,6,50,6
3315137,0,546,0,40,3,0,2,1,6,40,6
3315141,0,546,0,40,3,0,2,1,6,51,6
3315145,0,546,0,40,2,0,2,1,6,71,6
3315149,0,546,0,40,2,0,2,1,6,51,6
3315157,0,546,0,40,3,0,2,1,6,30,6
3315165,0,546,0,40,2,0,2,1,6,59,6
3315173,0,546,0,40,2,0,2,1,6,59,6
3315181,0,546,0,40,2,0,2,1,6,29,6
3315185,0,546,0,40,3,0,2,1,6,23,6
3315189,0,546,0,40,3,0,2,1,6,24,6
3315193,0,546,0,40,2,0,2,1,6,17,6
3315201,0,546,0,40,2,0,2,1,6,29,6
3315205,0,546,0,40,3,0,2,1,6,61,6
3315213,0,546,0,40,2,0,2,1,6,24,6
3315225,0,546,0,40,2,0,2,1,6,55,6
3315233,0,546,0,40,2,0,2,1,6,34,6
3315237,0,546,0,40,2,0,2,1,6,32,6
3315245,0,546,0,40,2,0,2,1,6,40,6
3315249,0,546,0,40,3,0,2,1,6,57,6
3315253,0,546,0,40,2,0,2,1,6,47,6
3315265,0,546,0,40,2,0,2,1,6,37,6
3315267,0,546,0,40,2,0,2,1,6,42,6
3315269,0,546,0,40,3,0,2,1,6,86,6
3315271,0,546,0,40,3,0,2,1,6,36,6
3315273,0,546,0,40,3,0,2,1,6,46,6
3315277,0,546,0,40,3,0,2,1,6,46,6
3315283,0,546,0,40,2,0,2,1,6,19,6
3315285,0,546,0,40,2,0,2,1,6,61,6
3315289,0,546,0,40,3,0,2,1,6,50,6
3315295,0,546,0,40,3,0,2,1,6,44,6
3315297,0,546,0,40,3,0,2,1,6,46,6
3315305,0,546,0,40,2,0,2,1,6,40,6
3315307,0,546,0,40,3,0,2,1,6,80,6
3315317,0,546,0,40,2,0,2,1,6,43,6
3315323,0,546,0,40,3,0,2,1,6,28,6
3315329,0,546,0,40,2,0,2,1,6,30,6
3315333,0,546,0,40,3,0,2,1,6,17,6
3315335,0,546,0,40,3,0,2,1,6,85,6
3315337,0,546,0,40,2,0,2,1,6,61,6
3315343,0,546,0,40,2,0,2,1,6,49,6
3315347,0,546,0,40,2,0,2,1,6,32,6
3315357,0,546,0,40,3,0,2,1,6,100,6
3315361,0,546,0,40,2,0,2,1,6,60,6
3315365,0,546,0,40,3,0,2,1,6,17,6
3315367,0,546,0,40,3,0,2,1,6,33,6
3315371,0,546,0,40,3,0,2,1,6,51,6
3315375,0,546,0,40,3,0,2,1,6,51,6
3315377,0,546,0,40,3,0,2,1,6,46,6
3315379,0,546,0,40,3,0,2,1,6,32,6
3315381,0,546,0,40,3,0,2,1,6,19,6
3315389,0,546,0,40,2,0,2,1,6,65,6
3315393,0,546,0,40,2,0,2,1,6,23,6
3315395,0,546,0,40,2,0,2,1,6,35,6
3315397,0,546,0,40,3,0,2,1,6,25,6
3315399,0,546,0,40,3,0,2,1,6,34,6
3315403,0,546,0,40,3,0,2,1,6,34,6
3315411,0,546,0,40,3,0,2,1,6,50,6
3315413,0,546,0,40,2,0,2,1,6,35,6
3315423,0,546,0,40,2,0,2,1,6,23,6
3315429,0,546,0,40,3,0,2,1,6,45,6
3315435,2,546,0,40,3,0,2,1,6,41,6
3315443,0,546,0,40,2,0,2,1,6,52,6
3315447,0,546,0,40,2,0,2,1,6,29,6
3315455,0,546,0,40,2,0,2,1,6,53,6
3315457,0,546,0,40,2,0,2,1,6,32,6
3315459,0,546,0,40,3,0,2,1,6,48,6
3315465,0,546,0,40,3,0,2,1,6,42,6
3315467,0,546,0,40,2,0,2,1,6,67,6
3315471,0,546,0,40,2,0,2,1,6,78,6
3315475,0,546,0,40,2,0,2,1,6,38,6
3315477,0,546,0,40,2,0,2,1,6,26,6
3315479,0,546,0,40,2,0,2,1,6,42,6
3315481,0,546,0,40,3,0,2,1,6,23,6
3315487,0,546,0,40,3,0,2,1,6,19,6
3315489,0,546,0,40,3,0,2,1,6,27,6
3315491,0,546,0,40,2,0,2,1,6,67,6
3315495,0,546,0,40,3,0,2,1,6,43,6
3315499,0,546,0,40,2,0,2,1,6,49,6
3315503,0,546,0,40,3,0,2,1,6,58,6
3315509,0,546,0,40,3,0,2,1,6,73,6
3315511,0,546,0,40,2,0,2,1,6,75,6
3315515,0,546,0,40,2,0,2,1,6,51,6
3315517,0,546,0,40,2,0,2,1,6,43,6
3315519,0,546,0,40,3,0,2,1,6,23,6
3315521,0,546,0,40,3,0,2,1,6,26,6
3315523,0,546,0,40,3,0,2,1,6,45,6
3315525,0,546,0,40,3,0,2,1,6,22,6
3315527,0,546,0,40,3,0,2,1,6,33,6
3315529,0,546,0,40,2,0,2,1,6,30,6
3315531,0,546,0,40,2,0,2,1,6,51,6
3315535,0,546,0,40,3,0,2,1,6,90,6
3315537,0,546,0,40,2,0,2,1,6,33,6
3315541,0,546,0,40,3,0,2,1,6,44,6
3315545,0,546,0,40,2,0,2,1,6,41,6
3315547,0,546,0,40,3,0,2,1,6,41,6
3315551,0,546,0,40,3,0,2,1,6,63,6
3315555,0,546,0,40,2,0,2,1,6,27,6
3315557,0,546,0,40,2,0,2,1,6,33,6
3315559,0,546,0,40,3,0,2,1,6,62,6
3315565,0,546,0,40,2,0,2,1,6,39,6
3315571,0,546,0,40,2,0,2,1,6,22,6
3315573,0,546,0,40,3,0,2,1,6,17,6
3315577,0,546,0,40,2,0,2,1,6,42,6
3315579,0,546,0,40,3,0,2,1,6,73,6
3315585,0,546,0,40,3,0,2,1,6,75,6
3315587,0,546,0,40,3,0,2,1,6,106,6
3315589,0,546,0,40,2,0,2,1,6,39,6
3315597,0,546,0,40,3,0,2,1,6,23,6
3315603,0,546,0,40,2,0,2,1,6,45,6
3315605,0,546,0,40,2,0,2,1,6,36,6
3315607,0,546,0,40,2,0,2,1,6,48,6
3315613,0,546,0,40,3,0,2,1,6,29,6
3315619,0,546,0,40,2,0,2,1,6,60,6
3315623,0,546,0,40,3,0,2,1,6,71,6
3315631,0,546,0,40,2,0,2,1,6,17,6
3315635,0,546,0,40,2,0,2,1,6,41,6
3315639,0,546,0,40,3,0,2,1,6,36,6
3315641,0,546,0,40,2,0,2,1,6,27,6
3315643,0,546,0,40,3,0,2,1,6,62,6
3315647,0,546,0,40,3,0,2,1,6,108,6
3315649,0,546,0,40,3,0,2,1,6,42,6
3315651,0,546,0,40,2,0,2,1,6,29,6
3315657,0,546,0,40,2,0,2,1,6,38,6
3315659,0,546,0,40,2,0,2,1,6,27,6
3315661,0,546,0,40,2,0,2,1,6,15,6
3315663,0,546,0,40,2,0,2,1,6,90,6
3315665,0,546,0,40,3,0,2,1,6,46,6
3315669,0,546,0,40,3,0,2,1,6,69,6
3315671,0,546,0,40,3,0,2,1,6,64,6
3315677,0,546,0,40,2,0,2,1,6,60,6
3315681,0,546,0,40,3,0,2,1,6,53,6
3315683,0,546,0,40,3,0,2,1,6,49,6
3315685,0,546,0,40,3,0,2,1,6,38,6
3315693,0,546,0,40,2,0,2,1,6,43,6
3315695,0,546,0,40,3,0,2,1,6,24,6
3315699,0,546,0,40,3,0,2,1,6,15,6
3315703,0,546,0,40,3,0,2,1,6,62,6
3315705,0,546,0,40,3,0,2,1,6,31,6
3315707,0,546,0,40,2,0,2,1,6,54,6
3315713,0,546,0,40,3,0,2,1,6,27,6
3315715,0,546,0,40,3,0,2,1,6,52,6
3315719,0,546,0,40,2,0,2,1,6,55,6
3315723,0,546,0,40,2,0,2,1,6,68,6
3315725,0,546,0,40,2,0,2,1,6,60,6
3315727,0,546,0,40,2,0,2,1,6,51,6
3315731,0,546,0,40,3,0,2,1,6,32,6
3315733,0,546,0,40,3,0,2,1,6,41,6
3315737,0,546,0,40,3,0,2,1,6,48,6
3315739,0,546,0,40,3,0,2,1,6,115,6
3315741,0,546,0,40,2,0,2,1,6,46,6
3315743,0,546,0,40,3,0,2,1,6,54,6
3315745,0,546,0,40,2,0,2,1,6,59,6
3315749,0,546,0,40,2,0,2,1,6,50,6
3236932,0,546,0,40,2,7,2,1,72,109,6
3262381,0,546,0,40,2,1,2,1,19,42,6
3287906,0,546,0,40,3,4,2,1,29,40,6
3276797,0,546,0,40,3,8,2,1,35,53,6
3258801,0,546,0,40,2,10,2,1,54,39,6
3304008,0,546,0,40,3,2,2,1,7,99,6
3297902,0,546,0,40,3,2,2,1,19,69,6
3251155,0,546,0,40,3,9,2,1,67,18,6
3308049,0,546,0,40,3,1,2,1,7,48,6
3275379,0,546,0,40,2,7,2,1,63,91,6
3253239,0,546,0,40,3,12,2,1,55,19,6
3298716,0,546,0,40,2,2,2,1,16,31,6
3298999,0,546,0,40,2,3,2,1,18,36,6
3282225,0,546,0,40,2,6,2,1,32,29,6
3290798,0,546,0,40,2,6,2,1,30,24,6
3264132,0,546,0,40,3,5,2,1,46,22,6
3281914,0,546,0,40,2,6,2,1,32,28,6
3298618,0,546,0,40,3,3,2,1,12,45,6
3229064,0,546,0,40,2,16,2,1,71,50,6
3305729,0,546,0,40,3,2,2,1,8,41,6
3277328,0,546,0,40,3,5,2,1,52,43,6
3275719,0,546,0,40,2,7,2,1,51,29,6
3300051,0,546,0,40,2,1,2,1,18,21,6
3278935,0,546,0,40,3,7,2,1,45,61,6
3269876,0,546,0,40,2,12,2,1,54,52,6
3272055,0,546,0,40,3,5,2,1,70,46,6
3259990,0,546,0,40,3,5,2,1,35,57,6
3268163,0,546,0,40,3,8,2,1,82,16,6
3268393,0,546,0,40,3,6,2,1,35,60,6
3281598,0,546,0,40,2,8,2,1,31,44,6
3291243,0,546,0,40,2,3,2,1,35,59,6
3303892,0,546,0,40,3,2,2,1,11,55,6
3299553,0,546,0,40,2,3,2,1,14,30,6
3308286,0,546,0,40,2,1,2,1,8,39,6
3294683,0,546,0,40,3,3,2,1,19,35,6
3291395,0,546,0,40,3,4,2,1,28,59,6
3278072,0,546,0,40,2,8,2,1,34,48,6
3302304,0,546,0,40,2,2,2,1,9,19,6
3304196,0,546,0,40,3,2,2,1,9,68,6
3279097,0,546,0,40,2,4,2,1,52,66,6
3271336,0,546,0,40,3,7,2,1,60,39,6
3262525,0,546,0,40,2,7,2,1,53,24,6
3291355,0,546,0,40,3,3,2,1,29,28,6
3288182,0,546,0,40,2,3,2,1,39,34,6
3287500,0,546,0,40,2,4,2,1,32,50,6
3266961,0,546,0,40,3,9,2,1,50,20,6
3288865,0,546,0,40,3,6,2,1,23,75,6
3297592,1,546,534,14.4835,3,2,2,1,23,39,6
3267304,0,546,0,40,3,8,2,1,50,29,6
3307226,0,546,0,40,2,1,2,1,11,64,6
3262228,0,546,0,40,2,5,2,1,38,35,6
3293849,0,546,0,40,3,4,2,1,28,10,6
3302091,0,546,0,40,2,2,2,1,10,21,6
3271993,0,546,0,40,3,9,2,1,55,70,6
3295648,0,546,0,40,2,4,2,1,16,38,6
3293432,0,546,0,40,3,5,2,1,22,68,6
3306505,0,546,0,40,3,2,2,1,10,22,6
3307636,0,546,0,40,2,1,2,1,9,52,6
3291552,0,546,0,40,2,3,2,1,24,67,6
3269238,0,546,0,40,3,10,2,1,64,60,6
3271395,0,546,0,40,2,10,2,1,51,37,6
3279207,0,546,0,40,2,8,2,1,37,34,6
3303975,0,546,0,40,3,2,2,1,9,16,6
3300101,0,546,0,40,2,2,2,1,18,12,6
3306277,0,546,0,40,3,2,2,1,8,25,6
3277479,0,546,0,40,3,9,2,1,41,20,6
3279035,0,546,0,40,3,10,2,1,37,53,6
3309414,0,546,0,40,2,1,2,1,7,20,6
3149857,0,546,0,40,3,23,2,1,143,82,6
3273636,0,546,0,40,3,8,2,1,52,23,6
3290159,0,546,0,40,2,3,2,1,27,40,6
3292000,0,546,0,40,2,4,2,1,28,36,6
3294933,0,546,0,40,2,5,2,1,10,47,6
3274691,0,546,0,40,3,5,2,1,65,42,6
3270046,0,546,0,40,3,8,2,1,68,44,6
3285443,0,546,0,40,2,5,2,1,40,51,6
3302977,0,546,0,40,2,1,2,1,20,46,6
3278984,0,546,0,40,3,6,2,1,51,58,6
3286428,0,546,0,40,3,4,2,1,44,58,6
3304742,0,546,0,40,2,1,2,1,17,15,6
3301350,0,546,0,40,2,2,2,1,19,69,6
3304786,0,546,0,40,2,1,2,1,16,68,6
3281664,0,546,0,40,2,5,2,1,39,46,6
3270830,0,546,0,40,3,10,2,1,63,42,6
3283075,0,546,0,40,2,5,2,1,44,38,6
3293436,0,546,0,40,2,2,2,1,35,58,6
3295215,0,546,0,40,2,3,2,1,22,64,6
3282896,0,546,0,40,3,7,2,1,27,32,6
3277952,0,546,0,40,2,7,2,1,54,33,6
3304925,0,546,0,40,3,1,2,1,13,38,6
3279376,0,546,0,40,3,6,2,1,46,19,6
3269714,0,546,0,40,2,9,2,1,68,32,6
3274856,0,546,0,40,2,6,2,1,60,38,6
3307424,0,546,0,40,2,1,2,1,12,51,6
3282445,0,546,0,40,3,5,2,1,41,36,6
3287076,0,546,0,40,2,5,2,1,30,32,6
3258291,0,546,0,40,2,6,2,1,43,32,6
3279321,0,546,0,40,2,5,2,1,38,51,6
3289676,0,546,0,40,3,4,2,1,25,58,6
3296634,0,546,0,40,2,4,2,1,23,83,6
3298040,0,546,0,40,3,3,2,1,20,125,6
3307199,0,546,0,40,3,1,2,1,10,69,6
3308508,0,546,0,40,2,1,2,1,10,56,6
3271308,0,546,0,40,2,7,2,1,58,46,6
3282411,0,546,0,40,2,7,2,1,45,41,6
3282720,0,546,0,40,3,5,2,1,36,25,6
3308823,0,546,0,40,2,1,2,1,9,54,6
3288558,0,546,0,40,2,4,2,1,25,34,6
3303450,0,546,0,40,3,2,2,1,12,57,6
3274005,0,546,0,40,3,7,2,1,56,14,6
3290320,0,546,0,40,3,4,2,1,33,47,6
3282500,0,546,0,40,3,5,2,1,29,12,6
3294016,0,546,0,40,3,4,2,1,20,32,6
3287917,0,546,0,40,2,5,2,1,29,33,6
3270764,0,546,0,40,3,10,2,1,63,45,6
3266846,0,546,0,40,2,4,2,1,58,87,6
3279272,0,546,0,40,3,7,2,1,44,50,6
3307663,0,546,0,40,3,2,2,1,10,60,6
3306442,0,546,0,40,2,1,2,1,7,33,6
3309889,0,546,0,40,2,1,2,1,7,83,6
3310299,0,546,0,40,2,1,2,1,7,49,6
3310399,0,546,0,40,2,1,2,1,7,80,6
3296047,0,546,0,40,3,4,2,1,14,49,6
3291312,0,546,0,40,3,3,2,1,33,54,6
3297443,0,546,0,40,3,5,2,1,17,35,6
3286555,0,546,0,40,2,4,2,1,32,76,6
3299877,0,546,0,40,2,4,2,1,13,54,6
3308055,0,546,0,40,3,2,2,1,7,19,6
3290572,0,546,0,40,2,5,2,1,21,72,6
3287535,0,546,0,40,2,6,2,1,25,54,6
3310230,0,546,0,40,3,1,2,1,6,52,6
3310920,0,546,0,40,3,1,2,1,6,27,6
3266662,0,546,0,40,3,3,2,1,43,17,6
3273627,0,546,0,40,2,5,2,1,74,58,6
3300258,0,546,0,40,2,2,2,1,24,23,6
3264260,0,546,0,40,2,9,2,1,60,26,6
3298917,0,546,0,40,3,2,2,1,22,26,6
3270500,0,546,0,40,3,8,2,1,65,37,6
3264285,0,546,0,40,3,8,2,1,32,43,6
3297877,0,546,0,40,2,2,2,1,24,46,6
3282209,0,546,0,40,3,6,2,1,43,87,6
3303222,0,546,0,40,2,1,2,1,16,59,6
3305716,0,546,0,40,3,1,2,1,16,54,6
3265922,0,546,0,40,3,8,2,1,68,52,6
3279678,0,546,0,40,2,7,2,1,41,109,6
3268844,0,546,0,40,3,9,2,1,83,16,6
3290765,0,546,0,40,3,4,2,1,22,60,6
3295222,0,546,0,40,2,3,2,1,26,38,6
3299679,0,546,0,40,2,4,2,1,18,25,6
3306388,0,546,0,40,2,1,2,1,13,38,6
3307472,0,546,0,40,3,1,2,1,13,80,6
3294668,0,546,0,40,3,3,2,1,27,68,6
3302101,0,546,0,40,3,2,2,1,15,36,6
3296407,0,546,0,40,2,3,2,1,24,54,6
3278821,0,546,0,40,3,6,2,1,55,64,6
3300541,0,546,0,40,2,3,2,1,21,20,6
3305877,0,546,0,40,2,1,2,1,12,89,6
3307705,0,546,0,40,2,1,2,1,12,8,6
3308111,0,546,0,40,3,1,2,1,12,54,6
3283930,0,546,0,40,2,4,2,1,36,28,6
3287211,0,546,0,40,2,4,2,1,37,77,6
3264724,0,546,0,40,3,8,2,1,48,34,6
3271572,0,546,0,40,2,10,2,1,63,23,6
3274799,0,546,0,40,2,10,2,1,44,71,6
3305323,0,546,0,40,2,2,2,1,12,56,6
3252359,0,546,0,40,2,11,2,1,63,78,6
3306826,0,546,0,40,3,1,2,1,11,33,6
3299031,0,546,0,40,3,2,2,1,14,35,6
3303067,0,546,0,40,2,2,2,1,15,22,6
3285670,0,546,0,40,3,4,2,1,29,71,6
3305784,0,546,0,40,2,2,2,1,13,57,6
3301309,0,546,0,40,3,3,2,1,14,50,6
3305910,0,546,0,40,3,2,2,1,11,47,6
3306404,0,546,0,40,3,2,2,1,11,26,6
3307063,0,546,0,40,3,2,2,1,11,10,6
3296045,0,546,0,40,3,3,2,1,19,19,6
3257918,0,546,0,40,3,9,2,1,53,22,6
3281013,0,546,0,40,2,7,2,1,47,40,6
3289877,0,546,0,40,3,6,2,1,25,48,6
3269990,0,546,0,40,3,9,2,1,60,31,6
3305274,0,546,0,40,2,2,2,1,14,21,6
3291159,0,546,0,40,3,5,2,1,24,69,6
3308115,1,546,531,20.178,3,2,2,1,11,38,6
3309044,0,546,0,40,3,1,2,1,9,70,6
3309766,0,546,0,40,2,1,2,1,9,20,6
3302047,0,546,0,40,3,2,2,1,14,59,6
3295389,0,546,0,40,3,4,2,1,12,35,6
3299236,0,546,0,40,3,3,2,1,20,41,6
3292040,0,546,0,40,2,3,2,1,35,47,6
3298679,0,546,0,40,2,3,2,1,20,59,6
3288778,0,546,0,40,2,5,2,1,26,40,6
3272634,0,546,0,40,2,9,2,1,70,71,6
3289392,0,546,0,40,2,3,2,1,34,59,6
3309847,0,546,0,40,3,1,2,1,8,29,6
3309991,0,546,0,40,3,1,2,1,8,27,6
3310219,0,546,0,40,3,1,2,1,8,17,6
3284538,0,546,0,40,3,6,2,1,29,45,6
3271205,0,546,0,40,2,10,2,1,68,30,6
3274484,0,546,0,40,2,8,2,1,39,26,6
3301959,0,546,0,40,3,2,2,1,12,21,6
3277037,0,546,0,40,2,9,2,1,47,36,6
3280953,0,546,0,40,2,7,2,1,31,22,6
3216596,0,546,0,40,2,13,2,1,138,21,6
3306980,0,546,0,40,3,2,2,1,9,27,6
3286314,0,546,0,40,2,7,2,1,37,43,6
3309151,0,546,0,40,2,2,2,1,8,33,6
3305020,0,546,0,40,2,2,2,1,16,19,6
3308651,0,546,0,40,2,2,2,1,10,59,6
3308938,0,546,0,40,2,1,2,1,7,26,6
3310138,0,546,0,40,2,1,2,1,7,46,6
3271952,0,546,0,40,2,7,2,1,70,48,6
3304846,0,546,0,40,3,2,2,1,9,53,6
3302840,0,546,0,40,2,2,2,1,13,33,6
3289844,0,546,0,40,2,4,2,1,24,26,6
3304098,0,546,0,40,2,2,2,1,11,34,6
3290080,0,546,0,40,2,4,2,1,22,37,6
3268920,0,546,0,40,2,11,2,1,73,40,6
3262279,0,546,0,40,3,10,2,1,58,35,6
3279551,0,546,0,40,3,8,2,1,39,62,6
3267054,1,546,522,26.7877,3,13,2,1,67,20,6
3291749,0,546,0,40,3,4,2,1,25,35,6
3269761,0,546,0,40,3,11,2,1,54,34,6
3263175,0,546,0,40,3,6,2,1,46,41,6
3275498,0,546,0,40,2,7,2,1,60,44,6
3277518,0,546,0,40,2,6,2,1,47,38,6
3299705,0,546,0,40,3,4,2,1,13,38,6
3270114,0,546,0,40,3,9,2,1,59,9,6
3304031,0,546,0,40,2,4,2,1,14,38,6
3311186,0,546,0,40,2,1,2,1,6,16,6
3311428,0,546,0,40,3,1,2,1,6,112,6
3259751,0,546,0,40,2,9,2,1,80,58,6
3298122,0,546,0,40,3,1,2,1,31,19,6
3281147,1,546,537,40,2,5,2,1,55,21,6
3265201,0,546,0,40,2,4,2,1,48,67,6
3275192,0,546,0,40,2,7,2,1,58,86,6
3287437,0,546,0,40,3,3,2,1,40,24,6
3285822,0,546,0,40,3,4,2,1,43,25,6
3297554,0,546,0,40,3,2,2,1,27,32,6
3293955,0,546,0,40,3,2,2,1,36,49,6
3288629,0,546,0,40,2,3,2,1,34,30,6
3299392,0,546,0,40,3,2,2,1,22,56,6
3298106,0,546,0,40,3,2,2,1,28,64,6
3302984,0,546,0,40,2,1,2,1,21,43,6
3303228,0,546,0,40,3,1,2,1,20,54,6
3299888,0,546,0,40,2,2,2,1,22,42,6
3279089,0,546,0,40,3,6,2,1,52,49,6
3297008,0,546,0,40,3,3,2,1,20,38,6
3273878,0,546,0,40,3,11,2,1,51,85,6
3297323,0,546,0,40,2,3,2,1,26,72,6
3272491,0,546,0,40,2,8,2,1,66,25,6
3304561,0,546,0,40,2,1,2,1,17,55,6
3296093,0,546,0,40,3,3,2,1,25,23,6
3270625,0,546,0,40,3,9,2,1,69,74,6
3306037,0,546,0,40,2,1,2,1,16,26,6
3299689,1,546,519,10.9261,3,2,2,1,20,29,6
3289565,0,546,0,40,2,4,2,1,32,56,6
3298180,0,546,0,40,2,2,2,1,27,84,6
3295091,0,546,0,40,3,3,2,1,25,40,6
3306543,0,546,0,40,2,1,2,1,15,86,6
3266010,0,546,0,40,3,13,2,1,89,25,6
3266643,0,546,0,40,2,6,2,1,47,42,6
3303683,0,546,0,40,3,2,2,1,18,60,6
3307082,0,546,0,40,3,1,2,1,14,46,6
3284755,0,546,0,40,2,5,2,1,36,39,6
3291630,0,546,0,40,2,6,2,1,23,17,6
3275201,0,546,0,40,2,4,2,1,69,44,6
3303559,0,546,0,40,2,2,2,1,17,44,6
3302943,0,546,0,40,3,3,2,1,18,35,6
3306288,0,546,0,40,2,1,2,1,13,16,6
3307493,0,546,0,40,2,1,2,1,13,31,6
3297161,0,546,0,40,2,3,2,1,24,20,6
3294734,0,546,0,40,3,4,2,1,22,10,6
3304596,0,546,0,40,2,2,2,1,14,27,6
3304971,0,546,0,40,3,2,2,1,13,42,6
3288197,0,546,0,40,3,5,2,1,33,32,6
3286789,0,546,0,40,3,6,2,1,33,36,6
3301052,0,546,0,40,2,3,2,1,19,35,6
3291957,0,546,0,40,3,5,2,1,32,18,6
3306922,0,546,0,40,2,1,2,1,12,27,6
3307848,0,546,0,40,3,1,2,1,12,44,6
3277981,0,546,0,40,3,7,2,1,44,53,6
3298074,0,546,0,40,3,3,2,1,20,41,6
3297456,0,546,0,40,2,3,2,1,19,31,6
3279910,0,546,0,40,2,8,2,1,40,41,6
3288359,0,546,0,40,2,3,2,1,41,39,6
3302644,0,546,0,40,3,2,2,1,16,54,6
3300294,0,546,0,40,3,2,2,1,23,77,6
3283016,0,546,0,40,3,6,2,1,40,66,6
3284517,0,546,0,40,3,5,2,1,42,59,6
3290731,0,546,0,40,3,4,2,1,32,40,6
3297094,0,546,0,40,3,4,2,1,24,29,6
3308203,0,546,0,40,3,1,2,1,11,28,6
3309219,0,546,0,40,2,1,2,1,11,31,6
3303076,0,546,0,40,3,2,2,1,14,89,6
3277406,0,546,0,40,3,4,2,1,56,44,6
3265688,0,546,0,40,2,3,2,1,21,22,6
3284191,0,546,0,40,3,6,2,1,35,46,6
3298867,0,546,0,40,3,3,2,1,19,71,6
3273510,0,546,0,40,3,8,2,1,53,35,6
3301849,0,546,0,40,2,3,2,1,15,62,6
3301418,0,546,0,40,2,3,2,1,15,33,6
3289042,0,546,0,40,2,5,2,1,41,64,6
3303824,0,546,0,40,3,2,2,1,17,25,6
3272117,0,546,0,40,3,10,2,1,63,18,6
3308920,0,546,0,40,3,1,2,1,10,39,6
3309196,0,546,0,40,3,1,2,1,10,30,6
3309802,0,546,0,40,2,1,2,1,10,46,6
3305498,0,546,0,40,2,2,2,1,10,41,6
3296101,0,546,0,40,3,3,2,1,21,39,6
3276145,0,546,0,40,3,8,2,1,55,78,6
3292951,0,546,0,40,3,5,2,1,17,62,6
3306259,0,546,0,40,2,2,2,1,10,32,6
3281480,0,546,0,40,2,7,2,1,36,29,6
3274608,0,546,0,40,3,5,2,1,67,49,6
3284655,0,546,0,40,2,7,2,1,35,15,6
3305451,0,546,0,40,3,2,2,1,12,33,6
3283727,0,546,0,40,3,8,2,1,33,28,6
3265416,0,546,0,40,3,7,2,1,54,71,6
3288060,0,546,0,40,2,8,2,1,24,40,6
3261874,0,546,0,40,2,8,2,1,70,44,6
3279648,0,546,0,40,2,7,2,1,47,43,6
3278876,0,546,0,40,2,10,2,1,41,25,6
3307898,0,546,0,40,3,1,2,1,9,24,6
3309551,0,546,0,40,2,1,2,1,9,30,6
3276499,1,546,518,30.0565,3,8,2,1,47,29,6
3296413,0,546,0,40,2,3,2,1,22,79,6
3297630,0,546,0,40,3,2,2,1,25,47,6
3295049,0,546,0,40,3,3,2,1,26,28,6
3267544,0,546,0,40,3,8,2,1,48,28,6
3283076,0,546,0,40,3,7,2,1,41,86,6
3277452,0,546,0,40,3,6,2,1,54,38,6
3297761,0,546,0,40,3,3,2,1,15,48,6
3306732,0,546,0,40,3,2,2,1,9,27,6
3276639,0,546,0,40,3,7,2,1,57,34,6
3298945,0,546,0,40,2,4,2,1,21,38,6
3303080,0,546,0,40,2,3,2,1,15,18,6
3296870,0,546,0,40,2,4,2,1,21,35,6
3293575,0,546,0,40,3,4,2,1,21,54,6
3267979,0,546,0,40,3,8,2,1,85,62,6
3277353,0,546,0,40,3,7,2,1,60,53,6
3308794,0,546,0,40,3,1,2,1,8,25,6
3309894,0,546,0,40,3,1,2,1,8,88,6
3310880,0,546,0,40,2,1,2,1,8,52,6
3294596,0,546,0,40,3,6,2,1,18,67,6
3305235,0,546,0,40,2,2,2,1,10,27,6
3294909,0,546,0,40,3,4,2,1,20,63,6
3284024,0,546,0,40,2,6,2,1,30,85,6
3300323,0,546,0,40,2,3,2,1,13,43,6
3303425,0,546,0,40,3,3,2,1,10,39,6
3271514,0,546,0,40,2,9,2,1,57,33,6
3262553,0,546,0,40,2,7,2,1,54,66,6
3286292,0,546,0,40,3,5,2,1,32,26,6
3307284,0,546,0,40,3,2,2,1,11,14,6
3270983,0,546,0,40,3,10,2,1,60,70,6
3291522,0,546,0,40,3,3,2,1,38,81,6
3292269,0,546,0,40,2,6,2,1,19,10,6
3310565,0,546,0,40,3,1,2,1,7,36,6
3311138,0,546,0,40,3,1,2,1,7,25,6
3311196,1,546,537,19.5012,3,1,2,1,7,38,6
3292161,0,546,0,40,3,3,2,1,27,23,6
3274597,0,546,0,40,3,9,2,1,43,20,6
3265314,0,546,0,40,3,11,2,1,55,34,6
3280799,0,546,0,40,2,10,2,1,31,19,6
3306915,0,546,0,40,3,2,2,1,10,50,6
3280955,0,546,0,40,2,7,2,1,38,20,6
3283246,0,546,0,40,2,8,2,1,39,79,6
3276702,0,546,0,40,2,9,2,1,39,76,6
3305335,0,546,0,40,2,2,2,1,12,101,6
3302236,0,546,0,40,2,3,2,1,16,91,6
3272780,0,546,0,40,3,13,2,1,48,43,6
3307216,0,546,0,40,3,2,2,1,11,40,6
3287458,0,546,0,40,2,4,2,1,35,38,6
3291016,0,546,0,40,3,7,2,1,20,20,6
3293732,1,546,523,21.8654,3,6,2,1,16,53,6
3286377,0,546,0,40,2,6,2,1,30,25,6
3307828,0,546,0,40,2,2,2,1,10,50,6
3304038,0,546,0,40,2,3,2,1,11,59,6
3292457,0,546,0,40,3,4,2,1,33,40,6
3267419,0,546,0,40,2,5,2,1,36,46,6
3309697,0,546,0,40,2,1,2,1,6,23,6
3310567,0,546,0,40,2,1,2,1,6,54,6
3311335,0,546,0,40,3,1,2,1,6,72,6
3311491,0,546,0,40,2,1,2,1,6,20,6
3311711,0,546,0,40,3,1,2,1,6,41,6
3311746,0,546,0,40,3,1,2,1,6,26,6
3312160,0,546,0,40,3,1,2,1,6,83,6
3291747,0,546,0,40,3,2,2,1,41,80,6
3278413,0,546,0,40,3,6,2,1,58,57,6
3264979,0,546,0,40,2,7,2,1,74,78,6
3290874,0,546,0,40,2,3,2,1,40,28,6
3284658,0,546,0,40,3,5,2,1,43,38,6
3286472,0,546,0,40,3,5,2,1,37,38,6
3302284,0,546,0,40,2,1,2,1,24,28,6
3268866,0,546,0,40,2,9,2,1,79,35,6
3298018,1,546,538,24.7185,3,3,2,1,26,36,6
3299770,0,546,0,40,3,1,2,1,23,52,6
3282118,0,546,0,40,2,4,2,1,51,33,6
3300578,0,546,0,40,3,1,2,1,22,37,6
3288331,0,546,0,40,3,2,2,1,44,49,6
3292171,0,546,0,40,3,3,2,1,29,43,6
3282008,0,546,0,40,3,8,2,1,45,47,6
3230260,0,546,0,40,2,15,2,1,90,17,6
3291816,0,546,0,40,3,3,2,1,33,12,6
3279308,0,546,0,40,2,8,2,1,44,50,6
3281723,0,546,0,40,3,6,2,1,42,57,6
3267245,0,546,0,40,2,8,2,1,51,23,6
3292488,0,546,0,40,3,3,2,1,29,36,6
3291271,0,546,0,40,3,4,2,1,31,59,6
3279572,0,546,0,40,2,4,2,1,55,23,6
3277855,0,546,0,40,3,7,2,1,48,34,6
3290474,0,546,0,40,2,4,2,1,29,19,6
3306671,0,546,0,40,3,1,2,1,16,37,6
3263384,0,546,0,40,2,11,2,1,45,36,6
3272614,0,546,0,40,3,8,2,1,65,58,6
3286345,0,546,0,40,3,4,2,1,40,71,6
3283419,0,546,0,40,3,5,2,1,48,85,6
3295164,0,546,0,40,2,3,2,1,30,105,6
3291163,0,546,0,40,3,4,2,1,32,79,6
3280646,0,546,0,40,3,8,2,1,42,35,6
3306492,0,546,0,40,3,1,2,1,15,33,6
3307118,0,546,0,40,2,1,2,1,15,70,6
3271505,0,546,0,40,3,8,2,1,58,54,6
3270071,0,546,0,40,3,11,2,1,63,68,6
3288148,0,546,0,40,3,6,2,1,37,31,6
3304938,0,546,0,40,2,2,2,1,15,59,6
3274183,0,546,0,40,3,6,2,1,64,52,6
3306000,0,546,0,40,3,1,2,1,14,30,6
3308077,0,546,0,40,2,1,2,1,14,27,6
3297917,0,546,0,40,2,2,2,1,19,27,6
3282299,0,546,0,40,3,5,2,1,50,21,6
3295586,0,546,0,40,2,3,2,1,28,20,6
3303474,0,546,0,40,2,2,2,1,16,17,6
3288366,0,546,0,40,3,4,2,1,37,28,6
3293584,0,546,0,40,3,4,2,1,23,43,6
3307223,0,546,0,40,3,1,2,1,13,60,6
3308190,1,546,538,35.8489,2,1,2,1,13,57,6
3302027,0,546,0,40,2,2,2,1,15,48,6
3276876,0,546,0,40,3,6,2,1,60,105,6
3280474,0,546,0,40,2,4,2,1,52,44,6
3271044,0,546,0,40,2,10,2,1,69,33,6
3301358,0,546,0,40,2,2,2,1,23,25,6
3301519,0,546,0,40,2,2,2,1,19,46,6
3265901,0,546,0,40,2,6,2,1,53,62,6
3307786,0,546,0,40,3,1,2,1,12,72,6
3308183,0,546,0,40,3,1,2,1,12,27,6
3309245,0,546,0,40,3,1,2,1,12,13,6
3303969,0,546,0,40,2,2,2,1,12,38,6
3270955,0,546,0,40,2,11,2,1,56,19,6
3301306,0,546,0,40,3,2,2,1,21,60,6
3275706,0,546,0,40,2,9,2,1,52,26,6
3282757,0,546,0,40,2,5,2,1,47,18,6
3300477,0,546,0,40,3,4,2,1,14,33,6
3285179,0,546,0,40,2,5,2,1,47,37,6
3270254,0,546,0,40,2,6,2,1,85,68,6
3288367,0,546,0,40,3,6,2,1,40,41,6
3293351,0,546,0,40,3,4,2,1,28,28,6
3292231,0,546,0,40,2,5,2,1,35,73,6
3280797,0,546,0,40,3,7,2,1,43,26,6
3307614,0,546,0,40,2,1,2,1,11,37,6
3309396,0,546,0,40,2,1,2,1,11,26,6
3303264,0,546,0,40,2,2,2,1,13,43,6
3294312,0,546,0,40,3,3,2,1,29,44,6
3287134,0,546,0,40,3,6,2,1,32,69,6
3262337,0,546,0,40,3,8,2,1,53,47,6
3304050,0,546,0,40,3,2,2,1,15,21,6
3288634,0,546,0,40,2,5,2,1,32,62,6
3302972,0,546,0,40,3,2,2,1,20,86,6
3304487,0,546,0,40,3,2,2,1,17,27,6
3306194,0,546,0,40,2,2,2,1,14,71,6
3306784,0,546,0,40,2,2,2,1,13,38,6
3294103,0,546,0,40,3,5,2,1,18,60,6
3261496,0,546,0,40,2,10,2,1,45,21,6
3284188,0,546,0,40,2,7,2,1,38,27,6
3308170,0,546,0,40,3,2,2,1,12,56,6
3308197,0,546,0,40,2,1,2,1,10,32,6
3309977,0,546,0,40,3,1,2,1,10,114,6
3290904,0,546,0,40,2,5,2,1,25,12,6
3262046,0,546,0,40,2,7,2,1,58,94,6
3304848,0,546,0,40,2,2,2,1,15,37,6
3263155,0,546,0,40,2,12,2,1,73,62,6
3274838,0,546,0,40,3,9,2,1,49,44,6
3279685,0,546,0,40,3,7,2,1,53,65,6
3276786,0,546,0,40,2,8,2,1,51,37,6
3275547,0,546,0,40,3,8,2,1,54,35,6
3298675,0,546,0,40,2,4,2,1,13,71,6
3300860,0,546,0,40,2,3,2,1,21,81,6
3263910,0,546,0,40,2,8,2,1,41,32,6
3308877,0,546,0,40,2,2,2,1,10,55,6
3299903,0,546,0,40,2,4,2,1,17,27,6
3309541,0,546,0,40,2,1,2,1,9,21,6
3309962,0,546,0,40,3,1,2,1,9,33,6
3310242,0,546,0,40,3,1,2,1,9,91,6
3310690,0,546,0,40,2,1,2,1,9,21,6
3311062,0,546,0,40,2,1,2,1,9,69,6
3298927,0,546,0,40,2,3,2,1,12,79,6
3300185,0,546,0,40,2,2,2,1,20,77,6
3288413,0,546,0,40,3,5,2,1,36,147,6
3292308,0,546,0,40,2,4,2,1,28,82,6
3262243,0,546,0,40,2,6,2,1,42,62,6
3293599,0,546,0,40,2,4,2,1,22,12,6
3262112,0,546,0,40,2,4,2,1,51,41,6
3295089,0,546,0,40,2,3,2,1,23,24,6
3293149,0,546,0,40,2,4,2,1,24,40,6
3290181,0,546,0,40,2,6,2,1,25,64,6
3308039,0,546,0,40,2,2,2,1,9,35,6
3299562,0,546,0,40,3,3,2,1,19,33,6
3302527,0,546,0,40,2,3,2,1,16,38,6
3267049,0,546,0,40,2,8,2,1,34,62,6
3304526,0,546,0,40,3,3,2,1,13,63,6
3305001,0,546,0,40,3,3,2,1,11,66,6
3306986,0,546,0,40,2,2,2,1,10,38,6
3300640,0,546,0,40,3,4,2,1,18,52,6
3309067,0,546,0,40,3,2,2,1,9,47,6
3297844,0,546,0,40,2,4,2,1,20,52,6
3263598,0,546,0,40,3,10,2,1,63,27,6
3262563,0,546,0,40,2,8,2,1,35,46,6
3300547,0,546,0,40,2,3,2,1,23,35,6
3297399,0,546,0,40,3,3,2,1,23,21,6
3288325,0,546,0,40,3,6,2,1,31,31,6
3310156,0,546,0,40,2,1,2,1,8,30,6
3310633,0,546,0,40,3,1,2,1,8,48,6
3311270,0,546,0,40,3,1,2,1,8,28,6
3311450,0,546,0,40,2,1,2,1,8,47,6
3311562,0,546,0,40,2,1,2,1,8,51,6
3282742,0,546,0,40,2,6,2,1,26,15,6
3287055,0,546,0,40,2,4,2,1,32,41,6
3301228,0,546,0,40,3,3,2,1,14,50,6
3292046,0,546,0,40,3,3,2,1,30,36,6
3290254,0,546,0,40,2,4,2,1,31,15,6
3306346,0,546,0,40,3,2,2,1,10,42,6
3292434,1,546,525,34.7179,2,4,2,1,34,35,6
3305653,0,546,0,40,3,2,2,1,9,46,6
3288180,0,546,0,40,3,5,2,1,38,60,6
3284350,0,546,0,40,2,7,2,1,30,31,6
3263887,0,546,0,40,3,9,2,1,75,60,6
3302317,0,546,0,40,3,3,2,1,18,40,6
3278981,0,546,0,40,2,10,2,1,41,18,6
3308231,0,546,0,40,2,2,2,1,9,50,6
3309053,0,546,0,40,3,2,2,1,9,37,6
3289282,0,546,0,40,3,6,2,1,28,19,6
3277903,0,546,0,40,3,7,2,1,46,64,6
3287777,0,546,0,40,3,5,2,1,33,27,6
3268708,0,546,0,40,2,9,2,1,81,57,6
3268830,0,546,0,40,2,10,2,1,74,46,6
3280382,0,546,0,40,3,8,2,1,44,83,6
3287716,0,546,0,40,3,4,2,1,41,62,6
3282571,0,546,0,40,3,8,2,1,42,44,6
3310048,0,546,0,40,2,1,2,1,7,49,6
3310807,0,546,0,40,3,1,2,1,7,38,6
3311451,0,546,0,40,3,1,2,1,7,43,6
3312286,0,546,0,40,3,1,2,1,7,20,6
3296162,0,546,0,40,2,3,2,1,17,33,6
3286149,0,546,0,40,3,5,2,1,30,55,6
3274788,0,546,0,40,2,7,2,1,59,26,6
3273524,0,546,0,40,3,9,2,1,48,81,6
3293480,0,546,0,40,3,6,2,1,24,23,6
3307643,0,546,0,40,3,2,2,1,7,41,6
3275675,0,546,0,40,2,7,2,1,51,32,6
3290140,0,546,0,40,3,7,2,1,24,34,6
3307905,0,546,0,40,3,2,2,1,8,44,6
3302244,0,546,0,40,3,2,2,1,19,96,6
3263637,0,546,0,40,2,11,2,1,49,27,6
3308963,0,546,0,40,2,2,2,1,7,52,6
3306547,0,546,0,40,2,2,2,1,12,38,6
3262578,0,546,0,40,2,8,2,1,54,67,6
3269134,0,546,0,40,3,11,2,1,73,26,6
3269982,0,546,0,40,2,11,2,1,65,19,6
3287764,0,546,0,40,2,7,2,1,28,102,6
3302934,0,546,0,40,3,3,2,1,18,55,6
3306260,0,546,0,40,2,2,2,1,12,49,6
3306391,0,546,0,40,2,4,2,1,9,36,6
3276130,0,546,0,40,2,11,2,1,40,83,6
3293295,0,546,0,40,2,5,2,1,24,44,6
3293577,0,546,0,40,3,5,2,1,22,48,6
3288804,0,546,0,40,2,7,2,1,31,25,6
3301503,1,546,536,35.5069,2,3,2,1,16,36,6
3267758,0,546,0,40,2,12,2,1,76,56,6
3310440,0,546,0,40,3,1,2,1,6,12,6
3311129,0,546,0,40,3,1,2,1,6,35,6
3311209,0,546,0,40,3,1,2,1,6,28,6
3311993,0,546,0,40,3,1,2,1,6,20,6
3312133,0,546,0,40,2,1,2,1,6,81,6
3312428,0,546,0,40,2,1,2,1,6,37,6
3312670,0,546,0,40,2,1,2,1,6,36,6
3312740,1,546,538,27.4955,3,1,2,1,6,77,6
3312814,0,546,0,40,3,1,2,1,6,36,6
3280698,0,546,0,40,3,5,2,1,49,81,6
3300422,0,546,0,40,2,1,2,1,26,21,6
3290992,0,546,0,40,2,4,2,1,40,44,6
3296897,0,546,0,40,2,2,2,1,33,33,6
3295848,0,546,0,40,3,2,2,1,36,20,6
3303507,0,546,0,40,2,1,2,1,23,45,6
3292013,0,546,0,40,2,2,2,1,39,41,6
3304388,0,546,0,40,3,1,2,1,21,37,6
3283857,0,546,0,40,3,5,2,1,51,51,6
3286104,0,546,0,40,2,4,2,1,44,57,6
3300021,0,546,0,40,2,2,2,1,21,33,6
3290873,0,546,0,40,2,3,2,1,34,37,6
3269935,0,546,0,40,3,10,2,1,70,54,6
3290360,0,546,0,40,2,3,2,1,42,22,6
3303237,0,546,0,40,3,2,2,1,19,63,6
3300442,0,546,0,40,3,2,2,1,23,28,6
3305105,0,546,0,40,3,1,2,1,18,27,6
3262414,0,546,0,40,2,5,2,1,48,67,6
3301338,0,546,0,40,2,2,2,1,23,21,6
3299952,0,546,0,40,2,2,2,1,28,19,6
3305708,0,546,0,40,3,2,2,1,18,48,6
3306110,0,546,0,40,3,1,2,1,17,43,6
3290264,0,546,0,40,2,3,2,1,34,22,6
3280397,0,546,0,40,3,5,2,1,52,25,6
3274899,0,546,0,40,3,6,2,1,62,43,6
3306410,0,546,0,40,2,2,2,1,17,90,6
3307264,0,546,0,40,2,1,2,1,16,32,6
3289506,0,546,0,40,3,3,2,1,36,12,6
3285646,0,546,0,40,2,4,2,1,42,110,6
3304077,0,546,0,40,3,2,2,1,16,32,6
3283552,0,546,0,40,3,5,2,1,36,46,6
3283367,0,546,0,40,2,8,2,1,42,28,6
3294530,0,546,0,40,2,4,2,1,32,11,6
3305749,0,546,0,40,2,1,2,1,15,73,6
3307501,0,546,0,40,3,1,2,1,15,47,6
3297020,1,546,521,36.3245,2,3,2,1,19,43,6
3266948,0,546,0,40,2,6,2,1,36,27,6
3274179,0,546,0,40,2,10,2,1,57,52,6
3280227,0,546,0,40,2,5,2,1,56,60,6
3278377,0,546,0,40,3,8,2,1,37,34,6
3299225,0,546,0,40,3,3,2,1,26,41,6
3291912,0,546,0,40,3,4,2,1,35,58,6
3304683,0,546,0,40,2,2,2,1,17,31,6
3266830,0,546,0,40,3,11,2,1,52,74,6
3308116,0,546,0,40,2,1,2,1,14,23,6
3290714,0,546,0,40,2,3,2,1,32,9,6
3300191,0,546,0,40,2,2,2,1,19,51,6
3304081,0,546,0,40,3,2,2,1,14,34,6
3284879,0,546,0,40,3,5,2,1,45,50,6
3277317,0,546,0,40,3,7,2,1,52,32,6
3303632,0,546,0,40,2,2,2,1,19,44,6
3289866,0,546,0,40,2,4,2,1,36,32,6
3308419,0,546,0,40,2,1,2,1,13,27,6
3308543,0,546,0,40,2,1,2,1,13,60,6
3291929,0,546,0,40,3,3,2,1,28,59,6
3262798,0,546,0,40,2,9,2,1,54,13,6
3277124,0,546,0,40,2,12,2,1,31,62,6
3299674,0,546,0,40,2,2,2,1,21,33,6
3290971,0,546,0,40,3,5,2,1,30,33,6
3303325,0,546,0,40,2,3,2,1,18,37,6
3304697,0,546,0,40,2,2,2,1,16,28,6
3306073,0,546,0,40,2,2,2,1,17,16,6
3308561,0,546,0,40,3,1,2,1,12,44,6
3309132,0,546,0,40,2,1,2,1,12,60,6
3301074,0,546,0,40,2,2,2,1,17,38,6
3306351,0,546,0,40,2,2,2,1,12,21,6
3280363,0,546,0,40,2,6,2,1,56,27,6
3291829,0,546,0,40,3,3,2,1,35,39,6
3283313,0,546,0,40,2,7,2,1,39,69,6
3304791,0,546,0,40,3,3,2,1,13,41,6
3305262,0,546,0,40,3,2,2,1,17,45,6
3305427,0,546,0,40,2,2,2,1,16,23,6
3264087,0,546,0,40,3,5,2,1,38,44,6
3308565,0,546,0,40,3,1,2,1,11,81,6
3309246,0,546,0,40,3,1,2,1,11,55,6
3309727,0,546,0,40,2,1,2,1,11,37,6
3310091,0,546,0,40,3,1,2,1,11,18,6
3310357,0,546,0,40,3,1,2,1,11,54,6
3282753,0,546,0,40,3,6,2,1,32,63,6
3261860,0,546,0,40,3,7,2,1,66,31,6
3301812,0,546,0,40,3,3,2,1,15,62,6
3289055,0,546,0,40,3,6,2,1,27,33,6
3302899,0,546,0,40,3,3,2,1,17,52,6
3296875,0,546,0,40,3,2,2,1,32,31,6
3305206,0,546,0,40,3,2,2,1,17,59,6
3303189,0,546,0,40,3,3,2,1,15,16,6
3301457,0,546,0,40,3,3,2,1,22,9,6
3301600,0,546,0,40,3,3,2,1,19,57,6
3278033,0,546,0,40,2,8,2,1,49,70,6
3308810,0,546,0,40,3,1,2,1,10,71,6
3310490,0,546,0,40,3,1,2,1,10,31,6
3310730,0,546,0,40,3,1,2,1,10,32,6
3311038,0,546,0,40,3,1,2,1,10,13,6
3297279,0,546,0,40,3,3,2,1,21,50,6
3295659,0,546,0,40,3,2,2,1,30,13,6
3300424,1,546,539,40,2,2,2,1,21,16,6
3287874,0,546,0,40,2,7,2,1,35,34,6
3274207,0,546,0,40,3,10,2,1,53,35,6
3267402,0,546,0,40,3,12,2,1,74,19,6
3281134,0,546,0,40,3,5,2,1,41,43,6
3276014,0,546,0,40,2,7,2,1,48,40,6
3277587,0,546,0,40,2,7,2,1,49,48,6
3275027,0,546,0,40,2,8,2,1,56,25,6
3307338,0,546,0,40,2,2,2,1,12,16,6
3278410,0,546,0,40,3,8,2,1,47,39,6
3299238,0,546,0,40,3,4,2,1,16,87,6
3277998,0,546,0,40,3,8,2,1,48,20,6
3300496,0,546,0,40,2,3,2,1,19,47,6
3301906,0,546,0,40,2,3,2,1,18,49,6
3305623,0,546,0,40,2,3,2,1,15,13,6
3310545,0,546,0,40,2,1,2,1,9,37,6
3311122,0,546,0,40,2,1,2,1,9,59,6
3311214,0,546,0,40,2,1,2,1,9,34,6
3311350,0,546,0,40,2,1,2,1,9,55,6
3311448,0,546,0,40,3,1,2,1,9,44,6
3311660,0,546,0,40,2,1,2,1,9,89,6
3271049,0,546,0,40,3,7,2,1,63,113,6
3279369,0,546,0,40,2,4,2,1,54,41,6
3288684,0,546,0,40,3,4,2,1,39,41,6
3305998,0,546,0,40,3,2,2,1,10,27,6
3289009,0,546,0,40,3,4,2,1,39,56,6
3275465,0,546,0,40,2,9,2,1,54,71,6
3256167,0,546,0,40,3,9,2,1,80,33,6
3281082,0,546,0,40,2,8,2,1,26,39,6
3284895,0,546,0,40,3,8,2,1,29,61,6
3276382,0,546,0,40,3,7,2,1,40,51,6
3294580,0,546,0,40,3,3,2,1,28,52,6
3291781,0,546,0,40,2,4,2,1,34,60,6
3283831,0,546,0,40,2,5,2,1,48,42,6
3281846,0,546,0,40,3,10,2,1,42,57,6
3307616,0,546,0,40,3,2,2,1,10,8,6
3283747,0,546,0,40,3,5,2,1,42,52,6
3280187,0,546,0,40,2,6,2,1,55,11,6
3269459,0,546,0,40,2,11,2,1,73,52,6
3288433,0,546,0,40,3,8,2,1,25,31,6
3303580,0,546,0,40,3,3,2,1,10,53,6
3301481,0,546,0,40,2,3,2,1,18,37,6
3282343,0,546,0,40,3,8,2,1,37,34,6
3292299,0,546,0,40,3,6,2,1,20,34,6
3310160,0,546,0,40,3,1,2,1,8,77,6
3310815,0,546,0,40,2,1,2,1,8,53,6
3311239,0,546,0,40,2,1,2,1,8,48,6
3311603,0,546,0,40,3,1,2,1,8,10,6
3311659,0,546,0,40,3,1,2,1,8,80,6
3311976,0,546,0,40,2,1,2,1,8,47,6
3311994,1,546,539,36.055,2,1,2,1,8,57,6
3275415,0,546,0,40,3,8,2,1,43,37,6
3283586,0,546,0,40,3,6,2,1,41,60,6
3280057,0,546,0,40,3,8,2,1,32,40,6
3305554,0,546,0,40,3,2,2,1,11,30,6
3287257,0,546,0,40,3,3,2,1,42,41,6
3276645,0,546,0,40,3,8,2,1,43,53,6
3297501,0,546,0,40,3,4,2,1,19,43,6
3298485,0,546,0,40,3,3,2,1,22,43,6
3291217,0,546,0,40,3,3,2,1,36,21,6
3283233,0,546,0,40,2,6,2,1,28,62,6
3282885,0,546,0,40,3,7,2,1,38,12,6
3303143,0,546,0,40,3,3,2,1,15,45,6
3290364,0,546,0,40,3,6,2,1,34,21,6
3266674,0,546,0,40,3,9,2,1,66,29,6
3308531,0,546,0,40,3,2,2,1,8,100,6
3259709,0,546,0,40,3,13,2,1,59,59,6
3287616,0,546,0,40,2,6,2,1,27,8,6
3299323,0,546,0,40,3,4,2,1,16,34,6
3303443,0,546,0,40,2,3,2,1,19,31,6
3301430,0,546,0,40,3,3,2,1,15,42,6
3270673,0,546,0,40,3,14,2,1,58,68,6
3275569,0,546,0,40,3,10,2,1,51,53,6
3310089,0,546,0,40,3,2,2,1,8,75,6
3281861,0,546,0,40,2,6,2,1,43,46,6
3265335,0,546,0,40,2,5,2,1,34,92,6
3305620,0,546,0,40,2,3,2,1,13,48,6
3230662,0,546,0,40,3,21,2,1,102,53,6
3310947,0,546,0,40,2,1,2,1,7,26,6
3311505,0,546,0,40,2,1,2,1,7,57,6
3312125,0,546,0,40,2,1,2,1,7,31,6
3312326,0,546,0,40,2,1,2,1,7,49,6
3312570,0,546,0,40,3,1,2,1,7,77,6
3312644,0,546,0,40,3,1,2,1,7,36,6
3312786,0,546,0,40,2,1,2,1,7,36,6
3294249,0,546,0,40,2,4,2,1,20,45,6
3298449,0,546,0,40,2,4,2,1,18,50,6
3273047,0,546,0,40,2,6,2,1,75,87,6
3265512,0,546,0,40,2,8,2,1,47,37,6
3285189,0,546,0,40,2,8,2,1,25,42,6
3266476,0,546,0,40,2,3,2,1,18,30,6
3279049,0,546,0,40,3,7,2,1,47,39,6
3248093,0,546,0,40,3,11,2,1,85,16,6
3301251,0,546,0,40,2,3,2,1,17,28,6
3305160,0,546,0,40,3,3,2,1,11,36,6
3279710,0,546,0,40,3,7,2,1,42,57,6
3309260,0,546,0,40,3,2,2,1,7,68,6
3287129,0,546,0,40,3,7,2,1,39,35,6
3300529,0,546,0,40,3,3,2,1,19,59,6
3305182,0,546,0,40,2,3,2,1,10,25,6
3300060,0,546,0,40,2,5,2,1,16,26,6
3309851,0,546,0,40,2,2,2,1,7,53,6
3290319,0,546,0,40,3,2,2,1,45,25,6
3273505,0,546,0,40,3,8,2,1,59,26,6
3300630,0,546,0,40,3,4,2,1,18,56,6
3305835,0,546,0,40,3,3,2,1,9,66,6
3305782,0,546,0,40,2,4,2,1,12,27,6
3306994,0,546,0,40,2,2,2,1,11,29,6
3287624,0,546,0,40,3,6,2,1,36,44,6
3288961,0,546,0,40,2,7,2,1,27,73,6
3280949,1,546,539,19.4979,3,10,2,1,50,21,6
3304383,0,546,0,40,3,3,2,1,18,45,6
3308285,0,546,0,40,2,2,2,1,9,29,6
3309932,0,546,0,40,3,2,2,1,8,27,6
3293887,0,546,0,40,2,3,2,1,33,22,6
3291298,0,546,0,40,2,6,2,1,28,38,6
3305121,0,546,0,40,2,3,2,1,14,30,6
3310891,0,546,0,40,2,1,2,1,6,44,6
3312319,0,546,0,40,3,1,2,1,6,57,6
3312399,0,546,0,40,2,1,2,1,6,40,6
3312747,0,546,0,40,3,1,2,1,6,59,6
3312881,0,546,0,40,3,1,2,1,6,90,6
3312925,0,546,0,40,2,1,2,1,6,24,6
3312973,0,546,0,40,2,1,2,1,6,53,6
3313051,0,546,0,40,3,1,2,1,6,12,6
3313077,0,546,0,40,3,1,2,1,6,85,6
3313175,0,546,0,40,2,1,2,1,6,110,6
3313431,0,546,0,40,3,1,2,1,6,59,6
3294953,0,546,0,40,3,1,2,1,38,10,6
3296205,0,546,0,40,3,1,2,1,37,73,6
3299013,0,546,0,40,2,1,2,1,32,84,6
3292541,0,546,0,40,3,2,2,1,37,45,6
3286952,0,546,0,40,2,3,2,1,46,33,6
3300041,1,546,540,12.2238,3,1,2,1,29,76,6
3292634,0,546,0,40,2,3,2,1,34,32,6
3264352,0,546,0,40,3,8,2,1,64,39,6
3295708,0,546,0,40,2,2,2,1,32,22,6
3263027,0,546,0,40,3,7,2,1,71,34,6
3269114,0,546,0,40,2,11,2,1,71,57,6
3299127,0,546,0,40,2,3,2,1,28,38,6
3266003,0,546,0,40,2,6,2,1,53,65,6
3304676,0,546,0,40,2,1,2,1,22,57,6
3295871,0,546,0,40,2,3,2,1,23,44,6
3303470,0,546,0,40,3,1,2,1,21,43,6
3276901,0,546,0,40,3,8,2,1,56,58,6
3298309,0,546,0,40,3,3,2,1,24,17,6
3266909,0,546,0,40,2,8,2,1,49,73,6
3305543,0,546,0,40,2,1,2,1,19,47,6
3263955,0,546,0,40,2,6,2,1,76,25,6
3306745,0,546,0,40,2,1,2,1,18,29,6
3267147,0,546,0,40,3,8,2,1,64,33,6
3305773,0,546,0,40,3,1,2,1,17,24,6
3306832,0,546,0,40,2,1,2,1,17,29,6
3287491,0,546,0,40,3,4,2,1,35,39,6
3295966,0,546,0,40,3,3,2,1,26,46,6
3260927,0,546,0,40,3,8,2,1,71,33,6
3307851,0,546,0,40,3,1,2,1,16,67,6
3279204,0,546,0,40,3,8,2,1,49,61,6
3291208,0,546,0,40,3,2,2,1,42,58,6
3277648,0,546,0,40,2,9,2,1,36,23,6
3284892,0,546,0,40,3,6,2,1,31,81,6
3289780,0,546,0,40,3,4,2,1,42,57,6
3287205,0,546,0,40,2,4,2,1,46,73,6
3247837,0,546,0,40,3,12,2,1,86,82,6
3306626,0,546,0,40,3,1,2,1,15,29,6
3265893,0,546,0,40,3,4,2,1,50,46,6
3288757,0,546,0,40,2,7,2,1,32,77,6
3303494,0,546,0,40,2,2,2,1,15,64,6
3275077,0,546,0,40,3,7,2,1,68,44,6
3298842,0,546,0,40,2,2,2,1,26,19,6
3288442,0,546,0,40,2,5,2,1,31,63,6
3289050,0,546,0,40,2,6,2,1,32,50,6
3308155,0,546,0,40,3,1,2,1,14,51,6
3291770,0,546,0,40,2,3,2,1,37,41,6
3273735,0,546,0,40,2,5,2,1,74,56,6
3299720,0,546,0,40,2,3,2,1,21,45,6
3298981,0,546,0,40,2,3,2,1,24,36,6
3298353,0,546,0,40,2,4,2,1,22,44,6
3281198,0,546,0,40,2,7,2,1,45,38,6
3230462,0,546,0,40,3,17,2,1,121,17,6
3284305,0,546,0,40,3,6,2,1,43,29,6
3308712,0,546,0,40,2,1,2,1,13,39,6
3309542,0,546,0,40,3,1,2,1,13,33,6
3309754,0,546,0,40,2,1,2,1,13,44,6
3272228,0,546,0,40,2,9,2,1,52,29,6
3287531,0,546,0,40,3,7,2,1,36,42,6
3281981,0,546,0,40,3,7,2,1,40,34,6
3287685,0,546,0,40,3,6,2,1,36,33,6
3242580,0,546,0,40,2,8,2,1,79,77,6
3296362,0,546,0,40,3,3,2,1,30,37,6
3293202,0,546,0,40,3,4,2,1,22,31,6
3295107,0,546,0,40,3,4,2,1,31,73,6
3270291,0,546,0,40,3,11,2,1,73,52,6
3309711,0,546,0,40,2,1,2,1,12,30,6
3310339,0,546,0,40,2,1,2,1,12,77,6
3310481,0,546,0,40,2,1,2,1,12,54,6
3286660,0,546,0,40,3,5,2,1,37,43,6
3285261,0,546,0,40,2,7,2,1,29,53,6
3300809,0,546,0,40,3,3,2,1,18,30,6
3260014,0,546,0,40,2,6,2,1,101,41,6
3272939,0,546,0,40,2,8,2,1,61,21,6
3292530,0,546,0,40,3,6,2,1,23,17,6
3268043,0,546,0,40,3,12,2,1,78,90,6
3286940,0,546,0,40,3,5,2,1,46,52,6
3290635,0,546,0,40,3,6,2,1,25,43,6
3310070,0,546,0,40,3,1,2,1,11,30,6
3264788,0,546,0,40,2,9,2,1,60,34,6
3293710,0,546,0,40,3,4,2,1,28,109,6
3285867,0,546,0,40,3,6,2,1,43,53,6
3281208,0,546,0,40,3,8,2,1,38,36,6
3298558,0,546,0,40,2,3,2,1,22,30,6
3301302,0,546,0,40,2,2,2,1,24,67,6
3292862,0,546,0,40,2,4,2,1,25,74,6
3299863,0,546,0,40,3,2,2,1,25,76,6
3299490,1,546,540,18.9822,3,3,2,1,23,46,6
3304832,0,546,0,40,3,2,2,1,19,57,6
3291646,0,546,0,40,2,7,2,1,32,35,6
3291235,0,546,0,40,3,5,2,1,30,52,6
3302533,0,546,0,40,2,4,2,1,14,57,6
3272195,0,546,0,40,2,8,2,1,63,34,6
3310236,0,546,0,40,2,1,2,1,10,27,6
3310601,0,546,0,40,3,1,2,1,10,67,6
3310933,0,546,0,40,3,1,2,1,10,47,6
3311250,0,546,0,40,3,1,2,1,10,24,6
3311426,0,546,0,40,3,1,2,1,10,35,6
3266075,0,546,0,40,3,15,2,1,73,63,6
3271583,0,546,0,40,2,8,2,1,65,27,6
3271244,0,546,0,40,2,7,2,1,69,44,6
3266952,0,546,0,40,2,6,2,1,38,25,6
3303796,0,546,0,40,3,2,2,1,17,22,6
3291213,0,546,0,40,2,4,2,1,31,50,6
3286841,0,546,0,40,3,6,2,1,37,32,6
3309055,0,546,0,40,3,2,2,1,10,56,6
3297625,0,546,0,40,2,3,2,1,27,60,6
3300284,0,546,0,40,3,3,2,1,21,30,6
3299162,0,546,0,40,2,3,2,1,25,36,6
3289336,0,546,0,40,3,6,2,1,25,37,6
3304777,0,546,0,40,3,3,2,1,11,29,6
3298473,0,546,0,40,3,4,2,1,23,62,6
3301500,0,546,0,40,2,5,2,1,16,56,6
3300781,0,546,0,40,2,3,2,1,22,13,6
3263169,0,546,0,40,2,7,2,1,52,31,6
3310839,0,546,0,40,3,1,2,1,9,68,6
3311243,0,546,0,40,3,1,2,1,9,15,6
3311347,0,546,0,40,2,1,2,1,9,80,6
3311431,0,546,0,40,2,1,2,1,9,81,6
3311800,0,546,0,40,2,1,2,1,9,74,6
3311876,0,546,0,40,2,1,2,1,9,62,6
3312006,0,546,0,40,3,1,2,1,9,46,6
3271360,0,546,0,40,3,10,2,1,39,28,6
3287847,0,546,0,40,3,4,2,1,34,28,6
3252676,0,546,0,40,2,20,2,1,86,42,6
3281990,0,546,0,40,3,7,2,1,42,85,6
3278590,0,546,0,40,3,6,2,1,58,63,6
3281903,0,546,0,40,2,3,2,1,58,37,6
3300087,0,546,0,40,2,3,2,1,16,35,6
3291318,0,546,0,40,2,3,2,1,37,47,6
3292415,0,546,0,40,2,4,2,1,27,30,6
3292803,0,546,0,40,2,4,2,1,31,51,6
3280033,0,546,0,40,2,9,2,1,33,52,6
3304114,0,546,0,40,3,2,2,1,17,26,6
3307494,0,546,0,40,2,2,2,1,13,70,6
3273206,0,546,0,40,2,13,2,1,45,79,6
3291732,0,546,0,40,3,6,2,1,26,25,6
3276855,0,546,0,40,3,8,2,1,47,45,6
3294321,0,546,0,40,2,3,2,1,36,41,6
3285048,0,546,0,40,2,6,2,1,30,29,6
3303367,0,546,0,40,3,3,2,1,19,22,6
3293482,0,546,0,40,3,5,2,1,27,54,6
3306985,0,546,0,40,3,2,2,1,16,22,6
3310608,0,546,0,40,2,2,2,1,9,17,6
3299346,0,546,0,40,2,4,2,1,13,51,6
3310963,0,546,0,40,3,1,2,1,8,39,6
3312145,0,546,0,40,3,1,2,1,8,26,6
3312233,0,546,0,40,3,1,2,1,8,49,6
3312438,0,546,0,40,3,1,2,1,8,23,6
3312516,0,546,0,40,3,1,2,1,8,44,6
3312650,0,546,0,40,3,1,2,1,8,94,6
3312774,0,546,0,40,3,1,2,1,8,16,6
3277298,0,546,0,40,3,8,2,1,47,65,6
3290422,0,546,0,40,2,5,2,1,19,60,6
3301982,0,546,0,40,3,2,2,1,19,58,6
3267669,0,546,0,40,3,12,2,1,62,67,6
3285408,0,546,0,40,3,5,2,1,39,21,6
3266436,0,546,0,40,3,5,2,1,40,18,6
3262163,0,546,0,40,3,6,2,1,55,55,6
3258571,0,546,0,40,2,10,2,1,71,54,6
3308984,0,546,0,40,3,2,2,1,8,20,6
3297237,0,546,0,40,3,3,2,1,24,19,6
3281361,0,546,0,40,3,6,2,1,27,29,6
3282372,0,546,0,40,3,5,2,1,43,20,6
3270299,0,546,0,40,2,7,2,1,73,38,6
3272257,0,546,0,40,2,8,2,1,71,47,6
3310367,0,546,0,40,3,2,2,1,8,85,6
3276183,0,546,0,40,3,10,2,1,50,69,6
3295231,0,546,0,40,2,4,2,1,18,22,6
3272851,0,546,0,40,2,8,2,1,57,120,6
3299598,0,546,0,40,3,4,2,1,18,67,6
3306032,0,546,0,40,2,2,2,1,14,52,6
3291351,0,546,0,40,3,4,2,1,33,59,6
3303958,0,546,0,40,3,3,2,1,12,41,6
3296287,0,546,0,40,2,4,2,1,31,68,6
3276047,0,546,0,40,3,9,2,1,51,29,6
3310783,0,546,0,40,2,2,2,1,8,68,6
3311445,0,546,0,40,2,1,2,1,7,45,6
3312587,0,546,0,40,3,1,2,1,7,27,6
3312799,0,546,0,40,3,1,2,1,7,69,6
3312901,0,546,0,40,3,1,2,1,7,48,6
3313185,0,546,0,40,3,1,2,1,7,21,6
3313331,0,546,0,40,2,1,2,1,7,39,6
3313353,0,546,0,40,3,1,2,1,7,42,6
3299016,0,546,0,40,3,3,2,1,16,90,6
3294380,0,546,0,40,3,5,2,1,18,44,6
3264665,0,546,0,40,2,7,2,1,43,77,6
3296082,0,546,0,40,2,3,2,1,26,45,6
3302011,0,546,0,40,3,2,2,1,17,40,6
3289206,0,546,0,40,3,6,2,1,32,58,6
3299533,0,546,0,40,3,3,2,1,15,51,6
3264800,0,546,0,40,3,6,2,1,35,48,6
3297606,0,546,0,40,3,4,2,1,22,30,6
3281051,0,546,0,40,3,9,2,1,50,34,6
3299503,0,546,0,40,3,3,2,1,20,14,6
3280214,0,546,0,40,3,7,2,1,33,19,6
3263605,0,546,0,40,3,8,2,1,54,42,6
3302658,0,546,0,40,3,3,2,1,14,31,6
3284143,0,546,0,40,3,6,2,1,40,38,6
3293412,0,546,0,40,3,4,2,1,27,41,6
3309875,0,546,0,40,3,2,2,1,7,52,6
3273964,0,546,0,40,3,8,2,1,54,117,6
3270133,0,546,0,40,3,12,2,1,51,31,6
3292689,0,546,0,40,2,5,2,1,19,27,6
3304057,0,546,0,40,2,3,2,1,12,45,6
3299263,0,546,0,40,2,3,2,1,25,59,6
3291895,0,546,0,40,2,3,2,1,33,32,6
3304677,1,546,540,21.6404,3,2,2,1,15,31,6
3301945,0,546,0,40,2,3,2,1,17,8,6
3305750,0,546,0,40,3,3,2,1,15,33,6
3258622,0,546,0,40,2,7,2,1,59,50,6
3290663,0,546,0,40,2,5,2,1,31,55,6
3287815,0,546,0,40,2,5,2,1,34,43,6
3285240,0,546,0,40,3,5,2,1,44,37,6
3292127,0,546,0,40,2,5,2,1,31,64,6
3268397,0,546,0,40,2,12,2,1,70,70,6
3270903,0,546,0,40,2,13,2,1,53,52,6
3281512,0,546,0,40,2,7,2,1,45,62,6
3301925,0,546,0,40,3,4,2,1,17,20,6
3312066,0,546,0,40,2,2,2,1,7,28,6
3270002,0,546,0,40,2,7,2,1,75,31,6
3309228,0,546,0,40,3,2,2,1,12,47,6
3276971,1,546,540,35.7669,2,8,2,1,50,26,6
3312345,0,546,0,40,3,1,2,1,6,35,6
3312441,0,546,0,40,2,1,2,1,6,45,6
3313096,0,546,0,40,2,1,2,1,6,30,6
3313566,0,546,0,40,2,1,2,1,6,42,6
3313614,0,546,0,40,2,1,2,1,6,85,6
3313728,0,546,0,40,2,1,2,1,6,40,6
3313768,0,546,0,40,3,1,2,1,6,51,6
3313862,0,546,0,40,2,1,2,1,6,37,6
3313954,0,546,0,40,3,1,2,1,6,20,6
3269986,0,546,0,40,3,7,2,1,83,56,6
3268935,0,546,0,40,3,6,2,1,91,56,6
3263688,0,546,0,40,2,6,2,1,49,87,6
3301910,0,546,0,40,3,1,2,1,28,32,6
3263010,0,546,0,40,3,10,2,1,70,45,6
3279106,0,546,0,40,3,5,2,1,52,46,6
3295602,0,546,0,40,2,3,2,1,27,18,6
3271722,1,546,541,18.224,3,9,2,1,57,36,6
3283534,0,546,0,40,3,6,2,1,35,45,6
3292776,0,546,0,40,3,4,2,1,30,51,6
3289503,0,546,0,40,3,3,2,1,45,62,6
3269591,0,546,0,40,2,8,2,1,81,32,6
3266249,0,546,0,40,3,4,2,1,51,60,6
3285309,0,546,0,40,3,7,2,1,43,26,6
3266715,1,546,525,13.6527,3,7,2,1,54,33,6
3289339,0,546,0,40,2,2,2,1,43,37,6
3274632,0,546,0,40,2,7,2,1,60,17,6
3297890,0,546,0,40,3,3,2,1,25,17,6
3305936,0,546,0,40,2,1,2,1,17,93,6
3279082,0,546,0,40,3,9,2,1,45,32,6
3304269,0,546,0,40,3,1,2,1,16,29,6
3308004,0,546,0,40,3,1,2,1,16,52,6
3292714,0,546,0,40,3,4,2,1,29,55,6
3289787,0,546,0,40,2,6,2,1,28,54,6
3306273,0,546,0,40,2,2,2,1,16,19,6
3304624,0,546,0,40,2,2,2,1,20,14,6
3296856,0,546,0,40,3,4,2,1,25,65,6
3307187,0,546,0,40,3,1,2,1,15,55,6
3285880,0,546,0,40,3,4,2,1,37,31,6
3290713,0,546,0,40,2,4,2,1,34,27,6
3281926,0,546,0,40,3,4,2,1,53,44,6
3277825,0,546,0,40,3,6,2,1,60,33,6
3290994,0,546,0,40,3,6,2,1,28,60,6
3263012,0,546,0,40,2,6,2,1,65,17,6
3298419,0,546,0,40,3,3,2,1,23,37,6
3306392,0,546,0,40,3,1,2,1,14,48,6
3309496,0,546,0,40,2,1,2,1,14,85,6
3297821,0,546,0,40,3,2,2,1,21,103,6
3300109,0,546,0,40,3,3,2,1,21,54,6
3304671,0,546,0,40,2,2,2,1,16,52,6
3289572,0,546,0,40,3,5,2,1,32,43,6
3292947,0,546,0,40,2,4,2,1,40,42,6
3284438,0,546,0,40,2,9,2,1,29,66,6
3309327,0,546,0,40,2,1,2,1,13,26,6
3310477,0,546,0,40,2,1,2,1,13,70,6
3284620,0,546,0,40,2,7,2,1,34,26,6
3300444,0,546,0,40,3,2,2,1,23,33,6
3288939,0,546,0,40,2,6,2,1,30,36,6
3300125,0,546,0,40,3,2,2,1,26,43,6
3307508,0,546,0,40,3,2,2,1,14,15,6
3280790,0,546,0,40,2,8,2,1,43,19,6
3310518,0,546,0,40,2,1,2,1,12,34,6
3297033,0,546,0,40,2,3,2,1,24,68,6
3287288,0,546,0,40,2,6,2,1,37,42,6
3296432,0,546,0,40,2,2,2,1,31,29,6
3273696,0,546,0,40,2,9,2,1,61,52,6
3272366,0,546,0,40,3,9,2,1,64,30,6
3292309,0,546,0,40,2,6,2,1,25,38,6
3282203,0,546,0,40,3,7,2,1,42,88,6
3308367,0,546,0,40,3,2,2,1,12,61,6
3275121,0,546,0,40,2,11,2,1,50,17,6
3285734,0,546,0,40,3,7,2,1,42,34,6
3277409,0,546,0,40,3,11,2,1,43,39,6
3295112,0,546,0,40,3,4,2,1,33,44,6
3292937,0,546,0,40,3,7,2,1,30,53,6
3310308,0,546,0,40,2,1,2,1,11,55,6
3311656,0,546,0,40,3,1,2,1,11,32,6
3289423,0,546,0,40,3,6,2,1,32,43,6
3285300,0,546,0,40,2,7,2,1,40,56,6
3302787,1,546,532,14.5305,3,3,2,1,16,57,6
3262562,0,546,0,40,3,8,2,1,66,86,6
3295663,0,546,0,40,2,4,2,1,31,41,6
3294388,0,546,0,40,2,5,2,1,23,64,6
3306269,0,546,0,40,3,3,2,1,17,29,6
3309188,0,546,0,40,3,2,2,1,12,44,6
3304168,0,546,0,40,3,2,2,1,23,81,6
3310527,0,546,0,40,2,1,2,1,10,30,6
3311906,0,546,0,40,2,1,2,1,10,44,6
3261178,0,546,0,40,3,7,2,1,47,29,6
3296350,0,546,0,40,3,5,2,1,20,43,6
3284758,0,546,0,40,2,5,2,1,37,37,6
3293420,0,546,0,40,3,4,2,1,28,28,6
3302231,0,546,0,40,3,2,2,1,21,27,6
3285742,0,546,0,40,2,6,2,1,43,32,6
3291931,0,546,0,40,2,4,2,1,30,39,6
3307733,0,546,0,40,3,2,2,1,13,54,6
3268508,0,546,0,40,3,11,2,1,93,35,6
3301888,0,546,0,40,3,3,2,1,22,21,6
3289914,0,546,0,40,3,5,2,1,37,57,6
3307602,0,546,0,40,3,2,2,1,12,27,6
3259599,0,546,0,40,3,11,2,1,77,33,6
3310312,0,546,0,40,3,1,2,1,9,30,6
3312480,0,546,0,40,3,1,2,1,9,70,6
3312538,0,546,0,40,3,1,2,1,9,31,6
3258249,0,546,0,40,2,7,2,1,68,60,6
3269892,0,546,0,40,2,8,2,1,76,40,6
3262604,0,546,0,40,2,4,2,1,54,40,6
3300390,0,546,0,40,3,3,2,1,19,34,6
3308164,0,546,0,40,3,2,2,1,10,57,6
3276210,0,546,0,40,3,10,2,1,39,34,6
3305278,0,546,0,40,2,3,2,1,12,53,6
3290192,0,546,0,40,2,6,2,1,29,66,6
3294917,0,546,0,40,3,5,2,1,23,48,6
3264810,0,546,0,40,2,8,2,1,59,37,6
3296902,0,546,0,40,3,5,2,1,22,84,6
3243883,0,546,0,40,3,13,2,1,98,32,6
3278783,0,546,0,40,3,7,2,1,54,22,6
3283811,0,546,0,40,3,6,2,1,43,26,6
3301827,0,546,0,40,3,4,2,1,15,56,6
3270156,0,546,0,40,2,12,2,1,58,61,6
3312627,0,546,0,40,2,1,2,1,8,39,6
3312735,0,546,0,40,2,1,2,1,8,40,6
3313249,0,546,0,40,3,1,2,1,8,35,6
3313345,0,546,0,40,2,1,2,1,8,85,6
3313395,0,546,0,40,2,1,2,1,8,41,6
3285991,0,546,0,40,2,6,2,1,31,37,6
3307289,0,546,0,40,3,2,2,1,10,124,6
3305045,0,546,0,40,3,2,2,1,8,21,6
3301242,0,546,0,40,3,4,2,1,14,19,6
3289406,0,546,0,40,3,5,2,1,33,29,6
3307486,0,546,0,40,2,2,2,1,13,47,6
3283383,0,546,0,40,2,6,2,1,38,55,6
3275773,0,546,0,40,3,9,2,1,47,29,6
3307483,0,546,0,40,2,2,2,1,8,57,6
3266411,0,546,0,40,2,7,2,1,44,73,6
3263373,0,546,0,40,2,5,2,1,51,25,6
3278108,0,546,0,40,2,7,2,1,61,28,6
3291994,0,546,0,40,2,5,2,1,29,29,6
3306295,0,546,0,40,3,3,2,1,12,32,6
3289354,0,546,0,40,3,4,2,1,35,78,6
3290280,0,546,0,40,2,6,2,1,29,43,6
3312585,0,546,0,40,2,1,2,1,7,39,6
3312793,0,546,0,40,2,1,2,1,7,32,6
3313562,0,546,0,40,2,1,2,1,7,46,6
3313700,0,546,0,40,3,1,2,1,7,59,6
3313720,0,546,0,40,3,1,2,1,7,18,6
3313860,0,546,0,40,3,1,2,1,7,43,6
3313898,0,546,0,40,3,1,2,1,7,24,6
3303600,0,546,0,40,3,3,2,1,10,46,6
3268279,0,546,0,40,3,10,2,1,84,41,6
3310067,0,546,0,40,2,2,2,1,7,12,6
3303513,0,546,0,40,2,2,2,1,20,63,6
3272330,0,546,0,40,2,10,2,1,66,19,6
3280812,0,546,0,40,2,6,2,1,49,18,6
3307058,0,546,0,40,3,3,2,1,9,53,6
3263525,0,546,0,40,2,7,2,1,48,42,6
3269185,0,546,0,40,3,10,2,1,67,22,6
3306843,0,546,0,40,3,3,2,1,11,86,6
3263790,0,546,0,40,3,8,2,1,61,35,6
3295668,1,546,516,39.3694,2,4,2,1,25,43,6
3286757,0,546,0,40,3,6,2,1,35,27,6
3295750,0,546,0,40,3,4,2,1,22,32,6
3274969,0,546,0,40,2,8,2,1,52,55,6
3308549,0,546,0,40,2,2,2,1,10,80,6
3309590,0,546,0,40,2,3,2,1,8,20,6
3270078,0,546,0,40,2,9,2,1,70,26,6
3295726,0,546,0,40,2,4,2,1,29,30,6
3301869,1,546,539,26.6361,3,4,2,1,19,42,6
3267855,0,546,0,40,2,8,2,1,44,69,6
3285495,0,546,0,40,3,7,2,1,44,64,6
3304278,0,546,0,40,2,4,2,1,15,54,6
3313871,0,546,0,40,2,1,2,1,6,28,6
3314175,0,546,0,40,3,1,2,1,6,47,6
3314541,0,546,0,40,3,1,2,1,6,31,6
3286914,0,546,0,40,2,3,2,1,53,22,6
3287037,0,546,0,40,2,4,2,1,43,53,6
3287522,0,546,0,40,2,6,2,1,40,33,6
3283578,0,546,0,40,2,4,2,1,52,63,6
3296299,0,546,0,40,2,2,2,1,33,20,6
3292278,0,546,0,40,3,5,2,1,32,29,6
3303524,0,546,0,40,3,2,2,1,22,35,6
3265570,0,546,0,40,3,4,2,1,41,35,6
3307057,0,546,0,40,2,1,2,1,18,62,6
3297260,0,546,0,40,3,2,2,1,31,47,6
3277214,0,546,0,40,3,9,2,1,57,45,6
3303247,0,546,0,40,3,2,2,1,17,60,6
3265965,0,546,0,40,2,5,2,1,39,34,6
3289996,0,546,0,40,2,7,2,1,29,54,6
3273814,0,546,0,40,3,10,2,1,53,36,6
3307670,0,546,0,40,3,1,2,1,14,70,6
3300055,0,546,0,40,2,4,2,1,24,78,6
3301678,0,546,0,40,3,3,2,1,16,55,6
3305768,0,546,0,40,3,2,2,1,15,46,6
3292199,0,546,0,40,3,3,2,1,34,85,6
3311288,0,546,0,40,3,1,2,1,12,19,6
3311468,0,546,0,40,3,1,2,1,12,27,6
3305597,0,546,0,40,2,2,2,1,12,71,6
3301549,0,546,0,40,2,2,2,1,24,55,6
3297471,0,546,0,40,3,3,2,1,27,58,6
3297760,0,546,0,40,2,4,2,1,23,59,6
3289972,0,546,0,40,2,4,2,1,38,25,6
3286768,0,546,0,40,2,4,2,1,44,32,6
3311443,0,546,0,40,3,1,2,1,11,70,6
3311832,0,546,0,40,2,1,2,1,11,69,6
3308103,0,546,0,40,3,2,2,1,13,64,6
3294767,0,546,0,40,3,6,2,1,21,86,6
3285952,0,546,0,40,2,7,2,1,41,42,6
3273902,0,546,0,40,2,7,2,1,65,30,6
3270301,0,546,0,40,3,10,2,1,74,25,6
3294831,0,546,0,40,2,4,2,1,30,48,6
3311369,0,546,0,40,3,1,2,1,10,48,6
3312105,0,546,0,40,2,1,2,1,10,34,6
3312696,0,546,0,40,3,1,2,1,10,21,6
3288421,0,546,0,40,2,4,2,1,32,107,6
3305224,0,546,0,40,3,3,2,1,14,37,6
3305372,0,546,0,40,3,3,2,1,12,26,6
3288655,0,546,0,40,2,5,2,1,35,15,6
3301976,0,546,0,40,3,3,2,1,17,27,6
3290216,0,546,0,40,3,7,2,1,29,52,6
3266704,1,546,529,35.8894,2,8,2,1,53,110,6
3311226,0,546,0,40,3,2,2,1,10,69,6
3312055,0,546,0,40,2,1,2,1,9,47,6
3313277,0,546,0,40,2,1,2,1,9,26,6
3292700,0,546,0,40,3,4,2,1,30,19,6
3278021,0,546,0,40,3,7,2,1,50,41,6
3307192,0,546,0,40,2,3,2,1,13,55,6
3242303,0,546,0,40,2,10,2,1,114,37,6
3290923,0,546,0,40,3,5,2,1,39,43,6
3278279,0,546,0,40,2,10,2,1,43,58,6
3296377,0,546,0,40,2,3,2,1,26,70,6
3303907,0,546,0,40,3,3,2,1,18,42,6
3309079,0,546,0,40,3,2,2,1,10,23,6
3307211,0,546,0,40,3,2,2,1,9,53,6
3274357,0,546,0,40,2,8,2,1,59,56,6
3292928,0,546,0,40,2,5,2,1,25,56,6
3290650,0,546,0,40,3,5,2,1,27,16,6
3300204,0,546,0,40,3,4,2,1,19,65,6
3306429,0,546,0,40,2,3,2,1,12,28,6
3301168,0,546,0,40,3,5,2,1,18,26,6
3307607,0,546,0,40,3,2,2,1,16,36,6
3306948,0,546,0,40,2,3,2,1,13,41,6
3290400,0,546,0,40,3,7,2,1,23,31,6
3312724,0,546,0,40,3,2,2,1,8,48,6
3287867,0,546,0,40,3,7,2,1,30,37,6
3312717,0,546,0,40,3,1,2,1,7,51,6
3300360,0,546,0,40,2,2,2,1,23,37,6
3299635,0,546,0,40,3,4,2,1,20,51,6
3290453,0,546,0,40,2,6,2,1,28,52,6
3300873,0,546,0,40,3,4,2,1,18,65,6
3290018,0,546,0,40,2,6,2,1,31,21,6
3308980,0,546,0,40,2,2,2,1,9,56,6
3279929,0,546,0,40,3,10,2,1,27,47,6
3303942,0,546,0,40,3,3,2,1,14,50,6
3285466,0,546,0,40,2,7,2,1,28,43,6
3308693,0,546,0,40,3,2,2,1,10,33,6
3280633,0,546,0,40,2,6,2,1,46,52,6
3306604,0,546,0,40,2,2,2,1,17,71,6
3268355,0,546,0,40,3,11,2,1,77,26,6
3314320,0,546,0,40,3,1,2,1,6,40,6
3314384,0,546,0,40,2,1,2,1,6,33,6
3314632,0,546,0,40,2,1,2,1,6,59,6
3314748,0,546,0,40,3,1,2,1,6,66,6
3314990,0,546,0,40,3,1,2,1,6,80,6
3272485,0,546,0,40,2,10,2,1,55,41,6
3281675,0,546,0,40,3,4,2,1,58,71,6
3301171,0,546,0,40,2,2,2,1,25,18,6
3307681,0,546,0,40,2,1,2,1,19,53,6
3255297,0,546,0,40,3,11,2,1,85,18,6
3293980,0,546,0,40,3,5,2,1,28,37,6
3291019,0,546,0,40,2,4,2,1,30,42,6
3308626,0,546,0,40,3,2,2,1,16,72,6
3309435,0,546,0,40,2,1,2,1,15,37,6
3306907,0,546,0,40,2,2,2,1,16,56,6
3311367,0,546,0,40,2,1,2,1,12,66,6
3311643,0,546,0,40,2,1,2,1,12,32,6
3297640,0,546,0,40,3,4,2,1,25,30,6
3287572,0,546,0,40,2,4,2,1,52,41,6
3269133,0,546,0,40,2,13,2,1,65,64,6
3277393,0,546,0,40,3,9,2,1,48,62,6
3312569,0,546,0,40,2,1,2,1,9,31,6
3309021,0,546,0,40,3,2,2,1,12,49,6
3309018,0,546,0,40,3,2,2,1,11,9,6
3280810,0,546,0,40,3,9,2,1,41,47,6
3307140,0,546,0,40,2,3,2,1,12,43,6
3288711,0,546,0,40,2,5,2,1,39,31,6
3266554,0,546,0,40,3,4,2,1,32,52,6
3302584,0,546,0,40,3,3,2,1,21,30,6
3294755,0,546,0,40,2,3,2,1,37,25,6
3299005,0,546,0,40,2,4,2,1,25,34,6
3306553,0,546,0,40,2,3,2,1,12,25,6
3249790,0,546,0,40,2,11,2,1,91,22,6
3311389,0,546,0,40,2,1,2,1,6,57,6
3311851,0,546,0,40,2,0,2,1,5,82,6
3312565,0,546,0,40,2,0,2,1,5,45,6
3312741,0,546,0,40,2,0,2,1,5,29,6
3312837,0,546,0,40,2,0,2,1,5,35,6
3313046,0,546,0,40,2,0,2,1,5,30,6
3313110,0,546,0,40,2,0,2,1,5,37,6
3313238,0,546,0,40,2,0,2,1,5,51,6
3313438,0,546,0,40,2,0,2,1,5,57,6
3313521,0,546,0,40,2,0,2,1,5,41,6
3313553,0,546,0,40,2,0,2,1,5,41,6
3313585,0,546,0,40,2,0,2,1,5,76,6
3313617,0,546,0,40,3,0,2,1,5,46,6
3313649,0,546,0,40,3,0,2,1,5,20,6
3313681,0,546,0,40,3,0,2,1,5,43,6
3313713,0,546,0,40,2,0,2,1,5,31,6
3313745,0,546,0,40,3,0,2,1,5,33,6
3313809,0,546,0,40,3,0,2,1,5,66,6
3313873,0,546,0,40,2,0,2,1,5,27,6
3313905,0,546,0,40,2,0,2,1,5,32,6
3313969,0,546,0,40,3,0,2,1,5,51,6
3314001,0,546,0,40,2,0,2,1,5,22,6
3314033,0,546,0,40,2,0,2,1,5,28,6
3314070,0,546,0,40,3,0,2,1,5,75,6
3314086,0,546,0,40,3,0,2,1,5,50,6
3314118,0,546,0,40,3,0,2,1,5,14,6
3314134,0,546,0,40,3,0,2,1,5,31,6
3314150,0,546,0,40,3,0,2,1,5,31,6
3314198,0,546,0,40,2,0,2,1,5,42,6
3314214,0,546,0,40,2,0,2,1,5,74,6
3314258,0,546,0,40,3,0,2,1,5,33,6
3314306,0,546,0,40,3,0,2,1,5,45,6
3314322,0,546,0,40,2,0,2,1,5,54,6
3314338,0,546,0,40,3,0,2,1,5,65,6
3314354,0,546,0,40,2,0,2,1,5,45,6
3314386,0,546,0,40,2,0,2,1,5,21,6
3314402,0,546,0,40,2,0,2,1,5,39,6
3314418,0,546,0,40,2,0,2,1,5,21,6
3314434,0,546,0,40,2,0,2,1,5,33,6
3314450,0,546,0,40,2,0,2,1,5,70,6
3314482,0,546,0,40,2,0,2,1,5,35,6
3314514,0,546,0,40,3,0,2,1,5,62,6
3314562,0,546,0,40,3,0,2,1,5,39,6
3314594,0,546,0,40,2,0,2,1,5,80,6
3314626,0,546,0,40,2,0,2,1,5,38,6
3314635,0,546,0,40,3,0,2,1,5,15,6
3314643,0,546,0,40,3,0,2,1,5,32,6
3314651,0,546,0,40,3,0,2,1,5,46,6
3314675,0,546,0,40,3,0,2,1,5,29,6
3314699,0,546,0,40,2,0,2,1,5,31,6
3314739,0,546,0,40,3,0,2,1,5,29,6
3314755,0,546,0,40,2,0,2,1,5,23,6
3314763,0,546,0,40,2,0,2,1,5,30,6
3314787,0,546,0,40,3,0,2,1,5,40,6
3314803,0,546,0,40,3,0,2,1,5,67,6
3314811,0,546,0,40,3,0,2,1,5,16,6
3314827,0,546,0,40,3,0,2,1,5,36,6
3314851,0,546,0,40,3,0,2,1,5,53,6
3314867,0,546,0,40,3,0,2,1,5,47,6
3314883,0,546,0,40,3,0,2,1,5,31,6
3314915,0,546,0,40,3,0,2,1,5,25,6
3314947,0,546,0,40,2,0,2,1,5,38,6
3314987,0,546,0,40,2,0,2,1,5,34,6
3315003,0,546,0,40,3,0,2,1,5,39,6
3315019,0,546,0,40,2,0,2,1,5,41,6
3315043,0,546,0,40,3,0,2,1,5,61,6
3315051,0,546,0,40,3,0,2,1,5,39,6
3315059,0,546,0,40,3,0,2,1,5,19,6
3315075,0,546,0,40,2,0,2,1,5,54,6
3315083,0,546,0,40,3,0,2,1,5,45,6
3315107,0,546,0,40,3,0,2,1,5,37,6
3315131,0,546,0,40,3,0,2,1,5,50,6
3315155,0,546,0,40,2,0,2,1,5,69,6
3315179,0,546,0,40,2,0,2,1,5,32,6
3315195,0,546,0,40,3,0,2,1,5,56,6
3315211,0,546,0,40,3,0,2,1,5,46,6
3315219,0,546,0,40,3,0,2,1,5,37,6
3315235,0,546,0,40,2,0,2,1,5,76,6
3315243,0,546,0,40,3,0,2,1,5,29,6
3315248,0,546,0,40,3,0,2,1,5,46,6
3315252,0,546,0,40,3,0,2,1,5,45,6
3315256,0,546,0,40,3,0,2,1,5,50,6
3315260,0,546,0,40,2,0,2,1,5,52,6
3315264,0,546,0,40,2,0,2,1,5,48,6
3315268,0,546,0,40,3,0,2,1,5,53,6
3315276,0,546,0,40,2,0,2,1,5,17,6
3315280,0,546,0,40,2,0,2,1,5,27,6
3315284,0,546,0,40,3,0,2,1,5,42,6
3315288,0,546,0,40,3,0,2,1,5,29,6
3315296,0,546,0,40,2,0,2,1,5,18,6
3315300,0,546,0,40,3,0,2,1,5,50,6
3315304,0,546,0,40,3,0,2,1,5,45,6
3315308,0,546,0,40,3,0,2,1,5,53,6
3315320,0,546,0,40,2,0,2,1,5,51,6
3315328,0,546,0,40,2,0,2,1,5,74,6
3315332,0,546,0,40,2,0,2,1,5,42,6
3315344,0,546,0,40,2,0,2,1,5,50,6
3315348,0,546,0,40,2,0,2,1,5,49,6
3315356,0,546,0,40,2,0,2,1,5,33,6
3315360,0,546,0,40,3,0,2,1,5,39,6
3315364,0,546,0,40,3,0,2,1,5,34,6
3315372,0,546,0,40,2,0,2,1,5,50,6
3315380,0,546,0,40,3,0,2,1,5,68,6
3315384,0,546,0,40,2,0,2,1,5,36,6
3315388,0,546,0,40,2,0,2,1,5,41,6
3315392,0,546,0,40,3,0,2,1,5,39,6
3315400,0,546,0,40,2,0,2,1,5,50,6
3315408,0,546,0,40,2,0,2,1,5,61,6
3315412,0,546,0,40,2,0,2,1,5,21,6
3315416,0,546,0,40,3,0,2,1,5,27,6
3315420,0,546,0,40,3,0,2,1,5,49,6
3315426,0,546,0,40,2,0,2,1,5,20,6
3315430,0,546,0,40,3,0,2,1,5,65,6
3315442,0,546,0,40,2,0,2,1,5,46,6
3315446,0,546,0,40,2,0,2,1,5,79,6
3315450,0,546,0,40,3,0,2,1,5,42,6
3315458,0,546,0,40,2,0,2,1,5,64,6
3315466,0,546,0,40,3,0,2,1,5,54,6
3315470,0,546,0,40,2,0,2,1,5,104,6
3315474,0,546,0,40,3,0,2,1,5,46,6
3315490,0,546,0,40,2,0,2,1,5,47,6
3315494,0,546,0,40,3,0,2,1,5,39,6
3315502,0,546,0,40,3,0,2,1,5,70,6
3315506,0,546,0,40,2,0,2,1,5,26,6
3315514,0,546,0,40,3,0,2,1,5,43,6
3315518,0,546,0,40,2,0,2,1,5,55,6
3315526,0,546,0,40,3,0,2,1,5,16,6
3315530,0,546,0,40,3,0,2,1,5,29,6
3315538,0,546,0,40,3,0,2,1,5,33,6
3315546,0,546,0,40,3,0,2,1,5,25,6
3315550,0,546,0,40,2,0,2,1,5,41,6
3315554,0,546,0,40,3,0,2,1,5,47,6
3315566,0,546,0,40,2,0,2,1,5,32,6
3315570,0,546,0,40,3,0,2,1,5,68,6
3315574,0,546,0,40,3,0,2,1,5,53,6
3315578,0,546,0,40,3,0,2,1,5,37,6
3315582,0,546,0,40,2,0,2,1,5,55,6
3315594,0,546,0,40,2,0,2,1,5,41,6
3315598,0,546,0,40,2,0,2,1,5,23,6
3315602,0,546,0,40,2,0,2,1,5,61,6
3315610,0,546,0,40,2,0,2,1,5,20,6
3315614,0,546,0,40,3,0,2,1,5,43,6
3315618,0,546,0,40,3,0,2,1,5,27,6
3315626,0,546,0,40,3,0,2,1,5,26,6
3315634,0,546,0,40,2,0,2,1,5,32,6
3315638,0,546,0,40,3,0,2,1,5,50,6
3315642,0,546,0,40,3,0,2,1,5,41,6
3315646,0,546,0,40,2,0,2,1,5,42,6
3315650,0,546,0,40,2,0,2,1,5,24,6
3315658,0,546,0,40,3,0,2,1,5,39,6
3315666,0,546,0,40,3,0,2,1,5,54,6
3315670,0,546,0,40,3,0,2,1,5,51,6
3315674,0,546,0,40,3,0,2,1,5,32,6
3315682,0,546,0,40,2,0,2,1,5,28,6
3315686,0,546,0,40,2,0,2,1,5,9,6
3315690,0,546,0,40,2,0,2,1,5,49,6
3315694,0,546,0,40,3,0,2,1,5,27,6
3315702,0,546,0,40,3,0,2,1,5,37,6
3315706,0,546,0,40,2,0,2,1,5,77,6
3315710,0,546,0,40,2,0,2,1,5,37,6
3315714,0,546,0,40,2,0,2,1,5,93,6
3315718,0,546,0,40,3,0,2,1,5,45,6
3315738,0,546,0,40,2,0,2,1,5,43,6
3315750,0,546,0,40,3,0,2,1,5,115,6
3315752,0,546,0,40,3,0,2,1,5,47,6
3315754,0,546,0,40,3,0,2,1,5,74,6
3315758,0,546,0,40,3,0,2,1,5,24,6
3315762,0,546,0,40,2,0,2,1,5,34,6
3315764,0,546,0,40,3,0,2,1,5,51,6
3315768,0,546,0,40,3,0,2,1,5,19,6
3315772,0,546,0,40,2,0,2,1,5,70,6
3315774,0,546,0,40,2,0,2,1,5,11,6
3315776,0,546,0,40,2,0,2,1,5,70,6
3315778,0,546,0,40,3,0,2,1,5,44,6
3315780,0,546,0,40,3,0,2,1,5,35,6
3315784,0,546,0,40,3,0,2,1,5,66,6
3315788,0,546,0,40,3,0,2,1,5,39,6
3315790,0,546,0,40,3,0,2,1,5,39,6
3315792,0,546,0,40,3,0,2,1,5,20,6
3315794,0,546,0,40,3,0,2,1,5,25,6
3315796,0,546,0,40,3,0,2,1,5,45,6
3315798,0,546,0,40,2,0,2,1,5,45,6
3315802,0,546,0,40,3,0,2,1,5,26,6
3315804,0,546,0,40,3,0,2,1,5,44,6
3315806,0,546,0,40,3,0,2,1,5,34,6
3315808,0,546,0,40,3,0,2,1,5,29,6
3315810,0,546,0,40,2,0,2,1,5,39,6
3315824,0,546,0,40,3,0,2,1,5,24,6
3315828,0,546,0,40,3,0,2,1,5,25,6
3315834,0,546,0,40,3,0,2,1,5,19,6
3315838,0,546,0,40,3,0,2,1,5,70,6
3315844,0,546,0,40,3,0,2,1,5,29,6
3315846,0,546,0,40,3,0,2,1,5,45,6
3315850,0,546,0,40,2,0,2,1,5,33,6
3315856,0,546,0,40,2,0,2,1,5,47,6
3315858,0,546,0,40,2,0,2,1,5,23,6
3315860,0,546,0,40,3,0,2,1,5,29,6
3315864,0,546,0,40,3,0,2,1,5,62,6
3315870,0,546,0,40,2,0,2,1,5,32,6
3315880,0,546,0,40,3,0,2,1,5,92,6
3315882,0,546,0,40,2,0,2,1,5,89,6
3315884,0,546,0,40,2,0,2,1,5,74,6
3315888,0,546,0,40,2,0,2,1,5,36,6
3315894,0,546,0,40,3,0,2,1,5,50,6
3315898,0,546,0,40,2,0,2,1,5,31,6
3315900,0,546,0,40,3,0,2,1,5,45,6
3315904,0,546,0,40,3,0,2,1,5,89,6
3315906,0,546,0,40,3,0,2,1,5,34,6
3315908,0,546,0,40,3,0,2,1,5,28,6
3315912,0,546,0,40,2,0,2,1,5,119,6
3315916,0,546,0,40,2,0,2,1,5,82,6
3315918,0,546,0,40,3,0,2,1,5,39,6
3315920,0,546,0,40,2,0,2,1,5,22,6
3315922,0,546,0,40,3,0,2,1,5,38,6
3315924,0,546,0,40,3,0,2,1,5,42,6
3315926,0,546,0,40,2,0,2,1,5,83,6
3315928,0,546,0,40,2,0,2,1,5,49,6
3315936,0,546,0,40,3,0,2,1,5,54,6
3315938,0,546,0,40,2,0,2,1,5,80,6
3315940,0,546,0,40,2,0,2,1,5,31,6
3315944,0,546,0,40,2,0,2,1,5,60,6
3315948,0,546,0,40,3,0,2,1,5,79,6
3315952,0,546,0,40,3,0,2,1,5,63,6
3315954,0,546,0,40,3,0,2,1,5,73,6
3315962,0,546,0,40,3,0,2,1,5,62,6
3315964,0,546,0,40,3,0,2,1,5,44,6
3315968,0,546,0,40,2,0,2,1,5,27,6
3315974,0,546,0,40,3,0,2,1,5,25,6
3315978,0,546,0,40,2,0,2,1,5,47,6
3315980,0,546,0,40,2,0,2,1,5,29,6
3315982,0,546,0,40,3,0,2,1,5,31,6
3315984,0,546,0,40,3,0,2,1,5,22,6
3315990,0,546,0,40,2,0,2,1,5,70,6
3315992,0,546,0,40,3,0,2,1,5,16,6
3315996,0,546,0,40,2,0,2,1,5,30,6
3316000,0,546,0,40,3,0,2,1,5,47,6
3316004,0,546,0,40,2,0,2,1,5,19,6
3316008,0,546,0,40,2,0,2,1,5,30,6
3316012,0,546,0,40,3,0,2,1,5,34,6
3316014,0,546,0,40,2,0,2,1,5,45,6
3316016,0,546,0,40,3,0,2,1,5,68,6
3316022,0,546,0,40,2,0,2,1,5,53,6
3316024,0,546,0,40,2,0,2,1,5,28,6
3316026,0,546,0,40,3,0,2,1,5,51,6
3316030,0,546,0,40,3,0,2,1,5,54,6
3316034,0,546,0,40,3,0,2,1,5,12,6
3316038,0,546,0,40,3,0,2,1,5,24,6
3316040,0,546,0,40,3,0,2,1,5,36,6
3316044,0,546,0,40,3,0,2,1,5,49,6
3316046,0,546,0,40,2,0,2,1,5,34,6
3316052,0,546,0,40,2,0,2,1,5,33,6
3316054,0,546,0,40,2,0,2,1,5,28,6
3316056,0,546,0,40,3,0,2,1,5,42,6
3316058,0,546,0,40,2,0,2,1,5,16,6
3316060,0,546,0,40,2,0,2,1,5,36,6
3316064,0,546,0,40,2,0,2,1,5,116,6
3316066,0,546,0,40,3,0,2,1,5,36,6
3316070,0,546,0,40,3,0,2,1,5,52,6
3316078,0,546,0,40,2,0,2,1,5,90,6
3316080,0,546,0,40,2,0,2,1,5,41,6
3316084,0,546,0,40,2,0,2,1,5,45,6
3316088,0,546,0,40,3,0,2,1,5,71,6
3316090,0,546,0,40,3,0,2,1,5,60,6
3316092,0,546,0,40,3,0,2,1,5,32,6
3316096,0,546,0,40,3,0,2,1,5,37,6
3316104,0,546,0,40,3,0,2,1,5,25,6
3316106,0,546,0,40,3,0,2,1,5,70,6
3316116,0,546,0,40,2,0,2,1,5,37,6
3316118,0,546,0,40,3,0,2,1,5,43,6
3316124,0,546,0,40,3,0,2,1,5,55,6
3316126,0,546,0,40,2,0,2,1,5,46,6
3316128,0,546,0,40,2,0,2,1,5,123,6
3316130,0,546,0,40,3,0,2,1,5,56,6
3316134,0,546,0,40,2,0,2,1,5,43,6
3316136,0,546,0,40,3,0,2,1,5,62,6
3316140,0,546,0,40,2,0,2,1,5,30,6
3316142,0,546,0,40,3,0,2,1,5,81,6
3316146,0,546,0,40,3,0,2,1,5,40,6
3316150,0,546,0,40,2,0,2,1,5,47,6
3316152,0,546,0,40,3,0,2,1,5,36,6
3316154,0,546,0,40,3,0,2,1,5,43,6
3316156,0,546,0,40,2,0,2,1,5,60,6
3316160,0,546,0,40,2,0,2,1,5,9,6
3316164,0,546,0,40,2,0,2,1,5,34,6
3316166,0,546,0,40,3,0,2,1,5,52,6
3316168,0,546,0,40,2,0,2,1,5,18,6
3316170,0,546,0,40,3,0,2,1,5,47,6
3316172,0,546,0,40,3,0,2,1,5,49,6
3316178,0,546,0,40,3,0,2,1,5,78,6
3316182,0,546,0,40,3,0,2,1,5,26,6
3316190,0,546,0,40,3,0,2,1,5,28,6
3316192,0,546,0,40,3,0,2,1,5,85,6
3316198,0,546,0,40,3,0,2,1,5,42,6
3316200,0,546,0,40,2,0,2,1,5,44,6
3316202,0,546,0,40,2,0,2,1,5,38,6
3316204,0,546,0,40,2,0,2,1,5,43,6
3316206,0,546,0,40,3,0,2,1,5,43,6
3316216,0,546,0,40,3,0,2,1,5,33,6
3316218,0,546,0,40,2,0,2,1,5,34,6
3316220,0,546,0,40,2,0,2,1,5,18,6
3316224,0,546,0,40,2,0,2,1,5,73,6
3316228,0,546,0,40,2,0,2,1,5,35,6
3316236,0,546,0,40,3,0,2,1,5,17,6
3316238,0,546,0,40,3,0,2,1,5,38,6
3316244,0,546,0,40,2,0,2,1,5,27,6
3316246,0,546,0,40,3,0,2,1,5,48,6
3316248,0,546,0,40,2,0,2,1,5,41,6
3316250,0,546,0,40,2,0,2,1,5,73,6
3316258,0,546,0,40,2,0,2,1,5,33,6
3316264,0,546,0,40,2,0,2,1,5,24,6
3316270,0,546,0,40,2,0,2,1,5,45,6
3316274,0,546,0,40,3,0,2,1,5,40,6
3316282,0,546,0,40,3,0,2,1,5,65,6
3316284,0,546,0,40,2,0,2,1,5,21,6
3316286,0,546,0,40,3,0,2,1,5,26,6
3316288,0,546,0,40,2,0,2,1,5,20,6
3316294,0,546,0,40,3,0,2,1,5,35,6
3316298,0,546,0,40,3,0,2,1,5,32,6
3316302,0,546,0,40,3,0,2,1,5,19,6
3316304,0,546,0,40,3,0,2,1,5,35,6
3316308,0,546,0,40,3,0,2,1,5,48,6
3316316,0,546,0,40,3,0,2,1,5,60,6
3316326,0,546,0,40,3,0,2,1,5,61,6
3262369,0,546,0,40,3,1,2,1,14,65,6
3261947,0,546,0,40,2,3,2,1,17,27,6
3295036,0,546,0,40,3,2,2,1,25,30,6
3307420,0,546,0,40,2,1,2,1,6,34,6
3279050,0,546,0,40,2,6,2,1,41,42,6
3280668,0,546,0,40,2,5,2,1,36,42,6
3292336,0,546,0,40,2,4,2,1,21,52,6
3303240,0,546,0,40,3,1,2,1,14,75,6
3264047,0,546,0,40,2,3,2,1,27,43,6
3283955,0,546,0,40,3,5,2,1,36,30,6
3283287,0,546,0,40,2,4,2,1,38,17,6
3263972,0,546,0,40,3,8,2,1,49,91,6
3266499,0,546,0,40,3,16,2,1,71,20,6
3301892,0,546,0,40,2,1,2,1,19,51,6
3290599,0,546,0,40,3,3,2,1,29,41,6
3303109,0,546,0,40,2,2,2,1,11,48,6
3275419,0,546,0,40,3,6,2,1,57,76,6
3293115,0,546,0,40,2,5,2,1,18,31,6
3307121,0,546,0,40,3,1,2,1,8,23,6
3273747,0,546,0,40,2,7,2,1,54,30,6
3307511,0,546,0,40,2,1,2,1,7,27,6
3301461,0,546,0,40,2,2,2,1,10,33,6
3272405,0,546,0,40,3,9,2,1,60,38,6
3300411,0,546,0,40,2,4,2,1,8,34,6
3264766,0,546,0,40,3,4,2,1,50,50,6
3300847,0,546,0,40,2,1,2,1,22,33,6
3301031,0,546,0,40,3,1,2,1,19,45,6
3300287,0,546,0,40,3,2,2,1,18,64,6
3274956,0,546,0,40,2,5,2,1,66,32,6
3272034,0,546,0,40,3,9,2,1,63,99,6
3286732,0,546,0,40,2,5,2,1,30,18,6
3304994,0,546,0,40,3,2,2,1,12,72,6
3286871,0,546,0,40,2,6,2,1,27,21,6
3307557,0,546,0,40,2,1,2,1,9,23,6
3300917,0,546,0,40,2,2,2,1,16,36,6
3304710,0,546,0,40,2,3,2,1,10,62,6
3300886,0,546,0,40,2,2,2,1,13,23,6
3306129,0,546,0,40,2,2,2,1,8,35,6
3308479,0,546,0,40,3,1,2,1,7,41,6
3267791,0,546,0,40,3,7,2,1,34,54,6
3262457,0,546,0,40,3,5,2,1,21,19,6
3270492,0,546,0,40,2,7,2,1,52,22,6
3283820,0,546,0,40,3,6,2,1,33,71,6
3308593,0,546,0,40,3,1,2,1,6,67,6
3309794,0,546,0,40,2,1,2,1,6,31,6
3299559,0,546,0,40,2,3,2,1,13,81,6
3304901,0,546,0,40,3,2,2,1,8,18,6
3285326,0,546,0,40,3,3,2,1,41,46,6
3264390,0,546,0,40,2,5,2,1,45,42,6
3276720,0,546,0,40,3,7,2,1,48,23,6
3286485,0,546,0,40,2,3,2,1,31,17,6
3295585,0,546,0,40,2,2,2,1,28,14,6
3266435,0,546,0,40,3,4,2,1,30,19,6
3292205,0,546,0,40,3,4,2,1,26,40,6
3287303,0,546,0,40,2,3,2,1,33,58,6
3287897,0,546,0,40,2,4,2,1,44,50,6
3285982,0,546,0,40,3,4,2,1,44,21,6
3296915,0,546,0,40,3,2,2,1,24,60,6
3298080,0,546,0,40,2,2,2,1,25,35,6
3295878,0,546,0,40,2,2,2,1,23,37,6
3279248,0,546,0,40,3,6,2,1,46,45,6
3266346,0,546,0,40,3,3,2,1,36,51,6
3305249,0,546,0,40,2,2,2,1,12,68,6
3305581,0,546,0,40,2,1,2,1,11,17,6
3295100,0,546,0,40,3,3,2,1,22,12,6
3298789,0,546,0,40,2,3,2,1,18,16,6
3303134,0,546,0,40,3,2,2,1,13,54,6
3307939,0,546,0,40,2,1,2,1,10,65,6
3291920,0,546,0,40,2,5,2,1,20,23,6
3277722,0,546,0,40,2,7,2,1,45,45,6
3265354,0,546,0,40,2,5,2,1,42,21,6
3263845,0,546,0,40,2,7,2,1,44,36,6
3288208,0,546,0,40,3,6,2,1,30,96,6
3294681,0,546,0,40,2,3,2,1,28,56,6
3300740,0,546,0,40,3,2,2,1,19,40,6
3305522,0,546,0,40,2,2,2,1,11,30,6
3302542,0,546,0,40,3,3,2,1,15,73,6
3308813,0,546,0,40,2,1,2,1,8,134,6
3261629,0,546,0,40,3,5,2,1,28,112,6
3269175,0,546,0,40,2,7,2,1,67,29,6
3298556,0,546,0,40,2,3,2,1,17,30,6
3303965,0,546,0,40,3,3,2,1,12,36,6
3308126,0,546,0,40,2,1,2,1,7,47,6
3301010,0,546,0,40,2,2,2,1,16,44,6
3302632,0,546,0,40,3,3,2,1,12,28,6
3286586,0,546,0,40,2,8,2,1,31,24,6
3272911,0,546,0,40,2,6,2,1,71,83,6
3289985,0,546,0,40,3,5,2,1,28,21,6
3310323,0,546,0,40,3,1,2,1,6,92,6
3286349,0,546,0,40,3,3,2,1,27,28,6
3280970,0,546,0,40,3,6,2,1,31,33,6
3282930,0,546,0,40,2,6,2,1,36,65,6
3306848,0,546,0,40,2,2,2,1,7,57,6
3307372,0,546,0,40,3,2,2,1,8,48,6
3288081,0,546,0,40,2,6,2,1,25,28,6
3310616,0,546,0,40,3,1,2,1,5,32,6
3311034,0,546,0,40,2,1,2,1,5,39,6
3291368,0,546,0,40,2,2,2,1,38,57,6
3280466,0,546,0,40,3,5,2,1,49,59,6
3288693,0,546,0,40,2,3,2,1,38,54,6
3256722,0,546,0,40,2,6,2,1,53,45,6
3286000,0,546,0,40,3,4,2,1,37,24,6
3303219,0,546,0,40,3,1,2,1,19,69,6
3301831,0,546,0,40,3,1,2,1,18,50,6
3294159,0,546,0,40,3,2,2,1,30,19,6
3304288,0,546,0,40,2,1,2,1,17,85,6
3272970,0,546,0,40,2,8,2,1,56,20,6
3298756,0,546,0,40,2,3,2,1,19,28,6
3267295,0,546,0,40,2,12,2,1,74,59,6
3282894,0,546,0,40,2,6,2,1,42,25,6
3296791,0,546,0,40,2,3,2,1,21,22,6
3231830,0,546,0,40,3,19,2,1,103,22,6
3283875,0,546,0,40,3,7,2,1,32,34,6
3292363,0,546,0,40,2,3,2,1,25,39,6
3266415,0,546,0,40,3,4,2,1,37,46,6
3274979,0,546,0,40,2,7,2,1,58,44,6
3279545,0,546,0,40,2,8,2,1,40,18,6
3307212,0,546,0,40,3,1,2,1,12,32,6
3203761,0,546,0,40,3,21,2,1,116,67,6
3303056,0,546,0,40,3,2,2,1,15,37,6
3290233,0,546,0,40,3,6,2,1,26,39,6
3284912,0,546,0,40,3,5,2,1,36,97,6
3283039,0,546,0,40,2,6,2,1,48,28,6
3304455,0,546,0,40,2,2,2,1,12,50,6
3283048,0,546,0,40,3,7,2,1,36,86,6
3285136,0,546,0,40,3,6,2,1,33,29,6
3292821,0,546,0,40,2,4,2,1,34,35,6
3308244,0,546,0,40,2,1,2,1,10,32,6
3298834,0,546,0,40,2,2,2,1,12,35,6
3281275,0,546,0,40,2,6,2,1,37,39,6
3298162,0,546,0,40,3,4,2,1,14,44,6
3271129,0,546,0,40,2,10,2,1,55,48,6
3291111,0,546,0,40,2,4,2,1,19,31,6
3281006,0,546,0,40,2,5,2,1,41,24,6
3282102,0,546,0,40,2,8,2,1,43,24,6
3305855,0,546,0,40,3,2,2,1,10,32,6
3264139,0,546,0,40,3,7,2,1,55,40,6
3304536,0,546,0,40,2,3,2,1,15,38,6
3282933,0,546,0,40,2,5,2,1,38,71,6
3263498,0,546,0,40,2,8,2,1,58,54,6
3298770,0,546,0,40,2,3,2,1,14,36,6
3306750,0,546,0,40,2,2,2,1,8,38,6
3291650,0,546,0,40,3,6,2,1,22,25,6
3281649,0,546,0,40,3,8,2,1,39,49,6
3309987,0,546,0,40,3,1,2,1,7,21,6
3302876,0,546,0,40,3,2,2,1,9,44,6
3278355,0,546,0,40,2,8,2,1,40,85,6
3301055,0,546,0,40,2,2,2,1,14,50,6
3265885,0,546,0,40,3,12,2,1,85,47,6
3297513,0,546,0,40,2,3,2,1,23,81,6
3299736,0,546,0,40,2,4,2,1,11,128,6
3300054,0,546,0,40,3,4,2,1,19,41,6
3270998,0,546,0,40,3,11,2,1,57,17,6
3307495,0,546,0,40,2,2,2,1,7,64,6
3263976,0,546,0,40,3,9,2,1,44,46,6
3275685,0,546,0,40,2,7,2,1,62,47,6
3308621,0,546,0,40,3,1,2,1,6,63,6
3309765,0,546,0,40,3,1,2,1,6,79,6
3310744,0,546,0,40,3,1,2,1,6,32,6
3311050,0,546,0,40,2,1,2,1,6,32,6
3287803,0,546,0,40,3,5,2,1,32,44,6
3290388,0,546,0,40,3,4,2,1,25,16,6
3294663,0,546,0,40,2,4,2,1,20,74,6
3265147,0,546,0,40,3,8,2,1,38,31,6
3306640,0,546,0,40,2,2,2,1,8,72,6
3297245,1,546,532,20.9926,3,4,2,1,18,28,6
3269403,0,546,0,40,2,15,2,1,44,50,6
3289013,0,546,0,40,2,6,2,1,30,38,6
3295783,0,546,0,40,2,3,2,1,27,45,6
3310452,0,546,0,40,2,1,2,1,5,16,6
3311021,0,546,0,40,2,1,2,1,5,40,6
3293190,0,546,0,40,2,1,2,1,37,48,6
3293228,0,546,0,40,2,2,2,1,31,45,6
3284266,0,546,0,40,2,5,2,1,40,61,6
3283720,0,546,0,40,3,5,2,1,33,28,6
3301011,0,546,0,40,2,1,2,1,21,24,6
3285403,0,546,0,40,2,4,2,1,40,36,6
3302381,0,546,0,40,2,1,2,1,20,66,6
3274589,0,546,0,40,2,7,2,1,54,20,6
3275911,0,546,0,40,2,5,2,1,66,22,6
3286936,0,546,0,40,2,6,2,1,37,19,6
3303310,0,546,0,40,3,1,2,1,17,45,6
3305314,0,546,0,40,2,1,2,1,16,24,6
3305233,0,546,0,40,2,1,2,1,15,46,6
3277412,0,546,0,40,2,5,2,1,49,25,6
3267756,0,546,0,40,2,6,2,1,42,37,6
3269174,0,546,0,40,2,13,2,1,59,45,6
3306735,0,546,0,40,2,1,2,1,14,37,6
3277561,0,546,0,40,2,7,2,1,55,110,6
3265835,0,546,0,40,3,8,2,1,48,13,6
3306740,0,546,0,40,2,1,2,1,13,31,6
3292926,0,546,0,40,3,3,2,1,25,42,6
3274492,0,546,0,40,3,9,2,1,49,30,6
3299100,0,546,0,40,3,3,2,1,20,54,6
3305250,0,546,0,40,3,2,2,1,15,89,6
3306542,0,546,0,40,3,1,2,1,12,30,6
3288287,0,546,0,40,3,5,2,1,33,35,6
3289686,1,546,503,40,2,6,2,1,26,27,6
3272864,0,546,0,40,3,7,2,1,67,62,6
3295599,0,546,0,40,3,4,2,1,20,24,6
3299068,0,546,0,40,2,3,2,1,23,33,6
3308154,0,546,0,40,2,1,2,1,11,13,6
3308694,0,546,0,40,3,1,2,1,11,52,6
3299302,0,546,0,40,3,2,2,1,18,27,6
3264402,0,546,0,40,3,8,2,1,36,41,6
3277974,0,546,0,40,2,8,2,1,39,59,6
3295459,0,546,0,40,3,4,2,1,22,23,6
3305343,0,546,0,40,2,2,2,1,11,24,6
3261673,0,546,0,40,3,11,2,1,58,53,6
3237574,0,546,0,40,3,11,2,1,77,18,6
3307846,0,546,0,40,2,1,2,1,10,45,6
3297816,0,546,0,40,2,2,2,1,19,46,6
3282139,0,546,0,40,2,5,2,1,40,33,6
3246971,0,546,0,40,3,8,2,1,70,47,6
3305408,0,546,0,40,3,2,2,1,11,51,6
3282589,0,546,0,40,3,8,2,1,36,75,6
3299194,0,546,0,40,2,4,2,1,15,37,6
3304347,0,546,0,40,2,2,2,1,14,18,6
3289418,0,546,0,40,3,5,2,1,28,36,6
3308018,0,546,0,40,2,1,2,1,9,89,6
3309762,0,546,0,40,2,1,2,1,9,79,6
3258411,0,546,0,40,2,9,2,1,39,68,6
3288222,1,546,518,37.8194,2,6,2,1,25,36,6
3250488,0,546,0,40,3,10,2,1,66,61,6
3288471,0,546,0,40,2,4,2,1,35,20,6
3297410,0,546,0,40,3,3,2,1,19,79,6
3302245,0,546,0,40,3,2,2,1,16,49,6
3300416,0,546,0,40,2,3,2,1,12,48,6
3296479,0,546,0,40,3,4,2,1,19,43,6
3306484,0,546,0,40,2,2,2,1,9,17,6
3298960,0,546,0,40,2,3,2,1,18,71,6
3286003,0,546,0,40,3,6,2,1,37,29,6
3310229,0,546,0,40,2,1,2,1,8,51,6
3268665,0,546,0,40,2,14,2,1,55,52,6
3287902,0,546,0,40,3,5,2,1,30,37,6
3303423,0,546,0,40,3,2,2,1,14,46,6
3298696,0,546,0,40,3,4,2,1,19,97,6
3306362,0,546,0,40,2,2,2,1,9,54,6
3292202,0,546,0,40,2,4,2,1,31,36,6
3299179,0,546,0,40,3,3,2,1,20,74,6
3303293,0,546,0,40,3,4,2,1,13,23,6
3266637,0,546,0,40,3,6,2,1,74,85,6
3282832,0,546,0,40,2,4,2,1,46,36,6
3298944,0,546,0,40,2,3,2,1,19,17,6
3310017,0,546,0,40,2,2,2,1,8,25,6
3310342,0,546,0,40,3,1,2,1,7,45,6
3310692,0,546,0,40,3,1,2,1,7,66,6
3291958,0,546,0,40,3,3,2,1,27,66,6
3269906,0,546,0,40,2,14,2,1,56,69,6
3294646,0,546,0,40,3,5,2,1,25,28,6
3305370,0,546,0,40,2,2,2,1,10,36,6
3291792,0,546,0,40,2,5,2,1,11,71,6
3300224,0,546,0,40,3,3,2,1,15,34,6
3281150,0,546,0,40,3,9,2,1,43,52,6
3303475,0,546,0,40,3,2,2,1,17,66,6
3280412,0,546,0,40,2,5,2,1,52,62,6
3308909,0,546,0,40,3,2,2,1,7,49,6
3308930,0,546,0,40,2,1,2,1,6,52,6
3310841,0,546,0,40,2,1,2,1,6,41,6
3311334,0,546,0,40,3,1,2,1,6,11,6
3305382,0,546,0,40,3,2,2,1,9,10,6
3287606,0,546,0,40,3,6,2,1,29,65,6
3260046,0,546,0,40,3,9,2,1,60,38,6
3277259,0,546,0,40,2,8,2,1,43,25,6
3292503,0,546,0,40,2,5,2,1,25,30,6
3301697,0,546,0,40,3,3,2,1,16,60,6
3287521,0,546,0,40,3,8,2,1,31,33,6
3287139,0,546,0,40,2,6,2,1,37,52,6
3277776,0,546,0,40,2,8,2,1,42,25,6
3307948,0,546,0,40,3,2,2,1,7,30,6
3278370,0,546,0,40,3,10,2,1,35,29,6
3267609,0,546,0,40,3,4,2,1,23,80,6
3288728,0,546,0,40,3,5,2,1,29,25,6
3308371,0,546,0,40,3,2,2,1,8,34,6
3309328,1,546,534,30.4813,2,3,2,1,7,24,6
3308950,0,546,0,40,3,2,2,1,8,68,6
3311531,0,546,0,40,3,1,2,1,5,51,6
3311732,0,546,0,40,3,1,2,1,5,73,6
3311772,0,546,0,40,3,1,2,1,5,57,6
3265687,0,546,0,40,2,4,2,1,65,22,6
3288416,0,546,0,40,3,3,2,1,41,55,6
3291417,0,546,0,40,2,3,2,1,34,21,6
3294070,0,546,0,40,3,2,2,1,33,38,6
3300559,0,546,0,40,3,1,2,1,26,36,6
3272206,0,546,0,40,2,8,2,1,65,89,6
3299022,0,546,0,40,3,1,2,1,23,11,6
3289352,0,546,0,40,3,3,2,1,38,62,6
3299788,0,546,0,40,3,2,2,1,24,44,6
3303787,0,546,0,40,3,1,2,1,20,90,6
3297935,0,546,0,40,3,3,2,1,22,25,6
3282475,0,546,0,40,2,6,2,1,41,47,6
3286824,0,546,0,40,2,5,2,1,34,40,6
3304976,0,546,0,40,3,1,2,1,18,16,6
3301484,0,546,0,40,3,2,2,1,18,34,6
3304737,0,546,0,40,2,1,2,1,17,32,6
3298095,0,546,0,40,3,2,2,1,21,31,6
3296355,0,546,0,40,2,3,2,1,26,34,6
3302004,0,546,0,40,3,2,2,1,23,19,6
3250499,0,546,0,40,3,7,2,1,74,43,6
3255350,0,546,0,40,3,5,2,1,45,34,6
3302577,0,546,0,40,2,2,2,1,17,76,6
3304162,0,546,0,40,3,2,2,1,16,24,6
3276792,0,546,0,40,3,5,2,1,60,44,6
3272480,0,546,0,40,3,8,2,1,55,27,6
3302086,0,546,0,40,3,2,2,1,19,44,6
3295864,0,546,0,40,3,4,2,1,24,21,6
3275494,0,546,0,40,2,7,2,1,61,39,6
3304134,0,546,0,40,2,1,2,1,14,41,6
3307340,0,546,0,40,2,1,2,1,14,27,6
3284215,0,546,0,40,3,5,2,1,33,78,6
3261913,0,546,0,40,2,6,2,1,57,80,6
3291438,0,546,0,40,3,5,2,1,28,24,6
3266940,0,546,0,40,2,7,2,1,41,65,6
3295971,0,546,0,40,2,3,2,1,24,65,6
3306742,0,546,0,40,2,1,2,1,13,26,6
3286511,0,546,0,40,2,4,2,1,33,19,6
3303429,0,546,0,40,2,2,2,1,14,25,6
3288945,0,546,0,40,3,6,2,1,38,17,6
3294894,0,546,0,40,2,4,2,1,23,62,6
3303593,0,546,0,40,2,2,2,1,17,31,6
3291499,0,546,0,40,3,4,2,1,33,28,6
3275847,0,546,0,40,3,7,2,1,59,59,6
3307287,0,546,0,40,2,1,2,1,12,38,6
3289587,0,546,0,40,3,5,2,1,29,66,6
3302497,0,546,0,40,3,2,2,1,12,27,6
3262618,0,546,0,40,3,6,2,1,38,56,6
3266866,0,546,0,40,3,4,2,1,33,65,6
3292042,0,546,0,40,3,3,2,1,35,44,6
3273771,0,546,0,40,2,7,2,1,73,57,6
3261880,0,546,0,40,3,7,2,1,38,53,6
3295140,0,546,0,40,2,3,2,1,25,23,6
3308811,0,546,0,40,3,1,2,1,11,26,6
3294805,0,546,0,40,3,3,2,1,17,30,6
3289239,0,546,0,40,2,4,2,1,29,54,6
3292329,0,546,0,40,2,3,2,1,31,56,6
3263951,0,546,0,40,2,4,2,1,51,40,6
3271678,0,546,0,40,3,10,2,1,65,71,6
3294112,0,546,0,40,3,4,2,1,23,18,6
3291712,0,546,0,40,2,5,2,1,30,27,6
3292313,0,546,0,40,2,3,2,1,33,65,6
3289995,0,546,0,40,2,4,2,1,30,13,6
3281629,0,546,0,40,3,6,2,1,47,17,6
3285176,0,546,0,40,2,7,2,1,39,27,6
3309362,0,546,0,40,2,1,2,1,10,26,6
3294790,0,546,0,40,2,3,2,1,20,56,6
3287882,0,546,0,40,2,7,2,1,22,30,6
3284616,0,546,0,40,2,4,2,1,37,63,6
3277453,0,546,0,40,3,5,2,1,55,59,6
3283144,0,546,0,40,2,6,2,1,42,36,6
3294556,0,546,0,40,3,5,2,1,21,49,6
3304569,0,546,0,40,2,2,2,1,14,97,6
3301137,0,546,0,40,2,4,2,1,14,38,6
3258682,0,546,0,40,3,9,2,1,48,47,6
3263986,0,546,0,40,2,12,2,1,50,36,6
3308814,0,546,0,40,3,1,2,1,9,90,6
3291091,0,546,0,40,3,5,2,1,16,38,6
3301513,0,546,0,40,3,2,2,1,15,23,6
3278522,0,546,0,40,2,8,2,1,41,49,6
3292352,0,546,0,40,3,4,2,1,23,52,6
3298543,0,546,0,40,3,3,2,1,16,23,6
3300259,0,546,0,40,3,3,2,1,14,101,6
3291998,0,546,0,40,3,4,2,1,25,38,6
3299793,0,546,0,40,2,3,2,1,19,57,6
3274181,0,546,0,40,2,9,2,1,54,23,6
3306669,0,546,0,40,2,2,2,1,12,29,6
3305611,0,546,0,40,2,3,2,1,13,17,6
3287440,0,546,0,40,2,7,2,1,32,35,6
3294410,0,546,0,40,2,3,2,1,27,50,6
3295226,0,546,0,40,3,3,2,1,25,108,6
3281739,0,546,0,40,2,8,2,1,46,33,6
3296677,0,546,0,40,2,4,2,1,17,39,6
3309477,0,546,0,40,2,1,2,1,8,10,6
3310034,0,546,0,40,3,1,2,1,8,18,6
3310506,0,546,0,40,2,1,2,1,8,48,6
3310726,0,546,0,40,3,1,2,1,8,42,6
3310960,0,546,0,40,2,1,2,1,8,24,6
3290753,0,546,0,40,2,5,2,1,24,16,6
3300175,1,546,538,40,2,3,2,1,12,48,6
3304424,0,546,0,40,3,3,2,1,12,66,6
3282406,0,546,0,40,2,8,2,1,41,32,6
3274761,0,546,0,40,3,9,2,1,45,62,6
3285566,0,546,0,40,3,7,2,1,34,69,6
3303730,0,546,0,40,3,2,2,1,13,76,6
3276430,0,546,0,40,3,9,2,1,45,14,6
3277641,0,546,0,40,3,9,2,1,50,56,6
3302240,0,546,0,40,2,3,2,1,16,27,6
3266290,0,546,0,40,3,6,2,1,38,13,6
3296808,0,546,0,40,2,4,2,1,19,52,6
3263734,0,546,0,40,2,7,2,1,59,28,6
3266223,0,546,0,40,2,7,2,1,50,58,6
3283891,0,546,0,40,2,6,2,1,39,24,6
3304403,0,546,0,40,3,2,2,1,16,32,6
3300080,0,546,0,40,3,3,2,1,18,14,6
3276765,0,546,0,40,3,8,2,1,59,60,6
3297071,0,546,0,40,3,4,2,1,22,17,6
3310372,0,546,0,40,3,1,2,1,7,33,6
3310665,0,546,0,40,2,1,2,1,7,24,6
3310925,0,546,0,40,3,1,2,1,7,85,6
3311234,0,546,0,40,3,1,2,1,7,40,6
3311276,0,546,0,40,3,1,2,1,7,39,6
3311618,0,546,0,40,2,1,2,1,7,35,6
3288936,0,546,0,40,2,4,2,1,20,34,6
3301648,0,546,0,40,3,3,2,1,13,47,6
3292504,0,546,0,40,2,4,2,1,26,39,6
3210140,0,546,0,40,2,26,2,1,129,61,6
3305453,0,546,0,40,3,2,2,1,9,34,6
3299462,0,546,0,40,2,2,2,1,22,21,6
3284409,0,546,0,40,3,6,2,1,32,55,6
3284502,0,546,0,40,3,5,2,1,36,28,6
3263428,0,546,0,40,3,7,2,1,31,32,6
3274624,0,546,0,40,3,9,2,1,50,24,6
3292784,0,546,0,40,3,4,2,1,27,14,6
3288890,0,546,0,40,2,4,2,1,38,44,6
3307761,0,546,0,40,2,2,2,1,10,17,6
3273521,0,546,0,40,2,13,2,1,47,52,6
3271655,0,546,0,40,3,7,2,1,81,47,6
3279668,0,546,0,40,2,9,2,1,50,98,6
3307920,0,546,0,40,2,2,2,1,10,68,6
3308964,0,546,0,40,3,2,2,1,8,57,6
3281246,2,546,0,40,2,6,2,1,48,27,6
3310959,0,546,0,40,2,1,2,1,6,23,6
3311667,0,546,0,40,2,1,2,1,6,36,6
3312056,0,546,0,40,3,1,2,1,6,61,6
3312162,0,546,0,40,2,1,2,1,6,47,6
3268433,0,546,0,40,2,12,2,1,55,26,6
3300839,0,546,0,40,3,3,2,1,15,61,6
3295142,0,546,0,40,2,3,2,1,23,119,6
3285603,0,546,0,40,2,6,2,1,30,29,6
3296481,0,546,0,40,2,4,2,1,19,57,6
3289115,0,546,0,40,3,5,2,1,19,91,6
3293389,0,546,0,40,3,3,2,1,29,15,6
3250198,0,546,0,40,2,10,2,1,74,51,6
3278117,0,546,0,40,3,7,2,1,47,48,6
3265080,0,546,0,40,2,9,2,1,53,55,6
3267633,0,546,0,40,3,13,2,1,67,38,6
3281203,0,546,0,40,3,9,2,1,45,45,6
3276030,0,546,0,40,2,9,2,1,34,48,6
3294162,0,546,0,40,2,5,2,1,20,71,6
3301693,0,546,0,40,2,2,2,1,20,53,6
3280854,0,546,0,40,2,8,2,1,40,52,6
3308300,0,546,0,40,3,2,2,1,9,38,6
3289472,0,546,0,40,3,5,2,1,39,73,6
3267894,0,546,0,40,3,10,2,1,70,42,6
3303490,0,546,0,40,3,4,2,1,9,24,6
3303116,1,546,535,13.2073,3,2,2,1,19,16,6
3295933,0,546,0,40,2,4,2,1,20,72,6
3289470,0,546,0,40,3,6,2,1,29,86,6
3289677,0,546,0,40,2,5,2,1,28,12,6
3309425,0,546,0,40,2,1,2,1,5,27,6
3311161,0,546,0,40,3,1,2,1,5,34,6
3311409,0,546,0,40,2,1,2,1,5,20,6
3311729,0,546,0,40,2,1,2,1,5,30,6
3312169,0,546,0,40,2,1,2,1,5,21,6
3312404,0,546,0,40,2,1,2,1,5,45,6
3312548,0,546,0,40,3,1,2,1,5,25,6
3277627,0,546,0,40,2,4,2,1,66,35,6
3290536,0,546,0,40,2,2,2,1,33,48,6
3288001,0,546,0,40,3,4,2,1,41,40,6
3275968,0,546,0,40,2,7,2,1,64,67,6
3268912,0,546,0,40,2,10,2,1,79,28,6
3294906,0,546,0,40,2,4,2,1,28,36,6
3291473,0,546,0,40,2,3,2,1,34,55,6
3283369,0,546,0,40,3,5,2,1,43,45,6
3300005,0,546,0,40,2,2,2,1,25,77,6
3298064,0,546,0,40,3,2,2,1,25,90,6
3303847,0,546,0,40,2,1,2,1,21,62,6
3297005,0,546,0,40,2,3,2,1,25,56,6
3300304,0,546,0,40,3,2,2,1,24,43,6
3301897,0,546,0,40,3,2,2,1,22,31,6
3304494,1,546,539,30.7978,2,1,2,1,20,38,6
3299044,0,546,0,40,2,2,2,1,23,22,6
3275328,0,546,0,40,3,9,2,1,58,66,6
3304327,0,546,0,40,3,1,2,1,19,92,6
3304914,0,546,0,40,2,1,2,1,19,64,6
3300966,0,546,0,40,3,2,2,1,19,78,6
3305588,0,546,0,40,3,1,2,1,18,73,6
3294179,1,546,539,30.8335,2,2,2,1,31,41,6
3277411,0,546,0,40,3,8,2,1,52,39,6
3289416,0,546,0,40,2,5,2,1,33,64,6
3306055,0,546,0,40,2,1,2,1,17,104,6
3297421,0,546,0,40,2,3,2,1,22,111,6
3295857,0,546,0,40,2,4,2,1,22,30,6
3306445,0,546,0,40,3,1,2,1,16,39,6
3302741,2,546,0,40,3,2,2,1,17,114,6
3298740,0,546,0,40,2,2,2,1,26,47,6
3231034,0,546,0,40,2,16,2,1,109,73,6
3306960,0,546,0,40,2,1,2,1,15,80,6
3307312,0,546,0,40,3,1,2,1,15,87,6
3256423,0,546,0,40,2,12,2,1,77,46,6
3266170,0,546,0,40,3,5,2,1,43,66,6
3298027,0,546,0,40,3,3,2,1,19,71,6
3268772,0,546,0,40,2,9,2,1,78,14,6
3307125,0,546,0,40,2,1,2,1,14,79,6
3307675,0,546,0,40,2,1,2,1,14,43,6
3307897,0,546,0,40,3,1,2,1,14,58,6
3308079,0,546,0,40,3,1,2,1,14,57,6
3298783,0,546,0,40,2,3,2,1,21,11,6
3263991,0,546,0,40,3,6,2,1,41,35,6
3280287,0,546,0,40,3,7,2,1,43,48,6
3285861,0,546,0,40,2,4,2,1,48,83,6
3276833,0,546,0,40,3,8,2,1,46,66,6
3281978,0,546,0,40,3,3,2,1,54,90,6
3295025,0,546,0,40,2,3,2,1,27,42,6
3291077,0,546,0,40,2,5,2,1,28,56,6
3292074,0,546,0,40,3,4,2,1,34,84,6
3303311,0,546,0,40,3,2,2,1,13,29,6
3279763,0,546,0,40,3,7,2,1,41,67,6
3286783,0,546,0,40,3,5,2,1,29,97,6
3274375,0,546,0,40,3,8,2,1,57,48,6
3277960,0,546,0,40,3,7,2,1,49,21,6
3289859,0,546,0,40,3,4,2,1,35,38,6
3305030,0,546,0,40,2,2,2,1,17,38,6
3267155,0,546,0,40,3,6,2,1,26,12,6
3272531,0,546,0,40,3,11,2,1,54,29,6
3308495,0,546,0,40,2,1,2,1,12,72,6
3308975,0,546,0,40,3,1,2,1,12,84,6
3309145,0,546,0,40,2,1,2,1,12,50,6
3302155,0,546,0,40,3,2,2,1,14,75,6
3303675,0,546,0,40,2,2,2,1,15,11,6
3248497,0,546,0,40,3,10,2,1,79,67,6
3294723,0,546,0,40,3,4,2,1,30,77,6
3299262,0,546,0,40,2,3,2,1,18,9,6
3305937,0,546,0,40,2,2,2,1,14,77,6
3302981,0,546,0,40,3,3,2,1,19,36,6
3304878,0,546,0,40,2,3,2,1,15,34,6
3296260,0,546,0,40,3,2,2,1,29,43,6
3293686,0,546,0,40,3,4,2,1,29,47,6
3287081,1,546,531,31.0822,2,7,2,1,33,33,6
3308724,0,546,0,40,2,1,2,1,11,49,6
3309416,0,546,0,40,2,1,2,1,11,46,6
3270265,0,546,0,40,2,10,2,1,59,41,6
3299502,0,546,0,40,2,2,2,1,19,29,6
3214559,0,546,0,40,3,19,2,1,114,42,6
3265826,0,546,0,40,2,6,2,1,44,23,6
3302823,0,546,0,40,2,3,2,1,15,106,6
3281475,0,546,0,40,2,7,2,1,41,41,6
3306107,0,546,0,40,3,2,2,1,13,64,6
3261484,0,546,0,40,3,7,2,1,71,37,6
3303407,0,546,0,40,2,3,2,1,18,59,6
3291469,0,546,0,40,3,4,2,1,28,34,6
3263135,0,546,0,40,3,4,2,1,40,32,6
3305365,0,546,0,40,2,1,2,1,10,52,6
3308750,0,546,0,40,2,1,2,1,10,32,6
3309479,0,546,0,40,3,1,2,1,10,26,6
3310037,0,546,0,40,2,1,2,1,10,54,6
3304230,0,546,0,40,3,2,2,1,10,33,6
3285195,0,546,0,40,2,5,2,1,33,23,6
3304855,0,546,0,40,3,2,2,1,11,62,6
3302331,0,546,0,40,3,3,2,1,13,53,6
3286698,0,546,0,40,2,6,2,1,32,31,6
3289157,0,546,0,40,3,5,2,1,33,32,6
3294961,0,546,0,40,2,4,2,1,26,75,6
3303132,0,546,0,40,3,2,2,1,17,47,6
3305892,0,546,0,40,2,2,2,1,14,42,6
3299561,0,546,0,40,3,4,2,1,14,58,6
3307584,0,546,0,40,3,2,2,1,11,35,6
3303173,0,546,0,40,2,2,2,1,19,38,6
3302154,0,546,0,40,2,3,2,1,16,12,6
3305557,0,546,0,40,3,2,2,1,12,59,6
3308349,0,546,0,40,2,1,2,1,9,48,6
3308922,0,546,0,40,2,1,2,1,9,25,6
3310302,0,546,0,40,3,1,2,1,9,14,6
3310756,0,546,0,40,3,1,2,1,9,30,6
3311008,0,546,0,40,2,1,2,1,9,25,6
3294671,0,546,0,40,3,4,2,1,21,30,6
3276385,0,546,0,40,2,5,2,1,54,41,6
3290472,0,546,0,40,2,5,2,1,30,43,6
3299125,0,546,0,40,2,3,2,1,14,42,6
3304426,0,546,0,40,3,3,2,1,12,23,6
3307162,0,546,0,40,2,2,2,1,9,33,6
3279015,0,546,0,40,2,5,2,1,48,49,6
3298277,1,546,539,13.3998,3,4,2,1,20,56,6
3308083,0,546,0,40,3,2,2,1,9,69,6
3303994,0,546,0,40,2,2,2,1,15,104,6
3268993,0,546,0,40,2,8,2,1,76,80,6
3306918,0,546,0,40,3,2,2,1,10,31,6
3296569,0,546,0,40,3,3,2,1,25,45,6
3274548,0,546,0,40,2,6,2,1,62,44,6
3308797,0,546,0,40,2,2,2,1,9,77,6
3307544,0,546,0,40,3,2,2,1,13,61,6
3288067,0,546,0,40,3,7,2,1,34,50,6
3305618,0,546,0,40,3,3,2,1,12,55,6
3308205,0,546,0,40,2,1,2,1,8,54,6
3310529,0,546,0,40,3,1,2,1,8,41,6
3311029,0,546,0,40,3,1,2,1,8,35,6
3311340,0,546,0,40,2,1,2,1,8,77,6
3311490,0,546,0,40,3,1,2,1,8,20,6
3278866,0,546,0,40,3,8,2,1,46,37,6
3260356,0,546,0,40,2,9,2,1,51,41,6
3289072,0,546,0,40,2,3,2,1,37,36,6
3286502,0,546,0,40,3,4,2,1,44,100,6
3283342,0,546,0,40,2,4,2,1,48,35,6
3301809,0,546,0,40,2,2,2,1,19,44,6
3284701,0,546,0,40,2,8,2,1,31,74,6
3308622,0,546,0,40,2,2,2,1,8,66,6
3299953,0,546,0,40,2,3,2,1,18,104,6
3270424,0,546,0,40,3,10,2,1,61,66,6
3300945,0,546,0,40,2,3,2,1,21,61,6
3301681,0,546,0,40,3,2,2,1,21,57,6
3304346,0,546,0,40,3,2,2,1,17,21,6
3300302,0,546,0,40,3,4,2,1,15,36,6
3306654,0,546,0,40,3,2,2,1,11,68,6
3308336,0,546,0,40,3,2,2,1,10,18,6
3309243,0,546,0,40,2,2,2,1,9,40,6
3273929,0,546,0,40,3,8,2,1,68,21,6
3301601,0,546,0,40,3,2,2,1,23,53,6
3294314,0,546,0,40,3,6,2,1,23,74,6
3310503,0,546,0,40,3,1,2,1,7,25,6
3311247,0,546,0,40,3,1,2,1,7,50,6
3311726,0,546,0,40,2,1,2,1,7,30,6
3311830,0,546,0,40,3,1,2,1,7,41,6
3312002,0,546,0,40,2,1,2,1,7,34,6
3312164,0,546,0,40,3,1,2,1,7,42,6
3306033,0,546,0,40,2,2,2,1,8,42,6
3285158,0,546,0,40,3,7,2,1,24,48,6
3291917,0,546,0,40,3,4,2,1,30,81,6
3264363,0,546,0,40,3,7,2,1,70,43,6
3303300,0,546,0,40,3,2,2,1,15,52,6
3203360,0,546,0,40,2,20,2,1,105,48,6
3283584,0,546,0,40,3,6,2,1,39,18,6
3293353,0,546,0,40,2,4,2,1,30,20,6
3290850,0,546,0,40,2,4,2,1,26,31,6
3304448,0,546,0,40,3,3,2,1,12,37,6
3304149,0,546,0,40,2,3,2,1,11,39,6
3286070,0,546,0,40,2,8,2,1,33,23,6
3308783,0,546,0,40,2,2,2,1,7,39,6
3290389,0,546,0,40,3,3,2,1,39,27,6
3286106,0,546,0,40,2,6,2,1,38,62,6
3298913,0,546,0,40,2,3,2,1,19,41,6
3297460,0,546,0,40,2,4,2,1,20,56,6
3303403,0,546,0,40,3,3,2,1,13,48,6
3293212,0,546,0,40,2,3,2,1,34,58,6
3305298,0,546,0,40,3,2,2,1,16,82,6
3306190,0,546,0,40,3,2,2,1,13,69,6
3304496,0,546,0,40,2,3,2,1,12,31,6
3283218,0,546,0,40,3,8,2,1,39,31,6
3272415,0,546,0,40,2,8,2,1,74,36,6
3253778,0,546,0,40,3,15,2,1,70,30,6
3307087,0,546,0,40,2,2,2,1,11,28,6
3255143,1,546,539,36.5984,2,10,2,1,77,47,6
3305942,0,546,0,40,2,3,2,1,9,29,6
3297028,0,546,0,40,3,4,2,1,17,31,6
3283333,0,546,0,40,2,7,2,1,36,49,6
3310723,0,546,0,40,3,1,2,1,6,78,6
3311113,0,546,0,40,3,1,2,1,6,14,6
3311441,0,546,0,40,2,1,2,1,6,78,6
3311761,0,546,0,40,3,1,2,1,6,49,6
3311877,0,546,0,40,3,1,2,1,6,39,6
3311985,0,546,0,40,3,1,2,1,6,58,6
3312360,0,546,0,40,3,1,2,1,6,33,6
3312482,0,546,0,40,3,1,2,1,6,50,6
3312550,0,546,0,40,2,1,2,1,6,17,6
3312648,0,546,0,40,2,1,2,1,6,50,6
3312698,0,546,0,40,3,1,2,1,6,52,6
3312862,0,546,0,40,3,1,2,1,6,43,6
3304378,0,546,0,40,2,2,2,1,10,41,6
3305671,0,546,0,40,3,2,2,1,7,82,6
3303014,0,546,0,40,2,2,2,1,12,14,6
3276395,0,546,0,40,2,8,2,1,46,111,6
3301690,0,546,0,40,3,2,2,1,18,67,6
3276919,0,546,0,40,3,7,2,1,50,52,6
3307404,0,546,0,40,2,2,2,1,8,72,6
3288346,0,546,0,40,2,4,2,1,37,36,6
3288560,0,546,0,40,3,7,2,1,23,91,6
3264061,0,546,0,40,2,7,2,1,38,24,6
3306781,1,546,539,37.971,2,2,2,1,11,72,6
3269733,0,546,0,40,3,9,2,1,82,29,6
3299075,0,546,0,40,3,5,2,1,11,113,6
3304096,0,546,0,40,3,4,2,1,10,52,6
3296393,0,546,0,40,3,3,2,1,26,60,6
3294299,0,546,0,40,2,4,2,1,23,99,6
3270011,0,546,0,40,2,9,2,1,70,49,6
3309523,0,546,0,40,2,2,2,1,6,47,6
3297152,0,546,0,40,2,3,2,1,18,35,6
3299976,0,546,0,40,3,4,2,1,20,80,6
3307628,0,546,0,40,2,2,2,1,10,41,6
3304606,0,546,0,40,2,3,2,1,11,31,6
3278579,0,546,0,40,3,9,2,1,41,48,6
3289337,0,546,0,40,3,7,2,1,19,21,6
3309453,0,546,0,40,2,2,2,1,6,38,6
3300598,0,546,0,40,2,4,2,1,17,52,6
3262380,0,546,0,40,3,7,2,1,37,94,6
3266951,0,546,0,40,2,8,2,1,39,26,6
3300749,0,546,0,40,3,4,2,1,13,78,6
3307915,0,546,0,40,3,3,2,1,7,74,6
3286018,0,546,0,40,3,6,2,1,34,55,6
3311285,0,546,0,40,2,1,2,1,5,38,6
3311831,0,546,0,40,2,1,2,1,5,51,6
3312215,0,546,0,40,2,1,2,1,5,28,6
3312415,0,546,0,40,3,1,2,1,5,15,6
3312655,0,546,0,40,3,1,2,1,5,13,6
3312937,0,546,0,40,2,1,2,1,5,54,6
3313197,0,546,0,40,3,1,2,1,5,118,6
3313285,0,546,0,40,3,1,2,1,5,18,6
3313315,0,546,0,40,2,1,2,1,5,35,6
3313351,0,546,0,40,2,1,2,1,5,33,6
3268228,0,546,0,40,2,9,2,1,86,37,6
3265053,0,546,0,40,3,5,2,1,63,43,6
3298580,0,546,0,40,3,1,2,1,31,90,6
3293324,0,546,0,40,3,2,2,1,34,30,6
3283201,0,546,0,40,3,5,2,1,51,40,6
3294870,0,546,0,40,2,2,2,1,33,74,6
3286652,0,546,0,40,2,4,2,1,40,63,6
3285906,0,546,0,40,2,4,2,1,38,94,6
3280333,0,546,0,40,3,6,2,1,49,42,6
3282289,0,546,0,40,2,7,2,1,48,68,6
3284681,0,546,0,40,3,3,2,1,48,38,6
3272720,0,546,0,40,3,11,2,1,59,69,6
3299507,0,546,0,40,3,2,2,1,24,31,6
3286079,0,546,0,40,2,5,2,1,43,39,6
3304560,0,546,0,40,3,1,2,1,21,46,6
3291428,0,546,0,40,2,4,2,1,34,60,6
3292128,0,546,0,40,2,5,2,1,30,29,6
3301661,0,546,0,40,2,2,2,1,23,10,6
3258888,0,546,0,40,2,7,2,1,64,18,6
3305550,0,546,0,40,2,1,2,1,19,42,6
3268652,0,546,0,40,3,10,2,1,64,53,6
3290401,0,546,0,40,2,5,2,1,33,30,6
3306291,0,546,0,40,2,1,2,1,18,54,6
3293224,0,546,0,40,3,3,2,1,30,37,6
3300690,0,546,0,40,2,2,2,1,20,24,6
3303341,0,546,0,40,2,2,2,1,19,38,6
3172096,0,546,0,40,3,21,2,1,181,52,6
3268633,0,546,0,40,3,7,2,1,39,37,6
3302519,0,546,0,40,3,2,2,1,17,48,6
3276699,0,546,0,40,2,5,2,1,57,15,6
3275349,0,546,0,40,2,7,2,1,56,30,6
3281645,0,546,0,40,3,6,2,1,34,22,6
3306572,0,546,0,40,2,1,2,1,16,53,6
3307370,0,546,0,40,2,1,2,1,16,40,6
3307592,0,546,0,40,3,1,2,1,16,74,6
3293643,0,546,0,40,2,4,2,1,30,43,6
3290406,0,546,0,40,3,3,2,1,36,63,6
3296676,0,546,0,40,3,3,2,1,19,29,6
3298462,0,546,0,40,3,3,2,1,22,25,6
3297656,0,546,0,40,2,2,2,1,28,34,6
3291587,0,546,0,40,2,5,2,1,31,47,6
3296660,0,546,0,40,3,2,2,1,30,106,6
3275578,0,546,0,40,3,6,2,1,56,57,6
3305493,0,546,0,40,2,1,2,1,15,27,6
3307245,0,546,0,40,3,1,2,1,15,39,6
3307739,0,546,0,40,3,1,2,1,15,42,6
3282880,0,546,0,40,2,7,2,1,40,53,6
3275827,0,546,0,40,3,7,2,1,54,33,6
3282918,0,546,0,40,3,6,2,1,36,48,6
3292247,0,546,0,40,2,3,2,1,36,13,6
3275764,0,546,0,40,3,7,2,1,57,27,6
3270233,0,546,0,40,3,11,2,1,63,84,6
3265579,0,546,0,40,3,3,2,1,57,70,6
3279418,0,546,0,40,2,7,2,1,43,50,6
3306215,0,546,0,40,2,2,2,1,16,55,6
3290368,0,546,0,40,2,5,2,1,28,22,6
3307896,0,546,0,40,2,1,2,1,14,41,6
3308278,0,546,0,40,3,1,2,1,14,15,6
3274864,0,546,0,40,2,6,2,1,57,89,6
3269281,0,546,0,40,2,13,2,1,58,48,6
3294782,0,546,0,40,3,4,2,1,20,73,6
3289867,0,546,0,40,2,2,2,1,40,53,6
3265060,0,546,0,40,2,9,2,1,56,34,6
3293715,0,546,0,40,3,5,2,1,24,55,6
3286893,0,546,0,40,2,6,2,1,40,63,6
3299589,0,546,0,40,2,4,2,1,22,31,6
3308407,0,546,0,40,3,1,2,1,13,59,6
3308933,0,546,0,40,2,1,2,1,13,20,6
3267018,0,546,0,40,3,7,2,1,53,72,6
3282710,0,546,0,40,3,7,2,1,42,68,6
3292891,0,546,0,40,2,4,2,1,33,59,6
3301891,0,546,0,40,2,2,2,1,21,27,6
3287292,0,546,0,40,3,6,2,1,33,28,6
3307593,0,546,0,40,2,2,2,1,13,48,6
3307403,0,546,0,40,2,1,2,1,12,45,6
3309136,0,546,0,40,2,1,2,1,12,16,6
3309526,0,546,0,40,2,1,2,1,12,70,6
3265587,0,546,0,40,2,10,2,1,75,62,6
3291135,0,546,0,40,3,5,2,1,23,44,6
3306733,0,546,0,40,3,2,2,1,12,22,6
3265437,0,546,0,40,3,7,2,1,56,72,6
3296175,0,546,0,40,3,3,2,1,29,18,6
3259302,0,546,0,40,3,9,2,1,99,43,6
3276619,0,546,0,40,2,8,2,1,44,81,6
3293752,0,546,0,40,2,4,2,1,28,14,6
3288919,0,546,0,40,3,6,2,1,42,35,6
3287170,0,546,0,40,2,8,2,1,31,40,6
3307148,0,546,0,40,2,2,2,1,14,57,6
3309006,0,546,0,40,2,1,2,1,11,19,6
3309467,0,546,0,40,2,1,2,1,11,63,6
3309639,0,546,0,40,3,1,2,1,11,39,6
3310205,0,546,0,40,3,1,2,1,11,38,6
3288583,0,546,0,40,3,6,2,1,30,39,6
3279850,0,546,0,40,2,7,2,1,49,23,6
3277862,0,546,0,40,3,8,2,1,37,29,6
3280909,0,546,0,40,3,6,2,1,50,67,6
3279906,0,546,0,40,2,8,2,1,44,55,6
3268879,0,546,0,40,2,9,2,1,61,37,6
3299691,0,546,0,40,3,3,2,1,20,43,6
3288241,0,546,0,40,2,3,2,1,47,46,6
3293625,0,546,0,40,2,4,2,1,33,25,6
3303985,0,546,0,40,3,2,2,1,20,46,6
3289015,0,546,0,40,3,6,2,1,34,49,6
3262771,0,546,0,40,3,6,2,1,42,9,6
3310258,0,546,0,40,2,1,2,1,10,46,6
3310940,0,546,0,40,3,1,2,1,10,52,6
3299274,0,546,0,40,3,2,2,1,13,62,6
3292440,0,546,0,40,3,4,2,1,31,35,6
3279353,0,546,0,40,2,8,2,1,47,39,6
3265096,0,546,0,40,2,10,2,1,54,49,6
3297660,0,546,0,40,2,4,2,1,18,72,6
3280275,0,546,0,40,3,6,2,1,47,24,6
3303819,0,546,0,40,2,2,2,1,16,29,6
3267666,0,546,0,40,3,15,2,1,56,45,6
3286551,0,546,0,40,3,8,2,1,29,66,6
3302045,0,546,0,40,2,2,2,1,19,117,6
3283359,0,546,0,40,3,6,2,1,42,40,6
3303297,0,546,0,40,2,3,2,1,17,64,6
3295052,0,546,0,40,3,4,2,1,28,92,6
3302073,0,546,0,40,3,3,2,1,13,23,6
3302958,0,546,0,40,2,3,2,1,18,23,6
3300461,0,546,0,40,2,4,2,1,15,29,6
3270063,0,546,0,40,3,10,2,1,60,33,6
3295467,0,546,0,40,2,5,2,1,24,83,6
3276304,0,546,0,40,3,7,2,1,62,32,6
3309337,0,546,0,40,3,1,2,1,9,51,6
3310356,0,546,0,40,3,1,2,1,9,17,6
3311013,0,546,0,40,3,1,2,1,9,34,6
3311456,0,546,0,40,2,1,2,1,9,36,6
3311570,0,546,0,40,3,1,2,1,9,53,6
3269685,0,546,0,40,2,10,2,1,70,31,6
3267160,0,546,0,40,3,9,2,1,63,19,6
3262776,0,546,0,40,3,6,2,1,46,23,6
3277041,0,546,0,40,2,8,2,1,49,38,6
3305563,0,546,0,40,3,2,2,1,12,25,6
3303248,0,546,0,40,2,3,2,1,11,6,6
3276794,0,546,0,40,2,5,2,1,58,49,6
3303616,0,546,0,40,2,2,2,1,17,33,6
3267667,0,546,0,40,2,7,2,1,36,44,6
3284940,0,546,0,40,2,8,2,1,32,45,6
3299139,0,546,0,40,2,3,2,1,16,15,6
3288651,0,546,0,40,2,4,2,1,43,17,6
3302704,0,546,0,40,2,2,2,1,19,27,6
3275970,0,546,0,40,2,8,2,1,53,71,6
3308022,0,546,0,40,3,2,2,1,9,50,6
3307805,0,546,0,40,2,2,2,1,12,16,6
3272658,0,546,0,40,2,11,2,1,68,62,6
3301409,0,546,0,40,3,3,2,1,14,65,6
3281969,0,546,0,40,3,7,2,1,45,22,6
3259473,0,546,0,40,3,16,2,1,95,23,6
3307020,1,546,535,32.0821,2,3,2,1,14,24,6
3302365,0,546,0,40,2,3,2,1,17,21,6
3257971,0,546,0,40,3,12,2,1,68,26,6
3311139,0,546,0,40,3,1,2,1,8,41,6
3311840,0,546,0,40,2,1,2,1,8,26,6
3311880,0,546,0,40,3,1,2,1,8,69,6
3312070,0,546,0,40,3,1,2,1,8,70,6
3293603,0,546,0,40,2,4,2,1,26,53,6
3285882,0,546,0,40,2,6,2,1,34,35,6
3244740,0,546,0,40,2,12,2,1,64,41,6
3300029,0,546,0,40,2,3,2,1,13,44,6
3302991,0,546,0,40,3,3,2,1,10,59,6
3289167,0,546,0,40,3,5,2,1,32,29,6
3264524,0,546,0,40,3,8,2,1,46,39,6
3284990,0,546,0,40,2,5,2,1,45,43,6
3286017,0,546,0,40,2,7,2,1,36,26,6
3304701,0,546,0,40,3,3,2,1,9,15,6
3284515,0,546,0,40,2,7,2,1,39,36,6
3289441,0,546,0,40,2,6,2,1,30,36,6
3308035,0,546,0,40,2,2,2,1,11,104,6
3275935,1,546,533,39.8598,2,9,2,1,52,32,6
3296488,0,546,0,40,3,2,2,1,31,112,6
3306066,0,546,0,40,2,2,2,1,14,21,6
3303677,0,546,0,40,2,3,2,1,14,95,6
3251016,0,546,0,40,2,16,2,1,80,76,6
3293192,0,546,0,40,2,4,2,1,29,23,6
3305923,0,546,0,40,3,2,2,1,16,69,6
3307659,0,546,0,40,2,2,2,1,13,66,6
3266947,0,546,0,40,3,9,2,1,48,44,6
3308601,0,546,0,40,3,2,2,1,10,61,6
3303387,0,546,0,40,3,3,2,1,14,41,6
3310024,0,546,0,40,3,1,2,1,7,89,6
3311011,0,546,0,40,3,1,2,1,7,19,6
3311289,0,546,0,40,3,1,2,1,7,37,6
3311705,0,546,0,40,3,1,2,1,7,21,6
3311849,0,546,0,40,3,1,2,1,7,39,6
3311945,0,546,0,40,2,1,2,1,7,34,6
3312185,0,546,0,40,3,1,2,1,7,53,6
3312281,0,546,0,40,3,1,2,1,7,23,6
3312420,0,546,0,40,3,1,2,1,7,52,6
3312476,0,546,0,40,2,1,2,1,7,38,6
3312542,0,546,0,40,3,1,2,1,7,41,6
3312760,0,546,0,40,3,1,2,1,7,37,6
3312788,0,546,0,40,2,1,2,1,7,43,6
3291352,0,546,0,40,3,5,2,1,30,37,6
3281950,0,546,0,40,3,7,2,1,38,65,6
3279198,0,546,0,40,2,6,2,1,49,27,6
3300124,0,546,0,40,2,2,2,1,22,35,6
3293681,0,546,0,40,2,5,2,1,21,32,6
3288840,0,546,0,40,3,4,2,1,29,52,6
3282081,0,546,0,40,2,5,2,1,45,40,6
3297250,0,546,0,40,2,3,2,1,22,35,6
3308207,0,546,0,40,2,2,2,1,7,75,6
3283511,0,546,0,40,3,7,2,1,40,5,6
3290649,0,546,0,40,2,6,2,1,33,24,6
3306593,0,546,0,40,2,2,2,1,12,43,6
3281998,0,546,0,40,2,6,2,1,40,44,6
3287131,0,546,0,40,3,7,2,1,21,21,6
3309808,0,546,0,40,3,2,2,1,7,44,6
3302776,1,546,534,40,2,2,2,1,19,47,6
3273251,0,546,0,40,3,11,2,1,51,24,6
3282274,0,546,0,40,3,6,2,1,49,38,6
3293553,0,546,0,40,2,5,2,1,30,20,6
3304105,0,546,0,40,2,3,2,1,10,52,6
3308027,0,546,0,40,2,2,2,1,12,36,6
3275824,0,546,0,40,3,6,2,1,51,61,6
3309139,0,546,0,40,3,2,2,1,10,32,6
3303063,0,546,0,40,3,4,2,1,12,33,6
3271257,0,546,0,40,2,10,2,1,51,33,6
3270693,0,546,0,40,2,11,2,1,54,24,6
3304945,1,546,540,31.3589,2,3,2,1,13,31,6
3308209,0,546,0,40,3,2,2,1,10,56,6
3305861,0,546,0,40,3,3,2,1,8,40,6
3298993,0,546,0,40,2,4,2,1,25,37,6
3304047,0,546,0,40,2,4,2,1,14,46,6
3312284,0,546,0,40,2,2,2,1,7,26,6
3311935,0,546,0,40,2,1,2,1,6,21,6
3312143,0,546,0,40,2,1,2,1,6,62,6
3312867,0,546,0,40,2,1,2,1,6,36,6
3312923,0,546,0,40,2,1,2,1,6,65,6
3313129,0,546,0,40,2,1,2,1,6,54,6
3313251,0,546,0,40,3,1,2,1,6,43,6
3313267,0,546,0,40,2,1,2,1,6,47,6
3295834,0,546,0,40,3,3,2,1,22,92,6
3307488,0,546,0,40,2,2,2,1,7,49,6
3305558,0,546,0,40,3,2,2,1,11,57,6
3299949,0,546,0,40,3,3,2,1,17,37,6
3293165,0,546,0,40,2,3,2,1,32,54,6
3275920,0,546,0,40,3,6,2,1,59,75,6
3270467,0,546,0,40,3,10,2,1,67,48,6
3308252,0,546,0,40,2,2,2,1,7,23,6
3301955,0,546,0,40,2,2,2,1,18,44,6
3298000,0,546,0,40,2,4,2,1,12,49,6
3271750,0,546,0,40,3,11,2,1,49,34,6
3272339,0,546,0,40,3,12,2,1,46,27,6
3264753,0,546,0,40,2,9,2,1,50,12,6
3267528,0,546,0,40,2,4,2,1,29,49,6
3272383,0,546,0,40,2,10,2,1,55,51,6
3298283,0,546,0,40,3,4,2,1,20,28,6
3303611,0,546,0,40,2,3,2,1,12,26,6
3264440,0,546,0,40,2,9,2,1,47,20,6
3301707,0,546,0,40,2,2,2,1,20,33,6
3303804,0,546,0,40,2,2,2,1,17,51,6
3302765,0,546,0,40,2,3,2,1,15,44,6
3299850,0,546,0,40,2,4,2,1,14,49,6
3303309,0,546,0,40,3,3,2,1,12,41,6
3280343,0,546,0,40,3,8,2,1,42,51,6
3263460,0,546,0,40,2,14,2,1,63,70,6
3294627,0,546,0,40,2,5,2,1,24,56,6
3293163,0,546,0,40,2,6,2,1,24,45,6
3298921,0,546,0,40,2,2,2,1,28,17,6
3304974,0,546,0,40,3,2,2,1,17,75,6
3297274,0,546,0,40,3,5,2,1,15,44,6
3298215,0,546,0,40,3,5,2,1,20,38,6
3310019,0,546,0,40,3,2,2,1,8,32,6
3275937,0,546,0,40,2,10,2,1,38,33,6
3277681,0,546,0,40,3,9,2,1,40,34,6
3302564,0,546,0,40,2,3,2,1,18,62,6
3279398,0,546,0,40,2,9,2,1,50,68,6
3308062,0,546,0,40,2,2,2,1,11,91,6
3265244,0,546,0,40,3,6,2,1,54,47,6
3309162,0,546,0,40,3,2,2,1,8,53,6
3265333,0,546,0,40,2,11,2,1,43,25,6
3310525,0,546,0,40,2,2,2,1,8,24,6
3311275,0,546,0,40,2,2,2,1,7,11,6
3306123,0,546,0,40,3,2,2,1,18,51,6
3295890,0,546,0,40,2,6,2,1,18,34,6
3310232,0,546,0,40,2,1,2,1,5,18,6
3312409,0,546,0,40,3,1,2,1,5,57,6
3312753,0,546,0,40,2,1,2,1,5,37,6
3313108,0,546,0,40,2,1,2,1,5,17,6
3313268,0,546,0,40,3,1,2,1,5,37,6
3313698,0,546,0,40,2,1,2,1,5,32,6
3313732,0,546,0,40,2,1,2,1,5,107,6
3313890,0,546,0,40,2,1,2,1,5,106,6
3313950,0,546,0,40,3,1,2,1,5,67,6
3282239,0,546,0,40,3,3,2,1,55,32,6
3300788,0,546,0,40,2,1,2,1,28,38,6
3286802,0,546,0,40,2,6,2,1,37,31,6
3284450,0,546,0,40,2,3,2,1,46,47,6
3244131,0,546,0,40,3,10,2,1,74,42,6
3286034,0,546,0,40,2,4,2,1,52,46,6
3301965,0,546,0,40,3,2,2,1,24,42,6
3304988,0,546,0,40,3,1,2,1,21,28,6
3279334,0,546,0,40,2,8,2,1,58,71,6
3284744,0,546,0,40,3,3,2,1,37,60,6
3295699,0,546,0,40,3,3,2,1,31,56,6
3267861,0,546,0,40,3,9,2,1,85,32,6
3304750,0,546,0,40,3,2,2,1,22,79,6
3274736,0,546,0,40,3,8,2,1,56,43,6
3274397,0,546,0,40,2,8,2,1,55,44,6
3274791,0,546,0,40,3,9,2,1,61,51,6
3273481,0,546,0,40,2,7,2,1,68,32,6
3263788,0,546,0,40,2,10,2,1,82,23,6
3264793,0,546,0,40,3,5,2,1,34,30,6
3302169,0,546,0,40,2,2,2,1,17,15,6
3268450,0,546,0,40,2,11,2,1,77,65,6
3262698,0,546,0,40,2,5,2,1,25,42,6
3303750,0,546,0,40,3,2,2,1,17,16,6
3293143,0,546,0,40,2,4,2,1,26,29,6
3288894,0,546,0,40,3,4,2,1,41,73,6
3260749,0,546,0,40,2,17,2,1,82,40,6
3291495,0,546,0,40,2,5,2,1,24,40,6
3301173,0,546,0,40,2,3,2,1,20,48,6
3256972,0,546,0,40,3,15,2,1,81,49,6
3282187,0,546,0,40,2,8,2,1,40,41,6
3280749,0,546,0,40,2,6,2,1,36,94,6
3302970,0,546,0,40,3,2,2,1,15,27,6
3282005,0,546,0,40,2,5,2,1,43,99,6
3295969,1,546,541,26.9448,3,3,2,1,30,44,6
3282359,0,546,0,40,2,5,2,1,40,84,6
3284865,0,546,0,40,2,8,2,1,33,49,6
3281803,0,546,0,40,3,6,2,1,41,36,6
3283324,0,546,0,40,2,5,2,1,44,66,6
3281583,0,546,0,40,2,6,2,1,32,31,6
3308046,0,546,0,40,3,1,2,1,14,44,6
3309063,0,546,0,40,3,1,2,1,14,42,6
3272006,0,546,0,40,2,10,2,1,57,26,6
3281012,0,546,0,40,3,7,2,1,42,27,6
3290724,0,546,0,40,3,6,2,1,33,47,6
3297392,0,546,0,40,3,3,2,1,23,44,6
3255606,0,546,0,40,3,10,2,1,69,26,6
3277787,0,546,0,40,3,10,2,1,47,78,6
3303106,0,546,0,40,2,2,2,1,20,87,6
3307789,0,546,0,40,3,2,2,1,14,28,6
3308649,0,546,0,40,3,1,2,1,13,55,6
3309204,1,546,541,28.0007,2,1,2,1,13,80,6
3281269,0,546,0,40,2,6,2,1,47,50,6
3300597,0,546,0,40,3,2,2,1,24,73,6
3296211,0,546,0,40,2,5,2,1,23,97,6
3305924,0,546,0,40,2,2,2,1,13,36,6
3265114,0,546,0,40,3,10,2,1,64,42,6
3267139,0,546,0,40,3,14,2,1,82,35,6
3299914,0,546,0,40,2,4,2,1,22,44,6
3295298,0,546,0,40,3,3,2,1,30,30,6
3296530,0,546,0,40,3,5,2,1,21,40,6
3308594,0,546,0,40,3,2,2,1,13,59,6
3274167,0,546,0,40,2,9,2,1,55,83,6
3308421,0,546,0,40,2,1,2,1,12,100,6
3309287,0,546,0,40,2,1,2,1,12,39,6
3303883,0,546,0,40,2,2,2,1,15,28,6
3274648,0,546,0,40,2,7,2,1,55,100,6
3286881,0,546,0,40,3,6,2,1,27,19,6
3262490,0,546,0,40,3,11,2,1,50,58,6
3294570,0,546,0,40,3,3,2,1,32,62,6
3270910,0,546,0,40,3,10,2,1,63,79,6
3267107,0,546,0,40,3,7,2,1,48,41,6
3304106,0,546,0,40,3,2,2,1,17,46,6
3292068,0,546,0,40,2,4,2,1,30,19,6
3301234,0,546,0,40,2,3,2,1,20,73,6
3308017,0,546,0,40,3,2,2,1,12,43,6
3271587,0,546,0,40,2,9,2,1,70,12,6
3295494,0,546,0,40,3,3,2,1,26,59,6
3301278,0,546,0,40,3,3,2,1,16,28,6
3279411,0,546,0,40,2,9,2,1,40,32,6
3291409,0,546,0,40,2,4,2,1,32,77,6
3300596,1,546,518,31.8926,2,4,2,1,22,54,6
3276781,0,546,0,40,2,10,2,1,43,46,6
3309437,0,546,0,40,3,1,2,1,11,46,6
3310130,0,546,0,40,3,1,2,1,11,58,6
3310494,0,546,0,40,2,1,2,1,11,42,6
3303586,0,546,0,40,3,2,2,1,12,39,6
3277899,0,546,0,40,3,8,2,1,48,28,6
3297366,0,546,0,40,2,4,2,1,17,38,6
3284245,0,546,0,40,3,4,2,1,43,37,6
3263039,0,546,0,40,3,9,2,1,62,46,6
3305801,0,546,0,40,2,2,2,1,12,47,6
3280233,0,546,0,40,3,7,2,1,43,78,6
3306814,0,546,0,40,2,2,2,1,11,20,6
3272220,0,546,0,40,2,4,2,1,75,29,6
3296304,0,546,0,40,3,4,2,1,23,91,6
3273129,0,546,0,40,3,10,2,1,48,26,6
3306782,0,546,0,40,3,2,2,1,13,69,6
3270856,0,546,0,40,3,9,2,1,68,15,6
3310252,0,546,0,40,3,1,2,1,10,34,6
3310845,0,546,0,40,2,1,2,1,10,48,6
3311324,0,546,0,40,3,1,2,1,10,28,6
3276181,0,546,0,40,3,6,2,1,54,41,6
3268416,0,546,0,40,2,2,2,1,32,68,6
3297967,0,546,0,40,3,3,2,1,19,23,6
3289204,0,546,0,40,3,5,2,1,36,73,6
3289865,0,546,0,40,3,5,2,1,26,37,6
3288488,0,546,0,40,2,7,2,1,27,50,6
3306487,0,546,0,40,3,2,2,1,13,39,6
3308085,0,546,0,40,3,2,2,1,11,38,6
3290374,0,546,0,40,3,4,2,1,35,69,6
3292851,0,546,0,40,3,4,2,1,30,49,6
3302750,0,546,0,40,2,3,2,1,18,35,6
3280932,0,546,0,40,2,7,2,1,50,56,6
3268407,0,546,0,40,2,10,2,1,76,38,6
3306885,0,546,0,40,3,2,2,1,15,52,6
3308824,0,546,0,40,3,2,2,1,10,23,6
3291178,0,546,0,40,3,5,2,1,33,46,6
3309703,0,546,0,40,2,2,2,1,11,53,6
3310639,0,546,0,40,2,1,2,1,9,30,6
3311663,0,546,0,40,2,1,2,1,9,49,6
3312042,0,546,0,40,2,1,2,1,9,51,6
3294666,0,546,0,40,3,3,2,1,32,53,6
3272680,0,546,0,40,3,6,2,1,77,31,6
3307004,0,546,0,40,2,2,2,1,10,35,6
3274652,0,546,0,40,2,8,2,1,55,42,6
3302988,0,546,0,40,3,3,2,1,17,52,6
3292522,0,546,0,40,2,5,2,1,25,45,6
3295992,0,546,0,40,3,4,2,1,24,77,6
3307567,0,546,0,40,3,2,2,1,10,14,6
3288959,0,546,0,40,2,7,2,1,22,18,6
3290019,0,546,0,40,3,3,2,1,37,36,6
3278251,0,546,0,40,2,7,2,1,42,38,6
3293703,0,546,0,40,2,4,2,1,32,52,6
3304499,0,546,0,40,2,3,2,1,14,69,6
3296099,0,546,0,40,2,6,2,1,19,58,6
3277596,0,546,0,40,3,9,2,1,44,81,6
3294656,0,546,0,40,2,5,2,1,27,44,6
3310547,0,546,0,40,3,1,2,1,8,24,6
3311725,0,546,0,40,3,1,2,1,8,32,6
3312356,0,546,0,40,3,1,2,1,8,59,6
3312752,0,546,0,40,2,1,2,1,8,42,6
3288981,0,546,0,40,3,5,2,1,22,19,6
3286987,0,546,0,40,3,7,2,1,31,38,6
3292465,0,546,0,40,2,4,2,1,30,31,6
3297642,0,546,0,40,3,3,2,1,23,64,6
3308352,0,546,0,40,2,2,2,1,8,34,6
3273043,0,546,0,40,3,10,2,1,60,29,6
3288644,0,546,0,40,2,5,2,1,27,21,6
3269596,0,546,0,40,2,9,2,1,74,21,6
3276532,0,546,0,40,3,7,2,1,45,28,6
3295015,0,546,0,40,3,4,2,1,29,45,6
3286654,0,546,0,40,3,6,2,1,43,62,6
3294480,0,546,0,40,3,4,2,1,26,55,6
3285015,0,546,0,40,2,5,2,1,41,25,6
3280908,0,546,0,40,3,8,2,1,42,51,6
3301109,0,546,0,40,2,3,2,1,23,66,6
3278519,0,546,0,40,3,9,2,1,41,82,6
3308360,0,546,0,40,2,2,2,1,11,18,6
3272041,0,546,0,40,2,12,2,1,64,47,6
3269947,0,546,0,40,3,5,2,1,89,74,6
3293730,0,546,0,40,3,5,2,1,17,34,6
3306390,0,546,0,40,2,3,2,1,13,47,6
3301698,0,546,0,40,2,5,2,1,15,43,6
3260333,0,546,0,40,3,13,2,1,70,47,6
3301785,0,546,0,40,3,4,2,1,13,28,6
3302392,0,546,0,40,3,3,2,1,23,42,6
3289334,0,546,0,40,2,8,2,1,27,39,6
3280860,0,546,0,40,2,7,2,1,48,58,6
3310685,0,546,0,40,3,2,2,1,10,19,6
3311927,0,546,0,40,2,1,2,1,7,26,6
3312111,0,546,0,40,3,1,2,1,7,45,6
3312707,0,546,0,40,3,1,2,1,7,24,6
3312967,0,546,0,40,2,1,2,1,7,92,6
3313087,0,546,0,40,3,1,2,1,7,29,6
3313219,0,546,0,40,2,1,2,1,7,45,6
3313317,0,546,0,40,3,1,2,1,7,55,6
3292511,0,546,0,40,3,5,2,1,24,71,6
3279223,0,546,0,40,2,6,2,1,40,46,6
3290936,0,546,0,40,3,6,2,1,24,63,6
3274293,0,546,0,40,3,9,2,1,59,29,6
3293293,0,546,0,40,2,3,2,1,33,72,6
3305230,0,546,0,40,2,3,2,1,10,51,6
3280682,0,546,0,40,3,4,2,1,56,44,6
3297888,0,546,0,40,3,4,2,1,15,45,6
3277405,0,546,0,40,3,6,2,1,60,69,6
3293232,0,546,0,40,2,5,2,1,25,58,6
3306146,0,546,0,40,3,3,2,1,11,47,6
3302167,0,546,0,40,2,3,2,1,15,42,6
3293274,0,546,0,40,3,4,2,1,22,37,6
3263445,0,546,0,40,3,8,2,1,43,39,6
3301304,0,546,0,40,2,4,2,1,19,32,6
3308761,0,546,0,40,3,2,2,1,10,47,6
3280272,0,546,0,40,2,6,2,1,36,42,6
3276406,0,546,0,40,3,9,2,1,51,21,6
3284853,0,546,0,40,2,8,2,1,28,61,6
3308294,0,546,0,40,2,3,2,1,9,50,6
3276928,0,546,0,40,2,8,2,1,54,30,6
3307228,0,546,0,40,2,2,2,1,14,8,6
3274921,0,546,0,40,3,7,2,1,69,56,6
3282891,0,546,0,40,2,5,2,1,43,61,6
3275157,0,546,0,40,3,8,2,1,57,31,6
3259693,0,546,0,40,3,11,2,1,72,27,6
3281316,0,546,0,40,2,8,2,1,48,67,6
3307317,0,546,0,40,2,3,2,1,10,49,6
3293484,0,546,0,40,3,3,2,1,41,14,6
3297787,0,546,0,40,3,4,2,1,20,50,6
3304074,0,546,0,40,2,3,2,1,17,94,6
3310400,0,546,0,40,2,2,2,1,8,18,6
3292900,0,546,0,40,2,6,2,1,29,47,6
3312131,0,546,0,40,3,1,2,1,6,38,6
3313136,0,546,0,40,3,1,2,1,6,45,6
3313412,0,546,0,40,2,1,2,1,6,52,6
3313572,0,546,0,40,3,1,2,1,6,33,6
3313760,0,546,0,40,3,1,2,1,6,40,6
3313878,0,546,0,40,2,1,2,1,6,23,6
3277859,0,546,0,40,2,8,2,1,33,56,6
3297238,0,546,0,40,3,4,2,1,13,34,6
3279519,0,546,0,40,3,7,2,1,43,32,6
3298318,0,546,0,40,3,4,2,1,12,49,6
3276219,0,546,0,40,3,10,2,1,38,48,6
3273092,0,546,0,40,2,9,2,1,51,83,6
3299659,0,546,0,40,3,3,2,1,15,80,6
3279995,0,546,0,40,2,8,2,1,34,40,6
3289704,0,546,0,40,3,5,2,1,26,49,6
3302771,0,546,0,40,3,3,2,1,13,35,6
3286303,0,546,0,40,3,8,2,1,33,20,6
3300752,0,546,0,40,3,5,2,1,18,15,6
3269583,0,546,0,40,3,11,2,1,67,35,6
3285986,0,546,0,40,3,7,2,1,23,46,6
3280789,0,546,0,40,3,4,2,1,50,28,6
3270008,0,546,0,40,3,7,2,1,76,18,6
3288687,0,546,0,40,3,5,2,1,30,49,6
3300081,0,546,0,40,3,3,2,1,14,19,6
3273871,0,546,0,40,3,9,2,1,52,53,6
3309084,0,546,0,40,2,2,2,1,8,63,6
3297682,0,546,0,40,3,4,2,1,19,67,6
3281655,0,546,0,40,2,7,2,1,36,10,6
3296328,0,546,0,40,3,4,2,1,25,75,6
3302444,0,546,0,40,2,3,2,1,17,28,6
3308633,0,546,0,40,2,2,2,1,9,98,6
3285341,0,546,0,40,2,7,2,1,38,24,6
3309983,0,546,0,40,2,2,2,1,8,57,6
3304352,0,546,0,40,3,4,2,1,13,73,6
3280666,0,546,0,40,2,9,2,1,44,83,6
3310713,0,546,0,40,2,2,2,1,6,43,6
3265825,0,546,0,40,3,7,2,1,47,41,6
3309731,0,546,0,40,3,2,2,1,9,52,6
3310382,0,546,0,40,3,2,2,1,8,52,6
3289200,0,546,0,40,2,5,2,1,29,62,6
3281641,0,546,0,40,2,6,2,1,45,39,6
3267090,0,546,0,40,3,14,2,1,63,44,6
3299941,0,546,0,40,3,4,2,1,17,38,6
3310751,0,546,0,40,2,2,2,1,7,82,6
3309015,0,546,0,40,3,2,2,1,14,44,6
3307444,0,546,0,40,3,3,2,1,11,75,6
3310587,0,546,0,40,3,1,2,1,5,39,6
3313539,0,546,0,40,2,1,2,1,5,15,6
3313831,0,546,0,40,2,1,2,1,5,50,6
3313927,0,546,0,40,3,1,2,1,5,20,6
3314145,0,546,0,40,3,1,2,1,5,69,6
3314269,0,546,0,40,3,1,2,1,5,47,6
3314405,0,546,0,40,2,1,2,1,5,57,6
3314505,0,546,0,40,3,1,2,1,5,32,6
3314537,0,546,0,40,2,1,2,1,5,33,6
3314567,0,546,0,40,2,1,2,1,5,49,6
3281600,0,546,0,40,3,2,2,1,63,60,6
3284074,0,546,0,40,2,4,2,1,46,42,6
3301664,0,546,0,40,3,1,2,1,28,20,6
3273616,0,546,0,40,3,11,2,1,59,25,6
3303637,0,546,0,40,3,1,2,1,25,64,6
3264130,0,546,0,40,3,6,2,1,77,49,6
3277261,0,546,0,40,3,5,2,1,65,30,6
3303760,0,546,0,40,3,1,2,1,23,15,6
3294180,0,546,0,40,3,3,2,1,32,19,6
3290519,0,546,0,40,2,4,2,1,41,26,6
3298859,0,546,0,40,2,3,2,1,26,17,6
3263564,0,546,0,40,3,7,2,1,30,39,6
3267365,0,546,0,40,3,8,2,1,81,37,6
3302903,0,546,0,40,2,2,2,1,21,77,6
3287539,0,546,0,40,2,5,2,1,35,43,6
3306763,0,546,0,40,2,1,2,1,19,45,6
3281798,0,546,0,40,3,6,2,1,45,42,6
3266218,0,546,0,40,3,7,2,1,67,73,6
3265004,0,546,0,40,3,4,2,1,35,47,6
3303324,0,546,0,40,3,2,2,1,20,49,6
3291242,0,546,0,40,3,4,2,1,34,32,6
3299631,0,546,0,40,2,2,2,1,30,42,6
3286237,0,546,0,40,2,6,2,1,36,47,6
3299386,0,546,0,40,3,2,2,1,25,19,6
3278910,2,546,0,40,3,7,2,1,54,29,6
3302746,0,546,0,40,2,2,2,1,20,62,6
3298329,0,546,0,40,2,4,2,1,26,12,6
3263617,0,546,0,40,3,6,2,1,65,28,6
3307145,0,546,0,40,3,1,2,1,17,55,6
3288462,0,546,0,40,2,5,2,1,34,40,6
3295276,0,546,0,40,3,4,2,1,21,33,6
3278689,0,546,0,40,2,8,2,1,49,31,6
3302797,0,546,0,40,2,3,2,1,18,43,6
3300657,0,546,0,40,3,3,2,1,19,26,6
3266036,0,546,0,40,2,12,2,1,67,63,6
3266480,0,546,0,40,3,4,2,1,49,45,6
3283126,0,546,0,40,2,7,2,1,46,32,6
3307782,0,546,0,40,2,1,2,1,14,61,6
3293077,0,546,0,40,2,4,2,1,24,101,6
3295630,0,546,0,40,3,4,2,1,24,35,6
3305144,0,546,0,40,3,3,2,1,15,52,6
3299537,0,546,0,40,3,3,2,1,21,54,6
3290870,0,546,0,40,2,5,2,1,30,36,6
3281906,0,546,0,40,3,9,2,1,42,39,6
3284920,0,546,0,40,2,4,2,1,43,59,6
3287905,0,546,0,40,3,5,2,1,26,50,6
3293314,0,546,0,40,2,4,2,1,25,44,6
3278532,0,546,0,40,3,5,2,1,65,34,6
3301598,0,546,0,40,2,3,2,1,21,31,6
3276315,0,546,0,40,2,6,2,1,54,47,6
3293949,0,546,0,40,3,4,2,1,32,92,6
3288614,0,546,0,40,3,4,2,1,35,25,6
3286313,0,546,0,40,2,4,2,1,42,79,6
3260977,0,546,0,40,3,8,2,1,78,27,6
3305591,0,546,0,40,2,2,2,1,13,31,6
3279735,0,546,0,40,3,7,2,1,53,27,6
3265813,0,546,0,40,2,8,2,1,56,110,6
3305488,0,546,0,40,2,2,2,1,17,68,6
3292124,0,546,0,40,3,4,2,1,29,40,6
3303280,0,546,0,40,2,3,2,1,14,32,6
3295378,0,546,0,40,2,4,2,1,29,26,6
3308962,0,546,0,40,2,1,2,1,11,63,6
3311242,0,546,0,40,3,1,2,1,11,55,6
3311412,0,546,0,40,3,1,2,1,11,12,6
3286560,0,546,0,40,3,4,2,1,41,52,6
3219403,0,546,0,40,2,16,2,1,157,43,6
3305651,0,546,0,40,2,2,2,1,13,40,6
3282900,0,546,0,40,3,6,2,1,42,33,6
3300952,0,546,0,40,2,5,2,1,17,21,6
3275146,0,546,0,40,3,10,2,1,50,37,6
3304312,0,546,0,40,2,3,2,1,15,40,6
3274168,0,546,0,40,2,10,2,1,59,31,6
3306629,0,546,0,40,3,2,2,1,15,50,6
3296776,0,546,0,40,2,5,2,1,21,74,6
3296933,0,546,0,40,2,3,2,1,29,54,6
3263841,0,546,0,40,2,4,2,1,37,45,6
3294968,0,546,0,40,3,4,2,1,30,17,6
3291193,0,546,0,40,2,5,2,1,29,39,6
3309729,0,546,0,40,3,1,2,1,10,48,6
3309968,0,546,0,40,2,1,2,1,10,33,6
3311838,0,546,0,40,2,1,2,1,10,71,6
3271365,0,546,0,40,3,9,2,1,68,50,6
3295339,0,546,0,40,3,5,2,1,21,65,6
3305546,0,546,0,40,2,3,2,1,12,57,6
3287369,1,546,542,33.706,2,4,2,1,41,37,6
3268302,0,546,0,40,2,11,2,1,88,63,6
3308578,0,546,0,40,3,2,2,1,11,25,6
3287715,0,546,0,40,3,6,2,1,26,16,6
3266588,0,546,0,40,2,10,2,1,35,48,6
3297358,0,546,0,40,3,3,2,1,27,67,6
3286938,0,546,0,40,3,6,2,1,37,62,6
3287454,0,546,0,40,3,7,2,1,24,69,6
3291333,1,546,516,25.4813,3,5,2,1,29,58,6
3309059,0,546,0,40,2,2,2,1,12,38,6
3253890,0,546,0,40,2,11,2,1,70,43,6
3302777,0,546,0,40,3,2,2,1,25,16,6
3306786,0,546,0,40,3,2,2,1,12,41,6
3266945,0,546,0,40,3,10,2,1,47,44,6
3266816,0,546,0,40,2,12,2,1,45,60,6
3312502,0,546,0,40,2,1,2,1,9,39,6
3312744,0,546,0,40,2,1,2,1,9,29,6
3312810,0,546,0,40,3,1,2,1,9,17,6
3278851,0,546,0,40,3,7,2,1,48,19,6
3291602,0,546,0,40,3,6,2,1,18,117,6
3299149,0,546,0,40,2,3,2,1,24,51,6
3303283,0,546,0,40,2,2,2,1,19,28,6
3303007,0,546,0,40,3,3,2,1,17,54,6
3292422,0,546,0,40,3,4,2,1,33,54,6
3308627,0,546,0,40,2,2,2,1,9,39,6
3293694,1,546,542,25.7323,3,6,2,1,23,20,6
3289267,0,546,0,40,3,4,2,1,36,30,6
3266245,0,546,0,40,2,13,2,1,83,54,6
3300073,0,546,0,40,3,4,2,1,15,30,6
3294694,0,546,0,40,3,4,2,1,25,34,6
3251832,0,546,0,40,2,15,2,1,72,19,6
3310005,0,546,0,40,3,2,2,1,10,22,6
3289655,0,546,0,40,3,5,2,1,40,46,6
3265204,0,546,0,40,2,4,2,1,45,22,6
3281300,0,546,0,40,3,5,2,1,55,41,6
3290410,0,546,0,40,3,5,2,1,35,26,6
3285995,0,546,0,40,3,7,2,1,36,78,6
3312435,0,546,0,40,3,1,2,1,8,29,6
3312623,0,546,0,40,3,1,2,1,8,29,6
3313115,0,546,0,40,3,1,2,1,8,45,6
3313211,0,546,0,40,2,1,2,1,8,56,6
3295879,0,546,0,40,2,3,2,1,19,17,6
3296647,0,546,0,40,2,4,2,1,15,140,6
3267537,0,546,0,40,3,13,2,1,74,31,6
3274734,0,546,0,40,2,7,2,1,54,105,6
3273713,0,546,0,40,3,6,2,1,64,65,6
3262036,0,546,0,40,3,5,2,1,47,19,6
3284590,0,546,0,40,3,4,2,1,48,18,6
3306875,0,546,0,40,3,3,2,1,11,35,6
3281108,0,546,0,40,2,7,2,1,39,51,6
3309559,0,546,0,40,2,2,2,1,8,43,6
3304622,0,546,0,40,3,2,2,1,20,46,6
3294973,0,546,0,40,2,3,2,1,29,69,6
3273128,0,546,0,40,3,10,2,1,58,29,6
3267198,0,546,0,40,2,8,2,1,51,56,6
3267466,0,546,0,40,3,11,2,1,61,29,6
3310346,0,546,0,40,3,2,2,1,9,22,6
3310220,0,546,0,40,3,2,2,1,8,14,6
3307128,0,546,0,40,2,2,2,1,16,39,6
3253575,0,546,0,40,2,13,2,1,81,69,6
3299276,0,546,0,40,3,4,2,1,20,37,6
3290423,0,546,0,40,2,6,2,1,30,105,6
3311373,0,546,0,40,3,1,2,1,7,59,6
3311811,0,546,0,40,3,1,2,1,7,64,6
3312633,0,546,0,40,3,1,2,1,7,54,6
3313188,0,546,0,40,2,1,2,1,7,56,6
3313554,0,546,0,40,3,1,2,1,7,46,6
3313834,0,546,0,40,2,1,2,1,7,64,6
3290308,0,546,0,40,2,6,2,1,23,46,6
3216237,0,546,0,40,3,25,2,1,120,45,6
3288611,0,546,0,40,3,5,2,1,25,67,6
3303038,0,546,0,40,3,2,2,1,17,16,6
3292627,0,546,0,40,3,4,2,1,31,38,6
3297016,0,546,0,40,3,3,2,1,26,93,6
3304699,0,546,0,40,3,3,2,1,11,72,6
3275265,0,546,0,40,3,10,2,1,53,69,6
3302351,0,546,0,40,2,3,2,1,16,22,6
3304477,0,546,0,40,3,2,2,1,15,93,6
3295610,0,546,0,40,2,5,2,1,23,36,6
3296103,0,546,0,40,3,4,2,1,26,45,6
3263556,0,546,0,40,3,8,2,1,51,98,6
3293823,0,546,0,40,2,5,2,1,29,36,6
3286400,0,546,0,40,2,4,2,1,44,24,6
3291824,0,546,0,40,2,8,2,1,24,16,6
3303504,0,546,0,40,3,4,2,1,12,88,6
3308230,1,546,542,25.5705,3,2,2,1,13,30,6
3311626,0,546,0,40,2,2,2,1,8,64,6
3306253,0,546,0,40,3,3,2,1,15,10,6
3279238,0,546,0,40,3,10,2,1,38,38,6
3310448,0,546,0,40,2,2,2,1,8,65,6
3280785,0,546,0,40,3,7,2,1,50,22,6
3286476,0,546,0,40,3,6,2,1,36,56,6
3310715,0,546,0,40,3,1,2,1,6,68,6
3313026,0,546,0,40,2,1,2,1,6,62,6
3313346,0,546,0,40,2,1,2,1,6,42,6
3313719,0,546,0,40,3,1,2,1,6,53,6
3314057,0,546,0,40,2,1,2,1,6,42,6
3314469,0,546,0,40,3,1,2,1,6,39,6
3314521,0,546,0,40,3,1,2,1,6,45,6
3298498,0,546,0,40,2,3,2,1,20,28,6
3303487,0,546,0,40,3,3,2,1,9,18,6
3261420,0,546,0,40,2,12,2,1,59,50,6
3274258,0,546,0,40,2,8,2,1,52,38,6
3280027,0,546,0,40,3,5,2,1,51,33,6
3305531,0,546,0,40,2,3,2,1,10,28,6
3278122,0,546,0,40,2,6,2,1,58,50,6
3290585,0,546,0,40,3,5,2,1,21,65,6
3291391,0,546,0,40,3,4,2,1,28,33,6
3265700,0,546,0,40,2,8,2,1,50,34,6
3306865,0,546,0,40,2,3,2,1,8,38,6
3301372,0,546,0,40,2,2,2,1,24,79,6
3289216,0,546,0,40,3,3,2,1,37,17,6
3285029,0,546,0,40,3,7,2,1,27,41,6
3302898,0,546,0,40,3,3,2,1,10,49,6
3299847,0,546,0,40,2,4,2,1,20,65,6
3296619,0,546,0,40,2,6,2,1,17,58,6
3283818,0,546,0,40,2,9,2,1,30,38,6
3287084,0,546,0,40,2,7,2,1,24,80,6
3309600,0,546,0,40,3,2,2,1,10,20,6
3270801,0,546,0,40,3,9,2,1,72,51,6
3311356,0,546,0,40,2,2,2,1,7,48,6
3287924,0,546,0,40,2,4,2,1,45,46,6
3294465,0,546,0,40,3,4,2,1,29,56,6
3301740,0,546,0,40,2,3,2,1,18,42,6
3301384,0,546,0,40,2,3,2,1,22,31,6
3289791,0,546,0,40,2,6,2,1,31,88,6
3310290,0,546,0,40,2,2,2,1,9,28,6
3310569,0,546,0,40,3,2,2,1,8,53,6
3278325,0,546,0,40,3,10,2,1,40,55,6
3306523,0,546,0,40,3,2,2,1,17,25,6
3286447,0,546,0,40,2,4,2,1,48,57,6
3272396,0,546,0,40,3,10,2,1,56,77,6
3286281,0,546,0,40,3,7,2,1,36,31,6
3312582,0,546,0,40,2,2,2,1,7,25,6
3282692,0,546,0,40,2,10,2,1,40,33,6
3267803,0,546,0,40,3,8,2,1,51,55,6
3303464,0,546,0,40,3,4,2,1,14,54,6
3313637,0,546,0,40,2,1,2,1,5,28,6
3313989,0,546,0,40,3,1,2,1,5,38,6
3314236,0,546,0,40,3,1,2,1,5,37,6
3314344,0,546,0,40,3,1,2,1,5,35,6
3314766,0,546,0,40,2,1,2,1,5,23,6
3314888,0,546,0,40,2,1,2,1,5,51,6
3315184,0,546,0,40,2,1,2,1,5,48,6
3315214,0,546,0,40,3,1,2,1,5,30,6
3286063,0,546,0,40,2,3,2,1,50,28,6
3286384,0,546,0,40,3,4,2,1,51,35,6
3288392,0,546,0,40,2,5,2,1,41,62,6
3293788,0,546,0,40,2,2,2,1,33,50,6
3295266,0,546,0,40,2,3,2,1,34,36,6
3279438,0,546,0,40,3,6,2,1,47,22,6
3296112,0,546,0,40,3,3,2,1,27,41,6
3278714,0,546,0,40,2,6,2,1,50,23,6
3258898,0,546,0,40,3,12,2,1,44,67,6
3307015,0,546,0,40,3,1,2,1,17,28,6
3308256,0,546,0,40,3,1,2,1,17,65,6
3298231,0,546,0,40,3,3,2,1,23,105,6
3287992,0,546,0,40,3,7,2,1,37,33,6
3306866,0,546,0,40,2,1,2,1,16,47,6
3285258,0,546,0,40,2,6,2,1,39,26,6
3303578,0,546,0,40,2,2,2,1,21,18,6
3283925,0,546,0,40,2,6,2,1,44,38,6
3309844,0,546,0,40,2,1,2,1,15,36,6
3310437,0,546,0,40,2,1,2,1,14,48,6
3308084,0,546,0,40,3,2,2,1,16,28,6
3304259,0,546,0,40,3,2,2,1,16,86,6
3279328,0,546,0,40,3,7,2,1,54,28,6
3284146,0,546,0,40,2,8,2,1,35,94,6
3284049,0,546,0,40,2,6,2,1,44,50,6
3303946,0,546,0,40,3,3,2,1,20,28,6
3311244,0,546,0,40,3,1,2,1,12,58,6
3311698,0,546,0,40,2,1,2,1,12,26,6
3287445,0,546,0,40,2,6,2,1,26,51,6
3281067,0,546,0,40,3,7,2,1,38,51,6
3271201,0,546,0,40,3,9,2,1,63,22,6
3294523,0,546,0,40,2,6,2,1,24,46,6
3301599,0,546,0,40,3,3,2,1,16,24,6
3311655,0,546,0,40,3,1,2,1,11,77,6
3311890,0,546,0,40,2,1,2,1,11,15,6
3275247,0,546,0,40,2,9,2,1,57,40,6
3282080,0,546,0,40,3,5,2,1,54,52,6
3306724,0,546,0,40,2,2,2,1,13,27,6
3305837,0,546,0,40,2,2,2,1,15,75,6
3301543,0,546,0,40,3,3,2,1,14,62,6
3306416,0,546,0,40,3,2,2,1,16,41,6
3296968,0,546,0,40,2,3,2,1,27,66,6
3289436,0,546,0,40,2,6,2,1,30,30,6
3302829,0,546,0,40,3,2,2,1,16,29,6
3302017,0,546,0,40,2,3,2,1,19,69,6
3293089,0,546,0,40,3,4,2,1,35,21,6
3288084,0,546,0,40,3,4,2,1,43,23,6
3264901,0,546,0,40,3,11,2,1,76,48,6
3266590,0,546,0,40,3,6,2,1,67,78,6
3263061,0,546,0,40,2,7,2,1,64,38,6
3261245,0,546,0,40,3,11,2,1,52,69,6
3278615,0,546,0,40,3,8,2,1,48,34,6
3278510,0,546,0,40,3,10,2,1,46,53,6
3311173,0,546,0,40,2,1,2,1,9,55,6
3300604,0,546,0,40,3,2,2,1,20,54,6
3306436,0,546,0,40,2,2,2,1,11,30,6
3294843,0,546,0,40,2,5,2,1,19,31,6
3306715,0,546,0,40,3,2,2,1,13,52,6
3267387,0,546,0,40,2,5,2,1,25,61,6
3287961,0,546,0,40,2,4,2,1,40,34,6
3306743,0,546,0,40,3,2,2,1,14,50,6
3304797,0,546,0,40,3,3,2,1,11,23,6
3249424,0,546,0,40,2,11,2,1,89,17,6
3310282,0,546,0,40,2,2,2,1,9,40,6
3289054,0,546,0,40,2,5,2,1,32,31,6
3309380,0,546,0,40,3,2,2,1,13,36,6
3287128,0,546,0,40,2,6,2,1,42,41,6
3313716,0,546,0,40,3,1,2,1,8,50,6
3297512,0,546,0,40,2,4,2,1,20,98,6
3296710,0,546,0,40,3,3,2,1,24,54,6
3289335,0,546,0,40,3,6,2,1,26,30,6
3298012,0,546,0,40,3,4,2,1,24,37,6
3290831,0,546,0,40,2,5,2,1,36,23,6
3294060,0,546,0,40,2,5,2,1,24,69,6
3270964,0,546,0,40,2,11,2,1,60,53,6
3301001,0,546,0,40,3,3,2,1,25,48,6
3309159,0,546,0,40,3,2,2,1,14,42,6
3270333,0,546,0,40,2,10,2,1,67,22,6
3309248,0,546,0,40,3,3,2,1,10,13,6
3264786,0,546,0,40,2,9,2,1,46,30,6
3314349,0,546,0,40,3,1,2,1,7,67,6
3288149,0,546,0,40,2,5,2,1,36,29,6
3309432,0,546,0,40,2,2,2,1,8,46,6
3264803,0,546,0,40,2,8,2,1,70,76,6
3262838,0,546,0,40,2,11,2,1,45,60,6
3311812,0,546,0,40,3,2,2,1,7,82,6
3307273,0,546,0,40,3,3,2,1,12,41,6
3272455,0,546,0,40,2,12,2,1,59,25,6
3304419,0,546,0,40,3,4,2,1,19,51,6
3261738,0,546,0,40,3,11,2,1,53,24,6
3311501,0,546,0,40,3,1,2,1,6,39,6
3314704,0,546,0,40,3,1,2,1,6,64,6
3314802,0,546,0,40,2,1,2,1,6,46,6
3315122,0,546,0,40,2,1,2,1,6,16,6
3299621,0,546,0,40,2,3,2,1,13,49,6
3264382,0,546,0,40,3,4,2,1,81,41,6
3299700,0,546,0,40,3,4,2,1,22,43,6
3307346,0,546,0,40,3,3,2,1,10,50,6
3292213,0,546,0,40,2,5,2,1,25,45,6
3295791,0,546,0,40,2,5,2,1,21,28,6
3312602,0,546,0,40,2,2,2,1,6,42,6
3271318,0,546,0,40,3,12,2,1,57,54,6
3309178,0,546,0,40,2,2,2,1,10,69,6
3311390,0,546,0,40,3,2,2,1,9,36,6
3305113,0,546,0,40,2,3,2,1,13,64,6
3292385,0,546,0,40,3,6,2,1,28,54,6
3272593,0,546,0,40,2,9,2,1,63,40,6
3301862,0,546,0,40,2,4,2,1,18,62,6
3313126,0,546,0,40,2,1,2,1,5,49,6
3313961,0,546,0,40,3,1,2,1,5,43,6
3315279,1,546,543,28.316,2,1,2,1,5,46,6
3315501,0,546,0,40,2,1,2,1,5,74,6
3294056,0,546,0,40,2,3,2,1,33,23,6
3279963,0,546,0,40,3,6,2,1,44,42,6
3274520,0,546,0,40,3,8,2,1,64,26,6
3308684,0,546,0,40,3,2,2,1,16,28,6
3310098,0,546,0,40,2,1,2,1,14,38,6
3302378,0,546,0,40,3,4,2,1,21,30,6
3297657,0,546,0,40,3,4,2,1,25,85,6
3311954,0,546,0,40,2,1,2,1,12,21,6
3306369,0,546,0,40,2,2,2,1,16,11,6
3308109,0,546,0,40,2,2,2,1,11,55,6
3313752,0,546,0,40,3,1,2,1,9,43,6
3300888,0,546,0,40,2,3,2,1,23,56,6
3298280,0,546,0,40,3,4,2,1,30,70,6
3284545,1,546,512,36.8657,2,6,2,1,34,25,6
3311819,0,546,0,40,3,1,2,1,7,38,6
3313318,0,546,0,40,3,1,2,1,7,54,6
3306035,0,546,0,40,2,2,2,1,10,33,6
3293724,0,546,0,40,2,5,2,1,27,49,6
3282170,0,546,0,40,2,7,2,1,46,45,6
3295496,0,546,0,40,2,3,2,1,26,17,6
3285439,0,546,0,40,2,7,2,1,20,48,6
3303065,0,546,0,40,3,2,2,1,24,53,6
3267551,0,546,0,40,2,15,2,1,73,41,6
3313937,0,546,0,40,2,1,2,1,5,60,6
3312219,0,546,0,40,3,0,2,1,4,27,6
3312501,0,546,0,40,3,0,2,1,4,29,6
3312886,0,546,0,40,3,0,2,1,4,23,6
3313014,0,546,0,40,3,0,2,1,4,99,6
3313142,0,546,0,40,3,0,2,1,4,78,6
3313270,0,546,0,40,2,0,2,1,4,55,6
3313342,0,546,0,40,2,0,2,1,4,45,6
3313537,0,546,0,40,3,0,2,1,4,57,6
3313665,0,546,0,40,2,0,2,1,4,52,6
3313793,0,546,0,40,2,0,2,1,4,81,6
3313889,0,546,0,40,3,0,2,1,4,83,6
3314017,0,546,0,40,2,0,2,1,4,30,6
3314062,0,546,0,40,3,0,2,1,4,21,6
3314094,0,546,0,40,3,0,2,1,4,49,6
3314126,0,546,0,40,3,0,2,1,4,33,6
3314158,0,546,0,40,3,0,2,1,4,27,6
3314190,0,546,0,40,2,0,2,1,4,43,6
3314222,0,546,0,40,3,0,2,1,4,25,6
3314314,0,546,0,40,3,0,2,1,4,110,6
3314378,0,546,0,40,3,0,2,1,4,56,6
3314410,0,546,0,40,2,0,2,1,4,69,6
3314442,0,546,0,40,2,0,2,1,4,64,6
3314474,0,546,0,40,2,0,2,1,4,55,6
3314570,0,546,0,40,2,0,2,1,4,15,6
3314602,0,546,0,40,2,0,2,1,4,30,6
3314631,0,546,0,40,2,0,2,1,4,63,6
3314647,0,546,0,40,2,0,2,1,4,30,6
3314679,0,546,0,40,2,0,2,1,4,51,6
3314695,0,546,0,40,2,0,2,1,4,29,6
3314711,0,546,0,40,2,0,2,1,4,26,6
3314759,0,546,0,40,2,0,2,1,4,65,6
3314775,0,546,0,40,2,0,2,1,4,58,6
3314807,0,546,0,40,3,0,2,1,4,29,6
3314823,0,546,0,40,2,0,2,1,4,92,6
3314855,0,546,0,40,2,0,2,1,4,34,6
3314887,0,546,0,40,2,0,2,1,4,23,6
3314903,0,546,0,40,2,0,2,1,4,40,6
3314919,0,546,0,40,2,0,2,1,4,47,6
3314935,0,546,0,40,3,0,2,1,4,41,6
3314951,0,546,0,40,3,0,2,1,4,23,6
3314967,0,546,0,40,2,0,2,1,4,50,6
3314999,0,546,0,40,2,0,2,1,4,30,6
3315015,0,546,0,40,2,0,2,1,4,63,6
3315031,0,546,0,40,2,0,2,1,4,47,6
3315047,0,546,0,40,3,0,2,1,4,128,6
3315063,0,546,0,40,2,0,2,1,4,60,6
3315079,0,546,0,40,3,0,2,1,4,35,6
3315095,0,546,0,40,2,0,2,1,4,10,6
3315111,0,546,0,40,2,0,2,1,4,39,6
3315143,0,546,0,40,3,0,2,1,4,54,6
3315191,0,546,0,40,3,0,2,1,4,42,6
3315207,0,546,0,40,2,0,2,1,4,46,6
3315223,0,546,0,40,3,0,2,1,4,76,6
3315239,0,546,0,40,3,0,2,1,4,32,6
3315258,0,546,0,40,2,0,2,1,4,55,6
3315274,0,546,0,40,2,0,2,1,4,53,6
3315282,0,546,0,40,2,0,2,1,4,75,6
3315290,0,546,0,40,2,0,2,1,4,57,6
3315298,0,546,0,40,3,0,2,1,4,37,6
3315314,0,546,0,40,3,0,2,1,4,89,6
3315322,0,546,0,40,3,0,2,1,4,47,6
3315330,0,546,0,40,3,0,2,1,4,66,6
3315346,0,546,0,40,2,0,2,1,4,52,6
3315370,0,546,0,40,2,0,2,1,4,21,6
3315378,0,546,0,40,2,0,2,1,4,67,6
3315394,0,546,0,40,3,0,2,1,4,47,6
3315410,0,546,0,40,2,0,2,1,4,29,6
3315428,0,546,0,40,2,0,2,1,4,33,6
3315436,0,546,0,40,3,0,2,1,4,41,6
3315448,0,546,0,40,3,0,2,1,4,80,6
3315480,0,546,0,40,3,0,2,1,4,56,6
3315488,0,546,0,40,3,0,2,1,4,42,6
3315496,0,546,0,40,3,0,2,1,4,41,6
3315512,0,546,0,40,2,0,2,1,4,53,6
3315528,0,546,0,40,3,0,2,1,4,53,6
3315536,0,546,0,40,3,0,2,1,4,83,6
3315544,0,546,0,40,2,0,2,1,4,44,6
3315568,0,546,0,40,3,0,2,1,4,17,6
3315576,0,546,0,40,2,0,2,1,4,55,6
3315584,0,546,0,40,2,0,2,1,4,36,6
3315600,0,546,0,40,3,0,2,1,4,66,6
3315608,0,546,0,40,3,0,2,1,4,13,6
3315616,0,546,0,40,3,0,2,1,4,19,6
3315624,0,546,0,40,3,0,2,1,4,70,6
3315632,0,546,0,40,2,0,2,1,4,109,6
3315640,0,546,0,40,3,0,2,1,4,55,6
3315648,0,546,0,40,3,0,2,1,4,54,6
3315656,0,546,0,40,3,0,2,1,4,22,6
3315672,0,546,0,40,3,0,2,1,4,52,6
3315680,0,546,0,40,3,0,2,1,4,57,6
3315704,0,546,0,40,3,0,2,1,4,69,6
3315712,0,546,0,40,2,0,2,1,4,73,6
3315720,0,546,0,40,2,0,2,1,4,52,6
3315728,0,546,0,40,3,0,2,1,4,46,6
3315744,0,546,0,40,2,0,2,1,4,56,6
3315751,0,546,0,40,3,0,2,1,4,29,6
3315763,0,546,0,40,2,0,2,1,4,25,6
3315767,0,546,0,40,3,0,2,1,4,55,6
3315771,0,546,0,40,2,0,2,1,4,34,6
3315775,0,546,0,40,3,0,2,1,4,45,6
3315779,0,546,0,40,3,0,2,1,4,49,6
3315795,0,546,0,40,3,0,2,1,4,51,6
3315803,0,546,0,40,3,0,2,1,4,31,6
3315807,0,546,0,40,2,0,2,1,4,49,6
3315811,0,546,0,40,2,0,2,1,4,41,6
3315819,0,546,0,40,3,0,2,1,4,28,6
3315827,0,546,0,40,3,0,2,1,4,71,6
3315831,0,546,0,40,3,0,2,1,4,19,6
3315835,0,546,0,40,2,0,2,1,4,61,6
3315839,0,546,0,40,2,0,2,1,4,35,6
3315843,0,546,0,40,3,0,2,1,4,65,6
3315855,0,546,0,40,2,0,2,1,4,34,6
3315863,0,546,0,40,3,0,2,1,4,47,6
3315867,0,546,0,40,2,0,2,1,4,35,6
3315871,0,546,0,40,3,0,2,1,4,40,6
3315875,0,546,0,40,3,0,2,1,4,19,6
3315883,0,546,0,40,3,0,2,1,4,43,6
3315887,0,546,0,40,2,0,2,1,4,20,6
3315891,0,546,0,40,3,0,2,1,4,51,6
3315895,0,546,0,40,2,0,2,1,4,51,6
3315899,0,546,0,40,2,0,2,1,4,34,6
3315903,0,546,0,40,3,0,2,1,4,24,6
3315907,0,546,0,40,2,0,2,1,4,25,6
3315911,0,546,0,40,3,0,2,1,4,54,6
3315915,0,546,0,40,3,0,2,1,4,18,6
3315923,0,546,0,40,3,0,2,1,4,60,6
3315927,0,546,0,40,3,0,2,1,4,72,6
3315935,0,546,0,40,2,0,2,1,4,16,6
3315939,0,546,0,40,3,0,2,1,4,21,6
3315947,0,546,0,40,2,0,2,1,4,17,6
3315955,0,546,0,40,3,0,2,1,4,71,6
3315963,0,546,0,40,2,0,2,1,4,86,6
3315971,0,546,0,40,3,0,2,1,4,62,6
3315975,0,546,0,40,3,0,2,1,4,60,6
3315979,0,546,0,40,3,0,2,1,4,34,6
3315983,0,546,0,40,2,0,2,1,4,53,6
3315987,0,546,0,40,3,0,2,1,4,36,6
3315991,0,546,0,40,2,0,2,1,4,27,6
3315995,0,546,0,40,3,0,2,1,4,54,6
3316003,0,546,0,40,3,0,2,1,4,40,6
3316007,0,546,0,40,2,0,2,1,4,46,6
3316015,0,546,0,40,2,0,2,1,4,61,6
3316019,0,546,0,40,2,0,2,1,4,57,6
3316023,0,546,0,40,3,0,2,1,4,84,6
3316027,0,546,0,40,2,0,2,1,4,50,6
3316035,0,546,0,40,2,0,2,1,4,34,6
3316047,0,546,0,40,3,0,2,1,4,67,6
3316051,0,546,0,40,2,0,2,1,4,56,6
3316055,0,546,0,40,3,0,2,1,4,64,6
3316059,0,546,0,40,3,0,2,1,4,43,6
3316063,0,546,0,40,2,0,2,1,4,46,6
3316067,0,546,0,40,2,0,2,1,4,10,6
3316071,0,546,0,40,2,0,2,1,4,22,6
3316075,0,546,0,40,2,0,2,1,4,24,6
3316083,0,546,0,40,3,0,2,1,4,50,6
3316087,0,546,0,40,3,0,2,1,4,77,6
3316099,0,546,0,40,3,0,2,1,4,74,6
3316103,0,546,0,40,3,0,2,1,4,33,6
3316107,0,546,0,40,3,0,2,1,4,45,6
3316119,0,546,0,40,2,0,2,1,4,12,6
3316127,0,546,0,40,3,0,2,1,4,66,6
3316131,0,546,0,40,3,0,2,1,4,45,6
3316135,0,546,0,40,2,0,2,1,4,37,6
3316143,0,546,0,40,2,0,2,1,4,52,6
3316147,0,546,0,40,3,0,2,1,4,48,6
3316159,0,546,0,40,2,0,2,1,4,34,6
3316163,0,546,0,40,3,0,2,1,4,42,6
3316167,0,546,0,40,2,0,2,1,4,78,6
3316171,0,546,0,40,2,0,2,1,4,39,6
3316187,0,546,0,40,2,0,2,1,4,38,6
3316191,0,546,0,40,3,0,2,1,4,46,6
3316195,0,546,0,40,3,0,2,1,4,43,6
3316199,0,546,0,40,3,0,2,1,4,42,6
3316211,0,546,0,40,3,0,2,1,4,21,6
3316215,0,546,0,40,3,0,2,1,4,62,6
3316219,0,546,0,40,3,0,2,1,4,44,6
3316223,0,546,0,40,2,0,2,1,4,34,6
3316227,0,546,0,40,2,0,2,1,4,76,6
3316235,0,546,0,40,2,0,2,1,4,55,6
3316239,0,546,0,40,2,0,2,1,4,42,6
3316243,0,546,0,40,3,0,2,1,4,47,6
3316247,0,546,0,40,2,0,2,1,4,62,6
3316255,0,546,0,40,2,0,2,1,4,60,6
3316263,0,546,0,40,2,0,2,1,4,14,6
3316267,0,546,0,40,2,0,2,1,4,36,6
3316271,0,546,0,40,2,0,2,1,4,43,6
3316275,0,546,0,40,2,0,2,1,4,51,6
3316283,0,546,0,40,2,0,2,1,4,65,6
3316291,0,546,0,40,2,0,2,1,4,30,6
3316295,0,546,0,40,3,0,2,1,4,72,6
3316311,0,546,0,40,3,0,2,1,4,66,6
3316315,0,546,0,40,3,0,2,1,4,44,6
3316319,0,546,0,40,3,0,2,1,4,20,6
3316323,0,546,0,40,2,0,2,1,4,59,6
3316327,0,546,0,40,3,0,2,1,4,12,6
3316333,0,546,0,40,2,0,2,1,4,19,6
3316337,0,546,0,40,3,0,2,1,4,44,6
3316339,0,546,0,40,3,0,2,1,4,69,6
3316345,0,546,0,40,2,0,2,1,4,45,6
3316347,0,546,0,40,3,0,2,1,4,67,6
3316349,0,546,0,40,3,0,2,1,4,40,6
3316351,0,546,0,40,2,0,2,1,4,39,6
3316353,0,546,0,40,3,0,2,1,4,57,6
3316361,0,546,0,40,2,0,2,1,4,48,6
3316363,0,546,0,40,2,0,2,1,4,27,6
3316365,0,546,0,40,2,0,2,1,4,63,6
3316367,0,546,0,40,2,0,2,1,4,50,6
3316373,0,546,0,40,3,0,2,1,4,42,6
3316379,0,546,0,40,2,0,2,1,4,12,6
3316381,0,546,0,40,3,0,2,1,4,48,6
3316383,0,546,0,40,2,0,2,1,4,7,6
3316385,0,546,0,40,3,0,2,1,4,49,6
3316387,0,546,0,40,3,0,2,1,4,49,6
3316389,0,546,0,40,2,0,2,1,4,37,6
3316391,0,546,0,40,2,0,2,1,4,29,6
3316393,0,546,0,40,2,0,2,1,4,29,6
3316395,0,546,0,40,3,0,2,1,4,12,6
3316397,0,546,0,40,2,0,2,1,4,27,6
3316399,0,546,0,40,3,0,2,1,4,37,6
3316403,0,546,0,40,2,0,2,1,4,36,6
3316405,0,546,0,40,2,0,2,1,4,86,6
3316407,0,546,0,40,3,0,2,1,4,29,6
3316409,0,546,0,40,3,0,2,1,4,68,6
3316411,0,546,0,40,2,0,2,1,4,39,6
3316413,0,546,0,40,2,0,2,1,4,57,6
3316417,0,546,0,40,3,0,2,1,4,59,6
3316425,0,546,0,40,3,0,2,1,4,58,6
3316427,0,546,0,40,3,0,2,1,4,18,6
3316429,0,546,0,40,3,0,2,1,4,50,6
3316431,0,546,0,40,3,0,2,1,4,27,6
3316435,0,546,0,40,3,0,2,1,4,15,6
3316437,0,546,0,40,3,0,2,1,4,45,6
3316441,0,546,0,40,2,0,2,1,4,27,6
3316445,0,546,0,40,2,0,2,1,4,36,6
3316447,0,546,0,40,2,0,2,1,4,38,6
3316449,0,546,0,40,2,0,2,1,4,33,6
3316455,0,546,0,40,2,0,2,1,4,23,6
3316457,0,546,0,40,3,0,2,1,4,24,6
3316461,0,546,0,40,2,0,2,1,4,66,6
3316465,0,546,0,40,2,0,2,1,4,62,6
3316467,0,546,0,40,2,0,2,1,4,42,6
3316469,0,546,0,40,3,0,2,1,4,27,6
3316471,0,546,0,40,2,0,2,1,4,101,6
3316473,0,546,0,40,3,0,2,1,4,41,6
3316475,0,546,0,40,2,0,2,1,4,95,6
3316481,0,546,0,40,3,0,2,1,4,36,6
3316485,0,546,0,40,3,0,2,1,4,33,6
3316487,0,546,0,40,2,0,2,1,4,31,6
3316491,0,546,0,40,3,0,2,1,4,68,6
3316493,0,546,0,40,2,0,2,1,4,73,6
3316495,0,546,0,40,2,0,2,1,4,17,6
3316499,0,546,0,40,3,0,2,1,4,23,6
3316503,0,546,0,40,2,0,2,1,4,10,6
3316505,0,546,0,40,2,0,2,1,4,42,6
3316509,0,546,0,40,2,0,2,1,4,42,6
3316513,0,546,0,40,3,0,2,1,4,81,6
3316517,0,546,0,40,3,0,2,1,4,12,6
3316519,0,546,0,40,3,0,2,1,4,90,6
3316521,0,546,0,40,3,0,2,1,4,84,6
3316523,0,546,0,40,3,0,2,1,4,51,6
3316527,0,546,0,40,2,0,2,1,4,44,6
3316529,0,546,0,40,3,0,2,1,4,33,6
3316533,0,546,0,40,3,0,2,1,4,23,6
3316535,0,546,0,40,2,0,2,1,4,28,6
3316537,0,546,0,40,3,0,2,1,4,14,6
3316539,0,546,0,40,3,0,2,1,4,40,6
3316541,0,546,0,40,3,0,2,1,4,16,6
3316543,0,546,0,40,3,0,2,1,4,29,6
3316545,0,546,0,40,2,0,2,1,4,80,6
3316547,0,546,0,40,2,0,2,1,4,47,6
3316549,0,546,0,40,3,0,2,1,4,20,6
3316551,0,546,0,40,3,0,2,1,4,55,6
3316553,0,546,0,40,3,0,2,1,4,65,6
3316557,0,546,0,40,2,0,2,1,4,25,6
3316559,0,546,0,40,2,0,2,1,4,64,6
3316561,0,546,0,40,2,0,2,1,4,29,6
3316563,0,546,0,40,2,0,2,1,4,28,6
3316565,0,546,0,40,2,0,2,1,4,54,6
3316567,0,546,0,40,2,0,2,1,4,50,6
3316569,0,546,0,40,2,0,2,1,4,37,6
3316571,0,546,0,40,2,0,2,1,4,38,6
3316577,0,546,0,40,2,0,2,1,4,25,6
3316579,0,546,0,40,2,0,2,1,4,42,6
3316581,0,546,0,40,2,0,2,1,4,68,6
3316583,0,546,0,40,2,0,2,1,4,45,6
3316587,0,546,0,40,2,0,2,1,4,69,6
3316589,0,546,0,40,3,0,2,1,4,33,6
3316595,0,546,0,40,3,0,2,1,4,32,6
3316599,0,546,0,40,3,0,2,1,4,43,6
3316601,0,546,0,40,3,0,2,1,4,53,6
3316605,0,546,0,40,2,0,2,1,4,64,6
3316609,0,546,0,40,3,0,2,1,4,50,6
3316611,0,546,0,40,2,0,2,1,4,56,6
3316613,0,546,0,40,3,0,2,1,4,39,6
3316615,0,546,0,40,2,0,2,1,4,25,6
3316617,0,546,0,40,2,0,2,1,4,112,6
3316619,0,546,0,40,2,0,2,1,4,25,6
3316621,0,546,0,40,3,0,2,1,4,50,6
3316623,0,546,0,40,3,0,2,1,4,28,6
3316627,0,546,0,40,2,0,2,1,4,123,6
3316633,0,546,0,40,3,0,2,1,4,56,6
3316637,0,546,0,40,2,0,2,1,4,35,6
3316641,0,546,0,40,3,0,2,1,4,28,6
3316643,0,546,0,40,3,0,2,1,4,75,6
3316645,0,546,0,40,3,0,2,1,4,14,6
3316649,0,546,0,40,3,0,2,1,4,41,6
3316651,0,546,0,40,2,0,2,1,4,41,6
3316657,0,546,0,40,3,0,2,1,4,39,6
3316661,0,546,0,40,2,0,2,1,4,66,6
3316663,0,546,0,40,3,0,2,1,4,22,6
3316667,0,546,0,40,3,0,2,1,4,26,6
3316669,0,546,0,40,3,0,2,1,4,28,6
3316673,0,546,0,40,3,0,2,1,4,68,6
3316675,0,546,0,40,2,0,2,1,4,49,6
3316677,0,546,0,40,3,0,2,1,4,50,6
3316681,0,546,0,40,2,0,2,1,4,65,6
3316685,0,546,0,40,2,0,2,1,4,24,6
3316689,0,546,0,40,2,0,2,1,4,16,6
3316691,0,546,0,40,2,0,2,1,4,68,6
3316693,0,546,0,40,2,0,2,1,4,48,6
3316695,0,546,0,40,3,0,2,1,4,27,6
3316699,0,546,0,40,2,0,2,1,4,42,6
3316703,0,546,0,40,2,0,2,1,4,29,6
3316707,0,546,0,40,3,0,2,1,4,59,6
3316709,0,546,0,40,3,0,2,1,4,85,6
3316711,0,546,0,40,2,0,2,1,4,35,6
3316715,0,546,0,40,2,0,2,1,4,30,6
3316719,0,546,0,40,3,0,2,1,4,16,6
3316727,0,546,0,40,2,0,2,1,4,20,6
3316731,0,546,0,40,3,0,2,1,4,53,6
3316733,0,546,0,40,2,0,2,1,4,43,6
3316737,2,546,0,40,3,0,2,1,4,38,6
3316739,0,546,0,40,3,0,2,1,4,55,6
3316741,0,546,0,40,2,0,2,1,4,60,6
3316743,0,546,0,40,3,0,2,1,4,22,6
3316747,0,546,0,40,2,0,2,1,4,57,6
3316749,0,546,0,40,3,0,2,1,4,37,6
3316751,0,546,0,40,3,0,2,1,4,65,6
3316753,0,546,0,40,3,0,2,1,4,34,6
3316755,0,546,0,40,3,0,2,1,4,33,6
3316757,0,546,0,40,2,0,2,1,4,44,6
3316763,0,546,0,40,3,0,2,1,4,14,6
3316765,0,546,0,40,3,0,2,1,4,32,6
3316767,0,546,0,40,2,0,2,1,4,37,6
3316769,0,546,0,40,3,0,2,1,4,17,6
3316775,0,546,0,40,2,0,2,1,4,32,6
3316777,0,546,0,40,3,0,2,1,4,56,6
3316781,0,546,0,40,2,0,2,1,4,40,6
3316785,0,546,0,40,2,0,2,1,4,41,6
3316787,0,546,0,40,3,0,2,1,4,42,6
3316789,0,546,0,40,2,0,2,1,4,9,6
3316791,0,546,0,40,2,0,2,1,4,50,6
3316793,0,546,0,40,2,0,2,1,4,26,6
3316795,0,546,0,40,2,0,2,1,4,44,6
3316799,0,546,0,40,2,0,2,1,4,15,6
3316801,0,546,0,40,2,0,2,1,4,22,6
3316803,0,546,0,40,3,0,2,1,4,60,6
3316805,0,546,0,40,2,0,2,1,4,52,6
3316809,0,546,0,40,2,0,2,1,4,34,6
3316811,0,546,0,40,2,0,2,1,4,26,6
3316813,0,546,0,40,2,0,2,1,4,40,6
3316817,0,546,0,40,3,0,2,1,4,13,6
3316819,0,546,0,40,2,0,2,1,4,65,6
3316821,0,546,0,40,3,0,2,1,4,32,6
3316825,0,546,0,40,2,0,2,1,4,12,6
3316827,0,546,0,40,2,0,2,1,4,54,6
3316831,0,546,0,40,2,0,2,1,4,55,6
3316833,0,546,0,40,3,0,2,1,4,42,6
3316837,0,546,0,40,3,0,2,1,4,26,6
3316839,0,546,0,40,2,0,2,1,4,51,6
3316841,0,546,0,40,3,0,2,1,4,33,6
3316843,0,546,0,40,3,0,2,1,4,55,6
3316845,0,546,0,40,2,0,2,1,4,20,6
3316851,0,546,0,40,3,0,2,1,4,98,6
3316853,0,546,0,40,2,0,2,1,4,75,6
3316855,0,546,0,40,3,0,2,1,4,8,6
3316857,0,546,0,40,3,0,2,1,4,56,6
3316859,0,546,0,40,3,0,2,1,4,15,6
3316861,0,546,0,40,3,0,2,1,4,40,6
3316863,0,546,0,40,2,0,2,1,4,72,6
3316865,0,546,0,40,3,0,2,1,4,47,6
3316867,0,546,0,40,2,0,2,1,4,24,6
3316869,0,546,0,40,2,0,2,1,4,74,6
3316871,0,546,0,40,3,0,2,1,4,42,6
3316875,0,546,0,40,3,0,2,1,4,44,6
3316877,0,546,0,40,2,0,2,1,4,32,6
3316881,0,546,0,40,2,0,2,1,4,38,6
3316885,0,546,0,40,3,0,2,1,4,42,6
3316887,0,546,0,40,2,0,2,1,4,32,6
3316889,0,546,0,40,2,0,2,1,4,49,6
3316897,0,546,0,40,3,0,2,1,4,23,6
3316899,0,546,0,40,3,0,2,1,4,21,6
3316901,0,546,0,40,2,0,2,1,4,38,6
3316905,0,546,0,40,2,0,2,1,4,50,6
3316907,0,546,0,40,2,0,2,1,4,85,6
3316911,0,546,0,40,2,0,2,1,4,36,6
3316913,0,546,0,40,2,0,2,1,4,54,6
3316917,0,546,0,40,3,0,2,1,4,74,6
3316921,0,546,0,40,2,0,2,1,4,43,6
3316923,0,546,0,40,3,0,2,1,4,24,6
3316925,0,546,0,40,2,0,2,1,4,28,6
3316927,0,546,0,40,2,0,2,1,4,37,6
3316929,0,546,0,40,2,0,2,1,4,11,6
3316931,0,546,0,40,3,0,2,1,4,33,6
3316935,0,546,0,40,2,0,2,1,4,29,6
3316937,0,546,0,40,2,0,2,1,4,78,6
3316939,0,546,0,40,2,0,2,1,4,37,6
3316941,0,546,0,40,2,0,2,1,4,36,6
3272929,0,546,0,40,2,9,2,1,44,16,6
3271965,0,546,0,40,2,7,2,1,46,35,6
3308045,0,546,0,40,3,1,2,1,4,53,6
3261698,0,546,0,40,2,6,2,1,42,27,6
3289537,0,546,0,40,3,7,2,1,20,50,6
3291246,0,546,0,40,2,3,2,1,28,74,6
3285357,0,546,0,40,3,6,2,1,28,16,6
3288006,0,546,0,40,3,5,2,1,25,36,6
3280356,0,546,0,40,2,6,2,1,40,34,6
3275783,0,546,0,40,3,8,2,1,51,29,6
3212939,0,546,0,40,2,17,2,1,135,38,6
3304815,0,546,0,40,3,1,2,1,11,39,6
3297157,0,546,0,40,3,3,2,1,19,22,6
3298751,0,546,0,40,3,3,2,1,20,52,6
3279536,0,546,0,40,2,7,2,1,40,11,6
3261452,0,546,0,40,3,8,2,1,60,35,6
3291232,0,546,0,40,2,6,2,1,18,68,6
3291831,0,546,0,40,3,4,2,1,21,20,6
3277478,0,546,0,40,3,8,2,1,42,56,6
3295090,0,546,0,40,3,4,2,1,20,29,6
3298948,0,546,0,40,3,2,2,1,11,36,6
3280581,0,546,0,40,2,5,2,1,29,28,6
3269507,0,546,0,40,2,10,2,1,65,53,6
3307791,0,546,0,40,3,1,2,1,8,54,6
3293083,0,546,0,40,3,4,2,1,20,56,6
3283386,0,546,0,40,2,6,2,1,40,54,6
3297684,0,546,0,40,2,3,2,1,14,59,6
3309259,0,546,0,40,2,1,2,1,6,38,6
3264987,0,546,0,40,3,6,2,1,28,66,6
3277279,0,546,0,40,3,8,2,1,47,24,6
3308892,0,546,0,40,2,1,2,1,5,58,6
3298437,0,546,0,40,2,4,2,1,19,61,6
3270598,0,546,0,40,3,7,2,1,73,48,6
3297060,0,546,0,40,2,2,2,1,26,30,6
3301081,0,546,0,40,2,1,2,1,20,28,6
3226076,1,546,271,40,2,17,2,1,115,24,6
3298503,0,546,0,40,3,3,2,1,18,20,6
3299596,0,546,0,40,3,3,2,1,16,55,6
3287098,0,546,0,40,2,6,2,1,23,79,6
3306377,0,546,0,40,3,1,2,1,12,36,6
3282537,0,546,0,40,2,8,2,1,30,11,6
3272967,0,546,0,40,3,11,2,1,59,54,6
3299163,0,546,0,40,3,3,2,1,16,14,6
3293176,0,546,0,40,3,4,2,1,24,49,6
3276611,0,546,0,40,2,8,2,1,58,36,6
3304628,0,546,0,40,2,2,2,1,9,17,6
3277869,0,546,0,40,3,6,2,1,45,28,6
3307612,0,546,0,40,3,1,2,1,8,41,6
3298198,0,546,0,40,3,2,2,1,21,24,6
3286885,0,546,0,40,2,4,2,1,35,74,6
3292217,0,546,0,40,3,5,2,1,24,37,6
3309221,0,546,0,40,3,1,2,1,7,50,6
3296497,0,546,0,40,2,3,2,1,18,105,6
3288925,0,546,0,40,2,7,2,1,25,61,6
3278288,0,546,0,40,2,8,2,1,40,20,6
3309160,0,546,0,40,2,1,2,1,6,44,6
3264131,0,546,0,40,2,9,2,1,68,42,6
3279719,0,546,0,40,3,8,2,1,41,36,6
3294765,0,546,0,40,2,3,2,1,24,56,6
3307835,0,546,0,40,2,2,2,1,7,71,6
3310001,0,546,0,40,3,1,2,1,5,77,6
3292076,0,546,0,40,2,3,2,1,26,45,6
3248639,0,546,0,40,2,14,2,1,103,67,6
3306432,0,546,0,40,3,2,2,1,6,22,6
3303186,0,546,0,40,2,3,2,1,9,41,6
3297862,0,546,0,40,2,3,2,1,26,69,6
3310790,0,546,0,40,2,1,2,1,4,31,6
3292754,0,546,0,40,2,1,2,1,34,25,6
3262670,0,546,0,40,2,7,2,1,64,30,6
3288657,0,546,0,40,3,5,2,1,27,69,6
3292226,0,546,0,40,2,4,2,1,29,10,6
3302038,0,546,0,40,2,2,2,1,20,38,6
3296495,0,546,0,40,3,2,2,1,24,106,6
3304334,0,546,0,40,3,1,2,1,16,18,6
3304521,0,546,0,40,3,1,2,1,14,59,6
3286436,0,546,0,40,3,5,2,1,36,58,6
3307003,0,546,0,40,2,1,2,1,12,22,6
3285550,0,546,0,40,3,5,2,1,28,38,6
3278240,0,546,0,40,2,9,2,1,47,53,6
3307250,0,546,0,40,2,1,2,1,11,72,6
3295515,0,546,0,40,2,3,2,1,21,55,6
3306518,0,546,0,40,3,1,2,1,10,44,6
3307983,0,546,0,40,3,1,2,1,10,59,6
3287887,0,546,0,40,3,4,2,1,29,90,6
3271653,0,546,0,40,2,8,2,1,71,41,6
3260807,0,546,0,40,3,7,2,1,36,35,6
3303776,0,546,0,40,3,2,2,1,9,63,6
3300712,0,546,0,40,2,2,2,1,18,36,6
3256329,0,546,0,40,2,13,2,1,65,29,6
3271730,0,546,0,40,2,11,2,1,54,73,6
3274061,0,546,0,40,3,9,2,1,45,42,6
3300405,0,546,0,40,2,2,2,1,17,35,6
3296510,0,546,0,40,2,5,2,1,15,10,6
3299207,0,546,0,40,2,3,2,1,20,88,6
3298321,0,546,0,40,2,3,2,1,21,56,6
3301215,0,546,0,40,3,3,2,1,11,35,6
3255807,0,546,0,40,2,12,2,1,76,52,6
3309295,0,546,0,40,3,1,2,1,6,60,6
3310075,0,546,0,40,3,1,2,1,6,28,6
3310485,0,546,0,40,2,1,2,1,6,74,6
3302201,0,546,0,40,3,2,2,1,7,54,6
3270763,0,546,0,40,3,7,2,1,69,38,6
3301780,0,546,0,40,2,2,2,1,16,31,6
3276147,0,546,0,40,2,10,2,1,32,14,6
3305521,0,546,0,40,3,2,2,1,8,29,6
3303549,0,546,0,40,2,2,2,1,15,79,6
3298480,0,546,0,40,3,3,2,1,18,78,6
3286647,0,546,0,40,3,5,2,1,41,16,6
3309130,0,546,0,40,3,1,2,1,5,46,6
3310462,0,546,0,40,3,1,2,1,5,45,6
3276346,0,546,0,40,2,10,2,1,32,85,6
3286679,0,546,0,40,3,6,2,1,24,38,6
3295481,0,546,0,40,3,4,2,1,15,68,6
3291334,0,546,0,40,3,6,2,1,22,54,6
3288429,0,546,0,40,2,5,2,1,28,54,6
3269862,0,546,0,40,2,11,2,1,69,41,6
3292235,0,546,0,40,2,6,2,1,21,53,6
3308985,0,546,0,40,2,2,2,1,6,49,6
3302430,0,546,0,40,2,3,2,1,15,39,6
3308329,0,546,0,40,2,2,2,1,7,6,6
3297312,2,546,0,40,2,1,2,1,28,49,6
3276888,0,546,0,40,2,4,2,1,65,53,6
3298203,0,546,0,40,2,2,2,1,21,41,6
3277151,0,546,0,40,3,5,2,1,67,33,6
3286504,0,546,0,40,3,4,2,1,39,79,6
3305374,0,546,0,40,2,1,2,1,15,32,6
3283544,0,546,0,40,2,5,2,1,37,30,6
3276257,0,546,0,40,3,9,2,1,50,30,6
3306311,0,546,0,40,2,1,2,1,14,66,6
3278432,0,546,0,40,2,7,2,1,54,21,6
3278246,0,546,0,40,2,7,2,1,51,55,6
3287767,0,546,0,40,2,4,2,1,37,59,6
3303279,0,546,0,40,3,2,2,1,14,47,6
3307394,0,546,0,40,2,1,2,1,12,14,6
3267329,0,546,0,40,3,12,2,1,81,33,6
3300626,0,546,0,40,2,3,2,1,13,18,6
3298977,0,546,0,40,2,2,2,1,25,81,6
3307919,0,546,0,40,3,1,2,1,11,54,6
3302892,0,546,0,40,3,2,2,1,12,77,6
3299053,0,546,0,40,2,3,2,1,18,52,6
3277146,0,546,0,40,3,11,2,1,34,39,6
3296214,0,546,0,40,3,3,2,1,19,46,6
3283345,0,546,0,40,2,7,2,1,29,27,6
3308328,0,546,0,40,3,1,2,1,10,32,6
3304652,0,546,0,40,2,2,2,1,10,37,6
3274473,1,546,537,40,2,6,2,1,51,55,6
3290341,0,546,0,40,3,4,2,1,34,32,6
3294837,0,546,0,40,2,3,2,1,19,35,6
3307650,0,546,0,40,3,1,2,1,9,60,6
3308575,0,546,0,40,2,1,2,1,9,25,6
3298710,0,546,0,40,3,3,2,1,14,52,6
3301645,0,546,0,40,2,2,2,1,15,80,6
3305203,0,546,0,40,2,2,2,1,9,53,6
3265480,0,546,0,40,2,9,2,1,60,22,6
3300841,0,546,0,40,3,3,2,1,14,22,6
3304454,0,546,0,40,2,2,2,1,15,78,6
3303680,0,546,0,40,3,3,2,1,13,55,6
3308976,0,546,0,40,3,1,2,1,8,47,6
3309616,0,546,0,40,2,1,2,1,8,77,6
3292736,0,546,0,40,3,4,2,1,21,46,6
3298573,0,546,0,40,3,4,2,1,16,44,6
3286901,0,546,0,40,2,7,2,1,22,8,6
3300400,0,546,0,40,3,3,2,1,14,37,6
3299557,0,546,0,40,2,4,2,1,17,45,6
3305081,0,546,0,40,2,2,2,1,10,34,6
3290946,0,546,0,40,2,4,2,1,32,12,6
3286777,0,546,0,40,3,5,2,1,34,35,6
3309455,0,546,0,40,3,1,2,1,7,57,6
3310163,0,546,0,40,3,1,2,1,7,63,6
3289249,0,546,0,40,3,5,2,1,27,92,6
3295965,0,546,0,40,3,4,2,1,16,43,6
3287236,0,546,0,40,3,5,2,1,30,44,6
3301633,0,546,0,40,3,3,2,1,10,39,6
3285007,0,546,0,40,2,6,2,1,35,27,6
3277085,0,546,0,40,2,7,2,1,49,29,6
3292819,0,546,0,40,2,5,2,1,29,39,6
3301552,0,546,0,40,2,3,2,1,15,18,6
3310030,0,546,0,40,2,1,2,1,6,31,6
3310954,0,546,0,40,3,1,2,1,6,41,6
3291187,0,546,0,40,2,4,2,1,23,55,6
3298515,1,546,528,25.8226,3,4,2,1,13,66,6
3279973,0,546,0,40,3,9,2,1,34,69,6
3269395,0,546,0,40,3,10,2,1,68,25,6
3291887,0,546,0,40,3,4,2,1,19,73,6
3307297,0,546,0,40,3,2,2,1,7,22,6
3277653,0,546,0,40,2,4,2,1,62,66,6
3297981,1,546,537,40,2,4,2,1,15,42,6
3297123,0,546,0,40,3,3,2,1,28,47,6
3309321,0,546,0,40,3,1,2,1,5,31,6
3311230,0,546,0,40,2,1,2,1,5,44,6
3299763,0,546,0,40,2,3,2,1,14,27,6
3293325,0,546,0,40,3,4,2,1,20,68,6
3305991,0,546,0,40,2,2,2,1,8,33,6
3303006,0,546,0,40,2,3,2,1,9,45,6
3273484,0,546,0,40,3,7,2,1,52,72,6
3282685,0,546,0,40,2,6,2,1,38,49,6
3277551,0,546,0,40,3,6,2,1,51,63,6
3304778,1,546,533,27.7484,3,3,2,1,7,73,6
3298279,0,546,0,40,3,4,2,1,13,19,6
3285859,0,546,0,40,2,7,2,1,37,28,6
3292159,0,546,0,40,3,4,2,1,30,38,6
3311575,0,546,0,40,3,1,2,1,4,74,6
3312146,0,546,0,40,2,1,2,1,4,87,6
3297118,0,546,0,40,3,1,2,1,31,27,6
3275149,0,546,0,40,3,6,2,1,51,51,6
3298505,0,546,0,40,3,2,2,1,25,22,6
3282453,0,546,0,40,2,5,2,1,44,55,6
3288301,0,546,0,40,3,4,2,1,37,36,6
3302039,0,546,0,40,2,1,2,1,21,48,6
3290552,0,546,0,40,2,4,2,1,36,42,6
3298310,0,546,0,40,3,2,2,1,24,26,6
3304578,0,546,0,40,3,1,2,1,18,45,6
3285778,0,546,0,40,3,4,2,1,37,31,6
3299991,0,546,0,40,3,3,2,1,18,74,6
3275997,1,546,523,15.5524,3,7,2,1,56,28,6
3304883,0,546,0,40,2,1,2,1,16,21,6
3298863,0,546,0,40,2,2,2,1,21,41,6
3303155,0,546,0,40,3,2,2,1,17,22,6
3296666,0,546,0,40,3,3,2,1,21,24,6
3292665,0,546,0,40,3,4,2,1,32,31,6
3290085,0,546,0,40,2,4,2,1,34,67,6
3284264,1,546,517,24.1443,3,6,2,1,44,31,6
3305954,0,546,0,40,3,1,2,1,14,37,6
3230871,0,546,0,40,3,16,2,1,89,68,6
3297849,0,546,0,40,2,3,2,1,16,11,6
3280220,0,546,0,40,3,8,2,1,34,55,6
3275203,0,546,0,40,2,9,2,1,58,108,6
3284733,0,546,0,40,3,5,2,1,26,33,6
3301984,0,546,0,40,3,2,2,1,16,63,6
3302885,0,546,0,40,2,2,2,1,17,105,6
3277649,0,546,0,40,2,8,2,1,44,24,6
3269619,0,546,0,40,2,8,2,1,71,60,6
3307393,0,546,0,40,2,1,2,1,12,36,6
3307797,0,546,0,40,2,1,2,1,12,26,6
3261655,0,546,0,40,3,7,2,1,48,49,6
3263580,0,546,0,40,2,8,2,1,53,57,6
3287555,0,546,0,40,3,6,2,1,28,44,6
3303278,0,546,0,40,2,2,2,1,13,31,6
3299771,0,546,0,40,3,3,2,1,19,42,6
3300765,0,546,0,40,3,3,2,1,19,34,6
3307768,0,546,0,40,3,1,2,1,11,52,6
3300070,0,546,0,40,2,3,2,1,17,49,6
3263296,0,546,0,40,2,6,2,1,43,23,6
3263758,0,546,0,40,3,2,2,1,32,39,6
3303077,0,546,0,40,2,3,2,1,13,63,6
3262306,0,546,0,40,2,9,2,1,57,14,6
3309061,0,546,0,40,2,1,2,1,10,51,6
3290402,1,546,538,21.1097,3,5,2,1,22,36,6
3298102,0,546,0,40,3,3,2,1,23,33,6
3268860,0,546,0,40,2,13,2,1,61,38,6
3291141,0,546,0,40,3,4,2,1,24,54,6
3273572,0,546,0,40,3,10,2,1,60,51,6
3274529,0,546,0,40,3,10,2,1,56,53,6
3299316,0,546,0,40,3,4,2,1,17,46,6
3292300,0,546,0,40,2,5,2,1,21,40,6
3309520,0,546,0,40,2,1,2,1,9,61,6
3295364,0,546,0,40,2,3,2,1,18,89,6
3303342,1,546,538,40,2,2,2,1,9,73,6
3283862,0,546,0,40,3,6,2,1,34,43,6
3301574,0,546,0,40,2,2,2,1,18,18,6
3266210,0,546,0,40,2,7,2,1,53,34,6
3294371,0,546,0,40,2,4,2,1,25,45,6
3302468,0,546,0,40,3,3,2,1,15,53,6
3269217,0,546,0,40,2,11,2,1,68,49,6
3302171,0,546,0,40,3,3,2,1,11,131,6
3288929,0,546,0,40,2,5,2,1,34,26,6
3309885,0,546,0,40,3,1,2,1,8,38,6
3265337,0,546,0,40,2,4,2,1,35,72,6
3272709,0,546,0,40,2,9,2,1,60,33,6
3277369,0,546,0,40,3,7,2,1,43,30,6
3285467,0,546,0,40,3,6,2,1,33,70,6
3298995,0,546,0,40,3,2,2,1,25,46,6
3271223,0,546,0,40,3,7,2,1,67,55,6
3295472,0,546,0,40,2,4,2,1,20,34,6
3286253,0,546,0,40,2,7,2,1,29,33,6
3263515,0,546,0,40,2,8,2,1,75,45,6
3309098,0,546,0,40,2,1,2,1,7,45,6
3310406,0,546,0,40,2,1,2,1,7,43,6
3310568,0,546,0,40,2,1,2,1,7,79,6
3310662,0,546,0,40,2,1,2,1,7,26,6
3310794,0,546,0,40,2,1,2,1,7,72,6
3299990,0,546,0,40,2,4,2,1,10,82,6
3287196,0,546,0,40,2,7,2,1,24,25,6
3256789,0,546,0,40,3,7,2,1,37,25,6
3266862,0,546,0,40,2,10,2,1,79,47,6
3291199,0,546,0,40,2,4,2,1,25,24,6
3296250,0,546,0,40,3,3,2,1,22,30,6
3281095,0,546,0,40,3,4,2,1,49,13,6
3263574,0,546,0,40,3,5,2,1,42,11,6
3288818,0,546,0,40,3,4,2,1,32,52,6
3288551,0,546,0,40,2,5,2,1,30,21,6
3303191,0,546,0,40,3,3,2,1,10,89,6
3298782,0,546,0,40,2,4,2,1,12,23,6
3285226,0,546,0,40,2,6,2,1,35,54,6
3284217,0,546,0,40,2,7,2,1,33,32,6
3308295,0,546,0,40,2,2,2,1,7,30,6
3265990,0,546,0,40,3,7,2,1,61,50,6
3297520,0,546,0,40,3,5,2,1,18,43,6
3310609,0,546,0,40,2,1,2,1,6,50,6
3310985,0,546,0,40,2,1,2,1,6,51,6
3311260,0,546,0,40,2,1,2,1,6,35,6
3299291,0,546,0,40,2,3,2,1,11,38,6
3298830,0,546,0,40,2,4,2,1,11,34,6
3235321,1,546,237,40,3,13,2,1,85,34,6
3303171,0,546,0,40,2,3,2,1,10,13,6
3270245,0,546,0,40,2,11,2,1,53,62,6
3291056,0,546,0,40,2,7,2,1,27,55,6
3269083,0,546,0,40,3,13,2,1,42,65,6
3289214,0,546,0,40,2,4,2,1,31,35,6
3294069,0,546,0,40,2,4,2,1,28,105,6
3274720,0,546,0,40,2,8,2,1,49,65,6
3300516,0,546,0,40,3,3,2,1,17,39,6
3298316,0,546,0,40,3,3,2,1,17,64,6
3305229,0,546,0,40,2,3,2,1,11,84,6
3272286,0,546,0,40,2,9,2,1,53,91,6
3295901,0,546,0,40,3,4,2,1,19,38,6
3300097,0,546,0,40,3,4,2,1,16,31,6
3288587,0,546,0,40,3,6,2,1,34,45,6
3311315,0,546,0,40,2,1,2,1,5,60,6
3312092,0,546,0,40,2,1,2,1,5,90,6
3312256,0,546,0,40,2,1,2,1,5,21,6
3297035,0,546,0,40,3,3,2,1,14,110,6
3266779,0,546,0,40,2,11,2,1,80,39,6
3217231,0,546,0,40,3,16,2,1,99,63,6
3290056,0,546,0,40,2,6,2,1,28,20,6
3298582,0,546,0,40,3,2,2,1,21,112,6
3264489,0,546,0,40,3,5,2,1,51,69,6
3308348,0,546,0,40,3,2,2,1,5,58,6
3282689,0,546,0,40,2,5,2,1,38,28,6
3287478,0,546,0,40,3,5,2,1,26,16,6
3277835,0,546,0,40,2,7,2,1,53,50,6
3280479,0,546,0,40,3,7,2,1,44,29,6
3304708,0,546,0,40,3,3,2,1,8,43,6
3277717,0,546,0,40,3,6,2,1,43,42,6
3301641,0,546,0,40,2,3,2,1,15,44,6
3302640,0,546,0,40,2,3,2,1,10,37,6
3309288,0,546,0,40,2,2,2,1,6,25,6
3291233,0,546,0,40,3,5,2,1,27,24,6
3272640,0,546,0,40,3,11,2,1,56,72,6
3288036,0,546,0,40,3,6,2,1,27,45,6
3311225,0,546,0,40,2,1,2,1,4,79,6
3311737,0,546,0,40,3,1,2,1,4,17,6
3312285,0,546,0,40,2,1,2,1,4,49,6
3312500,0,546,0,40,3,1,2,1,4,17,6
3312712,0,546,0,40,2,1,2,1,4,26,6
3297999,0,546,0,40,3,1,2,1,30,29,6
3291609,0,546,0,40,2,3,2,1,32,49,6
3292389,0,546,0,40,2,3,2,1,31,54,6
3299534,0,546,0,40,3,1,2,1,26,28,6
3293943,0,546,0,40,3,3,2,1,29,106,6
3302418,0,546,0,40,3,1,2,1,23,25,6
3266998,0,546,0,40,3,10,2,1,82,27,6
3303147,0,546,0,40,2,1,2,1,21,31,6
3291797,0,546,0,40,3,4,2,1,28,9,6
3284703,0,546,0,40,3,4,2,1,43,52,6
3298117,0,546,0,40,2,2,2,1,24,35,6
3304623,0,546,0,40,3,1,2,1,18,23,6
3252466,0,546,0,40,3,13,2,1,85,23,6
3222929,0,546,0,40,3,13,2,1,92,46,6
3289811,0,546,0,40,3,3,2,1,28,52,6
3282236,0,546,0,40,2,5,2,1,49,23,6
3278551,0,546,0,40,3,5,2,1,57,46,6
3304557,0,546,0,40,3,1,2,1,16,50,6
3306313,0,546,0,40,3,1,2,1,16,37,6
3269150,0,546,0,40,2,11,2,1,72,33,6
3265868,0,546,0,40,2,4,2,1,43,53,6
3289001,0,546,0,40,2,5,2,1,37,42,6
3300428,0,546,0,40,3,3,2,1,20,31,6
3276478,0,546,0,40,2,9,2,1,51,30,6
3264653,0,546,0,40,2,10,2,1,73,46,6
3306539,0,546,0,40,3,1,2,1,15,35,6
3279644,0,546,0,40,3,5,2,1,48,27,6
3290074,0,546,0,40,3,5,2,1,23,27,6
3285605,0,546,0,40,3,6,2,1,38,55,6
3286119,0,546,0,40,2,6,2,1,26,33,6
3271921,0,546,0,40,3,9,2,1,49,27,6
3293229,0,546,0,40,2,4,2,1,27,59,6
3281295,0,546,0,40,3,5,2,1,45,45,6
3307202,0,546,0,40,2,1,2,1,14,42,6
3268375,0,546,0,40,3,8,2,1,76,39,6
3295634,0,546,0,40,3,3,2,1,25,54,6
3257879,0,546,0,40,3,13,2,1,101,26,6
3280203,0,546,0,40,2,7,2,1,51,44,6
3306368,0,546,0,40,3,1,2,1,13,31,6
3307847,0,546,0,40,3,1,2,1,13,47,6
3294649,0,546,0,40,2,3,2,1,22,35,6
3282708,0,546,0,40,3,4,2,1,46,70,6
3297818,0,546,0,40,3,3,2,1,22,68,6
3302370,0,546,0,40,2,2,2,1,18,68,6
3302090,0,546,0,40,2,2,2,1,19,16,6
3303656,0,546,0,40,2,2,2,1,15,34,6
3277512,0,546,0,40,2,9,2,1,48,37,6
3260954,1,546,518,38.2177,2,8,2,1,44,94,6
3307471,0,546,0,40,2,1,2,1,12,45,6
3299587,0,546,0,40,3,3,2,1,17,77,6
3283453,0,546,0,40,3,5,2,1,39,62,6
3276651,2,546,0,40,3,7,2,1,50,67,6
3295065,0,546,0,40,3,4,2,1,23,45,6
3295309,0,546,0,40,3,4,2,1,29,45,6
3302692,0,546,0,40,3,3,2,1,17,89,6
3308005,0,546,0,40,2,2,2,1,12,62,6
3308587,0,546,0,40,3,1,2,1,11,19,6
3275055,0,546,0,40,3,4,2,1,55,103,6
3298131,0,546,0,40,3,2,2,1,24,69,6
3287826,0,546,0,40,3,6,2,1,35,17,6
3283825,0,546,0,40,3,6,2,1,44,22,6
3291104,0,546,0,40,2,3,2,1,38,53,6
3298139,0,546,0,40,2,2,2,1,26,30,6
3282818,0,546,0,40,3,8,2,1,39,41,6
3297839,0,546,0,40,2,3,2,1,19,26,6
3297158,0,546,0,40,2,4,2,1,20,81,6
3301286,0,546,0,40,2,3,2,1,12,55,6
3305650,0,546,0,40,3,2,2,1,15,61,6
3286245,0,546,0,40,3,3,2,1,47,78,6
3302938,0,546,0,40,3,2,2,1,18,60,6
3302299,0,546,0,40,3,3,2,1,20,25,6
3306411,0,546,0,40,2,3,2,1,14,50,6
3308002,0,546,0,40,3,1,2,1,10,36,6
3308265,0,546,0,40,2,1,2,1,10,36,6
3273298,0,546,0,40,3,12,2,1,40,34,6
3297073,1,546,539,40,2,3,2,1,21,35,6
3271672,0,546,0,40,2,11,2,1,46,48,6
3301100,0,546,0,40,3,3,2,1,14,20,6
3300145,0,546,0,40,2,2,2,1,22,43,6
3265991,0,546,0,40,2,6,2,1,34,22,6
3269382,0,546,0,40,3,8,2,1,77,77,6
3303621,0,546,0,40,3,2,2,1,19,36,6
3268837,0,546,0,40,3,12,2,1,68,55,6
3305779,0,546,0,40,2,2,2,1,16,13,6
3309094,0,546,0,40,2,1,2,1,9,26,6
3309695,0,546,0,40,2,1,2,1,9,51,6
3310383,0,546,0,40,2,1,2,1,9,20,6
3267241,0,546,0,40,3,5,2,1,39,20,6
3302621,0,546,0,40,2,2,2,1,14,16,6
3294354,0,546,0,40,2,4,2,1,20,47,6
3256975,0,546,0,40,2,8,2,1,84,37,6
3293718,0,546,0,40,2,4,2,1,25,57,6
3295069,0,546,0,40,3,4,2,1,16,41,6
3282995,0,546,0,40,2,6,2,1,40,63,6
3294057,0,546,0,40,3,3,2,1,26,77,6
3295267,0,546,0,40,2,4,2,1,22,87,6
3288019,0,546,0,40,3,6,2,1,28,31,6
3300458,0,546,0,40,2,3,2,1,11,39,6
3261221,0,546,0,40,3,7,2,1,46,35,6
3278116,0,546,0,40,3,9,2,1,45,36,6
3266434,0,546,0,40,3,16,2,1,69,41,6
3291449,0,546,0,40,2,6,2,1,26,36,6
3310038,0,546,0,40,3,1,2,1,8,42,6
3310874,0,546,0,40,3,1,2,1,8,53,6
3311078,0,546,0,40,3,1,2,1,8,51,6
3286904,0,546,0,40,2,4,2,1,31,36,6
3296066,0,546,0,40,2,4,2,1,17,41,6
3298532,0,546,0,40,3,2,2,1,22,26,6
3305258,0,546,0,40,2,2,2,1,11,34,6
3305970,0,546,0,40,2,2,2,1,8,50,6
3282948,0,546,0,40,2,6,2,1,35,62,6
3269359,0,546,0,40,3,12,2,1,60,61,6
3284443,0,546,0,40,3,7,2,1,45,39,6
3306827,0,546,0,40,3,2,2,1,10,43,6
3288812,0,546,0,40,2,5,2,1,30,79,6
3289782,0,546,0,40,2,5,2,1,34,38,6
3307619,0,546,0,40,2,2,2,1,9,7,6
3308132,0,546,0,40,2,2,2,1,8,22,6
3302502,0,546,0,40,3,4,2,1,13,38,6
3301909,1,546,539,35.597,2,3,2,1,10,73,6
3306306,0,546,0,40,2,2,2,1,14,56,6
3298084,0,546,0,40,2,3,2,1,29,26,6
3308770,0,546,0,40,2,1,2,1,7,48,6
3310645,0,546,0,40,2,1,2,1,7,43,6
3311302,0,546,0,40,2,1,2,1,7,21,6
3311494,0,546,0,40,3,1,2,1,7,34,6
3272733,0,546,0,40,2,6,2,1,48,68,6
3296473,0,546,0,40,3,4,2,1,16,40,6
3285621,0,546,0,40,3,6,2,1,26,41,6
3267930,0,546,0,40,2,7,2,1,33,37,6
3306934,0,546,0,40,2,2,2,1,7,57,6
3280139,0,546,0,40,3,6,2,1,47,23,6
3306830,0,546,0,40,2,2,2,1,8,67,6
3297638,0,546,0,40,2,3,2,1,24,30,6
3303358,0,546,0,40,3,2,2,1,14,16,6
3298741,0,546,0,40,3,4,2,1,22,31,6
3304090,0,546,0,40,2,3,2,1,11,31,6
3309167,0,546,0,40,3,2,2,1,7,18,6
3290177,0,546,0,40,2,5,2,1,32,36,6
3289066,0,546,0,40,3,4,2,1,36,64,6
3276543,0,546,0,40,2,9,2,1,36,33,6
3308713,1,546,539,5.88858,3,2,2,1,8,44,6
3304836,0,546,0,40,3,2,2,1,16,37,6
3295574,0,546,0,40,2,4,2,1,24,59,6
3284282,0,546,0,40,2,6,2,1,41,22,6
3302525,0,546,0,40,2,2,2,1,20,53,6
3308384,1,546,539,31.1966,2,2,2,1,11,63,6
3267270,1,546,535,36.0372,2,11,2,1,54,43,6
3309505,0,546,0,40,2,1,2,1,6,27,6
3310943,0,546,0,40,3,1,2,1,6,45,6
3311295,0,546,0,40,2,1,2,1,6,28,6
3311866,0,546,0,40,3,1,2,1,6,37,6
3311924,0,546,0,40,3,1,2,1,6,61,6
3312028,0,546,0,40,3,1,2,1,6,41,6
3262520,0,546,0,40,2,10,2,1,91,27,6
3280906,0,546,0,40,2,6,2,1,33,24,6
3266591,0,546,0,40,2,7,2,1,49,15,6
3275697,0,546,0,40,2,6,2,1,61,37,6
3306134,0,546,0,40,2,2,2,1,8,51,6
3286220,0,546,0,40,3,5,2,1,34,39,6
3305760,0,546,0,40,2,2,2,1,11,56,6
3266764,0,546,0,40,2,7,2,1,38,38,6
3282688,0,546,0,40,3,4,2,1,41,75,6
3275914,0,546,0,40,2,9,2,1,50,43,6
3285597,0,546,0,40,3,5,2,1,38,76,6
3306085,0,546,0,40,2,2,2,1,11,50,6
3292969,0,546,0,40,2,5,2,1,24,77,6
3266384,0,546,0,40,3,9,2,1,52,50,6
3295063,0,546,0,40,2,7,2,1,16,8,6
3280943,0,546,0,40,2,7,2,1,44,12,6
3280566,0,546,0,40,3,5,2,1,50,64,6
3267451,0,546,0,40,3,10,2,1,74,34,6
3296730,0,546,0,40,3,5,2,1,22,41,6
3307347,0,546,0,40,3,2,2,1,7,40,6
3288451,0,546,0,40,3,6,2,1,22,59,6
3304206,0,546,0,40,2,4,2,1,9,23,6
3283057,0,546,0,40,2,8,2,1,32,8,6
3304927,0,546,0,40,2,3,2,1,12,28,6
3307764,0,546,0,40,2,2,2,1,9,65,6
3308894,0,546,0,40,3,2,2,1,6,55,6
3288783,0,546,0,40,3,6,2,1,35,55,6
3301933,0,546,0,40,2,4,2,1,14,30,6
3280518,0,546,0,40,3,7,2,1,53,34,6
3308754,0,546,0,40,3,1,2,1,5,11,6
3310851,0,546,0,40,2,1,2,1,5,62,6
3311769,0,546,0,40,2,1,2,1,5,50,6
3312017,0,546,0,40,2,1,2,1,5,38,6
3312490,0,546,0,40,3,1,2,1,5,29,6
3312652,0,546,0,40,3,1,2,1,5,89,6
3305326,0,546,0,40,3,2,2,1,6,31,6
3292219,0,546,0,40,2,5,2,1,13,42,6
3307518,0,546,0,40,3,2,2,1,5,55,6
3271270,0,546,0,40,3,10,2,1,62,28,6
3269157,0,546,0,40,3,11,2,1,65,36,6
3306524,0,546,0,40,2,2,2,1,7,51,6
3273488,0,546,0,40,3,9,2,1,57,26,6
3292469,0,546,0,40,3,5,2,1,22,23,6
3292393,0,546,0,40,3,3,2,1,25,31,6
3279746,0,546,0,40,3,8,2,1,54,87,6
3302790,0,546,0,40,2,3,2,1,9,84,6
3270848,0,546,0,40,2,10,2,1,58,39,6
3303313,0,546,0,40,3,3,2,1,14,46,6
3267122,0,546,0,40,3,11,2,1,81,72,6
3287593,0,546,0,40,2,4,2,1,39,50,6
3299137,0,546,0,40,2,4,2,1,18,27,6
3295253,0,546,0,40,2,4,2,1,22,32,6
3309075,1,546,539,33.1284,2,2,2,1,7,67,6
3281374,0,546,0,40,2,8,2,1,42,49,6
3298886,0,546,0,40,3,3,2,1,20,32,6
3269934,0,546,0,40,2,9,2,1,70,76,6
3306761,0,546,0,40,2,2,2,1,12,31,6
3305200,0,546,0,40,2,3,2,1,10,22,6
3302375,0,546,0,40,3,3,2,1,17,77,6
3261924,0,546,0,40,3,7,2,1,45,42,6
3305575,0,546,0,40,2,3,2,1,10,102,6
3282354,0,546,0,40,2,6,2,1,32,54,6
3290446,0,546,0,40,3,5,2,1,30,26,6
3285617,0,546,0,40,3,7,2,1,33,93,6
3294871,0,546,0,40,2,5,2,1,25,38,6
3309423,0,546,0,40,2,2,2,1,7,39,6
3294678,0,546,0,40,2,5,2,1,18,29,6
3285348,0,546,0,40,3,8,2,1,29,78,6
3289622,0,546,0,40,3,6,2,1,21,47,6
3309457,0,546,0,40,3,1,2,1,4,41,6
3311621,0,546,0,40,2,1,2,1,4,23,6
3312363,0,546,0,40,3,1,2,1,4,41,6
3312993,0,546,0,40,3,1,2,1,4,45,6
3313025,0,546,0,40,3,1,2,1,4,23,6
3313143,0,546,0,40,2,1,2,1,4,24,6
3313281,0,546,0,40,2,1,2,1,4,40,6
3313411,0,546,0,40,2,1,2,1,4,50,6
3261893,0,546,0,40,3,1,2,1,8,25,6
3271881,0,546,0,40,2,9,2,1,73,72,6
3271680,0,546,0,40,3,7,2,1,77,71,6
3295190,0,546,0,40,3,2,2,1,33,45,6
3283617,0,546,0,40,2,5,2,1,44,49,6
3282820,0,546,0,40,2,5,2,1,46,30,6
3299411,0,546,0,40,3,2,2,1,27,20,6
3288101,0,546,0,40,3,3,2,1,40,55,6
3297402,0,546,0,40,2,2,2,1,27,23,6
3297134,0,546,0,40,3,2,2,1,31,71,6
3266630,0,546,0,40,3,5,2,1,41,75,6
3296372,0,546,0,40,2,2,2,1,27,33,6
3293613,0,546,0,40,3,3,2,1,33,35,6
3296836,0,546,0,40,2,4,2,1,27,41,6
3285286,0,546,0,40,2,5,2,1,39,42,6
3268819,0,546,0,40,3,8,2,1,78,50,6
3301063,0,546,0,40,2,2,2,1,18,73,6
3276380,0,546,0,40,2,9,2,1,37,55,6
3292605,0,546,0,40,2,4,2,1,29,21,6
3306983,0,546,0,40,2,1,2,1,16,32,6
3269404,0,546,0,40,3,10,2,1,71,41,6
3297428,0,546,0,40,3,3,2,1,23,52,6
3307018,0,546,0,40,2,1,2,1,15,34,6
3307578,0,546,0,40,2,1,2,1,15,27,6
3294597,0,546,0,40,2,3,2,1,23,36,6
3283094,0,546,0,40,2,6,2,1,39,69,6
3302264,0,546,0,40,3,2,2,1,20,65,6
3299678,0,546,0,40,3,2,2,1,25,20,6
3270877,0,546,0,40,2,10,2,1,61,71,6
3307441,0,546,0,40,3,1,2,1,14,43,6
3307957,0,546,0,40,3,1,2,1,14,43,6
3273570,0,546,0,40,2,9,2,1,51,41,6
3294548,0,546,0,40,2,4,2,1,24,61,6
3304489,0,546,0,40,2,2,2,1,14,37,6
3293437,0,546,0,40,2,5,2,1,29,63,6
3299311,0,546,0,40,3,3,2,1,22,30,6
3293150,0,546,0,40,3,4,2,1,28,67,6
3305079,0,546,0,40,2,2,2,1,16,65,6
3307503,0,546,0,40,3,1,2,1,13,35,6
3308224,0,546,0,40,2,1,2,1,13,48,6
3308492,0,546,0,40,3,1,2,1,13,30,6
3308614,0,546,0,40,2,1,2,1,13,50,6
3272104,0,546,0,40,2,8,2,1,59,58,6
3269903,0,546,0,40,3,12,2,1,62,28,6
3260497,0,546,0,40,3,11,2,1,62,16,6
3305516,0,546,0,40,2,2,2,1,14,35,6
3288009,0,546,0,40,2,5,2,1,36,50,6
3264596,0,546,0,40,3,10,2,1,66,33,6
3270385,0,546,0,40,3,12,2,1,64,75,6
3306618,0,546,0,40,2,1,2,1,12,52,6
3307682,0,546,0,40,2,1,2,1,12,20,6
3308663,0,546,0,40,2,1,2,1,12,33,6
3309027,0,546,0,40,3,1,2,1,12,23,6
3281709,0,546,0,40,2,6,2,1,41,15,6
3275665,0,546,0,40,2,8,2,1,38,49,6
3301186,0,546,0,40,2,2,2,1,20,22,6
3266572,0,546,0,40,3,9,2,1,75,58,6
3296332,0,546,0,40,2,3,2,1,24,49,6
3291581,0,546,0,40,3,5,2,1,22,38,6
3287031,0,546,0,40,2,5,2,1,35,50,6
3291506,1,546,499,32.1593,3,7,2,1,22,48,6
3288439,0,546,0,40,2,6,2,1,31,71,6
3304193,0,546,0,40,3,3,2,1,14,55,6
3285167,0,546,0,40,2,5,2,1,44,22,6
3289005,0,546,0,40,3,7,2,1,30,27,6
3280502,0,546,0,40,2,7,2,1,41,51,6
3272661,0,546,0,40,2,11,2,1,55,26,6
3308193,0,546,0,40,2,1,2,1,11,35,6
3309286,0,546,0,40,2,1,2,1,11,53,6
3309592,0,546,0,40,3,1,2,1,11,52,6
3302851,0,546,0,40,2,2,2,1,13,18,6
3268947,0,546,0,40,3,6,2,1,88,42,6
3283395,0,546,0,40,2,5,2,1,41,23,6
3300934,0,546,0,40,3,2,2,1,18,19,6
3286038,0,546,0,40,3,7,2,1,31,74,6
3301335,0,546,0,40,2,2,2,1,20,25,6
3293446,0,546,0,40,3,4,2,1,20,48,6
3298031,0,546,0,40,3,4,2,1,20,48,6
3282815,0,546,0,40,2,6,2,1,42,25,6
3292043,0,546,0,40,3,5,2,1,30,46,6
3233150,0,546,0,40,3,18,2,1,97,59,6
3294702,0,546,0,40,2,4,2,1,24,53,6
3300089,0,546,0,40,3,4,2,1,20,59,6
3269050,0,546,0,40,3,11,2,1,77,18,6
3308661,0,546,0,40,3,1,2,1,10,57,6
3309615,0,546,0,40,3,1,2,1,10,36,6
3310391,0,546,0,40,3,1,2,1,10,42,6
3287536,0,546,0,40,2,4,2,1,36,50,6
3297511,0,546,0,40,2,3,2,1,20,37,6
3291384,0,546,0,40,2,4,2,1,28,32,6
3278515,0,546,0,40,2,6,2,1,47,62,6
3284643,0,546,0,40,3,5,2,1,39,32,6
3292158,0,546,0,40,3,4,2,1,24,37,6
3306603,0,546,0,40,3,2,2,1,10,116,6
3288179,0,546,0,40,3,5,2,1,35,31,6
3306401,0,546,0,40,2,2,2,1,12,77,6
3303126,0,546,0,40,2,2,2,1,14,47,6
3303287,0,546,0,40,2,4,2,1,13,36,6
3285431,0,546,0,40,3,5,2,1,43,23,6
3268554,0,546,0,40,3,10,2,1,42,37,6
3305728,0,546,0,40,2,3,2,1,13,74,6
3302273,0,546,0,40,3,3,2,1,17,36,6
3286327,0,546,0,40,3,5,2,1,37,36,6
3266759,1,546,532,15.2664,3,10,2,1,63,43,6
3267463,0,546,0,40,2,6,2,1,31,32,6
3300340,0,546,0,40,2,4,2,1,18,26,6
3309034,0,546,0,40,2,1,2,1,9,22,6
3309990,0,546,0,40,2,1,2,1,9,63,6
3310394,0,546,0,40,2,1,2,1,9,42,6
3310590,0,546,0,40,2,1,2,1,9,36,6
3310664,0,546,0,40,3,1,2,1,9,60,6
3310886,0,546,0,40,3,1,2,1,9,69,6
3311102,0,546,0,40,2,1,2,1,9,40,6
3291129,0,546,0,40,3,5,2,1,24,23,6
3264001,0,546,0,40,2,7,2,1,52,40,6
3288931,0,546,0,40,3,6,2,1,26,85,6
3285370,0,546,0,40,3,5,2,1,33,32,6
3284874,1,546,529,20.3468,3,5,2,1,30,27,6
3297406,0,546,0,40,3,4,2,1,19,51,6
3259622,0,546,0,40,2,9,2,1,63,40,6
3296880,0,546,0,40,2,4,2,1,17,54,6
3285828,0,546,0,40,2,7,2,1,31,55,6
3270961,0,546,0,40,3,9,2,1,69,39,6
3305392,0,546,0,40,2,2,2,1,14,61,6
3276835,0,546,0,40,3,6,2,1,56,24,6
3307632,0,546,0,40,2,2,2,1,9,36,6
3289821,0,546,0,40,3,5,2,1,24,32,6
3290658,0,546,0,40,2,3,2,1,33,25,6
3304485,0,546,0,40,3,3,2,1,12,22,6
3277834,0,546,0,40,3,10,2,1,49,44,6
3305719,0,546,0,40,2,3,2,1,10,42,6
3293877,0,546,0,40,3,4,2,1,29,69,6
3271682,0,546,0,40,2,10,2,1,59,33,6
3294346,0,546,0,40,3,5,2,1,25,29,6
3287442,0,546,0,40,3,6,2,1,40,92,6
3308775,0,546,0,40,3,2,2,1,10,30,6
3309908,0,546,0,40,2,1,2,1,8,28,6
3310196,0,546,0,40,3,1,2,1,8,22,6
3310653,0,546,0,40,3,1,2,1,8,66,6
3310865,0,546,0,40,2,1,2,1,8,45,6
3311118,0,546,0,40,3,1,2,1,8,34,6
3311338,0,546,0,40,3,1,2,1,8,29,6
3311492,0,546,0,40,2,1,2,1,8,34,6
3311686,0,546,0,40,2,1,2,1,8,36,6
3297645,0,546,0,40,3,3,2,1,20,24,6
3305016,0,546,0,40,3,2,2,1,10,50,6
3262462,0,546,0,40,3,10,2,1,56,18,6
3265072,0,546,0,40,3,7,2,1,65,64,6
3291008,0,546,0,40,2,4,2,1,29,89,6
3270463,0,546,0,40,2,10,2,1,71,67,6
3275292,0,546,0,40,2,11,2,1,47,76,6
3296457,0,546,0,40,3,4,2,1,19,17,6
3280900,0,546,0,40,2,6,2,1,48,37,6
3304599,0,546,0,40,2,2,2,1,14,65,6
3297808,1,546,522,40,2,4,2,1,21,58,6
3281457,0,546,0,40,2,9,2,1,25,34,6
3260227,0,546,0,40,3,5,2,1,55,34,6
3277691,0,546,0,40,2,9,2,1,41,18,6
3259805,0,546,0,40,2,7,2,1,50,39,6
3286907,0,546,0,40,2,6,2,1,40,51,6
3299117,0,546,0,40,3,4,2,1,24,41,6
3277775,0,546,0,40,3,10,2,1,39,36,6
3296695,0,546,0,40,2,5,2,1,24,23,6
3308529,0,546,0,40,2,2,2,1,10,46,6
3272482,0,546,0,40,3,10,2,1,54,62,6
3310607,0,546,0,40,3,1,2,1,7,32,6
3311223,0,546,0,40,2,1,2,1,7,41,6
3311754,0,546,0,40,3,1,2,1,7,55,6
3311950,0,546,0,40,3,1,2,1,7,53,6
3312078,0,546,0,40,2,1,2,1,7,25,6
3273410,0,546,0,40,2,11,2,1,48,12,6
3236136,0,546,0,40,3,15,2,1,79,62,6
3283176,0,546,0,40,3,7,2,1,32,30,6
3265007,0,546,0,40,2,5,2,1,24,29,6
3284169,0,546,0,40,2,5,2,1,35,39,6
3301548,0,546,0,40,3,3,2,1,15,41,6
3263997,1,546,540,40,2,9,2,1,48,34,6
3293440,0,546,0,40,2,5,2,1,24,33,6
3265184,0,546,0,40,3,6,2,1,40,53,6
3273156,0,546,0,40,3,7,2,1,77,62,6
3287737,0,546,0,40,3,5,2,1,26,28,6
3290546,0,546,0,40,2,4,2,1,28,41,6
3251377,0,546,0,40,3,14,2,1,89,51,6
3306938,0,546,0,40,2,2,2,1,9,91,6
3298042,0,546,0,40,3,3,2,1,23,17,6
3247973,0,546,0,40,2,12,2,1,100,61,6
3301379,0,546,0,40,3,3,2,1,13,29,6
3300848,0,546,0,40,2,4,2,1,17,32,6
3297490,0,546,0,40,2,4,2,1,17,31,6
3292282,0,546,0,40,3,6,2,1,33,32,6
3293679,0,546,0,40,3,5,2,1,22,51,6
3296116,0,546,0,40,3,5,2,1,22,58,6
3302929,0,546,0,40,3,5,2,1,13,29,6
3302817,0,546,0,40,2,3,2,1,19,13,6
3297186,0,546,0,40,3,6,2,1,14,69,6
3309106,0,546,0,40,2,1,2,1,6,46,6
3311553,0,546,0,40,2,1,2,1,6,44,6
3312085,0,546,0,40,2,1,2,1,6,34,6
3312269,0,546,0,40,2,1,2,1,6,30,6
3312458,0,546,0,40,3,1,2,1,6,40,6
3312600,0,546,0,40,3,1,2,1,6,16,6
3312702,0,546,0,40,2,1,2,1,6,29,6
3312844,0,546,0,40,2,1,2,1,6,54,6
3268867,0,546,0,40,2,11,2,1,66,45,6
3254790,0,546,0,40,2,11,2,1,77,40,6
3283594,0,546,0,40,3,5,2,1,38,27,6
3270597,0,546,0,40,2,11,2,1,58,12,6
3290371,0,546,0,40,3,6,2,1,26,27,6
3293233,0,546,0,40,2,4,2,1,24,60,6
3295995,0,546,0,40,2,3,2,1,24,53,6
3283055,0,546,0,40,2,7,2,1,32,55,6
3306704,0,546,0,40,3,3,2,1,7,34,6
3284694,0,546,0,40,2,6,2,1,35,44,6
3276164,0,546,0,40,2,5,2,1,56,54,6
3299214,0,546,0,40,2,4,2,1,13,64,6
3291670,0,546,0,40,3,6,2,1,25,18,6
3265195,0,546,0,40,2,7,2,1,32,63,6
3299378,0,546,0,40,2,3,2,1,17,54,6
3271573,0,546,0,40,3,9,2,1,59,18,6
3268651,0,546,0,40,3,12,2,1,61,70,6
3306067,0,546,0,40,2,2,2,1,13,44,6
3257432,0,546,0,40,2,11,2,1,42,63,6
3300594,0,546,0,40,2,3,2,1,12,40,6
3295323,0,546,0,40,3,4,2,1,27,57,6
3303774,1,546,531,35.9479,2,4,2,1,11,27,6
3293138,0,546,0,40,2,4,2,1,25,30,6
3265176,0,546,0,40,2,9,2,1,48,42,6
3275285,0,546,0,40,2,10,2,1,51,49,6
3298089,0,546,0,40,3,4,2,1,19,24,6
3283794,0,546,0,40,3,7,2,1,28,59,6
3270025,0,546,0,40,2,13,2,1,60,29,6
3309958,0,546,0,40,3,2,2,1,6,30,6
3290106,0,546,0,40,3,6,2,1,31,13,6
3280580,0,546,0,40,2,6,2,1,55,17,6
3275343,0,546,0,40,3,8,2,1,54,65,6
3306638,0,546,0,40,3,2,2,1,13,88,6
3286589,0,546,0,40,3,5,2,1,28,85,6
3311783,0,546,0,40,3,1,2,1,5,23,6
3312247,1,546,540,21.8232,3,1,2,1,5,30,6
3312739,0,546,0,40,2,1,2,1,5,58,6
3312907,0,546,0,40,3,1,2,1,5,18,6
3312943,0,546,0,40,3,1,2,1,5,115,6
3313005,0,546,0,40,3,1,2,1,5,47,6
3313335,0,546,0,40,2,1,2,1,5,21,6
3313359,0,546,0,40,2,1,2,1,5,34,6
3277603,0,546,0,40,2,8,2,1,40,29,6
3289242,0,546,0,40,3,4,2,1,27,13,6
3286151,0,546,0,40,3,7,2,1,32,49,6
3304276,0,546,0,40,2,2,2,1,11,28,6
3296507,0,546,0,40,3,3,2,1,18,27,6
3286953,0,546,0,40,2,5,2,1,27,58,6
3281957,0,546,0,40,3,6,2,1,40,66,6
3265175,0,546,0,40,2,4,2,1,19,46,6
3293766,0,546,0,40,2,4,2,1,21,29,6
3293915,0,546,0,40,2,6,2,1,20,54,6
3286176,0,546,0,40,2,4,2,1,41,43,6
3266795,0,546,0,40,2,4,2,1,27,69,6
3280961,0,546,0,40,2,7,2,1,44,69,6
3300718,0,546,0,40,2,4,2,1,14,32,6
3304226,0,546,0,40,2,2,2,1,15,67,6
3302835,0,546,0,40,2,4,2,1,14,43,6
3280591,0,546,0,40,2,8,2,1,32,72,6
3285502,0,546,0,40,3,6,2,1,26,35,6
3295045,0,546,0,40,3,6,2,1,12,14,6
3308862,0,546,0,40,3,2,2,1,5,14,6
3303421,0,546,0,40,3,2,2,1,18,47,6
3283382,0,546,0,40,2,5,2,1,42,59,6
3269156,0,546,0,40,2,12,2,1,68,32,6
3297061,0,546,0,40,2,3,2,1,22,38,6
3287632,0,546,0,40,2,6,2,1,30,31,6
3271770,0,546,0,40,3,9,2,1,56,68,6
3304377,0,546,0,40,3,3,2,1,8,76,6
3278758,0,546,0,40,3,5,2,1,46,51,6
3292273,0,546,0,40,3,4,2,1,30,21,6
3274961,0,546,0,40,3,8,2,1,56,33,6
3271713,0,546,0,40,2,7,2,1,70,65,6
3291575,0,546,0,40,3,5,2,1,15,33,6
3266387,0,546,0,40,2,9,2,1,94,69,6
3278986,0,546,0,40,2,7,2,1,53,80,6
3308305,0,546,0,40,2,3,2,1,6,101,6
3294935,0,546,0,40,3,4,2,1,25,57,6
3275784,0,546,0,40,3,7,2,1,44,30,6
3308112,0,546,0,40,3,2,2,1,11,50,6
3307874,0,546,0,40,2,2,2,1,9,37,6
3292163,0,546,0,40,3,6,2,1,16,50,6
3310629,0,546,0,40,2,2,2,1,6,38,6
3305670,0,546,0,40,3,3,2,1,15,39,6
3284674,0,546,0,40,3,5,2,1,43,23,6
3285732,0,546,0,40,3,8,2,1,26,66,6
3265862,0,546,0,40,3,10,2,1,36,58,6
3311581,0,546,0,40,3,1,2,1,4,98,6
3312211,0,546,0,40,2,1,2,1,4,83,6
3312964,0,546,0,40,2,1,2,1,4,21,6
3313284,0,546,0,40,3,1,2,1,4,29,6
3313514,0,546,0,40,2,1,2,1,4,21,6
3313574,0,546,0,40,3,1,2,1,4,92,6
3313712,0,546,0,40,2,1,2,1,4,87,6
3313902,0,546,0,40,2,1,2,1,4,52,6
3283548,0,546,0,40,3,5,2,1,52,47,6
3294223,0,546,0,40,2,2,2,1,32,41,6
3168689,0,546,0,40,3,21,2,1,195,16,6
3267618,0,546,0,40,2,10,2,1,74,22,6
3282910,0,546,0,40,2,4,2,1,47,32,6
3296036,0,546,0,40,3,2,2,1,27,44,6
3283420,0,546,0,40,3,3,2,1,59,69,6
3298650,0,546,0,40,2,2,2,1,25,48,6
3292075,0,546,0,40,3,4,2,1,37,30,6
3303291,0,546,0,40,3,1,2,1,23,17,6
3210637,0,546,0,40,3,21,2,1,145,37,6
3264648,0,546,0,40,3,6,2,1,88,47,6
3303396,0,546,0,40,3,1,2,1,22,27,6
3298128,0,546,0,40,2,2,2,1,26,32,6
3287481,0,546,0,40,2,4,2,1,41,18,6
3289663,0,546,0,40,3,4,2,1,38,31,6
3304730,0,546,0,40,3,1,2,1,21,41,6
3267790,0,546,0,40,3,7,2,1,67,65,6
3292283,0,546,0,40,2,3,2,1,32,19,6
3302882,0,546,0,40,3,1,2,1,20,33,6
3297635,0,546,0,40,2,3,2,1,22,69,6
3301194,0,546,0,40,2,2,2,1,22,37,6
3298689,0,546,0,40,2,3,2,1,22,50,6
3282217,0,546,0,40,2,7,2,1,41,67,6
3300203,0,546,0,40,3,2,2,1,21,36,6
3304801,0,546,0,40,2,1,2,1,18,19,6
3306327,0,546,0,40,2,1,2,1,18,25,6
3290324,0,546,0,40,2,2,2,1,39,57,6
3301660,0,546,0,40,3,2,2,1,19,41,6
3303205,0,546,0,40,2,2,2,1,18,93,6
3279980,0,546,0,40,3,5,2,1,57,58,6
3249043,0,546,0,40,2,10,2,1,63,62,6
3292180,0,546,0,40,2,4,2,1,32,55,6
3306823,0,546,0,40,3,1,2,1,17,28,6
3298587,0,546,0,40,2,2,2,1,29,66,6
3306532,0,546,0,40,3,1,2,1,16,32,6
3269603,0,546,0,40,3,9,2,1,64,49,6
3260319,0,546,0,40,3,10,2,1,66,79,6
3285729,0,546,0,40,3,4,2,1,44,38,6
3293013,0,546,0,40,3,4,2,1,26,43,6
3301963,0,546,0,40,2,3,2,1,19,73,6
3295263,0,546,0,40,2,3,2,1,30,49,6
3290337,0,546,0,40,3,4,2,1,42,35,6
3290864,0,546,0,40,3,4,2,1,38,58,6
3298746,0,546,0,40,3,2,2,1,21,18,6
3285510,0,546,0,40,3,3,2,1,41,104,6
3289449,0,546,0,40,2,5,2,1,36,63,6
3295144,0,546,0,40,2,5,2,1,20,76,6
3273061,0,546,0,40,2,9,2,1,54,33,6
3290637,0,546,0,40,2,5,2,1,32,64,6
3282842,0,546,0,40,2,8,2,1,48,26,6
3297339,0,546,0,40,2,3,2,1,27,63,6
3305364,0,546,0,40,3,2,2,1,19,66,6
3308562,0,546,0,40,2,1,2,1,14,22,6
3295529,0,546,0,40,2,2,2,1,31,63,6
3281554,0,546,0,40,2,7,2,1,44,32,6
3304055,0,546,0,40,2,2,2,1,17,56,6
3292379,0,546,0,40,3,5,2,1,22,59,6
3294710,0,546,0,40,2,3,2,1,34,36,6
3304910,0,546,0,40,3,2,2,1,16,63,6
3271735,0,546,0,40,2,10,2,1,61,70,6
3297221,0,546,0,40,2,4,2,1,23,29,6
3295919,0,546,0,40,3,3,2,1,23,25,6
3276231,0,546,0,40,3,9,2,1,43,28,6
3295819,0,546,0,40,2,4,2,1,30,13,6
3304505,0,546,0,40,2,2,2,1,17,24,6
3308223,0,546,0,40,2,1,2,1,13,34,6
3308919,0,546,0,40,2,1,2,1,13,27,6
3293597,0,546,0,40,2,2,2,1,33,31,6
3299795,0,546,0,40,3,3,2,1,18,22,6
3244021,0,546,0,40,3,17,2,1,115,41,6
3270533,0,546,0,40,3,11,2,1,61,34,6
3299642,0,546,0,40,2,3,2,1,17,40,6
3292613,0,546,0,40,3,5,2,1,30,26,6
3287059,0,546,0,40,3,7,2,1,31,50,6
3268502,0,546,0,40,3,12,2,1,80,53,6
3300552,0,546,0,40,3,3,2,1,19,28,6
3273635,0,546,0,40,3,9,2,1,69,33,6
3270863,0,546,0,40,3,10,2,1,69,39,6
3304280,0,546,0,40,2,3,2,1,16,11,6
3309478,0,546,0,40,3,1,2,1,12,39,6
3297825,0,546,0,40,2,3,2,1,20,74,6
3298235,0,546,0,40,2,2,2,1,26,44,6
3303395,0,546,0,40,2,2,2,1,17,43,6
3281700,0,546,0,40,2,9,2,1,30,28,6
3283038,0,546,0,40,3,6,2,1,40,27,6
3298506,0,546,0,40,2,3,2,1,17,14,6
3279871,0,546,0,40,3,7,2,1,40,21,6
3294262,0,546,0,40,3,4,2,1,29,70,6
3303401,0,546,0,40,2,3,2,1,16,90,6
3301502,0,546,0,40,2,3,2,1,21,21,6
3290547,0,546,0,40,3,4,2,1,32,20,6
3306493,0,546,0,40,3,2,2,1,15,55,6
3308533,0,546,0,40,2,1,2,1,11,17,6
3309783,0,546,0,40,2,1,2,1,11,41,6
3270016,0,546,0,40,2,6,2,1,77,53,6
3293504,0,546,0,40,2,3,2,1,30,72,6
3289287,0,546,0,40,3,6,2,1,35,15,6
3267919,0,546,0,40,2,7,2,1,46,57,6
3286818,0,546,0,40,2,5,2,1,38,73,6
3268621,0,546,0,40,2,12,2,1,67,20,6
3264607,0,546,0,40,2,4,2,1,19,51,6
3275342,0,546,0,40,2,6,2,1,62,24,6
3295428,0,546,0,40,3,4,2,1,26,54,6
3269723,0,546,0,40,2,10,2,1,59,43,6
3305270,0,546,0,40,3,2,2,1,16,42,6
3305378,0,546,0,40,2,2,2,1,15,9,6
3305533,0,546,0,40,3,2,2,1,12,55,6
3296587,0,546,0,40,2,2,2,1,33,41,6
3281213,0,546,0,40,3,7,2,1,46,36,6
3265807,0,546,0,40,3,3,2,1,19,32,6
3291150,0,546,0,40,3,4,2,1,35,37,6
3303678,0,546,0,40,3,2,2,1,18,27,6
3284421,0,546,0,40,2,7,2,1,31,54,6
3309554,0,546,0,40,2,2,2,1,11,51,6
3309781,0,546,0,40,2,1,2,1,10,28,6
3310050,0,546,0,40,2,1,2,1,10,26,6
3310864,0,546,0,40,3,1,2,1,10,40,6
3310952,0,546,0,40,2,1,2,1,10,39,6
3311020,0,546,0,40,3,1,2,1,10,42,6
3276485,0,546,0,40,2,7,2,1,44,36,6
3304899,0,546,0,40,3,2,2,1,10,59,6
3305065,0,546,0,40,2,2,2,1,11,29,6
3301508,0,546,0,40,3,3,2,1,12,26,6
3286368,0,546,0,40,2,6,2,1,35,29,6
3285613,0,546,0,40,3,7,2,1,32,54,6
3273341,0,546,0,40,3,9,2,1,57,31,6
3271891,0,546,0,40,2,12,2,1,63,29,6
3272037,0,546,0,40,3,8,2,1,55,17,6
3292102,0,546,0,40,2,5,2,1,35,10,6
3301027,0,546,0,40,3,3,2,1,13,36,6
3279978,0,546,0,40,3,10,2,1,39,76,6
3304483,0,546,0,40,3,2,2,1,17,25,6
3306124,0,546,0,40,3,2,2,1,13,30,6
3303528,0,546,0,40,2,3,2,1,14,33,6
3307844,0,546,0,40,3,2,2,1,11,25,6
3307658,0,546,0,40,2,2,2,1,10,60,6
3297758,0,546,0,40,3,2,2,1,31,8,6
3286665,0,546,0,40,2,6,2,1,38,5,6
3256631,0,546,0,40,3,10,2,1,87,53,6
3307463,0,546,0,40,2,2,2,1,13,29,6
3296963,0,546,0,40,3,5,2,1,22,57,6
3310573,0,546,0,40,3,1,2,1,9,26,6
3311216,0,546,0,40,3,1,2,1,9,40,6
3311664,0,546,0,40,3,1,2,1,9,38,6
3291988,0,546,0,40,2,2,2,1,33,35,6
3304145,0,546,0,40,3,2,2,1,15,46,6
3281734,0,546,0,40,3,4,2,1,53,84,6
3277628,1,546,505,40,2,7,2,1,56,41,6
3306151,0,546,0,40,3,2,2,1,12,66,6
3287319,0,546,0,40,2,4,2,1,34,40,6
3292846,0,546,0,40,2,6,2,1,22,35,6
3267545,0,546,0,40,2,5,2,1,22,115,6
3279293,0,546,0,40,2,5,2,1,52,64,6
3305154,0,546,0,40,2,2,2,1,15,55,6
3283452,0,546,0,40,3,8,2,1,31,96,6
3294593,0,546,0,40,2,4,2,1,20,45,6
3273015,0,546,0,40,2,7,2,1,65,32,6
3283012,0,546,0,40,3,6,2,1,41,49,6
3306237,0,546,0,40,3,2,2,1,14,50,6
3258290,0,546,0,40,3,10,2,1,64,30,6
3269795,0,546,0,40,2,10,2,1,65,60,6
3296599,1,546,533,28.3665,3,2,2,1,33,66,6
3303347,0,546,0,40,3,2,2,1,20,31,6
3293131,0,546,0,40,3,4,2,1,25,33,6
3302966,0,546,0,40,2,3,2,1,16,24,6
3309236,0,546,0,40,2,2,2,1,9,47,6
3308342,0,546,0,40,3,2,2,1,12,33,6
3309658,0,546,0,40,3,2,2,1,10,64,6
3298968,0,546,0,40,2,6,2,1,15,35,6
3310438,0,546,0,40,3,2,2,1,9,74,6
3311063,0,546,0,40,3,1,2,1,8,50,6
3311415,0,546,0,40,3,1,2,1,8,48,6
3311599,0,546,0,40,2,1,2,1,8,17,6
3312058,0,546,0,40,3,1,2,1,8,48,6
3312200,0,546,0,40,2,1,2,1,8,46,6
3285939,0,546,0,40,3,5,2,1,26,47,6
3301757,0,546,0,40,3,2,2,1,16,40,6
3291000,0,546,0,40,2,5,2,1,22,28,6
3288592,0,546,0,40,3,5,2,1,29,42,6
3277732,0,546,0,40,3,7,2,1,46,43,6
3291649,0,546,0,40,2,2,2,1,37,76,6
3265355,0,546,0,40,2,7,2,1,46,37,6
3302974,0,546,0,40,2,2,2,1,15,35,6
3290567,0,546,0,40,2,6,2,1,28,60,6
3280025,1,546,514,31.8428,2,7,2,1,41,35,6
3306679,0,546,0,40,2,2,2,1,11,33,6
3298997,0,546,0,40,3,3,2,1,21,38,6
3282780,0,546,0,40,3,6,2,1,48,46,6
3294185,0,546,0,40,2,4,2,1,23,45,6
3288787,0,546,0,40,2,5,2,1,29,20,6
3265358,0,546,0,40,3,7,2,1,71,28,6
3273087,0,546,0,40,3,10,2,1,54,14,6
3293310,0,546,0,40,2,3,2,1,31,49,6
3279350,0,546,0,40,3,6,2,1,60,49,6
3296690,0,546,0,40,3,5,2,1,21,38,6
3292607,0,546,0,40,3,5,2,1,24,28,6
3297539,0,546,0,40,3,3,2,1,26,41,6
3288184,0,546,0,40,2,4,2,1,39,50,6
3265075,0,546,0,40,2,8,2,1,29,36,6
3274879,0,546,0,40,2,9,2,1,56,32,6
3264585,0,546,0,40,2,9,2,1,73,37,6
3178424,1,546,126,40,3,25,2,1,170,32,6
3300355,0,546,0,40,3,4,2,1,12,34,6
3299294,0,546,0,40,2,3,2,1,19,32,6
3272671,0,546,0,40,3,10,2,1,61,46,6
3272417,0,546,0,40,3,8,2,1,77,50,6
3262766,0,546,0,40,2,8,2,1,40,38,6
3279744,1,546,507,16.0935,3,8,2,1,49,97,6
3310627,0,546,0,40,3,1,2,1,7,60,6
3311433,0,546,0,40,3,1,2,1,7,24,6
3311765,0,546,0,40,3,1,2,1,7,57,6
3311989,0,546,0,40,3,1,2,1,7,58,6
3312416,0,546,0,40,2,1,2,1,7,28,6
3312676,0,546,0,40,3,1,2,1,7,46,6
3273769,0,546,0,40,2,8,2,1,56,27,6
3269703,0,546,0,40,2,10,2,1,64,47,6
3274701,0,546,0,40,3,11,2,1,49,25,6
3303386,0,546,0,40,3,3,2,1,10,24,6
3270519,0,546,0,40,3,10,2,1,56,30,6
3273897,0,546,0,40,3,10,2,1,43,40,6
3298773,0,546,0,40,3,3,2,1,20,47,6
3288361,0,546,0,40,3,5,2,1,37,75,6
3270304,0,546,0,40,2,9,2,1,75,37,6
3288859,0,546,0,40,2,6,2,1,28,29,6
3287702,0,546,0,40,3,6,2,1,32,47,6
3302028,0,546,0,40,3,3,2,1,17,42,6
3286440,0,546,0,40,2,4,2,1,42,62,6
3295520,0,546,0,40,3,3,2,1,21,52,6
3306147,0,546,0,40,2,2,2,1,14,17,6
3285243,0,546,0,40,2,4,2,1,47,57,6
3308093,0,546,0,40,3,2,2,1,11,60,6
3298994,0,546,0,40,3,4,2,1,14,35,6
3265250,0,546,0,40,2,3,2,1,26,28,6
3300713,0,546,0,40,2,5,2,1,12,61,6
3289699,0,546,0,40,2,7,2,1,31,17,6
3289590,0,546,0,40,3,5,2,1,28,34,6
3288886,0,546,0,40,2,6,2,1,28,37,6
3295486,0,546,0,40,2,5,2,1,26,72,6
3288328,0,546,0,40,3,5,2,1,29,16,6
3308941,0,546,0,40,2,2,2,1,10,77,6
3309308,0,546,0,40,2,2,2,1,9,32,6
3267641,0,546,0,40,3,3,2,1,35,94,6
3294860,0,546,0,40,2,5,2,1,22,48,6
3296068,0,546,0,40,2,4,2,1,28,42,6
3306504,0,546,0,40,2,2,2,1,14,42,6
3296504,1,546,536,30.0292,2,4,2,1,27,14,6
3283238,0,546,0,40,2,6,2,1,38,36,6
3302024,0,546,0,40,2,3,2,1,20,87,6
3283690,0,546,0,40,3,8,2,1,45,45,6
3270159,0,546,0,40,2,12,2,1,64,23,6
3309912,0,546,0,40,2,1,2,1,6,20,6
3312071,0,546,0,40,3,1,2,1,6,30,6
3312183,0,546,0,40,3,1,2,1,6,44,6
3312383,0,546,0,40,2,1,2,1,6,31,6
3312551,0,546,0,40,3,1,2,1,6,37,6
3313041,0,546,0,40,3,1,2,1,6,22,6
3313363,0,546,0,40,2,1,2,1,6,44,6
3313437,0,546,0,40,3,1,2,1,6,53,6
3313469,0,546,0,40,2,1,2,1,6,66,6
3307188,0,546,0,40,2,2,2,1,7,40,6
3303833,0,546,0,40,3,2,2,1,15,33,6
3283460,1,546,519,32.7388,2,7,2,1,34,64,6
3278075,0,546,0,40,2,8,2,1,49,65,6
3296385,0,546,0,40,2,4,2,1,19,39,6
3303496,0,546,0,40,2,3,2,1,13,28,6
3265933,0,546,0,40,3,5,2,1,20,62,6
3279786,0,546,0,40,2,8,2,1,41,46,6
3296850,0,546,0,40,3,5,2,1,22,66,6
3308888,0,546,0,40,2,2,2,1,6,60,6
3263992,0,546,0,40,3,9,2,1,70,26,6
3273123,0,546,0,40,2,7,2,1,71,26,6
3308322,0,546,0,40,2,2,2,1,9,73,6
3306962,0,546,0,40,3,2,2,1,8,52,6
3297966,0,546,0,40,3,3,2,1,23,43,6
3306799,0,546,0,40,3,3,2,1,8,36,6
3269803,0,546,0,40,3,10,2,1,68,44,6
3276294,0,546,0,40,3,9,2,1,44,38,6
3307925,0,546,0,40,2,2,2,1,11,56,6
3285292,0,546,0,40,2,6,2,1,38,41,6
3282271,0,546,0,40,3,8,2,1,34,56,6
3277377,0,546,0,40,3,9,2,1,42,34,6
3273053,0,546,0,40,3,11,2,1,59,39,6
3271803,0,546,0,40,3,13,2,1,56,56,6
3309487,0,546,0,40,3,2,2,1,7,29,6
3301966,0,546,0,40,2,4,2,1,9,26,6
3305871,0,546,0,40,2,3,2,1,12,37,6
3265509,0,546,0,40,2,5,2,1,59,24,6
3284519,0,546,0,40,2,7,2,1,33,20,6
3286799,0,546,0,40,2,6,2,1,40,75,6
3310420,0,546,0,40,3,2,2,1,6,42,6
3311602,0,546,0,40,3,2,2,1,6,68,6
3276031,0,546,0,40,3,9,2,1,54,71,6
3265956,0,546,0,40,2,5,2,1,19,64,6
3308540,0,546,0,40,3,3,2,1,10,40,6
3293676,0,546,0,40,3,6,2,1,20,38,6
3293629,0,546,0,40,2,4,2,1,27,18,6
3304734,0,546,0,40,2,3,2,1,16,19,6
3310114,0,546,0,40,2,2,2,1,10,42,6
3312872,0,546,0,40,3,1,2,1,5,54,6
3313392,0,546,0,40,3,1,2,1,5,38,6
3313542,0,546,0,40,2,1,2,1,5,41,6
3313806,0,546,0,40,2,1,2,1,5,42,6
3313966,0,546,0,40,3,1,2,1,5,32,6
3314042,0,546,0,40,2,1,2,1,5,24,6
3306800,0,546,0,40,3,2,2,1,5,28,6
3302311,0,546,0,40,2,3,2,1,10,33,6
3296468,0,546,0,40,3,4,2,1,14,56,6
3286648,0,546,0,40,3,5,2,1,35,21,6
3308935,0,546,0,40,2,2,2,1,5,18,6
3267837,0,546,0,40,3,13,2,1,79,21,6
3304581,0,546,0,40,3,2,2,1,10,57,6
3290801,0,546,0,40,3,6,2,1,21,57,6
3275737,0,546,0,40,2,5,2,1,56,58,6
3267401,0,546,0,40,3,5,2,1,40,40,6
3281579,0,546,0,40,3,6,2,1,38,62,6
3297565,0,546,0,40,3,3,2,1,22,24,6
3269468,0,546,0,40,2,8,2,1,79,31,6
3282387,0,546,0,40,2,7,2,1,26,40,6
3297290,0,546,0,40,2,4,2,1,17,71,6
3271988,1,546,525,40,2,13,2,1,55,27,6
3299878,0,546,0,40,3,3,2,1,19,41,6
3303934,0,546,0,40,3,2,2,1,14,52,6
3296516,0,546,0,40,2,4,2,1,15,29,6
3294147,0,546,0,40,2,4,2,1,23,68,6
3304928,0,546,0,40,3,3,2,1,11,37,6
3292146,0,546,0,40,2,5,2,1,23,14,6
3303361,0,546,0,40,2,4,2,1,13,78,6
3263700,0,546,0,40,2,11,2,1,63,45,6
3287353,0,546,0,40,2,5,2,1,38,40,6
3308063,0,546,0,40,3,2,2,1,11,37,6
3304871,0,546,0,40,2,3,2,1,11,81,6
3266861,0,546,0,40,2,9,2,1,85,106,6
3308102,0,546,0,40,2,2,2,1,6,62,6
3297632,0,546,0,40,2,5,2,1,16,32,6
3302488,0,546,0,40,3,3,2,1,18,52,6
3307438,0,546,0,40,2,2,2,1,13,58,6
3302432,0,546,0,40,2,3,2,1,17,48,6
3308418,0,546,0,40,2,2,2,1,11,36,6
3287028,0,546,0,40,3,8,2,1,36,46,6
3306348,0,546,0,40,2,3,2,1,12,76,6
3309669,0,546,0,40,2,2,2,1,7,91,6
3269056,0,546,0,40,3,8,2,1,70,17,6
3291944,0,546,0,40,2,7,2,1,21,36,6
3277593,0,546,0,40,3,8,2,1,45,28,6
3292036,0,546,0,40,3,5,2,1,25,27,6
3264365,0,546,0,40,2,7,2,1,48,32,6
3299477,0,546,0,40,3,4,2,1,15,45,6
3312394,0,546,0,40,2,2,2,1,5,31,6
3296123,0,546,0,40,3,4,2,1,25,23,6
3310223,0,546,0,40,3,2,2,1,10,67,6
3311771,0,546,0,40,2,1,2,1,4,32,6
3312309,0,546,0,40,3,1,2,1,4,40,6
3312922,0,546,0,40,2,1,2,1,4,31,6
3313010,0,546,0,40,2,1,2,1,4,42,6
3313466,0,546,0,40,2,1,2,1,4,38,6
3313955,0,546,0,40,3,1,2,1,4,33,6
3314157,0,546,0,40,2,1,2,1,4,36,6
3314295,0,546,0,40,2,1,2,1,4,46,6
3314347,0,546,0,40,2,1,2,1,4,63,6
3314495,0,546,0,40,2,1,2,1,4,39,6
3314591,0,546,0,40,3,1,2,1,4,30,6
3291058,0,546,0,40,3,3,2,1,39,40,6
3295938,0,546,0,40,2,3,2,1,32,89,6
3296043,0,546,0,40,3,2,2,1,35,46,6
3293379,0,546,0,40,3,3,2,1,34,70,6
3271355,0,546,0,40,3,9,2,1,78,68,6
3288074,0,546,0,40,2,4,2,1,38,34,6
3297683,0,546,0,40,3,2,2,1,32,68,6
3275537,0,546,0,40,3,9,2,1,52,26,6
3297492,0,546,0,40,3,2,2,1,26,61,6
3265945,0,546,0,40,2,7,2,1,49,39,6
3252076,0,546,0,40,3,8,2,1,61,52,6
3277708,0,546,0,40,3,7,2,1,44,69,6
3305379,0,546,0,40,2,1,2,1,19,55,6
3305507,0,546,0,40,2,1,2,1,19,42,6
3293862,0,546,0,40,3,2,2,1,30,25,6
3288347,0,546,0,40,2,4,2,1,41,88,6
3280241,0,546,0,40,2,7,2,1,46,36,6
3294337,0,546,0,40,2,2,2,1,37,52,6
3306038,0,546,0,40,3,1,2,1,18,63,6
3306867,0,546,0,40,2,1,2,1,18,23,6
3266404,0,546,0,40,3,9,2,1,62,66,6
3293518,0,546,0,40,2,4,2,1,29,56,6
3280250,0,546,0,40,3,5,2,1,60,37,6
3282121,0,546,0,40,2,6,2,1,39,40,6
3285159,0,546,0,40,2,4,2,1,48,20,6
3294786,0,546,0,40,2,3,2,1,32,62,6
3268210,0,546,0,40,2,11,2,1,80,33,6
3281690,0,546,0,40,3,6,2,1,48,73,6
3305635,0,546,0,40,3,2,2,1,17,39,6
3301570,0,546,0,40,2,2,2,1,17,71,6
3283951,0,546,0,40,3,6,2,1,35,37,6
3282965,0,546,0,40,3,5,2,1,50,19,6
3302322,0,546,0,40,2,3,2,1,20,30,6
3286399,0,546,0,40,3,6,2,1,39,21,6
3272584,0,546,0,40,2,10,2,1,50,42,6
3268295,0,546,0,40,3,4,2,1,44,71,6
3304916,0,546,0,40,3,2,2,1,19,53,6
3299895,0,546,0,40,3,3,2,1,25,31,6
3308491,0,546,0,40,3,1,2,1,14,31,6
3309001,0,546,0,40,2,1,2,1,14,20,6
3309205,0,546,0,40,2,1,2,1,14,47,6
3283219,0,546,0,40,2,6,2,1,38,29,6
3294285,0,546,0,40,3,4,2,1,25,30,6
3302052,0,546,0,40,3,2,2,1,22,28,6
3306186,0,546,0,40,3,2,2,1,14,24,6
3282149,0,546,0,40,3,5,2,1,53,76,6
3286861,0,546,0,40,3,5,2,1,35,50,6
3306264,0,546,0,40,3,1,2,1,13,22,6
3309476,0,546,0,40,3,1,2,1,13,57,6
3309670,0,546,0,40,2,1,2,1,13,24,6
3276536,0,546,0,40,2,8,2,1,53,27,6
3266765,0,546,0,40,3,3,2,1,52,12,6
3303745,0,546,0,40,2,2,2,1,17,34,6
3291149,0,546,0,40,2,4,2,1,23,48,6
3265000,0,546,0,40,3,8,2,1,62,41,6
3291216,0,546,0,40,2,5,2,1,34,47,6
3294990,0,546,0,40,3,3,2,1,31,38,6
3303346,0,546,0,40,3,2,2,1,20,58,6
3307576,0,546,0,40,3,2,2,1,15,25,6
3281408,0,546,0,40,3,5,2,1,51,23,6
3288620,0,546,0,40,3,4,2,1,44,40,6
3301917,0,546,0,40,2,4,2,1,19,26,6
3309499,0,546,0,40,2,1,2,1,12,60,6
3309963,0,546,0,40,3,1,2,1,12,85,6
3273997,0,546,0,40,3,8,2,1,49,24,6
3289792,0,546,0,40,3,4,2,1,39,14,6
3296820,0,546,0,40,2,3,2,1,27,42,6
3304421,0,546,0,40,3,2,2,1,13,33,6
3286495,0,546,0,40,2,5,2,1,39,37,6
3303362,0,546,0,40,2,3,2,1,14,47,6
3282803,0,546,0,40,2,8,2,1,40,55,6
3261422,0,546,0,40,3,12,2,1,71,59,6
3299432,0,546,0,40,2,3,2,1,22,54,6
3307553,0,546,0,40,3,2,2,1,14,53,6
3284714,0,546,0,40,2,6,2,1,37,24,6
3289928,0,546,0,40,3,6,2,1,29,47,6
3309878,0,546,0,40,3,1,2,1,11,86,6
3310314,0,546,0,40,3,1,2,1,11,54,6
3311068,0,546,0,40,3,1,2,1,11,18,6
3278872,0,546,0,40,3,9,2,1,32,41,6
3290757,0,546,0,40,2,5,2,1,27,19,6
3301709,0,546,0,40,3,2,2,1,19,47,6
3270726,0,546,0,40,3,12,2,1,58,42,6
3279747,0,546,0,40,3,7,2,1,46,38,6
3283598,0,546,0,40,3,8,2,1,32,85,6
3306118,0,546,0,40,3,2,2,1,13,69,6
3273227,0,546,0,40,2,11,2,1,58,32,6
3307464,0,546,0,40,3,2,2,1,12,73,6
3269250,0,546,0,40,3,13,2,1,58,56,6
3298045,0,546,0,40,2,3,2,1,25,44,6
3305810,1,546,542,24.3944,3,2,2,1,17,41,6
3300450,0,546,0,40,2,3,2,1,17,42,6
3290424,0,546,0,40,3,5,2,1,31,54,6
3279249,0,546,0,40,2,6,2,1,58,27,6
3294092,0,546,0,40,2,6,2,1,22,23,6
3311106,0,546,0,40,3,1,2,1,10,53,6
3311212,0,546,0,40,2,1,2,1,10,53,6
3311504,0,546,0,40,2,1,2,1,10,54,6
3311526,0,546,0,40,3,1,2,1,10,40,6
3311642,0,546,0,40,2,1,2,1,10,45,6
3278568,0,546,0,40,3,6,2,1,41,24,6
3280190,0,546,0,40,3,6,2,1,46,46,6
3268224,0,546,0,40,2,7,2,1,61,58,6
3257408,0,546,0,40,3,10,2,1,58,66,6
3282890,0,546,0,40,2,9,2,1,33,51,6
3287354,1,546,532,33.0508,2,3,2,1,46,26,6
3284600,0,546,0,40,2,3,2,1,50,43,6
3306479,0,546,0,40,3,2,2,1,15,16,6
3299663,0,546,0,40,3,4,2,1,20,57,6
3270091,0,546,0,40,3,8,2,1,67,83,6
3309682,0,546,0,40,3,2,2,1,10,28,6
3291928,0,546,0,40,3,4,2,1,36,25,6
3311363,0,546,0,40,2,1,2,1,9,39,6
3311627,0,546,0,40,3,1,2,1,9,49,6
3311808,0,546,0,40,3,1,2,1,9,36,6
3312186,0,546,0,40,3,1,2,1,9,57,6
3306965,0,546,0,40,2,2,2,1,9,73,6
3301240,0,546,0,40,3,4,2,1,19,29,6
3276899,0,546,0,40,2,6,2,1,52,37,6
3268197,0,546,0,40,2,12,2,1,59,31,6
3300136,0,546,0,40,3,2,2,1,24,58,6
3264026,0,546,0,40,2,5,2,1,53,57,6
3290203,0,546,0,40,2,5,2,1,25,33,6
3286430,0,546,0,40,3,7,2,1,44,58,6
3283564,0,546,0,40,3,7,2,1,34,73,6
3264253,0,546,0,40,3,5,2,1,29,26,6
3297934,0,546,0,40,2,4,2,1,26,36,6
3307064,0,546,0,40,3,2,2,1,13,74,6
3290077,0,546,0,40,2,5,2,1,26,55,6
3305743,0,546,0,40,2,3,2,1,12,51,6
3289399,0,546,0,40,3,4,2,1,36,23,6
3294628,0,546,0,40,2,7,2,1,21,57,6
3274550,0,546,0,40,2,11,2,1,49,59,6
3293747,0,546,0,40,3,4,2,1,29,34,6
3302739,0,546,0,40,3,3,2,1,11,59,6
3267638,0,546,0,40,2,6,2,1,46,30,6
3287586,0,546,0,40,3,6,2,1,32,18,6
3307160,0,546,0,40,2,2,2,1,15,53,6
3298726,0,546,0,40,3,4,2,1,17,35,6
3305145,0,546,0,40,3,2,2,1,18,46,6
3278614,0,546,0,40,3,6,2,1,51,29,6
3310669,0,546,0,40,3,2,2,1,9,32,6
3311273,0,546,0,40,2,1,2,1,8,37,6
3311741,0,546,0,40,2,1,2,1,8,56,6
3312316,0,546,0,40,2,1,2,1,8,47,6
3305755,0,546,0,40,3,2,2,1,8,24,6
3277951,0,546,0,40,2,6,2,1,48,22,6
3305739,0,546,0,40,2,2,2,1,11,24,6
3307033,0,546,0,40,2,2,2,1,8,53,6
3302511,0,546,0,40,2,2,2,1,18,47,6
3265986,0,546,0,40,3,5,2,1,21,66,6
3301867,0,546,0,40,3,2,2,1,19,45,6
3282376,0,546,0,40,3,7,2,1,40,43,6
3286807,0,546,0,40,3,7,2,1,23,42,6
3273950,0,546,0,40,3,9,2,1,51,47,6
3266039,0,546,0,40,2,6,2,1,39,82,6
3293203,0,546,0,40,3,3,2,1,31,90,6
3287243,0,546,0,40,3,7,2,1,32,8,6
3266954,0,546,0,40,3,10,2,1,49,48,6
3307823,0,546,0,40,2,3,2,1,9,36,6
3271734,0,546,0,40,2,9,2,1,62,35,6
3270743,0,546,0,40,3,11,2,1,53,90,6
3299009,0,546,0,40,3,5,2,1,19,50,6
3271748,1,546,542,20.3686,3,9,2,1,75,32,6
3274385,0,546,0,40,3,9,2,1,50,33,6
3284965,0,546,0,40,2,5,2,1,36,42,6
3301416,0,546,0,40,3,4,2,1,17,45,6
3298569,0,546,0,40,2,3,2,1,30,52,6
3306706,0,546,0,40,2,2,2,1,13,74,6
3266738,0,546,0,40,2,7,2,1,35,51,6
3264444,0,546,0,40,2,9,2,1,43,85,6
3264674,0,546,0,40,3,9,2,1,74,15,6
3309071,0,546,0,40,3,3,2,1,11,60,6
3270155,0,546,0,40,3,10,2,1,67,55,6
3265197,0,546,0,40,2,6,2,1,32,47,6
3303646,0,546,0,40,2,4,2,1,13,64,6
3310603,0,546,0,40,3,1,2,1,7,33,6
3312515,0,546,0,40,3,1,2,1,7,84,6
3312711,0,546,0,40,2,1,2,1,7,36,6
3312927,0,546,0,40,2,1,2,1,7,56,6
3313119,0,546,0,40,2,1,2,1,7,23,6
3298302,0,546,0,40,2,2,2,1,20,38,6
3300930,1,546,542,27.9985,3,3,2,1,15,45,6
3301281,0,546,0,40,2,3,2,1,15,44,6
3286801,0,546,0,40,3,5,2,1,41,26,6
3306017,0,546,0,40,3,2,2,1,12,39,6
3308105,0,546,0,40,2,3,2,1,9,60,6
3270701,0,546,0,40,2,7,2,1,71,50,6
3302124,0,546,0,40,2,2,2,1,21,73,6
3301036,0,546,0,40,3,3,2,1,18,22,6
3290276,0,546,0,40,3,6,2,1,20,25,6
3272301,0,546,0,40,3,12,2,1,51,19,6
3272105,0,546,0,40,3,9,2,1,63,64,6
3263285,0,546,0,40,2,10,2,1,38,59,6
3261578,0,546,0,40,3,4,2,1,27,41,6
3307648,0,546,0,40,3,2,2,1,11,54,6
3308843,0,546,0,40,3,2,2,1,10,49,6
3309806,0,546,0,40,2,2,2,1,9,65,6
3281537,0,546,0,40,3,7,2,1,34,36,6
3270562,0,546,0,40,2,10,2,1,68,41,6
3302594,0,546,0,40,3,3,2,1,16,37,6
3281001,0,546,0,40,3,9,2,1,40,32,6
3309064,0,546,0,40,2,2,2,1,10,25,6
3266076,0,546,0,40,3,15,2,1,88,71,6
3285888,0,546,0,40,2,5,2,1,41,49,6
3272030,0,546,0,40,2,14,2,1,50,19,6
3305216,0,546,0,40,2,3,2,1,17,39,6
3308559,0,546,0,40,3,2,2,1,13,23,6
3271185,0,546,0,40,2,9,2,1,73,48,6
3306229,0,546,0,40,2,3,2,1,14,39,6
3312179,0,546,0,40,3,1,2,1,6,57,6
3312337,0,546,0,40,3,1,2,1,6,25,6
3312689,0,546,0,40,3,1,2,1,6,32,6
3313016,0,546,0,40,3,1,2,1,6,23,6
3313204,0,546,0,40,3,1,2,1,6,37,6
3313424,0,546,0,40,3,1,2,1,6,24,6
3313740,0,546,0,40,3,1,2,1,6,53,6
3313956,0,546,0,40,2,1,2,1,6,37,6
3300306,0,546,0,40,3,4,2,1,12,23,6
3306387,0,546,0,40,3,2,2,1,11,51,6
3297699,0,546,0,40,3,5,2,1,13,35,6
3276681,0,546,0,40,3,8,2,1,47,54,6
3298391,0,546,0,40,2,3,2,1,18,75,6
3297113,0,546,0,40,3,5,2,1,15,59,6
3275616,0,546,0,40,2,10,2,1,43,69,6
3270029,0,546,0,40,2,7,2,1,79,50,6
3300792,0,546,0,40,2,4,2,1,18,77,6
3305014,0,546,0,40,3,3,2,1,10,17,6
3304907,0,546,0,40,2,3,2,1,10,25,6
3264916,1,546,504,39.4385,2,9,2,1,40,41,6
3278781,0,546,0,40,2,9,2,1,48,41,6
3273501,0,546,0,40,2,9,2,1,61,58,6
3299397,0,546,0,40,3,3,2,1,24,71,6
3304650,0,546,0,40,3,3,2,1,10,33,6
3293277,0,546,0,40,3,6,2,1,16,36,6
3295605,0,546,0,40,3,3,2,1,30,60,6
3299246,1,546,542,33.706,2,2,2,1,21,32,6
3305844,0,546,0,40,3,2,2,1,16,52,6
3304809,0,546,0,40,2,2,2,1,15,31,6
3285876,0,546,0,40,3,7,2,1,29,90,6
3298743,0,546,0,40,2,3,2,1,22,32,6
3297026,0,546,0,40,3,4,2,1,20,98,6
3296873,0,546,0,40,2,5,2,1,23,36,6
3277485,0,546,0,40,3,10,2,1,41,42,6
3285432,0,546,0,40,2,7,2,1,34,42,6
3284926,0,546,0,40,2,7,2,1,39,30,6
3298777,0,546,0,40,2,4,2,1,20,34,6
3287029,0,546,0,40,3,5,2,1,38,70,6
3300909,0,546,0,40,3,5,2,1,10,47,6
3288733,0,546,0,40,2,6,2,1,35,34,6
3311360,0,546,0,40,3,2,2,1,9,97,6
3276636,0,546,0,40,2,10,2,1,43,64,6
3313101,0,546,0,40,2,2,2,1,6,40,6
3313370,0,546,0,40,2,1,2,1,5,47,6
3313655,0,546,0,40,2,1,2,1,5,135,6
3313799,0,546,0,40,3,1,2,1,5,97,6
3314389,0,546,0,40,2,1,2,1,5,45,6
3314539,0,546,0,40,3,1,2,1,5,44,6
3314565,0,546,0,40,2,1,2,1,5,33,6
3314621,0,546,0,40,3,1,2,1,5,25,6
3284818,0,546,0,40,3,6,2,1,39,98,6
3297219,0,546,0,40,3,3,2,1,22,26,6
3264911,0,546,0,40,3,7,2,1,37,26,6
3300671,0,546,0,40,2,3,2,1,17,53,6
3306433,0,546,0,40,3,2,2,1,11,13,6
3275872,0,546,0,40,2,9,2,1,45,23,6
3296649,0,546,0,40,3,5,2,1,17,45,6
3308926,0,546,0,40,2,2,2,1,5,27,6
3299128,1,546,542,31.4869,2,2,2,1,25,65,6
3306819,0,546,0,40,3,2,2,1,12,76,6
3297217,0,546,0,40,3,7,2,1,13,40,6
3300958,0,546,0,40,2,4,2,1,13,27,6
3282782,0,546,0,40,3,8,2,1,35,57,6
3298123,0,546,0,40,2,5,2,1,13,36,6
3292582,0,546,0,40,2,9,2,1,21,42,6
3273509,0,546,0,40,3,12,2,1,47,56,6
3307173,0,546,0,40,3,3,2,1,7,32,6
3302715,0,546,0,40,2,4,2,1,16,30,6
3309183,0,546,0,40,2,3,2,1,6,75,6
3301980,0,546,0,40,2,2,2,1,23,19,6
3291314,0,546,0,40,3,4,2,1,38,37,6
3293633,0,546,0,40,2,4,2,1,32,18,6
3274421,0,546,0,40,2,9,2,1,49,63,6
3280714,0,546,0,40,2,8,2,1,38,32,6
3308202,0,546,0,40,2,2,2,1,11,32,6
3293951,0,546,0,40,2,5,2,1,29,93,6
3269779,0,546,0,40,2,10,2,1,65,36,6
3297778,0,546,0,40,3,4,2,1,21,51,6
3299360,0,546,0,40,2,4,2,1,10,30,6
3308493,0,546,0,40,3,2,2,1,7,39,6
3270192,0,546,0,40,3,9,2,1,82,66,6
3311087,0,546,0,40,3,2,2,1,5,47,6
3297561,0,546,0,40,3,3,2,1,28,32,6
3257099,0,546,0,40,2,11,2,1,94,53,6
3281692,1,546,525,40,2,8,2,1,50,51,6
3296415,0,546,0,40,3,5,2,1,24,111,6
3214572,0,546,0,40,3,18,2,1,104,68,6
3284329,0,546,0,40,3,5,2,1,39,32,6
3311482,0,546,0,40,2,2,2,1,7,35,6
3309409,0,546,0,40,2,2,2,1,6,31,6
3303909,0,546,0,40,2,4,2,1,10,18,6
3288332,0,546,0,40,2,4,2,1,44,36,6
3305640,0,546,0,40,3,3,2,1,13,22,6
3267474,0,546,0,40,3,8,2,1,57,34,6
3293019,0,546,0,40,2,5,2,1,27,61,6
3302200,0,546,0,40,2,4,2,1,12,73,6
3310092,0,546,0,40,3,2,2,1,8,60,6
3289125,0,546,0,40,3,7,2,1,30,46,6
3303351,0,546,0,40,2,4,2,1,10,33,6
3280704,0,546,0,40,3,8,2,1,35,74,6
3263630,1,546,504,23.0705,3,9,2,1,54,34,6
3312059,0,546,0,40,3,1,2,1,4,27,6
3313086,0,546,0,40,2,1,2,1,4,47,6
3313597,0,546,0,40,3,1,2,1,4,62,6
3313717,0,546,0,40,2,1,2,1,4,51,6
3314080,0,546,0,40,3,1,2,1,4,55,6
3314424,0,546,0,40,3,1,2,1,4,37,6
3314692,0,546,0,40,2,1,2,1,4,39,6
3314834,0,546,0,40,3,1,2,1,4,27,6
3315110,0,546,0,40,3,1,2,1,4,25,6
3277134,0,546,0,40,2,5,2,1,66,61,6
3260705,0,546,0,40,3,8,2,1,68,47,6
3297090,0,546,0,40,3,2,2,1,29,25,6
3255728,0,546,0,40,3,7,2,1,61,58,6
3286402,0,546,0,40,2,5,2,1,40,66,6
3285165,0,546,0,40,2,5,2,1,45,39,6
3303454,0,546,0,40,3,1,2,1,22,33,6
3278356,0,546,0,40,3,5,2,1,54,70,6
3305354,0,546,0,40,3,1,2,1,21,37,6
3269805,0,546,0,40,2,8,2,1,79,6,6
3304095,0,546,0,40,3,2,2,1,23,23,6
3300418,0,546,0,40,2,2,2,1,22,27,6
3295880,0,546,0,40,3,3,2,1,32,35,6
3305688,0,546,0,40,3,2,2,1,21,25,6
3306807,0,546,0,40,2,1,2,1,19,17,6
3284248,0,546,0,40,3,6,2,1,36,99,6
3298456,0,546,0,40,2,3,2,1,22,20,6
3295023,0,546,0,40,3,3,2,1,31,76,6
3276239,0,546,0,40,3,11,2,1,43,29,6
3258899,0,546,0,40,3,5,2,1,45,42,6
3294237,0,546,0,40,3,4,2,1,23,18,6
3276390,0,546,0,40,3,8,2,1,54,68,6
3297864,0,546,0,40,3,3,2,1,30,43,6
3275356,0,546,0,40,3,7,2,1,62,35,6
3302018,0,546,0,40,2,3,2,1,19,64,6
3289090,0,546,0,40,3,4,2,1,41,44,6
3284339,0,546,0,40,3,6,2,1,47,60,6
3308699,0,546,0,40,2,1,2,1,15,56,6
3291436,0,546,0,40,2,3,2,1,37,102,6
3270935,0,546,0,40,3,12,2,1,63,32,6
3301890,0,546,0,40,3,3,2,1,20,25,6
3304715,0,546,0,40,3,2,2,1,17,55,6
3305143,0,546,0,40,3,2,2,1,16,50,6
3272980,0,546,0,40,2,6,2,1,78,34,6
3287363,0,546,0,40,3,5,2,1,42,45,6
3300157,0,546,0,40,2,3,2,1,22,31,6
3307890,0,546,0,40,3,1,2,1,14,60,6
3309412,0,546,0,40,3,1,2,1,14,35,6
3309800,0,546,0,40,2,1,2,1,14,30,6
3305296,0,546,0,40,3,2,2,1,15,41,6
3265854,0,546,0,40,2,5,2,1,21,53,6
3276727,0,546,0,40,2,11,2,1,38,21,6
3304889,0,546,0,40,2,2,2,1,17,29,6
3307496,0,546,0,40,2,2,2,1,15,97,6
3278112,0,546,0,40,2,6,2,1,50,20,6
3308718,0,546,0,40,3,1,2,1,13,29,6
3309895,0,546,0,40,3,1,2,1,13,50,6
3305553,0,546,0,40,3,2,2,1,13,30,6
3292174,1,546,543,27.3385,3,6,2,1,27,37,6
3293561,0,546,0,40,3,3,2,1,37,39,6
3307053,0,546,0,40,3,2,2,1,13,52,6
3296909,0,546,0,40,3,5,2,1,25,20,6
3306498,0,546,0,40,2,2,2,1,13,33,6
3304584,0,546,0,40,3,4,2,1,15,50,6
3309717,0,546,0,40,3,1,2,1,12,52,6
3310074,0,546,0,40,2,1,2,1,12,33,6
3310638,0,546,0,40,2,1,2,1,12,39,6
3310872,0,546,0,40,2,1,2,1,12,17,6
3290283,1,546,527,40,2,6,2,1,31,54,6
3277659,0,546,0,40,3,7,2,1,52,23,6
3283329,0,546,0,40,2,4,2,1,50,26,6
3274523,0,546,0,40,2,6,2,1,67,31,6
3311280,0,546,0,40,3,1,2,1,11,26,6
3311610,0,546,0,40,3,1,2,1,11,53,6
3293069,0,546,0,40,2,4,2,1,28,40,6
3283853,0,546,0,40,3,5,2,1,44,52,6
3299586,0,546,0,40,3,3,2,1,17,63,6
3285465,0,546,0,40,3,5,2,1,40,45,6
3304649,0,546,0,40,2,2,2,1,15,88,6
3306316,0,546,0,40,2,2,2,1,12,24,6
3272448,0,546,0,40,2,9,2,1,61,35,6
3285177,0,546,0,40,2,6,2,1,33,65,6
3304484,0,546,0,40,3,3,2,1,12,53,6
3267050,0,546,0,40,2,11,2,1,67,52,6
3270009,0,546,0,40,3,8,2,1,77,66,6
3284652,0,546,0,40,2,7,2,1,47,39,6
3301349,0,546,0,40,3,3,2,1,23,64,6
3309569,0,546,0,40,3,1,2,1,10,46,6
3310775,0,546,0,40,2,1,2,1,10,40,6
3312034,0,546,0,40,3,1,2,1,10,53,6
3302884,0,546,0,40,3,2,2,1,17,64,6
3300225,0,546,0,40,2,3,2,1,19,82,6
3299050,0,546,0,40,2,2,2,1,26,52,6
3304458,0,546,0,40,2,2,2,1,18,28,6
3297195,0,546,0,40,3,4,2,1,21,24,6
3307026,0,546,0,40,3,2,2,1,15,97,6
3286545,0,546,0,40,3,6,2,1,38,25,6
3272070,0,546,0,40,2,12,2,1,56,8,6
3299281,0,546,0,40,2,4,2,1,22,49,6
3264529,0,546,0,40,3,10,2,1,58,106,6
3282302,0,546,0,40,2,10,2,1,48,29,6
3312021,0,546,0,40,3,1,2,1,9,35,6
3279823,0,546,0,40,3,8,2,1,28,65,6
3306206,0,546,0,40,2,2,2,1,11,19,6
3305715,0,546,0,40,2,2,2,1,13,67,6
3304919,0,546,0,40,3,3,2,1,11,35,6
3304859,1,546,543,39.1881,2,3,2,1,12,83,6
3304215,0,546,0,40,3,2,2,1,16,17,6
3303957,0,546,0,40,3,2,2,1,19,25,6
3304633,0,546,0,40,3,2,2,1,16,47,6
3273884,0,546,0,40,3,12,2,1,52,54,6
3303875,0,546,0,40,3,3,2,1,16,41,6
3266691,0,546,0,40,3,10,2,1,39,37,6
3281648,0,546,0,40,2,9,2,1,37,54,6
3300168,0,546,0,40,2,4,2,1,19,32,6
3295348,1,546,543,22.9488,3,5,2,1,19,33,6
3310944,0,546,0,40,3,2,2,1,9,37,6
3296331,0,546,0,40,2,4,2,1,31,50,6
3302106,0,546,0,40,3,5,2,1,22,66,6
3303668,0,546,0,40,2,3,2,1,17,16,6
3299654,0,546,0,40,3,4,2,1,24,48,6
3311815,0,546,0,40,2,1,2,1,8,57,6
3312315,0,546,0,40,3,1,2,1,8,65,6
3312953,0,546,0,40,3,1,2,1,8,30,6
3313105,0,546,0,40,3,1,2,1,8,27,6
3313203,0,546,0,40,2,1,2,1,8,32,6
3284474,0,546,0,40,3,6,2,1,39,27,6
3305584,0,546,0,40,3,2,2,1,14,35,6
3292410,0,546,0,40,3,5,2,1,28,36,6
3297506,1,546,533,17.2499,3,3,2,1,25,26,6
3283331,0,546,0,40,2,5,2,1,41,29,6
3305568,0,546,0,40,3,3,2,1,13,29,6
3294728,0,546,0,40,2,4,2,1,23,56,6
3273305,0,546,0,40,3,10,2,1,51,34,6
3276218,0,546,0,40,2,8,2,1,48,18,6
3268008,0,546,0,40,3,9,2,1,88,40,6
3284546,0,546,0,40,2,6,2,1,35,62,6
3292248,0,546,0,40,3,4,2,1,34,22,6
3310904,0,546,0,40,2,2,2,1,9,40,6
3299856,0,546,0,40,3,6,2,1,19,30,6
3305119,0,546,0,40,2,3,2,1,17,86,6
3264942,0,546,0,40,3,9,2,1,36,47,6
3296201,0,546,0,40,2,4,2,1,28,66,6
3301540,0,546,0,40,3,4,2,1,18,57,6
3301487,0,546,0,40,3,3,2,1,19,27,6
3298017,0,546,0,40,3,4,2,1,24,38,6
3313224,0,546,0,40,2,1,2,1,7,59,6
3313328,0,546,0,40,3,1,2,1,7,24,6
3313372,0,546,0,40,2,1,2,1,7,28,6
3313672,0,546,0,40,3,1,2,1,7,30,6
3313770,0,546,0,40,3,1,2,1,7,60,6
3313906,0,546,0,40,2,1,2,1,7,64,6
3314030,0,546,0,40,3,1,2,1,7,46,6
3298583,0,546,0,40,3,3,2,1,20,49,6
3306456,0,546,0,40,3,2,2,1,8,55,6
3288228,0,546,0,40,2,4,2,1,31,32,6
3294267,0,546,0,40,2,4,2,1,22,31,6
3303043,0,546,0,40,3,3,2,1,16,28,6
3309566,0,546,0,40,3,2,2,1,7,32,6
3307005,0,546,0,40,3,2,2,1,11,59,6
3309104,0,546,0,40,3,2,2,1,8,84,6
3302964,0,546,0,40,3,3,2,1,16,23,6
3300379,0,546,0,40,2,3,2,1,18,15,6
3295285,0,546,0,40,2,5,2,1,23,56,6
3289203,0,546,0,40,2,7,2,1,35,67,6
3309511,0,546,0,40,2,2,2,1,9,49,6
3305411,0,546,0,40,3,3,2,1,11,42,6
3310332,0,546,0,40,2,2,2,1,7,45,6
3297227,0,546,0,40,3,3,2,1,30,39,6
3264688,0,546,0,40,2,5,2,1,56,74,6
3301637,0,546,0,40,3,4,2,1,14,32,6
3309270,0,546,0,40,3,2,2,1,10,66,6
3291888,0,546,0,40,3,8,2,1,24,25,6
3310641,0,546,0,40,2,2,2,1,9,62,6
3311495,0,546,0,40,2,2,2,1,8,67,6
3310682,0,546,0,40,2,2,2,1,11,23,6
3275666,1,546,520,18.6558,3,13,2,1,49,11,6
3311803,0,546,0,40,3,1,2,1,6,43,6
3313090,0,546,0,40,2,1,2,1,6,30,6
3313699,0,546,0,40,2,1,2,1,6,48,6
3314019,0,546,0,40,3,1,2,1,6,60,6
3314071,0,546,0,40,2,1,2,1,6,49,6
3314117,0,546,0,40,2,1,2,1,6,12,6
3314421,1,546,543,37.1084,2,1,2,1,6,19,6
3314445,0,546,0,40,3,1,2,1,6,38,6
3280889,0,546,0,40,2,7,2,1,31,69,6
3293848,0,546,0,40,3,4,2,1,26,28,6
3298276,0,546,0,40,3,5,2,1,14,33,6
3278281,0,546,0,40,2,7,2,1,45,76,6
3306048,0,546,0,40,3,2,2,1,11,41,6
3266776,0,546,0,40,2,9,2,1,59,15,6
3270351,0,546,0,40,2,9,2,1,76,43,6
3301311,0,546,0,40,3,4,2,1,17,37,6
3277743,0,546,0,40,2,9,2,1,46,60,6
3292060,0,546,0,40,2,5,2,1,24,14,6
3296327,0,546,0,40,3,5,2,1,18,52,6
3280389,0,546,0,40,2,8,2,1,45,49,6
3304748,0,546,0,40,2,2,2,1,19,38,6
3282157,0,546,0,40,3,8,2,1,45,17,6
3306686,0,546,0,40,2,2,2,1,13,59,6
3287892,0,546,0,40,3,5,2,1,46,53,6
3259875,0,546,0,40,2,8,2,1,39,44,6
3304840,0,546,0,40,3,4,2,1,10,14,6
3274230,0,546,0,40,2,10,2,1,63,55,6
3304864,0,546,0,40,3,2,2,1,19,43,6
3291108,0,546,0,40,3,5,2,1,34,32,6
3304579,0,546,0,40,3,3,2,1,17,40,6
3300435,0,546,0,40,3,4,2,1,19,18,6
3308929,0,546,0,40,3,4,2,1,10,132,6
3312485,0,546,0,40,3,1,2,1,5,32,6
3314029,0,546,0,40,2,1,2,1,5,46,6
3314828,0,546,0,40,3,1,2,1,5,46,6
3314866,0,546,0,40,3,1,2,1,5,17,6
3315020,0,546,0,40,2,1,2,1,5,24,6
3315076,0,546,0,40,3,1,2,1,5,50,6
3269059,0,546,0,40,2,9,2,1,78,43,6
3274735,0,546,0,40,3,7,2,1,56,26,6
3302096,0,546,0,40,3,3,2,1,12,64,6
3278775,0,546,0,40,2,9,2,1,38,37,6
3300944,0,546,0,40,3,3,2,1,16,56,6
3268657,0,546,0,40,2,13,2,1,69,38,6
3265110,0,546,0,40,2,11,2,1,47,21,6
3298826,0,546,0,40,3,4,2,1,17,42,6
3299514,0,546,0,40,2,3,2,1,6,59,6
3217200,0,546,0,40,2,25,2,1,129,49,6
3284453,1,546,543,23.9094,3,10,2,1,38,67,6
3302253,0,546,0,40,3,3,2,1,14,28,6
3306914,0,546,0,40,2,2,2,1,9,23,6
3277908,0,546,0,40,3,9,2,1,34,26,6
3309257,0,546,0,40,3,3,2,1,7,35,6
3291079,0,546,0,40,3,5,2,1,27,24,6
3303241,0,546,0,40,3,3,2,1,16,35,6
3298609,0,546,0,40,3,6,2,1,18,29,6
3300120,0,546,0,40,2,4,2,1,22,55,6
3284207,0,546,0,40,2,7,2,1,35,17,6
3307640,0,546,0,40,2,2,2,1,12,40,6
3279528,0,546,0,40,3,7,2,1,48,19,6
3287569,0,546,0,40,3,7,2,1,21,33,6
3299612,0,546,0,40,3,4,2,1,21,16,6
3293067,0,546,0,40,2,6,2,1,24,31,6
3289189,0,546,0,40,3,6,2,1,39,72,6
3263624,0,546,0,40,2,3,2,1,46,52,6
3285503,0,546,0,40,3,5,2,1,49,59,6
3287315,0,546,0,40,2,5,2,1,42,27,6
3309556,0,546,0,40,2,2,2,1,11,46,6
3305228,0,546,0,40,2,3,2,1,13,21,6
3311207,0,546,0,40,2,2,2,1,7,37,6
3261190,0,546,0,40,2,8,2,1,36,36,6
3277335,0,546,0,40,3,9,2,1,37,52,6
3308478,0,546,0,40,3,4,2,1,8,69,6
3300923,0,546,0,40,2,3,2,1,24,53,6
3309604,0,546,0,40,3,2,2,1,12,44,6
3293930,0,546,0,40,3,6,2,1,23,37,6
3288896,0,546,0,40,3,6,2,1,31,52,6
3311455,0,546,0,40,2,2,2,1,8,43,6
3310675,0,546,0,40,3,2,2,1,7,53,6
3228742,0,546,0,40,2,29,2,1,139,82,6
3299122,0,546,0,40,2,5,2,1,18,37,6
3297209,0,546,0,40,3,4,2,1,24,87,6
3312996,0,546,0,40,2,2,2,1,5,28,6
3311090,0,546,0,40,2,2,2,1,11,60,6
3301363,0,546,0,40,3,4,2,1,14,24,6
3300075,0,546,0,40,2,4,2,1,12,34,6
3313497,0,546,0,40,2,1,2,1,4,55,6
3314462,0,546,0,40,2,1,2,1,4,60,6
3314989,0,546,0,40,3,1,2,1,4,31,6
3315427,0,546,0,40,3,1,2,1,4,46,6
3315581,0,546,0,40,3,1,2,1,4,42,6
3290741,0,546,0,40,3,3,2,1,35,75,6
3300098,0,546,0,40,2,2,2,1,25,23,6
3290350,0,546,0,40,2,4,2,1,36,43,6
3285338,0,546,0,40,2,6,2,1,34,63,6
3300308,0,546,0,40,2,3,2,1,22,42,6
3298471,0,546,0,40,2,3,2,1,23,27,6
3302001,0,546,0,40,3,2,2,1,23,30,6
3296298,0,546,0,40,2,4,2,1,25,48,6
3266143,0,546,0,40,2,8,2,1,49,29,6
3279968,0,546,0,40,3,5,2,1,61,19,6
3309472,0,546,0,40,3,1,2,1,15,18,6
3264851,0,546,0,40,3,4,2,1,37,32,6
3276075,0,546,0,40,3,9,2,1,49,18,6
3293508,0,546,0,40,3,5,2,1,28,56,6
3264419,0,546,0,40,3,4,2,1,37,35,6
3275126,1,546,544,40,2,6,2,1,67,20,6
3288688,0,546,0,40,2,6,2,1,36,38,6
3290764,0,546,0,40,2,4,2,1,37,31,6
3297377,0,546,0,40,3,4,2,1,23,20,6
3310502,0,546,0,40,3,1,2,1,13,74,6
3311066,0,546,0,40,3,1,2,1,13,52,6
3304551,0,546,0,40,2,2,2,1,14,65,6
3296069,0,546,0,40,2,3,2,1,26,45,6
3300000,0,546,0,40,3,2,2,1,26,22,6
3279431,0,546,0,40,2,6,2,1,60,41,6
3295384,0,546,0,40,2,4,2,1,24,25,6
3297609,0,546,0,40,3,4,2,1,24,33,6
3285680,0,546,0,40,3,6,2,1,37,14,6
3309753,0,546,0,40,3,1,2,1,12,29,6
3283167,0,546,0,40,2,5,2,1,47,77,6
3305460,0,546,0,40,3,2,2,1,16,26,6
3306693,0,546,0,40,3,2,2,1,14,62,6
3270507,0,546,0,40,3,11,2,1,62,25,6
3293082,1,546,515,19.9557,3,5,2,1,24,77,6
3281552,0,546,0,40,3,5,2,1,61,51,6
3293469,0,546,0,40,3,5,2,1,29,54,6
3263201,0,546,0,40,3,6,2,1,64,55,6
3272211,0,546,0,40,2,9,2,1,75,23,6
3290694,0,546,0,40,3,4,2,1,39,52,6
3291356,0,546,0,40,2,6,2,1,37,47,6
3305315,1,546,534,17.8024,3,2,2,1,18,36,6
3266138,0,546,0,40,3,16,2,1,84,63,6
3304263,0,546,0,40,2,4,2,1,18,51,6
3310787,0,546,0,40,2,1,2,1,10,36,6
3311177,0,546,0,40,2,1,2,1,10,82,6
3312300,0,546,0,40,2,1,2,1,10,57,6
3273839,0,546,0,40,2,10,2,1,58,22,6
3293619,0,546,0,40,3,4,2,1,31,36,6
3292430,0,546,0,40,3,3,2,1,40,79,6
3289898,0,546,0,40,3,6,2,1,28,33,6
3293812,0,546,0,40,3,3,2,1,25,36,6
3307458,0,546,0,40,2,2,2,1,14,59,6
3268208,0,546,0,40,2,13,2,1,61,21,6
3286098,0,546,0,40,2,6,2,1,40,111,6
3308612,0,546,0,40,3,2,2,1,14,40,6
3295941,1,546,544,34.2019,3,3,2,1,25,51,6
3288514,0,546,0,40,2,5,2,1,45,101,6
3312691,0,546,0,40,3,1,2,1,9,18,6
3307210,0,546,0,40,2,2,2,1,9,66,6
3298245,0,546,0,40,2,4,2,1,22,63,6
3300376,0,546,0,40,3,3,2,1,19,30,6
3309782,0,546,0,40,3,2,2,1,9,121,6
3268410,0,546,0,40,3,9,2,1,88,48,6
3282151,0,546,0,40,2,7,2,1,39,40,6
3295862,0,546,0,40,3,4,2,1,25,65,6
3285526,0,546,0,40,3,6,2,1,42,18,6
3277460,0,546,0,40,3,7,2,1,59,48,6
3286656,0,546,0,40,2,6,2,1,39,18,6
3280719,0,546,0,40,2,10,2,1,43,55,6
3312976,0,546,0,40,3,1,2,1,8,54,6
3199583,0,546,0,40,2,21,2,1,132,39,6
3306030,0,546,0,40,3,3,2,1,11,71,6
3295401,0,546,0,40,3,4,2,1,28,89,6
3284303,0,546,0,40,2,5,2,1,44,38,6
3294927,0,546,0,40,2,7,2,1,19,66,6
3264646,0,546,0,40,2,8,2,1,37,41,6
3307214,0,546,0,40,3,3,2,1,11,37,6
3278270,0,546,0,40,2,9,2,1,50,19,6
3308283,0,546,0,40,2,3,2,1,13,40,6
3310124,0,546,0,40,3,2,2,1,10,21,6
3272361,0,546,0,40,2,7,2,1,73,18,6
3262651,0,546,0,40,3,8,2,1,39,20,6
3264965,0,546,0,40,3,9,2,1,69,46,6
3311597,0,546,0,40,2,1,2,1,7,34,6
3313599,0,546,0,40,3,1,2,1,7,18,6
3314239,0,546,0,40,3,1,2,1,7,53,6
3314327,0,546,0,40,3,1,2,1,7,19,6
3267037,0,546,0,40,3,6,2,1,47,33,6
3283860,0,546,0,40,2,8,2,1,36,16,6
3301488,0,546,0,40,2,2,2,1,24,26,6
3301805,0,546,0,40,3,3,2,1,14,62,6
3304273,0,546,0,40,2,3,2,1,14,48,6
3284649,0,546,0,40,2,7,2,1,45,43,6
3288270,0,546,0,40,3,5,2,1,30,24,6
3298199,0,546,0,40,3,6,2,1,18,20,6
3306334,1,546,528,37.079,2,3,2,1,10,15,6
3295471,0,546,0,40,3,5,2,1,27,40,6
3311202,0,546,0,40,2,2,2,1,8,27,6
3290447,0,546,0,40,3,6,2,1,31,56,6
3308616,0,546,0,40,3,3,2,1,12,35,6
3286741,0,546,0,40,2,6,2,1,31,49,6
3311560,0,546,0,40,2,2,2,1,10,43,6
3305794,0,546,0,40,2,3,2,1,18,45,6
3297672,0,546,0,40,3,6,2,1,18,51,6
3313350,0,546,0,40,3,1,2,1,6,70,6
3314408,0,546,0,40,3,1,2,1,6,92,6
3314698,0,546,0,40,3,1,2,1,6,60,6
3314988,0,546,0,40,2,1,2,1,6,42,6
3315198,0,546,0,40,2,1,2,1,6,25,6
3278199,0,546,0,40,3,10,2,1,46,73,6
3291142,0,546,0,40,3,6,2,1,24,31,6
3310154,0,546,0,40,2,2,2,1,8,76,6
3293465,0,546,0,40,2,5,2,1,29,32,6
3309202,0,546,0,40,3,2,2,1,6,74,6
3310158,0,546,0,40,3,2,2,1,9,28,6
3306329,0,546,0,40,3,3,2,1,10,47,6
3311678,0,546,0,40,3,2,2,1,9,45,6
3302427,0,546,0,40,3,4,2,1,16,46,6
3276807,0,546,0,40,2,9,2,1,53,60,6
3285713,0,546,0,40,2,6,2,1,43,96,6
3314002,0,546,0,40,3,2,2,1,6,35,6
3314677,0,546,0,40,3,1,2,1,5,36,6
3315161,0,546,0,40,2,1,2,1,5,75,6
3315319,0,546,0,40,2,1,2,1,5,32,6
3315409,0,546,0,40,2,1,2,1,5,24,6
3308760,0,546,0,40,2,2,2,1,7,55,6
3270925,0,546,0,40,3,10,2,1,68,19,6
3303036,0,546,0,40,3,4,2,1,14,22,6
3283286,0,546,0,40,2,7,2,1,41,53,6
3306516,0,546,0,40,2,2,2,1,15,40,6
3294791,0,546,0,40,2,6,2,1,22,56,6
3313327,0,546,0,40,3,2,2,1,5,91,6
3295264,0,546,0,40,3,4,2,1,23,41,6
3291791,0,546,0,40,2,4,2,1,35,29,6
3281522,0,546,0,40,3,8,2,1,39,66,6
3311793,0,546,0,40,2,2,2,1,7,44,6
3313407,0,546,0,40,2,2,2,1,6,52,6
3299278,0,546,0,40,2,2,2,1,29,77,6
3298163,0,546,0,40,3,3,2,1,30,67,6
3310028,0,546,0,40,3,3,2,1,8,64,6
3287431,0,546,0,40,3,5,2,1,45,31,6
3313841,0,546,0,40,3,1,2,1,4,53,6
3316010,0,546,0,40,3,1,2,1,4,40,6
3289226,0,546,0,40,2,4,2,1,42,37,6
3263960,0,546,0,40,2,3,2,1,39,48,6
3300842,0,546,0,40,2,2,2,1,24,71,6
3286836,0,546,0,40,3,6,2,1,42,55,6
3155728,0,546,0,40,3,22,2,1,150,55,6
3300111,0,546,0,40,3,2,2,1,31,42,6
3262134,0,546,0,40,2,9,2,1,40,50,6
3266529,0,546,0,40,2,9,2,1,48,50,6
3312572,0,546,0,40,2,1,2,1,11,32,6
3301522,0,546,0,40,2,3,2,1,18,20,6
3308610,0,546,0,40,3,2,2,1,13,28,6
3266409,0,546,0,40,3,7,2,1,75,86,6
3312575,0,546,0,40,3,1,2,1,10,52,6
3312947,0,546,0,40,3,1,2,1,10,41,6
3301090,0,546,0,40,3,3,2,1,22,44,6
3270030,0,546,0,40,2,13,2,1,64,53,6
3280852,0,546,0,40,3,10,2,1,47,24,6
3305905,0,546,0,40,2,3,2,1,15,48,6
3272901,0,546,0,40,3,8,2,1,62,92,6
3303473,0,546,0,40,3,3,2,1,16,73,6
3298294,0,546,0,40,3,4,2,1,29,23,6
3274805,0,546,0,40,3,8,2,1,61,52,6
3295469,0,546,0,40,2,6,2,1,23,73,6
3293345,0,546,0,40,2,5,2,1,30,69,6
3314693,0,546,0,40,2,1,2,1,6,41,6
3315451,0,546,0,40,3,1,2,1,6,62,6
3285061,0,546,0,40,3,9,2,1,33,41,6
3315766,0,546,0,40,3,1,2,1,5,33,6
3275208,0,546,0,40,2,7,2,1,55,35,6
3265871,0,546,0,40,3,8,2,1,33,62,6
3301768,0,546,0,40,3,3,2,1,24,25,6
3312908,0,546,0,40,2,2,2,1,6,26,6
3315791,0,546,0,40,2,1,2,1,4,16,6
3313406,0,546,0,40,3,0,2,1,3,42,6
3313569,0,546,0,40,3,0,2,1,3,38,6
3313761,0,546,0,40,3,0,2,1,3,24,6
3313921,0,546,0,40,2,0,2,1,3,69,6
3314046,0,546,0,40,2,0,2,1,3,19,6
3314110,0,546,0,40,3,0,2,1,3,26,6
3314174,0,546,0,40,3,0,2,1,3,26,6
3314362,0,546,0,40,3,0,2,1,3,39,6
3314426,0,546,0,40,3,0,2,1,3,24,6
3314522,0,546,0,40,2,0,2,1,3,100,6
3314586,0,546,0,40,2,0,2,1,3,34,6
3314639,0,546,0,40,3,0,2,1,3,40,6
3314671,0,546,0,40,3,0,2,1,3,84,6
3314703,0,546,0,40,3,0,2,1,3,25,6
3314783,0,546,0,40,2,0,2,1,3,41,6
3314815,0,546,0,40,2,0,2,1,3,58,6
3314863,0,546,0,40,3,0,2,1,3,80,6
3314895,0,546,0,40,2,0,2,1,3,13,6
3314927,0,546,0,40,3,0,2,1,3,41,6
3314959,0,546,0,40,3,0,2,1,3,60,6
3315023,0,546,0,40,3,0,2,1,3,14,6
3315055,0,546,0,40,3,0,2,1,3,18,6
3315087,0,546,0,40,2,0,2,1,3,28,6
3315135,0,546,0,40,2,0,2,1,3,43,6
3315199,0,546,0,40,2,0,2,1,3,29,6
3315254,0,546,0,40,2,0,2,1,3,77,6
3315270,0,546,0,40,2,0,2,1,3,30,6
3315302,0,546,0,40,2,0,2,1,3,51,6
3315334,0,546,0,40,2,0,2,1,3,48,6
3315350,0,546,0,40,3,0,2,1,3,59,6
3315382,0,546,0,40,3,0,2,1,3,81,6
3315398,0,546,0,40,3,0,2,1,3,59,6
3315414,0,546,0,40,2,0,2,1,3,18,6
3315432,0,546,0,40,2,0,2,1,3,38,6
3315452,0,546,0,40,3,0,2,1,3,13,6
3315468,0,546,0,40,2,0,2,1,3,13,6
3315500,0,546,0,40,3,0,2,1,3,64,6
3315516,0,546,0,40,2,0,2,1,3,79,6
3315548,0,546,0,40,3,0,2,1,3,49,6
3315564,0,546,0,40,2,0,2,1,3,44,6
3315580,0,546,0,40,3,0,2,1,3,34,6
3315596,0,546,0,40,2,0,2,1,3,37,6
3315612,0,546,0,40,3,0,2,1,3,31,6
3315628,0,546,0,40,2,0,2,1,3,30,6
3315644,0,546,0,40,2,0,2,1,3,35,6
3315660,0,546,0,40,2,0,2,1,3,64,6
3315676,0,546,0,40,3,0,2,1,3,31,6
3315692,0,546,0,40,3,0,2,1,3,39,6
3315708,0,546,0,40,2,0,2,1,3,34,6
3315724,0,546,0,40,2,0,2,1,3,28,6
3315740,0,546,0,40,3,0,2,1,3,80,6
3315769,0,546,0,40,2,0,2,1,3,86,6
3315777,0,546,0,40,3,0,2,1,3,33,6
3315785,0,546,0,40,2,0,2,1,3,33,6
3315793,0,546,0,40,3,0,2,1,3,52,6
3315801,0,546,0,40,2,0,2,1,3,61,6
3315809,0,546,0,40,2,0,2,1,3,26,6
3315817,0,546,0,40,2,0,2,1,3,63,6
3315825,0,546,0,40,2,0,2,1,3,36,6
3315841,0,546,0,40,3,0,2,1,3,28,6
3315849,0,546,0,40,3,0,2,1,3,90,6
3315857,0,546,0,40,3,0,2,1,3,56,6
3315865,0,546,0,40,3,0,2,1,3,8,6
3315873,0,546,0,40,2,0,2,1,3,44,6
3315881,0,546,0,40,3,0,2,1,3,25,6
3315889,0,546,0,40,3,0,2,1,3,23,6
3315897,0,546,0,40,2,0,2,1,3,30,6
3315913,0,546,0,40,2,0,2,1,3,18,6
3315929,0,546,0,40,3,0,2,1,3,90,6
3315945,0,546,0,40,3,0,2,1,3,41,6
3315953,0,546,0,40,3,0,2,1,3,46,6
3315961,0,546,0,40,3,0,2,1,3,47,6
3315977,0,546,0,40,2,0,2,1,3,15,6
3315985,0,546,0,40,2,0,2,1,3,60,6
3315993,0,546,0,40,2,0,2,1,3,46,6
3316001,0,546,0,40,2,0,2,1,3,42,6
3316009,0,546,0,40,3,0,2,1,3,31,6
3316017,0,546,0,40,3,0,2,1,3,31,6
3316025,0,546,0,40,2,0,2,1,3,26,6
3316033,0,546,0,40,2,0,2,1,3,49,6
3316041,0,546,0,40,2,0,2,1,3,28,6
3316049,0,546,0,40,3,0,2,1,3,17,6
3316057,0,546,0,40,2,0,2,1,3,45,6
3316065,0,546,0,40,2,0,2,1,3,38,6
3316073,0,546,0,40,2,0,2,1,3,28,6
3316089,0,546,0,40,2,0,2,1,3,40,6
3316097,0,546,0,40,2,0,2,1,3,37,6
3316113,0,546,0,40,3,0,2,1,3,90,6
3316121,0,546,0,40,2,0,2,1,3,38,6
3316129,0,546,0,40,3,0,2,1,3,72,6
3316137,0,546,0,40,3,0,2,1,3,23,6
3316145,0,546,0,40,2,0,2,1,3,55,6
3316153,0,546,0,40,3,0,2,1,3,28,6
3316161,0,546,0,40,3,0,2,1,3,50,6
3316169,0,546,0,40,3,0,2,1,3,33,6
3316177,0,546,0,40,3,0,2,1,3,72,6
3316185,0,546,0,40,2,0,2,1,3,29,6
3316193,0,546,0,40,2,0,2,1,3,55,6
3316209,0,546,0,40,3,0,2,1,3,43,6
3316217,0,546,0,40,2,0,2,1,3,19,6
3316225,0,546,0,40,3,0,2,1,3,50,6
3316233,0,546,0,40,2,0,2,1,3,73,6
3316249,0,546,0,40,3,0,2,1,3,23,6
3316257,0,546,0,40,2,0,2,1,3,26,6
3316265,0,546,0,40,3,0,2,1,3,38,6
3316273,0,546,0,40,3,0,2,1,3,38,6
3316281,0,546,0,40,2,0,2,1,3,49,6
3316289,0,546,0,40,2,0,2,1,3,66,6
3316297,0,546,0,40,3,0,2,1,3,66,6
3316305,0,546,0,40,3,0,2,1,3,50,6
3316313,0,546,0,40,3,0,2,1,3,30,6
3316321,0,546,0,40,3,0,2,1,3,50,6
3316332,0,546,0,40,2,0,2,1,3,27,6
3316336,0,546,0,40,2,0,2,1,3,50,6
3316340,0,546,0,40,3,0,2,1,3,58,6
3316344,0,546,0,40,3,0,2,1,3,30,6
3316348,0,546,0,40,2,0,2,1,3,61,6
3316352,0,546,0,40,3,0,2,1,3,45,6
3316356,0,546,0,40,2,0,2,1,3,40,6
3316360,0,546,0,40,3,0,2,1,3,48,6
3316368,0,546,0,40,2,0,2,1,3,37,6
3316372,0,546,0,40,2,0,2,1,3,46,6
3316376,0,546,0,40,2,0,2,1,3,10,6
3316380,0,546,0,40,3,0,2,1,3,50,6
3316384,0,546,0,40,3,0,2,1,3,39,6
3316388,0,546,0,40,2,0,2,1,3,51,6
3316396,0,546,0,40,3,0,2,1,3,22,6
3316400,0,546,0,40,2,0,2,1,3,52,6
3316408,0,546,0,40,2,0,2,1,3,50,6
3316412,0,546,0,40,2,0,2,1,3,118,6
3316416,0,546,0,40,2,0,2,1,3,58,6
3316420,0,546,0,40,3,0,2,1,3,40,6
3316428,0,546,0,40,2,0,2,1,3,24,6
3316432,0,546,0,40,3,0,2,1,3,34,6
3316436,0,546,0,40,3,0,2,1,3,37,6
3316440,0,546,0,40,2,0,2,1,3,67,6
3316444,0,546,0,40,2,0,2,1,3,89,6
3316448,0,546,0,40,2,0,2,1,3,65,6
3316452,0,546,0,40,3,0,2,1,3,18,6
3316456,0,546,0,40,2,0,2,1,3,27,6
3316460,0,546,0,40,3,0,2,1,3,54,6
3316464,0,546,0,40,2,0,2,1,3,40,6
3316468,0,546,0,40,2,0,2,1,3,43,6
3316472,0,546,0,40,2,0,2,1,3,60,6
3316476,0,546,0,40,2,0,2,1,3,69,6
3316480,0,546,0,40,2,0,2,1,3,29,6
3316484,0,546,0,40,2,0,2,1,3,73,6
3316488,0,546,0,40,3,0,2,1,3,53,6
3316492,0,546,0,40,2,0,2,1,3,104,6
3316496,0,546,0,40,3,0,2,1,3,31,6
3316500,0,546,0,40,3,0,2,1,3,55,6
3316508,0,546,0,40,3,0,2,1,3,18,6
3316512,0,546,0,40,2,0,2,1,3,59,6
3316516,0,546,0,40,3,0,2,1,3,50,6
3316520,0,546,0,40,2,0,2,1,3,30,6
3316524,0,546,0,40,2,0,2,1,3,35,6
3316532,0,546,0,40,3,0,2,1,3,44,6
3316536,0,546,0,40,2,0,2,1,3,101,6
3316544,0,546,0,40,3,0,2,1,3,41,6
3316548,0,546,0,40,3,0,2,1,3,41,6
3316552,0,546,0,40,3,0,2,1,3,27,6
3316556,0,546,0,40,2,0,2,1,3,79,6
3316560,0,546,0,40,2,0,2,1,3,103,6
3316564,0,546,0,40,2,0,2,1,3,41,6
3316568,0,546,0,40,3,0,2,1,3,20,6
3316572,0,546,0,40,3,0,2,1,3,33,6
3316576,0,546,0,40,2,0,2,1,3,24,6
3316580,0,546,0,40,3,0,2,1,3,31,6
3316584,0,546,0,40,2,0,2,1,3,55,6
3316592,0,546,0,40,3,0,2,1,3,41,6
3316600,0,546,0,40,3,0,2,1,3,29,6
3316604,0,546,0,40,2,0,2,1,3,83,6
3316608,0,546,0,40,3,0,2,1,3,42,6
3316612,0,546,0,40,3,0,2,1,3,57,6
3316616,0,546,0,40,3,0,2,1,3,21,6
3316620,0,546,0,40,3,0,2,1,3,106,6
3316624,0,546,0,40,3,0,2,1,3,85,6
3316632,0,546,0,40,3,0,2,1,3,89,6
3316636,0,546,0,40,3,0,2,1,3,19,6
3316640,0,546,0,40,2,0,2,1,3,43,6
3316644,0,546,0,40,2,0,2,1,3,43,6
3316648,0,546,0,40,2,0,2,1,3,23,6
3316652,0,546,0,40,2,0,2,1,3,23,6
3316656,0,546,0,40,2,0,2,1,3,37,6
3316660,0,546,0,40,3,0,2,1,3,37,6
3316664,0,546,0,40,2,0,2,1,3,26,6
3316668,0,546,0,40,2,0,2,1,3,16,6
3316672,0,546,0,40,2,0,2,1,3,36,6
3316676,0,546,0,40,3,0,2,1,3,71,6
3316680,0,546,0,40,3,0,2,1,3,23,6
3316684,0,546,0,40,3,0,2,1,3,49,6
3316688,0,546,0,40,2,0,2,1,3,60,6
3316692,0,546,0,40,2,0,2,1,3,49,6
3316696,0,546,0,40,2,0,2,1,3,25,6
3316704,0,546,0,40,2,0,2,1,3,30,6
3316708,0,546,0,40,2,0,2,1,3,24,6
3316712,0,546,0,40,3,0,2,1,3,52,6
3316716,0,546,0,40,2,0,2,1,3,54,6
3316724,0,546,0,40,2,0,2,1,3,38,6
3316728,0,546,0,40,2,0,2,1,3,44,6
3316732,0,546,0,40,3,0,2,1,3,46,6
3316736,0,546,0,40,2,0,2,1,3,41,6
3316740,0,546,0,40,2,0,2,1,3,63,6
3316748,0,546,0,40,3,0,2,1,3,49,6
3316752,0,546,0,40,3,0,2,1,3,81,6
3316756,0,546,0,40,2,0,2,1,3,76,6
3316760,0,546,0,40,2,0,2,1,3,25,6
3316764,0,546,0,40,2,0,2,1,3,41,6
3316768,0,546,0,40,3,0,2,1,3,63,6
3316772,0,546,0,40,3,0,2,1,3,73,6
3316776,0,546,0,40,2,0,2,1,3,58,6
3316780,0,546,0,40,2,0,2,1,3,52,6
3316784,0,546,0,40,3,0,2,1,3,27,6
3316788,0,546,0,40,3,0,2,1,3,22,6
3316792,0,546,0,40,3,0,2,1,3,29,6
3316796,0,546,0,40,2,0,2,1,3,40,6
3316804,0,546,0,40,2,0,2,1,3,17,6
3316808,0,546,0,40,3,0,2,1,3,44,6
3316812,0,546,0,40,3,0,2,1,3,35,6
3316816,0,546,0,40,3,0,2,1,3,43,6
3316824,0,546,0,40,3,0,2,1,3,27,6
3316828,0,546,0,40,2,0,2,1,3,57,6
3316832,0,546,0,40,3,0,2,1,3,66,6
3316840,0,546,0,40,3,0,2,1,3,63,6
3316844,0,546,0,40,3,0,2,1,3,52,6
3316848,0,546,0,40,3,0,2,1,3,36,6
3316856,0,546,0,40,3,0,2,1,3,58,6
3316860,0,546,0,40,3,0,2,1,3,31,6
3316864,0,546,0,40,3,0,2,1,3,56,6
3316868,0,546,0,40,2,0,2,1,3,56,6
3316872,0,546,0,40,2,0,2,1,3,42,6
3316876,0,546,0,40,2,0,2,1,3,53,6
3316880,0,546,0,40,2,0,2,1,3,65,6
3316884,0,546,0,40,3,0,2,1,3,21,6
3316892,0,546,0,40,2,0,2,1,3,34,6
3316896,0,546,0,40,3,0,2,1,3,27,6
3316900,0,546,0,40,3,0,2,1,3,12,6
3316904,0,546,0,40,2,0,2,1,3,83,6
3316908,0,546,0,40,3,0,2,1,3,64,6
3316912,0,546,0,40,3,0,2,1,3,90,6
3316920,0,546,0,40,3,0,2,1,3,57,6
3316928,0,546,0,40,3,0,2,1,3,57,6
3316936,0,546,0,40,3,0,2,1,3,58,6
3316940,0,546,0,40,2,0,2,1,3,42,6
3316944,0,546,0,40,2,0,2,1,3,61,6
3316947,0,546,0,40,2,0,2,1,3,26,6
3316951,0,546,0,40,2,0,2,1,3,49,6
3316953,0,546,0,40,2,0,2,1,3,30,6
3316955,0,546,0,40,2,0,2,1,3,37,6
3316957,0,546,0,40,3,0,2,1,3,61,6
3316959,0,546,0,40,2,0,2,1,3,36,6
3316961,0,546,0,40,3,0,2,1,3,61,6
3316963,0,546,0,40,3,0,2,1,3,50,6
3316965,0,546,0,40,2,0,2,1,3,38,6
3316967,0,546,0,40,2,0,2,1,3,52,6
3316971,0,546,0,40,2,0,2,1,3,82,6
3316975,0,546,0,40,2,0,2,1,3,56,6
3316977,0,546,0,40,2,0,2,1,3,39,6
3316979,0,546,0,40,3,0,2,1,3,65,6
3316981,0,546,0,40,3,0,2,1,3,39,6
3316983,0,546,0,40,3,0,2,1,3,34,6
3316985,0,546,0,40,3,0,2,1,3,28,6
3316987,0,546,0,40,2,0,2,1,3,53,6
3316989,0,546,0,40,2,0,2,1,3,42,6
3316991,0,546,0,40,2,0,2,1,3,54,6
3316993,0,546,0,40,3,0,2,1,3,44,6
3316995,0,546,0,40,3,0,2,1,3,32,6
3316997,0,546,0,40,2,0,2,1,3,45,6
3316999,0,546,0,40,3,0,2,1,3,17,6
3317003,0,546,0,40,3,0,2,1,3,53,6
3317007,0,546,0,40,2,0,2,1,3,48,6
3317009,0,546,0,40,3,0,2,1,3,79,6
3317011,0,546,0,40,3,0,2,1,3,54,6
3317015,0,546,0,40,2,0,2,1,3,81,6
3317019,0,546,0,40,2,0,2,1,3,49,6
3317021,0,546,0,40,3,0,2,1,3,68,6
3317023,0,546,0,40,2,0,2,1,3,51,6
3317027,0,546,0,40,3,0,2,1,3,33,6
3317031,0,546,0,40,2,0,2,1,3,29,6
3317033,0,546,0,40,3,0,2,1,3,31,6
3317035,0,546,0,40,3,0,2,1,3,80,6
3317037,0,546,0,40,3,0,2,1,3,63,6
3317041,0,546,0,40,3,0,2,1,3,50,6
3317043,0,546,0,40,3,0,2,1,3,29,6
3317045,0,546,0,40,3,0,2,1,3,13,6
3317047,0,546,0,40,2,0,2,1,3,47,6
3317049,0,546,0,40,2,0,2,1,3,37,6
3317051,0,546,0,40,3,0,2,1,3,27,6
3317053,0,546,0,40,3,0,2,1,3,17,6
3317055,0,546,0,40,3,0,2,1,3,58,6
3317057,0,546,0,40,3,0,2,1,3,21,6
3317059,0,546,0,40,2,0,2,1,3,39,6
3317063,0,546,0,40,2,0,2,1,3,42,6
3317065,0,546,0,40,2,0,2,1,3,18,6
3317067,0,546,0,40,3,0,2,1,3,73,6
3317069,0,546,0,40,2,0,2,1,3,70,6
3317071,0,546,0,40,2,0,2,1,3,24,6
3317073,0,546,0,40,3,0,2,1,3,42,6
3317075,0,546,0,40,3,0,2,1,3,50,6
3317077,0,546,0,40,3,0,2,1,3,29,6
3317083,0,546,0,40,3,0,2,1,3,48,6
3317085,0,546,0,40,3,0,2,1,3,39,6
3317087,0,546,0,40,2,0,2,1,3,80,6
3317091,0,546,0,40,2,0,2,1,3,60,6
3317093,0,546,0,40,3,0,2,1,3,48,6
3317095,0,546,0,40,2,0,2,1,3,72,6
3317097,0,546,0,40,2,0,2,1,3,72,6
3317101,0,546,0,40,2,0,2,1,3,49,6
3317105,0,546,0,40,2,0,2,1,3,58,6
3317107,0,546,0,40,3,0,2,1,3,30,6
3317109,0,546,0,40,2,0,2,1,3,99,6
3317113,0,546,0,40,3,0,2,1,3,45,6
3317115,0,546,0,40,3,0,2,1,3,48,6
3317117,0,546,0,40,3,0,2,1,3,27,6
3317119,0,546,0,40,2,0,2,1,3,56,6
3317121,0,546,0,40,3,0,2,1,3,73,6
3317123,0,546,0,40,2,0,2,1,3,76,6
3317125,0,546,0,40,3,0,2,1,3,31,6
3317127,0,546,0,40,2,0,2,1,3,13,6
3317129,0,546,0,40,3,0,2,1,3,58,6
3317131,0,546,0,40,3,0,2,1,3,32,6
3317135,0,546,0,40,2,0,2,1,3,24,6
3317137,0,546,0,40,2,0,2,1,3,46,6
3317139,0,546,0,40,3,0,2,1,3,58,6
3317141,0,546,0,40,2,0,2,1,3,44,6
3317143,0,546,0,40,2,0,2,1,3,22,6
3317145,0,546,0,40,2,0,2,1,3,29,6
3317147,0,546,0,40,3,0,2,1,3,47,6
3317149,0,546,0,40,3,0,2,1,3,32,6
3317151,0,546,0,40,2,0,2,1,3,71,6
3317153,0,546,0,40,2,0,2,1,3,41,6
3317155,0,546,0,40,3,0,2,1,3,24,6
3317159,0,546,0,40,2,0,2,1,3,42,6
3317161,0,546,0,40,2,0,2,1,3,66,6
3317165,0,546,0,40,3,0,2,1,3,46,6
3317169,0,546,0,40,2,0,2,1,3,75,6
3317171,0,546,0,40,3,0,2,1,3,85,6
3317173,0,546,0,40,3,0,2,1,3,32,6
3317175,0,546,0,40,3,0,2,1,3,45,6
3317177,0,546,0,40,3,0,2,1,3,59,6
3317179,0,546,0,40,3,0,2,1,3,102,6
3317181,0,546,0,40,3,0,2,1,3,38,6
3317183,0,546,0,40,3,0,2,1,3,107,6
3317185,0,546,0,40,2,0,2,1,3,60,6
3317187,0,546,0,40,2,0,2,1,3,46,6
3317189,0,546,0,40,2,0,2,1,3,36,6
3317191,0,546,0,40,2,0,2,1,3,15,6
3317193,0,546,0,40,2,0,2,1,3,24,6
3317195,0,546,0,40,2,0,2,1,3,45,6
3317197,0,546,0,40,2,0,2,1,3,25,6
3317199,0,546,0,40,3,0,2,1,3,37,6
3317201,0,546,0,40,3,0,2,1,3,67,6
3317203,0,546,0,40,3,0,2,1,3,23,6
3317207,0,546,0,40,2,0,2,1,3,45,6
3317209,0,546,0,40,3,0,2,1,3,31,6
3317211,0,546,0,40,3,0,2,1,3,74,6
3317213,0,546,0,40,2,0,2,1,3,56,6
3317215,0,546,0,40,3,0,2,1,3,12,6
3317217,0,546,0,40,2,0,2,1,3,41,6
3317219,0,546,0,40,3,0,2,1,3,76,6
3317221,0,546,0,40,2,0,2,1,3,25,6
3317223,0,546,0,40,3,0,2,1,3,54,6
3317225,0,546,0,40,3,0,2,1,3,33,6
3317229,0,546,0,40,2,0,2,1,3,43,6
3317231,0,546,0,40,3,0,2,1,3,48,6
3317233,0,546,0,40,3,0,2,1,3,45,6
3317235,0,546,0,40,2,0,2,1,3,57,6
3317237,0,546,0,40,3,0,2,1,3,85,6
3317239,0,546,0,40,2,0,2,1,3,64,6
3317241,0,546,0,40,3,0,2,1,3,89,6
3317243,0,546,0,40,3,0,2,1,3,45,6
3317245,0,546,0,40,2,0,2,1,3,30,6
3317247,0,546,0,40,2,0,2,1,3,40,6
3317249,0,546,0,40,3,0,2,1,3,22,6
3317251,0,546,0,40,3,0,2,1,3,46,6
3317253,0,546,0,40,2,0,2,1,3,32,6
3317257,0,546,0,40,2,0,2,1,3,37,6
3317259,0,546,0,40,3,0,2,1,3,28,6
3317261,0,546,0,40,2,0,2,1,3,29,6
3317263,0,546,0,40,2,0,2,1,3,21,6
3317267,0,546,0,40,3,0,2,1,3,13,6
3317269,0,546,0,40,2,0,2,1,3,50,6
3317271,0,546,0,40,2,0,2,1,3,64,6
3317273,0,546,0,40,3,0,2,1,3,84,6
3317275,0,546,0,40,3,0,2,1,3,25,6
3317277,0,546,0,40,3,0,2,1,3,47,6
3317279,0,546,0,40,2,0,2,1,3,59,6
3317281,0,546,0,40,3,0,2,1,3,37,6
3317283,0,546,0,40,3,0,2,1,3,40,6
3317285,0,546,0,40,3,0,2,1,3,27,6
3317287,0,546,0,40,3,0,2,1,3,79,6
3317289,0,546,0,40,3,0,2,1,3,10,6
3317291,0,546,0,40,2,0,2,1,3,36,6
3317295,0,546,0,40,3,0,2,1,3,66,6
3317297,0,546,0,40,3,0,2,1,3,15,6
3317301,0,546,0,40,2,0,2,1,3,87,6
3317305,0,546,0,40,3,0,2,1,3,68,6
3317307,0,546,0,40,3,0,2,1,3,58,6
3317309,0,546,0,40,2,0,2,1,3,56,6
3317313,0,546,0,40,3,0,2,1,3,58,6
3317315,0,546,0,40,3,0,2,1,3,52,6
3317317,0,546,0,40,2,0,2,1,3,36,6
3317319,0,546,0,40,3,0,2,1,3,19,6
3317323,0,546,0,40,2,0,2,1,3,26,6
3317325,0,546,0,40,2,0,2,1,3,47,6
3317327,0,546,0,40,2,0,2,1,3,54,6
3317329,0,546,0,40,2,0,2,1,3,36,6
3317331,0,546,0,40,3,0,2,1,3,53,6
3317333,0,546,0,40,2,0,2,1,3,30,6
3317335,0,546,0,40,2,0,2,1,3,39,6
3317337,0,546,0,40,3,0,2,1,3,32,6
3317339,0,546,0,40,3,0,2,1,3,69,6
3317341,0,546,0,40,3,0,2,1,3,115,6
3317343,0,546,0,40,2,0,2,1,3,19,6
3317345,0,546,0,40,2,0,2,1,3,62,6
3317349,0,546,0,40,3,0,2,1,3,34,6
3317351,0,546,0,40,3,0,2,1,3,37,6
3317353,0,546,0,40,3,0,2,1,3,42,6
3317355,0,546,0,40,2,0,2,1,3,46,6
3317359,0,546,0,40,3,0,2,1,3,95,6
3317361,0,546,0,40,2,0,2,1,3,32,6
3317363,0,546,0,40,3,0,2,1,3,31,6
3317365,0,546,0,40,3,0,2,1,3,58,6
3317367,0,546,0,40,3,0,2,1,3,20,6
3317369,0,546,0,40,2,0,2,1,3,73,6
3317371,0,546,0,40,2,0,2,1,3,39,6
3317373,0,546,0,40,2,0,2,1,3,60,6
3317375,0,546,0,40,3,0,2,1,3,84,6
3317377,0,546,0,40,2,0,2,1,3,50,6
3317379,0,546,0,40,2,0,2,1,3,49,6
3317383,0,546,0,40,3,0,2,1,3,31,6
3317385,0,546,0,40,2,0,2,1,3,36,6
3317387,0,546,0,40,3,0,2,1,3,53,6
3317389,0,546,0,40,3,0,2,1,3,51,6
3317391,0,546,0,40,2,0,2,1,3,50,6
3317395,0,546,0,40,3,0,2,1,3,69,6
3317397,0,546,0,40,3,0,2,1,3,83,6
3317399,0,546,0,40,3,0,2,1,3,18,6
3317401,0,546,0,40,3,0,2,1,3,11,6
3317405,0,546,0,40,3,0,2,1,3,84,6
3317409,0,546,0,40,3,0,2,1,3,33,6
3317411,0,546,0,40,3,0,2,1,3,78,6
3317413,0,546,0,40,2,0,2,1,3,50,6
3317415,0,546,0,40,3,0,2,1,3,37,6
3317417,0,546,0,40,2,0,2,1,3,19,6
3317419,0,546,0,40,3,0,2,1,3,29,6
3317421,0,546,0,40,2,0,2,1,3,56,6
3317423,0,546,0,40,2,0,2,1,3,35,6
3317427,0,546,0,40,3,0,2,1,3,43,6
3317429,0,546,0,40,2,0,2,1,3,36,6
3317431,0,546,0,40,2,0,2,1,3,19,6
3317433,0,546,0,40,3,0,2,1,3,37,6
3317435,0,546,0,40,2,0,2,1,3,33,6
3317439,0,546,0,40,2,0,2,1,3,17,6
3317441,0,546,0,40,2,0,2,1,3,7,6
3317443,0,546,0,40,2,0,2,1,3,23,6
3317445,0,546,0,40,3,0,2,1,3,48,6
3317447,0,546,0,40,3,0,2,1,3,20,6
3317451,0,546,0,40,2,0,2,1,3,40,6
3317453,0,546,0,40,3,0,2,1,3,49,6
3317457,0,546,0,40,2,0,2,1,3,23,6
3317461,0,546,0,40,3,0,2,1,3,76,6
3317463,0,546,0,40,2,0,2,1,3,52,6
3317465,0,546,0,40,2,0,2,1,3,82,6
3317467,0,546,0,40,3,0,2,1,3,35,6
3317469,0,546,0,40,3,0,2,1,3,55,6
3317471,0,546,0,40,2,0,2,1,3,48,6
3317473,0,546,0,40,2,0,2,1,3,65,6
3317475,0,546,0,40,3,0,2,1,3,45,6
3317477,0,546,0,40,2,0,2,1,3,43,6
3317479,0,546,0,40,3,0,2,1,3,41,6
3317481,0,546,0,40,3,0,2,1,3,61,6
3317483,0,546,0,40,2,0,2,1,3,19,6
3317485,0,546,0,40,3,0,2,1,3,44,6
3317487,0,546,0,40,3,0,2,1,3,50,6
3317489,0,546,0,40,3,0,2,1,3,49,6
3317491,0,546,0,40,3,0,2,1,3,47,6
3317493,0,546,0,40,3,0,2,1,3,37,6
3317495,0,546,0,40,2,0,2,1,3,49,6
3317497,0,546,0,40,3,0,2,1,3,88,6
3317499,0,546,0,40,2,0,2,1,3,28,6
3317501,0,546,0,40,3,0,2,1,3,39,6
3317503,0,546,0,40,2,0,2,1,3,66,6
3317505,0,546,0,40,2,0,2,1,3,53,6
3317507,0,546,0,40,3,0,2,1,3,82,6
3268014,0,546,0,40,2,0,2,1,3,47,6
3301686,0,546,0,40,3,3,2,1,9,55,6
3292190,0,546,0,40,3,5,2,1,19,42,6
3288229,0,546,0,40,3,2,2,1,36,39,6
3287985,0,546,0,40,2,6,2,1,30,83,6
3308676,0,546,0,40,3,1,2,1,4,62,6
3302078,0,546,0,40,3,1,2,1,16,43,6
3303610,0,546,0,40,3,2,2,1,10,38,6
3303060,0,546,0,40,3,2,2,1,7,20,6
3307960,0,546,0,40,3,1,2,1,5,49,6
3307395,0,546,0,40,2,1,2,1,4,28,6
3262249,0,546,0,40,2,5,2,1,60,38,6
3303197,0,546,0,40,2,1,2,1,15,21,6
3303398,0,546,0,40,3,1,2,1,11,50,6
3297831,0,546,0,40,3,3,2,1,18,46,6
3266534,0,546,0,40,3,5,2,1,38,38,6
3274542,0,546,0,40,2,9,2,1,57,65,6
3301105,0,546,0,40,3,4,2,1,11,41,6
3293948,0,546,0,40,2,3,2,1,16,66,6
3303284,1,546,526,36.8676,2,2,2,1,7,68,6
3268767,0,546,0,40,2,10,2,1,58,30,6
3235430,0,546,0,40,3,18,2,1,142,39,6
3302009,0,546,0,40,2,1,2,1,18,21,6
3273203,0,546,0,40,3,7,2,1,68,35,6
3295447,0,546,0,40,3,3,2,1,20,56,6
3273440,0,546,0,40,3,9,2,1,50,35,6
3279718,0,546,0,40,3,6,2,1,38,51,6
3307184,0,546,0,40,2,1,2,1,9,70,6
3306574,0,546,0,40,3,1,2,1,8,54,6
3282174,0,546,0,40,3,5,2,1,36,51,6
3272303,0,546,0,40,2,7,2,1,54,118,6
3303618,0,546,0,40,2,2,2,1,9,28,6
3304637,0,546,0,40,3,2,2,1,8,44,6
3307958,0,546,0,40,2,1,2,1,6,53,6
3294132,0,546,0,40,2,4,2,1,23,20,6
3271911,0,546,0,40,2,12,2,1,44,32,6
3298619,0,546,0,40,3,3,2,1,15,36,6
3306709,0,546,0,40,2,2,2,1,7,17,6
3310431,0,546,0,40,3,1,2,1,4,12,6
3269525,0,546,0,40,3,11,2,1,57,44,6
3302868,0,546,0,40,3,2,2,1,12,58,6
3308558,0,546,0,40,3,2,2,1,4,39,6
3294850,0,546,0,40,3,2,2,1,28,36,6
3299951,0,546,0,40,3,1,2,1,21,42,6
3299699,0,546,0,40,3,2,2,1,19,47,6
3304021,0,546,0,40,2,1,2,1,16,37,6
3265881,0,546,0,40,2,11,2,1,79,49,6
3305548,0,546,0,40,2,1,2,1,13,39,6
3305759,0,546,0,40,3,1,2,1,12,23,6
3305489,0,546,0,40,3,1,2,1,11,19,6
3271726,0,546,0,40,2,9,2,1,60,27,6
3305709,0,546,0,40,2,1,2,1,10,24,6
3292610,0,546,0,40,2,4,2,1,15,32,6
3296973,0,546,0,40,3,4,2,1,21,42,6
3296438,0,546,0,40,3,3,2,1,14,31,6
3281470,0,546,0,40,3,8,2,1,30,64,6
3300556,0,546,0,40,2,4,2,1,12,91,6
3303282,0,546,0,40,3,2,2,1,9,45,6
3263647,0,546,0,40,2,4,2,1,24,86,6
3308915,0,546,0,40,3,1,2,1,7,34,6
3280517,0,546,0,40,2,5,2,1,32,30,6
3266426,0,546,0,40,3,8,2,1,35,14,6
3309340,0,546,0,40,3,1,2,1,6,51,6
3284326,0,546,0,40,2,7,2,1,39,35,6
3305417,0,546,0,40,3,2,2,1,9,52,6
3290430,0,546,0,40,3,6,2,1,23,66,6
3279885,0,546,0,40,3,7,2,1,25,43,6
3305089,0,546,0,40,2,2,2,1,5,26,6
3236113,0,546,0,40,3,17,2,1,81,32,6
3307552,0,546,0,40,2,2,2,1,6,40,6
3281696,0,546,0,40,2,7,2,1,42,33,6
3289299,0,546,0,40,3,7,2,1,23,50,6
3291783,0,546,0,40,2,3,2,1,25,35,6
3297044,0,546,0,40,3,3,2,1,21,78,6
3300389,0,546,0,40,2,5,2,1,11,97,6
3309444,0,546,0,40,3,2,2,1,4,42,6
3310436,0,546,0,40,3,1,2,1,3,64,6
3296633,0,546,0,40,2,1,2,1,31,20,6
3213172,0,546,0,40,3,22,2,1,138,34,6
3274859,0,546,0,40,3,5,2,1,60,51,6
3295143,0,546,0,40,2,2,2,1,24,128,6
3270077,0,546,0,40,2,8,2,1,60,38,6
3304979,0,546,0,40,2,1,2,1,14,51,6
3272386,0,546,0,40,2,7,2,1,62,25,6
3276962,0,546,0,40,2,11,2,1,40,86,6
3290143,0,546,0,40,2,5,2,1,20,59,6
3282414,0,546,0,40,3,8,2,1,31,58,6
3272673,0,546,0,40,2,8,2,1,54,44,6
3306529,0,546,0,40,3,1,2,1,12,20,6
3289327,0,546,0,40,3,3,2,1,35,68,6
3303520,0,546,0,40,3,2,2,1,12,28,6
3293867,1,546,527,38.8152,2,5,2,1,23,41,6
3300894,0,546,0,40,3,2,2,1,13,50,6
3305429,0,546,0,40,3,1,2,1,10,19,6
3291521,0,546,0,40,3,3,2,1,31,34,6
3257950,0,546,0,40,3,9,2,1,68,18,6
3277664,0,546,0,40,2,6,2,1,48,79,6
3299003,0,546,0,40,3,2,2,1,16,38,6
3273159,0,546,0,40,3,10,2,1,60,36,6
3296653,0,546,0,40,2,3,2,1,23,33,6
3256356,0,546,0,40,3,13,2,1,75,38,6
3309201,0,546,0,40,2,1,2,1,8,34,6
3302656,0,546,0,40,2,2,2,1,13,22,6
3288752,0,546,0,40,3,3,2,1,36,59,6
3300936,0,546,0,40,2,3,2,1,13,61,6
3261231,0,546,0,40,3,11,2,1,68,62,6
3309368,0,546,0,40,3,1,2,1,7,25,6
3287832,0,546,0,40,3,5,2,1,27,61,6
3297691,0,546,0,40,3,4,2,1,15,32,6
3306106,0,546,0,40,2,2,2,1,7,107,6
3293737,0,546,0,40,2,5,2,1,23,65,6
3261840,1,546,537,29.6168,3,15,2,1,79,63,6
3272964,0,546,0,40,3,13,2,1,53,19,6
3310461,0,546,0,40,2,1,2,1,6,28,6
3262902,0,546,0,40,2,7,2,1,46,40,6
3294307,0,546,0,40,3,4,2,1,23,26,6
3276325,0,546,0,40,2,8,2,1,52,25,6
3306307,0,546,0,40,2,2,2,1,8,50,6
3279937,0,546,0,40,3,10,2,1,36,50,6
3296502,0,546,0,40,2,4,2,1,19,58,6
3309741,0,546,0,40,3,1,2,1,5,36,6
3310816,0,546,0,40,3,1,2,1,5,44,6
3267751,0,546,0,40,3,10,2,1,46,48,6
3300717,0,546,0,40,2,3,2,1,13,44,6
3301923,0,546,0,40,2,2,2,1,14,37,6
3284354,0,546,0,40,3,6,2,1,39,49,6
3302699,0,546,0,40,3,3,2,1,15,71,6
3294415,0,546,0,40,3,4,2,1,21,32,6
3309641,0,546,0,40,3,1,2,1,4,49,6
3311398,0,546,0,40,3,1,2,1,4,13,6
3311622,0,546,0,40,3,1,2,1,4,37,6
3275305,0,546,0,40,3,6,2,1,44,31,6
3302301,0,546,0,40,3,2,2,1,12,37,6
3263913,0,546,0,40,2,8,2,1,28,23,6
3293768,0,546,0,40,2,6,2,1,18,72,6
3293258,0,546,0,40,3,3,2,1,23,48,6
3292477,0,546,0,40,2,5,2,1,16,12,6
3299649,0,546,0,40,3,3,2,1,20,42,6
3310171,0,546,0,40,2,2,2,1,5,78,6
3311359,0,546,0,40,2,1,2,1,3,22,6
3311964,0,546,0,40,2,1,2,1,3,38,6
3286705,0,546,0,40,2,3,2,1,42,24,6
3290583,0,546,0,40,2,3,2,1,34,49,6
3296627,0,546,0,40,3,2,2,1,29,20,6
3284132,0,546,0,40,3,5,2,1,36,33,6
3263952,0,546,0,40,2,6,2,1,43,34,6
3289966,0,546,0,40,3,4,2,1,29,41,6
3298184,0,546,0,40,3,2,2,1,27,26,6
3277676,0,546,0,40,2,8,2,1,50,17,6
3258547,0,546,0,40,3,8,2,1,93,34,6
3293733,0,546,0,40,2,3,2,1,32,60,6
3298284,0,546,0,40,3,3,2,1,19,83,6
3302333,0,546,0,40,2,2,2,1,15,84,6
3262001,0,546,0,40,3,8,2,1,51,20,6
3296026,0,546,0,40,3,3,2,1,23,76,6
3282591,0,546,0,40,3,9,2,1,39,48,6
3276063,0,546,0,40,2,7,2,1,61,38,6
3298051,0,546,0,40,2,3,2,1,16,28,6
3276463,0,546,0,40,2,7,2,1,51,57,6
3306872,0,546,0,40,3,1,2,1,12,54,6
3304356,0,546,0,40,3,2,2,1,12,67,6
3305138,0,546,0,40,2,2,2,1,13,28,6
3286078,0,546,0,40,3,5,2,1,39,29,6
3307505,0,546,0,40,2,1,2,1,11,35,6
3301509,0,546,0,40,2,2,2,1,13,44,6
3292038,0,546,0,40,3,5,2,1,24,51,6
3302160,0,546,0,40,3,2,2,1,18,34,6
3304829,0,546,0,40,3,1,2,1,10,42,6
3298213,0,546,0,40,2,3,2,1,14,37,6
3253344,0,546,0,40,2,14,2,1,70,54,6
3286343,0,546,0,40,3,6,2,1,33,62,6
3300251,0,546,0,40,2,3,2,1,14,52,6
3264509,0,546,0,40,2,9,2,1,60,20,6
3308247,0,546,0,40,2,1,2,1,9,52,6
3309195,0,546,0,40,2,1,2,1,9,56,6
3298508,0,546,0,40,3,3,2,1,16,94,6
3262843,0,546,0,40,2,6,2,1,37,73,6
3275264,0,546,0,40,3,11,2,1,41,31,6
3266942,0,546,0,40,3,7,2,1,44,100,6
3303545,0,546,0,40,3,2,2,1,17,35,6
3306734,0,546,0,40,3,2,2,1,9,56,6
3309088,0,546,0,40,3,1,2,1,8,54,6
3291513,0,546,0,40,3,2,2,1,34,48,6
3298991,0,546,0,40,3,4,2,1,15,34,6
3293728,0,546,0,40,3,4,2,1,17,44,6
3287004,0,546,0,40,2,7,2,1,31,21,6
3263405,0,546,0,40,3,7,2,1,84,79,6
3267910,0,546,0,40,3,12,2,1,60,59,6
3307638,0,546,0,40,2,1,2,1,7,42,6
3309907,0,546,0,40,3,1,2,1,7,22,6
3310031,0,546,0,40,3,1,2,1,7,37,6
3258187,0,546,0,40,3,9,2,1,65,24,6
3298644,0,546,0,40,2,4,2,1,12,61,6
3294345,0,546,0,40,2,4,2,1,24,71,6
3294842,0,546,0,40,3,4,2,1,13,72,6
3231367,0,546,0,40,2,16,2,1,86,30,6
3294470,0,546,0,40,2,4,2,1,26,27,6
3285740,0,546,0,40,2,5,2,1,30,36,6
3295903,0,546,0,40,2,4,2,1,24,51,6
3289950,1,546,529,37.7119,2,6,2,1,27,26,6
3310596,0,546,0,40,2,1,2,1,6,35,6
3310752,0,546,0,40,3,1,2,1,6,29,6
3270644,0,546,0,40,2,11,2,1,51,21,6
3298006,0,546,0,40,2,3,2,1,15,67,6
3286725,0,546,0,40,3,5,2,1,15,49,6
3298915,0,546,0,40,3,3,2,1,19,32,6
3294001,0,546,0,40,2,4,2,1,23,43,6
3280599,0,546,0,40,2,6,2,1,35,71,6
3296167,0,546,0,40,3,4,2,1,18,30,6
3278151,0,546,0,40,3,6,2,1,54,18,6
3305208,0,546,0,40,3,3,2,1,13,107,6
3306812,0,546,0,40,2,3,2,1,8,32,6
3310917,0,546,0,40,2,1,2,1,5,52,6
3311380,0,546,0,40,2,1,2,1,5,63,6
3297937,0,546,0,40,3,3,2,1,11,83,6
3271203,0,546,0,40,3,10,2,1,52,56,6
3266051,0,546,0,40,2,8,2,1,51,58,6
3241084,0,546,0,40,3,12,2,1,86,48,6
3307193,0,546,0,40,3,2,2,1,5,10,6
3291685,0,546,0,40,2,5,2,1,17,66,6
3301501,0,546,0,40,2,3,2,1,13,42,6
3289749,0,546,0,40,2,5,2,1,30,61,6
3281756,0,546,0,40,2,7,2,1,29,27,6
3293300,0,546,0,40,2,6,2,1,22,62,6
3299372,0,546,0,40,3,4,2,1,18,22,6
3303333,0,546,0,40,2,3,2,1,9,65,6
3295035,0,546,0,40,2,5,2,1,21,40,6
3302717,0,546,0,40,2,4,2,1,12,55,6
3267098,0,546,0,40,3,11,2,1,77,47,6
3309473,0,546,0,40,3,1,2,1,4,50,6
3311403,0,546,0,40,3,1,2,1,4,42,6
3312116,0,546,0,40,2,1,2,1,4,29,6
3293022,0,546,0,40,3,4,2,1,17,55,6
3297846,0,546,0,40,3,5,2,1,7,79,6
3278255,0,546,0,40,2,10,2,1,36,37,6
3304553,0,546,0,40,2,3,2,1,8,62,6
3303725,0,546,0,40,3,3,2,1,6,70,6
3273822,0,546,0,40,3,9,2,1,46,31,6
3305078,1,546,526,13.8181,3,4,2,1,9,50,6
3279966,0,546,0,40,2,6,2,1,44,31,6
3303092,0,546,0,40,2,3,2,1,7,35,6
3296758,0,546,0,40,3,3,2,1,25,54,6
3274843,0,546,0,40,2,8,2,1,58,68,6
3309384,0,546,0,40,3,2,2,1,5,48,6
3298408,0,546,0,40,3,4,2,1,19,31,6
3289019,0,546,0,40,2,4,2,1,40,51,6
3310499,0,546,0,40,2,1,2,1,3,30,6
3311885,0,546,0,40,3,1,2,1,3,58,6
3312201,0,546,0,40,3,1,2,1,3,25,6
3312574,0,546,0,40,2,1,2,1,3,66,6
3294219,0,546,0,40,3,1,2,1,36,25,6
3293490,0,546,0,40,2,2,2,1,33,41,6
3285765,0,546,0,40,2,4,2,1,41,42,6
3269939,0,546,0,40,3,10,2,1,57,58,6
3273075,1,546,539,20.3044,3,9,2,1,53,34,6
3285205,0,546,0,40,2,4,2,1,37,33,6
3277844,0,546,0,40,2,5,2,1,58,71,6
3239257,0,546,0,40,3,10,2,1,66,57,6
3265975,0,546,0,40,2,5,2,1,50,33,6
3197858,1,546,162,40,2,19,2,1,109,28,6
3305036,0,546,0,40,3,1,2,1,17,19,6
3298856,0,546,0,40,3,2,2,1,20,40,6
3296891,0,546,0,40,2,2,2,1,27,37,6
3300092,0,546,0,40,2,3,2,1,21,69,6
3264910,0,546,0,40,3,12,2,1,76,59,6
3284561,0,546,0,40,2,5,2,1,44,46,6
3246450,1,546,523,19.0101,3,13,2,1,83,54,6
3275683,0,546,0,40,3,8,2,1,49,32,6
3264962,0,546,0,40,3,7,2,1,41,68,6
3306675,0,546,0,40,3,1,2,1,14,35,6
3287566,0,546,0,40,3,6,2,1,25,32,6
3295931,0,546,0,40,3,4,2,1,18,57,6
3305485,0,546,0,40,3,1,2,1,13,49,6
3297952,0,546,0,40,2,2,2,1,23,20,6
3261046,0,546,0,40,2,5,2,1,49,17,6
3298509,0,546,0,40,2,3,2,1,20,28,6
3281121,0,546,0,40,3,5,2,1,53,51,6
3294221,0,546,0,40,3,3,2,1,24,67,6
3289713,0,546,0,40,2,6,2,1,30,18,6
3307635,0,546,0,40,2,1,2,1,12,9,6
3215711,0,546,0,40,3,15,2,1,148,25,6
3298578,0,546,0,40,2,2,2,1,19,26,6
3279589,0,546,0,40,2,6,2,1,48,67,6
3302895,0,546,0,40,3,2,2,1,17,34,6
3262328,0,546,0,40,2,7,2,1,34,32,6
3301080,0,546,0,40,2,3,2,1,20,80,6
3291696,0,546,0,40,3,5,2,1,26,72,6
3308222,0,546,0,40,2,1,2,1,11,32,6
3308706,0,546,0,40,3,1,2,1,11,46,6
3157873,1,546,539,23.4006,3,25,2,1,193,32,6
3296237,0,546,0,40,3,4,2,1,23,11,6
3305792,0,546,0,40,2,2,2,1,11,59,6
3168762,0,546,0,40,2,27,2,1,172,32,6
3297834,0,546,0,40,3,4,2,1,16,56,6
3304446,0,546,0,40,3,2,2,1,18,46,6
3277964,0,546,0,40,2,8,2,1,40,65,6
3299033,0,546,0,40,3,2,2,1,22,43,6
3283437,0,546,0,40,3,6,2,1,35,27,6
3258820,0,546,0,40,3,9,2,1,54,20,6
3266271,0,546,0,40,2,4,2,1,44,68,6
3294227,0,546,0,40,2,4,2,1,26,51,6
3302190,0,546,0,40,3,3,2,1,15,38,6
3307694,0,546,0,40,3,1,2,1,9,51,6
3308952,0,546,0,40,2,1,2,1,9,55,6
3309454,0,546,0,40,2,1,2,1,9,76,6
3309680,0,546,0,40,2,1,2,1,9,87,6
3292094,0,546,0,40,3,3,2,1,30,34,6
3304720,0,546,0,40,2,2,2,1,12,48,6
3300279,0,546,0,40,3,2,2,1,19,32,6
3301370,0,546,0,40,3,3,2,1,18,21,6
3283738,0,546,0,40,3,7,2,1,36,26,6
3306708,0,546,0,40,3,2,2,1,10,92,6
3302247,0,546,0,40,3,3,2,1,14,43,6
3309190,0,546,0,40,3,1,2,1,8,74,6
3310411,0,546,0,40,2,1,2,1,8,28,6
3284613,0,546,0,40,2,7,2,1,17,35,6
3198661,0,546,0,40,3,22,2,1,159,65,6
3296234,0,546,0,40,3,6,2,1,15,47,6
3277636,0,546,0,40,3,8,2,1,41,27,6
3303863,0,546,0,40,2,2,2,1,14,56,6
3306007,0,546,0,40,3,2,2,1,10,8,6
3304625,0,546,0,40,2,2,2,1,12,26,6
3283417,0,546,0,40,3,5,2,1,33,57,6
3269713,0,546,0,40,2,10,2,1,76,81,6
3299135,0,546,0,40,3,4,2,1,19,49,6
3294260,0,546,0,40,2,5,2,1,30,32,6
3307629,0,546,0,40,2,2,2,1,12,23,6
3309661,0,546,0,40,3,1,2,1,7,19,6
3310430,0,546,0,40,3,1,2,1,7,16,6
3310894,0,546,0,40,2,1,2,1,7,50,6
3294390,0,546,0,40,3,3,2,1,19,71,6
3294287,0,546,0,40,3,4,2,1,23,14,6
3297015,0,546,0,40,3,4,2,1,19,35,6
3306911,0,546,0,40,2,2,2,1,8,38,6
3295712,0,546,0,40,3,4,2,1,18,95,6
3307152,0,546,0,40,3,2,2,1,8,55,6
3283102,0,546,0,40,3,9,2,1,35,28,6
3289801,0,546,0,40,3,5,2,1,28,37,6
3268091,0,546,0,40,2,13,2,1,65,32,6
3305661,0,546,0,40,2,2,2,1,9,38,6
3280103,0,546,0,40,3,8,2,1,38,40,6
3286520,0,546,0,40,3,5,2,1,36,30,6
3306153,0,546,0,40,2,2,2,1,13,56,6
3302583,0,546,0,40,3,3,2,1,15,19,6
3305215,0,546,0,40,3,3,2,1,11,15,6
3310773,0,546,0,40,3,1,2,1,6,15,6
3311364,0,546,0,40,3,1,2,1,6,26,6
3287769,0,546,0,40,3,5,2,1,29,78,6
3276084,0,546,0,40,3,7,2,1,49,39,6
3295510,0,546,0,40,2,2,2,1,25,30,6
3301566,0,546,0,40,3,3,2,1,14,35,6
3279217,0,546,0,40,2,7,2,1,41,38,6
3286457,0,546,0,40,2,5,2,1,23,84,6
3277612,0,546,0,40,2,7,2,1,40,38,6
3274662,0,546,0,40,3,7,2,1,61,73,6
3300427,0,546,0,40,2,4,2,1,14,35,6
3267893,0,546,0,40,3,5,2,1,48,17,6
3292185,0,546,0,40,3,5,2,1,22,56,6
3290618,0,546,0,40,3,5,2,1,16,26,6
3302279,0,546,0,40,2,3,2,1,14,29,6
3305297,0,546,0,40,3,3,2,1,8,23,6
3291910,0,546,0,40,3,5,2,1,21,24,6
3270239,0,546,0,40,2,8,2,1,72,65,6
3267216,0,546,0,40,3,8,2,1,60,26,6
3286542,0,546,0,40,2,6,2,1,33,41,6
3272841,0,546,0,40,3,10,2,1,54,106,6
3309185,0,546,0,40,2,2,2,1,8,19,6
3286083,0,546,0,40,3,6,2,1,38,49,6
3310174,0,546,0,40,3,2,2,1,6,60,6
3310855,0,546,0,40,2,1,2,1,5,29,6
3311371,0,546,0,40,3,1,2,1,5,41,6
3311886,0,546,0,40,3,1,2,1,5,31,6
3312138,0,546,0,40,2,1,2,1,5,60,6
3297287,0,546,0,40,2,3,2,1,14,40,6
3264605,0,546,0,40,2,6,2,1,43,66,6
3291703,0,546,0,40,3,6,2,1,17,51,6
3301244,0,546,0,40,2,3,2,1,12,28,6
3288231,0,546,0,40,2,5,2,1,23,64,6
3306082,0,546,0,40,2,2,2,1,8,23,6
3302926,0,546,0,40,2,2,2,1,14,44,6
3272784,0,546,0,40,3,11,2,1,53,64,6
3257350,0,546,0,40,3,12,2,1,46,50,6
3288917,0,546,0,40,2,4,2,1,37,25,6
3294413,0,546,0,40,2,4,2,1,22,61,6
3289971,0,546,0,40,2,5,2,1,22,53,6
3270165,0,546,0,40,2,10,2,1,55,53,6
3300324,0,546,0,40,3,2,2,1,23,60,6
3302056,0,546,0,40,3,3,2,1,16,51,6
3284465,0,546,0,40,3,5,2,1,39,23,6
3308339,0,546,0,40,3,2,2,1,7,58,6
3290088,0,546,0,40,2,4,2,1,37,51,6
3305702,0,546,0,40,2,2,2,1,14,44,6
3281945,0,546,0,40,2,7,2,1,37,35,6
3287273,0,546,0,40,3,8,2,1,26,62,6
3299449,0,546,0,40,3,3,2,1,22,37,6
3310184,0,546,0,40,2,1,2,1,4,30,6
3311027,0,546,0,40,2,1,2,1,4,53,6
3311901,0,546,0,40,2,1,2,1,4,12,6
3312217,0,546,0,40,2,1,2,1,4,29,6
3312526,0,546,0,40,2,1,2,1,4,51,6
3312716,0,546,0,40,2,1,2,1,4,19,6
3312808,0,546,0,40,3,1,2,1,4,33,6
3265357,0,546,0,40,2,6,2,1,32,34,6
3266724,0,546,0,40,2,11,2,1,84,57,6
3287757,0,546,0,40,3,5,2,1,27,15,6
3304351,0,546,0,40,3,3,2,1,5,33,6
3304972,0,546,0,40,2,2,2,1,11,89,6
3298299,0,546,0,40,2,4,2,1,16,50,6
3270847,0,546,0,40,3,11,2,1,47,90,6
3264909,0,546,0,40,3,4,2,1,44,43,6
3299628,0,546,0,40,3,3,2,1,17,40,6
3297590,0,546,0,40,2,4,2,1,17,101,6
3280302,0,546,0,40,2,6,2,1,49,28,6
3297149,0,546,0,40,2,3,2,1,18,18,6
3285017,0,546,0,40,2,6,2,1,27,41,6
3309524,0,546,0,40,2,2,2,1,5,23,6
3307961,0,546,0,40,2,2,2,1,9,15,6
3300746,0,546,0,40,3,4,2,1,14,52,6
3274634,0,546,0,40,3,12,2,1,33,35,6
3306132,0,546,0,40,2,2,2,1,11,59,6
3309304,0,546,0,40,2,2,2,1,7,31,6
3304374,0,546,0,40,3,3,2,1,12,53,6
3286918,0,546,0,40,2,7,2,1,32,52,6
3302908,0,546,0,40,2,3,2,1,16,46,6
3261849,0,546,0,40,3,13,2,1,48,43,6
3311788,0,546,0,40,3,2,2,1,4,39,6
3311477,0,546,0,40,2,1,2,1,3,35,6
3312483,0,546,0,40,3,1,2,1,3,36,6
3312887,0,546,0,40,2,1,2,1,3,34,6
3313003,0,546,0,40,3,1,2,1,3,47,6
3313179,0,546,0,40,2,1,2,1,3,68,6
3313299,0,546,0,40,2,1,2,1,3,31,6
3313451,0,546,0,40,3,1,2,1,3,27,6
3298325,0,546,0,40,3,1,2,1,30,11,6
3269252,0,546,0,40,2,8,2,1,78,42,6
3301098,0,546,0,40,2,1,2,1,25,23,6
3260648,0,546,0,40,3,7,2,1,52,77,6
3302396,0,546,0,40,3,1,2,1,23,118,6
3302095,0,546,0,40,3,1,2,1,22,99,6
3299789,0,546,0,40,2,2,2,1,21,65,6
3292948,0,546,0,40,2,3,2,1,24,65,6
3273444,0,546,0,40,2,7,2,1,57,66,6
3222230,0,546,0,40,3,17,2,1,141,53,6
3304282,0,546,0,40,2,1,2,1,19,23,6
3284944,0,546,0,40,2,4,2,1,42,29,6
3301883,0,546,0,40,3,2,2,1,19,38,6
3278139,0,546,0,40,3,5,2,1,45,64,6
3279680,0,546,0,40,2,4,2,1,63,44,6
3275116,0,546,0,40,2,9,2,1,55,26,6
3298942,0,546,0,40,2,2,2,1,22,93,6
3295643,0,546,0,40,3,3,2,1,20,90,6
3300628,0,546,0,40,2,2,2,1,19,14,6
3277381,0,546,0,40,2,8,2,1,53,46,6
3306859,0,546,0,40,3,1,2,1,15,30,6
3289919,0,546,0,40,2,4,2,1,30,40,6
3264124,0,546,0,40,3,10,2,1,55,23,6
3272830,0,546,0,40,3,11,2,1,62,11,6
3262810,0,546,0,40,2,11,2,1,59,43,6
3306284,0,546,0,40,2,1,2,1,14,18,6
3292209,0,546,0,40,3,3,2,1,29,78,6
3275095,0,546,0,40,2,7,2,1,52,20,6
3292104,0,546,0,40,2,5,2,1,21,28,6
3282731,0,546,0,40,2,5,2,1,42,29,6
3248874,0,546,0,40,2,10,2,1,100,57,6
3298518,0,546,0,40,2,3,2,1,17,65,6
3307481,0,546,0,40,3,1,2,1,13,97,6
3261512,0,546,0,40,3,3,2,1,33,44,6
3291517,0,546,0,40,2,5,2,1,23,15,6
3296324,0,546,0,40,3,3,2,1,22,84,6
3284707,0,546,0,40,3,5,2,1,41,34,6
3283800,0,546,0,40,2,5,2,1,46,64,6
3290666,0,546,0,40,3,3,2,1,36,39,6
3307151,0,546,0,40,3,1,2,1,12,34,6
3308474,0,546,0,40,2,1,2,1,12,64,6
3308522,0,546,0,40,2,1,2,1,12,40,6
3295804,0,546,0,40,2,3,2,1,23,29,6
3285046,0,546,0,40,3,5,2,1,36,22,6
3287933,0,546,0,40,3,4,2,1,29,63,6
3282672,0,546,0,40,2,7,2,1,42,63,6
3286008,0,546,0,40,2,5,2,1,37,51,6
3287132,0,546,0,40,3,6,2,1,39,45,6
3308599,0,546,0,40,2,1,2,1,11,26,6
3289637,0,546,0,40,3,2,2,1,37,58,6
3282522,0,546,0,40,3,7,2,1,34,32,6
3295000,0,546,0,40,2,4,2,1,19,49,6
3282483,0,546,0,40,3,6,2,1,43,43,6
3268470,0,546,0,40,2,12,2,1,58,71,6
3282547,0,546,0,40,2,6,2,1,34,20,6
3297266,0,546,0,40,3,4,2,1,18,30,6
3283010,0,546,0,40,3,5,2,1,51,29,6
3279920,0,546,0,40,2,10,2,1,38,31,6
3291615,0,546,0,40,2,4,2,1,31,23,6
3307083,0,546,0,40,2,1,2,1,10,32,6
3309422,0,546,0,40,3,1,2,1,10,60,6
3267885,0,546,0,40,3,12,2,1,64,65,6
3266509,0,546,0,40,2,13,2,1,84,56,6
3280016,0,546,0,40,3,6,2,1,47,41,6
3265146,0,546,0,40,3,3,2,1,33,45,6
3301979,0,546,0,40,2,2,2,1,17,18,6
3301249,0,546,0,40,3,3,2,1,14,35,6
3302813,0,546,0,40,2,2,2,1,18,53,6
3290348,0,546,0,40,2,6,2,1,19,53,6
3306772,0,546,0,40,3,2,2,1,10,53,6
3303917,0,546,0,40,3,3,2,1,15,79,6
3298519,0,546,0,40,2,2,2,1,28,19,6
3294018,0,546,0,40,2,4,2,1,33,26,6
3310097,0,546,0,40,2,1,2,1,9,46,6
3285971,0,546,0,40,3,4,2,1,38,20,6
3305352,0,546,0,40,2,2,2,1,9,45,6
3280942,0,546,0,40,2,8,2,1,39,54,6
3303212,0,546,0,40,2,2,2,1,15,17,6
3268437,0,546,0,40,3,14,2,1,60,46,6
3302725,0,546,0,40,3,2,2,1,18,45,6
3274017,0,546,0,40,3,9,2,1,52,95,6
3276334,1,546,524,23.2981,3,10,2,1,42,31,6
3307262,0,546,0,40,3,2,2,1,10,46,6
3299366,0,546,0,40,3,2,2,1,23,45,6
3292994,0,546,0,40,3,6,2,1,18,54,6
3306503,0,546,0,40,3,2,2,1,13,33,6
3274156,0,546,0,40,2,11,2,1,47,50,6
3302752,0,546,0,40,2,3,2,1,17,46,6
3309597,0,546,0,40,3,1,2,1,8,66,6
3310628,0,546,0,40,3,1,2,1,8,41,6
3310738,0,546,0,40,2,1,2,1,8,41,6
3310962,0,546,0,40,2,1,2,1,8,42,6
3276307,0,546,0,40,2,6,2,1,48,90,6
3284593,0,546,0,40,2,6,2,1,33,31,6
3272697,0,546,0,40,3,9,2,1,50,35,6
3296934,0,546,0,40,3,4,2,1,20,27,6
3285402,0,546,0,40,2,6,2,1,36,49,6
3286908,0,546,0,40,3,6,2,1,41,64,6
3305897,0,546,0,40,3,2,2,1,10,62,6
3294456,0,546,0,40,2,2,2,1,34,39,6
3304336,0,546,0,40,3,3,2,1,13,34,6
3263708,0,546,0,40,2,6,2,1,41,24,6
3307109,0,546,0,40,2,2,2,1,9,17,6
3274196,0,546,0,40,2,9,2,1,53,15,6
3288032,0,546,0,40,3,6,2,1,37,37,6
3297078,0,546,0,40,3,4,2,1,25,19,6
3292126,0,546,0,40,3,4,2,1,29,72,6
3267840,0,546,0,40,3,14,2,1,73,38,6
3290420,0,546,0,40,2,6,2,1,29,65,6
3301846,0,546,0,40,3,3,2,1,13,70,6
3295718,0,546,0,40,3,4,2,1,21,24,6
3310108,0,546,0,40,3,1,2,1,7,47,6
3310801,0,546,0,40,2,1,2,1,7,91,6
3311352,1,546,540,40,2,1,2,1,7,71,6
3311702,0,546,0,40,2,1,2,1,7,44,6
3263136,0,546,0,40,3,8,2,1,37,78,6
3274607,0,546,0,40,3,9,2,1,42,58,6
3272103,0,546,0,40,3,10,2,1,61,21,6
3304180,0,546,0,40,2,3,2,1,9,47,6
3293494,0,546,0,40,2,5,2,1,25,80,6
3293306,0,546,0,40,3,4,2,1,17,17,6
3307477,0,546,0,40,2,2,2,1,7,34,6
3274350,0,546,0,40,2,10,2,1,34,60,6
3276525,0,546,0,40,3,6,2,1,54,61,6
3153226,0,546,0,40,3,24,2,1,168,36,6
3273079,0,546,0,40,3,9,2,1,64,38,6
3265375,0,546,0,40,3,6,2,1,36,42,6
3307142,0,546,0,40,3,2,2,1,11,34,6
3294806,0,546,0,40,3,5,2,1,22,48,6
3286189,0,546,0,40,2,4,2,1,37,106,6
3285658,0,546,0,40,2,5,2,1,39,87,6
3306366,0,546,0,40,2,2,2,1,14,65,6
3294383,0,546,0,40,3,5,2,1,20,30,6
3310575,0,546,0,40,2,1,2,1,6,34,6
3311211,0,546,0,40,2,1,2,1,6,33,6
3311559,0,546,0,40,3,1,2,1,6,85,6
3311914,0,546,0,40,3,1,2,1,6,48,6
3312052,0,546,0,40,3,1,2,1,6,45,6
3312278,0,546,0,40,3,1,2,1,6,35,6
3288713,0,546,0,40,2,5,2,1,28,81,6
3284209,0,546,0,40,3,6,2,1,34,42,6
3298653,1,546,513,17.0163,3,3,2,1,19,83,6
3283477,0,546,0,40,2,6,2,1,39,27,6
3297571,0,546,0,40,2,3,2,1,20,54,6
3295790,0,546,0,40,2,4,2,1,20,42,6
3279118,0,546,0,40,2,9,2,1,44,91,6
3304892,0,546,0,40,3,3,2,1,10,46,6
3280295,0,546,0,40,2,7,2,1,45,37,6
3307781,0,546,0,40,3,3,2,1,7,75,6
3304306,0,546,0,40,3,3,2,1,10,50,6
3307443,0,546,0,40,3,2,2,1,7,33,6
3267674,0,546,0,40,3,7,2,1,45,65,6
3307792,0,546,0,40,2,2,2,1,9,29,6
3296926,0,546,0,40,2,5,2,1,19,71,6
3268440,2,546,0,40,3,5,2,1,23,45,6
3280432,0,546,0,40,3,8,2,1,40,40,6
3290464,0,546,0,40,2,7,2,1,29,40,6
3309333,0,546,0,40,3,2,2,1,7,39,6
3310152,0,546,0,40,3,1,2,1,5,66,6
3310899,0,546,0,40,2,1,2,1,5,54,6
3311345,0,546,0,40,2,1,2,1,5,74,6
3312253,0,546,0,40,3,1,2,1,5,27,6
3312410,0,546,0,40,2,1,2,1,5,48,6
3312768,0,546,0,40,3,1,2,1,5,103,6
3312864,0,546,0,40,3,1,2,1,5,84,6
3306555,0,546,0,40,3,2,2,1,6,43,6
3302470,0,546,0,40,2,4,2,1,8,64,6
3296282,0,546,0,40,3,3,2,1,20,27,6
3306852,0,546,0,40,2,2,2,1,7,32,6
3308088,0,546,0,40,3,2,2,1,5,77,6
3300730,0,546,0,40,2,3,2,1,13,70,6
3298687,0,546,0,40,2,4,2,1,19,36,6
3300163,0,546,0,40,3,3,2,1,13,28,6
3306121,0,546,0,40,3,3,2,1,9,34,6
3303880,0,546,0,40,3,2,2,1,14,17,6
3261000,0,546,0,40,3,10,2,1,50,31,6
3264787,0,546,0,40,2,9,2,1,36,29,6
3298324,0,546,0,40,3,3,2,1,20,19,6
3305490,0,546,0,40,3,3,2,1,7,64,6
3309512,0,546,0,40,2,2,2,1,5,80,6
3297023,0,546,0,40,3,3,2,1,22,50,6
3303606,0,546,0,40,3,2,2,1,12,49,6
3274479,0,546,0,40,3,9,2,1,55,47,6
3301474,0,546,0,40,3,3,2,1,13,47,6
3262106,0,546,0,40,3,3,2,1,57,66,6
3309740,0,546,0,40,2,2,2,1,6,36,6
3266041,0,546,0,40,2,6,2,1,61,42,6
3261990,0,546,0,40,3,8,2,1,59,77,6
3280620,0,546,0,40,2,8,2,1,46,59,6
3279425,0,546,0,40,3,10,2,1,44,17,6
3296721,0,546,0,40,3,4,2,1,21,42,6
3264697,0,546,0,40,3,11,2,1,54,102,6
3288835,1,546,536,16.9555,3,6,2,1,30,42,6
3306305,0,546,0,40,3,3,2,1,10,22,6
3309173,0,546,0,40,2,2,2,1,9,63,6
3259827,0,546,0,40,3,11,2,1,51,40,6
3302606,0,546,0,40,2,4,2,1,18,89,6
3282568,0,546,0,40,2,8,2,1,29,66,6
3310699,0,546,0,40,2,1,2,1,4,59,6
3312893,0,546,0,40,2,1,2,1,4,41,6
3313123,0,546,0,40,2,1,2,1,4,51,6
3313257,0,546,0,40,2,1,2,1,4,61,6
3313325,0,546,0,40,2,1,2,1,4,37,6
3298950,0,546,0,40,2,2,2,1,15,56,6
3300687,0,546,0,40,3,3,2,1,14,25,6
3295830,0,546,0,40,3,2,2,1,27,48,6
3303786,0,546,0,40,2,2,2,1,10,50,6
3295784,0,546,0,40,3,5,2,1,16,44,6
3279687,0,546,0,40,3,8,2,1,43,34,6
3293991,0,546,0,40,3,4,2,1,26,29,6
3280431,0,546,0,40,3,6,2,1,43,66,6
3267483,0,546,0,40,2,6,2,1,39,21,6
3276470,0,546,0,40,3,7,2,1,46,73,6
3302911,0,546,0,40,3,3,2,1,12,34,6
3290277,0,546,0,40,3,5,2,1,25,46,6
3304179,0,546,0,40,3,3,2,1,7,34,6
3266339,0,546,0,40,3,11,2,1,54,53,6
3304960,0,546,0,40,2,2,2,1,13,33,6
3272302,0,546,0,40,2,10,2,1,54,51,6
3265353,1,546,540,33.6999,2,8,2,1,27,49,6
3274928,0,546,0,40,2,11,2,1,42,50,6
3298956,0,546,0,40,3,3,2,1,19,31,6
3300447,0,546,0,40,2,3,2,1,17,44,6
3283480,0,546,0,40,3,6,2,1,40,35,6
3298988,0,546,0,40,2,4,2,1,18,22,6
3305573,0,546,0,40,2,2,2,1,7,41,6
3303258,0,546,0,40,2,4,2,1,8,17,6
3281403,0,546,0,40,3,5,2,1,52,32,6
3307310,0,546,0,40,3,2,2,1,11,46,6
3309065,0,546,0,40,3,2,2,1,8,31,6
3289270,0,546,0,40,3,6,2,1,22,37,6
3309305,0,546,0,40,2,2,2,1,4,36,6
3271119,0,546,0,40,2,13,2,1,58,24,6
3265573,0,546,0,40,2,10,2,1,35,45,6
3299595,0,546,0,40,3,4,2,1,16,22,6
3305999,0,546,0,40,3,3,2,1,8,47,6
3306263,0,546,0,40,3,3,2,1,7,70,6
3310716,0,546,0,40,3,2,2,1,7,97,6
3297098,0,546,0,40,3,4,2,1,23,41,6
3305506,0,546,0,40,2,4,2,1,12,33,6
3312457,0,546,0,40,2,1,2,1,3,28,6
3312697,0,546,0,40,3,1,2,1,3,63,6
3313252,0,546,0,40,3,1,2,1,3,64,6
3313524,0,546,0,40,3,1,2,1,3,47,6
3313722,0,546,0,40,2,1,2,1,3,18,6
3313870,0,546,0,40,3,1,2,1,3,60,6
3314006,0,546,0,40,2,1,2,1,3,37,6
3256482,0,546,0,40,2,15,2,1,90,53,6
3294005,0,546,0,40,3,2,2,1,36,49,6
3292408,0,546,0,40,2,3,2,1,35,87,6
3274248,0,546,0,40,3,5,2,1,58,33,6
3295758,0,546,0,40,3,2,2,1,31,15,6
3287829,0,546,0,40,3,5,2,1,31,41,6
3267738,0,546,0,40,3,10,2,1,78,44,6
3294146,0,546,0,40,3,4,2,1,30,68,6
3303597,0,546,0,40,3,1,2,1,22,55,6
3283605,0,546,0,40,2,5,2,1,41,28,6
3273073,0,546,0,40,3,7,2,1,67,65,6
3252352,0,546,0,40,2,10,2,1,61,39,6
3262714,0,546,0,40,3,3,2,1,34,27,6
3296452,0,546,0,40,2,2,2,1,27,29,6
3265534,0,546,0,40,2,9,2,1,64,40,6
3276594,0,546,0,40,3,5,2,1,53,63,6
3300774,0,546,0,40,2,2,2,1,21,77,6
3304920,0,546,0,40,2,1,2,1,19,28,6
3305286,0,546,0,40,2,1,2,1,19,98,6
3295003,0,546,0,40,2,2,2,1,32,55,6
3294616,0,546,0,40,3,4,2,1,27,58,6
3288015,0,546,0,40,3,4,2,1,37,67,6
3270302,1,546,479,40,2,8,2,1,63,54,6
3286256,0,546,0,40,3,6,2,1,33,27,6
3263221,0,546,0,40,2,7,2,1,62,33,6
3284795,0,546,0,40,3,7,2,1,40,36,6
3295137,0,546,0,40,3,4,2,1,27,44,6
3280841,0,546,0,40,2,4,2,1,56,69,6
3294748,0,546,0,40,3,2,2,1,25,20,6
3288358,0,546,0,40,3,3,2,1,34,31,6
3264265,0,546,0,40,2,10,2,1,55,21,6
3296136,0,546,0,40,3,4,2,1,26,25,6
3306899,0,546,0,40,3,1,2,1,16,65,6
3285493,0,546,0,40,3,4,2,1,41,39,6
3301629,0,546,0,40,3,3,2,1,18,23,6
3303176,0,546,0,40,3,2,2,1,17,32,6
3289036,0,546,0,40,2,6,2,1,30,16,6
3292942,0,546,0,40,3,4,2,1,26,37,6
3287158,0,546,0,40,3,5,2,1,34,42,6
3289982,0,546,0,40,3,4,2,1,37,65,6
3266503,0,546,0,40,3,4,2,1,25,26,6
3271240,0,546,0,40,2,8,2,1,64,34,6
3301578,0,546,0,40,3,3,2,1,17,56,6
3273841,0,546,0,40,3,7,2,1,54,28,6
3295240,0,546,0,40,2,3,2,1,25,28,6
3264302,0,546,0,40,2,9,2,1,52,39,6
3307197,0,546,0,40,2,1,2,1,14,17,6
3307641,0,546,0,40,2,1,2,1,14,25,6
3300821,0,546,0,40,3,2,2,1,18,30,6
3256199,0,546,0,40,3,8,2,1,81,51,6
3297833,0,546,0,40,3,4,2,1,19,76,6
3303640,0,546,0,40,3,2,2,1,17,81,6
3283521,0,546,0,40,2,5,2,1,41,33,6
3298899,0,546,0,40,3,3,2,1,24,77,6
3286089,0,546,0,40,3,6,2,1,40,79,6
3306312,0,546,0,40,2,1,2,1,13,52,6
3298595,0,546,0,40,3,3,2,1,19,85,6
3300179,0,546,0,40,2,2,2,1,16,36,6
3285656,0,546,0,40,2,7,2,1,32,51,6
3305890,0,546,0,40,3,2,2,1,13,23,6
3291285,0,546,0,40,2,4,2,1,36,40,6
3276193,0,546,0,40,3,6,2,1,72,36,6
3282617,0,546,0,40,2,8,2,1,43,42,6
3271588,0,546,0,40,2,13,2,1,50,37,6
3308777,0,546,0,40,2,1,2,1,12,38,6
3264590,0,546,0,40,2,7,2,1,49,65,6
3305242,0,546,0,40,2,2,2,1,12,92,6
3274814,0,546,0,40,3,8,2,1,50,49,6
3263252,0,546,0,40,3,6,2,1,31,28,6
3297972,0,546,0,40,2,3,2,1,19,45,6
3270828,0,546,0,40,3,9,2,1,60,38,6
3283915,0,546,0,40,3,7,2,1,37,28,6
3288492,0,546,0,40,3,4,2,1,45,30,6
3298272,0,546,0,40,3,4,2,1,17,60,6
3293450,0,546,0,40,3,3,2,1,23,55,6
3305842,0,546,0,40,2,2,2,1,16,73,6
3282972,0,546,0,40,3,4,2,1,51,56,6
3293424,0,546,0,40,3,5,2,1,28,33,6
3309656,0,546,0,40,2,1,2,1,11,87,6
3278809,0,546,0,40,3,6,2,1,44,49,6
3288909,0,546,0,40,3,5,2,1,29,47,6
3301692,0,546,0,40,3,3,2,1,15,88,6
3247526,0,546,0,40,2,14,2,1,74,27,6
3267105,0,546,0,40,3,6,2,1,35,69,6
3278174,0,546,0,40,2,7,2,1,46,43,6
3264531,0,546,0,40,2,10,2,1,57,47,6
3297644,0,546,0,40,2,3,2,1,24,57,6
3295249,0,546,0,40,3,3,2,1,32,32,6
3277808,0,546,0,40,3,9,2,1,57,66,6
3276267,0,546,0,40,3,9,2,1,49,20,6
3287748,0,546,0,40,3,7,2,1,39,15,6
3299116,0,546,0,40,3,4,2,1,19,20,6
3299176,0,546,0,40,3,2,2,1,29,44,6
3307806,1,546,541,29.1223,2,1,2,1,10,56,6
3309595,0,546,0,40,3,1,2,1,10,57,6
3309953,0,546,0,40,3,1,2,1,10,69,6
3282677,0,546,0,40,3,4,2,1,43,29,6
3270109,0,546,0,40,2,8,2,1,76,45,6
3274731,0,546,0,40,2,10,2,1,43,23,6
3295976,0,546,0,40,2,4,2,1,21,82,6
3303449,0,546,0,40,2,2,2,1,17,23,6
3291136,0,546,0,40,2,5,2,1,24,39,6
3305986,0,546,0,40,2,2,2,1,11,27,6
3287824,0,546,0,40,3,4,2,1,43,40,6
3281932,0,546,0,40,2,7,2,1,34,28,6
3302801,0,546,0,40,2,2,2,1,20,63,6
3308033,0,546,0,40,2,2,2,1,11,45,6
3303857,0,546,0,40,2,3,2,1,14,19,6
3273080,0,546,0,40,2,12,2,1,56,38,6
3294350,0,546,0,40,3,4,2,1,27,43,6
3307323,0,546,0,40,2,1,2,1,9,47,6
3308189,0,546,0,40,3,1,2,1,9,50,6
3309910,0,546,0,40,3,1,2,1,9,7,6
3310710,0,546,0,40,2,1,2,1,9,48,6
3310970,0,546,0,40,2,1,2,1,9,34,6
3280107,0,546,0,40,2,6,2,1,43,43,6
3298217,0,546,0,40,2,3,2,1,16,36,6
3279873,0,546,0,40,3,5,2,1,50,39,6
3290259,0,546,0,40,3,6,2,1,25,49,6
3293148,0,546,0,40,3,4,2,1,18,36,6
3266363,0,546,0,40,2,10,2,1,50,50,6
3301969,0,546,0,40,3,3,2,1,15,24,6
3288698,0,546,0,40,3,5,2,1,33,58,6
3292827,0,546,0,40,2,4,2,1,23,56,6
3296089,0,546,0,40,2,4,2,1,23,55,6
3290677,0,546,0,40,2,5,2,1,29,30,6
3308460,0,546,0,40,2,2,2,1,9,68,6
3293760,0,546,0,40,2,4,2,1,23,47,6
3272412,0,546,0,40,2,9,2,1,57,47,6
3271170,0,546,0,40,3,8,2,1,58,39,6
3273863,0,546,0,40,2,8,2,1,65,77,6
3296090,0,546,0,40,2,4,2,1,21,45,6
3277468,0,546,0,40,3,7,2,1,58,36,6
3270431,0,546,0,40,2,8,2,1,73,55,6
3309353,0,546,0,40,3,1,2,1,8,31,6
3310132,0,546,0,40,2,1,2,1,8,36,6
3310909,0,546,0,40,2,1,2,1,8,40,6
3311378,0,546,0,40,3,1,2,1,8,23,6
3311640,0,546,0,40,3,1,2,1,8,27,6
3295236,0,546,0,40,3,4,2,1,17,34,6
3286911,0,546,0,40,2,3,2,1,43,60,6
3299172,0,546,0,40,2,4,2,1,16,77,6
3298734,0,546,0,40,2,3,2,1,18,68,6
3271461,0,546,0,40,3,14,2,1,59,30,6
3270387,0,546,0,40,2,9,2,1,66,59,6
3282162,0,546,0,40,3,6,2,1,37,59,6
3295955,0,546,0,40,3,4,2,1,20,54,6
3304816,0,546,0,40,2,2,2,1,14,44,6
3261126,0,546,0,40,2,7,2,1,72,30,6
3269828,0,546,0,40,2,12,2,1,74,29,6
3271564,0,546,0,40,2,9,2,1,63,53,6
3268171,0,546,0,40,2,13,2,1,67,45,6
3272180,0,546,0,40,3,9,2,1,55,33,6
3269213,0,546,0,40,2,8,2,1,75,52,6
3264632,0,546,0,40,3,7,2,1,59,27,6
3286422,0,546,0,40,3,6,2,1,34,25,6
3302123,0,546,0,40,3,4,2,1,10,34,6
3301771,0,546,0,40,2,3,2,1,18,26,6
3296824,0,546,0,40,3,5,2,1,18,30,6
3302655,0,546,0,40,3,3,2,1,14,26,6
3306927,0,546,0,40,2,3,2,1,11,52,6
3306302,0,546,0,40,2,2,2,1,15,105,6
3275325,0,546,0,40,3,10,2,1,53,37,6
3310951,0,546,0,40,2,1,2,1,7,46,6
3311259,0,546,0,40,3,1,2,1,7,40,6
3311750,0,546,0,40,3,1,2,1,7,47,6
3311966,0,546,0,40,2,1,2,1,7,56,6
3283796,0,546,0,40,2,4,2,1,38,27,6
3303838,0,546,0,40,2,2,2,1,8,39,6
3302997,0,546,0,40,3,2,2,1,15,41,6
3302580,0,546,0,40,3,3,2,1,11,76,6
3291196,0,546,0,40,3,4,2,1,31,57,6
3294255,0,546,0,40,3,4,2,1,20,77,6
3290442,0,546,0,40,3,4,2,1,30,19,6
3289123,1,546,514,40,2,4,2,1,33,56,6
3260801,0,546,0,40,2,8,2,1,47,59,6
3303931,0,546,0,40,2,3,2,1,13,37,6
3299080,0,546,0,40,2,3,2,1,18,34,6
3265992,0,546,0,40,2,8,2,1,59,45,6
3269190,0,546,0,40,2,11,2,1,74,29,6
3277780,0,546,0,40,3,7,2,1,48,38,6
3306829,0,546,0,40,2,2,2,1,12,54,6
3309003,0,546,0,40,2,2,2,1,8,42,6
3281661,0,546,0,40,2,8,2,1,34,43,6
3279674,0,546,0,40,2,7,2,1,43,10,6
3271086,0,546,0,40,3,10,2,1,54,40,6
3287848,0,546,0,40,3,8,2,1,31,46,6
3282283,0,546,0,40,2,6,2,1,39,53,6
3306589,0,546,0,40,3,3,2,1,13,94,6
3297433,0,546,0,40,3,5,2,1,21,59,6
3300038,0,546,0,40,3,3,2,1,17,25,6
3309716,0,546,0,40,3,2,2,1,8,71,6
3307930,0,546,0,40,3,2,2,1,7,31,6
3286166,0,546,0,40,2,5,2,1,37,31,6
3295894,0,546,0,40,2,4,2,1,21,71,6
3297478,0,546,0,40,2,4,2,1,25,31,6
3299929,0,546,0,40,2,4,2,1,22,40,6
3265265,0,546,0,40,2,8,2,1,41,38,6
3295312,0,546,0,40,3,4,2,1,24,35,6
3267215,0,546,0,40,2,6,2,1,58,33,6
3289032,0,546,0,40,3,6,2,1,21,26,6
3289039,0,546,0,40,2,7,2,1,36,35,6
3309617,0,546,0,40,3,1,2,1,6,29,6
3311545,0,546,0,40,2,1,2,1,6,32,6
3311809,0,546,0,40,2,1,2,1,6,29,6
3312181,0,546,0,40,3,1,2,1,6,36,6
3312330,0,546,0,40,3,1,2,1,6,77,6
3312568,0,546,0,40,3,1,2,1,6,47,6
3312622,0,546,0,40,2,1,2,1,6,27,6
3312738,0,546,0,40,3,1,2,1,6,30,6
3296442,0,546,0,40,3,3,2,1,18,44,6
3307066,0,546,0,40,3,2,2,1,6,31,6
3307929,0,546,0,40,3,2,2,1,7,52,6
3291360,0,546,0,40,2,5,2,1,24,51,6
3303138,0,546,0,40,2,3,2,1,10,37,6
3266020,0,546,0,40,3,10,2,1,37,53,6
3308303,0,546,0,40,2,2,2,1,6,50,6
3287106,1,546,533,30.9852,2,6,2,1,32,45,6
3281329,0,546,0,40,3,6,2,1,41,17,6
3305786,0,546,0,40,3,2,2,1,13,21,6
3306804,0,546,0,40,2,2,2,1,10,37,6
3280813,0,546,0,40,2,7,2,1,40,56,6
3276412,0,546,0,40,3,9,2,1,53,35,6
3302431,0,546,0,40,3,2,2,1,19,30,6
3305654,0,546,0,40,2,2,2,1,14,42,6
3294216,0,546,0,40,2,3,2,1,32,63,6
3301732,0,546,0,40,2,4,2,1,15,32,6
3273495,0,546,0,40,3,8,2,1,59,39,6
3294243,0,546,0,40,3,4,2,1,25,47,6
3308393,0,546,0,40,3,2,2,1,7,22,6
3306077,0,546,0,40,3,3,2,1,10,35,6
3300562,0,546,0,40,2,2,2,1,20,27,6
3293539,0,546,0,40,2,5,2,1,26,23,6
3307091,0,546,0,40,2,2,2,1,9,44,6
3284777,0,546,0,40,3,7,2,1,32,42,6
3307180,0,546,0,40,3,3,2,1,11,70,6
3284816,0,546,0,40,3,7,2,1,38,33,6
3231299,0,546,0,40,2,12,2,1,112,17,6
3302500,0,546,0,40,2,4,2,1,16,37,6
3308397,0,546,0,40,3,2,2,1,6,48,6
3288916,0,546,0,40,2,6,2,1,30,89,6
3310663,0,546,0,40,2,2,2,1,7,40,6
3311157,0,546,0,40,3,1,2,1,5,38,6
3312159,0,546,0,40,2,1,2,1,5,29,6
3312463,0,546,0,40,3,1,2,1,5,17,6
3312767,0,546,0,40,2,1,2,1,5,25,6
3313293,0,546,0,40,2,1,2,1,5,43,6
3313443,0,546,0,40,3,1,2,1,5,100,6
3285712,0,546,0,40,2,4,2,1,35,42,6
3305371,0,546,0,40,3,2,2,1,8,39,6
3299614,0,546,0,40,3,2,2,1,20,22,6
3286546,0,546,0,40,3,5,2,1,31,74,6
3308448,0,546,0,40,3,2,2,1,6,32,6
3309019,0,546,0,40,3,2,2,1,5,40,6
3254947,0,546,0,40,3,17,2,1,43,16,6
3267870,0,546,0,40,2,9,2,1,61,29,6
3293461,1,546,541,19.848,3,5,2,1,23,50,6
3295503,0,546,0,40,2,3,2,1,27,26,6
3301443,0,546,0,40,3,3,2,1,9,24,6
3286995,0,546,0,40,3,8,2,1,31,45,6
3306090,0,546,0,40,2,2,2,1,11,61,6
3290755,0,546,0,40,2,4,2,1,22,51,6
3290183,0,546,0,40,2,7,2,1,20,46,6
3304468,0,546,0,40,3,3,2,1,8,35,6
3306579,0,546,0,40,2,3,2,1,6,129,6
3275282,0,546,0,40,3,11,2,1,55,42,6
3309951,0,546,0,40,3,2,2,1,5,51,6
3297169,0,546,0,40,3,3,2,1,27,36,6
3294481,0,546,0,40,2,4,2,1,22,24,6
3287886,0,546,0,40,2,6,2,1,36,55,6
3308394,0,546,0,40,3,2,2,1,9,29,6
3288898,0,546,0,40,2,7,2,1,22,52,6
3294245,0,546,0,40,2,5,2,1,18,64,6
3296353,0,546,0,40,2,5,2,1,19,50,6
3269268,0,546,0,40,3,9,2,1,76,38,6
3270579,0,546,0,40,3,9,2,1,70,54,6
3284348,0,546,0,40,3,5,2,1,44,61,6
3264088,0,546,0,40,2,9,2,1,61,58,6
3288543,0,546,0,40,2,6,2,1,31,47,6
3294972,0,546,0,40,3,5,2,1,27,36,6
3310922,0,546,0,40,3,2,2,1,6,58,6
3310721,0,546,0,40,2,2,2,1,5,72,6
3302799,0,546,0,40,2,3,2,1,17,45,6
3297116,0,546,0,40,3,5,2,1,17,38,6
3305601,0,546,0,40,2,3,2,1,10,62,6
3271915,0,546,0,40,2,12,2,1,49,43,6
3235828,0,546,0,40,2,13,2,1,116,27,6
3292140,0,546,0,40,3,5,2,1,26,93,6
3304684,0,546,0,40,2,3,2,1,12,64,6
3308882,0,546,0,40,2,2,2,1,7,20,6
3283707,0,546,0,40,3,7,2,1,43,51,6
3310683,0,546,0,40,2,1,2,1,4,19,6
3312083,0,546,0,40,2,1,2,1,4,41,6
3312625,0,546,0,40,2,1,2,1,4,78,6
3313144,0,546,0,40,3,1,2,1,4,75,6
3313384,0,546,0,40,2,1,2,1,4,65,6
3313610,0,546,0,40,3,1,2,1,4,63,6
3313810,0,546,0,40,3,1,2,1,4,7,6
3313840,0,546,0,40,3,1,2,1,4,13,6
3313892,0,546,0,40,2,1,2,1,4,34,6
3314008,0,546,0,40,2,1,2,1,4,32,6
3274006,0,546,0,40,2,4,2,1,58,35,6
3304453,0,546,0,40,3,2,2,1,6,74,6
3304040,0,546,0,40,3,2,2,1,11,42,6
3298873,0,546,0,40,2,4,2,1,13,56,6
3306580,0,546,0,40,3,2,2,1,7,60,6
3287307,0,546,0,40,3,6,2,1,32,39,6
3305052,1,546,533,25.2078,3,3,2,1,8,30,6
3293926,0,546,0,40,3,5,2,1,18,63,6
3272159,0,546,0,40,2,9,2,1,63,30,6
3292368,1,546,522,22.7236,3,4,2,1,28,78,6
3306004,0,546,0,40,3,2,2,1,9,83,6
3305704,0,546,0,40,3,3,2,1,8,22,6
3302523,0,546,0,40,3,3,2,1,11,32,6
3296128,0,546,0,40,2,3,2,1,27,77,6
3306100,0,546,0,40,3,3,2,1,8,45,6
3282877,0,546,0,40,2,5,2,1,39,77,6
3305251,0,546,0,40,2,2,2,1,13,45,6
3287321,0,546,0,40,2,7,2,1,34,40,6
3288734,0,546,0,40,3,5,2,1,32,48,6
3282932,0,546,0,40,3,5,2,1,42,16,6
3294329,0,546,0,40,2,4,2,1,19,62,6
3279876,0,546,0,40,2,11,2,1,38,11,6
3300245,0,546,0,40,3,3,2,1,19,31,6
3299098,0,546,0,40,3,3,2,1,16,48,6
3277886,0,546,0,40,2,7,2,1,46,72,6
3307788,0,546,0,40,3,2,2,1,9,52,6
3297150,0,546,0,40,2,4,2,1,18,92,6
3309504,0,546,0,40,3,2,2,1,7,75,6
3286226,0,546,0,40,2,7,2,1,34,96,6
3311220,0,546,0,40,3,2,2,1,4,46,6
3298038,0,546,0,40,2,3,2,1,24,11,6
3303652,0,546,0,40,2,3,2,1,14,66,6
3289112,0,546,0,40,3,6,2,1,34,45,6
3295951,0,546,0,40,2,4,2,1,19,37,6
3287785,0,546,0,40,2,5,2,1,32,77,6
3290924,0,546,0,40,2,5,2,1,23,49,6
3275976,0,546,0,40,2,7,2,1,60,63,6
3302303,0,546,0,40,3,4,2,1,9,32,6
3310809,0,546,0,40,2,2,2,1,5,42,6
3305348,0,546,0,40,2,3,2,1,10,33,6
3308848,0,546,0,40,3,3,2,1,6,37,6
3208686,0,546,0,40,3,19,2,1,106,46,6
3285225,0,546,0,40,3,7,2,1,35,36,6
3294836,0,546,0,40,3,6,2,1,15,25,6
3310733,0,546,0,40,3,2,2,1,6,74,6
3295505,1,546,529,18.3791,3,6,2,1,24,42,6
3299451,0,546,0,40,2,4,2,1,16,69,6
3303277,0,546,0,40,2,3,2,1,13,55,6
3311661,0,546,0,40,2,1,2,1,3,45,6
3312525,0,546,0,40,3,1,2,1,3,36,6
3312829,0,546,0,40,2,1,2,1,3,27,6
3313082,0,546,0,40,2,1,2,1,3,45,6
3313138,0,546,0,40,2,1,2,1,3,34,6
3313218,0,546,0,40,3,1,2,1,3,46,6
3313410,0,546,0,40,3,1,2,1,3,50,6
3313851,0,546,0,40,2,1,2,1,3,83,6
3313983,0,546,0,40,2,1,2,1,3,26,6
3314039,0,546,0,40,3,1,2,1,3,50,6
3314109,0,546,0,40,3,1,2,1,3,44,6
3314261,0,546,0,40,2,1,2,1,3,36,6
3314387,0,546,0,40,3,1,2,1,3,53,6
3314471,0,546,0,40,3,1,2,1,3,34,6
3314623,0,546,0,40,2,1,2,1,3,36,6
3291686,0,546,0,40,2,2,2,1,39,16,6
3294093,0,546,0,40,3,2,2,1,30,54,6
3288880,0,546,0,40,3,3,2,1,38,20,6
3299810,0,546,0,40,2,1,2,1,27,30,6
3264550,0,546,0,40,2,10,2,1,62,28,6
3292501,0,546,0,40,3,4,2,1,30,41,6
3302459,0,546,0,40,3,1,2,1,24,38,6
3270804,0,546,0,40,2,8,2,1,77,57,6
3299069,0,546,0,40,3,3,2,1,24,51,6
3277157,0,546,0,40,3,7,2,1,48,79,6
3268906,0,546,0,40,3,8,2,1,73,10,6
3276775,0,546,0,40,2,7,2,1,49,36,6
3304528,0,546,0,40,3,1,2,1,21,119,6
3269472,0,546,0,40,2,9,2,1,63,41,6
3296661,0,546,0,40,2,3,2,1,28,18,6
3198504,0,546,0,40,3,19,2,1,111,27,6
3275182,0,546,0,40,3,6,2,1,72,57,6
3296404,0,546,0,40,3,2,2,1,25,41,6
3305175,0,546,0,40,2,1,2,1,19,33,6
3292811,0,546,0,40,2,4,2,1,32,65,6
3265884,0,546,0,40,3,8,2,1,62,23,6
3273969,0,546,0,40,2,9,2,1,56,61,6
3305447,0,546,0,40,3,1,2,1,18,46,6
3278938,0,546,0,40,3,6,2,1,54,58,6
3296032,0,546,0,40,2,4,2,1,27,45,6
3281332,0,546,0,40,2,5,2,1,47,56,6
3300465,0,546,0,40,3,3,2,1,24,47,6
3294893,0,546,0,40,3,4,2,1,20,55,6
3264356,0,546,0,40,3,7,2,1,52,27,6
3288617,0,546,0,40,3,5,2,1,36,39,6
3289706,0,546,0,40,2,5,2,1,36,46,6
3296118,0,546,0,40,2,4,2,1,30,30,6
3307014,0,546,0,40,3,1,2,1,16,19,6
3288805,0,546,0,40,3,4,2,1,34,59,6
3276314,0,546,0,40,3,5,2,1,60,41,6
3302681,0,546,0,40,3,2,2,1,18,40,6
3271861,0,546,0,40,3,10,2,1,61,34,6
3304113,0,546,0,40,2,2,2,1,18,40,6
3296348,0,546,0,40,3,3,2,1,22,54,6
3298904,0,546,0,40,2,3,2,1,22,77,6
3307577,0,546,0,40,3,1,2,1,15,55,6
3307991,0,546,0,40,3,1,2,1,15,30,6
3280824,0,546,0,40,2,6,2,1,51,31,6
3297569,0,546,0,40,3,3,2,1,25,70,6
3269581,0,546,0,40,2,10,2,1,67,24,6
3267071,0,546,0,40,2,6,2,1,51,39,6
3287227,0,546,0,40,3,7,2,1,28,64,6
3286307,0,546,0,40,3,8,2,1,32,45,6
3274405,0,546,0,40,3,8,2,1,56,23,6
3308450,0,546,0,40,3,1,2,1,14,53,6
3273851,0,546,0,40,2,8,2,1,58,47,6
3273049,0,546,0,40,2,9,2,1,60,15,6
3263519,0,546,0,40,2,7,2,1,58,31,6
3304321,0,546,0,40,3,2,2,1,15,47,6
3283067,0,546,0,40,2,7,2,1,41,52,6
3296302,0,546,0,40,3,3,2,1,26,60,6
3294071,0,546,0,40,2,3,2,1,37,59,6
3294545,0,546,0,40,2,4,2,1,30,65,6
3269371,0,546,0,40,2,10,2,1,67,46,6
3308319,0,546,0,40,2,1,2,1,13,70,6
3297665,0,546,0,40,3,4,2,1,21,33,6
3274407,0,546,0,40,2,9,2,1,53,13,6
3206304,0,546,0,40,2,16,2,1,98,61,6
3263834,0,546,0,40,2,9,2,1,62,36,6
3292261,0,546,0,40,2,4,2,1,29,55,6
3298099,0,546,0,40,2,4,2,1,18,91,6
3259047,0,546,0,40,2,7,2,1,49,40,6
3304834,0,546,0,40,2,2,2,1,17,49,6
3295739,0,546,0,40,2,4,2,1,27,65,6
3293746,0,546,0,40,2,4,2,1,32,61,6
3299424,0,546,0,40,2,3,2,1,20,33,6
3296774,0,546,0,40,2,3,2,1,29,63,6
3309208,0,546,0,40,2,1,2,1,12,50,6
3309456,0,546,0,40,3,1,2,1,12,44,6
3301792,0,546,0,40,2,3,2,1,15,61,6
3265238,0,546,0,40,3,5,2,1,44,43,6
3302749,0,546,0,40,3,2,2,1,17,62,6
3293712,0,546,0,40,2,3,2,1,29,39,6
3267346,0,546,0,40,3,6,2,1,47,99,6
3214229,0,546,0,40,2,15,2,1,144,31,6
3285035,0,546,0,40,2,4,2,1,41,66,6
3283849,0,546,0,40,3,6,2,1,48,25,6
3276830,0,546,0,40,3,8,2,1,47,52,6
3301040,0,546,0,40,3,3,2,1,19,44,6
3304461,0,546,0,40,2,2,2,1,14,34,6
3301003,0,546,0,40,2,2,2,1,19,36,6
3247657,0,546,0,40,3,17,2,1,90,42,6
3297069,0,546,0,40,3,4,2,1,26,33,6
3277099,0,546,0,40,2,7,2,1,60,58,6
3303927,0,546,0,40,2,3,2,1,16,33,6
3267275,0,546,0,40,2,14,2,1,91,91,6
3309371,0,546,0,40,2,1,2,1,11,39,6
3309921,0,546,0,40,2,1,2,1,11,34,6
3310073,0,546,0,40,3,1,2,1,11,21,6
3310199,0,546,0,40,2,1,2,1,11,29,6
3310345,0,546,0,40,3,1,2,1,11,29,6
3302173,0,546,0,40,3,2,2,1,14,29,6
3281865,0,546,0,40,2,7,2,1,33,24,6
3301337,0,546,0,40,2,3,2,1,14,22,6
3290758,0,546,0,40,3,6,2,1,27,39,6
3300825,0,546,0,40,3,2,2,1,23,42,6
3302140,0,546,0,40,2,3,2,1,17,50,6
3270852,0,546,0,40,3,11,2,1,61,15,6
3277543,1,546,476,40,2,7,2,1,46,61,6
3293840,0,546,0,40,2,5,2,1,20,32,6
3280361,0,546,0,40,3,7,2,1,47,77,6
3273239,0,546,0,40,3,10,2,1,63,33,6
3305444,0,546,0,40,3,2,2,1,16,36,6
3300614,0,546,0,40,2,3,2,1,17,39,6
3271312,0,546,0,40,2,12,2,1,55,29,6
3295874,0,546,0,40,2,3,2,1,30,74,6
3303543,0,546,0,40,2,3,2,1,19,41,6
3309293,0,546,0,40,3,1,2,1,10,15,6
3310042,0,546,0,40,3,1,2,1,10,34,6
3311098,0,546,0,40,3,1,2,1,10,32,6
3305432,0,546,0,40,3,2,2,1,11,39,6
3301110,0,546,0,40,3,2,2,1,20,30,6
3280642,0,546,0,40,3,6,2,1,53,16,6
3280193,0,546,0,40,2,7,2,1,45,79,6
3302568,0,546,0,40,3,3,2,1,17,34,6
3273562,0,546,0,40,3,8,2,1,50,52,6
3279707,0,546,0,40,3,4,2,1,59,33,6
3288206,0,546,0,40,2,4,2,1,34,43,6
3278296,0,546,0,40,2,8,2,1,45,24,6
3263785,0,546,0,40,3,7,2,1,47,50,6
3296295,0,546,0,40,3,3,2,1,27,28,6
3297332,0,546,0,40,2,3,2,1,24,46,6
3307448,0,546,0,40,3,2,2,1,13,25,6
3305381,0,546,0,40,3,2,2,1,12,26,6
3278181,0,546,0,40,2,8,2,1,47,99,6
3281461,0,546,0,40,3,6,2,1,43,55,6
3299932,0,546,0,40,2,3,2,1,20,39,6
3306355,0,546,0,40,2,3,2,1,14,53,6
3298857,0,546,0,40,2,4,2,1,24,47,6
3310036,0,546,0,40,3,1,2,1,9,55,6
3311306,0,546,0,40,3,1,2,1,9,47,6
3311452,0,546,0,40,2,1,2,1,9,17,6
3311540,0,546,0,40,3,1,2,1,9,28,6
3311674,0,546,0,40,2,1,2,1,9,52,6
3286593,0,546,0,40,3,5,2,1,31,58,6
3294409,0,546,0,40,2,4,2,1,21,23,6
3300148,0,546,0,40,3,2,2,1,23,31,6
3265646,0,546,0,40,3,5,2,1,56,71,6
3301962,0,546,0,40,3,3,2,1,16,23,6
3263833,0,546,0,40,3,3,2,1,27,26,6
3296217,0,546,0,40,3,4,2,1,17,22,6
3303025,0,546,0,40,2,3,2,1,15,44,6
3298476,0,546,0,40,2,3,2,1,24,51,6
3284279,0,546,0,40,3,8,2,1,35,34,6
3287728,0,546,0,40,2,6,2,1,24,55,6
3297099,0,546,0,40,3,5,2,1,22,50,6
3290137,0,546,0,40,2,5,2,1,36,34,6
3255321,0,546,0,40,3,15,2,1,82,79,6
3294674,0,546,0,40,2,6,2,1,26,21,6
3292427,0,546,0,40,2,4,2,1,26,55,6
3306710,0,546,0,40,3,2,2,1,13,22,6
3294040,0,546,0,40,2,5,2,1,24,41,6
3296596,0,546,0,40,3,4,2,1,22,59,6
3302896,0,546,0,40,2,3,2,1,17,43,6
3310080,0,546,0,40,2,1,2,1,8,35,6
3311095,0,546,0,40,3,1,2,1,8,80,6
3311187,0,546,0,40,3,1,2,1,8,71,6
3311399,0,546,0,40,2,1,2,1,8,85,6
3311539,0,546,0,40,2,1,2,1,8,50,6
3311758,0,546,0,40,2,1,2,1,8,39,6
3311980,0,546,0,40,3,1,2,1,8,51,6
3312080,0,546,0,40,3,1,2,1,8,23,6
3312178,0,546,0,40,2,1,2,1,8,43,6
3284309,0,546,0,40,3,4,2,1,28,62,6
3266467,0,546,0,40,2,8,2,1,50,31,6
3266524,0,546,0,40,3,8,2,1,34,69,6
3304813,0,546,0,40,2,2,2,1,8,33,6
3288877,0,546,0,40,2,6,2,1,28,35,6
3302747,1,546,522,18.6737,3,4,2,1,14,71,6
3303913,0,546,0,40,2,2,2,1,16,51,6
3306501,0,546,0,40,3,2,2,1,11,56,6
3290120,0,546,0,40,3,5,2,1,33,44,6
3306180,0,546,0,40,3,3,2,1,9,75,6
3294787,0,546,0,40,3,5,2,1,22,23,6
3299199,0,546,0,40,3,4,2,1,21,18,6
3292870,0,546,0,40,3,5,2,1,23,35,6
3299178,0,546,0,40,3,3,2,1,24,16,6
3293964,0,546,0,40,3,4,2,1,28,53,6
3301919,1,546,542,40,2,3,2,1,15,66,6
3287052,0,546,0,40,3,6,2,1,29,31,6
3294857,0,546,0,40,2,4,2,1,19,15,6
3305788,0,546,0,40,3,3,2,1,11,61,6
3301250,0,546,0,40,3,3,2,1,21,72,6
3261696,0,546,0,40,3,8,2,1,52,38,6
3272358,0,546,0,40,2,9,2,1,48,7,6
3306923,0,546,0,40,2,3,2,1,13,124,6
3306578,0,546,0,40,2,2,2,1,11,59,6
3306232,0,546,0,40,2,2,2,1,10,37,6
3266687,0,546,0,40,2,12,2,1,77,25,6
3309843,0,546,0,40,2,2,2,1,8,46,6
3269604,0,546,0,40,2,11,2,1,71,48,6
3290443,0,546,0,40,3,6,2,1,26,45,6
3287005,0,546,0,40,3,6,2,1,31,55,6
3310120,0,546,0,40,3,1,2,1,7,37,6
3311749,0,546,0,40,2,1,2,1,7,55,6
3312013,0,546,0,40,3,1,2,1,7,31,6
3312406,0,546,0,40,2,1,2,1,7,55,6
3312494,0,546,0,40,3,1,2,1,7,31,6
3312656,0,546,0,40,2,1,2,1,7,56,6
3227693,0,546,0,40,2,19,2,1,120,27,6
3280762,0,546,0,40,3,7,2,1,40,52,6
3295330,0,546,0,40,3,3,2,1,16,33,6
3298085,0,546,0,40,2,3,2,1,14,36,6
3305512,0,546,0,40,2,3,2,1,9,39,6
3293928,0,546,0,40,2,4,2,1,22,30,6
3295787,0,546,0,40,3,4,2,1,23,16,6
3284085,0,546,0,40,2,6,2,1,39,40,6
3291119,0,546,0,40,3,3,2,1,31,14,6
3273228,0,546,0,40,2,8,2,1,65,60,6
3269835,0,546,0,40,2,10,2,1,76,46,6
3308530,0,546,0,40,2,2,2,1,8,54,6
3265616,0,546,0,40,3,7,2,1,54,75,6
3283368,0,546,0,40,2,7,2,1,30,50,6
3293382,0,546,0,40,3,4,2,1,20,32,6
3303884,0,546,0,40,3,3,2,1,13,47,6
3276912,0,546,0,40,3,9,2,1,49,21,6
3299229,0,546,0,40,3,4,2,1,20,21,6
3293506,0,546,0,40,3,4,2,1,25,63,6
3288391,1,546,514,31.8428,2,8,2,1,25,23,6
3266889,0,546,0,40,3,15,2,1,67,44,6
3290696,0,546,0,40,3,5,2,1,31,10,6
3309331,0,546,0,40,3,2,2,1,7,34,6
3282326,0,546,0,40,2,7,2,1,40,21,6
3295206,0,546,0,40,3,5,2,1,27,24,6
3307147,0,546,0,40,3,2,2,1,9,58,6
3272685,0,546,0,40,2,10,2,1,58,30,6
3303373,0,546,0,40,2,4,2,1,14,62,6
3301721,0,546,0,40,3,3,2,1,18,38,6
3202364,0,546,0,40,3,20,2,1,130,10,6
3288652,0,546,0,40,3,5,2,1,29,52,6
3284118,0,546,0,40,2,8,2,1,38,40,6
3294994,0,546,0,40,2,6,2,1,20,96,6
3311051,0,546,0,40,2,1,2,1,6,14,6
3312207,0,546,0,40,3,1,2,1,6,24,6
3312299,1,546,542,32.3094,2,1,2,1,6,18,6
3312727,0,546,0,40,3,1,2,1,6,39,6
3312851,0,546,0,40,2,1,2,1,6,61,6
3312951,0,546,0,40,3,1,2,1,6,25,6
3313099,0,546,0,40,2,1,2,1,6,22,6
3313157,0,546,0,40,2,1,2,1,6,38,6
3275720,0,546,0,40,2,10,2,1,40,23,6
3302775,0,546,0,40,3,3,2,1,12,56,6
3267960,0,546,0,40,2,2,2,1,28,40,6
3300993,0,546,0,40,2,3,2,1,11,51,6
3273849,0,546,0,40,3,7,2,1,60,34,6
3263800,0,546,0,40,3,10,2,1,59,33,6
3308145,0,546,0,40,2,2,2,1,8,69,6
3279766,0,546,0,40,2,8,2,1,40,39,6
3264675,0,546,0,40,3,6,2,1,30,30,6
3282243,0,546,0,40,2,7,2,1,40,29,6
3301259,0,546,0,40,3,3,2,1,16,48,6
3285067,0,546,0,40,3,6,2,1,30,30,6
3256436,0,546,0,40,3,14,2,1,67,49,6
3307863,0,546,0,40,3,2,2,1,9,54,6
3297342,0,546,0,40,2,4,2,1,19,77,6
3281667,0,546,0,40,3,4,2,1,47,25,6
3278350,0,546,0,40,2,6,2,1,50,72,6
3289210,0,546,0,40,2,5,2,1,34,31,6
3276165,0,546,0,40,3,6,2,1,65,57,6
3285334,0,546,0,40,2,7,2,1,27,54,6
3291637,0,546,0,40,3,7,2,1,18,60,6
3294706,0,546,0,40,3,5,2,1,20,40,6
3310247,0,546,0,40,3,2,2,1,6,68,6
3289070,0,546,0,40,2,5,2,1,36,33,6
3288265,0,546,0,40,3,5,2,1,28,37,6
3308542,0,546,0,40,3,2,2,1,10,63,6
3282597,0,546,0,40,3,7,2,1,38,56,6
3279847,0,546,0,40,3,7,2,1,46,30,6
3272172,0,546,0,40,3,10,2,1,58,36,6
3290427,0,546,0,40,2,6,2,1,22,64,6
3298875,0,546,0,40,2,3,2,1,23,42,6
3307834,0,546,0,40,2,2,2,1,7,57,6
3310029,0,546,0,40,2,2,2,1,7,35,6
3265911,0,546,0,40,3,10,2,1,86,23,6
3309882,0,546,0,40,3,2,2,1,6,66,6
3297431,0,546,0,40,2,4,2,1,21,25,6
3246296,0,546,0,40,2,15,2,1,73,54,6
3255677,0,546,0,40,3,8,2,1,54,19,6
3265291,0,546,0,40,2,9,2,1,35,57,6
3267341,0,546,0,40,3,7,2,1,42,18,6
3283001,0,546,0,40,3,8,2,1,40,76,6
3290685,0,546,0,40,2,5,2,1,25,46,6
3287839,0,546,0,40,3,6,2,1,24,53,6
3285608,0,546,0,40,2,7,2,1,32,50,6
3285538,0,546,0,40,2,11,2,1,33,38,6
3294564,0,546,0,40,3,3,2,1,33,55,6
3265207,0,546,0,40,3,8,2,1,32,64,6
3311309,0,546,0,40,3,1,2,1,5,69,6
3311731,0,546,0,40,2,1,2,1,5,58,6
3312377,0,546,0,40,2,1,2,1,5,49,6
3312481,0,546,0,40,3,1,2,1,5,31,6
3312857,0,546,0,40,3,1,2,1,5,81,6
3312940,0,546,0,40,2,1,2,1,5,54,6
3312992,0,546,0,40,2,1,2,1,5,37,6
3313280,0,546,0,40,2,1,2,1,5,41,6
3313480,0,546,0,40,2,1,2,1,5,60,6
3313558,0,546,0,40,3,1,2,1,5,33,6
3313602,0,546,0,40,3,1,2,1,5,57,6
3313684,0,546,0,40,2,1,2,1,5,72,6
3313784,0,546,0,40,3,1,2,1,5,79,6
3314036,0,546,0,40,3,1,2,1,5,32,6
3292125,0,546,0,40,2,4,2,1,26,48,6
3300147,0,546,0,40,2,3,2,1,8,62,6
3301225,0,546,0,40,2,3,2,1,14,79,6
3308582,0,546,0,40,3,2,2,1,5,70,6
3262445,0,546,0,40,2,11,2,1,51,33,6
3292016,0,546,0,40,2,4,2,1,22,98,6
3305409,0,546,0,40,3,2,2,1,9,54,6
3307031,0,546,0,40,2,2,2,1,6,54,6
3301091,0,546,0,40,2,3,2,1,11,57,6
3298147,0,546,0,40,3,4,2,1,15,76,6
3276488,0,546,0,40,3,7,2,1,57,42,6
3305947,0,546,0,40,2,2,2,1,12,37,6
3302212,0,546,0,40,3,3,2,1,13,52,6
3307666,0,546,0,40,2,2,2,1,7,33,6
3283430,0,546,0,40,3,6,2,1,42,40,6
3269584,0,546,0,40,3,9,2,1,75,44,6
3282134,0,546,0,40,2,4,2,1,41,47,6
3283479,0,546,0,40,3,7,2,1,34,47,6
3307527,0,546,0,40,2,2,2,1,9,27,6
3298285,0,546,0,40,3,4,2,1,18,58,6
3289611,0,546,0,40,3,7,2,1,16,39,6
3286477,0,546,0,40,2,7,2,1,23,52,6
3289609,0,546,0,40,3,6,2,1,23,94,6
3270737,0,546,0,40,3,9,2,1,70,59,6
3289285,0,546,0,40,2,5,2,1,29,30,6
3284304,0,546,0,40,2,7,2,1,37,108,6
3270784,0,546,0,40,3,9,2,1,66,10,6
3307933,0,546,0,40,3,2,2,1,11,29,6
3304721,0,546,0,40,3,3,2,1,11,80,6
3309792,0,546,0,40,2,2,2,1,8,60,6
3264396,0,546,0,40,2,8,2,1,55,67,6
3281925,0,546,0,40,2,6,2,1,43,41,6
3304518,0,546,0,40,2,3,2,1,16,64,6
3292617,0,546,0,40,3,4,2,1,28,29,6
3296631,0,546,0,40,2,3,2,1,27,39,6
3308215,0,546,0,40,3,2,2,1,10,28,6
3297205,0,546,0,40,2,5,2,1,21,58,6
3274710,0,546,0,40,3,11,2,1,40,100,6
3279004,0,546,0,40,2,5,2,1,47,41,6
3290114,0,546,0,40,3,7,2,1,29,64,6
3292220,0,546,0,40,3,6,2,1,28,18,6
3295954,0,546,0,40,2,3,2,1,33,36,6
3303956,0,546,0,40,3,3,2,1,16,26,6
3293540,0,546,0,40,3,3,2,1,34,15,6
3301142,0,546,0,40,2,4,2,1,17,28,6
3293014,0,546,0,40,3,5,2,1,20,36,6
3306460,0,546,0,40,2,3,2,1,6,44,6
3277947,0,546,0,40,2,8,2,1,53,36,6
3277315,0,546,0,40,3,10,2,1,53,48,6
3262493,0,546,0,40,3,5,2,1,37,43,6
3295589,0,546,0,40,2,6,2,1,23,12,6
3287116,0,546,0,40,3,7,2,1,27,43,6
3300369,0,546,0,40,2,4,2,1,22,54,6
3309944,0,546,0,40,3,1,2,1,4,38,6
3311701,0,546,0,40,3,1,2,1,4,23,6
3312669,0,546,0,40,3,1,2,1,4,20,6
3313122,0,546,0,40,3,1,2,1,4,50,6
3313487,0,546,0,40,3,1,2,1,4,32,6
3313551,0,546,0,40,2,1,2,1,4,37,6
3313735,0,546,0,40,3,1,2,1,4,22,6
3313931,0,546,0,40,3,1,2,1,4,12,6
3314051,0,546,0,40,2,1,2,1,4,41,6
3314091,0,546,0,40,3,1,2,1,4,46,6
3314181,0,546,0,40,2,1,2,1,4,39,6
3314215,0,546,0,40,2,1,2,1,4,43,6
3314403,0,546,0,40,3,1,2,1,4,31,6
3314441,0,546,0,40,2,1,2,1,4,79,6
3314561,0,546,0,40,2,1,2,1,4,32,6
3314605,0,546,0,40,3,1,2,1,4,50,6
3281911,0,546,0,40,2,7,2,1,38,28,6
3293081,0,546,0,40,2,5,2,1,21,92,6
3303055,0,546,0,40,3,3,2,1,11,73,6
3288518,0,546,0,40,3,4,2,1,30,39,6
3281139,0,546,0,40,2,6,2,1,48,16,6
3277519,0,546,0,40,2,4,2,1,65,41,6
3293717,0,546,0,40,2,3,2,1,28,49,6
3308390,0,546,0,40,3,2,2,1,7,10,6
3295454,0,546,0,40,3,5,2,1,22,16,6
3301746,0,546,0,40,3,4,2,1,10,43,6
3281921,0,546,0,40,3,6,2,1,39,25,6
3283934,0,546,0,40,3,7,2,1,37,38,6
3286165,0,546,0,40,2,7,2,1,27,60,6
3297305,0,546,0,40,3,4,2,1,21,44,6
3287745,0,546,0,40,3,6,2,1,24,13,6
3298286,0,546,0,40,3,4,2,1,8,63,6
3303655,0,546,0,40,3,2,2,1,17,41,6
3306018,0,546,0,40,3,2,2,1,12,55,6
3300817,0,546,0,40,3,4,2,1,14,27,6
3294740,0,546,0,40,2,5,2,1,15,36,6
3279012,0,546,0,40,3,7,2,1,45,27,6
3295908,1,546,520,33.2148,2,5,2,1,25,20,6
3309408,1,546,542,25.3625,3,2,2,1,7,31,6
3277131,0,546,0,40,2,7,2,1,47,53,6
3307585,0,546,0,40,2,3,2,1,5,47,6
3310745,0,546,0,40,2,2,2,1,4,47,6
3284361,0,546,0,40,3,6,2,1,34,43,6
3289168,0,546,0,40,3,4,2,1,35,57,6
3302400,0,546,0,40,2,3,2,1,18,28,6
3282340,0,546,0,40,2,5,2,1,54,37,6
3309144,0,546,0,40,2,2,2,1,8,77,6
3302272,0,546,0,40,2,3,2,1,12,21,6
3272879,0,546,0,40,2,11,2,1,62,75,6
3296501,0,546,0,40,2,4,2,1,19,71,6
3262085,0,546,0,40,3,9,2,1,66,35,6
3301615,0,546,0,40,3,3,2,1,13,35,6
3301837,0,546,0,40,2,4,2,1,16,50,6
3306257,0,546,0,40,3,3,2,1,12,48,6
3288973,0,546,0,40,3,5,2,1,27,34,6
3310996,0,546,0,40,3,2,2,1,7,22,6
3290569,0,546,0,40,3,6,2,1,26,45,6
3288527,0,546,0,40,2,6,2,1,31,30,6
3312206,0,546,0,40,2,2,2,1,5,46,6
3276949,0,546,0,40,3,9,2,1,40,44,6
3294614,0,546,0,40,3,5,2,1,18,48,6
3267120,0,546,0,40,2,14,2,1,64,33,6
3302551,0,546,0,40,3,4,2,1,13,19,6
3311416,0,546,0,40,2,2,2,1,7,49,6
3279346,0,546,0,40,2,8,2,1,39,41,6
3308214,0,546,0,40,2,3,2,1,8,49,6
3311417,0,546,0,40,3,2,2,1,5,31,6
3303131,0,546,0,40,2,4,2,1,15,15,6
3308872,0,546,0,40,3,3,2,1,8,38,6
3253631,0,546,0,40,3,16,2,1,73,52,6
3312301,0,546,0,40,3,1,2,1,3,53,6
3313118,0,546,0,40,3,1,2,1,3,17,6
3313573,0,546,0,40,2,1,2,1,3,18,6
3313669,0,546,0,40,2,1,2,1,3,30,6
3313789,0,546,0,40,3,1,2,1,3,26,6
3314228,0,546,0,40,2,1,2,1,3,31,6
3314460,0,546,0,40,2,1,2,1,3,19,6
3314532,0,546,0,40,2,1,2,1,3,41,6
3314744,0,546,0,40,2,1,2,1,3,41,6
3314838,0,546,0,40,2,1,2,1,3,75,6
3314910,0,546,0,40,3,1,2,1,3,52,6
3315066,0,546,0,40,2,1,2,1,3,17,6
3298273,0,546,0,40,3,1,2,1,33,28,6
3279401,0,546,0,40,3,6,2,1,49,57,6
3296232,0,546,0,40,3,2,2,1,32,35,6
3301039,0,546,0,40,3,1,2,1,26,48,6
3297075,0,546,0,40,2,2,2,1,32,62,6
3280587,0,546,0,40,3,4,2,1,59,29,6
3291097,0,546,0,40,3,4,2,1,34,32,6
3266799,0,546,0,40,2,8,2,1,64,7,6
3267323,0,546,0,40,2,9,2,1,92,48,6
3303722,0,546,0,40,2,1,2,1,21,47,6
3293798,0,546,0,40,3,3,2,1,32,25,6
3302837,0,546,0,40,2,2,2,1,22,70,6
3304457,0,546,0,40,3,1,2,1,20,24,6
3305582,0,546,0,40,2,1,2,1,20,11,6
3297740,0,546,0,40,2,3,2,1,23,46,6
3268588,0,546,0,40,3,9,2,1,82,69,6
3303588,0,546,0,40,2,2,2,1,21,32,6
3301575,0,546,0,40,2,2,2,1,20,87,6
3306337,0,546,0,40,2,1,2,1,19,40,6
3305100,0,546,0,40,2,2,2,1,19,35,6
3305473,0,546,0,40,3,1,2,1,18,30,6
3297791,0,546,0,40,3,2,2,1,30,33,6
3294055,0,546,0,40,2,5,2,1,29,85,6
3306884,0,546,0,40,3,1,2,1,17,55,6
3307596,0,546,0,40,3,1,2,1,17,33,6
3301000,0,546,0,40,3,2,2,1,22,34,6
3290162,0,546,0,40,2,4,2,1,37,36,6
3264314,0,546,0,40,2,10,2,1,53,53,6
3297432,0,546,0,40,3,3,2,1,25,37,6
3294352,0,546,0,40,2,4,2,1,27,39,6
3297063,0,546,0,40,3,4,2,1,26,67,6
3307601,0,546,0,40,3,1,2,1,16,57,6
3307903,0,546,0,40,2,1,2,1,16,77,6
3297374,0,546,0,40,3,3,2,1,20,55,6
3277640,0,546,0,40,3,8,2,1,60,28,6
3296560,0,546,0,40,2,4,2,1,22,31,6
3266052,1,546,543,28.316,2,4,2,1,31,41,6
3287758,0,546,0,40,3,3,2,1,49,20,6
3308598,0,546,0,40,2,1,2,1,15,39,6
3274269,0,546,0,40,2,7,2,1,58,38,6
3295802,0,546,0,40,2,3,2,1,28,32,6
3285789,0,546,0,40,3,3,2,1,50,41,6
3266788,0,546,0,40,2,10,2,1,95,53,6
3260786,0,546,0,40,3,10,2,1,83,38,6
3270364,0,546,0,40,3,13,2,1,65,26,6
3285804,0,546,0,40,3,5,2,1,44,99,6
3307974,0,546,0,40,3,1,2,1,14,38,6
3297229,0,546,0,40,2,3,2,1,19,45,6
3293187,0,546,0,40,2,5,2,1,23,16,6
3302942,0,546,0,40,3,3,2,1,15,89,6
3256978,0,546,0,40,2,8,2,1,96,24,6
3286521,0,546,0,40,3,6,2,1,42,34,6
3278200,0,546,0,40,3,7,2,1,61,28,6
3259147,0,546,0,40,2,11,2,1,53,41,6
3297396,0,546,0,40,3,3,2,1,24,28,6
3297582,0,546,0,40,2,3,2,1,21,58,6
3279372,0,546,0,40,2,7,2,1,49,43,6
3287402,0,546,0,40,3,7,2,1,32,20,6
3298236,0,546,0,40,3,3,2,1,26,39,6
3292432,0,546,0,40,3,5,2,1,26,65,6
3295579,0,546,0,40,2,3,2,1,28,33,6
3299443,0,546,0,40,3,2,2,1,29,29,6
3266120,0,546,0,40,2,8,2,1,36,39,6
3282524,0,546,0,40,2,5,2,1,47,40,6
3309174,0,546,0,40,2,1,2,1,12,45,6
3309903,0,546,0,40,2,1,2,1,12,66,6
3310373,0,546,0,40,2,1,2,1,12,33,6
3283545,0,546,0,40,2,3,2,1,47,37,6
3297793,0,546,0,40,3,3,2,1,22,18,6
3299434,0,546,0,40,3,3,2,1,14,75,6
3273055,0,546,0,40,3,9,2,1,69,39,6
3280456,0,546,0,40,2,5,2,1,53,24,6
3284974,0,546,0,40,3,6,2,1,40,34,6
3284050,0,546,0,40,2,4,2,1,49,58,6
3292338,0,546,0,40,2,6,2,1,27,54,6
3305058,0,546,0,40,2,3,2,1,15,66,6
3282829,0,546,0,40,3,8,2,1,46,45,6
3299607,0,546,0,40,2,3,2,1,29,25,6
3300348,0,546,0,40,2,5,2,1,16,44,6
3309866,0,546,0,40,3,1,2,1,11,59,6
3310170,0,546,0,40,2,1,2,1,11,37,6
3310250,0,546,0,40,2,1,2,1,11,20,6
3310948,0,546,0,40,3,1,2,1,11,29,6
3292513,0,546,0,40,3,2,2,1,35,17,6
3302477,0,546,0,40,2,2,2,1,15,24,6
3289997,0,546,0,40,3,5,2,1,29,74,6
3212998,0,546,0,40,2,19,2,1,101,42,6
3291191,0,546,0,40,2,5,2,1,20,42,6
3300837,0,546,0,40,3,2,2,1,24,41,6
3303461,0,546,0,40,2,2,2,1,19,13,6
3303368,0,546,0,40,2,2,2,1,18,48,6
3272385,0,546,0,40,3,12,2,1,59,11,6
3282070,0,546,0,40,3,6,2,1,46,53,6
3298150,0,546,0,40,3,4,2,1,22,94,6
3306970,0,546,0,40,3,2,2,1,11,52,6
3308423,0,546,0,40,2,2,2,1,11,23,6
3298827,0,546,0,40,3,3,2,1,25,63,6
3310581,0,546,0,40,3,1,2,1,10,76,6
3310837,0,546,0,40,2,1,2,1,10,22,6
3311176,0,546,0,40,2,1,2,1,10,40,6
3311362,0,546,0,40,2,1,2,1,10,43,6
3311478,0,546,0,40,2,1,2,1,10,28,6
3311546,0,546,0,40,3,1,2,1,10,54,6
3266160,0,546,0,40,3,7,2,1,56,48,6
3287278,0,546,0,40,2,6,2,1,32,40,6
3301510,0,546,0,40,3,2,2,1,21,50,6
3293734,0,546,0,40,3,4,2,1,31,55,6
3293977,0,546,0,40,3,5,2,1,29,55,6
3280750,0,546,0,40,2,6,2,1,47,60,6
3307977,0,546,0,40,3,2,2,1,10,69,6
3288335,0,546,0,40,2,5,2,1,29,13,6
3267552,0,546,0,40,2,12,2,1,72,51,6
3295769,0,546,0,40,3,5,2,1,22,84,6
3298949,0,546,0,40,3,4,2,1,20,31,6
3297586,0,546,0,40,3,4,2,1,20,32,6
3256370,0,546,0,40,3,14,2,1,72,38,6
3285102,0,546,0,40,3,7,2,1,31,40,6
3306910,0,546,0,40,3,2,2,1,13,42,6
3308692,0,546,0,40,2,2,2,1,12,62,6
3308905,0,546,0,40,2,2,2,1,11,36,6
3279243,0,546,0,40,3,6,2,1,47,52,6
3273754,0,546,0,40,2,6,2,1,65,20,6
3262739,0,546,0,40,2,9,2,1,67,52,6
3299375,0,546,0,40,3,5,2,1,18,62,6
3298087,0,546,0,40,3,4,2,1,22,29,6
3310687,0,546,0,40,2,1,2,1,9,11,6
3311079,0,546,0,40,3,1,2,1,9,50,6
3311215,0,546,0,40,3,1,2,1,9,52,6
3311826,0,546,0,40,2,1,2,1,9,31,6
3312068,0,546,0,40,3,1,2,1,9,58,6
3312194,0,546,0,40,3,1,2,1,9,61,6
3288853,0,546,0,40,2,5,2,1,29,81,6
3287792,0,546,0,40,2,7,2,1,40,61,6
3304227,0,546,0,40,3,2,2,1,15,26,6
3296054,0,546,0,40,3,3,2,1,25,68,6
3308160,0,546,0,40,2,2,2,1,9,18,6
3301720,0,546,0,40,2,2,2,1,22,44,6
3308156,0,546,0,40,3,2,2,1,10,48,6
3308567,0,546,0,40,2,2,2,1,9,41,6
3265174,0,546,0,40,2,6,2,1,60,43,6
3303223,0,546,0,40,2,3,2,1,17,32,6
3303381,0,546,0,40,3,3,2,1,15,56,6
3297829,0,546,0,40,2,3,2,1,20,15,6
3304645,0,546,0,40,2,2,2,1,15,63,6
3299295,0,546,0,40,2,4,2,1,20,32,6
3292924,0,546,0,40,2,4,2,1,32,21,6
3291169,0,546,0,40,3,6,2,1,27,48,6
3292378,0,546,0,40,2,5,2,1,34,45,6
3283780,0,546,0,40,3,8,2,1,28,43,6
3308740,0,546,0,40,3,2,2,1,12,25,6
3277792,0,546,0,40,3,7,2,1,55,33,6
3310755,0,546,0,40,3,1,2,1,8,23,6
3311593,0,546,0,40,2,1,2,1,8,41,6
3311921,0,546,0,40,2,1,2,1,8,23,6
3312314,0,546,0,40,3,1,2,1,8,59,6
3266758,0,546,0,40,2,4,2,1,21,39,6
3288744,0,546,0,40,3,5,2,1,34,21,6
3275934,0,546,0,40,3,9,2,1,38,11,6
3295755,0,546,0,40,2,4,2,1,20,36,6
3303816,0,546,0,40,3,2,2,1,15,71,6
3285997,0,546,0,40,2,6,2,1,36,9,6
3264331,0,546,0,40,3,12,2,1,82,18,6
3281215,0,546,0,40,3,8,2,1,52,36,6
3266622,0,546,0,40,2,8,2,1,58,75,6
3287436,0,546,0,40,2,6,2,1,29,39,6
3283789,0,546,0,40,3,5,2,1,48,59,6
3267168,0,546,0,40,3,8,2,1,93,45,6
3265795,0,546,0,40,3,8,2,1,33,48,6
3299883,0,546,0,40,2,3,2,1,18,35,6
3292989,0,546,0,40,3,5,2,1,26,48,6
3308220,0,546,0,40,3,2,2,1,10,37,6
3277926,0,546,0,40,3,5,2,1,65,37,6
3269490,1,546,534,14.7835,3,12,2,1,75,67,6
3280669,0,546,0,40,3,8,2,1,42,52,6
3299112,0,546,0,40,3,4,2,1,20,60,6
3266553,0,546,0,40,2,10,2,1,52,25,6
3262351,0,546,0,40,2,6,2,1,44,36,6
3288333,0,546,0,40,2,7,2,1,35,76,6
3286569,0,546,0,40,2,7,2,1,37,49,6
3302700,0,546,0,40,3,4,2,1,17,32,6
3299950,0,546,0,40,2,4,2,1,20,38,6
3298597,0,546,0,40,2,5,2,1,15,90,6
3309613,0,546,0,40,2,2,2,1,10,74,6
3293062,0,546,0,40,2,4,2,1,34,49,6
3311125,0,546,0,40,2,1,2,1,7,53,6
3311349,0,546,0,40,3,1,2,1,7,35,6
3311919,0,546,0,40,3,1,2,1,7,52,6
3312495,0,546,0,40,2,1,2,1,7,83,6
3312873,0,546,0,40,2,1,2,1,7,47,6
3312911,0,546,0,40,3,1,2,1,7,64,6
3313033,0,546,0,40,3,1,2,1,7,38,6
3313349,0,546,0,40,2,1,2,1,7,42,6
3274422,0,546,0,40,2,8,2,1,56,50,6
3276135,1,546,531,25.4049,3,8,2,1,42,49,6
3286006,0,546,0,40,3,5,2,1,38,15,6
3295154,0,546,0,40,3,4,2,1,15,35,6
3299805,0,546,0,40,2,5,2,1,17,100,6
3295889,0,546,0,40,3,4,2,1,26,32,6
3300128,0,546,0,40,2,4,2,1,19,16,6
3278096,0,546,0,40,2,7,2,1,54,40,6
3291689,0,546,0,40,3,5,2,1,26,41,6
3287575,0,546,0,40,2,5,2,1,32,36,6
3309118,0,546,0,40,3,2,2,1,7,37,6
3295133,0,546,0,40,3,4,2,1,24,21,6
3276715,0,546,0,40,2,7,2,1,48,14,6
3284807,0,546,0,40,2,7,2,1,34,20,6
3257569,0,546,0,40,2,11,2,1,72,75,6
3284334,0,546,0,40,3,8,2,1,33,53,6
3272978,0,546,0,40,2,9,2,1,64,39,6
3306115,0,546,0,40,3,2,2,1,16,32,6
3265452,1,546,520,37.3253,2,7,2,1,50,42,6
3308363,0,546,0,40,2,2,2,1,11,37,6
3300338,1,546,543,29.6778,3,3,2,1,23,17,6
3309827,0,546,0,40,3,2,2,1,9,85,6
3305053,0,546,0,40,3,3,2,1,8,36,6
3265002,0,546,0,40,2,9,2,1,50,46,6
3268977,0,546,0,40,3,8,2,1,80,72,6
3306696,0,546,0,40,3,3,2,1,14,53,6
3274640,0,546,0,40,2,12,2,1,40,76,6
3273833,0,546,0,40,2,10,2,1,52,36,6
3283473,0,546,0,40,3,5,2,1,48,76,6
3292118,0,546,0,40,3,6,2,1,26,47,6
3307102,0,546,0,40,3,3,2,1,13,48,6
3312876,0,546,0,40,3,1,2,1,6,55,6
3313352,0,546,0,40,3,1,2,1,6,40,6
3313598,0,546,0,40,2,1,2,1,6,31,6
3313742,0,546,0,40,3,1,2,1,6,11,6
3283685,0,546,0,40,3,6,2,1,27,18,6
3298125,0,546,0,40,3,3,2,1,13,29,6
3307679,0,546,0,40,2,2,2,1,6,53,6
3295647,0,546,0,40,3,4,2,1,22,75,6
3297859,0,546,0,40,3,3,2,1,18,44,6
3303769,0,546,0,40,3,3,2,1,14,79,6
3290876,0,546,0,40,2,6,2,1,26,55,6
3292066,0,546,0,40,2,6,2,1,29,50,6
3307161,0,546,0,40,3,3,2,1,7,66,6
3264855,0,546,0,40,2,8,2,1,42,44,6
3298973,0,546,0,40,3,4,2,1,16,61,6
3262406,0,546,0,40,2,11,2,1,77,38,6
3305327,0,546,0,40,2,3,2,1,13,29,6
3291379,0,546,0,40,2,4,2,1,26,15,6
3283431,0,546,0,40,3,8,2,1,41,37,6
3308392,0,546,0,40,2,2,2,1,11,25,6
3303120,0,546,0,40,2,4,2,1,16,32,6
3305679,0,546,0,40,3,3,2,1,8,79,6
3288428,0,546,0,40,2,5,2,1,35,61,6
3305598,0,546,0,40,2,2,2,1,17,41,6
3242173,0,546,0,40,2,15,2,1,109,75,6
3302125,0,546,0,40,3,3,2,1,15,88,6
3265170,0,546,0,40,2,6,2,1,32,24,6
3283967,0,546,0,40,3,5,2,1,47,34,6
3274501,0,546,0,40,3,9,2,1,51,59,6
3267832,0,546,0,40,3,9,2,1,54,27,6
3302484,0,546,0,40,3,3,2,1,20,39,6
3287121,0,546,0,40,3,6,2,1,34,70,6
3299447,0,546,0,40,2,3,2,1,21,56,6
3267540,0,546,0,40,3,13,2,1,80,15,6
3271738,0,546,0,40,3,12,2,1,64,34,6
3306861,0,546,0,40,2,3,2,1,15,54,6
3300748,0,546,0,40,2,4,2,1,12,89,6
3295196,0,546,0,40,3,5,2,1,26,42,6
3290383,0,546,0,40,2,4,2,1,30,98,6
3268926,0,546,0,40,3,13,2,1,65,45,6
3300656,0,546,0,40,2,4,2,1,17,31,6
3266713,0,546,0,40,3,9,2,1,51,40,6
3289165,0,546,0,40,3,8,2,1,27,26,6
3262847,0,546,0,40,2,11,2,1,48,39,6
3311899,0,546,0,40,2,1,2,1,5,37,6
3312701,0,546,0,40,2,1,2,1,5,47,6
3313282,0,546,0,40,2,1,2,1,5,37,6
3313639,0,546,0,40,2,1,2,1,5,89,6
3313743,0,546,0,40,3,1,2,1,5,63,6
3313935,0,546,0,40,2,1,2,1,5,24,6
3314373,0,546,0,40,3,1,2,1,5,81,6
3314475,0,546,0,40,2,1,2,1,5,44,6
3314515,0,546,0,40,2,1,2,1,5,80,6
3314587,0,546,0,40,3,1,2,1,5,49,6
3304123,0,546,0,40,2,2,2,1,11,23,6
3307303,0,546,0,40,3,2,2,1,6,42,6
3283850,0,546,0,40,2,6,2,1,34,42,6
3291512,0,546,0,40,2,2,2,1,40,63,6
3268886,0,546,0,40,3,9,2,1,80,61,6
3308829,0,546,0,40,3,2,2,1,7,25,6
3299832,0,546,0,40,2,3,2,1,20,62,6
3282104,0,546,0,40,2,7,2,1,42,38,6
3308125,0,546,0,40,2,2,2,1,10,59,6
3277781,0,546,0,40,2,7,2,1,48,69,6
3304441,0,546,0,40,3,3,2,1,14,24,6
3310457,0,546,0,40,3,2,2,1,6,53,6
3297482,0,546,0,40,3,2,2,1,29,31,6
3270072,0,546,0,40,2,11,2,1,69,25,6
3280700,0,546,0,40,3,5,2,1,44,72,6
3293002,0,546,0,40,3,5,2,1,27,25,6
3259471,0,546,0,40,2,11,2,1,63,30,6
3309399,0,546,0,40,2,2,2,1,7,32,6
3289854,0,546,0,40,3,4,2,1,32,66,6
3292593,0,546,0,40,2,6,2,1,27,35,6
3302241,0,546,0,40,3,2,2,1,19,32,6
3273141,0,546,0,40,2,12,2,1,51,43,6
3237831,0,546,0,40,2,20,2,1,87,49,6
3272821,0,546,0,40,2,12,2,1,45,23,6
3309506,0,546,0,40,2,2,2,1,9,65,6
3277275,0,546,0,40,2,11,2,1,38,45,6
3289613,0,546,0,40,2,5,2,1,33,67,6
3292242,0,546,0,40,3,5,2,1,30,15,6
3274135,0,546,0,40,3,10,2,1,59,61,6
3293160,0,546,0,40,3,5,2,1,22,67,6
3301325,0,546,0,40,3,4,2,1,13,54,6
3305828,0,546,0,40,3,3,2,1,11,53,6
3272317,0,546,0,40,3,10,2,1,63,38,6
3303554,0,546,0,40,2,3,2,1,12,9,6
3310112,0,546,0,40,2,2,2,1,6,42,6
3292039,0,546,0,40,2,5,2,1,20,53,6
3303711,0,546,0,40,2,3,2,1,13,25,6
3293892,0,546,0,40,3,3,2,1,31,35,6
3306817,0,546,0,40,3,4,2,1,8,27,6
3268656,0,546,0,40,2,14,2,1,60,51,6
3264918,0,546,0,40,3,4,2,1,15,54,6
3272840,0,546,0,40,2,13,2,1,53,48,6
3312039,0,546,0,40,2,2,2,1,5,69,6
3267607,0,546,0,40,3,9,2,1,81,52,6
3302015,0,546,0,40,2,3,2,1,20,51,6
3313283,0,546,0,40,2,2,2,1,6,49,6
3302404,0,546,0,40,2,3,2,1,20,32,6
3309761,0,546,0,40,3,3,2,1,8,22,6
3312878,0,546,0,40,2,1,2,1,4,82,6
3313382,0,546,0,40,3,1,2,1,4,52,6
3314048,0,546,0,40,3,1,2,1,4,177,6
3314504,0,546,0,40,3,1,2,1,4,69,6
3314576,0,546,0,40,3,1,2,1,4,53,6
3314652,0,546,0,40,2,1,2,1,4,8,6
3314730,0,546,0,40,2,1,2,1,4,107,6
3314774,0,546,0,40,3,1,2,1,4,19,6
3314840,0,546,0,40,2,1,2,1,4,47,6
3314876,0,546,0,40,3,1,2,1,4,57,6
3314992,0,546,0,40,2,1,2,1,4,14,6
3315032,0,546,0,40,2,1,2,1,4,15,6
3315090,0,546,0,40,3,1,2,1,4,35,6
3315102,0,546,0,40,3,1,2,1,4,37,6
3315188,0,546,0,40,3,1,2,1,4,47,6
3279816,0,546,0,40,2,7,2,1,31,89,6
3262937,0,546,0,40,3,6,2,1,32,31,6
3277557,0,546,0,40,2,8,2,1,44,41,6
3302193,0,546,0,40,2,2,2,1,14,48,6
3289467,0,546,0,40,2,5,2,1,31,99,6
3284097,0,546,0,40,2,7,2,1,21,44,6
3299287,0,546,0,40,3,3,2,1,14,42,6
3270442,0,546,0,40,3,14,2,1,46,42,6
3304212,1,546,543,33.6453,3,2,2,1,15,24,6
3298186,0,546,0,40,2,4,2,1,22,51,6
3279367,0,546,0,40,3,7,2,1,44,67,6
3305446,0,546,0,40,2,4,2,1,10,65,6
3280503,0,546,0,40,3,6,2,1,41,42,6
3298398,0,546,0,40,3,3,2,1,22,11,6
3299968,0,546,0,40,2,3,2,1,20,70,6
3288727,0,546,0,40,2,8,2,1,27,68,6
3305780,1,546,530,24.5138,3,3,2,1,9,23,6
3309980,0,546,0,40,2,2,2,1,4,17,6
3283765,0,546,0,40,3,9,2,1,42,74,6
3295075,0,546,0,40,3,4,2,1,29,26,6
3287695,0,546,0,40,3,8,2,1,18,27,6
3262749,0,546,0,40,2,3,2,1,30,47,6
3310742,0,546,0,40,3,2,2,1,6,25,6
3310212,0,546,0,40,2,2,2,1,5,44,6
3299925,0,546,0,40,3,5,2,1,11,15,6
3267857,1,546,537,27.8371,3,11,2,1,85,68,6
3264004,0,546,0,40,3,4,2,1,39,47,6
3291238,0,546,0,40,2,4,2,1,35,71,6
3279667,0,546,0,40,3,6,2,1,57,45,6
3261879,0,546,0,40,3,12,2,1,74,26,6
3277517,0,546,0,40,2,11,2,1,41,49,6
3304689,0,546,0,40,3,3,2,1,12,31,6
3311614,0,546,0,40,2,2,2,1,6,46,6
3289259,0,546,0,40,2,7,2,1,25,56,6
3263182,0,546,0,40,2,11,2,1,39,56,6
3277408,1,546,539,29.6942,2,5,2,1,64,40,6
3308528,0,546,0,40,3,2,2,1,12,41,6
3308967,0,546,0,40,3,2,2,1,11,30,6
3305672,0,546,0,40,2,3,2,1,10,40,6
3310818,0,546,0,40,2,2,2,1,8,34,6
3307820,1,546,539,21.2918,3,3,2,1,7,43,6
3312264,0,546,0,40,3,2,2,1,6,47,6
3289273,0,546,0,40,3,5,2,1,37,37,6
3286522,0,546,0,40,3,6,2,1,40,21,6
3279432,0,546,0,40,3,8,2,1,48,73,6
3287380,0,546,0,40,3,6,2,1,37,38,6
3280954,0,546,0,40,3,8,2,1,33,26,6
3310022,0,546,0,40,3,2,2,1,9,64,6
3269513,0,546,0,40,2,9,2,1,69,46,6
3311850,0,546,0,40,3,2,2,1,7,52,6
3287853,0,546,0,40,3,8,2,1,34,27,6
3283414,0,546,0,40,2,7,2,1,46,31,6
3295278,0,546,0,40,2,5,2,1,22,64,6
3276672,0,546,0,40,3,11,2,1,45,13,6
3273402,0,546,0,40,2,10,2,1,59,52,6
3294151,0,546,0,40,3,5,2,1,32,56,6
3306631,0,546,0,40,3,3,2,1,13,38,6
3296155,0,546,0,40,3,5,2,1,23,60,6
3307594,0,546,0,40,2,3,2,1,12,30,6
3314226,0,546,0,40,2,1,2,1,3,47,6
3314374,0,546,0,40,2,1,2,1,3,71,6
3314526,0,546,0,40,2,1,2,1,3,46,6
3314709,0,546,0,40,2,1,2,1,3,32,6
3314777,0,546,0,40,3,1,2,1,3,47,6
3314869,0,546,0,40,3,1,2,1,3,30,6
3315037,0,546,0,40,2,1,2,1,3,83,6
3315097,0,546,0,40,3,1,2,1,3,49,6
3315321,0,546,0,40,3,1,2,1,3,40,6
3315349,0,546,0,40,3,1,2,1,3,25,6
3315391,0,546,0,40,2,1,2,1,3,4,6
3315445,0,546,0,40,2,1,2,1,3,53,6
3315513,0,546,0,40,3,1,2,1,3,55,6
3315569,0,546,0,40,3,1,2,1,3,51,6
3315701,0,546,0,40,3,1,2,1,3,28,6
3270426,0,546,0,40,2,9,2,1,72,30,6
3284210,0,546,0,40,2,4,2,1,52,31,6
3297102,0,546,0,40,3,2,2,1,32,47,6
3300772,0,546,0,40,2,1,2,1,29,29,6
3280980,0,546,0,40,3,5,2,1,55,30,6
3293120,0,546,0,40,3,3,2,1,35,38,6
3290769,0,546,0,40,3,3,2,1,39,51,6
3304594,0,546,0,40,3,1,2,1,23,68,6
3301725,0,546,0,40,3,2,2,1,24,58,6
3263486,1,546,544,25.8891,3,5,2,1,50,42,6
3280939,0,546,0,40,2,7,2,1,53,38,6
3286622,0,546,0,40,3,7,2,1,36,14,6
3292112,0,546,0,40,3,4,2,1,35,15,6
3278710,0,546,0,40,3,7,2,1,56,20,6
3307200,0,546,0,40,2,1,2,1,18,57,6
3307556,0,546,0,40,3,1,2,1,18,19,6
3299230,0,546,0,40,3,2,2,1,22,35,6
3272097,0,546,0,40,3,9,2,1,69,51,6
3293086,0,546,0,40,2,2,2,1,35,12,6
3278002,0,546,0,40,2,6,2,1,53,59,6
3295593,0,546,0,40,3,3,2,1,32,38,6
3272309,0,546,0,40,2,6,2,1,69,81,6
3298523,0,546,0,40,2,3,2,1,22,60,6
3305126,0,546,0,40,3,2,2,1,17,24,6
3305667,0,546,0,40,3,2,2,1,15,35,6
3274467,0,546,0,40,3,8,2,1,59,44,6
3285201,0,546,0,40,3,5,2,1,40,27,6
3304861,0,546,0,40,3,2,2,1,15,32,6
3309672,0,546,0,40,3,1,2,1,14,57,6
3309790,0,546,0,40,2,1,2,1,14,55,6
3301886,0,546,0,40,2,3,2,1,18,39,6
3262275,0,546,0,40,2,5,2,1,54,48,6
3298604,0,546,0,40,2,3,2,1,24,48,6
3304644,0,546,0,40,2,2,2,1,19,28,6
3251066,0,546,0,40,3,13,2,1,78,47,6
3304635,0,546,0,40,3,2,2,1,19,55,6
3293527,0,546,0,40,2,4,2,1,34,56,6
3284269,0,546,0,40,3,6,2,1,44,49,6
3308790,0,546,0,40,3,1,2,1,13,40,6
3309655,1,546,544,35.8037,2,1,2,1,13,45,6
3310309,0,546,0,40,2,1,2,1,13,46,6
3280981,0,546,0,40,3,6,2,1,55,23,6
3228058,0,546,0,40,2,13,2,1,81,63,6
3283665,0,546,0,40,3,7,2,1,32,40,6
3307883,0,546,0,40,3,2,2,1,13,42,6
3290415,0,546,0,40,3,6,2,1,38,51,6
3294527,0,546,0,40,3,4,2,1,20,14,6
3297732,0,546,0,40,2,3,2,1,22,30,6
3307550,0,546,0,40,3,2,2,1,16,60,6
3310906,0,546,0,40,3,1,2,1,12,18,6
3293145,0,546,0,40,3,4,2,1,22,52,6
3285808,0,546,0,40,2,6,2,1,33,103,6
3293924,0,546,0,40,3,3,2,1,30,32,6
3278598,0,546,0,40,3,7,2,1,54,61,6
3273278,0,546,0,40,2,10,2,1,62,21,6
3297068,0,546,0,40,3,3,2,1,30,22,6
3304222,0,546,0,40,2,2,2,1,20,41,6
3283704,0,546,0,40,2,8,2,1,34,54,6
3281123,0,546,0,40,2,9,2,1,43,30,6
3305646,0,546,0,40,3,2,2,1,20,50,6
3309513,0,546,0,40,2,1,2,1,11,55,6
3311120,0,546,0,40,3,1,2,1,11,59,6
3311536,0,546,0,40,3,1,2,1,11,60,6
3285927,0,546,0,40,3,5,2,1,32,82,6
3284048,0,546,0,40,2,4,2,1,45,67,6
3295077,0,546,0,40,2,4,2,1,18,30,6
3275927,0,546,0,40,2,8,2,1,47,31,6
3280006,0,546,0,40,3,7,2,1,53,47,6
3223607,0,546,0,40,2,19,2,1,102,30,6
3307013,0,546,0,40,2,2,2,1,13,31,6
3267821,0,546,0,40,3,11,2,1,73,36,6
3304912,0,546,0,40,3,3,2,1,19,78,6
3310368,0,546,0,40,2,1,2,1,10,40,6
3311343,0,546,0,40,2,1,2,1,10,52,6
3311780,0,546,0,40,3,1,2,1,10,40,6
3312036,0,546,0,40,3,1,2,1,10,9,6
3312280,0,546,0,40,2,1,2,1,10,48,6
3276924,0,546,0,40,2,9,2,1,45,55,6
3281184,0,546,0,40,3,8,2,1,50,25,6
3269283,0,546,0,40,2,11,2,1,72,61,6
3283793,0,546,0,40,3,5,2,1,48,49,6
3287845,0,546,0,40,2,4,2,1,40,21,6
3296357,0,546,0,40,2,4,2,1,25,18,6
3285290,0,546,0,40,3,6,2,1,37,26,6
3303307,0,546,0,40,2,3,2,1,16,47,6
3282158,0,546,0,40,3,8,2,1,38,38,6
3302447,0,546,0,40,2,4,2,1,16,22,6
3311601,0,546,0,40,3,1,2,1,9,72,6
3312440,0,546,0,40,2,1,2,1,9,35,6
3312616,0,546,0,40,2,1,2,1,9,71,6
3300743,0,546,0,40,2,3,2,1,15,45,6
3171781,0,546,0,40,2,25,2,1,142,40,6
3297159,0,546,0,40,2,4,2,1,25,44,6
3303238,0,546,0,40,3,2,2,1,14,14,6
3267970,0,546,0,40,3,12,2,1,80,75,6
3279580,0,546,0,40,3,9,2,1,36,37,6
3303327,0,546,0,40,2,2,2,1,21,31,6
3286690,0,546,0,40,3,6,2,1,36,31,6
3306211,0,546,0,40,2,3,2,1,12,17,6
3270273,0,546,0,40,2,10,2,1,71,31,6
3292250,0,546,0,40,2,4,2,1,37,34,6
3286318,0,546,0,40,3,5,2,1,37,56,6
3299669,0,546,0,40,3,4,2,1,20,45,6
3308089,0,546,0,40,3,2,2,1,14,43,6
3301688,0,546,0,40,2,4,2,1,16,16,6
3310526,0,546,0,40,3,2,2,1,9,11,6
3308206,0,546,0,40,2,2,2,1,14,56,6
3290215,0,546,0,40,3,6,2,1,37,94,6
3311007,0,546,0,40,3,2,2,1,10,78,6
3312723,0,546,0,40,2,1,2,1,8,44,6
3312917,0,546,0,40,3,1,2,1,8,31,6
3313037,0,546,0,40,2,1,2,1,8,42,6
3313153,0,546,0,40,3,1,2,1,8,50,6
3282927,0,546,0,40,2,6,2,1,42,53,6
3259456,0,546,0,40,2,4,2,1,51,91,6
3304769,0,546,0,40,3,2,2,1,15,72,6
3287591,0,546,0,40,3,5,2,1,21,59,6
3296703,0,546,0,40,2,4,2,1,24,52,6
3280251,0,546,0,40,3,7,2,1,40,38,6
3288533,0,546,0,40,2,6,2,1,33,59,6
3277571,0,546,0,40,3,8,2,1,51,42,6
3298637,0,546,0,40,2,3,2,1,25,60,6
3285248,0,546,0,40,2,8,2,1,23,22,6
3302826,0,546,0,40,3,3,2,1,12,28,6
3291198,1,546,516,30.9824,2,6,2,1,26,51,6
3297874,0,546,0,40,3,4,2,1,22,38,6
3266279,0,546,0,40,2,11,2,1,94,55,6
3308855,0,546,0,40,3,2,2,1,12,45,6
3296565,0,546,0,40,3,5,2,1,24,37,6
3311300,0,546,0,40,2,2,2,1,8,52,6
3292561,0,546,0,40,3,5,2,1,33,45,6
3296459,0,546,0,40,2,3,2,1,24,70,6
3306901,0,546,0,40,3,2,2,1,18,28,6
3300283,0,546,0,40,3,4,2,1,21,29,6
3285886,0,546,0,40,3,7,2,1,35,48,6
3309904,0,546,0,40,3,2,2,1,9,43,6
3287364,0,546,0,40,2,6,2,1,36,47,6
3311133,0,546,0,40,3,1,2,1,7,29,6
3312259,0,546,0,40,2,1,2,1,7,31,6
3313420,0,546,0,40,2,1,2,1,7,53,6
3313796,0,546,0,40,3,1,2,1,7,30,6
3275005,0,546,0,40,2,10,2,1,53,31,6
3298134,0,546,0,40,3,3,2,1,25,67,6
3267672,0,546,0,40,2,5,2,1,61,43,6
3306816,0,546,0,40,3,2,2,1,12,35,6
3304981,0,546,0,40,3,2,2,1,10,51,6
3297738,0,546,0,40,3,4,2,1,21,39,6
3296537,0,546,0,40,2,4,2,1,26,20,6
3310215,0,546,0,40,3,2,2,1,8,34,6
3277961,0,546,0,40,3,6,2,1,61,36,6
3300530,0,546,0,40,3,3,2,1,15,78,6
3268788,0,546,0,40,2,11,2,1,71,48,6
3306955,0,546,0,40,3,3,2,1,13,32,6
3264758,0,546,0,40,2,11,2,1,52,73,6
3309837,0,546,0,40,3,2,2,1,8,76,6
3285594,0,546,0,40,2,7,2,1,34,68,6
3286906,0,546,0,40,2,6,2,1,42,40,6
3299749,0,546,0,40,2,4,2,1,20,23,6
3310798,0,546,0,40,3,2,2,1,9,61,6
3310871,0,546,0,40,2,2,2,1,7,25,6
3286945,0,546,0,40,2,4,2,1,40,95,6
3283558,0,546,0,40,2,6,2,1,46,14,6
3283028,0,546,0,40,3,8,2,1,31,27,6
3295794,0,546,0,40,3,6,2,1,29,25,6
3312594,0,546,0,40,2,2,2,1,8,54,6
3301828,0,546,0,40,3,4,2,1,23,15,6
3312890,0,546,0,40,3,1,2,1,6,49,6
3313531,0,546,0,40,3,1,2,1,6,67,6
3313943,1,546,544,21.608,3,1,2,1,6,50,6
3314125,0,546,0,40,3,1,2,1,6,40,6
3314385,0,546,0,40,3,1,2,1,6,96,6
3273275,0,546,0,40,2,7,2,1,66,31,6
3305665,0,546,0,40,3,2,2,1,12,22,6
3287277,0,546,0,40,2,5,2,1,36,35,6
3303955,0,546,0,40,3,3,2,1,15,30,6
3294290,0,546,0,40,2,5,2,1,24,32,6
3299817,0,546,0,40,3,4,2,1,16,58,6
3303624,0,546,0,40,2,3,2,1,16,45,6
3301447,0,546,0,40,2,2,2,1,22,36,6
3285645,0,546,0,40,3,8,2,1,32,56,6
3300870,0,546,0,40,3,2,2,1,23,59,6
3304184,0,546,0,40,3,3,2,1,17,22,6
3298698,0,546,0,40,3,4,2,1,22,61,6
3300034,0,546,0,40,3,4,2,1,16,84,6
3311574,0,546,0,40,3,2,2,1,7,100,6
3265519,0,546,0,40,3,14,2,1,60,33,6
3284190,0,546,0,40,2,8,2,1,37,54,6
3284352,0,546,0,40,2,7,2,1,39,74,6
3312302,0,546,0,40,2,2,2,1,6,88,6
3272817,0,546,0,40,3,10,2,1,51,26,6
3287210,0,546,0,40,2,6,2,1,38,46,6
3287743,0,546,0,40,2,5,2,1,38,32,6
3262090,0,546,0,40,2,9,2,1,43,70,6
3277498,0,546,0,40,3,8,2,1,50,60,6
3290518,0,546,0,40,2,6,2,1,31,44,6
3278978,0,546,0,40,3,9,2,1,49,56,6
3312453,0,546,0,40,2,1,2,1,5,30,6
3313022,0,546,0,40,2,1,2,1,5,42,6
3313134,0,546,0,40,3,1,2,1,5,61,6
3313533,0,546,0,40,3,1,2,1,5,27,6
3313845,0,546,0,40,3,1,2,1,5,44,6
3314060,0,546,0,40,2,1,2,1,5,14,6
3314628,0,546,0,40,3,1,2,1,5,44,6
3315234,0,546,0,40,3,1,2,1,5,59,6
3275696,0,546,0,40,2,9,2,1,41,80,6
3264239,0,546,0,40,2,7,2,1,39,62,6
3261493,0,546,0,40,2,11,2,1,43,56,6
3290138,0,546,0,40,2,4,2,1,32,49,6
3299385,0,546,0,40,3,4,2,1,22,45,6
3263756,1,546,544,31.9628,2,6,2,1,32,28,6
3274302,0,546,0,40,2,8,2,1,60,87,6
3303703,0,546,0,40,2,2,2,1,19,38,6
3286932,0,546,0,40,3,5,2,1,29,42,6
3309768,0,546,0,40,3,2,2,1,9,40,6
3304589,0,546,0,40,3,3,2,1,9,54,6
3287240,0,546,0,40,2,4,2,1,40,60,6
3305796,0,546,0,40,2,3,2,1,10,28,6
3301907,0,546,0,40,2,3,2,1,19,59,6
3289385,0,546,0,40,3,4,2,1,41,71,6
3295232,0,546,0,40,2,4,2,1,23,80,6
3269124,0,546,0,40,3,13,2,1,61,28,6
3299155,0,546,0,40,3,4,2,1,20,39,6
3296527,0,546,0,40,2,4,2,1,21,10,6
3303075,0,546,0,40,3,3,2,1,18,44,6
3302006,0,546,0,40,3,4,2,1,18,70,6
3312009,0,546,0,40,2,2,2,1,5,28,6
3288924,0,546,0,40,3,5,2,1,37,16,6
3306508,0,546,0,40,2,3,2,1,15,36,6
3282810,0,546,0,40,2,5,2,1,51,16,6
3279454,0,546,0,40,3,9,2,1,37,91,6
3266991,0,546,0,40,3,8,2,1,42,25,6
3266796,0,546,0,40,2,11,2,1,77,24,6
3277811,0,546,0,40,2,9,2,1,47,20,6
3309449,0,546,0,40,3,2,2,1,9,10,6
3275067,0,546,0,40,2,11,2,1,38,29,6
3268859,1,546,544,31.6561,2,10,2,1,71,61,6
3301985,0,546,0,40,3,5,2,1,16,10,6
3296998,0,546,0,40,3,5,2,1,26,67,6
3205216,0,546,0,40,3,21,2,1,148,63,6
3305845,0,546,0,40,3,3,2,1,11,24,6
3300773,0,546,0,40,3,4,2,1,21,40,6
3298546,0,546,0,40,3,4,2,1,23,36,6
3313977,0,546,0,40,3,1,2,1,4,32,6
3314254,0,546,0,40,3,1,2,1,4,17,6
3314398,0,546,0,40,3,1,2,1,4,24,6
3314486,0,546,0,40,2,1,2,1,4,48,6
3314558,0,546,0,40,3,1,2,1,4,19,6
3315259,1,546,544,29.2826,3,1,2,1,4,63,6
3315313,0,546,0,40,3,1,2,1,4,15,6
3315383,0,546,0,40,2,1,2,1,4,96,6
3315543,0,546,0,40,3,1,2,1,4,36,6
3315717,0,546,0,40,2,1,2,1,4,61,6
3305397,0,546,0,40,2,2,2,1,5,52,6
3298359,0,546,0,40,3,4,2,1,13,59,6
3308130,0,546,0,40,2,2,2,1,5,21,6
3303245,0,546,0,40,3,3,2,1,13,23,6
3270511,0,546,0,40,3,10,2,1,61,59,6
3272237,0,546,0,40,2,8,2,1,71,53,6
3302313,0,546,0,40,2,3,2,1,9,35,6
3307994,0,546,0,40,2,2,2,1,6,64,6
3306016,0,546,0,40,2,3,2,1,7,53,6
3304435,0,546,0,40,2,2,2,1,16,25,6
3300915,0,546,0,40,3,4,2,1,16,31,6
3309442,0,546,0,40,2,2,2,1,8,35,6
3287421,0,546,0,40,3,7,2,1,22,58,6
3304080,0,546,0,40,2,4,2,1,11,28,6
3293883,0,546,0,40,3,6,2,1,20,85,6
3307779,0,546,0,40,3,3,2,1,10,38,6
3308526,0,546,0,40,2,2,2,1,11,31,6
3308631,0,546,0,40,2,2,2,1,10,31,6
3293119,0,546,0,40,2,6,2,1,16,38,6
3299939,0,546,0,40,2,4,2,1,13,45,6
3297918,0,546,0,40,2,5,2,1,19,44,6
3311123,0,546,0,40,2,2,2,1,5,17,6
3291711,0,546,0,40,2,4,2,1,28,45,6
3312294,0,546,0,40,2,2,2,1,4,18,6
3307814,0,546,0,40,2,2,2,1,10,63,6
3255489,0,546,0,40,3,9,2,1,50,3,6
3307119,0,546,0,40,2,3,2,1,10,37,6
3309994,0,546,0,40,3,2,2,1,8,43,6
3285957,0,546,0,40,3,6,2,1,33,24,6
3304688,0,546,0,40,2,4,2,1,17,41,6
3261535,0,546,0,40,3,7,2,1,62,47,6
3305259,0,546,0,40,3,2,2,1,18,23,6
3308380,0,546,0,40,3,2,2,1,13,31,6
3309378,0,546,0,40,3,2,2,1,11,30,6
3277385,0,546,0,40,2,9,2,1,49,44,6
3299030,0,546,0,40,3,4,2,1,19,100,6
3288326,0,546,0,40,3,6,2,1,29,42,6
3258957,0,546,0,40,2,9,2,1,69,37,6
3314038,0,546,0,40,3,2,2,1,4,24,6
3300222,0,546,0,40,2,3,2,1,23,79,6
3299915,0,546,0,40,3,3,2,1,19,36,6
3311990,0,546,0,40,3,2,2,1,8,71,6
3292413,0,546,0,40,3,4,2,1,29,83,6
3312649,0,546,0,40,3,2,2,1,5,54,6
3303770,0,546,0,40,2,3,2,1,17,27,6
3291807,0,546,0,40,3,4,2,1,34,30,6
3311757,0,546,0,40,3,2,2,1,8,19,6
3275344,0,546,0,40,2,11,2,1,46,41,6
3309836,0,546,0,40,2,3,2,1,11,96,6
3292458,0,546,0,40,3,5,2,1,31,29,6
3314290,0,546,0,40,2,1,2,1,3,25,6
3314931,0,546,0,40,2,1,2,1,3,30,6
3315336,0,546,0,40,3,1,2,1,3,55,6
3315534,0,546,0,40,3,1,2,1,3,22,6
3315698,0,546,0,40,3,1,2,1,3,58,6
3315896,0,546,0,40,3,1,2,1,3,41,6
3315910,0,546,0,40,2,1,2,1,3,21,6
3315972,0,546,0,40,2,1,2,1,3,96,6
3316114,0,546,0,40,3,1,2,1,3,10,6
3316272,0,546,0,40,3,1,2,1,3,13,6
3316280,0,546,0,40,2,1,2,1,3,36,6
3316312,0,546,0,40,2,1,2,1,3,24,6
3262770,0,546,0,40,2,6,2,1,80,57,6
3276747,1,546,545,35.4774,2,7,2,1,60,33,6
3299358,0,546,0,40,2,2,2,1,28,81,6
3299571,0,546,0,40,3,3,2,1,29,51,6
3306619,0,546,0,40,3,1,2,1,20,29,6
3300599,0,546,0,40,3,2,2,1,26,38,6
3297223,0,546,0,40,2,4,2,1,29,36,6
3288355,0,546,0,40,3,6,2,1,41,20,6
3307365,0,546,0,40,2,1,2,1,18,25,6
3267012,0,546,0,40,3,6,2,1,57,26,6
3289671,0,546,0,40,3,5,2,1,35,56,6
3302518,0,546,0,40,3,2,2,1,19,36,6
3287073,0,546,0,40,2,5,2,1,47,35,6
3306849,0,546,0,40,2,2,2,1,17,37,6
3299733,0,546,0,40,3,4,2,1,26,58,6
3307926,0,546,0,40,3,1,2,1,16,55,6
3309227,0,546,0,40,2,1,2,1,16,17,6
3302259,0,546,0,40,2,3,2,1,20,21,6
3272811,0,546,0,40,2,8,2,1,68,46,6
3286738,0,546,0,40,2,6,2,1,44,52,6
3293260,0,546,0,40,2,4,2,1,28,45,6
3272098,0,546,0,40,2,9,2,1,59,51,6
3290323,0,546,0,40,3,6,2,1,38,29,6
3309671,0,546,0,40,2,1,2,1,14,40,6
3310117,0,546,0,40,3,1,2,1,14,21,6
3305664,0,546,0,40,3,2,2,1,15,28,6
3298422,0,546,0,40,2,3,2,1,25,31,6
3306845,0,546,0,40,2,2,2,1,14,33,6
3275013,0,546,0,40,3,7,2,1,69,65,6
3268111,0,546,0,40,2,10,2,1,56,63,6
3293282,0,546,0,40,2,4,2,1,25,31,6
3300249,0,546,0,40,3,4,2,1,17,112,6
3293907,0,546,0,40,3,5,2,1,30,37,6
3306726,0,546,0,40,3,2,2,1,14,77,6
3298971,0,546,0,40,2,3,2,1,26,38,6
3310965,0,546,0,40,2,1,2,1,12,16,6
3311684,0,546,0,40,3,1,2,1,12,41,6
3297231,0,546,0,40,3,4,2,1,28,33,6
3300363,0,546,0,40,2,4,2,1,15,59,6
3295714,1,546,545,28.4026,3,4,2,1,29,42,6
3286956,0,546,0,40,2,5,2,1,41,15,6
3310192,0,546,0,40,3,1,2,1,11,36,6
3310967,0,546,0,40,3,1,2,1,11,72,6
3311852,0,546,0,40,2,1,2,1,11,51,6
3312038,0,546,0,40,3,1,2,1,11,40,6
3312090,0,546,0,40,2,1,2,1,11,80,6
3275563,0,546,0,40,2,9,2,1,58,65,6
3283216,0,546,0,40,3,7,2,1,50,33,6
3306271,0,546,0,40,3,2,2,1,17,24,6
3307565,0,546,0,40,2,3,2,1,15,47,6
3311529,0,546,0,40,2,1,2,1,10,45,6
3311821,0,546,0,40,2,1,2,1,10,45,6
3305567,0,546,0,40,3,2,2,1,17,58,6
3299900,0,546,0,40,3,3,2,1,24,40,6
3300677,0,546,0,40,3,2,2,1,28,56,6
3273431,0,546,0,40,3,8,2,1,63,72,6
3310698,0,546,0,40,2,2,2,1,10,38,6
3312031,0,546,0,40,2,1,2,1,9,34,6
3312531,0,546,0,40,3,1,2,1,9,44,6
3313405,0,546,0,40,3,1,2,1,9,41,6
3291255,0,546,0,40,2,5,2,1,25,21,6
3273221,0,546,0,40,2,7,2,1,57,72,6
3303525,0,546,0,40,3,3,2,1,19,52,6
3311010,0,546,0,40,3,2,2,1,9,51,6
3303266,0,546,0,40,2,2,2,1,21,43,6
3290005,0,546,0,40,3,6,2,1,19,41,6
3292007,0,546,0,40,3,5,2,1,24,50,6
3299837,0,546,0,40,3,4,2,1,24,57,6
3276345,1,546,538,17.9324,3,9,2,1,44,62,6
3291814,1,546,539,30.647,2,6,2,1,25,13,6
3313440,0,546,0,40,2,1,2,1,8,11,6
3313792,0,546,0,40,3,1,2,1,8,21,6
3314020,0,546,0,40,2,1,2,1,8,42,6
3296787,0,546,0,40,3,3,2,1,20,24,6
3309933,0,546,0,40,2,2,2,1,9,30,6
3298332,0,546,0,40,3,3,2,1,22,29,6
3301472,0,546,0,40,3,5,2,1,18,76,6
3308065,0,546,0,40,3,3,2,1,13,90,6
3277467,0,546,0,40,3,12,2,1,39,42,6
3304873,0,546,0,40,3,3,2,1,13,63,6
3287822,0,546,0,40,2,6,2,1,42,22,6
3302129,0,546,0,40,2,3,2,1,21,35,6
3279236,0,546,0,40,3,6,2,1,57,38,6
3312011,0,546,0,40,3,1,2,1,7,25,6
3313707,0,546,0,40,3,1,2,1,7,27,6
3314197,0,546,0,40,3,1,2,1,7,58,6
3314283,0,546,0,40,2,1,2,1,7,33,6
3314581,0,546,0,40,3,1,2,1,7,14,6
3305096,0,546,0,40,3,2,2,1,14,42,6
3305217,0,546,0,40,3,3,2,1,9,76,6
3306801,0,546,0,40,3,3,2,1,12,32,6
3302412,0,546,0,40,2,3,2,1,17,61,6
3265409,0,546,0,40,2,12,2,1,59,18,6
3304985,0,546,0,40,2,3,2,1,12,50,6
3308908,0,546,0,40,2,2,2,1,11,26,6
3303405,0,546,0,40,2,4,2,1,14,23,6
3294176,0,546,0,40,3,4,2,1,32,49,6
3274825,0,546,0,40,3,8,2,1,56,34,6
3304342,0,546,0,40,3,3,2,1,10,65,6
3312693,0,546,0,40,3,1,2,1,6,14,6
3313645,0,546,0,40,2,1,2,1,6,73,6
3314700,0,546,0,40,3,1,2,1,6,57,6
3314914,0,546,0,40,3,1,2,1,6,93,6
3314960,0,546,0,40,3,1,2,1,6,30,6
3315206,0,546,0,40,3,1,2,1,6,36,6
3265235,0,546,0,40,2,7,2,1,30,17,6
3291694,0,546,0,40,2,6,2,1,21,51,6
3302635,0,546,0,40,2,2,2,1,20,25,6
3306326,0,546,0,40,3,2,2,1,13,30,6
3294082,0,546,0,40,2,4,2,1,24,23,6
3261960,0,546,0,40,2,8,2,1,42,21,6
3283984,0,546,0,40,2,6,2,1,39,61,6
3294131,1,546,537,26.7033,3,4,2,1,29,31,6
3299310,0,546,0,40,3,5,2,1,18,55,6
3275102,0,546,0,40,2,10,2,1,46,48,6
3291984,0,546,0,40,3,5,2,1,32,74,6
3264660,0,546,0,40,2,8,2,1,52,91,6
3303771,0,546,0,40,3,3,2,1,13,64,6
3311085,0,546,0,40,2,2,2,1,9,80,6
3308347,0,546,0,40,2,2,2,1,14,48,6
3294426,0,546,0,40,2,6,2,1,31,27,6
3263348,0,546,0,40,3,9,2,1,49,39,6
3299468,0,546,0,40,2,5,2,1,21,20,6
3311915,0,546,0,40,3,1,2,1,5,41,6
3313222,0,546,0,40,3,1,2,1,5,50,6
3314793,0,546,0,40,2,1,2,1,5,44,6
3289665,0,546,0,40,2,5,2,1,34,11,6
3310786,0,546,0,40,3,2,2,1,5,51,6
3309485,0,546,0,40,2,2,2,1,6,24,6
3264563,0,546,0,40,3,4,2,1,45,78,6
3303731,0,546,0,40,3,3,2,1,11,30,6
3291248,0,546,0,40,3,6,2,1,32,14,6
3290521,0,546,0,40,3,6,2,1,32,22,6
3310173,0,546,0,40,2,2,2,1,9,43,6
3290270,0,546,0,40,3,6,2,1,27,37,6
3263684,0,546,0,40,3,7,2,1,44,58,6
3264825,0,546,0,40,3,7,2,1,35,61,6
3257153,0,546,0,40,3,10,2,1,61,51,6
3309038,0,546,0,40,3,3,2,1,6,55,6
3281714,0,546,0,40,3,8,2,1,40,13,6
3281917,0,546,0,40,3,8,2,1,41,17,6
3293953,0,546,0,40,2,5,2,1,30,88,6
3312422,0,546,0,40,3,2,2,1,6,38,6
3271961,0,546,0,40,2,8,2,1,62,26,6
3304075,0,546,0,40,2,3,2,1,17,45,6
3276648,0,546,0,40,3,12,2,1,44,15,6
3283952,0,546,0,40,3,6,2,1,44,64,6
3276256,0,546,0,40,2,7,2,1,64,65,6
3299668,0,546,0,40,3,3,2,1,26,13,6
3309351,0,546,0,40,2,4,2,1,8,69,6
3315067,0,546,0,40,2,1,2,1,4,50,6
3316048,0,546,0,40,3,1,2,1,4,30,6
3316110,0,546,0,40,3,1,2,1,4,62,6
3316144,0,546,0,40,2,1,2,1,4,82,6
3316214,0,546,0,40,3,1,2,1,4,84,6
3291503,0,546,0,40,2,5,2,1,18,71,6
3300912,0,546,0,40,3,3,2,1,19,73,6
3291800,0,546,0,40,3,5,2,1,18,42,6
3296969,0,546,0,40,3,4,2,1,18,33,6
3311160,0,546,0,40,3,2,2,1,5,75,6
3287851,0,546,0,40,2,6,2,1,37,51,6
3282303,0,546,0,40,2,6,2,1,43,25,6
3310051,0,546,0,40,2,2,2,1,8,59,6
3282327,0,546,0,40,2,5,2,1,44,45,6
3299510,0,546,0,40,3,3,2,1,17,42,6
3297197,0,546,0,40,3,5,2,1,17,16,6
3311467,0,546,0,40,2,2,2,1,6,44,6
3300216,0,546,0,40,2,4,2,1,16,60,6
3304906,0,546,0,40,2,3,2,1,14,35,6
3312099,0,546,0,40,2,2,2,1,4,38,6
3260070,0,546,0,40,2,10,2,1,59,35,6
3304394,0,546,0,40,2,4,2,1,16,66,6
3312488,0,546,0,40,3,2,2,1,7,70,6
3278321,0,546,0,40,3,10,2,1,37,82,6
3262449,0,546,0,40,3,7,2,1,54,51,6
3308698,0,546,0,40,3,4,2,1,9,45,6
3275906,0,546,0,40,2,9,2,1,48,64,6
3311488,0,546,0,40,3,2,2,1,10,27,6
3285920,0,546,0,40,3,7,2,1,30,36,6
3265069,0,546,0,40,3,8,2,1,46,25,6
3306805,0,546,0,40,2,4,2,1,11,52,6
3316477,0,546,0,40,2,1,2,1,3,63,6
3316607,0,546,0,40,2,1,2,1,3,28,6
3316883,0,546,0,40,2,1,2,1,3,26,6
3302496,0,546,0,40,3,1,2,1,29,50,6
3290626,0,546,0,40,3,3,2,1,41,34,6
3263870,0,546,0,40,3,2,2,1,38,80,6
3275628,0,546,0,40,2,8,2,1,62,52,6
3297065,0,546,0,40,3,3,2,1,29,23,6
3293005,0,546,0,40,3,3,2,1,34,53,6
3285078,0,546,0,40,3,5,2,1,43,54,6
3280794,0,546,0,40,2,8,2,1,53,58,6
3296191,0,546,0,40,3,3,2,1,28,30,6
3297914,0,546,0,40,2,3,2,1,28,64,6
3292897,0,546,0,40,3,3,2,1,38,23,6
3271645,0,546,0,40,3,10,2,1,63,48,6
3289487,0,546,0,40,2,5,2,1,26,38,6
3286353,1,546,530,40,2,5,2,1,40,36,6
3313289,0,546,0,40,2,1,2,1,10,18,6
3301159,0,546,0,40,2,2,2,1,23,40,6
3279582,0,546,0,40,2,5,2,1,63,27,6
3282566,0,546,0,40,2,7,2,1,42,28,6
3273611,0,546,0,40,2,10,2,1,65,82,6
3294506,0,546,0,40,3,7,2,1,25,43,6
3312621,0,546,0,40,3,1,2,1,8,41,6
3286120,0,546,0,40,3,6,2,1,35,53,6
3311372,0,546,0,40,3,2,2,1,8,24,6
3314878,0,546,0,40,3,1,2,1,7,61,6
3279615,0,546,0,40,2,7,2,1,53,20,6
3285461,0,546,0,40,3,6,2,1,44,78,6
3301432,0,546,0,40,2,4,2,1,15,30,6
3259098,0,546,0,40,3,11,2,1,70,31,6
3291836,0,546,0,40,3,6,2,1,26,27,6
3299151,0,546,0,40,2,5,2,1,19,58,6
3237455,0,546,0,40,3,18,2,1,87,40,6
3315163,0,546,0,40,2,1,2,1,5,54,6
3316100,0,546,0,40,2,1,2,1,5,32,6
3267439,0,546,0,40,2,9,2,1,85,75,6
3302485,0,546,0,40,3,3,2,1,9,86,6
3296193,0,546,0,40,2,5,2,1,20,47,6
3298967,0,546,0,40,3,4,2,1,22,39,6
3314375,0,546,0,40,2,2,2,1,5,69,6
3309883,0,546,0,40,3,2,2,1,14,50,6
3316031,0,546,0,40,2,1,2,1,4,32,6
3316745,0,546,0,40,3,1,2,1,4,23,6
3298405,0,546,0,40,2,5,2,1,19,48,6
3280861,0,546,0,40,2,8,2,1,44,45,6
3296725,0,546,0,40,2,5,2,1,22,22,6
3311672,0,546,0,40,2,2,2,1,7,41,6
3304171,0,546,0,40,2,2,2,1,21,51,6
3305886,0,546,0,40,3,4,2,1,8,66,6
3305292,0,546,0,40,3,3,2,1,18,35,6
3275391,0,546,0,40,3,11,2,1,48,32,6
3302917,0,546,0,40,3,4,2,1,17,49,6
3304340,0,546,0,40,2,4,2,1,21,28,6
3286139,0,546,0,40,3,8,2,1,39,41,6
3313505,0,546,0,40,3,0,2,1,2,35,6
3313985,0,546,0,40,2,0,2,1,2,55,6
3314142,0,546,0,40,2,0,2,1,2,72,6
3314330,0,546,0,40,3,0,2,1,2,36,6
3314458,0,546,0,40,3,0,2,1,2,73,6
3314554,0,546,0,40,3,0,2,1,2,62,6
3314655,0,546,0,40,2,0,2,1,2,24,6
3314719,0,546,0,40,2,0,2,1,2,76,6
3314767,0,546,0,40,2,0,2,1,2,21,6
3314831,0,546,0,40,3,0,2,1,2,26,6
3314879,0,546,0,40,2,0,2,1,2,86,6
3314943,0,546,0,40,2,0,2,1,2,76,6
3315007,0,546,0,40,3,0,2,1,2,68,6
3315071,0,546,0,40,3,0,2,1,2,88,6
3315151,0,546,0,40,2,0,2,1,2,99,6
3315215,0,546,0,40,3,0,2,1,2,15,6
3315262,0,546,0,40,3,0,2,1,2,44,6
3315294,0,546,0,40,3,0,2,1,2,42,6
3315326,0,546,0,40,3,0,2,1,2,29,6
3315358,0,546,0,40,2,0,2,1,2,25,6
3315390,0,546,0,40,3,0,2,1,2,27,6
3315422,0,546,0,40,3,0,2,1,2,41,6
3315440,0,546,0,40,3,0,2,1,2,34,6
3315460,0,546,0,40,2,0,2,1,2,37,6
3315492,0,546,0,40,3,0,2,1,2,19,6
3315524,0,546,0,40,3,0,2,1,2,70,6
3315556,0,546,0,40,2,0,2,1,2,57,6
3315588,0,546,0,40,2,0,2,1,2,45,6
3315620,0,546,0,40,2,0,2,1,2,7,6
3315652,0,546,0,40,2,0,2,1,2,44,6
3315684,0,546,0,40,2,0,2,1,2,29,6
3315716,0,546,0,40,2,0,2,1,2,59,6
3315748,0,546,0,40,3,0,2,1,2,48,6
3315765,0,546,0,40,3,0,2,1,2,32,6
3315781,0,546,0,40,2,0,2,1,2,32,6
3315797,0,546,0,40,2,0,2,1,2,21,6
3315813,0,546,0,40,2,0,2,1,2,89,6
3315829,0,546,0,40,3,0,2,1,2,26,6
3315845,0,546,0,40,2,0,2,1,2,28,6
3315861,0,546,0,40,3,0,2,1,2,75,6
3315877,0,546,0,40,2,0,2,1,2,77,6
3315893,0,546,0,40,2,0,2,1,2,29,6
3315909,0,546,0,40,3,0,2,1,2,38,6
3315925,0,546,0,40,3,0,2,1,2,14,6
3315941,0,546,0,40,2,0,2,1,2,44,6
3315957,0,546,0,40,2,0,2,1,2,40,6
3315973,0,546,0,40,3,0,2,1,2,26,6
3315989,0,546,0,40,3,0,2,1,2,50,6
3316005,0,546,0,40,3,0,2,1,2,37,6
3316021,0,546,0,40,3,0,2,1,2,20,6
3316037,0,546,0,40,3,0,2,1,2,29,6
3316053,0,546,0,40,3,0,2,1,2,29,6
3316069,0,546,0,40,3,0,2,1,2,39,6
3316085,0,546,0,40,2,0,2,1,2,48,6
3316101,0,546,0,40,3,0,2,1,2,66,6
3316117,0,546,0,40,2,0,2,1,2,46,6
3316133,0,546,0,40,2,0,2,1,2,51,6
3316149,0,546,0,40,2,0,2,1,2,36,6
3316165,0,546,0,40,2,0,2,1,2,16,6
3316181,0,546,0,40,2,0,2,1,2,10,6
3316205,0,546,0,40,2,0,2,1,2,19,6
3316221,0,546,0,40,2,0,2,1,2,69,6
3316237,0,546,0,40,2,0,2,1,2,26,6
3316253,0,546,0,40,2,0,2,1,2,47,6
3316269,0,546,0,40,3,0,2,1,2,55,6
3316285,0,546,0,40,3,0,2,1,2,44,6
3316301,0,546,0,40,2,0,2,1,2,37,6
3316317,0,546,0,40,2,0,2,1,2,14,6
3316330,0,546,0,40,3,0,2,1,2,69,6
3316338,0,546,0,40,3,0,2,1,2,95,6
3316346,0,546,0,40,2,0,2,1,2,54,6
3316354,0,546,0,40,3,0,2,1,2,47,6
3316362,0,546,0,40,2,0,2,1,2,37,6
3316370,0,546,0,40,3,0,2,1,2,51,6
3316378,0,546,0,40,3,0,2,1,2,58,6
3316386,0,546,0,40,2,0,2,1,2,39,6
3316394,0,546,0,40,3,0,2,1,2,27,6
3316402,0,546,0,40,2,0,2,1,2,59,6
3316410,0,546,0,40,2,0,2,1,2,48,6
3316418,0,546,0,40,2,0,2,1,2,36,6
3316426,0,546,0,40,2,0,2,1,2,90,6
3316434,0,546,0,40,2,0,2,1,2,37,6
3316442,0,546,0,40,3,0,2,1,2,39,6
3316450,0,546,0,40,2,0,2,1,2,48,6
3316458,0,546,0,40,3,0,2,1,2,108,6
3316466,0,546,0,40,2,0,2,1,2,75,6
3316474,0,546,0,40,3,0,2,1,2,62,6
3316482,0,546,0,40,2,0,2,1,2,60,6
3316490,0,546,0,40,2,0,2,1,2,52,6
3316498,0,546,0,40,3,0,2,1,2,28,6
3316506,0,546,0,40,2,0,2,1,2,105,6
3316514,0,546,0,40,2,0,2,1,2,45,6
3316522,0,546,0,40,2,0,2,1,2,36,6
3316530,0,546,0,40,2,0,2,1,2,15,6
3316538,0,546,0,40,2,0,2,1,2,30,6
3316546,0,546,0,40,3,0,2,1,2,34,6
3316554,0,546,0,40,2,0,2,1,2,38,6
3316562,0,546,0,40,3,0,2,1,2,29,6
3316570,0,546,0,40,3,0,2,1,2,44,6
3316578,0,546,0,40,2,0,2,1,2,48,6
3316586,0,546,0,40,2,0,2,1,2,74,6
3316594,0,546,0,40,3,0,2,1,2,20,6
3316602,0,546,0,40,2,0,2,1,2,42,6
3316610,0,546,0,40,3,0,2,1,2,49,6
3316618,0,546,0,40,2,0,2,1,2,17,6
3316626,0,546,0,40,2,0,2,1,2,47,6
3316634,0,546,0,40,3,0,2,1,2,35,6
3316642,0,546,0,40,2,0,2,1,2,37,6
3316650,0,546,0,40,2,0,2,1,2,42,6
3316658,0,546,0,40,3,0,2,1,2,66,6
3316666,0,546,0,40,3,0,2,1,2,25,6
3316674,0,546,0,40,3,0,2,1,2,32,6
3316682,0,546,0,40,2,0,2,1,2,54,6
3316690,0,546,0,40,3,0,2,1,2,55,6
3316698,0,546,0,40,2,0,2,1,2,20,6
3316706,0,546,0,40,3,0,2,1,2,54,6
3316714,0,546,0,40,3,0,2,1,2,47,6
3316722,0,546,0,40,2,0,2,1,2,37,6
3316730,0,546,0,40,3,0,2,1,2,32,6
3316738,0,546,0,40,3,0,2,1,2,33,6
3316746,0,546,0,40,2,0,2,1,2,21,6
3316754,0,546,0,40,2,0,2,1,2,67,6
3316762,0,546,0,40,3,0,2,1,2,56,6
3316770,0,546,0,40,2,0,2,1,2,30,6
3316778,0,546,0,40,2,0,2,1,2,35,6
3316786,0,546,0,40,2,0,2,1,2,33,6
3316794,0,546,0,40,2,0,2,1,2,48,6
3316802,0,546,0,40,3,0,2,1,2,47,6
3316810,0,546,0,40,3,0,2,1,2,70,6
3316818,0,546,0,40,3,0,2,1,2,59,6
3316826,0,546,0,40,3,0,2,1,2,25,6
3316834,0,546,0,40,3,0,2,1,2,30,6
3316842,0,546,0,40,3,0,2,1,2,72,6
3316850,0,546,0,40,2,0,2,1,2,14,6
3316858,0,546,0,40,3,0,2,1,2,41,6
3316866,0,546,0,40,3,0,2,1,2,55,6
3316874,0,546,0,40,2,0,2,1,2,33,6
3316882,0,546,0,40,2,0,2,1,2,82,6
3316890,0,546,0,40,2,0,2,1,2,27,6
3316898,0,546,0,40,3,0,2,1,2,39,6
3316906,0,546,0,40,3,0,2,1,2,58,6
3316914,0,546,0,40,2,0,2,1,2,30,6
3316922,0,546,0,40,2,0,2,1,2,57,6
3316930,0,546,0,40,2,0,2,1,2,37,6
3316938,0,546,0,40,3,0,2,1,2,51,6
3316946,0,546,0,40,2,0,2,1,2,48,6
3316950,0,546,0,40,2,0,2,1,2,41,6
3316954,0,546,0,40,2,0,2,1,2,60,6
3316958,0,546,0,40,3,0,2,1,2,42,6
3316962,0,546,0,40,2,0,2,1,2,60,6
3316966,0,546,0,40,2,0,2,1,2,41,6
3316970,0,546,0,40,2,0,2,1,2,54,6
3316974,0,546,0,40,3,0,2,1,2,111,6
3316978,0,546,0,40,3,0,2,1,2,24,6
3316982,0,546,0,40,2,0,2,1,2,46,6
3316986,0,546,0,40,2,0,2,1,2,46,6
3316990,0,546,0,40,3,0,2,1,2,16,6
3316994,0,546,0,40,3,0,2,1,2,23,6
3316998,0,546,0,40,2,0,2,1,2,30,6
3317002,0,546,0,40,3,0,2,1,2,18,6
3317006,0,546,0,40,2,0,2,1,2,36,6
3317010,0,546,0,40,3,0,2,1,2,45,6
3317014,0,546,0,40,3,0,2,1,2,70,6
3317018,0,546,0,40,3,0,2,1,2,37,6
3317022,0,546,0,40,3,0,2,1,2,60,6
3317026,0,546,0,40,2,0,2,1,2,37,6
3317030,0,546,0,40,3,0,2,1,2,37,6
3317034,0,546,0,40,2,0,2,1,2,82,6
3317038,0,546,0,40,2,0,2,1,2,39,6
3317042,0,546,0,40,2,0,2,1,2,83,6
3317046,0,546,0,40,3,0,2,1,2,37,6
3317050,0,546,0,40,3,0,2,1,2,58,6
3317054,0,546,0,40,2,0,2,1,2,58,6
3317058,0,546,0,40,2,0,2,1,2,50,6
3317062,0,546,0,40,2,0,2,1,2,50,6
3317066,0,546,0,40,2,0,2,1,2,68,6
3317070,0,546,0,40,3,0,2,1,2,33,6
3317074,0,546,0,40,3,0,2,1,2,39,6
3317078,0,546,0,40,2,0,2,1,2,13,6
3317082,0,546,0,40,2,0,2,1,2,96,6
3317086,0,546,0,40,2,0,2,1,2,61,6
3317090,0,546,0,40,3,0,2,1,2,30,6
3317094,0,546,0,40,2,0,2,1,2,40,6
3317098,0,546,0,40,3,0,2,1,2,45,6
3317102,0,546,0,40,3,0,2,1,2,15,6
3317106,0,546,0,40,3,0,2,1,2,40,6
3317110,0,546,0,40,2,0,2,1,2,37,6
3317114,0,546,0,40,3,0,2,1,2,42,6
3317118,0,546,0,40,2,0,2,1,2,59,6
3317122,0,546,0,40,2,0,2,1,2,54,6
3317126,0,546,0,40,3,0,2,1,2,53,6
3317130,0,546,0,40,3,0,2,1,2,50,6
3317134,0,546,0,40,2,0,2,1,2,40,6
3317138,0,546,0,40,3,0,2,1,2,24,6
3317142,0,546,0,40,2,0,2,1,2,53,6
3317146,0,546,0,40,2,0,2,1,2,41,6
3317150,0,546,0,40,3,0,2,1,2,58,6
3317154,0,546,0,40,3,0,2,1,2,34,6
3317158,0,546,0,40,2,0,2,1,2,39,6
3317162,0,546,0,40,3,0,2,1,2,61,6
3317166,0,546,0,40,3,0,2,1,2,28,6
3317170,0,546,0,40,2,0,2,1,2,29,6
3317174,0,546,0,40,2,0,2,1,2,62,6
3317178,0,546,0,40,3,0,2,1,2,66,6
3317182,0,546,0,40,2,0,2,1,2,17,6
3317186,0,546,0,40,2,0,2,1,2,48,6
3317190,0,546,0,40,2,0,2,1,2,43,6
3317194,0,546,0,40,3,0,2,1,2,40,6
3317198,0,546,0,40,2,0,2,1,2,20,6
3317202,0,546,0,40,3,0,2,1,2,25,6
3317206,0,546,0,40,3,0,2,1,2,66,6
3317210,0,546,0,40,3,0,2,1,2,45,6
3317214,0,546,0,40,3,0,2,1,2,47,6
3317218,0,546,0,40,3,0,2,1,2,16,6
3317222,0,546,0,40,2,0,2,1,2,22,6
3317226,0,546,0,40,3,0,2,1,2,80,6
3317230,0,546,0,40,3,0,2,1,2,38,6
3317234,0,546,0,40,2,0,2,1,2,43,6
3317238,0,546,0,40,2,0,2,1,2,30,6
3317242,0,546,0,40,3,0,2,1,2,72,6
3317246,0,546,0,40,3,0,2,1,2,56,6
3317250,0,546,0,40,3,0,2,1,2,33,6
3317254,0,546,0,40,2,0,2,1,2,54,6
3317258,0,546,0,40,2,0,2,1,2,41,6
3317262,0,546,0,40,3,0,2,1,2,51,6
3317266,0,546,0,40,2,0,2,1,2,28,6
3317270,0,546,0,40,2,0,2,1,2,19,6
3317274,0,546,0,40,3,0,2,1,2,59,6
3317278,0,546,0,40,3,0,2,1,2,72,6
3317282,0,546,0,40,3,0,2,1,2,85,6
3317286,0,546,0,40,2,0,2,1,2,42,6
3317290,0,546,0,40,3,0,2,1,2,45,6
3317294,0,546,0,40,3,0,2,1,2,81,6
3317298,0,546,0,40,3,0,2,1,2,30,6
3317302,0,546,0,40,3,0,2,1,2,11,6
3317306,0,546,0,40,2,0,2,1,2,71,6
3317310,0,546,0,40,2,0,2,1,2,89,6
3317314,0,546,0,40,2,0,2,1,2,23,6
3317318,0,546,0,40,3,0,2,1,2,48,6
3317322,0,546,0,40,3,0,2,1,2,67,6
3317326,0,546,0,40,3,0,2,1,2,45,6
3317330,0,546,0,40,2,0,2,1,2,22,6
3317334,0,546,0,40,2,0,2,1,2,40,6
3317338,0,546,0,40,2,0,2,1,2,37,6
3317342,0,546,0,40,3,0,2,1,2,37,6
3317346,0,546,0,40,2,0,2,1,2,31,6
3317350,0,546,0,40,2,0,2,1,2,80,6
3317354,0,546,0,40,3,0,2,1,2,49,6
3317358,0,546,0,40,2,0,2,1,2,109,6
3317362,0,546,0,40,2,0,2,1,2,88,6
3317366,0,546,0,40,3,0,2,1,2,46,6
3317370,0,546,0,40,2,0,2,1,2,28,6
3317374,0,546,0,40,2,0,2,1,2,44,6
3317378,0,546,0,40,3,0,2,1,2,41,6
3317382,0,546,0,40,3,0,2,1,2,56,6
3317386,0,546,0,40,2,0,2,1,2,24,6
3317390,0,546,0,40,3,0,2,1,2,43,6
3317394,0,546,0,40,2,0,2,1,2,49,6
3317398,0,546,0,40,2,0,2,1,2,49,6
3317402,0,546,0,40,3,0,2,1,2,29,6
3317406,0,546,0,40,3,0,2,1,2,43,6
3317410,0,546,0,40,2,0,2,1,2,42,6
3317414,0,546,0,40,2,0,2,1,2,48,6
3317418,0,546,0,40,2,0,2,1,2,28,6
3317422,0,546,0,40,2,0,2,1,2,44,6
3317426,0,546,0,40,3,0,2,1,2,25,6
3317430,0,546,0,40,3,0,2,1,2,50,6
3317434,0,546,0,40,3,0,2,1,2,35,6
3317438,0,546,0,40,2,0,2,1,2,27,6
3317442,0,546,0,40,3,0,2,1,2,55,6
3317446,0,546,0,40,3,0,2,1,2,34,6
3317450,0,546,0,40,2,0,2,1,2,31,6
3317454,0,546,0,40,2,0,2,1,2,49,6
3317458,0,546,0,40,2,0,2,1,2,33,6
3317462,0,546,0,40,3,0,2,1,2,27,6
3317466,0,546,0,40,2,0,2,1,2,97,6
3317470,0,546,0,40,3,0,2,1,2,34,6
3317474,0,546,0,40,3,0,2,1,2,21,6
3317478,0,546,0,40,3,0,2,1,2,44,6
3317482,0,546,0,40,3,0,2,1,2,39,6
3317486,0,546,0,40,3,0,2,1,2,65,6
3317490,0,546,0,40,2,0,2,1,2,22,6
3317494,0,546,0,40,3,0,2,1,2,62,6
3317498,0,546,0,40,2,0,2,1,2,50,6
3317502,0,546,0,40,2,0,2,1,2,70,6
3317506,0,546,0,40,3,0,2,1,2,35,6
3317510,0,546,0,40,2,0,2,1,2,59,6
3317512,0,546,0,40,2,0,2,1,2,18,6
3317514,0,546,0,40,2,0,2,1,2,32,6
3317516,0,546,0,40,2,0,2,1,2,54,6
3317518,0,546,0,40,2,0,2,1,2,28,6
3317520,0,546,0,40,2,0,2,1,2,44,6
3317522,0,546,0,40,2,0,2,1,2,55,6
3317524,0,546,0,40,3,0,2,1,2,41,6
3317526,0,546,0,40,3,0,2,1,2,60,6
3317528,0,546,0,40,2,0,2,1,2,22,6
3317530,0,546,0,40,2,0,2,1,2,52,6
3317532,0,546,0,40,2,0,2,1,2,45,6
3317534,0,546,0,40,2,0,2,1,2,12,6
3317536,0,546,0,40,3,0,2,1,2,64,6
3317538,0,546,0,40,3,0,2,1,2,66,6
3317540,0,546,0,40,3,0,2,1,2,26,6
3317542,0,546,0,40,2,0,2,1,2,48,6
3317544,0,546,0,40,3,0,2,1,2,30,6
3317546,0,546,0,40,2,0,2,1,2,19,6
3317548,0,546,0,40,3,0,2,1,2,27,6
3317550,0,546,0,40,2,0,2,1,2,80,6
3317552,0,546,0,40,2,0,2,1,2,6,6
3317554,0,546,0,40,2,0,2,1,2,41,6
3317556,0,546,0,40,3,0,2,1,2,27,6
3317558,0,546,0,40,2,0,2,1,2,34,6
3317560,0,546,0,40,3,0,2,1,2,51,6
3317562,0,546,0,40,2,0,2,1,2,56,6
3317564,0,546,0,40,2,0,2,1,2,76,6
3317566,0,546,0,40,3,0,2,1,2,43,6
3317568,0,546,0,40,2,0,2,1,2,14,6
3317570,0,546,0,40,3,0,2,1,2,11,6
3317572,0,546,0,40,3,0,2,1,2,33,6
3317574,0,546,0,40,3,0,2,1,2,70,6
3317576,0,546,0,40,2,0,2,1,2,30,6
3317578,0,546,0,40,3,0,2,1,2,126,6
3317580,0,546,0,40,2,0,2,1,2,54,6
3317582,0,546,0,40,2,0,2,1,2,43,6
3317584,0,546,0,40,2,0,2,1,2,29,6
3317586,0,546,0,40,2,0,2,1,2,36,6
3317588,0,546,0,40,3,0,2,1,2,38,6
3317590,0,546,0,40,3,0,2,1,2,30,6
3317592,0,546,0,40,2,0,2,1,2,42,6
3317594,0,546,0,40,3,0,2,1,2,42,6
3317596,0,546,0,40,3,0,2,1,2,43,6
3317598,0,546,0,40,3,0,2,1,2,58,6
3317600,0,546,0,40,2,0,2,1,2,77,6
3317602,0,546,0,40,2,0,2,1,2,27,6
3317604,0,546,0,40,2,0,2,1,2,26,6
3317606,0,546,0,40,3,0,2,1,2,37,6
3317608,0,546,0,40,3,0,2,1,2,41,6
3317610,0,546,0,40,3,0,2,1,2,32,6
3317612,0,546,0,40,2,0,2,1,2,17,6
3317614,0,546,0,40,2,0,2,1,2,48,6
3317616,0,546,0,40,3,0,2,1,2,44,6
3317618,0,546,0,40,2,0,2,1,2,21,6
3317620,0,546,0,40,3,0,2,1,2,52,6
3317622,0,546,0,40,3,0,2,1,2,35,6
3317624,0,546,0,40,2,0,2,1,2,25,6
3317626,0,546,0,40,2,0,2,1,2,75,6
3317628,0,546,0,40,3,0,2,1,2,31,6
3317630,0,546,0,40,2,0,2,1,2,45,6
3317632,0,546,0,40,2,0,2,1,2,33,6
3317634,0,546,0,40,3,0,2,1,2,20,6
3317636,0,546,0,40,3,0,2,1,2,57,6
3317638,0,546,0,40,3,0,2,1,2,8,6
3317640,0,546,0,40,3,0,2,1,2,38,6
3317642,0,546,0,40,2,0,2,1,2,43,6
3317644,0,546,0,40,2,0,2,1,2,60,6
3317646,0,546,0,40,3,0,2,1,2,80,6
3317648,0,546,0,40,3,0,2,1,2,13,6
3317650,0,546,0,40,3,0,2,1,2,25,6
3317652,0,546,0,40,3,0,2,1,2,22,6
3317654,0,546,0,40,3,0,2,1,2,90,6
3317656,0,546,0,40,2,0,2,1,2,80,6
3317658,0,546,0,40,2,0,2,1,2,68,6
3317660,0,546,0,40,2,0,2,1,2,75,6
3317662,0,546,0,40,2,0,2,1,2,19,6
3317664,0,546,0,40,2,0,2,1,2,50,6
3317666,0,546,0,40,3,0,2,1,2,36,6
3317668,0,546,0,40,3,0,2,1,2,32,6
3317670,0,546,0,40,2,0,2,1,2,50,6
3317672,0,546,0,40,3,0,2,1,2,49,6
3317674,0,546,0,40,3,0,2,1,2,60,6
3317676,0,546,0,40,3,0,2,1,2,38,6
3317678,0,546,0,40,3,0,2,1,2,28,6
3317680,0,546,0,40,2,0,2,1,2,17,6
3317682,0,546,0,40,3,0,2,1,2,42,6
3317684,0,546,0,40,2,0,2,1,2,59,6
3317686,0,546,0,40,2,0,2,1,2,22,6
3317688,0,546,0,40,3,0,2,1,2,33,6
3317690,0,546,0,40,3,0,2,1,2,51,6
3317692,0,546,0,40,3,0,2,1,2,48,6
3317694,0,546,0,40,2,0,2,1,2,39,6
3317696,0,546,0,40,3,0,2,1,2,42,6
3317698,0,546,0,40,3,0,2,1,2,30,6
3317700,0,546,0,40,3,0,2,1,2,52,6
3317702,0,546,0,40,2,0,2,1,2,61,6
3317704,0,546,0,40,2,0,2,1,2,27,6
3317706,0,546,0,40,3,0,2,1,2,73,6
3317708,0,546,0,40,3,0,2,1,2,51,6
3317710,0,546,0,40,2,0,2,1,2,66,6
3317712,0,546,0,40,3,0,2,1,2,53,6
3317714,0,546,0,40,3,0,2,1,2,83,6
3317716,0,546,0,40,2,0,2,1,2,36,6
3317718,0,546,0,40,3,0,2,1,2,46,6
3317720,0,546,0,40,2,0,2,1,2,22,6
3317722,0,546,0,40,3,0,2,1,2,30,6
3317724,0,546,0,40,3,0,2,1,2,48,6
3317726,0,546,0,40,2,0,2,1,2,15,6
3317728,0,546,0,40,2,0,2,1,2,48,6
3317730,0,546,0,40,2,0,2,1,2,86,6
3317732,0,546,0,40,2,0,2,1,2,18,6
3317734,0,546,0,40,3,0,2,1,2,21,6
3317736,0,546,0,40,2,0,2,1,2,22,6
3317738,0,546,0,40,3,0,2,1,2,26,6
3317740,0,546,0,40,2,0,2,1,2,38,6
3317742,0,546,0,40,3,0,2,1,2,39,6
3317744,0,546,0,40,2,0,2,1,2,21,6
3317746,0,546,0,40,2,0,2,1,2,88,6
3317748,0,546,0,40,3,0,2,1,2,101,6
3317750,0,546,0,40,2,0,2,1,2,94,6
3317752,0,546,0,40,3,0,2,1,2,44,6
3317754,0,546,0,40,2,0,2,1,2,70,6
3317756,0,546,0,40,3,0,2,1,2,68,6
3317758,0,546,0,40,2,0,2,1,2,35,6
3317760,0,546,0,40,3,0,2,1,2,92,6
3317762,0,546,0,40,3,0,2,1,2,27,6
3317764,0,546,0,40,2,0,2,1,2,31,6
3317766,0,546,0,40,3,0,2,1,2,51,6
3317768,0,546,0,40,3,0,2,1,2,49,6
3317770,0,546,0,40,3,0,2,1,2,70,6
3317772,0,546,0,40,3,0,2,1,2,77,6
3317774,0,546,0,40,2,0,2,1,2,42,6
3317776,0,546,0,40,3,0,2,1,2,24,6
3317778,0,546,0,40,2,0,2,1,2,40,6
3317780,0,546,0,40,3,0,2,1,2,33,6
3317782,0,546,0,40,3,0,2,1,2,24,6
3317784,0,546,0,40,3,0,2,1,2,36,6
3317786,0,546,0,40,3,0,2,1,2,41,6
3317788,0,546,0,40,3,0,2,1,2,31,6
3317790,0,546,0,40,2,0,2,1,2,39,6
3317792,0,546,0,40,2,0,2,1,2,34,6
3317794,0,546,0,40,2,0,2,1,2,51,6
3317796,0,546,0,40,3,0,2,1,2,22,6
3317798,0,546,0,40,2,0,2,1,2,16,6
3317800,0,546,0,40,2,0,2,1,2,116,6
3317802,0,546,0,40,3,0,2,1,2,39,6
3317804,0,546,0,40,3,0,2,1,2,48,6
3317806,0,546,0,40,2,0,2,1,2,41,6
3317808,0,546,0,40,2,0,2,1,2,16,6
3317810,0,546,0,40,3,0,2,1,2,50,6
3317812,0,546,0,40,2,0,2,1,2,21,6
3317814,0,546,0,40,3,0,2,1,2,28,6
3317816,0,546,0,40,3,0,2,1,2,61,6
3317818,0,546,0,40,2,0,2,1,2,42,6
3317820,0,546,0,40,3,0,2,1,2,39,6
3317822,0,546,0,40,3,0,2,1,2,36,6
3317824,0,546,0,40,2,0,2,1,2,41,6
3317826,0,546,0,40,2,0,2,1,2,32,6
3317828,0,546,0,40,2,0,2,1,2,65,6
3317830,0,546,0,40,2,0,2,1,2,36,6
3317832,0,546,0,40,2,0,2,1,2,41,6
3317834,0,546,0,40,2,0,2,1,2,39,6
3317836,0,546,0,40,2,0,2,1,2,23,6
3317838,0,546,0,40,2,0,2,1,2,47,6
3317840,0,546,0,40,2,0,2,1,2,32,6
3317842,0,546,0,40,2,0,2,1,2,40,6
3317844,0,546,0,40,2,0,2,1,2,35,6
3317846,0,546,0,40,3,0,2,1,2,70,6
3317848,0,546,0,40,3,0,2,1,2,58,6
3317850,0,546,0,40,3,0,2,1,2,65,6
3317852,0,546,0,40,3,0,2,1,2,34,6
3317854,0,546,0,40,3,0,2,1,2,52,6
3317856,0,546,0,40,3,0,2,1,2,62,6
3317858,0,546,0,40,2,0,2,1,2,115,6
3317860,0,546,0,40,2,0,2,1,2,46,6
3317862,0,546,0,40,3,0,2,1,2,95,6
3317864,0,546,0,40,3,0,2,1,2,21,6
3317866,0,546,0,40,2,0,2,1,2,59,6
3317868,0,546,0,40,2,0,2,1,2,57,6
3317870,0,546,0,40,3,0,2,1,2,27,6
3317872,0,546,0,40,2,0,2,1,2,85,6
3317874,0,546,0,40,3,0,2,1,2,57,6
3317876,0,546,0,40,2,0,2,1,2,40,6
3317878,0,546,0,40,2,0,2,1,2,100,6
3317880,0,546,0,40,2,0,2,1,2,13,6
3317882,0,546,0,40,3,0,2,1,2,68,6
3317884,0,546,0,40,3,0,2,1,2,33,6
3317886,0,546,0,40,2,0,2,1,2,27,6
3317888,0,546,0,40,3,0,2,1,2,78,6
3317890,0,546,0,40,2,0,2,1,2,30,6
3317892,0,546,0,40,3,0,2,1,2,92,6
3317894,0,546,0,40,2,0,2,1,2,53,6
3317896,0,546,0,40,3,0,2,1,2,46,6
3317898,0,546,0,40,3,0,2,1,2,48,6
3317900,0,546,0,40,3,0,2,1,2,19,6
3317902,0,546,0,40,3,0,2,1,2,17,6
3317904,0,546,0,40,3,0,2,1,2,45,6
3317906,0,546,0,40,2,0,2,1,2,35,6
3317908,0,546,0,40,2,0,2,1,2,21,6
3317910,0,546,0,40,2,0,2,1,2,49,6
3317912,0,546,0,40,3,0,2,1,2,40,6
3317914,0,546,0,40,2,0,2,1,2,38,6
3317916,0,546,0,40,2,0,2,1,2,72,6
3317918,0,546,0,40,3,0,2,1,2,38,6
3317920,0,546,0,40,3,0,2,1,2,46,6
3317922,0,546,0,40,3,0,2,1,2,60,6
3317924,0,546,0,40,2,0,2,1,2,38,6
3317926,0,546,0,40,3,0,2,1,2,46,6
3317928,0,546,0,40,2,0,2,1,2,48,6
3317930,0,546,0,40,2,0,2,1,2,40,6
3317932,0,546,0,40,2,0,2,1,2,37,6
3317934,0,546,0,40,3,0,2,1,2,64,6
3317936,0,546,0,40,2,0,2,1,2,50,6
3317938,0,546,0,40,2,0,2,1,2,21,6
3317940,0,546,0,40,3,0,2,1,2,33,6
3317942,0,546,0,40,2,0,2,1,2,32,6
3317944,0,546,0,40,3,0,2,1,2,29,6
3317946,0,546,0,40,3,0,2,1,2,86,6
3317948,0,546,0,40,2,0,2,1,2,65,6
3317950,0,546,0,40,3,0,2,1,2,37,6
3317952,0,546,0,40,2,0,2,1,2,59,6
3317954,0,546,0,40,3,0,2,1,2,30,6
3317956,0,546,0,40,3,0,2,1,2,24,6
3317958,0,546,0,40,3,0,2,1,2,30,6
3317960,0,546,0,40,2,0,2,1,2,63,6
3317962,0,546,0,40,3,0,2,1,2,52,6
3317964,0,546,0,40,2,0,2,1,2,61,6
3317966,0,546,0,40,3,0,2,1,2,25,6
3317968,0,546,0,40,2,0,2,1,2,30,6
3317970,0,546,0,40,3,0,2,1,2,35,6
3317972,0,546,0,40,3,0,2,1,2,45,6
3317974,0,546,0,40,3,0,2,1,2,39,6
3317976,0,546,0,40,2,0,2,1,2,32,6
3317978,0,546,0,40,2,0,2,1,2,42,6
3317980,0,546,0,40,3,0,2,1,2,75,6
3317982,0,546,0,40,2,0,2,1,2,15,6
3317984,0,546,0,40,3,0,2,1,2,45,6
3317986,0,546,0,40,3,0,2,1,2,25,6
3317988,0,546,0,40,2,0,2,1,2,34,6
3317990,0,546,0,40,3,0,2,1,2,73,6
3317992,0,546,0,40,3,0,2,1,2,37,6
3317994,0,546,0,40,3,0,2,1,2,71,6
3317996,0,546,0,40,3,0,2,1,2,14,6
3317998,0,546,0,40,3,0,2,1,2,54,6
3318000,0,546,0,40,3,0,2,1,2,87,6
3318002,0,546,0,40,2,0,2,1,2,28,6
3318004,0,546,0,40,3,0,2,1,2,49,6
3318006,0,546,0,40,3,0,2,1,2,73,6
3318008,0,546,0,40,3,0,2,1,2,44,6
3318010,0,546,0,40,2,0,2,1,2,50,6
3318012,0,546,0,40,3,0,2,1,2,36,6
3318014,0,546,0,40,3,0,2,1,2,55,6
3318016,0,546,0,40,3,0,2,1,2,30,6
3318018,0,546,0,40,2,0,2,1,2,49,6
3318020,0,546,0,40,3,0,2,1,2,50,6
3318022,0,546,0,40,3,0,2,1,2,44,6
3318024,0,546,0,40,2,0,2,1,2,38,6
3318026,0,546,0,40,2,0,2,1,2,62,6
3318028,0,546,0,40,2,0,2,1,2,39,6
3318030,0,546,0,40,3,0,2,1,2,27,6
3318032,0,546,0,40,2,0,2,1,2,65,6
3318034,0,546,0,40,3,0,2,1,2,39,6
3318036,0,546,0,40,2,0,2,1,2,36,6
3318038,0,546,0,40,3,0,2,1,2,32,6
3318040,0,546,0,40,2,0,2,1,2,29,6
3318042,0,546,0,40,3,0,2,1,2,68,6
3318044,0,546,0,40,2,0,2,1,2,31,6
3318046,0,546,0,40,3,0,2,1,2,26,6
3318048,0,546,0,40,3,0,2,1,2,58,6
3318050,0,546,0,40,3,0,2,1,2,38,6
3318052,0,546,0,40,3,0,2,1,2,28,6
3318054,0,546,0,40,3,0,2,1,2,59,6
3318056,0,546,0,40,2,0,2,1,2,45,6
3318058,0,546,0,40,3,0,2,1,2,78,6
3318060,0,546,0,40,2,0,2,1,2,33,6
3318062,0,546,0,40,3,0,2,1,2,27,6
3318064,0,546,0,40,2,0,2,1,2,57,6
3318066,0,546,0,40,2,0,2,1,2,37,6
3318068,0,546,0,40,3,0,2,1,2,42,6
3318070,0,546,0,40,2,0,2,1,2,29,6
3318072,0,546,0,40,2,0,2,1,2,52,6
3318074,0,546,0,40,3,0,2,1,2,26,6
3266711,0,546,0,40,3,1,2,1,14,24,6
