id,inf_state,current_time,infected_time,ct_value,ct_type_method,number_of_bites,species,sex,current_age,death_day,sim_number,
3174234,0,234,0,40,3,4,2,1,107,43,6
3186149,0,234,0,40,2,5,2,1,79,128,6
3195642,0,234,0,40,2,4,2,1,53,47,6
3152356,0,234,0,40,2,10,2,1,130,76,6
3219052,0,234,0,40,3,0,2,1,43,33,6
3219447,0,234,0,40,2,0,2,1,42,32,6
3189231,0,234,0,40,2,5,2,1,76,39,6
3212667,0,234,0,40,3,1,2,1,49,70,6
3209828,1,234,187,12.6677,3,3,2,1,48,41,6
3218499,0,234,0,40,2,1,2,1,41,47,6
3215176,0,234,0,40,2,1,2,1,40,51,6
3195014,0,234,0,40,3,5,2,1,57,38,6
3201700,0,234,0,40,3,3,2,1,64,25,6
3205739,0,234,0,40,3,2,2,1,55,31,6
3184387,0,234,0,40,2,6,2,1,82,34,6
3203245,0,234,0,40,2,2,2,1,63,66,6
3218307,0,234,0,40,2,1,2,1,42,27,6
3205671,0,234,0,40,3,3,2,1,52,54,6
3194522,0,234,0,40,3,4,2,1,72,25,6
3171598,0,234,0,40,2,10,2,1,99,63,6
3206276,0,234,0,40,2,2,2,1,59,29,6
3222273,0,234,0,40,3,0,2,1,37,70,6
3222287,0,234,0,40,2,0,2,1,37,66,6
3195990,1,234,158,40,2,5,2,1,62,32,6
3177367,0,234,0,40,3,3,2,1,101,52,6
3213335,0,234,0,40,2,2,2,1,38,51,6
3214072,0,234,0,40,2,2,2,1,40,63,6
3194745,0,234,0,40,2,5,2,1,62,65,6
3190493,0,234,0,40,3,5,2,1,75,54,6
3204927,0,234,0,40,2,2,2,1,60,42,6
3200597,0,234,0,40,3,5,2,1,59,15,6
3198631,0,234,0,40,3,4,2,1,64,26,6
3217923,0,234,0,40,2,1,2,1,40,14,6
3187455,0,234,0,40,3,7,2,1,63,22,6
3215254,0,234,0,40,2,2,2,1,38,42,6
3170768,0,234,0,40,3,8,2,1,113,33,6
3194485,0,234,0,40,2,9,2,1,67,37,6
3224137,0,234,0,40,2,0,2,1,34,65,6
3220857,0,234,0,40,3,1,2,1,34,37,6
3185669,0,234,0,40,3,4,2,1,82,29,6
3194105,0,234,0,40,2,5,2,1,60,16,6
3220103,0,234,0,40,3,1,2,1,39,31,6
3223766,0,234,0,40,3,0,2,1,33,77,6
3214272,0,234,0,40,2,2,2,1,35,28,6
3203095,0,234,0,40,2,3,2,1,58,54,6
3217050,0,234,0,40,2,1,2,1,41,19,6
3208216,0,234,0,40,2,3,2,1,54,90,6
3192801,0,234,0,40,3,7,2,1,63,43,6
3165670,0,234,0,40,3,14,2,1,93,26,6
3224753,0,234,0,40,3,0,2,1,32,50,6
3197367,0,234,0,40,2,6,2,1,52,39,6
3219170,0,234,0,40,3,2,2,1,33,47,6
3186670,0,234,0,40,3,6,2,1,65,39,6
3150145,0,234,0,40,3,9,2,1,112,89,6
3190954,0,234,0,40,3,6,2,1,57,28,6
3224152,0,234,0,40,3,0,2,1,31,37,6
3225914,0,234,0,40,3,0,2,1,31,25,6
3212955,0,234,0,40,2,2,2,1,38,19,6
3218593,0,234,0,40,2,2,2,1,37,29,6
3200726,0,234,0,40,3,4,2,1,58,44,6
3201840,0,234,0,40,2,4,2,1,56,38,6
3200031,0,234,0,40,2,6,2,1,57,23,6
3171460,1,234,136,20.0112,3,10,2,1,79,35,6
3222317,0,234,0,40,2,1,2,1,33,50,6
3180836,0,234,0,40,3,7,2,1,78,83,6
3215334,0,234,0,40,2,1,2,1,43,41,6
3214763,0,234,0,40,3,2,2,1,40,49,6
3167888,0,234,0,40,2,15,2,1,93,63,6
3210478,0,234,0,40,3,2,2,1,42,25,6
3225567,0,234,0,40,3,0,2,1,30,29,6
3226547,0,234,0,40,3,0,2,1,30,34,6
3202405,0,234,0,40,3,4,2,1,57,43,6
3200338,0,234,0,40,3,4,2,1,49,36,6
3158209,0,234,0,40,3,10,2,1,118,40,6
3197172,0,234,0,40,3,4,2,1,64,19,6
3219395,0,234,0,40,2,1,2,1,38,23,6
3162896,1,234,129,31.0894,3,12,2,1,111,70,6
3206365,0,234,0,40,2,6,2,1,44,26,6
3203903,0,234,0,40,2,5,2,1,48,72,6
3205192,0,234,0,40,3,4,2,1,52,84,6
3224440,0,234,0,40,3,1,2,1,30,37,6
3195361,0,234,0,40,3,6,2,1,56,50,6
3195569,0,234,0,40,3,6,2,1,58,27,6
3221861,0,234,0,40,3,1,2,1,37,35,6
3221216,0,234,0,40,2,2,2,1,32,35,6
3149594,1,234,130,40,2,8,2,1,96,26,6
3226102,0,234,0,40,2,0,2,1,29,35,6
3226490,0,234,0,40,3,0,2,1,29,29,6
3226510,0,234,0,40,3,0,2,1,29,33,6
3227006,0,234,0,40,3,0,2,1,29,45,6
3186846,0,234,0,40,2,4,2,1,74,28,6
3180883,0,234,0,40,2,7,2,1,73,16,6
3197131,0,234,0,40,3,3,2,1,64,69,6
3219268,0,234,0,40,3,1,2,1,33,54,6
3211490,0,234,0,40,3,3,2,1,38,40,6
3199941,0,234,0,40,3,6,2,1,46,35,6
3191336,0,234,0,40,2,5,2,1,50,35,6
3210429,0,234,0,40,2,3,2,1,46,34,6
3198725,0,234,0,40,2,4,2,1,58,32,6
3187799,0,234,0,40,3,10,2,1,57,52,6
3221490,0,234,0,40,2,1,2,1,34,56,6
3221842,0,234,0,40,2,1,2,1,33,56,6
3222097,0,234,0,40,2,2,2,1,30,37,6
3219993,0,234,0,40,2,3,2,1,35,45,6
3226755,0,234,0,40,3,0,2,1,28,65,6
3227281,0,234,0,40,3,0,2,1,28,32,6
3227373,0,234,0,40,2,0,2,1,28,19,6
3227463,0,234,0,40,2,0,2,1,28,17,6
3174052,0,234,0,40,2,7,2,1,94,74,6
3210702,0,234,0,40,3,3,2,1,38,63,6
3218696,0,234,0,40,2,1,2,1,37,33,6
3190521,0,234,0,40,3,6,2,1,58,50,6
3184807,0,234,0,40,2,8,2,1,63,17,6
3216384,0,234,0,40,2,1,2,1,40,52,6
3204978,0,234,0,40,3,4,2,1,46,52,6
3170465,0,234,0,40,3,14,2,1,70,72,6
3160505,1,234,126,37.9427,3,13,2,1,92,38,6
3223152,0,234,0,40,3,1,2,1,31,55,6
3217617,0,234,0,40,2,3,2,1,34,62,6
3216113,0,234,0,40,3,2,2,1,36,56,6
3163991,0,234,0,40,2,13,2,1,122,36,6
3221015,0,234,0,40,2,3,2,1,34,67,6
3171765,0,234,0,40,2,14,2,1,81,45,6
3158154,0,234,0,40,2,9,2,1,107,33,6
3179464,0,234,0,40,2,9,2,1,80,14,6
3226484,0,234,0,40,2,0,2,1,27,17,6
3226761,0,234,0,40,3,0,2,1,27,9,6
3227600,0,234,0,40,3,0,2,1,27,79,6
3227812,0,234,0,40,2,0,2,1,27,58,6
3228012,0,234,0,40,2,0,2,1,27,45,6
3200026,0,234,0,40,3,4,2,1,48,31,6
3220167,0,234,0,40,3,1,2,1,32,26,6
3211249,0,234,0,40,2,3,2,1,38,41,6
3181261,0,234,0,40,3,7,2,1,82,37,6
3207355,0,234,0,40,3,2,2,1,55,30,6
3207487,0,234,0,40,3,3,2,1,47,68,6
3215302,0,234,0,40,2,2,2,1,32,61,6
3170649,0,234,0,40,2,12,2,1,93,68,6
3184468,0,234,0,40,3,6,2,1,79,45,6
3196804,0,234,0,40,2,5,2,1,57,35,6
3202702,0,234,0,40,3,5,2,1,47,28,6
3212794,0,234,0,40,2,2,2,1,38,88,6
3200276,0,234,0,40,2,4,2,1,53,38,6
3216611,0,234,0,40,2,2,2,1,40,29,6
3199066,0,234,0,40,2,6,2,1,47,18,6
3199460,1,234,189,27.204,3,5,2,1,60,49,6
3213200,0,234,0,40,2,3,2,1,38,45,6
3221143,0,234,0,40,2,1,2,1,35,61,6
3187143,0,234,0,40,2,8,2,1,65,18,6
3190681,0,234,0,40,3,5,2,1,71,54,6
3213272,0,234,0,40,3,4,2,1,39,22,6
3190201,1,234,153,21.3521,3,7,2,1,59,54,6
3208730,0,234,0,40,2,4,2,1,45,34,6
3190837,0,234,0,40,2,7,2,1,63,100,6
3217477,0,234,0,40,2,2,2,1,38,56,6
3191144,0,234,0,40,2,8,2,1,63,54,6
3219666,0,234,0,40,2,2,2,1,33,40,6
3224838,0,234,0,40,3,1,2,1,31,29,6
3225125,0,234,0,40,3,1,2,1,30,77,6
3194278,0,234,0,40,2,5,2,1,69,53,6
3223356,0,234,0,40,3,2,2,1,30,42,6
3182934,1,234,138,40,2,7,2,1,66,78,6
3158453,0,234,0,40,2,12,2,1,100,41,6
3221077,0,234,0,40,2,3,2,1,33,35,6
3157462,0,234,0,40,2,5,2,1,98,36,6
3227190,0,234,0,40,2,0,2,1,26,31,6
3227657,0,234,0,40,2,0,2,1,26,26,6
3227845,0,234,0,40,3,0,2,1,26,60,6
3228689,0,234,0,40,2,0,2,1,26,62,6
3228717,0,234,0,40,2,0,2,1,26,34,6
3228739,0,234,0,40,3,0,2,1,26,25,6
3194407,0,234,0,40,2,7,2,1,55,39,6
3221720,0,234,0,40,2,1,2,1,29,13,6
3195603,0,234,0,40,3,4,2,1,59,75,6
3199998,0,234,0,40,2,5,2,1,57,63,6
3217435,0,234,0,40,2,3,2,1,33,46,6
3201554,0,234,0,40,2,4,2,1,51,25,6
3157884,0,234,0,40,2,8,2,1,109,25,6
3206379,0,234,0,40,2,6,2,1,40,31,6
3222542,0,234,0,40,2,1,2,1,31,76,6
3165614,0,234,0,40,3,14,2,1,103,24,6
3206445,0,234,0,40,2,4,2,1,49,62,6
3215043,0,234,0,40,2,2,2,1,37,29,6
3199017,0,234,0,40,3,3,2,1,61,58,6
3211135,0,234,0,40,2,5,2,1,36,88,6
3201753,0,234,0,40,2,6,2,1,47,28,6
3217604,0,234,0,40,2,1,2,1,39,41,6
3203936,0,234,0,40,2,4,2,1,49,36,6
3223278,0,234,0,40,2,1,2,1,29,34,6
3222159,0,234,0,40,2,2,2,1,31,50,6
3224769,0,234,0,40,3,1,2,1,28,86,6
3202010,0,234,0,40,2,5,2,1,43,65,6
3152077,0,234,0,40,3,14,2,1,83,41,6
3215570,0,234,0,40,3,4,2,1,35,70,6
3214965,0,234,0,40,3,2,2,1,43,109,6
3190494,0,234,0,40,2,5,2,1,76,33,6
3219294,0,234,0,40,2,2,2,1,34,40,6
3223737,0,234,0,40,3,1,2,1,32,67,6
3219508,0,234,0,40,2,2,2,1,31,48,6
3224260,0,234,0,40,3,1,2,1,29,18,6
3183342,0,234,0,40,2,10,2,1,74,69,6
3226996,0,234,0,40,3,1,2,1,26,46,6
3217353,0,234,0,40,3,3,2,1,35,24,6
3220428,0,234,0,40,3,2,2,1,27,19,6
3213504,0,234,0,40,2,4,2,1,39,22,6
3206971,0,234,0,40,3,2,2,1,57,37,6
3204521,0,234,0,40,2,4,2,1,46,83,6
3156021,0,234,0,40,2,13,2,1,94,46,6
3228055,0,234,0,40,2,0,2,1,25,16,6
3228191,0,234,0,40,2,0,2,1,25,18,6
3228764,0,234,0,40,3,0,2,1,25,39,6
3228978,0,234,0,40,3,0,2,1,25,29,6
3229002,0,234,0,40,2,0,2,1,25,21,6
3229258,0,234,0,40,2,0,2,1,25,20,6
3220780,0,234,0,40,3,1,2,1,29,40,6
3150642,1,234,149,20.9787,3,9,2,1,98,29,6
3202839,0,234,0,40,3,6,2,1,39,74,6
3151405,0,234,0,40,2,7,2,1,94,104,6
3217122,0,234,0,40,3,2,2,1,33,31,6
3215061,0,234,0,40,3,2,2,1,40,37,6
3182963,0,234,0,40,2,7,2,1,65,48,6
3197657,0,234,0,40,2,4,2,1,54,89,6
3165991,0,234,0,40,3,11,2,1,110,37,6
3178254,0,234,0,40,3,8,2,1,84,64,6
3186937,0,234,0,40,2,7,2,1,56,34,6
3226475,0,234,0,40,3,1,2,1,25,85,6
3206638,0,234,0,40,2,6,2,1,50,38,6
3186550,0,234,0,40,3,10,2,1,68,26,6
3176450,0,234,0,40,2,11,2,1,84,94,6
3223447,0,234,0,40,3,2,2,1,28,52,6
3206123,0,234,0,40,3,5,2,1,40,70,6
3172418,0,234,0,40,3,10,2,1,100,49,6
3184161,0,234,0,40,2,9,2,1,70,75,6
3189643,0,234,0,40,2,5,2,1,76,45,6
3215242,0,234,0,40,2,3,2,1,39,30,6
3208927,0,234,0,40,2,6,2,1,44,38,6
3209042,0,234,0,40,2,3,2,1,47,43,6
3183782,0,234,0,40,2,6,2,1,78,9,6
3194189,0,234,0,40,2,6,2,1,50,37,6
3226535,0,234,0,40,2,1,2,1,27,47,6
3208680,0,234,0,40,2,5,2,1,43,56,6
3162560,0,234,0,40,2,5,2,1,54,26,6
3196873,0,234,0,40,3,4,2,1,60,69,6
3207782,0,234,0,40,2,4,2,1,49,33,6
3213739,0,234,0,40,3,3,2,1,35,36,6
3195017,0,234,0,40,3,7,2,1,66,38,6
3222277,0,234,0,40,2,2,2,1,28,93,6
3219567,0,234,0,40,2,3,2,1,35,52,6
3218450,0,234,0,40,2,3,2,1,37,36,6
3224761,0,234,0,40,2,1,2,1,31,68,6
3211988,0,234,0,40,2,5,2,1,43,51,6
3165653,0,234,145,35.5646,3,16,2,1,92,71,6
3178420,0,234,0,40,2,9,2,1,82,33,6
3183194,0,234,0,40,2,7,2,1,67,87,6
3206668,0,234,0,40,3,5,2,1,45,43,6
3228694,0,234,0,40,2,0,2,1,24,57,6
3229511,0,234,0,40,3,0,2,1,24,71,6
3229593,0,234,0,40,3,0,2,1,24,36,6
3208930,0,234,0,40,3,5,2,1,35,42,6
3205275,0,234,0,40,2,3,2,1,51,47,6
3203448,0,234,0,40,3,4,2,1,48,16,6
3198853,0,234,0,40,2,6,2,1,53,71,6
3194612,0,234,0,40,3,7,2,1,62,66,6
3224627,0,234,0,40,2,1,2,1,24,25,6
3212549,0,234,0,40,2,2,2,1,41,35,6
3184400,0,234,0,40,2,7,2,1,64,61,6
3192700,0,234,0,40,3,6,2,1,60,19,6
3188171,0,234,0,40,2,6,2,1,67,25,6
3191031,0,234,0,40,2,3,2,1,75,71,6
3208583,0,234,0,40,2,3,2,1,42,69,6
3175402,0,234,0,40,2,13,2,1,85,40,6
3215711,0,234,0,40,3,2,2,1,42,25,6
3170519,0,234,0,40,2,9,2,1,91,73,6
3215030,0,234,0,40,3,2,2,1,39,39,6
3203230,0,234,0,40,3,5,2,1,52,29,6
3197125,0,234,0,40,2,5,2,1,57,60,6
3220809,0,234,0,40,2,3,2,1,31,58,6
3197098,0,234,0,40,2,6,2,1,60,44,6
3224829,0,234,0,40,2,2,2,1,27,25,6
3226919,0,234,0,40,2,1,2,1,24,28,6
3227549,0,234,0,40,3,1,2,1,24,25,6
3219778,0,234,0,40,3,1,2,1,38,14,6
3154062,1,234,138,40,2,8,2,1,79,53,6
3213581,0,234,0,40,3,3,2,1,40,58,6
3226825,0,234,0,40,3,1,2,1,24,80,6
3214957,0,234,0,40,2,2,2,1,38,17,6
3215568,0,234,0,40,3,3,2,1,38,53,6
3217385,0,234,0,40,2,3,2,1,31,14,6
3190893,0,234,0,40,3,9,2,1,60,46,6
3184682,0,234,0,40,3,6,2,1,75,27,6
3221505,0,234,0,40,3,2,2,1,32,34,6
3170208,0,234,0,40,2,10,2,1,98,81,6
3174478,0,234,0,40,3,12,2,1,83,43,6
3229145,0,234,0,40,2,1,2,1,24,82,6
3228799,0,234,0,40,2,0,2,1,23,59,6
3229276,0,234,0,40,2,0,2,1,23,65,6
3229764,0,234,0,40,2,0,2,1,23,43,6
3229821,0,234,0,40,2,0,2,1,23,52,6
3229995,0,234,0,40,3,0,2,1,23,72,6
3229999,0,234,0,40,3,0,2,1,23,73,6
3230113,0,234,0,40,3,0,2,1,23,37,6
3230139,0,234,0,40,3,0,2,1,23,67,6
3230273,0,234,0,40,3,0,2,1,23,67,6
3149917,0,234,0,40,2,15,2,1,97,47,6
3216087,0,234,0,40,2,1,2,1,40,25,6
3165055,0,234,0,40,3,13,2,1,104,24,6
3197316,0,234,0,40,3,5,2,1,53,49,6
3157385,1,234,125,40,2,9,2,1,94,23,6
3195343,1,234,196,11.7911,3,6,2,1,62,81,6
3173150,1,234,129,28.3906,3,11,2,1,83,13,6
3157822,0,234,0,40,3,11,2,1,59,31,6
3190325,0,234,0,40,2,6,2,1,67,26,6
3202578,0,234,0,40,3,5,2,1,43,41,6
3208631,0,234,0,40,2,5,2,1,40,40,6
3223474,0,234,0,40,2,1,2,1,26,19,6
3224168,0,234,0,40,2,1,2,1,25,55,6
3217101,0,234,0,40,3,2,2,1,38,38,6
3213059,0,234,0,40,3,3,2,1,36,38,6
3214582,0,234,0,40,2,3,2,1,38,37,6
3194793,0,234,0,40,2,6,2,1,64,47,6
3201434,0,234,0,40,2,6,2,1,46,28,6
3160013,0,234,0,40,2,12,2,1,83,38,6
3223434,0,234,0,40,3,1,2,1,24,83,6
3161287,0,234,0,40,3,10,2,1,80,25,6
3205988,0,234,0,40,2,7,2,1,44,30,6
3225267,0,234,0,40,2,1,2,1,28,97,6
3226375,0,234,0,40,3,1,2,1,26,65,6
3203510,0,234,0,40,2,4,2,1,46,33,6
3191067,1,234,146,40,2,6,2,1,65,46,6
3227375,0,234,0,40,3,1,2,1,24,24,6
3156814,0,234,0,40,3,10,2,1,74,46,6
3227556,0,234,0,40,2,1,2,1,23,57,6
3190663,0,234,0,40,3,5,2,1,81,52,6
3152136,0,234,0,40,3,10,2,1,91,60,6
3178570,0,234,0,40,2,10,2,1,86,41,6
3179497,1,234,138,40,2,12,2,1,70,30,6
3211837,0,234,0,40,2,4,2,1,36,46,6
3208415,0,234,0,40,3,3,2,1,45,48,6
3155144,1,234,131,32.4793,3,12,2,1,90,35,6
3218126,0,234,0,40,3,3,2,1,31,37,6
3214126,0,234,0,40,3,3,2,1,36,105,6
3220321,0,234,0,40,2,2,2,1,32,44,6
3213743,0,234,0,40,2,4,2,1,39,15,6
3226799,0,234,0,40,2,1,2,1,26,45,6
3211351,0,234,0,40,2,6,2,1,37,26,6
3226917,0,234,0,40,3,1,2,1,24,41,6
3153759,1,234,130,15.6407,3,7,2,1,100,38,6
3191212,0,234,0,40,3,6,2,1,56,74,6
3225905,0,234,0,40,2,1,2,1,28,72,6
3229067,0,234,0,40,3,0,2,1,22,23,6
3229614,0,234,0,40,2,0,2,1,22,51,6
3229886,0,234,0,40,2,0,2,1,22,54,6
3229982,0,234,0,40,3,0,2,1,22,61,6
3230058,0,234,0,40,2,0,2,1,22,51,6
3230500,0,234,0,40,3,0,2,1,22,27,6
3230662,0,234,0,40,3,0,2,1,22,53,6
3230684,0,234,0,40,3,0,2,1,22,16,6
3230770,0,234,0,40,3,0,2,1,22,56,6
3230862,0,234,0,40,2,0,2,1,22,41,6
3150422,0,234,0,40,2,8,2,1,99,39,6
3185338,0,234,0,40,2,9,2,1,54,64,6
3223390,0,234,0,40,2,1,2,1,22,56,6
3149621,0,234,0,40,2,11,2,1,107,70,6
3178274,0,234,0,40,2,9,2,1,81,48,6
3201026,0,234,0,40,3,3,2,1,49,58,6
3195072,0,234,0,40,2,8,2,1,47,73,6
3222244,0,234,0,40,3,1,2,1,28,28,6
3208708,0,234,0,40,2,4,2,1,46,30,6
3199717,0,234,0,40,2,7,2,1,43,53,6
3168689,0,234,0,40,3,10,2,1,92,16,6
3220667,0,234,0,40,3,3,2,1,24,34,6
3211025,0,234,0,40,2,3,2,1,40,55,6
3215928,0,234,0,40,3,2,2,1,30,97,6
3178531,0,234,0,40,2,9,2,1,85,20,6
3182255,0,234,0,40,2,9,2,1,69,56,6
3198021,0,234,0,40,3,6,2,1,48,26,6
3181449,0,234,0,40,3,10,2,1,69,48,6
3211546,0,234,0,40,2,2,2,1,46,61,6
3197827,0,234,0,40,3,4,2,1,55,38,6
3150504,0,234,0,40,2,11,2,1,77,33,6
3223516,0,234,0,40,3,1,2,1,29,22,6
3216494,0,234,0,40,3,3,2,1,35,88,6
3225042,0,234,0,40,3,1,2,1,26,37,6
3214646,0,234,0,40,2,4,2,1,32,54,6
3216657,0,234,0,40,2,2,2,1,39,33,6
3209106,0,234,0,40,3,5,2,1,35,38,6
3154737,1,234,148,31.046,3,12,2,1,104,65,6
3223381,0,234,0,40,2,2,2,1,29,79,6
3227716,0,234,0,40,2,1,2,1,22,92,6
3185833,0,234,0,40,3,6,2,1,70,42,6
3195423,0,234,0,40,2,7,2,1,59,20,6
3212772,0,234,0,40,2,2,2,1,40,64,6
3204314,0,234,0,40,3,4,2,1,48,35,6
3210852,1,234,211,29.1179,2,5,2,1,36,19,6
3217203,0,234,0,40,2,3,2,1,28,91,6
3221249,0,234,0,40,2,3,2,1,31,28,6
3215371,0,234,0,40,3,5,2,1,36,73,6
3196900,0,234,0,40,2,7,2,1,50,31,6
3197361,0,234,0,40,2,6,2,1,56,84,6
3204348,0,234,0,40,2,5,2,1,44,11,6
3228719,0,234,0,40,2,1,2,1,22,58,6
3163365,0,234,0,40,3,10,2,1,126,62,6
3179804,0,234,0,40,3,7,2,1,90,12,6
3219961,0,234,0,40,3,1,2,1,38,18,6
3221434,0,234,0,40,2,1,2,1,34,31,6
3214931,0,234,0,40,2,5,2,1,36,61,6
3225089,0,234,0,40,3,1,2,1,29,18,6
3208115,0,234,0,40,3,4,2,1,47,54,6
3215501,0,234,0,40,3,2,2,1,42,48,6
3223108,0,234,0,40,3,2,2,1,29,35,6
3197270,0,234,0,40,3,7,2,1,52,44,6
3226777,0,234,0,40,3,1,2,1,24,81,6
3207214,0,234,0,40,2,5,2,1,40,53,6
3153722,0,234,0,40,2,10,2,1,96,57,6
3200553,0,234,0,40,3,7,2,1,53,64,6
3207497,0,234,0,40,3,3,2,1,48,61,6
3215772,0,234,0,40,2,2,2,1,40,88,6
3226603,0,234,0,40,3,1,2,1,28,20,6
3179750,0,234,0,40,3,7,2,1,86,20,6
3208855,0,234,0,40,3,6,2,1,39,10,6
3203842,0,234,0,40,3,3,2,1,53,42,6
3152214,0,234,0,40,3,11,2,1,103,40,6
3218861,0,234,0,40,2,1,2,1,38,85,6
3224526,0,234,0,40,3,1,2,1,32,65,6
3223292,0,234,0,40,3,2,2,1,32,50,6
3200470,0,234,0,40,3,6,2,1,56,35,6
3226364,0,234,0,40,2,1,2,1,25,60,6
3228266,0,234,0,40,3,0,2,1,21,53,6
3229378,0,234,0,40,2,0,2,1,21,20,6
3230164,0,234,0,40,2,0,2,1,21,34,6
3230371,0,234,0,40,2,0,2,1,21,18,6
3230475,0,234,0,40,2,0,2,1,21,63,6
3230503,0,234,0,40,2,0,2,1,21,58,6
3230579,0,234,0,40,2,0,2,1,21,16,6
3231065,0,234,0,40,2,0,2,1,21,51,6
3231097,0,234,0,40,3,0,2,1,21,29,6
3231209,0,234,0,40,3,0,2,1,21,42,6
3231233,0,234,0,40,2,0,2,1,21,32,6
3231331,0,234,0,40,3,0,2,1,21,26,6
3231347,0,234,0,40,3,0,2,1,21,36,6
3231399,0,234,0,40,2,0,2,1,21,17,6
3231415,0,234,0,40,3,0,2,1,21,104,6
3231425,0,234,0,40,3,0,2,1,21,47,6
3231461,0,234,0,40,3,0,2,1,21,75,6
3191154,0,234,0,40,2,6,2,1,62,35,6
3200587,0,234,0,40,3,5,2,1,43,59,6
3187461,0,234,0,40,2,9,2,1,59,79,6
3221802,0,234,0,40,2,1,2,1,27,23,6
3167687,0,234,0,40,3,12,2,1,82,46,6
3222339,0,234,0,40,3,2,2,1,25,60,6
3216191,0,234,0,40,2,2,2,1,32,31,6
3164459,0,234,0,40,3,14,2,1,104,58,6
3176021,0,234,0,40,2,11,2,1,78,30,6
3226378,0,234,0,40,2,1,2,1,21,26,6
3215211,0,234,0,40,3,2,2,1,37,54,6
3159596,1,234,152,26.3018,3,9,2,1,67,75,6
3210609,0,234,0,40,3,4,2,1,37,58,6
3180688,0,234,0,40,2,10,2,1,76,66,6
3220166,0,234,0,40,3,2,2,1,26,21,6
3219638,0,234,0,40,2,3,2,1,31,60,6
3222635,0,234,0,40,2,2,2,1,22,24,6
3201540,0,234,0,40,3,4,2,1,49,43,6
3222804,0,234,0,40,3,1,2,1,29,68,6
3214607,0,234,0,40,2,3,2,1,31,59,6
3195915,0,234,0,40,3,9,2,1,52,59,6
3197877,0,234,0,40,3,7,2,1,50,17,6
3149605,0,234,0,40,2,13,2,1,98,79,6
3163733,0,234,0,40,2,13,2,1,112,76,6
3207566,0,234,0,40,2,4,2,1,42,48,6
3190079,0,234,0,40,3,7,2,1,59,23,6
3199817,0,234,0,40,3,5,2,1,52,56,6
3227953,0,234,0,40,2,1,2,1,21,31,6
3186003,1,234,150,19.7758,3,8,2,1,70,91,6
3210162,0,234,0,40,3,5,2,1,40,25,6
3203367,0,234,0,40,2,6,2,1,48,38,6
3207513,0,234,0,40,3,5,2,1,42,25,6
3210549,0,234,0,40,3,3,2,1,47,64,6
3226093,0,234,0,40,3,1,2,1,26,29,6
3226840,0,234,0,40,3,1,2,1,25,57,6
3214924,0,234,0,40,3,5,2,1,34,22,6
3165723,0,234,0,40,3,14,2,1,99,59,6
3180935,1,234,133,40,2,11,2,1,68,8,6
3228072,0,234,0,40,3,1,2,1,23,39,6
3211826,0,234,0,40,2,3,2,1,36,38,6
3204072,0,234,0,40,2,6,2,1,37,66,6
3217657,0,234,0,40,3,3,2,1,35,67,6
3206702,1,234,198,39.1855,2,5,2,1,41,26,6
3207647,0,234,0,40,3,5,2,1,41,21,6
3213246,0,234,0,40,2,3,2,1,44,70,6
3193476,0,234,0,40,2,6,2,1,63,40,6
3164023,1,234,140,29.0121,3,14,2,1,104,32,6
3219544,0,234,0,40,2,3,2,1,28,21,6
3202433,0,234,0,40,3,6,2,1,47,38,6
3184538,0,234,0,40,2,8,2,1,73,50,6
3201316,0,234,0,40,3,8,2,1,50,60,6
3228299,0,234,0,40,3,1,2,1,23,93,6
3192674,0,234,0,40,3,8,2,1,49,60,6
3226046,0,234,0,40,3,2,2,1,24,21,6
3199167,0,234,0,40,3,7,2,1,51,23,6
3180740,0,234,0,40,3,9,2,1,67,102,6
3223851,0,234,0,40,3,2,2,1,28,22,6
3228080,0,234,0,40,2,1,2,1,25,42,6
3225345,0,234,0,40,2,2,2,1,27,40,6
3198096,0,234,0,40,2,8,2,1,50,143,6
3211803,0,234,0,40,2,4,2,1,41,37,6
3227479,0,234,0,40,2,2,2,1,25,36,6
3206143,0,234,0,40,2,4,2,1,59,29,6
3154961,0,234,0,40,2,16,2,1,93,24,6
3201674,0,234,0,40,3,7,2,1,47,18,6
3224281,0,234,0,40,2,2,2,1,27,57,6
3151074,0,234,0,40,3,15,2,1,90,31,6
3171686,0,234,0,40,2,13,2,1,78,49,6
3166404,0,234,0,40,3,14,2,1,91,45,6
3230112,0,234,0,40,3,0,2,1,20,68,6
3230192,0,234,0,40,2,0,2,1,20,57,6
3230597,0,234,0,40,3,0,2,1,20,30,6
3231028,0,234,0,40,2,0,2,1,20,46,6
3231112,0,234,0,40,3,0,2,1,20,33,6
3231272,0,234,0,40,3,0,2,1,20,48,6
3231340,0,234,0,40,2,0,2,1,20,50,6
3231436,0,234,0,40,3,0,2,1,20,30,6
3231687,0,234,0,40,2,0,2,1,20,39,6
3231781,0,234,0,40,2,0,2,1,20,25,6
3231949,0,234,0,40,3,0,2,1,20,45,6
3231957,0,234,0,40,2,0,2,1,20,37,6
3206456,0,234,0,40,3,4,2,1,47,54,6
3154415,0,234,0,40,3,12,2,1,82,50,6
3202616,0,234,0,40,2,6,2,1,40,82,6
3216366,0,234,0,40,3,4,2,1,25,61,6
3161301,1,234,175,40,2,17,2,1,110,47,6
3206640,0,234,0,40,3,4,2,1,39,70,6
3219257,0,234,0,40,3,2,2,1,31,20,6
3153127,0,234,0,40,3,14,2,1,100,9,6
3218865,0,234,0,40,2,2,2,1,29,33,6
3217010,0,234,0,40,3,4,2,1,25,31,6
3207341,0,234,0,40,2,3,2,1,47,51,6
3222087,0,234,0,40,3,1,2,1,31,68,6
3210413,0,234,0,40,2,4,2,1,39,82,6
3226382,0,234,0,40,3,1,2,1,22,50,6
3168955,0,234,0,40,2,11,2,1,91,17,6
3208459,0,234,0,40,2,3,2,1,46,42,6
3157782,0,234,0,40,2,11,2,1,96,36,6
3203642,0,234,0,40,3,4,2,1,46,40,6
3187493,1,234,141,40,2,10,2,1,59,32,6
3218798,0,234,0,40,3,2,2,1,36,8,6
3221316,0,234,0,40,3,2,2,1,29,10,6
3225839,0,234,0,40,2,1,2,1,24,14,6
3217317,0,234,0,40,3,4,2,1,32,92,6
3202023,0,234,0,40,3,6,2,1,49,30,6
3223504,0,234,0,40,3,2,2,1,27,32,6
3215886,0,234,0,40,3,3,2,1,37,23,6
3214403,0,234,0,40,2,3,2,1,40,60,6
3224819,0,234,0,40,3,1,2,1,26,24,6
3207548,0,234,0,40,3,2,2,1,49,24,6
3199531,0,234,0,40,3,4,2,1,56,75,6
3190543,0,234,0,40,2,6,2,1,54,55,6
3154812,0,234,0,40,3,11,2,1,86,72,6
3210259,0,234,0,40,2,4,2,1,40,30,6
3222300,0,234,0,40,3,2,2,1,25,50,6
3216084,0,234,0,40,2,3,2,1,29,23,6
3193655,0,234,0,40,2,7,2,1,55,21,6
3198352,0,234,0,40,2,4,2,1,52,41,6
3226909,0,234,0,40,3,1,2,1,20,55,6
3189442,0,234,0,40,2,6,2,1,59,32,6
3213092,0,234,0,40,3,3,2,1,40,38,6
3187191,0,234,0,40,3,8,2,1,60,54,6
3217454,0,234,0,40,2,3,2,1,32,61,6
3226233,0,234,0,40,3,1,2,1,26,42,6
3200751,0,234,0,40,2,5,2,1,48,22,6
3219477,0,234,0,40,3,3,2,1,28,78,6
3227624,0,234,0,40,3,1,2,1,23,45,6
3226869,0,234,0,40,3,1,2,1,22,43,6
3227921,0,234,0,40,3,1,2,1,22,42,6
3170586,1,234,125,40,2,13,2,1,75,46,6
3173980,0,234,0,40,3,12,2,1,78,64,6
3229733,0,234,0,40,2,1,2,1,20,41,6
3203085,0,234,0,40,3,5,2,1,49,45,6
3224759,0,234,0,40,2,1,2,1,27,68,6
3225871,0,234,0,40,3,1,2,1,27,84,6
3158548,1,234,136,40,2,8,2,1,90,32,6
3199114,0,234,0,40,3,7,2,1,52,50,6
3228902,0,234,0,40,2,1,2,1,22,26,6
3217135,0,234,0,40,2,5,2,1,30,66,6
3190071,0,234,0,40,3,7,2,1,59,16,6
3199690,0,234,0,40,3,6,2,1,54,31,6
3202710,0,234,0,40,3,4,2,1,59,75,6
3202823,0,234,0,40,3,3,2,1,55,101,6
3157634,0,234,0,40,2,10,2,1,75,14,6
3228796,0,234,0,40,3,1,2,1,23,97,6
3158236,0,234,0,40,2,13,2,1,105,36,6
3229540,0,234,0,40,2,1,2,1,21,35,6
3207960,0,234,0,40,3,5,2,1,39,16,6
3227429,0,234,0,40,3,1,2,1,27,97,6
3221666,0,234,0,40,3,2,2,1,26,17,6
3222270,0,234,0,40,3,3,2,1,29,33,6
3200066,0,234,0,40,3,5,2,1,64,35,6
3228571,0,234,0,40,3,2,2,1,25,46,6
3228526,0,234,0,40,3,1,2,1,23,59,6
3191658,0,234,0,40,3,9,2,1,62,35,6
3178679,0,234,0,40,3,8,2,1,80,52,6
3206879,0,234,0,40,3,6,2,1,43,31,6
3179025,0,234,0,40,3,8,2,1,85,65,6
3221712,0,234,0,40,2,3,2,1,29,30,6
3230825,0,234,0,40,2,0,2,1,19,52,6
3230986,0,234,0,40,3,0,2,1,19,65,6
3231130,0,234,0,40,3,0,2,1,19,44,6
3231178,0,234,0,40,3,0,2,1,19,42,6
3231370,0,234,0,40,2,0,2,1,19,14,6
3231490,0,234,0,40,3,0,2,1,19,20,6
3231502,0,234,0,40,3,0,2,1,19,50,6
3231650,0,234,0,40,2,0,2,1,19,33,6
3231810,0,234,0,40,2,0,2,1,19,30,6
3231874,0,234,0,40,2,0,2,1,19,77,6
3231902,0,234,0,40,3,0,2,1,19,30,6
3232086,0,234,0,40,3,0,2,1,19,22,6
3232096,0,234,0,40,3,0,2,1,19,46,6
3232130,0,234,0,40,3,0,2,1,19,70,6
3232134,0,234,0,40,2,0,2,1,19,31,6
3232296,0,234,0,40,3,0,2,1,19,51,6
3232346,0,234,0,40,2,0,2,1,19,13,6
3232520,0,234,0,40,3,0,2,1,19,69,6
3221846,0,234,0,40,2,2,2,1,22,16,6
3166124,0,234,0,40,2,12,2,1,101,31,6
3199206,0,234,0,40,2,5,2,1,57,28,6
3188815,0,234,0,40,2,8,2,1,58,80,6
3214736,0,234,0,40,2,4,2,1,30,29,6
3216567,0,234,0,40,2,2,2,1,28,36,6
3198910,0,234,0,40,2,5,2,1,52,58,6
3226863,0,234,0,40,3,1,2,1,19,41,6
3184331,0,234,0,40,3,7,2,1,67,45,6
3225878,0,234,0,40,3,1,2,1,23,108,6
3153832,0,234,0,40,2,13,2,1,75,43,6
3160632,0,234,0,40,3,10,2,1,84,72,6
3199293,0,234,0,40,2,5,2,1,45,49,6
3221878,0,234,0,40,2,1,2,1,28,33,6
3215055,0,234,0,40,3,4,2,1,32,63,6
3220943,0,234,0,40,3,2,2,1,25,44,6
3179748,0,234,0,40,2,8,2,1,71,66,6
3198994,0,234,0,40,2,5,2,1,62,35,6
3210322,0,234,0,40,3,4,2,1,33,20,6
3221392,0,234,0,40,2,2,2,1,27,25,6
3222642,0,234,0,40,3,2,2,1,25,30,6
3201685,0,234,0,40,3,5,2,1,41,38,6
3149934,0,234,0,40,3,13,2,1,62,37,6
3160242,0,234,0,40,3,13,2,1,63,64,6
3205250,0,234,0,40,2,3,2,1,49,32,6
3210081,0,234,0,40,2,4,2,1,41,20,6
3219264,0,234,0,40,2,4,2,1,28,19,6
3175245,0,234,0,40,2,10,2,1,81,43,6
3204073,0,234,0,40,2,5,2,1,41,25,6
3200380,0,234,0,40,2,5,2,1,60,45,6
3218129,0,234,0,40,2,2,2,1,32,79,6
3217511,0,234,0,40,2,3,2,1,32,17,6
3225184,0,234,0,40,3,1,2,1,23,34,6
3202945,0,234,0,40,3,6,2,1,41,47,6
3226161,0,234,0,40,3,2,2,1,22,30,6
3202984,0,234,0,40,3,6,2,1,33,43,6
3219851,0,234,0,40,2,3,2,1,25,48,6
3205655,0,234,0,40,3,2,2,1,53,52,6
3224354,0,234,0,40,3,2,2,1,22,32,6
3207323,0,234,0,40,3,5,2,1,42,71,6
3215927,0,234,0,40,2,3,2,1,35,36,6
3221680,0,234,0,40,2,1,2,1,32,39,6
3217603,0,234,0,40,2,2,2,1,30,65,6
3214082,0,234,0,40,2,4,2,1,32,29,6
3212068,0,234,0,40,2,3,2,1,34,39,6
3225286,0,234,0,40,3,1,2,1,26,44,6
3215100,0,234,0,40,2,4,2,1,36,47,6
3150776,0,234,0,40,3,15,2,1,100,22,6
3200340,0,234,0,40,2,3,2,1,55,36,6
3212984,0,234,0,40,2,4,2,1,26,26,6
3201575,0,234,0,40,3,8,2,1,41,28,6
3216629,0,234,0,40,2,3,2,1,32,31,6
3151917,1,234,135,40,2,12,2,1,100,29,6
3195543,0,234,0,40,2,6,2,1,56,34,6
3214868,0,234,0,40,2,3,2,1,36,86,6
3168318,0,234,0,40,3,13,2,1,101,19,6
3212715,0,234,0,40,3,3,2,1,39,25,6
3204499,0,234,0,40,3,4,2,1,52,22,6
3223109,0,234,0,40,2,1,2,1,32,89,6
3202639,0,234,0,40,3,4,2,1,55,49,6
3198717,0,234,0,40,3,5,2,1,60,25,6
3221497,0,234,0,40,2,2,2,1,32,57,6
3212081,0,234,0,40,2,2,2,1,42,69,6
3223096,0,234,0,40,2,2,2,1,27,37,6
3215170,0,234,0,40,3,4,2,1,31,52,6
3202994,0,234,0,40,3,5,2,1,40,16,6
3150083,0,234,0,40,2,12,2,1,78,17,6
3222725,0,234,0,40,2,3,2,1,29,16,6
3218049,0,234,0,40,3,2,2,1,39,45,6
3203939,0,234,0,40,2,6,2,1,41,34,6
3222882,0,234,0,40,2,2,2,1,23,89,6
3229857,0,234,0,40,3,1,2,1,19,47,6
3200063,0,234,0,40,3,4,2,1,55,14,6
3190113,0,234,0,40,2,6,2,1,74,52,6
3164545,1,234,128,32.2457,3,13,2,1,109,63,6
3183681,0,234,0,40,2,6,2,1,75,25,6
3179738,1,234,121,40,2,9,2,1,92,34,6
3206797,0,234,0,40,2,7,2,1,38,30,6
3208191,0,234,0,40,2,5,2,1,40,35,6
3178506,0,234,0,40,2,10,2,1,75,36,6
3212974,0,234,0,40,2,4,2,1,35,72,6
3220883,0,234,0,40,3,3,2,1,30,28,6
3218061,0,234,0,40,3,3,2,1,31,31,6
3152401,0,234,0,40,2,14,2,1,86,49,6
3224202,0,234,0,40,3,3,2,1,26,26,6
3210971,0,234,0,40,3,7,2,1,36,62,6
3222388,0,234,0,40,2,2,2,1,28,44,6
3160826,1,234,147,40,2,13,2,1,78,51,6
3229480,0,234,0,40,3,1,2,1,20,28,6
3162773,1,234,131,40,2,13,2,1,109,58,6
3210155,0,234,0,40,2,5,2,1,44,15,6
3216752,0,234,0,40,3,2,2,1,41,38,6
3214509,0,234,0,40,3,4,2,1,41,25,6
3179744,0,234,0,40,2,11,2,1,76,40,6
3219311,0,234,0,40,2,3,2,1,36,25,6
3228214,0,234,0,40,3,1,2,1,22,45,6
3210787,0,234,0,40,3,5,2,1,36,43,6
3209175,0,234,0,40,2,5,2,1,34,28,6
3226468,0,234,0,40,3,2,2,1,22,36,6
3158781,0,234,0,40,3,11,2,1,87,78,6
3215802,0,234,0,40,2,4,2,1,27,45,6
3218440,0,234,0,40,3,3,2,1,31,50,6
3158699,0,234,0,40,3,14,2,1,123,47,6
3213315,0,234,0,40,3,2,2,1,44,79,6
3226740,0,234,0,40,2,1,2,1,28,23,6
3227096,0,234,0,40,2,1,2,1,28,69,6
3221691,0,234,0,40,2,2,2,1,24,59,6
3220871,0,234,0,40,2,3,2,1,27,68,6
3230342,0,234,0,40,3,1,2,1,21,54,6
3193773,0,234,0,40,3,7,2,1,54,62,6
3194869,0,234,0,40,3,7,2,1,56,86,6
3217488,0,234,0,40,3,4,2,1,27,48,6
3226295,0,234,0,40,2,2,2,1,23,35,6
3231802,0,234,0,40,3,1,2,1,19,52,6
3230353,0,234,0,40,2,0,2,1,18,15,6
3230433,0,234,0,40,2,0,2,1,18,33,6
3230465,0,234,0,40,3,0,2,1,18,44,6
3231102,0,234,0,40,3,0,2,1,18,30,6
3231560,0,234,0,40,3,0,2,1,18,52,6
3231672,0,234,0,40,2,0,2,1,18,15,6
3231904,0,234,0,40,2,0,2,1,18,64,6
3231928,0,234,0,40,2,0,2,1,18,27,6
3232035,0,234,0,40,2,0,2,1,18,14,6
3232083,0,234,0,40,2,0,2,1,18,42,6
3232227,0,234,0,40,2,0,2,1,18,32,6
3232347,0,234,0,40,3,0,2,1,18,45,6
3232491,0,234,0,40,3,0,2,1,18,18,6
3232567,0,234,0,40,2,0,2,1,18,21,6
3232590,0,234,0,40,2,0,2,1,18,41,6
3232634,0,234,0,40,3,0,2,1,18,19,6
3232750,0,234,0,40,3,0,2,1,18,96,6
3232900,0,234,0,40,3,0,2,1,18,30,6
3232954,0,234,0,40,3,0,2,1,18,33,6
3232992,0,234,0,40,3,0,2,1,18,29,6
3233012,0,234,0,40,2,0,2,1,18,48,6
3233082,0,234,0,40,2,0,2,1,18,44,6
3233090,0,234,0,40,3,0,2,1,18,53,6
3222021,0,234,0,40,2,2,2,1,26,27,6
3191630,0,234,0,40,3,8,2,1,50,34,6
3151222,0,234,0,40,3,6,2,1,100,46,6
3173264,0,234,0,40,3,9,2,1,81,58,6
3208683,0,234,0,40,2,3,2,1,34,67,6
3212478,0,234,0,40,2,3,2,1,37,56,6
3191970,0,234,0,40,2,7,2,1,44,26,6
3224805,0,234,0,40,3,2,2,1,19,36,6
3178358,0,234,0,40,3,8,2,1,82,90,6
3215643,0,234,0,40,2,3,2,1,29,85,6
3223549,0,234,0,40,2,2,2,1,21,36,6
3200341,0,234,0,40,3,6,2,1,46,15,6
3227880,0,234,0,40,3,1,2,1,19,23,6
3173753,0,234,0,40,2,13,2,1,72,71,6
3209002,0,234,0,40,2,3,2,1,37,78,6
3209137,0,234,0,40,2,3,2,1,46,63,6
3222042,0,234,0,40,2,1,2,1,29,51,6
3209172,0,234,0,40,2,3,2,1,38,40,6
3222487,0,234,0,40,3,2,2,1,26,30,6
3192644,1,234,212,19.8274,3,8,2,1,50,37,6
3227439,0,234,0,40,2,1,2,1,21,82,6
3185642,0,234,0,40,3,10,2,1,58,57,6
3201827,0,234,0,40,2,5,2,1,40,55,6
3227574,0,234,0,40,2,1,2,1,19,13,6
3228467,0,234,0,40,2,1,2,1,19,62,6
3167712,1,234,204,34.5361,2,16,2,1,88,30,6
3223450,0,234,0,40,2,2,2,1,21,51,6
3224463,0,234,0,40,3,2,2,1,19,37,6
3229050,0,234,0,40,2,1,2,1,18,50,6
3218768,0,234,0,40,3,3,2,1,28,54,6
3225297,0,234,0,40,2,1,2,1,26,71,6
3211256,0,234,0,40,3,3,2,1,42,46,6
3155465,0,234,0,40,2,13,2,1,75,91,6
3211516,0,234,0,40,2,4,2,1,41,51,6
3226171,0,234,0,40,2,2,2,1,23,39,6
3227569,0,234,0,40,3,1,2,1,22,35,6
3219286,0,234,0,40,2,2,2,1,30,80,6
3217953,0,234,0,40,3,3,2,1,32,45,6
3196333,0,234,0,40,2,9,2,1,53,38,6
3183486,0,234,0,40,3,11,2,1,70,23,6
3228273,0,234,0,40,2,1,2,1,20,15,6
3186749,0,234,0,40,3,10,2,1,54,49,6
3188321,0,234,0,40,2,11,2,1,66,28,6
3183097,0,234,0,40,3,11,2,1,68,76,6
3184563,1,234,139,40,2,10,2,1,55,48,6
3164387,1,234,123,39.6965,2,12,2,1,107,28,6
3160881,0,234,0,40,3,16,2,1,121,47,6
3214110,0,234,0,40,3,2,2,1,41,57,6
3166193,0,234,0,40,2,11,2,1,108,61,6
3224786,0,234,0,40,2,1,2,1,28,44,6
3201025,0,234,0,40,2,5,2,1,48,56,6
3225559,0,234,0,40,2,1,2,1,25,51,6
3189929,0,234,0,40,2,7,2,1,59,49,6
3217272,0,234,0,40,3,3,2,1,26,51,6
3216905,0,234,0,40,2,3,2,1,35,43,6
3227587,0,234,0,40,3,1,2,1,23,76,6
3227916,0,234,0,40,3,1,2,1,22,20,6
3222668,0,234,0,40,3,3,2,1,24,40,6
3172463,0,234,0,40,3,13,2,1,85,12,6
3220319,0,234,0,40,3,3,2,1,30,43,6
3227839,0,234,0,40,2,1,2,1,20,55,6
3198954,0,234,0,40,2,5,2,1,52,33,6
3213785,0,234,0,40,3,2,2,1,38,30,6
3221232,0,234,0,40,3,3,2,1,22,27,6
3224677,0,234,0,40,3,2,2,1,20,48,6
3226368,0,234,0,40,3,2,2,1,20,66,6
3196737,0,234,0,40,3,8,2,1,51,45,6
3229111,0,234,0,40,3,1,2,1,18,51,6
3230003,0,234,0,40,2,1,2,1,18,71,6
3188277,0,234,0,40,3,6,2,1,61,55,6
3209852,0,234,0,40,2,4,2,1,45,56,6
3220584,0,234,0,40,3,2,2,1,32,33,6
3156245,0,234,0,40,2,15,2,1,95,34,6
3216144,0,234,0,40,2,3,2,1,32,46,6
3160877,1,234,146,40,2,20,2,1,112,31,6
3226822,0,234,0,40,2,1,2,1,25,75,6
3216288,0,234,0,40,2,2,2,1,39,32,6
3176151,0,234,0,40,2,10,2,1,88,64,6
3200266,0,234,0,40,2,5,2,1,57,23,6
3157194,0,234,0,40,3,9,2,1,111,22,6
3220828,0,234,0,40,3,3,2,1,26,54,6
3180944,0,234,0,40,3,9,2,1,72,75,6
3201080,0,234,0,40,3,5,2,1,55,72,6
3226027,0,234,0,40,2,2,2,1,23,33,6
3215415,0,234,0,40,2,5,2,1,31,97,6
3202197,0,234,0,40,2,4,2,1,49,21,6
3222275,0,234,0,40,2,3,2,1,27,20,6
3186901,0,234,0,40,3,4,2,1,77,32,6
3153831,0,234,0,40,2,12,2,1,93,51,6
3219726,0,234,0,40,2,4,2,1,26,50,6
3218199,0,234,0,40,2,4,2,1,26,47,6
3221275,0,234,0,40,3,2,2,1,32,36,6
3190063,0,234,0,40,3,8,2,1,65,61,6
3230282,0,234,0,40,2,1,2,1,18,46,6
3202865,0,234,0,40,3,4,2,1,57,43,6
3222698,0,234,0,40,3,1,2,1,30,71,6
3210956,0,234,0,40,3,3,2,1,48,38,6
3175584,0,234,0,40,2,10,2,1,88,29,6
3205058,0,234,0,40,2,4,2,1,40,44,6
3219469,0,234,0,40,3,2,2,1,32,20,6
3220965,0,234,0,40,2,3,2,1,33,44,6
3159016,0,234,0,40,3,8,2,1,65,77,6
3199026,0,234,0,40,2,5,2,1,52,57,6
3171685,0,234,0,40,3,11,2,1,100,29,6
3210658,0,234,0,40,3,4,2,1,36,46,6
3220511,0,234,0,40,2,2,2,1,30,83,6
3218327,0,234,0,40,3,3,2,1,30,44,6
3219562,0,234,0,40,3,3,2,1,24,56,6
3190368,0,234,0,40,2,10,2,1,63,29,6
3158793,1,234,0,40,3,10,2,1,88,55,6
3206808,0,234,0,40,2,5,2,1,43,23,6
3223908,0,234,0,40,3,2,2,1,24,46,6
3206138,0,234,0,40,2,6,2,1,35,53,6
3225866,0,234,0,40,3,3,2,1,24,29,6
3228525,0,234,0,40,2,2,2,1,22,68,6
3230776,0,234,0,40,2,1,2,1,19,46,6
3204308,0,234,0,40,3,6,2,1,44,33,6
3206887,0,234,0,40,3,6,2,1,41,50,6
3158134,0,234,0,40,2,14,2,1,106,61,6
3230915,0,234,0,40,3,1,2,1,18,59,6
3226545,0,234,0,40,2,1,2,1,28,62,6
3153468,0,234,0,40,3,10,2,1,83,58,6
3215432,0,234,0,40,3,4,2,1,36,110,6
3179801,1,234,144,38.8276,2,8,2,1,74,64,6
3197693,0,234,0,40,2,7,2,1,52,64,6
3225322,0,234,0,40,3,2,2,1,26,49,6
3228447,0,234,0,40,2,1,2,1,24,27,6
3221097,0,234,0,40,3,3,2,1,31,48,6
3189283,0,234,0,40,2,10,2,1,61,25,6
3200676,0,234,0,40,3,6,2,1,49,44,6
3196956,0,234,0,40,2,7,2,1,61,25,6
3175572,1,234,150,40,2,7,2,1,102,28,6
3214304,0,234,0,40,3,4,2,1,32,37,6
3230071,0,234,0,40,3,1,2,1,21,56,6
3225714,0,234,0,40,3,2,2,1,23,26,6
3224815,0,234,0,40,2,2,2,1,22,41,6
3230590,0,234,0,40,3,1,2,1,20,29,6
3204126,0,234,0,40,2,6,2,1,53,41,6
3224891,0,234,0,40,3,2,2,1,26,83,6
3225855,0,234,0,40,2,3,2,1,21,63,6
3186477,0,234,0,40,3,11,2,1,60,31,6
3231328,0,234,0,40,3,1,2,1,18,43,6
3200828,0,234,0,40,2,5,2,1,43,35,6
3229278,0,234,0,40,2,1,2,1,21,56,6
3230754,0,234,0,40,2,1,2,1,21,36,6
3230639,0,234,0,40,3,1,2,1,20,65,6
3218038,0,234,0,40,3,2,2,1,34,17,6
3206736,0,234,0,40,2,4,2,1,37,43,6
3156046,0,234,0,40,3,11,2,1,113,37,6
3175290,1,234,211,24.3208,3,11,2,1,84,52,6
3198351,0,234,0,40,2,7,2,1,54,76,6
3229370,0,234,0,40,2,0,2,1,17,59,6
3231884,0,234,0,40,3,0,2,1,17,19,6
3232053,0,234,0,40,2,0,2,1,17,28,6
3232221,0,234,0,40,3,0,2,1,17,35,6
3232405,0,234,0,40,2,0,2,1,17,46,6
3232681,0,234,0,40,2,0,2,1,17,17,6
3232769,0,234,0,40,3,0,2,1,17,68,6
3232949,0,234,0,40,3,0,2,1,17,48,6
3233077,0,234,0,40,3,0,2,1,17,17,6
3233093,0,234,0,40,2,0,2,1,17,49,6
3233133,0,234,0,40,3,0,2,1,17,18,6
3233199,0,234,0,40,3,0,2,1,17,60,6
3233313,0,234,0,40,2,0,2,1,17,47,6
3233355,0,234,0,40,3,0,2,1,17,18,6
3233373,0,234,0,40,2,0,2,1,17,53,6
3233529,0,234,0,40,3,0,2,1,17,14,6
3233563,0,234,0,40,3,0,2,1,17,85,6
3209970,0,234,0,40,3,4,2,1,35,65,6
3171748,0,234,0,40,2,11,2,1,83,29,6
3212146,0,234,0,40,3,4,2,1,33,31,6
3219529,0,234,0,40,3,3,2,1,27,32,6
3206256,0,234,0,40,3,3,2,1,45,20,6
3227738,0,234,0,40,3,1,2,1,18,16,6
3210565,1,234,198,23.9964,3,4,2,1,39,66,6
3218948,0,234,0,40,3,2,2,1,34,37,6
3163315,0,234,0,40,2,14,2,1,115,50,6
3223514,0,234,0,40,3,1,2,1,23,37,6
3190435,0,234,0,40,3,7,2,1,66,19,6
3156893,0,234,0,40,2,11,2,1,78,56,6
3203177,0,234,0,40,2,5,2,1,38,33,6
3215489,0,234,0,40,3,4,2,1,32,68,6
3203517,0,234,0,40,3,5,2,1,46,57,6
3218430,0,234,0,40,2,1,2,1,36,64,6
3204429,0,234,0,40,3,5,2,1,43,29,6
3225538,0,234,0,40,2,1,2,1,24,45,6
3211451,0,234,0,40,2,3,2,1,31,44,6
3198771,0,234,0,40,3,10,2,1,39,58,6
3203234,0,234,0,40,2,3,2,1,47,44,6
3198439,0,234,0,40,2,5,2,1,49,43,6
3158235,0,234,0,40,2,9,2,1,61,49,6
3206231,0,234,0,40,2,5,2,1,37,46,6
3192078,0,234,0,40,2,5,2,1,62,38,6
3153238,0,234,0,40,2,11,2,1,116,41,6
3152080,0,234,0,40,2,7,2,1,89,45,6
3169275,0,234,0,40,3,11,2,1,105,58,6
3206798,0,234,0,40,3,6,2,1,36,15,6
3226438,0,234,0,40,3,1,2,1,23,81,6
3220638,0,234,0,40,3,2,2,1,28,24,6
3174889,0,234,0,40,2,11,2,1,85,45,6
3171310,1,234,108,40,2,12,2,1,81,38,6
3214302,0,234,0,40,3,5,2,1,30,90,6
3217026,0,234,0,40,2,3,2,1,30,53,6
3225245,0,234,0,40,3,2,2,1,20,41,6
3229535,0,234,0,40,2,1,2,1,18,33,6
3195500,0,234,0,40,3,6,2,1,58,28,6
3221138,0,234,0,40,3,3,2,1,20,91,6
3220753,0,234,0,40,3,3,2,1,28,18,6
3230111,0,234,0,40,3,1,2,1,17,46,6
3217555,0,234,0,40,2,3,2,1,33,23,6
3217682,0,234,0,40,3,3,2,1,31,18,6
3174721,0,234,0,40,3,12,2,1,72,36,6
3183900,0,234,0,40,3,9,2,1,78,45,6
3219992,0,234,0,40,3,2,2,1,27,58,6
3199462,0,234,0,40,2,6,2,1,48,47,6
3205930,0,234,0,40,2,7,2,1,41,38,6
3227083,0,234,0,40,3,1,2,1,23,42,6
3227920,0,234,0,40,2,1,2,1,22,11,6
3225841,0,234,0,40,3,2,2,1,22,95,6
3196725,0,234,0,40,3,4,2,1,55,57,6
3228496,0,234,0,40,3,1,2,1,20,28,6
3197555,0,234,0,40,3,5,2,1,53,23,6
3196784,0,234,0,40,3,6,2,1,61,41,6
3175260,0,234,0,40,2,13,2,1,64,53,6
3219273,0,234,0,40,2,3,2,1,27,34,6
3218648,0,234,0,40,2,2,2,1,27,28,6
3180607,0,234,0,40,3,11,2,1,73,71,6
3162626,1,234,195,40,2,14,2,1,102,39,6
3191321,0,234,0,40,2,7,2,1,61,42,6
3204827,0,234,0,40,3,7,2,1,37,47,6
3197972,0,234,0,40,3,6,2,1,53,58,6
3204931,0,234,0,40,3,4,2,1,47,10,6
3172365,0,234,0,40,3,13,2,1,69,35,6
3193400,1,234,149,36.6453,2,8,2,1,51,31,6
3164192,0,234,0,40,3,15,2,1,98,80,6
3219981,0,234,0,40,2,3,2,1,27,34,6
3226939,0,234,0,40,2,1,2,1,24,31,6
3164667,0,234,0,40,3,12,2,1,98,56,6
3212343,0,234,0,40,2,4,2,1,38,56,6
3179022,0,234,0,40,3,8,2,1,69,61,6
3215735,0,234,0,40,3,2,2,1,40,18,6
3193075,0,234,0,40,3,7,2,1,52,83,6
3197136,0,234,0,40,2,7,2,1,50,52,6
3214760,0,234,0,40,2,4,2,1,37,27,6
3214968,0,234,0,40,3,3,2,1,38,31,6
3214519,0,234,0,40,3,4,2,1,30,45,6
3213415,0,234,0,40,3,4,2,1,33,18,6
3229488,0,234,0,40,2,1,2,1,19,16,6
3154251,1,234,131,20.1588,3,10,2,1,73,38,6
3202486,0,234,0,40,2,6,2,1,30,61,6
3214622,0,234,0,40,3,5,2,1,33,38,6
3175504,0,234,0,40,3,9,2,1,76,13,6
3210080,0,234,0,40,2,6,2,1,38,17,6
3170469,0,234,0,40,2,13,2,1,96,37,6
3230792,0,234,0,40,3,1,2,1,18,62,6
3171140,0,234,0,40,2,11,2,1,95,18,6
3198316,0,234,0,40,3,5,2,1,39,34,6
3158789,0,234,0,40,2,9,2,1,75,69,6
3211617,0,234,0,40,3,2,2,1,51,42,6
3210813,0,234,0,40,2,2,2,1,42,35,6
3152975,0,234,0,40,3,12,2,1,107,66,6
3182952,0,234,0,40,2,7,2,1,73,38,6
3203969,1,234,202,33.9352,3,4,2,1,47,47,6
3212360,0,234,0,40,3,4,2,1,30,39,6
3188621,0,234,0,40,2,8,2,1,65,39,6
3215813,0,234,0,40,2,3,2,1,34,44,6
3224283,0,234,0,40,3,2,2,1,27,52,6
3170258,1,234,145,39.7714,2,16,2,1,85,89,6
3160929,0,234,0,40,3,10,2,1,76,36,6
3227683,0,234,0,40,3,1,2,1,21,48,6
3225161,0,234,0,40,3,2,2,1,23,37,6
3213723,0,234,0,40,2,3,2,1,40,40,6
3188028,0,234,0,40,2,8,2,1,56,39,6
3186357,0,234,0,40,2,7,2,1,75,49,6
3201312,0,234,0,40,3,7,2,1,41,25,6
3206207,0,234,0,40,3,5,2,1,50,34,6
3180347,0,234,0,40,2,10,2,1,70,44,6
3216673,0,234,0,40,3,4,2,1,25,37,6
3152221,0,234,0,40,2,11,2,1,83,27,6
3156088,0,234,0,40,3,15,2,1,92,44,6
3220578,0,234,0,40,2,3,2,1,26,43,6
3221252,0,234,0,40,2,1,2,1,36,78,6
3200288,0,234,0,40,3,5,2,1,53,78,6
3179004,0,234,0,40,3,9,2,1,80,16,6
3227962,0,234,0,40,2,1,2,1,25,23,6
3184558,1,234,145,31.1884,3,10,2,1,59,37,6
3224330,0,234,0,40,3,3,2,1,25,18,6
3168772,0,234,0,40,3,11,2,1,89,20,6
3217427,0,234,0,40,2,3,2,1,32,37,6
3203249,0,234,0,40,2,6,2,1,36,34,6
3216763,0,234,0,40,3,4,2,1,29,52,6
3229654,0,234,0,40,3,1,2,1,20,28,6
3221799,0,234,0,40,3,4,2,1,28,42,6
3227396,0,234,0,40,2,2,2,1,21,33,6
3171974,0,234,0,40,3,14,2,1,72,50,6
3230843,0,234,0,40,2,1,2,1,19,108,6
3226881,0,234,0,40,2,2,2,1,20,42,6
3200556,0,234,0,40,3,9,2,1,43,46,6
3200900,0,234,0,40,2,7,2,1,46,49,6
3225073,0,234,0,40,3,2,2,1,26,16,6
3157816,1,234,121,40,2,15,2,1,80,68,6
3218174,0,234,0,40,3,2,2,1,36,39,6
3217035,0,234,0,40,2,2,2,1,42,35,6
3228566,0,234,0,40,2,1,2,1,23,46,6
3208108,0,234,0,40,3,6,2,1,44,31,6
3230462,0,234,0,40,3,1,2,1,21,17,6
3170635,0,234,0,40,2,11,2,1,104,45,6
3168155,1,234,127,40,2,17,2,1,88,43,6
3174438,0,234,0,40,3,11,2,1,83,38,6
3222226,0,234,0,40,2,2,2,1,30,67,6
3215427,0,234,0,40,3,4,2,1,33,91,6
3221462,1,234,202,20.7947,3,4,2,1,30,39,6
3191513,0,234,0,40,3,10,2,1,53,47,6
3231720,0,234,0,40,3,1,2,1,17,59,6
3225681,0,234,0,40,2,1,2,1,28,42,6
3221923,0,234,0,40,2,2,2,1,33,53,6
3181360,0,234,0,40,3,9,2,1,69,62,6
3164476,0,234,0,40,2,14,2,1,95,20,6
3231956,0,234,0,40,2,0,2,1,16,21,6
3232089,0,234,0,40,3,0,2,1,16,37,6
3232759,0,234,0,40,2,0,2,1,16,39,6
3232831,0,234,0,40,3,0,2,1,16,33,6
3232911,0,234,0,40,3,0,2,1,16,24,6
3233116,0,234,0,40,3,0,2,1,16,39,6
3233248,0,234,0,40,2,0,2,1,16,55,6
3233264,0,234,0,40,2,0,2,1,16,55,6
3233284,0,234,0,40,3,0,2,1,16,51,6
3233300,0,234,0,40,2,0,2,1,16,41,6
3233464,0,234,0,40,2,0,2,1,16,44,6
3233496,0,234,0,40,2,0,2,1,16,55,6
3233536,0,234,0,40,2,0,2,1,16,28,6
3233584,0,234,0,40,3,0,2,1,16,34,6
3233599,0,234,0,40,3,0,2,1,16,41,6
3233611,0,234,0,40,2,0,2,1,16,32,6
3233675,0,234,0,40,2,0,2,1,16,10,6
3233709,0,234,0,40,2,0,2,1,16,51,6
3233769,0,234,0,40,2,0,2,1,16,21,6
3233773,0,234,0,40,2,0,2,1,16,78,6
3233775,0,234,0,40,3,0,2,1,16,36,6
3233835,0,234,0,40,2,0,2,1,16,39,6
3233907,0,234,0,40,2,0,2,1,16,65,6
3233927,0,234,0,40,2,0,2,1,16,44,6
3233967,0,234,0,40,2,0,2,1,16,42,6
3233987,0,234,0,40,2,0,2,1,16,73,6
3234007,0,234,0,40,3,0,2,1,16,33,6
3234033,0,234,0,40,2,0,2,1,16,29,6
3234049,0,234,0,40,3,0,2,1,16,47,6
3234059,0,234,0,40,3,0,2,1,16,32,6
3234071,0,234,0,40,3,0,2,1,16,17,6
3234099,0,234,0,40,3,0,2,1,16,48,6
3234119,0,234,0,40,2,0,2,1,16,64,6
3149706,1,234,144,38.4031,3,12,2,1,64,69,6
3198564,0,234,0,40,2,6,2,1,45,11,6
3216211,0,234,0,40,2,1,2,1,36,24,6
3213961,0,234,0,40,3,3,2,1,31,13,6
3210965,0,234,0,40,2,3,2,1,33,37,6
3222754,0,234,0,40,3,1,2,1,22,30,6
3197926,0,234,0,40,3,5,2,1,47,36,6
3210765,0,234,0,40,2,3,2,1,36,52,6
3212064,0,234,0,40,3,4,2,1,32,30,6
3200696,0,234,0,40,2,6,2,1,36,38,6
3182513,0,234,0,40,2,9,2,1,61,40,6
3219296,0,234,0,40,2,2,2,1,30,55,6
3227599,0,234,0,40,3,1,2,1,19,45,6
3191326,0,234,0,40,3,7,2,1,52,55,6
3186681,0,234,0,40,3,6,2,1,62,69,6
3210283,0,234,0,40,2,4,2,1,37,21,6
3213665,0,234,0,40,2,3,2,1,34,60,6
3153473,0,234,0,40,2,15,2,1,112,39,6
3149911,0,234,0,40,2,8,2,1,82,54,6
3227419,0,234,0,40,2,1,2,1,20,67,6
3210664,0,234,0,40,3,4,2,1,35,63,6
3215218,0,234,0,40,3,3,2,1,23,70,6
3205120,0,234,0,40,2,4,2,1,42,24,6
3228209,0,234,0,40,3,1,2,1,18,29,6
3226941,0,234,0,40,3,1,2,1,17,40,6
3208376,0,234,0,40,2,5,2,1,26,27,6
3184959,1,234,145,29.1671,3,11,2,1,55,87,6
3193697,0,234,0,40,3,8,2,1,55,15,6
3229425,0,234,0,40,2,1,2,1,16,25,6
3175471,0,234,0,40,3,8,2,1,91,81,6
3211528,0,234,0,40,2,4,2,1,37,40,6
3225335,0,234,0,40,2,1,2,1,25,46,6
3183457,0,234,0,40,2,9,2,1,62,44,6
3198025,0,234,0,40,2,7,2,1,49,40,6
3213659,0,234,0,40,3,5,2,1,32,17,6
3196432,0,234,0,40,3,9,2,1,54,96,6
3205336,0,234,0,40,3,5,2,1,40,15,6
3152299,0,234,0,40,3,12,2,1,94,25,6
3191328,0,234,0,40,2,8,2,1,52,29,6
3150247,0,234,0,40,3,15,2,1,90,61,6
3174780,0,234,0,40,2,13,2,1,70,48,6
3208148,0,234,0,40,3,3,2,1,43,38,6
3202081,0,234,0,40,3,6,2,1,44,34,6
3229331,0,234,0,40,3,1,2,1,17,54,6
3229727,0,234,0,40,2,1,2,1,17,20,6
3211944,0,234,0,40,2,5,2,1,30,36,6
3173404,0,234,0,40,2,9,2,1,88,53,6
3202249,0,234,0,40,3,5,2,1,54,45,6
3188069,1,234,140,21.848,3,9,2,1,63,36,6
3155352,0,234,0,40,2,8,2,1,67,47,6
3204398,0,234,0,40,3,6,2,1,39,67,6
3181648,0,234,0,40,3,9,2,1,70,65,6
3205023,0,234,0,40,2,4,2,1,45,49,6
3188192,0,234,0,40,2,8,2,1,57,44,6
3152159,0,234,0,40,3,6,2,1,103,60,6
3194234,0,234,0,40,2,8,2,1,55,103,6
3226839,0,234,0,40,3,1,2,1,22,83,6
3216880,0,234,0,40,3,2,2,1,35,77,6
3167755,0,234,0,40,2,16,2,1,77,14,6
3163968,0,234,0,40,3,10,2,1,120,46,6
3212178,0,234,0,40,2,4,2,1,34,67,6
3215853,0,234,0,40,2,3,2,1,26,102,6
3185836,0,234,0,40,3,9,2,1,65,33,6
3226026,0,234,0,40,2,2,2,1,20,8,6
3194141,0,234,0,40,3,6,2,1,54,30,6
3229767,0,234,0,40,3,1,2,1,18,37,6
3221480,0,234,0,40,3,2,2,1,29,22,6
3153825,0,234,0,40,2,10,2,1,89,69,6
3228783,1,234,215,33.2608,2,1,2,1,17,25,6
3209676,0,234,0,40,3,3,2,1,36,36,6
3180184,1,234,167,40,2,11,2,1,68,39,6
3223338,0,234,0,40,3,3,2,1,19,56,6
3154596,0,234,0,40,3,8,2,1,77,81,6
3195223,0,234,0,40,3,8,2,1,51,50,6
3195110,0,234,0,40,3,6,2,1,60,86,6
3226039,0,234,0,40,2,1,2,1,25,55,6
3207588,0,234,0,40,2,5,2,1,35,40,6
3197204,0,234,0,40,2,7,2,1,55,18,6
3208180,0,234,0,40,2,3,2,1,48,42,6
3208488,0,234,0,40,3,5,2,1,27,36,6
3220852,0,234,0,40,2,2,2,1,31,50,6
3207347,0,234,0,40,2,5,2,1,40,47,6
3192014,0,234,0,40,2,6,2,1,58,22,6
3156025,0,234,0,40,3,15,2,1,115,36,6
3229483,0,234,0,40,3,1,2,1,19,46,6
3217872,0,234,0,40,3,3,2,1,33,25,6
3225255,0,234,0,40,2,2,2,1,23,12,6
3198147,0,234,0,40,2,7,2,1,41,84,6
3183711,0,234,0,40,2,8,2,1,69,28,6
3203567,0,234,0,40,3,6,2,1,35,45,6
3169245,0,234,0,40,2,14,2,1,70,80,6
3217934,0,234,0,40,2,3,2,1,32,78,6
3201016,0,234,0,40,2,4,2,1,50,82,6
3206417,0,234,0,40,3,7,2,1,34,21,6
3223460,0,234,0,40,2,3,2,1,21,80,6
3225086,0,234,0,40,2,3,2,1,20,40,6
3204421,0,234,0,40,3,5,2,1,51,32,6
3195969,0,234,0,40,2,8,2,1,39,34,6
3165292,0,234,0,40,3,12,2,1,107,52,6
3179201,0,234,0,40,3,7,2,1,73,41,6
3206809,0,234,0,40,3,4,2,1,42,39,6
3219018,0,234,0,40,2,3,2,1,31,51,6
3210564,0,234,0,40,3,4,2,1,33,34,6
3204670,0,234,0,40,3,5,2,1,47,43,6
3202480,0,234,0,40,2,8,2,1,45,42,6
3208643,0,234,0,40,2,6,2,1,42,65,6
3152604,0,234,0,40,2,2,2,1,37,56,6
3226901,0,234,0,40,2,1,2,1,22,35,6
3181305,0,234,0,40,3,8,2,1,76,44,6
3223261,0,234,0,40,2,3,2,1,26,46,6
3189212,0,234,0,40,2,7,2,1,67,50,6
3222937,0,234,0,40,3,3,2,1,26,23,6
3167937,1,234,137,40,2,15,2,1,83,58,6
3170352,1,234,146,40,2,12,2,1,79,42,6
3222695,0,234,0,40,3,3,2,1,28,28,6
3177990,1,234,124,40,2,13,2,1,64,41,6
3224393,0,234,0,40,2,2,2,1,20,23,6
3224116,0,234,0,40,3,3,2,1,24,61,6
3230217,0,234,0,40,3,1,2,1,19,41,6
3162261,1,234,146,39.295,3,18,2,1,92,56,6
3230472,0,234,0,40,3,1,2,1,18,58,6
3221257,0,234,0,40,3,3,2,1,26,32,6
3208910,0,234,0,40,2,4,2,1,37,48,6
3213793,0,234,0,40,2,5,2,1,29,36,6
3229745,0,234,0,40,2,2,2,1,18,25,6
3213972,0,234,0,40,2,5,2,1,37,39,6
3200399,0,234,0,40,3,5,2,1,48,5,6
3213642,0,234,0,40,3,6,2,1,25,65,6
3202158,0,234,0,40,3,6,2,1,37,60,6
3181092,1,234,125,37.9689,3,12,2,1,53,47,6
3212218,0,234,0,40,2,4,2,1,35,35,6
3216801,0,234,0,40,2,4,2,1,31,59,6
3214778,0,234,0,40,2,3,2,1,36,38,6
3228592,0,234,0,40,3,2,2,1,19,44,6
3222082,0,234,0,40,3,1,2,1,33,35,6
3184074,0,234,0,40,3,6,2,1,77,55,6
3203111,0,234,0,40,3,6,2,1,46,34,6
3214252,0,234,0,40,3,4,2,1,37,51,6
3218504,0,234,0,40,2,2,2,1,31,31,6
3225893,0,234,0,40,3,1,2,1,26,50,6
3207210,0,234,0,40,3,5,2,1,41,29,6
3196002,0,234,0,40,3,5,2,1,47,41,6
3225382,0,234,0,40,2,2,2,1,23,36,6
3225025,0,234,0,40,2,2,2,1,25,40,6
3207540,0,234,0,40,2,5,2,1,39,72,6
3179817,0,234,0,40,2,10,2,1,71,41,6
3221891,0,234,0,40,2,2,2,1,31,51,6
3179142,0,234,0,40,3,9,2,1,78,46,6
3193402,0,234,0,40,2,7,2,1,51,35,6
3167066,0,234,0,40,3,13,2,1,94,73,6
3163331,0,234,0,40,2,13,2,1,109,19,6
3213347,0,234,0,40,3,5,2,1,32,33,6
3213066,0,234,0,40,3,4,2,1,39,30,6
3203779,0,234,0,40,3,6,2,1,53,8,6
3200465,0,234,0,40,2,6,2,1,50,33,6
3216367,0,234,0,40,2,5,2,1,26,39,6
3220589,0,234,0,40,3,3,2,1,29,32,6
3226274,0,234,0,40,3,2,2,1,24,33,6
3212395,0,234,0,40,2,4,2,1,33,11,6
3196240,0,234,0,40,2,9,2,1,47,58,6
3191006,0,234,0,40,2,7,2,1,58,60,6
3223499,0,234,0,40,3,4,2,1,23,47,6
3221633,0,234,0,40,2,3,2,1,27,49,6
3203328,0,234,0,40,2,8,2,1,45,29,6
3206892,0,234,0,40,3,3,2,1,48,24,6
3214009,0,234,0,40,3,4,2,1,36,56,6
3217397,0,234,0,40,2,3,2,1,38,14,6
3226658,0,234,0,40,3,1,2,1,27,30,6
3181933,0,234,0,40,3,9,2,1,80,38,6
3161078,0,234,0,40,3,10,2,1,79,21,6
3184504,0,234,0,40,3,8,2,1,67,77,6
3229623,0,234,0,40,3,1,2,1,22,48,6
3206954,0,234,0,40,2,6,2,1,45,10,6
3177580,0,234,0,40,2,11,2,1,69,36,6
3156473,0,234,0,40,2,12,2,1,96,34,6
3230366,0,234,0,40,2,1,2,1,20,91,6
3173266,0,234,0,40,2,9,2,1,82,43,6
3217649,0,234,0,40,3,4,2,1,31,26,6
3181602,0,234,0,40,3,8,2,1,65,38,6
3222046,0,234,0,40,2,3,2,1,24,50,6
3230327,0,234,0,40,3,1,2,1,19,65,6
3195317,0,234,0,40,3,6,2,1,46,36,6
3172866,0,234,0,40,3,12,2,1,66,66,6
3203993,0,234,0,40,3,6,2,1,48,66,6
3219456,0,234,0,40,3,4,2,1,29,30,6
3175240,0,234,0,40,3,11,2,1,86,77,6
3185221,0,234,0,40,2,9,2,1,63,42,6
3223654,0,234,0,40,2,2,2,1,29,13,6
3223112,0,234,0,40,2,3,2,1,27,82,6
3201398,0,234,0,40,3,6,2,1,45,38,6
3190754,0,234,0,40,3,10,2,1,50,50,6
3195623,0,234,0,40,2,7,2,1,44,22,6
3156110,0,234,0,40,2,15,2,1,98,17,6
3232031,0,234,0,40,2,1,2,1,16,66,6
3232299,0,234,0,40,3,1,2,1,16,41,6
3213541,0,234,0,40,3,3,2,1,39,30,6
3149523,0,234,0,40,2,10,2,1,86,36,6
3182091,0,234,0,40,2,10,2,1,73,48,6
3230811,0,234,0,40,2,1,2,1,20,83,6
3229791,0,234,0,40,2,2,2,1,22,35,6
3187503,0,234,0,40,2,11,2,1,54,16,6
3214638,0,234,0,40,2,4,2,1,32,32,6
3150858,0,234,0,40,2,12,2,1,82,60,6
3193368,0,234,0,40,2,7,2,1,63,31,6
3193326,0,234,0,40,2,6,2,1,62,60,6
3194521,0,234,0,40,2,6,2,1,55,73,6
3201017,0,234,0,40,2,6,2,1,47,27,6
3223122,0,234,0,40,3,3,2,1,25,32,6
3232233,0,234,0,40,3,0,2,1,15,104,6
3232683,0,234,0,40,2,0,2,1,15,50,6
3232779,0,234,0,40,2,0,2,1,15,40,6
3232843,0,234,0,40,2,0,2,1,15,32,6
3232955,0,234,0,40,3,0,2,1,15,31,6
3233186,0,234,0,40,3,0,2,1,15,68,6
3233218,0,234,0,40,2,0,2,1,15,29,6
3233322,0,234,0,40,2,0,2,1,15,58,6
3233346,0,234,0,40,3,0,2,1,15,64,6
3233434,0,234,0,40,3,0,2,1,15,91,6
3233482,0,234,0,40,2,0,2,1,15,37,6
3233538,0,234,0,40,2,0,2,1,15,64,6
3233570,0,234,0,40,2,0,2,1,15,64,6
3233578,0,234,0,40,3,0,2,1,15,61,6
3233622,0,234,0,40,3,0,2,1,15,19,6
3233742,0,234,0,40,2,0,2,1,15,52,6
3233762,0,234,0,40,3,0,2,1,15,52,6
3233798,0,234,0,40,2,0,2,1,15,51,6
3233854,0,234,0,40,2,0,2,1,15,28,6
3233890,0,234,0,40,2,0,2,1,15,39,6
3233930,0,234,0,40,2,0,2,1,15,47,6
3234050,0,234,0,40,2,0,2,1,15,42,6
3234078,0,234,0,40,2,0,2,1,15,23,6
3234182,0,234,0,40,3,0,2,1,15,78,6
3234220,0,234,0,40,3,0,2,1,15,17,6
3234238,0,234,0,40,2,0,2,1,15,57,6
3234256,0,234,0,40,2,0,2,1,15,46,6
3234338,0,234,0,40,2,0,2,1,15,69,6
3234378,0,234,0,40,3,0,2,1,15,53,6
3234388,0,234,0,40,2,0,2,1,15,73,6
3234428,0,234,0,40,2,0,2,1,15,21,6
3234444,0,234,0,40,3,0,2,1,15,36,6
3234474,0,234,0,40,3,0,2,1,15,9,6
3234498,0,234,0,40,3,0,2,1,15,33,6
3234538,0,234,0,40,2,0,2,1,15,38,6
3234542,0,234,0,40,3,0,2,1,15,15,6
3234588,0,234,0,40,2,0,2,1,15,18,6
3216653,0,234,0,40,2,2,2,1,29,33,6
3220804,0,234,0,40,2,2,2,1,25,64,6
3220368,0,234,0,40,3,2,2,1,24,17,6
3214464,0,234,0,40,2,1,2,1,40,55,6
3208581,0,234,0,40,2,2,2,1,44,55,6
3170757,0,234,0,40,2,11,2,1,88,57,6
3218164,0,234,0,40,3,3,2,1,23,73,6
3228347,0,234,0,40,2,1,2,1,16,50,6
3185212,0,234,0,40,3,6,2,1,77,41,6
3204598,0,234,0,40,2,5,2,1,45,51,6
3212490,0,234,0,40,2,4,2,1,30,68,6
3217351,0,234,0,40,3,2,2,1,30,56,6
3214058,0,234,0,40,2,3,2,1,32,39,6
3218944,0,234,0,40,3,3,2,1,28,21,6
3210405,0,234,0,40,2,6,2,1,33,47,6
3228808,0,234,0,40,3,1,2,1,16,43,6
3215232,0,234,0,40,3,1,2,1,40,38,6
3221675,0,234,0,40,3,2,2,1,27,15,6
3213676,0,234,0,40,2,3,2,1,29,11,6
3226022,0,234,0,40,2,1,2,1,23,56,6
3195460,0,234,0,40,2,6,2,1,53,82,6
3224941,0,234,0,40,3,2,2,1,23,61,6
3197806,0,234,0,40,2,7,2,1,50,79,6
3196076,0,234,0,40,2,7,2,1,51,43,6
3214339,0,234,0,40,2,2,2,1,38,36,6
3196754,0,234,0,40,3,6,2,1,60,32,6
3196000,0,234,0,40,2,6,2,1,58,59,6
3208382,0,234,0,40,2,5,2,1,36,20,6
3222846,0,234,0,40,2,3,2,1,20,46,6
3177680,0,234,0,40,2,12,2,1,71,46,6
3215657,0,234,0,40,3,2,2,1,36,71,6
3186947,0,234,0,40,3,8,2,1,69,23,6
3204075,0,234,0,40,2,5,2,1,46,49,6
3225547,0,234,0,40,2,1,2,1,23,23,6
3211447,0,234,0,40,3,2,2,1,43,39,6
3188758,0,234,0,40,2,6,2,1,61,31,6
3158551,0,234,0,40,3,8,2,1,81,33,6
3222627,0,234,0,40,3,3,2,1,24,40,6
3210951,0,234,0,40,2,4,2,1,33,34,6
3217047,0,234,0,40,3,4,2,1,29,25,6
3228917,0,234,0,40,3,1,2,1,17,39,6
3217366,0,234,0,40,2,2,2,1,31,61,6
3228754,0,234,0,40,2,1,2,1,16,66,6
3219042,0,234,0,40,3,3,2,1,23,39,6
3194294,0,234,0,40,3,7,2,1,50,34,6
3223638,0,234,0,40,2,2,2,1,20,64,6
3226507,0,234,0,40,3,2,2,1,20,47,6
3230294,0,234,0,40,2,1,2,1,15,48,6
3208275,0,234,0,40,2,5,2,1,43,34,6
3205332,0,234,0,40,2,3,2,1,49,71,6
3164882,0,234,0,40,2,13,2,1,102,84,6
3214417,0,234,0,40,3,4,2,1,36,46,6
3205578,0,234,0,40,2,4,2,1,45,25,6
3218575,0,234,0,40,3,3,2,1,31,36,6
3220656,0,234,0,40,2,2,2,1,26,53,6
3215115,0,234,0,40,3,3,2,1,32,75,6
3226767,0,234,0,40,3,1,2,1,22,32,6
3214398,0,234,0,40,2,2,2,1,36,19,6
3210481,0,234,0,40,3,5,2,1,34,53,6
3202771,0,234,0,40,2,6,2,1,32,42,6
3229038,0,234,0,40,3,1,2,1,19,57,6
3149943,0,234,0,40,3,11,2,1,67,49,6
3224936,0,234,0,40,2,2,2,1,19,56,6
3217534,0,234,0,40,3,3,2,1,29,36,6
3213111,1,234,208,11.1344,3,4,2,1,33,36,6
3209775,0,234,0,40,3,3,2,1,36,38,6
3212729,0,234,0,40,2,4,2,1,35,72,6
3151033,0,234,0,40,2,11,2,1,68,34,6
3220235,0,234,0,40,2,2,2,1,27,36,6
3221621,0,234,0,40,3,3,2,1,24,13,6
3220534,0,234,0,40,2,2,2,1,26,39,6
3194125,0,234,0,40,3,6,2,1,43,23,6
3224068,0,234,0,40,2,3,2,1,22,15,6
3216206,0,234,0,40,2,5,2,1,23,30,6
3152726,0,234,0,40,2,10,2,1,96,16,6
3231185,0,234,0,40,3,1,2,1,15,46,6
3214362,0,234,0,40,3,3,2,1,37,40,6
3180239,0,234,0,40,3,6,2,1,88,55,6
3200458,0,234,0,40,3,4,2,1,47,34,6
3222030,0,234,0,40,3,1,2,1,26,86,6
3183320,0,234,0,40,3,9,2,1,62,38,6
3150255,0,234,0,40,2,14,2,1,108,60,6
3225697,0,234,0,40,2,1,2,1,23,11,6
3191490,0,234,0,40,3,6,2,1,62,50,6
3222158,1,234,205,38.5833,2,2,2,1,26,50,6
3189270,0,234,0,40,2,5,2,1,81,57,6
3212073,0,234,0,40,2,5,2,1,41,43,6
3205681,0,234,0,40,3,5,2,1,38,51,6
3211943,0,234,0,40,3,4,2,1,35,55,6
3218136,0,234,0,40,3,3,2,1,30,108,6
3228700,0,234,0,40,3,1,2,1,20,79,6
3223176,0,234,0,40,3,2,2,1,23,76,6
3186623,1,234,166,30.8215,3,9,2,1,50,35,6
3167062,0,234,0,40,3,16,2,1,91,47,6
3193580,0,234,0,40,3,6,2,1,56,47,6
3213669,0,234,0,40,3,4,2,1,30,35,6
3230207,0,234,0,40,3,1,2,1,18,71,6
3153115,0,234,0,40,3,11,2,1,75,35,6
3160215,0,234,0,40,3,13,2,1,94,33,6
3213519,0,234,0,40,2,3,2,1,37,98,6
3210877,0,234,0,40,3,3,2,1,39,40,6
3171634,1,234,130,40,2,12,2,1,81,63,6
3230188,0,234,0,40,3,1,2,1,16,15,6
3231341,0,234,0,40,2,1,2,1,16,33,6
3220082,0,234,0,40,2,3,2,1,19,14,6
3219802,0,234,0,40,2,3,2,1,26,36,6
3171971,0,234,0,40,3,10,2,1,79,12,6
3213145,0,234,0,40,3,4,2,1,31,44,6
3225524,0,234,0,40,3,3,2,1,19,26,6
3231312,0,234,0,40,2,1,2,1,15,69,6
3193101,0,234,0,40,2,4,2,1,61,48,6
3216835,0,234,0,40,3,2,2,1,36,55,6
3214296,0,234,0,40,2,3,2,1,38,64,6
3191991,0,234,0,40,2,5,2,1,71,16,6
3208950,0,234,0,40,3,3,2,1,39,88,6
3211114,0,234,0,40,3,3,2,1,45,42,6
3208213,0,234,0,40,2,6,2,1,42,25,6
3220613,0,234,0,40,3,3,2,1,29,34,6
3158500,0,234,0,40,3,11,2,1,69,44,6
3215925,0,234,0,40,2,4,2,1,34,32,6
3173137,0,234,0,40,3,10,2,1,84,92,6
3217675,0,234,0,40,3,4,2,1,33,22,6
3220009,0,234,0,40,2,3,2,1,29,80,6
3152170,0,234,0,40,3,22,2,1,145,53,6
3222540,0,234,0,40,3,2,2,1,26,43,6
3225155,0,234,0,40,3,2,2,1,25,20,6
3208812,0,234,0,40,2,3,2,1,43,31,6
3229974,0,234,0,40,2,1,2,1,18,40,6
3151073,0,234,0,40,2,14,2,1,69,97,6
3217167,0,234,0,40,3,4,2,1,24,42,6
3225310,0,234,0,40,3,2,2,1,19,63,6
3174401,0,234,0,40,2,13,2,1,78,16,6
3230997,0,234,0,40,3,1,2,1,17,63,6
3205840,0,234,0,40,2,5,2,1,39,39,6
3205984,0,234,0,40,3,5,2,1,45,60,6
3203430,0,234,0,40,2,4,2,1,43,80,6
3195820,0,234,0,40,3,8,2,1,45,59,6
3207667,0,234,0,40,2,6,2,1,32,16,6
3209565,0,234,0,40,3,5,2,1,33,49,6
3169311,0,234,0,40,2,15,2,1,95,43,6
3215907,0,234,0,40,2,5,2,1,30,11,6
3227559,0,234,0,40,3,3,2,1,19,35,6
3231834,0,234,0,40,2,1,2,1,15,61,6
3218799,0,234,0,40,2,1,2,1,39,47,6
3205215,0,234,0,40,3,4,2,1,50,44,6
3220420,0,234,0,40,2,2,2,1,32,39,6
3169973,0,234,0,40,3,12,2,1,96,19,6
3225408,0,234,0,40,3,1,2,1,26,36,6
3204098,0,234,0,40,3,5,2,1,40,49,6
3215531,0,234,0,40,3,3,2,1,34,36,6
3190533,0,234,0,40,2,8,2,1,57,38,6
3217254,0,234,0,40,2,3,2,1,33,51,6
3217359,0,234,0,40,2,3,2,1,32,27,6
3200851,0,234,0,40,3,6,2,1,56,59,6
3221118,0,234,0,40,2,3,2,1,26,41,6
3191448,0,234,0,40,2,6,2,1,69,56,6
3195729,0,234,0,40,2,6,2,1,57,30,6
3181087,1,234,213,26.4132,3,11,2,1,69,33,6
3207144,0,234,0,40,3,5,2,1,44,88,6
3219111,0,234,0,40,3,3,2,1,28,41,6
3225554,0,234,0,40,3,2,2,1,27,60,6
3210037,0,234,0,40,3,5,2,1,36,46,6
3189782,0,234,0,40,2,9,2,1,57,58,6
3169313,0,234,0,40,3,13,2,1,90,90,6
3221235,0,234,0,40,2,3,2,1,26,55,6
3166098,0,234,0,40,2,13,2,1,92,48,6
3225183,0,234,0,40,2,2,2,1,26,53,6
3217463,0,234,0,40,2,3,2,1,35,71,6
3200864,0,234,0,40,3,7,2,1,53,10,6
3194531,1,234,175,40,2,10,2,1,55,45,6
3197723,0,234,0,40,2,4,2,1,57,23,6
3229658,0,234,0,40,2,1,2,1,16,48,6
3230232,0,234,0,40,2,1,2,1,16,35,6
3181784,0,234,0,40,3,7,2,1,80,31,6
3204333,0,234,0,40,3,5,2,1,47,81,6
3178256,0,234,0,40,2,11,2,1,65,36,6
3197518,0,234,0,40,3,8,2,1,45,15,6
3222393,0,234,0,40,2,4,2,1,23,56,6
3231768,0,234,0,40,2,1,2,1,15,52,6
3232848,0,234,0,40,3,1,2,1,15,17,6
3167814,0,234,0,40,3,11,2,1,105,25,6
3217797,0,234,0,40,2,2,2,1,38,56,6
3213487,0,234,0,40,2,3,2,1,33,45,6
3153226,0,234,0,40,3,10,2,1,85,36,6
3201011,1,234,207,20.8244,3,6,2,1,56,24,6
3226801,0,234,0,40,3,1,2,1,25,45,6
3174960,0,234,0,40,3,10,2,1,91,41,6
3208697,0,234,0,40,2,4,2,1,45,79,6
3185653,0,234,0,40,3,8,2,1,71,14,6
3177927,0,234,0,40,2,11,2,1,83,55,6
3185724,0,234,0,40,3,9,2,1,69,44,6
3230764,0,234,0,40,2,1,2,1,20,51,6
3220561,0,234,0,40,3,2,2,1,34,20,6
3228424,0,234,0,40,2,2,2,1,20,43,6
3209339,0,234,0,40,3,6,2,1,41,67,6
3218871,0,234,0,40,2,5,2,1,23,87,6
3197967,0,234,0,40,3,6,2,1,41,57,6
3211863,0,234,0,40,3,3,2,1,45,42,6
3218479,0,234,0,40,3,3,2,1,27,32,6
3191720,0,234,0,40,3,9,2,1,60,50,6
3224630,0,234,0,40,3,2,2,1,27,43,6
3228231,0,234,0,40,3,2,2,1,20,43,6
3200202,0,234,0,40,2,6,2,1,49,40,6
3231106,0,234,0,40,2,1,2,1,17,34,6
3206281,0,234,0,40,2,5,2,1,50,27,6
3199846,0,234,0,40,3,8,2,1,42,30,6
3218779,0,234,0,40,2,4,2,1,22,25,6
3152131,0,234,0,40,2,11,2,1,70,47,6
3194432,0,234,0,40,3,9,2,1,60,43,6
3229985,0,234,0,40,3,2,2,1,19,16,6
3207031,0,234,0,40,2,4,2,1,53,41,6
3216655,0,234,0,40,2,2,2,1,42,94,6
3206912,0,234,0,40,2,5,2,1,41,66,6
3211960,0,234,0,40,2,3,2,1,43,57,6
3215182,0,234,0,40,3,2,2,1,36,22,6
3230186,0,234,0,40,2,1,2,1,21,59,6
3223209,0,234,0,40,3,3,2,1,29,41,6
3196817,0,234,0,40,3,7,2,1,54,35,6
3230789,0,234,0,40,3,1,2,1,19,29,6
3194896,0,234,0,40,2,8,2,1,54,41,6
3173277,0,234,0,40,3,13,2,1,76,21,6
3179165,0,234,0,40,2,10,2,1,75,49,6
3216491,0,234,0,40,2,4,2,1,34,90,6
3192478,1,234,151,37.6162,2,10,2,1,57,33,6
3166192,0,234,0,40,3,16,2,1,82,44,6
3185246,1,234,133,40,2,13,2,1,56,26,6
3165475,0,234,0,40,2,15,2,1,99,60,6
3224372,0,234,0,40,2,3,2,1,23,89,6
3217241,0,234,0,40,3,5,2,1,26,39,6
3226785,0,234,0,40,2,1,2,1,27,24,6
3165853,1,234,149,37.3213,2,16,2,1,101,30,6
3230798,0,234,0,40,3,2,2,1,16,52,6
3231532,0,234,0,40,3,0,2,1,14,38,6
3232345,0,234,0,40,2,0,2,1,14,43,6
3232707,0,234,0,40,2,0,2,1,14,28,6
3233118,0,234,0,40,3,0,2,1,14,71,6
3233350,0,234,0,40,2,0,2,1,14,23,6
3233462,0,234,0,40,2,0,2,1,14,25,6
3233604,0,234,0,40,3,0,2,1,14,53,6
3233660,0,234,0,40,3,0,2,1,14,57,6
3233772,0,234,0,40,3,0,2,1,14,50,6
3233788,0,234,0,40,2,0,2,1,14,52,6
3233844,0,234,0,40,2,0,2,1,14,55,6
3233956,0,234,0,40,2,0,2,1,14,51,6
3234137,0,234,0,40,2,0,2,1,14,53,6
3234201,0,234,0,40,2,0,2,1,14,34,6
3234217,0,234,0,40,3,0,2,1,14,20,6
3234265,0,234,0,40,2,0,2,1,14,23,6
3234281,0,234,0,40,2,0,2,1,14,39,6
3234349,0,234,0,40,3,0,2,1,14,35,6
3234357,0,234,0,40,3,0,2,1,14,40,6
3234385,0,234,0,40,2,0,2,1,14,95,6
3234525,0,234,0,40,3,0,2,1,14,22,6
3234557,0,234,0,40,2,0,2,1,14,21,6
3234601,0,234,0,40,3,0,2,1,14,21,6
3234672,0,234,0,40,2,0,2,1,14,69,6
3234690,0,234,0,40,2,0,2,1,14,75,6
3234700,0,234,0,40,3,0,2,1,14,34,6
3234726,0,234,0,40,2,0,2,1,14,38,6
3234754,0,234,0,40,2,0,2,1,14,70,6
3234772,0,234,0,40,2,0,2,1,14,36,6
3234818,0,234,0,40,2,0,2,1,14,48,6
3234832,0,234,0,40,2,0,2,1,14,69,6
3234860,0,234,0,40,2,0,2,1,14,18,6
3234866,0,234,0,40,3,0,2,1,14,37,6
3234916,0,234,0,40,3,0,2,1,14,88,6
3234938,0,234,0,40,3,0,2,1,14,51,6
3234950,0,234,0,40,3,0,2,1,14,43,6
3235014,0,234,0,40,2,0,2,1,14,25,6
3235042,0,234,0,40,2,0,2,1,14,43,6
3235064,0,234,0,40,2,0,2,1,14,78,6
3235102,0,234,0,40,3,0,2,1,14,26,6
3235118,0,234,0,40,2,0,2,1,14,64,6
3235122,0,234,0,40,2,0,2,1,14,63,6
3235138,0,234,0,40,3,0,2,1,14,66,6
3223049,0,234,0,40,3,1,2,1,22,58,6
3221836,0,234,0,40,3,2,2,1,20,69,6
3206238,0,234,0,40,3,5,2,1,31,23,6
3214103,0,234,0,40,3,2,2,1,36,49,6
3172241,0,234,0,40,3,14,2,1,74,82,6
3227800,0,234,0,40,3,1,2,1,15,33,6
3220123,0,234,0,40,2,3,2,1,24,38,6
3225673,0,234,0,40,3,1,2,1,15,39,6
3194265,0,234,0,40,2,8,2,1,45,30,6
3195395,0,234,0,40,2,6,2,1,55,45,6
3214231,0,234,0,40,3,3,2,1,29,62,6
3207600,0,234,0,40,3,4,2,1,42,44,6
3215438,0,234,0,40,3,3,2,1,30,53,6
3211475,0,234,0,40,3,2,2,1,40,51,6
3196204,0,234,0,40,3,7,2,1,53,67,6
3178479,0,234,0,40,3,9,2,1,73,48,6
3213060,0,234,0,40,3,4,2,1,31,27,6
3221890,0,234,0,40,3,2,2,1,25,37,6
3173645,0,234,0,40,3,14,2,1,73,73,6
3222449,0,234,0,40,2,3,2,1,20,73,6
3228199,0,234,0,40,3,1,2,1,16,43,6
3214750,0,234,0,40,3,3,2,1,28,67,6
3209440,0,234,0,40,2,6,2,1,32,61,6
3214540,0,234,0,40,2,4,2,1,26,65,6
3220356,0,234,0,40,3,3,2,1,25,43,6
3222825,0,234,0,40,3,1,2,1,28,63,6
3201986,0,234,0,40,2,6,2,1,39,21,6
3203624,0,234,0,40,2,4,2,1,43,76,6
3201991,0,234,0,40,3,4,2,1,52,61,6
3151971,0,234,0,40,3,10,2,1,94,45,6
3205248,0,234,0,40,3,4,2,1,47,53,6
3192057,0,234,0,40,2,6,2,1,66,49,6
3227735,0,234,0,40,3,1,2,1,17,35,6
3224408,0,234,0,40,3,2,2,1,17,81,6
3189048,0,234,0,40,2,8,2,1,58,29,6
3225861,0,234,0,40,2,2,2,1,18,54,6
3191312,0,234,0,40,3,8,2,1,42,30,6
3204006,0,234,0,40,3,7,2,1,45,74,6
3204707,0,234,0,40,3,4,2,1,36,73,6
3207507,0,234,0,40,2,5,2,1,42,71,6
3224813,0,234,0,40,2,2,2,1,22,62,6
3218452,0,234,0,40,3,1,2,1,35,17,6
3218288,0,234,0,40,3,1,2,1,33,41,6
3177103,0,234,0,40,2,7,2,1,80,18,6
3180032,0,234,0,40,3,10,2,1,64,51,6
3211684,0,234,0,40,3,2,2,1,44,50,6
3227219,0,234,0,40,3,1,2,1,21,56,6
3227040,0,234,0,40,3,2,2,1,20,46,6
3219226,0,234,0,40,3,3,2,1,26,41,6
3227451,0,234,0,40,2,2,2,1,19,49,6
3228906,0,234,0,40,3,1,2,1,18,37,6
3210955,0,234,0,40,3,5,2,1,31,25,6
3219625,0,234,0,40,3,4,2,1,25,45,6
3161985,0,234,0,40,2,9,2,1,64,57,6
3223233,0,234,0,40,2,3,2,1,24,66,6
3208781,1,234,179,31.7113,3,6,2,1,41,22,6
3219939,0,234,0,40,2,2,2,1,27,77,6
3164858,0,234,0,40,2,18,2,1,93,28,6
3222417,0,234,0,40,2,3,2,1,22,57,6
3213333,0,234,0,40,2,4,2,1,21,51,6
3196862,0,234,0,40,3,5,2,1,57,58,6
3169210,1,234,173,40,2,15,2,1,83,30,6
3182446,0,234,0,40,3,11,2,1,73,22,6
3181418,0,234,0,40,2,8,2,1,74,36,6
3227519,0,234,0,40,3,2,2,1,16,49,6
3227639,0,234,0,40,2,2,2,1,17,25,6
3220807,0,234,0,40,2,3,2,1,27,34,6
3221064,0,234,0,40,3,1,2,1,32,44,6
3221746,0,234,0,40,2,2,2,1,28,62,6
3184334,0,234,0,40,2,8,2,1,60,39,6
3215877,0,234,0,40,3,3,2,1,29,52,6
3191209,0,234,0,40,2,10,2,1,46,31,6
3219353,0,234,0,40,3,3,2,1,26,40,6
3155609,0,234,0,40,3,14,2,1,96,29,6
3209027,0,234,0,40,2,5,2,1,31,71,6
3214518,0,234,0,40,2,2,2,1,34,30,6
3194195,0,234,0,40,3,8,2,1,60,82,6
3221860,0,234,0,40,2,2,2,1,29,37,6
3220630,0,234,0,40,3,2,2,1,22,45,6
3227847,0,234,0,40,2,1,2,1,19,33,6
3228812,0,234,0,40,3,1,2,1,19,22,6
3207024,0,234,0,40,3,4,2,1,42,28,6
3220606,0,234,0,40,2,3,2,1,24,15,6
3229407,0,234,0,40,3,1,2,1,18,25,6
3214381,0,234,0,40,3,4,2,1,28,71,6
3198418,0,234,0,40,3,9,2,1,46,74,6
3213783,0,234,0,40,3,4,2,1,32,72,6
3208944,0,234,0,40,3,5,2,1,36,29,6
3171254,0,234,0,40,2,12,2,1,89,59,6
3227386,0,234,0,40,2,2,2,1,17,47,6
3189755,0,234,0,40,2,9,2,1,55,34,6
3229490,0,234,0,40,3,1,2,1,15,40,6
3227948,0,234,0,40,3,2,2,1,15,29,6
3201976,0,234,0,40,3,9,2,1,42,68,6
3189085,0,234,0,40,2,6,2,1,66,48,6
3231885,0,234,0,40,2,1,2,1,14,36,6
3200148,0,234,0,40,2,6,2,1,49,15,6
3224555,0,234,0,40,2,1,2,1,26,43,6
3214401,0,234,0,40,2,4,2,1,33,54,6
3226307,0,234,0,40,2,1,2,1,25,77,6
3217644,0,234,0,40,2,2,2,1,28,25,6
3191866,0,234,0,40,2,6,2,1,53,107,6
3157102,0,234,0,40,3,9,2,1,61,48,6
3213888,0,234,0,40,2,4,2,1,41,21,6
3193523,0,234,0,40,2,7,2,1,56,39,6
3199127,0,234,0,40,2,6,2,1,47,55,6
3192033,0,234,0,40,2,10,2,1,45,27,6
3209836,0,234,0,40,2,3,2,1,45,79,6
3226536,0,234,0,40,2,2,2,1,20,24,6
3179627,0,234,0,40,3,8,2,1,59,44,6
3193277,0,234,0,40,2,8,2,1,44,51,6
3163299,0,234,0,40,3,16,2,1,112,52,6
3224018,0,234,0,40,3,3,2,1,21,50,6
3229392,0,234,0,40,2,1,2,1,18,34,6
3230225,0,234,0,40,2,1,2,1,18,65,6
3215097,0,234,0,40,2,5,2,1,32,13,6
3193582,0,234,0,40,2,7,2,1,62,31,6
3217208,0,234,0,40,2,4,2,1,30,73,6
3191651,0,234,0,40,2,4,2,1,74,38,6
3213074,0,234,0,40,3,5,2,1,27,43,6
3221231,0,234,0,40,2,3,2,1,29,40,6
3168154,1,234,105,29.4426,3,13,2,1,97,24,6
3224998,0,234,0,40,3,2,2,1,19,76,6
3209020,0,234,0,40,3,5,2,1,43,48,6
3187775,0,234,0,40,3,12,2,1,51,65,6
3212677,0,234,0,40,2,5,2,1,29,47,6
3195188,0,234,0,40,2,8,2,1,46,33,6
3221781,0,234,0,40,3,3,2,1,21,61,6
3231617,0,234,0,40,3,1,2,1,15,39,6
3231753,0,234,0,40,2,1,2,1,15,19,6
3219775,0,234,0,40,2,3,2,1,28,44,6
3153655,0,234,0,40,3,10,2,1,89,91,6
3197660,0,234,0,40,3,10,2,1,41,37,6
3179222,0,234,0,40,3,11,2,1,67,62,6
3232138,0,234,0,40,2,1,2,1,14,12,6
3188924,0,234,0,40,2,7,2,1,61,72,6
3207602,0,234,0,40,3,3,2,1,45,19,6
3211337,0,234,0,40,3,3,2,1,40,16,6
3210408,0,234,0,40,2,3,2,1,45,30,6
3225532,0,234,0,40,2,1,2,1,27,43,6
3225853,0,234,0,40,2,1,2,1,25,39,6
3189422,0,234,0,40,2,5,2,1,69,22,6
3176370,1,234,152,32.7305,3,12,2,1,84,41,6
3150829,0,234,0,40,2,12,2,1,83,22,6
3211917,0,234,0,40,2,4,2,1,39,16,6
3206916,0,234,0,40,3,5,2,1,38,50,6
3165523,0,234,0,40,3,13,2,1,99,37,6
3197556,0,234,0,40,2,5,2,1,60,46,6
3217015,0,234,0,40,3,4,2,1,31,17,6
3229709,0,234,0,40,3,1,2,1,20,26,6
3220953,0,234,0,40,2,3,2,1,26,14,6
3224725,0,234,0,40,2,3,2,1,22,17,6
3229312,0,234,0,40,3,1,2,1,19,26,6
3221081,0,234,0,40,2,2,2,1,27,22,6
3221916,0,234,0,40,3,2,2,1,26,35,6
3184466,0,234,0,40,2,10,2,1,65,43,6
3227049,0,234,0,40,3,2,2,1,22,42,6
3207930,0,234,0,40,3,3,2,1,44,25,6
3217087,0,234,0,40,2,3,2,1,29,50,6
3227817,0,234,0,40,3,2,2,1,19,61,6
3221980,0,234,0,40,3,4,2,1,24,11,6
3160888,0,234,0,40,2,9,2,1,76,36,6
3231271,0,234,0,40,3,1,2,1,17,16,6
3189146,0,234,0,40,2,9,2,1,59,48,6
3211040,0,234,0,40,3,5,2,1,35,53,6
3208468,0,234,0,40,3,5,2,1,43,23,6
3189274,0,234,0,40,3,11,2,1,51,25,6
3194015,0,234,0,40,3,6,2,1,56,56,6
3221329,0,234,0,40,2,3,2,1,27,36,6
3205426,0,234,0,40,2,6,2,1,33,55,6
3223626,0,234,0,40,2,2,2,1,18,44,6
3212032,0,234,0,40,2,5,2,1,33,67,6
3231354,0,234,0,40,2,1,2,1,15,65,6
3231518,0,234,0,40,3,1,2,1,15,66,6
3232432,0,234,0,40,3,1,2,1,15,43,6
3159816,0,234,0,40,2,10,2,1,76,52,6
3227628,0,234,0,40,3,2,2,1,15,28,6
3197890,1,234,176,38.151,2,6,2,1,53,15,6
3165274,0,234,0,40,2,18,2,1,92,39,6
3226937,0,234,0,40,2,2,2,1,21,70,6
3174096,0,234,0,40,3,11,2,1,91,76,6
3222727,0,234,0,40,2,1,2,1,33,30,6
3214095,0,234,0,40,3,3,2,1,43,72,6
3224226,0,234,0,40,3,1,2,1,30,15,6
3202647,0,234,0,40,3,6,2,1,50,28,6
3177654,0,234,0,40,2,13,2,1,85,45,6
3174688,0,234,0,40,2,8,2,1,100,36,6
3224615,0,234,0,40,2,1,2,1,27,67,6
3159141,0,234,0,40,2,12,2,1,88,22,6
3202336,0,234,0,40,2,6,2,1,44,30,6
3226718,0,234,0,40,2,1,2,1,26,51,6
3191368,0,234,0,40,2,7,2,1,58,31,6
3227351,0,234,0,40,2,1,2,1,25,41,6
3219361,0,234,0,40,3,2,2,1,35,24,6
3149845,0,234,0,40,3,10,2,1,124,52,6
3198441,0,234,0,40,2,6,2,1,51,29,6
3187146,0,234,0,40,3,8,2,1,69,28,6
3227470,0,234,0,40,3,1,2,1,23,25,6
3209544,0,234,0,40,3,5,2,1,44,25,6
3219276,0,234,0,40,3,2,2,1,30,40,6
3170808,0,234,0,40,2,13,2,1,83,9,6
3227841,0,234,0,40,2,2,2,1,22,45,6
3216925,0,234,0,40,3,3,2,1,28,13,6
3221631,0,234,0,40,2,3,2,1,23,81,6
3217520,0,234,0,40,3,4,2,1,27,65,6
3230163,0,234,0,40,3,1,2,1,20,39,6
3178656,0,234,0,40,3,10,2,1,78,55,6
3184425,0,234,0,40,3,10,2,1,64,42,6
3203949,0,234,0,40,3,8,2,1,40,61,6
3222064,0,234,0,40,3,3,2,1,25,39,6
3196358,0,234,0,40,3,7,2,1,54,55,6
3230708,0,234,0,40,2,1,2,1,19,58,6
3187989,0,234,0,40,2,6,2,1,71,58,6
3200004,0,234,0,40,3,9,2,1,41,50,6
3222053,0,234,0,40,2,3,2,1,26,72,6
3230172,0,234,0,40,3,1,2,1,18,48,6
3195088,0,234,0,40,2,7,2,1,55,43,6
3194501,0,234,0,40,3,7,2,1,53,60,6
3163721,0,234,0,40,2,18,2,1,107,42,6
3200545,0,234,0,40,3,7,2,1,49,22,6
3232003,0,234,0,40,3,1,2,1,17,48,6
3220788,0,234,0,40,2,4,2,1,25,53,6
3226032,0,234,0,40,2,2,2,1,22,28,6
3224572,0,234,0,40,2,2,2,1,25,61,6
3150383,0,234,0,40,2,12,2,1,90,74,6
3230681,0,234,0,40,3,1,2,1,16,44,6
3206057,0,234,0,40,3,6,2,1,37,18,6
3215641,0,234,0,40,2,4,2,1,36,30,6
3188536,0,234,0,40,2,11,2,1,48,68,6
3216104,0,234,0,40,2,3,2,1,31,37,6
3154831,0,234,0,40,3,15,2,1,84,63,6
3222466,0,234,0,40,3,4,2,1,22,22,6
3182051,0,234,0,40,2,12,2,1,64,17,6
3207227,0,234,0,40,3,5,2,1,37,30,6
3210188,0,234,0,40,3,4,2,1,42,43,6
3187038,0,234,0,40,2,10,2,1,56,76,6
3188695,0,234,0,40,3,9,2,1,60,55,6
3233119,0,234,0,40,2,1,2,1,14,31,6
3166552,0,234,0,40,2,12,2,1,101,36,6
3225912,0,234,0,40,2,1,2,1,29,48,6
3170858,0,234,0,40,3,12,2,1,90,32,6
3227275,0,234,0,40,3,2,2,1,25,55,6
3181400,1,234,150,40,2,11,2,1,64,12,6
3194815,0,234,0,40,3,7,2,1,59,46,6
3221006,0,234,0,40,2,3,2,1,27,81,6
3166555,0,234,0,40,3,14,2,1,96,55,6
3228776,0,234,0,40,2,2,2,1,22,16,6
3223597,0,234,0,40,3,4,2,1,23,53,6
3193186,0,234,0,40,3,7,2,1,51,26,6
3219182,0,234,0,40,2,3,2,1,34,49,6
3232029,0,234,0,40,2,1,2,1,18,24,6
3164897,0,234,0,40,3,16,2,1,102,14,6
3229236,0,234,0,40,2,2,2,1,21,42,6
3174026,0,234,0,40,2,13,2,1,73,48,6
3225863,0,234,0,40,2,2,2,1,18,16,6
3213731,0,234,0,40,2,4,2,1,28,20,6
3210363,0,234,0,40,3,6,2,1,33,52,6
3168399,1,234,140,28.5775,3,14,2,1,84,26,6
3228452,0,234,0,40,2,2,2,1,19,14,6
3224066,0,234,0,40,3,3,2,1,28,51,6
3233062,0,234,0,40,3,1,2,1,16,31,6
3206963,0,234,0,40,2,7,2,1,45,51,6
3227318,0,234,0,40,2,2,2,1,20,66,6
3170634,0,234,0,40,2,12,2,1,100,30,6
3220970,0,234,0,40,2,3,2,1,21,35,6
3220825,0,234,0,40,2,4,2,1,24,51,6
3204066,0,234,0,40,2,7,2,1,44,108,6
3224153,0,234,0,40,3,2,2,1,28,35,6
3179534,0,234,0,40,3,11,2,1,64,41,6
3229895,0,234,0,40,3,2,2,1,18,50,6
3229844,0,234,0,40,3,2,2,1,16,35,6
3198674,0,234,0,40,3,9,2,1,49,54,6
3216782,0,234,0,40,3,5,2,1,30,46,6
3222615,0,234,0,40,3,5,2,1,20,36,6
3229088,0,234,0,40,3,1,2,1,24,52,6
3165803,0,234,0,40,3,12,2,1,98,21,6
3230467,0,234,0,40,2,1,2,1,20,33,6
3172779,0,234,0,40,2,10,2,1,95,35,6
3152219,0,234,0,40,2,12,2,1,79,58,6
3204125,0,234,0,40,3,5,2,1,39,16,6
3175887,0,234,0,40,3,13,2,1,80,70,6
3221630,0,234,0,40,2,3,2,1,20,44,6
3230555,0,234,0,40,3,2,2,1,17,55,6
3179755,0,234,0,40,2,9,2,1,75,44,6
3221881,0,234,0,40,3,3,2,1,26,86,6
3180762,1,234,133,40,2,10,2,1,67,21,6
3200922,0,234,0,40,3,4,2,1,51,62,6
3170503,0,234,0,40,3,10,2,1,84,66,6
3161968,0,234,0,40,2,11,2,1,109,40,6
3234046,0,234,0,40,2,1,2,1,14,30,6
3198732,0,234,0,40,2,5,2,1,56,60,6
3201166,0,234,0,40,3,6,2,1,50,23,6
3231731,0,234,0,40,3,1,2,1,20,59,6
3230095,0,234,0,40,2,2,2,1,20,61,6
3218719,0,234,0,40,3,4,2,1,34,22,6
3234662,0,234,0,40,2,1,2,1,14,49,6
3232033,0,234,0,40,2,0,2,1,13,19,6
3232627,0,234,0,40,2,0,2,1,13,53,6
3233190,0,234,0,40,2,0,2,1,13,42,6
3233518,0,234,0,40,3,0,2,1,13,49,6
3233712,0,234,0,40,3,0,2,1,13,62,6
3233808,0,234,0,40,2,0,2,1,13,56,6
3234064,0,234,0,40,3,0,2,1,13,61,6
3234167,0,234,0,40,3,0,2,1,13,44,6
3234319,0,234,0,40,3,0,2,1,13,25,6
3234383,0,234,0,40,3,0,2,1,13,34,6
3234633,0,234,0,40,2,0,2,1,13,71,6
3234637,0,234,0,40,2,0,2,1,13,31,6
3234709,0,234,0,40,3,0,2,1,13,40,6
3234713,0,234,0,40,3,0,2,1,13,72,6
3234729,0,234,0,40,3,0,2,1,13,95,6
3234749,0,234,0,40,2,0,2,1,13,67,6
3234809,0,234,0,40,3,0,2,1,13,44,6
3234913,0,234,0,40,2,0,2,1,13,72,6
3235025,0,234,0,40,3,0,2,1,13,61,6
3235133,0,234,0,40,3,0,2,1,13,36,6
3235168,0,234,0,40,2,0,2,1,13,34,6
3235200,0,234,0,40,2,0,2,1,13,48,6
3235214,0,234,0,40,2,0,2,1,13,23,6
3235224,0,234,0,40,2,0,2,1,13,36,6
3235236,0,234,0,40,2,0,2,1,13,34,6
3235242,0,234,0,40,2,0,2,1,13,30,6
3235256,0,234,0,40,3,0,2,1,13,28,6
3235268,0,234,0,40,3,0,2,1,13,30,6
3235276,0,234,0,40,3,0,2,1,13,28,6
3235278,0,234,0,40,2,0,2,1,13,41,6
3235324,0,234,0,40,3,0,2,1,13,59,6
3235326,0,234,0,40,3,0,2,1,13,24,6
3235332,0,234,0,40,3,0,2,1,13,59,6
3235340,0,234,0,40,2,0,2,1,13,50,6
3235350,0,234,0,40,2,0,2,1,13,20,6
3235358,0,234,0,40,3,0,2,1,13,28,6
3235362,0,234,0,40,2,0,2,1,13,22,6
3235376,0,234,0,40,2,0,2,1,13,50,6
3235390,0,234,0,40,3,0,2,1,13,95,6
3235392,0,234,0,40,3,0,2,1,13,44,6
3235398,0,234,0,40,3,0,2,1,13,65,6
3235400,0,234,0,40,3,0,2,1,13,45,6
3235426,0,234,0,40,3,0,2,1,13,24,6
3235442,0,234,0,40,2,0,2,1,13,35,6
3235452,0,234,0,40,3,0,2,1,13,68,6
3235458,0,234,0,40,3,0,2,1,13,68,6
3235466,0,234,0,40,3,0,2,1,13,49,6
3235494,0,234,0,40,2,0,2,1,13,25,6
3235508,0,234,0,40,3,0,2,1,13,16,6
3235520,0,234,0,40,2,0,2,1,13,46,6
3235530,0,234,0,40,3,0,2,1,13,23,6
3235540,0,234,0,40,3,0,2,1,13,42,6
3235552,0,234,0,40,2,0,2,1,13,32,6
3235554,0,234,0,40,3,0,2,1,13,40,6
3235566,0,234,0,40,3,0,2,1,13,31,6
3235568,0,234,0,40,3,0,2,1,13,33,6
3235598,0,234,0,40,2,0,2,1,13,41,6
3235612,0,234,0,40,3,0,2,1,13,16,6
3235626,0,234,0,40,3,0,2,1,13,41,6
3235636,0,234,0,40,3,0,2,1,13,74,6
3235642,0,234,0,40,3,0,2,1,13,9,6
3235652,0,234,0,40,3,0,2,1,13,23,6
3235664,0,234,0,40,2,0,2,1,13,32,6
3235670,0,234,0,40,3,0,2,1,13,33,6
3235674,0,234,0,40,2,0,2,1,13,79,6
3225347,0,234,0,40,3,0,2,1,26,21,6
3206815,0,234,0,40,2,3,2,1,37,59,6
3222887,0,234,0,40,2,1,2,1,25,32,6
3210731,0,234,0,40,2,2,2,1,38,27,6
3194199,0,234,0,40,3,7,2,1,45,30,6
3162022,0,234,0,40,2,15,2,1,121,34,6
3204872,0,234,0,40,3,3,2,1,50,38,6
3216056,0,234,0,40,2,2,2,1,32,44,6
3150066,0,234,0,40,3,10,2,1,68,25,6
3151439,0,234,0,40,3,9,2,1,85,29,6
3218419,0,234,0,40,2,1,2,1,35,61,6
3184432,0,234,0,40,3,7,2,1,70,40,6
3157304,1,234,129,40,2,13,2,1,115,27,6
3225733,0,234,0,40,3,1,2,1,20,24,6
3221721,0,234,0,40,2,2,2,1,26,47,6
3204123,0,234,0,40,3,4,2,1,38,48,6
3202413,0,234,0,40,2,5,2,1,37,63,6
3228648,0,234,0,40,3,1,2,1,16,45,6
3204934,0,234,0,40,2,4,2,1,42,39,6
3209441,0,234,0,40,2,4,2,1,37,45,6
3224903,0,234,0,40,3,2,2,1,15,55,6
3222351,0,234,0,40,2,2,2,1,24,26,6
3229310,0,234,0,40,3,1,2,1,13,44,6
3214399,0,234,0,40,3,2,2,1,40,40,6
3149642,0,234,0,40,2,10,2,1,100,31,6
3222347,0,234,0,40,3,2,2,1,27,39,6
3218368,0,234,0,40,3,2,2,1,24,55,6
3168063,0,234,0,40,2,10,2,1,89,59,6
3228197,0,234,0,40,2,1,2,1,18,32,6
3219351,0,234,0,40,2,3,2,1,25,52,6
3229405,0,234,0,40,3,1,2,1,16,37,6
3216737,0,234,0,40,3,2,2,1,35,32,6
3227995,0,234,0,40,2,1,2,1,15,27,6
3220311,0,234,0,40,2,3,2,1,27,61,6
3222306,0,234,0,40,2,3,2,1,26,83,6
3229926,0,234,0,40,2,1,2,1,14,40,6
3230710,0,234,0,40,2,1,2,1,14,53,6
3230835,0,234,0,40,2,1,2,1,13,46,6
3178770,0,234,0,40,2,9,2,1,81,47,6
3183511,0,234,0,40,2,10,2,1,56,47,6
3173726,0,234,0,40,2,11,2,1,80,33,6
3160950,0,234,0,40,2,12,2,1,70,38,6
3217633,0,234,0,40,3,3,2,1,31,49,6
3222931,0,234,0,40,2,2,2,1,25,47,6
3207077,0,234,0,40,2,5,2,1,29,68,6
3229068,0,234,0,40,3,1,2,1,18,58,6
3193172,0,234,0,40,2,9,2,1,49,20,6
3221870,0,234,0,40,3,2,2,1,19,61,6
3173350,1,234,198,18.0211,3,12,2,1,73,38,6
3190816,0,234,0,40,2,8,2,1,52,43,6
3202388,0,234,0,40,2,6,2,1,41,43,6
3168259,1,234,125,40,2,10,2,1,97,80,6
3229318,0,234,0,40,2,1,2,1,15,51,6
3214520,0,234,0,40,2,4,2,1,29,85,6
3182925,0,234,0,40,3,10,2,1,60,27,6
3223082,0,234,0,40,2,2,2,1,22,43,6
3195155,0,234,0,40,2,7,2,1,55,28,6
3205257,0,234,0,40,2,8,2,1,35,23,6
3199921,0,234,0,40,2,7,2,1,50,52,6
3199667,0,234,0,40,3,7,2,1,51,44,6
3231637,0,234,0,40,3,1,2,1,13,12,6
3157903,0,234,0,40,2,10,2,1,82,52,6
3170825,0,234,0,40,3,9,2,1,100,29,6
3174017,0,234,0,40,3,11,2,1,74,51,6
3196438,0,234,0,40,2,7,2,1,52,31,6
3176952,0,234,0,40,3,8,2,1,84,44,6
3204630,0,234,0,40,2,6,2,1,42,69,6
3226482,0,234,0,40,2,1,2,1,23,50,6
3226440,0,234,0,40,2,1,2,1,22,69,6
3174548,0,234,0,40,2,10,2,1,84,81,6
3225572,0,234,0,40,3,2,2,1,24,29,6
3179145,0,234,0,40,2,10,2,1,81,12,6
3189887,0,234,0,40,3,7,2,1,59,54,6
3189946,0,234,0,40,2,9,2,1,63,61,6
3199901,0,234,0,40,3,5,2,1,52,35,6
3189149,0,234,0,40,3,11,2,1,54,58,6
3165540,0,234,0,40,2,15,2,1,102,40,6
3227874,0,234,0,40,2,2,2,1,20,21,6
3181596,0,234,0,40,2,10,2,1,66,20,6
3214530,0,234,0,40,3,3,2,1,33,56,6
3196951,0,234,0,40,3,6,2,1,54,67,6
3206028,0,234,0,40,3,6,2,1,34,61,6
3219752,0,234,0,40,2,3,2,1,23,82,6
3216179,0,234,0,40,2,2,2,1,37,39,6
3201904,0,234,0,40,2,7,2,1,31,45,6
3226154,0,234,0,40,3,2,2,1,19,31,6
3174890,0,234,0,40,2,11,2,1,79,58,6
3209389,0,234,0,40,2,7,2,1,32,77,6
3200640,0,234,0,40,2,8,2,1,42,76,6
3202673,0,234,0,40,3,7,2,1,41,53,6
3231013,0,234,0,40,3,1,2,1,15,55,6
3231465,0,234,0,40,3,1,2,1,15,43,6
3178359,0,234,0,40,3,14,2,1,60,32,6
3154086,0,234,0,40,3,9,2,1,58,31,6
3194581,0,234,0,40,2,6,2,1,57,54,6
3216329,0,234,0,40,2,5,2,1,29,24,6
3183853,0,234,0,40,3,10,2,1,58,61,6
3219049,0,234,0,40,3,4,2,1,23,27,6
3230605,0,234,0,40,2,1,2,1,14,40,6
3231236,0,234,0,40,3,1,2,1,14,40,6
3222433,0,234,0,40,3,3,2,1,19,26,6
3222984,0,234,0,40,2,3,2,1,18,11,6
3199729,0,234,0,40,2,5,2,1,41,29,6
3217834,0,234,0,40,2,5,2,1,23,45,6
3229113,0,234,0,40,3,2,2,1,15,57,6
3228386,0,234,0,40,3,2,2,1,15,39,6
3232226,0,234,0,40,3,1,2,1,13,61,6
3178288,0,234,0,40,3,10,2,1,76,69,6
3223505,0,234,0,40,3,1,2,1,30,26,6
3205979,0,234,0,40,2,5,2,1,42,59,6
3189346,0,234,0,40,2,4,2,1,72,22,6
3214102,0,234,0,40,2,3,2,1,35,94,6
3200058,0,234,0,40,3,6,2,1,48,31,6
3193307,0,234,0,40,3,7,2,1,50,28,6
3217387,0,234,0,40,3,4,2,1,30,40,6
3202308,0,234,0,40,3,5,2,1,47,38,6
3217383,1,234,195,40,2,3,2,1,29,47,6
3195689,0,234,0,40,2,6,2,1,55,32,6
3199634,0,234,0,40,2,8,2,1,53,27,6
3209922,0,234,0,40,2,5,2,1,38,52,6
3206625,0,234,0,40,3,6,2,1,39,30,6
3223306,0,234,0,40,2,2,2,1,23,19,6
3208699,0,234,0,40,2,5,2,1,45,14,6
3226283,0,234,0,40,3,2,2,1,23,43,6
3202262,0,234,0,40,3,5,2,1,45,60,6
3210063,0,234,0,40,3,4,2,1,40,58,6
3228911,0,234,0,40,3,1,2,1,18,48,6
3171411,1,234,141,40,2,10,2,1,95,45,6
3228987,0,234,0,40,2,1,2,1,17,31,6
3230234,0,234,0,40,3,1,2,1,17,27,6
3230454,0,234,0,40,2,1,2,1,17,54,6
3204770,0,234,0,40,3,6,2,1,45,59,6
3215998,0,234,0,40,3,3,2,1,32,36,6
3199337,0,234,0,40,3,7,2,1,41,44,6
3183382,0,234,0,40,2,10,2,1,69,70,6
3200078,0,234,0,40,3,8,2,1,42,38,6
3226397,0,234,0,40,3,2,2,1,20,35,6
3169608,0,234,0,40,3,14,2,1,82,33,6
3205083,0,234,0,40,3,5,2,1,47,51,6
3230438,0,234,0,40,2,2,2,1,17,24,6
3153324,0,234,0,40,3,8,2,1,101,42,6
3215516,0,234,0,40,3,4,2,1,32,38,6
3178491,0,234,0,40,3,11,2,1,65,51,6
3229091,0,234,0,40,3,1,2,1,14,44,6
3158052,0,234,0,40,3,14,2,1,79,43,6
3154106,0,234,0,40,3,7,2,1,37,24,6
3226103,0,234,0,40,2,2,2,1,18,23,6
3211109,0,234,0,40,2,4,2,1,38,56,6
3224912,0,234,0,40,2,3,2,1,21,17,6
3187444,0,234,0,40,3,7,2,1,69,24,6
3228992,0,234,0,40,3,2,2,1,17,26,6
3182470,0,234,0,40,3,10,2,1,70,71,6
3231912,0,234,0,40,2,1,2,1,13,23,6
3207199,0,234,0,40,2,4,2,1,45,22,6
3218010,0,234,0,40,3,2,2,1,33,29,6
3217908,0,234,0,40,3,2,2,1,32,28,6
3179558,0,234,0,40,3,8,2,1,82,17,6
3182951,0,234,0,40,3,5,2,1,83,53,6
3214310,0,234,0,40,2,3,2,1,30,68,6
3194621,0,234,0,40,3,7,2,1,54,44,6
3200752,0,234,0,40,3,4,2,1,58,52,6
3208455,0,234,0,40,2,2,2,1,48,20,6
3193044,0,234,0,40,3,7,2,1,45,48,6
3184830,0,234,0,40,2,9,2,1,63,42,6
3229140,0,234,0,40,2,1,2,1,21,26,6
3206063,0,234,0,40,2,5,2,1,42,32,6
3223671,0,234,0,40,3,3,2,1,24,38,6
3222294,0,234,0,40,2,2,2,1,29,59,6
3202117,0,234,0,40,3,6,2,1,44,78,6
3183499,0,234,0,40,3,10,2,1,60,64,6
3196403,0,234,0,40,3,7,2,1,44,35,6
3214488,0,234,0,40,2,5,2,1,35,29,6
3153104,0,234,0,40,2,10,2,1,77,33,6
3196144,0,234,0,40,2,4,2,1,62,19,6
3228333,0,234,0,40,2,2,2,1,19,31,6
3230340,0,234,0,40,2,1,2,1,18,37,6
3230872,0,234,0,40,3,1,2,1,18,76,6
3180723,0,234,0,40,3,6,2,1,72,67,6
3227044,0,234,0,40,3,2,2,1,22,43,6
3230483,0,234,0,40,3,1,2,1,17,34,6
3231049,0,234,0,40,2,1,2,1,17,42,6
3231179,0,234,0,40,2,1,2,1,17,54,6
3225186,0,234,0,40,2,2,2,1,22,58,6
3158366,0,234,0,40,3,17,2,1,104,32,6
3218588,0,234,0,40,3,4,2,1,29,73,6
3220574,0,234,0,40,2,3,2,1,18,51,6
3161435,0,234,0,40,2,13,2,1,109,51,6
3205888,0,234,0,40,2,6,2,1,45,55,6
3226614,0,234,0,40,3,2,2,1,23,72,6
3221236,0,234,0,40,3,5,2,1,26,54,6
3231922,0,234,0,40,3,1,2,1,15,28,6
3232566,0,234,0,40,3,1,2,1,15,49,6
3198800,0,234,0,40,2,7,2,1,56,35,6
3215758,0,234,0,40,3,4,2,1,34,18,6
3193701,0,234,0,40,3,6,2,1,57,36,6
3219891,0,234,0,40,3,4,2,1,25,48,6
3232872,0,234,0,40,3,1,2,1,14,28,6
3227238,0,234,0,40,2,2,2,1,14,53,6
3176313,0,234,0,40,3,10,2,1,74,42,6
3206132,0,234,0,40,2,4,2,1,45,35,6
3161447,0,234,0,40,2,15,2,1,66,27,6
3187597,0,234,0,40,3,9,2,1,57,27,6
3201708,0,234,0,40,3,7,2,1,35,60,6
3211652,0,234,0,40,2,7,2,1,30,19,6
3233415,0,234,0,40,3,1,2,1,13,56,6
3198314,0,234,0,40,2,7,2,1,58,45,6
3225816,0,234,0,40,3,1,2,1,28,92,6
3223965,0,234,0,40,3,2,2,1,26,38,6
3212530,0,234,0,40,3,2,2,1,43,58,6
3213494,0,234,0,40,2,5,2,1,34,46,6
3227152,0,234,0,40,3,1,2,1,24,52,6
3170606,0,234,0,40,2,12,2,1,80,30,6
3210229,0,234,0,40,3,5,2,1,42,71,6
3229242,0,234,0,40,2,1,2,1,22,50,6
3229193,0,234,0,40,3,1,2,1,21,68,6
3229939,0,234,0,40,2,1,2,1,20,91,6
3224347,0,234,0,40,2,2,2,1,26,40,6
3223606,0,234,0,40,3,2,2,1,28,60,6
3230780,0,234,0,40,3,1,2,1,19,35,6
3155676,0,234,0,40,3,15,2,1,85,66,6
3203890,0,234,0,40,2,5,2,1,40,30,6
3208492,0,234,0,40,2,5,2,1,43,38,6
3231433,0,234,0,40,3,1,2,1,18,45,6
3214676,1,234,188,25.6241,3,4,2,1,28,28,6
3203897,0,234,0,40,2,5,2,1,45,29,6
3218478,0,234,0,40,3,3,2,1,31,31,6
3216455,0,234,0,40,2,3,2,1,39,29,6
3203533,0,234,0,40,3,5,2,1,54,24,6
3211073,0,234,0,40,2,5,2,1,32,54,6
3230027,0,234,0,40,2,2,2,1,18,33,6
3229251,0,234,0,40,2,1,2,1,17,27,6
3196666,0,234,0,40,2,5,2,1,57,28,6
3161493,1,234,122,40,2,16,2,1,95,18,6
3225680,0,234,0,40,3,2,2,1,23,33,6
3220122,0,234,0,40,3,3,2,1,26,58,6
3181791,0,234,0,40,3,11,2,1,69,23,6
3230890,0,234,0,40,2,1,2,1,16,55,6
3162605,0,234,0,40,3,16,2,1,96,28,6
3168167,0,234,0,40,2,15,2,1,87,61,6
3227537,0,234,0,40,2,2,2,1,19,64,6
3221779,0,234,0,40,3,4,2,1,26,44,6
3182029,0,234,0,40,3,7,2,1,79,32,6
3199188,0,234,0,40,2,9,2,1,47,43,6
3231398,0,234,0,40,3,1,2,1,15,91,6
3217821,0,234,0,40,2,2,2,1,30,37,6
3159856,0,234,0,40,3,17,2,1,74,71,6
3219632,0,234,0,40,3,4,2,1,23,65,6
3169480,0,234,0,40,2,14,2,1,79,46,6
3201208,0,234,0,40,2,9,2,1,42,62,6
3201455,0,234,0,40,2,6,2,1,54,28,6
3188983,0,234,0,40,2,10,2,1,69,11,6
3186176,0,234,0,40,2,10,2,1,61,15,6
3188926,0,234,0,40,2,9,2,1,65,30,6
3231572,0,234,0,40,3,1,2,1,14,12,6
3197914,0,234,0,40,2,8,2,1,43,55,6
3216864,0,234,0,40,3,4,2,1,30,43,6
3161615,0,234,0,40,2,12,2,1,75,30,6
3225317,2,234,0,40,3,3,2,1,21,12,6
3171716,0,234,0,40,2,13,2,1,69,39,6
3214502,0,234,0,40,2,5,2,1,26,50,6
3204113,0,234,0,40,2,4,2,1,55,52,6
3220258,0,234,0,40,2,4,2,1,29,53,6
3226408,0,234,0,40,3,3,2,1,22,91,6
3230808,0,234,0,40,2,2,2,1,17,45,6
3233745,0,234,0,40,3,1,2,1,13,46,6
3175121,2,234,134,26.6817,3,10,2,1,79,64,6
3153597,0,234,0,40,3,9,2,1,80,51,6
3176589,0,234,0,40,2,9,2,1,69,15,6
3227564,0,234,0,40,3,1,2,1,25,57,6
3218341,0,234,0,40,3,4,2,1,32,42,6
3175741,0,234,0,40,2,7,2,1,92,36,6
3179553,0,234,0,40,3,10,2,1,68,29,6
3156998,1,234,142,29.798,3,9,2,1,85,66,6
3230346,0,234,0,40,3,1,2,1,20,45,6
3231207,0,234,0,40,2,1,2,1,19,72,6
3198555,0,234,0,40,2,7,2,1,48,49,6
3157107,1,234,146,20.9735,3,16,2,1,91,22,6
3168572,0,234,0,40,3,12,2,1,87,61,6
3195391,0,234,0,40,2,6,2,1,64,32,6
3225499,0,234,0,40,2,3,2,1,23,73,6
3149484,0,234,0,40,2,10,2,1,86,64,6
3212739,0,234,0,40,3,5,2,1,42,75,6
3232034,0,234,0,40,2,1,2,1,17,36,6
3219101,0,234,0,40,2,3,2,1,28,78,6
3224961,0,234,0,40,2,3,2,1,20,37,6
3232403,0,234,0,40,3,1,2,1,16,61,6
3232878,0,234,0,40,2,1,2,1,16,34,6
3230087,0,234,0,40,2,2,2,1,16,64,6
3178950,0,234,0,40,3,11,2,1,69,24,6
3203343,0,234,0,40,2,5,2,1,42,40,6
3218110,0,234,0,40,2,5,2,1,28,9,6
3200814,0,234,0,40,3,8,2,1,37,35,6
3213276,0,234,0,40,2,4,2,1,39,18,6
3208982,0,234,0,40,2,6,2,1,33,51,6
3211405,0,234,0,40,3,5,2,1,44,37,6
3196715,0,234,0,40,3,7,2,1,51,35,6
3171735,1,234,132,40,2,13,2,1,83,63,6
3185736,0,234,0,40,3,9,2,1,68,18,6
3224410,0,234,0,40,3,2,2,1,27,41,6
3226476,0,234,0,40,3,1,2,1,23,54,6
3158795,0,234,0,40,3,5,2,1,79,46,6
3205346,0,234,0,40,3,4,2,1,52,51,6
3198758,0,234,0,40,2,6,2,1,49,27,6
3217325,0,234,0,40,2,3,2,1,36,33,6
3179598,0,234,0,40,2,10,2,1,74,25,6
3232220,0,234,0,40,2,1,2,1,18,26,6
3204114,0,234,0,40,3,5,2,1,45,44,6
3227469,0,234,0,40,3,2,2,1,19,53,6
3197243,0,234,0,40,3,8,2,1,49,67,6
3223803,0,234,0,40,2,3,2,1,26,16,6
3210925,0,234,0,40,2,5,2,1,33,32,6
3215487,0,234,0,40,2,6,2,1,29,77,6
3173179,0,234,0,40,2,11,2,1,102,39,6
3221166,0,234,0,40,3,2,2,1,24,29,6
3215057,0,234,0,40,2,4,2,1,34,38,6
3212939,0,234,0,40,2,4,2,1,33,38,6
3184758,0,234,0,40,3,5,2,1,91,14,6
3192029,0,234,0,40,3,5,2,1,67,63,6
3165066,0,234,0,40,3,12,2,1,109,20,6
3215143,0,234,0,40,3,5,2,1,37,39,6
3181474,0,234,0,40,2,7,2,1,80,22,6
3206928,0,234,0,40,2,6,2,1,38,63,6
3233470,0,234,0,40,2,0,2,1,12,34,6
3233768,0,234,0,40,3,0,2,1,12,29,6
3233832,0,234,0,40,2,0,2,1,12,70,6
3234179,0,234,0,40,3,0,2,1,12,19,6
3234243,0,234,0,40,2,0,2,1,12,62,6
3234323,0,234,0,40,3,0,2,1,12,14,6
3234419,0,234,0,40,3,0,2,1,12,48,6
3234651,0,234,0,40,2,0,2,1,12,28,6
3234707,0,234,0,40,3,0,2,1,12,14,6
3234715,0,234,0,40,3,0,2,1,12,48,6
3234723,0,234,0,40,2,0,2,1,12,38,6
3234907,0,234,0,40,2,0,2,1,12,20,6
3234939,0,234,0,40,3,0,2,1,12,54,6
3234947,0,234,0,40,3,0,2,1,12,53,6
3234995,0,234,0,40,3,0,2,1,12,41,6
3235003,0,234,0,40,3,0,2,1,12,48,6
3235083,0,234,0,40,3,0,2,1,12,23,6
3235107,0,234,0,40,3,0,2,1,12,85,6
3235159,0,234,0,40,3,0,2,1,12,36,6
3235167,0,234,0,40,2,0,2,1,12,74,6
3235191,0,234,0,40,3,0,2,1,12,63,6
3235207,0,234,0,40,2,0,2,1,12,33,6
3235211,0,234,0,40,2,0,2,1,12,38,6
3235315,0,234,0,40,3,0,2,1,12,44,6
3235331,0,234,0,40,2,0,2,1,12,52,6
3235379,0,234,0,40,3,0,2,1,12,55,6
3235395,0,234,0,40,3,0,2,1,12,48,6
3235407,0,234,0,40,3,0,2,1,12,47,6
3235455,0,234,0,40,3,0,2,1,12,80,6
3235459,0,234,0,40,2,0,2,1,12,23,6
3235487,0,234,0,40,2,0,2,1,12,25,6
3235535,0,234,0,40,3,0,2,1,12,52,6
3235543,0,234,0,40,3,0,2,1,12,40,6
3235595,0,234,0,40,2,0,2,1,12,16,6
3235631,0,234,0,40,3,0,2,1,12,27,6
3235685,0,234,0,40,2,0,2,1,12,36,6
3235707,0,234,0,40,3,0,2,1,12,60,6
3235711,0,234,0,40,3,0,2,1,12,93,6
3235725,0,234,0,40,2,0,2,1,12,71,6
3235729,0,234,0,40,3,0,2,1,12,85,6
3235763,0,234,0,40,3,0,2,1,12,53,6
3235809,0,234,0,40,2,0,2,1,12,42,6
3235841,0,234,0,40,3,0,2,1,12,45,6
3235867,0,234,0,40,2,0,2,1,12,48,6
3235871,0,234,0,40,3,0,2,1,12,55,6
3235875,0,234,0,40,3,0,2,1,12,23,6
3235901,0,234,0,40,2,0,2,1,12,55,6
3235927,0,234,0,40,3,0,2,1,12,54,6
3235937,0,234,0,40,3,0,2,1,12,23,6
3235945,0,234,0,40,2,0,2,1,12,29,6
3235985,0,234,0,40,3,0,2,1,12,52,6
3236005,0,234,0,40,3,0,2,1,12,52,6
3236053,0,234,0,40,3,0,2,1,12,61,6
3236055,0,234,0,40,2,0,2,1,12,20,6
3236059,0,234,0,40,3,0,2,1,12,29,6
3236079,0,234,0,40,3,0,2,1,12,52,6
3236087,0,234,0,40,2,0,2,1,12,50,6
3236111,0,234,0,40,2,0,2,1,12,52,6
3236121,0,234,0,40,2,0,2,1,12,62,6
3236129,0,234,0,40,2,0,2,1,12,57,6
3236137,0,234,0,40,2,0,2,1,12,50,6
3236179,0,234,0,40,2,0,2,1,12,48,6
3205677,0,234,0,40,2,4,2,1,32,56,6
3221668,0,234,0,40,2,3,2,1,16,52,6
3220153,0,234,0,40,3,2,2,1,24,87,6
3183134,0,234,0,40,3,8,2,1,66,32,6
3227859,0,234,0,40,3,1,2,1,12,47,6
3212187,0,234,0,40,3,3,2,1,37,30,6
3196693,0,234,0,40,2,6,2,1,35,50,6
3227274,0,234,0,40,2,1,2,1,14,62,6
3189272,0,234,0,40,3,7,2,1,57,32,6
3202655,0,234,0,40,2,6,2,1,33,36,6
3209154,0,234,0,40,3,3,2,1,37,74,6
3211847,0,234,0,40,3,4,2,1,36,12,6
3227116,0,234,0,40,2,1,2,1,19,27,6
3200437,0,234,0,40,2,6,2,1,40,44,6
3211431,0,234,0,40,2,4,2,1,27,26,6
3229935,0,234,0,40,2,1,2,1,13,104,6
3165872,0,234,0,40,3,14,2,1,94,57,6
3206233,0,234,0,40,2,5,2,1,40,87,6
3224454,0,234,0,40,3,2,2,1,23,38,6
3227674,0,234,0,40,2,1,2,1,18,39,6
3205107,0,234,0,40,2,4,2,1,50,70,6
3183778,0,234,0,40,2,10,2,1,64,47,6
3198053,0,234,0,40,3,7,2,1,32,47,6
3210621,0,234,0,40,3,5,2,1,32,31,6
3220782,0,234,0,40,2,2,2,1,18,66,6
3229108,0,234,0,40,3,2,2,1,14,29,6
3216162,0,234,0,40,2,4,2,1,24,37,6
3164479,0,234,0,40,2,15,2,1,91,47,6
3207697,0,234,0,40,2,4,2,1,40,37,6
3230355,0,234,0,40,3,1,2,1,12,13,6
3231243,0,234,0,40,3,1,2,1,12,46,6
3210244,0,234,0,40,2,4,2,1,39,36,6
3201058,0,234,0,40,2,5,2,1,50,26,6
3223404,0,234,0,40,2,2,2,1,22,54,6
3227363,0,234,0,40,2,1,2,1,20,28,6
3222767,0,234,0,40,3,2,2,1,19,32,6
3226091,0,234,0,40,3,2,2,1,18,41,6
3216500,0,234,0,40,2,3,2,1,26,36,6
3203109,0,234,0,40,2,7,2,1,34,35,6
3218157,0,234,0,40,2,3,2,1,29,17,6
3215941,0,234,0,40,3,5,2,1,28,74,6
3229794,0,234,0,40,3,1,2,1,14,84,6
3196489,0,234,0,40,3,7,2,1,47,88,6
3197664,0,234,0,40,3,8,2,1,45,42,6
3202309,0,234,0,40,3,7,2,1,44,49,6
3181233,0,234,0,40,3,11,2,1,68,40,6
3186920,0,234,0,40,2,10,2,1,54,27,6
3197388,0,234,0,40,3,5,2,1,55,36,6
3217074,0,234,0,40,3,2,2,1,34,41,6
3202638,0,234,0,40,3,5,2,1,44,56,6
3224839,0,234,0,40,2,1,2,1,23,37,6
3173021,0,234,0,40,3,13,2,1,84,47,6
3213260,0,234,0,40,2,4,2,1,35,38,6
3191370,0,234,0,40,2,8,2,1,50,117,6
3214202,0,234,0,40,3,3,2,1,30,40,6
3219287,0,234,0,40,3,3,2,1,25,30,6
3216102,0,234,0,40,2,3,2,1,35,29,6
3180110,0,234,0,40,2,9,2,1,61,20,6
3169881,0,234,0,40,2,13,2,1,94,19,6
3229524,0,234,0,40,3,1,2,1,16,36,6
3227321,0,234,0,40,3,2,2,1,17,41,6
3218268,0,234,0,40,3,3,2,1,27,26,6
3202129,0,234,0,40,3,6,2,1,52,32,6
3174787,0,234,0,40,3,10,2,1,74,76,6
3214254,0,234,0,40,3,4,2,1,27,39,6
3230795,0,234,0,40,3,1,2,1,14,38,6
3167453,0,234,0,40,3,18,2,1,88,50,6
3210595,0,234,0,40,3,6,2,1,29,57,6
3224487,0,234,0,40,2,2,2,1,20,39,6
3227468,0,234,0,40,2,2,2,1,16,20,6
3212484,0,234,0,40,3,5,2,1,30,80,6
3232424,0,234,0,40,2,1,2,1,12,46,6
3191686,0,234,0,40,2,6,2,1,63,19,6
3208286,0,234,0,40,2,2,2,1,47,45,6
3216915,0,234,0,40,2,3,2,1,34,36,6
3217197,0,234,0,40,3,2,2,1,36,13,6
3188958,1,234,142,34.8084,3,9,2,1,66,21,6
3203705,0,234,0,40,2,4,2,1,49,40,6
3179625,0,234,0,40,2,8,2,1,64,84,6
3152581,1,234,123,29.0446,3,14,2,1,73,40,6
3160890,0,234,0,40,2,15,2,1,115,37,6
3199214,0,234,0,40,2,5,2,1,49,53,6
3175136,0,234,0,40,3,10,2,1,88,43,6
3207096,0,234,0,40,2,7,2,1,35,72,6
3195244,0,234,0,40,3,6,2,1,59,38,6
3223054,0,234,0,40,3,2,2,1,26,41,6
3157593,1,234,154,36.1001,3,13,2,1,61,40,6
3217745,0,234,0,40,3,4,2,1,23,32,6
3205217,0,234,0,40,3,5,2,1,47,39,6
3224607,1,234,219,40,2,2,2,1,20,44,6
3150414,0,234,0,40,2,16,2,1,85,29,6
3190841,0,234,0,40,3,9,2,1,49,26,6
3229352,0,234,0,40,3,1,2,1,17,34,6
3229817,0,234,0,40,2,1,2,1,17,58,6
3157724,1,234,126,29.8545,3,9,2,1,99,46,6
3169373,0,234,0,40,2,8,2,1,97,66,6
3211738,1,234,183,21.2251,3,6,2,1,25,56,6
3190842,0,234,0,40,3,8,2,1,57,44,6
3221815,0,234,0,40,2,2,2,1,26,53,6
3225433,0,234,0,40,2,2,2,1,20,25,6
3170604,0,234,0,40,3,14,2,1,71,64,6
3175117,0,234,0,40,3,10,2,1,74,43,6
3153623,0,234,0,40,3,11,2,1,102,31,6
3227523,0,234,0,40,3,2,2,1,18,58,6
3231563,0,234,0,40,2,1,2,1,14,59,6
3231659,0,234,0,40,2,1,2,1,14,44,6
3205320,0,234,0,40,2,5,2,1,43,38,6
3161433,0,234,0,40,3,14,2,1,118,48,6
3216595,0,234,0,40,2,5,2,1,28,29,6
3206236,0,234,0,40,3,6,2,1,44,27,6
3217133,0,234,0,40,3,5,2,1,29,50,6
3172325,1,234,125,40,2,15,2,1,72,50,6
3205746,0,234,0,40,2,6,2,1,29,80,6
3197050,0,234,0,40,3,6,2,1,51,18,6
3195179,0,234,0,40,3,7,2,1,52,28,6
3185034,0,234,0,40,2,7,2,1,66,67,6
3180067,0,234,0,40,2,9,2,1,77,36,6
3227510,0,234,0,40,3,2,2,1,15,47,6
3220372,0,234,0,40,3,3,2,1,24,82,6
3153479,0,234,0,40,2,12,2,1,87,12,6
3195277,0,234,0,40,3,5,2,1,57,46,6
3231872,0,234,0,40,2,1,2,1,12,21,6
3219010,0,234,0,40,2,2,2,1,37,48,6
3219354,0,234,0,40,2,2,2,1,35,82,6
3213771,0,234,0,40,2,2,2,1,44,14,6
3156743,0,234,0,40,2,8,2,1,88,37,6
3156609,0,234,0,40,3,12,2,1,115,22,6
3192256,0,234,0,40,3,7,2,1,57,75,6
3163182,0,234,0,40,2,12,2,1,112,51,6
3199660,0,234,0,40,3,7,2,1,43,49,6
3205603,0,234,0,40,3,5,2,1,39,54,6
3202266,0,234,0,40,3,7,2,1,36,27,6
3222116,0,234,0,40,3,2,2,1,28,60,6
3153079,0,234,0,40,2,11,2,1,78,24,6
3211194,0,234,0,40,2,5,2,1,35,56,6
3201394,0,234,0,40,3,8,2,1,49,49,6
3222720,0,234,0,40,3,2,2,1,29,66,6
3227945,0,234,0,40,2,1,2,1,21,25,6
3219158,0,234,0,40,2,5,2,1,25,64,6
3228708,0,234,0,40,3,1,2,1,20,37,6
3151667,0,234,0,40,2,11,2,1,83,11,6
3203830,0,234,0,40,2,8,2,1,45,52,6
3218942,0,234,0,40,2,4,2,1,27,29,6
3221739,0,234,0,40,3,4,2,1,22,31,6
3229374,0,234,0,40,2,1,2,1,17,58,6
3209463,0,234,0,40,2,6,2,1,29,56,6
3164277,0,234,0,40,3,16,2,1,91,55,6
3166168,0,234,0,40,2,17,2,1,90,36,6
3220202,0,234,0,40,2,4,2,1,25,16,6
3214666,0,234,0,40,3,5,2,1,23,21,6
3230941,0,234,0,40,2,1,2,1,16,19,6
3186606,0,234,0,40,2,9,2,1,61,40,6
3220531,0,234,0,40,3,4,2,1,26,49,6
3212669,0,234,0,40,2,5,2,1,27,52,6
3207859,0,234,0,40,3,6,2,1,40,50,6
3165989,0,234,0,40,2,12,2,1,96,66,6
3231501,0,234,0,40,3,1,2,1,15,25,6
3231907,0,234,0,40,2,1,2,1,15,139,6
3176922,0,234,0,40,3,11,2,1,72,30,6
3203342,0,234,0,40,3,5,2,1,41,30,6
3158749,1,234,154,40,2,11,2,1,60,29,6
3215062,0,234,0,40,3,4,2,1,29,44,6
3184601,0,234,0,40,2,11,2,1,52,35,6
3217119,0,234,0,40,3,6,2,1,28,39,6
3180921,0,234,0,40,2,10,2,1,69,56,6
3181565,0,234,0,40,3,7,2,1,75,20,6
3207040,0,234,0,40,2,5,2,1,31,47,6
3218937,0,234,0,40,2,3,2,1,22,43,6
3229280,0,234,0,40,3,2,2,1,16,31,6
3217235,0,234,0,40,3,5,2,1,32,63,6
3231414,0,234,0,40,2,1,2,1,13,96,6
3231712,0,234,0,40,2,1,2,1,13,19,6
3228439,0,234,0,40,2,2,2,1,13,15,6
3175673,0,234,0,40,3,13,2,1,72,69,6
3228032,0,234,0,40,2,2,2,1,17,30,6
3219069,0,234,0,40,2,3,2,1,20,13,6
3210987,0,234,0,40,2,5,2,1,31,47,6
3204562,0,234,0,40,2,6,2,1,46,8,6
3224847,0,234,0,40,2,3,2,1,17,47,6
3152817,0,234,0,40,3,13,2,1,101,59,6
3213296,0,234,0,40,2,5,2,1,28,44,6
3214288,0,234,0,40,2,4,2,1,34,34,6
3232785,0,234,0,40,3,1,2,1,12,76,6
3233123,0,234,0,40,2,1,2,1,12,18,6
3233223,0,234,0,40,3,1,2,1,12,28,6
3165331,0,234,0,40,2,11,2,1,96,41,6
3198211,0,234,0,40,3,6,2,1,55,29,6
3225536,0,234,0,40,3,2,2,1,26,51,6
3202956,0,234,0,40,2,6,2,1,38,28,6
3221559,0,234,0,40,2,2,2,1,29,16,6
3222724,0,234,0,40,2,2,2,1,25,40,6
3204089,0,234,0,40,2,5,2,1,44,48,6
3177038,0,234,0,40,3,7,2,1,90,75,6
3225679,0,234,0,40,3,2,2,1,24,77,6
3221484,0,234,0,40,2,3,2,1,30,62,6
3194061,0,234,0,40,3,4,2,1,60,40,6
3183994,0,234,0,40,3,9,2,1,69,24,6
3200456,0,234,0,40,2,8,2,1,40,96,6
3198713,0,234,0,40,2,5,2,1,55,48,6
3206992,0,234,0,40,3,5,2,1,42,27,6
3196905,0,234,0,40,3,7,2,1,39,28,6
3158977,0,234,0,40,2,13,2,1,80,29,6
3203520,0,234,0,40,2,7,2,1,42,65,6
3200650,0,234,0,40,3,7,2,1,37,41,6
3166207,0,234,0,40,2,16,2,1,87,70,6
3191020,0,234,0,40,3,8,2,1,63,66,6
3223882,0,234,0,40,2,3,2,1,25,39,6
3206637,0,234,0,40,2,6,2,1,44,21,6
3227771,0,234,0,40,2,1,2,1,18,47,6
3230570,0,234,0,40,3,1,2,1,18,46,6
3230824,0,234,0,40,2,1,2,1,18,44,6
3228330,0,234,0,40,2,1,2,1,17,31,6
3229682,0,234,0,40,2,1,2,1,17,24,6
3230507,0,234,0,40,2,1,2,1,17,46,6
3231121,0,234,0,40,3,1,2,1,17,35,6
3166029,0,234,0,40,2,11,2,1,97,35,6
3217882,0,234,0,40,3,3,2,1,28,37,6
3208022,0,234,0,40,3,5,2,1,33,50,6
3221088,0,234,0,40,3,3,2,1,22,38,6
3227300,0,234,0,40,2,2,2,1,19,22,6
3169176,0,234,0,40,3,14,2,1,72,56,6
3227572,0,234,0,40,3,2,2,1,21,47,6
3207671,0,234,0,40,2,5,2,1,45,64,6
3228618,0,234,0,40,2,1,2,1,16,39,6
3153029,0,234,0,40,2,12,2,1,83,36,6
3224743,0,234,0,40,3,3,2,1,19,12,6
3191675,0,234,0,40,2,8,2,1,60,51,6
3222425,0,234,0,40,3,3,2,1,27,75,6
3214463,0,234,0,40,2,6,2,1,32,70,6
3231666,0,234,0,40,3,1,2,1,15,24,6
3232562,0,234,0,40,2,1,2,1,15,51,6
3215654,0,234,0,40,3,5,2,1,25,52,6
3220441,0,234,0,40,2,3,2,1,23,28,6
3156561,0,234,0,40,3,11,2,1,64,35,6
3227742,0,234,0,40,3,2,2,1,18,13,6
3205022,0,234,0,40,2,4,2,1,46,26,6
3226250,0,234,0,40,2,2,2,1,22,50,6
3224118,0,234,0,40,3,3,2,1,20,24,6
3229165,0,234,0,40,2,2,2,1,17,37,6
3177492,1,234,149,40,2,14,2,1,75,21,6
3225566,0,234,0,40,3,2,2,1,25,56,6
3186303,0,234,0,40,3,9,2,1,62,27,6
3215288,0,234,0,40,2,4,2,1,33,29,6
3233000,0,234,0,40,3,1,2,1,14,55,6
3194811,0,234,0,40,2,8,2,1,43,41,6
3187943,0,234,0,40,2,9,2,1,42,51,6
3154085,0,234,0,40,3,14,2,1,103,16,6
3213610,0,234,0,40,2,4,2,1,32,98,6
3201547,0,234,0,40,2,5,2,1,52,43,6
3213483,0,234,0,40,2,5,2,1,34,81,6
3214706,0,234,0,40,2,6,2,1,24,77,6
3199176,0,234,0,40,3,5,2,1,60,30,6
3221163,0,234,0,40,2,3,2,1,21,59,6
3222387,0,234,0,40,3,3,2,1,27,90,6
3187963,0,234,0,40,2,10,2,1,66,34,6
3200738,0,234,0,40,2,8,2,1,43,71,6
3216414,0,234,0,40,3,4,2,1,23,80,6
3198811,0,234,0,40,3,5,2,1,39,17,6
3188063,0,234,0,40,2,10,2,1,53,44,6
3214578,0,234,0,40,2,4,2,1,21,40,6
3218433,0,234,0,40,3,6,2,1,26,40,6
3205483,0,234,0,40,3,5,2,1,41,89,6
3183054,0,234,0,40,3,8,2,1,62,74,6
3226445,0,234,0,40,3,4,2,1,18,58,6
3211218,0,234,0,40,3,7,2,1,29,62,6
3196336,0,234,0,40,2,7,2,1,55,53,6
3232943,0,234,0,40,3,1,2,1,12,55,6
3233691,0,234,0,40,2,1,2,1,12,62,6
3233771,0,234,0,40,2,1,2,1,12,38,6
3234125,0,234,0,40,2,1,2,1,12,37,6
3171491,0,234,0,40,3,11,2,1,94,46,6
3183636,1,234,144,31.3948,3,9,2,1,62,25,6
3225165,0,234,0,40,3,1,2,1,29,67,6
3218029,0,234,0,40,3,3,2,1,36,21,6
3159943,0,234,0,40,3,9,2,1,105,47,6
3217741,0,234,0,40,3,3,2,1,32,108,6
3170261,0,234,0,40,3,13,2,1,82,49,6
3179845,0,234,0,40,3,13,2,1,73,40,6
3219896,0,234,0,40,2,3,2,1,29,27,6
3227879,0,234,0,40,3,1,2,1,22,40,6
3197062,0,234,0,40,2,5,2,1,63,12,6
3175835,0,234,0,40,3,7,2,1,93,73,6
3229021,0,234,0,40,2,1,2,1,21,29,6
3210076,0,234,0,40,2,5,2,1,30,42,6
3192000,0,234,0,40,2,8,2,1,49,43,6
3211088,0,234,0,40,2,4,2,1,43,48,6
3223284,0,234,0,40,3,2,2,1,26,28,6
3231193,0,234,0,40,2,1,2,1,18,36,6
3217402,0,234,0,40,2,3,2,1,28,38,6
3223315,0,234,0,40,2,3,2,1,26,29,6
3189912,0,234,0,40,2,10,2,1,59,37,6
3205461,0,234,0,40,3,4,2,1,52,49,6
3220182,0,234,0,40,3,2,2,1,28,37,6
3205544,0,234,0,40,3,5,2,1,45,43,6
3196472,0,234,0,40,3,9,2,1,54,68,6
3228889,0,234,0,40,3,2,2,1,17,55,6
3220266,0,234,0,40,2,4,2,1,26,32,6
3231514,0,234,0,40,2,1,2,1,16,30,6
3224242,0,234,0,40,3,2,2,1,23,49,6
3222699,0,234,0,40,3,3,2,1,23,12,6
3166697,0,234,0,40,2,15,2,1,82,78,6
3196354,0,234,0,40,2,7,2,1,36,30,6
3215497,0,234,0,40,2,4,2,1,35,46,6
3203060,0,234,0,40,3,5,2,1,44,67,6
3227214,0,234,0,40,2,3,2,1,19,25,6
3232610,0,234,0,40,2,1,2,1,15,34,6
3210687,0,234,0,40,2,5,2,1,30,26,6
3193955,0,234,0,40,3,8,2,1,45,48,6
3183170,1,234,132,38.8168,2,13,2,1,60,79,6
3229621,0,234,0,40,3,3,2,1,17,32,6
3232897,0,234,0,40,2,1,2,1,14,39,6
3233029,0,234,0,40,3,1,2,1,14,28,6
3189207,0,234,0,40,2,8,2,1,59,90,6
3214297,0,234,0,40,3,5,2,1,26,29,6
3211437,0,234,0,40,3,3,2,1,38,73,6
3226001,0,234,0,40,2,2,2,1,19,95,6
3215455,0,234,0,40,3,4,2,1,30,65,6
3218105,0,234,0,40,3,3,2,1,33,48,6
3155177,0,234,0,40,2,10,2,1,102,40,6
3210499,0,234,0,40,3,6,2,1,36,60,6
3157421,0,234,0,40,3,11,2,1,72,39,6
3232703,0,234,0,40,2,1,2,1,13,71,6
3221634,0,234,0,40,2,2,2,1,24,87,6
3207509,0,234,0,40,2,6,2,1,34,64,6
3230221,0,234,0,40,3,2,2,1,14,82,6
3159188,0,234,0,40,2,13,2,1,84,64,6
3222971,0,234,0,40,2,3,2,1,22,25,6
3197982,0,234,0,40,2,7,2,1,48,40,6
3160681,0,234,0,40,2,20,2,1,113,23,6
3200151,0,234,0,40,2,9,2,1,36,68,6
3187506,0,234,0,40,2,8,2,1,55,49,6
3204784,0,234,0,40,2,6,2,1,44,67,6
3219801,0,234,0,40,2,2,2,1,35,41,6
3220485,0,234,0,40,3,2,2,1,33,34,6
3223361,0,234,0,40,2,2,2,1,29,53,6
3205368,0,234,0,40,3,6,2,1,42,35,6
3226193,0,234,0,40,3,2,2,1,24,37,6
3215862,0,234,0,40,2,4,2,1,35,34,6
3191145,0,234,0,40,3,8,2,1,55,49,6
3207112,0,234,0,40,3,4,2,1,44,55,6
3229435,0,234,0,40,3,2,2,1,22,17,6
3210654,0,234,0,40,2,3,2,1,41,67,6
3180727,0,234,0,40,3,11,2,1,64,47,6
3202335,0,234,0,40,3,9,2,1,41,56,6
3230905,0,234,0,40,2,1,2,1,19,44,6
3224846,0,234,0,40,3,3,2,1,22,60,6
3231489,0,234,0,40,3,1,2,1,18,95,6
3211426,0,234,0,40,3,4,2,1,46,24,6
3225350,0,234,0,40,2,2,2,1,19,113,6
3179001,1,234,130,33.6872,3,11,2,1,72,60,6
3226836,0,234,0,40,3,2,2,1,23,38,6
3223301,0,234,0,40,2,3,2,1,29,55,6
3160351,0,234,0,40,2,12,2,1,82,58,6
3201459,0,234,0,40,2,7,2,1,40,12,6
3186376,1,234,144,19.9796,3,12,2,1,49,26,6
3231038,0,234,0,40,2,1,2,1,16,51,6
3232964,0,234,0,40,3,1,2,1,16,61,6
3218238,0,234,0,40,3,4,2,1,26,50,6
3152648,0,234,0,40,3,7,2,1,79,37,6
3218317,0,234,0,40,2,5,2,1,31,62,6
3232865,0,234,0,40,2,1,2,1,15,38,6
3233073,0,234,0,40,2,1,2,1,15,12,6
3223216,0,234,0,40,2,4,2,1,20,18,6
3208222,0,234,0,40,3,5,2,1,42,73,6
3210912,0,234,0,40,3,6,2,1,30,22,6
3153876,0,234,0,40,3,14,2,1,58,21,6
3191930,0,234,0,40,3,10,2,1,55,52,6
3233256,0,234,0,40,2,1,2,1,14,113,6
3233957,0,234,0,40,2,1,2,1,14,28,6
3218456,1,234,223,35.7563,2,4,2,1,28,68,6
3172576,0,234,0,40,2,11,2,1,84,76,6
3200392,0,234,0,40,2,7,2,1,54,35,6
3231286,0,234,0,40,3,1,2,1,13,37,6
3233902,0,234,0,40,2,1,2,1,13,31,6
3234244,0,234,0,40,3,1,2,1,13,63,6
3224361,0,234,0,40,3,3,2,1,19,49,6
3201536,0,234,0,40,2,6,2,1,36,54,6
3204792,0,234,0,40,3,6,2,1,44,25,6
3225480,0,234,0,40,2,2,2,1,20,41,6
3221740,0,234,0,40,3,3,2,1,28,42,6
3222370,0,234,0,40,2,3,2,1,24,36,6
3232915,0,234,0,40,2,1,2,1,12,37,6
3233684,0,234,0,40,2,1,2,1,12,36,6
3234636,0,234,0,40,3,1,2,1,12,57,6
3219435,0,234,0,40,3,2,2,1,33,38,6
3201583,0,234,0,40,2,5,2,1,51,46,6
3227545,0,234,0,40,3,2,2,1,26,77,6
3228726,0,234,0,40,2,1,2,1,23,21,6
3164661,0,234,0,40,2,14,2,1,104,32,6
3226995,0,234,0,40,2,2,2,1,21,39,6
3231132,0,234,0,40,3,1,2,1,19,55,6
3226966,0,234,0,40,3,2,2,1,19,41,6
3209764,0,234,0,40,2,6,2,1,41,36,6
3232490,0,234,0,40,3,1,2,1,18,58,6
3210233,0,234,0,40,2,3,2,1,45,23,6
3197563,0,234,0,40,3,6,2,1,56,48,6
3191230,0,234,0,40,2,10,2,1,50,61,6
3163220,1,234,216,31.397,2,17,2,1,105,38,6
3200229,0,234,0,40,3,8,2,1,45,114,6
3170525,1,234,176,39.9198,2,14,2,1,80,57,6
3164703,0,234,0,40,3,15,2,1,105,51,6
3233296,0,234,0,40,2,1,2,1,15,29,6
3155360,1,234,121,21.2732,3,14,2,1,79,72,6
3216073,0,234,0,40,3,4,2,1,30,37,6
3222797,0,234,0,40,3,4,2,1,23,56,6
3208523,0,234,0,40,2,6,2,1,32,44,6
3233102,0,234,0,40,3,1,2,1,13,13,6
3151069,0,234,0,40,3,11,2,1,75,29,6
3229485,0,234,0,40,2,2,2,1,19,87,6
3231025,0,234,0,40,2,2,2,1,17,20,6
3231947,0,234,0,40,3,1,2,1,20,47,6
3154050,0,234,0,40,2,9,2,1,79,68,6
3208341,0,234,0,40,3,4,2,1,47,27,6
3228831,0,234,0,40,2,2,2,1,19,20,6
3221186,0,234,0,40,3,4,2,1,17,36,6
3215557,0,234,0,40,3,5,2,1,39,60,6
3233912,0,234,0,40,2,0,2,1,11,31,6
3234411,0,234,0,40,3,0,2,1,11,56,6
3234799,0,234,0,40,3,0,2,1,11,55,6
3234911,0,234,0,40,2,0,2,1,11,37,6
3234959,0,234,0,40,2,0,2,1,11,40,6
3235023,0,234,0,40,3,0,2,1,11,63,6
3235071,0,234,0,40,2,0,2,1,11,99,6
3235233,0,234,0,40,2,0,2,1,11,37,6
3235305,0,234,0,40,3,0,2,1,11,90,6
3235313,0,234,0,40,3,0,2,1,11,50,6
3235377,0,234,0,40,3,0,2,1,11,23,6
3235433,0,234,0,40,2,0,2,1,11,57,6
3235601,0,234,0,40,2,0,2,1,11,39,6
3235609,0,234,0,40,3,0,2,1,11,43,6
3235680,0,234,0,40,2,0,2,1,11,69,6
3235700,0,234,0,40,3,0,2,1,11,42,6
3235720,0,234,0,40,3,0,2,1,11,17,6
3235760,0,234,0,40,3,0,2,1,11,31,6
3235792,0,234,0,40,3,0,2,1,11,44,6
3235816,0,234,0,40,2,0,2,1,11,88,6
3235860,0,234,0,40,2,0,2,1,11,40,6
3235896,0,234,0,40,3,0,2,1,11,47,6
3235920,0,234,0,40,3,0,2,1,11,19,6
3235960,0,234,0,40,3,0,2,1,11,23,6
3235964,0,234,0,40,3,0,2,1,11,41,6
3235972,0,234,0,40,3,0,2,1,11,53,6
3235976,0,234,0,40,2,0,2,1,11,36,6
3236012,0,234,0,40,3,0,2,1,11,35,6
3236024,0,234,0,40,3,0,2,1,11,85,6
3236080,0,234,0,40,2,0,2,1,11,41,6
3236096,0,234,0,40,3,0,2,1,11,30,6
3236108,0,234,0,40,2,0,2,1,11,27,6
3236112,0,234,0,40,3,0,2,1,11,39,6
3236124,0,234,0,40,3,0,2,1,11,15,6
3236136,0,234,0,40,3,0,2,1,11,62,6
3236144,0,234,0,40,2,0,2,1,11,50,6
3236180,0,234,0,40,2,0,2,1,11,86,6
3236191,0,234,0,40,3,0,2,1,11,32,6
3236193,0,234,0,40,3,0,2,1,11,78,6
3236207,0,234,0,40,2,0,2,1,11,21,6
3236219,0,234,0,40,3,0,2,1,11,25,6
3236227,0,234,0,40,3,0,2,1,11,42,6
3236241,0,234,0,40,2,0,2,1,11,37,6
3236251,0,234,0,40,2,0,2,1,11,34,6
3236253,0,234,0,40,3,0,2,1,11,91,6
3236261,0,234,0,40,3,0,2,1,11,22,6
3236275,0,234,0,40,3,0,2,1,11,25,6
3236283,0,234,0,40,3,0,2,1,11,30,6
3236307,0,234,0,40,3,0,2,1,11,38,6
3236321,0,234,0,40,3,0,2,1,11,7,6
3236325,0,234,0,40,3,0,2,1,11,13,6
3236327,0,234,0,40,2,0,2,1,11,28,6
3236333,0,234,0,40,3,0,2,1,11,31,6
3236337,0,234,0,40,3,0,2,1,11,55,6
3236349,0,234,0,40,3,0,2,1,11,68,6
3236359,0,234,0,40,3,0,2,1,11,15,6
3236371,0,234,0,40,2,0,2,1,11,35,6
3236395,0,234,0,40,3,0,2,1,11,48,6
3236397,0,234,0,40,3,0,2,1,11,48,6
3236413,0,234,0,40,2,0,2,1,11,33,6
3236421,0,234,0,40,2,0,2,1,11,21,6
3236439,0,234,0,40,2,0,2,1,11,17,6
3236441,0,234,0,40,3,0,2,1,11,26,6
3236451,0,234,0,40,3,0,2,1,11,23,6
3236485,0,234,0,40,2,0,2,1,11,45,6
3236499,0,234,0,40,3,0,2,1,11,86,6
3236503,0,234,0,40,2,0,2,1,11,34,6
3236509,0,234,0,40,2,0,2,1,11,63,6
3236513,0,234,0,40,3,0,2,1,11,52,6
3236519,0,234,0,40,3,0,2,1,11,22,6
3236525,0,234,0,40,2,0,2,1,11,25,6
3236535,0,234,0,40,2,0,2,1,11,37,6
3236537,0,234,0,40,3,0,2,1,11,38,6
3236541,0,234,0,40,2,0,2,1,11,45,6
3236559,0,234,0,40,2,0,2,1,11,55,6
3236567,0,234,0,40,3,0,2,1,11,40,6
3236573,0,234,0,40,2,0,2,1,11,26,6
3236595,0,234,0,40,2,0,2,1,11,60,6
3236627,0,234,0,40,2,0,2,1,11,60,6
3236629,0,234,0,40,2,0,2,1,11,28,6
3236633,0,234,0,40,3,0,2,1,11,28,6
3236637,0,234,0,40,3,0,2,1,11,78,6
3236645,0,234,0,40,3,0,2,1,11,36,6
3236653,0,234,0,40,2,0,2,1,11,74,6
3236657,0,234,0,40,3,0,2,1,11,19,6
3236685,0,234,0,40,3,0,2,1,11,46,6
3236701,0,234,0,40,2,0,2,1,11,17,6
3181614,0,234,0,40,3,11,2,1,50,27,6
3218018,0,234,0,40,3,2,2,1,25,9,6
3198213,0,234,0,40,3,5,2,1,52,14,6
3220802,0,234,0,40,2,4,2,1,20,17,6
3226572,0,234,0,40,2,1,2,1,11,32,6
3155422,0,234,0,40,2,12,2,1,72,70,6
3159397,0,234,0,40,2,5,2,1,65,14,6
3213755,0,234,0,40,2,2,2,1,38,22,6
3161727,0,234,0,40,2,11,2,1,67,23,6
3211456,0,234,0,40,2,4,2,1,34,42,6
3184712,1,234,150,28.2971,3,9,2,1,53,106,6
3207481,0,234,0,40,3,4,2,1,28,66,6
3225226,0,234,0,40,2,2,2,1,18,45,6
3205295,0,234,0,40,3,7,2,1,43,47,6
3208603,0,234,0,40,2,6,2,1,30,25,6
3216601,0,234,0,40,3,1,2,1,37,52,6
3220257,0,234,0,40,3,3,2,1,25,58,6
3171089,1,234,130,40,2,13,2,1,60,30,6
3225144,0,234,0,40,3,2,2,1,14,75,6
3150234,1,234,119,30.9382,3,9,2,1,70,66,6
3228114,0,234,0,40,3,2,2,1,13,24,6
3214659,0,234,0,40,3,4,2,1,30,92,6
3190981,0,234,0,40,2,7,2,1,60,35,6
3216324,0,234,0,40,3,2,2,1,28,14,6
3216608,0,234,0,40,2,4,2,1,25,32,6
3208956,0,234,0,40,3,4,2,1,33,29,6
3184392,0,234,0,40,3,9,2,1,65,44,6
3206469,0,234,0,40,3,4,2,1,49,25,6
3158382,0,234,0,40,3,15,2,1,90,57,6
3205622,0,234,0,40,2,7,2,1,37,40,6
3206913,0,234,0,40,2,5,2,1,36,32,6
3221013,0,234,0,40,3,4,2,1,16,35,6
3226738,0,234,0,40,3,2,2,1,17,63,6
3172997,1,234,130,40,2,13,2,1,81,37,6
3231701,0,234,0,40,2,1,2,1,11,35,6
3205915,0,234,0,40,2,5,2,1,46,49,6
3198346,0,234,0,40,3,6,2,1,44,53,6
3169079,0,234,0,40,3,12,2,1,82,43,6
3197627,0,234,0,40,3,6,2,1,53,34,6
3222814,0,234,0,40,2,2,2,1,22,18,6
3225880,0,234,0,40,3,2,2,1,21,48,6
3210183,0,234,0,40,3,5,2,1,34,51,6
3191729,0,234,0,40,3,5,2,1,67,46,6
3189933,0,234,0,40,2,10,2,1,54,60,6
3221946,0,234,0,40,3,3,2,1,20,24,6
3229903,0,234,0,40,3,1,2,1,15,30,6
3192445,0,234,0,40,2,6,2,1,60,33,6
3214776,0,234,0,40,3,3,2,1,39,55,6
3180635,0,234,0,40,2,9,2,1,72,55,6
3223517,0,234,0,40,2,3,2,1,20,58,6
3220225,0,234,0,40,2,4,2,1,22,30,6
3210238,0,234,0,40,2,4,2,1,29,49,6
3192109,0,234,0,40,2,8,2,1,55,35,6
3230866,0,234,0,40,2,2,2,1,13,42,6
3224345,0,234,0,40,3,3,2,1,14,82,6
3226225,0,234,0,40,3,3,2,1,14,21,6
3232124,0,234,0,40,2,1,2,1,11,57,6
3193110,0,234,0,40,2,5,2,1,57,49,6
3194156,0,234,0,40,3,6,2,1,49,19,6
3212545,0,234,0,40,3,3,2,1,40,19,6
3218293,0,234,0,40,3,2,2,1,35,45,6
3159185,0,234,0,40,2,9,2,1,112,56,6
3204653,0,234,0,40,2,6,2,1,44,33,6
3207744,0,234,0,40,3,2,2,1,47,33,6
3223963,0,234,0,40,3,2,2,1,23,31,6
3229685,0,234,0,40,2,1,2,1,17,21,6
3197689,0,234,0,40,3,10,2,1,42,42,6
3210475,0,234,0,40,3,5,2,1,40,66,6
3229432,0,234,0,40,2,1,2,1,16,51,6
3221728,0,234,0,40,3,3,2,1,23,48,6
3218489,0,234,0,40,3,4,2,1,24,65,6
3215040,0,234,0,40,3,4,2,1,29,36,6
3229606,0,234,0,40,3,1,2,1,15,97,6
3230646,0,234,0,40,2,1,2,1,15,48,6
3178229,0,234,0,40,3,10,2,1,56,18,6
3217067,0,234,0,40,2,5,2,1,23,66,6
3211359,0,234,0,40,3,3,2,1,38,28,6
3212147,0,234,0,40,3,3,2,1,44,26,6
3218774,0,234,0,40,3,4,2,1,22,42,6
3230527,0,234,0,40,3,1,2,1,14,34,6
3196929,0,234,0,40,2,9,2,1,45,84,6
3224760,0,234,0,40,3,3,2,1,15,98,6
3219179,0,234,0,40,2,3,2,1,27,50,6
3227035,0,234,0,40,3,3,2,1,17,52,6
3231505,0,234,0,40,3,1,2,1,13,43,6
3231975,0,234,0,40,2,1,2,1,13,44,6
3189548,0,234,0,40,3,7,2,1,61,42,6
3204799,0,234,0,40,2,5,2,1,40,30,6
3151333,0,234,0,40,2,17,2,1,81,40,6
3218628,0,234,0,40,2,3,2,1,26,34,6
3217145,0,234,0,40,3,5,2,1,28,27,6
3192102,0,234,0,40,2,5,2,1,58,45,6
3231442,0,234,0,40,2,1,2,1,12,50,6
3220552,0,234,0,40,2,3,2,1,16,42,6
3162481,1,234,185,35.6185,2,12,2,1,105,67,6
3205708,0,234,0,40,2,5,2,1,48,61,6
3229441,0,234,0,40,2,2,2,1,12,48,6
3213403,0,234,0,40,3,5,2,1,27,14,6
3190710,0,234,0,40,3,9,2,1,49,7,6
3214033,0,234,0,40,3,5,2,1,27,57,6
3207318,0,234,0,40,3,3,2,1,46,33,6
3199477,0,234,0,40,2,5,2,1,43,50,6
3196431,0,234,0,40,3,6,2,1,50,53,6
3193372,0,234,0,40,2,7,2,1,49,66,6
3191718,0,234,0,40,3,7,2,1,55,27,6
3194829,0,234,0,40,2,5,2,1,48,49,6
3224365,0,234,0,40,3,1,2,1,26,40,6
3159217,0,234,0,40,2,12,2,1,69,34,6
3204536,0,234,0,40,2,6,2,1,39,30,6
3205030,0,234,0,40,3,5,2,1,47,22,6
3218462,0,234,0,40,3,3,2,1,27,59,6
3207718,0,234,0,40,2,4,2,1,40,43,6
3217801,0,234,0,40,2,3,2,1,29,38,6
3193453,0,234,0,40,2,5,2,1,63,14,6
3217267,0,234,0,40,3,3,2,1,30,25,6
3225826,0,234,0,40,3,2,2,1,21,35,6
3227614,0,234,0,40,2,1,2,1,20,17,6
3215202,0,234,0,40,3,3,2,1,32,22,6
3201897,0,234,0,40,3,7,2,1,46,41,6
3195424,0,234,0,40,3,7,2,1,58,41,6
3201298,0,234,0,40,3,4,2,1,50,35,6
3223224,0,234,0,40,2,2,2,1,21,64,6
3206087,0,234,0,40,2,3,2,1,43,48,6
3225563,0,234,0,40,3,2,2,1,21,31,6
3221530,0,234,0,40,3,4,2,1,25,127,6
3227702,0,234,0,40,2,2,2,1,21,70,6
3155615,0,234,0,40,3,11,2,1,110,15,6
3229922,0,234,0,40,2,1,2,1,16,20,6
3171662,0,234,0,40,3,9,2,1,86,28,6
3199925,0,234,0,40,3,6,2,1,46,46,6
3217226,0,234,0,40,3,4,2,1,28,29,6
3197646,0,234,0,40,2,7,2,1,44,41,6
3217809,0,234,0,40,3,4,2,1,33,68,6
3201155,0,234,0,40,3,9,2,1,49,26,6
3231424,0,234,0,40,2,1,2,1,14,36,6
3231621,0,234,0,40,3,1,2,1,14,17,6
3224887,0,234,0,40,2,2,2,1,17,50,6
3220718,0,234,0,40,2,4,2,1,20,41,6
3228315,0,234,0,40,3,2,2,1,15,69,6
3196436,0,234,0,40,3,6,2,1,51,38,6
3227777,0,234,0,40,3,2,2,1,16,50,6
3187869,0,234,0,40,3,9,2,1,69,80,6
3231646,0,234,0,40,3,1,2,1,13,11,6
3232468,0,234,0,40,2,1,2,1,13,38,6
3227142,0,234,0,40,3,2,2,1,14,28,6
3226285,0,234,0,40,3,2,2,1,19,39,6
3213937,0,234,0,40,2,4,2,1,23,45,6
3175674,0,234,0,40,2,12,2,1,89,39,6
3207400,0,234,0,40,2,6,2,1,26,37,6
3226887,1,234,220,40,2,3,2,1,16,49,6
3222999,0,234,0,40,2,3,2,1,24,53,6
3231440,0,234,0,40,3,2,2,1,13,16,6
3231880,0,234,0,40,2,1,2,1,12,50,6
3232850,0,234,0,40,3,1,2,1,12,31,6
3220610,0,234,0,40,3,4,2,1,17,39,6
3205585,0,234,0,40,2,6,2,1,35,76,6
3228503,0,234,0,40,2,2,2,1,14,53,6
3199023,0,234,0,40,3,6,2,1,46,33,6
3222860,0,234,0,40,3,3,2,1,21,25,6
3164255,0,234,0,40,2,15,2,1,88,53,6
3168335,0,234,0,40,3,13,2,1,82,52,6
3209730,0,234,0,40,3,7,2,1,34,42,6
3224469,0,234,0,40,2,3,2,1,18,48,6
3233519,0,234,0,40,2,1,2,1,11,50,6
3185203,0,234,0,40,3,5,2,1,81,28,6
3209901,0,234,0,40,3,3,2,1,46,26,6
3199091,0,234,0,40,3,7,2,1,49,30,6
3186210,0,234,0,40,3,10,2,1,65,51,6
3161683,0,234,0,40,2,8,2,1,76,50,6
3207247,0,234,0,40,3,4,2,1,47,33,6
3225767,0,234,0,40,3,1,2,1,25,56,6
3199969,0,234,0,40,3,6,2,1,42,31,6
3208994,0,234,0,40,2,3,2,1,44,63,6
3205197,0,234,0,40,3,5,2,1,41,68,6
3220476,0,234,0,40,2,3,2,1,29,14,6
3194927,0,234,0,40,2,8,2,1,60,79,6
3220352,0,234,0,40,2,3,2,1,23,48,6
3220256,0,234,0,40,2,3,2,1,24,40,6
3223403,0,234,0,40,2,3,2,1,24,66,6
3205298,0,234,0,40,3,8,2,1,33,48,6
3182959,0,234,0,40,3,10,2,1,65,34,6
3215199,0,234,0,40,2,5,2,1,26,60,6
3224686,0,234,0,40,3,3,2,1,25,51,6
3180963,0,234,0,40,3,11,2,1,68,107,6
3180906,1,234,127,40,2,9,2,1,72,18,6
3224671,0,234,0,40,3,2,2,1,21,38,6
3223706,0,234,0,40,3,2,2,1,18,18,6
3218863,0,234,0,40,3,2,2,1,30,33,6
3220512,0,234,0,40,2,3,2,1,25,29,6
3217466,0,234,0,40,2,3,2,1,34,44,6
3212866,0,234,0,40,3,6,2,1,29,21,6
3205729,0,234,0,40,2,4,2,1,48,55,6
3230638,0,234,0,40,2,1,2,1,17,57,6
3230846,0,234,0,40,2,1,2,1,17,48,6
3222930,0,234,0,40,2,2,2,1,22,53,6
3225393,0,234,0,40,3,3,2,1,23,41,6
3231413,0,234,0,40,2,1,2,1,16,126,6
3201697,0,234,0,40,2,6,2,1,48,87,6
3227078,0,234,0,40,2,2,2,1,20,32,6
3230240,0,234,0,40,3,1,2,1,15,46,6
3231775,0,234,0,40,3,1,2,1,15,51,6
3159348,0,234,0,40,3,13,2,1,70,73,6
3204823,0,234,0,40,2,5,2,1,37,30,6
3199249,1,234,221,20.1649,3,8,2,1,49,43,6
3222243,0,234,0,40,3,3,2,1,28,50,6
3231458,0,234,0,40,2,1,2,1,14,28,6
3231938,0,234,0,40,2,1,2,1,14,26,6
3182636,0,234,0,40,3,9,2,1,79,13,6
3202245,0,234,0,40,2,7,2,1,36,48,6
3199439,0,234,0,40,3,6,2,1,45,28,6
3224886,0,234,0,40,2,3,2,1,23,38,6
3202091,0,234,0,40,2,6,2,1,48,39,6
3217215,0,234,0,40,3,4,2,1,34,39,6
3206096,0,234,0,40,2,5,2,1,45,53,6
3213440,0,234,0,40,2,4,2,1,32,22,6
3155728,0,234,0,40,3,14,2,1,78,55,6
3162003,0,234,0,40,2,17,2,1,98,34,6
3182040,1,234,221,40,2,8,2,1,72,64,6
3188675,0,234,0,40,2,8,2,1,62,31,6
3197359,0,234,0,40,3,6,2,1,53,38,6
3206105,0,234,0,40,2,5,2,1,39,26,6
3199672,0,234,0,40,3,8,2,1,41,52,6
3233191,0,234,0,40,3,1,2,1,12,37,6
3233413,0,234,0,40,3,1,2,1,12,65,6
3193839,0,234,0,40,2,8,2,1,39,53,6
3197268,0,234,0,40,2,8,2,1,42,26,6
3229487,0,234,0,40,3,2,2,1,12,69,6
3153603,1,234,133,40,2,16,2,1,68,47,6
3210295,0,234,0,40,3,5,2,1,36,59,6
3187566,0,234,0,40,2,12,2,1,47,25,6
3157648,0,234,0,40,3,14,2,1,108,42,6
3202531,0,234,0,40,2,7,2,1,36,45,6
3227534,0,234,0,40,3,3,2,1,16,37,6
3220698,0,234,0,40,3,3,2,1,28,58,6
3163613,0,234,0,40,2,15,2,1,99,28,6
3233713,0,234,0,40,3,1,2,1,11,26,6
3159200,0,234,0,40,3,3,2,1,72,26,6
3220723,0,234,0,40,3,2,2,1,33,37,6
3198243,1,234,200,32.2832,2,6,2,1,66,60,6
3187089,0,234,0,40,3,8,2,1,65,47,6
3210816,0,234,0,40,3,3,2,1,42,36,6
3202539,0,234,0,40,2,5,2,1,54,22,6
3218543,0,234,0,40,3,4,2,1,33,65,6
3211897,0,234,0,40,3,4,2,1,37,27,6
3220831,0,234,0,40,3,2,2,1,30,54,6
3224801,0,234,0,40,2,2,2,1,26,77,6
3228113,0,234,0,40,2,1,2,1,22,36,6
3174573,0,234,0,40,2,8,2,1,92,74,6
3161453,0,234,0,40,3,13,2,1,112,90,6
3218240,0,234,0,40,3,2,2,1,24,77,6
3188274,0,234,0,40,2,8,2,1,54,30,6
3227266,0,234,0,40,3,1,2,1,19,27,6
3229684,0,234,0,40,2,1,2,1,19,73,6
3180777,0,234,0,40,2,10,2,1,70,41,6
3197825,0,234,0,40,2,8,2,1,46,58,6
3215879,0,234,0,40,2,2,2,1,38,25,6
3156344,0,234,0,40,3,13,2,1,105,63,6
3225513,0,234,0,40,2,2,2,1,23,23,6
3199765,0,234,0,40,2,8,2,1,49,91,6
3187886,0,234,0,40,3,10,2,1,55,52,6
3151432,0,234,0,40,2,12,2,1,84,22,6
3219006,0,234,0,40,2,3,2,1,29,24,6
3170569,0,234,0,40,2,13,2,1,90,68,6
3216487,0,234,0,40,2,4,2,1,24,25,6
3217163,0,234,0,40,2,4,2,1,27,84,6
3168199,0,234,0,40,2,15,2,1,84,50,6
3231483,0,234,0,40,2,1,2,1,16,78,6
3231765,0,234,0,40,3,1,2,1,16,75,6
3188064,0,234,0,40,3,8,2,1,52,25,6
3194844,0,234,0,40,3,6,2,1,49,27,6
3194771,0,234,0,40,3,6,2,1,60,33,6
3222189,0,234,0,40,3,5,2,1,22,81,6
3213830,0,234,0,40,3,4,2,1,30,44,6
3231818,0,234,0,40,3,1,2,1,15,57,6
3213224,0,234,0,40,3,4,2,1,31,37,6
3208259,0,234,0,40,2,6,2,1,36,30,6
3194033,0,234,0,40,3,6,2,1,54,18,6
3181808,0,234,0,40,3,8,2,1,58,45,6
3204264,0,234,0,40,2,6,2,1,49,65,6
3229918,0,234,0,40,2,2,2,1,15,63,6
3210388,0,234,0,40,3,4,2,1,42,73,6
3226670,0,234,0,40,3,3,2,1,18,51,6
3174994,0,234,0,40,2,11,2,1,75,17,6
3214569,0,234,0,40,3,5,2,1,32,35,6
3215727,0,234,0,40,2,4,2,1,31,17,6
3223709,0,234,0,40,3,3,2,1,23,32,6
3219855,0,234,0,40,2,4,2,1,23,56,6
3157183,0,234,0,40,3,12,2,1,91,33,6
3228841,0,234,0,40,2,2,2,1,18,33,6
3225039,0,234,0,40,3,3,2,1,19,58,6
3199242,0,234,0,40,3,8,2,1,40,23,6
3231374,0,234,0,40,2,1,2,1,13,31,6
3232601,0,234,0,40,2,1,2,1,13,114,6
3232737,0,234,0,40,3,1,2,1,13,29,6
3225289,0,234,0,40,3,2,2,1,22,55,6
3223386,0,234,0,40,2,2,2,1,22,72,6
3207883,0,234,0,40,2,6,2,1,38,47,6
3197355,0,234,0,40,3,6,2,1,55,40,6
3222771,0,234,0,40,2,2,2,1,29,52,6
3209833,0,234,0,40,3,5,2,1,39,31,6
3153040,0,234,0,40,2,12,2,1,88,60,6
3198481,0,234,0,40,3,7,2,1,41,77,6
3232879,0,234,0,40,3,1,2,1,12,28,6
3233697,0,234,0,40,2,1,2,1,12,51,6
3234043,0,234,0,40,3,1,2,1,12,49,6
3234063,0,234,0,40,3,1,2,1,12,10,6
3212305,0,234,0,40,2,4,2,1,33,45,6
3220477,0,234,0,40,3,4,2,1,19,14,6
3204945,0,234,0,40,3,7,2,1,39,61,6
3228600,0,234,0,40,3,2,2,1,16,84,6
3184467,0,234,0,40,3,10,2,1,62,64,6
3183252,0,234,0,40,2,10,2,1,64,41,6
3188394,0,234,0,40,2,7,2,1,66,27,6
3231175,0,234,0,40,2,2,2,1,13,59,6
3205937,0,234,0,40,3,6,2,1,35,44,6
3216558,0,234,0,40,3,4,2,1,31,31,6
3198422,0,234,0,40,3,8,2,1,47,41,6
3224123,0,234,0,40,3,3,2,1,24,33,6
3166829,1,234,206,28.8592,3,15,2,1,91,26,6
3214175,0,234,0,40,3,5,2,1,33,32,6
3233682,0,234,0,40,2,1,2,1,11,29,6
3234194,0,234,0,40,2,1,2,1,11,41,6
3214208,0,234,0,40,2,3,2,1,40,47,6
3214166,1,234,191,21.955,3,2,2,1,36,59,6
3177721,1,234,130,40,2,8,2,1,86,56,6
3213058,0,234,0,40,2,4,2,1,42,53,6
3194949,1,234,223,16.6635,3,7,2,1,65,37,6
3226086,0,234,0,40,3,1,2,1,26,27,6
3167124,0,234,0,40,3,13,2,1,108,56,6
3210180,0,234,0,40,3,2,2,1,49,55,6
3171382,0,234,0,40,2,12,2,1,92,36,6
3228637,0,234,0,40,3,1,2,1,23,60,6
3197565,0,234,0,40,2,6,2,1,54,20,6
3221985,0,234,0,40,3,3,2,1,30,62,6
3200472,0,234,0,40,3,7,2,1,46,61,6
3216934,0,234,0,40,2,3,2,1,35,10,6
3224796,0,234,0,40,3,2,2,1,28,65,6
3212780,0,234,0,40,2,3,2,1,43,28,6
3216117,0,234,0,40,3,4,2,1,35,33,6
3202837,0,234,0,40,2,6,2,1,47,55,6
3224374,0,234,0,40,3,2,2,1,22,35,6
3219708,0,234,0,40,3,2,2,1,31,45,6
3218197,0,234,0,40,3,3,2,1,31,15,6
3193809,0,234,0,40,2,6,2,1,53,32,6
3223424,0,234,0,40,2,3,2,1,24,42,6
3224649,0,234,0,40,2,2,2,1,20,30,6
3178741,0,234,0,40,3,8,2,1,82,49,6
3227284,0,234,0,40,2,2,2,1,18,27,6
3176249,0,234,0,40,3,10,2,1,75,13,6
3232021,0,234,0,40,2,1,2,1,17,24,6
3169691,0,234,0,40,3,12,2,1,77,19,6
3223802,0,234,0,40,2,3,2,1,19,43,6
3221718,0,234,0,40,2,4,2,1,26,47,6
3224856,0,234,0,40,2,3,2,1,22,62,6
3214524,0,234,0,40,3,4,2,1,30,36,6
3231586,0,234,0,40,2,1,2,1,16,29,6
3199010,0,234,0,40,3,5,2,1,55,30,6
3217518,0,234,0,40,3,4,2,1,32,43,6
3218727,0,234,0,40,3,4,2,1,25,27,6
3227770,0,234,0,40,2,2,2,1,21,26,6
3198938,0,234,0,40,2,8,2,1,43,37,6
3191588,1,234,150,40,2,9,2,1,44,29,6
3232047,0,234,0,40,2,1,2,1,15,49,6
3233002,0,234,0,40,2,1,2,1,15,18,6
3181562,1,234,140,40,2,12,2,1,53,60,6
3185746,0,234,0,40,2,9,2,1,57,39,6
3175223,0,234,0,40,2,13,2,1,73,32,6
3210041,0,234,0,40,2,5,2,1,36,24,6
3171994,0,234,0,40,2,13,2,1,84,52,6
3227423,0,234,0,40,2,2,2,1,22,23,6
3229007,0,234,0,40,2,2,2,1,17,66,6
3222651,0,234,0,40,3,4,2,1,20,62,6
3159982,0,234,0,40,3,10,2,1,43,42,6
3232173,0,234,0,40,2,1,2,1,14,80,6
3212251,0,234,0,40,2,5,2,1,29,23,6
3224552,0,234,0,40,3,3,2,1,16,62,6
3222629,0,234,0,40,3,3,2,1,22,43,6
3212546,0,234,0,40,2,3,2,1,34,57,6
3229403,0,234,0,40,3,2,2,1,15,58,6
3230384,0,234,0,40,2,2,2,1,14,32,6
3203078,0,234,0,40,2,5,2,1,47,62,6
3186327,1,234,151,40,2,7,2,1,57,20,6
3233007,0,234,0,40,2,1,2,1,13,31,6
3233821,0,234,0,40,2,1,2,1,13,36,6
3233925,0,234,0,40,2,1,2,1,13,26,6
3233963,0,234,0,40,2,1,2,1,13,59,6
3208508,0,234,0,40,2,4,2,1,41,64,6
3222544,0,234,0,40,2,3,2,1,20,46,6
3165028,1,234,130,40,2,17,2,1,80,40,6
3228853,0,234,0,40,3,2,2,1,17,60,6
3231655,0,234,0,40,3,2,2,1,13,101,6
3214312,0,234,0,40,2,5,2,1,34,36,6
3225892,0,234,0,40,2,3,2,1,22,62,6
3218612,0,234,0,40,2,4,2,1,26,43,6
3232314,0,234,0,40,2,2,2,1,14,51,6
3156081,0,234,0,40,2,13,2,1,91,65,6
3233794,0,234,0,40,2,1,2,1,12,43,6
3234062,0,234,0,40,2,1,2,1,12,42,6
3234154,0,234,0,40,3,1,2,1,12,31,6
3234300,0,234,0,40,2,1,2,1,12,30,6
3221466,0,234,0,40,3,4,2,1,19,68,6
3190860,0,234,0,40,3,11,2,1,51,54,6
3199560,0,234,0,40,2,5,2,1,55,64,6
3152800,0,234,0,40,3,16,2,1,97,43,6
3221519,0,234,0,40,2,4,2,1,22,17,6
3209310,0,234,0,40,2,4,2,1,41,66,6
3191884,0,234,0,40,3,11,2,1,34,29,6
3190318,0,234,0,40,3,7,2,1,59,37,6
3231137,0,234,0,40,3,2,2,1,14,64,6
3195421,0,234,0,40,3,8,2,1,45,43,6
3227166,0,234,0,40,2,2,2,1,20,92,6
3156570,1,234,138,40,2,16,2,1,59,58,6
3200223,0,234,0,40,2,8,2,1,36,45,6
3227420,0,234,0,40,3,2,2,1,22,29,6
3156662,0,234,0,40,3,15,2,1,73,50,6
3216561,0,234,0,40,2,4,2,1,35,41,6
3233588,0,234,0,40,3,1,2,1,11,23,6
3234337,0,234,0,40,2,1,2,1,11,36,6
3234361,0,234,0,40,3,1,2,1,11,13,6
3235018,0,234,0,40,3,1,2,1,11,57,6
3195118,0,234,0,40,3,7,2,1,61,32,6
3226414,0,234,0,40,2,1,2,1,27,51,6
3214606,0,234,0,40,2,3,2,1,36,29,6
3197515,0,234,0,40,3,6,2,1,55,69,6
3224999,0,234,0,40,3,2,2,1,27,42,6
3225239,0,234,0,40,3,2,2,1,24,59,6
3158140,0,234,0,40,2,11,2,1,93,21,6
3197731,0,234,0,40,3,6,2,1,49,28,6
3229458,0,234,0,40,2,1,2,1,19,62,6
3230847,0,234,0,40,2,1,2,1,19,66,6
3231423,0,234,0,40,2,1,2,1,19,23,6
3151313,1,234,145,40,2,13,2,1,91,27,6
3208667,0,234,0,40,2,6,2,1,38,66,6
3210001,0,234,0,40,2,5,2,1,31,12,6
3190890,0,234,0,40,3,7,2,1,63,33,6
3211182,0,234,0,40,2,7,2,1,37,68,6
3205204,0,234,0,40,3,6,2,1,52,24,6
3229790,0,234,0,40,2,2,2,1,20,69,6
3222139,0,234,0,40,2,2,2,1,21,71,6
3227493,0,234,0,40,2,2,2,1,19,18,6
3226608,0,234,0,40,2,2,2,1,24,51,6
3228887,0,234,0,40,2,2,2,1,18,40,6
3232609,0,234,0,40,2,1,2,1,15,49,6
3233221,0,234,0,40,2,1,2,1,15,17,6
3233331,0,234,0,40,3,1,2,1,15,68,6
3203489,0,234,0,40,3,4,2,1,34,39,6
3173791,0,234,0,40,2,13,2,1,80,67,6
3197676,0,234,0,40,2,7,2,1,53,51,6
3219560,0,234,0,40,3,3,2,1,27,68,6
3224482,0,234,0,40,3,3,2,1,25,70,6
3199098,0,234,0,40,3,8,2,1,53,76,6
3195864,0,234,0,40,3,9,2,1,43,38,6
3204886,0,234,0,40,3,5,2,1,50,9,6
3232481,0,234,0,40,2,1,2,1,14,24,6
3212791,0,234,0,40,3,4,2,1,30,23,6
3213726,0,234,0,40,2,5,2,1,33,35,6
3188337,0,234,0,40,3,5,2,1,75,71,6
3215514,0,234,0,40,3,4,2,1,35,57,6
3176454,0,234,0,40,2,10,2,1,82,43,6
3227722,0,234,0,40,3,3,2,1,18,72,6
3214921,0,234,0,40,3,6,2,1,28,62,6
3178664,0,234,0,40,3,9,2,1,86,79,6
3207304,0,234,0,40,2,7,2,1,46,25,6
3165082,0,234,0,40,2,16,2,1,92,68,6
3233654,0,234,0,40,2,1,2,1,13,31,6
3219400,0,234,0,40,3,3,2,1,25,115,6
3205414,0,234,0,40,2,5,2,1,39,48,6
3224468,0,234,0,40,3,3,2,1,22,81,6
3231392,0,234,0,40,2,2,2,1,13,33,6
3224498,0,234,0,40,3,2,2,1,27,24,6
3185349,1,234,144,31.9239,3,10,2,1,66,84,6
3226505,0,234,0,40,2,4,2,1,20,25,6
3178540,0,234,0,40,2,13,2,1,73,49,6
3193188,0,234,0,40,3,5,2,1,68,45,6
3200835,0,234,0,40,3,8,2,1,48,32,6
3234728,0,234,0,40,3,1,2,1,12,39,6
3234806,0,234,0,40,2,1,2,1,12,38,6
3234890,0,234,0,40,3,1,2,1,12,39,6
3191026,0,234,0,40,2,9,2,1,43,43,6
3227964,0,234,0,40,3,2,2,1,17,75,6
3191920,0,234,0,40,2,8,2,1,66,41,6
3188734,0,234,0,40,2,10,2,1,50,31,6
3228167,0,234,0,40,3,2,2,1,17,44,6
3200758,0,234,0,40,3,6,2,1,47,35,6
3221539,1,234,220,36.9121,2,3,2,1,31,17,6
3227127,0,234,0,40,3,3,2,1,16,19,6
3158590,1,234,97,36.8813,3,13,2,1,99,55,6
3231434,0,234,0,40,3,2,2,1,15,23,6
3181411,0,234,0,40,3,7,2,1,85,25,6
3211280,0,234,0,40,3,4,2,1,42,40,6
3192903,0,234,0,40,3,4,2,1,74,92,6
3163375,0,234,0,40,3,11,2,1,116,58,6
3197130,0,234,0,40,2,6,2,1,65,54,6
3224231,0,234,0,40,2,2,2,1,26,23,6
3207802,0,234,0,40,3,5,2,1,31,88,6
3199103,0,234,0,40,3,4,2,1,60,21,6
3169031,1,234,181,40,2,10,2,1,96,23,6
3176911,0,234,0,40,3,12,2,1,83,91,6
3164237,0,234,0,40,3,13,2,1,115,59,6
3229670,0,234,0,40,3,1,2,1,21,45,6
3153075,0,234,0,40,3,8,2,1,74,37,6
3191618,0,234,0,40,2,5,2,1,73,66,6
3223819,0,234,0,40,2,2,2,1,29,73,6
3184754,1,234,133,40,2,12,2,1,53,46,6
3186621,0,234,0,40,3,8,2,1,74,34,6
3232181,0,234,0,40,2,1,2,1,16,75,6
3212000,0,234,0,40,2,3,2,1,39,41,6
3219342,0,234,0,40,2,3,2,1,26,57,6
3227635,0,234,0,40,2,3,2,1,19,18,6
3153273,0,234,0,40,2,13,2,1,88,40,6
3227795,0,234,0,40,2,2,2,1,16,34,6
3211246,0,234,0,40,2,6,2,1,33,24,6
3207373,0,234,0,40,3,6,2,1,42,76,6
3233997,0,234,0,40,3,2,2,1,15,87,6
3234550,0,234,0,40,2,1,2,1,14,30,6
3157944,0,234,0,40,3,10,2,1,86,61,6
3223926,0,234,0,40,3,4,2,1,19,66,6
3159851,0,234,0,40,2,17,2,1,90,17,6
3234241,0,234,0,40,3,1,2,1,13,27,6
3235046,0,234,0,40,2,1,2,1,13,38,6
3198856,0,234,0,40,2,7,2,1,54,20,6
3187942,0,234,0,40,2,9,2,1,71,106,6
3234096,0,234,0,40,3,1,2,1,12,24,6
3235406,0,234,0,40,2,1,2,1,12,41,6
3159564,0,234,0,40,2,12,2,1,79,41,6
3175889,0,234,0,40,3,11,2,1,86,57,6
3218073,0,234,0,40,3,5,2,1,29,41,6
3232388,0,234,0,40,3,2,2,1,15,25,6
3234955,0,234,0,40,3,1,2,1,11,19,6
3235905,0,234,0,40,2,1,2,1,11,64,6
3230816,0,234,0,40,2,1,2,1,22,55,6
3225291,0,234,0,40,2,2,2,1,23,29,6
3233328,0,234,0,40,3,1,2,1,16,37,6
3234340,0,234,0,40,3,1,2,1,15,31,6
3230785,0,234,0,40,3,2,2,1,15,37,6
3225167,0,234,0,40,3,3,2,1,22,73,6
3186721,1,234,142,35.6323,3,11,2,1,61,44,6
3216865,0,234,0,40,2,5,2,1,19,50,6
3233238,0,234,0,40,3,0,2,1,10,13,6
3233752,0,234,0,40,2,0,2,1,10,38,6
3234219,0,234,0,40,3,0,2,1,10,45,6
3234719,0,234,0,40,3,0,2,1,10,49,6
3234871,0,234,0,40,2,0,2,1,10,44,6
3235127,0,234,0,40,3,0,2,1,10,36,6
3235197,0,234,0,40,2,0,2,1,10,57,6
3235229,0,234,0,40,3,0,2,1,10,75,6
3235261,0,234,0,40,3,0,2,1,10,17,6
3235309,0,234,0,40,2,0,2,1,10,82,6
3235325,0,234,0,40,2,0,2,1,10,25,6
3235357,0,234,0,40,3,0,2,1,10,58,6
3235421,0,234,0,40,2,0,2,1,10,23,6
3235477,0,234,0,40,2,0,2,1,10,57,6
3235589,0,234,0,40,3,0,2,1,10,40,6
3235669,0,234,0,40,2,0,2,1,10,72,6
3235682,0,234,0,40,2,0,2,1,10,46,6
3235714,0,234,0,40,2,0,2,1,10,13,6
3235754,0,234,0,40,2,0,2,1,10,29,6
3235834,0,234,0,40,2,0,2,1,10,13,6
3235858,0,234,0,40,2,0,2,1,10,39,6
3235874,0,234,0,40,3,0,2,1,10,40,6
3235890,0,234,0,40,3,0,2,1,10,30,6
3235906,0,234,0,40,2,0,2,1,10,53,6
3235930,0,234,0,40,3,0,2,1,10,38,6
3235962,0,234,0,40,2,0,2,1,10,37,6
3236002,0,234,0,40,2,0,2,1,10,50,6
3236050,0,234,0,40,3,0,2,1,10,41,6
3236098,0,234,0,40,3,0,2,1,10,33,6
3236106,0,234,0,40,2,0,2,1,10,47,6
3236130,0,234,0,40,2,0,2,1,10,43,6
3236186,0,234,0,40,2,0,2,1,10,46,6
3236218,0,234,0,40,2,0,2,1,10,74,6
3236222,0,234,0,40,3,0,2,1,10,54,6
3236230,0,234,0,40,2,0,2,1,10,45,6
3236246,0,234,0,40,2,0,2,1,10,40,6
3236290,0,234,0,40,3,0,2,1,10,35,6
3236310,0,234,0,40,2,0,2,1,10,41,6
3236314,0,234,0,40,2,0,2,1,10,13,6
3236362,0,234,0,40,2,0,2,1,10,59,6
3236366,0,234,0,40,3,0,2,1,10,45,6
3236414,0,234,0,40,2,0,2,1,10,56,6
3236426,0,234,0,40,3,0,2,1,10,55,6
3236466,0,234,0,40,2,0,2,1,10,19,6
3236482,0,234,0,40,3,0,2,1,10,29,6
3236522,0,234,0,40,2,0,2,1,10,41,6
3236530,0,234,0,40,2,0,2,1,10,42,6
3236574,0,234,0,40,3,0,2,1,10,63,6
3236586,0,234,0,40,2,0,2,1,10,49,6
3236610,0,234,0,40,2,0,2,1,10,25,6
3236662,0,234,0,40,3,0,2,1,10,42,6
3236698,0,234,0,40,3,0,2,1,10,44,6
3236718,0,234,0,40,3,0,2,1,10,27,6
3236722,0,234,0,40,2,0,2,1,10,53,6
3236732,0,234,0,40,2,0,2,1,10,37,6
3236734,0,234,0,40,3,0,2,1,10,69,6
3236756,0,234,0,40,3,0,2,1,10,76,6
3236760,0,234,0,40,2,0,2,1,10,49,6
3236780,0,234,0,40,3,0,2,1,10,23,6
3236784,0,234,0,40,3,0,2,1,10,41,6
3236802,0,234,0,40,3,0,2,1,10,47,6
3236812,0,234,0,40,2,0,2,1,10,67,6
3236816,0,234,0,40,2,0,2,1,10,53,6
3236818,0,234,0,40,2,0,2,1,10,29,6
3236832,0,234,0,40,2,0,2,1,10,58,6
3236848,0,234,0,40,3,0,2,1,10,45,6
3236870,0,234,0,40,3,0,2,1,10,21,6
3236896,0,234,0,40,2,0,2,1,10,77,6
3236898,0,234,0,40,2,0,2,1,10,50,6
3236904,0,234,0,40,3,0,2,1,10,83,6
3236906,0,234,0,40,2,0,2,1,10,31,6
3236912,0,234,0,40,2,0,2,1,10,42,6
3236930,0,234,0,40,3,0,2,1,10,44,6
3236940,0,234,0,40,2,0,2,1,10,30,6
3236950,0,234,0,40,3,0,2,1,10,53,6
3236952,0,234,0,40,3,0,2,1,10,50,6
3236958,0,234,0,40,3,0,2,1,10,43,6
3236962,0,234,0,40,2,0,2,1,10,17,6
3236974,0,234,0,40,2,0,2,1,10,41,6
3236988,0,234,0,40,2,0,2,1,10,25,6
3236998,0,234,0,40,2,0,2,1,10,60,6
3237004,0,234,0,40,2,0,2,1,10,28,6
3237008,0,234,0,40,3,0,2,1,10,28,6
3237030,0,234,0,40,3,0,2,1,10,41,6
3237034,0,234,0,40,3,0,2,1,10,37,6
3237042,0,234,0,40,3,0,2,1,10,66,6
3237046,0,234,0,40,2,0,2,1,10,84,6
3237060,0,234,0,40,2,0,2,1,10,26,6
3237070,0,234,0,40,2,0,2,1,10,30,6
3237076,0,234,0,40,2,0,2,1,10,79,6
3237078,0,234,0,40,2,0,2,1,10,37,6
3237098,0,234,0,40,3,0,2,1,10,29,6
3237102,0,234,0,40,3,0,2,1,10,61,6
3237106,0,234,0,40,3,0,2,1,10,49,6
3237110,0,234,0,40,3,0,2,1,10,56,6
3237118,0,234,0,40,3,0,2,1,10,29,6
3237124,0,234,0,40,2,0,2,1,10,88,6
3237132,0,234,0,40,3,0,2,1,10,50,6
3237148,0,234,0,40,3,0,2,1,10,63,6
3237152,0,234,0,40,3,0,2,1,10,30,6
3237154,0,234,0,40,2,0,2,1,10,30,6
3237168,0,234,0,40,2,0,2,1,10,43,6
3237170,0,234,0,40,2,0,2,1,10,46,6
3226604,0,234,0,40,3,1,2,1,11,65,6
3195062,0,234,0,40,2,4,2,1,45,60,6
3226765,0,234,0,40,3,1,2,1,13,25,6
3197642,0,234,0,40,3,7,2,1,40,28,6
3214390,0,234,0,40,3,4,2,1,29,38,6
3211938,0,234,0,40,2,3,2,1,38,28,6
3223326,0,234,0,40,2,2,2,1,17,72,6
3228996,0,234,0,40,3,1,2,1,14,28,6
3219782,0,234,0,40,3,3,2,1,16,83,6
3154493,0,234,0,40,2,10,2,1,92,68,6
3198261,0,234,0,40,2,5,2,1,54,100,6
3195540,0,234,0,40,2,6,2,1,49,52,6
3225908,0,234,0,40,2,2,2,1,18,49,6
3227121,0,234,0,40,2,2,2,1,16,69,6
3219427,0,234,0,40,3,2,2,1,26,29,6
3217846,0,234,0,40,3,4,2,1,24,38,6
3162240,1,234,176,21.1306,3,17,2,1,96,57,6
3205397,0,234,0,40,2,7,2,1,28,44,6
3225720,0,234,0,40,3,2,2,1,17,40,6
3205859,0,234,0,40,3,6,2,1,31,28,6
3196910,0,234,0,40,3,9,2,1,42,48,6
3209119,0,234,0,40,3,3,2,1,48,40,6
3219096,0,234,0,40,2,2,2,1,31,34,6
3225284,0,234,0,40,3,1,2,1,21,56,6
3179457,0,234,0,40,3,10,2,1,66,113,6
3214812,0,234,0,40,3,4,2,1,24,61,6
3221267,0,234,0,40,2,2,2,1,22,43,6
3193143,0,234,0,40,2,10,2,1,50,52,6
3227538,0,234,0,40,3,1,2,1,16,49,6
3190625,0,234,0,40,2,6,2,1,57,91,6
3229448,0,234,0,40,2,1,2,1,14,56,6
3205733,0,234,0,40,3,5,2,1,29,44,6
3209617,0,234,0,40,2,6,2,1,31,36,6
3161600,0,234,0,40,3,16,2,1,121,23,6
3225067,0,234,0,40,3,3,2,1,14,61,6
3191810,0,234,0,40,2,6,2,1,62,56,6
3183065,0,234,0,40,2,8,2,1,83,42,6
3221150,0,234,0,40,2,2,2,1,26,31,6
3156446,0,234,0,40,2,11,2,1,107,43,6
3214333,0,234,0,40,2,2,2,1,37,23,6
3194589,0,234,0,40,2,5,2,1,58,46,6
3197875,0,234,0,40,3,6,2,1,45,68,6
3176742,0,234,0,40,2,13,2,1,57,18,6
3216131,0,234,0,40,3,2,2,1,37,44,6
3225425,0,234,0,40,2,2,2,1,21,54,6
3188454,0,234,0,40,2,6,2,1,61,61,6
3167528,0,234,0,40,3,15,2,1,89,41,6
3229644,0,234,0,40,3,1,2,1,15,71,6
3209363,0,234,0,40,2,4,2,1,36,49,6
3198061,0,234,0,40,3,7,2,1,38,46,6
3215378,0,234,0,40,3,3,2,1,29,26,6
3216832,0,234,0,40,2,3,2,1,26,39,6
3208090,0,234,0,40,2,5,2,1,35,100,6
3231595,0,234,0,40,2,1,2,1,12,31,6
3193525,0,234,0,40,2,9,2,1,40,61,6
3225725,0,234,0,40,2,2,2,1,14,28,6
3154354,0,234,0,40,2,11,2,1,72,25,6
3186923,0,234,0,40,3,7,2,1,63,27,6
3231670,0,234,0,40,2,1,2,1,11,35,6
3163607,0,234,0,40,3,13,2,1,98,24,6
3199735,0,234,0,40,2,7,2,1,36,32,6
3217146,0,234,0,40,3,5,2,1,20,49,6
3164264,1,234,141,36.3983,3,15,2,1,93,31,6
3198574,0,234,0,40,3,8,2,1,39,92,6
3194964,0,234,0,40,2,6,2,1,50,78,6
3231944,0,234,0,40,3,1,2,1,10,41,6
3232451,0,234,0,40,2,1,2,1,10,60,6
3218757,0,234,0,40,3,3,2,1,26,33,6
3226539,0,234,0,40,3,1,2,1,23,47,6
3222622,0,234,0,40,2,2,2,1,23,20,6
3194519,0,234,0,40,2,6,2,1,64,40,6
3206151,0,234,0,40,2,5,2,1,40,43,6
3227810,0,234,0,40,2,1,2,1,20,34,6
3221156,0,234,0,40,3,2,2,1,27,66,6
3204563,0,234,0,40,2,6,2,1,46,53,6
3195838,0,234,0,40,3,6,2,1,57,21,6
3161680,1,234,154,39.092,2,20,2,1,91,27,6
3209601,0,234,0,40,2,5,2,1,35,40,6
3185558,0,234,0,40,2,9,2,1,55,52,6
3165841,0,234,0,40,2,10,2,1,112,30,6
3226970,0,234,0,40,3,2,2,1,20,54,6
3217076,0,234,0,40,2,3,2,1,24,13,6
3212162,0,234,0,40,3,3,2,1,39,38,6
3230158,0,234,0,40,3,1,2,1,15,80,6
3214995,0,234,0,40,2,5,2,1,27,23,6
3224537,0,234,0,40,3,2,2,1,21,35,6
3230751,0,234,0,40,3,1,2,1,14,45,6
3195657,0,234,0,40,3,6,2,1,59,45,6
3218577,0,234,0,40,3,3,2,1,29,64,6
3219582,0,234,0,40,3,3,2,1,30,52,6
3224056,0,234,0,40,2,2,2,1,15,51,6
3224304,0,234,0,40,3,2,2,1,15,43,6
3222076,0,234,0,40,3,3,2,1,20,58,6
3181564,0,234,0,40,2,10,2,1,72,53,6
3223333,0,234,0,40,3,3,2,1,24,69,6
3162490,0,234,0,40,2,18,2,1,102,26,6
3190950,0,234,0,40,3,8,2,1,50,59,6
3225551,0,234,0,40,3,3,2,1,15,38,6
3165465,0,234,0,40,3,14,2,1,92,26,6
3169683,0,234,0,40,3,13,2,1,85,48,6
3232864,0,234,0,40,3,1,2,1,11,45,6
3209543,0,234,0,40,2,5,2,1,24,61,6
3171330,1,234,140,40,2,13,2,1,65,18,6
3159439,0,234,0,40,2,7,2,1,87,25,6
3229463,0,234,0,40,3,2,2,1,11,44,6
3227368,0,234,0,40,3,2,2,1,16,39,6
3224364,0,234,0,40,3,2,2,1,23,31,6
3225424,0,234,0,40,2,2,2,1,19,52,6
3219030,0,234,0,40,3,4,2,1,25,23,6
3225859,0,234,0,40,2,3,2,1,20,31,6
3233171,0,234,0,40,2,1,2,1,10,42,6
3233231,0,234,0,40,3,1,2,1,10,55,6
3209039,0,234,0,40,3,3,2,1,49,20,6
3187848,0,234,0,40,3,8,2,1,60,42,6
3205871,0,234,0,40,2,3,2,1,43,49,6
3223980,0,234,0,40,3,1,2,1,26,48,6
3162652,0,234,0,40,2,14,2,1,119,55,6
3223393,0,234,0,40,3,2,2,1,26,39,6
3201059,0,234,0,40,2,4,2,1,43,35,6
3226558,0,234,0,40,2,1,2,1,23,82,6
3157857,0,234,0,40,2,10,2,1,81,60,6
3184032,0,234,0,40,3,8,2,1,67,46,6
3227694,0,234,0,40,2,1,2,1,21,64,6
3160680,1,234,127,28.7525,3,10,2,1,91,48,6
3221366,0,234,0,40,3,2,2,1,20,50,6
3225084,0,234,0,40,3,2,2,1,20,51,6
3229309,0,234,0,40,3,1,2,1,18,47,6
3191874,0,234,0,40,3,6,2,1,51,33,6
3152709,1,234,143,36.9348,2,11,2,1,79,64,6
3225545,0,234,0,40,3,1,2,1,17,41,6
3211860,0,234,0,40,2,5,2,1,37,17,6
3226810,0,234,0,40,3,2,2,1,20,48,6
3191273,0,234,0,40,3,8,2,1,48,27,6
3199843,0,234,0,40,3,7,2,1,38,37,6
3190609,0,234,0,40,2,7,2,1,59,28,6
3222697,0,234,0,40,3,2,2,1,24,30,6
3207163,0,234,0,40,3,5,2,1,38,30,6
3158856,0,234,0,40,2,11,2,1,64,54,6
3223815,1,234,214,26.1545,3,4,2,1,21,49,6
3226797,0,234,0,40,3,2,2,1,17,46,6
3215318,0,234,0,40,2,4,2,1,30,35,6
3231565,0,234,0,40,2,1,2,1,14,44,6
3191084,0,234,0,40,2,6,2,1,65,53,6
3221577,0,234,0,40,3,2,2,1,24,76,6
3223366,0,234,0,40,3,2,2,1,20,24,6
3227754,0,234,0,40,2,2,2,1,14,30,6
3212885,0,234,0,40,2,4,2,1,35,17,6
3231990,0,234,0,40,2,1,2,1,13,30,6
3232064,0,234,0,40,3,1,2,1,13,49,6
3201520,0,234,0,40,3,8,2,1,41,78,6
3216327,0,234,0,40,2,3,2,1,31,100,6
3186980,0,234,0,40,2,8,2,1,56,26,6
3222807,0,234,0,40,2,2,2,1,28,48,6
3194089,0,234,0,40,3,7,2,1,56,31,6
3232139,0,234,0,40,2,1,2,1,12,68,6
3214686,0,234,0,40,3,5,2,1,31,33,6
3156149,0,234,0,40,2,12,2,1,108,38,6
3220738,0,234,0,40,3,3,2,1,23,47,6
3172562,0,234,0,40,2,13,2,1,69,48,6
3210569,0,234,0,40,3,8,2,1,33,56,6
3224186,0,234,0,40,3,4,2,1,19,57,6
3226192,0,234,0,40,3,2,2,1,19,86,6
3198572,0,234,0,40,2,7,2,1,43,9,6
3228056,0,234,0,40,3,2,2,1,19,41,6
3230948,0,234,0,40,3,2,2,1,12,28,6
3220853,0,234,0,40,2,2,2,1,25,52,6
3226077,0,234,0,40,3,2,2,1,15,39,6
3194842,0,234,0,40,2,6,2,1,45,60,6
3207987,0,234,0,40,3,5,2,1,33,32,6
3218899,0,234,0,40,3,4,2,1,23,46,6
3224919,0,234,0,40,2,3,2,1,20,27,6
3222142,0,234,0,40,3,3,2,1,24,53,6
3215479,0,234,0,40,2,4,2,1,30,45,6
3219332,0,234,0,40,2,4,2,1,20,49,6
3233164,0,234,0,40,3,1,2,1,10,72,6
3233733,0,234,0,40,3,1,2,1,10,42,6
3234091,0,234,0,40,2,1,2,1,10,39,6
3216229,0,234,0,40,3,2,2,1,41,58,6
3216749,0,234,0,40,3,2,2,1,36,25,6
3160812,0,234,0,40,2,7,2,1,86,59,6
3199145,0,234,0,40,3,4,2,1,52,45,6
3224914,0,234,0,40,3,1,2,1,26,66,6
3217793,0,234,0,40,2,3,2,1,29,29,6
3209437,0,234,0,40,2,6,2,1,31,22,6
3214930,0,234,0,40,2,4,2,1,32,29,6
3228138,0,234,0,40,3,1,2,1,22,37,6
3194686,0,234,0,40,2,5,2,1,64,57,6
3182282,0,234,0,40,3,11,2,1,58,100,6
3149543,0,234,0,40,2,12,2,1,75,66,6
3198468,0,234,0,40,2,5,2,1,56,44,6
3190990,0,234,0,40,3,9,2,1,52,60,6
3180656,0,234,0,40,3,11,2,1,60,32,6
3213363,0,234,0,40,2,4,2,1,33,38,6
3185560,0,234,0,40,3,7,2,1,57,44,6
3225346,0,234,0,40,2,2,2,1,21,33,6
3206280,0,234,0,40,2,4,2,1,47,18,6
3208975,0,234,0,40,2,5,2,1,33,47,6
3216079,0,234,0,40,2,3,2,1,28,36,6
3223948,0,234,0,40,3,2,2,1,20,13,6
3218144,0,234,0,40,3,4,2,1,23,22,6
3210514,0,234,0,40,3,4,2,1,36,40,6
3197426,0,234,0,40,3,6,2,1,48,8,6
3205777,0,234,0,40,2,5,2,1,41,33,6
3163762,0,234,0,40,3,13,2,1,107,43,6
3205411,0,234,0,40,3,7,2,1,44,59,6
3219225,0,234,0,40,3,5,2,1,26,47,6
3230268,0,234,0,40,3,1,2,1,16,40,6
3209829,0,234,0,40,2,5,2,1,36,58,6
3210821,0,234,0,40,3,5,2,1,26,58,6
3178177,1,234,129,38.691,2,12,2,1,65,53,6
3229904,0,234,0,40,3,1,2,1,15,71,6
3231264,0,234,0,40,3,1,2,1,15,5,6
3231933,0,234,0,40,2,1,2,1,15,48,6
3164597,1,234,120,40,2,15,2,1,101,63,6
3203818,0,234,0,40,3,7,2,1,43,85,6
3159916,0,234,0,40,3,15,2,1,91,17,6
3230938,0,234,0,40,2,1,2,1,14,52,6
3231842,0,234,0,40,3,1,2,1,14,38,6
3232260,0,234,0,40,2,1,2,1,14,46,6
3183995,0,234,0,40,2,8,2,1,48,81,6
3220913,0,234,0,40,3,4,2,1,24,61,6
3226702,0,234,0,40,2,2,2,1,17,108,6
3217997,0,234,0,40,3,5,2,1,25,46,6
3221031,0,234,0,40,2,3,2,1,28,32,6
3205558,0,234,0,40,3,5,2,1,49,44,6
3230072,0,234,0,40,3,1,2,1,13,110,6
3232475,0,234,0,40,2,1,2,1,13,44,6
3232515,0,234,0,40,3,1,2,1,13,27,6
3232846,0,234,0,40,2,1,2,1,13,57,6
3218939,0,234,0,40,2,4,2,1,24,23,6
3210613,0,234,0,40,2,2,2,1,45,81,6
3220291,0,234,0,40,2,3,2,1,24,60,6
3222646,0,234,0,40,2,3,2,1,23,44,6
3215313,0,234,0,40,2,5,2,1,31,31,6
3204479,0,234,0,40,3,5,2,1,43,31,6
3223580,0,234,0,40,2,3,2,1,24,48,6
3218423,0,234,0,40,3,3,2,1,29,37,6
3211525,0,234,0,40,2,6,2,1,33,19,6
3174575,1,234,124,25.6744,3,15,2,1,62,58,6
3232205,0,234,0,40,3,1,2,1,12,27,6
3191836,0,234,0,40,2,7,2,1,46,42,6
3226491,0,234,0,40,3,2,2,1,18,44,6
3188692,0,234,0,40,3,7,2,1,68,53,6
3183261,0,234,0,40,3,6,2,1,81,27,6
3172848,1,234,144,38.1065,2,14,2,1,80,57,6
3182287,0,234,0,40,2,9,2,1,71,87,6
3220141,0,234,0,40,2,4,2,1,27,53,6
3186227,0,234,0,40,3,9,2,1,58,70,6
3223162,0,234,0,40,3,3,2,1,22,24,6
3204955,0,234,0,40,3,5,2,1,42,32,6
3169659,1,234,195,38.9678,2,13,2,1,87,46,6
3221613,0,234,0,40,2,3,2,1,23,36,6
3233629,0,234,0,40,3,1,2,1,11,30,6
3233705,0,234,0,40,2,1,2,1,11,13,6
3233959,0,234,0,40,2,1,2,1,11,39,6
3234057,0,234,0,40,2,1,2,1,11,45,6
3163707,0,234,0,40,3,18,2,1,92,18,6
3215994,0,234,0,40,2,5,2,1,18,35,6
3226920,0,234,0,40,2,3,2,1,17,21,6
3215152,0,234,0,40,3,4,2,1,30,31,6
3222904,0,234,0,40,2,3,2,1,21,29,6
3229509,0,234,0,40,2,2,2,1,13,26,6
3226042,0,234,0,40,3,3,2,1,13,19,6
3199694,0,234,0,40,3,8,2,1,46,46,6
3221911,0,234,0,40,3,3,2,1,27,52,6
3201254,0,234,0,40,3,8,2,1,43,57,6
3197206,0,234,0,40,2,9,2,1,44,23,6
3211887,0,234,0,40,2,6,2,1,27,49,6
3224082,0,234,0,40,3,2,2,1,26,20,6
3226132,0,234,0,40,2,2,2,1,20,62,6
3227772,0,234,0,40,2,3,2,1,16,50,6
3174185,1,234,152,28.6625,3,16,2,1,74,46,6
3226625,0,234,0,40,3,3,2,1,17,67,6
3232457,0,234,0,40,2,1,2,1,10,66,6
3233003,0,234,0,40,2,1,2,1,10,32,6
3233638,0,234,0,40,2,1,2,1,10,77,6
3234410,0,234,0,40,3,1,2,1,10,55,6
3167498,1,234,144,40,2,13,2,1,101,22,6
3219948,0,234,0,40,3,2,2,1,32,45,6
3205494,0,234,0,40,2,7,2,1,41,45,6
3213817,0,234,0,40,2,3,2,1,35,59,6
3185552,0,234,0,40,2,7,2,1,73,33,6
3213169,0,234,0,40,3,5,2,1,36,40,6
3175295,0,234,0,40,2,11,2,1,82,70,6
3186111,0,234,0,40,2,6,2,1,77,61,6
3227320,0,234,0,40,2,1,2,1,23,40,6
3197891,0,234,0,40,3,4,2,1,60,41,6
3160565,0,234,0,40,2,17,2,1,109,40,6
3220820,0,234,0,40,3,3,2,1,28,30,6
3214263,0,234,0,40,2,3,2,1,36,32,6
3203619,0,234,0,40,3,6,2,1,44,46,6
3153934,1,234,152,29.3717,3,13,2,1,109,39,6
3226525,0,234,0,40,3,2,2,1,23,40,6
3180581,0,234,0,40,2,10,2,1,74,29,6
3226303,0,234,0,40,2,2,2,1,22,30,6
3193194,0,234,0,40,3,9,2,1,53,46,6
3204276,0,234,0,40,3,5,2,1,43,35,6
3196494,0,234,0,40,2,7,2,1,44,17,6
3179427,1,234,132,40,2,12,2,1,69,46,6
3229887,0,234,0,40,3,1,2,1,19,47,6
3201548,0,234,0,40,3,5,2,1,45,28,6
3219543,0,234,0,40,2,4,2,1,26,81,6
3182492,0,234,0,40,3,10,2,1,77,40,6
3215518,0,234,0,40,2,3,2,1,29,46,6
3199306,0,234,0,40,3,8,2,1,40,37,6
3230052,0,234,0,40,2,1,2,1,17,18,6
3222179,0,234,0,40,2,2,2,1,19,27,6
3203162,0,234,0,40,3,5,2,1,40,62,6
3228683,0,234,0,40,2,2,2,1,18,11,6
3230176,0,234,0,40,2,1,2,1,16,46,6
3231551,0,234,0,40,3,1,2,1,16,31,6
3202571,0,234,0,40,3,5,2,1,51,42,6
3196424,0,234,0,40,2,6,2,1,49,32,6
3199511,0,234,0,40,2,6,2,1,48,11,6
3178269,0,234,0,40,2,11,2,1,70,25,6
3191296,0,234,0,40,3,8,2,1,56,36,6
3211724,0,234,0,40,3,5,2,1,34,15,6
3226741,0,234,0,40,3,2,2,1,21,72,6
3177589,0,234,0,40,2,12,2,1,79,47,6
3232404,0,234,0,40,2,1,2,1,15,26,6
3185225,0,234,0,40,2,7,2,1,64,46,6
3205624,0,234,0,40,3,9,2,1,34,39,6
3222160,0,234,0,40,3,3,2,1,21,91,6
3192222,0,234,0,40,2,6,2,1,61,31,6
3205339,0,234,0,40,2,7,2,1,37,31,6
3165401,0,234,0,40,3,11,2,1,110,26,6
3209810,0,234,0,40,3,6,2,1,32,28,6
3195386,0,234,0,40,2,7,2,1,44,37,6
3213370,0,234,0,40,3,7,2,1,27,17,6
3231086,0,234,0,40,2,1,2,1,14,44,6
3231704,0,234,0,40,3,1,2,1,14,38,6
3217485,0,234,0,40,3,4,2,1,22,33,6
3211715,0,234,0,40,2,6,2,1,27,31,6
3219503,0,234,0,40,3,2,2,1,32,41,6
3215264,0,234,0,40,3,4,2,1,31,59,6
3155138,0,234,0,40,2,7,2,1,75,55,6
3208011,0,234,0,40,3,7,2,1,35,50,6
3196688,0,234,0,40,2,8,2,1,48,47,6
3195023,0,234,0,40,3,7,2,1,51,61,6
3212851,0,234,0,40,3,5,2,1,31,51,6
3220432,0,234,0,40,2,4,2,1,25,64,6
3179410,0,234,0,40,3,10,2,1,73,24,6
3205486,0,234,0,40,3,6,2,1,43,36,6
3228436,0,234,0,40,3,2,2,1,19,36,6
3231043,0,234,0,40,2,2,2,1,15,46,6
3204029,0,234,0,40,2,7,2,1,31,27,6
3230584,0,234,0,40,3,2,2,1,17,48,6
3233335,0,234,0,40,3,1,2,1,13,57,6
3233393,0,234,0,40,3,1,2,1,13,37,6
3220161,0,234,0,40,3,2,2,1,28,66,6
3192653,0,234,0,40,2,7,2,1,51,14,6
3194283,0,234,0,40,2,8,2,1,53,37,6
3228623,0,234,0,40,3,2,2,1,15,57,6
3163321,0,234,0,40,2,14,2,1,116,54,6
3222302,0,234,0,40,3,3,2,1,22,52,6
3183867,0,234,0,40,2,11,2,1,67,54,6
3157287,0,234,0,40,3,13,2,1,107,54,6
3226115,0,234,0,40,2,3,2,1,21,99,6
3223577,0,234,0,40,3,3,2,1,24,86,6
3233679,0,234,0,40,2,1,2,1,12,68,6
3233947,0,234,0,40,3,1,2,1,12,29,6
3190883,0,234,0,40,2,9,2,1,53,33,6
3202275,0,234,0,40,3,6,2,1,48,31,6
3157227,0,234,0,40,3,9,2,1,64,88,6
3162831,0,234,0,40,3,13,2,1,92,44,6
3164810,0,234,0,40,2,12,2,1,96,45,6
3200436,0,234,0,40,3,10,2,1,40,43,6
3171285,0,234,0,40,2,11,2,1,87,24,6
3230596,0,234,0,40,3,2,2,1,13,15,6
3205438,1,234,217,33.0651,2,7,2,1,41,40,6
3150791,0,234,0,40,2,11,2,1,103,84,6
3214407,0,234,0,40,3,6,2,1,25,52,6
3186371,0,234,0,40,3,10,2,1,70,49,6
3195628,0,234,0,40,3,10,2,1,48,31,6
3203378,0,234,0,40,3,5,2,1,47,23,6
3206883,0,234,0,40,3,5,2,1,36,30,6
3218833,0,234,0,40,3,3,2,1,23,23,6
3229550,0,234,0,40,3,2,2,1,12,30,6
3221915,0,234,0,40,2,4,2,1,20,44,6
3217205,0,234,0,40,2,4,2,1,35,35,6
3174980,0,234,0,40,2,11,2,1,81,12,6
3214348,0,234,0,40,2,5,2,1,31,60,6
3220830,0,234,0,40,2,5,2,1,21,39,6
3151041,0,234,0,40,2,10,2,1,73,27,6
3211160,0,234,0,40,3,6,2,1,31,67,6
3196078,0,234,0,40,2,8,2,1,53,23,6
3219846,0,234,0,40,2,4,2,1,24,44,6
3150327,0,234,0,40,3,7,2,1,96,26,6
3206525,0,234,0,40,2,7,2,1,30,24,6
3231787,0,234,0,40,3,2,2,1,12,29,6
3217564,0,234,0,40,3,6,2,1,22,57,6
3167444,0,234,0,40,2,15,2,1,80,54,6
3208325,0,234,0,40,3,7,2,1,36,72,6
3232605,0,234,0,40,2,2,2,1,11,58,6
3221867,0,234,0,40,2,4,2,1,21,50,6
3234978,0,234,0,40,2,1,2,1,10,38,6
3212901,0,234,0,40,3,3,2,1,40,67,6
3218362,0,234,0,40,3,2,2,1,33,74,6
3192315,0,234,0,40,3,6,2,1,65,44,6
3205857,0,234,0,40,3,4,2,1,37,29,6
3199599,0,234,0,40,2,6,2,1,51,113,6
3204996,0,234,0,40,2,4,2,1,54,40,6
3221403,0,234,0,40,2,2,2,1,35,40,6
3181743,0,234,0,40,3,12,2,1,59,72,6
3213298,0,234,0,40,3,3,2,1,35,39,6
3157915,0,234,0,40,2,11,2,1,128,73,6
3228692,0,234,0,40,3,1,2,1,22,35,6
3201890,0,234,0,40,2,6,2,1,40,88,6
3228180,0,234,0,40,3,2,2,1,22,42,6
3227430,0,234,0,40,2,2,2,1,22,23,6
3206116,0,234,0,40,2,5,2,1,43,37,6
3157523,0,234,0,40,3,7,2,1,83,67,6
3178611,0,234,0,40,3,9,2,1,71,41,6
3154521,0,234,0,40,3,13,2,1,101,35,6
3192390,0,234,0,40,2,7,2,1,61,56,6
3198112,0,234,0,40,2,6,2,1,49,44,6
3210875,0,234,0,40,2,5,2,1,32,61,6
3213365,0,234,0,40,2,3,2,1,36,72,6
3230413,0,234,0,40,3,1,2,1,17,47,6
3230733,0,234,0,40,2,1,2,1,17,26,6
3231573,0,234,0,40,3,1,2,1,17,25,6
3202532,0,234,0,40,3,4,2,1,45,41,6
3165489,0,234,0,40,3,15,2,1,96,32,6
3216676,0,234,0,40,3,5,2,1,27,38,6
3164971,1,234,147,40,2,15,2,1,83,43,6
3183839,0,234,0,40,2,9,2,1,64,31,6
3231782,0,234,0,40,2,1,2,1,16,45,6
3220769,0,234,0,40,2,3,2,1,28,66,6
3208672,0,234,0,40,3,7,2,1,33,42,6
3207153,0,234,0,40,3,6,2,1,43,23,6
3156058,0,234,0,40,2,11,2,1,71,69,6
3206926,0,234,0,40,3,6,2,1,37,134,6
3183739,0,234,0,40,2,10,2,1,68,72,6
3150242,0,234,0,40,2,12,2,1,110,72,6
3204058,0,234,0,40,2,8,2,1,42,14,6
3227670,0,234,0,40,3,2,2,1,18,27,6
3221119,0,234,0,40,2,4,2,1,26,64,6
3225038,0,234,0,40,3,2,2,1,24,29,6
3213078,0,234,0,40,3,4,2,1,34,59,6
3179360,0,234,0,40,3,14,2,1,73,36,6
3210890,0,234,0,40,2,5,2,1,37,41,6
3225487,0,234,0,40,3,3,2,1,22,48,6
3233539,0,234,0,40,2,1,2,1,14,37,6
3207359,0,234,0,40,2,4,2,1,35,60,6
3159252,0,234,0,40,3,13,2,1,63,28,6
3168719,0,234,0,40,2,14,2,1,73,33,6
3213823,0,234,0,40,2,5,2,1,28,59,6
3229264,0,234,0,40,2,2,2,1,17,54,6
3225724,0,234,0,40,3,4,2,1,17,66,6
3209845,0,234,0,40,2,5,2,1,35,46,6
3153084,0,234,0,40,2,16,2,1,94,71,6
3206303,0,234,0,40,3,7,2,1,37,55,6
3227944,0,234,0,40,3,3,2,1,18,30,6
3189982,0,234,0,40,3,9,2,1,61,24,6
3217600,0,234,0,40,3,4,2,1,29,60,6
3233863,0,234,0,40,3,1,2,1,13,24,6
3233949,0,234,0,40,2,1,2,1,13,33,6
3226204,0,234,0,40,2,2,2,1,15,22,6
3228760,0,234,0,40,3,2,2,1,14,29,6
3212734,0,234,0,40,2,5,2,1,29,25,6
3210732,0,234,0,40,3,6,2,1,40,60,6
3216469,0,234,0,40,3,6,2,1,29,19,6
3225675,0,234,0,40,3,3,2,1,19,66,6
3173568,0,234,0,40,3,12,2,1,81,46,6
3162575,0,234,0,40,3,13,2,1,104,78,6
3200051,0,234,0,40,3,8,2,1,41,16,6
3170641,1,234,135,28.9654,3,15,2,1,60,33,6
3228432,0,234,0,40,2,2,2,1,12,16,6
3186989,0,234,0,40,2,13,2,1,54,8,6
3223612,0,234,0,40,2,3,2,1,22,40,6
3226401,0,234,0,40,2,3,2,1,16,51,6
3187162,0,234,0,40,2,7,2,1,69,40,6
3223692,0,234,0,40,3,4,2,1,16,53,6
3223961,0,234,0,40,2,3,2,1,19,32,6
3217746,0,234,0,40,3,6,2,1,24,45,6
3220776,0,234,0,40,3,3,2,1,25,43,6
3174927,1,234,122,40,2,12,2,1,85,49,6
3228972,0,234,0,40,2,3,2,1,15,48,6
3230594,0,234,0,40,3,3,2,1,13,45,6
3188147,0,234,0,40,2,13,2,1,48,71,6
3234060,0,234,0,40,3,1,2,1,11,59,6
3234836,0,234,0,40,3,1,2,1,11,20,6
3224362,0,234,0,40,2,3,2,1,18,30,6
3216496,0,234,0,40,2,3,2,1,29,48,6
3168665,0,234,0,40,2,14,2,1,76,50,6
3204399,0,234,0,40,3,4,2,1,49,53,6
3228703,0,234,0,40,2,2,2,1,18,58,6
3229500,0,234,0,40,3,2,2,1,15,83,6
3189718,0,234,0,40,2,8,2,1,61,40,6
3226361,0,234,0,40,3,3,2,1,21,41,6
3186059,0,234,0,40,2,8,2,1,57,44,6
3190181,0,234,0,40,3,9,2,1,59,47,6
3200216,0,234,0,40,3,8,2,1,40,30,6
3182652,0,234,0,40,2,9,2,1,75,27,6
3189592,0,234,0,40,3,8,2,1,64,24,6
3234135,0,234,0,40,2,1,2,1,10,16,6
3234909,0,234,0,40,3,1,2,1,10,66,6
3235586,0,234,0,40,2,1,2,1,10,25,6
3187321,0,234,0,40,2,7,2,1,51,25,6
3217461,0,234,0,40,2,2,2,1,34,63,6
3224305,0,234,0,40,3,2,2,1,28,46,6
3195416,0,234,0,40,2,5,2,1,66,44,6
3219527,0,234,0,40,3,3,2,1,30,26,6
3189905,0,234,0,40,3,7,2,1,66,21,6
3210237,0,234,0,40,2,4,2,1,42,29,6
3216503,0,234,0,40,2,4,2,1,34,72,6
3207655,0,234,0,40,3,5,2,1,43,68,6
3212745,0,234,0,40,3,3,2,1,35,39,6
3225494,0,234,0,40,2,2,2,1,23,85,6
3150174,1,234,149,40,2,11,2,1,86,63,6
3221397,0,234,0,40,2,3,2,1,25,87,6
3228185,0,234,0,40,2,2,2,1,21,50,6
3187570,1,234,139,27.3248,3,8,2,1,73,57,6
3189325,0,234,0,40,2,7,2,1,69,33,6
3200590,0,234,0,40,3,8,2,1,42,134,6
3224378,0,234,0,40,3,3,2,1,23,59,6
3232498,0,234,0,40,3,1,2,1,17,46,6
3205267,0,234,0,40,3,5,2,1,50,28,6
3214533,0,234,0,40,2,5,2,1,36,18,6
3229842,0,234,0,40,3,2,2,1,17,31,6
3165253,0,234,0,40,3,15,2,1,99,29,6
3184009,0,234,0,40,3,10,2,1,64,21,6
3223436,0,234,0,40,2,2,2,1,29,51,6
3216990,0,234,0,40,3,4,2,1,29,22,6
3232037,0,234,0,40,2,1,2,1,15,32,6
3233455,0,234,0,40,2,1,2,1,15,40,6
3163981,0,234,0,40,3,14,2,1,99,22,6
3204632,0,234,0,40,2,6,2,1,40,69,6
3216006,0,234,0,40,2,5,2,1,28,58,6
3176133,0,234,0,40,2,10,2,1,75,56,6
3226496,0,234,0,40,2,2,2,1,22,48,6
3229093,0,234,0,40,2,2,2,1,18,15,6
3175605,1,234,142,33.2265,3,14,2,1,83,23,6
3185615,0,234,0,40,2,10,2,1,66,92,6
3233120,0,234,0,40,2,1,2,1,14,53,6
3233853,0,234,0,40,3,1,2,1,14,33,6
3202686,0,234,0,40,2,6,2,1,35,44,6
3228759,0,234,0,40,3,2,2,1,17,24,6
3231427,0,234,0,40,3,2,2,1,14,66,6
3203743,0,234,0,40,3,5,2,1,47,38,6
3218159,0,234,0,40,3,6,2,1,27,27,6
3191847,0,234,0,40,3,7,2,1,59,48,6
3191332,0,234,0,40,3,8,2,1,50,51,6
3234152,0,234,0,40,2,1,2,1,13,34,6
3234518,0,234,0,40,2,1,2,1,13,40,6
3172416,1,234,123,26.4482,3,13,2,1,79,40,6
3190306,0,234,0,40,3,7,2,1,68,47,6
3209624,0,234,0,40,3,5,2,1,34,60,6
3170055,0,234,0,40,2,13,2,1,90,27,6
3214835,0,234,0,40,2,5,2,1,29,48,6
3171515,0,234,0,40,2,14,2,1,81,55,6
3222733,0,234,0,40,2,3,2,1,26,53,6
3207884,0,234,0,40,3,6,2,1,33,43,6
3233478,0,234,0,40,2,1,2,1,12,22,6
3234177,0,234,0,40,2,1,2,1,12,26,6
3234333,0,234,0,40,2,1,2,1,12,45,6
3201523,0,234,0,40,2,7,2,1,42,54,6
3203016,0,234,0,40,2,8,2,1,41,38,6
3226473,0,234,0,40,3,2,2,1,26,55,6
3198015,0,234,0,40,2,10,2,1,40,55,6
3213356,0,234,0,40,2,5,2,1,41,38,6
3235572,0,234,0,40,2,1,2,1,11,32,6
3215995,0,234,0,40,3,4,2,1,27,38,6
3181098,0,234,0,40,2,13,2,1,56,30,6
3211021,0,234,0,40,2,3,2,1,40,80,6
3176301,1,234,122,40,2,11,2,1,78,36,6
3211989,0,234,0,40,2,5,2,1,28,57,6
3207649,0,234,0,40,3,6,2,1,41,121,6
3221982,0,234,0,40,2,3,2,1,17,23,6
3197020,0,234,0,40,2,7,2,1,52,18,6
3150927,0,234,0,40,2,13,2,1,86,12,6
3194321,0,234,0,40,3,7,2,1,53,15,6
3225749,0,234,0,40,3,3,2,1,17,60,6
3171993,1,234,143,38.5517,2,16,2,1,77,42,6
3209259,0,234,0,40,3,4,2,1,47,42,6
3199795,0,234,0,40,2,12,2,1,41,69,6
3204027,0,234,0,40,3,7,2,1,40,56,6
3203175,0,234,0,40,2,5,2,1,52,32,6
3223458,0,234,0,40,3,2,2,1,30,33,6
3207809,0,234,0,40,3,4,2,1,51,32,6
3207071,0,234,0,40,3,6,2,1,38,41,6
3228610,0,234,0,40,2,1,2,1,22,36,6
3218100,0,234,0,40,2,3,2,1,34,24,6
3152995,0,234,0,40,2,20,2,1,101,78,6
3150428,0,234,0,40,2,12,2,1,70,62,6
3231018,0,234,0,40,2,1,2,1,18,36,6
3220014,0,234,0,40,2,2,2,1,32,44,6
3174190,0,234,0,40,3,13,2,1,68,41,6
3233028,0,234,0,40,2,1,2,1,17,45,6
3220021,0,234,0,40,3,3,2,1,22,83,6
3181210,0,234,0,40,2,8,2,1,75,34,6
3195073,0,234,0,40,2,7,2,1,59,38,6
3220748,0,234,0,40,2,3,2,1,27,57,6
3206144,0,234,0,40,2,5,2,1,38,38,6
3182006,0,234,0,40,3,10,2,1,63,99,6
3228350,0,234,0,40,2,3,2,1,17,28,6
3196978,0,234,0,40,3,9,2,1,49,63,6
3216091,0,234,0,40,3,4,2,1,37,27,6
3228327,0,234,0,40,3,2,2,1,21,60,6
3218150,0,234,0,40,3,4,2,1,30,34,6
3232106,0,234,0,40,2,2,2,1,15,53,6
3221485,0,234,0,40,2,4,2,1,29,15,6
3198081,0,234,0,40,3,8,2,1,47,32,6
3217091,0,234,0,40,2,4,2,1,31,32,6
3223806,0,234,0,40,2,3,2,1,26,40,6
3204584,0,234,0,40,3,6,2,1,42,37,6
3228686,0,234,0,40,3,3,2,1,18,68,6
3236115,0,234,0,40,2,1,2,1,11,41,6
3225040,0,234,0,40,2,3,2,1,17,39,6
3227310,0,234,0,40,3,3,2,1,19,37,6
3226819,0,234,0,40,3,3,2,1,22,48,6
3235473,0,234,0,40,2,1,2,1,10,28,6
3236197,0,234,0,40,2,1,2,1,10,19,6
3222324,0,234,0,40,2,2,2,1,33,37,6
3176222,0,234,0,40,3,15,2,1,68,19,6
3149931,0,234,0,40,2,12,2,1,100,48,6
3153110,0,234,0,40,3,10,2,1,68,21,6
3182158,0,234,0,40,3,7,2,1,83,37,6
3218071,0,234,0,40,3,5,2,1,35,18,6
3214550,0,234,0,40,2,6,2,1,33,64,6
3226291,0,234,0,40,3,3,2,1,22,69,6
3233566,0,234,0,40,3,0,2,1,9,43,6
3234639,0,234,0,40,2,0,2,1,9,65,6
3234823,0,234,0,40,3,0,2,1,9,13,6
3235079,0,234,0,40,3,0,2,1,9,36,6
3235205,0,234,0,40,2,0,2,1,9,29,6
3235269,0,234,0,40,2,0,2,1,9,29,6
3235365,0,234,0,40,3,0,2,1,9,83,6
3235517,0,234,0,40,3,0,2,1,9,50,6
3235661,0,234,0,40,3,0,2,1,9,78,6
3235710,0,234,0,40,2,0,2,1,9,50,6
3235846,0,234,0,40,2,0,2,1,9,37,6
3235926,0,234,0,40,2,0,2,1,9,55,6
3236248,0,234,0,40,2,0,2,1,9,45,6
3236256,0,234,0,40,2,0,2,1,9,51,6
3236344,0,234,0,40,3,0,2,1,9,26,6
3236376,0,234,0,40,3,0,2,1,9,22,6
3236400,0,234,0,40,3,0,2,1,9,47,6
3236416,0,234,0,40,2,0,2,1,9,29,6
3236488,0,234,0,40,2,0,2,1,9,44,6
3236496,0,234,0,40,3,0,2,1,9,52,6
3236520,0,234,0,40,3,0,2,1,9,46,6
3236536,0,234,0,40,2,0,2,1,9,28,6
3236568,0,234,0,40,2,0,2,1,9,39,6
3236592,0,234,0,40,3,0,2,1,9,99,6
3236624,0,234,0,40,2,0,2,1,9,60,6
3236640,0,234,0,40,2,0,2,1,9,36,6
3236648,0,234,0,40,2,0,2,1,9,29,6
3236696,0,234,0,40,2,0,2,1,9,37,6
3236712,0,234,0,40,3,0,2,1,9,28,6
3236729,0,234,0,40,3,0,2,1,9,39,6
3236733,0,234,0,40,2,0,2,1,9,57,6
3236793,0,234,0,40,2,0,2,1,9,60,6
3236801,0,234,0,40,2,0,2,1,9,49,6
3236833,0,234,0,40,3,0,2,1,9,47,6
3236841,0,234,0,40,3,0,2,1,9,57,6
3236857,0,234,0,40,2,0,2,1,9,51,6
3236869,0,234,0,40,2,0,2,1,9,74,6
3236873,0,234,0,40,2,0,2,1,9,29,6
3236889,0,234,0,40,2,0,2,1,9,64,6
3236901,0,234,0,40,3,0,2,1,9,11,6
3236917,0,234,0,40,3,0,2,1,9,18,6
3236925,0,234,0,40,3,0,2,1,9,53,6
3236933,0,234,0,40,2,0,2,1,9,77,6
3236945,0,234,0,40,2,0,2,1,9,88,6
3236953,0,234,0,40,3,0,2,1,9,28,6
3237005,0,234,0,40,3,0,2,1,9,23,6
3237013,0,234,0,40,2,0,2,1,9,64,6
3237037,0,234,0,40,3,0,2,1,9,80,6
3237061,0,234,0,40,3,0,2,1,9,17,6
3237085,0,234,0,40,2,0,2,1,9,55,6
3237097,0,234,0,40,3,0,2,1,9,77,6
3237105,0,234,0,40,3,0,2,1,9,102,6
3237121,0,234,0,40,3,0,2,1,9,49,6
3237137,0,234,0,40,3,0,2,1,9,28,6
3237153,0,234,0,40,3,0,2,1,9,54,6
3237169,0,234,0,40,2,0,2,1,9,11,6
3237177,0,234,0,40,2,0,2,1,9,35,6
3237190,0,234,0,40,3,0,2,1,9,62,6
3237196,0,234,0,40,3,0,2,1,9,15,6
3237204,0,234,0,40,2,0,2,1,9,43,6
3237206,0,234,0,40,3,0,2,1,9,24,6
3237220,0,234,0,40,3,0,2,1,9,38,6
3237228,0,234,0,40,3,0,2,1,9,48,6
3237242,0,234,0,40,2,0,2,1,9,73,6
3237244,0,234,0,40,3,0,2,1,9,78,6
3237250,0,234,0,40,2,0,2,1,9,33,6
3237252,0,234,0,40,2,0,2,1,9,47,6
3237256,0,234,0,40,2,0,2,1,9,33,6
3237258,0,234,0,40,2,0,2,1,9,50,6
3237278,0,234,0,40,2,0,2,1,9,55,6
3237288,0,234,0,40,2,0,2,1,9,35,6
3237292,0,234,0,40,2,0,2,1,9,23,6
3237296,0,234,0,40,2,0,2,1,9,33,6
3237304,0,234,0,40,2,0,2,1,9,42,6
3237312,0,234,0,40,3,0,2,1,9,45,6
3237318,0,234,0,40,3,0,2,1,9,34,6
3237328,0,234,0,40,3,0,2,1,9,16,6
3237332,0,234,0,40,3,0,2,1,9,66,6
3237336,0,234,0,40,2,0,2,1,9,55,6
3237340,0,234,0,40,2,0,2,1,9,43,6
3237362,0,234,0,40,2,0,2,1,9,26,6
3237368,0,234,0,40,2,0,2,1,9,53,6
3237384,0,234,0,40,2,0,2,1,9,45,6
3237392,0,234,0,40,2,0,2,1,9,20,6
3237394,0,234,0,40,3,0,2,1,9,46,6
3237396,0,234,0,40,2,0,2,1,9,16,6
3237406,0,234,0,40,2,0,2,1,9,17,6
3237426,0,234,0,40,3,0,2,1,9,18,6
3237430,0,234,0,40,3,0,2,1,9,67,6
3237440,0,234,0,40,2,0,2,1,9,21,6
3237466,0,234,0,40,3,0,2,1,9,26,6
3237470,0,234,0,40,2,0,2,1,9,50,6
3237478,0,234,0,40,3,0,2,1,9,63,6
3237482,0,234,0,40,2,0,2,1,9,31,6
3237490,0,234,0,40,3,0,2,1,9,57,6
3237492,0,234,0,40,3,0,2,1,9,20,6
3237502,0,234,0,40,3,0,2,1,9,36,6
3237504,0,234,0,40,2,0,2,1,9,18,6
3237506,0,234,0,40,2,0,2,1,9,38,6
3237516,0,234,0,40,3,0,2,1,9,25,6
3237518,0,234,0,40,2,0,2,1,9,31,6
3237526,0,234,0,40,2,0,2,1,9,37,6
3237534,0,234,0,40,2,0,2,1,9,62,6
3237558,0,234,0,40,3,0,2,1,9,37,6
3237568,0,234,0,40,2,0,2,1,9,49,6
3237574,0,234,0,40,3,0,2,1,9,18,6
3237588,0,234,0,40,3,0,2,1,9,23,6
3237598,0,234,0,40,2,0,2,1,9,45,6
3237608,0,234,0,40,2,0,2,1,9,26,6
3237610,0,234,0,40,3,0,2,1,9,36,6
3237618,0,234,0,40,3,0,2,1,9,74,6
3237626,0,234,0,40,2,0,2,1,9,76,6
3237630,0,234,0,40,3,0,2,1,9,17,6
3237632,0,234,0,40,2,0,2,1,9,50,6
3237636,0,234,0,40,2,0,2,1,9,69,6
3237646,0,234,0,40,2,0,2,1,9,24,6
3237648,0,234,0,40,2,0,2,1,9,22,6
3237656,0,234,0,40,2,0,2,1,9,37,6
3178377,0,234,0,40,3,9,2,1,66,26,6
3152439,0,234,0,40,3,10,2,1,100,60,6
3206960,0,234,0,40,3,5,2,1,28,36,6
3222844,0,234,0,40,3,2,2,1,16,76,6
3175226,0,234,0,40,3,16,2,1,62,28,6
3203820,0,234,0,40,2,5,2,1,38,106,6
3196162,0,234,0,40,2,6,2,1,52,54,6
3226143,0,234,0,40,3,1,2,1,18,23,6
3227575,0,234,0,40,2,1,2,1,16,55,6
3180820,1,234,185,40,2,9,2,1,59,24,6
3218840,0,234,0,40,3,3,2,1,14,35,6
3218594,0,234,0,40,3,3,2,1,23,23,6
3150921,0,234,0,40,2,9,2,1,57,37,6
3223880,0,234,0,40,3,1,2,1,20,58,6
3192091,0,234,0,40,3,7,2,1,57,42,6
3228265,0,234,0,40,2,1,2,1,15,32,6
3161370,0,234,0,40,2,19,2,1,89,31,6
3230145,0,234,0,40,3,1,2,1,12,38,6
3220992,0,234,0,40,3,3,2,1,19,17,6
3220360,0,234,0,40,3,3,2,1,24,25,6
3191696,0,234,0,40,2,6,2,1,53,37,6
3219857,0,234,0,40,2,3,2,1,26,36,6
3228649,0,234,0,40,2,1,2,1,16,70,6
3217094,0,234,0,40,3,3,2,1,25,64,6
3228591,0,234,0,40,2,2,2,1,11,43,6
3198932,0,234,0,40,2,6,2,1,38,49,6
3186565,0,234,0,40,3,7,2,1,56,107,6
3216249,0,234,0,40,2,3,2,1,30,39,6
3213159,0,234,0,40,2,3,2,1,34,25,6
3171072,1,234,155,40,2,15,2,1,70,78,6
3181980,0,234,0,40,2,9,2,1,66,33,6
3198913,0,234,0,40,3,8,2,1,43,65,6
3181834,0,234,0,40,3,6,2,1,80,70,6
3225642,0,234,0,40,2,2,2,1,17,55,6
3202866,0,234,0,40,3,5,2,1,41,28,6
3227157,0,234,0,40,3,2,2,1,16,32,6
3185636,0,234,0,40,2,10,2,1,55,52,6
3216765,0,234,0,40,3,5,2,1,28,60,6
3230615,0,234,0,40,3,1,2,1,12,13,6
3231263,0,234,0,40,3,1,2,1,12,21,6
3187288,0,234,0,40,3,11,2,1,57,62,6
3195108,0,234,0,40,2,9,2,1,38,28,6
3209140,0,234,0,40,3,4,2,1,33,14,6
3205944,0,234,0,40,2,6,2,1,28,22,6
3200928,0,234,0,40,3,6,2,1,43,28,6
3194286,0,234,0,40,3,6,2,1,47,41,6
3178546,0,234,0,40,2,8,2,1,73,34,6
3182810,0,234,0,40,3,9,2,1,67,28,6
3223637,0,234,0,40,2,2,2,1,24,30,6
3226573,0,234,0,40,2,1,2,1,22,70,6
3210832,0,234,0,40,2,5,2,1,34,41,6
3204667,0,234,0,40,2,2,2,1,51,58,6
3214576,0,234,0,40,3,5,2,1,28,35,6
3211197,0,234,0,40,2,5,2,1,33,51,6
3210243,0,234,0,40,3,5,2,1,33,77,6
3219730,0,234,0,40,3,3,2,1,23,56,6
3178320,0,234,0,40,2,11,2,1,64,36,6
3215834,1,234,220,26.7624,3,3,2,1,28,12,6
3211980,0,234,0,40,3,4,2,1,35,100,6
3185043,0,234,0,40,3,9,2,1,55,97,6
3180116,0,234,0,40,3,11,2,1,58,34,6
3231159,0,234,0,40,2,1,2,1,13,26,6
3224965,0,234,0,40,2,2,2,1,19,51,6
3201722,0,234,0,40,3,6,2,1,44,45,6
3177331,1,234,115,25.7012,3,12,2,1,65,32,6
3191364,0,234,0,40,2,5,2,1,55,24,6
3188776,0,234,0,40,2,10,2,1,53,48,6
3157696,0,234,0,40,2,5,2,1,65,17,6
3228382,0,234,0,40,2,2,2,1,13,45,6
3204775,0,234,0,40,3,4,2,1,38,34,6
3211581,0,234,0,40,3,4,2,1,33,62,6
3189559,0,234,0,40,2,10,2,1,57,31,6
3217224,0,234,0,40,2,2,2,1,33,89,6
3197482,0,234,0,40,2,10,2,1,34,43,6
3204469,0,234,0,40,3,6,2,1,42,38,6
3232443,0,234,0,40,3,1,2,1,10,37,6
3232930,0,234,0,40,3,1,2,1,10,58,6
3228644,0,234,0,40,3,2,2,1,11,58,6
3228510,0,234,0,40,2,2,2,1,12,63,6
3188314,0,234,0,40,2,7,2,1,55,18,6
3232028,0,234,0,40,3,1,2,1,9,27,6
3169341,1,234,131,23.5311,3,10,2,1,89,46,6
3167898,0,234,0,40,3,12,2,1,77,41,6
3185508,0,234,0,40,2,9,2,1,69,36,6
3186069,0,234,0,40,2,7,2,1,71,30,6
3225311,0,234,0,40,3,1,2,1,25,58,6
3222742,0,234,0,40,2,3,2,1,24,73,6
3222890,0,234,0,40,3,2,2,1,22,76,6
3218274,0,234,0,40,2,3,2,1,26,72,6
3216677,0,234,0,40,2,4,2,1,26,61,6
3192322,0,234,0,40,3,9,2,1,48,25,6
3195896,0,234,0,40,2,6,2,1,50,61,6
3213300,0,234,0,40,3,5,2,1,32,82,6
3228985,0,234,0,40,3,1,2,1,17,36,6
3219848,0,234,0,40,3,4,2,1,29,56,6
3230269,0,234,0,40,3,1,2,1,16,41,6
3205480,0,234,0,40,2,5,2,1,39,34,6
3202589,0,234,0,40,3,4,2,1,48,40,6
3154259,1,234,0,40,2,11,2,1,78,32,6
3228263,0,234,0,40,2,2,2,1,16,45,6
3226818,0,234,0,40,2,2,2,1,21,62,6
3230114,0,234,0,40,2,1,2,1,15,46,6
3179014,0,234,0,40,3,13,2,1,60,15,6
3231463,0,234,0,40,3,1,2,1,14,36,6
3218432,0,234,0,40,2,3,2,1,18,25,6
3210430,0,234,0,40,2,5,2,1,32,41,6
3195894,0,234,0,40,3,10,2,1,44,12,6
3230645,0,234,0,40,3,1,2,1,13,31,6
3231513,0,234,0,40,3,1,2,1,13,54,6
3161295,0,234,0,40,3,14,2,1,104,107,6
3209313,0,234,0,40,3,4,2,1,38,38,6
3224154,0,234,0,40,3,2,2,1,20,25,6
3185146,0,234,0,40,3,7,2,1,76,40,6
3229594,0,234,0,40,3,1,2,1,12,48,6
3170288,0,234,0,40,2,11,2,1,86,77,6
3216564,0,234,0,40,2,5,2,1,23,9,6
3229188,0,234,0,40,2,2,2,1,13,46,6
3200888,0,234,0,40,2,8,2,1,37,49,6
3203290,0,234,0,40,3,5,2,1,42,30,6
3174320,1,234,145,40,2,14,2,1,65,33,6
3233032,0,234,0,40,2,1,2,1,11,31,6
3200798,0,234,0,40,2,6,2,1,38,55,6
3177967,0,234,0,40,2,16,2,1,69,53,6
3191852,0,234,0,40,3,9,2,1,49,38,6
3230831,0,234,0,40,3,2,2,1,13,34,6
3233271,0,234,0,40,3,1,2,1,10,23,6
3225632,0,234,0,40,3,3,2,1,15,18,6
3231321,0,234,0,40,3,2,2,1,10,35,6
3220131,0,234,0,40,3,4,2,1,23,38,6
3224147,0,234,0,40,2,3,2,1,23,23,6
3226759,0,234,0,40,3,3,2,1,16,41,6
3233973,0,234,0,40,2,1,2,1,9,22,6
3213250,0,234,0,40,3,1,2,1,47,42,6
3172123,1,234,136,40,2,10,2,1,89,41,6
3213486,0,234,0,40,2,2,2,1,43,45,6
3171338,0,234,0,40,3,9,2,1,97,67,6
3190839,0,234,0,40,3,6,2,1,58,64,6
3181840,0,234,0,40,2,8,2,1,78,78,6
3224549,0,234,0,40,3,1,2,1,26,35,6
3196329,0,234,0,40,3,5,2,1,69,61,6
3216156,0,234,0,40,3,3,2,1,31,82,6
3226240,0,234,0,40,2,1,2,1,22,41,6
3220680,0,234,0,40,3,2,2,1,29,40,6
3168979,0,234,0,40,2,14,2,1,80,54,6
3186996,0,234,0,40,2,11,2,1,60,41,6
3203555,0,234,0,40,3,5,2,1,39,38,6
3178896,1,234,136,40,2,10,2,1,70,62,6
3193055,0,234,0,40,2,5,2,1,59,43,6
3218826,0,234,0,40,2,3,2,1,29,63,6
3220463,0,234,0,40,2,3,2,1,21,35,6
3230025,0,234,0,40,3,1,2,1,17,21,6
3229446,0,234,0,40,2,1,2,1,16,65,6
3211102,0,234,0,40,3,3,2,1,37,16,6
3220070,0,234,0,40,3,3,2,1,23,34,6
3182732,0,234,0,40,2,9,2,1,62,70,6
3210788,0,234,0,40,3,3,2,1,39,56,6
3159260,0,234,0,40,3,11,2,1,52,29,6
3161051,1,234,134,23.4777,3,14,2,1,54,60,6
3204939,0,234,0,40,3,5,2,1,40,36,6
3175054,0,234,0,40,3,10,2,1,74,45,6
3207587,0,234,0,40,2,3,2,1,45,27,6
3164272,0,234,0,40,2,17,2,1,91,35,6
3230357,0,234,0,40,3,1,2,1,14,30,6
3217787,0,234,0,40,2,4,2,1,22,34,6
3168314,0,234,0,40,3,13,2,1,84,69,6
3211680,0,234,0,40,3,7,2,1,27,56,6
3226705,0,234,0,40,2,2,2,1,16,8,6
3200389,0,234,0,40,3,8,2,1,42,74,6
3229192,0,234,0,40,3,2,2,1,16,24,6
3230463,0,234,0,40,2,2,2,1,14,32,6
3230922,0,234,0,40,2,1,2,1,13,41,6
3232540,0,234,0,40,2,1,2,1,13,72,6
3212431,0,234,0,40,3,4,2,1,28,34,6
3184761,0,234,0,40,3,7,2,1,77,38,6
3200883,0,234,0,40,3,7,2,1,39,27,6
3220422,0,234,0,40,3,3,2,1,23,14,6
3151561,0,234,0,40,2,15,2,1,85,19,6
3231576,0,234,0,40,2,1,2,1,12,66,6
3201249,0,234,0,40,3,7,2,1,37,24,6
3194991,0,234,0,40,3,10,2,1,32,67,6
3219999,0,234,0,40,2,3,2,1,21,40,6
3202851,0,234,0,40,3,6,2,1,49,54,6
3209285,0,234,0,40,2,6,2,1,30,81,6
3204729,0,234,0,40,2,5,2,1,43,44,6
3212650,0,234,0,40,2,5,2,1,32,26,6
3219689,0,234,0,40,3,3,2,1,24,47,6
3231051,0,234,0,40,3,2,2,1,12,36,6
3149585,1,234,134,23.5394,3,10,2,1,86,88,6
3204404,0,234,0,40,2,7,2,1,39,32,6
3212056,0,234,0,40,2,4,2,1,37,35,6
3233307,0,234,0,40,3,1,2,1,11,51,6
3215747,0,234,0,40,2,5,2,1,25,21,6
3160724,1,234,136,35.8078,3,14,2,1,74,28,6
3199270,1,234,164,40,2,8,2,1,43,50,6
3181778,0,234,0,40,3,7,2,1,68,38,6
3171837,0,234,0,40,3,11,2,1,64,50,6
3208808,0,234,0,40,3,7,2,1,31,60,6
3199338,0,234,0,40,2,8,2,1,44,49,6
3213950,0,234,0,40,3,5,2,1,25,55,6
3212168,0,234,0,40,3,7,2,1,29,35,6
3192774,0,234,0,40,3,8,2,1,52,42,6
3230907,0,234,0,40,2,2,2,1,13,25,6
3231770,0,234,0,40,2,2,2,1,12,16,6
3233711,0,234,0,40,2,1,2,1,10,59,6
3225716,0,234,0,40,3,3,2,1,11,36,6
3177021,0,234,0,40,3,13,2,1,68,37,6
3216346,0,234,0,40,2,5,2,1,26,52,6
3187002,0,234,0,40,3,10,2,1,54,79,6
3206539,0,234,0,40,3,7,2,1,32,37,6
3205985,0,234,0,40,3,7,2,1,36,36,6
3228399,0,234,0,40,3,3,2,1,14,73,6
3174085,0,234,0,40,3,13,2,1,70,28,6
3198028,0,234,0,40,3,7,2,1,47,55,6
3221663,0,234,0,40,2,4,2,1,26,26,6
3191484,0,234,0,40,3,10,2,1,49,21,6
3213476,0,234,0,40,2,6,2,1,21,64,6
3233306,0,234,0,40,2,1,2,1,9,36,6
3234198,0,234,0,40,3,1,2,1,9,35,6
3234366,0,234,0,40,3,1,2,1,9,39,6
3234580,0,234,0,40,2,1,2,1,9,42,6
3206055,0,234,0,40,2,5,2,1,52,20,6
3219431,0,234,0,40,2,2,2,1,35,33,6
3200150,0,234,0,40,2,5,2,1,52,43,6
3153474,0,234,0,40,2,8,2,1,102,53,6
3199701,0,234,0,40,3,8,2,1,50,14,6
3201759,0,234,0,40,3,4,2,1,50,51,6
3226873,0,234,0,40,3,1,2,1,22,31,6
3198920,0,234,0,40,2,6,2,1,47,37,6
3203487,0,234,0,40,2,6,2,1,43,33,6
3228323,0,234,0,40,3,1,2,1,21,70,6
3196346,0,234,0,40,2,7,2,1,39,15,6
3189744,1,234,150,25.3146,3,9,2,1,47,62,6
3204998,0,234,0,40,2,5,2,1,41,36,6
3200427,0,234,0,40,2,6,2,1,46,27,6
3225776,0,234,0,40,3,2,2,1,21,43,6
3212205,0,234,0,40,3,5,2,1,35,58,6
3212367,0,234,0,40,2,4,2,1,39,65,6
3193428,0,234,0,40,2,7,2,1,58,52,6
3188392,0,234,0,40,3,10,2,1,54,66,6
3166695,0,234,0,40,3,13,2,1,96,37,6
3201064,0,234,0,40,3,6,2,1,38,37,6
3219094,0,234,0,40,3,2,2,1,26,27,6
3192071,0,234,0,40,2,9,2,1,61,26,6
3228635,0,234,0,40,2,2,2,1,17,41,6
3227867,0,234,0,40,2,1,2,1,16,93,6
3231143,0,234,0,40,3,1,2,1,16,19,6
3194075,0,234,0,40,3,8,2,1,61,36,6
3189023,0,234,0,40,2,7,2,1,53,86,6
3217646,0,234,0,40,2,4,2,1,30,40,6
3212970,1,234,186,17.2887,3,6,2,1,33,25,6
3230365,0,234,0,40,3,1,2,1,15,29,6
3222010,0,234,0,40,3,3,2,1,22,28,6
3197236,0,234,0,40,2,6,2,1,57,76,6
3218442,0,234,0,40,3,5,2,1,23,51,6
3232454,0,234,0,40,3,1,2,1,14,21,6
3174908,0,234,0,40,3,11,2,1,87,36,6
3154204,0,234,0,40,2,11,2,1,84,46,6
3224427,0,234,0,40,2,3,2,1,19,76,6
3202289,0,234,0,40,3,4,2,1,54,15,6
3201884,0,234,0,40,2,6,2,1,46,47,6
3194774,1,234,216,21.7645,3,8,2,1,55,20,6
3199583,0,234,0,40,2,8,2,1,46,39,6
3232704,0,234,0,40,3,1,2,1,13,39,6
3177792,0,234,0,40,3,11,2,1,66,66,6
3161976,0,234,0,40,2,16,2,1,62,38,6
3203009,0,234,0,40,3,6,2,1,34,34,6
3162818,0,234,0,40,2,11,2,1,134,46,6
3228657,0,234,0,40,2,2,2,1,17,41,6
3220313,0,234,0,40,2,4,2,1,23,38,6
3225032,0,234,0,40,3,2,2,1,20,47,6
3229476,0,234,0,40,3,2,2,1,15,40,6
3184554,0,234,0,40,2,12,2,1,51,39,6
3224460,0,234,0,40,3,3,2,1,23,31,6
3223738,0,234,0,40,3,4,2,1,17,50,6
3233187,0,234,0,40,2,1,2,1,12,14,6
3176034,0,234,0,40,2,13,2,1,65,71,6
3222570,0,234,0,40,2,2,2,1,25,19,6
3189674,0,234,0,40,3,11,2,1,49,22,6
3206282,0,234,0,40,2,6,2,1,37,16,6
3182322,1,234,140,18.1076,3,10,2,1,70,12,6
3227631,0,234,0,40,3,2,2,1,19,65,6
3197969,0,234,0,40,2,5,2,1,49,44,6
3193353,0,234,0,40,2,7,2,1,52,49,6
3220189,0,234,0,40,3,3,2,1,30,55,6
3210258,0,234,0,40,2,6,2,1,34,46,6
3221908,0,234,0,40,3,3,2,1,24,34,6
3204660,0,234,0,40,2,7,2,1,35,41,6
3230805,0,234,0,40,3,2,2,1,14,24,6
3233280,0,234,0,40,3,1,2,1,11,49,6
3233695,0,234,0,40,2,1,2,1,11,35,6
3187895,0,234,0,40,3,5,2,1,70,47,6
3217318,0,234,0,40,3,4,2,1,23,43,6
3230039,0,234,0,40,3,2,2,1,11,38,6
3227522,0,234,0,40,3,2,2,1,15,48,6
3198944,0,234,0,40,3,6,2,1,49,49,6
3180775,1,234,217,19.8762,3,10,2,1,62,57,6
3183814,0,234,0,40,3,10,2,1,56,78,6
3165811,0,234,0,40,3,18,2,1,85,41,6
3157283,0,234,0,40,3,6,2,1,42,80,6
3210677,0,234,0,40,2,3,2,1,41,55,6
3225063,0,234,0,40,2,3,2,1,23,30,6
3216811,0,234,0,40,2,5,2,1,29,29,6
3233814,0,234,0,40,2,1,2,1,10,57,6
3234178,0,234,0,40,3,1,2,1,10,31,6
3204576,0,234,0,40,3,5,2,1,38,56,6
3180268,0,234,0,40,3,9,2,1,66,23,6
3152973,0,234,0,40,2,9,2,1,62,23,6
3201425,0,234,0,40,2,6,2,1,41,54,6
3229294,0,234,0,40,3,2,2,1,10,90,6
3209596,0,234,0,40,2,4,2,1,41,24,6
3208770,0,234,0,40,3,7,2,1,39,90,6
3226381,0,234,0,40,3,3,2,1,18,47,6
3169123,0,234,0,40,2,11,2,1,89,21,6
3225883,0,234,0,40,3,3,2,1,17,26,6
3198341,0,234,0,40,3,8,2,1,47,64,6
3173570,0,234,0,40,2,14,2,1,86,43,6
3176404,0,234,0,40,3,13,2,1,61,61,6
3157491,1,234,149,37.2302,3,15,2,1,64,31,6
3206739,0,234,0,40,2,6,2,1,44,26,6
3220634,0,234,0,40,2,3,2,1,26,48,6
3234838,0,234,0,40,2,1,2,1,9,29,6
3235076,0,234,0,40,2,1,2,1,9,14,6
3222901,0,234,0,40,2,1,2,1,32,90,6
3151805,0,234,0,40,3,9,2,1,86,26,6
3202141,0,234,0,40,3,5,2,1,53,21,6
3202570,0,234,0,40,3,4,2,1,53,31,6
3189917,0,234,0,40,2,7,2,1,68,31,6
3225886,0,234,0,40,2,1,2,1,27,42,6
3226411,0,234,0,40,2,1,2,1,26,38,6
3219169,0,234,0,40,3,3,2,1,30,50,6
3191546,0,234,0,40,3,9,2,1,61,23,6
3179727,0,234,0,40,2,9,2,1,69,69,6
3219766,2,234,0,40,2,3,2,1,31,62,6
3196402,0,234,0,40,2,5,2,1,50,18,6
3194367,0,234,0,40,3,7,2,1,54,68,6
3211293,0,234,0,40,3,3,2,1,33,63,6
3198982,0,234,0,40,2,8,2,1,46,37,6
3215609,0,234,0,40,2,3,2,1,38,39,6
3228041,0,234,0,40,3,2,2,1,20,30,6
3228738,0,234,0,40,2,1,2,1,19,60,6
3222968,0,234,0,40,3,2,2,1,29,39,6
3230632,0,234,0,40,3,1,2,1,18,44,6
3190393,0,234,0,40,2,6,2,1,65,15,6
3214658,0,234,0,40,3,4,2,1,25,56,6
3220259,0,234,0,40,3,2,2,1,30,25,6
3225751,0,234,0,40,3,2,2,1,20,20,6
3223293,0,234,0,40,3,4,2,1,22,70,6
3224199,0,234,0,40,3,4,2,1,20,49,6
3217574,0,234,0,40,3,3,2,1,27,64,6
3208698,0,234,0,40,2,7,2,1,41,19,6
3231162,0,234,0,40,3,1,2,1,15,67,6
3210740,0,234,0,40,2,4,2,1,32,58,6
3160120,0,234,0,40,3,17,2,1,87,56,6
3208715,0,234,0,40,2,5,2,1,32,67,6
3155546,0,234,0,40,3,15,2,1,90,46,6
3213859,0,234,0,40,3,4,2,1,33,65,6
3193357,0,234,0,40,2,8,2,1,51,36,6
3151137,0,234,0,40,3,8,2,1,71,43,6
3225838,0,234,0,40,2,3,2,1,24,27,6
3193386,0,234,0,40,2,9,2,1,54,30,6
3231310,0,234,0,40,2,1,2,1,14,57,6
3211488,0,234,0,40,3,5,2,1,29,48,6
3217478,0,234,0,40,3,5,2,1,22,60,6
3176558,0,234,0,40,3,11,2,1,63,57,6
3217266,0,234,0,40,3,3,2,1,29,57,6
3169020,0,234,0,40,3,14,2,1,86,63,6
3211958,0,234,0,40,2,5,2,1,24,61,6
3199182,0,234,0,40,2,4,2,1,63,108,6
3227824,0,234,0,40,2,2,2,1,20,42,6
3219258,0,234,0,40,2,4,2,1,26,35,6
3178789,0,234,0,40,3,15,2,1,69,24,6
3221318,0,234,0,40,3,3,2,1,22,96,6
3232845,0,234,0,40,2,1,2,1,13,62,6
3206316,0,234,0,40,2,5,2,1,40,16,6
3215265,0,234,0,40,2,5,2,1,25,26,6
3226979,0,234,0,40,2,2,2,1,18,40,6
3165604,1,234,130,26.4648,3,17,2,1,73,94,6
3218559,0,234,0,40,3,3,2,1,31,42,6
3224731,0,234,0,40,2,2,2,1,23,49,6
3201880,0,234,0,40,3,7,2,1,37,47,6
3221645,0,234,0,40,2,4,2,1,21,18,6
3227807,0,234,0,40,2,3,2,1,16,15,6
3188809,0,234,0,40,2,9,2,1,65,46,6
3233148,0,234,0,40,2,1,2,1,12,60,6
3233625,0,234,0,40,2,1,2,1,12,42,6
3233759,0,234,0,40,2,1,2,1,12,102,6
3204467,0,234,0,40,3,5,2,1,44,38,6
3179412,0,234,0,40,3,13,2,1,55,45,6
3209136,0,234,0,40,3,7,2,1,28,33,6
3195997,0,234,0,40,3,6,2,1,50,49,6
3194171,0,234,0,40,2,9,2,1,57,64,6
3203814,0,234,0,40,2,5,2,1,44,80,6
3173487,1,234,139,40,2,11,2,1,74,27,6
3176459,0,234,0,40,3,13,2,1,64,63,6
3210431,0,234,0,40,3,5,2,1,25,30,6
3204190,0,234,0,40,3,7,2,1,45,23,6
3189290,0,234,0,40,3,13,2,1,40,28,6
3233546,0,234,0,40,3,1,2,1,11,66,6
3233958,0,234,0,40,3,1,2,1,11,28,6
3234242,0,234,0,40,2,1,2,1,11,28,6
3234362,0,234,0,40,2,1,2,1,11,19,6
3234462,0,234,0,40,3,1,2,1,11,53,6
3234482,0,234,0,40,3,1,2,1,11,50,6
3223354,0,234,0,40,3,2,2,1,13,40,6
3193503,0,234,0,40,2,7,2,1,45,25,6
3225041,0,234,0,40,2,3,2,1,15,43,6
3200485,0,234,0,40,2,5,2,1,50,24,6
3224059,0,234,0,40,2,3,2,1,16,53,6
3202392,0,234,0,40,3,7,2,1,37,40,6
3221334,0,234,0,40,2,3,2,1,19,22,6
3208531,0,234,0,40,3,4,2,1,32,53,6
3179286,0,234,0,40,2,11,2,1,54,41,6
3202410,0,234,0,40,3,6,2,1,36,55,6
3193162,0,234,0,40,3,8,2,1,51,18,6
3188130,0,234,0,40,3,9,2,1,59,34,6
3219581,0,234,0,40,3,4,2,1,22,18,6
3222430,0,234,0,40,3,3,2,1,20,53,6
3205772,0,234,0,40,2,6,2,1,39,25,6
3200971,0,234,0,40,2,8,2,1,46,38,6
3220565,0,234,0,40,3,4,2,1,23,57,6
3223835,0,234,0,40,3,4,2,1,22,61,6
3215464,0,234,0,40,3,4,2,1,34,60,6
3222001,0,234,0,40,2,3,2,1,29,44,6
3223454,1,234,216,28.6559,3,5,2,1,17,57,6
3220177,0,234,0,40,2,5,2,1,27,38,6
3233318,0,234,0,40,2,1,2,1,10,58,6
3234381,0,234,0,40,2,1,2,1,10,53,6
3234696,0,234,0,40,3,1,2,1,10,63,6
3235128,0,234,0,40,3,1,2,1,10,70,6
3224748,0,234,0,40,2,3,2,1,16,18,6
3205704,0,234,0,40,2,5,2,1,37,48,6
3189632,0,234,0,40,2,8,2,1,54,44,6
3215761,0,234,0,40,3,2,2,1,38,22,6
3210327,0,234,0,40,2,7,2,1,23,29,6
3197945,0,234,0,40,2,8,2,1,42,20,6
3226076,0,234,0,40,2,3,2,1,16,24,6
3153186,0,234,0,40,2,8,2,1,83,38,6
3231582,0,234,0,40,3,2,2,1,10,9,6
3211517,0,234,0,40,2,4,2,1,36,52,6
3231052,2,234,0,40,3,2,2,1,12,86,6
3225340,0,234,0,40,2,3,2,1,11,48,6
3230894,0,234,0,40,2,2,2,1,10,41,6
3217830,0,234,0,40,3,2,2,1,38,50,6
3213681,0,234,0,40,2,6,2,1,32,18,6
3233915,0,234,0,40,2,2,2,1,10,25,6
3200649,0,234,0,40,2,7,2,1,49,13,6
3220593,0,234,0,40,3,5,2,1,23,76,6
3227531,0,234,0,40,2,3,2,1,17,11,6
3192858,1,234,162,34.282,2,8,2,1,48,29,6
3234455,0,234,0,40,2,1,2,1,9,33,6
3235176,0,234,0,40,2,1,2,1,9,36,6
3235294,0,234,0,40,2,1,2,1,9,35,6
3235666,0,234,0,40,3,1,2,1,9,57,6
3192630,0,234,0,40,3,4,2,1,76,46,6
3218704,0,234,0,40,2,2,2,1,35,27,6
3223616,0,234,0,40,3,1,2,1,31,49,6
3217938,0,234,0,40,2,2,2,1,29,30,6
3160854,0,234,0,40,2,11,2,1,78,25,6
3211119,0,234,0,40,3,6,2,1,37,52,6
3201351,0,234,0,40,3,6,2,1,50,43,6
3207297,0,234,0,40,3,5,2,1,43,31,6
3220993,0,234,0,40,2,3,2,1,27,37,6
3199296,0,234,0,40,2,5,2,1,54,36,6
3199210,0,234,0,40,2,4,2,1,56,44,6
3189767,0,234,0,40,2,8,2,1,43,39,6
3191716,0,234,0,40,2,8,2,1,58,37,6
3197685,0,234,0,40,2,7,2,1,51,48,6
3149430,0,234,0,40,2,11,2,1,101,34,6
3222239,0,234,0,40,2,4,2,1,29,66,6
3228256,0,234,0,40,3,2,2,1,21,43,6
3213967,0,234,0,40,2,3,2,1,36,75,6
3154543,0,234,0,40,3,13,2,1,64,63,6
3218929,0,234,0,40,2,5,2,1,26,33,6
3209739,0,234,0,40,2,4,2,1,34,18,6
3157202,0,234,0,40,2,13,2,1,88,65,6
3186068,0,234,0,40,2,9,2,1,65,35,6
3191226,0,234,0,40,3,8,2,1,56,31,6
3226169,0,234,0,40,2,2,2,1,24,33,6
3229169,0,234,0,40,2,2,2,1,18,62,6
3231633,0,234,0,40,2,1,2,1,17,37,6
3214411,0,234,0,40,2,3,2,1,36,101,6
3226500,0,234,0,40,3,2,2,1,17,51,6
3213404,0,234,0,40,3,5,2,1,35,40,6
3224611,0,234,0,40,3,2,2,1,24,36,6
3199151,0,234,0,40,2,5,2,1,43,54,6
3221547,0,234,0,40,2,3,2,1,33,64,6
3171037,0,234,0,40,2,12,2,1,103,28,6
3232264,0,234,0,40,2,1,2,1,16,49,6
3232532,0,234,0,40,2,1,2,1,16,30,6
3209520,0,234,0,40,3,4,2,1,39,29,6
3217730,0,234,0,40,3,3,2,1,31,50,6
3214038,0,234,0,40,2,3,2,1,37,63,6
3180151,0,234,0,40,2,12,2,1,59,13,6
3210310,0,234,0,40,2,5,2,1,40,31,6
3230230,0,234,0,40,3,2,2,1,17,62,6
3185481,0,234,0,40,3,10,2,1,59,44,6
3232275,0,234,0,40,2,1,2,1,15,46,6
3216279,0,234,0,40,3,3,2,1,30,18,6
3225197,0,234,0,40,2,3,2,1,22,35,6
3206780,0,234,0,40,3,6,2,1,35,37,6
3195428,0,234,0,40,3,8,2,1,49,15,6
3214391,0,234,0,40,3,5,2,1,26,27,6
3210319,1,234,209,14.4469,3,6,2,1,27,40,6
3218461,0,234,0,40,3,3,2,1,35,49,6
3210293,0,234,0,40,3,4,2,1,47,40,6
3230987,0,234,0,40,2,2,2,1,15,22,6
3213884,0,234,0,40,3,3,2,1,36,28,6
3224902,0,234,0,40,3,3,2,1,17,45,6
3224209,0,234,0,40,2,3,2,1,20,20,6
3218201,0,234,0,40,3,5,2,1,24,61,6
3212887,0,234,0,40,3,5,2,1,30,38,6
3219453,0,234,0,40,2,3,2,1,31,33,6
3195998,0,234,0,40,3,8,2,1,54,32,6
3217103,0,234,0,40,2,5,2,1,33,46,6
3233580,0,234,0,40,3,1,2,1,13,64,6
3233829,0,234,0,40,3,1,2,1,13,58,6
3198724,0,234,0,40,2,7,2,1,47,43,6
3190686,0,234,0,40,3,8,2,1,58,47,6
3226142,0,234,0,40,2,3,2,1,16,33,6
3211184,0,234,0,40,2,5,2,1,34,28,6
3214704,0,234,0,40,3,4,2,1,33,42,6
3150395,0,234,0,40,2,11,2,1,103,35,6
3202890,0,234,0,40,2,4,2,1,55,34,6
3172959,0,234,0,40,3,12,2,1,71,16,6
3229954,0,234,0,40,3,2,2,1,15,19,6
3207477,0,234,0,40,2,5,2,1,41,26,6
3219705,0,234,0,40,2,3,2,1,32,33,6
3176252,0,234,0,40,3,10,2,1,83,40,6
3233226,0,234,0,40,2,1,2,1,12,37,6
3233826,0,234,0,40,2,1,2,1,12,22,6
3225208,0,234,0,40,2,2,2,1,15,52,6
3213697,0,234,0,40,2,5,2,1,24,60,6
3197696,0,234,0,40,2,9,2,1,46,42,6
3213551,0,234,0,40,3,4,2,1,30,27,6
3180435,0,234,0,40,2,11,2,1,59,22,6
3219779,0,234,0,40,3,4,2,1,25,92,6
3191473,0,234,0,40,2,11,2,1,54,58,6
3230509,0,234,0,40,3,2,2,1,12,55,6
3225318,0,234,0,40,3,4,2,1,16,49,6
3231534,0,234,0,40,3,2,2,1,12,39,6
3201419,0,234,0,40,3,6,2,1,52,39,6
3213921,0,234,0,40,2,4,2,1,33,23,6
3165738,0,234,0,40,2,15,2,1,99,95,6
3233157,0,234,0,40,3,2,2,1,12,19,6
3194307,0,234,0,40,3,9,2,1,56,89,6
3233700,0,234,0,40,3,1,2,1,11,33,6
3234748,0,234,0,40,2,1,2,1,11,51,6
3178917,0,234,0,40,3,10,2,1,74,95,6
3185359,0,234,0,40,2,9,2,1,60,29,6
3163611,0,234,0,40,2,20,2,1,93,83,6
3151004,0,234,0,40,2,15,2,1,73,31,6
3205017,0,234,0,40,3,5,2,1,49,38,6
3230338,0,234,0,40,3,2,2,1,15,34,6
3218513,0,234,0,40,2,3,2,1,32,21,6
3212965,0,234,0,40,3,7,2,1,28,76,6
3203852,0,234,0,40,2,6,2,1,49,25,6
3162864,0,234,0,40,2,16,2,1,109,82,6
3176467,0,234,0,40,2,14,2,1,63,41,6
3233292,0,234,0,40,3,2,2,1,11,28,6
3172518,1,234,108,40,2,14,2,1,90,20,6
3232895,0,234,0,40,3,2,2,1,12,42,6
3233888,0,234,0,40,2,1,2,1,10,27,6
3235678,0,234,0,40,3,1,2,1,10,51,6
3193263,0,234,0,40,3,11,2,1,42,46,6
3216942,0,234,0,40,2,4,2,1,25,39,6
3172471,0,234,0,40,2,9,2,1,81,23,6
3165162,1,234,117,34.493,3,10,2,1,114,17,6
3225417,0,234,0,40,3,3,2,1,16,36,6
3184065,0,234,0,40,2,8,2,1,59,34,6
3220786,0,234,0,40,2,3,2,1,24,44,6
3223794,0,234,0,40,2,2,2,1,24,29,6
3229858,0,234,0,40,2,2,2,1,14,24,6
3153363,0,234,0,40,2,17,2,1,79,29,6
3232420,1,234,219,33.4667,2,2,2,1,11,45,6
3165749,0,234,0,40,2,10,2,1,117,55,6
3200762,0,234,0,40,3,6,2,1,43,29,6
3212579,0,234,0,40,3,6,2,1,25,6,6
3181857,0,234,0,40,3,12,2,1,60,25,6
3186150,1,234,151,26.6374,3,10,2,1,65,51,6
3225837,0,234,0,40,3,4,2,1,15,37,6
3232793,0,234,0,40,3,2,2,1,10,31,6
3204484,0,234,0,40,3,5,2,1,47,93,6
3230197,0,234,0,40,2,2,2,1,17,81,6
3181509,0,234,0,40,3,12,2,1,67,73,6
3176271,0,234,0,40,2,9,2,1,81,19,6
3193260,0,234,0,40,2,7,2,1,52,56,6
3210392,0,234,0,40,3,8,2,1,34,51,6
3233127,0,234,0,40,2,2,2,1,12,76,6
3225833,0,234,0,40,3,3,2,1,13,26,6
3235271,0,234,0,40,3,1,2,1,9,17,6
3235773,0,234,0,40,3,1,2,1,9,83,6
3224078,0,234,0,40,2,1,2,1,31,41,6
3217829,0,234,0,40,2,3,2,1,40,60,6
3165930,0,234,0,40,3,11,2,1,102,65,6
3207479,0,234,0,40,2,5,2,1,46,32,6
3229716,0,234,0,40,2,1,2,1,21,41,6
3186409,0,234,0,40,2,7,2,1,63,24,6
3178576,0,234,0,40,3,11,2,1,73,35,6
3207207,1,234,187,32.4399,3,5,2,1,43,56,6
3197182,0,234,0,40,3,6,2,1,59,34,6
3164220,0,234,0,40,3,15,2,1,84,51,6
3229212,0,234,0,40,2,2,2,1,19,76,6
3195611,0,234,0,40,2,5,2,1,65,38,6
3223097,0,234,0,40,2,2,2,1,25,76,6
3190206,0,234,0,40,2,8,2,1,58,53,6
3227341,0,234,0,40,2,2,2,1,20,63,6
3232921,0,234,0,40,3,1,2,1,15,43,6
3233583,0,234,0,40,3,1,2,1,15,55,6
3198296,0,234,0,40,2,8,2,1,51,73,6
3230829,0,234,0,40,3,2,2,1,15,99,6
3211459,0,234,0,40,3,3,2,1,40,29,6
3183621,1,234,137,40,2,10,2,1,65,21,6
3228258,0,234,0,40,3,2,2,1,19,26,6
3199491,0,234,0,40,2,5,2,1,59,22,6
3233778,0,234,0,40,3,1,2,1,13,27,6
3221624,0,234,0,40,3,4,2,1,18,39,6
3215661,0,234,0,40,2,3,2,1,24,61,6
3219834,0,234,0,40,2,5,2,1,27,84,6
3225877,0,234,0,40,2,3,2,1,18,68,6
3183593,0,234,0,40,2,9,2,1,78,44,6
3231972,0,234,0,40,3,1,2,1,12,43,6
3233748,0,234,0,40,3,1,2,1,12,39,6
3234553,0,234,0,40,3,1,2,1,12,53,6
3162068,0,234,0,40,3,11,2,1,97,62,6
3231693,0,234,0,40,2,2,2,1,13,50,6
3149680,0,234,0,40,3,16,2,1,107,42,6
3226850,0,234,0,40,3,3,2,1,22,75,6
3226708,0,234,0,40,3,3,2,1,19,35,6
3208369,0,234,0,40,3,6,2,1,37,28,6
3234207,0,234,0,40,3,1,2,1,11,89,6
3235190,0,234,0,40,3,1,2,1,11,34,6
3180811,0,234,0,40,2,10,2,1,70,70,6
3213452,0,234,0,40,3,7,2,1,22,53,6
3212705,0,234,0,40,3,4,2,1,37,26,6
3230759,0,234,0,40,2,2,2,1,14,39,6
3232958,0,234,0,40,2,2,2,1,11,31,6
3178969,0,234,0,40,2,9,2,1,74,45,6
3233457,0,234,0,40,3,2,2,1,12,62,6
3168565,0,234,0,40,3,14,2,1,99,35,6
3233106,0,234,0,40,2,2,2,1,11,27,6
3233672,0,234,0,40,3,1,2,1,10,50,6
3235515,0,234,0,40,2,1,2,1,10,42,6
3236183,0,234,0,40,2,1,2,1,10,14,6
3210631,0,234,0,40,3,5,2,1,35,57,6
3232216,0,234,0,40,3,2,2,1,10,43,6
3203072,0,234,0,40,2,8,2,1,38,31,6
3160995,1,234,140,40,2,12,2,1,55,28,6
3229464,0,234,0,40,2,2,2,1,17,15,6
3228405,0,234,0,40,3,3,2,1,18,45,6
3231024,0,234,0,40,3,2,2,1,14,25,6
3200349,0,234,0,40,3,8,2,1,49,27,6
3233325,0,234,0,40,3,2,2,1,11,44,6
3212065,0,234,0,40,3,6,2,1,33,48,6
3157193,0,234,0,40,3,11,2,1,92,18,6
3231395,0,234,0,40,2,2,2,1,17,36,6
3213175,0,234,0,40,3,5,2,1,30,32,6
3234792,0,234,0,40,3,2,2,1,10,54,6
3195786,0,234,0,40,2,7,2,1,69,50,6
3235545,0,234,0,40,3,1,2,1,9,60,6
3235736,0,234,0,40,2,1,2,1,9,30,6
3235828,0,234,0,40,2,1,2,1,9,27,6
3236259,0,234,0,40,2,1,2,1,9,54,6
3201730,0,234,0,40,3,5,2,1,51,40,6
3192820,0,234,0,40,2,6,2,1,63,49,6
3192788,0,234,0,40,3,8,2,1,54,29,6
3208805,0,234,0,40,2,5,2,1,32,42,6
3189822,0,234,0,40,2,7,2,1,62,20,6
3201538,0,234,0,40,2,5,2,1,55,18,6
3185665,0,234,0,40,3,11,2,1,63,48,6
3171695,1,234,138,40,2,14,2,1,79,53,6
3213454,0,234,0,40,3,4,2,1,39,37,6
3199797,0,234,0,40,3,8,2,1,49,43,6
3214253,0,234,0,40,3,4,2,1,37,72,6
3207277,0,234,0,40,3,6,2,1,38,37,6
3210707,0,234,0,40,3,4,2,1,39,34,6
3200192,0,234,0,40,3,6,2,1,50,52,6
3209646,0,234,0,40,3,5,2,1,46,29,6
3231707,0,234,0,40,2,2,2,1,16,58,6
3233601,0,234,0,40,3,1,2,1,15,21,6
3210824,0,234,0,40,2,4,2,1,37,26,6
3221741,0,234,0,40,3,4,2,1,26,66,6
3233487,0,234,0,40,3,2,2,1,15,29,6
3177206,0,234,0,40,2,13,2,1,79,41,6
3214603,0,234,0,40,3,5,2,1,38,71,6
3233276,1,234,221,16.9683,3,2,2,1,14,22,6
3233980,0,234,0,40,2,1,2,1,13,64,6
3202999,0,234,0,40,2,7,2,1,43,14,6
3154579,0,234,0,40,3,15,2,1,89,50,6
3234889,0,234,0,40,3,1,2,1,12,44,6
3235548,0,234,0,40,3,1,2,1,12,71,6
3190337,0,234,0,40,2,8,2,1,53,74,6
3170050,0,234,0,40,2,12,2,1,91,49,6
3222715,0,234,0,40,2,3,2,1,25,32,6
3230699,0,234,0,40,3,2,2,1,16,33,6
3228778,0,234,0,40,3,2,2,1,22,17,6
3203121,0,234,0,40,2,4,2,1,56,57,6
3231905,0,234,0,40,2,2,2,1,16,13,6
3223312,0,234,0,40,2,5,2,1,21,62,6
3198826,0,234,0,40,2,7,2,1,52,40,6
3218714,0,234,0,40,2,4,2,1,25,46,6
3154823,1,234,140,25.5826,3,13,2,1,70,45,6
3226280,0,234,0,40,2,2,2,1,21,39,6
3223748,0,234,0,40,2,3,2,1,22,15,6
3152564,0,234,0,40,2,16,2,1,117,46,6
3225666,0,234,0,40,3,4,2,1,16,44,6
3208104,0,234,0,40,2,6,2,1,34,51,6
3184688,0,234,0,40,2,9,2,1,70,33,6
3203725,0,234,0,40,3,7,2,1,44,34,6
3236820,0,234,0,40,2,1,2,1,9,42,6
3199840,0,234,0,40,2,9,2,1,50,58,6
3218685,0,234,0,40,2,3,2,1,30,28,6
3152733,1,234,121,40,2,15,2,1,101,31,6
3231379,0,234,0,40,2,1,2,1,21,24,6
3183945,0,234,0,40,2,7,2,1,65,95,6
3227257,0,234,0,40,2,3,2,1,24,32,6
3202688,0,234,0,40,2,5,2,1,39,21,6
3236477,0,234,0,40,2,1,2,1,11,22,6
3154472,0,234,0,40,2,12,2,1,111,43,6
3210715,0,234,0,40,2,5,2,1,32,54,6
3236742,0,234,0,40,2,1,2,1,10,90,6
3210090,0,234,0,40,2,5,2,1,41,50,6
3235111,0,234,0,40,3,0,2,1,8,75,6
3235253,0,234,0,40,2,0,2,1,8,53,6
3235381,0,234,0,40,2,0,2,1,8,33,6
3235533,0,234,0,40,3,0,2,1,8,38,6
3235597,0,234,0,40,2,0,2,1,8,58,6
3235702,0,234,0,40,3,0,2,1,8,39,6
3235758,0,234,0,40,3,0,2,1,8,49,6
3235870,0,234,0,40,3,0,2,1,8,9,6
3235950,0,234,0,40,3,0,2,1,8,37,6
3236046,0,234,0,40,2,0,2,1,8,61,6
3236260,0,234,0,40,3,0,2,1,8,35,6
3236276,0,234,0,40,2,0,2,1,8,41,6
3236308,0,234,0,40,3,0,2,1,8,54,6
3236532,0,234,0,40,3,0,2,1,8,27,6
3236628,0,234,0,40,2,0,2,1,8,20,6
3236676,0,234,0,40,2,0,2,1,8,22,6
3236708,0,234,0,40,3,0,2,1,8,53,6
3236719,0,234,0,40,3,0,2,1,8,94,6
3236735,0,234,0,40,3,0,2,1,8,27,6
3236759,0,234,0,40,3,0,2,1,8,62,6
3236767,0,234,0,40,3,0,2,1,8,12,6
3236783,0,234,0,40,3,0,2,1,8,54,6
3236799,0,234,0,40,2,0,2,1,8,43,6
3236831,0,234,0,40,3,0,2,1,8,40,6
3236847,0,234,0,40,2,0,2,1,8,44,6
3236863,0,234,0,40,2,0,2,1,8,21,6
3236919,0,234,0,40,2,0,2,1,8,57,6
3236943,0,234,0,40,3,0,2,1,8,19,6
3236959,0,234,0,40,3,0,2,1,8,20,6
3236975,0,234,0,40,2,0,2,1,8,32,6
3236983,0,234,0,40,3,0,2,1,8,85,6
3237111,0,234,0,40,2,0,2,1,8,37,6
3237119,0,234,0,40,2,0,2,1,8,55,6
3237151,0,234,0,40,3,0,2,1,8,18,6
3237159,0,234,0,40,3,0,2,1,8,50,6
3237175,0,234,0,40,2,0,2,1,8,21,6
3237197,0,234,0,40,2,0,2,1,8,40,6
3237221,0,234,0,40,2,0,2,1,8,42,6
3237237,0,234,0,40,3,0,2,1,8,44,6
3237257,0,234,0,40,3,0,2,1,8,23,6
3237269,0,234,0,40,2,0,2,1,8,51,6
3237301,0,234,0,40,3,0,2,1,8,50,6
3237309,0,234,0,40,2,0,2,1,8,44,6
3237317,0,234,0,40,3,0,2,1,8,46,6
3237321,0,234,0,40,3,0,2,1,8,41,6
3237329,0,234,0,40,2,0,2,1,8,22,6
3237333,0,234,0,40,3,0,2,1,8,39,6
3237365,0,234,0,40,3,0,2,1,8,37,6
3237373,0,234,0,40,3,0,2,1,8,36,6
3237377,0,234,0,40,3,0,2,1,8,14,6
3237401,0,234,0,40,3,0,2,1,8,40,6
3237409,0,234,0,40,2,0,2,1,8,22,6
3237413,0,234,0,40,2,0,2,1,8,37,6
3237449,0,234,0,40,2,0,2,1,8,71,6
3237457,0,234,0,40,3,0,2,1,8,51,6
3237461,0,234,0,40,2,0,2,1,8,32,6
3237477,0,234,0,40,2,0,2,1,8,30,6
3237505,0,234,0,40,3,0,2,1,8,23,6
3237521,0,234,0,40,2,0,2,1,8,42,6
3237537,0,234,0,40,2,0,2,1,8,16,6
3237541,0,234,0,40,3,0,2,1,8,31,6
3237553,0,234,0,40,2,0,2,1,8,101,6
3237597,0,234,0,40,3,0,2,1,8,43,6
3237609,0,234,0,40,3,0,2,1,8,46,6
3237617,0,234,0,40,2,0,2,1,8,36,6
3237621,0,234,0,40,3,0,2,1,8,49,6
3237637,0,234,0,40,2,0,2,1,8,22,6
3237645,0,234,0,40,3,0,2,1,8,57,6
3237649,0,234,0,40,2,0,2,1,8,29,6
3237653,0,234,0,40,2,0,2,1,8,27,6
3237665,0,234,0,40,2,0,2,1,8,38,6
3237675,0,234,0,40,3,0,2,1,8,66,6
3237681,0,234,0,40,2,0,2,1,8,61,6
3237689,0,234,0,40,3,0,2,1,8,80,6
3237695,0,234,0,40,3,0,2,1,8,44,6
3237703,0,234,0,40,2,0,2,1,8,80,6
3237713,0,234,0,40,2,0,2,1,8,46,6
3237715,0,234,0,40,3,0,2,1,8,39,6
3237733,0,234,0,40,3,0,2,1,8,32,6
3237739,0,234,0,40,2,0,2,1,8,51,6
3237749,0,234,0,40,3,0,2,1,8,38,6
3237751,0,234,0,40,3,0,2,1,8,37,6
3237757,0,234,0,40,3,0,2,1,8,58,6
3237777,0,234,0,40,3,0,2,1,8,63,6
3237779,0,234,0,40,2,0,2,1,8,58,6
3237783,0,234,0,40,2,0,2,1,8,24,6
3237789,0,234,0,40,3,0,2,1,8,18,6
3237791,0,234,0,40,3,0,2,1,8,94,6
3237795,0,234,0,40,2,0,2,1,8,82,6
3237815,0,234,0,40,3,0,2,1,8,10,6
3237817,0,234,0,40,3,0,2,1,8,26,6
3237819,0,234,0,40,3,0,2,1,8,28,6
3237823,0,234,0,40,3,0,2,1,8,32,6
3237827,0,234,0,40,2,0,2,1,8,42,6
3237833,0,234,0,40,3,0,2,1,8,19,6
3237835,0,234,0,40,3,0,2,1,8,46,6
3237841,0,234,0,40,2,0,2,1,8,55,6
3237847,0,234,0,40,3,0,2,1,8,52,6
3237851,0,234,0,40,3,0,2,1,8,34,6
3237863,0,234,0,40,2,0,2,1,8,54,6
3237869,0,234,0,40,2,0,2,1,8,14,6
3237879,0,234,0,40,2,0,2,1,8,91,6
3237887,0,234,0,40,2,0,2,1,8,42,6
3237897,0,234,0,40,3,0,2,1,8,37,6
3237905,0,234,0,40,2,0,2,1,8,18,6
3237907,0,234,0,40,2,0,2,1,8,25,6
3237915,0,234,0,40,3,0,2,1,8,55,6
3237927,0,234,0,40,2,0,2,1,8,54,6
3237929,0,234,0,40,2,0,2,1,8,45,6
3237935,0,234,0,40,3,0,2,1,8,28,6
3237945,0,234,0,40,3,0,2,1,8,56,6
3237949,0,234,0,40,2,0,2,1,8,46,6
3237951,0,234,0,40,3,0,2,1,8,54,6
3237955,0,234,0,40,2,0,2,1,8,17,6
3237957,0,234,0,40,2,0,2,1,8,38,6
3237975,0,234,0,40,2,0,2,1,8,42,6
3237979,0,234,0,40,2,0,2,1,8,64,6
3237989,0,234,0,40,3,0,2,1,8,31,6
3237991,0,234,0,40,3,0,2,1,8,82,6
3237993,0,234,0,40,3,0,2,1,8,51,6
3237995,0,234,0,40,2,0,2,1,8,47,6
3238009,0,234,0,40,2,0,2,1,8,43,6
3238017,0,234,0,40,3,0,2,1,8,27,6
3238027,0,234,0,40,2,0,2,1,8,39,6
3238033,0,234,0,40,2,0,2,1,8,32,6
3238039,0,234,0,40,2,0,2,1,8,47,6
3238049,0,234,0,40,3,0,2,1,8,46,6
3238051,0,234,0,40,2,0,2,1,8,43,6
3238059,0,234,0,40,3,0,2,1,8,55,6
3238069,0,234,0,40,2,0,2,1,8,12,6
3238071,0,234,0,40,3,0,2,1,8,42,6
3238087,0,234,0,40,2,0,2,1,8,47,6
3238089,0,234,0,40,3,0,2,1,8,30,6
3238103,0,234,0,40,2,0,2,1,8,30,6
3238107,0,234,0,40,3,0,2,1,8,32,6
3238125,0,234,0,40,2,0,2,1,8,72,6
3238127,0,234,0,40,2,0,2,1,8,35,6
3238131,0,234,0,40,3,0,2,1,8,40,6
3238133,0,234,0,40,2,0,2,1,8,8,6
3201531,0,234,0,40,3,2,2,1,52,18,6
3192888,0,234,0,40,2,5,2,1,55,19,6
3204526,0,234,0,40,2,5,2,1,34,68,6
3164434,1,234,111,36.2003,3,13,2,1,105,39,6
3196921,0,234,0,40,3,7,2,1,42,62,6
3218772,0,234,0,40,2,2,2,1,24,66,6
3210856,0,234,0,40,3,4,2,1,28,45,6
3198495,1,234,217,12.4925,3,6,2,1,43,56,6
3231035,0,234,0,40,3,1,2,1,9,50,6
3200837,0,234,0,40,3,7,2,1,34,41,6
3221019,0,234,0,40,2,2,2,1,21,80,6
3229427,0,234,0,40,3,1,2,1,13,37,6
3188364,0,234,0,40,2,4,2,1,74,40,6
3204193,0,234,0,40,3,5,2,1,36,52,6
3203997,0,234,0,40,2,4,2,1,40,8,6
3155226,0,234,0,40,2,11,2,1,70,42,6
3222035,0,234,0,40,3,3,2,1,20,27,6
3201717,0,234,0,40,2,4,2,1,47,16,6
3213121,0,234,0,40,2,2,2,1,37,18,6
3222600,0,234,0,40,2,2,2,1,23,9,6
3215561,0,234,0,40,3,5,2,1,19,26,6
3156447,0,234,0,40,3,14,2,1,87,15,6
3231335,0,234,0,40,3,1,2,1,11,18,6
3226942,0,234,0,40,3,3,2,1,13,38,6
3185787,0,234,0,40,2,9,2,1,54,20,6
3228946,0,234,0,40,3,2,2,1,11,50,6
3229808,0,234,0,40,2,1,2,1,9,85,6
3224876,0,234,0,40,3,3,2,1,14,65,6
3230849,0,234,0,40,2,1,2,1,8,42,6
3204175,0,234,0,40,3,3,2,1,50,26,6
3196265,0,234,0,40,3,6,2,1,56,42,6
3218667,0,234,0,40,2,2,2,1,30,29,6
3198562,0,234,0,40,2,4,2,1,53,37,6
3218938,0,234,0,40,3,3,2,1,23,82,6
3227551,0,234,0,40,2,1,2,1,19,72,6
3221342,0,234,0,40,3,2,2,1,22,38,6
3207457,0,234,0,40,2,4,2,1,44,87,6
3217180,0,234,0,40,2,3,2,1,19,41,6
3175145,0,234,0,40,2,9,2,1,80,43,6
3212920,0,234,0,40,2,4,2,1,35,50,6
3228658,0,234,0,40,2,1,2,1,14,37,6
3171717,0,234,0,40,2,11,2,1,87,30,6
3220973,0,234,0,40,3,2,2,1,30,44,6
3230688,0,234,0,40,2,1,2,1,13,71,6
3207797,0,234,0,40,2,4,2,1,39,55,6
3229884,0,234,0,40,2,1,2,1,12,48,6
3231377,0,234,0,40,3,1,2,1,12,59,6
3227227,0,234,0,40,3,2,2,1,12,38,6
3155844,0,234,0,40,3,12,2,1,82,35,6
3219379,0,234,0,40,3,3,2,1,23,43,6
3155412,0,234,0,40,3,11,2,1,80,12,6
3222965,0,234,0,40,3,3,2,1,19,46,6
3202794,0,234,0,40,2,7,2,1,31,21,6
3195177,1,234,152,40,2,8,2,1,45,48,6
3231210,0,234,0,40,2,1,2,1,10,52,6
3232560,0,234,0,40,3,1,2,1,10,51,6
3190183,0,234,0,40,2,7,2,1,48,33,6
3208854,0,234,0,40,2,6,2,1,33,14,6
3222652,0,234,0,40,2,3,2,1,17,73,6
3221501,0,234,0,40,2,4,2,1,18,39,6
3210674,0,234,0,40,3,5,2,1,42,52,6
3217009,0,234,0,40,2,2,2,1,30,21,6
3163484,0,234,0,40,2,16,2,1,96,49,6
3180128,0,234,0,40,2,11,2,1,51,51,6
3179439,0,234,0,40,3,9,2,1,70,70,6
3216400,0,234,0,40,2,5,2,1,24,24,6
3210692,0,234,0,40,3,8,2,1,29,66,6
3222633,0,234,0,40,2,2,2,1,29,35,6
3224422,0,234,0,40,2,1,2,1,25,32,6
3183931,0,234,0,40,3,10,2,1,56,37,6
3225710,0,234,0,40,2,1,2,1,23,71,6
3211942,0,234,0,40,2,4,2,1,35,69,6
3152806,0,234,0,40,3,13,2,1,98,49,6
3228365,0,234,0,40,3,1,2,1,18,53,6
3184019,0,234,0,40,3,8,2,1,60,35,6
3199133,0,234,0,40,3,8,2,1,46,71,6
3226218,0,234,0,40,3,2,2,1,18,46,6
3182709,0,234,0,40,3,9,2,1,63,50,6
3164775,1,234,125,25.8848,3,10,2,1,111,30,6
3230722,0,234,0,40,2,1,2,1,14,73,6
3190256,0,234,0,40,3,7,2,1,55,80,6
3228192,0,234,0,40,2,2,2,1,14,32,6
3227011,0,234,0,40,3,2,2,1,18,35,6
3202761,0,234,0,40,3,5,2,1,29,39,6
3207915,0,234,0,40,3,6,2,1,40,24,6
3197343,0,234,0,40,2,7,2,1,51,16,6
3190930,0,234,0,40,3,9,2,1,62,32,6
3231665,0,234,0,40,3,1,2,1,12,39,6
3221667,0,234,0,40,3,3,2,1,18,25,6
3213291,0,234,0,40,2,2,2,1,39,44,6
3176044,0,234,0,40,2,13,2,1,56,11,6
3215400,0,234,0,40,2,5,2,1,23,53,6
3226856,0,234,0,40,2,2,2,1,16,56,6
3218672,0,234,0,40,3,5,2,1,17,24,6
3226037,0,234,0,40,3,3,2,1,16,19,6
3232666,0,234,0,40,3,1,2,1,10,43,6
3149831,0,234,0,40,2,12,2,1,108,36,6
3220152,0,234,0,40,2,4,2,1,20,56,6
3158957,1,234,134,40,2,13,2,1,54,29,6
3226746,0,234,0,40,3,3,2,1,13,18,6
3218927,0,234,0,40,3,4,2,1,23,26,6
3190221,0,234,0,40,3,8,2,1,60,64,6
3216345,0,234,0,40,3,6,2,1,15,32,6
3232901,0,234,0,40,2,1,2,1,9,46,6
3188738,0,234,0,40,2,9,2,1,50,30,6
3218182,0,234,0,40,3,3,2,1,24,43,6
3219813,0,234,0,40,2,4,2,1,18,41,6
3210005,0,234,0,40,2,6,2,1,20,65,6
3206633,0,234,0,40,3,5,2,1,36,28,6
3227483,0,234,0,40,3,2,2,1,16,23,6
3208960,0,234,0,40,2,6,2,1,21,78,6
3196111,0,234,0,40,3,7,2,1,44,27,6
3199994,0,234,0,40,3,6,2,1,53,41,6
3196752,0,234,0,40,3,6,2,1,58,27,6
3221153,0,234,0,40,3,1,2,1,32,33,6
3203740,0,234,0,40,2,5,2,1,43,58,6
3222241,0,234,0,40,2,2,2,1,29,42,6
3154867,0,234,0,40,2,10,2,1,77,32,6
3214241,0,234,0,40,2,4,2,1,35,101,6
3214624,0,234,0,40,3,3,2,1,30,22,6
3202282,0,234,0,40,2,4,2,1,49,35,6
3156899,0,234,0,40,2,10,2,1,101,36,6
3182987,0,234,0,40,2,9,2,1,56,61,6
3216314,0,234,0,40,3,3,2,1,24,64,6
3180324,0,234,0,40,3,9,2,1,74,45,6
3228977,0,234,0,40,2,1,2,1,17,68,6
3220465,0,234,0,40,2,4,2,1,21,20,6
3220367,0,234,0,40,2,3,2,1,20,24,6
3160174,0,234,0,40,3,11,2,1,89,45,6
3184759,0,234,0,40,3,9,2,1,54,28,6
3160492,0,234,0,40,2,18,2,1,79,39,6
3231883,0,234,0,40,3,1,2,1,13,26,6
3175984,0,234,0,40,2,16,2,1,64,49,6
3218920,0,234,0,40,3,2,2,1,31,46,6
3228553,0,234,0,40,2,2,2,1,14,50,6
3219960,0,234,0,40,2,4,2,1,26,52,6
3232282,0,234,0,40,3,1,2,1,12,67,6
3221281,0,234,0,40,2,3,2,1,15,39,6
3220012,0,234,0,40,3,2,2,1,27,9,6
3174296,0,234,0,40,2,11,2,1,79,48,6
3158773,0,234,0,40,3,10,2,1,64,51,6
3156679,0,234,0,40,3,13,2,1,89,36,6
3217910,0,234,0,40,3,4,2,1,26,45,6
3227667,0,234,0,40,3,2,2,1,15,58,6
3224317,0,234,0,40,3,3,2,1,19,27,6
3211362,0,234,0,40,3,5,2,1,27,24,6
3193518,0,234,0,40,2,7,2,1,61,27,6
3163681,0,234,0,40,2,18,2,1,94,29,6
3224156,0,234,0,40,3,3,2,1,22,69,6
3224818,0,234,0,40,3,3,2,1,24,65,6
3232645,0,234,0,40,3,1,2,1,10,28,6
3233299,0,234,0,40,3,1,2,1,10,62,6
3202394,0,234,0,40,3,6,2,1,36,46,6
3226904,0,234,0,40,3,2,2,1,13,48,6
3191280,0,234,0,40,2,8,2,1,45,15,6
3199087,0,234,0,40,3,7,2,1,40,21,6
3228326,0,234,0,40,3,2,2,1,10,29,6
3210771,0,234,0,40,2,5,2,1,32,28,6
3194977,0,234,0,40,3,8,2,1,43,106,6
3174182,0,234,0,40,3,12,2,1,76,27,6
3179619,0,234,0,40,2,12,2,1,55,42,6
3162873,0,234,0,40,2,16,2,1,102,27,6
3197065,0,234,0,40,2,9,2,1,29,72,6
3178037,0,234,0,40,3,11,2,1,62,46,6
3227220,0,234,0,40,3,2,2,1,18,18,6
3232465,0,234,0,40,2,1,2,1,9,41,6
3229121,0,234,0,40,3,2,2,1,9,28,6
3223076,0,234,0,40,2,2,2,1,22,27,6
3222943,0,234,0,40,2,3,2,1,18,29,6
3222055,0,234,0,40,3,4,2,1,18,56,6
3166890,0,234,0,40,2,12,2,1,103,31,6
3222423,0,234,0,40,2,3,2,1,20,58,6
3216194,0,234,0,40,2,5,2,1,23,25,6
3229064,0,234,0,40,2,3,2,1,11,50,6
3193547,0,234,0,40,3,7,2,1,54,97,6
3201948,0,234,0,40,3,8,2,1,44,18,6
3231452,0,234,0,40,3,2,2,1,10,29,6
3223670,0,234,0,40,3,4,2,1,12,38,6
3234318,0,234,0,40,3,1,2,1,8,42,6
3154129,0,234,0,40,2,8,2,1,95,117,6
3221719,0,234,0,40,3,2,2,1,29,24,6
3224901,0,234,0,40,2,1,2,1,26,45,6
3227561,0,234,0,40,2,1,2,1,22,41,6
3149945,1,234,146,34.2361,3,7,2,1,63,47,6
3169584,0,234,0,40,2,15,2,1,87,34,6
3198231,0,234,0,40,3,5,2,1,50,35,6
3163641,1,234,119,34.5708,3,15,2,1,98,63,6
3215145,0,234,0,40,2,4,2,1,34,28,6
3217761,0,234,0,40,3,3,2,1,33,39,6
3208574,0,234,0,40,2,7,2,1,36,20,6
3152846,0,234,0,40,2,16,2,1,95,29,6
3226587,0,234,0,40,2,2,2,1,20,23,6
3225282,0,234,0,40,3,2,2,1,23,55,6
3212051,0,234,0,40,2,2,2,1,42,47,6
3204691,0,234,0,40,2,6,2,1,41,100,6
3212253,0,234,0,40,3,5,2,1,35,57,6
3227688,0,234,0,40,2,2,2,1,19,73,6
3215887,0,234,0,40,3,3,2,1,32,46,6
3201858,0,234,0,40,3,7,2,1,36,18,6
3226497,0,234,0,40,3,2,2,1,21,20,6
3218608,0,234,0,40,2,3,2,1,27,39,6
3231059,0,234,0,40,3,1,2,1,15,52,6
3159572,0,234,0,40,2,6,2,1,55,85,6
3208818,0,234,0,40,3,5,2,1,38,32,6
3219629,0,234,0,40,3,4,2,1,23,28,6
3224512,0,234,0,40,3,3,2,1,18,58,6
3179588,0,234,0,40,2,13,2,1,50,105,6
3216335,0,234,0,40,2,5,2,1,23,45,6
3231308,0,234,0,40,3,1,2,1,14,24,6
3225460,0,234,0,40,3,3,2,1,15,36,6
3227119,0,234,0,40,3,2,2,1,16,38,6
3228551,0,234,0,40,2,2,2,1,14,70,6
3215522,0,234,0,40,2,4,2,1,25,37,6
3172834,0,234,0,40,3,8,2,1,94,30,6
3227017,0,234,0,40,2,2,2,1,18,30,6
3223783,0,234,0,40,2,2,2,1,28,47,6
3204411,0,234,0,40,3,4,2,1,45,14,6
3181921,0,234,0,40,2,11,2,1,63,104,6
3226108,0,234,0,40,3,2,2,1,13,48,6
3194279,0,234,0,40,2,9,2,1,51,38,6
3201818,0,234,0,40,3,7,2,1,41,36,6
3230227,0,234,0,40,2,2,2,1,13,42,6
3206930,0,234,0,40,2,7,2,1,38,58,6
3164119,1,234,130,31.1013,3,14,2,1,93,47,6
3230074,0,234,0,40,3,2,2,1,13,57,6
3223804,0,234,0,40,3,2,2,1,24,19,6
3228768,0,234,0,40,3,2,2,1,17,22,6
3231504,0,234,0,40,2,1,2,1,12,37,6
3232820,0,234,0,40,2,1,2,1,12,53,6
3159958,0,234,0,40,3,11,2,1,69,40,6
3167834,0,234,0,40,3,13,2,1,93,35,6
3222508,0,234,0,40,3,2,2,1,24,55,6
3219322,0,234,0,40,3,4,2,1,22,56,6
3149404,0,234,0,40,3,15,2,1,101,72,6
3227813,0,234,0,40,2,2,2,1,16,48,6
3189687,1,234,142,33.6279,3,10,2,1,50,39,6
3198334,0,234,0,40,3,6,2,1,48,110,6
3202869,0,234,0,40,2,7,2,1,47,43,6
3224049,0,234,0,40,2,3,2,1,23,59,6
3191217,0,234,0,40,2,10,2,1,59,59,6
3233553,0,234,0,40,3,1,2,1,11,33,6
3212552,0,234,0,40,3,4,2,1,32,32,6
3214141,0,234,0,40,2,5,2,1,30,24,6
3163133,0,234,0,40,2,17,2,1,92,49,6
3217914,0,234,0,40,3,4,2,1,29,46,6
3213213,0,234,0,40,3,5,2,1,30,42,6
3229357,0,234,0,40,2,3,2,1,14,53,6
3214392,0,234,0,40,2,4,2,1,33,48,6
3233871,0,234,0,40,2,1,2,1,10,37,6
3233999,0,234,0,40,2,1,2,1,10,42,6
3212921,0,234,0,40,3,4,2,1,26,54,6
3169484,0,234,0,40,2,17,2,1,85,49,6
3208660,0,234,0,40,2,5,2,1,17,46,6
3227118,0,234,0,40,2,3,2,1,11,37,6
3175511,0,234,0,40,2,11,2,1,66,43,6
3167040,0,234,0,40,2,14,2,1,78,40,6
3222428,0,234,0,40,3,3,2,1,18,57,6
3173300,0,234,0,40,3,9,2,1,87,48,6
3205092,0,234,0,40,3,6,2,1,37,14,6
3211344,0,234,0,40,3,5,2,1,35,55,6
3205507,0,234,0,40,2,6,2,1,40,17,6
3177608,0,234,0,40,3,11,2,1,73,23,6
3199207,0,234,0,40,2,7,2,1,46,56,6
3234042,0,234,0,40,3,1,2,1,9,38,6
3234578,0,234,0,40,2,1,2,1,9,21,6
3196194,0,234,0,40,3,7,2,1,40,47,6
3223852,0,234,0,40,2,2,2,1,19,35,6
3217589,0,234,0,40,3,4,2,1,24,21,6
3187083,0,234,0,40,3,10,2,1,53,26,6
3190539,0,234,0,40,3,7,2,1,58,18,6
3214442,0,234,0,40,3,5,2,1,24,33,6
3168615,0,234,0,40,2,17,2,1,74,25,6
3175044,0,234,0,40,3,11,2,1,75,45,6
3198571,0,234,0,40,3,10,2,1,43,36,6
3175587,0,234,0,40,3,11,2,1,67,41,6
3201007,0,234,0,40,3,7,2,1,38,32,6
3157367,0,234,0,40,3,13,2,1,74,21,6
3201322,0,234,0,40,3,6,2,1,51,93,6
3212252,0,234,0,40,3,5,2,1,36,52,6
3232614,0,234,0,40,3,2,2,1,9,47,6
3212150,0,234,0,40,2,4,2,1,33,108,6
3234052,0,234,0,40,2,1,2,1,8,25,6
3234656,0,234,0,40,3,1,2,1,8,89,6
3234746,0,234,0,40,2,1,2,1,8,32,6
3234834,0,234,0,40,2,1,2,1,8,29,6
3235100,0,234,0,40,2,1,2,1,8,90,6
3154461,0,234,0,40,3,11,2,1,109,18,6
3219480,0,234,0,40,2,1,2,1,35,51,6
3174929,0,234,0,40,3,7,2,1,97,61,6
3173840,0,234,0,40,2,14,2,1,71,19,6
3166736,0,234,0,40,3,11,2,1,112,37,6
3168824,1,234,181,39.2509,2,13,2,1,80,40,6
3161418,2,234,0,40,2,15,2,1,116,44,6
3200361,0,234,0,40,2,4,2,1,59,41,6
3153222,1,234,129,40,2,8,2,1,88,18,6
3202560,0,234,0,40,3,5,2,1,52,32,6
3193063,0,234,0,40,3,7,2,1,50,69,6
3191308,0,234,0,40,3,9,2,1,50,18,6
3210355,0,234,0,40,2,5,2,1,41,25,6
3222545,0,234,0,40,3,3,2,1,23,30,6
3199594,0,234,0,40,3,6,2,1,42,75,6
3202226,0,234,0,40,3,6,2,1,45,66,6
3222374,0,234,0,40,3,3,2,1,22,33,6
3220994,0,234,0,40,3,4,2,1,22,25,6
3210516,0,234,0,40,3,4,2,1,30,46,6
3155931,0,234,0,40,3,12,2,1,102,37,6
3223271,0,234,0,40,2,2,2,1,26,44,6
3191503,0,234,0,40,2,10,2,1,47,17,6
3196613,0,234,0,40,3,7,2,1,54,35,6
3202675,0,234,0,40,3,3,2,1,55,54,6
3215112,1,234,224,19.6876,3,3,2,1,30,47,6
3215418,0,234,0,40,2,3,2,1,31,62,6
3225300,0,234,0,40,3,2,2,1,22,39,6
3212310,0,234,0,40,2,4,2,1,28,33,6
3178124,0,234,0,40,3,10,2,1,66,58,6
3157243,0,234,0,40,3,10,2,1,49,105,6
3181609,0,234,0,40,3,10,2,1,62,94,6
3211865,0,234,0,40,2,3,2,1,42,45,6
3231771,0,234,0,40,2,1,2,1,15,61,6
3222534,0,234,0,40,3,2,2,1,23,75,6
3160899,0,234,0,40,3,12,2,1,72,38,6
3207679,0,234,0,40,3,6,2,1,35,74,6
3226344,0,234,0,40,2,2,2,1,19,26,6
3217724,0,234,0,40,3,3,2,1,29,26,6
3219330,0,234,0,40,3,3,2,1,25,47,6
3160065,0,234,0,40,3,12,2,1,74,35,6
3231114,0,234,0,40,3,1,2,1,14,27,6
3197129,0,234,0,40,2,7,2,1,47,29,6
3204236,0,234,0,40,2,6,2,1,41,44,6
3218438,0,234,0,40,3,4,2,1,28,46,6
3172402,0,234,0,40,2,10,2,1,90,53,6
3198186,0,234,0,40,3,9,2,1,42,38,6
3228511,0,234,0,40,2,2,2,1,18,27,6
3222851,0,234,0,40,3,4,2,1,23,113,6
3211207,0,234,0,40,3,6,2,1,30,83,6
3231430,0,234,0,40,2,1,2,1,13,76,6
3232714,0,234,0,40,2,1,2,1,13,50,6
3156846,0,234,0,40,3,15,2,1,76,57,6
3149628,1,234,181,40,2,14,2,1,66,72,6
3217732,0,234,0,40,2,5,2,1,23,34,6
3204116,0,234,0,40,2,4,2,1,52,37,6
3205910,0,234,0,40,2,7,2,1,33,33,6
3193723,0,234,0,40,2,10,2,1,40,67,6
3223318,0,234,0,40,3,2,2,1,24,38,6
3190375,0,234,0,40,3,5,2,1,53,26,6
3201295,0,234,0,40,2,5,2,1,41,78,6
3164025,0,234,0,40,2,17,2,1,89,58,6
3227679,0,234,0,40,3,3,2,1,15,38,6
3230311,0,234,0,40,3,2,2,1,13,83,6
3214667,0,234,0,40,3,5,2,1,31,24,6
3171092,0,234,0,40,2,12,2,1,90,32,6
3216892,0,234,0,40,2,4,2,1,28,116,6
3186592,0,234,0,40,2,10,2,1,59,42,6
3231732,0,234,0,40,3,1,2,1,12,18,6
3150814,0,234,0,40,3,9,2,1,68,89,6
3165861,0,234,0,40,3,15,2,1,88,25,6
3194757,0,234,0,40,3,11,2,1,43,44,6
3212042,0,234,0,40,2,4,2,1,33,21,6
3230059,0,234,0,40,2,2,2,1,12,53,6
3229725,0,234,0,40,2,2,2,1,14,32,6
3162897,0,234,0,40,3,16,2,1,115,49,6
3216918,0,234,0,40,3,5,2,1,24,30,6
3160930,0,234,0,40,2,13,2,1,131,58,6
3227325,0,234,0,40,2,2,2,1,22,65,6
3233168,0,234,0,40,3,1,2,1,11,45,6
3233352,0,234,0,40,3,1,2,1,11,38,6
3227492,0,234,0,40,3,2,2,1,12,63,6
3209354,0,234,0,40,2,5,2,1,36,39,6
3174050,1,234,118,40,2,11,2,1,68,53,6
3226809,0,234,0,40,2,2,2,1,16,14,6
3221546,0,234,0,40,2,4,2,1,17,33,6
3194728,0,234,0,40,2,7,2,1,50,43,6
3226902,0,234,0,40,2,3,2,1,14,18,6
3207591,0,234,0,40,2,4,2,1,48,55,6
3227769,0,234,0,40,3,2,2,1,17,28,6
3206277,0,234,0,40,2,7,2,1,42,16,6
3220751,0,234,0,40,3,3,2,1,24,13,6
3167822,0,234,0,40,2,15,2,1,78,68,6
3212684,0,234,0,40,2,5,2,1,23,49,6
3204273,0,234,0,40,2,4,2,1,45,39,6
3169678,1,234,131,36.4866,2,17,2,1,73,43,6
3232998,0,234,0,40,2,2,2,1,11,38,6
3227213,0,234,0,40,2,3,2,1,17,46,6
3168547,0,234,0,40,2,19,2,1,80,51,6
3233974,0,234,0,40,3,1,2,1,10,39,6
3234562,0,234,0,40,2,1,2,1,10,42,6
3177858,0,234,0,40,2,9,2,1,83,41,6
3209636,0,234,0,40,3,5,2,1,38,23,6
3209486,0,234,0,40,2,5,2,1,25,62,6
3227707,0,234,0,40,2,2,2,1,11,65,6
3220935,0,234,0,40,3,4,2,1,22,75,6
3221964,0,234,0,40,2,4,2,1,24,41,6
3215606,0,234,0,40,3,4,2,1,24,39,6
3186060,0,234,0,40,3,9,2,1,57,56,6
3229210,0,234,0,40,2,2,2,1,17,33,6
3201506,0,234,0,40,2,7,2,1,32,47,6
3182941,0,234,0,40,2,10,2,1,61,43,6
3221968,0,234,0,40,2,4,2,1,28,72,6
3224884,0,234,0,40,2,3,2,1,23,76,6
3232381,0,234,0,40,2,2,2,1,10,27,6
3176827,0,234,0,40,2,13,2,1,80,71,6
3152105,0,234,0,40,2,14,2,1,93,43,6
3233876,0,234,0,40,3,1,2,1,9,54,6
3234630,0,234,0,40,2,1,2,1,9,53,6
3234988,0,234,0,40,3,1,2,1,9,43,6
3224149,0,234,0,40,2,3,2,1,11,39,6
3195143,0,234,0,40,3,8,2,1,46,61,6
3214258,0,234,0,40,3,5,2,1,26,41,6
3215964,0,234,0,40,2,4,2,1,21,35,6
3154339,0,234,0,40,3,10,2,1,87,23,6
3218660,1,234,209,37.0672,2,4,2,1,25,79,6
3218866,0,234,0,40,2,4,2,1,29,17,6
3215442,0,234,0,40,3,6,2,1,19,16,6
3228063,0,234,0,40,3,3,2,1,12,42,6
3233245,0,234,0,40,3,2,2,1,9,31,6
3189466,0,234,0,40,2,10,2,1,49,19,6
3218400,0,234,0,40,2,4,2,1,21,99,6
3233593,0,234,0,40,2,2,2,1,9,7,6
3212143,0,234,0,40,3,6,2,1,29,52,6
3232755,0,234,0,40,2,1,2,1,8,43,6
3235492,0,234,0,40,3,1,2,1,8,63,6
3200657,0,234,0,40,3,4,2,1,57,27,6
3220149,0,234,0,40,2,1,2,1,37,27,6
3202751,0,234,0,40,3,3,2,1,54,52,6
3185339,0,234,0,40,2,8,2,1,68,13,6
3224189,0,234,0,40,2,2,2,1,27,70,6
3224972,0,234,0,40,3,1,2,1,26,33,6
3209111,0,234,0,40,2,3,2,1,41,17,6
3179973,0,234,0,40,2,11,2,1,64,39,6
3218691,0,234,0,40,3,2,2,1,31,32,6
3150741,0,234,0,40,3,12,2,1,99,47,6
3224490,0,234,0,40,3,2,2,1,23,38,6
3211607,0,234,0,40,3,5,2,1,34,25,6
3189585,0,234,0,40,2,8,2,1,49,41,6
3228260,0,234,0,40,3,1,2,1,21,30,6
3218842,0,234,0,40,3,4,2,1,25,68,6
3163604,0,234,0,40,3,13,2,1,104,61,6
3160221,0,234,0,40,2,13,2,1,89,27,6
3212439,0,234,0,40,2,5,2,1,42,33,6
3229599,0,234,0,40,2,1,2,1,20,56,6
3175491,0,234,0,40,3,11,2,1,71,22,6
3156350,1,234,152,29.2783,3,11,2,1,67,44,6
3228402,0,234,0,40,3,1,2,1,19,33,6
3229664,0,234,0,40,3,1,2,1,19,31,6
3157170,0,234,0,40,3,7,2,1,90,80,6
3205002,1,234,183,30.3169,3,7,2,1,35,29,6
3223105,0,234,0,40,2,3,2,1,24,124,6
3231387,0,234,0,40,3,1,2,1,17,46,6
3193980,0,234,0,40,2,6,2,1,62,26,6
3192813,0,234,0,40,2,7,2,1,60,51,6
3227398,0,234,0,40,2,2,2,1,17,58,6
3222376,0,234,0,40,2,2,2,1,23,41,6
3185955,0,234,0,40,2,10,2,1,58,50,6
3214811,0,234,0,40,2,3,2,1,32,44,6
3196738,0,234,0,40,2,7,2,1,56,98,6
3229546,0,234,0,40,3,1,2,1,16,40,6
3204433,0,234,0,40,3,4,2,1,39,58,6
3222835,0,234,0,40,3,2,2,1,22,43,6
3188721,0,234,0,40,3,11,2,1,54,46,6
3178374,0,234,0,40,2,11,2,1,69,47,6
3214903,0,234,0,40,3,4,2,1,32,31,6
3222682,0,234,0,40,3,3,2,1,22,37,6
3231058,0,234,0,40,2,1,2,1,15,67,6
3184818,0,234,0,40,3,10,2,1,56,61,6
3210223,0,234,0,40,3,5,2,1,30,55,6
3227801,0,234,0,40,3,2,2,1,16,42,6
3201982,0,234,0,40,2,6,2,1,42,66,6
3195194,0,234,0,40,3,9,2,1,47,56,6
3159172,0,234,0,40,3,13,2,1,89,22,6
3219293,0,234,0,40,2,3,2,1,29,56,6
3214022,0,234,0,40,2,4,2,1,37,37,6
3229944,0,234,0,40,3,1,2,1,14,28,6
3232415,0,234,0,40,2,1,2,1,14,34,6
3211704,0,234,0,40,2,3,2,1,38,80,6
3154293,1,234,0,40,2,14,2,1,80,24,6
3174337,0,234,0,40,2,15,2,1,70,33,6
3171792,1,234,136,22.8037,3,14,2,1,81,21,6
3214480,0,234,0,40,3,4,2,1,31,55,6
3217831,0,234,0,40,2,4,2,1,25,39,6
3199311,0,234,0,40,2,6,2,1,50,59,6
3220142,0,234,0,40,2,3,2,1,25,65,6
3202314,0,234,0,40,2,6,2,1,42,29,6
3182265,0,234,0,40,3,11,2,1,65,49,6
3229715,0,234,0,40,3,2,2,1,18,80,6
3198012,0,234,0,40,3,8,2,1,39,38,6
3232149,0,234,0,40,3,1,2,1,13,43,6
3232365,0,234,0,40,2,1,2,1,13,32,6
3233349,0,234,0,40,3,1,2,1,13,24,6
3207646,0,234,0,40,2,5,2,1,35,41,6
3228305,0,234,0,40,2,2,2,1,13,29,6
3197758,0,234,0,40,3,7,2,1,50,35,6
3221393,0,234,0,40,3,4,2,1,26,36,6
3150292,0,234,0,40,2,7,2,1,114,60,6
3201529,0,234,0,40,3,6,2,1,42,86,6
3214690,0,234,0,40,2,4,2,1,33,32,6
3219143,0,234,0,40,2,5,2,1,30,83,6
3230013,0,234,0,40,2,2,2,1,15,111,6
3229065,0,234,0,40,3,2,2,1,18,38,6
3230588,0,234,0,40,3,2,2,1,16,54,6
3221993,0,234,0,40,3,3,2,1,29,44,6
3219324,0,234,0,40,3,4,2,1,30,23,6
3232497,0,234,0,40,3,1,2,1,12,37,6
3220875,0,234,0,40,3,3,2,1,25,48,6
3177264,0,234,0,40,2,7,2,1,84,72,6
3226744,0,234,0,40,3,2,2,1,18,26,6
3225423,0,234,0,40,2,3,2,1,19,93,6
3177224,0,234,0,40,2,10,2,1,78,47,6
3216863,0,234,0,40,2,4,2,1,28,29,6
3226971,0,234,0,40,2,3,2,1,16,14,6
3149677,0,234,0,40,3,12,2,1,112,54,6
3197164,0,234,0,40,3,7,2,1,40,75,6
3225414,0,234,0,40,2,3,2,1,19,33,6
3219639,0,234,0,40,3,3,2,1,24,64,6
3191907,0,234,0,40,2,7,2,1,66,63,6
3210884,0,234,0,40,2,6,2,1,36,32,6
3183227,1,234,130,35.3701,3,13,2,1,63,35,6
3222496,0,234,0,40,2,4,2,1,22,39,6
3223175,0,234,0,40,3,2,2,1,30,122,6
3205290,0,234,0,40,2,6,2,1,44,29,6
3194395,0,234,0,40,2,10,2,1,50,30,6
3215396,0,234,0,40,3,5,2,1,34,45,6
3231578,0,234,0,40,2,2,2,1,14,36,6
3203227,0,234,0,40,3,9,2,1,42,52,6
3187725,0,234,0,40,3,6,2,1,65,63,6
3232585,0,234,0,40,2,1,2,1,11,42,6
3234146,0,234,0,40,3,1,2,1,11,57,6
3234204,0,234,0,40,2,1,2,1,11,24,6
3234602,0,234,0,40,3,1,2,1,11,30,6
3208205,0,234,0,40,2,4,2,1,34,66,6
3224866,0,234,0,40,2,3,2,1,16,61,6
3216370,0,234,0,40,2,5,2,1,20,21,6
3223015,0,234,0,40,3,3,2,1,18,75,6
3156828,0,234,0,40,3,10,2,1,71,19,6
3203995,0,234,0,40,3,7,2,1,37,56,6
3230302,0,234,0,40,2,2,2,1,14,34,6
3214891,0,234,0,40,2,4,2,1,25,55,6
3230593,0,234,0,40,2,2,2,1,11,100,6
3155826,0,234,0,40,3,19,2,1,89,63,6
3170204,1,234,144,38.8405,3,12,2,1,67,62,6
3225493,0,234,0,40,2,4,2,1,23,20,6
3234305,0,234,0,40,3,1,2,1,10,52,6
3234613,0,234,0,40,2,1,2,1,10,25,6
3234968,0,234,0,40,2,1,2,1,10,53,6
3173324,0,234,0,40,2,13,2,1,77,34,6
3208356,0,234,0,40,2,6,2,1,28,96,6
3184679,0,234,0,40,3,11,2,1,62,30,6
3198772,0,234,0,40,3,6,2,1,56,41,6
3219526,0,234,0,40,3,2,2,1,31,36,6
3212083,0,234,0,40,3,7,2,1,23,89,6
3208387,0,234,0,40,2,4,2,1,45,42,6
3154451,0,234,0,40,3,14,2,1,56,57,6
3212837,0,234,0,40,2,6,2,1,29,46,6
3210746,0,234,0,40,2,6,2,1,39,53,6
3225195,0,234,0,40,3,3,2,1,20,23,6
3210665,0,234,0,40,3,5,2,1,23,70,6
3213233,0,234,0,40,3,5,2,1,27,28,6
3174306,1,234,134,40,2,14,2,1,67,65,6
3231942,0,234,0,40,3,2,2,1,11,32,6
3222873,0,234,0,40,3,5,2,1,18,30,6
3160965,0,234,0,40,2,8,2,1,64,19,6
3231295,0,234,0,40,2,2,2,1,14,32,6
3232478,0,234,0,40,2,2,2,1,12,37,6
3172695,0,234,0,40,2,14,2,1,87,38,6
3225753,0,234,0,40,2,3,2,1,14,32,6
3161161,0,234,0,40,2,12,2,1,90,38,6
3215847,0,234,0,40,3,5,2,1,31,74,6
3192050,0,234,0,40,2,8,2,1,63,39,6
3232533,0,234,0,40,3,2,2,1,11,71,6
3199792,0,234,0,40,2,4,2,1,61,44,6
3214755,0,234,0,40,2,4,2,1,29,21,6
3223138,0,234,0,40,3,3,2,1,19,22,6
3211320,0,234,0,40,3,5,2,1,27,43,6
3235364,0,234,0,40,3,1,2,1,9,23,6
3235662,0,234,0,40,2,1,2,1,9,34,6
3218265,0,234,0,40,3,5,2,1,23,26,6
3188812,0,234,0,40,2,10,2,1,55,40,6
3213302,0,234,0,40,3,5,2,1,33,42,6
3188424,0,234,0,40,2,9,2,1,54,36,6
3232374,0,234,0,40,3,2,2,1,9,40,6
3177616,0,234,0,40,3,9,2,1,87,37,6
3221518,0,234,0,40,3,4,2,1,19,85,6
3222691,0,234,0,40,2,4,2,1,17,95,6
3184593,0,234,0,40,2,9,2,1,65,70,6
3180567,1,234,134,40,2,11,2,1,76,32,6
3178583,1,234,125,25.9688,3,10,2,1,77,13,6
3164121,0,234,0,40,2,14,2,1,105,65,6
3198254,0,234,0,40,3,8,2,1,41,25,6
3164287,0,234,0,40,3,18,2,1,92,56,6
3205256,0,234,0,40,2,6,2,1,33,79,6
3169777,1,234,132,34.9386,3,13,2,1,87,26,6
3193003,0,234,0,40,3,9,2,1,48,47,6
3230591,0,234,0,40,2,2,2,1,14,61,6
3196050,0,234,0,40,3,11,2,1,44,23,6
3233777,0,234,0,40,2,2,2,1,9,37,6
3189141,0,234,0,40,3,10,2,1,54,44,6
3215992,0,234,0,40,2,5,2,1,21,70,6
3225003,0,234,0,40,3,4,2,1,17,36,6
3152705,0,234,0,40,2,12,2,1,89,22,6
3234984,0,234,0,40,3,2,2,1,9,49,6
3233059,0,234,0,40,3,1,2,1,8,87,6
3235251,0,234,0,40,3,1,2,1,8,38,6
3235327,0,234,0,40,2,1,2,1,8,36,6
3235967,0,234,0,40,3,1,2,1,8,55,6
3236029,0,234,0,40,3,1,2,1,8,35,6
3215213,0,234,0,40,2,1,2,1,46,36,6
3203398,0,234,0,40,3,4,2,1,44,57,6
3202774,0,234,0,40,2,3,2,1,47,23,6
3224025,0,234,0,40,2,1,2,1,31,62,6
3206746,0,234,0,40,3,3,2,1,56,40,6
3150891,0,234,0,40,2,15,2,1,112,34,6
3205763,0,234,0,40,2,3,2,1,52,23,6
3212430,0,234,0,40,2,3,2,1,43,32,6
3178754,0,234,0,40,2,10,2,1,74,40,6
3227432,0,234,0,40,2,1,2,1,24,57,6
3228515,0,234,0,40,2,1,2,1,23,53,6
3211577,0,234,0,40,2,5,2,1,36,61,6
3219164,0,234,0,40,3,4,2,1,34,54,6
3207307,0,234,0,40,3,6,2,1,37,41,6
3226652,0,234,0,40,3,2,2,1,22,30,6
3223008,0,234,0,40,3,2,2,1,29,38,6
3209726,0,234,0,40,2,6,2,1,38,32,6
3181766,0,234,0,40,3,9,2,1,75,52,6
3229327,0,234,0,40,3,1,2,1,21,41,6
3185876,0,234,0,40,2,11,2,1,69,18,6
3202488,0,234,0,40,3,7,2,1,40,46,6
3217271,0,234,0,40,2,3,2,1,35,72,6
3230205,0,234,0,40,2,1,2,1,20,60,6
3168982,0,234,0,40,3,9,2,1,103,40,6
3168468,0,234,0,40,3,12,2,1,83,25,6
3217321,0,234,0,40,3,4,2,1,30,59,6
3210212,0,234,0,40,3,4,2,1,34,37,6
3197597,0,234,0,40,3,6,2,1,61,54,6
3229507,0,234,0,40,2,2,2,1,19,44,6
3181275,1,234,134,30.7503,3,11,2,1,70,58,6
3230927,0,234,0,40,2,1,2,1,18,28,6
3231417,0,234,0,40,2,1,2,1,18,31,6
3211835,0,234,0,40,2,5,2,1,30,54,6
3193654,0,234,0,40,2,10,2,1,46,81,6
3202633,0,234,0,40,3,6,2,1,48,38,6
3201870,0,234,0,40,3,5,2,1,54,39,6
3228669,0,234,0,40,3,2,2,1,21,35,6
3185616,0,234,0,40,3,9,2,1,51,98,6
3228639,0,234,0,40,2,2,2,1,20,58,6
3190409,0,234,0,40,3,6,2,1,70,57,6
3205062,0,234,0,40,2,7,2,1,33,35,6
3172829,0,234,0,40,2,11,2,1,75,75,6
3216440,0,234,0,40,2,4,2,1,31,51,6
3227825,0,234,0,40,3,2,2,1,19,73,6
3200522,0,234,0,40,3,5,2,1,53,40,6
3230990,0,234,0,40,3,1,2,1,15,41,6
3232271,0,234,0,40,2,1,2,1,15,27,6
3232523,0,234,0,40,3,1,2,1,15,54,6
3215543,0,234,0,40,2,3,2,1,30,49,6
3213439,0,234,0,40,3,5,2,1,22,44,6
3182142,0,234,0,40,2,10,2,1,64,27,6
3225971,0,234,0,40,2,2,2,1,22,34,6
3229785,0,234,0,40,2,2,2,1,17,49,6
3232437,0,234,0,40,3,1,2,1,14,35,6
3204281,0,234,0,40,2,4,2,1,41,118,6
3187061,0,234,0,40,2,10,2,1,67,46,6
3171247,0,234,0,40,2,12,2,1,80,70,6
3224985,0,234,0,40,2,2,2,1,23,84,6
3229003,0,234,0,40,2,2,2,1,14,65,6
3229489,0,234,0,40,3,2,2,1,17,49,6
3194025,0,234,0,40,3,5,2,1,65,29,6
3177830,0,234,0,40,3,10,2,1,74,33,6
3220822,0,234,0,40,3,3,2,1,19,24,6
3226859,0,234,0,40,3,2,2,1,23,47,6
3229746,0,234,0,40,2,2,2,1,16,19,6
3214562,0,234,0,40,3,4,2,1,30,69,6
3198103,0,234,0,40,3,9,2,1,55,43,6
3230449,0,234,0,40,2,1,2,1,13,29,6
3232273,0,234,0,40,3,1,2,1,13,56,6
3222900,0,234,0,40,3,3,2,1,17,27,6
3225703,0,234,0,40,3,3,2,1,18,34,6
3193521,0,234,0,40,3,7,2,1,53,31,6
3214745,0,234,0,40,3,4,2,1,35,42,6
3226326,0,234,0,40,3,3,2,1,19,49,6
3183444,0,234,0,40,3,11,2,1,50,66,6
3196300,0,234,0,40,2,8,2,1,56,31,6
3212029,0,234,0,40,3,6,2,1,36,41,6
3226207,0,234,0,40,3,4,2,1,18,53,6
3232137,0,234,0,40,3,1,2,1,12,48,6
3234320,0,234,0,40,2,1,2,1,12,41,6
3193093,0,234,0,40,3,6,2,1,54,52,6
3166878,0,234,0,40,3,14,2,1,92,35,6
3228489,0,234,0,40,3,2,2,1,17,55,6
3207962,0,234,0,40,3,5,2,1,41,31,6
3208900,0,234,0,40,3,6,2,1,27,35,6
3209479,0,234,0,40,3,5,2,1,26,40,6
3212036,0,234,0,40,2,5,2,1,34,55,6
3176429,0,234,0,40,2,15,2,1,76,75,6
3218259,0,234,0,40,2,5,2,1,23,21,6
3209410,0,234,0,40,3,6,2,1,40,29,6
3221100,0,234,0,40,2,3,2,1,25,48,6
3162119,0,234,0,40,2,12,2,1,131,57,6
3192675,0,234,0,40,2,6,2,1,48,65,6
3194359,0,234,0,40,2,7,2,1,63,38,6
3215178,0,234,0,40,3,4,2,1,26,69,6
3213155,0,234,0,40,2,6,2,1,19,40,6
3220355,0,234,0,40,2,3,2,1,30,93,6
3229301,0,234,0,40,3,2,2,1,16,52,6
3212831,0,234,0,40,2,7,2,1,29,32,6
3221664,0,234,0,40,2,3,2,1,29,45,6
3213716,0,234,0,40,2,4,2,1,40,33,6
3209278,1,234,178,39.7505,2,8,2,1,27,37,6
3224392,0,234,0,40,2,4,2,1,21,35,6
3221441,0,234,0,40,2,5,2,1,17,46,6
3206882,0,234,0,40,2,6,2,1,44,26,6
3177235,0,234,0,40,3,11,2,1,78,36,6
3232691,0,234,0,40,3,1,2,1,10,30,6
3235524,0,234,0,40,2,1,2,1,10,93,6
3235672,0,234,0,40,3,1,2,1,10,42,6
3208204,0,234,0,40,3,5,2,1,42,21,6
3212877,0,234,0,40,3,4,2,1,32,42,6
3193810,0,234,0,40,2,6,2,1,61,20,6
3199524,0,234,0,40,2,5,2,1,44,32,6
3172131,0,234,0,40,3,13,2,1,77,39,6
3215252,0,234,0,40,3,3,2,1,34,38,6
3221786,0,234,0,40,3,4,2,1,20,77,6
3200090,0,234,0,40,2,5,2,1,50,53,6
3227886,0,234,0,40,3,3,2,1,12,40,6
3195595,0,234,0,40,2,10,2,1,44,114,6
3218763,0,234,0,40,3,3,2,1,24,23,6
3207710,0,234,0,40,2,6,2,1,37,17,6
3194244,0,234,0,40,3,10,2,1,47,16,6
3231739,0,234,0,40,3,2,2,1,13,56,6
3168648,0,234,0,40,3,12,2,1,93,71,6
3213562,0,234,0,40,3,5,2,1,31,64,6
3203319,0,234,0,40,3,10,2,1,40,55,6
3218597,0,234,0,40,2,3,2,1,36,34,6
3233315,0,234,0,40,3,2,2,1,12,27,6
3234022,0,234,0,40,2,2,2,1,10,57,6
3192593,0,234,0,40,3,8,2,1,48,35,6
3234971,0,234,0,40,3,1,2,1,9,36,6
3235771,0,234,0,40,2,1,2,1,9,20,6
3236023,0,234,0,40,3,1,2,1,9,39,6
3236133,0,234,0,40,2,1,2,1,9,29,6
3217630,0,234,0,40,3,3,2,1,26,42,6
3164592,0,234,0,40,2,16,2,1,94,96,6
3230683,0,234,0,40,3,2,2,1,11,48,6
3203655,0,234,0,40,2,6,2,1,44,36,6
3227540,0,234,0,40,3,2,2,1,18,32,6
3224744,0,234,0,40,3,3,2,1,20,21,6
3185784,1,234,136,23.3824,3,9,2,1,67,45,6
3233193,0,234,0,40,2,2,2,1,9,47,6
3168842,0,234,0,40,2,12,2,1,102,60,6
3226062,0,234,0,40,3,3,2,1,22,20,6
3182628,0,234,0,40,2,13,2,1,61,38,6
3189770,0,234,0,40,3,10,2,1,45,16,6
3182520,0,234,0,40,2,11,2,1,80,58,6
3217645,0,234,0,40,2,4,2,1,24,65,6
3233901,0,234,0,40,3,2,2,1,9,30,6
3197572,0,234,0,40,3,6,2,1,54,18,6
3191466,0,234,0,40,2,9,2,1,55,37,6
3175998,0,234,0,40,3,12,2,1,63,39,6
3188871,0,234,0,40,2,10,2,1,51,51,6
3213975,0,234,0,40,2,7,2,1,25,44,6
3149862,0,234,0,40,3,12,2,1,111,68,6
3233410,0,234,0,40,2,2,2,1,10,46,6
3215647,0,234,0,40,3,7,2,1,32,26,6
3229959,0,234,0,40,3,3,2,1,11,56,6
3235449,0,234,0,40,2,1,2,1,8,41,6
3235880,0,234,0,40,2,1,2,1,8,33,6
3236217,0,234,0,40,3,1,2,1,8,75,6
3236269,0,234,0,40,3,1,2,1,8,74,6
3236343,0,234,0,40,2,1,2,1,8,57,6
3236493,0,234,0,40,3,1,2,1,8,38,6
3236659,0,234,0,40,2,1,2,1,8,18,6
3179032,0,234,0,40,2,10,2,1,79,99,6
3186013,0,234,0,40,3,6,2,1,73,41,6
3209255,0,234,0,40,3,3,2,1,45,23,6
3204572,0,234,0,40,3,5,2,1,53,9,6
3223778,0,234,0,40,3,2,2,1,25,39,6
3159842,0,234,0,40,2,13,2,1,76,41,6
3192326,0,234,0,40,2,7,2,1,64,35,6
3227981,0,234,0,40,3,2,2,1,22,55,6
3230870,0,234,0,40,3,1,2,1,20,56,6
3151607,0,234,0,40,2,12,2,1,99,62,6
3219623,0,234,0,40,3,4,2,1,27,69,6
3183706,0,234,0,40,3,9,2,1,73,45,6
3228213,0,234,0,40,3,2,2,1,22,59,6
3231048,0,234,0,40,2,1,2,1,18,28,6
3219587,0,234,0,40,2,5,2,1,30,40,6
3225397,0,234,0,40,3,2,2,1,29,26,6
3196869,0,234,0,40,3,6,2,1,52,34,6
3177372,1,234,144,40,2,10,2,1,70,37,6
3198641,0,234,0,40,2,7,2,1,49,14,6
3226906,0,234,0,40,3,2,2,1,24,44,6
3226306,0,234,0,40,2,2,2,1,17,65,6
3205393,0,234,0,40,3,6,2,1,45,48,6
3216183,0,234,0,40,2,6,2,1,22,31,6
3229120,0,234,0,40,3,2,2,1,18,67,6
3219564,0,234,0,40,3,4,2,1,25,13,6
3216858,0,234,0,40,3,3,2,1,36,39,6
3168895,0,234,0,40,3,14,2,1,93,23,6
3204869,0,234,0,40,3,6,2,1,40,22,6
3159776,0,234,0,40,2,9,2,1,68,49,6
3176077,0,234,0,40,3,10,2,1,63,97,6
3202906,0,234,0,40,2,6,2,1,41,30,6
3224854,0,234,0,40,2,2,2,1,28,33,6
3212983,0,234,0,40,2,4,2,1,33,33,6
3201749,0,234,0,40,2,5,2,1,49,36,6
3228545,0,234,0,40,2,2,2,1,17,56,6
3219446,0,234,0,40,2,4,2,1,31,42,6
3190637,0,234,0,40,2,9,2,1,44,30,6
3200183,0,234,0,40,3,7,2,1,48,41,6
3226479,0,234,0,40,3,2,2,1,26,63,6
3225864,0,234,0,40,3,4,2,1,20,76,6
3205964,0,234,0,40,3,5,2,1,53,86,6
3233668,0,234,0,40,2,1,2,1,12,62,6
3234676,0,234,0,40,2,1,2,1,12,27,6
3235124,0,234,0,40,3,1,2,1,12,16,6
3172209,1,234,145,40,2,10,2,1,71,52,6
3158011,0,234,0,40,2,11,2,1,88,70,6
3218460,0,234,0,40,2,5,2,1,22,29,6
3184474,0,234,0,40,2,12,2,1,56,69,6
3173892,0,234,0,40,3,12,2,1,79,41,6
3172020,0,234,0,40,3,13,2,1,80,28,6
3212307,0,234,0,40,2,5,2,1,33,40,6
3196733,0,234,0,40,3,8,2,1,54,73,6
3180136,0,234,0,40,2,10,2,1,69,18,6
3231003,0,234,0,40,2,2,2,1,19,37,6
3233486,0,234,0,40,3,1,2,1,11,78,6
3234551,0,234,0,40,3,1,2,1,11,64,6
3235356,0,234,0,40,2,1,2,1,11,47,6
3235658,0,234,0,40,3,1,2,1,11,36,6
3228691,0,234,0,40,3,2,2,1,15,50,6
3164623,0,234,0,40,2,15,2,1,95,68,6
3218322,0,234,0,40,2,3,2,1,28,120,6
3207561,0,234,0,40,3,7,2,1,39,29,6
3223459,0,234,0,40,2,2,2,1,30,48,6
3232904,0,234,0,40,3,2,2,1,13,29,6
3198209,0,234,0,40,2,6,2,1,52,51,6
3234627,0,234,0,40,3,1,2,1,10,20,6
3235753,0,234,0,40,3,1,2,1,10,41,6
3236047,0,234,0,40,2,1,2,1,10,60,6
3204078,0,234,0,40,2,7,2,1,39,33,6
3181938,1,234,128,29.7366,3,11,2,1,72,65,6
3192550,0,234,0,40,3,10,2,1,46,27,6
3176350,0,234,0,40,2,8,2,1,89,72,6
3204023,0,234,0,40,3,7,2,1,36,68,6
3176677,0,234,0,40,2,11,2,1,73,43,6
3181112,1,234,157,29.4702,3,10,2,1,78,30,6
3167562,0,234,0,40,3,15,2,1,98,12,6
3220999,0,234,0,40,3,4,2,1,27,18,6
3220411,0,234,0,40,3,5,2,1,18,33,6
3209087,0,234,0,40,2,7,2,1,29,59,6
3214138,0,234,0,40,3,5,2,1,23,31,6
3171808,0,234,0,40,3,14,2,1,83,104,6
3223246,0,234,0,40,3,3,2,1,22,80,6
3235684,0,234,0,40,2,1,2,1,9,66,6
3235748,0,234,0,40,3,1,2,1,9,68,6
3236517,0,234,0,40,3,1,2,1,9,52,6
3205591,0,234,0,40,3,8,2,1,29,30,6
3219686,0,234,0,40,3,4,2,1,29,46,6
3226191,0,234,0,40,2,3,2,1,20,39,6
3221517,0,234,0,40,3,3,2,1,29,41,6
3209869,0,234,0,40,3,5,2,1,40,25,6
3203757,0,234,0,40,3,6,2,1,40,73,6
3171750,0,234,0,40,2,12,2,1,91,23,6
3217142,0,234,0,40,2,4,2,1,34,49,6
3217233,0,234,0,40,2,5,2,1,33,24,6
3200853,0,234,0,40,2,6,2,1,56,73,6
3232308,0,234,0,40,2,2,2,1,14,46,6
3222222,0,234,0,40,3,5,2,1,16,49,6
3212683,0,234,0,40,2,5,2,1,40,66,6
3175122,1,234,131,33.2345,3,12,2,1,72,47,6
3219969,0,234,0,40,3,4,2,1,19,29,6
3216260,0,234,0,40,2,6,2,1,17,47,6
3205000,0,234,0,40,3,9,2,1,32,54,6
3216544,0,234,0,40,3,6,2,1,35,29,6
3218210,0,234,0,40,2,5,2,1,18,60,6
3234283,0,234,0,40,3,1,2,1,8,46,6
3236674,0,234,0,40,3,1,2,1,8,21,6
3237012,0,234,0,40,2,1,2,1,8,51,6
3237082,0,234,0,40,2,1,2,1,8,55,6
3237114,0,234,0,40,3,1,2,1,8,35,6
3166706,1,234,124,25.2942,3,14,2,1,101,35,6
3224376,0,234,0,40,3,2,2,1,26,109,6
3213872,0,234,0,40,3,4,2,1,35,54,6
3220302,0,234,0,40,2,3,2,1,29,62,6
3195069,1,234,161,40,2,8,2,1,55,46,6
3216475,0,234,0,40,2,3,2,1,40,67,6
3229015,0,234,0,40,2,1,2,1,22,11,6
3219657,0,234,0,40,2,3,2,1,35,25,6
3230970,0,234,0,40,3,1,2,1,18,82,6
3182839,0,234,0,40,3,7,2,1,75,42,6
3151733,0,234,0,40,3,11,2,1,60,42,6
3222933,0,234,0,40,2,3,2,1,25,64,6
3178864,0,234,0,40,2,10,2,1,70,38,6
3180301,0,234,0,40,2,10,2,1,81,61,6
3230016,0,234,0,40,3,2,2,1,15,15,6
3232059,0,234,0,40,3,2,2,1,16,19,6
3217941,0,234,0,40,3,3,2,1,35,25,6
3204209,0,234,0,40,2,6,2,1,41,56,6
3159203,0,234,0,40,3,11,2,1,56,67,6
3150888,1,234,125,40,2,12,2,1,85,34,6
3219059,0,234,0,40,2,6,2,1,26,13,6
3195971,0,234,0,40,2,7,2,1,55,31,6
3182465,0,234,0,40,2,10,2,1,51,17,6
3212384,0,234,0,40,2,5,2,1,40,20,6
3173212,0,234,0,40,3,11,2,1,73,58,6
3224115,0,234,0,40,2,3,2,1,25,41,6
3163433,0,234,0,40,2,16,2,1,96,64,6
3218611,0,234,0,40,3,5,2,1,29,30,6
3220078,0,234,0,40,3,4,2,1,21,54,6
3234683,0,234,0,40,2,1,2,1,11,38,6
3235855,0,234,0,40,3,1,2,1,11,40,6
3201850,0,234,0,40,3,9,2,1,43,56,6
3203423,0,234,0,40,3,4,2,1,54,10,6
3232860,0,234,0,40,3,2,2,1,14,34,6
3189513,0,234,0,40,2,9,2,1,59,42,6
3234443,0,234,0,40,3,1,2,1,10,21,6
3235337,0,234,0,40,3,1,2,1,10,46,6
3228081,0,234,0,40,3,3,2,1,15,42,6
3226830,0,234,0,40,3,3,2,1,16,60,6
3223519,2,234,0,40,3,4,2,1,20,54,6
3227195,0,234,0,40,3,5,2,1,15,41,6
3205505,0,234,0,40,3,6,2,1,42,39,6
3219902,0,234,0,40,3,4,2,1,21,49,6
3152257,0,234,0,40,3,11,2,1,120,8,6
3225257,0,234,0,40,3,3,2,1,29,30,6
3234999,0,234,0,40,3,1,2,1,9,28,6
3236808,0,234,0,40,2,1,2,1,9,42,6
3191570,0,234,0,40,2,7,2,1,60,26,6
3219419,0,234,0,40,2,4,2,1,26,31,6
3215666,0,234,0,40,3,5,2,1,21,18,6
3219601,0,234,0,40,3,5,2,1,29,29,6
3232522,0,234,0,40,3,2,2,1,13,50,6
3226428,0,234,0,40,3,4,2,1,13,30,6
3228940,0,234,0,40,3,2,2,1,20,23,6
3214240,0,234,0,40,2,5,2,1,27,24,6
3233727,0,234,0,40,3,2,2,1,12,30,6
3152852,0,234,0,40,3,11,2,1,107,84,6
3184299,0,234,0,40,2,10,2,1,70,41,6
3227557,0,234,0,40,3,3,2,1,19,64,6
3229336,0,234,0,40,2,1,2,1,23,39,6
3202877,0,234,0,40,3,9,2,1,42,21,6
3231567,0,234,0,40,3,1,2,1,20,73,6
3228943,0,234,0,40,3,2,2,1,21,39,6
3233291,0,234,0,40,3,1,2,1,17,53,6
3196321,0,234,0,40,2,8,2,1,54,78,6
3209997,0,234,0,40,2,5,2,1,38,68,6
3227108,0,234,0,40,2,3,2,1,23,77,6
3220436,0,234,0,40,2,3,2,1,31,52,6
3182938,0,234,0,40,2,12,2,1,67,91,6
3218314,0,234,0,40,3,5,2,1,30,73,6
3195347,0,234,0,40,3,10,2,1,51,34,6
3190001,0,234,0,40,2,9,2,1,61,37,6
3216972,0,234,0,40,2,4,2,1,27,77,6
3150350,0,234,0,40,2,12,2,1,90,41,6
3196669,0,234,0,40,2,6,2,1,55,27,6
3235616,0,234,0,40,2,2,2,1,10,17,6
3223731,0,234,0,40,3,4,2,1,23,49,6
3237775,0,234,0,40,2,1,2,1,8,20,6
3235501,0,234,0,40,2,0,2,1,7,40,6
3235774,0,234,0,40,3,0,2,1,7,33,6
3236062,0,234,0,40,2,0,2,1,7,16,6
3236158,0,234,0,40,3,0,2,1,7,39,6
3236252,0,234,0,40,3,0,2,1,7,48,6
3236316,0,234,0,40,3,0,2,1,7,33,6
3236380,0,234,0,40,2,0,2,1,7,53,6
3236572,0,234,0,40,3,0,2,1,7,31,6
3236652,0,234,0,40,3,0,2,1,7,37,6
3236763,0,234,0,40,2,0,2,1,7,50,6
3236859,0,234,0,40,2,0,2,1,7,38,6
3236875,0,234,0,40,2,0,2,1,7,70,6
3236907,0,234,0,40,3,0,2,1,7,18,6
3236923,0,234,0,40,3,0,2,1,7,27,6
3236955,0,234,0,40,2,0,2,1,7,34,6
3236971,0,234,0,40,3,0,2,1,7,71,6
3236987,0,234,0,40,2,0,2,1,7,33,6
3237035,0,234,0,40,3,0,2,1,7,24,6
3237067,0,234,0,40,2,0,2,1,7,44,6
3237083,0,234,0,40,2,0,2,1,7,48,6
3237131,0,234,0,40,3,0,2,1,7,40,6
3237171,0,234,0,40,3,0,2,1,7,46,6
3237211,0,234,0,40,3,0,2,1,7,41,6
3237227,0,234,0,40,3,0,2,1,7,92,6
3237235,0,234,0,40,2,0,2,1,7,61,6
3237251,0,234,0,40,2,0,2,1,7,10,6
3237259,0,234,0,40,2,0,2,1,7,61,6
3237275,0,234,0,40,3,0,2,1,7,42,6
3237363,0,234,0,40,2,0,2,1,7,40,6
3237371,0,234,0,40,2,0,2,1,7,24,6
3237395,0,234,0,40,2,0,2,1,7,25,6
3237411,0,234,0,40,2,0,2,1,7,30,6
3237443,0,234,0,40,2,0,2,1,7,8,6
3237499,0,234,0,40,3,0,2,1,7,26,6
3237523,0,234,0,40,3,0,2,1,7,39,6
3237539,0,234,0,40,3,0,2,1,7,38,6
3237547,0,234,0,40,2,0,2,1,7,97,6
3237579,0,234,0,40,3,0,2,1,7,14,6
3237595,0,234,0,40,2,0,2,1,7,39,6
3237619,0,234,0,40,3,0,2,1,7,62,6
3237627,0,234,0,40,3,0,2,1,7,73,6
3237694,0,234,0,40,3,0,2,1,7,79,6
3237702,0,234,0,40,3,0,2,1,7,39,6
3237718,0,234,0,40,3,0,2,1,7,28,6
3237738,0,234,0,40,3,0,2,1,7,35,6
3237746,0,234,0,40,3,0,2,1,7,87,6
3237750,0,234,0,40,2,0,2,1,7,103,6
3237778,0,234,0,40,3,0,2,1,7,74,6
3237802,0,234,0,40,3,0,2,1,7,33,6
3237818,0,234,0,40,2,0,2,1,7,72,6
3237830,0,234,0,40,2,0,2,1,7,80,6
3237834,0,234,0,40,3,0,2,1,7,45,6
3237858,0,234,0,40,2,0,2,1,7,27,6
3237866,0,234,0,40,3,0,2,1,7,35,6
3237878,0,234,0,40,3,0,2,1,7,58,6
3237886,0,234,0,40,2,0,2,1,7,92,6
3237890,0,234,0,40,2,0,2,1,7,6,6
3237910,0,234,0,40,2,0,2,1,7,19,6
3237930,0,234,0,40,2,0,2,1,7,101,6
3237938,0,234,0,40,2,0,2,1,7,49,6
3237954,0,234,0,40,3,0,2,1,7,44,6
3237966,0,234,0,40,3,0,2,1,7,14,6
3237978,0,234,0,40,2,0,2,1,7,30,6
3237982,0,234,0,40,2,0,2,1,7,18,6
3237986,0,234,0,40,3,0,2,1,7,46,6
3237994,0,234,0,40,2,0,2,1,7,70,6
3237998,0,234,0,40,3,0,2,1,7,42,6
3238006,0,234,0,40,3,0,2,1,7,82,6
3238030,0,234,0,40,2,0,2,1,7,69,6
3238050,0,234,0,40,3,0,2,1,7,56,6
3238070,0,234,0,40,2,0,2,1,7,50,6
3238074,0,234,0,40,3,0,2,1,7,72,6
3238082,0,234,0,40,2,0,2,1,7,63,6
3238098,0,234,0,40,2,0,2,1,7,38,6
3238102,0,234,0,40,3,0,2,1,7,37,6
3238106,0,234,0,40,2,0,2,1,7,28,6
3238110,0,234,0,40,3,0,2,1,7,44,6
3238114,0,234,0,40,3,0,2,1,7,55,6
3238122,0,234,0,40,3,0,2,1,7,43,6
3238130,0,234,0,40,2,0,2,1,7,16,6
3238138,0,234,0,40,3,0,2,1,7,66,6
3238150,0,234,0,40,3,0,2,1,7,33,6
3238156,0,234,0,40,2,0,2,1,7,76,6
3238160,0,234,0,40,3,0,2,1,7,43,6
3238176,0,234,0,40,3,0,2,1,7,20,6
3238182,0,234,0,40,2,0,2,1,7,37,6
3238186,0,234,0,40,3,0,2,1,7,23,6
3238190,0,234,0,40,2,0,2,1,7,28,6
3238192,0,234,0,40,3,0,2,1,7,50,6
3238200,0,234,0,40,2,0,2,1,7,54,6
3238210,0,234,0,40,3,0,2,1,7,39,6
3238212,0,234,0,40,2,0,2,1,7,31,6
3238216,0,234,0,40,2,0,2,1,7,34,6
3238218,0,234,0,40,3,0,2,1,7,19,6
3238224,0,234,0,40,3,0,2,1,7,34,6
3238228,0,234,0,40,2,0,2,1,7,50,6
3238232,0,234,0,40,3,0,2,1,7,55,6
3238236,0,234,0,40,3,0,2,1,7,55,6
3238240,0,234,0,40,2,0,2,1,7,39,6
3238246,0,234,0,40,2,0,2,1,7,78,6
3238248,0,234,0,40,2,0,2,1,7,57,6
3238252,0,234,0,40,3,0,2,1,7,60,6
3238266,0,234,0,40,2,0,2,1,7,29,6
3238268,0,234,0,40,3,0,2,1,7,65,6
3238270,0,234,0,40,3,0,2,1,7,37,6
3238276,0,234,0,40,3,0,2,1,7,21,6
3238282,0,234,0,40,3,0,2,1,7,31,6
3238288,0,234,0,40,3,0,2,1,7,66,6
3238290,0,234,0,40,2,0,2,1,7,56,6
3238296,0,234,0,40,2,0,2,1,7,29,6
3238298,0,234,0,40,3,0,2,1,7,10,6
3238300,0,234,0,40,2,0,2,1,7,82,6
3238304,0,234,0,40,2,0,2,1,7,71,6
3238310,0,234,0,40,3,0,2,1,7,49,6
3238314,0,234,0,40,3,0,2,1,7,53,6
3238318,0,234,0,40,2,0,2,1,7,32,6
3238322,0,234,0,40,3,0,2,1,7,41,6
3238332,0,234,0,40,3,0,2,1,7,33,6
3238334,0,234,0,40,2,0,2,1,7,48,6
3238336,0,234,0,40,2,0,2,1,7,47,6
3238340,0,234,0,40,2,0,2,1,7,49,6
3238342,0,234,0,40,3,0,2,1,7,55,6
3238344,0,234,0,40,3,0,2,1,7,44,6
3238346,0,234,0,40,2,0,2,1,7,74,6
3238354,0,234,0,40,2,0,2,1,7,21,6
3238368,0,234,0,40,3,0,2,1,7,37,6
3238370,0,234,0,40,3,0,2,1,7,42,6
3238374,0,234,0,40,2,0,2,1,7,43,6
3238390,0,234,0,40,3,0,2,1,7,17,6
3238392,0,234,0,40,2,0,2,1,7,50,6
3238400,0,234,0,40,2,0,2,1,7,59,6
3238418,0,234,0,40,3,0,2,1,7,46,6
3238422,0,234,0,40,2,0,2,1,7,39,6
3238430,0,234,0,40,3,0,2,1,7,44,6
3238434,0,234,0,40,3,0,2,1,7,33,6
3238448,0,234,0,40,3,0,2,1,7,46,6
3238450,0,234,0,40,2,0,2,1,7,36,6
3238462,0,234,0,40,3,0,2,1,7,35,6
3238464,0,234,0,40,2,0,2,1,7,32,6
3238468,0,234,0,40,3,0,2,1,7,53,6
3238482,0,234,0,40,2,0,2,1,7,23,6
3238484,0,234,0,40,2,0,2,1,7,38,6
3238488,0,234,0,40,2,0,2,1,7,18,6
3238498,0,234,0,40,2,0,2,1,7,25,6
3238508,0,234,0,40,2,0,2,1,7,41,6
3238510,0,234,0,40,3,0,2,1,7,53,6
3238516,0,234,0,40,3,0,2,1,7,37,6
3238520,0,234,0,40,3,0,2,1,7,72,6
3238528,0,234,0,40,3,0,2,1,7,50,6
3238530,0,234,0,40,3,0,2,1,7,44,6
3238536,0,234,0,40,2,0,2,1,7,39,6
3238540,0,234,0,40,2,0,2,1,7,43,6
3238542,0,234,0,40,2,0,2,1,7,33,6
3238544,0,234,0,40,2,0,2,1,7,13,6
3238554,0,234,0,40,2,0,2,1,7,54,6
3238562,0,234,0,40,2,0,2,1,7,78,6
3238564,0,234,0,40,3,0,2,1,7,20,6
3238574,0,234,0,40,2,0,2,1,7,23,6
3238580,0,234,0,40,2,0,2,1,7,58,6
3238588,0,234,0,40,2,0,2,1,7,131,6
3238596,0,234,0,40,2,0,2,1,7,53,6
3238608,0,234,0,40,3,0,2,1,7,72,6
3219619,0,234,0,40,3,2,2,1,19,6,6
3218580,0,234,0,40,3,2,2,1,26,70,6
3212565,0,234,0,40,2,3,2,1,36,51,6
3223905,0,234,0,40,2,2,2,1,19,74,6
3232070,0,234,0,40,3,1,2,1,7,45,6
3213089,0,234,0,40,2,2,2,1,33,31,6
3156882,0,234,0,40,2,8,2,1,82,31,6
3191595,0,234,0,40,2,9,2,1,56,45,6
3198496,0,234,0,40,3,7,2,1,44,17,6
3203526,0,234,0,40,2,4,2,1,40,93,6
3159005,0,234,0,40,3,13,2,1,86,40,6
3221638,0,234,0,40,3,3,2,1,16,48,6
3196536,0,234,0,40,2,6,2,1,43,29,6
3216466,0,234,0,40,2,4,2,1,24,53,6
3224213,0,234,0,40,3,2,2,1,19,66,6
3212676,0,234,0,40,3,2,2,1,39,44,6
3178830,0,234,0,40,3,9,2,1,68,70,6
3170109,0,234,0,40,2,11,2,1,78,55,6
3149795,1,234,143,40,2,15,2,1,87,33,6
3183825,0,234,0,40,2,8,2,1,63,62,6
3194418,0,234,0,40,3,7,2,1,46,11,6
3225214,0,234,0,40,3,2,2,1,17,30,6
3199877,0,234,0,40,2,7,2,1,35,26,6
3223276,0,234,0,40,2,2,2,1,20,42,6
3219644,0,234,0,40,2,3,2,1,20,47,6
3227501,0,234,0,40,2,2,2,1,14,33,6
3196694,0,234,0,40,3,8,2,1,34,24,6
3214631,0,234,0,40,2,4,2,1,11,26,6
3195520,0,234,0,40,3,7,2,1,49,21,6
3218554,0,234,0,40,2,1,2,1,34,38,6
3194070,1,234,152,40,2,6,2,1,53,35,6
3184585,0,234,0,40,2,13,2,1,58,14,6
3203590,1,234,174,26.3874,3,5,2,1,33,27,6
3229397,0,234,0,40,2,1,2,1,15,33,6
3225362,0,234,0,40,2,2,2,1,17,18,6
3193877,0,234,0,40,3,7,2,1,50,16,6
3189255,0,234,0,40,3,11,2,1,44,20,6
3156778,1,234,221,19.6496,3,15,2,1,74,18,6
3229092,0,234,0,40,3,2,2,1,14,39,6
3195387,0,234,0,40,2,7,2,1,42,26,6
3159201,0,234,0,40,3,15,2,1,80,73,6
3222207,0,234,0,40,3,3,2,1,19,25,6
3203879,0,234,0,40,3,8,2,1,30,91,6
3211603,0,234,0,40,2,5,2,1,22,61,6
3231570,0,234,0,40,3,1,2,1,10,46,6
3167772,0,234,0,40,2,13,2,1,97,48,6
3203866,0,234,0,40,2,5,2,1,40,49,6
3230304,0,234,0,40,2,2,2,1,10,15,6
3232858,0,234,0,40,2,1,2,1,9,24,6
3181224,0,234,0,40,2,9,2,1,66,28,6
3224522,0,234,0,40,3,3,2,1,21,40,6
3195920,0,234,0,40,3,6,2,1,43,21,6
3220900,0,234,0,40,2,3,2,1,16,45,6
3187008,0,234,0,40,3,7,2,1,53,33,6
3216759,0,234,0,40,2,5,2,1,24,77,6
3202681,0,234,0,40,3,6,2,1,37,40,6
3211287,0,234,0,40,3,6,2,1,27,37,6
3175109,0,234,0,40,3,13,2,1,84,14,6
3222401,0,234,0,40,2,3,2,1,23,10,6
3214852,0,234,0,40,2,6,2,1,21,26,6
3196508,0,234,0,40,3,8,2,1,47,49,6
3183960,0,234,0,40,3,4,2,1,84,108,6
3220984,0,234,0,40,3,1,2,1,30,19,6
3197211,0,234,0,40,2,6,2,1,48,61,6
3202408,0,234,0,40,3,6,2,1,39,63,6
3226267,0,234,0,40,3,1,2,1,22,27,6
3216840,0,234,0,40,3,3,2,1,32,18,6
3211464,0,234,0,40,3,2,2,1,40,20,6
3205742,0,234,0,40,3,5,2,1,39,37,6
3193469,0,234,0,40,2,7,2,1,42,102,6
3182659,0,234,0,40,3,8,2,1,81,30,6
3198613,0,234,0,40,3,7,2,1,44,36,6
3194650,0,234,0,40,2,7,2,1,51,28,6
3160180,0,234,0,40,3,12,2,1,75,111,6
3229133,0,234,0,40,2,1,2,1,16,71,6
3223530,0,234,0,40,3,2,2,1,19,42,6
3210608,0,234,0,40,3,5,2,1,37,36,6
3216706,0,234,0,40,2,3,2,1,30,64,6
3230360,0,234,0,40,3,1,2,1,14,54,6
3194024,0,234,0,40,2,6,2,1,55,49,6
3164572,0,234,0,40,2,16,2,1,99,65,6
3205350,0,234,0,40,3,5,2,1,35,35,6
3207067,0,234,0,40,3,5,2,1,35,54,6
3196028,0,234,0,40,2,7,2,1,43,23,6
3215153,0,234,0,40,3,4,2,1,19,24,6
3185462,0,234,0,40,3,10,2,1,60,44,6
3222436,0,234,0,40,3,3,2,1,21,42,6
3209162,0,234,0,40,2,4,2,1,44,22,6
3223448,0,234,0,40,2,3,2,1,22,39,6
3229536,0,234,0,40,3,2,2,1,14,46,6
3232654,0,234,0,40,3,1,2,1,10,39,6
3223572,0,234,0,40,2,2,2,1,19,21,6
3201950,0,234,0,40,3,3,2,1,54,21,6
3225138,0,234,0,40,2,3,2,1,17,33,6
3231900,0,234,0,40,2,1,2,1,9,46,6
3214136,0,234,0,40,2,6,2,1,19,43,6
3192286,0,234,0,40,3,9,2,1,47,19,6
3209632,0,234,0,40,2,5,2,1,35,28,6
3216309,0,234,0,40,2,3,2,1,27,29,6
3229024,0,234,0,40,3,2,2,1,12,17,6
3228482,0,234,0,40,3,2,2,1,10,81,6
3185461,0,234,0,40,2,7,2,1,69,28,6
3185058,0,234,0,40,3,10,2,1,67,64,6
3232513,0,234,0,40,3,1,2,1,8,32,6
3234101,0,234,0,40,3,1,2,1,8,26,6
3194351,0,234,0,40,2,8,2,1,46,22,6
3186964,0,234,0,40,3,8,2,1,53,69,6
3227712,0,234,0,40,2,2,2,1,15,26,6
3181931,0,234,0,40,2,8,2,1,63,59,6
3230535,0,234,0,40,3,2,2,1,9,59,6
3202270,0,234,0,40,3,6,2,1,37,64,6
3209428,0,234,0,40,3,5,2,1,36,93,6
3192003,0,234,0,40,2,6,2,1,61,51,6
3161787,0,234,0,40,3,8,2,1,72,35,6
3198199,0,234,0,40,3,6,2,1,48,35,6
3218470,0,234,0,40,2,3,2,1,29,32,6
3207342,0,234,0,40,3,5,2,1,38,56,6
3181288,0,234,0,40,3,8,2,1,82,32,6
3212153,0,234,0,40,3,3,2,1,36,23,6
3220909,0,234,0,40,2,2,2,1,30,20,6
3156512,0,234,0,40,3,10,2,1,96,54,6
3211859,0,234,0,40,2,4,2,1,38,74,6
3170582,0,234,0,40,3,13,2,1,84,29,6
3150246,0,234,0,40,2,13,2,1,89,36,6
3217414,0,234,0,40,3,3,2,1,31,35,6
3196747,0,234,0,40,2,7,2,1,49,74,6
3229505,0,234,0,40,2,1,2,1,17,40,6
3185416,0,234,0,40,2,7,2,1,56,35,6
3230147,0,234,0,40,3,1,2,1,16,14,6
3178034,0,234,0,40,2,11,2,1,71,35,6
3224984,0,234,0,40,3,2,2,1,18,47,6
3223883,0,234,0,40,3,3,2,1,21,61,6
3221588,0,234,0,40,3,5,2,1,20,51,6
3164187,1,234,146,19.8815,3,17,2,1,83,42,6
3156640,0,234,0,40,3,14,2,1,103,47,6
3230148,0,234,0,40,3,1,2,1,14,35,6
3205519,0,234,0,40,3,5,2,1,39,92,6
3226991,0,234,0,40,2,2,2,1,16,33,6
3154168,0,234,0,40,3,16,2,1,84,54,6
3173457,1,234,124,40,2,9,2,1,92,9,6
3224583,0,234,0,40,3,3,2,1,17,35,6
3231004,0,234,0,40,2,1,2,1,13,22,6
3231464,0,234,0,40,3,1,2,1,13,40,6
3220703,0,234,0,40,2,3,2,1,20,49,6
3205791,0,234,0,40,3,5,2,1,39,36,6
3162900,0,234,0,40,2,13,2,1,106,24,6
3219584,0,234,0,40,3,4,2,1,22,34,6
3222147,0,234,0,40,3,2,2,1,27,44,6
3230377,0,234,0,40,2,1,2,1,12,84,6
3151414,0,234,0,40,2,13,2,1,93,29,6
3220861,0,234,0,40,3,2,2,1,29,88,6
3153764,0,234,0,40,2,15,2,1,94,45,6
3229475,0,234,0,40,2,2,2,1,13,44,6
3227645,0,234,0,40,2,3,2,1,13,24,6
3232386,0,234,0,40,3,2,2,1,12,49,6
3232559,0,234,0,40,3,1,2,1,11,30,6
3232982,0,234,0,40,3,1,2,1,11,47,6
3215010,0,234,0,40,3,5,2,1,26,28,6
3197888,0,234,0,40,3,6,2,1,50,35,6
3226404,0,234,0,40,2,3,2,1,13,55,6
3170252,1,234,187,34.1598,2,9,2,1,96,24,6
3226562,0,234,0,40,3,2,2,1,19,61,6
3223682,0,234,0,40,3,3,2,1,19,33,6
3150856,0,234,0,40,3,13,2,1,74,40,6
3209501,0,234,0,40,3,5,2,1,29,23,6
3201274,0,234,0,40,3,7,2,1,44,43,6
3231135,0,234,0,40,2,2,2,1,10,62,6
3216740,0,234,0,40,3,5,2,1,26,46,6
3207528,0,234,0,40,3,5,2,1,33,82,6
3203439,0,234,0,40,2,7,2,1,43,26,6
3210541,0,234,0,40,2,7,2,1,34,34,6
3228172,0,234,0,40,3,2,2,1,19,57,6
3233204,0,234,0,40,3,1,2,1,9,30,6
3233591,0,234,0,40,3,1,2,1,9,37,6
3233903,0,234,0,40,2,1,2,1,9,84,6
3234079,0,234,0,40,3,1,2,1,9,31,6
3167605,0,234,0,40,3,16,2,1,78,119,6
3222675,0,234,0,40,3,2,2,1,22,45,6
3167650,1,234,135,40,2,16,2,1,82,61,6
3223624,0,234,0,40,3,2,2,1,22,31,6
3175655,0,234,0,40,2,10,2,1,77,86,6
3220201,0,234,0,40,3,4,2,1,26,60,6
3201468,0,234,0,40,2,9,2,1,38,97,6
3233746,0,234,0,40,3,1,2,1,8,30,6
3234142,0,234,0,40,2,1,2,1,8,90,6
3234330,0,234,0,40,3,1,2,1,8,55,6
3225991,0,234,0,40,2,2,2,1,11,37,6
3212710,0,234,0,40,2,5,2,1,25,51,6
3225610,0,234,0,40,2,2,2,1,17,57,6
3225723,0,234,0,40,3,3,2,1,15,54,6
3228040,0,234,0,40,2,2,2,1,16,9,6
3195684,0,234,0,40,3,9,2,1,38,35,6
3231686,0,234,0,40,2,2,2,1,8,38,6
3222349,1,234,223,40,2,4,2,1,17,40,6
3217849,0,234,0,40,2,6,2,1,21,45,6
3206606,0,234,0,40,2,7,2,1,26,57,6
3234173,0,234,0,40,3,1,2,1,7,36,6
3235026,0,234,0,40,2,1,2,1,7,29,6
3222486,0,234,0,40,2,1,2,1,30,44,6
3182776,0,234,0,40,3,8,2,1,74,39,6
3218796,0,234,0,40,2,2,2,1,33,68,6
3225246,0,234,0,40,3,1,2,1,25,24,6
3153248,1,234,123,40,2,10,2,1,98,24,6
3180541,0,234,0,40,3,11,2,1,53,74,6
3187386,0,234,0,40,2,10,2,1,57,73,6
3220088,0,234,0,40,2,3,2,1,24,66,6
3227552,0,234,0,40,3,1,2,1,21,52,6
3216844,0,234,0,40,3,2,2,1,29,29,6
3206425,0,234,0,40,2,2,2,1,55,18,6
3199327,0,234,0,40,3,6,2,1,54,54,6
3199062,0,234,0,40,3,8,2,1,39,34,6
3158937,0,234,0,40,3,9,2,1,106,64,6
3214649,0,234,0,40,2,3,2,1,30,42,6
3182725,0,234,0,40,3,10,2,1,70,45,6
3185247,0,234,0,40,3,9,2,1,51,17,6
3209181,0,234,0,40,2,3,2,1,43,69,6
3204249,0,234,0,40,3,4,2,1,40,58,6
3178484,0,234,0,40,2,11,2,1,62,52,6
3209412,0,234,0,40,3,5,2,1,36,31,6
3156913,0,234,0,40,2,10,2,1,100,52,6
3229776,0,234,0,40,2,1,2,1,17,26,6
3177803,0,234,0,40,2,8,2,1,72,42,6
3206568,0,234,0,40,3,5,2,1,27,26,6
3186256,0,234,0,40,2,7,2,1,75,50,6
3198097,0,234,0,40,2,8,2,1,41,30,6
3200181,0,234,0,40,3,6,2,1,48,63,6
3229894,0,234,0,40,3,1,2,1,16,40,6
3200840,0,234,0,40,3,6,2,1,46,45,6
3198632,0,234,0,40,2,7,2,1,41,45,6
3227753,0,234,0,40,3,2,2,1,17,110,6
3190175,0,234,0,40,3,9,2,1,52,24,6
3151082,0,234,0,40,2,11,2,1,77,50,6
3190475,0,234,0,40,3,6,2,1,50,15,6
3181575,0,234,0,40,3,11,2,1,65,60,6
3230944,0,234,0,40,3,1,2,1,14,28,6
3206305,0,234,0,40,3,5,2,1,41,29,6
3212678,0,234,0,40,2,5,2,1,26,85,6
3224060,0,234,0,40,2,3,2,1,22,54,6
3223780,0,234,0,40,2,4,2,1,20,32,6
3231330,0,234,0,40,3,1,2,1,13,45,6
3231750,0,234,0,40,2,1,2,1,13,36,6
3211665,0,234,0,40,2,3,2,1,36,51,6
3218940,0,234,0,40,3,4,2,1,24,34,6
3198676,0,234,0,40,2,7,2,1,46,24,6
3191578,0,234,0,40,2,10,2,1,43,46,6
3178508,0,234,0,40,3,11,2,1,66,53,6
3217982,0,234,0,40,3,4,2,1,24,19,6
3230280,0,234,0,40,3,1,2,1,12,45,6
3232467,0,234,0,40,3,1,2,1,12,38,6
3232828,0,234,0,40,3,1,2,1,12,62,6
3233086,0,234,0,40,3,1,2,1,12,75,6
3219824,0,234,0,40,2,2,2,1,28,26,6
3165381,0,234,0,40,3,10,2,1,112,31,6
3227149,0,234,0,40,3,3,2,1,18,38,6
3213104,0,234,0,40,3,5,2,1,26,39,6
3164663,0,234,0,40,2,16,2,1,101,37,6
3178166,0,234,0,40,2,10,2,1,83,106,6
3231839,0,234,0,40,3,2,2,1,12,41,6
3173255,0,234,0,40,2,13,2,1,68,33,6
3232421,0,234,0,40,3,1,2,1,11,27,6
3232941,0,234,0,40,3,1,2,1,11,6,6
3233417,0,234,0,40,2,1,2,1,11,33,6
3197774,1,234,161,24.8462,3,6,2,1,53,55,6
3152727,0,234,0,40,2,13,2,1,80,25,6
3179383,0,234,0,40,2,13,2,1,66,67,6
3181828,0,234,0,40,3,10,2,1,60,37,6
3219163,0,234,0,40,2,4,2,1,19,38,6
3174965,0,234,0,40,3,12,2,1,69,71,6
3189519,0,234,0,40,3,12,2,1,58,63,6
3205432,0,234,0,40,2,6,2,1,36,38,6
3170359,0,234,0,40,2,10,2,1,88,68,6
3231988,0,234,0,40,2,1,2,1,10,25,6
3233811,0,234,0,40,3,1,2,1,10,22,6
3226635,0,234,0,40,2,2,2,1,11,35,6
3224416,0,234,0,40,3,2,2,1,19,32,6
3218032,0,234,0,40,3,3,2,1,23,79,6
3180188,0,234,0,40,3,10,2,1,62,24,6
3198883,0,234,0,40,3,6,2,1,49,28,6
3175628,0,234,0,40,2,10,2,1,82,51,6
3219710,0,234,0,40,3,5,2,1,22,38,6
3210325,0,234,0,40,2,6,2,1,31,27,6
3230448,0,234,0,40,3,2,2,1,11,53,6
3216981,0,234,0,40,2,5,2,1,25,40,6
3163012,0,234,0,40,2,22,2,1,82,37,6
3212548,0,234,0,40,2,4,2,1,37,92,6
3210720,0,234,0,40,2,4,2,1,34,68,6
3165823,0,234,0,40,3,15,2,1,84,39,6
3225640,1,234,224,24.3226,3,3,2,1,18,21,6
3181200,0,234,0,40,2,11,2,1,53,12,6
3217807,0,234,0,40,2,4,2,1,28,28,6
3232859,0,234,0,40,3,1,2,1,9,59,6
3234168,0,234,0,40,2,1,2,1,9,65,6
3234600,0,234,0,40,2,1,2,1,9,35,6
3209625,0,234,0,40,3,5,2,1,27,54,6
3168758,0,234,0,40,2,12,2,1,90,52,6
3172600,1,234,148,21.6942,3,13,2,1,86,47,6
3209962,0,234,0,40,2,4,2,1,33,69,6
3207339,0,234,0,40,2,6,2,1,46,46,6
3213848,0,234,0,40,2,6,2,1,20,92,6
3182294,0,234,0,40,3,12,2,1,58,82,6
3190599,0,234,0,40,3,6,2,1,54,65,6
3198056,1,234,167,28.6377,3,8,2,1,46,30,6
3196251,0,234,0,40,3,6,2,1,53,36,6
3228894,0,234,0,40,2,3,2,1,14,38,6
3197415,0,234,0,40,2,7,2,1,44,41,6
3210328,0,234,0,40,2,4,2,1,45,64,6
3227353,0,234,0,40,2,2,2,1,11,26,6
3187256,0,234,0,40,2,8,2,1,57,28,6
3149880,1,234,140,39.1489,2,15,2,1,58,23,6
3157465,0,234,0,40,3,11,2,1,116,19,6
3173166,1,234,138,40,2,12,2,1,74,48,6
3150992,1,234,125,38.034,3,13,2,1,94,55,6
3202231,0,234,0,40,3,10,2,1,31,46,6
3226713,0,234,0,40,2,3,2,1,14,73,6
3228211,0,234,0,40,3,2,2,1,15,28,6
3210163,0,234,0,40,3,7,2,1,24,39,6
3221555,0,234,0,40,3,6,2,1,17,50,6
3223556,0,234,0,40,3,4,2,1,13,53,6
3232114,0,234,0,40,2,2,2,1,9,53,6
3191778,0,234,0,40,2,9,2,1,38,51,6
3226210,0,234,0,40,3,3,2,1,15,55,6
3196207,0,234,0,40,3,9,2,1,53,76,6
3203665,0,234,0,40,3,7,2,1,47,61,6
3233042,0,234,0,40,2,2,2,1,10,52,6
3227663,0,234,0,40,2,2,2,1,18,60,6
3234981,0,234,0,40,2,1,2,1,7,55,6
3235180,0,234,0,40,2,1,2,1,7,46,6
3235388,0,234,0,40,3,1,2,1,7,73,6
3217320,0,234,0,40,2,3,2,1,30,25,6
3166710,0,234,0,40,3,14,2,1,89,43,6
3203380,0,234,0,40,3,5,2,1,45,12,6
3225787,0,234,0,40,2,1,2,1,25,26,6
3191739,0,234,0,40,2,8,2,1,47,79,6
3200471,0,234,0,40,3,6,2,1,52,49,6
3193261,0,234,0,40,3,6,2,1,57,49,6
3158983,0,234,0,40,3,8,2,1,61,73,6
3198433,0,234,0,40,3,5,2,1,54,78,6
3207913,0,234,0,40,2,5,2,1,34,47,6
3224318,0,234,0,40,3,2,2,1,23,40,6
3191809,0,234,0,40,3,7,2,1,62,31,6
3223650,0,234,0,40,3,2,2,1,21,46,6
3225588,0,234,0,40,3,2,2,1,23,53,6
3221868,0,234,0,40,3,3,2,1,27,97,6
3189785,0,234,0,40,2,6,2,1,61,45,6
3152182,0,234,0,40,3,10,2,1,101,20,6
3225475,0,234,0,40,2,2,2,1,22,43,6
3152689,0,234,0,40,3,14,2,1,97,41,6
3229930,0,234,0,40,2,1,2,1,17,89,6
3161915,0,234,0,40,2,15,2,1,112,20,6
3204938,0,234,0,40,3,6,2,1,38,36,6
3195000,0,234,0,40,2,7,2,1,51,69,6
3196013,0,234,0,40,3,7,2,1,52,31,6
3228835,0,234,0,40,2,1,2,1,16,71,6
3231157,0,234,0,40,2,1,2,1,16,78,6
3198412,0,234,0,40,3,9,2,1,39,79,6
3207580,0,234,0,40,3,3,2,1,40,29,6
3207287,0,234,0,40,3,7,2,1,40,91,6
3225765,0,234,0,40,2,2,2,1,19,69,6
3217129,0,234,0,40,2,2,2,1,37,16,6
3184530,0,234,0,40,3,10,2,1,63,93,6
3150526,0,234,0,40,2,13,2,1,95,42,6
3224623,0,234,0,40,3,2,2,1,20,31,6
3231651,0,234,0,40,2,1,2,1,15,62,6
3232013,0,234,0,40,3,1,2,1,15,39,6
3184856,0,234,0,40,3,13,2,1,57,38,6
3218730,0,234,0,40,3,3,2,1,30,42,6
3223680,0,234,0,40,2,3,2,1,23,39,6
3227052,0,234,0,40,3,2,2,1,14,56,6
3226527,0,234,0,40,3,2,2,1,17,34,6
3183827,0,234,0,40,3,8,2,1,62,41,6
3169088,0,234,0,40,3,10,2,1,99,27,6
3204923,0,234,0,40,3,6,2,1,35,30,6
3207742,0,234,0,40,3,5,2,1,39,48,6
3205645,0,234,0,40,2,5,2,1,39,88,6
3202232,0,234,0,40,2,7,2,1,45,15,6
3231608,1,234,225,36.7783,2,1,2,1,13,58,6
3232155,0,234,0,40,3,1,2,1,13,42,6
3232640,0,234,0,40,3,1,2,1,13,92,6
3224964,0,234,0,40,2,2,2,1,16,63,6
3204888,0,234,0,40,3,6,2,1,36,76,6
3226467,0,234,0,40,2,4,2,1,15,62,6
3174058,0,234,0,40,3,11,2,1,89,36,6
3158748,0,234,0,40,3,12,2,1,97,27,6
3209590,0,234,0,40,2,5,2,1,35,49,6
3214703,0,234,0,40,3,3,2,1,31,63,6
3181424,0,234,0,40,3,9,2,1,69,50,6
3225542,0,234,0,40,3,3,2,1,20,35,6
3205788,0,234,0,40,2,6,2,1,40,25,6
3190780,0,234,0,40,2,9,2,1,53,52,6
3231176,0,234,0,40,3,2,2,1,14,29,6
3232685,0,234,0,40,2,1,2,1,12,51,6
3232809,0,234,0,40,3,1,2,1,12,22,6
3217027,0,234,0,40,3,4,2,1,21,58,6
3222732,0,234,0,40,2,3,2,1,17,43,6
3212658,0,234,0,40,2,4,2,1,29,10,6
3213001,0,234,0,40,2,4,2,1,32,39,6
3219005,0,234,0,40,3,3,2,1,21,32,6
3156062,0,234,0,40,2,11,2,1,75,46,6
3210520,0,234,0,40,3,6,2,1,32,62,6
3184197,0,234,0,40,2,9,2,1,61,84,6
3164713,0,234,0,40,3,12,2,1,98,64,6
3221583,0,234,0,40,2,4,2,1,15,19,6
3224044,1,234,216,33.3878,2,3,2,1,17,51,6
3225115,0,234,0,40,3,3,2,1,21,32,6
3215187,0,234,0,40,3,4,2,1,30,51,6
3190092,0,234,0,40,3,10,2,1,57,34,6
3223365,0,234,0,40,3,2,2,1,28,32,6
3222500,0,234,0,40,2,5,2,1,20,64,6
3233673,0,234,0,40,3,1,2,1,11,73,6
3233895,0,234,0,40,2,1,2,1,11,45,6
3211804,0,234,0,40,3,4,2,1,24,29,6
3193417,0,234,0,40,3,11,2,1,36,23,6
3180220,0,234,0,40,2,9,2,1,71,25,6
3225017,0,234,0,40,2,3,2,1,16,54,6
3223475,0,234,0,40,3,3,2,1,16,57,6
3221487,0,234,0,40,2,3,2,1,24,24,6
3185397,0,234,0,40,2,9,2,1,55,89,6
3229023,0,234,0,40,3,2,2,1,11,42,6
3228338,0,234,0,40,3,2,2,1,12,36,6
3192887,0,234,0,40,3,6,2,1,55,41,6
3152970,0,234,0,40,3,15,2,1,60,36,6
3202902,0,234,0,40,3,4,2,1,43,44,6
3207858,0,234,0,40,2,7,2,1,25,32,6
3193718,0,234,0,40,2,8,2,1,61,39,6
3227727,0,234,0,40,3,2,2,1,17,83,6
3170180,1,234,148,28.7028,3,15,2,1,81,60,6
3217506,0,234,0,40,3,6,2,1,19,34,6
3181365,0,234,0,40,2,10,2,1,62,23,6
3219206,0,234,0,40,2,3,2,1,31,33,6
3168458,1,234,125,40,2,11,2,1,94,61,6
3214459,0,234,0,40,2,5,2,1,38,52,6
3225078,0,234,0,40,3,3,2,1,24,19,6
3232667,0,234,0,40,2,1,2,1,10,68,6
3234574,0,234,0,40,3,1,2,1,10,32,6
3205643,0,234,0,40,2,7,2,1,35,25,6
3175442,0,234,0,40,2,12,2,1,75,41,6
3185959,0,234,0,40,3,10,2,1,57,46,6
3219132,0,234,0,40,3,4,2,1,25,25,6
3218991,0,234,0,40,3,4,2,1,21,41,6
3231265,0,234,0,40,3,2,2,1,12,29,6
3185525,1,234,215,33.2608,2,8,2,1,64,21,6
3220686,0,234,0,40,3,4,2,1,23,20,6
3151503,0,234,0,40,2,9,2,1,59,68,6
3184424,0,234,0,40,3,9,2,1,68,28,6
3190425,0,234,0,40,3,9,2,1,63,38,6
3217990,0,234,0,40,2,3,2,1,30,91,6
3222391,0,234,0,40,3,4,2,1,18,23,6
3229126,0,234,0,40,2,2,2,1,19,37,6
3215826,0,234,0,40,3,5,2,1,19,45,6
3208272,0,234,0,40,3,4,2,1,46,24,6
3235080,0,234,0,40,3,1,2,1,9,78,6
3230261,0,234,0,40,3,2,2,1,11,49,6
3203115,0,234,0,40,2,6,2,1,42,29,6
3150986,0,234,0,40,3,17,2,1,79,39,6
3183977,0,234,0,40,3,8,2,1,63,74,6
3208302,0,234,0,40,3,7,2,1,36,29,6
3221055,0,234,0,40,3,5,2,1,25,29,6
3200608,0,234,0,40,2,7,2,1,50,28,6
3191151,0,234,0,40,3,7,2,1,48,27,6
3215741,0,234,0,40,3,4,2,1,25,50,6
3167832,0,234,0,40,3,13,2,1,96,25,6
3151220,1,234,145,34.3126,3,8,2,1,77,23,6
3217795,0,234,0,40,3,5,2,1,26,50,6
3198968,0,234,0,40,3,7,2,1,44,38,6
3206059,0,234,0,40,3,8,2,1,25,54,6
3215930,0,234,0,40,3,4,2,1,23,37,6
3193641,0,234,0,40,2,8,2,1,48,37,6
3200748,0,234,0,40,3,9,2,1,43,88,6
3228476,0,234,0,40,3,2,2,1,18,55,6
3206753,0,234,0,40,2,7,2,1,34,40,6
3190882,0,234,0,40,3,12,2,1,63,33,6
3230819,0,234,0,40,3,3,2,1,11,43,6
3234151,0,234,0,40,2,1,2,1,8,56,6
3234893,0,234,0,40,2,1,2,1,8,31,6
3234965,0,234,0,40,2,1,2,1,8,36,6
3235504,0,234,0,40,2,1,2,1,8,33,6
3204498,0,234,0,40,3,7,2,1,27,33,6
3184966,1,234,139,21.6474,3,9,2,1,45,66,6
3203374,0,234,0,40,3,5,2,1,43,45,6
3212123,0,234,0,40,2,5,2,1,26,19,6
3185776,0,234,0,40,3,9,2,1,49,50,6
3228131,0,234,0,40,3,2,2,1,11,45,6
3173600,1,234,143,24.0396,3,15,2,1,57,11,6
3168410,0,234,0,40,2,13,2,1,91,101,6
3209537,0,234,0,40,3,6,2,1,33,40,6
3224436,0,234,0,40,3,3,2,1,19,27,6
3211233,0,234,0,40,3,4,2,1,35,50,6
3223235,0,234,0,40,3,3,2,1,19,19,6
3229784,0,234,0,40,3,2,2,1,10,63,6
3219759,0,234,0,40,2,4,2,1,27,67,6
3201054,0,234,0,40,2,7,2,1,42,54,6
3214370,0,234,0,40,3,5,2,1,25,38,6
3220043,0,234,0,40,3,4,2,1,23,18,6
3156834,0,234,0,40,2,9,2,1,78,100,6
3176779,0,234,0,40,3,11,2,1,70,40,6
3232164,0,234,0,40,3,2,2,1,10,57,6
3170290,0,234,0,40,3,15,2,1,73,72,6
3205287,0,234,0,40,3,7,2,1,28,77,6
3217748,0,234,0,40,2,5,2,1,18,30,6
3222868,0,234,0,40,2,2,2,1,28,18,6
3179280,0,234,0,40,3,10,2,1,78,42,6
3232068,0,234,0,40,3,2,2,1,12,38,6
3222514,0,234,0,40,2,5,2,1,14,84,6
3206442,0,234,0,40,2,8,2,1,30,55,6
3176597,0,234,0,40,2,13,2,1,72,26,6
3227577,0,234,0,40,3,3,2,1,15,32,6
3234291,0,234,0,40,2,1,2,1,7,46,6
3235091,0,234,0,40,2,1,2,1,7,58,6
3235227,0,234,0,40,3,1,2,1,7,41,6
3235523,0,234,0,40,2,1,2,1,7,39,6
3235765,0,234,0,40,3,1,2,1,7,61,6
3235943,0,234,0,40,3,1,2,1,7,47,6
3166606,0,234,0,40,3,12,2,1,104,44,6
3152475,0,234,0,40,2,7,2,1,90,27,6
3185664,0,234,0,40,3,8,2,1,73,27,6
3198113,0,234,0,40,3,5,2,1,49,44,6
3181712,0,234,0,40,2,10,2,1,72,42,6
3196695,0,234,0,40,2,4,2,1,64,43,6
3226526,0,234,0,40,2,1,2,1,25,47,6
3189572,0,234,0,40,2,7,2,1,60,14,6
3194482,0,234,0,40,2,5,2,1,57,45,6
3200937,0,234,0,40,3,4,2,1,56,37,6
3185540,0,234,0,40,2,9,2,1,77,40,6
3171621,0,234,0,40,3,11,2,1,86,46,6
3156596,0,234,0,40,3,10,2,1,108,33,6
3210129,0,234,0,40,2,4,2,1,34,34,6
3160243,0,234,0,40,3,17,2,1,88,28,6
3218315,0,234,0,40,3,3,2,1,23,46,6
3221469,0,234,0,40,2,4,2,1,22,46,6
3216085,0,234,0,40,2,4,2,1,30,58,6
3175075,0,234,0,40,3,11,2,1,78,19,6
3231029,0,234,0,40,3,1,2,1,17,38,6
3215338,0,234,0,40,2,4,2,1,32,31,6
3180355,0,234,0,40,3,8,2,1,66,34,6
3231160,0,234,0,40,3,1,2,1,16,23,6
3178158,0,234,0,40,3,8,2,1,69,37,6
3226707,0,234,0,40,3,2,2,1,17,81,6
3175141,0,234,0,40,2,16,2,1,74,42,6
3219378,0,234,0,40,2,3,2,1,29,33,6
3200111,0,234,0,40,2,7,2,1,47,39,6
3187175,0,234,0,40,3,9,2,1,59,18,6
3222889,0,234,0,40,2,4,2,1,22,66,6
3207970,0,234,0,40,3,6,2,1,39,19,6
3205424,0,234,0,40,3,5,2,1,39,45,6
3207492,0,234,0,40,2,5,2,1,32,55,6
3210625,0,234,0,40,3,4,2,1,31,59,6
3226955,0,234,0,40,3,2,2,1,18,58,6
3217504,0,234,0,40,2,5,2,1,19,91,6
3206782,0,234,0,40,2,5,2,1,44,46,6
3220074,0,234,0,40,3,4,2,1,20,31,6
3200699,0,234,0,40,2,5,2,1,58,72,6
3231976,0,234,0,40,3,1,2,1,14,60,6
3232956,0,234,0,40,2,1,2,1,14,14,6
3233060,0,234,0,40,3,1,2,1,14,24,6
3171138,0,234,0,40,2,10,2,1,72,85,6
3227094,0,234,0,40,2,3,2,1,15,56,6
3203231,0,234,0,40,2,6,2,1,44,8,6
3187724,0,234,0,40,3,9,2,1,49,24,6
3209826,0,234,0,40,3,6,2,1,32,36,6
3224659,0,234,0,40,3,2,2,1,22,20,6
3206406,0,234,0,40,3,6,2,1,43,33,6
3178931,0,234,0,40,3,12,2,1,75,14,6
3190158,0,234,0,40,2,10,2,1,54,41,6
3181976,0,234,0,40,3,15,2,1,49,53,6
3228471,0,234,0,40,2,3,2,1,17,38,6
3225262,0,234,0,40,2,3,2,1,20,104,6
3232661,0,234,0,40,2,1,2,1,13,50,6
3216472,0,234,0,40,3,4,2,1,19,75,6
3184949,0,234,0,40,2,9,2,1,58,50,6
3150450,0,234,0,40,2,9,2,1,87,12,6
3213000,0,234,0,40,3,4,2,1,31,22,6
3169944,1,234,128,26.4281,3,14,2,1,80,62,6
3222194,0,234,0,40,2,3,2,1,15,43,6
3197106,0,234,0,40,3,9,2,1,35,62,6
3226448,0,234,0,40,3,2,2,1,21,13,6
3162223,0,234,0,40,3,16,2,1,113,35,6
3222620,0,234,0,40,2,3,2,1,25,87,6
3204722,0,234,0,40,3,5,2,1,45,8,6
3199387,0,234,0,40,2,9,2,1,43,43,6
3174072,0,234,0,40,2,9,2,1,84,92,6
3223432,0,234,0,40,2,2,2,1,29,29,6
3232847,0,234,0,40,3,1,2,1,12,33,6
3234031,0,234,0,40,3,1,2,1,12,24,6
3227873,0,234,0,40,3,2,2,1,13,19,6
3227974,0,234,0,40,2,2,2,1,15,73,6
3187049,1,234,176,36.1349,2,7,2,1,62,59,6
3152736,0,234,0,40,3,12,2,1,70,31,6
3203803,0,234,0,40,3,5,2,1,45,34,6
3222777,0,234,0,40,3,4,2,1,24,41,6
3220690,0,234,0,40,2,3,2,1,23,56,6
3209508,0,234,0,40,2,4,2,1,38,46,6
3220158,0,234,0,40,3,4,2,1,17,41,6
3195102,0,234,0,40,3,8,2,1,54,57,6
3169494,0,234,0,40,3,16,2,1,82,49,6
3231111,0,234,0,40,3,2,2,1,14,38,6
3226212,0,234,0,40,3,3,2,1,17,51,6
3230830,0,234,0,40,3,2,2,1,16,74,6
3218599,0,234,0,40,2,3,2,1,34,19,6
3232090,0,234,0,40,2,2,2,1,14,41,6
3232891,0,234,0,40,3,1,2,1,11,37,6
3234156,0,234,0,40,3,1,2,1,11,31,6
3220764,0,234,0,40,3,4,2,1,21,34,6
3227327,0,234,0,40,3,3,2,1,14,41,6
3209687,0,234,0,40,3,5,2,1,35,24,6
3205376,0,234,0,40,2,6,2,1,35,32,6
3226903,0,234,0,40,2,3,2,1,14,31,6
3204635,0,234,0,40,3,4,2,1,47,49,6
3217326,0,234,0,40,2,5,2,1,24,40,6
3164966,1,234,133,25.3648,3,12,2,1,113,64,6
3211072,0,234,0,40,2,6,2,1,36,46,6
3197135,0,234,0,40,2,9,2,1,45,36,6
3214248,0,234,0,40,3,8,2,1,26,20,6
3170259,0,234,0,40,2,16,2,1,88,34,6
3229472,0,234,0,40,3,3,2,1,15,66,6
3233803,0,234,0,40,3,2,2,1,11,43,6
3233812,0,234,0,40,2,1,2,1,10,76,6
3198670,0,234,0,40,3,6,2,1,39,25,6
3217591,0,234,0,40,2,4,2,1,16,83,6
3161437,1,234,120,40,2,11,2,1,73,23,6
3223551,0,234,0,40,3,3,2,1,21,26,6
3165320,0,234,0,40,3,16,2,1,86,72,6
3218384,0,234,0,40,2,4,2,1,21,41,6
3151229,0,234,0,40,2,16,2,1,67,25,6
3151828,0,234,0,40,2,13,2,1,80,20,6
3227928,0,234,0,40,3,3,2,1,15,51,6
3166237,0,234,0,40,3,16,2,1,81,37,6
3202120,0,234,0,40,3,7,2,1,44,49,6
3214014,0,234,0,40,2,5,2,1,25,45,6
3191082,0,234,0,40,2,6,2,1,63,37,6
3230935,0,234,0,40,3,2,2,1,13,39,6
3217955,0,234,0,40,2,3,2,1,33,26,6
3228597,0,234,0,40,3,2,2,1,19,11,6
3194928,0,234,0,40,3,7,2,1,53,20,6
3224286,0,234,0,40,2,3,2,1,22,52,6
3214106,0,234,0,40,2,4,2,1,34,46,6
3228342,0,234,0,40,3,2,2,1,19,27,6
3220473,0,234,0,40,2,5,2,1,24,16,6
3217422,0,234,0,40,2,5,2,1,25,35,6
3234263,0,234,0,40,2,1,2,1,9,74,6
3195013,0,234,0,40,2,10,2,1,36,39,6
3225579,0,234,0,40,3,2,2,1,17,25,6
3210501,0,234,0,40,3,5,2,1,28,58,6
3176135,0,234,0,40,3,10,2,1,79,39,6
3226986,0,234,0,40,3,2,2,1,20,51,6
3210695,0,234,0,40,2,6,2,1,29,73,6
3200386,0,234,0,40,3,7,2,1,36,37,6
3212417,0,234,0,40,2,5,2,1,31,48,6
3217593,0,234,0,40,3,5,2,1,23,44,6
3214789,0,234,0,40,2,5,2,1,27,49,6
3231476,0,234,0,40,2,2,2,1,12,29,6
3224268,0,234,0,40,2,3,2,1,19,27,6
3206324,0,234,0,40,2,7,2,1,36,30,6
3154902,0,234,0,40,3,7,2,1,83,38,6
3222906,0,234,0,40,3,5,2,1,19,55,6
3154432,0,234,0,40,3,12,2,1,95,45,6
3219244,0,234,0,40,3,3,2,1,30,40,6
3170536,0,234,0,40,3,15,2,1,87,55,6
3199837,0,234,0,40,3,8,2,1,52,45,6
3223130,0,234,0,40,3,3,2,1,24,24,6
3212398,0,234,0,40,3,6,2,1,30,33,6
3221734,0,234,0,40,3,3,2,1,23,45,6
3232249,0,234,0,40,2,1,2,1,8,60,6
3235247,0,234,0,40,3,1,2,1,8,48,6
3235539,0,234,0,40,3,1,2,1,8,31,6
3235687,0,234,0,40,2,1,2,1,8,30,6
3235749,0,234,0,40,3,1,2,1,8,29,6
3235869,0,234,0,40,3,1,2,1,8,50,6
3171229,0,234,0,40,3,12,2,1,78,34,6
3229073,0,234,0,40,3,2,2,1,12,34,6
3159687,0,234,0,40,3,14,2,1,86,76,6
3218021,0,234,0,40,2,4,2,1,21,44,6
3231396,0,234,0,40,2,2,2,1,9,26,6
3182576,0,234,0,40,2,10,2,1,70,60,6
3175241,1,234,146,40,2,10,2,1,84,37,6
3213527,0,234,0,40,3,5,2,1,23,31,6
3203562,0,234,0,40,2,6,2,1,38,37,6
3176345,0,234,0,40,2,11,2,1,66,50,6
3200041,0,234,0,40,3,8,2,1,32,41,6
3189153,1,234,143,34.3004,3,10,2,1,63,36,6
3226591,0,234,0,40,3,2,2,1,22,56,6
3231785,0,234,0,40,2,2,2,1,12,51,6
3150796,0,234,0,40,2,12,2,1,100,32,6
3197750,0,234,0,40,2,9,2,1,48,39,6
3233196,0,234,0,40,2,2,2,1,8,67,6
3164489,0,234,0,40,2,16,2,1,93,55,6
3190575,0,234,0,40,3,11,2,1,48,53,6
3214334,0,234,0,40,3,4,2,1,38,25,6
3208595,0,234,0,40,3,8,2,1,35,33,6
3225694,0,234,0,40,2,3,2,1,21,14,6
3210944,0,234,0,40,3,7,2,1,28,34,6
3231960,0,234,0,40,3,2,2,1,12,35,6
3228181,0,234,0,40,2,3,2,1,13,46,6
3216807,0,234,0,40,3,3,2,1,37,40,6
3203360,0,234,0,40,2,6,2,1,41,48,6
3235768,0,234,0,40,3,1,2,1,7,27,6
3235940,0,234,0,40,2,1,2,1,7,47,6
3235992,0,234,0,40,2,1,2,1,7,26,6
3236064,0,234,0,40,3,1,2,1,7,20,6
3236465,0,234,0,40,3,1,2,1,7,24,6
3236667,0,234,0,40,3,1,2,1,7,40,6
3192877,0,234,0,40,3,7,2,1,60,26,6
3197996,0,234,0,40,2,5,2,1,54,16,6
3195287,0,234,0,40,3,6,2,1,55,56,6
3206956,0,234,0,40,2,4,2,1,47,64,6
3154265,0,234,0,40,2,8,2,1,80,34,6
3209105,0,234,0,40,3,5,2,1,38,42,6
3201776,0,234,0,40,3,4,2,1,53,40,6
3167971,0,234,0,40,3,10,2,1,109,81,6
3223736,0,234,0,40,3,2,2,1,26,23,6
3224752,0,234,0,40,3,2,2,1,26,25,6
3207216,0,234,0,40,3,4,2,1,44,75,6
3151227,0,234,0,40,2,11,2,1,93,47,6
3225419,0,234,0,40,3,2,2,1,22,41,6
3226854,0,234,0,40,2,2,2,1,23,27,6
3179520,0,234,0,40,3,6,2,1,83,60,6
3207597,0,234,0,40,2,4,2,1,40,23,6
3217186,0,234,0,40,3,5,2,1,26,91,6
3155268,0,234,0,40,2,11,2,1,76,99,6
3203164,0,234,0,40,3,6,2,1,40,24,6
3227704,0,234,0,40,2,2,2,1,22,28,6
3228228,0,234,0,40,3,2,2,1,20,57,6
3208450,0,234,0,40,2,5,2,1,42,45,6
3190556,0,234,0,40,2,7,2,1,59,49,6
3213549,0,234,0,40,2,5,2,1,31,28,6
3214840,0,234,0,40,3,4,2,1,29,74,6
3183581,0,234,0,40,2,13,2,1,66,17,6
3207936,0,234,0,40,3,5,2,1,35,25,6
3212952,0,234,0,40,3,4,2,1,37,37,6
3194460,0,234,0,40,2,7,2,1,50,44,6
3215623,0,234,0,40,3,5,2,1,29,37,6
3212206,0,234,0,40,3,4,2,1,36,55,6
3187842,0,234,0,40,2,7,2,1,53,33,6
3223357,0,234,0,40,3,3,2,1,25,44,6
3199903,0,234,0,40,3,8,2,1,46,42,6
3190310,0,234,0,40,3,9,2,1,60,23,6
3207080,0,234,0,40,3,4,2,1,40,18,6
3215651,0,234,0,40,2,5,2,1,29,33,6
3228249,0,234,0,40,2,2,2,1,19,10,6
3224890,0,234,0,40,3,2,2,1,27,15,6
3173335,0,234,0,40,2,9,2,1,108,30,6
3232459,0,234,0,40,3,1,2,1,15,90,6
3191307,0,234,0,40,2,10,2,1,59,43,6
3203383,0,234,0,40,2,5,2,1,39,22,6
3203250,0,234,0,40,2,5,2,1,46,52,6
3207470,0,234,0,40,2,5,2,1,37,24,6
3212948,0,234,0,40,2,4,2,1,36,42,6
3190995,0,234,0,40,3,8,2,1,52,74,6
3233279,0,234,0,40,2,1,2,1,14,35,6
3214864,0,234,0,40,2,4,2,1,31,27,6
3223643,0,234,0,40,2,2,2,1,25,43,6
3208949,0,234,0,40,2,7,2,1,36,30,6
3162058,0,234,0,40,2,11,2,1,77,64,6
3217042,0,234,0,40,3,4,2,1,32,55,6
3206240,0,234,0,40,3,6,2,1,45,26,6
3192531,0,234,0,40,3,7,2,1,61,13,6
3232647,0,234,0,40,3,1,2,1,13,69,6
3233975,0,234,0,40,3,1,2,1,13,32,6
3171691,0,234,0,40,2,14,2,1,69,25,6
3193897,0,234,0,40,3,8,2,1,52,47,6
3210870,0,234,0,40,3,4,2,1,41,21,6
3206731,0,234,0,40,3,5,2,1,38,15,6
3208790,0,234,0,40,2,6,2,1,34,36,6
3157541,0,234,0,40,3,13,2,1,62,33,6
3183630,0,234,0,40,2,9,2,1,62,36,6
3203956,0,234,0,40,2,6,2,1,44,33,6
3207920,0,234,0,40,3,5,2,1,35,13,6
3215118,0,234,0,40,3,5,2,1,32,98,6
3167213,1,234,127,40,2,12,2,1,102,84,6
3187133,0,234,0,40,3,11,2,1,58,54,6
3231696,0,234,0,40,3,2,2,1,13,49,6
3164438,0,234,0,40,3,13,2,1,112,65,6
3162561,0,234,0,40,2,17,2,1,100,39,6
3233718,0,234,0,40,2,1,2,1,12,51,6
3210165,0,234,0,40,3,3,2,1,42,63,6
3219514,0,234,0,40,3,4,2,1,21,35,6
3182311,0,234,0,40,3,11,2,1,55,58,6
3181161,1,234,150,26.6213,3,11,2,1,75,116,6
3195141,0,234,0,40,3,10,2,1,50,32,6
3214580,0,234,0,40,2,5,2,1,31,20,6
3186868,0,234,0,40,2,7,2,1,67,49,6
3222739,0,234,0,40,3,4,2,1,27,49,6
3177032,0,234,0,40,3,12,2,1,56,62,6
3191320,0,234,0,40,3,10,2,1,54,96,6
3192199,0,234,0,40,3,9,2,1,56,51,6
3229277,0,234,0,40,2,3,2,1,13,26,6
3210947,0,234,0,40,3,6,2,1,45,12,6
3234593,0,234,0,40,2,1,2,1,11,116,6
3234790,0,234,0,40,2,1,2,1,11,40,6
3205619,0,234,0,40,2,7,2,1,35,26,6
3189068,0,234,0,40,3,9,2,1,60,29,6
3206562,0,234,0,40,2,7,2,1,33,53,6
3189699,0,234,0,40,2,10,2,1,46,46,6
3219594,0,234,0,40,2,5,2,1,22,51,6
3220523,0,234,0,40,2,3,2,1,30,21,6
3219578,0,234,0,40,3,4,2,1,28,76,6
3227870,0,234,0,40,2,2,2,1,21,83,6
3223223,0,234,0,40,3,4,2,1,20,28,6
3227618,0,234,0,40,2,3,2,1,17,79,6
3196460,0,234,0,40,3,5,2,1,61,83,6
3222049,0,234,0,40,2,4,2,1,27,52,6
3234247,0,234,0,40,3,1,2,1,10,45,6
3235498,0,234,0,40,3,1,2,1,10,68,6
3192862,1,234,150,38.6704,2,8,2,1,46,54,6
3202102,0,234,0,40,2,5,2,1,46,60,6
3211489,0,234,0,40,3,6,2,1,21,72,6
3184872,1,234,149,26.8368,3,13,2,1,57,70,6
3230499,0,234,0,40,3,2,2,1,13,52,6
3209887,0,234,0,40,2,6,2,1,26,38,6
3209402,0,234,0,40,2,4,2,1,36,31,6
3230777,0,234,0,40,3,2,2,1,12,19,6
3197865,0,234,0,40,3,9,2,1,43,46,6
3223000,0,234,0,40,3,3,2,1,26,72,6
3197513,0,234,0,40,2,7,2,1,49,25,6
3183460,0,234,0,40,2,9,2,1,67,84,6
3198394,0,234,0,40,2,8,2,1,51,26,6
3165413,0,234,0,40,3,13,2,1,92,29,6
3229619,0,234,0,40,3,2,2,1,21,29,6
3235059,0,234,0,40,3,1,2,1,9,40,6
3235583,0,234,0,40,3,1,2,1,9,37,6
3199638,0,234,0,40,3,8,2,1,48,33,6
3197311,0,234,0,40,2,7,2,1,41,22,6
3226220,0,234,0,40,3,3,2,1,11,92,6
3214041,0,234,0,40,2,6,2,1,26,17,6
3158059,1,234,137,27.9511,3,10,2,1,89,35,6
3227755,0,234,0,40,2,2,2,1,15,75,6
3210226,0,234,0,40,2,6,2,1,32,34,6
3224810,0,234,0,40,2,3,2,1,20,17,6
3213735,0,234,0,40,2,5,2,1,29,36,6
3158245,0,234,0,40,3,10,2,1,80,84,6
3173606,0,234,0,40,3,13,2,1,74,69,6
3187820,0,234,0,40,2,10,2,1,53,55,6
3161768,0,234,0,40,2,20,2,1,96,37,6
3232022,0,234,0,40,3,2,2,1,12,55,6
3222057,0,234,0,40,2,4,2,1,21,51,6
3233749,0,234,0,40,3,2,2,1,9,13,6
3220295,0,234,0,40,2,3,2,1,34,24,6
3205537,0,234,0,40,3,6,2,1,39,48,6
3192852,0,234,0,40,3,8,2,1,48,24,6
3210842,0,234,0,40,2,5,2,1,41,41,6
3177249,0,234,0,40,2,12,2,1,82,16,6
3212634,0,234,0,40,2,6,2,1,24,67,6
3218693,0,234,0,40,3,4,2,1,22,55,6
3159099,0,234,0,40,3,14,2,1,77,94,6
3220447,0,234,0,40,2,5,2,1,20,23,6
3205125,0,234,0,40,2,8,2,1,33,34,6
3234815,0,234,0,40,3,1,2,1,8,53,6
3235868,0,234,0,40,2,1,2,1,8,59,6
3236199,0,234,0,40,3,1,2,1,8,36,6
3236287,0,234,0,40,2,1,2,1,8,15,6
3236363,0,234,0,40,3,1,2,1,8,48,6
3236423,0,234,0,40,3,1,2,1,8,20,6
3236527,0,234,0,40,2,1,2,1,8,74,6
3236603,0,234,0,40,3,1,2,1,8,28,6
3207698,0,234,0,40,3,5,2,1,40,21,6
3222670,0,234,0,40,3,3,2,1,19,17,6
3220217,0,234,0,40,2,3,2,1,26,54,6
3221708,0,234,0,40,3,4,2,1,21,64,6
3175909,0,234,0,40,2,14,2,1,46,55,6
3210315,0,234,0,40,2,6,2,1,37,29,6
3222644,0,234,0,40,3,3,2,1,21,58,6
3208817,0,234,0,40,2,6,2,1,38,22,6
3225809,0,234,0,40,3,3,2,1,14,24,6
3216425,0,234,0,40,3,4,2,1,22,25,6
3220011,0,234,0,40,3,4,2,1,27,31,6
3231202,0,234,0,40,2,2,2,1,11,39,6
3222935,0,234,0,40,3,4,2,1,20,63,6
3225490,0,234,0,40,2,3,2,1,21,46,6
3179433,0,234,0,40,2,13,2,1,77,91,6
3187739,0,234,0,40,2,8,2,1,68,30,6
3196757,0,234,0,40,3,8,2,1,53,36,6
3200546,0,234,0,40,2,8,2,1,41,92,6
3210684,0,234,0,40,2,5,2,1,44,12,6
3225034,0,234,0,40,3,2,2,1,26,46,6
3210222,0,234,0,40,2,5,2,1,35,62,6
3232143,0,234,0,40,3,2,2,1,13,55,6
3162872,0,234,0,40,2,15,2,1,106,23,6
3220971,0,234,0,40,2,5,2,1,26,25,6
3216261,0,234,0,40,2,5,2,1,33,65,6
3220595,0,234,0,40,3,5,2,1,25,53,6
3235525,0,234,0,40,2,1,2,1,7,29,6
3236438,0,234,0,40,3,1,2,1,7,57,6
3236902,0,234,0,40,3,1,2,1,7,55,6
3236960,0,234,0,40,3,1,2,1,7,49,6
3237066,0,234,0,40,3,1,2,1,7,54,6
3237156,0,234,0,40,3,1,2,1,7,18,6
3189317,0,234,0,40,3,5,2,1,74,38,6
3165167,1,234,135,40,2,13,2,1,107,71,6
3223771,0,234,0,40,3,2,2,1,31,45,6
3218481,0,234,0,40,3,2,2,1,37,25,6
3156284,1,234,132,40,2,10,2,1,83,41,6
3212031,0,234,0,40,2,4,2,1,35,49,6
3156389,0,234,0,40,2,7,2,1,65,50,6
3220083,0,234,0,40,2,3,2,1,31,53,6
3199710,0,234,0,40,2,6,2,1,50,31,6
3230161,0,234,0,40,2,1,2,1,21,32,6
3203979,0,234,0,40,3,7,2,1,47,57,6
3200867,0,234,0,40,3,7,2,1,45,40,6
3183577,0,234,0,40,3,10,2,1,56,23,6
3216058,0,234,0,40,3,4,2,1,38,40,6
3201699,0,234,0,40,3,8,2,1,52,56,6
3228619,0,234,0,40,3,2,2,1,20,43,6
3224353,0,234,0,40,3,2,2,1,25,18,6
3209213,0,234,0,40,2,8,2,1,39,27,6
3197544,0,234,0,40,3,9,2,1,50,93,6
3229880,0,234,0,40,3,1,2,1,16,31,6
3233092,0,234,0,40,3,1,2,1,16,28,6
3216411,0,234,0,40,3,3,2,1,36,30,6
3203266,0,234,0,40,3,8,2,1,39,28,6
3213925,0,234,0,40,2,6,2,1,29,63,6
3229029,0,234,0,40,2,2,2,1,18,79,6
3226899,0,234,0,40,3,2,2,1,23,74,6
3231817,0,234,0,40,2,2,2,1,16,46,6
3233237,0,234,0,40,2,1,2,1,15,46,6
3175518,0,234,0,40,2,10,2,1,89,40,6
3177008,1,234,137,37.5534,3,10,2,1,78,45,6
3222490,0,234,0,40,3,3,2,1,23,48,6
3199928,0,234,0,40,3,6,2,1,45,34,6
3233875,0,234,0,40,3,1,2,1,14,49,6
3222342,0,234,0,40,3,2,2,1,22,24,6
3227384,0,234,0,40,2,2,2,1,16,37,6
3227416,0,234,0,40,2,2,2,1,19,16,6
3169557,0,234,0,40,2,16,2,1,86,51,6
3174672,0,234,0,40,2,12,2,1,81,27,6
3200275,0,234,0,40,3,6,2,1,47,22,6
3154645,0,234,0,40,2,16,2,1,54,53,6
3234596,0,234,0,40,2,1,2,1,13,32,6
3226565,0,234,0,40,3,2,2,1,21,35,6
3226844,0,234,0,40,3,3,2,1,14,47,6
3226016,0,234,0,40,3,3,2,1,21,61,6
3223558,0,234,0,40,3,3,2,1,25,73,6
3180118,0,234,0,40,3,13,2,1,60,35,6
3190558,0,234,0,40,2,9,2,1,51,31,6
3210036,0,234,0,40,3,5,2,1,35,30,6
3220863,0,234,0,40,2,4,2,1,27,72,6
3219942,0,234,0,40,3,3,2,1,33,64,6
3225747,0,234,0,40,3,2,2,1,27,59,6
3173576,0,234,0,40,3,9,2,1,92,77,6
3233011,0,234,0,40,2,1,2,1,12,16,6
3234996,0,234,0,40,2,1,2,1,12,61,6
3235040,0,234,0,40,3,1,2,1,12,34,6
3216919,0,234,0,40,3,4,2,1,27,31,6
3179961,0,234,137,24.6162,3,11,2,1,61,72,6
3232398,0,234,0,40,3,2,2,1,13,22,6
3231968,0,234,0,40,3,2,2,1,12,38,6
3194243,0,234,0,40,3,7,2,1,58,67,6
3201426,0,234,0,40,3,6,2,1,53,41,6
3224462,0,234,0,40,2,4,2,1,20,14,6
3225856,0,234,0,40,2,3,2,1,23,49,6
3228190,0,234,0,40,2,3,2,1,18,71,6
3229304,0,234,0,40,3,2,2,1,20,89,6
3235418,0,234,0,40,3,1,2,1,11,36,6
3214034,0,234,0,40,3,6,2,1,24,43,6
3230832,0,234,0,40,2,2,2,1,11,45,6
3221598,0,234,0,40,2,2,2,1,24,33,6
3208811,0,234,0,40,2,6,2,1,40,32,6
3190888,0,234,0,40,3,6,2,1,64,22,6
3159966,0,234,0,40,3,11,2,1,105,41,6
3153633,0,234,0,40,2,18,2,1,100,33,6
3230196,0,234,0,40,2,2,2,1,14,35,6
3228532,0,234,0,40,2,2,2,1,19,14,6
3153563,0,234,0,40,2,10,2,1,71,52,6
3207800,0,234,0,40,2,7,2,1,30,40,6
3189845,0,234,0,40,3,11,2,1,49,38,6
3205357,0,234,0,40,2,4,2,1,53,56,6
3224126,0,234,0,40,2,3,2,1,28,113,6
3211822,0,234,0,40,2,6,2,1,30,37,6
3199507,0,234,0,40,2,9,2,1,40,53,6
3180696,0,234,0,40,3,15,2,1,66,59,6
3181657,0,234,0,40,2,15,2,1,66,57,6
3235759,0,234,0,40,3,1,2,1,10,69,6
3236025,0,234,0,40,3,1,2,1,10,45,6
3217869,0,234,0,40,2,3,2,1,37,32,6
3216690,0,234,0,40,3,5,2,1,25,13,6
3217355,0,234,0,40,2,4,2,1,32,32,6
3216724,0,234,0,40,2,4,2,1,28,26,6
3230300,0,234,0,40,3,2,2,1,15,69,6
3159338,0,234,0,40,3,13,2,1,99,38,6
3168579,1,234,127,24.062,3,18,2,1,79,67,6
3224388,0,234,0,40,2,3,2,1,21,19,6
3211272,0,234,0,40,2,6,2,1,23,42,6
3176058,0,234,0,40,3,12,2,1,83,51,6
3215675,0,234,0,40,2,5,2,1,35,34,6
3226120,0,234,0,40,2,3,2,1,12,34,6
3233502,0,234,0,40,2,1,2,1,9,46,6
3235641,0,234,0,40,3,1,2,1,9,40,6
3236088,0,234,0,40,2,1,2,1,9,63,6
3236267,0,234,0,40,2,1,2,1,9,35,6
3236357,0,234,0,40,2,1,2,1,9,38,6
3216775,0,234,0,40,2,4,2,1,29,49,6
3227162,0,234,0,40,3,2,2,1,13,15,6
3204631,0,234,0,40,3,5,2,1,35,26,6
3208537,0,234,0,40,3,6,2,1,33,19,6
3216663,0,234,0,40,3,4,2,1,30,29,6
3212494,0,234,0,40,3,7,2,1,22,50,6
3233269,0,234,0,40,2,2,2,1,9,78,6
3205407,0,234,0,40,3,5,2,1,49,18,6
3181691,0,234,0,40,3,14,2,1,57,41,6
3194168,0,234,0,40,3,8,2,1,48,58,6
3204909,0,234,0,40,2,6,2,1,42,48,6
3209252,0,234,0,40,3,6,2,1,27,24,6
3235462,0,234,0,40,3,2,2,1,9,63,6
3164041,1,234,127,28.0186,3,17,2,1,111,45,6
3231746,0,234,0,40,2,4,2,1,15,20,6
3236350,0,234,0,40,3,1,2,1,8,41,6
3236474,0,234,0,40,2,1,2,1,8,43,6
3236506,0,234,0,40,2,1,2,1,8,61,6
3230260,0,234,0,40,2,2,2,1,10,17,6
3231866,0,234,0,40,3,2,2,1,10,40,6
3227844,1,234,228,16.5248,3,3,2,1,12,58,6
3215471,0,234,0,40,2,6,2,1,22,62,6
3229822,0,234,0,40,3,2,2,1,15,59,6
3200682,0,234,0,40,2,8,2,1,34,40,6
3227794,0,234,0,40,2,3,2,1,12,39,6
3210579,0,234,0,40,3,6,2,1,32,87,6
3219140,0,234,0,40,3,3,2,1,35,75,6
3211839,0,234,0,40,2,4,2,1,32,15,6
3221162,0,234,0,40,2,5,2,1,21,48,6
3231409,0,234,0,40,2,2,2,1,18,48,6
3193343,0,234,0,40,3,11,2,1,44,58,6
3208845,0,234,0,40,2,5,2,1,44,24,6
3237117,0,234,0,40,3,1,2,1,7,13,6
3237270,0,234,0,40,2,1,2,1,7,27,6
3237672,0,234,0,40,3,1,2,1,7,28,6
3219944,0,234,0,40,3,2,2,1,33,57,6
3153043,0,234,0,40,3,12,2,1,62,48,6
3181269,0,234,0,40,2,11,2,1,70,22,6
3188223,0,234,0,40,2,9,2,1,53,21,6
3229190,0,234,0,40,3,1,2,1,24,107,6
3211020,0,234,0,40,3,5,2,1,33,62,6
3229742,0,234,0,40,2,1,2,1,21,61,6
3186998,0,234,0,40,3,12,2,1,58,47,6
3231519,0,234,0,40,2,1,2,1,19,66,6
3187606,0,234,0,40,2,10,2,1,56,25,6
3194050,0,234,0,40,3,7,2,1,66,55,6
3193914,1,234,213,40,2,8,2,1,54,62,6
3158990,0,234,0,40,2,9,2,1,79,41,6
3206432,0,234,0,40,3,6,2,1,38,32,6
3229326,0,234,0,40,2,2,2,1,20,73,6
3224004,0,234,0,40,2,3,2,1,19,73,6
3201489,0,234,0,40,2,4,2,1,52,73,6
3196398,0,234,0,40,3,7,2,1,52,34,6
3208590,0,234,0,40,2,7,2,1,40,51,6
3170255,1,234,127,40,2,13,2,1,95,34,6
3220448,0,234,0,40,2,4,2,1,20,29,6
3233954,0,234,0,40,2,1,2,1,14,72,6
3208461,0,234,0,40,3,5,2,1,40,61,6
3226263,0,234,0,40,2,3,2,1,21,42,6
3175325,1,234,142,22.2325,3,11,2,1,79,41,6
3225781,0,234,0,40,2,2,2,1,26,27,6
3235372,0,234,0,40,2,1,2,1,12,8,6
3222026,0,234,0,40,3,4,2,1,24,45,6
3233504,0,234,0,40,2,2,2,1,12,59,6
3236153,1,234,229,22.4387,3,1,2,1,11,39,6
3171327,1,234,138,29.313,3,15,2,1,75,43,6
3194104,1,234,174,31.2305,3,8,2,1,60,18,6
3216240,0,234,0,40,3,7,2,1,26,41,6
3204045,0,234,0,40,3,6,2,1,42,81,6
3228733,0,234,0,40,3,3,2,1,14,39,6
3213850,0,234,0,40,2,3,2,1,42,13,6
3233289,0,234,0,40,3,2,2,1,11,14,6
3228358,0,234,0,40,3,3,2,1,14,34,6
3227749,0,234,0,40,3,3,2,1,15,62,6
3225121,0,234,0,40,3,3,2,1,25,41,6
3202548,0,234,0,40,2,6,2,1,42,52,6
3210528,0,234,0,40,3,5,2,1,36,81,6
3213484,0,234,0,40,2,7,2,1,31,47,6
3235277,0,234,0,40,3,1,2,1,9,41,6
3236774,0,234,0,40,3,1,2,1,9,21,6
3236892,0,234,0,40,2,1,2,1,9,33,6
3151898,1,234,160,35.6784,3,13,2,1,68,53,6
3161678,0,234,0,40,2,17,2,1,109,80,6
3157780,1,234,127,40,2,15,2,1,92,36,6
3230569,0,234,0,40,3,2,2,1,13,19,6
3214308,0,234,0,40,2,6,2,1,27,58,6
3194773,0,234,0,40,3,7,2,1,54,57,6
3209991,0,234,0,40,3,5,2,1,43,43,6
3232598,0,234,0,40,3,2,2,1,14,23,6
3216118,0,234,0,40,2,5,2,1,29,16,6
3152009,0,234,0,40,2,16,2,1,89,11,6
3166732,0,234,0,40,3,12,2,1,105,37,6
3229186,0,234,0,40,3,2,2,1,18,49,6
3196546,0,234,0,40,2,9,2,1,42,31,6
3234494,0,234,0,40,2,2,2,1,8,9,6
3228046,0,234,0,40,3,2,2,1,22,45,6
3232700,0,234,0,40,2,2,2,1,13,28,6
3227625,0,234,0,40,2,3,2,1,15,48,6
3222372,0,234,0,40,2,5,2,1,17,32,6
3226648,0,234,0,40,3,2,2,1,25,38,6
3201712,0,234,0,40,2,9,2,1,43,53,6
3175537,1,234,145,40,2,13,2,1,82,29,6
3236951,0,234,0,40,2,1,2,1,7,41,6
3224695,0,234,0,40,2,2,2,1,25,39,6
3216029,0,234,0,40,3,6,2,1,32,20,6
3172146,1,234,171,40,2,12,2,1,91,59,6
3220228,0,234,0,40,2,4,2,1,29,76,6
3228494,0,234,0,40,3,2,2,1,19,55,6
3224326,0,234,0,40,2,3,2,1,25,43,6
3233207,0,234,0,40,2,2,2,1,12,108,6
3227178,0,234,0,40,3,3,2,1,22,48,6
3152387,0,234,0,40,2,15,2,1,81,44,6
3223043,0,234,0,40,3,3,2,1,31,49,6
3234030,0,234,0,40,3,2,2,1,14,29,6
3235840,0,234,0,40,2,1,2,1,11,51,6
3230673,0,234,0,40,2,2,2,1,11,44,6
3184448,0,234,0,40,2,9,2,1,65,18,6
3210496,0,234,0,40,3,5,2,1,44,19,6
3217582,0,234,0,40,2,6,2,1,25,49,6
3233657,0,234,0,40,2,2,2,1,14,47,6
3237188,0,234,0,40,3,1,2,1,9,21,6
3173699,0,234,0,40,3,11,2,1,84,56,6
3170827,0,234,0,40,2,14,2,1,74,19,6
3237513,0,234,0,40,3,1,2,1,8,46,6
3238506,0,234,0,40,3,1,2,1,7,44,6
3235221,0,234,0,40,2,0,2,1,6,29,6
3236094,0,234,0,40,2,0,2,1,6,31,6
3236268,0,234,0,40,2,0,2,1,6,73,6
3236460,0,234,0,40,2,0,2,1,6,58,6
3236524,0,234,0,40,2,0,2,1,6,59,6
3236947,0,234,0,40,2,0,2,1,6,18,6
3237075,0,234,0,40,3,0,2,1,6,23,6
3237263,0,234,0,40,2,0,2,1,6,52,6
3237295,0,234,0,40,3,0,2,1,6,31,6
3237343,0,234,0,40,3,0,2,1,6,18,6
3237359,0,234,0,40,2,0,2,1,6,42,6
3237375,0,234,0,40,2,0,2,1,6,44,6
3237391,0,234,0,40,2,0,2,1,6,29,6
3237423,0,234,0,40,2,0,2,1,6,34,6
3237455,0,234,0,40,3,0,2,1,6,40,6
3237487,0,234,0,40,3,0,2,1,6,40,6
3237503,0,234,0,40,2,0,2,1,6,27,6
3237551,0,234,0,40,2,0,2,1,6,19,6
3237615,0,234,0,40,2,0,2,1,6,67,6
3237692,0,234,0,40,2,0,2,1,6,45,6
3237708,0,234,0,40,2,0,2,1,6,53,6
3237732,0,234,0,40,2,0,2,1,6,21,6
3237748,0,234,0,40,2,0,2,1,6,24,6
3237756,0,234,0,40,3,0,2,1,6,13,6
3237764,0,234,0,40,2,0,2,1,6,44,6
3237772,0,234,0,40,3,0,2,1,6,68,6
3237788,0,234,0,40,3,0,2,1,6,62,6
3237796,0,234,0,40,2,0,2,1,6,73,6
3237804,0,234,0,40,3,0,2,1,6,30,6
3237828,0,234,0,40,3,0,2,1,6,48,6
3237852,0,234,0,40,3,0,2,1,6,44,6
3237860,0,234,0,40,3,0,2,1,6,26,6
3237868,0,234,0,40,3,0,2,1,6,24,6
3237900,0,234,0,40,3,0,2,1,6,31,6
3237916,0,234,0,40,3,0,2,1,6,48,6
3237932,0,234,0,40,2,0,2,1,6,48,6
3237948,0,234,0,40,3,0,2,1,6,49,6
3237956,0,234,0,40,3,0,2,1,6,47,6
3237972,0,234,0,40,2,0,2,1,6,34,6
3237980,0,234,0,40,3,0,2,1,6,43,6
3237988,0,234,0,40,2,0,2,1,6,26,6
3237996,0,234,0,40,3,0,2,1,6,74,6
3238012,0,234,0,40,3,0,2,1,6,36,6
3238052,0,234,0,40,2,0,2,1,6,32,6
3238060,0,234,0,40,2,0,2,1,6,32,6
3238076,0,234,0,40,2,0,2,1,6,47,6
3238084,0,234,0,40,3,0,2,1,6,19,6
3238100,0,234,0,40,3,0,2,1,6,63,6
3238116,0,234,0,40,2,0,2,1,6,61,6
3238132,0,234,0,40,3,0,2,1,6,84,6
3238140,0,234,0,40,2,0,2,1,6,58,6
3238167,0,234,0,40,3,0,2,1,6,10,6
3238195,0,234,0,40,3,0,2,1,6,78,6
3238199,0,234,0,40,3,0,2,1,6,23,6
3238207,0,234,0,40,2,0,2,1,6,35,6
3238215,0,234,0,40,3,0,2,1,6,37,6
3238223,0,234,0,40,2,0,2,1,6,24,6
3238227,0,234,0,40,2,0,2,1,6,42,6
3238235,0,234,0,40,3,0,2,1,6,53,6
3238243,0,234,0,40,3,0,2,1,6,37,6
3238247,0,234,0,40,3,0,2,1,6,67,6
3238255,0,234,0,40,3,0,2,1,6,33,6
3238267,0,234,0,40,3,0,2,1,6,33,6
3238271,0,234,0,40,3,0,2,1,6,38,6
3238275,0,234,0,40,3,0,2,1,6,37,6
3238287,0,234,0,40,3,0,2,1,6,52,6
3238311,0,234,0,40,2,0,2,1,6,42,6
3238315,0,234,0,40,2,0,2,1,6,46,6
3238319,0,234,0,40,2,0,2,1,6,52,6
3238327,0,234,0,40,3,0,2,1,6,51,6
3238331,0,234,0,40,3,0,2,1,6,64,6
3238343,0,234,0,40,3,0,2,1,6,66,6
3238355,0,234,0,40,2,0,2,1,6,42,6
3238359,0,234,0,40,3,0,2,1,6,37,6
3238371,0,234,0,40,3,0,2,1,6,58,6
3238375,0,234,0,40,2,0,2,1,6,59,6
3238383,0,234,0,40,3,0,2,1,6,9,6
3238391,0,234,0,40,2,0,2,1,6,39,6
3238395,0,234,0,40,3,0,2,1,6,44,6
3238399,0,234,0,40,3,0,2,1,6,54,6
3238403,0,234,0,40,2,0,2,1,6,28,6
3238407,0,234,0,40,2,0,2,1,6,37,6
3238427,0,234,0,40,2,0,2,1,6,46,6
3238439,0,234,0,40,2,0,2,1,6,45,6
3238447,0,234,0,40,3,0,2,1,6,18,6
3238451,0,234,0,40,3,0,2,1,6,19,6
3238455,0,234,0,40,3,0,2,1,6,57,6
3238459,0,234,0,40,2,0,2,1,6,79,6
3238479,0,234,0,40,2,0,2,1,6,48,6
3238483,0,234,0,40,3,0,2,1,6,42,6
3238487,0,234,0,40,3,0,2,1,6,89,6
3238507,0,234,0,40,3,0,2,1,6,27,6
3238511,0,234,0,40,2,0,2,1,6,37,6
3238519,0,234,0,40,3,0,2,1,6,13,6
3238527,0,234,0,40,3,0,2,1,6,6,6
3238535,0,234,0,40,2,0,2,1,6,36,6
3238539,0,234,0,40,3,0,2,1,6,55,6
3238543,0,234,0,40,3,0,2,1,6,50,6
3238563,0,234,0,40,3,0,2,1,6,55,6
3238567,0,234,0,40,2,0,2,1,6,16,6
3238583,0,234,0,40,2,0,2,1,6,27,6
3238595,0,234,0,40,2,0,2,1,6,22,6
3238599,0,234,0,40,3,0,2,1,6,32,6
3238603,0,234,0,40,3,0,2,1,6,34,6
3238607,0,234,0,40,2,0,2,1,6,56,6
3238614,0,234,0,40,3,0,2,1,6,73,6
3238624,0,234,0,40,2,0,2,1,6,30,6
3238634,0,234,0,40,3,0,2,1,6,57,6
3238640,0,234,0,40,2,0,2,1,6,51,6
3238642,0,234,0,40,3,0,2,1,6,21,6
3238644,0,234,0,40,2,0,2,1,6,53,6
3238648,0,234,0,40,3,0,2,1,6,14,6
3238650,0,234,0,40,3,0,2,1,6,39,6
3238654,0,234,0,40,3,0,2,1,6,67,6
3238656,0,234,0,40,2,0,2,1,6,17,6
3238660,0,234,0,40,3,0,2,1,6,27,6
3238666,0,234,0,40,2,0,2,1,6,75,6
3238668,0,234,0,40,2,0,2,1,6,19,6
3238672,0,234,0,40,2,0,2,1,6,65,6
3238674,0,234,0,40,3,0,2,1,6,36,6
3238682,0,234,0,40,2,0,2,1,6,91,6
3238688,0,234,0,40,2,0,2,1,6,22,6
3238692,0,234,0,40,3,0,2,1,6,30,6
3238694,0,234,0,40,3,0,2,1,6,24,6
3238702,0,234,0,40,3,0,2,1,6,92,6
3238710,0,234,0,40,2,0,2,1,6,44,6
3238712,0,234,0,40,3,0,2,1,6,98,6
3238714,0,234,0,40,2,0,2,1,6,63,6
3238724,0,234,0,40,2,0,2,1,6,37,6
3238726,0,234,0,40,2,0,2,1,6,101,6
3238728,0,234,0,40,2,0,2,1,6,16,6
3238732,0,234,0,40,2,0,2,1,6,54,6
3238734,0,234,0,40,2,0,2,1,6,60,6
3238738,0,234,0,40,2,0,2,1,6,44,6
3238748,0,234,0,40,3,0,2,1,6,50,6
3238752,0,234,0,40,2,0,2,1,6,35,6
3238760,0,234,0,40,2,0,2,1,6,55,6
3238766,0,234,0,40,2,0,2,1,6,28,6
3238770,0,234,0,40,3,0,2,1,6,43,6
3238774,0,234,0,40,2,0,2,1,6,62,6
3238780,0,234,0,40,2,0,2,1,6,34,6
3238786,0,234,0,40,3,0,2,1,6,41,6
3238794,0,234,0,40,3,0,2,1,6,37,6
3238796,0,234,0,40,3,0,2,1,6,44,6
3238804,0,234,0,40,3,0,2,1,6,37,6
3238808,0,234,0,40,3,0,2,1,6,50,6
3238814,0,234,0,40,2,0,2,1,6,52,6
3238818,0,234,0,40,2,0,2,1,6,51,6
3238824,0,234,0,40,3,0,2,1,6,67,6
3238826,0,234,0,40,3,0,2,1,6,83,6
3238834,0,234,0,40,2,0,2,1,6,38,6
3238836,0,234,0,40,3,0,2,1,6,19,6
3238840,0,234,0,40,2,0,2,1,6,27,6
3238844,0,234,0,40,2,0,2,1,6,22,6
3238848,0,234,0,40,3,0,2,1,6,40,6
3238852,0,234,0,40,3,0,2,1,6,44,6
3238856,0,234,0,40,3,0,2,1,6,29,6
3238858,0,234,0,40,3,0,2,1,6,37,6
3238862,0,234,0,40,3,0,2,1,6,35,6
3238866,0,234,0,40,2,0,2,1,6,30,6
3238868,0,234,0,40,3,0,2,1,6,31,6
3238880,0,234,0,40,3,0,2,1,6,47,6
3238882,0,234,0,40,2,0,2,1,6,40,6
3238890,0,234,0,40,3,0,2,1,6,61,6
3238898,0,234,0,40,2,0,2,1,6,44,6
3238904,0,234,0,40,3,0,2,1,6,23,6
3238908,0,234,0,40,2,0,2,1,6,46,6
3238912,0,234,0,40,3,0,2,1,6,58,6
3238914,0,234,0,40,3,0,2,1,6,22,6
3238920,0,234,0,40,2,0,2,1,6,39,6
3238922,0,234,0,40,2,0,2,1,6,43,6
3238926,0,234,0,40,2,0,2,1,6,66,6
3238930,0,234,0,40,3,0,2,1,6,31,6
3238934,0,234,0,40,2,0,2,1,6,65,6
3238936,0,234,0,40,2,0,2,1,6,43,6
3238944,0,234,0,40,3,0,2,1,6,46,6
3238946,0,234,0,40,3,0,2,1,6,48,6
3238952,0,234,0,40,2,0,2,1,6,36,6
3238966,0,234,0,40,2,0,2,1,6,59,6
3238968,0,234,0,40,2,0,2,1,6,41,6
3238978,0,234,0,40,2,0,2,1,6,22,6
3238982,0,234,0,40,2,0,2,1,6,57,6
3238984,0,234,0,40,2,0,2,1,6,24,6
3238990,0,234,0,40,2,0,2,1,6,37,6
3238996,0,234,0,40,3,0,2,1,6,64,6
3239002,0,234,0,40,2,0,2,1,6,31,6
3239012,0,234,0,40,3,0,2,1,6,66,6
3239016,0,234,0,40,2,0,2,1,6,15,6
3239020,0,234,0,40,3,0,2,1,6,25,6
3239022,0,234,0,40,3,0,2,1,6,46,6
3239028,0,234,0,40,2,0,2,1,6,42,6
3239032,0,234,0,40,2,0,2,1,6,26,6
3239034,0,234,0,40,3,0,2,1,6,40,6
3239038,0,234,0,40,2,0,2,1,6,31,6
3239050,0,234,0,40,3,0,2,1,6,21,6
3239054,0,234,0,40,3,0,2,1,6,29,6
3239058,0,234,0,40,2,0,2,1,6,32,6
3239064,0,234,0,40,2,0,2,1,6,46,6
3239066,0,234,0,40,2,0,2,1,6,18,6
3239072,0,234,0,40,3,0,2,1,6,42,6
3239078,0,234,0,40,2,0,2,1,6,35,6
3239082,0,234,0,40,2,0,2,1,6,36,6
3215803,0,234,0,40,3,3,2,1,25,51,6
3221114,0,234,0,40,2,3,2,1,11,60,6
3200205,0,234,0,40,2,5,2,1,47,34,6
3224872,0,234,0,40,3,2,2,1,15,30,6
3162756,0,234,0,40,2,12,2,1,68,24,6
3220573,0,234,0,40,3,3,2,1,21,27,6
3155767,0,234,0,40,3,10,2,1,63,31,6
3232342,0,234,0,40,3,1,2,1,6,27,6
3188574,0,234,0,40,3,7,2,1,59,45,6
3223648,0,234,0,40,3,2,2,1,15,57,6
3151942,0,234,0,40,2,11,2,1,70,34,6
3205178,0,234,0,40,2,6,2,1,32,35,6
3220980,1,234,209,37.9091,2,3,2,1,14,65,6
3231153,0,234,0,40,3,1,2,1,9,51,6
3178636,0,234,0,40,3,15,2,1,43,27,6
3171809,0,234,0,40,2,13,2,1,69,28,6
3201912,0,234,0,40,2,6,2,1,40,19,6
3222875,0,234,0,40,2,2,2,1,20,66,6
3152559,0,234,0,40,2,9,2,1,95,84,6
3226177,0,234,0,40,2,2,2,1,9,23,6
3164865,1,234,146,40,2,15,2,1,95,58,6
3205981,0,234,0,40,2,5,2,1,36,39,6
3174858,0,234,0,40,3,13,2,1,63,48,6
3224090,0,234,0,40,3,3,2,1,16,28,6
3232014,0,234,0,40,3,2,2,1,7,43,6
3198458,0,234,0,40,3,6,2,1,52,47,6
3191403,0,234,0,40,3,8,2,1,49,58,6
3179017,0,234,0,40,3,9,2,1,73,59,6
3225315,0,234,0,40,3,2,2,1,20,48,6
3221190,0,234,0,40,2,3,2,1,17,38,6
3193838,0,234,0,40,3,7,2,1,51,47,6
3199354,0,234,0,40,2,6,2,1,42,30,6
3195498,0,234,0,40,3,8,2,1,34,55,6
3152808,0,234,0,40,2,10,2,1,89,30,6
3198809,0,234,0,40,2,5,2,1,57,16,6
3192245,0,234,0,40,2,5,2,1,64,56,6
3232616,0,234,0,40,2,1,2,1,8,71,6
3164677,1,234,122,27.8638,3,19,2,1,70,55,6
3228749,0,234,0,40,3,2,2,1,11,57,6
3229452,0,234,0,40,2,2,2,1,9,41,6
3213684,0,234,0,40,3,3,2,1,25,35,6
3227544,0,234,0,40,3,2,2,1,11,36,6
3161450,0,234,0,40,3,14,2,1,86,61,6
3213149,0,234,0,40,3,2,2,1,39,24,6
3150079,0,234,0,40,2,11,2,1,82,13,6
3206519,0,234,0,40,3,5,2,1,39,36,6
3227876,0,234,0,40,2,1,2,1,18,76,6
3190280,1,234,165,40,2,8,2,1,49,50,6
3174070,0,234,0,40,3,11,2,1,79,25,6
3205890,0,234,0,40,2,5,2,1,42,51,6
3206999,0,234,0,40,3,4,2,1,41,32,6
3209316,0,234,0,40,3,5,2,1,28,68,6
3229404,0,234,0,40,2,1,2,1,14,71,6
3201094,0,234,0,40,2,6,2,1,39,56,6
3219471,0,234,0,40,2,2,2,1,29,38,6
3227792,0,234,0,40,2,2,2,1,13,61,6
3175104,0,234,0,40,3,12,2,1,74,47,6
3218624,0,234,0,40,2,3,2,1,26,25,6
3194614,0,234,0,40,3,10,2,1,41,50,6
3190188,0,234,0,40,3,9,2,1,57,79,6
3207357,0,234,0,40,2,5,2,1,41,41,6
3214144,0,234,0,40,3,4,2,1,30,65,6
3225712,0,234,0,40,3,4,2,1,17,60,6
3224587,0,234,0,40,2,3,2,1,17,40,6
3216136,0,234,0,40,2,4,2,1,26,43,6
3230222,0,234,0,40,2,2,2,1,13,63,6
3209122,0,234,0,40,3,4,2,1,41,38,6
3233311,0,234,0,40,2,1,2,1,8,42,6
3222363,0,234,0,40,3,4,2,1,15,42,6
3228042,0,234,0,40,3,2,2,1,12,40,6
3196154,0,234,0,40,2,6,2,1,45,47,6
3225476,0,234,0,40,2,3,2,1,10,49,6
3189996,0,234,0,40,2,10,2,1,52,34,6
3191904,0,234,0,40,2,6,2,1,61,15,6
3232727,0,234,0,40,3,1,2,1,7,40,6
3234003,0,234,0,40,2,1,2,1,7,16,6
3209534,0,234,0,40,2,6,2,1,20,44,6
3186452,0,234,0,40,3,11,2,1,47,56,6
3227592,0,234,0,40,2,3,2,1,11,64,6
3215910,0,234,0,40,2,4,2,1,27,48,6
3232005,0,234,0,40,2,2,2,1,7,30,6
3175470,0,234,0,40,2,11,2,1,69,18,6
3179183,0,234,0,40,2,12,2,1,54,57,6
3234322,0,234,0,40,3,1,2,1,6,56,6
3170919,0,234,0,40,3,10,2,1,87,51,6
3159111,0,234,0,40,2,9,2,1,106,22,6
3154894,1,234,131,16.8456,3,8,2,1,77,32,6
3166513,0,234,0,40,3,12,2,1,99,35,6
3210801,0,234,0,40,3,6,2,1,26,92,6
3226399,0,234,0,40,2,2,2,1,18,42,6
3201614,0,234,0,40,2,5,2,1,43,47,6
3209670,0,234,0,40,2,4,2,1,40,85,6
3217132,0,234,0,40,2,3,2,1,19,9,6
3214048,0,234,0,40,3,4,2,1,31,11,6
3221009,0,234,0,40,2,3,2,1,23,36,6
3215866,0,234,0,40,2,3,2,1,27,27,6
3221312,0,234,0,40,2,3,2,1,19,35,6
3196826,0,234,0,40,3,7,2,1,44,61,6
3230532,0,234,0,40,2,1,2,1,14,25,6
3217720,0,234,0,40,3,3,2,1,26,41,6
3154480,0,234,0,40,3,13,2,1,92,20,6
3210869,0,234,0,40,2,5,2,1,27,71,6
3219102,0,234,0,40,3,4,2,1,23,31,6
3211766,0,234,0,40,2,5,2,1,27,30,6
3210452,0,234,0,40,2,4,2,1,35,77,6
3214435,0,234,0,40,3,4,2,1,30,53,6
3188014,0,234,0,40,3,9,2,1,62,18,6
3177951,1,234,141,32.4367,3,13,2,1,73,41,6
3169904,1,234,151,40,2,11,2,1,105,72,6
3213497,0,234,0,40,3,5,2,1,26,63,6
3232030,0,234,0,40,2,1,2,1,11,46,6
3207105,0,234,0,40,2,5,2,1,31,37,6
3149500,0,234,0,40,2,11,2,1,80,60,6
3181487,1,234,142,40,2,12,2,1,59,69,6
3222169,0,234,0,40,2,3,2,1,15,29,6
3233074,0,234,0,40,2,1,2,1,10,61,6
3217587,0,234,0,40,3,4,2,1,25,68,6
3218702,0,234,0,40,3,5,2,1,17,59,6
3181856,0,234,0,40,3,10,2,1,66,53,6
3233065,0,234,0,40,3,1,2,1,9,55,6
3228119,0,234,0,40,3,2,2,1,9,14,6
3202500,0,234,0,40,3,8,2,1,31,91,6
3193373,0,234,0,40,2,5,2,1,63,48,6
3225324,0,234,0,40,2,3,2,1,13,41,6
3190658,0,234,0,40,2,8,2,1,53,26,6
3216176,0,234,0,40,3,4,2,1,26,47,6
3213308,0,234,0,40,3,5,2,1,35,37,6
3232767,0,234,0,40,3,1,2,1,8,13,6
3233753,0,234,0,40,3,1,2,1,8,74,6
3155813,0,234,0,40,2,14,2,1,106,72,6
3209485,0,234,0,40,3,5,2,1,28,41,6
3156004,1,234,148,26.4397,3,12,2,1,83,35,6
3227102,0,234,0,40,3,2,2,1,15,22,6
3230394,0,234,0,40,3,2,2,1,8,21,6
3167941,0,234,0,40,2,12,2,1,93,78,6
3178152,0,234,0,40,3,10,2,1,71,32,6
3210298,0,234,0,40,3,6,2,1,30,22,6
3178413,0,234,0,40,3,11,2,1,68,52,6
3209653,0,234,0,40,2,6,2,1,25,36,6
3226575,0,234,0,40,2,4,2,1,13,74,6
3208245,0,234,0,40,3,5,2,1,37,133,6
3217143,0,234,0,40,2,5,2,1,22,42,6
3233282,0,234,0,40,2,1,2,1,7,63,6
3234158,0,234,0,40,3,1,2,1,7,68,6
3174495,0,234,0,40,2,9,2,1,68,27,6
3228460,0,234,0,40,3,2,2,1,10,67,6
3224343,0,234,0,40,2,3,2,1,18,45,6
3230014,0,234,0,40,3,2,2,1,8,37,6
3215052,0,234,0,40,3,5,2,1,24,34,6
3202189,0,234,0,40,3,8,2,1,41,30,6
3204547,0,234,0,40,3,7,2,1,33,39,6
3153763,0,234,0,40,3,10,2,1,83,34,6
3228115,0,234,0,40,3,2,2,1,15,62,6
3233940,0,234,0,40,3,1,2,1,6,26,6
3234345,0,234,0,40,2,1,2,1,6,33,6
3234960,0,234,0,40,3,1,2,1,6,50,6
3195474,0,234,0,40,3,4,2,1,61,21,6
3222056,0,234,0,40,2,1,2,1,30,38,6
3150216,0,234,0,40,2,10,2,1,80,24,6
3203105,0,234,0,40,2,4,2,1,47,60,6
3150093,1,234,133,35.9901,3,10,2,1,103,53,6
3225353,0,234,0,40,3,1,2,1,25,28,6
3220387,0,234,0,40,2,2,2,1,28,31,6
3224647,0,234,0,40,3,1,2,1,23,39,6
3211476,0,234,0,40,2,3,2,1,42,42,6
3213449,0,234,0,40,3,4,2,1,33,38,6
3217637,0,234,0,40,2,2,2,1,32,40,6
3167935,0,234,0,40,2,12,2,1,91,60,6
3187015,1,234,138,29.2194,3,8,2,1,62,45,6
3193278,0,234,0,40,2,6,2,1,57,52,6
3229271,0,234,0,40,3,1,2,1,17,42,6
3215707,0,234,0,40,2,3,2,1,34,58,6
3152882,0,234,0,40,2,14,2,1,80,60,6
3221244,0,234,0,40,2,4,2,1,22,43,6
3203232,0,234,0,40,2,5,2,1,31,84,6
3204227,0,234,0,40,3,4,2,1,43,88,6
3209882,0,234,0,40,3,5,2,1,33,49,6
3207821,0,234,0,40,3,5,2,1,33,72,6
3215669,0,234,0,40,2,4,2,1,32,77,6
3220172,0,234,0,40,3,3,2,1,29,47,6
3186644,0,234,0,40,2,8,2,1,61,73,6
3222143,0,234,0,40,3,3,2,1,20,27,6
3227951,0,234,0,40,2,2,2,1,14,32,6
3210644,0,234,0,40,2,3,2,1,42,44,6
3229968,0,234,0,40,2,1,2,1,13,43,6
3224991,0,234,0,40,3,3,2,1,16,48,6
3224711,0,234,0,40,2,2,2,1,19,75,6
3225120,0,234,0,40,3,2,2,1,20,33,6
3231610,0,234,0,40,2,1,2,1,12,43,6
3232150,0,234,0,40,3,1,2,1,12,60,6
3219290,0,234,0,40,3,2,2,1,28,31,6
3215511,0,234,0,40,2,4,2,1,35,34,6
3232708,0,234,0,40,2,1,2,1,11,25,6
3215395,0,234,0,40,2,4,2,1,26,30,6
3209937,0,234,0,40,2,5,2,1,38,50,6
3219465,0,234,0,40,2,4,2,1,20,42,6
3150941,0,234,0,40,3,13,2,1,97,73,6
3213488,0,234,0,40,3,5,2,1,32,30,6
3231788,0,234,0,40,3,1,2,1,10,42,6
3233097,0,234,0,40,2,1,2,1,10,42,6
3223277,0,234,0,40,3,3,2,1,12,29,6
3227291,0,234,0,40,2,2,2,1,14,38,6
3220385,0,234,0,40,3,4,2,1,22,51,6
3215357,0,234,0,40,2,5,2,1,29,62,6
3161311,0,234,0,40,3,11,2,1,86,42,6
3167303,1,234,217,27.2563,3,15,2,1,89,25,6
3227064,0,234,0,40,3,3,2,1,16,29,6
3191946,0,234,0,40,2,8,2,1,52,24,6
3232094,0,234,0,40,3,2,2,1,10,34,6
3229418,0,234,0,40,3,2,2,1,12,36,6
3199723,0,234,0,40,2,7,2,1,39,48,6
3231924,0,234,0,40,3,1,2,1,9,32,6
3234087,0,234,0,40,2,1,2,1,9,46,6
3209178,0,234,0,40,2,4,2,1,35,47,6
3157419,1,234,193,22.5623,3,12,2,1,97,23,6
3222476,0,234,0,40,2,3,2,1,19,45,6
3168792,0,234,0,40,2,11,2,1,84,85,6
3190398,0,234,0,40,2,9,2,1,47,23,6
3231248,0,234,0,40,2,2,2,1,9,28,6
3167890,0,234,0,40,2,16,2,1,89,66,6
3208048,0,234,0,40,2,6,2,1,28,112,6
3232066,0,234,0,40,2,2,2,1,9,45,6
3232113,0,234,0,40,3,1,2,1,8,19,6
3234094,0,234,0,40,3,1,2,1,8,58,6
3234286,0,234,0,40,2,1,2,1,8,32,6
3223796,0,234,0,40,3,3,2,1,15,25,6
3226389,0,234,0,40,3,2,2,1,15,33,6
3215638,0,234,0,40,2,5,2,1,24,119,6
3216127,0,234,0,40,3,4,2,1,18,29,6
3223391,0,234,0,40,3,3,2,1,20,39,6
3200118,0,234,0,40,2,10,2,1,32,40,6
3195105,0,234,0,40,3,10,2,1,51,42,6
3230267,0,234,0,40,3,2,2,1,13,34,6
3217542,0,234,0,40,2,5,2,1,24,93,6
3210425,0,234,0,40,3,7,2,1,30,51,6
3225887,0,234,0,40,2,3,2,1,19,72,6
3234620,0,234,0,40,3,1,2,1,7,77,6
3234778,0,234,0,40,2,1,2,1,7,72,6
3235066,0,234,0,40,3,1,2,1,7,57,6
3229342,0,234,0,40,2,2,2,1,7,47,6
3159362,0,234,0,40,3,11,2,1,88,24,6
3225539,0,234,0,40,3,3,2,1,13,67,6
3211624,0,234,0,40,3,7,2,1,19,49,6
3215979,0,234,0,40,2,4,2,1,30,66,6
3200944,0,234,0,40,3,8,2,1,43,91,6
3196345,0,234,0,40,2,6,2,1,49,57,6
3163909,0,234,0,40,2,18,2,1,87,50,6
3168928,0,234,0,40,3,12,2,1,87,52,6
3161208,0,234,0,40,2,12,2,1,61,50,6
3169574,0,234,0,40,2,12,2,1,87,40,6
3151780,0,234,0,40,3,11,2,1,68,81,6
3232079,0,234,0,40,2,2,2,1,9,39,6
3224129,0,234,0,40,3,2,2,1,26,18,6
3231404,0,234,0,40,3,3,2,1,11,26,6
3174662,1,234,124,29.1487,3,11,2,1,74,30,6
3193952,0,234,0,40,2,5,2,1,57,35,6
3204002,0,234,0,40,3,5,2,1,49,57,6
3162787,0,234,0,40,3,12,2,1,118,44,6
3226754,0,234,0,40,2,1,2,1,23,79,6
3195772,0,234,0,40,2,6,2,1,62,46,6
3209656,0,234,0,40,3,3,2,1,42,47,6
3201761,0,234,0,40,2,6,2,1,40,67,6
3217853,0,234,0,40,2,3,2,1,28,48,6
3219422,0,234,0,40,2,3,2,1,29,51,6
3227903,0,234,0,40,3,1,2,1,19,24,6
3161798,0,234,0,40,2,16,2,1,102,56,6
3206566,0,234,0,40,3,4,2,1,42,42,6
3213288,0,234,0,40,3,3,2,1,35,115,6
3226615,0,234,0,40,2,2,2,1,18,73,6
3227846,0,234,0,40,3,2,2,1,18,25,6
3229845,0,234,0,40,3,1,2,1,17,23,6
3166378,0,234,0,40,2,13,2,1,91,40,6
3225889,0,234,0,40,2,2,2,1,17,10,6
3193416,0,234,0,40,3,7,2,1,66,110,6
3194923,0,234,0,40,2,8,2,1,42,38,6
3203572,0,234,0,40,2,8,2,1,37,67,6
3180553,0,234,0,40,2,10,2,1,66,45,6
3199093,0,234,0,40,3,5,2,1,46,22,6
3180489,0,234,0,40,3,12,2,1,71,14,6
3230867,0,234,0,40,2,1,2,1,15,62,6
3214899,0,234,0,40,3,4,2,1,29,55,6
3190666,0,234,0,40,2,8,2,1,59,22,6
3171968,1,234,142,28.3503,3,16,2,1,67,17,6
3207495,0,234,0,40,3,7,2,1,31,46,6
3205243,0,234,0,40,3,9,2,1,41,18,6
3225159,0,234,0,40,2,2,2,1,17,137,6
3182344,1,234,142,24.1006,3,10,2,1,60,63,6
3208611,0,234,0,40,3,5,2,1,35,41,6
3154475,0,234,0,40,3,12,2,1,58,41,6
3219698,0,234,0,40,3,5,2,1,24,66,6
3189644,0,234,0,40,3,8,2,1,56,80,6
3231590,0,234,0,40,2,1,2,1,13,46,6
3219221,0,234,0,40,3,4,2,1,19,47,6
3213821,0,234,0,40,3,4,2,1,28,35,6
3214406,0,234,0,40,3,5,2,1,32,60,6
3173051,0,234,0,40,3,13,2,1,70,38,6
3149593,0,234,0,40,3,12,2,1,72,36,6
3154631,1,234,192,32.1763,3,13,2,1,80,31,6
3189535,0,234,0,40,3,10,2,1,59,53,6
3231728,0,234,0,40,2,1,2,1,12,57,6
3232874,0,234,0,40,3,1,2,1,12,36,6
3196138,0,234,0,40,2,8,2,1,41,65,6
3227684,0,234,0,40,2,2,2,1,12,37,6
3159763,0,234,0,40,3,15,2,1,90,37,6
3209633,0,234,0,40,3,6,2,1,26,47,6
3201116,1,234,180,23.8595,3,6,2,1,40,41,6
3214396,0,234,0,40,3,6,2,1,28,30,6
3225685,0,234,0,40,2,3,2,1,16,29,6
3209608,0,234,0,40,3,5,2,1,37,79,6
3227746,0,234,0,40,2,3,2,1,14,23,6
3189211,0,234,0,40,2,11,2,1,57,27,6
3232237,0,234,0,40,2,1,2,1,11,34,6
3233189,0,234,0,40,3,1,2,1,11,15,6
3193444,0,234,0,40,3,9,2,1,51,29,6
3191392,0,234,0,40,2,9,2,1,51,45,6
3215947,0,234,0,40,2,3,2,1,29,54,6
3217345,0,234,0,40,3,4,2,1,16,36,6
3194131,0,234,0,40,2,6,2,1,56,56,6
3227337,0,234,0,40,2,3,2,1,16,54,6
3208362,1,234,199,20.1678,3,5,2,1,37,17,6
3226446,0,234,0,40,2,2,2,1,20,37,6
3154273,0,234,0,40,3,11,2,1,84,59,6
3226749,0,234,0,40,2,2,2,1,15,38,6
3228931,0,234,0,40,3,2,2,1,12,35,6
3232232,0,234,0,40,3,2,2,1,11,58,6
3233977,0,234,0,40,2,1,2,1,10,36,6
3151623,0,234,0,40,2,11,2,1,72,54,6
3209999,0,234,0,40,2,5,2,1,29,26,6
3180307,0,234,0,40,2,9,2,1,71,20,6
3189480,0,234,0,40,3,6,2,1,73,36,6
3213048,0,234,0,40,3,4,2,1,30,38,6
3151419,1,234,157,22.8492,3,7,2,1,76,20,6
3153706,0,234,0,40,2,13,2,1,87,23,6
3224582,0,234,0,40,2,2,2,1,22,52,6
3180615,0,234,0,40,2,10,2,1,61,35,6
3173443,0,234,0,40,2,12,2,1,80,50,6
3231431,0,234,0,40,3,2,2,1,11,58,6
3150154,0,234,0,40,3,15,2,1,97,50,6
3228384,0,234,0,40,3,2,2,1,16,44,6
3232292,0,234,0,40,3,2,2,1,10,49,6
3183659,0,234,0,40,2,12,2,1,55,38,6
3231118,0,234,0,40,2,2,2,1,10,20,6
3219218,0,234,0,40,2,6,2,1,23,11,6
3233862,0,234,0,40,3,1,2,1,9,63,6
3234468,0,234,0,40,3,1,2,1,9,18,6
3225075,0,234,0,40,2,3,2,1,15,62,6
3224688,0,234,0,40,3,4,2,1,14,55,6
3222019,0,234,0,40,2,5,2,1,18,46,6
3194915,0,234,0,40,2,7,2,1,54,75,6
3197127,0,234,0,40,2,7,2,1,41,73,6
3221656,0,234,0,40,2,4,2,1,23,52,6
3218506,0,234,0,40,3,4,2,1,23,18,6
3206735,0,234,0,40,2,4,2,1,44,63,6
3227905,0,234,0,40,3,2,2,1,16,49,6
3215344,0,234,0,40,2,5,2,1,29,49,6
3189203,0,234,0,40,2,9,2,1,48,90,6
3230177,0,234,0,40,3,3,2,1,12,34,6
3226734,0,234,0,40,2,3,2,1,18,51,6
3164537,0,234,0,40,2,15,2,1,87,29,6
3203364,0,234,0,40,2,8,2,1,43,114,6
3183902,0,234,0,40,2,10,2,1,71,25,6
3234153,0,234,0,40,3,1,2,1,8,43,6
3234666,0,234,0,40,2,1,2,1,8,71,6
3234862,0,234,0,40,2,1,2,1,8,75,6
3154164,0,234,0,40,2,11,2,1,75,31,6
3219670,0,234,0,40,3,4,2,1,21,38,6
3226417,0,234,0,40,2,2,2,1,18,23,6
3228826,0,234,0,40,2,3,2,1,12,31,6
3173077,0,234,0,40,2,12,2,1,80,23,6
3200237,0,234,0,40,2,8,2,1,40,18,6
3183524,0,234,0,40,2,10,2,1,51,53,6
3231774,0,234,0,40,3,2,2,1,8,57,6
3186258,0,234,0,40,3,10,2,1,49,47,6
3177312,0,234,0,40,2,12,2,1,66,66,6
3221177,0,234,0,40,2,3,2,1,26,33,6
3231460,0,234,0,40,3,2,2,1,11,34,6
3217490,0,234,0,40,2,5,2,1,19,87,6
3232280,0,234,0,40,2,2,2,1,10,29,6
3233197,0,234,0,40,2,2,2,1,8,47,6
3165355,1,234,105,40,2,15,2,1,82,85,6
3225271,0,234,0,40,2,3,2,1,17,56,6
3209452,0,234,0,40,3,7,2,1,22,32,6
3234721,0,234,0,40,2,1,2,1,7,39,6
3235272,0,234,0,40,3,1,2,1,7,43,6
3235490,0,234,0,40,3,1,2,1,7,23,6
3225947,0,234,0,40,3,3,2,1,9,25,6
3224299,0,234,0,40,2,3,2,1,15,27,6
3215774,0,234,0,40,3,4,2,1,23,30,6
3229097,0,234,0,40,2,3,2,1,10,33,6
3220275,0,234,0,40,2,2,2,1,29,18,6
3226509,0,234,0,40,3,3,2,1,12,36,6
3179771,0,234,0,40,2,10,2,1,77,36,6
3219837,0,234,0,40,2,4,2,1,26,16,6
3188341,0,234,0,40,2,12,2,1,55,50,6
3228627,0,234,0,40,2,3,2,1,14,50,6
3210800,0,234,0,40,3,6,2,1,27,61,6
3231428,0,234,0,40,3,2,2,1,9,52,6
3200685,0,234,0,40,2,7,2,1,38,40,6
3208602,1,234,225,40,2,7,2,1,34,52,6
3187047,0,234,0,40,3,12,2,1,38,37,6
3183094,0,234,0,40,3,12,2,1,62,40,6
3227495,0,234,0,40,3,4,2,1,11,46,6
3162817,0,234,0,40,3,16,2,1,102,83,6
3224547,0,234,0,40,2,2,2,1,22,60,6
3217672,0,234,0,40,3,4,2,1,17,43,6
3231275,0,234,0,40,3,2,2,1,12,16,6
3203930,0,234,0,40,2,7,2,1,37,35,6
3150008,0,234,0,40,2,19,2,1,85,48,6
3234021,0,234,0,40,3,2,2,1,7,15,6
3220549,0,234,0,40,3,4,2,1,23,38,6
3231691,0,234,0,40,3,2,2,1,12,33,6
3232286,0,234,0,40,3,2,2,1,12,31,6
3215753,0,234,0,40,3,5,2,1,27,43,6
3233868,0,234,0,40,2,2,2,1,7,76,6
3234635,0,234,0,40,2,1,2,1,6,25,6
3234763,0,234,0,40,3,1,2,1,6,17,6
3235199,0,234,0,40,3,1,2,1,6,106,6
3235335,0,234,0,40,2,1,2,1,6,30,6
3235491,0,234,0,40,3,1,2,1,6,87,6
3235591,0,234,0,40,2,1,2,1,6,40,6
3235779,0,234,0,40,2,1,2,1,6,37,6
3236043,0,234,0,40,2,1,2,1,6,78,6
3197866,0,234,0,40,3,4,2,1,63,42,6
3149604,0,234,0,40,3,8,2,1,79,17,6
3198524,0,234,0,40,3,5,2,1,52,55,6
3172259,0,234,0,40,3,12,2,1,68,31,6
3216064,0,234,0,40,3,3,2,1,33,27,6
3215982,0,234,0,40,2,3,2,1,39,20,6
3206703,0,234,0,40,3,4,2,1,43,71,6
3221297,0,234,0,40,2,3,2,1,28,51,6
3227748,0,234,0,40,3,1,2,1,22,49,6
3174247,0,234,0,40,3,15,2,1,65,47,6
3228757,0,234,0,40,3,1,2,1,21,21,6
3223797,0,234,0,40,3,2,2,1,26,50,6
3177521,0,234,0,40,3,13,2,1,76,21,6
3160742,0,234,0,40,2,7,2,1,50,39,6
3183766,0,234,0,40,3,7,2,1,74,43,6
3228953,0,234,0,40,2,1,2,1,19,29,6
3159910,0,234,0,40,3,14,2,1,80,30,6
3197961,0,234,0,40,3,6,2,1,49,45,6
3188371,0,234,0,40,2,9,2,1,62,50,6
3172446,0,234,0,40,2,15,2,1,75,35,6
3203700,0,234,0,40,3,8,2,1,43,78,6
3219552,0,234,0,40,3,3,2,1,26,46,6
3219068,0,234,0,40,2,2,2,1,30,43,6
3223850,0,234,0,40,2,2,2,1,22,27,6
3211339,0,234,0,40,3,5,2,1,30,37,6
3192267,0,234,0,40,3,9,2,1,48,59,6
3230236,0,234,0,40,3,1,2,1,16,24,6
3218085,0,234,0,40,3,4,2,1,27,21,6
3191122,0,234,0,40,3,9,2,1,59,40,6
3152542,1,234,145,37.7381,2,15,2,1,88,50,6
3189049,0,234,0,40,2,6,2,1,58,68,6
3212797,0,234,0,40,3,3,2,1,41,52,6
3183429,0,234,0,40,2,8,2,1,81,53,6
3218740,0,234,0,40,3,4,2,1,21,45,6
3223533,1,234,203,18.6971,3,4,2,1,26,70,6
3231958,0,234,0,40,2,1,2,1,14,37,6
3232352,0,234,0,40,2,1,2,1,14,58,6
3221522,0,234,0,40,2,2,2,1,22,38,6
3158850,1,234,155,26.829,3,12,2,1,94,39,6
3226858,0,234,0,40,2,2,2,1,16,35,6
3217277,0,234,0,40,3,4,2,1,32,23,6
3220699,0,234,0,40,3,2,2,1,30,24,6
3227752,0,234,0,40,3,2,2,1,18,42,6
3149735,0,234,0,40,3,14,2,1,115,29,6
3165109,0,234,0,40,3,14,2,1,98,95,6
3222247,0,234,0,40,2,3,2,1,24,93,6
3207793,0,234,0,40,2,4,2,1,40,33,6
3229916,0,234,0,40,3,2,2,1,15,46,6
3231688,0,234,0,40,2,1,2,1,13,65,6
3232251,0,234,0,40,2,1,2,1,13,79,6
3232778,0,234,0,40,2,1,2,1,13,22,6
3232916,0,234,0,40,2,1,2,1,13,38,6
3157022,0,234,0,40,2,11,2,1,105,9,6
3186811,0,234,0,40,2,8,2,1,60,39,6
3186709,0,234,0,40,2,11,2,1,56,26,6
3222611,0,234,0,40,2,2,2,1,27,21,6
3182132,0,234,0,40,3,8,2,1,75,45,6
3153539,0,234,0,40,3,9,2,1,83,31,6
3196318,0,234,0,40,3,6,2,1,53,20,6
3228679,0,234,0,40,2,2,2,1,18,66,6
3226024,0,234,0,40,2,2,2,1,24,84,6
3199768,0,234,0,40,2,7,2,1,39,40,6
3232749,0,234,0,40,2,1,2,1,12,34,6
3233201,0,234,0,40,2,1,2,1,12,26,6
3225411,0,234,0,40,2,3,2,1,15,103,6
3184380,0,234,0,40,2,11,2,1,40,30,6
3203776,0,234,0,40,3,6,2,1,32,43,6
3153611,0,234,0,40,2,9,2,1,61,49,6
3225583,0,234,0,40,2,3,2,1,14,24,6
3229154,0,234,0,40,2,2,2,1,15,87,6
3207693,0,234,0,40,2,5,2,1,38,28,6
3150265,0,234,0,40,2,11,2,1,89,29,6
3210362,0,234,0,40,3,4,2,1,37,40,6
3223824,0,234,0,40,2,3,2,1,20,23,6
3233272,0,234,0,40,2,1,2,1,11,37,6
3233595,0,234,0,40,2,1,2,1,11,58,6
3234105,0,234,0,40,2,1,2,1,11,23,6
3187520,0,234,0,40,3,8,2,1,47,33,6
3191032,0,234,0,40,3,8,2,1,49,28,6
3198518,0,234,0,40,2,7,2,1,48,35,6
3215838,0,234,0,40,2,4,2,1,29,41,6
3227718,0,234,0,40,3,2,2,1,17,43,6
3214180,0,234,0,40,2,7,2,1,26,57,6
3212194,0,234,0,40,3,4,2,1,36,24,6
3162920,0,234,0,40,2,15,2,1,87,39,6
3225890,0,234,0,40,2,3,2,1,16,36,6
3225706,0,234,0,40,3,2,2,1,23,42,6
3158176,0,234,0,40,2,15,2,1,79,15,6
3192200,0,234,0,40,2,10,2,1,43,27,6
3193127,1,234,160,22.236,3,8,2,1,60,29,6
3201990,0,234,0,40,2,9,2,1,41,39,6
3233694,0,234,0,40,3,1,2,1,10,49,6
3234508,0,234,0,40,2,1,2,1,10,31,6
3167621,0,234,0,40,2,14,2,1,83,31,6
3213402,0,234,0,40,3,6,2,1,24,58,6
3193100,0,234,0,40,3,6,2,1,52,36,6
3211096,0,234,0,40,3,4,2,1,26,62,6
3214031,0,234,0,40,3,4,2,1,32,49,6
3200578,0,234,0,40,2,6,2,1,42,20,6
3231469,0,234,0,40,2,2,2,1,11,30,6
3175643,0,234,0,40,2,7,2,1,89,28,6
3194405,0,234,0,40,3,9,2,1,53,26,6
3224929,0,234,0,40,3,4,2,1,15,42,6
3149984,0,234,0,40,2,13,2,1,84,66,6
3231584,0,234,0,40,3,2,2,1,10,23,6
3162663,0,234,0,40,3,17,2,1,98,29,6
3227720,0,234,0,40,3,3,2,1,14,78,6
3215290,0,234,0,40,3,7,2,1,26,35,6
3193863,0,234,0,40,2,10,2,1,35,44,6
3211315,0,234,0,40,2,4,2,1,39,45,6
3233596,0,234,0,40,2,1,2,1,9,30,6
3234449,0,234,0,40,3,1,2,1,9,51,6
3234642,0,234,0,40,3,1,2,1,9,15,6
3187916,0,234,0,40,3,9,2,1,55,55,6
3220498,0,234,0,40,3,3,2,1,22,65,6
3226327,0,234,0,40,2,3,2,1,16,65,6
3226175,0,234,0,40,2,2,2,1,19,21,6
3223758,0,234,0,40,3,3,2,1,15,23,6
3178053,0,234,0,40,2,9,2,1,82,43,6
3171614,1,234,177,9.15957,3,10,2,1,83,15,6
3193672,0,234,0,40,2,8,2,1,56,86,6
3223040,0,234,0,40,2,4,2,1,15,35,6
3193218,0,234,0,40,2,6,2,1,59,52,6
3172283,1,234,148,25.5331,3,13,2,1,88,58,6
3158945,0,234,0,40,2,14,2,1,104,9,6
3225035,0,234,0,40,2,3,2,1,20,29,6
3222316,0,234,0,40,2,4,2,1,19,22,6
3222124,0,234,0,40,2,4,2,1,15,52,6
3158940,0,234,0,40,3,12,2,1,79,25,6
3181122,0,234,0,40,2,10,2,1,66,30,6
3226820,0,234,0,40,3,3,2,1,13,57,6
3216935,0,234,0,40,3,6,2,1,28,77,6
3226588,0,234,0,40,3,3,2,1,15,17,6
3231830,0,234,0,40,3,2,2,1,12,22,6
3232919,0,234,0,40,2,2,2,1,9,66,6
3213226,0,234,0,40,3,5,2,1,31,25,6
3226477,0,234,0,40,2,4,2,1,19,32,6
3234625,0,234,0,40,2,1,2,1,8,35,6
3235033,0,234,0,40,3,1,2,1,8,93,6
3235556,0,234,0,40,2,1,2,1,8,71,6
3216598,0,234,0,40,3,4,2,1,21,19,6
3229419,0,234,0,40,3,2,2,1,9,49,6
3179853,0,234,0,40,3,8,2,1,63,55,6
3154023,0,234,0,40,2,11,2,1,85,80,6
3186295,0,234,0,40,3,9,2,1,59,24,6
3227968,0,234,0,40,3,2,2,1,15,50,6
3177279,1,234,137,29.1496,3,12,2,1,66,17,6
3195436,0,234,0,40,3,7,2,1,40,42,6
3229992,0,234,0,40,3,2,2,1,8,21,6
3209527,0,234,0,40,3,6,2,1,34,24,6
3203672,0,234,0,40,3,5,2,1,54,81,6
3227983,0,234,0,40,2,2,2,1,15,97,6
3183389,0,234,0,40,3,9,2,1,54,19,6
3162497,0,234,0,40,2,16,2,1,78,59,6
3231016,0,234,0,40,3,2,2,1,10,47,6
3191743,0,234,0,40,2,9,2,1,53,27,6
3225549,0,234,0,40,2,2,2,1,20,19,6
3230242,0,234,0,40,3,2,2,1,13,31,6
3232208,0,234,0,40,2,2,2,1,10,30,6
3155303,0,234,0,40,2,14,2,1,64,44,6
3227389,0,234,0,40,3,2,2,1,20,50,6
3229332,0,234,0,40,3,2,2,1,15,57,6
3213982,0,234,0,40,2,5,2,1,29,17,6
3225521,0,234,0,40,3,4,2,1,16,43,6
3150182,0,234,0,40,2,14,2,1,84,24,6
3218752,0,234,0,40,3,4,2,1,27,63,6
3196995,0,234,0,40,2,8,2,1,42,52,6
3224431,0,234,0,40,3,3,2,1,18,46,6
3215235,0,234,0,40,3,6,2,1,25,63,6
3197286,0,234,0,40,3,7,2,1,51,46,6
3233406,0,234,0,40,2,1,2,1,7,60,6
3235383,0,234,0,40,3,1,2,1,7,68,6
3235791,0,234,0,40,3,1,2,1,7,32,6
3235899,0,234,0,40,2,1,2,1,7,24,6
3236083,0,234,0,40,3,1,2,1,7,25,6
3236149,0,234,0,40,2,1,2,1,7,30,6
3203123,0,234,0,40,2,6,2,1,37,42,6
3192523,1,234,153,40,2,10,2,1,44,87,6
3204761,0,234,0,40,2,6,2,1,45,24,6
3219842,0,234,0,40,3,4,2,1,15,36,6
3214030,0,234,0,40,3,4,2,1,26,41,6
3180102,0,234,0,40,3,10,2,1,75,43,6
3224298,0,234,0,40,2,4,2,1,15,33,6
3218043,0,234,0,40,3,4,2,1,23,43,6
3231364,0,234,0,40,3,2,2,1,10,31,6
3232574,0,234,0,40,3,2,2,1,9,31,6
3210064,0,234,0,40,3,5,2,1,35,43,6
3201129,0,234,0,40,2,7,2,1,39,29,6
3225463,0,234,0,40,3,3,2,1,21,22,6
3222806,0,234,0,40,2,5,2,1,16,36,6
3198537,0,234,0,40,3,8,2,1,44,34,6
3162996,0,234,0,40,3,19,2,1,85,43,6
3188054,0,234,0,40,3,11,2,1,55,19,6
3163953,1,234,128,40,2,15,2,1,84,36,6
3191072,0,234,0,40,2,7,2,1,58,46,6
3162567,0,234,0,40,3,18,2,1,90,30,6
3225305,0,234,0,40,2,3,2,1,23,39,6
3152152,0,234,0,40,3,15,2,1,116,38,6
3220430,0,234,0,40,2,5,2,1,17,51,6
3220474,0,234,0,40,2,4,2,1,20,88,6
3185929,0,234,0,40,2,9,2,1,64,30,6
3224518,0,234,0,40,2,2,2,1,26,44,6
3228886,0,234,0,40,3,3,2,1,13,20,6
3223757,0,234,0,40,2,4,2,1,22,30,6
3211703,0,234,0,40,2,5,2,1,32,42,6
3229062,0,234,0,40,2,3,2,1,12,56,6
3235153,0,234,0,40,3,1,2,1,6,40,6
3236547,0,234,0,40,2,1,2,1,6,41,6
3157599,0,234,0,40,3,11,2,1,82,59,6
3206031,0,234,0,40,2,3,2,1,54,45,6
3221780,0,234,0,40,3,1,2,1,33,31,6
3224013,0,234,0,40,2,1,2,1,30,32,6
3221572,0,234,0,40,2,2,2,1,30,26,6
3218007,0,234,0,40,2,2,2,1,32,44,6
3203880,0,234,0,40,3,5,2,1,48,43,6
3183554,0,234,0,40,2,7,2,1,83,47,6
3203892,0,234,0,40,2,5,2,1,48,33,6
3227269,0,234,0,40,3,1,2,1,24,35,6
3217952,0,234,0,40,3,3,2,1,34,85,6
3219573,0,234,0,40,3,2,2,1,37,29,6
3213181,0,234,0,40,3,3,2,1,42,49,6
3208596,0,234,0,40,2,6,2,1,38,69,6
3226672,0,234,0,40,2,2,2,1,22,23,6
3225464,0,234,0,40,2,2,2,1,22,34,6
3223075,0,234,0,40,2,2,2,1,25,53,6
3222898,0,234,0,40,2,2,2,1,21,31,6
3222062,0,234,0,40,3,3,2,1,23,42,6
3228030,0,234,0,40,2,2,2,1,21,34,6
3200249,0,234,0,40,2,7,2,1,41,32,6
3209051,0,234,0,40,3,5,2,1,32,52,6
3164052,1,234,184,32.135,3,17,2,1,102,49,6
3189257,0,234,0,40,3,5,2,1,69,44,6
3221524,0,234,0,40,2,3,2,1,26,52,6
3223065,0,234,0,40,2,2,2,1,29,39,6
3225569,0,234,0,40,2,2,2,1,21,37,6
3230913,0,234,0,40,3,1,2,1,17,44,6
3216681,0,234,0,40,2,3,2,1,33,26,6
3174743,1,234,137,40,2,12,2,1,71,37,6
3179681,0,234,0,40,2,10,2,1,81,46,6
3209715,0,234,0,40,2,6,2,1,32,28,6
3231224,0,234,0,40,3,1,2,1,16,38,6
3219451,0,234,0,40,3,4,2,1,24,33,6
3216438,0,234,0,40,3,4,2,1,29,41,6
3227047,0,234,0,40,3,2,2,1,21,68,6
3232204,0,234,0,40,2,1,2,1,15,68,6
3216132,0,234,0,40,3,4,2,1,28,95,6
3220404,0,234,0,40,2,3,2,1,24,43,6
3220288,0,234,0,40,3,3,2,1,26,78,6
3210836,0,234,0,40,2,6,2,1,34,16,6
3224803,0,234,0,40,3,3,2,1,18,30,6
3195996,0,234,0,40,3,7,2,1,55,43,6
3229562,0,234,0,40,3,1,2,1,14,38,6
3231382,0,234,0,40,2,1,2,1,14,35,6
3178434,0,234,0,40,3,9,2,1,70,91,6
3184340,0,234,0,40,2,9,2,1,57,24,6
3204829,0,234,0,40,3,7,2,1,33,44,6
3197179,0,234,0,40,3,9,2,1,40,17,6
3179857,0,234,0,40,2,6,2,1,96,49,6
3194175,0,234,0,40,3,6,2,1,57,33,6
3211886,0,234,0,40,2,6,2,1,29,54,6
3229847,0,234,0,40,3,3,2,1,15,60,6
3232397,0,234,0,40,2,1,2,1,13,18,6
3211778,0,234,0,40,2,5,2,1,25,39,6
3229831,0,234,0,40,3,2,2,1,13,26,6
3185994,0,234,0,40,3,11,2,1,53,91,6
3195560,0,234,0,40,2,5,2,1,55,50,6
3229350,0,234,0,40,2,2,2,1,14,77,6
3163129,0,234,0,40,2,15,2,1,102,24,6
3201300,0,234,0,40,2,7,2,1,40,29,6
3177162,0,234,0,40,3,10,2,1,71,46,6
3233480,0,234,0,40,2,1,2,1,12,39,6
3226498,0,234,0,40,3,2,2,1,15,29,6
3199157,0,234,0,40,3,8,2,1,39,34,6
3191184,0,234,0,40,3,9,2,1,59,39,6
3211465,0,234,0,40,2,6,2,1,30,58,6
3230005,0,234,0,40,2,2,2,1,13,38,6
3213745,1,234,216,17.009,3,5,2,1,28,120,6
3227747,0,234,0,40,3,2,2,1,17,22,6
3214671,0,234,0,40,2,4,2,1,31,44,6
3215552,0,234,0,40,3,5,2,1,25,56,6
3234448,0,234,0,40,2,1,2,1,11,29,6
3208411,0,234,0,40,2,7,2,1,29,66,6
3182525,0,234,0,40,2,13,2,1,62,56,6
3208666,1,234,177,40,2,5,2,1,43,22,6
3156119,0,234,0,40,2,15,2,1,85,77,6
3216728,0,234,0,40,2,3,2,1,30,47,6
3181313,0,234,0,40,3,10,2,1,64,14,6
3180845,0,234,0,40,2,10,2,1,70,53,6
3206092,0,234,0,40,2,5,2,1,31,19,6
3199407,0,234,0,40,2,5,2,1,52,44,6
3205094,0,234,0,40,2,6,2,1,28,27,6
3220406,0,234,0,40,3,4,2,1,18,54,6
3183093,0,234,0,40,2,10,2,1,71,73,6
3172232,0,234,0,40,3,10,2,1,94,51,6
3233581,0,234,0,40,3,3,2,1,12,59,6
3234694,0,234,0,40,2,1,2,1,10,65,6
3234928,1,234,227,18.9363,3,1,2,1,10,65,6
3159196,0,234,0,40,2,11,2,1,72,26,6
3199333,0,234,0,40,3,7,2,1,51,37,6
3212746,0,234,0,40,3,4,2,1,35,48,6
3223397,0,234,0,40,2,3,2,1,21,30,6
3215171,0,234,0,40,2,5,2,1,30,18,6
3219822,0,234,0,40,2,5,2,1,19,60,6
3231743,0,234,0,40,3,2,2,1,10,31,6
3211250,0,234,0,40,3,4,2,1,39,29,6
3199252,0,234,0,40,3,8,2,1,41,51,6
3211358,0,234,0,40,3,6,2,1,25,26,6
3215873,0,234,0,40,2,5,2,1,30,32,6
3215723,0,234,0,40,3,5,2,1,28,47,6
3218306,0,234,0,40,3,4,2,1,23,100,6
3229577,0,234,0,40,2,3,2,1,12,34,6
3232306,0,234,0,40,3,2,2,1,11,31,6
3225683,0,234,0,40,2,2,2,1,23,57,6
3191594,0,234,0,40,2,10,2,1,58,62,6
3217269,0,234,0,40,3,6,2,1,26,29,6
3200370,0,234,0,40,2,6,2,1,48,46,6
3209839,0,234,0,40,3,6,2,1,30,38,6
3224780,0,234,0,40,2,4,2,1,17,50,6
3197274,0,234,0,40,2,9,2,1,41,61,6
3234653,0,234,0,40,3,1,2,1,9,36,6
3235360,0,234,0,40,2,1,2,1,9,11,6
3188040,0,234,0,40,3,10,2,1,55,33,6
3225822,0,234,0,40,3,4,2,1,15,62,6
3179551,0,234,0,40,2,12,2,1,68,46,6
3215751,0,234,0,40,3,4,2,1,23,39,6
3231320,0,234,0,40,3,2,2,1,9,28,6
3231831,0,234,0,40,2,2,2,1,10,33,6
3213742,0,234,0,40,2,6,2,1,17,46,6
3159062,1,234,0,40,3,12,2,1,99,23,6
3228116,0,234,0,40,3,3,2,1,15,21,6
3174516,0,234,0,40,2,10,2,1,87,36,6
3224605,0,234,0,40,3,2,2,1,24,83,6
3190706,0,234,0,40,2,7,2,1,57,64,6
3231348,0,234,0,40,2,2,2,1,12,16,6
3228729,0,234,0,40,3,3,2,1,11,23,6
3162099,0,234,0,40,3,17,2,1,106,32,6
3152306,0,234,0,40,2,13,2,1,88,69,6
3226300,0,234,0,40,3,2,2,1,19,39,6
3172322,0,234,0,40,2,11,2,1,91,11,6
3225413,0,234,0,40,3,3,2,1,23,56,6
3149761,1,234,143,32.203,3,16,2,1,91,43,6
3193988,0,234,0,40,2,9,2,1,47,20,6
3230750,0,234,0,40,3,3,2,1,11,39,6
3210536,0,234,0,40,2,5,2,1,40,46,6
3184521,0,234,0,40,2,10,2,1,75,42,6
3183677,0,234,0,40,3,9,2,1,71,8,6
3232725,0,234,0,40,3,2,2,1,13,38,6
3235131,0,234,0,40,2,1,2,1,8,32,6
3235503,0,234,0,40,3,1,2,1,8,29,6
3235675,0,234,0,40,3,1,2,1,8,57,6
3235703,0,234,0,40,2,1,2,1,8,19,6
3236031,0,234,0,40,3,1,2,1,8,15,6
3223280,0,234,0,40,3,2,2,1,13,13,6
3154522,0,234,0,40,3,11,2,1,99,26,6
3178568,0,234,0,40,3,12,2,1,53,28,6
3227136,0,234,0,40,3,2,2,1,16,24,6
3154559,0,234,0,40,3,13,2,1,88,23,6
3196766,0,234,0,40,2,8,2,1,49,50,6
3214043,0,234,0,40,2,5,2,1,28,32,6
3217398,0,234,0,40,3,3,2,1,26,46,6
3209372,0,234,0,40,3,6,2,1,24,22,6
3184257,0,234,0,40,2,9,2,1,60,49,6
3152367,0,234,0,40,3,14,2,1,78,45,6
3204084,0,234,0,40,2,9,2,1,34,34,6
3195356,0,234,0,40,3,7,2,1,41,25,6
3221589,0,234,0,40,2,4,2,1,22,50,6
3210140,0,234,0,40,2,8,2,1,23,61,6
3193670,0,234,0,40,2,9,2,1,55,38,6
3225485,0,234,0,40,2,3,2,1,21,35,6
3193122,0,234,0,40,2,8,2,1,44,29,6
3230208,0,234,0,40,2,2,2,1,13,55,6
3232816,0,234,0,40,3,2,2,1,11,37,6
3224573,0,234,0,40,2,3,2,1,22,14,6
3232007,0,234,0,40,3,3,2,1,10,55,6
3215526,0,234,0,40,2,3,2,1,38,36,6
3151103,0,234,0,40,3,16,2,1,86,37,6
3206331,0,234,0,40,2,8,2,1,34,68,6
3202066,0,234,0,40,2,6,2,1,47,33,6
3234820,0,234,0,40,3,2,2,1,8,51,6
3221909,0,234,0,40,2,5,2,1,21,28,6
3212210,0,234,0,40,3,6,2,1,41,27,6
3222696,0,234,0,40,2,5,2,1,19,50,6
3196089,0,234,0,40,2,12,2,1,41,57,6
3236281,0,234,0,40,2,1,2,1,7,56,6
3236375,0,234,0,40,3,1,2,1,7,12,6
3184095,0,234,0,40,3,9,2,1,57,51,6
3226333,0,234,0,40,3,3,2,1,14,34,6
3196992,0,234,0,40,2,9,2,1,35,57,6
3166544,0,234,0,40,3,13,2,1,98,32,6
3162401,0,234,0,40,2,13,2,1,76,61,6
3162267,0,234,0,40,3,7,2,1,54,19,6
3197299,1,234,163,28.4009,3,9,2,1,38,31,6
3206867,0,234,0,40,3,6,2,1,35,19,6
3213123,0,234,0,40,2,5,2,1,28,29,6
3208918,0,234,0,40,3,7,2,1,31,54,6
3203723,0,234,0,40,2,6,2,1,50,50,6
3168242,0,234,0,40,2,13,2,1,82,56,6
3184175,0,234,0,40,2,10,2,1,51,40,6
3211574,0,234,0,40,3,5,2,1,31,30,6
3193615,0,234,0,40,3,7,2,1,52,44,6
3171171,0,234,0,40,2,14,2,1,76,54,6
3164329,0,234,0,40,2,13,2,1,105,21,6
3202750,0,234,0,40,3,5,2,1,41,15,6
3230427,0,234,0,40,3,2,2,1,14,40,6
3234412,0,234,0,40,2,2,2,1,8,49,6
3221050,0,234,0,40,2,4,2,1,17,46,6
3222501,0,234,0,40,2,4,2,1,25,25,6
3149413,0,234,0,40,3,15,2,1,99,22,6
3181086,0,234,0,40,2,10,2,1,57,33,6
3162115,0,234,0,40,2,17,2,1,112,22,6
3202277,0,234,0,40,3,9,2,1,36,28,6
3229726,0,234,0,40,2,3,2,1,9,64,6
3198715,0,234,0,40,3,6,2,1,48,22,6
3182303,0,234,0,40,3,12,2,1,57,30,6
3234155,0,234,0,40,2,1,2,1,6,36,6
3235978,0,234,0,40,3,1,2,1,6,54,6
3236262,0,234,0,40,2,1,2,1,6,55,6
3236730,0,234,0,40,2,1,2,1,6,33,6
3236996,0,234,0,40,3,1,2,1,6,44,6
3237166,0,234,0,40,3,1,2,1,6,65,6
3190769,0,234,0,40,3,6,2,1,67,26,6
3205701,0,234,0,40,2,5,2,1,49,28,6
3204199,0,234,0,40,3,5,2,1,47,40,6
3216381,0,234,0,40,3,2,2,1,33,50,6
3202164,0,234,0,40,2,6,2,1,49,30,6
3219805,0,234,0,40,3,3,2,1,28,22,6
3160760,0,234,0,40,2,13,2,1,78,11,6
3200171,0,234,0,40,3,6,2,1,58,52,6
3184023,0,234,0,40,2,9,2,1,60,17,6
3201388,0,234,0,40,3,6,2,1,51,87,6
3219335,0,234,0,40,2,3,2,1,32,32,6
3174581,1,234,135,40,2,10,2,1,95,34,6
3230514,0,234,0,40,2,1,2,1,19,49,6
3217023,0,234,0,40,2,3,2,1,37,21,6
3225287,0,234,0,40,2,3,2,1,23,36,6
3230937,0,234,0,40,3,1,2,1,18,46,6
3221127,0,234,0,40,3,4,2,1,24,48,6
3205955,0,234,0,40,2,5,2,1,46,33,6
3189941,0,234,0,40,3,12,2,1,54,68,6
3199065,0,234,0,40,2,8,2,1,37,56,6
3228572,0,234,0,40,3,2,2,1,22,36,6
3171436,0,234,0,40,3,15,2,1,87,61,6
3217372,0,234,0,40,3,4,2,1,27,43,6
3193511,0,234,0,40,3,6,2,1,59,33,6
3156261,0,234,0,40,3,16,2,1,88,65,6
3216722,0,234,0,40,3,4,2,1,31,16,6
3192915,0,234,0,40,3,7,2,1,54,24,6
3174024,0,234,0,40,3,8,2,1,80,52,6
3227982,0,234,0,40,3,2,2,1,20,37,6
3188615,0,234,0,40,2,8,2,1,64,60,6
3167449,0,234,0,40,2,16,2,1,82,33,6
3232399,0,234,0,40,3,1,2,1,15,63,6
3232694,0,234,0,40,2,1,2,1,15,36,6
3233026,0,234,0,40,3,1,2,1,15,34,6
3210043,0,234,0,40,3,4,2,1,28,65,6
3209694,0,234,0,40,3,7,2,1,35,29,6
3214097,0,234,0,40,2,4,2,1,34,31,6
3225925,0,234,0,40,3,2,2,1,23,30,6
3218976,0,234,0,40,3,4,2,1,27,68,6
3232213,0,234,0,40,2,1,2,1,14,78,6
3233167,0,234,0,40,2,1,2,1,14,35,6
3224855,0,234,0,40,2,2,2,1,20,27,6
3160499,0,234,0,40,2,15,2,1,104,47,6
3166268,0,234,0,40,3,15,2,1,84,9,6
3227454,0,234,0,40,2,3,2,1,16,57,6
3221326,0,234,0,40,2,4,2,1,21,46,6
3225105,0,234,0,40,3,4,2,1,19,31,6
3203751,0,234,0,40,3,8,2,1,42,126,6
3222713,0,234,0,40,3,3,2,1,26,48,6
3233699,0,234,0,40,2,1,2,1,13,54,6
3234107,0,234,0,40,2,1,2,1,13,19,6
3219845,0,234,0,40,2,3,2,1,26,73,6
3226485,0,234,0,40,3,2,2,1,20,49,6
3213883,0,234,0,40,3,5,2,1,26,74,6
3213973,0,234,0,40,3,5,2,1,26,17,6
3226935,0,234,0,40,2,3,2,1,14,46,6
3221313,0,234,0,40,3,4,2,1,24,46,6
3201028,0,234,0,40,2,7,2,1,51,65,6
3218995,0,234,0,40,3,5,2,1,27,72,6
3227091,0,234,0,40,2,3,2,1,16,60,6
3222098,0,234,0,40,2,3,2,1,24,59,6
3200242,0,234,0,40,3,8,2,1,40,65,6
3226390,0,234,0,40,3,3,2,1,15,53,6
3179303,0,234,0,40,3,8,2,1,83,13,6
3233554,0,234,0,40,2,1,2,1,12,40,6
3233846,0,234,0,40,3,1,2,1,12,23,6
3219652,0,234,0,40,2,3,2,1,20,42,6
3191878,0,234,0,40,2,8,2,1,47,34,6
3159153,0,234,0,40,2,10,2,1,80,13,6
3226860,0,234,0,40,3,2,2,1,19,60,6
3159530,1,234,137,38.551,2,9,2,1,90,42,6
3222014,0,234,0,40,2,3,2,1,17,33,6
3228693,0,234,0,40,2,3,2,1,15,49,6
3230012,0,234,0,40,3,2,2,1,13,81,6
3220669,0,234,0,40,2,2,2,1,33,51,6
3199420,0,234,0,40,2,8,2,1,39,24,6
3156164,0,234,0,40,3,10,2,1,114,43,6
3214183,0,234,0,40,3,2,2,1,45,21,6
3169105,0,234,0,40,2,13,2,1,82,38,6
3230064,0,234,0,40,3,2,2,1,14,20,6
3225471,0,234,0,40,3,4,2,1,20,42,6
3220837,0,234,0,40,2,2,2,1,35,41,6
3216268,0,234,0,40,2,5,2,1,22,20,6
3205388,0,234,0,40,3,6,2,1,43,45,6
3234589,0,234,0,40,3,1,2,1,11,98,6
3234744,0,234,0,40,2,1,2,1,11,36,6
3234930,0,234,0,40,3,1,2,1,11,42,6
3161095,0,234,0,40,2,12,2,1,78,33,6
3217578,0,234,0,40,2,5,2,1,22,29,6
3195002,0,234,0,40,3,7,2,1,55,49,6
3230618,0,234,0,40,2,2,2,1,13,38,6
3202418,0,234,0,40,3,6,2,1,47,109,6
3196626,0,234,0,40,2,9,2,1,42,25,6
3183722,0,234,0,40,2,9,2,1,65,28,6
3230712,0,234,0,40,2,2,2,1,15,10,6
3231472,0,234,0,40,3,2,2,1,13,37,6
3194206,0,234,0,40,3,8,2,1,50,42,6
3230548,0,234,0,40,2,2,2,1,16,39,6
3232196,0,234,0,40,2,2,2,1,13,25,6
3232844,0,234,0,40,2,2,2,1,12,35,6
3154236,0,234,0,40,2,15,2,1,88,64,6
3227855,0,234,0,40,3,3,2,1,15,36,6
3219376,0,234,0,40,3,4,2,1,22,82,6
3234181,0,234,0,40,2,2,2,1,11,37,6
3235186,0,234,0,40,2,1,2,1,10,87,6
3235346,0,234,0,40,3,1,2,1,10,25,6
3235576,0,234,0,40,2,1,2,1,10,30,6
3187875,0,234,0,40,2,9,2,1,58,27,6
3195876,0,234,0,40,2,4,2,1,61,36,6
3229957,0,234,0,40,3,2,2,1,13,64,6
3231217,0,234,0,40,3,2,2,1,11,57,6
3176807,0,234,0,40,3,11,2,1,79,118,6
3199815,0,234,0,40,2,5,2,1,52,52,6
3167148,0,234,0,40,2,15,2,1,76,58,6
3228395,0,234,0,40,3,2,2,1,19,43,6
3156737,0,234,0,40,3,11,2,1,76,71,6
3168921,0,234,0,40,2,13,2,1,88,67,6
3219392,0,234,0,40,3,5,2,1,19,44,6
3208102,0,234,0,40,2,6,2,1,29,59,6
3149947,0,234,0,40,2,13,2,1,69,35,6
3221440,0,234,0,40,3,4,2,1,26,65,6
3201008,0,234,0,40,3,9,2,1,36,40,6
3155757,0,234,0,40,2,11,2,1,65,78,6
3213773,0,234,0,40,3,7,2,1,26,63,6
3211972,0,234,0,40,3,5,2,1,44,48,6
3214514,0,234,0,40,2,5,2,1,30,31,6
3181753,0,234,0,40,3,11,2,1,68,17,6
3233800,0,234,0,40,3,1,2,1,9,26,6
3234963,0,234,0,40,3,1,2,1,9,72,6
3235439,0,234,0,40,3,1,2,1,9,36,6
3236003,0,234,0,40,3,1,2,1,9,21,6
3236119,0,234,0,40,3,1,2,1,9,41,6
3214083,0,234,0,40,3,3,2,1,31,50,6
3225090,0,234,0,40,3,3,2,1,17,29,6
3152932,0,234,0,40,2,10,2,1,65,72,6
3166156,0,234,0,40,3,13,2,1,98,23,6
3210061,0,234,0,40,2,6,2,1,34,53,6
3231784,0,234,0,40,3,2,2,1,10,103,6
3224425,0,234,0,40,3,3,2,1,20,25,6
3228578,0,234,0,40,2,2,2,1,16,46,6
3233136,0,234,0,40,3,2,2,1,9,36,6
3226521,0,234,0,40,3,3,2,1,22,36,6
3228230,0,234,0,40,3,3,2,1,15,69,6
3203118,0,234,0,40,2,7,2,1,35,24,6
3234212,0,234,0,40,3,2,2,1,9,44,6
3227785,0,234,0,40,2,2,2,1,21,24,6
3168271,1,234,159,34.5362,3,11,2,1,83,63,6
3159717,0,234,0,40,3,13,2,1,77,32,6
3235924,0,234,0,40,3,1,2,1,8,60,6
3236120,0,234,0,40,3,1,2,1,8,57,6
3236237,0,234,0,40,3,1,2,1,8,35,6
3236705,0,234,0,40,2,1,2,1,8,61,6
3223985,0,234,0,40,3,2,2,1,21,53,6
3229947,0,234,0,40,3,2,2,1,11,42,6
3197186,0,234,0,40,3,9,2,1,38,70,6
3217371,0,234,0,40,2,4,2,1,24,41,6
3226370,0,234,0,40,3,3,2,1,9,29,6
3228385,0,234,0,40,2,3,2,1,11,66,6
3225807,0,234,0,40,2,3,2,1,17,49,6
3155111,0,234,0,40,3,13,2,1,83,57,6
3228259,0,234,0,40,3,3,2,1,16,25,6
3219650,0,234,0,40,3,4,2,1,22,96,6
3220635,0,234,0,40,3,4,2,1,22,24,6
3219260,0,234,0,40,2,5,2,1,12,62,6
3177720,0,234,0,40,2,11,2,1,66,43,6
3224017,0,234,0,40,3,4,2,1,18,24,6
3234516,0,234,0,40,3,2,2,1,8,31,6
3170023,1,234,141,40,2,12,2,1,88,33,6
3228057,0,234,0,40,3,3,2,1,18,34,6
3213468,0,234,0,40,3,5,2,1,30,54,6
3227787,0,234,0,40,3,3,2,1,16,68,6
3174922,0,234,0,40,3,14,2,1,68,25,6
3228234,0,234,0,40,2,3,2,1,10,21,6
3235810,0,234,0,40,2,1,2,1,7,24,6
3236082,0,234,0,40,2,1,2,1,7,50,6
3236258,0,234,0,40,3,1,2,1,7,35,6
3236374,0,234,0,40,2,1,2,1,7,53,6
3236766,0,234,0,40,2,1,2,1,7,42,6
3237038,0,234,0,40,2,1,2,1,7,31,6
3170971,0,234,0,40,2,10,2,1,98,37,6
3163531,1,234,123,40,2,16,2,1,92,13,6
3199741,0,234,0,40,2,5,2,1,51,43,6
3205385,0,234,0,40,2,7,2,1,35,26,6
3233066,0,234,0,40,3,2,2,1,8,36,6
3157090,0,234,0,40,3,13,2,1,111,35,6
3185087,0,234,0,40,2,12,2,1,54,31,6
3222613,0,234,0,40,3,4,2,1,17,46,6
3162234,0,234,0,40,3,18,2,1,83,44,6
3228936,0,234,0,40,2,4,2,1,11,30,6
3188344,0,234,0,40,3,11,2,1,45,105,6
3151807,0,234,0,40,2,11,2,1,98,23,6
3207328,0,234,0,40,3,4,2,1,47,35,6
3163571,0,234,0,40,2,15,2,1,97,61,6
3217174,0,234,0,40,2,5,2,1,15,18,6
3227391,0,234,0,40,3,4,2,1,13,74,6
3199523,0,234,0,40,3,6,2,1,50,38,6
3215411,0,234,0,40,3,4,2,1,20,27,6
3218033,0,234,0,40,3,4,2,1,27,25,6
3212742,0,234,0,40,2,6,2,1,36,35,6
3224784,0,234,0,40,2,4,2,1,21,74,6
3225168,0,234,0,40,3,4,2,1,11,60,6
3194887,0,234,0,40,2,7,2,1,58,65,6
3174012,0,234,0,40,3,8,2,1,83,30,6
3229099,0,234,0,40,3,2,2,1,16,66,6
3230945,0,234,0,40,3,2,2,1,15,37,6
3202724,0,234,0,40,3,6,2,1,39,38,6
3203929,0,234,0,40,3,9,2,1,35,35,6
3215019,0,234,0,40,3,5,2,1,29,40,6
3204426,0,234,0,40,2,9,2,1,40,61,6
3230864,0,234,0,40,3,2,2,1,17,20,6
3225594,0,234,0,40,3,3,2,1,17,56,6
3170027,0,234,0,40,3,18,2,1,70,47,6
3216026,1,234,228,28.7743,3,5,2,1,26,27,6
3235697,0,234,0,40,3,2,2,1,7,20,6
3169455,0,234,0,40,3,16,2,1,82,49,6
3189539,0,234,0,40,2,11,2,1,52,35,6
3216492,0,234,0,40,2,6,2,1,18,47,6
3236785,0,234,0,40,3,1,2,1,6,58,6
3237262,0,234,0,40,2,1,2,1,6,30,6
3237556,0,234,0,40,2,1,2,1,6,18,6
3237586,0,234,0,40,2,1,2,1,6,40,6
3193752,0,234,0,40,2,7,2,1,71,50,6
3184633,0,234,0,40,2,8,2,1,65,68,6
3218540,0,234,0,40,2,3,2,1,30,79,6
3220775,0,234,0,40,3,2,2,1,26,27,6
3229112,0,234,0,40,2,1,2,1,23,41,6
3200388,1,234,198,25.5507,3,6,2,1,50,54,6
3175215,0,234,0,40,2,14,2,1,77,23,6
3175927,0,234,0,40,3,12,2,1,77,44,6
3157135,0,234,0,40,2,12,2,1,113,26,6
3166203,0,234,0,40,2,15,2,1,94,56,6
3208432,0,234,0,40,3,4,2,1,45,48,6
3169112,0,234,0,40,2,18,2,1,86,24,6
3231613,0,234,0,40,2,1,2,1,18,46,6
3231857,0,234,0,40,3,1,2,1,18,86,6
3193006,0,234,0,40,2,10,2,1,53,25,6
3207003,0,234,0,40,2,6,2,1,36,44,6
3193303,0,234,0,40,2,7,2,1,57,24,6
3222295,0,234,0,40,3,2,2,1,31,30,6
3222309,0,234,0,40,2,3,2,1,27,67,6
3209571,0,234,0,40,3,7,2,1,33,24,6
3222095,0,234,0,40,2,4,2,1,27,34,6
3212501,0,234,0,40,2,6,2,1,32,40,6
3233034,0,234,0,40,3,1,2,1,16,48,6
3227154,0,234,0,40,3,2,2,1,16,50,6
3221350,0,234,0,40,3,5,2,1,25,54,6
3206549,0,234,0,40,2,9,2,1,37,50,6
3194946,0,234,0,40,3,9,2,1,40,52,6
3224762,0,234,0,40,3,4,2,1,22,12,6
3192193,0,234,0,40,2,9,2,1,51,32,6
3196325,1,234,154,24.0129,3,6,2,1,53,63,6
3210515,0,234,0,40,2,4,2,1,32,12,6
3158403,0,234,0,40,3,13,2,1,71,31,6
3230440,0,234,0,40,2,2,2,1,17,17,6
3225975,0,234,0,40,2,3,2,1,18,19,6
3229755,0,234,0,40,2,2,2,1,22,23,6
3231484,0,234,0,40,3,1,2,1,14,32,6
3233340,0,234,0,40,3,1,2,1,14,25,6
3207420,0,234,0,40,2,4,2,1,30,51,6
3218564,0,234,0,40,3,3,2,1,31,54,6
3175611,1,234,139,38.9746,2,12,2,1,65,33,6
3199265,0,234,0,40,2,6,2,1,46,16,6
3214150,0,234,0,40,2,4,2,1,35,56,6
3228157,0,234,0,40,2,3,2,1,17,18,6
3152495,0,234,0,40,2,10,2,1,90,31,6
3234014,0,234,0,40,3,1,2,1,13,89,6
3171871,0,234,0,40,2,12,2,1,66,34,6
3202822,0,234,0,40,2,4,2,1,54,47,6
3221995,0,234,0,40,2,4,2,1,21,12,6
3227988,0,234,0,40,3,2,2,1,21,56,6
3212782,0,234,0,40,3,4,2,1,36,20,6
3177791,0,234,0,40,2,10,2,1,78,72,6
3224095,0,234,0,40,2,2,2,1,30,57,6
3185393,0,234,0,40,3,10,2,1,67,45,6
3232153,0,234,0,40,3,1,2,1,12,50,6
3233574,0,234,0,40,2,1,2,1,12,49,6
3234688,0,234,0,40,3,1,2,1,12,32,6
3235052,0,234,0,40,2,1,2,1,12,36,6
3200722,0,234,0,40,2,6,2,1,35,59,6
3226647,0,234,0,40,3,3,2,1,15,44,6
3159083,0,234,0,40,2,13,2,1,85,35,6
3213051,0,234,0,40,3,6,2,1,37,63,6
3199466,0,234,0,40,2,7,2,1,43,38,6
3231247,0,234,0,40,2,2,2,1,14,80,6
3221930,0,234,0,40,2,3,2,1,23,61,6
3197263,0,234,0,40,3,9,2,1,41,15,6
3214374,0,234,0,40,2,5,2,1,27,26,6
3206572,0,234,0,40,2,6,2,1,37,84,6
3234621,0,234,0,40,3,1,2,1,11,19,6
3234897,0,234,0,40,3,1,2,1,11,19,6
3235194,0,234,0,40,2,1,2,1,11,51,6
3187028,0,234,0,40,3,10,2,1,56,27,6
3227086,0,234,0,40,3,3,2,1,17,26,6
3177343,0,234,0,40,3,10,2,1,64,42,6
3226711,0,234,0,40,3,3,2,1,16,60,6
3224881,0,234,0,40,2,3,2,1,21,18,6
3213117,0,234,0,40,2,6,2,1,23,22,6
3232122,0,234,0,40,2,2,2,1,12,48,6
3219673,0,234,0,40,3,4,2,1,22,26,6
3232123,0,234,0,40,2,2,2,1,12,59,6
3233565,0,234,0,40,3,2,2,1,11,71,6
3225149,0,234,0,40,2,3,2,1,21,45,6
3233817,1,234,229,40,2,2,2,1,11,29,6
3170366,0,234,0,40,2,14,2,1,89,37,6
3191833,0,234,0,40,3,11,2,1,57,59,6
3235929,0,234,0,40,2,1,2,1,10,54,6
3236131,0,234,0,40,2,1,2,1,10,47,6
3200413,0,234,0,40,2,9,2,1,41,67,6
3204844,1,234,218,16.0819,3,5,2,1,45,47,6
3199003,0,234,0,40,3,9,2,1,34,73,6
3225665,0,234,0,40,2,2,2,1,20,57,6
3212460,0,234,0,40,2,5,2,1,37,37,6
3213166,0,234,0,40,2,4,2,1,33,121,6
3191288,0,234,0,40,3,9,2,1,43,31,6
3207581,0,234,0,40,3,7,2,1,28,36,6
3231257,0,234,0,40,2,2,2,1,15,27,6
3230473,0,234,0,40,3,2,2,1,13,40,6
3226158,0,234,0,40,2,3,2,1,18,46,6
3219512,0,234,0,40,3,4,2,1,28,19,6
3227723,0,234,0,40,2,3,2,1,17,54,6
3229335,0,234,0,40,2,3,2,1,16,51,6
3235481,0,234,0,40,2,1,2,1,9,21,6
3219934,0,234,0,40,3,3,2,1,27,23,6
3195292,0,234,0,40,3,6,2,1,49,49,6
3223753,0,234,0,40,2,2,2,1,28,50,6
3217140,0,234,0,40,3,4,2,1,27,44,6
3229303,0,234,0,40,2,3,2,1,14,49,6
3232873,0,234,0,40,2,2,2,1,10,57,6
3226244,0,234,0,40,3,3,2,1,16,53,6
3181767,0,234,0,40,2,9,2,1,71,50,6
3174577,0,234,0,40,3,13,2,1,60,81,6
3222921,0,234,0,40,2,3,2,1,22,51,6
3192914,0,234,0,40,3,8,2,1,53,31,6
3190852,0,234,0,40,2,9,2,1,56,57,6
3218208,0,234,0,40,3,3,2,1,26,40,6
3215472,0,234,0,40,2,6,2,1,29,77,6
3155436,0,234,0,40,2,7,2,1,72,28,6
3230660,0,234,0,40,3,3,2,1,14,73,6
3232999,0,234,0,40,2,2,2,1,14,21,6
3236074,0,234,0,40,3,1,2,1,8,48,6
3236638,0,234,0,40,3,1,2,1,8,47,6
3236810,0,234,0,40,3,1,2,1,8,33,6
3237006,0,234,0,40,3,1,2,1,8,35,6
3152233,0,234,0,40,3,10,2,1,75,17,6
3180392,0,234,0,40,2,12,2,1,65,53,6
3180860,1,234,129,40,2,7,2,1,84,31,6
3222073,0,234,0,40,3,5,2,1,23,22,6
3183562,0,234,0,40,3,10,2,1,70,20,6
3233159,0,234,0,40,3,2,2,1,11,19,6
3234047,0,234,0,40,3,2,2,1,10,70,6
3191844,0,234,0,40,3,6,2,1,65,20,6
3234122,0,234,0,40,3,2,2,1,9,53,6
3218804,0,234,0,40,2,5,2,1,32,32,6
3157379,0,234,0,40,2,5,2,1,72,37,6
3181814,0,234,0,40,3,8,2,1,81,37,6
3206527,0,234,0,40,3,8,2,1,39,80,6
3220744,0,234,0,40,3,6,2,1,24,77,6
3223009,0,234,0,40,3,3,2,1,30,44,6
3233228,0,234,0,40,2,2,2,1,12,45,6
3235486,0,234,0,40,3,2,2,1,9,48,6
3162244,0,234,0,40,3,18,2,1,102,32,6
3207568,0,234,0,40,2,7,2,1,39,62,6
3177489,1,234,122,40,2,10,2,1,81,52,6
3212115,0,234,0,40,3,6,2,1,26,32,6
3237236,0,234,0,40,2,1,2,1,7,22,6
3229401,0,234,0,40,3,2,2,1,13,20,6
3203070,0,234,0,40,2,6,2,1,38,33,6
3230092,0,234,0,40,2,2,2,1,12,45,6
3233107,0,234,0,40,3,2,2,1,8,28,6
3183616,0,234,0,40,3,8,2,1,69,15,6
3233209,0,234,0,40,3,2,2,1,9,33,6
3231040,0,234,0,40,2,2,2,1,13,59,6
3192637,0,234,0,40,3,11,2,1,48,53,6
3210823,0,234,0,40,3,6,2,1,25,62,6
3223423,0,234,0,40,2,4,2,1,20,69,6
3187590,0,234,0,40,2,8,2,1,72,18,6
3213235,0,234,0,40,3,6,2,1,26,60,6
3219790,0,234,0,40,3,3,2,1,30,42,6
3199041,0,234,0,40,2,8,2,1,37,38,6
3168703,0,234,0,40,2,14,2,1,88,54,6
3234225,0,234,0,40,2,2,2,1,9,45,6
3227059,0,234,0,40,3,3,2,1,18,25,6
3187806,1,234,140,31.8193,3,11,2,1,50,7,6
3154268,1,234,129,29.2928,3,16,2,1,77,35,6
3185688,0,234,0,40,2,12,2,1,57,65,6
3234567,0,234,0,40,2,2,2,1,9,74,6
3223544,0,234,0,40,3,5,2,1,19,74,6
3217012,0,234,0,40,2,6,2,1,28,41,6
3232263,0,234,0,40,3,3,2,1,12,37,6
3236775,0,234,0,40,3,1,2,1,6,68,6
3237023,0,234,0,40,2,1,2,1,6,43,6
3237261,0,234,0,40,3,1,2,1,6,24,6
3238095,0,234,0,40,2,1,2,1,6,53,6
3238135,0,234,0,40,2,1,2,1,6,9,6
3218753,0,234,0,40,2,3,2,1,28,46,6
3222093,0,234,0,40,2,3,2,1,24,37,6
3231715,0,234,0,40,3,1,2,1,19,36,6
3191097,0,234,0,40,3,7,2,1,66,37,6
3220249,0,234,0,40,2,3,2,1,29,45,6
3225046,0,234,0,40,2,2,2,1,21,47,6
3214795,0,234,0,40,2,4,2,1,26,29,6
3229730,0,234,0,40,3,2,2,1,17,32,6
3190834,0,234,0,40,3,7,2,1,52,31,6
3217245,0,234,0,40,2,3,2,1,35,66,6
3175272,1,234,138,34.6751,3,13,2,1,66,39,6
3214885,0,234,0,40,3,6,2,1,25,40,6
3215421,0,234,0,40,2,5,2,1,32,56,6
3231389,0,234,0,40,2,2,2,1,18,13,6
3185732,1,234,208,25.0199,3,11,2,1,70,46,6
3213332,0,234,0,40,3,4,2,1,44,35,6
3187759,0,234,0,40,2,9,2,1,59,25,6
3226630,0,234,0,40,2,3,2,1,20,36,6
3167156,1,234,148,30.2558,3,14,2,1,96,23,6
3201953,0,234,0,40,2,8,2,1,41,88,6
3216038,0,234,0,40,3,2,2,1,43,55,6
3167575,0,234,0,40,3,15,2,1,81,51,6
3218855,0,234,0,40,2,4,2,1,29,28,6
3207923,0,234,0,40,2,7,2,1,42,45,6
3226914,0,234,0,40,3,4,2,1,17,22,6
3176038,0,234,0,40,2,12,2,1,76,37,6
3215519,0,234,0,40,2,6,2,1,26,85,6
3221059,0,234,0,40,3,3,2,1,28,41,6
3155670,0,234,0,40,2,16,2,1,111,34,6
3210751,0,234,0,40,3,6,2,1,35,16,6
3235756,0,234,0,40,3,1,2,1,10,26,6
3236467,0,234,0,40,2,1,2,1,10,52,6
3152674,0,234,0,40,3,13,2,1,74,66,6
3203296,0,234,0,40,2,6,2,1,51,31,6
3197760,0,234,0,40,2,9,2,1,42,19,6
3200011,0,234,0,40,2,9,2,1,48,55,6
3236642,0,234,0,40,2,1,2,1,9,36,6
3163044,1,234,131,23.27,3,19,2,1,87,32,6
3215386,0,234,0,40,2,5,2,1,32,7,6
3224252,0,234,0,40,2,4,2,1,22,18,6
3222240,0,234,0,40,2,3,2,1,24,25,6
3228149,0,234,0,40,2,4,2,1,19,38,6
3221482,0,234,0,40,3,6,2,1,20,26,6
3197711,0,234,0,40,3,8,2,1,47,94,6
3237181,0,234,0,40,3,1,2,1,8,9,6
3237284,0,234,0,40,2,1,2,1,8,50,6
3237472,0,234,0,40,2,1,2,1,8,23,6
3198098,0,234,0,40,2,8,2,1,45,46,6
3156130,1,234,0,40,3,16,2,1,81,48,6
3200795,0,234,0,40,2,6,2,1,56,36,6
3185513,1,234,149,40,2,9,2,1,52,52,6
3221219,0,234,0,40,2,6,2,1,16,38,6
3209721,0,234,0,40,2,5,2,1,33,39,6
3207361,0,234,0,40,3,6,2,1,43,74,6
3227673,0,234,0,40,3,3,2,1,14,83,6
3209931,0,234,0,40,3,6,2,1,39,50,6
3216949,0,234,0,40,3,5,2,1,31,17,6
3174975,0,234,0,40,2,15,2,1,59,54,6
3237931,0,234,0,40,2,1,2,1,7,9,6
3237977,0,234,0,40,3,1,2,1,7,61,6
3224988,0,234,0,40,2,3,2,1,14,99,6
3230180,0,234,0,40,2,2,2,1,12,30,6
3234073,0,234,0,40,2,2,2,1,8,48,6
3225968,0,234,0,40,2,4,2,1,16,55,6
3221401,0,234,0,40,2,4,2,1,24,49,6
3213426,0,234,0,40,3,7,2,1,25,59,6
3205528,0,234,0,40,2,6,2,1,39,32,6
3227820,0,234,0,40,3,3,2,1,20,35,6
3233756,0,234,0,40,2,2,2,1,9,32,6
3161394,0,234,0,40,3,10,2,1,61,21,6
3152141,0,234,0,40,2,12,2,1,83,20,6
3201336,0,234,0,40,2,8,2,1,34,12,6
3197425,0,234,0,40,3,8,2,1,50,54,6
3214504,0,234,0,40,2,5,2,1,33,46,6
3237635,0,234,0,40,2,1,2,1,6,21,6
3238302,0,234,0,40,2,1,2,1,6,53,6
3238486,0,234,0,40,2,1,2,1,6,32,6
3232506,0,234,0,40,2,1,2,1,19,48,6
3208262,0,234,0,40,3,7,2,1,37,24,6
3200918,0,234,0,40,3,6,2,1,38,65,6
3220186,0,234,0,40,2,4,2,1,29,23,6
3208684,0,234,0,40,3,6,2,1,33,49,6
3201365,0,234,0,40,3,5,2,1,56,88,6
3224110,0,234,0,40,3,4,2,1,21,30,6
3220592,0,234,0,40,2,3,2,1,31,43,6
3236240,0,234,0,40,3,1,2,1,9,33,6
3220998,0,234,0,40,2,3,2,1,15,65,6
3228685,0,234,0,40,2,3,2,1,14,59,6
3197592,0,234,0,40,3,10,2,1,49,44,6
3230530,0,234,0,40,2,2,2,1,18,21,6
3237811,0,234,0,40,2,1,2,1,8,23,6
3200491,0,234,0,40,3,8,2,1,36,37,6
3230376,0,234,0,40,3,2,2,1,18,34,6
3227063,0,234,0,40,2,3,2,1,16,29,6
3192321,0,234,0,40,3,10,2,1,55,57,6
3212485,0,234,0,40,2,5,2,1,33,37,6
3226038,0,234,0,40,3,3,2,1,16,64,6
3176684,0,234,0,40,3,15,2,1,61,57,6
3217400,0,234,0,40,2,4,2,1,27,28,6
3230243,0,234,0,40,3,2,2,1,18,42,6
3232281,0,234,0,40,3,2,2,1,10,35,6
3224263,0,234,0,40,3,4,2,1,18,101,6
3236220,0,234,0,40,3,0,2,1,5,32,6
3236300,0,234,0,40,3,0,2,1,5,38,6
3236428,0,234,0,40,2,0,2,1,5,47,6
3236556,0,234,0,40,2,0,2,1,5,11,6
3236867,0,234,0,40,2,0,2,1,5,47,6
3237091,0,234,0,40,3,0,2,1,5,25,6
3237287,0,234,0,40,2,0,2,1,5,58,6
3237447,0,234,0,40,3,0,2,1,5,43,6
3237479,0,234,0,40,3,0,2,1,5,24,6
3237575,0,234,0,40,3,0,2,1,5,50,6
3237607,0,234,0,40,3,0,2,1,5,64,6
3237639,0,234,0,40,2,0,2,1,5,16,6
3237671,0,234,0,40,2,0,2,1,5,45,6
3237728,0,234,0,40,3,0,2,1,5,14,6
3237744,0,234,0,40,3,0,2,1,5,26,6
3237824,0,234,0,40,3,0,2,1,5,60,6
3237856,0,234,0,40,3,0,2,1,5,40,6
3237904,0,234,0,40,3,0,2,1,5,50,6
3237920,0,234,0,40,3,0,2,1,5,49,6
3237952,0,234,0,40,3,0,2,1,5,35,6
3238016,0,234,0,40,3,0,2,1,5,37,6
3238032,0,234,0,40,2,0,2,1,5,32,6
3238096,0,234,0,40,3,0,2,1,5,38,6
3238128,0,234,0,40,3,0,2,1,5,45,6
3238165,0,234,0,40,2,0,2,1,5,80,6
3238205,0,234,0,40,2,0,2,1,5,29,6
3238221,0,234,0,40,3,0,2,1,5,52,6
3238229,0,234,0,40,2,0,2,1,5,19,6
3238245,0,234,0,40,3,0,2,1,5,69,6
3238253,0,234,0,40,3,0,2,1,5,16,6
3238293,0,234,0,40,2,0,2,1,5,38,6
3238309,0,234,0,40,2,0,2,1,5,74,6
3238341,0,234,0,40,3,0,2,1,5,34,6
3238357,0,234,0,40,2,0,2,1,5,48,6
3238365,0,234,0,40,2,0,2,1,5,39,6
3238381,0,234,0,40,3,0,2,1,5,44,6
3238389,0,234,0,40,2,0,2,1,5,92,6
3238405,0,234,0,40,3,0,2,1,5,60,6
3238429,0,234,0,40,3,0,2,1,5,33,6
3238445,0,234,0,40,2,0,2,1,5,63,6
3238477,0,234,0,40,3,0,2,1,5,25,6
3238485,0,234,0,40,2,0,2,1,5,112,6
3238517,0,234,0,40,2,0,2,1,5,67,6
3238525,0,234,0,40,2,0,2,1,5,61,6
3238541,0,234,0,40,3,0,2,1,5,34,6
3238557,0,234,0,40,2,0,2,1,5,32,6
3238565,0,234,0,40,3,0,2,1,5,44,6
3238589,0,234,0,40,3,0,2,1,5,32,6
3238597,0,234,0,40,3,0,2,1,5,44,6
3238605,0,234,0,40,2,0,2,1,5,121,6
3238621,0,234,0,40,2,0,2,1,5,49,6
3238625,0,234,0,40,3,0,2,1,5,108,6
3238637,0,234,0,40,3,0,2,1,5,27,6
3238649,0,234,0,40,3,0,2,1,5,47,6
3238653,0,234,0,40,2,0,2,1,5,20,6
3238661,0,234,0,40,2,0,2,1,5,42,6
3238673,0,234,0,40,2,0,2,1,5,41,6
3238681,0,234,0,40,3,0,2,1,5,60,6
3238693,0,234,0,40,3,0,2,1,5,44,6
3238697,0,234,0,40,3,0,2,1,5,77,6
3238701,0,234,0,40,2,0,2,1,5,29,6
3238705,0,234,0,40,2,0,2,1,5,28,6
3238713,0,234,0,40,3,0,2,1,5,49,6
3238721,0,234,0,40,2,0,2,1,5,45,6
3238725,0,234,0,40,2,0,2,1,5,24,6
3238729,0,234,0,40,3,0,2,1,5,66,6
3238733,0,234,0,40,3,0,2,1,5,26,6
3238737,0,234,0,40,3,0,2,1,5,52,6
3238741,0,234,0,40,2,0,2,1,5,25,6
3238749,0,234,0,40,3,0,2,1,5,64,6
3238753,0,234,0,40,2,0,2,1,5,93,6
3238761,0,234,0,40,2,0,2,1,5,25,6
3238769,0,234,0,40,3,0,2,1,5,37,6
3238781,0,234,0,40,2,0,2,1,5,37,6
3238789,0,234,0,40,2,0,2,1,5,41,6
3238793,0,234,0,40,3,0,2,1,5,64,6
3238805,0,234,0,40,3,0,2,1,5,53,6
3238809,0,234,0,40,3,0,2,1,5,29,6
3238817,0,234,0,40,2,0,2,1,5,64,6
3238829,0,234,0,40,2,0,2,1,5,30,6
3238833,0,234,0,40,3,0,2,1,5,50,6
3238845,0,234,0,40,3,0,2,1,5,27,6
3238853,0,234,0,40,2,0,2,1,5,30,6
3238857,0,234,0,40,3,0,2,1,5,52,6
3238861,0,234,0,40,2,0,2,1,5,41,6
3238865,0,234,0,40,2,0,2,1,5,56,6
3238877,0,234,0,40,3,0,2,1,5,20,6
3238881,0,234,0,40,3,0,2,1,5,55,6
3238893,0,234,0,40,2,0,2,1,5,53,6
3238901,0,234,0,40,3,0,2,1,5,102,6
3238905,0,234,0,40,2,0,2,1,5,76,6
3238917,0,234,0,40,3,0,2,1,5,48,6
3238925,0,234,0,40,2,0,2,1,5,34,6
3238929,0,234,0,40,3,0,2,1,5,50,6
3238933,0,234,0,40,2,0,2,1,5,28,6
3238937,0,234,0,40,2,0,2,1,5,14,6
3238945,0,234,0,40,3,0,2,1,5,28,6
3238949,0,234,0,40,3,0,2,1,5,38,6
3238953,0,234,0,40,3,0,2,1,5,81,6
3238957,0,234,0,40,2,0,2,1,5,48,6
3238965,0,234,0,40,2,0,2,1,5,58,6
3238981,0,234,0,40,3,0,2,1,5,39,6
3238993,0,234,0,40,3,0,2,1,5,60,6
3238997,0,234,0,40,3,0,2,1,5,50,6
3239001,0,234,0,40,2,0,2,1,5,31,6
3239005,0,234,0,40,2,0,2,1,5,33,6
3239009,0,234,0,40,2,0,2,1,5,37,6
3239033,0,234,0,40,2,0,2,1,5,55,6
3239045,0,234,0,40,2,0,2,1,5,52,6
3239053,0,234,0,40,2,0,2,1,5,49,6
3239057,0,234,0,40,3,0,2,1,5,59,6
3239061,0,234,0,40,3,0,2,1,5,38,6
3239069,0,234,0,40,3,0,2,1,5,23,6
3239081,0,234,0,40,3,0,2,1,5,35,6
3239084,0,234,0,40,2,0,2,1,5,46,6
3239088,0,234,0,40,2,0,2,1,5,70,6
3239090,0,234,0,40,3,0,2,1,5,39,6
3239096,0,234,0,40,2,0,2,1,5,31,6
3239098,0,234,0,40,3,0,2,1,5,43,6
3239102,0,234,0,40,2,0,2,1,5,30,6
3239106,0,234,0,40,3,0,2,1,5,24,6
3239112,0,234,0,40,3,0,2,1,5,28,6
3239116,0,234,0,40,2,0,2,1,5,71,6
3239120,0,234,0,40,3,0,2,1,5,52,6
3239122,0,234,0,40,3,0,2,1,5,37,6
3239128,0,234,0,40,3,0,2,1,5,39,6
3239130,0,234,0,40,3,0,2,1,5,39,6
3239132,0,234,0,40,2,0,2,1,5,86,6
3239138,0,234,0,40,3,0,2,1,5,59,6
3239142,0,234,0,40,2,0,2,1,5,21,6
3239146,0,234,0,40,2,0,2,1,5,31,6
3239150,0,234,0,40,2,0,2,1,5,51,6
3239152,0,234,0,40,2,0,2,1,5,50,6
3239158,0,234,0,40,3,0,2,1,5,48,6
3239162,0,234,0,40,3,0,2,1,5,42,6
3239164,0,234,0,40,2,0,2,1,5,6,6
3239168,0,234,0,40,3,0,2,1,5,63,6
3239170,0,234,0,40,2,0,2,1,5,41,6
3239172,0,234,0,40,2,0,2,1,5,62,6
3239176,0,234,0,40,2,0,2,1,5,36,6
3239180,0,234,0,40,2,0,2,1,5,40,6
3239182,0,234,0,40,3,0,2,1,5,24,6
3239184,0,234,0,40,2,0,2,1,5,34,6
3239186,0,234,0,40,3,0,2,1,5,24,6
3239194,0,234,0,40,2,0,2,1,5,51,6
3239196,0,234,0,40,3,0,2,1,5,38,6
3239204,0,234,0,40,3,0,2,1,5,41,6
3239206,0,234,0,40,3,0,2,1,5,30,6
3239208,0,234,0,40,2,0,2,1,5,29,6
3239214,0,234,0,40,2,0,2,1,5,36,6
3239220,0,234,0,40,3,0,2,1,5,88,6
3239226,0,234,0,40,2,0,2,1,5,60,6
3239230,0,234,0,40,3,0,2,1,5,27,6
3239232,0,234,0,40,2,0,2,1,5,96,6
3239234,0,234,0,40,3,0,2,1,5,38,6
3239244,0,234,0,40,2,0,2,1,5,33,6
3239246,0,234,0,40,3,0,2,1,5,22,6
3239252,0,234,0,40,2,0,2,1,5,74,6
3239254,0,234,0,40,2,0,2,1,5,37,6
3239256,0,234,0,40,3,0,2,1,5,26,6
3239258,0,234,0,40,2,0,2,1,5,43,6
3239264,0,234,0,40,3,0,2,1,5,41,6
3239266,0,234,0,40,3,0,2,1,5,42,6
3239268,0,234,0,40,3,0,2,1,5,30,6
3239270,0,234,0,40,3,0,2,1,5,16,6
3239272,0,234,0,40,3,0,2,1,5,79,6
3239276,0,234,0,40,2,0,2,1,5,23,6
3239280,0,234,0,40,2,0,2,1,5,46,6
3239284,0,234,0,40,2,0,2,1,5,59,6
3239288,0,234,0,40,3,0,2,1,5,57,6
3239292,0,234,0,40,2,0,2,1,5,17,6
3239296,0,234,0,40,2,0,2,1,5,48,6
3239300,0,234,0,40,2,0,2,1,5,60,6
3239304,0,234,0,40,2,0,2,1,5,59,6
3239308,0,234,0,40,3,0,2,1,5,62,6
3239310,0,234,0,40,2,0,2,1,5,14,6
3239316,0,234,0,40,3,0,2,1,5,72,6
3239318,0,234,0,40,2,0,2,1,5,23,6
3239320,0,234,0,40,2,0,2,1,5,45,6
3239322,0,234,0,40,3,0,2,1,5,27,6
3239326,0,234,0,40,2,0,2,1,5,45,6
3239328,0,234,0,40,3,0,2,1,5,63,6
3239332,0,234,0,40,2,0,2,1,5,57,6
3239334,0,234,0,40,2,0,2,1,5,39,6
3239338,0,234,0,40,2,0,2,1,5,75,6
3239340,0,234,0,40,2,0,2,1,5,42,6
3239348,0,234,0,40,2,0,2,1,5,68,6
3239356,0,234,0,40,2,0,2,1,5,103,6
3239360,0,234,0,40,2,0,2,1,5,56,6
3239362,0,234,0,40,3,0,2,1,5,6,6
3239364,0,234,0,40,2,0,2,1,5,31,6
3239366,0,234,0,40,3,0,2,1,5,25,6
3239374,0,234,0,40,2,0,2,1,5,40,6
3239378,0,234,0,40,2,0,2,1,5,55,6
3239382,0,234,0,40,3,0,2,1,5,42,6
3239388,0,234,0,40,2,0,2,1,5,84,6
3239396,0,234,0,40,2,0,2,1,5,27,6
3239400,0,234,0,40,3,0,2,1,5,40,6
3239406,0,234,0,40,3,0,2,1,5,50,6
3239410,0,234,0,40,3,0,2,1,5,39,6
3239412,0,234,0,40,2,0,2,1,5,42,6
3239414,0,234,0,40,3,0,2,1,5,94,6
3239416,0,234,0,40,3,0,2,1,5,54,6
3239424,0,234,0,40,2,0,2,1,5,70,6
3239428,0,234,0,40,3,0,2,1,5,76,6
3239430,0,234,0,40,2,0,2,1,5,8,6
3239432,0,234,0,40,2,0,2,1,5,13,6
3239434,0,234,0,40,3,0,2,1,5,40,6
3239438,0,234,0,40,2,0,2,1,5,60,6
3239440,0,234,0,40,3,0,2,1,5,30,6
3239446,0,234,0,40,3,0,2,1,5,50,6
3239448,0,234,0,40,3,0,2,1,5,45,6
3239450,0,234,0,40,2,0,2,1,5,62,6
3239452,0,234,0,40,2,0,2,1,5,38,6
3239454,0,234,0,40,3,0,2,1,5,45,6
3239458,0,234,0,40,3,0,2,1,5,34,6
3239462,0,234,0,40,3,0,2,1,5,53,6
3239466,0,234,0,40,3,0,2,1,5,29,6
3239468,0,234,0,40,2,0,2,1,5,36,6
3239474,0,234,0,40,2,0,2,1,5,44,6
3239476,0,234,0,40,2,0,2,1,5,25,6
3239480,0,234,0,40,2,0,2,1,5,31,6
3239482,0,234,0,40,2,0,2,1,5,19,6
3239484,0,234,0,40,3,0,2,1,5,46,6
3239488,0,234,0,40,3,0,2,1,5,40,6
3239490,0,234,0,40,3,0,2,1,5,55,6
3239496,0,234,0,40,2,0,2,1,5,43,6
3239502,0,234,0,40,3,0,2,1,5,15,6
3239510,0,234,0,40,3,0,2,1,5,30,6
3239518,0,234,0,40,3,0,2,1,5,40,6
3239520,0,234,0,40,2,0,2,1,5,51,6
3239524,0,234,0,40,2,0,2,1,5,31,6
3239528,0,234,0,40,2,0,2,1,5,47,6
3239532,0,234,0,40,3,0,2,1,5,35,6
3239542,0,234,0,40,2,0,2,1,5,38,6
3239546,0,234,0,40,2,0,2,1,5,19,6
3239548,0,234,0,40,3,0,2,1,5,65,6
3239552,0,234,0,40,2,0,2,1,5,33,6
3239556,0,234,0,40,3,0,2,1,5,74,6
3239560,0,234,0,40,3,0,2,1,5,46,6
3239562,0,234,0,40,2,0,2,1,5,41,6
3239568,0,234,0,40,2,0,2,1,5,72,6
3239574,0,234,0,40,3,0,2,1,5,38,6
3239578,0,234,0,40,2,0,2,1,5,72,6
3239580,0,234,0,40,3,0,2,1,5,51,6
3229646,0,234,0,40,2,1,2,1,6,21,6
3159270,0,234,0,40,3,12,2,1,74,81,6
3194573,1,234,155,22.7,3,7,2,1,40,28,6
3186823,0,234,0,40,3,10,2,1,47,20,6
3192427,0,234,0,40,3,7,2,1,44,42,6
3230017,0,234,0,40,3,2,2,1,6,21,6
3191543,0,234,0,40,2,9,2,1,43,60,6
3158387,0,234,0,40,3,10,2,1,78,34,6
3228206,0,234,0,40,2,1,2,1,12,58,6
3228538,0,234,0,40,2,1,2,1,10,82,6
3220490,0,234,0,40,3,2,2,1,20,53,6
3223791,0,234,0,40,3,3,2,1,10,73,6
3228015,0,234,0,40,3,2,2,1,10,34,6
3220797,0,234,0,40,2,4,2,1,11,11,6
3179247,0,234,0,40,3,9,2,1,68,54,6
3157245,0,234,0,40,2,13,2,1,78,49,6
3226694,0,234,0,40,2,1,2,1,18,44,6
3209241,0,234,0,40,2,5,2,1,38,40,6
3199476,0,234,0,40,3,7,2,1,34,23,6
3229800,0,234,0,40,2,1,2,1,9,25,6
3229313,0,234,0,40,2,2,2,1,8,30,6
3202574,0,234,0,40,2,5,2,1,42,18,6
3164556,0,234,0,40,2,15,2,1,95,64,6
3226726,0,234,0,40,2,2,2,1,14,34,6
3191811,1,234,221,23.9652,3,8,2,1,48,30,6
3232353,0,234,0,40,2,1,2,1,5,25,6
3204817,0,234,0,40,2,5,2,1,38,51,6
3194309,0,234,0,40,3,7,2,1,47,86,6
3228025,0,234,0,40,3,1,2,1,16,47,6
3216553,0,234,0,40,2,4,2,1,22,79,6
3226724,0,234,0,40,3,2,2,1,14,97,6
3160924,1,234,133,32.3475,3,13,2,1,66,62,6
3229638,0,234,0,40,2,1,2,1,12,91,6
3190150,1,234,147,40,2,11,2,1,40,42,6
3219337,0,234,0,40,3,2,2,1,28,69,6
3189981,0,234,0,40,3,9,2,1,53,102,6
3193225,0,234,0,40,3,9,2,1,50,49,6
3174439,0,234,0,40,2,14,2,1,74,32,6
3209397,0,234,0,40,2,5,2,1,34,76,6
3223426,0,234,0,40,2,3,2,1,15,42,6
3229883,0,234,0,40,2,2,2,1,9,24,6
3228394,0,234,0,40,3,2,2,1,8,76,6
3195605,0,234,0,40,2,9,2,1,37,27,6
3214356,0,234,0,40,2,5,2,1,19,22,6
3224369,0,234,0,40,2,3,2,1,14,17,6
3225230,0,234,0,40,2,3,2,1,12,62,6
3233613,0,234,0,40,2,1,2,1,6,27,6
3226066,0,234,0,40,2,2,2,1,14,99,6
3225798,0,234,0,40,3,3,2,1,17,49,6
3226779,0,234,0,40,2,3,2,1,13,58,6
3233818,0,234,0,40,2,1,2,1,5,78,6
3223127,0,234,0,40,3,1,2,1,27,36,6
3151646,0,234,0,40,2,11,2,1,92,37,6
3218695,0,234,0,40,3,3,2,1,32,24,6
3209104,0,234,0,40,3,4,2,1,25,23,6
3188764,0,234,0,40,3,9,2,1,55,50,6
3213447,0,234,0,40,3,4,2,1,31,20,6
3222238,0,234,0,40,2,3,2,1,24,39,6
3226959,0,234,0,40,2,2,2,1,16,21,6
3230103,0,234,0,40,3,1,2,1,14,49,6
3175627,0,234,0,40,2,10,2,1,69,41,6
3219343,0,234,0,40,3,3,2,1,18,114,6
3162627,0,234,0,40,2,15,2,1,100,23,6
3227393,0,234,0,40,3,2,2,1,13,79,6
3202957,0,234,0,40,3,8,2,1,38,69,6
3222260,0,234,0,40,2,3,2,1,18,37,6
3151812,0,234,0,40,2,13,2,1,85,29,6
3231120,0,234,0,40,3,1,2,1,11,40,6
3158092,0,234,0,40,3,11,2,1,61,53,6
3213376,0,234,0,40,2,3,2,1,31,80,6
3231522,0,234,0,40,3,1,2,1,10,31,6
3150171,0,234,0,40,2,8,2,1,50,60,6
3221383,0,234,0,40,2,4,2,1,19,82,6
3206275,0,234,0,40,2,5,2,1,29,18,6
3205307,0,234,0,40,3,5,2,1,37,52,6
3228270,0,234,0,40,2,2,2,1,10,33,6
3221385,0,234,0,40,3,4,2,1,16,52,6
3226940,0,234,0,40,2,3,2,1,14,72,6
3231604,0,234,0,40,2,1,2,1,8,81,6
3233429,0,234,0,40,2,1,2,1,8,59,6
3219114,0,234,0,40,3,3,2,1,23,68,6
3154741,0,234,0,40,3,14,2,1,91,93,6
3200638,0,234,0,40,3,6,2,1,41,28,6
3233943,0,234,0,40,2,1,2,1,7,63,6
3200735,0,234,0,40,3,6,2,1,43,47,6
3215404,0,234,0,40,3,3,2,1,28,52,6
3219840,0,234,0,40,2,3,2,1,14,16,6
3218744,0,234,0,40,3,4,2,1,25,31,6
3177027,0,234,0,40,2,9,2,1,77,46,6
3193095,0,234,0,40,2,10,2,1,45,20,6
3224591,0,234,0,40,3,3,2,1,11,51,6
3223035,0,234,0,40,2,3,2,1,19,50,6
3169297,0,234,0,40,2,10,2,1,83,51,6
3213842,0,234,0,40,3,6,2,1,19,52,6
3226987,0,234,0,40,3,3,2,1,14,43,6
3234776,0,234,0,40,2,1,2,1,5,34,6
3189786,0,234,0,40,2,7,2,1,65,37,6
3179835,1,234,138,38.3457,2,10,2,1,71,28,6
3165070,1,234,154,40,2,13,2,1,100,84,6
3174399,0,234,0,40,2,11,2,1,71,31,6
3216726,0,234,0,40,2,2,2,1,34,69,6
3222645,0,234,0,40,3,2,2,1,23,43,6
3173139,0,234,0,40,2,10,2,1,68,62,6
3220134,0,234,0,40,3,3,2,1,24,88,6
3191877,0,234,0,40,2,7,2,1,55,16,6
3211893,0,234,0,40,2,4,2,1,32,22,6
3153275,0,234,0,40,3,11,2,1,112,28,6
3191947,0,234,0,40,3,8,2,1,48,33,6
3206396,0,234,0,40,2,4,2,1,38,30,6
3157120,0,234,0,40,3,18,2,1,100,50,6
3158468,0,234,0,40,2,6,2,1,82,21,6
3224464,0,234,0,40,3,2,2,1,18,21,6
3224196,0,234,0,40,2,2,2,1,21,45,6
3204613,0,234,0,40,2,5,2,1,40,7,6
3171955,0,234,0,40,3,11,2,1,78,52,6
3208440,0,234,0,40,2,7,2,1,27,17,6
3204520,0,234,0,40,3,5,2,1,29,64,6
3227370,0,234,0,40,2,2,2,1,14,37,6
3230930,0,234,0,40,2,1,2,1,11,57,6
3202843,0,234,0,40,3,6,2,1,29,74,6
3191281,0,234,0,40,3,7,2,1,56,31,6
3217971,0,234,0,40,3,4,2,1,26,38,6
3183381,1,234,206,31.288,3,10,2,1,50,29,6
3231640,0,234,0,40,2,1,2,1,10,98,6
3232832,0,234,0,40,3,1,2,1,10,28,6
3205202,0,234,0,40,2,5,2,1,37,34,6
3203848,0,234,0,40,3,6,2,1,33,29,6
3204012,0,234,0,40,2,7,2,1,43,61,6
3233401,0,234,0,40,2,1,2,1,9,76,6
3218244,0,234,0,40,2,3,2,1,21,21,6
3224564,0,234,0,40,3,2,2,1,18,29,6
3186905,0,234,0,40,2,7,2,1,59,18,6
3174815,0,234,0,40,3,15,2,1,74,27,6
3214455,0,234,0,40,2,4,2,1,34,4,6
3212447,0,234,0,40,3,5,2,1,26,28,6
3202241,0,234,0,40,3,7,2,1,41,48,6
3163320,0,234,0,40,3,16,2,1,106,74,6
3233524,0,234,0,40,2,1,2,1,8,17,6
3177186,0,234,0,40,3,11,2,1,58,65,6
3175589,0,234,0,40,3,9,2,1,83,43,6
3180212,0,234,0,40,2,9,2,1,69,49,6
3208913,0,234,0,40,2,5,2,1,28,21,6
3227911,0,234,0,40,2,2,2,1,12,54,6
3206743,0,234,0,40,3,4,2,1,36,49,6
3229732,0,234,0,40,2,2,2,1,11,63,6
3173800,0,234,0,40,2,12,2,1,75,76,6
3218572,0,234,0,40,3,3,2,1,29,78,6
3201896,0,234,0,40,2,6,2,1,34,22,6
3181334,0,234,0,40,3,11,2,1,50,41,6
3233870,0,234,0,40,3,1,2,1,7,60,6
3234172,0,234,0,40,3,1,2,1,7,38,6
3205059,0,234,0,40,2,5,2,1,38,30,6
3198233,0,234,0,40,3,8,2,1,37,40,6
3229396,0,234,0,40,2,2,2,1,8,59,6
3230435,0,234,0,40,3,2,2,1,7,38,6
3229412,0,234,0,40,2,2,2,1,10,84,6
3231895,0,234,0,40,3,2,2,1,8,41,6
3230459,0,234,0,40,3,2,2,1,10,24,6
3200708,0,234,0,40,3,7,2,1,36,29,6
3210096,0,234,0,40,2,6,2,1,34,59,6
3157180,0,234,0,40,3,10,2,1,90,29,6
3232979,0,234,0,40,3,1,2,1,6,40,6
3215719,0,234,0,40,3,3,2,1,17,21,6
3225477,0,234,0,40,2,2,2,1,16,38,6
3229752,0,234,0,40,2,2,2,1,8,49,6
3221215,0,234,0,40,3,5,2,1,18,41,6
3165754,1,234,143,40,2,10,2,1,103,70,6
3222266,0,234,0,40,2,3,2,1,16,48,6
3221571,0,234,0,40,3,2,2,1,26,52,6
3214890,0,234,0,40,2,6,2,1,26,21,6
3228556,0,234,0,40,2,2,2,1,14,37,6
3221345,0,234,0,40,3,4,2,1,22,53,6
3222242,0,234,0,40,3,3,2,1,20,66,6
3227427,0,234,0,40,2,3,2,1,14,47,6
3173527,0,234,0,40,3,10,2,1,69,61,6
3233728,0,234,0,40,2,1,2,1,5,74,6
3235550,0,234,0,40,3,1,2,1,5,49,6
3218664,0,234,0,40,3,1,2,1,34,28,6
3183693,0,234,0,40,3,8,2,1,72,32,6
3216032,0,234,0,40,3,2,2,1,31,127,6
3213873,0,234,0,40,3,4,2,1,36,39,6
3217507,0,234,0,40,3,3,2,1,33,31,6
3187129,1,234,141,33.8035,3,8,2,1,53,46,6
3204297,0,234,0,40,2,6,2,1,42,47,6
3226885,0,234,0,40,2,1,2,1,19,78,6
3214470,0,234,0,40,3,3,2,1,32,54,6
3214049,0,234,0,40,3,3,2,1,32,89,6
3208040,0,234,0,40,3,5,2,1,32,21,6
3154837,0,234,0,40,3,13,2,1,79,25,6
3197847,0,234,0,40,3,7,2,1,50,37,6
3228406,0,234,0,40,2,1,2,1,17,36,6
3229515,0,234,0,40,3,1,2,1,17,31,6
3210485,0,234,0,40,3,4,2,1,38,31,6
3185977,1,234,136,40,2,12,2,1,61,43,6
3199820,0,234,0,40,2,4,2,1,57,40,6
3155058,1,234,127,40,2,11,2,1,80,16,6
3230131,0,234,0,40,2,1,2,1,16,17,6
3218273,0,234,0,40,2,3,2,1,25,44,6
3204637,0,234,0,40,3,5,2,1,42,93,6
3229591,0,234,0,40,2,2,2,1,16,54,6
3165471,1,234,177,39.8551,2,12,2,1,97,59,6
3175679,1,234,150,27.5073,3,9,2,1,86,37,6
3224618,0,234,0,40,2,2,2,1,22,54,6
3204891,0,234,0,40,3,5,2,1,46,79,6
3221293,0,234,0,40,2,4,2,1,26,81,6
3224418,0,234,0,40,2,2,2,1,18,24,6
3149757,0,234,0,40,3,17,2,1,92,41,6
3190762,0,234,0,40,3,8,2,1,52,14,6
3231835,0,234,0,40,2,1,2,1,13,47,6
3219521,0,234,0,40,3,4,2,1,17,56,6
3224987,0,234,0,40,3,3,2,1,16,23,6
3223587,0,234,0,40,2,3,2,1,20,37,6
3217486,0,234,0,40,3,6,2,1,18,38,6
3174665,0,234,0,40,2,9,2,1,75,70,6
3225012,0,234,0,40,3,3,2,1,16,51,6
3221306,0,234,0,40,2,2,2,1,16,38,6
3171793,1,234,135,31.3379,3,15,2,1,77,60,6
3210377,0,234,0,40,2,6,2,1,34,33,6
3200714,0,234,0,40,2,5,2,1,45,37,6
3175368,1,234,164,30.0982,3,12,2,1,66,28,6
3196585,0,234,0,40,2,8,2,1,51,42,6
3157684,0,234,0,40,3,13,2,1,69,80,6
3227761,0,234,0,40,3,2,2,1,14,47,6
3229548,0,234,0,40,2,2,2,1,11,50,6
3198948,0,234,0,40,2,8,2,1,43,37,6
3212989,0,234,0,40,2,4,2,1,36,16,6
3181617,0,234,0,40,3,9,2,1,81,25,6
3233377,0,234,0,40,2,1,2,1,10,39,6
3191602,0,234,0,40,2,8,2,1,41,82,6
3229116,0,234,0,40,3,2,2,1,11,23,6
3216363,0,234,0,40,2,6,2,1,18,50,6
3177277,1,234,144,33.4484,3,13,2,1,65,51,6
3212256,0,234,0,40,3,5,2,1,31,47,6
3221169,0,234,0,40,2,4,2,1,20,76,6
3218500,0,234,0,40,2,5,2,1,28,47,6
3233512,0,234,0,40,2,1,2,1,9,56,6
3177671,0,234,0,40,3,11,2,1,58,33,6
3210356,0,234,0,40,3,3,2,1,35,110,6
3200256,0,234,0,40,3,4,2,1,48,26,6
3214912,0,234,0,40,3,3,2,1,33,31,6
3210384,0,234,0,40,2,6,2,1,28,32,6
3158973,0,234,0,40,3,11,2,1,79,38,6
3189306,0,234,0,40,3,8,2,1,56,24,6
3208514,0,234,0,40,3,4,2,1,34,20,6
3207187,0,234,0,40,3,7,2,1,37,46,6
3226294,0,234,0,40,2,3,2,1,17,65,6
3216974,0,234,0,40,3,5,2,1,24,38,6
3188743,0,234,0,40,3,8,2,1,55,23,6
3231662,0,234,0,40,3,2,2,1,10,40,6
3234134,0,234,0,40,3,1,2,1,8,37,6
3212750,0,234,0,40,2,5,2,1,22,28,6
3223003,0,234,0,40,2,2,2,1,19,54,6
3221931,0,234,0,40,3,4,2,1,16,28,6
3218046,0,234,0,40,2,4,2,1,24,82,6
3182133,1,234,150,26.9053,3,12,2,1,55,52,6
3217607,0,234,0,40,2,5,2,1,22,87,6
3221452,0,234,0,40,3,3,2,1,24,44,6
3176066,0,234,0,40,3,14,2,1,73,47,6
3198889,0,234,0,40,3,9,2,1,41,28,6
3216855,0,234,0,40,3,4,2,1,21,39,6
3234453,0,234,0,40,3,1,2,1,7,33,6
3209605,1,234,190,40,2,5,2,1,29,18,6
3222730,0,234,0,40,2,3,2,1,14,70,6
3220041,0,234,0,40,2,3,2,1,23,25,6
3218537,0,234,0,40,3,4,2,1,22,41,6
3204080,0,234,0,40,3,5,2,1,44,53,6
3223790,0,234,0,40,3,3,2,1,20,46,6
3219949,0,234,0,40,3,3,2,1,27,26,6
3224539,0,234,0,40,2,4,2,1,14,72,6
3170618,0,234,0,40,3,14,2,1,76,33,6
3203761,0,234,0,40,3,7,2,1,37,67,6
3198295,0,234,0,40,3,7,2,1,50,54,6
3178196,0,234,0,40,2,12,2,1,64,31,6
3186955,0,234,0,40,2,9,2,1,56,86,6
3151713,0,234,0,40,3,10,2,1,103,36,6
3217898,0,234,0,40,3,4,2,1,17,6,6
3230796,0,234,0,40,2,3,2,1,14,104,6
3150846,0,234,0,40,3,15,2,1,78,51,6
3234279,0,234,0,40,2,1,2,1,6,22,6
3234953,0,234,0,40,2,1,2,1,6,62,6
3235610,0,234,0,40,2,1,2,1,6,28,6
3226905,0,234,0,40,3,2,2,1,12,29,6
3186587,0,234,0,40,2,11,2,1,49,32,6
3226170,0,234,0,40,3,3,2,1,13,21,6
3206684,0,234,0,40,3,7,2,1,26,22,6
3226782,0,234,0,40,3,3,2,1,18,61,6
3196084,0,234,0,40,2,9,2,1,42,69,6
3200969,0,234,0,40,3,10,2,1,37,40,6
3232993,0,234,0,40,3,2,2,1,6,48,6
3187070,0,234,0,40,3,7,2,1,61,76,6
3231790,0,234,0,40,3,2,2,1,9,47,6
3180966,0,234,0,40,2,17,2,1,52,40,6
3206705,1,234,206,37.4641,2,6,2,1,47,64,6
3207465,0,234,0,40,2,5,2,1,36,16,6
3221597,0,234,0,40,3,4,2,1,20,16,6
3153286,0,234,0,40,2,17,2,1,111,69,6
3234731,0,234,0,40,3,1,2,1,5,31,6
3235179,0,234,0,40,2,1,2,1,5,22,6
3235263,0,234,0,40,3,1,2,1,5,35,6
3235567,0,234,0,40,2,1,2,1,5,49,6
3235735,0,234,0,40,3,1,2,1,5,40,6
3236159,0,234,0,40,2,1,2,1,5,43,6
3211343,0,234,0,40,3,2,2,1,41,22,6
3221945,0,234,0,40,2,1,2,1,32,25,6
3207393,0,234,0,40,3,5,2,1,41,67,6
3214148,0,234,0,40,3,3,2,1,34,52,6
3225321,0,234,0,40,3,1,2,1,26,46,6
3225576,0,234,0,40,3,1,2,1,25,27,6
3178988,0,234,0,40,2,10,2,1,59,43,6
3201070,0,234,0,40,3,5,2,1,52,50,6
3226494,0,234,0,40,2,1,2,1,23,61,6
3220550,0,234,0,40,2,2,2,1,25,30,6
3224357,0,234,0,40,2,2,2,1,21,22,6
3202900,0,234,0,40,2,4,2,1,42,41,6
3204821,0,234,0,40,2,7,2,1,41,35,6
3172450,0,234,0,40,3,12,2,1,79,18,6
3213036,0,234,0,40,3,5,2,1,32,16,6
3213079,0,234,0,40,3,4,2,1,26,36,6
3201107,0,234,0,40,2,7,2,1,49,35,6
3187594,0,234,0,40,2,7,2,1,66,20,6
3197312,0,234,0,40,2,10,2,1,42,47,6
3208830,0,234,0,40,2,4,2,1,40,40,6
3186897,0,234,0,40,2,8,2,1,69,49,6
3161887,0,234,0,40,2,11,2,1,83,31,6
3217949,0,234,0,40,2,3,2,1,24,44,6
3151466,0,234,0,40,2,13,2,1,101,14,6
3184086,0,234,0,40,3,6,2,1,80,39,6
3182939,0,234,0,40,3,10,2,1,68,83,6
3194288,0,234,0,40,3,8,2,1,49,15,6
3202624,0,234,0,40,2,6,2,1,37,59,6
3222518,0,234,0,40,3,4,2,1,20,25,6
3221837,0,234,0,40,2,3,2,1,24,50,6
3159611,0,234,0,40,2,16,2,1,86,28,6
3222343,0,234,0,40,3,3,2,1,18,38,6
3160607,0,234,0,40,3,8,2,1,76,19,6
3192546,0,234,0,40,2,8,2,1,61,19,6
3152438,0,234,0,40,2,18,2,1,108,47,6
3209021,0,234,0,40,3,7,2,1,27,49,6
3181175,1,234,138,37.8986,2,13,2,1,57,50,6
3231641,0,234,0,40,2,1,2,1,14,82,6
3213116,0,234,0,40,3,4,2,1,31,13,6
3207159,0,234,0,40,2,5,2,1,33,89,6
3221295,0,234,0,40,2,3,2,1,21,35,6
3226030,0,234,0,40,3,2,2,1,21,39,6
3207939,0,234,0,40,3,5,2,1,33,51,6
3217051,0,234,0,40,3,4,2,1,32,48,6
3205174,0,234,0,40,2,6,2,1,38,17,6
3218501,0,234,0,40,3,3,2,1,29,54,6
3217694,0,234,0,40,2,3,2,1,27,43,6
3227079,0,234,0,40,2,2,2,1,18,33,6
3223191,0,234,0,40,3,3,2,1,20,32,6
3226043,0,234,0,40,3,3,2,1,15,34,6
3231632,0,234,0,40,2,1,2,1,12,37,6
3232976,0,234,0,40,2,1,2,1,12,22,6
3203126,0,234,0,40,2,5,2,1,23,32,6
3213106,0,234,0,40,3,3,2,1,36,56,6
3218815,0,234,0,40,2,3,2,1,28,83,6
3224143,0,234,0,40,3,2,2,1,23,61,6
3226238,0,234,0,40,3,2,2,1,18,52,6
3185107,1,234,134,16.8021,3,12,2,1,52,29,6
3205462,0,234,0,40,2,6,2,1,45,40,6
3193946,0,234,0,40,2,9,2,1,51,48,6
3161514,0,234,0,40,2,15,2,1,84,70,6
3193216,0,234,0,40,2,6,2,1,62,39,6
3232389,0,234,0,40,3,1,2,1,11,68,6
3233089,0,234,0,40,2,1,2,1,11,52,6
3233235,0,234,0,40,2,1,2,1,11,24,6
3199597,0,234,0,40,3,7,2,1,36,42,6
3225108,0,234,0,40,2,3,2,1,12,44,6
3219261,0,234,0,40,2,4,2,1,24,70,6
3222892,0,234,0,40,2,3,2,1,21,37,6
3224599,0,234,0,40,2,2,2,1,19,14,6
3178298,0,234,0,40,2,10,2,1,62,35,6
3205621,0,234,0,40,2,6,2,1,38,58,6
3229669,0,234,0,40,3,2,2,1,15,58,6
3216137,0,234,0,40,3,5,2,1,29,59,6
3157542,0,234,0,40,2,11,2,1,83,48,6
3210505,0,234,0,40,2,3,2,1,47,28,6
3205230,0,234,0,40,2,7,2,1,30,29,6
3201839,0,234,0,40,3,6,2,1,44,45,6
3232369,0,234,0,40,2,1,2,1,10,32,6
3222253,0,234,0,40,3,3,2,1,13,51,6
3219634,0,234,0,40,2,2,2,1,29,60,6
3229648,0,234,0,40,3,2,2,1,12,62,6
3212800,0,234,0,40,2,4,2,1,35,35,6
3213457,0,234,0,40,2,5,2,1,26,32,6
3225376,0,234,0,40,2,3,2,1,17,50,6
3227883,0,234,0,40,2,2,2,1,14,59,6
3228445,0,234,0,40,2,3,2,1,13,37,6
3228302,0,234,0,40,3,2,2,1,16,14,6
3216541,0,234,0,40,3,5,2,1,28,21,6
3229482,0,234,0,40,2,2,2,1,12,44,6
3226387,0,234,0,40,2,4,2,1,16,55,6
3234082,0,234,0,40,3,1,2,1,9,53,6
3175838,0,234,0,40,3,13,2,1,61,50,6
3200407,0,234,0,40,2,6,2,1,43,83,6
3230287,0,234,0,40,2,2,2,1,10,36,6
3221845,0,234,0,40,2,3,2,1,19,32,6
3213221,0,234,0,40,2,4,2,1,34,53,6
3200351,0,234,0,40,3,5,2,1,36,36,6
3226677,0,234,0,40,3,3,2,1,12,39,6
3171112,0,234,0,40,2,13,2,1,73,101,6
3222591,0,234,0,40,3,3,2,1,24,60,6
3231429,0,234,0,40,2,2,2,1,11,20,6
3230587,0,234,0,40,2,3,2,1,10,51,6
3211596,0,234,0,40,2,6,2,1,35,47,6
3231809,0,234,0,40,2,2,2,1,11,79,6
3213430,0,234,0,40,3,6,2,1,25,26,6
3218025,0,234,0,40,2,4,2,1,27,50,6
3193301,0,234,0,40,3,8,2,1,47,31,6
3210637,0,234,0,40,3,4,2,1,37,37,6
3233134,0,234,0,40,3,1,2,1,8,20,6
3233676,0,234,0,40,3,1,2,1,8,64,6
3234145,0,234,0,40,3,1,2,1,8,29,6
3234581,0,234,0,40,2,1,2,1,8,51,6
3222517,0,234,0,40,2,2,2,1,21,29,6
3229061,0,234,0,40,2,2,2,1,9,66,6
3149456,0,234,0,40,3,15,2,1,94,41,6
3204483,0,234,0,40,2,4,2,1,42,77,6
3208131,0,234,0,40,3,7,2,1,25,56,6
3224804,0,234,0,40,2,2,2,1,21,22,6
3175810,0,234,0,40,2,13,2,1,73,68,6
3207376,0,234,0,40,3,6,2,1,29,34,6
3193928,0,234,0,40,3,8,2,1,60,40,6
3209338,0,234,0,40,3,5,2,1,34,41,6
3207829,0,234,0,40,3,6,2,1,39,104,6
3225503,0,234,0,40,3,3,2,1,17,39,6
3230156,0,234,0,40,2,2,2,1,11,21,6
3202340,0,234,0,40,2,6,2,1,37,60,6
3221670,0,234,0,40,2,3,2,1,24,94,6
3152067,0,234,0,40,3,15,2,1,75,25,6
3214828,0,234,0,40,3,5,2,1,32,26,6
3223214,0,234,0,40,2,3,2,1,16,59,6
3224076,0,234,0,40,3,4,2,1,14,38,6
3222390,0,234,0,40,2,4,2,1,21,82,6
3233378,0,234,0,40,3,2,2,1,8,67,6
3234295,0,234,0,40,3,1,2,1,7,53,6
3235382,0,234,0,40,3,1,2,1,7,29,6
3228595,0,234,0,40,2,2,2,1,10,25,6
3192095,0,234,0,40,2,6,2,1,53,62,6
3228872,0,234,0,40,2,2,2,1,11,33,6
3229523,0,234,0,40,3,3,2,1,8,30,6
3188354,0,234,0,40,3,8,2,1,53,45,6
3224799,0,234,0,40,2,3,2,1,11,38,6
3226084,0,234,0,40,3,3,2,1,9,72,6
3187460,0,234,0,40,2,7,2,1,61,60,6
3207725,0,234,0,40,2,7,2,1,32,52,6
3211371,0,234,0,40,3,5,2,1,25,63,6
3210607,0,234,0,40,3,5,2,1,28,59,6
3214257,0,234,0,40,3,5,2,1,24,88,6
3204140,0,234,0,40,3,7,2,1,33,25,6
3231984,0,234,0,40,3,2,2,1,7,16,6
3211667,0,234,0,40,3,4,2,1,32,30,6
3216980,0,234,0,40,3,5,2,1,22,43,6
3232239,0,234,0,40,2,2,2,1,9,30,6
3199413,0,234,0,40,2,9,2,1,44,57,6
3189943,0,234,0,40,2,8,2,1,58,35,6
3229457,0,234,0,40,3,3,2,1,14,55,6
3181363,0,234,0,40,2,14,2,1,46,47,6
3231724,0,234,0,40,2,1,2,1,6,30,6
3235267,0,234,0,40,2,1,2,1,6,42,6
3235801,0,234,0,40,3,1,2,1,6,74,6
3204339,0,234,0,40,3,5,2,1,31,46,6
3225061,0,234,0,40,2,3,2,1,14,41,6
3229225,0,234,0,40,2,3,2,1,7,42,6
3190331,0,234,0,40,2,5,2,1,68,63,6
3226753,0,234,0,40,3,3,2,1,9,35,6
3202743,0,234,0,40,3,7,2,1,42,41,6
3228174,0,234,0,40,2,3,2,1,13,45,6
3226052,0,234,0,40,3,2,2,1,20,71,6
3218036,0,234,0,40,3,4,2,1,26,63,6
3176328,1,234,126,40,2,10,2,1,73,25,6
3221223,0,234,0,40,3,4,2,1,18,57,6
3190161,0,234,0,40,2,12,2,1,45,57,6
3210524,0,234,0,40,2,4,2,1,39,24,6
3198805,0,234,0,40,2,7,2,1,42,43,6
3218255,0,234,0,40,3,3,2,1,26,43,6
3224485,0,234,0,40,3,3,2,1,14,62,6
3179149,0,234,0,40,3,14,2,1,53,37,6
3210371,0,234,0,40,2,5,2,1,31,65,6
3213811,0,234,0,40,3,7,2,1,20,13,6
3218225,0,234,0,40,2,2,2,1,36,20,6
3154927,1,234,135,29.5408,3,17,2,1,91,39,6
3233479,0,234,0,40,3,2,2,1,9,48,6
3231803,0,234,0,40,2,3,2,1,10,29,6
3222647,0,234,0,40,2,4,2,1,28,60,6
3151589,0,234,0,40,2,10,2,1,84,99,6
3207810,0,234,0,40,3,7,2,1,23,25,6
3236044,0,234,0,40,2,1,2,1,5,27,6
3236148,0,234,0,40,2,1,2,1,5,41,6
3236353,0,234,0,40,2,1,2,1,5,33,6
3187212,0,234,0,40,2,7,2,1,61,41,6
3166969,1,234,122,21.5747,3,13,2,1,103,42,6
3222708,0,234,0,40,3,1,2,1,30,38,6
3219859,0,234,0,40,3,3,2,1,32,21,6
3215309,0,234,0,40,2,3,2,1,36,80,6
3195121,1,234,156,21.862,3,6,2,1,53,36,6
3150413,0,234,0,40,2,10,2,1,97,44,6
3220389,0,234,0,40,2,3,2,1,30,59,6
3226815,0,234,0,40,2,1,2,1,23,35,6
3217395,0,234,0,40,3,2,2,1,33,13,6
3214498,0,234,0,40,2,4,2,1,27,44,6
3205785,0,234,0,40,2,6,2,1,44,95,6
3167239,0,234,0,40,2,13,2,1,95,30,6
3223027,0,234,0,40,3,3,2,1,25,43,6
3211902,0,234,0,40,3,4,2,1,38,19,6
3171622,0,234,0,40,3,8,2,1,94,80,6
3182094,0,234,0,40,2,6,2,1,79,25,6
3157335,0,234,0,40,3,13,2,1,93,17,6
3225633,0,234,0,40,3,2,2,1,21,26,6
3164350,0,234,0,40,2,13,2,1,104,35,6
3189246,0,234,0,40,2,8,2,1,57,92,6
3210027,0,234,0,40,2,5,2,1,33,81,6
3229428,0,234,0,40,3,1,2,1,18,42,6
3212479,0,234,0,40,3,4,2,1,38,28,6
3228171,0,234,0,40,2,1,2,1,17,37,6
3209916,0,234,0,40,2,5,2,1,32,41,6
3186522,0,234,0,40,2,10,2,1,64,53,6
3222976,0,234,0,40,2,3,2,1,24,55,6
3211231,0,234,0,40,3,6,2,1,32,30,6
3230403,0,234,0,40,3,1,2,1,16,39,6
3231315,0,234,0,40,3,1,2,1,16,22,6
3218313,0,234,0,40,3,4,2,1,27,46,6
3200521,0,234,0,40,2,6,2,1,44,25,6
3201510,0,234,0,40,2,5,2,1,48,60,6
3189642,0,234,0,40,2,12,2,1,53,59,6
3227167,0,234,0,40,2,2,2,1,22,53,6
3231623,0,234,0,40,2,1,2,1,15,27,6
3221525,0,234,0,40,3,3,2,1,20,42,6
3196223,0,234,0,40,3,8,2,1,45,25,6
3224700,0,234,0,40,2,3,2,1,19,37,6
3205889,0,234,0,40,2,5,2,1,39,37,6
3191183,0,234,0,40,3,11,2,1,52,44,6
3196101,0,234,0,40,2,9,2,1,50,15,6
3228248,0,234,0,40,3,2,2,1,19,28,6
3231678,0,234,0,40,2,1,2,1,14,41,6
3231974,0,234,0,40,3,1,2,1,14,67,6
3206006,0,234,0,40,2,5,2,1,36,52,6
3227114,0,234,0,40,3,3,2,1,15,16,6
3168941,1,234,134,40,2,14,2,1,84,17,6
3152354,0,234,0,40,3,8,2,1,78,21,6
3166307,1,234,124,40,2,15,2,1,88,56,6
3229543,0,234,0,40,3,2,2,1,17,24,6
3216360,0,234,0,40,2,4,2,1,29,50,6
3232435,0,234,0,40,3,1,2,1,13,51,6
3232818,0,234,0,40,2,1,2,1,13,33,6
3196505,0,234,0,40,3,9,2,1,41,73,6
3221069,0,234,0,40,3,3,2,1,20,50,6
3217659,0,234,0,40,3,4,2,1,26,49,6
3188849,1,234,141,40,2,9,2,1,60,47,6
3183508,0,234,0,40,3,8,2,1,78,32,6
3186646,0,234,0,40,3,7,2,1,55,25,6
3231342,0,234,0,40,3,1,2,1,12,25,6
3232629,0,234,0,40,3,1,2,1,12,48,6
3233217,0,234,0,40,3,1,2,1,12,28,6
3185832,0,234,0,40,3,8,2,1,57,43,6
3194058,0,234,0,40,2,8,2,1,51,31,6
3189531,0,234,0,40,2,8,2,1,55,65,6
3208214,0,234,0,40,3,5,2,1,38,17,6
3229701,0,234,0,40,3,2,2,1,13,26,6
3216999,0,234,0,40,2,3,2,1,32,30,6
3204597,0,234,0,40,2,7,2,1,31,42,6
3175196,0,234,0,40,2,10,2,1,87,58,6
3201317,0,234,0,40,2,7,2,1,36,30,6
3225479,0,234,0,40,3,3,2,1,22,54,6
3201974,0,234,0,40,3,6,2,1,42,37,6
3232775,0,234,0,40,2,1,2,1,11,30,6
3184701,0,234,0,40,2,8,2,1,58,30,6
3215952,0,234,0,40,2,3,2,1,25,87,6
3149636,0,234,0,40,2,10,2,1,108,39,6
3197070,0,234,0,40,2,8,2,1,47,34,6
3211809,1,234,227,30.4165,2,3,2,1,40,37,6
3221194,0,234,0,40,3,4,2,1,22,55,6
3229988,0,234,0,40,2,2,2,1,11,26,6
3200239,0,234,0,40,2,4,2,1,58,37,6
3156090,0,234,0,40,2,11,2,1,66,31,6
3211277,0,234,0,40,2,5,2,1,30,63,6
3190773,0,234,0,40,3,9,2,1,49,54,6
3230265,0,234,0,40,2,3,2,1,12,35,6
3233758,0,234,0,40,2,1,2,1,10,31,6
3234144,0,234,0,40,3,1,2,1,10,37,6
3234396,0,234,0,40,3,1,2,1,10,52,6
3234594,0,234,0,40,3,1,2,1,10,42,6
3201767,0,234,0,40,2,8,2,1,32,62,6
3196182,0,234,0,40,2,7,2,1,44,22,6
3223909,0,234,0,40,2,3,2,1,17,66,6
3229941,0,234,0,40,3,2,2,1,11,36,6
3230392,0,234,0,40,3,2,2,1,11,75,6
3230747,0,234,0,40,3,2,2,1,10,16,6
3200807,0,234,0,40,2,7,2,1,40,53,6
3191265,0,234,0,40,3,7,2,1,58,56,6
3220733,0,234,0,40,2,3,2,1,25,29,6
3172102,0,234,0,40,2,12,2,1,78,73,6
3153296,0,234,0,40,2,13,2,1,89,35,6
3230943,0,234,0,40,3,2,2,1,12,28,6
3215581,0,234,0,40,3,5,2,1,21,10,6
3213399,0,234,0,40,3,5,2,1,26,58,6
3224967,0,234,0,40,2,3,2,1,21,59,6
3231322,0,234,0,40,3,2,2,1,11,32,6
3211794,0,234,0,40,2,7,2,1,32,66,6
3220143,0,234,0,40,3,4,2,1,25,48,6
3219555,0,234,0,40,2,3,2,1,31,38,6
3198578,0,234,0,40,2,9,2,1,32,57,6
3234245,0,234,0,40,2,1,2,1,9,20,6
3229030,0,234,0,40,3,2,2,1,10,23,6
3220183,0,234,0,40,3,3,2,1,22,41,6
3197924,0,234,0,40,2,7,2,1,43,37,6
3231391,0,234,0,40,2,2,2,1,9,60,6
3156034,0,234,0,40,3,14,2,1,81,40,6
3230043,0,234,0,40,2,2,2,1,12,50,6
3190749,0,234,0,40,3,7,2,1,54,22,6
3216207,0,234,0,40,3,3,2,1,35,41,6
3227080,0,234,0,40,3,3,2,1,17,83,6
3215384,0,234,0,40,2,6,2,1,25,14,6
3192041,0,234,0,40,2,6,2,1,66,68,6
3165659,0,234,0,40,2,15,2,1,100,85,6
3215940,0,234,0,40,2,4,2,1,30,41,6
3209044,0,234,0,40,2,7,2,1,28,44,6
3162810,0,234,0,40,3,13,2,1,96,109,6
3202510,0,234,0,40,2,8,2,1,34,41,6
3169788,1,234,131,40,2,16,2,1,79,45,6
3230802,0,234,0,40,2,2,2,1,15,37,6
3157928,0,234,0,40,3,11,2,1,70,43,6
3189738,0,234,0,40,2,9,2,1,53,31,6
3178801,1,234,130,26.2588,3,13,2,1,66,43,6
3214179,0,234,0,40,2,8,2,1,33,81,6
3228458,1,234,219,39.2992,2,3,2,1,14,45,6
3234271,0,234,0,40,2,1,2,1,8,60,6
3234737,0,234,0,40,2,1,2,1,8,36,6
3234857,0,234,0,40,2,1,2,1,8,28,6
3155691,0,234,0,40,2,13,2,1,86,54,6
3157647,0,234,0,40,2,12,2,1,74,87,6
3204435,0,234,0,40,3,9,2,1,27,59,6
3229440,0,234,0,40,3,2,2,1,10,67,6
3188465,0,234,0,40,2,11,2,1,49,46,6
3190344,0,234,0,40,3,8,2,1,52,27,6
3199290,0,234,0,40,3,8,2,1,39,67,6
3190287,0,234,0,40,2,8,2,1,60,21,6
3211212,0,234,0,40,3,4,2,1,35,34,6
3211644,0,234,0,40,3,6,2,1,30,27,6
3206120,0,234,0,40,2,6,2,1,32,69,6
3225819,0,234,0,40,2,3,2,1,18,82,6
3166217,0,234,0,40,3,13,2,1,103,74,6
3229066,0,234,0,40,3,3,2,1,13,53,6
3184252,1,234,148,40,2,10,2,1,56,33,6
3203361,0,234,0,40,3,8,2,1,35,39,6
3182811,0,234,0,40,3,8,2,1,78,28,6
3163420,0,234,0,40,2,14,2,1,100,36,6
3213103,0,234,0,40,3,4,2,1,33,40,6
3217220,0,234,0,40,3,3,2,1,29,26,6
3232925,0,234,0,40,3,2,2,1,10,38,6
3162960,0,234,0,40,3,22,2,1,75,71,6
3191319,0,234,0,40,2,6,2,1,68,14,6
3211683,0,234,0,40,3,5,2,1,31,49,6
3235155,0,234,0,40,2,1,2,1,7,27,6
3235259,0,234,0,40,2,1,2,1,7,59,6
3196966,0,234,0,40,2,8,2,1,34,51,6
3188704,0,234,0,40,2,11,2,1,49,29,6
3211032,0,234,0,40,2,3,2,1,31,42,6
3177742,0,234,0,40,2,13,2,1,78,46,6
3152858,0,234,0,40,3,12,2,1,84,45,6
3218601,0,234,0,40,2,4,2,1,20,56,6
3219806,0,234,0,40,2,6,2,1,21,43,6
3232974,0,234,0,40,2,2,2,1,7,30,6
3195229,0,234,0,40,3,8,2,1,50,63,6
3230002,0,234,0,40,2,2,2,1,12,56,6
3153658,0,234,0,40,2,12,2,1,88,59,6
3227896,0,234,0,40,2,4,2,1,14,45,6
3224781,0,234,0,40,3,3,2,1,18,26,6
3210639,0,234,0,40,3,5,2,1,34,80,6
3231542,0,234,0,40,3,2,2,1,10,38,6
3156767,0,234,0,40,2,10,2,1,118,40,6
3155559,0,234,0,40,3,13,2,1,80,51,6
3190897,0,234,0,40,3,8,2,1,55,70,6
3183647,0,234,0,40,3,10,2,1,57,55,6
3210968,0,234,0,40,2,5,2,1,40,73,6
3216150,0,234,0,40,3,5,2,1,19,24,6
3211519,0,234,0,40,3,6,2,1,26,66,6
3168649,1,234,140,40,2,14,2,1,81,70,6
3222003,0,234,0,40,2,3,2,1,24,63,6
3179864,1,234,223,30.2235,2,10,2,1,73,24,6
3234879,0,234,0,40,2,1,2,1,6,65,6
3236319,0,234,0,40,2,1,2,1,6,25,6
3236461,0,234,0,40,2,1,2,1,6,38,6
3236713,0,234,0,40,2,1,2,1,6,18,6
3229651,0,234,0,40,2,2,2,1,10,51,6
3165169,0,234,0,40,2,13,2,1,100,19,6
3225529,0,234,0,40,2,3,2,1,10,39,6
3213072,0,234,0,40,2,5,2,1,22,44,6
3228873,0,234,0,40,3,2,2,1,12,57,6
3184141,0,234,0,40,2,11,2,1,58,50,6
3206973,0,234,0,40,2,6,2,1,32,62,6
3207208,0,234,0,40,2,6,2,1,37,22,6
3230351,0,234,0,40,2,2,2,1,10,24,6
3218385,0,234,0,40,3,5,2,1,19,33,6
3219045,0,234,0,40,3,5,2,1,15,37,6
3170429,1,234,104,36.6462,3,12,2,1,85,23,6
3159199,1,234,158,40,2,10,2,1,88,18,6
3202098,0,234,0,40,2,5,2,1,46,45,6
3216989,0,234,0,40,2,6,2,1,20,17,6
3211324,0,234,0,40,3,4,2,1,40,50,6
3216315,0,234,0,40,3,4,2,1,32,15,6
3231467,0,234,0,40,3,2,2,1,12,76,6
3180525,0,234,0,40,2,14,2,1,66,70,6
3225406,0,234,0,40,3,4,2,1,12,14,6
3210284,0,234,0,40,3,6,2,1,35,26,6
3214484,0,234,0,40,2,5,2,1,33,44,6
3204548,0,234,0,40,3,7,2,1,39,23,6
3159312,0,234,0,40,2,16,2,1,87,72,6
3222322,0,234,0,40,3,5,2,1,18,60,6
3230298,0,234,0,40,2,3,2,1,12,42,6
3180095,1,234,139,21.6204,3,12,2,1,69,36,6
3187414,0,234,0,40,2,12,2,1,58,38,6
3220918,0,234,0,40,3,5,2,1,13,80,6
3234124,0,234,0,40,3,2,2,1,6,42,6
3212899,0,234,0,40,2,4,2,1,32,106,6
3231087,0,234,0,40,2,2,2,1,14,44,6
3218063,0,234,0,40,2,5,2,1,28,38,6
3210850,0,234,0,40,2,6,2,1,32,43,6
3151577,0,234,0,40,2,11,2,1,89,46,6
3158077,0,234,0,40,2,14,2,1,96,21,6
3235818,0,234,0,40,2,1,2,1,5,32,6
3236202,0,234,0,40,3,1,2,1,5,32,6
3236702,0,234,0,40,2,1,2,1,5,26,6
3236884,0,234,0,40,2,1,2,1,5,61,6
3237026,0,234,0,40,3,1,2,1,5,30,6
3237108,0,234,0,40,2,1,2,1,5,48,6
3187462,0,234,0,40,2,7,2,1,73,21,6
3217336,0,234,0,40,3,2,2,1,35,33,6
3221608,0,234,0,40,2,1,2,1,33,61,6
3207052,0,234,0,40,2,4,2,1,43,36,6
3196822,0,234,0,40,3,5,2,1,60,14,6
3226808,0,234,0,40,2,1,2,1,25,94,6
3178784,0,234,0,40,3,10,2,1,85,59,6
3227180,0,234,0,40,3,1,2,1,23,44,6
3216641,0,234,0,40,3,4,2,1,33,58,6
3215779,0,234,0,40,3,4,2,1,28,24,6
3177732,0,234,0,40,3,9,2,1,88,48,6
3154796,1,234,0,40,3,12,2,1,108,18,6
3221955,0,234,0,40,2,3,2,1,27,52,6
3161228,0,234,0,40,3,9,2,1,103,41,6
3160720,0,234,0,40,3,20,2,1,101,98,6
3184828,0,234,0,40,2,8,2,1,79,35,6
3212774,0,234,0,40,2,4,2,1,39,45,6
3229272,0,234,0,40,2,1,2,1,19,58,6
3149901,0,234,0,40,2,14,2,1,79,52,6
3221789,0,234,0,40,3,3,2,1,25,60,6
3212280,0,234,0,40,2,5,2,1,25,21,6
3220234,0,234,0,40,2,3,2,1,30,30,6
3230738,0,234,0,40,3,1,2,1,18,46,6
3153218,0,234,0,40,3,9,2,1,111,21,6
3170353,0,234,0,40,2,5,2,1,111,36,6
3200353,0,234,0,40,2,6,2,1,50,20,6
3222981,0,234,0,40,3,3,2,1,23,22,6
3199195,0,234,0,40,2,6,2,1,51,52,6
3180620,1,234,129,29.3696,3,11,2,1,66,39,6
3229266,0,234,0,40,2,1,2,1,17,25,6
3224588,0,234,0,40,3,2,2,1,22,53,6
3217552,0,234,0,40,3,4,2,1,26,38,6
3212855,0,234,0,40,3,5,2,1,31,16,6
3210698,0,234,0,40,3,5,2,1,34,58,6
3227413,0,234,0,40,2,2,2,1,21,54,6
3194357,0,234,0,40,2,8,2,1,53,26,6
3230685,0,234,0,40,3,1,2,1,16,52,6
3197535,0,234,0,40,2,7,2,1,40,31,6
3223673,0,234,0,40,2,3,2,1,21,54,6
3218087,0,234,0,40,3,4,2,1,32,40,6
3219566,0,234,0,40,2,4,2,1,29,38,6
3221582,0,234,0,40,2,2,2,1,28,57,6
3232202,0,234,0,40,2,1,2,1,15,38,6
3204224,0,234,0,40,2,5,2,1,49,37,6
3210747,0,234,0,40,3,5,2,1,30,44,6
3220735,0,234,0,40,3,3,2,1,28,55,6
3156175,0,234,0,40,2,14,2,1,92,92,6
3225635,0,234,0,40,2,3,2,1,19,73,6
3224586,0,234,0,40,2,3,2,1,20,49,6
3231081,0,234,0,40,2,2,2,1,16,27,6
3232539,0,234,0,40,2,1,2,1,14,34,6
3184951,0,234,0,40,2,9,2,1,60,66,6
3189691,0,234,0,40,2,9,2,1,55,77,6
3223678,0,234,0,40,3,2,2,1,24,62,6
3195694,0,234,0,40,2,7,2,1,43,61,6
3227041,0,234,0,40,3,2,2,1,19,39,6
3154299,0,234,0,40,3,12,2,1,86,13,6
3158650,0,234,0,40,3,14,2,1,84,51,6
3224023,0,234,0,40,2,3,2,1,20,41,6
3205199,0,234,0,40,2,6,2,1,47,31,6
3231438,0,234,0,40,3,1,2,1,13,120,6
3233567,0,234,0,40,2,1,2,1,13,84,6
3225625,0,234,0,40,3,2,2,1,16,22,6
3200042,0,234,0,40,2,7,2,1,45,99,6
3224446,0,234,0,40,3,3,2,1,22,11,6
3218081,0,234,0,40,3,5,2,1,32,21,6
3195773,0,234,0,40,2,9,2,1,47,82,6
3157887,0,234,0,40,3,10,2,1,80,23,6
3165252,0,234,132,40,2,15,2,1,94,22,6
3176230,0,234,0,40,3,12,2,1,79,99,6
3183856,1,234,146,40,2,11,2,1,60,78,6
3232799,0,234,0,40,2,1,2,1,12,76,6
3233747,0,234,0,40,2,1,2,1,12,49,6
3206040,0,234,0,40,2,4,2,1,38,29,6
3202601,0,234,0,40,3,8,2,1,32,19,6
3215999,0,234,0,40,2,3,2,1,31,79,6
3214554,0,234,0,40,3,5,2,1,21,10,6
3216599,0,234,0,40,3,4,2,1,29,55,6
3209835,0,234,0,40,3,5,2,1,34,36,6
3163398,0,234,0,40,2,14,2,1,110,45,6
3229601,0,234,0,40,2,2,2,1,16,70,6
3194478,0,234,0,40,2,10,2,1,50,48,6
3171222,0,234,0,40,2,14,2,1,67,32,6
3228443,0,234,0,40,3,3,2,1,16,18,6
3186854,1,234,175,40,2,11,2,1,61,36,6
3212093,0,234,0,40,2,4,2,1,44,45,6
3219979,0,234,0,40,2,4,2,1,28,38,6
3212374,0,234,0,40,3,5,2,1,36,79,6
3182272,0,234,0,40,2,10,2,1,67,17,6
3222040,0,234,0,40,2,4,2,1,25,48,6
3224958,0,234,0,40,3,3,2,1,20,55,6
3232987,0,234,0,40,2,1,2,1,11,16,6
3233586,0,234,0,40,2,1,2,1,11,49,6
3234098,0,234,0,40,2,1,2,1,11,31,6
3234358,0,234,0,40,2,1,2,1,11,18,6
3203240,0,234,0,40,3,5,2,1,42,37,6
3190463,0,234,0,40,3,8,2,1,51,61,6
3217429,0,234,0,40,3,4,2,1,29,29,6
3195771,0,234,0,40,3,9,2,1,38,51,6
3229289,0,234,0,40,3,2,2,1,16,22,6
3221413,0,234,0,40,2,5,2,1,21,31,6
3194386,0,234,0,40,2,7,2,1,53,47,6
3199766,0,234,0,40,3,7,2,1,51,46,6
3224220,0,234,0,40,2,3,2,1,22,27,6
3206854,0,234,0,40,3,6,2,1,40,52,6
3154266,0,234,0,40,2,16,2,1,84,56,6
3202054,0,234,0,40,3,7,2,1,29,69,6
3214233,0,234,0,40,3,5,2,1,33,15,6
3207276,0,234,0,40,3,5,2,1,47,61,6
3234906,0,234,0,40,3,1,2,1,10,30,6
3235032,0,234,0,40,3,1,2,1,10,36,6
3218661,0,234,0,40,2,3,2,1,26,79,6
3223270,0,234,0,40,2,2,2,1,22,25,6
3197424,0,234,0,40,2,6,2,1,50,61,6
3196850,0,234,0,40,3,7,2,1,49,43,6
3227840,0,234,0,40,2,2,2,1,17,31,6
3231031,0,234,0,40,2,2,2,1,11,45,6
3225629,0,234,0,40,3,3,2,1,18,65,6
3226119,0,234,0,40,2,2,2,1,21,26,6
3207952,0,234,0,40,2,5,2,1,41,45,6
3156398,1,234,148,39.9414,2,19,2,1,107,49,6
3201235,0,234,0,40,2,5,2,1,55,67,6
3210724,0,234,0,40,3,6,2,1,33,38,6
3222640,0,234,0,40,2,3,2,1,22,27,6
3223379,0,234,0,40,2,3,2,1,22,55,6
3172481,0,234,0,40,2,13,2,1,77,16,6
3225030,0,234,0,40,2,3,2,1,16,41,6
3158391,0,234,0,40,3,14,2,1,71,52,6
3231492,0,234,0,40,2,2,2,1,10,60,6
3202105,0,234,0,40,3,8,2,1,41,46,6
3208112,0,234,0,40,3,7,2,1,39,44,6
3233528,0,234,0,40,2,2,2,1,10,37,6
3170921,0,234,0,40,3,16,2,1,67,49,6
3233422,0,234,0,40,3,1,2,1,9,23,6
3235077,0,234,0,40,3,1,2,1,9,44,6
3235378,0,234,0,40,2,1,2,1,9,18,6
3235538,0,234,0,40,2,1,2,1,9,27,6
3217528,0,234,0,40,2,4,2,1,24,86,6
3163830,0,234,0,40,3,13,2,1,101,89,6
3217034,0,234,0,40,2,4,2,1,17,86,6
3230538,0,234,0,40,2,2,2,1,11,26,6
3195020,0,234,0,40,2,7,2,1,49,16,6
3231593,0,234,0,40,2,2,2,1,10,32,6
3219460,0,234,0,40,3,3,2,1,21,18,6
3178912,0,234,0,40,3,11,2,1,79,33,6
3180023,0,234,0,40,3,12,2,1,70,58,6
3185069,0,234,0,40,2,12,2,1,61,28,6
3210169,0,234,0,40,2,4,2,1,38,26,6
3180330,0,234,0,40,2,11,2,1,69,42,6
3153355,1,234,128,29.1392,3,14,2,1,87,53,6
3226792,0,234,0,40,3,3,2,1,16,54,6
3228786,0,234,0,40,3,3,2,1,13,47,6
3232905,0,234,0,40,3,2,2,1,9,62,6
3186628,0,234,0,40,3,7,2,1,63,23,6
3219680,0,234,0,40,2,4,2,1,27,22,6
3197586,0,234,0,40,2,6,2,1,57,70,6
3219274,0,234,0,40,2,4,2,1,22,54,6
3226105,0,234,0,40,2,3,2,1,17,20,6
3231569,0,234,0,40,2,2,2,1,14,52,6
3174853,0,234,0,40,3,12,2,1,75,37,6
3221042,0,234,0,40,3,4,2,1,23,33,6
3155249,0,234,0,40,3,18,2,1,99,21,6
3234603,0,234,0,40,2,1,2,1,8,68,6
3235215,0,234,0,40,2,1,2,1,8,22,6
3235483,0,234,0,40,2,1,2,1,8,62,6
3236039,0,234,0,40,3,1,2,1,8,22,6
3236165,0,234,0,40,3,1,2,1,8,37,6
3202514,0,234,0,40,3,6,2,1,36,17,6
3185202,0,234,0,40,2,13,2,1,58,47,6
3213040,0,234,0,40,3,5,2,1,25,28,6
3198688,0,234,0,40,2,8,2,1,33,33,6
3231232,0,234,0,40,3,2,2,1,8,29,6
3231727,0,234,0,40,3,2,2,1,9,56,6
3230404,0,234,0,40,2,2,2,1,12,36,6
3157277,0,234,0,40,3,15,2,1,85,37,6
3188951,0,234,0,40,2,11,2,1,50,62,6
3222516,0,234,0,40,2,3,2,1,19,52,6
3186582,0,234,0,40,2,10,2,1,62,33,6
3182023,0,234,0,40,2,9,2,1,74,22,6
3224045,0,234,0,40,3,3,2,1,19,48,6
3197293,0,234,0,40,2,10,2,1,45,19,6
3149886,0,234,0,40,2,16,2,1,88,18,6
3169580,1,234,116,40,2,19,2,1,73,32,6
3219874,0,234,0,40,2,4,2,1,19,56,6
3223943,0,234,0,40,3,3,2,1,23,24,6
3207740,0,234,0,40,3,6,2,1,35,56,6
3200337,0,234,0,40,2,7,2,1,48,13,6
3223732,0,234,0,40,2,5,2,1,18,70,6
3229898,0,234,0,40,2,2,2,1,16,52,6
3211267,0,234,0,40,3,7,2,1,34,27,6
3160380,0,234,0,40,3,13,2,1,50,92,6
3234394,0,234,0,40,2,2,2,1,9,9,6
3151346,0,234,0,40,2,13,2,1,65,25,6
3158819,1,234,150,40,2,11,2,1,76,36,6
3236289,2,234,0,40,3,1,2,1,7,24,6
3236383,0,234,0,40,3,1,2,1,7,103,6
3236711,0,234,0,40,2,1,2,1,7,61,6
3227630,0,234,0,40,2,2,2,1,12,53,6
3219133,0,234,0,40,2,2,2,1,27,24,6
3210412,0,234,0,40,2,5,2,1,29,20,6
3176877,0,234,0,40,3,11,2,1,67,22,6
3219072,0,234,0,40,3,4,2,1,22,20,6
3226950,0,234,0,40,2,3,2,1,13,10,6
3224882,0,234,0,40,3,4,2,1,14,80,6
3229874,0,234,0,40,3,3,2,1,9,34,6
3226620,0,234,0,40,3,3,2,1,18,125,6
3216116,0,234,0,40,3,5,2,1,25,73,6
3202106,0,234,0,40,3,8,2,1,30,42,6
3227332,0,234,0,40,3,2,2,1,18,39,6
3210901,0,234,0,40,2,6,2,1,34,13,6
3149812,0,234,0,40,2,15,2,1,86,26,6
3204812,0,234,0,40,2,6,2,1,32,42,6
3173441,0,234,0,40,2,13,2,1,76,52,6
3165534,0,234,0,40,2,18,2,1,77,43,6
3233023,0,234,0,40,2,2,2,1,7,28,6
3201663,0,234,0,40,3,10,2,1,39,82,6
3230444,0,234,0,40,3,3,2,1,8,33,6
3185329,1,234,158,40,2,15,2,1,39,39,6
3234228,0,234,0,40,2,2,2,1,7,27,6
3226722,0,234,0,40,2,3,2,1,16,66,6
3232549,0,234,0,40,3,2,2,1,10,42,6
3200224,0,234,0,40,2,9,2,1,21,48,6
3199938,0,234,0,40,2,9,2,1,36,46,6
3199216,0,234,0,40,3,7,2,1,52,35,6
3219720,0,234,0,40,3,6,2,1,19,97,6
3228120,0,234,0,40,2,2,2,1,21,43,6
3204787,0,234,0,40,2,5,2,1,39,50,6
3214832,0,234,0,40,3,6,2,1,31,24,6
3232057,0,234,0,40,3,2,2,1,11,45,6
3228238,0,234,0,40,2,3,2,1,13,39,6
3164796,0,234,0,40,2,12,2,1,122,38,6
3236058,0,234,0,40,3,1,2,1,6,39,6
3236334,0,234,0,40,2,1,2,1,6,39,6
3236498,0,234,0,40,2,1,2,1,6,32,6
3236534,0,234,0,40,2,1,2,1,6,46,6
3236814,0,234,0,40,2,1,2,1,6,65,6
3236956,0,234,0,40,3,1,2,1,6,55,6
3237104,0,234,0,40,3,1,2,1,6,24,6
3228695,0,234,0,40,3,2,2,1,12,41,6
3213158,0,234,0,40,3,6,2,1,19,40,6
3220232,0,234,0,40,3,4,2,1,22,38,6
3215810,0,234,0,40,2,6,2,1,21,44,6
3173724,0,234,0,40,3,14,2,1,76,16,6
3212156,0,234,0,40,3,5,2,1,24,55,6
3200414,0,234,0,40,2,10,2,1,41,28,6
3198272,0,234,0,40,2,7,2,1,48,26,6
3230011,0,234,0,40,3,2,2,1,13,43,6
3153131,0,234,0,40,2,12,2,1,69,30,6
3213277,0,234,0,40,3,5,2,1,26,67,6
3174445,0,234,0,40,2,11,2,1,81,27,6
3223304,0,234,0,40,2,3,2,1,17,77,6
3224138,0,234,0,40,3,3,2,1,20,78,6
3201518,0,234,0,40,3,7,2,1,36,31,6
3164015,0,234,0,40,3,18,2,1,95,49,6
3194719,0,234,0,40,3,10,2,1,44,35,6
3204380,0,234,0,40,3,6,2,1,37,18,6
3222325,0,234,0,40,3,2,2,1,29,53,6
3171829,1,234,122,40,2,16,2,1,54,67,6
3213331,0,234,0,40,3,5,2,1,33,35,6
3230842,0,234,0,40,2,2,2,1,14,18,6
3223701,0,234,0,40,2,4,2,1,21,34,6
3198476,0,234,0,40,2,7,2,1,45,49,6
3210898,0,234,0,40,3,8,2,1,27,72,6
3198320,0,234,0,40,3,11,2,1,43,56,6
3220866,0,234,0,40,3,4,2,1,19,24,6
3234942,0,234,0,40,3,2,2,1,6,44,6
3228950,0,234,0,40,3,2,2,1,18,42,6
3226682,0,234,0,40,3,3,2,1,19,39,6
3213714,0,234,0,40,2,7,2,1,28,47,6
3231886,0,234,0,40,2,2,2,1,12,19,6
3159522,0,234,0,40,2,11,2,1,93,27,6
3227512,0,234,0,40,2,3,2,1,16,45,6
3229504,0,234,0,40,2,3,2,1,11,69,6
3170652,0,234,0,40,3,14,2,1,78,44,6
3168762,0,234,0,40,2,12,2,1,80,32,6
3226508,0,234,0,40,2,3,2,1,11,86,6
3227925,0,234,0,40,3,4,2,1,12,52,6
3209161,0,234,0,40,3,6,2,1,32,72,6
3173529,0,234,0,40,2,13,2,1,83,18,6
3204599,0,234,0,40,2,5,2,1,49,8,6
3233363,0,234,0,40,3,2,2,1,11,126,6
3220336,0,234,0,40,2,3,2,1,28,32,6
3228613,0,234,0,40,3,3,2,1,16,16,6
3235979,0,234,0,40,3,2,2,1,7,39,6
3235878,0,234,0,40,3,1,2,1,5,64,6
3236102,0,234,0,40,2,1,2,1,5,28,6
3236336,0,234,0,40,3,1,2,1,5,54,6
3236913,0,234,0,40,3,1,2,1,5,63,6
3237280,0,234,0,40,2,1,2,1,5,37,6
3237522,0,234,0,40,2,1,2,1,5,42,6
3209884,0,234,0,40,3,3,2,1,47,23,6
3156101,0,234,0,40,3,13,2,1,84,56,6
3194123,0,234,0,40,3,6,2,1,64,84,6
3170491,0,234,0,40,3,9,2,1,101,41,6
3180233,0,234,0,40,3,10,2,1,72,47,6
3204425,0,234,0,40,2,5,2,1,45,64,6
3209292,0,234,0,40,2,3,2,1,44,46,6
3224144,0,234,0,40,3,1,2,1,27,52,6
3189894,0,234,0,40,3,10,2,1,57,21,6
3149724,0,234,0,40,2,12,2,1,68,28,6
3175123,1,234,153,35.6538,3,9,2,1,89,39,6
3222006,0,234,0,40,2,2,2,1,22,34,6
3197929,0,234,0,40,3,7,2,1,54,55,6
3155237,0,234,0,40,2,12,2,1,101,49,6
3185015,0,234,0,40,3,7,2,1,67,49,6
3222013,0,234,0,40,2,3,2,1,27,47,6
3230540,0,234,0,40,3,1,2,1,19,36,6
3179930,0,234,0,40,3,7,2,1,77,28,6
3218056,0,234,0,40,3,3,2,1,35,35,6
3206437,0,234,0,40,3,4,2,1,52,52,6
3192381,0,234,0,40,3,9,2,1,45,64,6
3220879,0,234,0,40,2,3,2,1,31,72,6
3219425,0,234,0,40,2,3,2,1,31,28,6
3197922,0,234,0,40,2,7,2,1,54,42,6
3221278,0,234,0,40,3,3,2,1,29,38,6
3231711,0,234,0,40,3,1,2,1,17,33,6
3224036,0,234,0,40,3,3,2,1,18,55,6
3209144,0,234,0,40,2,5,2,1,35,40,6
3209395,0,234,0,40,3,4,2,1,50,55,6
3231538,0,234,0,40,2,1,2,1,16,62,6
3226435,0,234,0,40,3,2,2,1,17,31,6
3165714,0,234,0,40,3,12,2,1,97,63,6
3209182,0,234,0,40,3,5,2,1,37,35,6
3209698,0,234,0,40,2,7,2,1,32,32,6
3208236,0,234,0,40,2,5,2,1,39,65,6
3197430,0,234,0,40,3,8,2,1,55,49,6
3230247,0,234,0,40,3,2,2,1,17,43,6
3208135,0,234,0,40,3,4,2,1,43,59,6
3198198,0,234,0,40,2,6,2,1,50,32,6
3215799,0,234,0,40,3,2,2,1,40,33,6
3207447,0,234,0,40,2,6,2,1,38,10,6
3230187,0,234,0,40,2,2,2,1,16,49,6
3198797,0,234,0,40,3,6,2,1,57,34,6
3216230,0,234,0,40,3,5,2,1,29,45,6
3230918,0,234,0,40,2,1,2,1,14,28,6
3233069,0,234,0,40,2,1,2,1,14,44,6
3233379,0,234,0,40,3,1,2,1,14,54,6
3213133,0,234,0,40,2,4,2,1,30,47,6
3212522,0,234,0,40,3,4,2,1,27,38,6
3216563,0,234,0,40,2,4,2,1,30,28,6
3228403,0,234,0,40,2,2,2,1,18,33,6
3195437,1,234,163,40,2,6,2,1,59,50,6
3224293,0,234,0,40,2,3,2,1,24,57,6
3219087,0,234,0,40,2,3,2,1,34,26,6
3220227,0,234,0,40,2,4,2,1,29,21,6
3196168,0,234,0,40,3,7,2,1,47,25,6
3185082,0,234,0,40,2,8,2,1,78,99,6
3213737,0,234,0,40,2,5,2,1,30,35,6
3217508,0,234,0,40,3,4,2,1,33,32,6
3180856,0,234,0,40,3,13,2,1,62,48,6
3233484,0,234,0,40,2,1,2,1,13,19,6
3197551,0,234,0,40,2,6,2,1,52,53,6
3229568,0,234,0,40,3,2,2,1,13,37,6
3222582,0,234,0,40,3,3,2,1,17,28,6
3226667,0,234,0,40,2,2,2,1,21,48,6
3160493,0,234,0,40,2,13,2,1,83,38,6
3230081,0,234,0,40,3,2,2,1,16,45,6
3166895,0,234,0,40,2,15,2,1,90,28,6
3220904,0,234,0,40,2,5,2,1,24,19,6
3189004,0,234,0,40,3,9,2,1,61,77,6
3150431,0,234,0,40,3,13,2,1,72,29,6
3234230,0,234,0,40,3,1,2,1,12,28,6
3181300,0,234,0,40,3,10,2,1,73,77,6
3221962,0,234,0,40,2,4,2,1,21,51,6
3213030,0,234,0,40,2,4,2,1,35,52,6
3222246,0,234,0,40,2,3,2,1,23,28,6
3166085,0,234,0,40,3,16,2,1,91,74,6
3230965,0,234,0,40,2,2,2,1,13,39,6
3218534,0,234,0,40,2,5,2,1,27,65,6
3230701,0,234,0,40,3,2,2,1,13,22,6
3150620,0,234,0,40,3,13,2,1,90,68,6
3168240,0,234,0,40,3,15,2,1,83,18,6
3201756,0,234,0,40,2,7,2,1,50,78,6
3225619,0,234,0,40,3,3,2,1,20,67,6
3235072,0,234,0,40,3,1,2,1,11,47,6
3230539,0,234,0,40,2,2,2,1,11,24,6
3227277,0,234,0,40,3,2,2,1,20,44,6
3195764,0,234,0,40,2,7,2,1,52,62,6
3186217,0,234,0,40,3,9,2,1,62,35,6
3231994,0,234,0,40,2,2,2,1,11,73,6
3227355,0,234,0,40,2,2,2,1,21,73,6
3222230,0,234,0,40,3,3,2,1,28,53,6
3171367,1,234,119,40,2,11,2,1,91,53,6
3205142,0,234,0,40,2,6,2,1,43,34,6
3197019,0,234,0,40,2,9,2,1,36,62,6
3232178,0,234,0,40,2,2,2,1,12,75,6
3152393,0,234,0,40,3,12,2,1,117,42,6
3225127,0,234,0,40,2,3,2,1,16,40,6
3209434,0,234,0,40,2,4,2,1,44,29,6
3221893,0,234,0,40,2,4,2,1,20,30,6
3191801,0,234,0,40,3,7,2,1,59,24,6
3233776,0,234,0,40,2,1,2,1,10,47,6
3234471,0,234,0,40,3,1,2,1,10,65,6
3234993,0,234,0,40,2,1,2,1,10,29,6
3235528,0,234,0,40,3,1,2,1,10,97,6
3173992,0,234,0,40,3,12,2,1,80,26,6
3171976,0,234,0,40,2,12,2,1,81,72,6
3192532,0,234,0,40,2,7,2,1,62,13,6
3199169,0,234,0,40,3,9,2,1,39,66,6
3228153,0,234,0,40,3,2,2,1,16,70,6
3220640,0,234,0,40,3,3,2,1,26,36,6
3176611,0,234,0,40,2,14,2,1,60,82,6
3220205,0,234,0,40,3,3,2,1,33,71,6
3221934,0,234,0,40,3,2,2,1,27,16,6
3183163,0,234,0,40,2,12,2,1,65,57,6
3215285,0,234,0,40,3,4,2,1,27,52,6
3201962,0,234,0,40,2,8,2,1,42,48,6
3206517,0,234,0,40,2,5,2,1,43,45,6
3213334,0,234,0,40,2,6,2,1,31,47,6
3235745,0,234,0,40,2,1,2,1,9,33,6
3235989,0,234,0,40,3,1,2,1,9,61,6
3236101,0,234,0,40,2,1,2,1,9,82,6
3229551,0,234,0,40,2,3,2,1,14,32,6
3225527,0,234,0,40,2,2,2,1,21,48,6
3185750,0,234,0,40,3,10,2,1,68,36,6
3194002,0,234,0,40,2,10,2,1,47,36,6
3221243,0,234,0,40,3,4,2,1,21,69,6
3226471,0,234,0,40,2,4,2,1,20,128,6
3209202,0,234,0,40,2,4,2,1,41,48,6
3226099,0,234,0,40,3,3,2,1,15,26,6
3201802,0,234,0,40,3,7,2,1,40,43,6
3208260,0,234,0,40,3,7,2,1,35,16,6
3213529,0,234,0,40,2,5,2,1,35,45,6
3162389,0,234,0,40,3,14,2,1,99,87,6
3231468,0,234,0,40,2,2,2,1,14,32,6
3223495,0,234,0,40,3,4,2,1,18,45,6
3191017,1,234,148,26.3352,3,9,2,1,64,49,6
3219235,0,234,0,40,2,5,2,1,32,42,6
3179694,0,234,0,40,3,12,2,1,83,35,6
3214592,0,234,0,40,3,5,2,1,31,34,6
3201475,0,234,0,40,3,8,2,1,40,69,6
3216390,0,234,0,40,2,4,2,1,34,34,6
3205222,0,234,0,40,3,6,2,1,44,89,6
3223111,0,234,0,40,3,5,2,1,25,66,6
3235289,0,234,0,40,3,1,2,1,8,62,6
3235740,0,234,0,40,3,1,2,1,8,21,6
3236291,0,234,0,40,3,1,2,1,8,51,6
3236583,0,234,0,40,3,1,2,1,8,43,6
3236671,0,234,0,40,3,1,2,1,8,41,6
3215972,0,234,0,40,3,6,2,1,20,35,6
3159740,1,234,164,24.3082,3,15,2,1,68,18,6
3203586,0,234,0,40,3,9,2,1,31,37,6
3197546,0,234,0,40,3,8,2,1,48,54,6
3204390,0,234,0,40,3,7,2,1,37,28,6
3231925,0,234,0,40,3,2,2,1,12,43,6
3232218,0,234,0,40,2,2,2,1,11,47,6
3227295,0,234,0,40,2,3,2,1,17,61,6
3193698,0,234,0,40,3,8,2,1,53,11,6
3226060,1,234,229,23.1736,3,3,2,1,18,40,6
3231945,0,234,0,40,2,2,2,1,13,14,6
3225986,0,234,0,40,2,3,2,1,16,69,6
3233767,0,234,0,40,3,2,2,1,9,53,6
3231824,0,234,0,40,2,2,2,1,12,40,6
3199107,0,234,0,40,2,8,2,1,49,51,6
3234430,0,234,0,40,2,2,2,1,9,17,6
3196673,0,234,0,40,3,7,2,1,51,15,6
3187182,0,234,0,40,2,7,2,1,71,39,6
3226296,0,234,0,40,2,3,2,1,18,36,6
3181887,0,234,0,40,2,8,2,1,85,19,6
3233088,1,234,224,36.7526,2,3,2,1,10,52,6
3225645,0,234,0,40,3,3,2,1,23,61,6
3232705,0,234,0,40,3,2,2,1,13,46,6
3235232,0,234,0,40,2,2,2,1,9,28,6
3167876,0,234,0,40,2,10,2,1,109,29,6
3235730,0,234,0,40,3,1,2,1,7,29,6
3235938,0,234,0,40,3,1,2,1,7,49,6
3236330,0,234,0,40,3,1,2,1,7,59,6
3236824,0,234,0,40,2,1,2,1,7,56,6
3236938,0,234,0,40,2,1,2,1,7,33,6
3237176,0,234,0,40,2,1,2,1,7,40,6
3173134,0,234,0,40,2,14,2,1,64,40,6
3192183,0,234,0,40,3,6,2,1,65,20,6
3200013,0,234,0,40,2,7,2,1,30,49,6
3199410,0,234,0,40,2,7,2,1,42,29,6
3232117,0,234,0,40,2,2,2,1,7,24,6
3214349,0,234,0,40,2,5,2,1,25,30,6
3212369,0,234,0,40,3,6,2,1,29,31,6
3194292,0,234,0,40,2,8,2,1,52,46,6
3202026,0,234,0,40,2,7,2,1,40,52,6
3175694,0,234,0,40,3,10,2,1,79,45,6
3212132,0,234,0,40,2,6,2,1,34,40,6
3206121,0,234,0,40,2,6,2,1,35,13,6
3160035,1,234,206,18.9323,3,17,2,1,79,24,6
3221503,0,234,0,40,2,2,2,1,32,35,6
3225131,0,234,0,40,3,3,2,1,19,23,6
3176948,0,234,0,40,2,13,2,1,53,29,6
3232575,0,234,0,40,2,2,2,1,11,54,6
3209496,0,234,0,40,3,8,2,1,30,25,6
3167035,1,234,223,11.3906,3,11,2,1,110,46,6
3196180,0,234,0,40,3,12,2,1,40,31,6
3195193,0,234,0,40,2,7,2,1,55,12,6
3229388,0,234,0,40,3,2,2,1,17,39,6
3231955,0,234,0,40,3,2,2,1,14,67,6
3203075,0,234,0,40,2,7,2,1,38,144,6
3229413,0,234,0,40,3,3,2,1,10,38,6
3232119,0,234,0,40,3,2,2,1,13,45,6
3234012,0,234,0,40,3,2,2,1,9,21,6
3234675,0,234,0,40,2,2,2,1,7,47,6
3163042,0,234,0,40,3,13,2,1,119,61,6
3225341,0,234,0,40,2,5,2,1,18,19,6
3206476,0,234,0,40,3,5,2,1,52,19,6
3235910,0,234,0,40,3,1,2,1,6,46,6
3236312,0,234,0,40,3,1,2,1,6,24,6
3237194,0,234,0,40,2,1,2,1,6,64,6
3237286,0,234,0,40,3,1,2,1,6,30,6
3237390,0,234,0,40,2,1,2,1,6,58,6
3237468,0,234,0,40,2,1,2,1,6,25,6
3198899,0,234,0,40,3,8,2,1,36,37,6
3198149,0,234,0,40,2,6,2,1,47,40,6
3216675,0,234,0,40,2,5,2,1,13,29,6
3210847,0,234,0,40,2,6,2,1,28,24,6
3201368,0,234,0,40,3,9,2,1,35,48,6
3218716,0,234,0,40,3,5,2,1,20,38,6
3224654,0,234,0,40,2,3,2,1,21,71,6
3232742,0,234,0,40,3,2,2,1,8,54,6
3220105,0,234,0,40,2,3,2,1,25,70,6
3212449,0,234,0,40,2,5,2,1,27,41,6
3154959,0,234,0,40,3,11,2,1,93,69,6
3232570,0,234,0,40,2,2,2,1,10,45,6
3149986,0,234,0,40,2,14,2,1,101,36,6
3203132,0,234,0,40,2,5,2,1,48,31,6
3191094,0,234,0,40,2,10,2,1,46,64,6
3173218,0,234,0,40,2,14,2,1,71,47,6
3213969,0,234,0,40,3,6,2,1,25,34,6
3171781,0,234,0,40,2,13,2,1,82,40,6
3156772,0,234,0,40,3,15,2,1,90,9,6
3219146,0,234,0,40,3,5,2,1,21,77,6
3231645,0,234,0,40,3,3,2,1,9,38,6
3160292,0,234,0,40,2,12,2,1,82,72,6
3176938,0,234,0,40,2,10,2,1,83,25,6
3231223,0,234,0,40,2,2,2,1,14,71,6
3232176,0,234,0,40,2,2,2,1,12,50,6
3154701,0,234,0,40,2,17,2,1,85,39,6
3224713,0,234,0,40,2,4,2,1,19,39,6
3204845,0,234,0,40,2,5,2,1,47,69,6
3155421,0,234,0,40,3,17,2,1,89,42,6
3234445,0,234,0,40,3,2,2,1,7,23,6
3195706,0,234,0,40,2,10,2,1,38,49,6
3193516,0,234,0,40,2,9,2,1,54,45,6
3232783,0,234,0,40,2,2,2,1,10,78,6
3227372,0,234,0,40,2,4,2,1,17,34,6
3228054,0,234,0,40,2,3,2,1,19,55,6
3166635,0,234,0,40,2,14,2,1,88,40,6
3190603,0,234,0,40,3,10,2,1,54,83,6
3227175,0,234,0,40,3,3,2,1,21,48,6
3207980,0,234,0,40,3,5,2,1,39,29,6
3211129,1,234,227,21.2783,3,6,2,1,29,88,6
3191554,0,234,0,40,3,12,2,1,54,59,6
3235677,0,234,0,40,2,1,2,1,5,43,6
3236596,0,234,0,40,2,1,2,1,5,25,6
3236967,0,234,0,40,3,1,2,1,5,47,6
3237325,0,234,0,40,2,1,2,1,5,40,6
3237545,0,234,0,40,2,1,2,1,5,36,6
3237755,0,234,0,40,2,1,2,1,5,38,6
3237885,0,234,0,40,3,1,2,1,5,88,6
3237925,0,234,0,40,2,1,2,1,5,35,6
3237959,0,234,0,40,3,1,2,1,5,32,6
3238075,0,234,0,40,2,1,2,1,5,35,6
3238115,0,234,0,40,2,1,2,1,5,68,6
3180659,1,234,156,21.0809,3,12,2,1,72,33,6
3166553,0,234,0,40,2,14,2,1,82,38,6
3210880,0,234,0,40,2,5,2,1,49,53,6
3175848,0,234,0,40,3,9,2,1,84,24,6
3191015,0,234,0,40,2,5,2,1,67,52,6
3153143,0,234,0,40,3,11,2,1,81,56,6
3180854,0,234,0,40,3,10,2,1,77,87,6
3159170,0,234,0,40,2,10,2,1,89,23,6
3173593,0,234,0,40,2,9,2,1,91,68,6
3213211,0,234,0,40,2,5,2,1,37,28,6
3205959,0,234,0,40,3,6,2,1,39,59,6
3231545,0,234,0,40,2,1,2,1,18,49,6
3169473,0,234,0,40,2,12,2,1,81,150,6
3165040,0,234,0,40,3,13,2,1,110,45,6
3229521,0,234,0,40,2,2,2,1,19,29,6
3232172,0,234,0,40,3,1,2,1,17,95,6
3207761,1,234,230,36.9901,2,7,2,1,31,28,6
3219690,0,234,0,40,3,3,2,1,28,58,6
3212429,1,234,216,37.4825,2,4,2,1,43,76,6
3168801,0,234,0,40,2,13,2,1,105,26,6
3232796,0,234,0,40,3,1,2,1,16,40,6
3218973,0,234,0,40,3,2,2,1,31,81,6
3154035,0,234,0,40,2,20,2,1,115,37,6
3216172,0,234,0,40,3,6,2,1,23,64,6
3220684,0,234,0,40,3,3,2,1,29,38,6
3178756,0,234,0,40,2,8,2,1,84,41,6
3224858,0,234,0,40,2,3,2,1,21,101,6
3211619,0,234,0,40,2,5,2,1,37,14,6
3198561,0,234,0,40,2,6,2,1,52,51,6
3200529,0,234,0,40,2,8,2,1,46,37,6
3212451,0,234,0,40,2,6,2,1,34,24,6
3232983,0,234,0,40,2,1,2,1,14,30,6
3197330,0,234,0,40,2,7,2,1,40,60,6
3183196,0,234,0,40,3,12,2,1,52,42,6
3179714,1,234,131,26.7376,3,11,2,1,73,43,6
3189725,0,234,0,40,2,13,2,1,59,36,6
3234382,0,234,0,40,2,1,2,1,13,44,6
3220612,0,234,0,40,2,3,2,1,24,49,6
3218376,0,234,0,40,2,4,2,1,22,29,6
3230474,0,234,0,40,3,2,2,1,14,34,6
3215024,0,234,0,40,2,5,2,1,35,32,6
3226346,0,234,0,40,3,3,2,1,19,40,6
3212198,0,234,0,40,3,5,2,1,31,33,6
3231067,0,234,0,40,3,2,2,1,14,70,6
3223957,0,234,0,40,2,4,2,1,20,36,6
3210203,0,234,0,40,2,5,2,1,37,15,6
3222946,0,234,0,40,3,3,2,1,19,49,6
3210563,0,234,0,40,3,5,2,1,47,54,6
3234658,0,234,0,40,2,1,2,1,12,44,6
3205265,0,234,0,40,3,6,2,1,35,28,6
3197728,0,234,0,40,2,7,2,1,49,38,6
3203647,0,234,0,40,3,4,2,1,47,60,6
3207873,0,234,0,40,3,5,2,1,40,32,6
3220281,0,234,0,40,3,5,2,1,23,35,6
3216695,0,234,0,40,3,6,2,1,26,41,6
3151539,0,234,0,40,3,10,2,1,104,26,6
3224657,0,234,0,40,2,2,2,1,28,17,6
3223925,0,234,0,40,3,3,2,1,21,49,6
3228531,0,234,0,40,3,2,2,1,23,33,6
3209995,0,234,0,40,3,6,2,1,41,14,6
3235282,0,234,0,40,3,1,2,1,11,43,6
3160469,1,234,147,29.9035,3,10,2,1,74,28,6
3207969,0,234,0,40,2,6,2,1,41,63,6
3188266,0,234,0,40,2,7,2,1,59,49,6
3225806,0,234,0,40,3,3,2,1,20,33,6
3211433,0,234,0,40,2,5,2,1,34,36,6
3172956,0,234,0,40,2,11,2,1,73,21,6
3157806,0,234,0,40,3,16,2,1,120,30,6
3153822,0,234,0,40,2,12,2,1,90,41,6
3201692,0,234,0,40,3,8,2,1,39,98,6
3222515,0,234,0,40,3,4,2,1,22,49,6
3184430,1,234,154,31.0329,3,12,2,1,59,43,6
3191362,0,234,0,40,3,11,2,1,43,23,6
3221499,0,234,0,40,3,4,2,1,25,55,6
3230852,0,234,0,40,3,3,2,1,16,36,6
3157590,0,234,0,40,2,15,2,1,84,48,6
3235291,0,234,0,40,3,1,2,1,10,36,6
3235909,0,234,0,40,2,1,2,1,10,63,6
3188075,0,234,0,40,3,7,2,1,63,40,6
3208925,0,234,0,40,2,9,2,1,29,56,6
3206767,0,234,0,40,2,4,2,1,46,58,6
3172286,0,234,0,40,3,12,2,1,83,48,6
3182594,0,234,0,40,3,13,2,1,54,27,6
3232653,0,234,0,40,2,2,2,1,10,22,6
3216739,0,234,0,40,3,3,2,1,32,46,6
3214282,0,234,0,40,3,4,2,1,29,59,6
3152478,0,234,0,40,3,14,2,1,79,32,6
3207993,0,234,0,40,2,6,2,1,33,13,6
3226617,0,234,0,40,2,4,2,1,15,35,6
3234294,0,234,0,40,3,2,2,1,11,55,6
3229501,0,234,0,40,3,4,2,1,14,25,6
3236481,0,234,0,40,3,1,2,1,9,29,6
3236549,0,234,0,40,3,1,2,1,9,64,6
3187194,0,234,0,40,2,10,2,1,53,65,6
3230189,0,234,0,40,2,2,2,1,11,24,6
3154516,0,234,0,40,2,11,2,1,75,31,6
3167839,0,234,0,40,2,11,2,1,96,31,6
3196587,0,234,0,40,3,9,2,1,49,43,6
3168590,0,234,0,40,2,12,2,1,88,26,6
3189291,0,234,0,40,2,8,2,1,64,33,6
3233471,0,234,0,40,2,2,2,1,10,73,6
3199852,0,234,0,40,3,10,2,1,43,72,6
3200630,0,234,0,40,2,7,2,1,46,19,6
3154424,0,234,0,40,2,15,2,1,78,56,6
3179434,0,234,0,40,2,13,2,1,66,34,6
3184620,0,234,0,40,3,11,2,1,47,54,6
3235373,0,234,0,40,2,1,2,1,8,48,6
3236992,0,234,0,40,3,1,2,1,8,46,6
3216581,0,234,0,40,2,5,2,1,22,34,6
3160218,1,234,140,40,2,15,2,1,89,99,6
3201339,0,234,0,40,2,8,2,1,29,41,6
3151066,0,234,0,40,3,15,2,1,82,53,6
3201960,0,234,0,40,3,4,2,1,52,37,6
3218503,0,234,0,40,3,5,2,1,20,20,6
3199158,0,234,0,40,3,9,2,1,36,29,6
3231244,0,234,0,40,3,2,2,1,12,25,6
3180666,0,234,0,40,3,11,2,1,61,34,6
3218969,0,234,0,40,2,4,2,1,31,26,6
3227024,0,234,0,40,2,3,2,1,18,53,6
3201681,0,234,0,40,2,7,2,1,47,57,6
3210346,0,234,0,40,2,6,2,1,30,40,6
3195233,0,234,0,40,3,8,2,1,56,56,6
3168851,0,234,0,40,2,12,2,1,84,39,6
3168988,0,234,0,40,2,13,2,1,93,44,6
3214405,0,234,0,40,3,5,2,1,29,21,6
3232320,0,234,0,40,3,2,2,1,15,37,6
3195176,0,234,0,40,3,11,2,1,49,50,6
3231644,0,234,0,40,3,2,2,1,12,86,6
3220500,0,234,0,40,2,6,2,1,19,35,6
3232838,0,234,0,40,2,2,2,1,15,39,6
3204263,0,234,0,40,3,9,2,1,36,55,6
3228092,0,234,0,40,3,4,2,1,15,52,6
3219390,0,234,0,40,2,4,2,1,27,41,6
3234251,0,234,0,40,3,1,2,1,7,94,6
3236781,0,234,0,40,2,1,2,1,7,52,6
3236993,0,234,0,40,3,1,2,1,7,67,6
3237218,0,234,0,40,2,1,2,1,7,48,6
3237388,0,234,0,40,2,1,2,1,7,86,6
3237480,0,234,0,40,2,1,2,1,7,19,6
3237628,0,234,0,40,2,1,2,1,7,22,6
3229366,0,234,0,40,2,2,2,1,7,67,6
3221644,0,234,0,40,2,3,2,1,22,24,6
3231098,0,234,0,40,3,2,2,1,7,37,6
3232849,0,234,0,40,3,2,2,1,7,47,6
3207935,0,234,0,40,2,5,2,1,44,64,6
3222811,0,234,0,40,3,4,2,1,24,38,6
3154362,0,234,0,40,3,9,2,1,91,10,6
3160210,0,234,0,40,3,13,2,1,89,19,6
3214693,0,234,0,40,2,4,2,1,38,22,6
3222138,0,234,0,40,3,4,2,1,22,50,6
3219867,0,234,0,40,2,6,2,1,20,51,6
3166072,0,234,0,40,2,14,2,1,88,29,6
3174786,0,234,0,40,2,14,2,1,85,43,6
3234223,0,234,0,40,3,2,2,1,7,58,6
3221593,0,234,0,40,3,5,2,1,23,77,6
3233719,0,234,0,40,3,2,2,1,11,48,6
3234822,0,234,0,40,3,2,2,1,9,62,6
3230255,0,234,0,40,2,3,2,1,9,52,6
3229532,0,234,0,40,3,2,2,1,19,24,6
3223917,0,234,0,40,3,4,2,1,28,34,6
3222011,0,234,0,40,2,5,2,1,23,29,6
3216293,0,234,0,40,3,6,2,1,26,31,6
3214135,0,234,0,40,3,6,2,1,30,30,6
3234427,0,234,0,40,2,1,2,1,6,36,6
3237725,0,234,0,40,3,1,2,1,6,29,6
3193990,0,234,0,40,3,7,2,1,54,27,6
3196046,0,234,0,40,3,9,2,1,38,64,6
3229282,0,234,0,40,3,2,2,1,13,46,6
3221241,0,234,0,40,3,4,2,1,18,50,6
3228304,0,234,0,40,3,3,2,1,11,58,6
3232813,0,234,0,40,2,2,2,1,9,50,6
3233874,0,234,0,40,3,2,2,1,7,60,6
3217655,0,234,0,40,2,5,2,1,24,37,6
3170789,0,234,0,40,2,14,2,1,78,28,6
3209729,0,234,0,40,3,5,2,1,40,66,6
3226276,0,234,0,40,3,3,2,1,15,62,6
3235604,0,234,0,40,3,2,2,1,7,70,6
3206679,0,234,0,40,2,7,2,1,36,46,6
3187938,0,234,0,40,2,9,2,1,62,22,6
3214969,0,234,0,40,3,5,2,1,29,46,6
3180258,0,234,0,40,2,12,2,1,67,23,6
3219450,0,234,0,40,3,5,2,1,22,39,6
3152921,0,234,0,40,2,13,2,1,71,41,6
3233667,0,234,0,40,2,2,2,1,12,29,6
3231021,0,234,0,40,2,4,2,1,12,48,6
3236561,0,234,0,40,2,2,2,1,7,26,6
3195089,0,234,0,40,3,9,2,1,58,19,6
3218184,0,234,0,40,3,6,2,1,25,25,6
3235629,0,234,0,40,2,1,2,1,5,16,6
3237563,0,234,0,40,2,1,2,1,5,23,6
3238046,0,234,0,40,3,1,2,1,5,22,6
3238172,0,234,0,40,2,1,2,1,5,35,6
3238546,0,234,0,40,3,1,2,1,5,51,6
3222590,0,234,0,40,2,2,2,1,32,48,6
3200036,0,234,0,40,2,4,2,1,45,46,6
3217046,0,234,0,40,2,3,2,1,38,34,6
3204332,0,234,0,40,3,6,2,1,53,33,6
3199948,0,234,0,40,3,5,2,1,55,93,6
3190205,0,234,0,40,3,7,2,1,72,22,6
3219568,0,234,0,40,2,3,2,1,35,62,6
3231450,0,234,0,40,3,1,2,1,18,54,6
3196184,0,234,0,40,2,8,2,1,44,51,6
3201579,0,234,0,40,3,7,2,1,45,25,6
3155121,1,234,109,24.0881,3,12,2,1,81,33,6
3228924,0,234,0,40,2,2,2,1,17,20,6
3223050,0,234,0,40,2,3,2,1,26,25,6
3156949,0,234,0,40,3,13,2,1,85,65,6
3172546,0,234,0,40,2,10,2,1,83,41,6
3224507,0,234,0,40,3,3,2,1,20,42,6
3215961,0,234,0,40,3,5,2,1,31,20,6
3219334,0,234,0,40,2,2,2,1,38,56,6
3226944,0,234,0,40,3,3,2,1,22,35,6
3187981,0,234,0,40,3,8,2,1,59,27,6
3213496,0,234,0,40,2,6,2,1,28,21,6
3175445,0,234,0,40,2,9,2,1,84,57,6
3197858,1,234,162,40,2,9,2,1,49,28,6
3167637,0,234,0,40,2,15,2,1,91,34,6
3183352,0,234,0,40,3,10,2,1,59,38,6
3182683,0,234,0,40,2,9,2,1,64,28,6
3226073,0,234,0,40,2,2,2,1,21,35,6
3156331,0,234,0,40,2,17,2,1,97,78,6
3179051,0,234,0,40,3,11,2,1,73,42,6
3236045,0,234,0,40,2,1,2,1,11,67,6
3186071,0,234,0,40,2,8,2,1,45,35,6
3214929,0,234,0,40,3,3,2,1,34,28,6
3210432,0,234,0,40,2,8,2,1,31,43,6
3190607,0,234,0,40,3,9,2,1,54,68,6
3215068,0,234,0,40,2,5,2,1,33,36,6
3177952,1,234,141,32.3409,3,10,2,1,79,39,6
3222125,0,234,0,40,3,4,2,1,24,27,6
3184646,0,234,0,40,3,11,2,1,68,29,6
3211235,0,234,0,40,2,6,2,1,31,73,6
3223014,0,234,0,40,2,4,2,1,25,29,6
3236076,0,234,0,40,3,1,2,1,10,62,6
3220867,0,234,0,40,3,4,2,1,18,76,6
3188269,0,234,0,40,2,9,2,1,65,17,6
3188021,0,234,0,40,3,9,2,1,62,54,6
3216072,0,234,0,40,2,5,2,1,29,63,6
3200975,0,234,0,40,3,8,2,1,39,38,6
3190586,1,234,143,40,2,10,2,1,53,39,6
3230253,0,234,0,40,3,3,2,1,14,31,6
3199234,0,234,0,40,3,5,2,1,62,22,6
3233076,0,234,0,40,2,2,2,1,16,41,6
3236294,0,234,0,40,3,1,2,1,9,12,6
3236858,0,234,0,40,3,1,2,1,9,37,6
3224853,0,234,0,40,3,2,2,1,24,89,6
3232051,0,234,0,40,3,2,2,1,10,93,6
3215322,0,234,0,40,3,5,2,1,28,46,6
3218372,0,234,0,40,3,2,2,1,36,56,6
3227942,0,234,0,40,2,3,2,1,18,16,6
3214353,0,234,0,40,3,5,2,1,33,23,6
3218769,0,234,0,40,3,4,2,1,30,42,6
3215625,0,234,0,40,2,6,2,1,26,50,6
3229740,0,234,0,40,3,3,2,1,14,33,6
3229628,0,234,0,40,3,2,2,1,19,46,6
3230423,0,234,0,40,2,3,2,1,15,67,6
3224240,0,234,0,40,2,4,2,1,22,62,6
3236166,0,234,0,40,2,1,2,1,8,21,6
3237208,0,234,0,40,3,1,2,1,8,16,6
3212030,0,234,0,40,3,6,2,1,31,57,6
3224696,0,234,0,40,3,4,2,1,15,26,6
3168237,1,234,143,40,2,15,2,1,72,29,6
3158630,0,234,0,40,2,10,2,1,90,43,6
3218723,0,234,0,40,2,4,2,1,28,16,6
3230476,0,234,0,40,2,3,2,1,14,22,6
3236104,0,234,0,40,2,2,2,1,8,43,6
3237349,0,234,0,40,3,1,2,1,7,79,6
3228563,0,234,0,40,3,2,2,1,15,68,6
3216427,0,234,0,40,3,6,2,1,27,25,6
3170908,0,234,0,40,2,10,2,1,106,20,6
3228198,0,234,0,40,2,3,2,1,19,25,6
3226146,0,234,0,40,3,2,2,1,24,42,6
3205321,0,234,0,40,3,7,2,1,45,35,6
3213428,0,234,0,40,2,7,2,1,33,39,6
3221365,0,234,0,40,2,5,2,1,30,32,6
3220665,0,234,0,40,2,4,2,1,20,43,6
3227602,0,234,0,40,3,4,2,1,13,42,6
3231378,0,234,0,40,3,3,2,1,13,40,6
3226925,0,234,0,40,3,4,2,1,15,43,6
3195096,0,234,0,40,2,9,2,1,48,47,6
3238164,0,234,0,40,3,1,2,1,6,42,6
3238348,0,234,0,40,2,1,2,1,6,66,6
3227013,0,234,0,40,2,2,2,1,15,60,6
3183842,0,234,0,40,3,12,2,1,55,50,6
3193828,0,234,0,40,2,10,2,1,39,67,6
3233726,0,234,0,40,2,2,2,1,8,27,6
3233247,0,234,0,40,2,2,2,1,11,53,6
3235299,0,234,0,40,2,2,2,1,6,31,6
3201661,0,234,0,40,3,9,2,1,45,28,6
3180451,0,234,0,40,2,14,2,1,57,41,6
3238179,0,234,0,40,2,1,2,1,5,38,6
3238822,0,234,0,40,3,1,2,1,5,29,6
3239010,0,234,0,40,2,1,2,1,5,56,6
3208688,0,234,0,40,3,4,2,1,57,45,6
3228143,0,234,0,40,3,1,2,1,25,40,6
3160841,0,234,0,40,3,17,2,1,122,59,6
3222907,0,234,0,40,2,3,2,1,29,35,6
3163962,0,234,0,40,3,12,2,1,105,66,6
3203497,0,234,0,40,3,9,2,1,46,44,6
3211282,0,234,0,40,2,8,2,1,25,39,6
3212158,0,234,0,40,2,6,2,1,28,17,6
3198517,0,234,0,40,3,7,2,1,51,38,6
3235621,0,234,0,40,2,1,2,1,10,40,6
3179963,0,234,0,40,2,10,2,1,83,28,6
3208665,0,234,0,40,2,6,2,1,34,33,6
3235057,0,234,0,40,2,2,2,1,12,37,6
3197987,0,234,0,40,3,6,2,1,47,14,6
3230977,0,234,0,40,3,2,2,1,14,35,6
3199479,0,234,0,40,3,7,2,1,44,37,6
3226793,0,234,0,40,2,3,2,1,17,82,6
3191266,0,234,0,40,2,12,2,1,55,40,6
3215770,0,234,0,40,3,6,2,1,23,26,6
3223355,0,234,0,40,3,6,2,1,23,32,6
3228123,0,234,0,40,3,3,2,1,10,23,6
3224625,0,234,0,40,3,4,2,1,14,52,6
3225275,0,234,0,40,3,4,2,1,25,37,6
3159433,0,234,0,40,3,11,2,1,49,44,6
3238629,0,234,0,40,3,1,2,1,5,16,6
3236492,0,234,0,40,2,0,2,1,4,35,6
3236963,0,234,0,40,3,0,2,1,4,13,6
3237207,0,234,0,40,2,0,2,1,4,44,6
3237271,0,234,0,40,2,0,2,1,4,80,6
3237335,0,234,0,40,3,0,2,1,4,31,6
3237399,0,234,0,40,3,0,2,1,4,14,6
3237559,0,234,0,40,3,0,2,1,4,29,6
3237655,0,234,0,40,2,0,2,1,4,40,6
3237704,0,234,0,40,2,0,2,1,4,23,6
3237736,0,234,0,40,3,0,2,1,4,28,6
3237768,0,234,0,40,2,0,2,1,4,50,6
3237800,0,234,0,40,3,0,2,1,4,58,6
3237896,0,234,0,40,2,0,2,1,4,91,6
3237928,0,234,0,40,2,0,2,1,4,70,6
3237992,0,234,0,40,2,0,2,1,4,43,6
3238056,0,234,0,40,3,0,2,1,4,51,6
3238104,0,234,0,40,3,0,2,1,4,18,6
3238136,0,234,0,40,2,0,2,1,4,31,6
3238161,0,234,0,40,3,0,2,1,4,66,6
3238193,0,234,0,40,2,0,2,1,4,21,6
3238209,0,234,0,40,3,0,2,1,4,49,6
3238241,0,234,0,40,3,0,2,1,4,69,6
3238273,0,234,0,40,3,0,2,1,4,43,6
3238305,0,234,0,40,2,0,2,1,4,67,6
3238353,0,234,0,40,2,0,2,1,4,30,6
3238369,0,234,0,40,3,0,2,1,4,28,6
3238385,0,234,0,40,3,0,2,1,4,21,6
3238417,0,234,0,40,3,0,2,1,4,70,6
3238433,0,234,0,40,2,0,2,1,4,33,6
3238449,0,234,0,40,3,0,2,1,4,69,6
3238465,0,234,0,40,3,0,2,1,4,61,6
3238497,0,234,0,40,3,0,2,1,4,12,6
3238545,0,234,0,40,3,0,2,1,4,24,6
3238561,0,234,0,40,2,0,2,1,4,27,6
3238577,0,234,0,40,2,0,2,1,4,19,6
3238593,0,234,0,40,2,0,2,1,4,40,6
3238609,0,234,0,40,3,0,2,1,4,74,6
3238619,0,234,0,40,2,0,2,1,4,25,6
3238635,0,234,0,40,2,0,2,1,4,46,6
3238643,0,234,0,40,3,0,2,1,4,34,6
3238651,0,234,0,40,2,0,2,1,4,64,6
3238667,0,234,0,40,3,0,2,1,4,80,6
3238675,0,234,0,40,2,0,2,1,4,37,6
3238683,0,234,0,40,3,0,2,1,4,40,6
3238691,0,234,0,40,3,0,2,1,4,26,6
3238699,0,234,0,40,3,0,2,1,4,39,6
3238707,0,234,0,40,3,0,2,1,4,27,6
3238715,0,234,0,40,3,0,2,1,4,40,6
3238723,0,234,0,40,3,0,2,1,4,45,6
3238731,0,234,0,40,3,0,2,1,4,37,6
3238747,0,234,0,40,3,0,2,1,4,56,6
3238755,0,234,0,40,2,0,2,1,4,23,6
3238763,0,234,0,40,3,0,2,1,4,50,6
3238787,0,234,0,40,2,0,2,1,4,78,6
3238795,0,234,0,40,3,0,2,1,4,67,6
3238811,0,234,0,40,2,0,2,1,4,44,6
3238819,0,234,0,40,2,0,2,1,4,24,6
3238827,0,234,0,40,3,0,2,1,4,51,6
3238843,0,234,0,40,2,0,2,1,4,23,6
3238867,0,234,0,40,2,0,2,1,4,26,6
3238883,0,234,0,40,3,0,2,1,4,54,6
3238891,0,234,0,40,2,0,2,1,4,20,6
3238899,0,234,0,40,3,0,2,1,4,36,6
3238907,0,234,0,40,3,0,2,1,4,94,6
3238923,0,234,0,40,3,0,2,1,4,33,6
3238931,0,234,0,40,2,0,2,1,4,47,6
3238947,0,234,0,40,2,0,2,1,4,28,6
3238955,0,234,0,40,2,0,2,1,4,49,6
3238971,0,234,0,40,2,0,2,1,4,33,6
3238979,0,234,0,40,3,0,2,1,4,20,6
3238987,0,234,0,40,3,0,2,1,4,60,6
3238995,0,234,0,40,3,0,2,1,4,136,6
3239011,0,234,0,40,2,0,2,1,4,33,6
3239019,0,234,0,40,3,0,2,1,4,36,6
3239051,0,234,0,40,3,0,2,1,4,60,6
3239059,0,234,0,40,2,0,2,1,4,19,6
3239075,0,234,0,40,3,0,2,1,4,37,6
3239087,0,234,0,40,3,0,2,1,4,72,6
3239095,0,234,0,40,2,0,2,1,4,50,6
3239105,0,234,0,40,2,0,2,1,4,36,6
3239109,0,234,0,40,3,0,2,1,4,39,6
3239117,0,234,0,40,3,0,2,1,4,44,6
3239121,0,234,0,40,3,0,2,1,4,39,6
3239129,0,234,0,40,2,0,2,1,4,33,6
3239157,0,234,0,40,3,0,2,1,4,37,6
3239161,0,234,0,40,3,0,2,1,4,27,6
3239165,0,234,0,40,3,0,2,1,4,61,6
3239169,0,234,0,40,3,0,2,1,4,33,6
3239173,0,234,0,40,3,0,2,1,4,46,6
3239177,0,234,0,40,2,0,2,1,4,30,6
3239181,0,234,0,40,3,0,2,1,4,26,6
3239189,0,234,0,40,3,0,2,1,4,23,6
3239197,0,234,0,40,3,0,2,1,4,57,6
3239201,0,234,0,40,3,0,2,1,4,27,6
3239205,0,234,0,40,2,0,2,1,4,9,6
3239213,0,234,0,40,2,0,2,1,4,32,6
3239221,0,234,0,40,3,0,2,1,4,33,6
3239225,0,234,0,40,2,0,2,1,4,50,6
3239233,0,234,0,40,2,0,2,1,4,16,6
3239237,0,234,0,40,3,0,2,1,4,51,6
3239241,0,234,0,40,2,0,2,1,4,26,6
3239249,0,234,0,40,3,0,2,1,4,81,6
3239261,0,234,0,40,2,0,2,1,4,54,6
3239265,0,234,0,40,2,0,2,1,4,79,6
3239269,0,234,0,40,2,0,2,1,4,39,6
3239273,0,234,0,40,2,0,2,1,4,62,6
3239277,0,234,0,40,2,0,2,1,4,32,6
3239281,0,234,0,40,2,0,2,1,4,102,6
3239285,0,234,0,40,2,0,2,1,4,21,6
3239289,0,234,0,40,3,0,2,1,4,37,6
3239293,0,234,0,40,3,0,2,1,4,51,6
3239301,0,234,0,40,3,0,2,1,4,27,6
3239305,0,234,0,40,3,0,2,1,4,50,6
3239309,0,234,0,40,3,0,2,1,4,23,6
3239313,0,234,0,40,2,0,2,1,4,36,6
3239317,0,234,0,40,2,0,2,1,4,85,6
3239321,0,234,0,40,3,0,2,1,4,35,6
3239325,0,234,0,40,3,0,2,1,4,102,6
3239329,0,234,0,40,2,0,2,1,4,38,6
3239333,0,234,0,40,3,0,2,1,4,68,6
3239337,0,234,0,40,2,0,2,1,4,49,6
3239341,0,234,0,40,3,0,2,1,4,9,6
3239345,0,234,0,40,2,0,2,1,4,47,6
3239349,0,234,0,40,3,0,2,1,4,47,6
3239361,0,234,0,40,2,0,2,1,4,46,6
3239365,0,234,0,40,2,0,2,1,4,57,6
3239373,0,234,0,40,2,0,2,1,4,23,6
3239381,0,234,0,40,2,0,2,1,4,16,6
3239385,0,234,0,40,3,0,2,1,4,37,6
3239393,0,234,0,40,2,0,2,1,4,36,6
3239397,0,234,0,40,3,0,2,1,4,16,6
3239405,0,234,0,40,3,0,2,1,4,34,6
3239409,0,234,0,40,3,0,2,1,4,47,6
3239413,0,234,0,40,2,0,2,1,4,35,6
3239417,0,234,0,40,3,0,2,1,4,52,6
3239425,0,234,0,40,2,0,2,1,4,22,6
3239429,0,234,0,40,3,0,2,1,4,37,6
3239433,0,234,0,40,2,0,2,1,4,43,6
3239449,0,234,0,40,2,0,2,1,4,68,6
3239453,0,234,0,40,3,0,2,1,4,101,6
3239457,0,234,0,40,2,0,2,1,4,40,6
3239469,0,234,0,40,2,0,2,1,4,92,6
3239477,0,234,0,40,2,0,2,1,4,47,6
3239481,0,234,0,40,2,0,2,1,4,58,6
3239489,0,234,0,40,3,0,2,1,4,17,6
3239493,0,234,0,40,2,0,2,1,4,100,6
3239497,0,234,0,40,3,0,2,1,4,42,6
3239505,0,234,0,40,3,0,2,1,4,25,6
3239509,0,234,0,40,3,0,2,1,4,91,6
3239513,0,234,0,40,2,0,2,1,4,32,6
3239517,0,234,0,40,2,0,2,1,4,35,6
3239521,0,234,0,40,3,0,2,1,4,65,6
3239525,0,234,0,40,3,0,2,1,4,56,6
3239533,0,234,0,40,2,0,2,1,4,31,6
3239537,0,234,0,40,3,0,2,1,4,101,6
3239541,0,234,0,40,2,0,2,1,4,41,6
3239553,0,234,0,40,2,0,2,1,4,46,6
3239561,0,234,0,40,3,0,2,1,4,31,6
3239565,0,234,0,40,3,0,2,1,4,42,6
3239569,0,234,0,40,2,0,2,1,4,17,6
3239573,0,234,0,40,2,0,2,1,4,47,6
3239584,0,234,0,40,2,0,2,1,4,23,6
3239586,0,234,0,40,2,0,2,1,4,51,6
3239592,0,234,0,40,3,0,2,1,4,84,6
3239594,0,234,0,40,2,0,2,1,4,69,6
3239598,0,234,0,40,3,0,2,1,4,46,6
3239600,0,234,0,40,3,0,2,1,4,35,6
3239602,0,234,0,40,3,0,2,1,4,41,6
3239604,0,234,0,40,2,0,2,1,4,29,6
3239608,0,234,0,40,2,0,2,1,4,44,6
3239610,0,234,0,40,3,0,2,1,4,45,6
3239612,0,234,0,40,3,0,2,1,4,76,6
3239614,0,234,0,40,2,0,2,1,4,23,6
3239620,0,234,0,40,3,0,2,1,4,36,6
3239626,0,234,0,40,2,0,2,1,4,34,6
3239638,0,234,0,40,2,0,2,1,4,31,6
3239640,0,234,0,40,3,0,2,1,4,34,6
3239642,0,234,0,40,2,0,2,1,4,57,6
3239644,0,234,0,40,2,0,2,1,4,20,6
3239646,0,234,0,40,3,0,2,1,4,76,6
3239650,0,234,0,40,3,0,2,1,4,63,6
3239654,0,234,0,40,2,0,2,1,4,27,6
3239658,0,234,0,40,2,0,2,1,4,51,6
3239660,0,234,0,40,2,0,2,1,4,47,6
3239662,0,234,0,40,2,0,2,1,4,43,6
3239664,0,234,0,40,2,0,2,1,4,20,6
3239670,0,234,0,40,3,0,2,1,4,40,6
3239672,0,234,0,40,3,0,2,1,4,32,6
3239674,0,234,0,40,3,0,2,1,4,38,6
3239676,0,234,0,40,2,0,2,1,4,82,6
3239684,0,234,0,40,2,0,2,1,4,34,6
3239686,0,234,0,40,2,0,2,1,4,28,6
3239690,0,234,0,40,2,0,2,1,4,54,6
3239692,0,234,0,40,2,0,2,1,4,85,6
3239696,0,234,0,40,2,0,2,1,4,26,6
3239698,0,234,0,40,2,0,2,1,4,58,6
3239702,0,234,0,40,2,0,2,1,4,40,6
3239706,0,234,0,40,2,0,2,1,4,39,6
3239708,0,234,0,40,3,0,2,1,4,42,6
3239710,0,234,0,40,2,0,2,1,4,61,6
3239712,0,234,0,40,2,0,2,1,4,68,6
3239714,0,234,0,40,2,0,2,1,4,28,6
3239718,0,234,0,40,3,0,2,1,4,46,6
3239720,0,234,0,40,3,0,2,1,4,32,6
3239724,0,234,0,40,3,0,2,1,4,52,6
3239734,0,234,0,40,2,0,2,1,4,45,6
3239748,0,234,0,40,3,0,2,1,4,48,6
3239750,0,234,0,40,2,0,2,1,4,53,6
3239752,0,234,0,40,3,0,2,1,4,91,6
3239756,0,234,0,40,3,0,2,1,4,60,6
3239758,0,234,0,40,2,0,2,1,4,26,6
3239760,0,234,0,40,3,0,2,1,4,37,6
3239762,0,234,0,40,3,0,2,1,4,79,6
3239764,0,234,0,40,3,0,2,1,4,63,6
3239768,0,234,0,40,3,0,2,1,4,33,6
3239778,0,234,0,40,2,0,2,1,4,54,6
3239780,0,234,0,40,3,0,2,1,4,31,6
3239784,0,234,0,40,3,0,2,1,4,31,6
3239786,0,234,0,40,3,0,2,1,4,38,6
3239792,0,234,0,40,3,0,2,1,4,56,6
3239794,0,234,0,40,2,0,2,1,4,43,6
3239798,0,234,0,40,3,0,2,1,4,38,6
3239802,0,234,0,40,3,0,2,1,4,69,6
3239804,0,234,0,40,3,0,2,1,4,23,6
3239810,0,234,0,40,3,0,2,1,4,67,6
3239812,0,234,0,40,3,0,2,1,4,46,6
3239814,0,234,0,40,2,0,2,1,4,61,6
3239816,0,234,0,40,2,0,2,1,4,13,6
3239818,0,234,0,40,2,0,2,1,4,76,6
3239820,0,234,0,40,3,0,2,1,4,27,6
3239824,0,234,0,40,2,0,2,1,4,53,6
3239826,0,234,0,40,3,0,2,1,4,25,6
3239830,0,234,0,40,2,0,2,1,4,14,6
3239834,0,234,0,40,3,0,2,1,4,78,6
3239838,0,234,0,40,3,0,2,1,4,58,6
3239844,0,234,0,40,3,0,2,1,4,24,6
3239846,0,234,0,40,3,0,2,1,4,54,6
3239848,0,234,0,40,3,0,2,1,4,34,6
3239852,0,234,0,40,2,0,2,1,4,56,6
3239854,0,234,0,40,2,0,2,1,4,22,6
3239856,0,234,0,40,2,0,2,1,4,34,6
3239858,0,234,0,40,3,0,2,1,4,85,6
3239860,0,234,0,40,2,0,2,1,4,79,6
3239862,0,234,0,40,2,0,2,1,4,95,6
3239864,0,234,0,40,2,0,2,1,4,27,6
3239866,0,234,0,40,3,0,2,1,4,46,6
3239868,0,234,0,40,2,0,2,1,4,24,6
3239870,0,234,0,40,2,0,2,1,4,52,6
3239872,0,234,0,40,3,0,2,1,4,36,6
3239876,0,234,0,40,3,0,2,1,4,70,6
3239878,0,234,0,40,2,0,2,1,4,50,6
3239880,0,234,0,40,3,0,2,1,4,44,6
3239882,0,234,0,40,2,0,2,1,4,75,6
3239888,0,234,0,40,3,0,2,1,4,33,6
3239892,0,234,0,40,3,0,2,1,4,17,6
3239896,0,234,0,40,2,0,2,1,4,37,6
3239898,0,234,0,40,2,0,2,1,4,78,6
3239900,0,234,0,40,2,0,2,1,4,38,6
3239902,0,234,0,40,2,0,2,1,4,50,6
3239904,0,234,0,40,2,0,2,1,4,55,6
3239908,0,234,0,40,3,0,2,1,4,33,6
3239910,0,234,0,40,3,0,2,1,4,55,6
3239916,0,234,0,40,3,0,2,1,4,24,6
3239918,0,234,0,40,3,0,2,1,4,48,6
3239920,0,234,0,40,2,0,2,1,4,24,6
3239922,0,234,0,40,2,0,2,1,4,53,6
3239928,0,234,0,40,2,0,2,1,4,41,6
3239930,0,234,0,40,2,0,2,1,4,35,6
3239932,0,234,0,40,3,0,2,1,4,34,6
3239938,0,234,0,40,3,0,2,1,4,70,6
3239940,0,234,0,40,2,0,2,1,4,37,6
3239942,0,234,0,40,3,0,2,1,4,40,6
3239944,0,234,0,40,2,0,2,1,4,52,6
3239946,0,234,0,40,2,0,2,1,4,59,6
3239948,0,234,0,40,3,0,2,1,4,37,6
3239952,0,234,0,40,2,0,2,1,4,18,6
3239954,0,234,0,40,3,0,2,1,4,65,6
3239960,0,234,0,40,3,0,2,1,4,29,6
3239962,0,234,0,40,2,0,2,1,4,44,6
3239964,0,234,0,40,2,0,2,1,4,17,6
3239966,0,234,0,40,3,0,2,1,4,34,6
3239968,0,234,0,40,2,0,2,1,4,14,6
3239972,0,234,0,40,3,0,2,1,4,26,6
3239974,0,234,0,40,2,0,2,1,4,52,6
3239976,0,234,0,40,2,0,2,1,4,87,6
3239978,0,234,0,40,2,0,2,1,4,11,6
3239984,0,234,0,40,3,0,2,1,4,45,6
3239986,0,234,0,40,2,0,2,1,4,61,6
3239988,0,234,0,40,3,0,2,1,4,94,6
3239990,0,234,0,40,2,0,2,1,4,40,6
3239992,0,234,0,40,3,0,2,1,4,34,6
3239994,0,234,0,40,2,0,2,1,4,38,6
3239996,0,234,0,40,3,0,2,1,4,34,6
3240002,0,234,0,40,2,0,2,1,4,71,6
3240004,0,234,0,40,2,0,2,1,4,84,6
3240006,0,234,0,40,2,0,2,1,4,22,6
3240008,0,234,0,40,3,0,2,1,4,97,6
3240010,0,234,0,40,3,0,2,1,4,50,6
3240012,0,234,0,40,3,0,2,1,4,34,6
3240014,0,234,0,40,2,0,2,1,4,48,6
3240016,0,234,0,40,2,0,2,1,4,43,6
3225813,0,234,0,40,3,1,2,1,12,94,6
3218668,0,234,0,40,3,4,2,1,15,26,6
3189532,0,234,0,40,3,7,2,1,54,158,6
3190741,0,234,0,40,3,8,2,1,48,21,6
3197719,0,234,0,40,3,5,2,1,41,29,6
3207407,0,234,0,40,2,4,2,1,29,36,6
3232952,0,234,0,40,2,1,2,1,4,40,6
3226442,0,234,0,40,3,2,2,1,14,41,6
3194656,0,234,0,40,3,8,2,1,45,41,6
3215488,0,234,0,40,3,4,2,1,25,33,6
3210351,0,234,0,40,3,2,2,1,42,59,6
3177590,1,234,125,40,2,10,2,1,64,14,6
3197608,0,234,0,40,2,8,2,1,36,26,6
3218533,0,234,0,40,3,5,2,1,12,18,6
3208938,0,234,0,40,2,3,2,1,33,76,6
3231470,0,234,0,40,3,1,2,1,5,20,6
3153140,0,234,0,40,2,7,2,1,50,81,6
3233063,0,234,0,40,2,1,2,1,4,63,6
3188970,0,234,0,40,3,7,2,1,60,27,6
3218156,0,234,0,40,3,2,2,1,25,48,6
3203663,0,234,0,40,3,6,2,1,38,90,6
3219866,0,234,0,40,2,4,2,1,19,11,6
3206189,0,234,0,40,2,7,2,1,29,35,6
3221390,0,234,0,40,3,3,2,1,18,29,6
3206771,0,234,0,40,2,4,2,1,37,18,6
3227067,0,234,0,40,3,2,2,1,17,50,6
3198378,0,234,0,40,2,6,2,1,41,40,6
3232554,0,234,0,40,3,1,2,1,8,25,6
3196518,0,234,0,40,3,7,2,1,31,32,6
3211132,0,234,0,40,2,4,2,1,35,56,6
3190122,0,234,0,40,2,11,2,1,39,33,6
3221933,0,234,0,40,3,4,2,1,19,64,6
3233147,0,234,0,40,3,1,2,1,6,41,6
3215699,0,234,0,40,3,4,2,1,24,64,6
3155400,1,234,158,33.4628,3,13,2,1,85,49,6
3227137,0,234,0,40,3,2,2,1,11,47,6
3203996,0,234,0,40,3,6,2,1,42,94,6
3186972,0,234,0,40,2,8,2,1,57,43,6
3199501,0,234,0,40,2,6,2,1,42,29,6
3200156,0,234,0,40,2,5,2,1,43,28,6
3165793,0,234,0,40,3,18,2,1,97,28,6
3224379,0,234,0,40,3,2,2,1,18,37,6
3230119,0,234,0,40,3,1,2,1,13,41,6
3159736,0,234,0,40,3,8,2,1,46,33,6
3185007,0,234,0,40,2,7,2,1,48,19,6
3215852,0,234,0,40,2,3,2,1,25,24,6
3218237,0,234,0,40,2,4,2,1,25,30,6
3187959,0,234,0,40,3,6,2,1,64,41,6
3208193,0,234,0,40,3,5,2,1,36,45,6
3232680,0,234,0,40,3,1,2,1,8,18,6
3177777,0,234,0,40,3,11,2,1,55,98,6
3218040,0,234,0,40,3,4,2,1,20,93,6
3232493,0,234,0,40,2,1,2,1,7,36,6
3163839,0,234,0,40,2,17,2,1,74,24,6
3228730,0,234,0,40,3,2,2,1,11,25,6
3158237,0,234,0,40,2,12,2,1,51,89,6
3162290,0,234,0,40,3,17,2,1,90,48,6
3213894,0,234,0,40,3,5,2,1,25,54,6
3231597,0,234,0,40,2,2,2,1,7,11,6
3232950,0,234,0,40,3,2,2,1,7,57,6
3225371,0,234,0,40,2,3,2,1,11,43,6
3185672,0,234,0,40,3,8,2,1,59,26,6
3221336,0,234,0,40,2,5,2,1,11,41,6
3199173,0,234,0,40,2,6,2,1,30,43,6
3219098,0,234,0,40,3,7,2,1,18,38,6
3233446,0,234,0,40,3,1,2,1,4,51,6
3235114,0,234,0,40,2,1,2,1,4,25,6
3199203,0,234,0,40,3,4,2,1,36,76,6
3211764,0,234,0,40,2,2,2,1,42,40,6
3186280,0,234,0,40,2,7,2,1,66,40,6
3217394,0,234,0,40,2,3,2,1,27,28,6
3206667,0,234,0,40,2,4,2,1,39,35,6
3183221,0,234,0,40,3,11,2,1,58,72,6
3229078,0,234,0,40,3,1,2,1,16,41,6
3222467,0,234,0,40,2,2,2,1,27,32,6
3214452,0,234,0,40,3,4,2,1,27,22,6
3222078,0,234,0,40,2,2,2,1,18,36,6
3217056,0,234,0,40,2,3,2,1,22,47,6
3223400,0,234,0,40,3,2,2,1,24,44,6
3199757,0,234,0,40,3,5,2,1,50,57,6
3202563,0,234,0,40,3,6,2,1,38,23,6
3194524,0,234,0,40,2,5,2,1,51,45,6
3164181,1,234,153,20.3323,3,14,2,1,86,31,6
3231798,0,234,0,40,3,1,2,1,10,52,6
3222278,0,234,0,40,3,3,2,1,13,120,6
3184875,0,234,0,40,2,13,2,1,47,50,6
3203246,0,234,0,40,2,4,2,1,40,55,6
3200992,0,234,0,40,2,7,2,1,44,45,6
3198591,1,234,181,34.8502,3,6,2,1,45,20,6
3175522,0,234,0,40,3,9,2,1,78,64,6
3204172,0,234,0,40,3,4,2,1,42,39,6
3232761,0,234,0,40,2,1,2,1,8,52,6
3189166,0,234,0,40,3,7,2,1,61,36,6
3196214,0,234,0,40,3,8,2,1,45,49,6
3231647,0,234,0,40,2,2,2,1,8,60,6
3223285,0,234,0,40,3,4,2,1,18,102,6
3218324,0,234,0,40,3,2,2,1,23,35,6
3159543,0,234,0,40,3,11,2,1,72,38,6
3181874,1,234,188,33.9303,2,13,2,1,51,19,6
3214967,0,234,0,40,2,5,2,1,23,88,6
3188760,0,234,0,40,3,10,2,1,54,10,6
3232603,0,234,0,40,3,1,2,1,6,60,6
3218620,0,234,0,40,3,4,2,1,13,91,6
3195236,0,234,0,40,2,6,2,1,39,32,6
3158501,0,234,0,40,2,8,2,1,70,21,6
3171423,0,234,0,40,2,13,2,1,84,63,6
3223417,0,234,0,40,2,2,2,1,22,42,6
3230264,0,234,0,40,2,2,2,1,6,113,6
3212621,0,234,0,40,2,4,2,1,35,34,6
3164723,0,234,0,40,3,15,2,1,95,50,6
3232771,0,234,0,40,2,1,2,1,5,38,6
3234509,0,234,0,40,3,1,2,1,5,74,6
3215328,0,234,0,40,2,4,2,1,15,91,6
3170811,0,234,0,40,3,11,2,1,95,45,6
3187568,0,234,0,40,2,9,2,1,60,68,6
3184996,0,234,0,40,2,11,2,1,43,67,6
3217230,0,234,0,40,3,4,2,1,27,58,6
3197902,0,234,0,40,2,9,2,1,33,71,6
3223940,0,234,0,40,2,3,2,1,19,50,6
3229558,0,234,0,40,3,3,2,1,10,51,6
3179341,0,234,0,40,2,8,2,1,81,31,6
3153972,0,234,0,40,3,8,2,1,80,29,6
3176874,0,234,0,40,2,13,2,1,66,81,6
3195610,0,234,0,40,3,8,2,1,45,55,6
3227309,0,234,0,40,3,1,2,1,20,59,6
3208891,0,234,0,40,3,5,2,1,30,64,6
3161073,0,234,0,40,2,9,2,1,66,69,6
3228021,0,234,0,40,2,1,2,1,18,36,6
3219455,0,234,0,40,3,3,2,1,22,43,6
3218053,0,234,0,40,3,3,2,1,26,47,6
3225390,0,234,0,40,2,2,2,1,18,25,6
3228973,0,234,0,40,3,1,2,1,16,27,6
3156936,0,234,0,40,3,17,2,1,68,77,6
3196758,0,234,0,40,2,6,2,1,47,18,6
3229055,0,234,0,40,3,1,2,1,15,63,6
3216665,0,234,0,40,3,4,2,1,25,52,6
3230854,0,234,0,40,3,1,2,1,14,39,6
3215484,0,234,0,40,3,5,2,1,26,28,6
3231237,0,234,0,40,2,1,2,1,13,53,6
3211319,0,234,0,40,3,5,2,1,34,15,6
3226137,0,234,0,40,2,3,2,1,17,18,6
3193923,0,234,0,40,2,8,2,1,44,16,6
3211688,0,234,0,40,3,6,2,1,31,28,6
3225732,0,234,0,40,3,3,2,1,14,24,6
3230489,0,234,0,40,3,1,2,1,11,40,6
3224313,0,234,0,40,2,2,2,1,16,28,6
3162614,0,234,0,40,2,13,2,1,60,25,6
3226739,0,234,0,40,3,2,2,1,15,38,6
3212727,0,234,0,40,3,4,2,1,36,31,6
3200768,0,234,0,40,3,8,2,1,35,14,6
3149924,0,234,0,40,2,10,2,1,90,66,6
3226063,0,234,0,40,3,3,2,1,16,24,6
3232804,0,234,0,40,3,1,2,1,10,19,6
3180862,0,234,0,40,2,11,2,1,67,35,6
3186797,0,234,0,40,2,9,2,1,53,24,6
3217888,0,234,0,40,2,3,2,1,23,42,6
3227725,0,234,0,40,2,2,2,1,15,83,6
3226125,0,234,0,40,2,3,2,1,18,22,6
3233267,0,234,0,40,3,1,2,1,9,82,6
3207467,0,234,0,40,3,5,2,1,27,33,6
3212333,0,234,0,40,2,4,2,1,28,44,6
3224404,0,234,0,40,2,3,2,1,17,44,6
3217048,0,234,0,40,3,5,2,1,23,43,6
3187833,0,234,0,40,2,6,2,1,71,74,6
3230658,0,234,0,40,3,2,2,1,11,19,6
3186162,0,234,0,40,2,7,2,1,66,19,6
3233757,0,234,0,40,3,1,2,1,8,30,6
3209514,0,234,0,40,2,6,2,1,23,78,6
3207949,0,234,0,40,2,6,2,1,28,100,6
3193746,0,234,0,40,3,7,2,1,53,47,6
3214744,0,234,0,40,3,5,2,1,25,20,6
3165863,0,234,0,40,3,15,2,1,90,68,6
3183074,0,234,0,40,3,12,2,1,43,43,6
3231380,0,234,0,40,3,2,2,1,9,30,6
3227301,0,234,0,40,2,3,2,1,11,52,6
3209579,0,234,0,40,2,6,2,1,37,49,6
3234332,0,234,0,40,3,1,2,1,7,60,6
3193016,0,234,0,40,2,8,2,1,36,22,6
3197147,0,234,0,40,2,5,2,1,51,20,6
3221695,0,234,0,40,3,3,2,1,18,55,6
3230402,0,234,0,40,2,2,2,1,9,52,6
3195858,1,234,218,26.193,3,7,2,1,39,55,6
3222676,0,234,0,40,2,3,2,1,22,29,6
3219482,0,234,0,40,3,3,2,1,30,52,6
3226286,0,234,0,40,2,4,2,1,13,31,6
3219685,0,234,0,40,3,5,2,1,24,12,6
3234648,0,234,0,40,2,1,2,1,6,31,6
3217450,0,234,0,40,2,4,2,1,21,30,6
3180753,0,234,0,40,3,9,2,1,63,24,6
3213398,0,234,0,40,3,4,2,1,30,46,6
3215968,0,234,0,40,3,3,2,1,23,31,6
3195889,1,234,153,31.1567,3,10,2,1,34,48,6
3211568,0,234,0,40,3,6,2,1,24,19,6
3186389,0,234,0,40,2,7,2,1,69,49,6
3194449,0,234,0,40,3,11,2,1,42,38,6
3160798,0,234,0,40,3,9,2,1,73,51,6
3198692,0,234,0,40,2,7,2,1,49,19,6
3165445,0,234,0,40,3,15,2,1,90,26,6
3234335,0,234,0,40,2,1,2,1,5,15,6
3218803,0,234,0,40,3,2,2,1,23,32,6
3205460,0,234,0,40,3,4,2,1,38,29,6
3201594,0,234,0,40,3,5,2,1,36,32,6
3224650,0,234,0,40,3,4,2,1,14,28,6
3160988,0,234,0,40,2,11,2,1,64,31,6
3198156,0,234,0,40,2,7,2,1,42,5,6
3183000,0,234,0,40,2,8,2,1,65,4,6
3228654,0,234,0,40,2,2,2,1,12,70,6
3213694,0,234,0,40,2,5,2,1,25,45,6
3218548,0,234,0,40,2,4,2,1,24,31,6
3198424,0,234,0,40,3,8,2,1,40,15,6
3232662,0,234,0,40,3,2,2,1,7,71,6
3182386,1,234,158,39.2775,2,12,2,1,47,49,6
3216656,0,234,0,40,3,5,2,1,21,47,6
3199551,0,234,0,40,3,5,2,1,45,30,6
3221508,0,234,0,40,2,3,2,1,23,22,6
3234931,0,234,0,40,3,1,2,1,4,58,6
3235375,0,234,0,40,2,1,2,1,4,36,6
3235839,0,234,0,40,3,1,2,1,4,41,6
3153695,0,234,0,40,2,13,2,1,74,32,6
3200620,0,234,0,40,2,6,2,1,52,83,6
3184027,0,234,0,40,3,6,2,1,71,99,6
3210141,0,234,0,40,2,4,2,1,38,37,6
3223836,0,234,0,40,2,2,2,1,22,28,6
3210136,0,234,0,40,2,6,2,1,29,12,6
3165038,0,234,0,40,3,17,2,1,97,14,6
3221458,0,234,0,40,2,2,2,1,29,45,6
3211318,0,234,0,40,2,5,2,1,34,30,6
3219610,0,234,0,40,2,4,2,1,27,68,6
3180494,0,234,0,40,2,12,2,1,50,52,6
3213171,0,234,0,40,2,5,2,1,32,25,6
3149635,0,234,0,40,3,12,2,1,74,64,6
3225987,0,234,0,40,3,2,2,1,17,42,6
3193975,0,234,0,40,3,6,2,1,44,25,6
3221263,0,234,0,40,3,3,2,1,20,36,6
3153454,1,234,140,28.0148,3,11,2,1,65,100,6
3226618,0,234,0,40,3,2,2,1,19,33,6
3162364,0,234,0,40,3,12,2,1,124,21,6
3204703,0,234,0,40,3,5,2,1,43,112,6
3151757,0,234,0,40,3,14,2,1,96,27,6
3168742,0,234,0,40,2,16,2,1,82,56,6
3178841,0,234,0,40,3,9,2,1,78,32,6
3218649,0,234,0,40,2,3,2,1,27,34,6
3156817,0,234,0,40,3,16,2,1,90,11,6
3226947,0,234,0,40,2,2,2,1,17,38,6
3156203,0,234,0,40,3,15,2,1,85,79,6
3225031,0,234,0,40,2,3,2,1,21,48,6
3162675,0,234,0,40,3,19,2,1,81,52,6
3231859,0,234,0,40,2,1,2,1,13,39,6
3152319,0,234,0,40,3,11,2,1,71,37,6
3225407,0,234,0,40,2,2,2,1,19,62,6
3163931,0,234,0,40,2,13,2,1,103,89,6
3217147,0,234,0,40,2,5,2,1,23,46,6
3232166,0,234,0,40,3,1,2,1,12,36,6
3164457,0,234,0,40,2,13,2,1,88,35,6
3217613,0,234,0,40,2,4,2,1,21,84,6
3172892,0,234,0,40,3,12,2,1,82,58,6
3218214,0,234,0,40,3,4,2,1,19,58,6
3231752,0,234,0,40,3,1,2,1,11,65,6
3232830,0,234,0,40,3,1,2,1,11,43,6
3179758,1,234,138,25.3742,3,10,2,1,52,99,6
3227791,0,234,0,40,2,2,2,1,11,16,6
3226085,0,234,0,40,2,2,2,1,17,29,6
3212199,0,234,0,40,3,5,2,1,27,35,6
3217921,0,234,0,40,2,4,2,1,24,41,6
3197739,1,234,162,30.9466,3,6,2,1,49,33,6
3169784,1,234,226,17.6463,3,13,2,1,75,19,6
3232625,0,234,0,40,2,1,2,1,10,58,6
3212458,0,234,0,40,3,4,2,1,28,69,6
3220171,0,234,0,40,3,3,2,1,21,39,6
3203039,0,234,0,40,3,4,2,1,52,38,6
3213265,0,234,0,40,3,6,2,1,28,41,6
3149856,0,234,0,40,2,10,2,1,71,66,6
3201668,0,234,0,40,3,7,2,1,30,52,6
3190583,0,234,0,40,3,8,2,1,48,43,6
3233424,0,234,0,40,2,1,2,1,9,39,6
3224975,0,234,0,40,3,2,2,1,18,55,6
3200660,0,234,0,40,3,8,2,1,38,20,6
3189396,0,234,0,40,3,9,2,1,61,60,6
3227882,0,234,0,40,2,3,2,1,10,45,6
3193302,0,234,0,40,2,10,2,1,42,74,6
3232262,0,234,0,40,2,2,2,1,9,45,6
3213505,0,234,0,40,3,4,2,1,31,92,6
3154120,0,234,0,40,3,11,2,1,74,24,6
3233194,0,234,0,40,3,1,2,1,8,91,6
3234140,0,234,0,40,3,1,2,1,8,24,6
3234464,0,234,0,40,3,1,2,1,8,39,6
3224571,0,234,0,40,3,2,2,1,17,51,6
3223343,0,234,0,40,2,3,2,1,14,48,6
3228004,0,234,0,40,2,3,2,1,13,53,6
3220254,0,234,0,40,3,2,2,1,23,11,6
3225261,0,234,0,40,3,3,2,1,21,68,6
3214537,0,234,0,40,2,5,2,1,26,77,6
3227786,1,234,219,33.4667,2,3,2,1,11,37,6
3227778,0,234,0,40,3,3,2,1,16,51,6
3226666,0,234,0,40,3,3,2,1,16,55,6
3150176,0,234,0,40,2,15,2,1,70,36,6
3209053,0,234,0,40,2,6,2,1,38,31,6
3234161,0,234,0,40,2,1,2,1,7,35,6
3234634,0,234,0,40,3,1,2,1,7,38,6
3234902,0,234,0,40,3,1,2,1,7,45,6
3223812,0,234,0,40,2,2,2,1,15,68,6
3209364,0,234,0,40,2,5,2,1,31,44,6
3198162,0,234,0,40,2,8,2,1,39,58,6
3200554,0,234,0,40,3,6,2,1,41,30,6
3150760,0,234,0,40,3,13,2,1,75,46,6
3179039,0,234,0,40,2,8,2,1,73,32,6
3160880,0,234,0,40,2,10,2,1,83,38,6
3230925,0,234,0,40,3,2,2,1,9,57,6
3153395,0,234,0,40,3,14,2,1,113,38,6
3173743,0,234,0,40,3,12,2,1,83,25,6
3226821,0,234,0,40,2,3,2,1,12,45,6
3219513,0,234,0,40,2,5,2,1,21,64,6
3210650,0,234,0,40,3,5,2,1,37,13,6
3166474,1,234,186,35.5158,2,13,2,1,100,18,6
3235140,0,234,0,40,3,1,2,1,6,41,6
3235158,0,234,0,40,2,1,2,1,6,39,6
3235348,0,234,0,40,2,1,2,1,6,35,6
3198457,0,234,0,40,3,7,2,1,43,24,6
3172878,0,234,0,40,2,14,2,1,51,43,6
3189942,0,234,0,40,3,12,2,1,39,69,6
3177375,1,234,144,27.2177,3,12,2,1,60,80,6
3224600,2,234,0,40,2,3,2,1,18,64,6
3231706,0,234,0,40,2,2,2,1,6,35,6
3212249,0,234,0,40,3,4,2,1,30,56,6
3197798,0,234,0,40,2,5,2,1,50,46,6
3163011,0,234,0,40,2,15,2,1,96,40,6
3201550,0,234,0,40,3,6,2,1,46,96,6
3191579,0,234,0,40,2,6,2,1,63,34,6
3207115,0,234,0,40,3,6,2,1,31,35,6
3187540,0,234,0,40,2,10,2,1,61,92,6
3175860,0,234,0,40,3,12,2,1,61,16,6
3216520,0,234,0,40,2,6,2,1,19,79,6
3229938,0,234,0,40,3,2,2,1,13,41,6
3222744,0,234,0,40,3,4,2,1,17,22,6
3227085,0,234,0,40,2,4,2,1,14,51,6
3197225,0,234,0,40,2,8,2,1,43,44,6
3149958,1,234,122,28.6313,3,16,2,1,75,24,6
3234587,0,234,0,40,3,1,2,1,5,114,6
3235307,0,234,0,40,3,1,2,1,5,51,6
3235603,0,234,0,40,2,1,2,1,5,41,6
3235835,0,234,0,40,3,1,2,1,5,39,6
3236103,0,234,0,40,3,1,2,1,5,24,6
3191505,0,234,0,40,2,11,2,1,41,40,6
3187546,0,234,0,40,3,11,2,1,52,10,6
3149762,0,234,0,40,2,9,2,1,99,23,6
3195011,0,234,0,40,2,8,2,1,44,50,6
3207482,0,234,0,40,3,6,2,1,34,38,6
3189730,0,234,0,40,2,11,2,1,42,27,6
3202757,0,234,0,40,3,6,2,1,41,30,6
3231566,0,234,0,40,3,2,2,1,7,80,6
3193637,0,234,0,40,3,10,2,1,39,11,6
3216482,0,234,0,40,2,3,2,1,28,20,6
3151088,0,234,0,40,3,13,2,1,74,45,6
3206405,0,234,0,40,2,5,2,1,41,47,6
3181569,0,234,0,40,3,11,2,1,71,52,6
3215402,0,234,0,40,2,4,2,1,26,79,6
3189617,0,234,0,40,3,10,2,1,54,68,6
3225998,0,234,0,40,3,3,2,1,17,40,6
3187126,0,234,0,40,3,11,2,1,51,51,6
3212461,0,234,0,40,2,7,2,1,21,27,6
3231163,0,234,0,40,3,3,2,1,11,43,6
3209408,1,234,205,38.4969,2,8,2,1,31,66,6
3235708,0,234,0,40,2,1,2,1,4,71,6
3235796,0,234,0,40,2,1,2,1,4,44,6
3236539,0,234,0,40,3,1,2,1,4,30,6
3193342,0,234,0,40,2,5,2,1,60,28,6
3207516,0,234,0,40,3,2,2,1,41,58,6
3206179,0,234,0,40,2,5,2,1,44,33,6
3169821,0,234,0,40,3,15,2,1,91,60,6
3186896,0,234,0,40,2,7,2,1,62,38,6
3222574,0,234,0,40,2,2,2,1,25,54,6
3191267,1,234,147,38.3161,2,8,2,1,45,42,6
3224532,0,234,0,40,2,2,2,1,23,22,6
3160372,0,234,0,40,3,5,2,1,50,44,6
3226967,0,234,0,40,2,1,2,1,22,24,6
3204290,0,234,0,40,2,6,2,1,48,77,6
3213143,0,234,0,40,2,3,2,1,33,10,6
3168891,0,234,0,40,2,14,2,1,85,57,6
3160941,1,234,131,23.0515,3,14,2,1,89,35,6
3199080,0,234,0,40,3,9,2,1,57,37,6
3185855,0,234,0,40,3,8,2,1,48,29,6
3187780,0,234,0,40,3,8,2,1,65,23,6
3195354,0,234,0,40,3,10,2,1,50,37,6
3213081,0,234,0,40,3,3,2,1,34,20,6
3156497,0,234,0,40,3,12,2,1,71,36,6
3226945,0,234,0,40,3,2,2,1,18,41,6
3162504,1,234,153,25.6719,3,17,2,1,95,41,6
3224663,0,234,0,40,3,2,2,1,20,34,6
3176242,0,234,0,40,2,10,2,1,73,26,6
3185104,0,234,0,40,2,10,2,1,56,33,6
3177335,0,234,0,40,2,9,2,1,73,53,6
3230727,0,234,0,40,2,1,2,1,15,29,6
3216158,0,234,0,40,3,3,2,1,22,16,6
3201278,0,234,0,40,2,7,2,1,39,26,6
3226492,0,234,0,40,3,2,2,1,15,22,6
3188493,1,234,148,34.1994,3,8,2,1,57,29,6
3230892,0,234,0,40,2,1,2,1,14,56,6
3231929,0,234,0,40,3,1,2,1,14,68,6
3179092,0,234,0,40,2,12,2,1,62,34,6
3183729,1,234,157,31.8624,3,11,2,1,53,31,6
3208326,0,234,0,40,3,4,2,1,43,23,6
3228495,0,234,0,40,2,2,2,1,15,25,6
3176163,0,234,0,40,3,12,2,1,58,40,6
3231530,0,234,0,40,3,1,2,1,13,32,6
3231846,0,234,0,40,2,1,2,1,13,25,6
3232408,0,234,0,40,3,1,2,1,13,44,6
3223904,0,234,0,40,2,2,2,1,15,18,6
3222110,1,234,207,32.0406,2,4,2,1,18,35,6
3219590,0,234,0,40,2,4,2,1,27,17,6
3232219,0,234,0,40,2,1,2,1,12,26,6
3232912,0,234,0,40,2,1,2,1,12,35,6
3228085,0,234,0,40,2,2,2,1,14,50,6
3192804,0,234,0,40,3,8,2,1,40,26,6
3202687,0,234,0,40,2,5,2,1,39,52,6
3193892,0,234,0,40,3,8,2,1,41,37,6
3208109,0,234,0,40,2,4,2,1,42,31,6
3233117,0,234,0,40,2,1,2,1,11,24,6
3212738,0,234,0,40,2,4,2,1,20,28,6
3175424,0,234,0,40,2,14,2,1,71,18,6
3193682,0,234,0,40,3,9,2,1,59,18,6
3208627,0,234,0,40,2,5,2,1,36,23,6
3196653,0,234,0,40,3,6,2,1,39,44,6
3175079,0,234,0,40,3,12,2,1,85,75,6
3199550,0,234,0,40,3,7,2,1,46,36,6
3152365,0,234,0,40,2,13,2,1,94,29,6
3228711,0,234,0,40,2,3,2,1,12,14,6
3207512,0,234,0,40,3,6,2,1,34,26,6
3232887,0,234,0,40,3,1,2,1,10,14,6
3233039,0,234,0,40,3,1,2,1,10,76,6
3233805,0,234,0,40,2,1,2,1,10,48,6
3234069,0,234,0,40,3,1,2,1,10,15,6
3226870,0,234,0,40,3,2,2,1,11,12,6
3212972,0,234,0,40,2,5,2,1,26,23,6
3199279,0,234,0,40,3,7,2,1,30,33,6
3221863,0,234,0,40,2,3,2,1,16,35,6
3219998,0,234,0,40,2,3,2,1,19,29,6
3226504,0,234,0,40,2,3,2,1,14,20,6
3215393,0,234,0,40,2,5,2,1,27,57,6
3206769,0,234,0,40,2,5,2,1,40,35,6
3218276,0,234,0,40,2,4,2,1,30,52,6
3227360,0,234,0,40,3,3,2,1,14,21,6
3233866,0,234,0,40,3,1,2,1,9,48,6
3234316,0,234,0,40,3,1,2,1,9,48,6
3210424,0,234,0,40,3,5,2,1,29,46,6
3221193,0,234,0,40,3,3,2,1,15,22,6
3177285,0,234,0,40,3,11,2,1,64,78,6
3193783,0,234,0,40,3,7,2,1,47,45,6
3206569,0,234,0,40,2,6,2,1,34,30,6
3222594,0,234,0,40,3,4,2,1,17,56,6
3222269,0,234,0,40,3,2,2,1,27,43,6
3154409,0,234,0,40,3,15,2,1,76,30,6
3229375,0,234,0,40,2,3,2,1,13,65,6
3179332,0,234,0,40,2,13,2,1,57,58,6
3223037,0,234,0,40,3,4,2,1,20,29,6
3192790,0,234,0,40,3,9,2,1,47,17,6
3225091,0,234,0,40,2,4,2,1,17,48,6
3213433,0,234,0,40,2,5,2,1,31,27,6
3233510,0,234,0,40,2,1,2,1,8,74,6
3234149,0,234,0,40,2,1,2,1,8,39,6
3234702,0,234,0,40,2,1,2,1,8,44,6
3158392,0,234,0,40,2,9,2,1,76,58,6
3217314,0,234,0,40,2,4,2,1,15,40,6
3165502,0,234,0,40,3,13,2,1,100,53,6
3227193,0,234,0,40,2,2,2,1,16,44,6
3208042,0,234,0,40,2,5,2,1,33,66,6
3215282,0,234,0,40,2,2,2,1,36,35,6
3208028,0,234,0,40,3,7,2,1,29,50,6
3211779,0,234,0,40,2,4,2,1,35,32,6
3179706,0,234,0,40,3,11,2,1,72,44,6
3151502,0,234,0,40,2,13,2,1,88,49,6
3232162,0,234,0,40,2,2,2,1,9,51,6
3181758,0,234,0,40,2,10,2,1,55,29,6
3224678,0,234,0,40,2,4,2,1,16,84,6
3233483,0,234,0,40,3,2,2,1,8,33,6
3168220,0,234,0,40,2,17,2,1,70,61,6
3226506,0,234,0,40,2,3,2,1,17,24,6
3233365,0,234,0,40,3,2,2,1,9,47,6
3225469,0,234,0,40,2,4,2,1,19,74,6
3201304,0,234,0,40,2,7,2,1,44,45,6
3210635,0,234,0,40,2,8,2,1,26,16,6
3235192,0,234,0,40,3,1,2,1,7,33,6
3235244,0,234,0,40,3,1,2,1,7,18,6
3186203,1,234,142,22.1218,3,10,2,1,56,45,6
3215077,0,234,0,40,2,4,2,1,29,77,6
3211057,0,234,0,40,3,5,2,1,23,21,6
3223755,0,234,0,40,3,2,2,1,23,27,6
3204102,0,234,0,40,2,8,2,1,31,37,6
3181711,0,234,0,40,3,10,2,1,65,90,6
3220416,0,234,0,40,3,4,2,1,21,42,6
3154915,0,234,0,40,3,15,2,1,91,32,6
3223190,0,234,0,40,2,3,2,1,21,32,6
3190724,1,234,178,33.9102,2,9,2,1,47,8,6
3192629,0,234,0,40,3,10,2,1,37,65,6
3209380,0,234,0,40,2,6,2,1,30,14,6
3232748,0,234,0,40,2,2,2,1,8,117,6
3225882,0,234,0,40,3,3,2,1,15,51,6
3223769,0,234,0,40,2,3,2,1,21,38,6
3226974,0,234,0,40,3,3,2,1,18,14,6
3232469,0,234,0,40,2,2,2,1,8,47,6
3184669,0,234,0,40,3,10,2,1,70,33,6
3226047,0,234,0,40,2,3,2,1,21,50,6
3188315,0,234,0,40,3,9,2,1,60,28,6
3232447,0,234,0,40,3,2,2,1,11,26,6
3234371,0,234,0,40,2,1,2,1,6,51,6
3235219,0,234,0,40,3,1,2,1,6,26,6
3235511,0,234,0,40,2,1,2,1,6,95,6
3235977,0,234,0,40,3,1,2,1,6,37,6
3236113,0,234,0,40,3,1,2,1,6,32,6
3227246,0,234,0,40,2,2,2,1,11,53,6
3225597,0,234,0,40,3,2,2,1,15,14,6
3156049,0,234,0,40,3,12,2,1,92,32,6
3170851,0,234,0,40,3,12,2,1,77,48,6
3220865,0,234,0,40,2,5,2,1,19,24,6
3173552,0,234,0,40,2,14,2,1,71,30,6
3213533,0,234,0,40,2,4,2,1,31,34,6
3193438,1,234,149,18.4633,3,8,2,1,49,67,6
3228480,0,234,0,40,2,3,2,1,12,20,6
3229014,0,234,0,40,2,3,2,1,11,49,6
3222726,0,234,0,40,3,3,2,1,18,35,6
3221609,0,234,0,40,3,3,2,1,22,36,6
3224811,0,234,0,40,2,4,2,1,9,41,6
3191990,0,234,0,40,2,10,2,1,47,31,6
3193708,0,234,0,40,3,9,2,1,49,67,6
3191885,0,234,0,40,3,8,2,1,46,11,6
3217747,0,234,0,40,2,2,2,1,36,58,6
3166715,0,234,0,40,2,14,2,1,104,83,6
3209331,0,234,0,40,3,4,2,1,40,19,6
3180471,0,234,0,40,3,12,2,1,70,65,6
3182567,0,234,0,40,3,7,2,1,73,65,6
3199076,0,234,0,40,2,8,2,1,43,53,6
3193461,0,234,0,40,2,8,2,1,39,80,6
3183067,0,234,0,40,2,10,2,1,66,8,6
3234966,0,234,0,40,3,2,2,1,7,30,6
3213695,0,234,0,40,3,4,2,1,30,70,6
3233784,0,234,0,40,3,1,2,1,5,32,6
3234991,0,234,0,40,3,1,2,1,5,53,6
3235169,0,234,0,40,2,1,2,1,5,30,6
3235984,0,234,0,40,2,1,2,1,5,47,6
3236339,0,234,0,40,2,1,2,1,5,69,6
3236555,0,234,0,40,2,1,2,1,5,39,6
3236585,0,234,0,40,3,1,2,1,5,41,6
3236641,0,234,0,40,3,1,2,1,5,51,6
3203846,0,234,0,40,2,6,2,1,25,50,6
3214128,0,234,0,40,2,5,2,1,19,67,6
3195466,0,234,0,40,2,9,2,1,29,31,6
3206332,0,234,0,40,2,3,2,1,43,25,6
3198981,0,234,0,40,2,7,2,1,31,37,6
3217718,0,234,0,40,3,4,2,1,26,35,6
3205653,0,234,0,40,2,5,2,1,33,62,6
3189385,0,234,0,40,3,10,2,1,52,56,6
3211217,0,234,0,40,3,7,2,1,28,36,6
3211236,0,234,0,40,3,4,2,1,36,39,6
3195359,0,234,0,40,2,9,2,1,41,9,6
3215505,0,234,0,40,2,6,2,1,20,52,6
3227168,0,234,0,40,2,3,2,1,14,39,6
3189294,0,234,0,40,2,10,2,1,55,61,6
3219826,0,234,0,40,3,4,2,1,18,58,6
3184199,0,234,0,40,3,11,2,1,59,71,6
3205135,0,234,0,40,3,7,2,1,29,56,6
3205902,0,234,0,40,2,7,2,1,29,34,6
3204970,1,234,227,25.842,3,10,2,1,25,26,6
3219492,0,234,0,40,3,5,2,1,22,31,6
3218154,0,234,0,40,3,5,2,1,25,38,6
3234584,0,234,0,40,3,2,2,1,6,39,6
3215733,0,234,0,40,3,6,2,1,21,25,6
3232526,0,234,0,40,3,2,2,1,11,44,6
3210878,0,234,0,40,2,4,2,1,38,44,6
3181873,0,234,0,40,3,10,2,1,61,44,6
3220018,0,234,0,40,3,5,2,1,24,8,6
3228926,0,234,0,40,3,3,2,1,15,86,6
3217108,0,234,0,40,2,6,2,1,24,43,6
3222781,0,234,0,40,2,3,2,1,20,27,6
3221989,0,234,0,40,3,4,2,1,22,37,6
3183569,1,234,145,34.3591,3,12,2,1,57,25,6
3235293,0,234,0,40,2,1,2,1,4,83,6
3235842,0,234,0,40,2,1,2,1,4,54,6
3236278,0,234,0,40,2,1,2,1,4,36,6
3236578,0,234,0,40,3,1,2,1,4,52,6
3237016,0,234,0,40,2,1,2,1,4,30,6
3153430,0,234,0,40,2,12,2,1,136,66,6
3204709,0,234,0,40,3,5,2,1,47,54,6
3165075,1,234,159,28.783,3,12,2,1,105,72,6
3201654,0,234,0,40,2,6,2,1,45,45,6
3178263,0,234,0,40,3,8,2,1,67,6,6
3190577,1,234,188,38.8657,2,6,2,1,65,49,6
3186819,1,234,141,37.5682,2,8,2,1,67,65,6
3209173,0,234,0,40,2,5,2,1,39,41,6
3223183,0,234,0,40,3,2,2,1,27,23,6
3185292,0,234,0,40,2,9,2,1,70,48,6
3226895,0,234,0,40,3,1,2,1,23,50,6
3227910,0,234,0,40,2,1,2,1,22,44,6
3176245,1,234,147,23.5566,3,12,2,1,64,40,6
3218363,0,234,0,40,2,3,2,1,33,24,6
3184790,0,234,0,40,3,6,2,1,72,24,6
3224367,0,234,0,40,3,2,2,1,22,66,6
3194967,0,234,0,40,3,7,2,1,50,73,6
3227626,0,234,0,40,3,1,2,1,19,63,6
3197898,0,234,0,40,2,5,2,1,51,79,6
3170223,0,234,0,40,2,15,2,1,80,53,6
3218334,0,234,0,40,2,4,2,1,25,38,6
3188240,0,234,0,40,3,9,2,1,65,23,6
3217162,0,234,0,40,3,4,2,1,27,56,6
3229179,0,234,0,40,2,1,2,1,17,66,6
3230592,0,234,0,40,2,1,2,1,17,34,6
3221991,0,234,0,40,3,2,2,1,26,16,6
3177659,0,234,0,40,2,8,2,1,88,26,6
3204208,0,234,0,40,3,5,2,1,41,77,6
3221151,0,234,0,40,3,2,2,1,32,18,6
3213635,0,234,0,40,2,4,2,1,29,44,6
3231089,0,234,0,40,3,1,2,1,16,55,6
3212163,0,234,0,40,2,4,2,1,33,40,6
3220929,0,234,0,40,2,4,2,1,22,62,6
3220646,0,234,0,40,2,3,2,1,20,69,6
3204440,0,234,0,40,3,5,2,1,41,27,6
3172519,0,234,0,40,2,12,2,1,84,52,6
3228466,0,234,0,40,3,2,2,1,16,32,6
3207453,0,234,0,40,2,5,2,1,36,15,6
3210851,0,234,0,40,3,4,2,1,39,12,6
3159205,0,234,0,40,2,12,2,1,80,28,6
3173411,0,234,0,40,3,9,2,1,87,10,6
3221761,0,234,0,40,2,3,2,1,25,28,6
3212810,0,234,0,40,3,3,2,1,30,62,6
3202842,0,234,0,40,2,5,2,1,41,53,6
3228818,0,234,0,40,2,2,2,1,15,41,6
3213053,0,234,0,40,3,5,2,1,29,40,6
3206216,0,234,0,40,2,7,2,1,32,14,6
3227311,0,234,0,40,3,3,2,1,18,31,6
3225468,0,234,0,40,3,2,2,1,23,16,6
3186734,1,234,143,25.0046,3,10,2,1,60,119,6
3232620,0,234,0,40,2,1,2,1,13,39,6
3179313,0,234,0,40,3,9,2,1,81,29,6
3208858,0,234,0,40,2,5,2,1,36,29,6
3221314,1,234,211,34.7266,2,4,2,1,22,37,6
3211364,0,234,0,40,2,6,2,1,36,6,6
3220860,0,234,0,40,3,3,2,1,28,49,6
3230212,0,234,0,40,2,2,2,1,13,33,6
3219627,0,234,0,40,3,4,2,1,27,43,6
3229912,0,234,0,40,2,1,2,1,12,51,6
3232817,0,234,0,40,2,1,2,1,12,41,6
3233433,0,234,0,40,2,1,2,1,12,34,6
3197904,0,234,0,40,2,8,2,1,42,32,6
3215614,0,234,0,40,2,5,2,1,17,26,6
3208217,0,234,0,40,2,4,2,1,42,42,6
3215507,0,234,0,40,2,4,2,1,33,29,6
3229085,0,234,0,40,3,3,2,1,13,31,6
3224476,0,234,0,40,2,2,2,1,24,32,6
3201049,0,234,0,40,3,5,2,1,56,10,6
3192798,0,234,0,40,3,9,2,1,52,33,6
3228418,0,234,0,40,3,2,2,1,15,44,6
3192533,0,234,0,40,3,5,2,1,56,18,6
3232687,0,234,0,40,2,1,2,1,11,10,6
3233047,0,234,0,40,2,1,2,1,11,51,6
3216147,0,234,0,40,2,4,2,1,25,66,6
3203922,0,234,0,40,3,7,2,1,40,52,6
3224120,0,234,0,40,2,3,2,1,16,30,6
3215564,0,234,0,40,3,5,2,1,28,43,6
3174328,0,234,0,40,2,11,2,1,79,52,6
3160991,1,234,140,40,2,18,2,1,92,103,6
3199082,0,234,0,40,3,5,2,1,51,52,6
3190417,0,234,0,40,3,9,2,1,50,42,6
3229382,0,234,0,40,2,2,2,1,14,65,6
3210950,0,234,0,40,3,6,2,1,30,28,6
3192141,0,234,0,40,3,9,2,1,52,37,6
3218517,0,234,0,40,2,4,2,1,23,77,6
3207510,0,234,0,40,3,7,2,1,37,38,6
3232811,0,234,0,40,3,1,2,1,10,49,6
3233630,0,234,0,40,2,1,2,1,10,16,6
3234206,0,234,0,40,2,1,2,1,10,46,6
3222422,0,234,0,40,2,2,2,1,18,76,6
3213926,0,234,0,40,2,4,2,1,30,37,6
3176277,0,234,0,40,2,16,2,1,66,56,6
3197378,0,234,0,40,3,8,2,1,49,31,6
3201234,0,234,0,40,3,7,2,1,38,22,6
3202364,0,234,0,40,3,6,2,1,47,10,6
3225739,0,234,0,40,2,3,2,1,16,55,6
3230010,0,234,0,40,2,2,2,1,12,38,6
3228819,0,234,0,40,2,2,2,1,11,55,6
3169252,0,234,0,40,2,13,2,1,88,22,6
3227989,0,234,0,40,2,3,2,1,15,38,6
3221092,0,234,0,40,2,4,2,1,24,51,6
3202458,0,234,0,40,3,6,2,1,50,31,6
3157316,0,234,0,40,3,12,2,1,61,17,6
3220150,0,234,0,40,3,5,2,1,17,64,6
3228984,0,234,0,40,3,3,2,1,15,37,6
3232835,0,234,0,40,2,1,2,1,9,75,6
3234261,0,234,0,40,2,1,2,1,9,38,6
3234489,0,234,0,40,3,1,2,1,9,50,6
3234990,0,234,0,40,3,1,2,1,9,31,6
3220063,0,234,0,40,2,3,2,1,17,80,6
3180051,0,234,0,40,3,11,2,1,59,41,6
3228675,0,234,0,40,2,2,2,1,13,44,6
3220815,0,234,0,40,3,4,2,1,21,46,6
3225277,0,234,0,40,2,2,2,1,21,50,6
3223927,0,234,0,40,3,3,2,1,16,42,6
3225217,0,234,0,40,3,4,2,1,15,34,6
3210691,0,234,0,40,2,7,2,1,22,36,6
3173979,0,234,0,40,2,10,2,1,84,31,6
3225206,0,234,0,40,2,3,2,1,18,81,6
3223493,0,234,0,40,2,4,2,1,20,67,6
3213881,0,234,0,40,2,7,2,1,24,34,6
3192977,0,234,0,40,2,8,2,1,57,17,6
3200234,0,234,0,40,2,6,2,1,44,41,6
3211279,0,234,0,40,2,6,2,1,31,66,6
3218726,0,234,0,40,2,3,2,1,32,58,6
3229349,0,234,0,40,2,2,2,1,16,31,6
3231073,0,234,0,40,2,2,2,1,13,25,6
3212789,0,234,0,40,2,5,2,1,40,42,6
3220163,0,234,0,40,3,4,2,1,26,37,6
3231634,0,234,0,40,3,2,2,1,12,44,6
3182597,0,234,0,40,2,12,2,1,57,28,6
3196359,0,234,0,40,2,8,2,1,47,38,6
3225158,0,234,0,40,3,4,2,1,20,18,6
3234661,0,234,0,40,3,1,2,1,8,46,6
3234861,0,234,0,40,2,1,2,1,8,53,6
3235170,0,234,0,40,3,1,2,1,8,32,6
3235342,0,234,0,40,3,1,2,1,8,18,6
3235596,0,234,0,40,3,1,2,1,8,33,6
3195063,0,234,0,40,3,5,2,1,55,29,6
3230065,0,234,0,40,2,2,2,1,8,31,6
3227187,0,234,0,40,3,2,2,1,15,73,6
3152376,0,234,0,40,3,9,2,1,61,16,6
3230124,0,234,0,40,3,2,2,1,9,44,6
3231104,0,234,0,40,3,2,2,1,8,13,6
3151063,0,234,0,40,2,11,2,1,90,53,6
3221134,0,234,0,40,3,4,2,1,18,19,6
3153649,0,234,0,40,2,11,2,1,70,38,6
3227201,0,234,0,40,2,3,2,1,14,44,6
3214359,0,234,0,40,3,5,2,1,34,27,6
3222276,0,234,0,40,2,3,2,1,17,51,6
3210379,0,234,0,40,2,3,2,1,46,70,6
3219852,0,234,0,40,3,3,2,1,27,25,6
3204437,0,234,0,40,3,8,2,1,32,31,6
3193496,0,234,0,40,2,9,2,1,51,22,6
3150669,0,234,0,40,2,15,2,1,102,26,6
3153654,0,234,0,40,2,16,2,1,73,90,6
3232023,0,234,0,40,2,3,2,1,11,14,6
3189555,0,234,0,40,2,9,2,1,59,65,6
3178264,0,234,0,40,3,10,2,1,70,57,6
3229096,0,234,0,40,2,3,2,1,10,18,6
3218925,0,234,0,40,2,4,2,1,21,48,6
3232671,0,234,0,40,3,2,2,1,10,24,6
3214025,0,234,0,40,2,6,2,1,30,43,6
3235363,0,234,0,40,2,1,2,1,7,28,6
3235781,0,234,0,40,3,1,2,1,7,41,6
3236127,0,234,0,40,2,1,2,1,7,12,6
3236181,0,234,0,40,3,1,2,1,7,37,6
3204666,0,234,0,40,3,5,2,1,43,50,6
3221199,0,234,0,40,2,3,2,1,15,114,6
3200519,0,234,0,40,3,8,2,1,40,25,6
3230149,0,234,0,40,3,2,2,1,11,17,6
3205095,0,234,0,40,2,8,2,1,22,28,6
3189011,0,234,0,40,3,9,2,1,55,35,6
3223311,0,234,0,40,3,4,2,1,18,31,6
3196646,0,234,0,40,3,10,2,1,45,13,6
3228136,0,234,0,40,3,2,2,1,17,41,6
3203163,0,234,0,40,2,6,2,1,36,88,6
3155104,0,234,0,40,3,16,2,1,91,31,6
3221531,0,234,0,40,2,3,2,1,26,54,6
3221492,0,234,0,40,2,3,2,1,21,22,6
3232380,0,234,0,40,2,2,2,1,10,25,6
3154527,0,234,0,40,2,15,2,1,77,28,6
3178581,0,234,0,40,3,11,2,1,74,39,6
3193623,0,234,0,40,3,10,2,1,42,37,6
3224948,0,234,0,40,3,3,2,1,20,24,6
3196152,0,234,0,40,3,9,2,1,38,22,6
3200951,0,234,0,40,2,8,2,1,41,32,6
3176263,0,234,0,40,2,16,2,1,62,68,6
3215467,0,234,0,40,3,7,2,1,25,53,6
3205326,0,234,0,40,3,6,2,1,41,83,6
3230411,0,234,0,40,2,2,2,1,14,20,6
3214350,0,234,0,40,3,4,2,1,35,25,6
3230018,0,234,0,40,2,3,2,1,12,30,6
3197681,0,234,0,40,3,10,2,1,48,46,6
3233626,0,234,0,40,2,2,2,1,10,68,6
3235297,0,234,0,40,2,1,2,1,6,49,6
3236152,0,234,0,40,2,1,2,1,6,44,6
3236417,0,234,0,40,3,1,2,1,6,44,6
3236491,0,234,0,40,3,1,2,1,6,80,6
3236581,0,234,0,40,2,1,2,1,6,82,6
3236683,0,234,0,40,3,1,2,1,6,33,6
3214906,0,234,0,40,3,5,2,1,27,47,6
3210614,0,234,0,40,3,6,2,1,21,45,6
3202004,0,234,0,40,3,7,2,1,37,36,6
3198685,1,234,183,20.5651,3,6,2,1,53,37,6
3176167,0,234,0,40,3,13,2,1,68,55,6
3217654,0,234,0,40,2,5,2,1,23,58,6
3223593,0,234,0,40,3,3,2,1,20,31,6
3209416,0,234,0,40,3,6,2,1,34,48,6
3188766,0,234,0,40,3,8,2,1,49,43,6
3213963,0,234,0,40,2,5,2,1,27,32,6
3184889,0,234,0,40,3,6,2,1,70,35,6
3221724,0,234,0,40,3,5,2,1,16,13,6
3167067,0,234,0,40,3,16,2,1,88,27,6
3230545,0,234,0,40,3,2,2,1,7,52,6
3224002,0,234,0,40,3,4,2,1,15,23,6
3215962,0,234,0,40,2,4,2,1,29,58,6
3217634,0,234,0,40,3,4,2,1,25,28,6
3232069,0,234,0,40,2,2,2,1,8,45,6
3212596,0,234,0,40,2,4,2,1,37,37,6
3186705,0,234,0,40,2,9,2,1,48,41,6
3224843,0,234,0,40,3,4,2,1,12,25,6
3181433,0,234,0,40,3,13,2,1,77,93,6
3162021,1,234,130,40,2,14,2,1,71,48,6
3206286,0,234,0,40,3,6,2,1,33,52,6
3229373,0,234,0,40,3,3,2,1,14,35,6
3227050,0,234,0,40,3,3,2,1,16,15,6
3233683,0,234,0,40,2,2,2,1,9,93,6
3155954,0,234,0,40,3,15,2,1,96,47,6
3155916,0,234,0,40,2,12,2,1,100,23,6
3228983,0,234,0,40,3,2,2,1,17,31,6
3212112,0,234,0,40,3,6,2,1,25,24,6
3235573,0,234,0,40,2,1,2,1,5,35,6
3236342,0,234,0,40,2,1,2,1,5,43,6
3236398,0,234,0,40,3,1,2,1,5,40,6
3236526,0,234,0,40,2,1,2,1,5,40,6
3236794,0,234,0,40,3,1,2,1,5,36,6
3237172,0,234,0,40,2,1,2,1,5,116,6
3225181,0,234,0,40,2,2,2,1,16,27,6
3208998,0,234,0,40,3,4,2,1,34,29,6
3208908,0,234,0,40,3,5,2,1,29,96,6
3204053,0,234,0,40,3,7,2,1,31,47,6
3212900,0,234,0,40,3,4,2,1,32,49,6
3205900,0,234,0,40,2,5,2,1,37,52,6
3192683,0,234,0,40,3,10,2,1,52,49,6
3202067,0,234,0,40,2,6,2,1,34,74,6
3228554,0,234,0,40,2,2,2,1,8,43,6
3233548,0,234,0,40,3,2,2,1,5,70,6
3210128,0,234,0,40,3,3,2,1,45,14,6
3228502,0,234,0,40,2,2,2,1,14,34,6
3213478,0,234,0,40,3,5,2,1,28,56,6
3192475,0,234,0,40,2,10,2,1,44,26,6
3233356,0,234,0,40,2,2,2,1,6,41,6
3190110,0,234,0,40,3,9,2,1,47,67,6
3212180,0,234,0,40,2,5,2,1,27,33,6
3184639,1,234,144,40,2,15,2,1,53,11,6
3191685,0,234,0,40,3,7,2,1,62,32,6
3154394,1,234,139,40,2,13,2,1,96,44,6
3220957,0,234,0,40,3,5,2,1,20,60,6
3172876,0,234,0,40,2,14,2,1,85,49,6
3225334,0,234,0,40,2,5,2,1,16,33,6
3228491,0,234,0,40,2,2,2,1,18,32,6
3152328,1,234,228,26.0751,3,10,2,1,90,58,6
3207334,0,234,0,40,3,7,2,1,29,21,6
3216674,0,234,0,40,2,4,2,1,29,52,6
3222504,0,234,0,40,3,5,2,1,15,77,6
3223566,0,234,0,40,2,4,2,1,16,19,6
3202920,0,234,0,40,3,6,2,1,44,76,6
3229009,0,234,0,40,3,4,2,1,13,24,6
3227113,0,234,0,40,2,2,2,1,20,38,6
3202876,0,234,0,40,3,6,2,1,38,33,6
3200411,0,234,0,40,3,8,2,1,41,27,6
3235475,0,234,0,40,3,2,2,1,6,34,6
3178317,0,234,0,40,3,15,2,1,63,67,6
3235141,0,234,0,40,3,1,2,1,4,51,6
3236006,0,234,0,40,2,1,2,1,4,88,6
3236664,0,234,0,40,2,1,2,1,4,45,6
3236985,0,234,0,40,3,1,2,1,4,22,6
3237049,0,234,0,40,2,1,2,1,4,52,6
3237302,0,234,0,40,2,1,2,1,4,50,6
3237364,0,234,0,40,3,1,2,1,4,15,6
3237552,0,234,0,40,3,1,2,1,4,38,6
3155918,0,234,0,40,3,11,2,1,81,95,6
3213560,0,234,0,40,3,3,2,1,35,25,6
3178466,0,234,0,40,3,10,2,1,80,64,6
3224531,0,234,0,40,3,1,2,1,27,50,6
3217084,0,234,0,40,2,2,2,1,35,24,6
3219154,0,234,0,40,2,3,2,1,27,14,6
3224558,0,234,0,40,3,2,2,1,27,60,6
3174508,0,234,0,40,2,9,2,1,86,74,6
3228451,0,234,0,40,2,1,2,1,22,29,6
3215012,0,234,0,40,3,3,2,1,33,48,6
3204244,0,234,0,40,2,5,2,1,52,53,6
3175631,0,234,0,40,2,14,2,1,76,74,6
3213658,0,234,0,40,2,4,2,1,36,65,6
3229297,0,234,0,40,2,1,2,1,20,26,6
3196679,0,234,0,40,3,5,2,1,50,44,6
3215823,0,234,0,40,2,4,2,1,29,45,6
3168228,0,234,0,40,3,11,2,1,111,93,6
3149634,0,234,0,40,2,14,2,1,86,59,6
3158293,0,234,0,40,2,13,2,1,102,35,6
3224689,0,234,0,40,3,2,2,1,23,35,6
3157988,0,234,0,40,3,13,2,1,88,41,6
3230130,0,234,0,40,2,1,2,1,18,39,6
3203648,0,234,0,40,3,6,2,1,39,50,6
3184063,1,234,135,40,2,9,2,1,63,31,6
3172796,0,234,0,40,3,13,2,1,77,24,6
3209992,0,234,0,40,2,7,2,1,35,10,6
3231077,0,234,0,40,2,1,2,1,17,18,6
3231211,0,234,0,40,2,1,2,1,17,24,6
3217403,0,234,0,40,2,6,2,1,25,40,6
3205808,0,234,0,40,2,5,2,1,45,32,6
3164728,0,234,0,40,3,15,2,1,100,36,6
3150384,0,234,0,40,2,16,2,1,91,20,6
3179984,1,234,163,37.6075,2,8,2,1,80,42,6
3230749,0,234,0,40,2,1,2,1,16,53,6
3213766,0,234,0,40,2,4,2,1,29,33,6
3156478,0,234,0,40,2,10,2,1,82,56,6
3175914,0,234,0,40,2,9,2,1,84,33,6
3228533,0,234,0,40,2,2,2,1,19,44,6
3194610,0,234,0,40,2,7,2,1,52,54,6
3204592,0,234,0,40,2,5,2,1,43,29,6
3187431,0,234,0,40,3,10,2,1,58,34,6
3160630,0,234,0,40,3,11,2,1,74,10,6
3216015,0,234,0,40,2,5,2,1,29,43,6
3163197,0,234,0,40,2,16,2,1,107,73,6
3227418,0,234,0,40,2,2,2,1,18,40,6
3181034,0,234,0,40,3,11,2,1,60,18,6
3226236,0,234,0,40,3,3,2,1,18,103,6
3232898,0,234,0,40,2,1,2,1,14,21,6
3227471,0,234,0,40,2,3,2,1,15,30,6
3208195,0,234,0,40,3,5,2,1,36,42,6
3229893,0,234,0,40,3,2,2,1,14,20,6
3155256,1,234,147,23.2119,3,16,2,1,117,65,6
3227075,0,234,0,40,3,3,2,1,15,48,6
3189161,0,234,0,40,3,9,2,1,51,24,6
3217382,0,234,0,40,2,6,2,1,25,58,6
3229626,0,234,0,40,2,1,2,1,13,33,6
3233085,0,234,0,40,3,1,2,1,13,54,6
3198506,0,234,0,40,3,6,2,1,45,32,6
3158722,0,234,0,40,3,14,2,1,86,110,6
3188594,0,234,0,40,3,11,2,1,36,37,6
3223831,1,234,229,36.6406,2,2,2,1,25,66,6
3194451,0,234,0,40,3,8,2,1,57,70,6
3213414,0,234,0,40,3,4,2,1,33,42,6
3159437,0,234,0,40,2,10,2,1,69,39,6
3218705,0,234,0,40,3,4,2,1,26,31,6
3224845,0,234,0,40,2,3,2,1,22,32,6
3176956,0,234,0,40,3,12,2,1,81,20,6
3231892,0,234,0,40,3,1,2,1,12,40,6
3233456,0,234,0,40,2,1,2,1,12,25,6
3209883,0,234,0,40,3,4,2,1,31,42,6
3221874,0,234,0,40,2,3,2,1,16,10,6
3228334,0,234,0,40,3,2,2,1,13,41,6
3207536,0,234,0,40,3,7,2,1,33,18,6
3184715,0,234,0,40,2,9,2,1,67,30,6
3229967,0,234,0,40,3,2,2,1,14,51,6
3230993,0,234,0,40,2,2,2,1,12,59,6
3198928,0,234,0,40,2,7,2,1,46,61,6
3222881,0,234,0,40,2,3,2,1,21,37,6
3216030,0,234,0,40,3,4,2,1,34,29,6
3150328,0,234,0,40,2,13,2,1,69,91,6
3230743,0,234,0,40,2,2,2,1,14,35,6
3197824,0,234,0,40,2,6,2,1,51,30,6
3211313,0,234,0,40,2,7,2,1,38,61,6
3169359,0,234,0,40,3,15,2,1,87,36,6
3212099,0,234,0,40,3,7,2,1,39,52,6
3233314,0,234,0,40,2,1,2,1,11,70,6
3234166,0,234,0,40,3,1,2,1,11,18,6
3234512,0,234,0,40,3,1,2,1,11,33,6
3162886,0,234,0,40,2,12,2,1,115,55,6
3185449,1,234,149,40,2,9,2,1,67,14,6
3210858,0,234,0,40,3,5,2,1,32,41,6
3222074,0,234,0,40,2,3,2,1,21,45,6
3184546,0,234,0,40,2,11,2,1,55,47,6
3200781,0,234,0,40,3,4,2,1,59,31,6
3229556,0,234,0,40,2,2,2,1,14,60,6
3227573,0,234,0,40,3,3,2,1,16,76,6
3230896,0,234,0,40,3,2,2,1,11,19,6
3182323,0,234,0,40,3,10,2,1,70,57,6
3225478,0,234,0,40,2,3,2,1,16,51,6
3224775,0,234,0,40,2,4,2,1,16,46,6
3155185,0,234,0,40,2,16,2,1,103,35,6
3223334,0,234,0,40,2,3,2,1,18,37,6
3216867,0,234,0,40,3,5,2,1,24,30,6
3216060,0,234,0,40,3,5,2,1,27,47,6
3219090,0,234,0,40,3,5,2,1,22,32,6
3213622,0,234,0,40,3,5,2,1,39,46,6
3233834,0,234,0,40,3,2,2,1,11,41,6
3234369,0,234,0,40,2,1,2,1,10,68,6
3234624,0,234,0,40,2,1,2,1,10,30,6
3234722,0,234,0,40,3,1,2,1,10,51,6
3172491,0,234,0,40,3,9,2,1,91,21,6
3218404,0,234,0,40,3,4,2,1,20,37,6
3218379,0,234,0,40,3,3,2,1,28,36,6
3229429,0,234,0,40,3,2,2,1,13,83,6
3201743,0,234,0,40,3,5,2,1,54,46,6
3208837,0,234,0,40,2,4,2,1,36,67,6
3225381,0,234,0,40,3,3,2,1,19,26,6
3219382,0,234,0,40,2,4,2,1,21,100,6
3208142,0,234,0,40,3,7,2,1,30,30,6
3157119,0,234,0,40,3,11,2,1,72,71,6
3212327,0,234,0,40,3,5,2,1,34,53,6
3172751,0,234,0,40,2,12,2,1,79,36,6
3231234,0,234,0,40,2,2,2,1,10,23,6
3207365,0,234,0,40,2,4,2,1,44,25,6
3206712,0,234,0,40,3,8,2,1,39,80,6
3227026,0,234,0,40,3,4,2,1,12,28,6
3233096,0,234,0,40,3,2,2,1,10,38,6
3183923,0,234,0,40,3,9,2,1,66,36,6
3156297,1,234,142,22.8378,3,13,2,1,89,46,6
3198369,0,234,0,40,2,9,2,1,42,37,6
3201574,0,234,0,40,3,8,2,1,44,60,6
3229711,0,234,0,40,2,3,2,1,17,29,6
3227285,0,234,0,40,3,3,2,1,19,65,6
3220614,0,234,0,40,3,2,2,1,31,24,6
3225831,0,234,0,40,3,4,2,1,19,47,6
3234649,0,234,0,40,3,1,2,1,9,15,6
3235316,0,234,0,40,3,1,2,1,9,77,6
3202178,0,234,0,40,3,5,2,1,45,21,6
3222567,1,234,208,38.4309,2,4,2,1,13,23,6
3184215,0,234,0,40,3,9,2,1,62,36,6
3221269,0,234,0,40,2,4,2,1,20,53,6
3204318,0,234,0,40,2,5,2,1,45,35,6
3224579,0,234,0,40,3,2,2,1,22,91,6
3215513,0,234,0,40,3,6,2,1,28,30,6
3206252,0,234,0,40,2,8,2,1,32,27,6
3189404,0,234,0,40,2,9,2,1,58,68,6
3223073,0,234,0,40,2,3,2,1,25,23,6
3213885,0,234,0,40,3,5,2,1,28,59,6
3216959,0,234,0,40,3,4,2,1,30,23,6
3227933,0,234,0,40,2,3,2,1,13,48,6
3172842,0,234,0,40,2,15,2,1,76,57,6
3229473,0,234,0,40,2,2,2,1,17,65,6
3175418,0,234,0,40,3,9,2,1,97,30,6
3231995,0,234,0,40,2,2,2,1,13,50,6
3229960,0,234,0,40,2,2,2,1,12,32,6
3151316,0,234,0,40,2,13,2,1,94,34,6
3221777,0,234,0,40,2,2,2,1,32,55,6
3214457,0,234,0,40,3,7,2,1,27,17,6
3231186,0,234,0,40,2,2,2,1,13,36,6
3227410,0,234,0,40,3,3,2,1,13,42,6
3233562,0,234,0,40,2,2,2,1,9,51,6
3233381,0,234,0,40,3,2,2,1,12,39,6
3203611,0,234,0,40,3,9,2,1,40,51,6
3182726,0,234,0,40,3,13,2,1,65,113,6
3234619,0,234,0,40,3,1,2,1,8,61,6
3235359,0,234,0,40,2,1,2,1,8,38,6
3235431,0,234,0,40,3,1,2,1,8,24,6
3235767,0,234,0,40,3,1,2,1,8,39,6
3236167,0,234,0,40,3,1,2,1,8,27,6
3201004,0,234,0,40,3,6,2,1,41,78,6
3154497,0,234,0,40,3,12,2,1,73,33,6
3218345,0,234,0,40,3,5,2,1,21,66,6
3175133,0,234,0,40,2,12,2,1,80,38,6
3224119,0,234,0,40,2,3,2,1,19,27,6
3230125,0,234,0,40,3,2,2,1,14,67,6
3199436,0,234,0,40,2,8,2,1,43,36,6
3193789,0,234,0,40,2,5,2,1,53,49,6
3163273,0,234,0,40,3,18,2,1,96,17,6
3222956,0,234,0,40,2,5,2,1,17,67,6
3204710,0,234,0,40,3,7,2,1,29,25,6
3207785,0,234,0,40,2,6,2,1,33,73,6
3232194,0,234,0,40,2,2,2,1,11,32,6
3182032,0,234,0,40,3,10,2,1,67,35,6
3217896,0,234,0,40,3,7,2,1,18,33,6
3233404,0,234,0,40,3,2,2,1,8,30,6
3162999,0,234,0,40,3,16,2,1,108,56,6
3225851,0,234,0,40,3,3,2,1,18,13,6
3202914,0,234,0,40,3,8,2,1,41,76,6
3229461,0,234,0,40,2,3,2,1,15,56,6
3213180,0,234,0,40,3,5,2,1,28,32,6
3202766,0,234,0,40,3,7,2,1,40,64,6
3232689,0,234,0,40,3,2,2,1,11,69,6
3201294,0,234,0,40,3,9,2,1,27,46,6
3158200,1,234,229,23.8066,3,14,2,1,90,47,6
3213592,0,234,0,40,3,5,2,1,34,23,6
3223977,0,234,0,40,3,5,2,1,19,44,6
3215391,0,234,0,40,2,5,2,1,34,67,6
3233174,0,234,0,40,2,1,2,1,7,37,6
3235329,0,234,0,40,3,1,2,1,7,31,6
3236172,0,234,0,40,3,1,2,1,7,54,6
3236369,0,234,0,40,2,1,2,1,7,11,6
3236459,0,234,0,40,2,1,2,1,7,32,6
3191968,0,234,0,40,3,6,2,1,41,26,6
3224477,0,234,0,40,2,2,2,1,19,44,6
3201816,0,234,0,40,3,5,2,1,42,42,6
3222103,0,234,0,40,2,3,2,1,17,53,6
3210352,0,234,0,40,3,6,2,1,30,11,6
3204883,0,234,0,40,3,6,2,1,38,107,6
3209932,0,234,0,40,3,6,2,1,33,40,6
3231136,0,234,0,40,3,2,2,1,10,32,6
3173562,0,234,0,40,2,13,2,1,73,59,6
3206836,0,234,0,40,3,8,2,1,34,51,6
3213924,1,234,201,37.8717,2,6,2,1,25,40,6
3162529,0,234,0,40,2,13,2,1,99,22,6
3192599,0,234,0,40,3,8,2,1,55,84,6
3222085,0,234,0,40,2,4,2,1,21,61,6
3185191,0,234,0,40,3,9,2,1,65,56,6
3222830,0,234,0,40,2,4,2,1,19,25,6
3226208,0,234,0,40,3,3,2,1,16,45,6
3222102,0,234,0,40,3,4,2,1,19,72,6
3205446,0,234,0,40,2,8,2,1,29,40,6
3233357,0,234,0,40,3,2,2,1,9,46,6
3222029,0,234,0,40,3,3,2,1,28,66,6
3220283,0,234,0,40,2,4,2,1,25,24,6
3210467,0,234,0,40,3,4,2,1,37,44,6
3229991,0,234,0,40,3,3,2,1,11,23,6
3231358,0,234,0,40,2,2,2,1,9,56,6
3217358,0,234,0,40,3,6,2,1,22,61,6
3190997,0,234,0,40,2,9,2,1,48,69,6
3212947,0,234,0,40,2,5,2,1,32,36,6
3170605,0,234,0,40,2,14,2,1,86,42,6
3170939,0,234,0,40,2,12,2,1,77,29,6
3153818,0,234,0,40,3,6,2,1,46,21,6
3202561,0,234,0,40,3,8,2,1,37,38,6
3231355,0,234,0,40,3,3,2,1,10,15,6
3214817,1,234,188,16.5944,3,5,2,1,26,29,6
3236255,0,234,0,40,3,2,2,1,7,32,6
3235341,0,234,0,40,3,1,2,1,6,39,6
3235778,0,234,0,40,2,1,2,1,6,63,6
3236018,0,234,0,40,3,1,2,1,6,60,6
3236792,0,234,0,40,3,1,2,1,6,20,6
3236922,0,234,0,40,3,1,2,1,6,46,6
3197533,0,234,0,40,3,8,2,1,45,51,6
3190020,0,234,0,40,3,9,2,1,55,15,6
3218585,0,234,0,40,2,3,2,1,27,47,6
3220571,0,234,0,40,3,3,2,1,26,54,6
3176085,0,234,0,40,3,11,2,1,63,61,6
3207815,0,234,0,40,2,5,2,1,35,30,6
3203515,0,234,0,40,3,7,2,1,36,16,6
3208351,0,234,0,40,2,8,2,1,23,30,6
3207306,0,234,0,40,3,7,2,1,31,24,6
3223398,0,234,0,40,3,2,2,1,23,46,6
3219138,0,234,0,40,2,6,2,1,26,12,6
3197486,0,234,0,40,2,6,2,1,51,45,6
3226072,0,234,0,40,2,3,2,1,19,39,6
3227312,0,234,0,40,3,3,2,1,11,53,6
3233285,0,234,0,40,2,2,2,1,8,40,6
3152252,1,234,122,40,2,14,2,1,71,63,6
3208848,1,234,229,27.3324,3,7,2,1,23,55,6
3214907,0,234,0,40,3,5,2,1,26,35,6
3193770,0,234,0,40,3,8,2,1,61,24,6
3212830,0,234,0,40,3,7,2,1,20,62,6
3189081,0,234,0,40,3,8,2,1,48,22,6
3230334,0,234,0,40,2,3,2,1,10,27,6
3231580,0,234,0,40,3,2,2,1,8,6,6
3152226,1,234,132,40,2,15,2,1,92,34,6
3214579,0,234,0,40,2,3,2,1,38,47,6
3212436,0,234,0,40,3,6,2,1,33,38,6
3160348,0,234,0,40,3,11,2,1,117,15,6
3230991,0,234,0,40,2,2,2,1,14,37,6
3211138,0,234,0,40,3,6,2,1,36,53,6
3229027,0,234,0,40,3,2,2,1,11,35,6
3179031,0,234,0,40,3,12,2,1,62,58,6
3225802,0,234,0,40,3,4,2,1,13,60,6
3229256,0,234,0,40,3,3,2,1,13,52,6
3220486,0,234,0,40,2,5,2,1,20,30,6
3150178,0,234,0,40,2,12,2,1,97,44,6
3234777,0,234,0,40,2,2,2,1,6,28,6
3191323,0,234,0,40,3,10,2,1,53,42,6
3205452,0,234,0,40,2,6,2,1,45,61,6
3202330,0,234,0,40,3,7,2,1,39,62,6
3232910,0,234,0,40,2,3,2,1,12,29,6
3225422,0,234,0,40,3,4,2,1,17,50,6
3210812,0,234,0,40,3,7,2,1,31,54,6
3236038,0,234,0,40,2,1,2,1,5,31,6
3236328,0,234,0,40,3,1,2,1,5,26,6
3236741,0,234,0,40,3,1,2,1,5,59,6
3237057,0,234,0,40,2,1,2,1,5,36,6
3237254,0,234,0,40,3,1,2,1,5,66,6
3237272,0,234,0,40,3,1,2,1,5,18,6
3237432,0,234,0,40,2,1,2,1,5,43,6
3237576,0,234,0,40,3,1,2,1,5,35,6
3221076,0,234,0,40,3,3,2,1,19,26,6
3197634,1,234,162,40,2,6,2,1,45,56,6
3215240,0,234,0,40,2,5,2,1,21,54,6
3214709,0,234,0,40,3,5,2,1,27,27,6
3211973,0,234,0,40,2,5,2,1,30,60,6
3233388,0,234,0,40,3,2,2,1,5,40,6
3179319,0,234,0,40,3,10,2,1,70,25,6
3213606,0,234,0,40,3,5,2,1,26,36,6
3224270,0,234,0,40,2,3,2,1,20,51,6
3233332,0,234,0,40,2,2,2,1,6,41,6
3230564,0,234,0,40,2,3,2,1,8,53,6
3221919,0,234,0,40,3,5,2,1,14,53,6
3215554,0,234,0,40,2,3,2,1,34,51,6
3226308,0,234,0,40,3,3,2,1,11,91,6
3179262,0,234,0,40,3,9,2,1,78,16,6
3208085,0,234,0,40,3,6,2,1,40,39,6
3227131,0,234,0,40,2,2,2,1,20,35,6
3217762,0,234,0,40,2,4,2,1,28,48,6
3198247,0,234,0,40,2,9,2,1,52,43,6
3228241,0,234,0,40,2,3,2,1,14,93,6
3207464,0,234,0,40,2,6,2,1,34,25,6
3166846,1,234,119,34.0306,3,16,2,1,71,41,6
3149871,0,234,0,40,2,17,2,1,80,61,6
3168980,0,234,0,40,2,16,2,1,84,44,6
3217041,0,234,0,40,2,4,2,1,26,40,6
3196337,1,234,155,32.0934,3,8,2,1,49,33,6
3211647,0,234,0,40,3,7,2,1,20,24,6
3186316,0,234,0,40,2,11,2,1,63,44,6
3202612,0,234,0,40,2,9,2,1,36,21,6
3168260,0,234,0,40,3,13,2,1,95,22,6
3205399,0,234,0,40,3,6,2,1,36,61,6
3212299,0,234,0,40,3,7,2,1,24,67,6
3188422,0,234,0,40,3,11,2,1,52,54,6
3221894,0,234,0,40,2,4,2,1,25,36,6
3217188,0,234,0,40,2,4,2,1,27,56,6
3200539,0,234,0,40,3,8,2,1,39,73,6
3230224,0,234,0,40,3,3,2,1,7,37,6
3236225,0,234,0,40,2,2,2,1,5,37,6
3212173,0,234,0,40,2,6,2,1,23,55,6
3219937,0,234,0,40,2,5,2,1,29,35,6
3173959,1,234,135,24.2546,3,17,2,1,75,13,6
3193931,1,234,189,40,2,9,2,1,46,52,6
3236823,0,234,0,40,3,1,2,1,4,36,6
3237047,0,234,0,40,3,1,2,1,4,30,6
3237225,0,234,0,40,3,1,2,1,4,61,6
3237613,0,234,0,40,2,1,2,1,4,87,6
3237699,0,234,0,40,3,1,2,1,4,27,6
3237855,0,234,0,40,3,1,2,1,4,33,6
3237971,0,234,0,40,3,1,2,1,4,23,6
3238145,0,234,0,40,2,1,2,1,4,42,6
3214073,0,234,0,40,2,3,2,1,39,31,6
3223636,0,234,0,40,2,1,2,1,31,30,6
3183465,0,234,0,40,2,7,2,1,82,99,6
3203505,0,234,0,40,3,4,2,1,55,51,6
3208928,0,234,0,40,2,3,2,1,45,37,6
3214948,0,234,0,40,3,4,2,1,37,12,6
3194445,0,234,0,40,3,6,2,1,57,63,6
3213041,0,234,0,40,3,4,2,1,36,59,6
3171530,1,234,139,40,2,11,2,1,100,42,6
3224238,0,234,0,40,2,2,2,1,29,26,6
3203440,0,234,0,40,3,4,2,1,47,46,6
3214963,0,234,0,40,2,4,2,1,34,48,6
3160356,0,234,0,40,3,12,2,1,101,42,6
3180410,0,234,0,40,2,10,2,1,77,56,6
3213545,1,234,230,35.3825,2,3,2,1,40,23,6
3229329,0,234,0,40,3,1,2,1,21,18,6
3216435,0,234,0,40,2,2,2,1,38,70,6
3208668,0,234,0,40,2,5,2,1,43,47,6
3212248,0,234,0,40,3,4,2,1,36,34,6
3224658,0,234,0,40,3,3,2,1,24,42,6
3224337,0,234,0,40,2,3,2,1,28,15,6
3196627,0,234,0,40,2,5,2,1,54,56,6
3214863,0,234,0,40,3,6,2,1,25,28,6
3157354,0,234,0,40,3,12,2,1,59,51,6
3230419,0,234,0,40,3,1,2,1,18,27,6
3231129,0,234,0,40,3,1,2,1,18,39,6
3220181,0,234,0,40,2,3,2,1,27,37,6
3200540,0,234,0,40,3,6,2,1,45,38,6
3222916,0,234,0,40,3,3,2,1,22,37,6
3155080,0,234,0,40,3,14,2,1,94,46,6
3210920,0,234,0,40,2,5,2,1,36,67,6
3212907,0,234,0,40,2,2,2,1,41,22,6
3214109,0,234,0,40,2,4,2,1,30,45,6
3217349,0,234,0,40,3,3,2,1,37,132,6
3197965,0,234,0,40,3,6,2,1,48,72,6
3221054,0,234,0,40,2,4,2,1,22,21,6
3231426,0,234,0,40,2,1,2,1,16,43,6
3212787,0,234,0,40,3,4,2,1,36,58,6
3183876,1,234,147,40,2,9,2,1,64,14,6
3216969,0,234,0,40,2,3,2,1,29,29,6
3161134,0,234,0,40,3,10,2,1,93,35,6
3182017,0,234,0,40,2,10,2,1,65,92,6
3220363,0,234,0,40,2,4,2,1,23,65,6
3204295,0,234,0,40,3,7,2,1,38,31,6
3224309,0,234,0,40,2,4,2,1,24,59,6
3158491,0,234,0,40,2,10,2,1,101,24,6
3214725,0,234,0,40,2,5,2,1,31,31,6
3232016,0,234,0,40,3,1,2,1,15,25,6
3232764,0,234,0,40,3,1,2,1,15,41,6
3195907,0,234,0,40,2,9,2,1,50,101,6
3226384,0,234,0,40,2,2,2,1,17,29,6
3203763,0,234,0,40,2,7,2,1,31,55,6
3174851,0,234,0,40,3,11,2,1,69,95,6
3215585,0,234,0,40,2,4,2,1,33,22,6
3230786,0,234,0,40,2,2,2,1,15,29,6
3232869,0,234,0,40,3,1,2,1,14,62,6
3219430,0,234,0,40,2,3,2,1,25,36,6
3227568,0,234,0,40,2,2,2,1,17,24,6
3207929,0,234,0,40,2,5,2,1,44,59,6
3156480,0,234,0,40,2,14,2,1,77,41,6
3226789,0,234,0,40,2,3,2,1,15,54,6
3231189,0,234,0,40,3,2,2,1,14,45,6
3190208,1,234,181,23.5941,3,7,2,1,67,18,6
3226612,0,234,0,40,2,3,2,1,21,27,6
3231318,0,234,0,40,2,1,2,1,13,37,6
3196767,0,234,0,40,2,8,2,1,49,39,6
3221723,0,234,0,40,3,4,2,1,25,63,6
3219697,0,234,0,40,3,3,2,1,28,46,6
3226252,0,234,0,40,3,2,2,1,17,37,6
3185708,0,234,0,40,3,8,2,1,67,27,6
3201856,0,234,0,40,2,5,2,1,50,27,6
3170852,0,234,0,40,2,14,2,1,69,31,6
3156459,0,234,0,40,3,13,2,1,105,53,6
3178762,0,234,0,40,2,10,2,1,71,82,6
3212316,0,234,0,40,3,6,2,1,27,33,6
3160186,0,234,0,40,2,13,2,1,73,26,6
3225702,0,234,0,40,3,3,2,1,23,48,6
3180970,0,234,0,40,3,14,2,1,66,65,6
3158984,0,234,0,40,2,10,2,1,106,37,6
3179316,0,234,0,40,2,12,2,1,60,69,6
3193930,0,234,0,40,3,9,2,1,52,61,6
3221242,0,234,0,40,2,2,2,1,28,54,6
3217322,0,234,0,40,2,3,2,1,29,26,6
3200986,0,234,0,40,3,6,2,1,40,22,6
3226321,0,234,0,40,2,2,2,1,22,39,6
3230820,0,234,0,40,2,2,2,1,14,33,6
3199456,0,234,0,40,3,7,2,1,52,34,6
3164165,0,234,0,40,3,13,2,1,119,46,6
3224795,0,234,0,40,2,3,2,1,18,35,6
3217947,0,234,0,40,2,6,2,1,26,37,6
3155551,0,234,0,40,3,11,2,1,95,29,6
3189985,0,234,0,40,3,8,2,1,53,47,6
3174491,0,234,0,40,3,12,2,1,81,34,6
3234329,0,234,0,40,3,1,2,1,11,22,6
3235020,0,234,0,40,3,1,2,1,11,43,6
3219057,0,234,0,40,3,4,2,1,26,41,6
3209580,0,234,0,40,2,6,2,1,38,61,6
3216574,0,234,0,40,2,5,2,1,22,38,6
3226172,1,234,230,31.0294,3,2,2,1,17,41,6
3151144,0,234,0,40,3,13,2,1,89,41,6
3230461,0,234,0,40,2,2,2,1,11,22,6
3209375,0,234,0,40,2,4,2,1,46,21,6
3183603,0,234,0,40,2,10,2,1,63,90,6
3230822,0,234,0,40,2,2,2,1,14,102,6
3183926,0,234,0,40,3,13,2,1,49,33,6
3224792,0,234,0,40,3,4,2,1,19,23,6
3218178,0,234,0,40,2,5,2,1,23,29,6
3214062,0,234,0,40,3,5,2,1,33,26,6
3226113,0,234,0,40,2,3,2,1,22,31,6
3150985,0,234,0,40,2,8,2,1,70,68,6
3234191,2,234,0,40,2,1,2,1,10,41,6
3234901,0,234,0,40,3,1,2,1,10,46,6
3235430,0,234,0,40,3,1,2,1,10,39,6
3215090,0,234,0,40,3,4,2,1,25,54,6
3226044,0,234,0,40,2,3,2,1,13,53,6
3224626,0,234,0,40,2,2,2,1,22,38,6
3213636,0,234,0,40,2,6,2,1,24,36,6
3203651,0,234,0,40,3,4,2,1,53,27,6
3219765,0,234,0,40,3,4,2,1,22,63,6
3215138,0,234,0,40,3,5,2,1,26,44,6
3221988,0,234,0,40,2,4,2,1,21,20,6
3231350,0,234,0,40,2,2,2,1,10,32,6
3224715,0,234,0,40,3,3,2,1,19,30,6
3156008,0,234,0,40,3,16,2,1,115,37,6
3203274,0,234,0,40,3,7,2,1,40,46,6
3231526,0,234,0,40,2,2,2,1,13,30,6
3164203,0,234,0,40,2,15,2,1,105,25,6
3159373,0,234,0,40,2,11,2,1,71,35,6
3197873,0,234,0,40,2,6,2,1,50,18,6
3184178,0,234,0,40,3,10,2,1,63,43,6
3198702,0,234,0,40,2,8,2,1,46,56,6
3160045,0,234,0,40,3,10,2,1,58,49,6
3215590,0,234,0,40,2,6,2,1,25,24,6
3233704,0,234,0,40,2,1,2,1,9,37,6
3235965,0,234,0,40,3,1,2,1,9,70,6
3210793,0,234,0,40,3,4,2,1,29,66,6
3188007,0,234,0,40,3,9,2,1,65,39,6
3161331,0,234,0,40,2,10,2,1,56,41,6
3194366,0,234,0,40,2,8,2,1,52,60,6
3215686,0,234,0,40,3,4,2,1,26,20,6
3167867,0,234,0,40,2,11,2,1,91,45,6
3222258,0,234,0,40,3,5,2,1,16,64,6
3213292,0,234,0,40,3,4,2,1,39,43,6
3229049,0,234,0,40,3,2,2,1,16,18,6
3214229,0,234,0,40,2,3,2,1,40,31,6
3192365,0,234,0,40,2,9,2,1,50,24,6
3215768,0,234,0,40,2,3,2,1,31,78,6
3185621,0,234,0,40,3,11,2,1,62,72,6
3219193,0,234,0,40,3,3,2,1,20,41,6
3201302,0,234,0,40,3,5,2,1,54,18,6
3212533,0,234,0,40,2,5,2,1,24,26,6
3231636,0,234,0,40,2,2,2,1,10,47,6
3177325,0,234,0,40,3,12,2,1,67,55,6
3212937,0,234,0,40,3,5,2,1,35,14,6
3232673,0,234,0,40,2,2,2,1,11,47,6
3217460,0,234,0,40,2,6,2,1,20,41,6
3151825,0,234,0,40,2,5,2,1,96,56,6
3219760,0,234,0,40,2,3,2,1,32,29,6
3150689,1,234,135,31.6256,3,11,2,1,74,31,6
3218103,0,234,0,40,3,5,2,1,27,16,6
3236487,0,234,0,40,2,1,2,1,8,56,6
3224894,0,234,0,40,2,3,2,1,14,52,6
3205458,0,234,0,40,2,6,2,1,40,50,6
3216391,0,234,0,40,2,6,2,1,18,18,6
3209045,0,234,0,40,2,7,2,1,27,44,6
3231139,0,234,0,40,2,2,2,1,11,46,6
3157655,0,234,0,40,3,17,2,1,72,52,6
3202625,0,234,0,40,3,6,2,1,40,44,6
3175745,0,234,0,40,3,9,2,1,80,26,6
3225611,0,234,0,40,3,3,2,1,19,40,6
3174003,0,234,0,40,2,12,2,1,74,34,6
3217049,0,234,0,40,2,5,2,1,25,81,6
3217303,0,234,0,40,2,3,2,1,30,39,6
3215163,0,234,0,40,3,7,2,1,29,30,6
3166821,0,234,0,40,2,17,2,1,71,32,6
3227252,0,234,0,40,3,3,2,1,14,44,6
3153019,0,234,0,40,3,15,2,1,103,31,6
3193028,0,234,0,40,3,6,2,1,66,18,6
3155588,0,234,0,40,3,11,2,1,106,76,6
3206833,0,234,0,40,3,4,2,1,48,31,6
3185740,0,234,0,40,3,9,2,1,69,67,6
3203752,0,234,0,40,2,7,2,1,39,22,6
3232446,0,234,0,40,3,2,2,1,13,61,6
3201930,0,234,0,40,2,6,2,1,50,29,6
3179206,0,234,0,40,3,10,2,1,83,41,6
3153379,0,234,0,40,3,10,2,1,76,46,6
3234170,0,234,0,40,2,2,2,1,11,30,6
3206598,0,234,0,40,3,7,2,1,42,35,6
3234563,0,234,0,40,3,1,2,1,7,30,6
3235405,0,234,0,40,3,1,2,1,7,61,6
3236654,0,234,0,40,3,1,2,1,7,71,6
3236874,0,234,0,40,2,1,2,1,7,25,6
3230861,0,234,0,40,2,2,2,1,7,53,6
3209613,0,234,0,40,3,6,2,1,20,27,6
3219196,0,234,0,40,3,5,2,1,21,14,6
3171546,0,234,0,40,2,14,2,1,71,73,6
3232638,0,234,0,40,3,2,2,1,8,67,6
3210435,0,234,0,40,2,7,2,1,28,60,6
3209545,0,234,0,40,3,4,2,1,42,36,6
3151794,1,234,127,40,2,15,2,1,75,64,6
3218054,0,234,0,40,3,3,2,1,30,80,6
3189625,0,234,0,40,3,9,2,1,58,38,6
3188413,1,234,139,38.1908,2,11,2,1,62,49,6
3169178,0,234,0,40,2,16,2,1,73,40,6
3218281,0,234,0,40,2,5,2,1,26,93,6
3221208,0,234,0,40,2,3,2,1,27,36,6
3173025,0,234,0,40,3,13,2,1,56,56,6
3201195,0,234,0,40,3,7,2,1,40,44,6
3215586,0,234,0,40,3,5,2,1,24,88,6
3196011,0,234,0,40,3,10,2,1,48,37,6
3231251,0,234,0,40,2,2,2,1,15,35,6
3226426,0,234,0,40,2,4,2,1,17,76,6
3232311,0,234,0,40,3,2,2,1,12,60,6
3231628,0,234,0,40,2,2,2,1,9,82,6
3154678,0,234,0,40,2,12,2,1,54,59,6
3182755,0,234,0,40,3,9,2,1,69,39,6
3232675,0,234,0,40,3,2,2,1,9,57,6
3183424,0,234,0,40,2,10,2,1,56,44,6
3234645,0,234,0,40,2,2,2,1,8,56,6
3224495,0,234,0,40,2,3,2,1,19,31,6
3156802,1,234,132,24.36,3,9,2,1,90,43,6
3235195,0,234,0,40,3,2,2,1,8,36,6
3152519,0,234,0,40,3,9,2,1,95,35,6
3235549,0,234,0,40,2,1,2,1,6,28,6
3236472,0,234,0,40,2,1,2,1,6,47,6
3236929,0,234,0,40,3,1,2,1,6,70,6
3237416,0,234,0,40,3,1,2,1,6,34,6
3237528,0,234,0,40,2,1,2,1,6,26,6
3189178,0,234,0,40,3,9,2,1,57,64,6
3184069,0,234,0,40,2,8,2,1,66,52,6
3221149,0,234,0,40,3,4,2,1,23,20,6
3224505,0,234,0,40,2,3,2,1,12,102,6
3219974,0,234,0,40,3,4,2,1,19,31,6
3182342,0,234,0,40,3,9,2,1,72,54,6
3197075,0,234,0,40,2,6,2,1,53,46,6
3211765,0,234,0,40,3,5,2,1,34,33,6
3224359,0,234,0,40,3,4,2,1,15,15,6
3190313,0,234,0,40,2,11,2,1,50,45,6
3197557,0,234,0,40,3,7,2,1,47,29,6
3228765,0,234,0,40,3,2,2,1,15,47,6
3175386,0,234,0,40,3,10,2,1,77,33,6
3172160,0,234,0,40,2,13,2,1,78,79,6
3165205,0,234,0,40,3,16,2,1,81,36,6
3205885,0,234,0,40,3,6,2,1,41,14,6
3191480,0,234,0,40,3,8,2,1,49,45,6
3224721,0,234,0,40,3,4,2,1,17,28,6
3153417,1,234,0,40,2,14,2,1,80,38,6
3222539,0,234,0,40,2,5,2,1,14,44,6
3180590,1,234,134,28.0476,3,10,2,1,61,63,6
3179251,0,234,0,40,2,12,2,1,72,41,6
3234401,0,234,0,40,3,2,2,1,6,47,6
3222047,0,234,0,40,2,2,2,1,31,41,6
3217116,0,234,0,40,3,3,2,1,29,29,6
3186773,0,234,0,40,3,8,2,1,58,36,6
3151020,0,234,0,40,2,9,2,1,62,48,6
3210704,0,234,0,40,2,4,2,1,40,35,6
3232607,0,234,0,40,3,2,2,1,9,52,6
3209294,0,234,0,40,3,6,2,1,32,80,6
3226756,0,234,0,40,3,4,2,1,15,50,6
3207204,0,234,0,40,3,5,2,1,36,78,6
3222282,0,234,0,40,2,6,2,1,17,43,6
3212237,0,234,0,40,3,7,2,1,33,56,6
3156129,0,234,0,40,3,9,2,1,90,76,6
3217618,0,234,0,40,3,5,2,1,25,63,6
3227336,0,234,0,40,2,3,2,1,13,21,6
3234013,0,234,0,40,3,2,2,1,10,18,6
3228297,0,234,0,40,3,4,2,1,16,23,6
3224893,0,234,0,40,3,5,2,1,15,10,6
3235226,0,234,0,40,2,2,2,1,7,48,6
3206521,0,234,0,40,3,8,2,1,35,35,6
3157913,0,234,0,40,2,11,2,1,76,20,6
3196648,0,234,0,40,3,7,2,1,47,34,6
3211748,0,234,0,40,2,8,2,1,27,90,6
3173285,0,234,0,40,3,15,2,1,67,18,6
3232012,0,234,0,40,2,2,2,1,13,32,6
3194250,0,234,0,40,2,9,2,1,50,9,6
3221181,0,234,0,40,3,4,2,1,24,61,6
3236324,0,234,0,40,3,1,2,1,5,36,6
3236468,0,234,0,40,3,1,2,1,5,62,6
3237205,0,234,0,40,2,1,2,1,5,88,6
3237393,0,234,0,40,3,1,2,1,5,30,6
3237743,0,234,0,40,2,1,2,1,5,28,6
3237865,0,234,0,40,2,1,2,1,5,29,6
3238035,0,234,0,40,2,1,2,1,5,34,6
3214881,0,234,0,40,3,4,2,1,22,32,6
3176623,1,234,138,40,2,12,2,1,63,26,6
3195226,0,234,0,40,3,8,2,1,49,44,6
3216204,0,234,0,40,2,3,2,1,27,74,6
3202474,0,234,0,40,3,6,2,1,43,37,6
3215468,0,234,0,40,2,5,2,1,16,37,6
3157889,0,234,0,40,2,14,2,1,83,29,6
3224486,0,234,0,40,2,4,2,1,18,32,6
3191568,0,234,0,40,2,8,2,1,53,75,6
3213901,0,234,0,40,3,4,2,1,27,23,6
3215681,0,234,0,40,2,4,2,1,28,14,6
3227518,0,234,0,40,3,2,2,1,17,58,6
3226921,0,234,0,40,3,3,2,1,14,22,6
3218755,0,234,0,40,2,5,2,1,19,25,6
3204908,0,234,0,40,3,7,2,1,31,47,6
3161763,0,234,0,40,3,13,2,1,77,48,6
3220932,0,234,0,40,2,6,2,1,16,64,6
3203308,0,234,0,40,2,7,2,1,35,54,6
3201036,0,234,0,40,3,5,2,1,39,33,6
3229678,0,234,0,40,3,2,2,1,14,11,6
3198587,0,234,0,40,3,5,2,1,49,39,6
3220944,0,234,0,40,2,4,2,1,22,29,6
3199212,0,234,0,40,2,7,2,1,50,43,6
3233851,0,234,0,40,2,2,2,1,8,27,6
3188996,1,234,152,40,2,10,2,1,50,77,6
3166089,1,234,128,40,2,14,2,1,102,39,6
3217003,0,234,0,40,2,5,2,1,19,27,6
3229494,0,234,0,40,3,4,2,1,7,60,6
3219464,0,234,0,40,2,3,2,1,25,29,6
3225148,0,234,0,40,3,3,2,1,19,92,6
3210240,0,234,0,40,3,6,2,1,29,56,6
3228036,0,234,0,40,3,3,2,1,12,46,6
3224706,0,234,0,40,2,5,2,1,14,67,6
3194654,0,234,0,40,2,9,2,1,47,94,6
3234424,0,234,0,40,3,2,2,1,8,96,6
3226155,0,234,0,40,3,5,2,1,12,61,6
3191199,1,234,217,37.4396,2,9,2,1,58,57,6
3224080,0,234,0,40,3,4,2,1,13,32,6
3207218,0,234,0,40,3,7,2,1,38,49,6
3234264,0,234,0,40,2,2,2,1,9,22,6
3151506,0,234,0,40,3,9,2,1,72,60,6
3174194,0,234,0,40,2,11,2,1,78,24,6
3189568,0,234,0,40,2,11,2,1,55,40,6
3236563,1,234,230,28.8079,2,2,2,1,5,32,6
3223787,0,234,0,40,2,3,2,1,29,41,6
3188041,0,234,0,40,3,9,2,1,65,46,6
3231705,0,234,0,40,2,3,2,1,14,39,6
3233154,0,234,0,40,2,2,2,1,10,32,6
3215841,0,234,0,40,2,7,2,1,27,46,6
3190684,0,234,0,40,2,10,2,1,55,46,6
3194966,0,234,0,40,3,9,2,1,51,59,6
3225849,0,234,0,40,2,4,2,1,8,58,6
3228529,0,234,0,40,3,5,2,1,13,46,6
3236844,0,234,0,40,2,2,2,1,5,65,6
3232840,0,234,0,40,2,2,2,1,14,37,6
3194487,0,234,0,40,3,10,2,1,52,59,6
3234539,0,234,0,40,2,2,2,1,8,49,6
3178393,0,234,0,40,2,13,2,1,86,72,6
3236234,0,234,0,40,2,2,2,1,6,75,6
3205839,0,234,0,40,2,6,2,1,41,46,6
3235157,0,234,0,40,3,1,2,1,4,22,6
3237219,0,234,0,40,2,1,2,1,4,44,6
3237299,0,234,0,40,3,1,2,1,4,94,6
3237730,0,234,0,40,2,1,2,1,4,41,6
3237870,0,234,0,40,3,1,2,1,4,32,6
3238234,0,234,0,40,3,1,2,1,4,32,6
3238286,0,234,0,40,2,1,2,1,4,32,6
3238364,0,234,0,40,3,1,2,1,4,37,6
3238402,0,234,0,40,3,1,2,1,4,55,6
3238478,0,234,0,40,2,1,2,1,4,78,6
3210764,0,234,0,40,2,2,2,1,51,21,6
3168542,0,234,0,40,3,12,2,1,93,104,6
3191050,0,234,0,40,3,8,2,1,61,17,6
3224536,0,234,0,40,2,1,2,1,31,16,6
3175219,0,234,0,40,3,12,2,1,75,46,6
3207832,0,234,0,40,2,5,2,1,39,72,6
3220510,0,234,0,40,2,2,2,1,28,59,6
3154097,1,234,139,37.7269,2,13,2,1,74,34,6
3174923,0,234,0,40,2,15,2,1,70,33,6
3228660,0,234,0,40,2,1,2,1,23,15,6
3211537,0,234,0,40,3,4,2,1,40,34,6
3196735,0,234,0,40,2,10,2,1,52,23,6
3225599,0,234,0,40,2,2,2,1,23,55,6
3229196,0,234,0,40,2,2,2,1,21,44,6
3202672,0,234,0,40,3,8,2,1,44,42,6
3157425,0,234,0,40,2,9,2,1,79,59,6
3206886,0,234,0,40,3,8,2,1,42,36,6
3167541,1,234,142,40,2,14,2,1,101,51,6
3231614,0,234,0,40,3,1,2,1,17,76,6
3222654,0,234,0,40,3,3,2,1,24,73,6
3188917,0,234,0,40,3,11,2,1,56,67,6
3232592,0,234,0,40,3,1,2,1,16,27,6
3200973,0,234,0,40,2,5,2,1,40,50,6
3218712,0,234,0,40,3,5,2,1,28,55,6
3187840,0,234,0,40,3,9,2,1,55,58,6
3211676,0,234,0,40,3,4,2,1,44,24,6
3167415,0,234,0,40,2,14,2,1,82,102,6
3232061,0,234,0,40,2,1,2,1,15,31,6
3159064,0,234,0,40,3,10,2,1,91,87,6
3211563,1,234,213,22.4484,3,4,2,1,32,85,6
3226645,0,234,0,40,3,3,2,1,20,41,6
3233380,0,234,0,40,2,1,2,1,14,30,6
3210252,0,234,0,40,3,6,2,1,29,32,6
3215517,0,234,0,40,3,6,2,1,25,90,6
3215354,0,234,0,40,3,3,2,1,34,33,6
3226188,0,234,0,40,2,2,2,1,17,28,6
3176563,1,234,143,40,2,12,2,1,74,39,6
3228549,0,234,0,40,3,2,2,1,20,39,6
3179074,0,234,0,40,2,11,2,1,74,47,6
3201257,0,234,0,40,2,8,2,1,36,36,6
3182881,0,234,0,40,2,11,2,1,70,17,6
3162929,0,234,0,40,3,14,2,1,104,49,6
3159652,0,234,0,40,2,13,2,1,105,35,6
3233662,0,234,0,40,3,1,2,1,13,28,6
3234200,0,234,0,40,3,1,2,1,13,38,6
3234398,0,234,0,40,3,1,2,1,13,83,6
3234582,0,234,0,40,2,1,2,1,13,21,6
3211374,0,234,0,40,3,6,2,1,25,17,6
3228847,0,234,0,40,2,2,2,1,13,31,6
3218894,0,234,0,40,2,4,2,1,27,40,6
3224338,1,234,231,23.5683,3,3,2,1,18,44,6
3185276,1,234,134,29.9583,3,9,2,1,67,64,6
3211438,1,234,220,40,2,4,2,1,40,38,6
3203732,0,234,0,40,2,9,2,1,38,69,6
3200644,0,234,0,40,3,9,2,1,46,37,6
3223686,0,234,0,40,2,3,2,1,17,31,6
3170122,0,234,0,40,3,8,2,1,110,21,6
3225355,0,234,0,40,3,3,2,1,19,57,6
3227412,0,234,0,40,2,3,2,1,18,33,6
3228990,0,234,0,40,3,2,2,1,18,51,6
3207354,0,234,0,40,2,8,2,1,38,43,6
3166266,0,234,0,40,3,14,2,1,90,61,6
3213201,0,234,0,40,2,7,2,1,22,12,6
3192596,0,234,0,40,2,9,2,1,50,41,6
3230762,0,234,0,40,3,3,2,1,17,73,6
3232819,0,234,0,40,3,1,2,1,11,50,6
3235506,0,234,0,40,3,1,2,1,11,67,6
3206597,0,234,0,40,3,8,2,1,34,51,6
3162178,0,234,0,40,3,12,2,1,73,55,6
3195941,0,234,0,40,3,8,2,1,52,44,6
3214024,0,234,0,40,3,6,2,1,26,54,6
3217127,0,234,0,40,3,3,2,1,32,48,6
3181255,1,234,137,39.8193,2,11,2,1,78,57,6
3155898,0,234,0,40,2,12,2,1,75,36,6
3179658,0,234,0,40,2,12,2,1,55,75,6
3230904,0,234,0,40,2,3,2,1,14,63,6
3221974,0,234,0,40,3,6,2,1,25,40,6
3232939,0,234,0,40,2,2,2,1,12,44,6
3234355,0,234,0,40,3,1,2,1,10,62,6
3235897,0,234,0,40,2,1,2,1,10,85,6
3206253,0,234,0,40,3,5,2,1,40,35,6
3197370,0,234,0,40,2,6,2,1,51,45,6
3206790,0,234,0,40,2,6,2,1,40,19,6
3153576,0,234,0,40,3,16,2,1,100,76,6
3209277,0,234,0,40,3,7,2,1,34,36,6
3161467,1,234,129,35.1087,3,11,2,1,90,32,6
3228204,0,234,0,40,2,3,2,1,18,77,6
3150489,0,234,0,40,2,13,2,1,82,57,6
3225229,0,234,0,40,3,4,2,1,21,18,6
3217999,0,234,0,40,2,5,2,1,23,44,6
3209287,0,234,0,40,2,5,2,1,46,40,6
3233366,0,234,0,40,2,2,2,1,10,46,6
3197408,0,234,0,40,3,9,2,1,55,63,6
3233642,0,234,0,40,2,2,2,1,12,13,6
3235553,0,234,0,40,2,1,2,1,9,19,6
3236293,0,234,0,40,3,1,2,1,9,96,6
3236361,0,234,0,40,2,1,2,1,9,27,6
3221290,0,234,0,40,2,2,2,1,24,49,6
3187473,0,234,0,40,3,6,2,1,69,45,6
3187112,0,234,0,40,3,10,2,1,61,42,6
3172768,0,234,0,40,3,13,2,1,66,12,6
3172720,0,234,0,40,3,13,2,1,76,34,6
3208642,0,234,0,40,2,6,2,1,37,73,6
3199611,0,234,0,40,3,7,2,1,46,56,6
3214572,0,234,0,40,3,4,2,1,34,68,6
3165876,0,234,0,40,3,12,2,1,107,73,6
3219074,0,234,0,40,2,4,2,1,28,68,6
3209299,0,234,0,40,2,7,2,1,33,38,6
3198722,0,234,0,40,3,7,2,1,49,62,6
3223441,0,234,0,40,3,3,2,1,23,75,6
3201629,0,234,0,40,3,7,2,1,44,80,6
3153427,1,234,208,19.7229,3,10,2,1,72,27,6
3223213,0,234,0,40,2,5,2,1,19,48,6
3236458,0,234,0,40,3,1,2,1,8,19,6
3236782,0,234,0,40,3,1,2,1,8,42,6
3206807,0,234,0,40,2,6,2,1,31,23,6
3193826,0,234,0,40,3,10,2,1,40,18,6
3209652,0,234,0,40,2,7,2,1,21,39,6
3207075,0,234,0,40,3,6,2,1,34,25,6
3152416,0,234,0,40,2,12,2,1,83,23,6
3225796,0,234,0,40,3,3,2,1,19,23,6
3189411,0,234,0,40,3,8,2,1,72,50,6
3149898,0,234,0,40,3,17,2,1,97,43,6
3188125,0,234,0,40,2,10,2,1,55,41,6
3220384,0,234,0,40,2,3,2,1,29,37,6
3219892,0,234,0,40,2,5,2,1,24,29,6
3200404,0,234,0,40,2,7,2,1,41,60,6
3218910,0,234,0,40,2,5,2,1,21,59,6
3192973,0,234,0,40,3,7,2,1,60,65,6
3231150,0,234,0,40,3,2,2,1,13,18,6
3212919,0,234,0,40,3,5,2,1,31,58,6
3228737,0,234,0,40,2,4,2,1,16,58,6
3184805,0,234,0,40,2,11,2,1,73,37,6
3225134,0,234,0,40,2,4,2,1,20,16,6
3207686,0,234,0,40,3,6,2,1,33,26,6
3231225,0,234,0,40,2,3,2,1,10,33,6
3168457,1,234,225,36.5762,2,14,2,1,81,31,6
3230006,0,234,0,40,3,4,2,1,11,81,6
3227863,0,234,0,40,3,3,2,1,16,22,6
3234363,0,234,0,40,2,1,2,1,7,52,6
3235990,0,234,0,40,3,1,2,1,7,47,6
3236304,0,234,0,40,3,1,2,1,7,18,6
3236408,0,234,0,40,3,1,2,1,7,10,6
3236885,0,234,0,40,3,1,2,1,7,32,6
3237133,0,234,0,40,2,1,2,1,7,69,6
3237366,0,234,0,40,2,1,2,1,7,71,6
3237554,0,234,0,40,3,1,2,1,7,47,6
3237614,0,234,0,40,3,1,2,1,7,38,6
3222210,1,234,203,26.3188,3,3,2,1,21,38,6
3217548,0,234,0,40,2,5,2,1,22,29,6
3232171,0,234,0,40,3,2,2,1,7,104,6
3227120,0,234,0,40,2,3,2,1,15,25,6
3223960,0,234,0,40,2,3,2,1,15,23,6
3189780,0,234,0,40,3,12,2,1,38,34,6
3189368,0,234,0,40,3,9,2,1,55,49,6
3186962,0,234,0,40,2,10,2,1,42,59,6
3172740,0,234,0,40,2,12,2,1,84,39,6
3229719,0,234,0,40,3,3,2,1,11,43,6
3216419,0,234,0,40,2,4,2,1,27,38,6
3228957,0,234,0,40,3,2,2,1,17,50,6
3230675,0,234,0,40,2,3,2,1,10,17,6
3225081,0,234,0,40,2,4,2,1,21,43,6
3223988,0,234,0,40,3,3,2,1,22,28,6
3203464,0,234,0,40,2,7,2,1,32,58,6
3218449,0,234,0,40,2,6,2,1,23,31,6
3226082,0,234,0,40,3,4,2,1,16,22,6
3215949,0,234,0,40,3,4,2,1,34,26,6
3234164,0,234,0,40,2,2,2,1,10,42,6
3229166,0,234,0,40,3,3,2,1,14,54,6
3234195,0,234,0,40,3,2,2,1,7,67,6
3225631,0,234,0,40,2,2,2,1,26,99,6
3187685,0,234,0,40,2,11,2,1,58,22,6
3201287,0,234,0,40,2,11,2,1,29,31,6
3235469,0,234,0,40,3,1,2,1,6,29,6
3236548,0,234,0,40,3,1,2,1,6,35,6
3237233,0,234,0,40,3,1,2,1,6,68,6
3237433,0,234,0,40,2,1,2,1,6,53,6
3237939,0,234,0,40,3,1,2,1,6,35,6
3224069,0,234,0,40,2,4,2,1,17,19,6
3221748,0,234,0,40,3,3,2,1,21,14,6
3206159,0,234,0,40,3,6,2,1,40,83,6
3225378,0,234,0,40,3,4,2,1,16,43,6
3232195,0,234,0,40,2,2,2,1,9,25,6
3226824,0,234,0,40,2,5,2,1,16,25,6
3157563,0,234,0,40,2,16,2,1,101,49,6
3227605,0,234,0,40,2,3,2,1,15,49,6
3225199,0,234,0,40,3,3,2,1,20,95,6
3213776,0,234,0,40,2,5,2,1,31,32,6
3227280,0,234,0,40,2,4,2,1,15,9,6
3220089,0,234,0,40,3,4,2,1,30,48,6
3227740,0,234,0,40,2,4,2,1,16,50,6
3192119,0,234,0,40,3,10,2,1,44,70,6
3222200,0,234,0,40,2,4,2,1,20,57,6
3224551,0,234,0,40,3,4,2,1,12,62,6
3215860,0,234,0,40,2,5,2,1,23,39,6
3211373,0,234,0,40,3,6,2,1,32,21,6
3201150,0,234,0,40,3,8,2,1,42,29,6
3223930,0,234,0,40,3,3,2,1,17,19,6
3209005,0,234,0,40,3,9,2,1,29,21,6
3176520,0,234,0,40,2,13,2,1,69,35,6
3198999,0,234,0,40,3,8,2,1,45,62,6
3234038,0,234,0,40,2,2,2,1,10,72,6
3228941,0,234,0,40,2,3,2,1,10,39,6
3235472,0,234,0,40,3,2,2,1,8,31,6
3228060,0,234,0,40,3,3,2,1,19,86,6
3221189,0,234,0,40,2,4,2,1,30,44,6
3211793,0,234,0,40,2,6,2,1,34,13,6
3185711,0,234,0,40,3,12,2,1,47,18,6
3189039,0,234,0,40,2,11,2,1,48,31,6
3237315,0,234,0,40,3,1,2,1,5,60,6
3238134,0,234,0,40,3,1,2,1,5,24,6
3238524,0,234,0,40,3,1,2,1,5,42,6
3229362,0,234,0,40,3,2,2,1,5,61,6
3161664,1,234,210,18.1695,3,16,2,1,99,48,6
3203854,0,234,0,40,2,9,2,1,29,45,6
3215883,0,234,0,40,3,5,2,1,17,51,6
3205442,0,234,0,40,2,7,2,1,41,62,6
3215460,0,234,0,40,2,5,2,1,26,79,6
3205223,0,234,0,40,3,8,2,1,30,89,6
3217879,0,234,0,40,3,6,2,1,22,63,6
3197617,0,234,0,40,2,5,2,1,54,27,6
3213548,0,234,0,40,3,6,2,1,22,43,6
3218505,0,234,0,40,2,5,2,1,15,41,6
3166468,0,234,0,40,3,16,2,1,88,29,6
3233240,0,234,0,40,2,2,2,1,8,40,6
3215416,0,234,0,40,3,4,2,1,38,35,6
3221376,0,234,0,40,3,6,2,1,18,42,6
3235644,0,234,0,40,3,2,2,1,5,48,6
3227693,0,234,0,40,2,2,2,1,19,27,6
3183805,0,234,0,40,3,9,2,1,63,50,6
3232046,0,234,0,40,2,2,2,1,12,44,6
3210782,0,234,0,40,2,6,2,1,36,73,6
3223102,0,234,0,40,3,4,2,1,20,114,6
3203393,0,234,0,40,2,8,2,1,38,26,6
3218848,0,234,0,40,3,5,2,1,22,62,6
3214238,0,234,0,40,2,6,2,1,24,29,6
3223842,0,234,0,40,2,5,2,1,12,35,6
3233396,0,234,0,40,3,2,2,1,10,63,6
3155009,0,234,0,40,2,15,2,1,82,44,6
3232970,0,234,0,40,2,2,2,1,13,92,6
3233658,1,234,227,35.4059,2,2,2,1,10,70,6
3191391,0,234,0,40,2,10,2,1,49,42,6
3219112,0,234,0,40,2,6,2,1,28,62,6
3237000,0,234,0,40,3,2,2,1,5,57,6
3201532,0,234,0,40,3,6,2,1,49,80,6
3235185,0,234,0,40,2,2,2,1,7,45,6
3234652,0,234,0,40,2,3,2,1,8,61,6
3236905,0,234,0,40,3,2,2,1,5,42,6
3232931,0,234,0,40,2,2,2,1,9,57,6
3237215,0,234,0,40,2,1,2,1,4,48,6
3238291,0,234,0,40,2,1,2,1,4,34,6
3238419,0,234,0,40,3,1,2,1,4,27,6
3238782,0,234,0,40,3,1,2,1,4,93,6
3238938,0,234,0,40,3,1,2,1,4,23,6
3239062,0,234,0,40,3,1,2,1,4,32,6
3151426,0,234,0,40,3,14,2,1,109,48,6
3190477,0,234,0,40,3,6,2,1,63,49,6
3211656,0,234,0,40,3,5,2,1,42,31,6
3229325,0,234,0,40,3,1,2,1,23,33,6
3214877,0,234,0,40,3,4,2,1,39,32,6
3225876,0,234,0,40,2,2,2,1,23,28,6
3230909,0,234,0,40,2,1,2,1,20,33,6
3199526,0,234,0,40,3,6,2,1,46,12,6
3182008,1,234,179,12.8815,3,12,2,1,61,25,6
3212569,0,234,0,40,2,5,2,1,33,39,6
3219328,0,234,0,40,3,2,2,1,34,28,6
3223129,0,234,0,40,3,3,2,1,22,40,6
3226775,0,234,0,40,3,3,2,1,23,49,6
3221349,0,234,0,40,3,4,2,1,34,100,6
3202543,0,234,0,40,3,6,2,1,58,43,6
3222358,0,234,0,40,3,4,2,1,23,78,6
3188022,0,234,0,40,2,7,2,1,69,16,6
3163960,0,234,0,40,3,16,2,1,103,16,6
3229394,0,234,0,40,3,2,2,1,18,28,6
3222458,0,234,0,40,2,3,2,1,23,23,6
3227516,0,234,0,40,3,3,2,1,19,30,6
3202884,0,234,0,40,3,6,2,1,44,52,6
3202573,0,234,0,40,2,9,2,1,34,83,6
3234092,0,234,0,40,3,1,2,1,13,25,6
3170280,0,234,0,40,2,13,2,1,79,33,6
3211674,0,234,0,40,3,6,2,1,32,71,6
3194754,0,234,0,40,2,9,2,1,49,73,6
3152142,0,234,0,40,3,15,2,1,95,58,6
3229012,0,234,0,40,3,3,2,1,16,52,6
3179451,0,234,0,40,2,12,2,1,68,59,6
3163525,2,234,0,40,3,17,2,1,97,34,6
3182863,1,234,143,34.9147,3,9,2,1,67,48,6
3196713,0,234,0,40,3,8,2,1,51,20,6
3235507,0,234,0,40,2,1,2,1,11,24,6
3235981,0,234,0,40,3,1,2,1,11,31,6
3228193,0,234,0,40,2,2,2,1,19,36,6
3216446,0,234,0,40,2,4,2,1,31,20,6
3221170,0,234,0,40,2,4,2,1,19,33,6
3232782,0,234,0,40,3,2,2,1,12,33,6
3214267,0,234,0,40,2,4,2,1,39,26,6
3206920,0,234,0,40,2,6,2,1,41,63,6
3235209,0,234,0,40,2,1,2,1,10,20,6
3236008,0,234,0,40,2,1,2,1,10,29,6
3236215,0,234,0,40,2,1,2,1,10,25,6
3236655,0,234,0,40,2,1,2,1,10,62,6
3231124,0,234,0,40,3,2,2,1,11,48,6
3221038,0,234,0,40,2,4,2,1,21,28,6
3208211,0,234,0,40,3,6,2,1,33,63,6
3192714,0,234,0,40,2,12,2,1,54,49,6
3192137,0,234,0,40,2,11,2,1,45,38,6
3165920,0,234,0,40,3,14,2,1,105,31,6
3228173,0,234,0,40,2,2,2,1,23,33,6
3212932,0,234,0,40,2,6,2,1,35,18,6
3236900,0,234,0,40,3,1,2,1,9,22,6
3236932,0,234,0,40,2,1,2,1,9,109,6
3237028,0,234,0,40,3,1,2,1,9,34,6
3226969,0,234,0,40,2,3,2,1,11,19,6
3222086,0,234,0,40,2,4,2,1,20,24,6
3220497,0,234,0,40,2,6,2,1,24,4,6
3193587,0,234,0,40,2,5,2,1,70,104,6
3167943,0,234,0,40,3,14,2,1,92,62,6
3220333,0,234,0,40,3,5,2,1,26,49,6
3236352,0,234,0,40,2,1,2,1,8,37,6
3237560,0,234,0,40,3,1,2,1,8,87,6
3155666,0,234,0,40,3,12,2,1,66,39,6
3200348,0,234,0,40,3,9,2,1,40,22,6
3232240,0,234,0,40,2,2,2,1,11,25,6
3223296,0,234,0,40,2,5,2,1,17,62,6
3187104,0,234,0,40,3,8,2,1,63,16,6
3227349,0,234,0,40,3,3,2,1,20,51,6
3233861,0,234,0,40,3,2,2,1,10,28,6
3228677,0,234,0,40,3,5,2,1,13,52,6
3176075,0,234,0,40,3,17,2,1,50,34,6
3226064,0,234,0,40,3,4,2,1,14,42,6
3211283,0,234,0,40,3,6,2,1,36,56,6
3162507,0,234,0,40,3,19,2,1,86,27,6
3236110,0,234,0,40,2,1,2,1,7,56,6
3202161,0,234,0,40,2,8,2,1,39,42,6
3222991,0,234,0,40,2,4,2,1,16,23,6
3225363,0,234,0,40,2,4,2,1,20,26,6
3193929,1,234,155,29.2692,3,9,2,1,49,20,6
3164488,1,234,142,38.6153,3,17,2,1,89,31,6
3214003,0,234,0,40,2,6,2,1,25,43,6
3234048,0,234,0,40,2,2,2,1,7,62,6
3227222,0,234,0,40,3,3,2,1,14,52,6
3189831,0,234,0,40,3,10,2,1,64,83,6
3232462,0,234,0,40,3,3,2,1,13,27,6
3236779,0,234,0,40,2,1,2,1,6,59,6
3238572,0,234,0,40,3,1,2,1,6,60,6
3231140,0,234,0,40,2,2,2,1,10,52,6
3209217,0,234,0,40,2,4,2,1,41,20,6
3220654,0,234,0,40,3,5,2,1,24,56,6
3200617,0,234,0,40,2,6,2,1,47,21,6
3220096,0,234,0,40,3,4,2,1,28,38,6
3197296,0,234,0,40,2,7,2,1,47,70,6
3202437,0,234,0,40,2,8,2,1,26,72,6
3166693,1,234,227,17.8056,3,17,2,1,86,79,6
3203937,0,234,0,40,2,7,2,1,47,31,6
3216173,0,234,0,40,3,5,2,1,35,25,6
3218464,0,234,0,40,3,4,2,1,26,65,6
3201819,0,234,0,40,3,9,2,1,36,90,6
3237400,0,234,0,40,2,2,2,1,6,20,6
3237908,0,234,0,40,2,1,2,1,5,29,6
3238976,0,234,0,40,2,1,2,1,5,57,6
3153692,0,234,0,40,2,15,2,1,126,41,6
3221566,0,234,0,40,2,4,2,1,16,40,6
3220939,0,234,0,40,2,4,2,1,17,75,6
3234287,0,234,0,40,2,2,2,1,5,9,6
3220602,0,234,0,40,2,4,2,1,24,25,6
3184256,0,234,0,40,3,9,2,1,63,47,6
3188475,0,234,0,40,3,10,2,1,54,95,6
3205604,0,234,0,40,3,9,2,1,32,20,6
3151562,1,234,132,29.6272,3,12,2,1,96,43,6
3232073,0,234,0,40,3,2,2,1,10,35,6
3167183,0,234,0,40,2,16,2,1,92,32,6
3236000,0,234,0,40,2,2,2,1,5,50,6
3220551,0,234,0,40,2,5,2,1,20,15,6
3232111,0,234,0,40,2,3,2,1,11,37,6
3229124,0,234,0,40,2,4,2,1,10,18,6
3218396,0,234,0,40,2,5,2,1,25,35,6
3235996,0,234,0,40,2,2,2,1,6,32,6
3224437,0,234,0,40,3,4,2,1,20,70,6
3232339,0,234,0,40,2,3,2,1,11,13,6
3221188,0,234,0,40,3,5,2,1,19,29,6
3230924,0,234,0,40,3,4,2,1,7,49,6
3232489,0,234,0,40,3,3,2,1,9,31,6
3185926,0,234,0,40,3,10,2,1,67,39,6
3203223,0,234,0,40,3,6,2,1,48,12,6
3238144,0,234,0,40,2,1,2,1,4,30,6
3238821,0,234,0,40,3,1,2,1,4,18,6
3239144,0,234,0,40,2,1,2,1,4,18,6
3239278,0,234,0,40,2,1,2,1,4,106,6
3239576,0,234,0,40,2,1,2,1,4,78,6
3217692,0,234,0,40,3,5,2,1,28,38,6
3217138,0,234,0,40,2,5,2,1,31,38,6
3211952,0,234,0,40,2,6,2,1,25,61,6
3208674,0,234,0,40,2,5,2,1,33,51,6
3230603,0,234,0,40,2,2,2,1,15,58,6
3154037,0,234,0,40,2,16,2,1,90,34,6
3196316,0,234,0,40,3,8,2,1,54,32,6
3214159,0,234,0,40,3,3,2,1,41,75,6
3201502,0,234,0,40,3,6,2,1,53,65,6
3220508,0,234,0,40,2,2,2,1,30,25,6
3192249,0,234,0,40,3,8,2,1,71,78,6
3167215,0,234,0,40,2,12,2,1,106,15,6
3202620,0,234,0,40,3,9,2,1,35,53,6
3236178,0,234,0,40,3,1,2,1,10,27,6
3219398,0,234,0,40,2,4,2,1,25,78,6
3191193,0,234,0,40,3,12,2,1,53,32,6
3220849,0,234,0,40,2,6,2,1,17,27,6
3238054,0,234,0,40,2,1,2,1,7,42,6
3224639,0,234,0,40,2,4,2,1,17,46,6
3161176,0,234,0,40,2,11,2,1,108,33,6
3221835,0,234,0,40,3,3,2,1,29,51,6
3217262,0,234,0,40,2,4,2,1,31,19,6
3191938,0,234,0,40,3,7,2,1,58,81,6
3237458,0,234,0,40,2,2,2,1,7,47,6
3207289,0,234,0,40,3,7,2,1,33,52,6
3203110,0,234,0,40,3,8,2,1,51,23,6
3238669,0,234,0,40,2,1,2,1,5,65,6
3221816,0,234,0,40,2,4,2,1,23,33,6
3232801,0,234,0,40,3,2,2,1,10,33,6
3203485,0,234,0,40,3,5,2,1,49,87,6
3211695,0,234,0,40,2,5,2,1,29,51,6
3213258,0,234,0,40,2,5,2,1,33,56,6
3227267,0,234,0,40,3,2,2,1,25,19,6
3234848,0,234,0,40,2,3,2,1,9,38,6
3238225,0,234,0,40,3,1,2,1,4,58,6
3237303,0,234,0,40,3,0,2,1,3,46,6
3237431,0,234,0,40,3,0,2,1,3,60,6
3237591,0,234,0,40,2,0,2,1,3,44,6
3237680,0,234,0,40,2,0,2,1,3,33,6
3237720,0,234,0,40,2,0,2,1,3,73,6
3237784,0,234,0,40,3,0,2,1,3,31,6
3237848,0,234,0,40,3,0,2,1,3,78,6
3237944,0,234,0,40,3,0,2,1,3,59,6
3238008,0,234,0,40,3,0,2,1,3,31,6
3238072,0,234,0,40,2,0,2,1,3,47,6
3238120,0,234,0,40,3,0,2,1,3,48,6
3238169,0,234,0,40,2,0,2,1,3,32,6
3238201,0,234,0,40,2,0,2,1,3,72,6
3238233,0,234,0,40,2,0,2,1,3,23,6
3238265,0,234,0,40,3,0,2,1,3,30,6
3238329,0,234,0,40,2,0,2,1,3,50,6
3238393,0,234,0,40,3,0,2,1,3,22,6
3238425,0,234,0,40,2,0,2,1,3,47,6
3238457,0,234,0,40,3,0,2,1,3,56,6
3238489,0,234,0,40,2,0,2,1,3,46,6
3238521,0,234,0,40,2,0,2,1,3,80,6
3238553,0,234,0,40,2,0,2,1,3,98,6
3238585,0,234,0,40,3,0,2,1,3,44,6
3238615,0,234,0,40,3,0,2,1,3,20,6
3238631,0,234,0,40,3,0,2,1,3,68,6
3238647,0,234,0,40,2,0,2,1,3,39,6
3238679,0,234,0,40,3,0,2,1,3,63,6
3238695,0,234,0,40,2,0,2,1,3,106,6
3238711,0,234,0,40,2,0,2,1,3,39,6
3238743,0,234,0,40,2,0,2,1,3,54,6
3238759,0,234,0,40,2,0,2,1,3,37,6
3238775,0,234,0,40,2,0,2,1,3,37,6
3238791,0,234,0,40,3,0,2,1,3,34,6
3238807,0,234,0,40,2,0,2,1,3,31,6
3238823,0,234,0,40,3,0,2,1,3,58,6
3238839,0,234,0,40,2,0,2,1,3,59,6
3238871,0,234,0,40,3,0,2,1,3,40,6
3238903,0,234,0,40,3,0,2,1,3,58,6
3238919,0,234,0,40,2,0,2,1,3,23,6
3238935,0,234,0,40,2,0,2,1,3,34,6
3238967,0,234,0,40,3,0,2,1,3,44,6
3238983,0,234,0,40,3,0,2,1,3,49,6
3238999,0,234,0,40,2,0,2,1,3,29,6
3239015,0,234,0,40,3,0,2,1,3,54,6
3239031,0,234,0,40,2,0,2,1,3,19,6
3239047,0,234,0,40,2,0,2,1,3,53,6
3239063,0,234,0,40,3,0,2,1,3,70,6
3239079,0,234,0,40,2,0,2,1,3,58,6
3239089,0,234,0,40,3,0,2,1,3,28,6
3239097,0,234,0,40,2,0,2,1,3,62,6
3239111,0,234,0,40,3,0,2,1,3,34,6
3239119,0,234,0,40,3,0,2,1,3,13,6
3239127,0,234,0,40,3,0,2,1,3,49,6
3239135,0,234,0,40,2,0,2,1,3,40,6
3239151,0,234,0,40,2,0,2,1,3,58,6
3239167,0,234,0,40,2,0,2,1,3,45,6
3239183,0,234,0,40,3,0,2,1,3,43,6
3239199,0,234,0,40,2,0,2,1,3,32,6
3239207,0,234,0,40,2,0,2,1,3,49,6
3239215,0,234,0,40,2,0,2,1,3,67,6
3239231,0,234,0,40,3,0,2,1,3,43,6
3239239,0,234,0,40,2,0,2,1,3,45,6
3239247,0,234,0,40,2,0,2,1,3,71,6
3239255,0,234,0,40,3,0,2,1,3,70,6
3239263,0,234,0,40,2,0,2,1,3,75,6
3239279,0,234,0,40,2,0,2,1,3,34,6
3239287,0,234,0,40,2,0,2,1,3,38,6
3239295,0,234,0,40,2,0,2,1,3,38,6
3239303,0,234,0,40,3,0,2,1,3,22,6
3239311,0,234,0,40,2,0,2,1,3,21,6
3239319,0,234,0,40,3,0,2,1,3,62,6
3239327,0,234,0,40,3,0,2,1,3,25,6
3239335,0,234,0,40,3,0,2,1,3,24,6
3239343,0,234,0,40,3,0,2,1,3,56,6
3239351,0,234,0,40,3,0,2,1,3,19,6
3239367,0,234,0,40,2,0,2,1,3,36,6
3239375,0,234,0,40,2,0,2,1,3,19,6
3239383,0,234,0,40,2,0,2,1,3,56,6
3239391,0,234,0,40,3,0,2,1,3,38,6
3239399,0,234,0,40,3,0,2,1,3,64,6
3239407,0,234,0,40,3,0,2,1,3,70,6
3239415,0,234,0,40,2,0,2,1,3,38,6
3239439,0,234,0,40,3,0,2,1,3,25,6
3239455,0,234,0,40,2,0,2,1,3,45,6
3239463,0,234,0,40,3,0,2,1,3,18,6
3239471,0,234,0,40,2,0,2,1,3,36,6
3239487,0,234,0,40,3,0,2,1,3,37,6
3239495,0,234,0,40,3,0,2,1,3,45,6
3239515,0,234,0,40,2,0,2,1,3,45,6
3239523,0,234,0,40,2,0,2,1,3,37,6
3239531,0,234,0,40,2,0,2,1,3,54,6
3239547,0,234,0,40,3,0,2,1,3,64,6
3239555,0,234,0,40,2,0,2,1,3,28,6
3239563,0,234,0,40,2,0,2,1,3,53,6
3239571,0,234,0,40,2,0,2,1,3,88,6
3239579,0,234,0,40,3,0,2,1,3,55,6
3239585,0,234,0,40,2,0,2,1,3,43,6
3239593,0,234,0,40,3,0,2,1,3,45,6
3239597,0,234,0,40,3,0,2,1,3,44,6
3239601,0,234,0,40,3,0,2,1,3,34,6
3239609,0,234,0,40,2,0,2,1,3,30,6
3239613,0,234,0,40,2,0,2,1,3,53,6
3239617,0,234,0,40,3,0,2,1,3,59,6
3239625,0,234,0,40,2,0,2,1,3,71,6
3239629,0,234,0,40,3,0,2,1,3,22,6
3239637,0,234,0,40,2,0,2,1,3,68,6
3239641,0,234,0,40,3,0,2,1,3,33,6
3239645,0,234,0,40,2,0,2,1,3,52,6
3239649,0,234,0,40,3,0,2,1,3,36,6
3239657,0,234,0,40,3,0,2,1,3,17,6
3239661,0,234,0,40,2,0,2,1,3,44,6
3239665,0,234,0,40,2,0,2,1,3,37,6
3239669,0,234,0,40,3,0,2,1,3,32,6
3239677,0,234,0,40,3,0,2,1,3,42,6
3239681,0,234,0,40,2,0,2,1,3,30,6
3239685,0,234,0,40,3,0,2,1,3,36,6
3239693,0,234,0,40,3,0,2,1,3,29,6
3239697,0,234,0,40,2,0,2,1,3,25,6
3239701,0,234,0,40,2,0,2,1,3,50,6
3239705,0,234,0,40,2,0,2,1,3,50,6
3239709,0,234,0,40,3,0,2,1,3,24,6
3239713,0,234,0,40,2,0,2,1,3,55,6
3239721,0,234,0,40,3,0,2,1,3,44,6
3239725,0,234,0,40,3,0,2,1,3,40,6
3239729,0,234,0,40,2,0,2,1,3,12,6
3239733,0,234,0,40,2,0,2,1,3,39,6
3239737,0,234,0,40,2,0,2,1,3,33,6
3239741,0,234,0,40,2,0,2,1,3,53,6
3239745,0,234,0,40,2,0,2,1,3,39,6
3239749,0,234,0,40,2,0,2,1,3,17,6
3239753,0,234,0,40,3,0,2,1,3,38,6
3239757,0,234,0,40,2,0,2,1,3,38,6
3239761,0,234,0,40,3,0,2,1,3,39,6
3239769,0,234,0,40,2,0,2,1,3,72,6
3239773,0,234,0,40,2,0,2,1,3,17,6
3239777,0,234,0,40,2,0,2,1,3,53,6
3239781,0,234,0,40,2,0,2,1,3,56,6
3239785,0,234,0,40,2,0,2,1,3,6,6
3239789,0,234,0,40,3,0,2,1,3,44,6
3239797,0,234,0,40,3,0,2,1,3,49,6
3239801,0,234,0,40,2,0,2,1,3,50,6
3239809,0,234,0,40,2,0,2,1,3,30,6
3239817,0,234,0,40,3,0,2,1,3,14,6
3239821,0,234,0,40,3,0,2,1,3,20,6
3239829,0,234,0,40,2,0,2,1,3,32,6
3239833,0,234,0,40,2,0,2,1,3,19,6
3239837,0,234,0,40,2,0,2,1,3,42,6
3239841,0,234,0,40,2,0,2,1,3,18,6
3239845,0,234,0,40,2,0,2,1,3,46,6
3239849,0,234,0,40,3,0,2,1,3,38,6
3239853,0,234,0,40,2,0,2,1,3,27,6
3239857,0,234,0,40,3,0,2,1,3,52,6
3239861,0,234,0,40,2,0,2,1,3,55,6
3239869,0,234,0,40,3,0,2,1,3,27,6
3239873,0,234,0,40,3,0,2,1,3,24,6
3239881,0,234,0,40,2,0,2,1,3,37,6
3239885,0,234,0,40,2,0,2,1,3,54,6
3239889,0,234,0,40,2,0,2,1,3,32,6
3239893,0,234,0,40,2,0,2,1,3,63,6
3239897,0,234,0,40,3,0,2,1,3,39,6
3239901,0,234,0,40,3,0,2,1,3,43,6
3239905,0,234,0,40,3,0,2,1,3,8,6
3239909,0,234,0,40,3,0,2,1,3,21,6
3239913,0,234,0,40,2,0,2,1,3,42,6
3239921,0,234,0,40,2,0,2,1,3,21,6
3239929,0,234,0,40,2,0,2,1,3,36,6
3239933,0,234,0,40,2,0,2,1,3,54,6
3239937,0,234,0,40,2,0,2,1,3,28,6
3239941,0,234,0,40,3,0,2,1,3,65,6
3239945,0,234,0,40,2,0,2,1,3,38,6
3239953,0,234,0,40,2,0,2,1,3,27,6
3239957,0,234,0,40,3,0,2,1,3,47,6
3239961,0,234,0,40,3,0,2,1,3,21,6
3239965,0,234,0,40,3,0,2,1,3,34,6
3239969,0,234,0,40,3,0,2,1,3,67,6
3239973,0,234,0,40,3,0,2,1,3,32,6
3239977,0,234,0,40,2,0,2,1,3,38,6
3239985,0,234,0,40,2,0,2,1,3,41,6
3239989,0,234,0,40,3,0,2,1,3,51,6
3239993,0,234,0,40,2,0,2,1,3,56,6
3239997,0,234,0,40,3,0,2,1,3,32,6
3240001,0,234,0,40,3,0,2,1,3,52,6
3240005,0,234,0,40,3,0,2,1,3,12,6
3240009,0,234,0,40,2,0,2,1,3,33,6
3240017,0,234,0,40,3,0,2,1,3,40,6
3240019,0,234,0,40,3,0,2,1,3,12,6
3240023,0,234,0,40,3,0,2,1,3,96,6
3240027,0,234,0,40,2,0,2,1,3,47,6
3240031,0,234,0,40,2,0,2,1,3,62,6
3240033,0,234,0,40,2,0,2,1,3,45,6
3240035,0,234,0,40,2,0,2,1,3,15,6
3240037,0,234,0,40,3,0,2,1,3,53,6
3240041,0,234,0,40,3,0,2,1,3,77,6
3240043,0,234,0,40,3,0,2,1,3,30,6
3240045,0,234,0,40,3,0,2,1,3,48,6
3240047,0,234,0,40,3,0,2,1,3,42,6
3240049,0,234,0,40,3,0,2,1,3,15,6
3240051,0,234,0,40,2,0,2,1,3,38,6
3240053,0,234,0,40,3,0,2,1,3,21,6
3240055,0,234,0,40,2,0,2,1,3,22,6
3240057,0,234,0,40,3,0,2,1,3,42,6
3240059,0,234,0,40,2,0,2,1,3,64,6
3240061,0,234,0,40,3,0,2,1,3,40,6
3240063,0,234,0,40,2,0,2,1,3,39,6
3240067,0,234,0,40,3,0,2,1,3,32,6
3240069,0,234,0,40,2,0,2,1,3,39,6
3240071,0,234,0,40,2,0,2,1,3,77,6
3240073,0,234,0,40,2,0,2,1,3,48,6
3240075,0,234,0,40,3,0,2,1,3,59,6
3240077,0,234,0,40,3,0,2,1,3,40,6
3240079,0,234,0,40,2,0,2,1,3,46,6
3240081,0,234,0,40,3,0,2,1,3,26,6
3240087,0,234,0,40,2,0,2,1,3,52,6
3240089,0,234,0,40,3,0,2,1,3,112,6
3240091,0,234,0,40,3,0,2,1,3,32,6
3240093,0,234,0,40,3,0,2,1,3,69,6
3240095,0,234,0,40,2,0,2,1,3,53,6
3240097,0,234,0,40,3,0,2,1,3,65,6
3240099,0,234,0,40,2,0,2,1,3,36,6
3240101,0,234,0,40,2,0,2,1,3,50,6
3240103,0,234,0,40,3,0,2,1,3,95,6
3240107,0,234,0,40,3,0,2,1,3,51,6
3240109,0,234,0,40,3,0,2,1,3,25,6
3240113,0,234,0,40,3,0,2,1,3,92,6
3240117,0,234,0,40,2,0,2,1,3,37,6
3240119,0,234,0,40,2,0,2,1,3,12,6
3240121,0,234,0,40,3,0,2,1,3,50,6
3240125,0,234,0,40,2,0,2,1,3,30,6
3240127,0,234,0,40,2,0,2,1,3,29,6
3240131,0,234,0,40,2,0,2,1,3,52,6
3240133,0,234,0,40,3,0,2,1,3,19,6
3240135,0,234,0,40,2,0,2,1,3,35,6
3240137,0,234,0,40,2,0,2,1,3,41,6
3240139,0,234,0,40,2,0,2,1,3,26,6
3240141,0,234,0,40,3,0,2,1,3,58,6
3240143,0,234,0,40,2,0,2,1,3,20,6
3240145,0,234,0,40,2,0,2,1,3,21,6
3240147,0,234,0,40,3,0,2,1,3,41,6
3240151,0,234,0,40,2,0,2,1,3,28,6
3240153,0,234,0,40,2,0,2,1,3,26,6
3240157,0,234,0,40,2,0,2,1,3,42,6
3240159,0,234,0,40,2,0,2,1,3,31,6
3240161,0,234,0,40,3,0,2,1,3,21,6
3240163,0,234,0,40,3,0,2,1,3,21,6
3240165,0,234,0,40,3,0,2,1,3,83,6
3240167,0,234,0,40,2,0,2,1,3,67,6
3240169,0,234,0,40,3,0,2,1,3,34,6
3240173,0,234,0,40,2,0,2,1,3,58,6
3240177,0,234,0,40,2,0,2,1,3,51,6
3240181,0,234,0,40,3,0,2,1,3,40,6
3240183,0,234,0,40,3,0,2,1,3,15,6
3240185,0,234,0,40,3,0,2,1,3,80,6
3240187,0,234,0,40,3,0,2,1,3,33,6
3240191,0,234,0,40,3,0,2,1,3,54,6
3240193,0,234,0,40,3,0,2,1,3,56,6
3240195,0,234,0,40,2,0,2,1,3,53,6
3240197,0,234,0,40,2,0,2,1,3,36,6
3240201,0,234,0,40,3,0,2,1,3,50,6
3240205,0,234,0,40,2,0,2,1,3,29,6
3240211,0,234,0,40,3,0,2,1,3,59,6
3240215,0,234,0,40,2,0,2,1,3,57,6
3240217,0,234,0,40,3,0,2,1,3,54,6
3240219,0,234,0,40,3,0,2,1,3,31,6
3240221,0,234,0,40,2,0,2,1,3,36,6
3240223,0,234,0,40,3,0,2,1,3,66,6
3240229,0,234,0,40,3,0,2,1,3,50,6
3240231,0,234,0,40,3,0,2,1,3,56,6
3240233,0,234,0,40,3,0,2,1,3,40,6
3240235,0,234,0,40,3,0,2,1,3,69,6
3240237,0,234,0,40,3,0,2,1,3,98,6
3240241,0,234,0,40,3,0,2,1,3,67,6
3240243,0,234,0,40,3,0,2,1,3,40,6
3240245,0,234,0,40,3,0,2,1,3,70,6
3240247,0,234,0,40,3,0,2,1,3,13,6
3240249,0,234,0,40,3,0,2,1,3,32,6
3240251,0,234,0,40,2,0,2,1,3,52,6
3240253,0,234,0,40,3,0,2,1,3,23,6
3240255,0,234,0,40,3,0,2,1,3,24,6
3240257,0,234,0,40,3,0,2,1,3,59,6
3240261,0,234,0,40,3,0,2,1,3,32,6
3240267,0,234,0,40,3,0,2,1,3,66,6
3240269,0,234,0,40,2,0,2,1,3,33,6
3240271,0,234,0,40,3,0,2,1,3,78,6
3240275,0,234,0,40,2,0,2,1,3,44,6
3240279,0,234,0,40,3,0,2,1,3,60,6
3240281,0,234,0,40,2,0,2,1,3,42,6
3240283,0,234,0,40,2,0,2,1,3,30,6
3240285,0,234,0,40,3,0,2,1,3,67,6
3240287,0,234,0,40,3,0,2,1,3,62,6
3240289,0,234,0,40,2,0,2,1,3,70,6
3240291,0,234,0,40,2,0,2,1,3,41,6
3240295,0,234,0,40,2,0,2,1,3,36,6
3240297,0,234,0,40,3,0,2,1,3,86,6
3240299,0,234,0,40,3,0,2,1,3,34,6
3240303,0,234,0,40,2,0,2,1,3,62,6
3240305,0,234,0,40,2,0,2,1,3,31,6
3240307,0,234,0,40,3,0,2,1,3,42,6
3240309,0,234,0,40,2,0,2,1,3,88,6
3240311,0,234,0,40,2,0,2,1,3,38,6
3240313,0,234,0,40,2,0,2,1,3,63,6
3240317,0,234,0,40,3,0,2,1,3,25,6
3240319,0,234,0,40,3,0,2,1,3,44,6
3240321,0,234,0,40,2,0,2,1,3,45,6
3240323,0,234,0,40,2,0,2,1,3,32,6
3240325,0,234,0,40,2,0,2,1,3,69,6
3240327,0,234,0,40,2,0,2,1,3,18,6
3240329,0,234,0,40,2,0,2,1,3,46,6
3240331,0,234,0,40,3,0,2,1,3,20,6
3240333,0,234,0,40,3,0,2,1,3,49,6
3240337,0,234,0,40,3,0,2,1,3,22,6
3240339,0,234,0,40,2,0,2,1,3,15,6
3240341,0,234,0,40,3,0,2,1,3,109,6
3240343,0,234,0,40,2,0,2,1,3,48,6
3240345,0,234,0,40,3,0,2,1,3,45,6
3240347,0,234,0,40,2,0,2,1,3,30,6
3240349,0,234,0,40,2,0,2,1,3,59,6
3240351,0,234,0,40,3,0,2,1,3,61,6
3240355,0,234,0,40,2,0,2,1,3,73,6
3240357,0,234,0,40,2,0,2,1,3,38,6
3240361,0,234,0,40,2,0,2,1,3,26,6
3240363,0,234,0,40,3,0,2,1,3,22,6
3240369,0,234,0,40,2,0,2,1,3,68,6
3240371,0,234,0,40,3,0,2,1,3,41,6
3240373,0,234,0,40,3,0,2,1,3,54,6
3240375,0,234,0,40,3,0,2,1,3,44,6
3240377,0,234,0,40,2,0,2,1,3,33,6
3240379,0,234,0,40,2,0,2,1,3,40,6
3240381,0,234,0,40,2,0,2,1,3,42,6
3240383,0,234,0,40,3,0,2,1,3,30,6
3240385,0,234,0,40,2,0,2,1,3,26,6
3240387,0,234,0,40,3,0,2,1,3,26,6
3240389,0,234,0,40,2,0,2,1,3,48,6
3240393,0,234,0,40,2,0,2,1,3,47,6
3240395,0,234,0,40,2,0,2,1,3,16,6
3240397,0,234,0,40,3,0,2,1,3,43,6
3240401,0,234,0,40,3,0,2,1,3,39,6
3240403,0,234,0,40,2,0,2,1,3,47,6
3240407,0,234,0,40,3,0,2,1,3,36,6
3240409,0,234,0,40,2,0,2,1,3,30,6
3240411,0,234,0,40,2,0,2,1,3,46,6
3240413,0,234,0,40,3,0,2,1,3,57,6
3240415,0,234,0,40,2,0,2,1,3,42,6
3240417,0,234,0,40,2,0,2,1,3,48,6
3240423,0,234,0,40,2,0,2,1,3,36,6
3240425,0,234,0,40,3,0,2,1,3,95,6
3240427,0,234,0,40,2,0,2,1,3,48,6
3240429,0,234,0,40,2,0,2,1,3,78,6
3240431,0,234,0,40,2,0,2,1,3,73,6
3240433,0,234,0,40,3,0,2,1,3,32,6
3240435,0,234,0,40,3,0,2,1,3,49,6
3240437,0,234,0,40,3,0,2,1,3,42,6
3240441,0,234,0,40,2,0,2,1,3,25,6
3240443,0,234,0,40,3,0,2,1,3,40,6
3240445,0,234,0,40,2,0,2,1,3,24,6
3240447,0,234,0,40,3,0,2,1,3,11,6
3240449,0,234,0,40,2,0,2,1,3,46,6
3240453,0,234,0,40,2,0,2,1,3,29,6
3240455,0,234,0,40,3,0,2,1,3,63,6
3240457,0,234,0,40,2,0,2,1,3,32,6
3240459,0,234,0,40,2,0,2,1,3,40,6
3240463,0,234,0,40,3,0,2,1,3,34,6
3240465,0,234,0,40,3,0,2,1,3,53,6
3240467,0,234,0,40,2,0,2,1,3,59,6
3240469,0,234,0,40,2,0,2,1,3,24,6
3240473,0,234,0,40,3,0,2,1,3,72,6
3240475,0,234,0,40,2,0,2,1,3,33,6
3240477,0,234,0,40,3,0,2,1,3,50,6
3240479,0,234,0,40,2,0,2,1,3,63,6
3240481,0,234,0,40,3,0,2,1,3,40,6
3184888,0,234,0,40,2,12,2,1,41,75,6
3211732,0,234,0,40,2,4,2,1,32,70,6
3195982,0,234,0,40,2,6,2,1,52,44,6
3188368,0,234,0,40,2,6,2,1,55,25,6
3220901,0,234,0,40,3,4,2,1,13,33,6
3197008,0,234,0,40,2,4,2,1,46,59,6
3225172,0,234,0,40,3,1,2,1,17,33,6
3215296,0,234,0,40,3,4,2,1,21,21,6
3201179,0,234,0,40,3,6,2,1,31,88,6
3212375,0,234,0,40,3,4,2,1,31,34,6
3190327,0,234,0,40,3,7,2,1,47,38,6
3223763,0,234,0,40,2,1,2,1,23,32,6
3208279,0,234,0,40,3,5,2,1,30,45,6
3189658,0,234,0,40,2,8,2,1,54,19,6
3231299,0,234,0,40,2,1,2,1,9,17,6
3203868,0,234,0,40,2,7,2,1,26,23,6
3189220,0,234,0,40,3,11,2,1,42,25,6
3192640,0,234,0,40,3,8,2,1,35,43,6
3183302,0,234,0,40,3,9,2,1,60,23,6
3216874,0,234,0,40,2,3,2,1,26,28,6
3230258,0,234,0,40,3,2,2,1,9,25,6
3200267,0,234,0,40,3,8,2,1,32,51,6
3234348,0,234,0,40,2,1,2,1,3,24,6
3221853,0,234,0,40,3,2,2,1,22,79,6
3188292,0,234,0,40,2,7,2,1,54,35,6
3219767,0,234,0,40,3,3,2,1,23,78,6
3152967,0,234,0,40,3,9,2,1,74,42,6
3179398,0,234,0,40,3,11,2,1,70,26,6
3214361,0,234,0,40,2,4,2,1,26,38,6
3195649,0,234,0,40,2,8,2,1,32,39,6
3226322,0,234,0,40,2,2,2,1,16,47,6
3215635,0,234,0,40,2,4,2,1,24,44,6
3231568,0,234,0,40,2,1,2,1,7,46,6
3214439,0,234,0,40,3,5,2,1,25,38,6
3223501,0,234,0,40,2,3,2,1,19,25,6
3229478,0,234,0,40,2,2,2,1,6,17,6
3227344,0,234,0,40,3,3,2,1,8,25,6
3192736,0,234,0,40,2,9,2,1,41,14,6
3208726,0,234,0,40,2,6,2,1,33,71,6
3231168,0,234,0,40,2,2,2,1,7,31,6
3204177,0,234,0,40,2,3,2,1,42,54,6
3192837,0,234,0,40,2,10,2,1,42,59,6
3198862,0,234,0,40,3,6,2,1,45,52,6
3234670,0,234,0,40,3,1,2,1,3,55,6
3150788,1,234,139,25.4067,3,12,2,1,70,47,6
3222521,0,234,0,40,3,2,2,1,23,38,6
3170247,0,234,0,40,3,11,2,1,83,38,6
3218765,0,234,0,40,2,4,2,1,25,34,6
3220742,0,234,0,40,2,2,2,1,22,21,6
3170471,0,234,0,40,3,13,2,1,67,55,6
3224193,0,234,0,40,3,2,2,1,17,49,6
3159411,0,234,0,40,3,12,2,1,74,48,6
3180757,0,234,0,40,2,11,2,1,62,84,6
3215260,0,234,0,40,3,4,2,1,28,50,6
3224131,0,234,0,40,2,3,2,1,14,31,6
3191721,0,234,0,40,3,10,2,1,53,25,6
3227553,0,234,0,40,2,3,2,1,12,48,6
3186455,0,234,0,40,2,11,2,1,46,19,6
3150155,0,234,0,40,2,11,2,1,48,13,6
3193704,0,234,0,40,3,8,2,1,47,65,6
3188332,0,234,0,40,3,6,2,1,53,47,6
3224122,0,234,0,40,3,3,2,1,10,40,6
3224680,0,234,0,40,2,2,2,1,20,52,6
3230550,0,234,0,40,2,2,2,1,10,44,6
3159962,1,234,125,32.5256,3,13,2,1,86,57,6
3216185,0,234,0,40,3,4,2,1,19,31,6
3226963,0,234,0,40,2,2,2,1,13,38,6
3227782,0,234,0,40,2,2,2,1,14,45,6
3181139,0,234,0,40,2,9,2,1,55,37,6
3233678,0,234,0,40,3,1,2,1,5,20,6
3225540,0,234,0,40,3,2,2,1,11,38,6
3209206,0,234,0,40,2,6,2,1,23,75,6
3213790,0,234,0,40,2,6,2,1,18,40,6
3174143,1,234,138,40,2,16,2,1,67,33,6
3207676,0,234,0,40,3,7,2,1,35,69,6
3234952,0,234,0,40,2,1,2,1,4,27,6
3225960,0,234,0,40,2,2,2,1,15,47,6
3195453,0,234,0,40,3,8,2,1,44,39,6
3186386,0,234,0,40,2,12,2,1,32,24,6
3209421,0,234,0,40,3,8,2,1,28,64,6
3174824,1,234,138,30.0724,3,7,2,1,88,35,6
3189729,0,234,0,40,3,6,2,1,59,41,6
3223502,0,234,0,40,2,1,2,1,24,27,6
3154021,0,234,0,40,2,15,2,1,89,22,6
3209952,0,234,0,40,2,5,2,1,30,29,6
3177814,0,234,0,40,3,13,2,1,64,73,6
3219751,0,234,0,40,2,2,2,1,17,40,6
3176094,0,234,0,40,3,11,2,1,83,31,6
3198415,0,234,0,40,2,7,2,1,44,16,6
3210744,0,234,0,40,3,6,2,1,32,44,6
3195825,0,234,0,40,2,5,2,1,48,27,6
3210482,0,234,0,40,3,5,2,1,25,50,6
3200466,0,234,0,40,3,6,2,1,28,66,6
3179822,0,234,0,40,2,9,2,1,63,30,6
3230936,0,234,0,40,3,1,2,1,11,29,6
3189790,0,234,0,40,2,8,2,1,62,24,6
3159146,0,234,0,40,2,15,2,1,102,48,6
3218682,0,234,0,40,2,5,2,1,24,65,6
3211399,0,234,0,40,2,4,2,1,24,8,6
3216857,0,234,0,40,3,4,2,1,22,92,6
3193648,0,234,0,40,2,10,2,1,50,59,6
3194907,0,234,0,40,2,8,2,1,53,20,6
3232932,0,234,0,40,2,1,2,1,9,19,6
3209121,0,234,0,40,3,4,2,1,38,30,6
3207055,0,234,0,40,2,5,2,1,29,40,6
3210527,0,234,0,40,3,5,2,1,31,31,6
3231769,0,234,0,40,3,2,2,1,9,40,6
3233405,0,234,0,40,2,1,2,1,8,52,6
3201003,0,234,0,40,3,6,2,1,37,47,6
3206295,0,234,0,40,2,5,2,1,41,31,6
3224501,0,234,0,40,3,3,2,1,15,46,6
3154029,0,234,0,40,3,8,2,1,69,29,6
3174905,0,234,0,40,3,11,2,1,63,61,6
3198535,0,234,0,40,3,11,2,1,36,68,6
3233400,0,234,0,40,2,1,2,1,7,61,6
3191530,0,234,0,40,3,6,2,1,48,41,6
3170149,0,234,0,40,3,13,2,1,80,43,6
3171484,0,234,0,40,2,13,2,1,73,52,6
3213599,0,234,0,40,2,5,2,1,28,48,6
3169624,0,234,0,40,3,15,2,1,74,30,6
3226058,0,234,0,40,2,4,2,1,15,37,6
3220715,0,234,0,40,2,3,2,1,16,43,6
3152091,0,234,0,40,3,14,2,1,78,29,6
3153890,1,234,143,40,2,11,2,1,82,45,6
3229200,0,234,0,40,3,2,2,1,11,34,6
3210101,0,234,0,40,3,8,2,1,22,38,6
3196308,0,234,0,40,2,6,2,1,52,62,6
3206048,0,234,0,40,2,6,2,1,33,26,6
3229163,0,234,0,40,2,2,2,1,12,35,6
3234141,0,234,0,40,2,1,2,1,5,44,6
3216977,0,234,0,40,3,4,2,1,25,62,6
3208661,0,234,0,40,2,5,2,1,32,50,6
3229141,0,234,0,40,3,2,2,1,10,43,6
3195767,0,234,0,40,2,8,2,1,48,57,6
3221812,0,234,0,40,3,4,2,1,12,58,6
3231837,0,234,0,40,2,2,2,1,8,34,6
3150449,1,234,140,25.5952,3,14,2,1,59,59,6
3233696,0,234,0,40,3,1,2,1,4,39,6
3217738,0,234,0,40,2,4,2,1,18,31,6
3227329,0,234,0,40,3,2,2,1,13,43,6
3221068,0,234,0,40,3,3,2,1,13,66,6
3230035,0,234,0,40,3,2,2,1,9,20,6
3195558,0,234,0,40,3,9,2,1,35,23,6
3201559,0,234,0,40,3,8,2,1,33,15,6
3185982,0,234,0,40,3,10,2,1,61,63,6
3228245,0,234,0,40,2,3,2,1,10,39,6
3230728,0,234,0,40,2,2,2,1,11,29,6
3232633,0,234,0,40,3,2,2,1,7,35,6
3235235,0,234,0,40,2,1,2,1,3,19,6
3235807,0,234,0,40,3,1,2,1,3,45,6
3219910,0,234,0,40,2,1,2,1,31,97,6
3220533,0,234,0,40,3,2,2,1,27,15,6
3215811,0,234,0,40,2,3,2,1,30,31,6
3224807,0,234,0,40,2,1,2,1,22,33,6
3227090,0,234,0,40,2,1,2,1,21,19,6
3210916,0,234,0,40,3,3,2,1,34,27,6
3208567,0,234,0,40,2,6,2,1,37,53,6
3227367,0,234,0,40,2,2,2,1,18,56,6
3216273,0,234,0,40,3,3,2,1,33,69,6
3173248,0,234,0,40,2,10,2,1,86,40,6
3216950,0,234,0,40,3,4,2,1,25,42,6
3221833,0,234,0,40,2,2,2,1,23,45,6
3213570,0,234,0,40,3,5,2,1,24,31,6
3170483,0,234,0,40,2,10,2,1,93,57,6
3174381,0,234,0,40,2,12,2,1,69,42,6
3213264,0,234,0,40,3,5,2,1,32,35,6
3230599,0,234,0,40,2,1,2,1,13,15,6
3224488,0,234,0,40,3,2,2,1,16,20,6
3171630,0,234,0,40,2,11,2,1,85,19,6
3212105,0,234,0,40,3,5,2,1,29,87,6
3215444,0,234,0,40,3,4,2,1,30,74,6
3164953,0,234,0,40,3,14,2,1,96,51,6
3153053,0,234,0,40,2,10,2,1,85,46,6
3207390,0,234,0,40,3,4,2,1,39,54,6
3193858,0,234,0,40,2,9,2,1,46,9,6
3221750,0,234,0,40,2,3,2,1,19,65,6
3210999,0,234,0,40,2,5,2,1,38,40,6
3207748,0,234,0,40,3,7,2,1,27,27,6
3169225,0,234,0,40,2,13,2,1,90,34,6
3207061,0,234,0,40,3,6,2,1,34,23,6
3219606,0,234,0,40,2,4,2,1,19,103,6
3199719,0,234,0,40,2,4,2,1,53,26,6
3176988,0,234,0,40,3,12,2,1,59,71,6
3202723,0,234,0,40,2,6,2,1,45,21,6
3216068,0,234,0,40,3,4,2,1,29,68,6
3230880,0,234,0,40,3,2,2,1,10,15,6
3232853,0,234,0,40,2,1,2,1,9,58,6
3205707,0,234,0,40,2,7,2,1,27,93,6
3197884,0,234,0,40,2,9,2,1,40,46,6
3222099,0,234,0,40,2,2,2,1,25,49,6
3218571,0,234,0,40,3,4,2,1,26,14,6
3232572,0,234,0,40,3,2,2,1,10,27,6
3233144,0,234,0,40,2,1,2,1,8,55,6
3224931,1,234,213,36.9375,2,2,2,1,16,19,6
3197864,0,234,0,40,2,8,2,1,43,48,6
3206931,0,234,0,40,2,6,2,1,25,74,6
3166891,0,234,0,40,2,13,2,1,76,65,6
3196229,0,234,0,40,3,8,2,1,46,67,6
3192953,0,234,0,40,3,8,2,1,61,87,6
3216944,0,234,0,40,3,3,2,1,30,13,6
3154420,0,234,0,40,2,10,2,1,60,39,6
3202160,0,234,0,40,3,8,2,1,30,22,6
3232004,0,234,0,40,2,1,2,1,7,38,6
3233450,0,234,0,40,3,1,2,1,7,124,6
3181845,0,234,0,40,3,11,2,1,53,57,6
3153217,0,234,0,40,3,9,2,1,92,44,6
3201721,0,234,0,40,2,7,2,1,24,49,6
3178870,0,234,0,40,3,10,2,1,76,21,6
3225000,0,234,0,40,2,2,2,1,16,51,6
3205470,0,234,0,40,2,7,2,1,31,37,6
3228029,0,234,0,40,3,3,2,1,8,37,6
3185300,0,234,0,40,2,9,2,1,56,37,6
3197222,0,234,0,40,3,8,2,1,39,36,6
3220169,0,234,0,40,2,5,2,1,21,51,6
3230844,0,234,0,40,3,3,2,1,10,50,6
3234481,0,234,0,40,2,1,2,1,6,54,6
3235048,0,234,0,40,3,1,2,1,6,23,6
3194936,0,234,0,40,3,9,2,1,33,50,6
3215183,0,234,0,40,2,4,2,1,22,66,6
3211675,0,234,0,40,2,5,2,1,22,53,6
3225114,0,234,0,40,3,4,2,1,10,24,6
3215929,0,234,0,40,2,4,2,1,32,35,6
3183144,0,234,0,40,3,11,2,1,44,32,6
3225313,0,234,0,40,2,2,2,1,21,20,6
3221261,0,234,0,40,2,4,2,1,15,63,6
3208072,0,234,0,40,2,4,2,1,39,42,6
3220327,0,234,0,40,3,4,2,1,25,42,6
3209031,0,234,0,40,2,5,2,1,33,53,6
3234423,0,234,0,40,3,1,2,1,5,54,6
3235368,0,234,0,40,3,1,2,1,5,68,6
3213554,0,234,0,40,3,4,2,1,26,37,6
3159333,1,234,104,40,2,14,2,1,66,50,6
3223445,0,234,0,40,2,3,2,1,15,56,6
3189892,0,234,0,40,2,9,2,1,35,53,6
3219355,0,234,0,40,3,4,2,1,18,66,6
3199854,0,234,0,40,3,5,2,1,51,26,6
3230580,0,234,0,40,2,2,2,1,10,180,6
3157768,0,234,0,40,2,13,2,1,65,99,6
3194138,1,234,160,40,2,7,2,1,43,43,6
3222389,0,234,0,40,2,4,2,1,16,28,6
3200123,0,234,0,40,3,8,2,1,36,47,6
3180876,0,234,0,40,2,12,2,1,62,95,6
3205986,0,234,0,40,3,8,2,1,28,49,6
3234523,0,234,0,40,3,1,2,1,4,9,6
3234923,0,234,0,40,2,1,2,1,4,34,6
3235323,0,234,0,40,2,1,2,1,4,94,6
3235997,0,234,0,40,2,1,2,1,4,71,6
3193665,0,234,0,40,3,4,2,1,55,21,6
3198566,0,234,0,40,3,7,2,1,39,59,6
3228110,0,234,0,40,3,3,2,1,5,38,6
3207450,0,234,0,40,3,5,2,1,26,66,6
3216354,0,234,0,40,3,4,2,1,23,70,6
3206620,0,234,0,40,2,6,2,1,31,32,6
3192948,0,234,0,40,3,10,2,1,31,3,6
3216660,0,234,0,40,3,3,2,1,26,22,6
3220681,0,234,0,40,2,5,2,1,14,50,6
3204237,0,234,0,40,3,7,2,1,30,93,6
3214708,0,234,0,40,3,6,2,1,19,108,6
3174288,0,234,0,40,2,12,2,1,75,30,6
3232975,0,234,0,40,3,2,2,1,5,41,6
3229565,0,234,0,40,3,2,2,1,14,64,6
3204234,0,234,0,40,3,7,2,1,32,57,6
3173506,0,234,0,40,2,13,2,1,82,39,6
3210628,0,234,0,40,2,7,2,1,21,28,6
3200691,0,234,0,40,3,9,2,1,28,45,6
3236295,0,234,0,40,2,1,2,1,3,39,6
3236553,0,234,0,40,3,1,2,1,3,42,6
3187868,0,234,0,40,2,5,2,1,73,58,6
3223380,0,234,0,40,3,1,2,1,27,46,6
3215092,0,234,0,40,2,3,2,1,40,57,6
3196347,0,234,0,40,2,7,2,1,51,39,6
3223878,0,234,0,40,3,2,2,1,24,72,6
3202982,0,234,0,40,3,6,2,1,53,63,6
3201381,0,234,0,40,2,5,2,1,47,58,6
3169274,0,234,0,40,3,13,2,1,83,30,6
3211030,0,234,0,40,3,5,2,1,31,47,6
3218832,0,234,0,40,3,3,2,1,30,73,6
3228825,0,234,0,40,3,1,2,1,17,31,6
3175695,0,234,0,40,3,13,2,1,59,39,6
3162883,0,234,0,40,2,13,2,1,102,58,6
3165592,0,234,0,40,2,14,2,1,91,39,6
3210160,0,234,0,40,2,7,2,1,34,27,6
3216794,0,234,0,40,3,3,2,1,35,18,6
3220139,0,234,0,40,2,4,2,1,23,24,6
3231451,0,234,0,40,3,1,2,1,14,60,6
3195690,0,234,0,40,3,7,2,1,49,32,6
3187849,0,234,0,40,3,5,2,1,70,63,6
3212624,0,234,0,40,3,5,2,1,26,31,6
3230469,0,234,0,40,2,1,2,1,13,54,6
3172612,0,234,0,40,2,12,2,1,75,18,6
3220990,0,234,0,40,3,3,2,1,18,50,6
3149631,0,234,0,40,2,13,2,1,93,36,6
3214487,0,234,0,40,2,3,2,1,30,74,6
3205582,0,234,0,40,3,5,2,1,42,48,6
3223560,0,234,0,40,3,3,2,1,19,30,6
3231826,0,234,0,40,2,1,2,1,12,38,6
3222473,0,234,0,40,2,3,2,1,19,30,6
3193089,0,234,0,40,2,8,2,1,44,35,6
3219865,0,234,0,40,3,4,2,1,24,42,6
3181790,0,234,0,40,3,8,2,1,79,45,6
3211186,0,234,0,40,3,5,2,1,32,30,6
3232706,0,234,0,40,3,1,2,1,11,81,6
3216617,0,234,0,40,3,3,2,1,31,15,6
3220392,0,234,0,40,2,4,2,1,22,56,6
3207722,0,234,0,40,2,7,2,1,34,48,6
3213047,0,234,0,40,3,5,2,1,29,50,6
3232649,0,234,0,40,2,1,2,1,10,22,6
3199401,0,234,0,40,2,7,2,1,36,33,6
3195148,0,234,0,40,3,7,2,1,37,88,6
3211945,0,234,0,40,2,3,2,1,35,33,6
3227016,0,234,0,40,2,2,2,1,17,46,6
3230480,0,234,0,40,3,2,2,1,10,54,6
3201703,0,234,0,40,3,6,2,1,44,61,6
3183797,0,234,0,40,2,11,2,1,53,23,6
3150977,0,234,0,40,2,8,2,1,55,31,6
3232967,0,234,0,40,3,1,2,1,9,22,6
3233837,0,234,0,40,2,1,2,1,9,46,6
3218979,0,234,0,40,3,4,2,1,17,25,6
3226182,0,234,0,40,3,2,2,1,16,75,6
3166565,0,234,0,40,3,10,2,1,111,49,6
3158444,0,234,0,40,3,16,2,1,106,50,6
3221165,0,234,0,40,3,4,2,1,19,36,6
3157764,1,234,148,40,2,13,2,1,76,69,6
3233051,0,234,0,40,2,1,2,1,8,55,6
3234114,0,234,0,40,3,1,2,1,8,25,6
3213286,0,234,0,40,2,5,2,1,21,20,6
3216742,0,234,0,40,3,3,2,1,24,29,6
3216180,0,234,0,40,3,5,2,1,19,11,6
3174387,0,234,0,40,3,12,2,1,80,67,6
3187936,0,234,0,40,2,6,2,1,71,50,6
3186858,0,234,0,40,3,11,2,1,51,63,6
3208020,0,234,0,40,2,5,2,1,37,62,6
3230826,0,234,0,40,2,2,2,1,11,21,6
3232112,1,234,218,33.0726,2,2,2,1,8,27,6
3185864,0,234,0,40,3,8,2,1,70,41,6
3206757,0,234,0,40,3,7,2,1,35,23,6
3225704,0,234,0,40,2,3,2,1,17,54,6
3233764,0,234,0,40,3,1,2,1,7,73,6
3234461,0,234,0,40,3,1,2,1,7,49,6
3235106,0,234,0,40,2,1,2,1,7,42,6
3225151,0,234,0,40,3,3,2,1,12,52,6
3197541,0,234,0,40,2,7,2,1,42,51,6
3217828,0,234,0,40,3,5,2,1,21,63,6
3194336,0,234,0,40,3,10,2,1,40,50,6
3201603,0,234,0,40,3,7,2,1,23,90,6
3222554,0,234,0,40,2,4,2,1,17,47,6
3160939,1,234,218,26.2133,3,8,2,1,41,24,6
3204185,0,234,0,40,3,6,2,1,45,38,6
3194574,0,234,0,40,2,9,2,1,45,40,6
3204349,0,234,0,40,3,8,2,1,27,14,6
3224614,0,234,0,40,3,3,2,1,14,33,6
3199512,0,234,0,40,2,7,2,1,43,13,6
3233303,0,234,0,40,3,2,2,1,7,45,6
3205052,0,234,0,40,3,7,2,1,41,16,6
3227003,0,234,0,40,3,3,2,1,18,45,6
3211093,0,234,0,40,2,7,2,1,25,47,6
3226051,0,234,0,40,3,3,2,1,18,26,6
3233792,0,234,0,40,2,1,2,1,6,32,6
3234869,0,234,0,40,3,1,2,1,6,18,6
3213567,0,234,0,40,3,5,2,1,19,12,6
3179543,1,234,227,18.3086,3,8,2,1,73,74,6
3197110,0,234,0,40,2,8,2,1,47,50,6
3154254,1,234,126,33.1813,3,13,2,1,81,31,6
3224956,0,234,0,40,3,4,2,1,13,23,6
3203534,0,234,0,40,2,6,2,1,36,45,6
3228133,0,234,0,40,3,2,2,1,15,33,6
3226501,0,234,0,40,3,3,2,1,16,29,6
3195492,0,234,0,40,3,7,2,1,46,72,6
3229748,0,234,0,40,3,2,2,1,13,61,6
3208096,0,234,0,40,2,9,2,1,18,49,6
3221483,0,234,0,40,2,4,2,1,18,56,6
3206032,0,234,0,40,3,8,2,1,35,33,6
3227019,0,234,0,40,2,3,2,1,11,126,6
3234771,0,234,0,40,3,1,2,1,5,50,6
3235391,0,234,0,40,2,1,2,1,5,41,6
3235607,0,234,0,40,3,1,2,1,5,20,6
3235999,0,234,0,40,3,1,2,1,5,39,6
3187396,0,234,0,40,3,7,2,1,55,36,6
3226003,0,234,0,40,3,3,2,1,7,33,6
3158934,0,234,0,40,2,16,2,1,87,38,6
3201836,0,234,0,40,2,7,2,1,29,23,6
3210938,0,234,0,40,2,6,2,1,28,21,6
3222221,0,234,0,40,3,4,2,1,12,38,6
3205522,0,234,0,40,2,5,2,1,37,28,6
3174794,0,234,0,40,2,12,2,1,69,39,6
3223565,0,234,0,40,2,4,2,1,17,31,6
3223048,0,234,0,40,3,3,2,1,20,90,6
3230567,0,234,0,40,2,2,2,1,9,38,6
3219783,0,234,0,40,3,5,2,1,19,39,6
3172880,0,234,0,40,2,13,2,1,72,35,6
3170203,0,234,0,40,2,14,2,1,73,53,6
3224088,0,234,0,40,3,3,2,1,13,45,6
3233435,0,234,0,40,3,2,2,1,6,29,6
3233376,0,234,0,40,2,2,2,1,5,48,6
3225258,0,234,0,40,2,3,2,1,16,34,6
3222934,0,234,0,40,3,4,2,1,16,22,6
3230841,0,234,0,40,3,2,2,1,9,51,6
3224150,0,234,0,40,3,3,2,1,15,108,6
3215388,0,234,0,40,2,4,2,1,23,33,6
3233714,0,234,0,40,2,2,2,1,5,39,6
3157295,0,234,0,40,2,13,2,1,94,47,6
3198493,0,234,0,40,3,7,2,1,55,66,6
3153716,0,234,0,40,2,13,2,1,106,60,6
3227788,0,234,0,40,3,4,2,1,15,29,6
3235330,0,234,0,40,3,2,2,1,5,8,6
3234547,0,234,0,40,2,1,2,1,4,18,6
3235135,0,234,0,40,2,1,2,1,4,36,6
3235812,0,234,0,40,3,1,2,1,4,44,6
3236205,0,234,0,40,3,1,2,1,4,20,6
3236597,0,234,0,40,3,1,2,1,4,24,6
3236669,0,234,0,40,2,1,2,1,4,29,6
3163834,0,234,0,40,2,11,2,1,105,16,6
3198925,1,234,160,30.2442,3,6,2,1,36,20,6
3204329,0,234,0,40,2,5,2,1,41,60,6
3216361,0,234,0,40,3,4,2,1,20,73,6
3232294,0,234,0,40,3,2,2,1,5,66,6
3220136,0,234,0,40,3,4,2,1,13,61,6
3231359,0,234,0,40,2,2,2,1,8,41,6
3210701,0,234,0,40,3,6,2,1,20,48,6
3156986,0,234,0,40,3,12,2,1,106,32,6
3160732,0,234,0,40,2,15,2,1,74,31,6
3196393,0,234,0,40,2,10,2,1,43,69,6
3232328,0,234,0,40,3,2,2,1,7,50,6
3174788,0,234,0,40,3,11,2,1,72,36,6
3161658,0,234,0,40,3,11,2,1,75,26,6
3205417,0,234,0,40,2,5,2,1,37,28,6
3227805,0,234,0,40,3,3,2,1,10,48,6
3233312,0,234,0,40,2,2,2,1,5,42,6
3234010,0,234,0,40,2,2,2,1,4,51,6
3222426,1,234,204,14.0249,3,3,2,1,20,68,6
3171498,0,234,0,40,3,12,2,1,74,70,6
3195607,0,234,0,40,3,9,2,1,39,37,6
3175227,1,234,149,40,2,10,2,1,83,36,6
3224197,0,234,0,40,2,4,2,1,15,18,6
3188189,0,234,0,40,3,9,2,1,65,60,6
3228676,0,234,0,40,2,3,2,1,12,49,6
3229398,0,234,0,40,2,3,2,1,7,75,6
3201549,0,234,0,40,3,10,2,1,35,39,6
3170326,0,234,0,40,3,16,2,1,66,39,6
3201280,0,234,0,40,2,6,2,1,43,40,6
3207185,0,234,0,40,2,7,2,1,37,25,6
3235668,0,234,0,40,3,2,2,1,6,56,6
3235181,0,234,0,40,3,1,2,1,3,19,6
3235637,0,234,0,40,3,1,2,1,3,27,6
3236370,0,234,0,40,2,1,2,1,3,40,6
3236594,0,234,0,40,2,1,2,1,3,52,6
3236982,0,234,0,40,3,1,2,1,3,8,6
3213753,0,234,0,40,2,1,2,1,41,26,6
3170338,0,234,0,40,3,10,2,1,95,43,6
3223591,0,234,0,40,2,1,2,1,29,31,6
3215217,0,234,0,40,2,3,2,1,33,37,6
3214098,0,234,0,40,2,3,2,1,30,22,6
3206528,0,234,0,40,2,6,2,1,44,31,6
3221648,0,234,0,40,3,2,2,1,25,46,6
3199468,0,234,0,40,2,4,2,1,62,50,6
3223234,0,234,0,40,3,2,2,1,24,52,6
3210728,0,234,0,40,3,3,2,1,44,46,6
3208030,0,234,0,40,3,5,2,1,38,42,6
3226681,0,234,0,40,2,1,2,1,21,23,6
3150613,0,234,0,40,3,11,2,1,83,39,6
3201608,0,234,0,40,3,5,2,1,45,29,6
3228723,0,234,0,40,2,1,2,1,20,19,6
3217683,0,234,0,40,2,3,2,1,30,25,6
3219320,0,234,0,40,3,2,2,1,31,44,6
3202279,0,234,0,40,3,6,2,1,45,51,6
3198076,0,234,0,40,2,9,2,1,33,45,6
3210228,0,234,0,40,3,4,2,1,38,44,6
3229299,0,234,0,40,2,1,2,1,18,17,6
3216488,0,234,0,40,2,2,2,1,33,19,6
3191950,0,234,0,40,2,6,2,1,57,65,6
3228469,0,234,0,40,2,2,2,1,17,83,6
3183576,1,234,143,23.1743,3,10,2,1,66,43,6
3188492,0,234,0,40,3,9,2,1,56,52,6
3226851,0,234,0,40,2,2,2,1,22,30,6
3226150,0,234,0,40,2,2,2,1,15,35,6
3225285,0,234,0,40,2,2,2,1,20,15,6
3162862,1,234,166,40,2,16,2,1,95,19,6
3199418,0,234,0,40,2,6,2,1,50,60,6
3188943,0,234,0,40,2,8,2,1,56,64,6
3180522,0,234,0,40,3,9,2,1,68,21,6
3183470,0,234,0,40,3,8,2,1,62,33,6
3215932,0,234,0,40,3,4,2,1,27,42,6
3179402,0,234,0,40,2,13,2,1,65,23,6
3185335,0,234,0,40,2,9,2,1,59,29,6
3208122,0,234,0,40,3,5,2,1,33,42,6
3186404,0,234,0,40,2,8,2,1,75,102,6
3231170,0,234,0,40,2,1,2,1,13,36,6
3232350,0,234,0,40,3,1,2,1,13,44,6
3181442,0,234,0,40,2,12,2,1,56,24,6
3225443,0,234,0,40,2,4,2,1,18,25,6
3212799,0,234,0,40,3,4,2,1,27,47,6
3201810,0,234,0,40,2,6,2,1,48,20,6
3216619,0,234,0,40,3,4,2,1,27,77,6
3208460,0,234,0,40,2,5,2,1,40,66,6
3220716,0,234,0,40,3,3,2,1,24,42,6
3232199,0,234,0,40,3,1,2,1,12,46,6
3189122,0,234,0,40,2,6,2,1,57,80,6
3187841,0,234,0,40,3,7,2,1,61,40,6
3151715,0,234,0,40,3,10,2,1,108,21,6
3219926,0,234,0,40,3,4,2,1,18,26,6
3222853,0,234,0,40,3,3,2,1,23,47,6
3178280,0,234,0,40,3,13,2,1,70,32,6
3232045,0,234,0,40,3,1,2,1,11,86,6
3233367,0,234,0,40,2,1,2,1,11,46,6
3188256,0,234,0,40,3,9,2,1,45,9,6
3215859,0,234,0,40,2,3,2,1,30,71,6
3228155,0,234,0,40,3,2,2,1,11,22,6
3225320,0,234,0,40,3,2,2,1,13,31,6
3178391,0,234,0,40,3,9,2,1,68,51,6
3159159,0,234,0,40,2,11,2,1,47,38,6
3219145,0,234,0,40,2,4,2,1,25,72,6
3232959,0,234,0,40,2,1,2,1,10,47,6
3171545,1,234,165,17.5651,3,9,2,1,77,47,6
3197166,0,234,0,40,2,7,2,1,41,12,6
3189843,0,234,0,40,3,8,2,1,56,63,6
3220260,0,234,0,40,3,5,2,1,21,38,6
3185779,0,234,0,40,3,9,2,1,56,80,6
3158711,0,234,0,40,3,9,2,1,89,22,6
3220611,0,234,0,40,2,4,2,1,17,31,6
3225462,0,234,0,40,3,2,2,1,22,58,6
3229344,0,234,0,40,3,2,2,1,14,67,6
3196594,0,234,0,40,2,10,2,1,43,38,6
3208696,0,234,0,40,3,7,2,1,31,59,6
3232747,0,234,0,40,2,1,2,1,9,53,6
3233686,0,234,0,40,3,1,2,1,9,54,6
3159768,0,234,0,40,3,20,2,1,117,56,6
3213137,0,234,0,40,3,5,2,1,31,40,6
3210627,0,234,0,40,2,5,2,1,31,33,6
3204992,0,234,0,40,3,8,2,1,30,37,6
3223568,0,234,0,40,3,5,2,1,15,34,6
3204777,0,234,0,40,3,5,2,1,46,43,6
3200962,0,234,0,40,3,6,2,1,50,79,6
3159707,0,234,0,40,2,11,2,1,68,29,6
3231954,0,234,0,40,2,2,2,1,10,21,6
3224581,0,234,0,40,3,3,2,1,19,30,6
3224550,0,234,0,40,3,4,2,1,17,55,6
3233334,0,234,0,40,2,1,2,1,8,23,6
3234377,0,234,0,40,3,1,2,1,8,21,6
3234856,0,234,0,40,3,1,2,1,8,66,6
3227435,0,234,0,40,2,2,2,1,10,27,6
3193802,0,234,0,40,3,6,2,1,51,47,6
3228222,0,234,0,40,2,2,2,1,10,31,6
3223435,0,234,0,40,2,4,2,1,13,32,6
3223154,0,234,0,40,2,3,2,1,14,57,6
3220248,0,234,0,40,2,3,2,1,25,55,6
3217456,0,234,0,40,2,5,2,1,16,39,6
3223036,0,234,0,40,2,2,2,1,24,33,6
3219990,0,234,0,40,3,3,2,1,23,69,6
3192752,1,234,151,40,2,7,2,1,55,74,6
3192916,0,234,0,40,2,8,2,1,55,31,6
3218550,0,234,0,40,3,3,2,1,31,48,6
3196810,0,234,0,40,2,9,2,1,43,44,6
3188883,0,234,0,40,2,9,2,1,49,43,6
3149919,0,234,0,40,2,13,2,1,79,50,6
3209404,0,234,0,40,3,6,2,1,35,42,6
3204542,0,234,0,40,2,7,2,1,40,56,6
3227595,0,234,0,40,2,3,2,1,15,37,6
3191989,0,234,0,40,3,9,2,1,43,54,6
3166018,1,234,138,40,2,17,2,1,91,42,6
3211755,0,234,0,40,2,6,2,1,34,22,6
3196571,0,234,0,40,2,9,2,1,52,43,6
3194905,0,234,0,40,3,10,2,1,51,48,6
3234769,0,234,0,40,3,1,2,1,7,48,6
3235246,0,234,0,40,2,1,2,1,7,58,6
3235422,0,234,0,40,2,1,2,1,7,12,6
3235608,0,234,0,40,3,1,2,1,7,40,6
3166502,0,234,0,40,3,17,2,1,78,9,6
3225117,0,234,0,40,2,3,2,1,11,27,6
3194803,0,234,0,40,3,7,2,1,56,39,6
3223912,0,234,0,40,3,4,2,1,10,113,6
3227250,0,234,0,40,3,2,2,1,12,28,6
3214032,0,234,0,40,2,3,2,1,36,24,6
3149850,0,234,0,40,2,15,2,1,106,26,6
3197227,0,234,0,40,2,8,2,1,49,20,6
3185121,0,234,0,40,3,11,2,1,45,27,6
3214544,0,234,0,40,2,5,2,1,30,35,6
3194646,0,234,0,40,2,8,2,1,47,54,6
3221307,0,234,0,40,2,3,2,1,14,64,6
3179685,1,234,186,14.0481,3,13,2,1,53,25,6
3232200,0,234,0,40,2,2,2,1,10,36,6
3221435,0,234,0,40,2,4,2,1,22,34,6
3199851,0,234,0,40,3,6,2,1,52,66,6
3233619,0,234,0,40,2,2,2,1,7,60,6
3202182,0,234,0,40,2,6,2,1,44,25,6
3215820,0,234,0,40,3,5,2,1,30,21,6
3200157,0,234,0,40,3,5,2,1,59,35,6
3232505,0,234,0,40,2,1,2,1,6,39,6
3234827,0,234,0,40,2,1,2,1,6,27,6
3235789,0,234,0,40,3,1,2,1,6,55,6
3236143,0,234,0,40,3,1,2,1,6,46,6
3208097,0,234,0,40,2,5,2,1,29,32,6
3206183,0,234,0,40,3,6,2,1,31,35,6
3181259,0,234,0,40,2,11,2,1,66,36,6
3231349,0,234,0,40,2,2,2,1,7,11,6
3227563,0,234,0,40,2,2,2,1,15,43,6
3217033,0,234,0,40,3,5,2,1,20,61,6
3218822,0,234,0,40,2,4,2,1,21,41,6
3171637,0,234,0,40,2,13,2,1,71,59,6
3211220,0,234,0,40,2,6,2,1,26,36,6
3202475,0,234,0,40,2,4,2,1,54,77,6
3205852,0,234,0,40,3,6,2,1,40,36,6
3213772,0,234,0,40,2,5,2,1,22,34,6
3209938,0,234,0,40,2,6,2,1,31,12,6
3229737,0,234,0,40,2,3,2,1,9,30,6
3178186,0,234,0,40,3,11,2,1,77,67,6
3198802,1,234,208,34.5596,2,7,2,1,52,40,6
3220174,0,234,0,40,3,4,2,1,20,34,6
3232277,0,234,0,40,3,2,2,1,7,17,6
3200648,0,234,0,40,2,9,2,1,43,17,6
3219839,0,234,0,40,2,4,2,1,29,37,6
3213384,0,234,0,40,2,6,2,1,30,38,6
3169375,0,234,0,40,3,16,2,1,79,48,6
3195064,0,234,0,40,3,6,2,1,56,44,6
3151462,0,234,0,40,3,13,2,1,68,88,6
3233795,0,234,0,40,3,2,2,1,8,75,6
3234579,0,234,0,40,2,1,2,1,5,65,6
3235704,0,234,0,40,3,1,2,1,5,69,6
3235848,0,234,0,40,2,1,2,1,5,24,6
3236176,0,234,0,40,2,1,2,1,5,37,6
3236257,0,234,0,40,3,1,2,1,5,69,6
3236437,0,234,0,40,2,1,2,1,5,24,6
3236575,0,234,0,40,3,1,2,1,5,62,6
3167243,1,234,143,38.3583,2,17,2,1,68,63,6
3201838,0,234,0,40,2,8,2,1,25,35,6
3213649,0,234,0,40,2,5,2,1,22,39,6
3195276,0,234,0,40,3,8,2,1,47,28,6
3221604,0,234,0,40,3,4,2,1,19,42,6
3170996,0,234,0,40,3,13,2,1,75,30,6
3176507,0,234,0,40,2,11,2,1,70,18,6
3221105,0,234,0,40,3,4,2,1,17,26,6
3214309,0,234,0,40,2,6,2,1,22,32,6
3229307,0,234,0,40,2,3,2,1,8,46,6
3227259,0,234,0,40,3,4,2,1,15,75,6
3214780,0,234,0,40,2,4,2,1,27,78,6
3176810,0,234,0,40,2,11,2,1,64,14,6
3225771,0,234,0,40,3,4,2,1,9,77,6
3194000,0,234,0,40,2,6,2,1,60,31,6
3227032,0,234,0,40,3,3,2,1,15,38,6
3223646,0,234,0,40,2,4,2,1,13,26,6
3160916,1,234,138,28.3736,3,15,2,1,69,15,6
3190690,0,234,0,40,2,9,2,1,48,30,6
3222577,0,234,0,40,2,3,2,1,25,44,6
3205533,0,234,0,40,3,6,2,1,28,23,6
3232168,0,234,0,40,2,2,2,1,10,59,6
3203726,0,234,0,40,3,6,2,1,47,33,6
3207888,0,234,0,40,3,8,2,1,24,40,6
3233738,0,234,0,40,3,2,2,1,6,41,6
3234800,0,234,0,40,2,2,2,1,5,42,6
3235038,0,234,0,40,3,2,2,1,5,38,6
3164131,0,234,0,40,2,16,2,1,103,70,6
3216323,0,234,0,40,2,6,2,1,25,27,6
3164073,0,234,0,40,3,13,2,1,107,44,6
3233734,0,234,0,40,3,2,2,1,8,16,6
3208544,0,234,0,40,3,7,2,1,35,27,6
3235746,0,234,0,40,3,1,2,1,4,13,6
3236322,0,234,0,40,2,1,2,1,4,27,6
3236514,0,234,0,40,2,1,2,1,4,31,6
3236666,0,234,0,40,3,1,2,1,4,60,6
3236836,0,234,0,40,3,1,2,1,4,59,6
3236948,0,234,0,40,2,1,2,1,4,49,6
3237092,0,234,0,40,2,1,2,1,4,54,6
3181950,0,234,0,40,3,8,2,1,59,26,6
3226190,0,234,0,40,2,3,2,1,6,42,6
3228257,0,234,0,40,2,2,2,1,11,22,6
3231850,0,234,0,40,3,2,2,1,4,68,6
3163924,0,234,0,40,2,13,2,1,107,33,6
3197401,0,234,0,40,2,6,2,1,51,24,6
3229607,0,234,0,40,2,2,2,1,11,21,6
3224516,0,234,0,40,3,3,2,1,14,32,6
3201709,0,234,0,40,2,6,2,1,44,84,6
3222839,0,234,0,40,3,4,2,1,10,33,6
3153095,0,234,0,40,2,17,2,1,86,58,6
3210896,0,234,0,40,2,6,2,1,25,84,6
3217433,0,234,0,40,2,4,2,1,19,61,6
3225687,0,234,0,40,3,3,2,1,14,48,6
3232781,0,234,0,40,3,2,2,1,5,17,6
3212154,0,234,0,40,3,4,2,1,34,47,6
3202258,0,234,0,40,3,5,2,1,39,64,6
3198251,0,234,0,40,2,10,2,1,39,26,6
3226350,0,234,0,40,3,4,2,1,13,33,6
3218810,0,234,0,40,3,3,2,1,23,39,6
3205330,0,234,0,40,2,7,2,1,23,34,6
3180882,0,234,0,40,3,11,2,1,58,32,6
3207270,0,234,0,40,3,6,2,1,37,20,6
3212314,0,234,0,40,3,7,2,1,26,54,6
3179028,0,234,0,40,2,13,2,1,61,15,6
3230295,0,234,0,40,2,3,2,1,11,30,6
3225974,0,234,0,40,3,3,2,1,17,42,6
3223991,0,234,0,40,2,4,2,1,19,52,6
3196136,0,234,0,40,3,6,2,1,55,94,6
3198375,0,234,0,40,3,8,2,1,46,22,6
3201865,0,234,0,40,2,9,2,1,34,24,6
3227843,0,234,0,40,2,2,2,1,15,49,6
3211815,0,234,0,40,3,7,2,1,28,45,6
3229873,0,234,0,40,2,3,2,1,13,99,6
3200695,0,234,0,40,3,8,2,1,46,33,6
3230343,0,234,0,40,3,3,2,1,8,55,6
3217765,0,234,0,40,2,4,2,1,29,48,6
3154492,0,234,0,40,2,12,2,1,76,37,6
3199405,0,234,0,40,3,10,2,1,45,32,6
3229322,0,234,0,40,2,3,2,1,9,45,6
3173334,0,234,0,40,2,13,2,1,79,95,6
3234891,0,234,0,40,3,2,2,1,4,50,6
3190428,1,234,155,35.7904,3,11,2,1,47,55,6
3231931,0,234,0,40,2,4,2,1,6,55,6
3235394,0,234,0,40,2,3,2,1,5,91,6
3236192,0,234,0,40,3,1,2,1,3,37,6
3236737,0,234,0,40,3,1,2,1,3,63,6
3237145,0,234,0,40,2,1,2,1,3,38,6
3237360,0,234,0,40,3,1,2,1,3,43,6
3237494,0,234,0,40,3,1,2,1,3,46,6
3237664,0,234,0,40,3,1,2,1,3,21,6
3188077,0,234,0,40,2,8,2,1,61,53,6
3191717,0,234,0,40,3,7,2,1,57,21,6
3215690,0,234,0,40,3,3,2,1,37,23,6
3181970,1,234,128,16.7737,3,9,2,1,78,44,6
3164190,0,234,0,40,3,10,2,1,104,50,6
3196477,0,234,0,40,2,7,2,1,48,24,6
3179510,0,234,0,40,2,8,2,1,72,37,6
3206458,0,234,0,40,3,3,2,1,43,44,6
3227228,0,234,0,40,3,1,2,1,22,86,6
3209336,0,234,0,40,2,3,2,1,39,49,6
3212943,0,234,0,40,3,3,2,1,36,48,6
3221702,0,234,0,40,2,2,2,1,29,36,6
3217569,0,234,0,40,3,3,2,1,28,42,6
3192007,1,234,152,26.2264,3,7,2,1,73,24,6
3229579,0,234,0,40,2,1,2,1,19,49,6
3186554,0,234,0,40,3,7,2,1,68,53,6
3177850,0,234,0,40,2,11,2,1,73,63,6
3229127,0,234,0,40,3,1,2,1,18,49,6
3229989,0,234,0,40,3,1,2,1,18,55,6
3224289,0,234,0,40,2,2,2,1,21,87,6
3219553,0,234,0,40,3,3,2,1,25,26,6
3230800,0,234,0,40,2,1,2,1,17,80,6
3200901,0,234,0,40,3,6,2,1,53,17,6
3186609,0,234,0,40,2,9,2,1,57,48,6
3219242,0,234,0,40,2,4,2,1,23,21,6
3157469,0,234,0,40,3,16,2,1,97,27,6
3228803,0,234,0,40,3,1,2,1,16,32,6
3231117,0,234,0,40,3,1,2,1,16,47,6
3226050,0,234,0,40,2,2,2,1,18,21,6
3185286,0,234,0,40,2,9,2,1,59,43,6
3173171,0,234,0,40,2,14,2,1,69,75,6
3214474,0,234,0,40,3,2,2,1,41,64,6
3231811,0,234,0,40,2,1,2,1,15,19,6
3171243,0,234,0,40,3,10,2,1,90,59,6
3223330,0,234,0,40,2,2,2,1,21,24,6
3187215,0,234,0,40,3,5,2,1,76,24,6
3213283,0,234,0,40,3,5,2,1,26,22,6
3228485,0,234,0,40,3,2,2,1,17,66,6
3186317,1,234,136,31.8519,3,8,2,1,59,25,6
3229119,0,234,0,40,3,2,2,1,16,44,6
3231074,0,234,0,40,3,1,2,1,14,8,6
3195672,0,234,0,40,2,8,2,1,51,58,6
3199654,0,234,0,40,2,7,2,1,43,41,6
3210859,0,234,0,40,2,5,2,1,34,35,6
3221116,0,234,0,40,3,4,2,1,20,42,6
3218574,0,234,0,40,3,2,2,1,35,42,6
3150458,0,234,0,40,3,18,2,1,83,21,6
3222617,0,234,0,40,2,5,2,1,19,36,6
3221803,0,234,0,40,3,4,2,1,30,27,6
3232127,0,234,0,40,3,1,2,1,13,61,6
3226622,0,234,0,40,2,2,2,1,13,44,6
3227616,0,234,0,40,2,2,2,1,15,35,6
3224530,0,234,0,40,3,2,2,1,22,33,6
3227521,0,234,0,40,3,2,2,1,18,31,6
3182995,0,234,0,40,2,11,2,1,64,50,6
3224420,0,234,0,40,3,3,2,1,24,19,6
3217680,0,234,0,40,2,3,2,1,29,83,6
3231820,0,234,0,40,2,1,2,1,12,36,6
3233537,0,234,0,40,2,1,2,1,12,44,6
3228620,0,234,0,40,3,2,2,1,13,15,6
3211749,0,234,0,40,3,5,2,1,34,32,6
3222674,0,234,0,40,2,3,2,1,15,74,6
3228078,0,234,0,40,2,2,2,1,18,72,6
3222940,0,234,0,40,3,3,2,1,22,47,6
3189774,0,234,0,40,3,10,2,1,49,27,6
3224087,0,234,0,40,3,3,2,1,24,36,6
3217843,0,234,0,40,2,5,2,1,22,47,6
3231543,0,234,0,40,2,2,2,1,15,49,6
3232145,0,234,0,40,3,1,2,1,11,65,6
3233516,0,234,0,40,2,1,2,1,11,38,6
3219843,0,234,0,40,3,3,2,1,24,71,6
3220522,0,234,0,40,3,3,2,1,21,73,6
3218102,0,234,0,40,3,3,2,1,21,42,6
3219013,0,234,0,40,2,3,2,1,20,29,6
3213085,0,234,0,40,3,5,2,1,23,37,6
3202468,0,234,0,40,2,9,2,1,27,36,6
3192197,0,234,0,40,2,8,2,1,53,32,6
3213281,0,234,0,40,2,5,2,1,29,32,6
3171536,0,234,0,40,2,12,2,1,84,18,6
3206438,0,234,0,40,2,4,2,1,41,38,6
3206953,0,234,0,40,2,6,2,1,47,47,6
3222441,0,234,0,40,2,3,2,1,26,41,6
3224098,0,234,0,40,2,3,2,1,18,40,6
3195918,0,234,0,40,3,9,2,1,43,58,6
3215508,0,234,0,40,2,5,2,1,24,47,6
3192132,0,234,0,40,2,9,2,1,49,52,6
3233690,0,234,0,40,2,1,2,1,10,76,6
3234192,0,234,0,40,3,1,2,1,10,44,6
3234554,0,234,0,40,3,1,2,1,10,37,6
3205868,0,234,0,40,2,6,2,1,38,23,6
3154197,0,234,0,40,2,8,2,1,103,72,6
3192353,0,234,0,40,2,8,2,1,45,34,6
3211150,0,234,0,40,2,3,2,1,40,33,6
3212038,0,234,0,40,2,6,2,1,26,50,6
3215600,0,234,0,40,3,3,2,1,38,73,6
3203081,0,234,0,40,3,4,2,1,45,13,6
3230062,0,234,0,40,3,2,2,1,13,15,6
3225442,0,234,0,40,3,3,2,1,17,83,6
3220377,0,234,0,40,2,4,2,1,19,35,6
3215576,0,234,0,40,2,4,2,1,28,68,6
3192284,0,234,0,40,3,12,2,1,51,31,6
3224763,0,234,0,40,3,3,2,1,22,14,6
3205229,0,234,0,40,2,7,2,1,39,44,6
3228052,0,234,0,40,3,3,2,1,17,39,6
3189544,1,234,148,27.537,3,11,2,1,47,24,6
3234285,0,234,0,40,2,1,2,1,9,32,6
3234692,0,234,0,40,2,1,2,1,9,44,6
3234976,0,234,0,40,3,1,2,1,9,62,6
3207230,0,234,0,40,2,4,2,1,37,37,6
3182113,0,234,0,40,2,11,2,1,63,46,6
3221848,0,234,0,40,2,2,2,1,25,64,6
3227466,0,234,0,40,3,2,2,1,12,39,6
3172836,0,234,0,40,3,7,2,1,94,44,6
3230226,0,234,0,40,2,2,2,1,11,15,6
3227496,0,234,0,40,3,3,2,1,13,37,6
3221700,0,234,0,40,3,2,2,1,27,42,6
3219309,0,234,0,40,2,4,2,1,24,61,6
3195252,0,234,0,40,3,8,2,1,41,141,6
3221417,0,234,0,40,2,4,2,1,22,65,6
3230443,0,234,0,40,2,2,2,1,12,18,6
3232516,0,234,0,40,2,2,2,1,10,20,6
3230254,0,234,0,40,2,2,2,1,14,39,6
3189223,0,234,0,40,3,9,2,1,54,15,6
3191379,0,234,0,40,2,9,2,1,56,56,6
3180558,0,234,0,40,2,9,2,1,77,91,6
3163731,0,234,0,40,3,16,2,1,91,70,6
3222096,0,234,0,40,2,4,2,1,19,66,6
3235230,0,234,0,40,2,1,2,1,8,44,6
3235416,0,234,0,40,3,1,2,1,8,84,6
3235574,0,234,0,40,2,1,2,1,8,39,6
3220880,0,234,0,40,2,4,2,1,15,31,6
3198404,0,234,0,40,2,7,2,1,28,70,6
3197521,0,234,0,40,3,8,2,1,34,13,6
3159028,0,234,0,40,2,13,2,1,70,28,6
3176440,0,234,0,40,3,9,2,1,88,53,6
3154331,0,234,0,40,2,12,2,1,100,65,6
3224046,0,234,0,40,3,3,2,1,19,56,6
3205562,0,234,0,40,3,6,2,1,43,32,6
3203414,0,234,0,40,3,6,2,1,40,50,6
3227929,0,234,0,40,2,2,2,1,16,40,6
3217839,0,234,0,40,2,6,2,1,16,10,6
3212995,0,234,0,40,2,4,2,1,28,16,6
3210736,0,234,0,40,3,6,2,1,34,63,6
3214937,0,234,0,40,2,5,2,1,32,29,6
3222105,0,234,0,40,3,5,2,1,16,28,6
3210657,0,234,0,40,2,5,2,1,36,47,6
3211079,0,234,0,40,2,6,2,1,32,51,6
3175709,0,234,0,40,3,10,2,1,83,11,6
3219882,0,234,0,40,2,3,2,1,28,25,6
3185223,0,234,0,40,2,8,2,1,60,45,6
3219403,0,234,0,40,2,4,2,1,27,43,6
3201762,0,234,0,40,2,7,2,1,41,50,6
3218078,0,234,0,40,3,7,2,1,20,24,6
3234819,0,234,0,40,3,1,2,1,7,47,6
3235287,0,234,0,40,2,1,2,1,7,52,6
3235941,0,234,0,40,2,1,2,1,7,38,6
3191872,0,234,0,40,3,8,2,1,41,53,6
3209968,0,234,0,40,3,5,2,1,34,48,6
3230204,0,234,0,40,2,2,2,1,8,34,6
3206416,0,234,0,40,2,8,2,1,30,38,6
3230409,0,234,0,40,2,2,2,1,7,28,6
3217536,0,234,0,40,3,4,2,1,24,36,6
3224996,0,234,0,40,2,3,2,1,17,24,6
3196026,0,234,0,40,2,9,2,1,33,46,6
3227902,0,234,0,40,3,4,2,1,13,40,6
3195930,0,234,0,40,2,8,2,1,44,20,6
3216851,0,234,0,40,2,6,2,1,21,25,6
3184887,0,234,0,40,3,12,2,1,54,43,6
3207156,0,234,0,40,3,5,2,1,38,19,6
3218483,0,234,0,40,2,4,2,1,27,19,6
3170174,0,234,0,40,2,13,2,1,83,12,6
3232881,0,234,0,40,3,2,2,1,8,23,6
3166194,0,234,0,40,2,16,2,1,81,20,6
3201637,0,234,0,40,2,7,2,1,33,45,6
3196319,0,234,0,40,3,9,2,1,34,25,6
3216111,0,234,0,40,2,4,2,1,29,62,6
3153557,0,234,0,40,3,15,2,1,92,51,6
3207808,0,234,0,40,2,6,2,1,25,32,6
3163002,0,234,0,40,2,15,2,1,105,14,6
3199732,0,234,0,40,3,8,2,1,53,41,6
3227443,0,234,0,40,2,3,2,1,12,50,6
3233210,0,234,0,40,3,2,2,1,9,35,6
3226278,0,234,0,40,3,4,2,1,14,74,6
3216151,0,234,0,40,3,6,2,1,34,45,6
3235633,0,234,0,40,3,1,2,1,6,38,6
3235948,0,234,0,40,2,1,2,1,6,24,6
3236305,0,234,0,40,2,1,2,1,6,48,6
3205188,0,234,0,40,3,6,2,1,29,41,6
3211241,0,234,0,40,3,8,2,1,19,60,6
3198558,0,234,0,40,3,7,2,1,43,20,6
3227692,0,234,0,40,2,2,2,1,14,97,6
3197882,0,234,0,40,2,6,2,1,42,37,6
3189415,0,234,0,40,2,8,2,1,60,47,6
3206515,0,234,0,40,3,6,2,1,37,48,6
3212100,0,234,0,40,3,6,2,1,32,52,6
3214938,0,234,0,40,3,4,2,1,25,74,6
3197152,0,234,0,40,2,7,2,1,41,28,6
3208652,0,234,0,40,3,5,2,1,30,73,6
3203032,0,234,0,40,3,3,2,1,52,31,6
3221887,0,234,0,40,3,4,2,1,21,58,6
3228097,0,234,0,40,3,3,2,1,9,11,6
3214222,0,234,0,40,2,5,2,1,22,69,6
3215336,0,234,0,40,2,4,2,1,29,51,6
3157564,0,234,0,40,3,13,2,1,85,46,6
3185162,0,234,0,40,3,12,2,1,57,30,6
3195227,0,234,0,40,2,11,2,1,42,48,6
3189438,0,234,0,40,2,8,2,1,70,38,6
3202424,0,234,0,40,2,8,2,1,29,43,6
3209251,0,234,0,40,3,8,2,1,28,42,6
3203498,0,234,0,40,3,7,2,1,30,26,6
3200869,0,234,0,40,2,6,2,1,45,30,6
3158737,0,234,0,40,2,15,2,1,87,56,6
3228017,0,234,0,40,2,3,2,1,14,59,6
3204932,0,234,0,40,2,8,2,1,26,66,6
3219241,0,234,0,40,2,4,2,1,18,18,6
3172401,0,234,0,40,3,12,2,1,72,23,6
3150281,0,234,0,40,3,19,2,1,91,41,6
3196047,0,234,0,40,3,7,2,1,51,45,6
3204907,0,234,0,40,3,8,2,1,34,30,6
3220433,0,234,0,40,3,5,2,1,21,37,6
3185743,0,234,0,40,2,10,2,1,69,21,6
3221204,0,234,0,40,2,3,2,1,28,18,6
3197248,0,234,0,40,2,7,2,1,55,41,6
3229964,0,234,0,40,2,3,2,1,9,29,6
3208588,0,234,0,40,3,7,2,1,25,37,6
3234655,0,234,0,40,3,1,2,1,5,41,6
3235826,0,234,0,40,2,1,2,1,5,55,6
3236138,0,234,0,40,2,1,2,1,5,60,6
3236198,0,234,0,40,2,1,2,1,5,35,6
3236598,0,234,0,40,2,1,2,1,5,35,6
3236770,0,234,0,40,2,1,2,1,5,29,6
3236868,0,234,0,40,2,1,2,1,5,54,6
3236972,0,234,0,40,2,1,2,1,5,52,6
3237122,0,234,0,40,3,1,2,1,5,58,6
3150930,1,234,138,40,2,10,2,1,69,55,6
3225365,0,234,0,40,3,3,2,1,13,21,6
3224739,0,234,0,40,2,4,2,1,11,48,6
3173269,1,234,151,28.8114,3,14,2,1,71,54,6
3169082,0,234,0,40,2,10,2,1,102,56,6
3177970,0,234,0,40,3,10,2,1,66,86,6
3197010,0,234,0,40,2,8,2,1,38,64,6
3165998,0,234,0,40,3,17,2,1,93,59,6
3232500,0,234,0,40,3,2,2,1,7,35,6
3201589,0,234,0,40,3,8,2,1,32,53,6
3213774,0,234,0,40,3,4,2,1,31,31,6
3218416,0,234,0,40,2,4,2,1,16,104,6
3225926,0,234,0,40,3,3,2,1,17,61,6
3231008,0,234,0,40,2,2,2,1,9,21,6
3224430,0,234,0,40,3,4,2,1,14,39,6
3233084,0,234,0,40,2,2,2,1,7,15,6
3221507,0,234,0,40,2,3,2,1,28,42,6
3226520,0,234,0,40,2,3,2,1,12,32,6
3217086,0,234,0,40,2,6,2,1,26,38,6
3178920,0,234,0,40,2,11,2,1,67,43,6
3232962,0,234,0,40,2,2,2,1,8,24,6
3215664,0,234,0,40,2,5,2,1,21,28,6
3164284,0,234,0,40,3,16,2,1,86,31,6
3151096,0,234,0,40,2,13,2,1,66,40,6
3229305,0,234,0,40,3,2,2,1,15,47,6
3168381,0,234,0,40,3,13,2,1,95,76,6
3194356,0,234,0,40,2,8,2,1,45,73,6
3230886,0,234,0,40,2,2,2,1,8,59,6
3225432,0,234,0,40,2,4,2,1,11,40,6
3165637,0,234,0,40,3,15,2,1,98,49,6
3211306,0,234,0,40,2,5,2,1,33,46,6
3228018,0,234,0,40,2,3,2,1,12,52,6
3192834,0,234,0,40,3,8,2,1,51,52,6
3229771,0,234,0,40,2,3,2,1,14,43,6
3227141,0,234,0,40,3,4,2,1,11,22,6
3207857,0,234,0,40,2,7,2,1,41,63,6
3149857,0,234,0,40,3,10,2,1,69,82,6
3229810,0,234,0,40,2,3,2,1,10,47,6
3221108,0,234,0,40,2,5,2,1,16,38,6
3233112,0,234,0,40,2,3,2,1,6,33,6
3171778,0,234,0,40,2,10,2,1,100,14,6
3201389,0,234,0,40,2,7,2,1,50,45,6
3155306,0,234,0,40,3,18,2,1,127,21,6
3234921,0,234,0,40,2,2,2,1,6,33,6
3218919,0,234,0,40,2,5,2,1,25,38,6
3167870,0,234,0,40,3,16,2,1,88,50,6
3234824,0,234,0,40,3,2,2,1,8,61,6
3175859,0,234,0,40,2,11,2,1,73,34,6
3159232,0,234,0,40,2,15,2,1,87,65,6
3235726,0,234,0,40,2,1,2,1,4,27,6
3236224,0,234,0,40,2,1,2,1,4,69,6
3236480,0,234,0,40,3,1,2,1,4,45,6
3236937,0,234,0,40,2,1,2,1,4,36,6
3237161,0,234,0,40,2,1,2,1,4,44,6
3237306,0,234,0,40,2,1,2,1,4,56,6
3237520,0,234,0,40,3,1,2,1,4,25,6
3237536,0,234,0,40,2,1,2,1,4,44,6
3237634,0,234,0,40,2,1,2,1,4,27,6
3237660,0,234,0,40,2,1,2,1,4,48,6
3206401,0,234,0,40,3,8,2,1,23,29,6
3181955,0,234,0,40,2,12,2,1,65,45,6
3225198,0,234,0,40,2,2,2,1,17,48,6
3225323,0,234,0,40,3,3,2,1,16,45,6
3228885,0,234,0,40,2,2,2,1,11,28,6
3204679,0,234,0,40,3,7,2,1,34,32,6
3198421,0,234,0,40,2,7,2,1,44,70,6
3206969,0,234,0,40,3,3,2,1,46,33,6
3216625,0,234,0,40,3,5,2,1,22,32,6
3175172,0,234,0,40,2,13,2,1,62,96,6
3221033,0,234,0,40,2,5,2,1,18,30,6
3212174,0,234,0,40,3,6,2,1,16,34,6
3215843,0,234,0,40,2,5,2,1,29,12,6
3228437,0,234,0,40,2,2,2,1,15,35,6
3217805,0,234,0,40,3,4,2,1,22,79,6
3228160,0,234,0,40,2,3,2,1,12,42,6
3189918,0,234,0,40,2,10,2,1,38,24,6
3167227,1,234,133,40,2,16,2,1,89,70,6
3205766,0,234,0,40,3,7,2,1,38,41,6
3177921,1,234,120,26.303,3,10,2,1,67,32,6
3229198,0,234,0,40,3,2,2,1,15,72,6
3192182,0,234,0,40,3,9,2,1,41,26,6
3216477,1,234,223,30.2235,2,4,2,1,31,99,6
3209588,0,234,0,40,3,6,2,1,28,55,6
3168782,0,234,0,40,2,12,2,1,97,62,6
3185888,0,234,0,40,3,10,2,1,69,43,6
3225053,0,234,0,40,2,3,2,1,13,58,6
3186914,1,234,148,40,2,10,2,1,48,46,6
3222762,0,234,0,40,3,3,2,1,22,28,6
3176713,0,234,0,40,2,11,2,1,76,69,6
3231661,0,234,0,40,2,2,2,1,11,62,6
3229953,0,234,0,40,3,3,2,1,10,40,6
3225731,1,234,216,22.0585,3,4,2,1,15,70,6
3184127,0,234,0,40,2,10,2,1,49,34,6
3229671,0,234,0,40,3,3,2,1,7,39,6
3158869,0,234,0,40,2,13,2,1,52,30,6
3217210,0,234,0,40,3,6,2,1,19,20,6
3158186,0,234,0,40,2,12,2,1,90,61,6
3215777,0,234,0,40,3,5,2,1,24,22,6
3224968,0,234,0,40,2,3,2,1,18,32,6
3203721,0,234,0,40,3,6,2,1,37,27,6
3225729,0,234,0,40,3,4,2,1,14,14,6
3207441,0,234,0,40,3,7,2,1,38,20,6
3233526,0,234,0,40,2,2,2,1,6,53,6
3212998,0,234,0,40,2,5,2,1,36,42,6
3163118,0,234,0,40,3,19,2,1,81,54,6
3194929,0,234,0,40,3,11,2,1,46,77,6
3194960,0,234,0,40,3,10,2,1,41,52,6
3209232,0,234,0,40,3,6,2,1,37,11,6
3220315,0,234,0,40,2,5,2,1,25,35,6
3163408,0,234,0,40,2,14,2,1,82,79,6
3216516,0,234,0,40,3,6,2,1,23,24,6
3212916,0,234,0,40,2,7,2,1,27,35,6
3233921,0,234,0,40,2,3,2,1,7,44,6
3229218,0,234,0,40,2,4,2,1,6,44,6
3211910,0,234,0,40,2,7,2,1,23,71,6
3235734,0,234,0,40,2,1,2,1,3,47,6
3237213,0,234,0,40,2,1,2,1,3,31,6
3237509,0,234,0,40,2,1,2,1,3,33,6
3237805,0,234,0,40,2,1,2,1,3,17,6
3237877,0,234,0,40,2,1,2,1,3,34,6
3237937,0,234,0,40,3,1,2,1,3,96,6
3238005,0,234,0,40,3,1,2,1,3,37,6
3238109,0,234,0,40,2,1,2,1,3,31,6
3188552,0,234,0,40,3,7,2,1,70,10,6
3201392,0,234,0,40,2,6,2,1,51,42,6
3212933,0,234,0,40,3,2,2,1,45,29,6
3195747,0,234,0,40,3,8,2,1,49,40,6
3193696,0,234,0,40,2,7,2,1,57,38,6
3226367,0,234,0,40,3,1,2,1,26,53,6
3209000,0,234,0,40,3,3,2,1,51,27,6
3211718,0,234,0,40,2,5,2,1,35,46,6
3219108,0,234,0,40,3,3,2,1,29,45,6
3203694,0,234,0,40,3,6,2,1,54,40,6
3216372,0,234,0,40,3,2,2,1,35,87,6
3228317,0,234,0,40,3,1,2,1,22,35,6
3228492,0,234,0,40,2,1,2,1,21,47,6
3171033,0,234,0,40,3,12,2,1,79,65,6
3221735,0,234,0,40,2,3,2,1,22,27,6
3225293,0,234,0,40,2,2,2,1,23,16,6
3226402,0,234,0,40,3,2,2,1,20,44,6
3178579,0,234,0,40,3,8,2,1,69,67,6
3214354,0,234,0,40,2,4,2,1,30,63,6
3181850,0,234,0,40,2,11,2,1,71,42,6
3224272,0,234,0,40,3,2,2,1,19,31,6
3199484,0,234,0,40,2,6,2,1,43,47,6
3189311,0,234,0,40,3,9,2,1,55,35,6
3213591,0,234,0,40,3,5,2,1,31,30,6
3200729,0,234,0,40,3,7,2,1,50,69,6
3226807,0,234,0,40,3,3,2,1,23,23,6
3230989,0,234,0,40,3,1,2,1,17,42,6
3180173,0,234,0,40,2,8,2,1,78,36,6
3187658,1,234,172,23.2517,3,10,2,1,52,64,6
3199481,0,234,0,40,3,7,2,1,46,45,6
3228701,0,234,0,40,2,2,2,1,18,40,6
3221948,0,234,0,40,3,4,2,1,21,84,6
3174178,0,234,0,40,3,9,2,1,93,42,6
3205594,0,234,0,40,3,4,2,1,49,45,6
3227627,0,234,0,40,2,2,2,1,17,25,6
3176490,0,234,0,40,2,11,2,1,67,48,6
3225394,0,234,0,40,3,2,2,1,23,16,6
3228144,0,234,0,40,3,3,2,1,17,64,6
3213471,0,234,0,40,2,4,2,1,38,38,6
3202374,0,234,0,40,3,5,2,1,46,29,6
3232434,0,234,0,40,2,1,2,1,15,19,6
3156347,0,234,0,40,3,13,2,1,93,10,6
3222410,0,234,0,40,2,3,2,1,21,66,6
3225006,0,234,0,40,2,3,2,1,19,23,6
3211429,0,234,0,40,3,4,2,1,41,32,6
3174785,0,234,0,40,3,12,2,1,70,68,6
3229529,0,234,0,40,3,2,2,1,16,33,6
3195807,0,234,0,40,2,7,2,1,63,37,6
3227488,0,234,0,40,3,3,2,1,18,23,6
3197971,0,234,0,40,2,11,2,1,54,76,6
3207779,0,234,0,40,2,5,2,1,34,80,6
3217408,0,234,0,40,2,4,2,1,23,37,6
3210512,0,234,0,40,2,6,2,1,30,27,6
3223979,0,234,0,40,2,2,2,1,26,46,6
3211346,0,234,0,40,3,4,2,1,41,89,6
3208775,0,234,0,40,3,4,2,1,44,81,6
3217550,0,234,0,40,2,4,2,1,28,31,6
3224946,0,234,0,40,2,3,2,1,19,42,6
3195510,0,234,0,40,2,8,2,1,46,59,6
3230705,0,234,0,40,3,1,2,1,13,50,6
3192793,0,234,0,40,3,8,2,1,60,37,6
3223414,0,234,0,40,3,3,2,1,19,45,6
3226897,0,234,0,40,2,2,2,1,18,19,6
3190391,0,234,0,40,2,8,2,1,46,36,6
3209519,0,234,0,40,2,6,2,1,33,89,6
3157573,0,234,0,40,2,9,2,1,110,32,6
3172859,1,234,149,30.6622,3,15,2,1,80,23,6
3183920,0,234,0,40,2,10,2,1,62,30,6
3198444,0,234,0,40,2,8,2,1,39,97,6
3232663,0,234,0,40,2,1,2,1,12,27,6
3233867,0,234,0,40,2,1,2,1,12,41,6
3156643,0,234,0,40,3,13,2,1,100,20,6
3184416,0,234,0,40,2,9,2,1,60,79,6
3199822,0,234,0,40,2,6,2,1,50,23,6
3223211,0,234,0,40,3,3,2,1,23,23,6
3153282,0,234,0,40,2,12,2,1,63,14,6
3231921,0,234,0,40,3,2,2,1,12,103,6
3183648,0,234,0,40,3,8,2,1,74,41,6
3198440,0,234,0,40,3,8,2,1,46,55,6
3165297,0,234,0,40,3,13,2,1,102,26,6
3211591,0,234,0,40,3,6,2,1,35,40,6
3232081,0,234,0,40,2,1,2,1,11,58,6
3234404,0,234,0,40,3,1,2,1,11,53,6
3207160,0,234,0,40,2,4,2,1,35,20,6
3210895,0,234,0,40,3,5,2,1,29,97,6
3157853,1,234,206,37.1765,2,14,2,1,77,54,6
3224331,0,234,0,40,3,3,2,1,19,21,6
3201337,0,234,0,40,2,8,2,1,46,47,6
3151318,0,234,0,40,3,12,2,1,96,22,6
3159817,0,234,0,40,3,9,2,1,83,19,6
3192068,0,234,0,40,3,7,2,1,63,41,6
3157976,0,234,0,40,2,18,2,1,98,57,6
3197321,0,234,0,40,3,7,2,1,38,78,6
3219394,0,234,0,40,3,4,2,1,22,50,6
3219596,0,234,0,40,2,3,2,1,27,46,6
3210247,0,234,0,40,3,5,2,1,33,26,6
3231682,0,234,0,40,3,2,2,1,13,35,6
3174305,0,234,0,40,2,14,2,1,80,21,6
3225770,0,234,0,40,3,3,2,1,20,23,6
3210336,0,234,0,40,2,5,2,1,46,40,6
3234684,0,234,0,40,3,1,2,1,10,49,6
3234850,0,234,0,40,2,1,2,1,10,40,6
3182408,0,234,0,40,3,7,2,1,67,30,6
3180982,0,234,0,40,3,10,2,1,70,126,6
3225900,0,234,0,40,2,2,2,1,19,70,6
3227158,0,234,0,40,2,2,2,1,14,21,6
3223072,0,234,0,40,2,4,2,1,15,27,6
3193571,0,234,0,40,2,9,2,1,49,28,6
3175510,0,234,0,40,2,13,2,1,80,25,6
3185492,0,234,0,40,2,9,2,1,57,90,6
3206484,0,234,0,40,3,7,2,1,27,43,6
3221157,0,234,0,40,2,3,2,1,26,41,6
3191987,0,234,0,40,3,10,2,1,47,56,6
3200852,1,234,213,40,2,9,2,1,46,50,6
3221474,0,234,0,40,2,3,2,1,28,62,6
3192447,0,234,0,40,3,7,2,1,58,55,6
3225795,0,234,0,40,2,3,2,1,15,24,6
3207947,0,234,0,40,3,5,2,1,44,83,6
3196022,0,234,0,40,2,9,2,1,49,66,6
3151936,0,234,0,40,3,13,2,1,98,73,6
3230446,0,234,0,40,2,3,2,1,14,42,6
3233390,0,234,0,40,3,1,2,1,9,27,6
3235013,0,234,0,40,2,1,2,1,9,31,6
3235366,0,234,0,40,2,1,2,1,9,29,6
3235470,0,234,0,40,3,1,2,1,9,57,6
3235676,0,234,0,40,2,1,2,1,9,56,6
3228076,0,234,0,40,3,2,2,1,14,20,6
3196083,0,234,0,40,3,8,2,1,46,68,6
3197669,0,234,0,40,2,7,2,1,46,31,6
3167945,1,234,117,40,2,16,2,1,78,24,6
3186808,0,234,0,40,3,11,2,1,53,19,6
3226544,0,234,0,40,2,3,2,1,14,54,6
3194904,1,234,218,26.4744,3,7,2,1,50,39,6
3191577,0,234,0,40,3,10,2,1,50,51,6
3195015,0,234,0,40,3,7,2,1,48,76,6
3185057,0,234,0,40,3,11,2,1,57,14,6
3225911,0,234,0,40,3,3,2,1,19,46,6
3154370,0,234,0,40,3,10,2,1,85,33,6
3174446,0,234,0,40,3,10,2,1,77,28,6
3201034,0,234,0,40,2,8,2,1,33,37,6
3233036,0,234,0,40,2,2,2,1,9,20,6
3226516,0,234,0,40,2,2,2,1,19,50,6
3218961,0,234,0,40,3,5,2,1,20,84,6
3220590,0,234,0,40,3,4,2,1,24,35,6
3206474,0,234,0,40,2,7,2,1,40,34,6
3224643,0,234,0,40,2,3,2,1,21,17,6
3230333,0,234,0,40,3,2,2,1,13,25,6
3151979,0,234,0,40,2,11,2,1,87,44,6
3231793,0,234,0,40,2,3,2,1,12,40,6
3205060,0,234,0,40,2,6,2,1,45,69,6
3197012,0,234,0,40,2,10,2,1,39,78,6
3228937,0,234,0,40,3,3,2,1,14,73,6
3221969,0,234,0,40,3,4,2,1,26,26,6
3222008,0,234,0,40,2,3,2,1,25,37,6
3227609,0,234,0,40,2,4,2,1,15,21,6
3235255,0,234,0,40,2,1,2,1,8,12,6
3235671,0,234,0,40,2,1,2,1,8,52,6
3235993,0,234,0,40,3,1,2,1,8,44,6
3193541,0,234,0,40,2,7,2,1,51,29,6
3221115,1,234,230,29.3806,3,3,2,1,18,5,6
3222775,0,234,0,40,3,5,2,1,14,32,6
3202363,0,234,0,40,3,7,2,1,38,86,6
3208898,0,234,0,40,3,5,2,1,40,62,6
3198673,0,234,0,40,3,8,2,1,46,33,6
3224793,0,234,0,40,2,3,2,1,19,18,6
3200092,0,234,0,40,2,7,2,1,37,18,6
3175098,0,234,0,40,2,13,2,1,67,50,6
3218511,0,234,0,40,3,4,2,1,20,49,6
3187189,0,234,0,40,3,7,2,1,69,26,6
3185596,0,234,0,40,3,10,2,1,68,28,6
3216796,0,234,0,40,2,5,2,1,25,65,6
3205401,0,234,0,40,2,7,2,1,42,53,6
3213908,0,234,0,40,3,6,2,1,28,57,6
3221226,0,234,0,40,3,4,2,1,22,29,6
3231910,0,234,0,40,3,2,2,1,10,43,6
3203271,0,234,0,40,2,7,2,1,48,20,6
3191479,0,234,0,40,3,8,2,1,44,63,6
3207795,0,234,0,40,3,3,2,1,50,60,6
3231284,0,234,0,40,3,2,2,1,12,51,6
3227885,0,234,0,40,3,3,2,1,12,18,6
3171165,0,234,0,40,3,15,2,1,86,27,6
3210045,0,234,0,40,3,6,2,1,28,55,6
3151933,0,234,0,40,2,14,2,1,119,32,6
3207049,0,234,0,40,2,7,2,1,34,48,6
3228298,0,234,0,40,3,2,2,1,12,33,6
3226532,0,234,0,40,2,3,2,1,18,26,6
3233239,0,234,0,40,3,2,2,1,10,48,6
3233991,0,234,0,40,2,2,2,1,9,40,6
3228863,0,234,0,40,3,3,2,1,12,45,6
3195828,0,234,0,40,3,5,2,1,54,65,6
3230450,0,234,0,40,3,2,2,1,16,75,6
3231890,0,234,0,40,2,2,2,1,13,26,6
3210891,0,234,0,40,2,5,2,1,33,47,6
3234592,0,234,0,40,3,2,2,1,9,56,6
3211570,0,234,0,40,3,5,2,1,37,43,6
3211052,0,234,0,40,3,6,2,1,30,25,6
3212542,0,234,0,40,3,7,2,1,25,23,6
3194023,0,234,0,40,2,10,2,1,44,21,6
3234040,0,234,0,40,2,1,2,1,7,93,6
3234743,0,234,0,40,2,1,2,1,7,55,6
3236116,0,234,0,40,2,1,2,1,7,23,6
3236587,0,234,0,40,2,1,2,1,7,25,6
3177184,0,234,0,40,2,12,2,1,52,30,6
3152797,0,234,0,40,2,16,2,1,82,38,6
3216036,0,234,0,40,2,4,2,1,24,36,6
3221130,0,234,0,40,2,4,2,1,22,11,6
3205421,0,234,0,40,2,6,2,1,36,28,6
3200364,0,234,0,40,2,9,2,1,31,35,6
3232678,0,234,0,40,3,2,2,1,7,16,6
3226021,0,234,0,40,3,3,2,1,14,13,6
3232238,0,234,0,40,2,2,2,1,9,66,6
3195652,0,234,0,40,2,7,2,1,49,34,6
3217155,0,234,0,40,2,4,2,1,24,53,6
3215236,0,234,0,40,2,4,2,1,33,87,6
3198498,1,234,201,24.5429,3,7,2,1,58,108,6
3233025,0,234,0,40,3,2,2,1,8,33,6
3222123,0,234,0,40,3,3,2,1,19,30,6
3229860,0,234,0,40,3,2,2,1,13,77,6
3162636,1,234,146,26.2695,3,21,2,1,89,61,6
3193818,0,234,0,40,3,8,2,1,40,51,6
3226441,0,234,0,40,3,4,2,1,18,38,6
3227661,0,234,0,40,2,3,2,1,14,104,6
3197531,0,234,0,40,2,9,2,1,35,27,6
3155655,1,234,0,40,3,11,2,1,69,40,6
3174339,0,234,0,40,3,12,2,1,76,15,6
3229611,0,234,0,40,2,2,2,1,17,43,6
3230984,0,234,0,40,2,3,2,1,10,33,6
3201346,0,234,0,40,2,6,2,1,38,44,6
3183587,1,234,144,37.2484,2,9,2,1,65,30,6
3222304,0,234,0,40,3,4,2,1,23,29,6
3202717,0,234,0,40,3,6,2,1,41,30,6
3228539,0,234,0,40,3,3,2,1,17,24,6
3208787,0,234,0,40,2,6,2,1,31,41,6
3232300,0,234,0,40,3,3,2,1,10,70,6
3178409,0,234,0,40,3,10,2,1,76,21,6
3181984,0,234,0,40,2,9,2,1,77,64,6
3234331,0,234,0,40,2,1,2,1,6,52,6
3235493,0,234,0,40,2,1,2,1,6,28,6
3235794,0,234,0,40,2,1,2,1,6,52,6
3235970,0,234,0,40,3,1,2,1,6,25,6
3236406,0,234,0,40,2,1,2,1,6,16,6
3236720,0,234,0,40,2,1,2,1,6,29,6
3236882,0,234,0,40,3,1,2,1,6,53,6
3205218,0,234,0,40,3,5,2,1,35,65,6
3230038,0,234,0,40,3,2,2,1,9,36,6
3197233,0,234,0,40,3,7,2,1,47,22,6
3223497,0,234,0,40,2,2,2,1,24,24,6
3152650,0,234,0,40,2,14,2,1,99,59,6
3175661,0,234,0,40,2,11,2,1,76,32,6
3214479,0,234,0,40,2,6,2,1,13,87,6
3179648,1,234,138,32.2464,3,12,2,1,76,66,6
3211555,0,234,0,40,3,5,2,1,32,12,6
3185483,0,234,0,40,3,7,2,1,69,66,6
3190568,0,234,0,40,3,10,2,1,50,41,6
3207790,1,234,230,35.0108,2,5,2,1,31,59,6
3206460,0,234,0,40,2,8,2,1,31,44,6
3182374,0,234,0,40,3,13,2,1,56,46,6
3201324,0,234,0,40,3,6,2,1,36,43,6
3223323,0,234,0,40,2,3,2,1,18,52,6
3226383,0,234,0,40,2,4,2,1,19,28,6
3232743,0,234,0,40,2,2,2,1,7,72,6
3215946,0,234,0,40,2,4,2,1,30,27,6
3223873,0,234,0,40,3,4,2,1,22,57,6
3231096,0,234,0,40,2,3,2,1,10,26,6
3194709,0,234,0,40,2,10,2,1,41,85,6
3201924,0,234,0,40,3,4,2,1,54,67,6
3217636,0,234,0,40,3,3,2,1,26,41,6
3219172,0,234,0,40,2,5,2,1,25,32,6
3213394,0,234,0,40,2,5,2,1,35,41,6
3214831,0,234,0,40,3,6,2,1,24,22,6
3232589,0,234,0,40,3,2,2,1,10,12,6
3163283,0,234,0,40,3,14,2,1,103,37,6
3211829,0,234,0,40,2,6,2,1,24,41,6
3181381,0,234,0,40,3,9,2,1,72,27,6
3172674,0,234,0,40,3,13,2,1,83,53,6
3225101,0,234,0,40,3,4,2,1,17,26,6
3235374,0,234,0,40,3,2,2,1,6,39,6
3219631,0,234,0,40,2,5,2,1,24,38,6
3231406,0,234,0,40,3,2,2,1,11,66,6
3234493,0,234,0,40,3,2,2,1,8,74,6
3229585,0,234,0,40,2,3,2,1,13,87,6
3213514,0,234,0,40,3,6,2,1,34,60,6
3227271,0,234,0,40,3,3,2,1,19,83,6
3153948,1,234,131,23.1364,3,8,2,1,75,47,6
3235814,0,234,0,40,2,1,2,1,5,31,6
3236424,0,234,0,40,3,1,2,1,5,49,6
3236680,0,234,0,40,2,1,2,1,5,71,6
3236765,0,234,0,40,3,1,2,1,5,19,6
3237101,0,234,0,40,2,1,2,1,5,20,6
3237316,0,234,0,40,3,1,2,1,5,42,6
3237378,0,234,0,40,3,1,2,1,5,9,6
3237434,0,234,0,40,2,1,2,1,5,56,6
3237592,0,234,0,40,3,1,2,1,5,73,6
3158744,0,234,0,40,2,11,2,1,85,46,6
3215314,0,234,0,40,3,5,2,1,24,30,6
3197974,0,234,0,40,2,6,2,1,39,28,6
3219669,0,234,0,40,3,3,2,1,28,64,6
3198568,0,234,0,40,2,7,2,1,48,75,6
3197708,0,234,0,40,2,9,2,1,32,28,6
3224459,0,234,0,40,3,3,2,1,14,39,6
3230702,0,234,0,40,3,3,2,1,6,37,6
3184927,0,234,0,40,2,9,2,1,59,38,6
3213693,0,234,0,40,2,5,2,1,19,60,6
3192993,0,234,0,40,2,8,2,1,46,41,6
3225135,0,234,0,40,2,4,2,1,15,55,6
3208168,0,234,0,40,3,6,2,1,25,25,6
3212606,0,234,0,40,3,5,2,1,24,45,6
3184183,0,234,0,40,2,11,2,1,65,14,6
3210428,0,234,0,40,3,6,2,1,28,21,6
3202880,0,234,0,40,3,4,2,1,48,56,6
3213951,0,234,0,40,2,5,2,1,21,37,6
3213992,0,234,0,40,3,4,2,1,34,89,6
3223695,0,234,0,40,3,3,2,1,22,39,6
3224704,0,234,0,40,2,3,2,1,15,51,6
3176365,0,234,0,40,2,9,2,1,88,88,6
3191139,0,234,0,40,3,8,2,1,47,52,6
3228742,0,234,0,40,2,3,2,1,9,82,6
3231953,0,234,0,40,2,3,2,1,7,10,6
3228296,0,234,0,40,2,4,2,1,12,56,6
3214054,0,234,0,40,2,3,2,1,38,57,6
3221237,0,234,0,40,3,3,2,1,25,55,6
3195476,0,234,0,40,3,7,2,1,43,17,6
3151742,0,234,0,40,2,11,2,1,75,69,6
3180467,1,234,153,29.8935,3,15,2,1,65,49,6
3230429,0,234,0,40,2,2,2,1,12,26,6
3232276,0,234,0,40,3,2,2,1,11,25,6
3218532,0,234,0,40,3,4,2,1,27,91,6
3188221,0,234,0,40,2,9,2,1,65,46,6
3198423,0,234,0,40,2,8,2,1,36,28,6
3151429,0,234,0,40,3,12,2,1,63,34,6
3196939,0,234,0,40,3,7,2,1,52,31,6
3213379,0,234,0,40,2,5,2,1,31,43,6
3182352,0,234,0,40,3,12,2,1,56,60,6
3193963,1,234,225,11.6408,3,7,2,1,57,66,6
3229416,0,234,0,40,2,2,2,1,16,19,6
3232418,0,234,0,40,2,2,2,1,12,50,6
3233573,0,234,0,40,3,2,2,1,10,30,6
3218158,0,234,0,40,3,6,2,1,21,34,6
3152663,0,234,0,40,3,11,2,1,68,18,6
3234386,0,234,0,40,3,2,2,1,8,62,6
3212346,0,234,0,40,2,6,2,1,29,25,6
3164665,0,234,0,40,2,15,2,1,87,20,6
3234527,0,234,0,40,2,2,2,1,6,37,6
3174099,0,234,0,40,3,12,2,1,84,82,6
3229955,0,234,0,40,2,3,2,1,14,54,6
3203935,0,234,0,40,2,6,2,1,40,84,6
3210470,0,234,0,40,2,7,2,1,28,75,6
3218849,0,234,0,40,3,7,2,1,19,61,6
3236469,0,234,0,40,2,2,2,1,5,33,6
3232770,0,234,0,40,3,2,2,1,13,69,6
3226110,0,234,0,40,2,4,2,1,20,83,6
3234695,0,234,0,40,3,2,2,1,6,34,6
3194330,0,234,0,40,3,6,2,1,61,35,6
3235806,0,234,0,40,3,1,2,1,4,50,6
3236404,0,234,0,40,3,1,2,1,4,62,6
3237039,0,234,0,40,2,1,2,1,4,29,6
3237289,0,234,0,40,2,1,2,1,4,38,6
3237385,0,234,0,40,3,1,2,1,4,35,6
3237763,0,234,0,40,2,1,2,1,4,17,6
3238007,0,234,0,40,2,1,2,1,4,105,6
3238101,0,234,0,40,3,1,2,1,4,75,6
3227924,0,234,0,40,2,2,2,1,10,65,6
3227699,0,234,0,40,3,2,2,1,10,38,6
3178820,0,234,0,40,3,10,2,1,70,54,6
3160536,0,234,0,40,3,11,2,1,94,52,6
3228053,0,234,0,40,3,3,2,1,9,19,6
3208125,0,234,0,40,2,7,2,1,34,30,6
3207076,0,234,0,40,3,6,2,1,39,98,6
3192997,0,234,0,40,2,8,2,1,58,48,6
3216159,0,234,0,40,2,5,2,1,26,19,6
3229437,0,234,0,40,3,3,2,1,12,24,6
3212760,0,234,0,40,2,4,2,1,40,57,6
3217688,0,234,0,40,2,3,2,1,23,81,6
3208638,0,234,0,40,3,6,2,1,32,37,6
3230424,0,234,0,40,3,2,2,1,12,20,6
3205508,0,234,0,40,3,7,2,1,29,38,6
3232552,0,234,0,40,3,2,2,1,9,29,6
3211262,0,234,0,40,3,7,2,1,31,50,6
3201498,0,234,0,40,3,10,2,1,32,23,6
3189823,0,234,0,40,2,9,2,1,39,35,6
3228430,0,234,0,40,2,2,2,1,15,61,6
3214076,0,234,0,40,2,5,2,1,25,50,6
3169329,0,234,0,40,2,15,2,1,78,74,6
3227762,0,234,0,40,2,3,2,1,16,64,6
3228253,0,234,0,40,2,3,2,1,16,40,6
3232695,0,234,0,40,2,2,2,1,7,40,6
3178165,1,234,136,28.7037,3,13,2,1,50,43,6
3220557,0,234,0,40,2,5,2,1,19,72,6
3189613,0,234,0,40,2,10,2,1,50,33,6
3234677,0,234,0,40,2,2,2,1,4,39,6
3212587,0,234,0,40,3,5,2,1,30,64,6
3219289,0,234,0,40,3,6,2,1,20,43,6
3214185,0,234,0,40,3,4,2,1,30,19,6
3214732,0,234,0,40,2,5,2,1,32,59,6
3212880,0,234,0,40,3,6,2,1,25,81,6
3233129,0,234,0,40,2,2,2,1,9,35,6
3150874,0,234,0,40,3,13,2,1,57,16,6
3224256,0,234,0,40,2,4,2,1,17,27,6
3223324,0,234,0,40,2,4,2,1,10,50,6
3234583,0,234,0,40,2,2,2,1,5,25,6
3184157,0,234,0,40,3,10,2,1,55,31,6
3234851,0,234,0,40,2,2,2,1,4,66,6
3202559,0,234,0,40,3,6,2,1,51,74,6
3218787,0,234,0,40,3,5,2,1,19,45,6
3211895,0,234,0,40,2,5,2,1,39,30,6
3208452,0,234,0,40,3,6,2,1,35,68,6
3220842,0,234,0,40,3,5,2,1,16,27,6
3220729,0,234,0,40,3,4,2,1,26,23,6
3230522,0,234,0,40,2,3,2,1,9,71,6
3230774,0,234,0,40,2,3,2,1,8,23,6
3220908,0,234,0,40,2,7,2,1,18,65,6
3235559,0,234,0,40,2,2,2,1,5,15,6
3229465,0,234,0,40,3,4,2,1,9,37,6
3179109,0,234,0,40,2,12,2,1,78,76,6
3200260,0,234,0,40,3,9,2,1,42,59,6
3197609,0,234,0,40,3,8,2,1,47,51,6
3194839,0,234,0,40,3,10,2,1,44,25,6
3192765,0,234,0,40,3,8,2,1,47,65,6
3235010,0,234,0,40,3,3,2,1,6,39,6
3173675,0,234,0,40,3,12,2,1,67,63,6
3215032,0,234,0,40,2,4,2,1,34,52,6
3233589,0,234,0,40,3,3,2,1,9,26,6
3158121,0,234,0,40,3,14,2,1,84,47,6
3236444,0,234,0,40,2,1,2,1,3,20,6
3237099,0,234,0,40,2,1,2,1,3,49,6
3237762,0,234,0,40,3,1,2,1,3,23,6
3237794,0,234,0,40,2,1,2,1,3,75,6
3237838,0,234,0,40,2,1,2,1,3,81,6
3238058,2,234,0,40,3,1,2,1,3,57,6
3238158,0,234,0,40,3,1,2,1,3,65,6
3238254,0,234,0,40,3,1,2,1,3,83,6
3238292,0,234,0,40,3,1,2,1,3,31,6
3238316,0,234,0,40,3,1,2,1,3,39,6
3238446,0,234,0,40,2,1,2,1,3,29,6
3238500,0,234,0,40,2,1,2,1,3,25,6
3238606,0,234,0,40,3,1,2,1,3,43,6
3188569,0,234,0,40,3,7,2,1,60,50,6
3215764,0,234,0,40,2,3,2,1,35,22,6
3216081,0,234,0,40,2,3,2,1,34,63,6
3185925,0,234,0,40,3,11,2,1,58,74,6
3223337,0,234,0,40,2,2,2,1,31,35,6
3180336,0,234,0,40,3,5,2,1,86,51,6
3208986,0,234,0,40,2,5,2,1,38,36,6
3220577,0,234,0,40,2,3,2,1,30,56,6
3222509,0,234,0,40,3,4,2,1,26,18,6
3228930,0,234,0,40,3,1,2,1,22,53,6
3211643,0,234,0,40,3,4,2,1,36,40,6
3207421,0,234,0,40,3,4,2,1,44,39,6
3170788,0,234,0,40,3,12,2,1,91,43,6
3194545,0,234,0,40,3,5,2,1,70,28,6
3226634,0,234,0,40,2,2,2,1,26,76,6
3190022,0,234,0,40,3,6,2,1,75,95,6
3188442,0,234,0,40,3,8,2,1,67,28,6
3230458,0,234,0,40,2,1,2,1,19,33,6
3200868,0,234,0,40,3,7,2,1,43,26,6
3226892,0,234,0,40,2,2,2,1,20,30,6
3150130,0,234,0,40,3,10,2,1,90,27,6
3149476,0,234,0,40,3,13,2,1,86,26,6
3230923,0,234,0,40,2,1,2,1,18,64,6
3222041,0,234,0,40,3,2,2,1,26,53,6
3181218,0,234,0,40,2,8,2,1,68,58,6
3176615,1,234,131,35.5684,3,12,2,1,67,17,6
3213913,0,234,0,40,3,4,2,1,34,76,6
3177155,0,234,0,40,3,14,2,1,71,81,6
3217711,0,234,0,40,2,3,2,1,39,37,6
3230325,0,234,0,40,3,1,2,1,17,62,6
3231583,0,234,0,40,2,1,2,1,17,36,6
3227509,0,234,0,40,3,2,2,1,20,23,6
3150577,0,234,0,40,2,12,2,1,99,62,6
3231154,0,234,0,40,2,1,2,1,16,40,6
3232212,0,234,0,40,3,1,2,1,16,35,6
3210285,0,234,0,40,2,5,2,1,35,48,6
3224915,0,234,0,40,3,2,2,1,22,59,6
3206111,0,234,0,40,3,6,2,1,40,19,6
3182077,0,234,0,40,2,9,2,1,74,18,6
3231744,0,234,0,40,3,1,2,1,15,24,6
3232167,0,234,0,40,2,1,2,1,15,11,6
3232960,0,234,0,40,2,1,2,1,15,25,6
3219788,0,234,0,40,3,3,2,1,27,36,6
3223730,0,234,0,40,3,2,2,1,24,60,6
3200555,0,234,0,40,2,7,2,1,42,56,6
3194281,0,234,0,40,3,8,2,1,51,45,6
3208477,0,234,0,40,2,5,2,1,44,32,6
3231046,0,234,0,40,2,1,2,1,14,32,6
3233461,0,234,0,40,3,1,2,1,14,24,6
3190905,0,234,0,40,2,9,2,1,43,34,6
3157614,0,234,0,40,2,17,2,1,95,47,6
3233348,0,234,0,40,2,1,2,1,13,40,6
3234039,0,234,0,40,3,1,2,1,13,35,6
3224732,0,234,0,40,2,2,2,1,23,75,6
3179456,0,234,0,40,3,9,2,1,68,5,6
3189867,0,234,0,40,2,8,2,1,56,41,6
3177139,0,234,0,40,2,13,2,1,66,43,6
3219630,0,234,0,40,3,4,2,1,26,52,6
3207729,0,234,0,40,3,6,2,1,39,39,6
3229080,0,234,0,40,3,2,2,1,18,12,6
3231537,0,234,0,40,3,2,2,1,13,51,6
3221144,0,234,0,40,3,4,2,1,27,47,6
3225616,0,234,0,40,3,3,2,1,21,49,6
3216952,0,234,0,40,2,7,2,1,26,38,6
3234110,0,234,0,40,2,1,2,1,12,26,6
3234514,0,234,0,40,2,1,2,1,12,66,6
3186188,0,234,0,40,3,10,2,1,52,53,6
3220090,0,234,0,40,3,4,2,1,16,38,6
3230007,0,234,0,40,2,2,2,1,15,54,6
3228182,0,234,0,40,3,2,2,1,20,29,6
3231323,0,234,0,40,3,2,2,1,14,36,6
3232078,0,234,0,40,2,2,2,1,12,57,6
3212670,0,234,0,40,3,5,2,1,35,19,6
3192594,0,234,0,40,3,9,2,1,43,48,6
3186139,0,234,0,40,3,10,2,1,44,40,6
3156603,0,234,0,40,3,18,2,1,104,61,6
3225068,0,234,0,40,2,2,2,1,25,30,6
3206499,0,234,0,40,2,5,2,1,49,25,6
3225470,0,234,0,40,2,4,2,1,19,45,6
3221229,0,234,0,40,2,5,2,1,18,32,6
3233246,0,234,0,40,2,1,2,1,11,11,6
3234321,0,234,0,40,2,1,2,1,11,30,6
3234796,0,234,0,40,2,1,2,1,11,55,6
3215428,0,234,0,40,3,4,2,1,24,35,6
3219445,0,234,0,40,3,4,2,1,25,77,6
3211033,0,234,0,40,3,5,2,1,31,36,6
3217871,0,234,0,40,3,5,2,1,23,75,6
3193724,0,234,0,40,3,11,2,1,47,33,6
3217468,0,234,0,40,3,4,2,1,26,72,6
3227475,0,234,0,40,3,3,2,1,19,126,6
3151961,1,234,147,25.1006,3,8,2,1,92,48,6
3168913,1,234,160,35.7317,3,15,2,1,82,58,6
3227065,0,234,0,40,3,2,2,1,21,28,6
3229807,0,234,0,40,3,2,2,1,17,11,6
3199747,0,234,0,40,3,8,2,1,41,27,6
3231332,0,234,0,40,2,2,2,1,14,70,6
3230572,0,234,0,40,2,3,2,1,14,33,6
3161130,0,234,0,40,3,14,2,1,82,29,6
3169084,0,234,0,40,2,14,2,1,81,29,6
3216924,0,234,0,40,2,4,2,1,24,27,6
3233517,0,234,0,40,3,2,2,1,12,32,6
3221661,0,234,0,40,3,3,2,1,30,42,6
3154356,0,234,0,40,3,9,2,1,65,25,6
3230647,0,234,0,40,2,3,2,1,15,47,6
3234575,0,234,0,40,2,1,2,1,10,59,6
3235510,0,234,0,40,3,1,2,1,10,60,6
3215791,0,234,0,40,3,6,2,1,23,43,6
3185763,0,234,0,40,3,9,2,1,57,33,6
3224351,0,234,0,40,2,3,2,1,15,30,6
3186637,1,234,141,39.9198,2,9,2,1,64,20,6
3231979,0,234,0,40,2,2,2,1,11,45,6
3150839,0,234,0,40,2,13,2,1,118,52,6
3209611,0,234,0,40,2,6,2,1,35,50,6
3224402,0,234,0,40,3,4,2,1,19,74,6
3218775,0,234,0,40,2,4,2,1,30,24,6
3215850,0,234,0,40,3,6,2,1,20,72,6
3150071,0,234,0,40,3,11,2,1,88,39,6
3228734,0,234,0,40,3,2,2,1,18,35,6
3171967,0,234,0,40,2,18,2,1,70,55,6
3178849,0,234,0,40,3,9,2,1,81,61,6
3233477,0,234,0,40,3,2,2,1,11,34,6
3231023,0,234,0,40,2,3,2,1,11,71,6
3218083,0,234,0,40,2,3,2,1,35,81,6
3233687,0,234,0,40,2,2,2,1,11,37,6
3196962,0,234,0,40,2,12,2,1,40,21,6
3234147,0,234,0,40,3,1,2,1,9,18,6
3235795,0,234,0,40,2,1,2,1,9,47,6
3235991,0,234,0,40,2,1,2,1,9,46,6
3216232,0,234,0,40,2,5,2,1,19,35,6
3184799,0,234,0,40,3,11,2,1,43,80,6
3177220,0,234,0,40,3,12,2,1,69,55,6
3163337,0,234,0,40,3,12,2,1,114,20,6
3214721,0,234,0,40,3,5,2,1,28,48,6
3230407,0,234,0,40,2,2,2,1,12,36,6
3191438,0,234,0,40,3,10,2,1,57,82,6
3216650,0,234,0,40,3,6,2,1,25,26,6
3219272,0,234,0,40,2,3,2,1,24,45,6
3181319,1,234,148,40,2,9,2,1,71,35,6
3210683,0,234,0,40,3,7,2,1,30,59,6
3230529,1,234,231,25.9797,3,2,2,1,10,85,6
3219461,0,234,0,40,3,4,2,1,27,27,6
3233251,0,234,0,40,3,2,2,1,9,46,6
3220811,0,234,0,40,2,3,2,1,29,25,6
3221599,0,234,0,40,2,3,2,1,28,33,6
3231180,0,234,0,40,3,2,2,1,13,93,6
3162335,1,234,217,19.3825,3,16,2,1,106,42,6
3194837,0,234,0,40,3,7,2,1,49,69,6
3177500,1,234,159,40,2,12,2,1,73,74,6
3230200,0,234,0,40,2,2,2,1,13,45,6
3233919,0,234,0,40,2,2,2,1,10,79,6
3186131,0,234,0,40,2,9,2,1,58,37,6
3183303,0,234,0,40,2,10,2,1,77,34,6
3222947,0,234,0,40,2,4,2,1,20,42,6
3225369,0,234,0,40,3,5,2,1,23,34,6
3230837,0,234,0,40,2,3,2,1,11,54,6
3211567,0,234,0,40,3,7,2,1,32,29,6
3183079,0,234,0,40,2,10,2,1,78,46,6
3206852,0,234,0,40,2,6,2,1,29,39,6
3236213,0,234,0,40,3,1,2,1,8,57,6
3196296,0,234,0,40,2,6,2,1,47,40,6
3226553,0,234,0,40,3,2,2,1,19,31,6
3218242,0,234,0,40,3,3,2,1,26,18,6
3204780,0,234,0,40,2,6,2,1,43,21,6
3192651,0,234,0,40,3,8,2,1,54,24,6
3182870,0,234,0,40,3,9,2,1,67,39,6
3222563,0,234,0,40,2,2,2,1,29,61,6
3227253,0,234,0,40,3,2,2,1,20,55,6
3226988,0,234,0,40,2,3,2,1,19,41,6
3212645,0,234,0,40,3,7,2,1,26,47,6
3224660,0,234,0,40,3,4,2,1,14,28,6
3233572,0,234,0,40,3,2,2,1,8,11,6
3180961,0,234,0,40,2,12,2,1,59,44,6
3229345,0,234,0,40,3,3,2,1,11,60,6
3233439,0,234,0,40,3,2,2,1,10,65,6
3223754,0,234,0,40,3,3,2,1,15,61,6
3232183,0,234,0,40,3,2,2,1,12,28,6
3152470,0,234,0,40,3,13,2,1,80,35,6
3232054,0,234,0,40,3,3,2,1,9,44,6
3194274,0,234,0,40,3,9,2,1,47,44,6
3229961,0,234,0,40,2,2,2,1,18,46,6
3213285,0,234,0,40,2,6,2,1,30,33,6
3157343,1,234,149,26.5818,3,13,2,1,68,28,6
3191610,0,234,0,40,3,9,2,1,42,46,6
3192361,0,234,0,40,3,9,2,1,55,37,6
3234767,0,234,0,40,2,1,2,1,7,29,6
3234935,0,234,0,40,2,1,2,1,7,26,6
3236630,0,234,0,40,2,1,2,1,7,42,6
3236706,0,234,0,40,3,1,2,1,7,57,6
3236804,0,234,0,40,3,1,2,1,7,90,6
3237158,0,234,0,40,2,1,2,1,7,68,6
3217992,0,234,0,40,2,3,2,1,29,58,6
3203592,0,234,0,40,2,6,2,1,46,52,6
3223182,0,234,0,40,2,3,2,1,17,50,6
3229966,0,234,0,40,3,3,2,1,10,52,6
3232829,0,234,0,40,3,2,2,1,7,34,6
3180211,0,234,0,40,3,12,2,1,70,41,6
3221437,0,234,0,40,2,4,2,1,15,43,6
3217710,0,234,0,40,3,4,2,1,26,18,6
3229442,0,234,0,40,2,2,2,1,13,73,6
3195051,0,234,0,40,3,10,2,1,41,66,6
3233071,0,234,0,40,2,2,2,1,8,15,6
3162557,0,234,0,40,2,10,2,1,55,38,6
3202337,0,234,0,40,2,5,2,1,48,12,6
3233442,0,234,0,40,3,2,2,1,8,35,6
3212128,0,234,0,40,3,5,2,1,29,43,6
3154098,1,234,138,40,2,10,2,1,89,38,6
3217134,0,234,0,40,3,3,2,1,37,67,6
3231480,0,234,0,40,3,2,2,1,14,58,6
3202718,0,234,0,40,2,7,2,1,33,65,6
3233181,0,234,0,40,2,2,2,1,11,48,6
3226470,0,234,0,40,3,4,2,1,13,69,6
3212944,0,234,0,40,3,6,2,1,27,22,6
3214219,0,234,0,40,2,6,2,1,29,30,6
3154708,0,234,0,40,2,12,2,1,56,55,6
3193686,0,234,0,40,2,5,2,1,69,46,6
3197051,0,234,0,40,3,8,2,1,54,58,6
3201382,0,234,0,40,3,6,2,1,52,28,6
3222586,0,234,0,40,2,4,2,1,26,40,6
3205434,0,234,0,40,2,7,2,1,48,28,6
3217296,0,234,0,40,3,4,2,1,32,95,6
3221762,0,234,0,40,3,4,2,1,26,39,6
3209516,0,234,0,40,3,6,2,1,31,32,6
3178071,0,234,0,40,2,14,2,1,70,13,6
3232265,0,234,0,40,3,2,2,1,11,36,6
3235928,0,234,0,40,3,2,2,1,7,31,6
3236717,0,234,0,40,3,1,2,1,6,44,6
3236949,0,234,0,40,3,1,2,1,6,60,6
3237226,0,234,0,40,2,1,2,1,6,81,6
3237344,0,234,0,40,2,1,2,1,6,89,6
3237496,0,234,0,40,2,1,2,1,6,37,6
3219800,0,234,0,40,2,4,2,1,21,20,6
3228068,0,234,0,40,2,2,2,1,16,14,6
3194085,0,234,0,40,3,8,2,1,49,30,6
3184640,1,234,159,40,2,9,2,1,66,56,6
3230601,0,234,0,40,3,2,2,1,8,24,6
3213863,0,234,0,40,2,6,2,1,19,73,6
3219119,0,234,0,40,2,3,2,1,22,40,6
3176500,0,234,0,40,3,12,2,1,56,35,6
3218932,0,234,0,40,3,4,2,1,24,42,6
3188176,0,234,0,40,2,9,2,1,52,30,6
3159314,0,234,0,40,3,11,2,1,70,53,6
3210166,0,234,0,40,2,3,2,1,43,49,6
3194753,0,234,0,40,2,9,2,1,46,30,6
3171884,0,234,0,40,2,15,2,1,72,92,6
3186222,0,234,0,40,2,10,2,1,64,20,6
3228220,0,234,0,40,3,2,2,1,17,50,6
3213655,0,234,0,40,3,5,2,1,27,26,6
3234067,0,234,0,40,3,2,2,1,8,32,6
3234436,0,234,0,40,3,2,2,1,7,27,6
3174421,0,234,0,40,3,12,2,1,73,51,6
3234826,0,234,0,40,3,2,2,1,6,21,6
3186903,0,234,0,40,3,9,2,1,59,16,6
3191335,0,234,0,40,2,9,2,1,56,27,6
3228325,0,234,0,40,3,3,2,1,12,19,6
3211714,0,234,0,40,2,7,2,1,30,54,6
3207261,0,234,0,40,3,7,2,1,41,32,6
3215340,0,234,0,40,3,5,2,1,26,57,6
3191076,1,234,220,26.5303,3,10,2,1,42,66,6
3199166,0,234,0,40,2,8,2,1,47,27,6
3194880,0,234,0,40,2,7,2,1,47,48,6
3234282,0,234,0,40,2,2,2,1,9,67,6
3222066,0,234,0,40,3,5,2,1,15,31,6
3224741,0,234,0,40,3,4,2,1,18,55,6
3224419,0,234,0,40,3,4,2,1,19,20,6
3223156,0,234,0,40,2,5,2,1,25,94,6
3235432,0,234,0,40,2,2,2,1,7,45,6
3188148,0,234,0,40,3,10,2,1,56,39,6
3214560,0,234,0,40,3,6,2,1,26,58,6
3226458,0,234,0,40,2,4,2,1,14,62,6
3178768,0,234,0,40,2,12,2,1,59,35,6
3218095,0,234,0,40,3,4,2,1,28,133,6
3231714,0,234,0,40,2,3,2,1,10,18,6
3213377,0,234,0,40,3,5,2,1,34,81,6
3234595,0,234,0,40,3,1,2,1,5,27,6
3236887,0,234,0,40,3,1,2,1,5,74,6
3237253,0,234,0,40,2,1,2,1,5,54,6
3237445,0,234,0,40,3,1,2,1,5,33,6
3237717,0,234,0,40,2,1,2,1,5,52,6
3237837,0,234,0,40,2,1,2,1,5,48,6
3237917,0,234,0,40,3,1,2,1,5,68,6
3238053,0,234,0,40,2,1,2,1,5,45,6
3238099,0,234,0,40,3,1,2,1,5,67,6
3238129,0,234,0,40,2,1,2,1,5,32,6
3212862,0,234,0,40,2,5,2,1,31,117,6
3225373,0,234,0,40,3,2,2,1,19,30,6
3228177,0,234,0,40,3,2,2,1,14,23,6
3180829,0,234,0,40,2,9,2,1,72,32,6
3185819,0,234,0,40,2,10,2,1,63,56,6
3209429,0,234,0,40,3,7,2,1,27,59,6
3233661,0,234,0,40,2,2,2,1,6,34,6
3227456,0,234,0,40,2,3,2,1,14,48,6
3212121,0,234,0,40,3,7,2,1,29,67,6
3230024,0,234,0,40,3,2,2,1,10,21,6
3199040,0,234,0,40,3,9,2,1,42,49,6
3191224,0,234,0,40,3,8,2,1,53,16,6
3206659,0,234,0,40,2,9,2,1,25,17,6
3225705,0,234,0,40,2,3,2,1,12,50,6
3234994,0,234,0,40,3,2,2,1,5,55,6
3221172,0,234,0,40,3,2,2,1,30,34,6
3178632,0,234,0,40,2,10,2,1,69,42,6
3159935,0,234,0,40,2,14,2,1,70,41,6
3164390,0,234,0,40,2,14,2,1,93,45,6
3173413,0,234,0,40,3,16,2,1,80,51,6
3232651,0,234,0,40,3,2,2,1,7,37,6
3192689,0,234,0,40,2,9,2,1,50,36,6
3219017,0,234,0,40,3,7,2,1,23,73,6
3223545,0,234,0,40,2,3,2,1,27,58,6
3205758,0,234,0,40,3,9,2,1,33,45,6
3215165,0,234,0,40,2,6,2,1,21,58,6
3218587,0,234,0,40,2,5,2,1,22,31,6
3198379,0,234,0,40,3,7,2,1,50,15,6
3228893,0,234,0,40,2,2,2,1,18,45,6
3189649,0,234,0,40,2,8,2,1,61,69,6
3173969,0,234,0,40,2,10,2,1,80,24,6
3213307,0,234,0,40,2,5,2,1,33,61,6
3196896,0,234,0,40,2,8,2,1,46,32,6
3201853,0,234,0,40,2,9,2,1,42,46,6
3231125,0,234,0,40,2,3,2,1,13,17,6
3193189,0,234,0,40,2,13,2,1,41,42,6
3223148,0,234,0,40,2,5,2,1,10,17,6
3165024,0,234,0,40,3,17,2,1,101,20,6
3204091,0,234,0,40,3,8,2,1,40,81,6
3208419,0,234,0,40,3,8,2,1,20,41,6
3224244,0,234,0,40,3,3,2,1,22,30,6
3211742,0,234,0,40,2,5,2,1,32,23,6
3166088,0,234,0,40,2,15,2,1,101,42,6
3234118,0,234,0,40,3,3,2,1,6,49,6
3233760,0,234,0,40,3,3,2,1,6,59,6
3236412,0,234,0,40,2,1,2,1,4,42,6
3237475,0,234,0,40,3,1,2,1,4,54,6
3238154,0,234,0,40,2,1,2,1,4,51,6
3238366,0,234,0,40,2,1,2,1,4,70,6
3238534,0,234,0,40,2,1,2,1,4,39,6
3238570,0,234,0,40,3,1,2,1,4,50,6
3238598,0,234,0,40,3,1,2,1,4,91,6
3222975,0,234,0,40,3,3,2,1,12,67,6
3231736,0,234,0,40,3,2,2,1,5,72,6
3204241,0,234,0,40,3,7,2,1,40,47,6
3232246,0,234,0,40,2,2,2,1,8,21,6
3222728,0,234,0,40,2,3,2,1,20,72,6
3201349,0,234,0,40,3,6,2,1,49,102,6
3154302,0,234,0,40,2,9,2,1,79,55,6
3157718,0,234,0,40,3,8,2,1,96,41,6
3203386,0,234,0,40,2,6,2,1,37,13,6
3222167,0,234,0,40,3,4,2,1,16,28,6
3229741,0,234,0,40,3,3,2,1,7,58,6
3221759,0,234,0,40,2,4,2,1,20,54,6
3194836,0,234,0,40,2,11,2,1,41,45,6
3157802,0,234,0,40,3,13,2,1,108,54,6
3231689,0,234,0,40,2,2,2,1,11,24,6
3151186,0,234,0,40,2,12,2,1,61,36,6
3196813,0,234,0,40,2,8,2,1,55,73,6
3216933,0,234,0,40,3,5,2,1,15,46,6
3234828,0,234,0,40,3,2,2,1,5,41,6
3202445,0,234,0,40,2,7,2,1,47,44,6
3232135,0,234,0,40,3,3,2,1,9,6,6
3204839,0,234,0,40,2,6,2,1,43,27,6
3197981,0,234,0,40,2,6,2,1,49,67,6
3224851,0,234,0,40,3,3,2,1,17,36,6
3215126,0,234,0,40,2,6,2,1,20,30,6
3232854,0,234,0,40,3,2,2,1,10,57,6
3218235,0,234,0,40,3,5,2,1,14,47,6
3210977,0,234,0,40,3,5,2,1,38,80,6
3201817,0,234,0,40,3,6,2,1,41,31,6
3213835,0,234,0,40,3,6,2,1,24,27,6
3234365,0,234,0,40,2,2,2,1,6,20,6
3217360,0,234,0,40,3,7,2,1,20,24,6
3192160,0,234,0,40,3,8,2,1,61,32,6
3221128,0,234,0,40,3,3,2,1,27,24,6
3188215,0,234,0,40,2,8,2,1,59,54,6
3222397,0,234,0,40,2,3,2,1,20,72,6
3184922,1,234,133,40,2,11,2,1,60,66,6
3227088,0,234,0,40,3,3,2,1,18,63,6
3198385,0,234,0,40,3,9,2,1,41,75,6
3196302,0,234,0,40,3,9,2,1,42,41,6
3190193,0,234,0,40,3,11,2,1,54,79,6
3207073,0,234,0,40,2,6,2,1,42,42,6
3225312,0,234,0,40,3,4,2,1,16,12,6
3159994,0,234,0,40,2,7,2,1,60,69,6
3209586,0,234,0,40,3,6,2,1,31,66,6
3177759,0,234,0,40,2,12,2,1,52,23,6
3228868,0,234,0,40,3,4,2,1,15,22,6
3227230,0,234,0,40,2,3,2,1,15,28,6
3208133,0,234,0,40,2,7,2,1,32,50,6
3182662,0,234,0,40,2,14,2,1,58,73,6
3187402,0,234,0,40,2,7,2,1,71,57,6
3208729,1,234,180,18.5467,3,5,2,1,36,43,6
3207846,0,234,0,40,3,5,2,1,33,11,6
3234185,0,234,0,40,2,2,2,1,9,42,6
3235336,0,234,0,40,3,2,2,1,8,47,6
3213142,0,234,0,40,3,6,2,1,30,46,6
3212397,0,234,0,40,3,7,2,1,25,101,6
3222802,0,234,0,40,2,4,2,1,17,31,6
3225761,0,234,0,40,3,3,2,1,15,47,6
3213757,0,234,0,40,3,6,2,1,30,51,6
3200591,0,234,0,40,2,8,2,1,43,25,6
3225328,0,234,0,40,3,3,2,1,20,47,6
3210862,0,234,0,40,3,8,2,1,27,40,6
3236231,0,234,0,40,2,3,2,1,6,26,6
3214416,0,234,0,40,3,6,2,1,35,32,6
3238068,0,234,0,40,2,1,2,1,3,45,6
3238171,0,234,0,40,2,1,2,1,3,58,6
3238499,0,234,0,40,2,1,2,1,3,31,6
3238798,0,234,0,40,2,1,2,1,3,52,6
3238830,0,234,0,40,3,1,2,1,3,39,6
3238992,0,234,0,40,2,1,2,1,3,15,6
3150892,0,234,0,40,2,23,2,1,160,40,6
3217327,0,234,0,40,3,3,2,1,32,36,6
3220750,0,234,0,40,3,2,2,1,28,56,6
3207562,0,234,0,40,2,5,2,1,44,26,6
3227260,0,234,0,40,2,1,2,1,25,18,6
3206446,0,234,0,40,2,4,2,1,50,28,6
3157671,0,234,0,40,2,17,2,1,80,22,6
3228842,0,234,0,40,3,1,2,1,23,58,6
3223317,0,234,0,40,2,2,2,1,27,43,6
3203775,0,234,0,40,2,6,2,1,43,31,6
3229729,0,234,0,40,3,1,2,1,22,48,6
3206134,0,234,0,40,2,5,2,1,45,37,6
3162338,1,234,127,36.6899,3,13,2,1,79,120,6
3210533,0,234,0,40,3,4,2,1,39,59,6
3183690,0,234,0,40,2,8,2,1,71,26,6
3224303,0,234,0,40,3,3,2,1,24,41,6
3158853,0,234,0,40,2,11,2,1,82,79,6
3151129,0,234,0,40,3,10,2,1,88,53,6
3199435,0,234,0,40,3,7,2,1,51,30,6
3159249,0,234,0,40,3,10,2,1,83,59,6
3232092,0,234,0,40,3,1,2,1,17,23,6
3225170,0,234,0,40,2,2,2,1,23,63,6
3180791,0,234,0,40,2,10,2,1,74,56,6
3228678,0,234,0,40,2,2,2,1,18,23,6
3187010,0,234,0,40,3,11,2,1,62,53,6
3213656,0,234,0,40,3,5,2,1,35,69,6
3210021,0,234,0,40,3,7,2,1,31,58,6
3218997,0,234,0,40,3,2,2,1,28,65,6
3225251,0,234,0,40,3,3,2,1,19,53,6
3194016,0,234,0,40,3,9,2,1,52,74,6
3226078,0,234,0,40,3,2,2,1,27,44,6
3205608,0,234,0,40,2,7,2,1,40,42,6
3232269,0,234,0,40,3,1,2,1,15,54,6
3233391,0,234,0,40,2,1,2,1,15,29,6
3225391,0,234,0,40,2,3,2,1,21,31,6
3222234,0,234,0,40,3,3,2,1,24,112,6
3193506,0,234,0,40,3,9,2,1,46,73,6
3208655,0,234,0,40,2,4,2,1,46,52,6
3185440,0,234,0,40,3,9,2,1,65,35,6
3151831,0,234,0,40,2,8,2,1,82,51,6
3229756,0,234,0,40,3,2,2,1,14,43,6
3151161,0,234,0,40,3,13,2,1,104,44,6
3222009,0,234,0,40,2,3,2,1,26,38,6
3220102,0,234,0,40,3,3,2,1,29,43,6
3226147,0,234,0,40,3,4,2,1,17,63,6
3232795,0,234,0,40,2,1,2,1,13,93,6
3233910,0,234,0,40,2,1,2,1,13,50,6
3234422,0,234,0,40,3,1,2,1,13,88,6
3210933,0,234,0,40,3,5,2,1,34,43,6
3209405,0,234,0,40,2,7,2,1,32,28,6
3212169,0,234,0,40,3,6,2,1,30,68,6
3161921,0,234,0,40,2,10,2,1,75,40,6
3199494,0,234,0,40,2,10,2,1,43,32,6
3187901,0,234,0,40,2,11,2,1,70,27,6
3227701,0,234,0,40,2,3,2,1,21,78,6
3222639,0,234,0,40,2,3,2,1,24,29,6
3207976,0,234,0,40,3,4,2,1,42,62,6
3225314,0,234,0,40,2,3,2,1,19,29,6
3205647,0,234,0,40,3,4,2,1,48,37,6
3164688,1,234,177,24.6523,3,13,2,1,102,33,6
3228718,0,234,0,40,2,2,2,1,19,28,6
3211100,0,234,0,40,3,6,2,1,34,18,6
3178857,0,234,0,40,2,11,2,1,68,77,6
3202050,0,234,0,40,3,3,2,1,62,58,6
3186449,0,234,0,40,2,12,2,1,64,29,6
3234112,0,234,0,40,2,1,2,1,11,7,6
3234741,0,234,0,40,3,1,2,1,11,80,6
3235352,0,234,0,40,3,1,2,1,11,45,6
3227967,0,234,0,40,3,2,2,1,16,24,6
3169040,0,234,0,40,2,14,2,1,96,14,6
3186113,0,234,0,40,2,11,2,1,43,26,6
3191410,0,234,0,40,3,10,2,1,47,55,6
3153878,0,234,0,40,2,17,2,1,89,42,6
3192424,0,234,0,40,2,7,2,1,59,53,6
3214090,0,234,0,40,2,4,2,1,27,54,6
3183808,0,234,0,40,3,9,2,1,66,25,6
3179873,0,234,0,40,3,11,2,1,76,16,6
3160199,0,234,0,40,2,19,2,1,90,46,6
3226794,0,234,0,40,2,3,2,1,19,35,6
3219771,0,234,0,40,3,4,2,1,31,46,6
3152993,0,234,0,40,3,14,2,1,83,43,6
3232808,0,234,0,40,2,2,2,1,14,38,6
3210300,0,234,0,40,3,4,2,1,33,38,6
3212740,0,234,0,40,3,5,2,1,29,28,6
3153460,0,234,0,40,2,12,2,1,81,64,6
3205210,0,234,0,40,2,8,2,1,41,57,6
3225279,0,234,0,40,2,4,2,1,20,47,6
3222421,0,234,0,40,2,3,2,1,24,29,6
3220077,0,234,0,40,3,5,2,1,15,35,6
3158770,0,234,0,40,2,14,2,1,115,74,6
3200945,0,234,0,40,2,8,2,1,41,66,6
3204422,0,234,0,40,2,6,2,1,45,76,6
3186553,0,234,0,40,2,10,2,1,62,31,6
3223599,0,234,0,40,3,3,2,1,27,64,6
3212025,0,234,0,40,3,7,2,1,26,23,6
3227652,0,234,0,40,2,3,2,1,19,22,6
3235872,0,234,0,40,3,1,2,1,9,34,6
3236297,0,234,0,40,3,1,2,1,9,37,6
3236463,0,234,0,40,3,1,2,1,9,34,6
3236617,0,234,0,40,2,1,2,1,9,38,6
3236703,0,234,0,40,2,1,2,1,9,62,6
3197973,0,234,0,40,3,8,2,1,41,25,6
3157286,0,234,0,40,3,12,2,1,116,44,6
3167964,0,234,0,40,3,12,2,1,88,37,6
3208877,0,234,0,40,2,5,2,1,38,56,6
3207224,0,234,0,40,3,7,2,1,29,57,6
3190015,0,234,0,40,2,11,2,1,52,58,6
3218386,0,234,0,40,2,2,2,1,37,41,6
3231405,0,234,0,40,2,2,2,1,16,47,6
3204184,0,234,0,40,2,7,2,1,38,34,6
3218258,1,234,232,40,2,5,2,1,29,33,6
3194049,0,234,0,40,2,8,2,1,58,29,6
3220539,0,234,0,40,2,3,2,1,35,70,6
3236010,0,234,0,40,2,1,2,1,8,25,6
3236606,0,234,0,40,2,1,2,1,8,31,6
3236924,0,234,0,40,2,1,2,1,8,47,6
3237088,0,234,0,40,2,1,2,1,8,44,6
3157197,0,234,0,40,3,10,2,1,82,26,6
3226728,0,234,0,40,3,3,2,1,14,31,6
3204167,0,234,0,40,2,7,2,1,34,54,6
3201943,0,234,0,40,3,7,2,1,50,30,6
3187929,0,234,0,40,2,7,2,1,62,30,6
3219947,0,234,0,40,2,5,2,1,25,42,6
3197138,0,234,0,40,3,6,2,1,56,98,6
3219923,0,234,0,40,2,4,2,1,23,57,6
3191944,0,234,0,40,2,9,2,1,50,32,6
3229229,0,234,0,40,2,3,2,1,11,40,6
3222155,2,234,0,40,3,5,2,1,17,65,6
3223929,0,234,0,40,2,4,2,1,20,24,6
3210407,0,234,0,40,2,4,2,1,41,60,6
3190704,0,234,0,40,2,11,2,1,32,48,6
3233926,0,234,0,40,2,2,2,1,9,86,6
3208988,0,234,0,40,3,5,2,1,36,39,6
3181549,0,234,0,40,3,14,2,1,71,61,6
3175905,0,234,0,40,3,10,2,1,84,17,6
3231523,0,234,0,40,2,2,2,1,16,43,6
3214819,0,234,0,40,3,4,2,1,28,63,6
3233232,0,234,0,40,3,2,2,1,13,56,6
3236769,0,234,0,40,2,1,2,1,7,14,6
3237314,0,234,0,40,3,1,2,1,7,72,6
3237580,0,234,0,40,2,1,2,1,7,38,6
3232472,0,234,0,40,2,2,2,1,9,45,6
3197368,0,234,0,40,3,8,2,1,44,52,6
3222231,0,234,0,40,2,3,2,1,21,30,6
3232650,0,234,0,40,3,2,2,1,9,29,6
3222891,0,234,0,40,2,2,2,1,28,38,6
3224569,0,234,0,40,2,3,2,1,21,70,6
3218523,0,234,0,40,3,3,2,1,27,23,6
3213031,0,234,0,40,3,5,2,1,28,104,6
3216043,0,234,0,40,3,5,2,1,28,62,6
3230574,0,234,0,40,2,2,2,1,15,14,6
3212629,0,234,0,40,2,4,2,1,33,40,6
3218873,0,234,0,40,2,5,2,1,24,93,6
3153350,1,234,147,24.3472,3,14,2,1,96,57,6
3217115,0,234,0,40,3,5,2,1,32,37,6
3163865,0,234,0,40,3,16,2,1,97,106,6
3186079,0,234,0,40,3,9,2,1,61,18,6
3178043,0,234,0,40,2,9,2,1,79,20,6
3217501,0,234,0,40,2,5,2,1,25,31,6
3211850,0,234,0,40,2,5,2,1,35,38,6
3181812,0,234,0,40,2,11,2,1,71,16,6
3230214,0,234,0,40,3,3,2,1,8,45,6
3187553,0,234,0,40,3,8,2,1,60,23,6
3218778,0,234,0,40,2,4,2,1,28,44,6
3212028,0,234,0,40,2,7,2,1,33,61,6
3165789,0,234,0,40,2,13,2,1,100,34,6
3227165,0,234,0,40,3,5,2,1,16,76,6
3182175,0,234,0,40,3,11,2,1,69,19,6
3223947,0,234,0,40,3,5,2,1,19,12,6
3237581,0,234,0,40,2,1,2,1,6,61,6
3237761,0,234,0,40,3,1,2,1,6,53,6
3237831,0,234,0,40,2,1,2,1,6,49,6
3222265,0,234,0,40,3,4,2,1,17,22,6
3195350,0,234,0,40,3,6,2,1,57,24,6
3231512,0,234,0,40,2,2,2,1,8,20,6
3233635,0,234,0,40,3,2,2,1,6,32,6
3174056,0,234,0,40,3,11,2,1,78,31,6
3233225,0,234,0,40,3,2,2,1,8,23,6
3210068,0,234,0,40,3,6,2,1,26,52,6
3199562,0,234,0,40,2,8,2,1,37,47,6
3231619,0,234,0,40,2,3,2,1,12,41,6
3232525,0,234,0,40,3,2,2,1,10,56,6
3227256,0,234,0,40,3,4,2,1,12,32,6
3183780,1,234,158,29.1529,3,11,2,1,51,38,6
3186752,0,234,0,40,2,9,2,1,59,27,6
3184734,0,234,0,40,2,10,2,1,62,47,6
3211296,0,234,0,40,3,5,2,1,38,53,6
3233710,0,234,0,40,3,2,2,1,9,44,6
3229486,0,234,0,40,2,3,2,1,11,30,6
3232760,0,234,0,40,3,3,2,1,10,27,6
3234403,0,234,0,40,3,2,2,1,6,59,6
3211633,0,234,0,40,3,5,2,1,39,40,6
3192538,0,234,0,40,2,9,2,1,48,65,6
3220499,0,234,0,40,2,4,2,1,25,56,6
3234393,0,234,0,40,2,2,2,1,10,18,6
3212756,0,234,0,40,2,6,2,1,25,46,6
3232800,0,234,0,40,3,3,2,1,10,48,6
3237150,0,234,0,40,2,2,2,1,6,17,6
3234915,0,234,0,40,2,2,2,1,9,22,6
3214236,0,234,0,40,3,7,2,1,28,31,6
3235164,0,234,0,40,3,2,2,1,11,28,6
3237051,0,234,0,40,3,1,2,1,5,52,6
3237459,0,234,0,40,3,1,2,1,5,53,6
3237651,0,234,0,40,3,1,2,1,5,49,6
3238170,0,234,0,40,2,1,2,1,5,40,6
3227576,0,234,0,40,2,3,2,1,10,27,6
3221805,0,234,0,40,2,4,2,1,17,43,6
3219270,0,234,0,40,2,5,2,1,18,39,6
3217247,0,234,0,40,3,4,2,1,23,27,6
3222905,0,234,0,40,3,4,2,1,20,76,6
3215598,0,234,0,40,2,6,2,1,27,38,6
3230387,0,234,0,40,2,3,2,1,12,59,6
3199227,0,234,0,40,2,8,2,1,47,58,6
3230670,0,234,0,40,2,3,2,1,12,36,6
3162272,0,234,0,40,3,20,2,1,94,51,6
3164941,0,234,0,40,2,15,2,1,102,62,6
3196945,0,234,0,40,3,6,2,1,46,55,6
3209094,0,234,0,40,3,5,2,1,40,60,6
3186908,0,234,0,40,3,9,2,1,67,39,6
3151518,0,234,0,40,2,14,2,1,71,72,6
3224598,0,234,0,40,2,3,2,1,21,76,6
3231010,0,234,0,40,3,3,2,1,10,29,6
3214593,0,234,0,40,2,6,2,1,25,37,6
3235338,0,234,0,40,2,2,2,1,7,38,6
3192791,0,234,0,40,3,8,2,1,42,47,6
3206284,0,234,0,40,2,10,2,1,30,32,6
3198392,0,234,0,40,2,7,2,1,56,27,6
3230951,0,234,0,40,3,2,2,1,16,30,6
3207131,0,234,0,40,2,5,2,1,44,25,6
3212288,0,234,0,40,2,6,2,1,30,62,6
3225263,0,234,0,40,2,4,2,1,16,33,6
3202679,0,234,0,40,2,6,2,1,44,63,6
3220218,0,234,0,40,2,5,2,1,24,28,6
3230906,0,234,0,40,2,3,2,1,11,16,6
3230621,0,234,0,40,2,3,2,1,13,33,6
3205636,0,234,0,40,2,7,2,1,43,16,6
3152573,0,234,0,40,2,15,2,1,85,20,6
3221377,0,234,0,40,2,5,2,1,21,14,6
3212300,0,234,0,40,3,8,2,1,34,47,6
3235853,0,234,0,40,2,2,2,1,9,36,6
3152289,1,234,151,30.7049,3,16,2,1,82,12,6
3238280,0,234,0,40,3,2,2,1,5,75,6
3237179,0,234,0,40,2,1,2,1,4,85,6
3237740,0,234,0,40,2,1,2,1,4,29,6
3237876,0,234,0,40,2,1,2,1,4,29,6
3238662,0,234,0,40,3,1,2,1,4,41,6
3238676,0,234,0,40,2,1,2,1,4,43,6
3238784,0,234,0,40,3,1,2,1,4,50,6
3238924,0,234,0,40,3,1,2,1,4,29,6
3239068,0,234,0,40,3,1,2,1,4,51,6
3214275,0,234,0,40,2,7,2,1,25,59,6
3205392,0,234,0,40,2,6,2,1,40,19,6
3232593,0,234,0,40,2,2,2,1,6,35,6
3186051,0,234,0,40,2,12,2,1,50,38,6
3223959,0,234,0,40,3,3,2,1,19,37,6
3228636,0,234,0,40,2,3,2,1,14,13,6
3222465,0,234,0,40,2,4,2,1,12,54,6
3232908,0,234,0,40,2,2,2,1,9,36,6
3153526,0,234,0,40,3,14,2,1,112,46,6
3166102,0,234,0,40,2,12,2,1,94,48,6
3202082,0,234,0,40,3,7,2,1,43,15,6
3197462,0,234,0,40,3,7,2,1,45,53,6
3200383,0,234,0,40,2,7,2,1,37,62,6
3213006,0,234,0,40,3,3,2,1,41,33,6
3210712,0,234,0,40,3,6,2,1,27,31,6
3229237,0,234,0,40,3,3,2,1,12,40,6
3188448,0,234,0,40,3,11,2,1,48,29,6
3216766,0,234,0,40,2,4,2,1,30,39,6
3218626,0,234,0,40,2,5,2,1,26,34,6
3194630,1,234,181,40,2,9,2,1,54,21,6
3231764,0,234,0,40,2,3,2,1,9,34,6
3194765,0,234,0,40,3,9,2,1,45,18,6
3196790,0,234,0,40,2,10,2,1,32,42,6
3168927,0,234,0,40,2,15,2,1,75,98,6
3225769,0,234,0,40,2,4,2,1,15,37,6
3233250,0,234,0,40,3,2,2,1,9,38,6
3222224,0,234,0,40,3,4,2,1,21,49,6
3219367,0,234,0,40,2,6,2,1,17,14,6
3223674,0,234,0,40,2,4,2,1,19,53,6
3215417,0,234,0,40,2,5,2,1,28,26,6
3181232,0,234,0,40,2,14,2,1,56,52,6
3211666,0,234,0,40,3,6,2,1,40,28,6
3208850,0,234,0,40,2,7,2,1,40,64,6
3232957,0,234,0,40,2,2,2,1,12,49,6
3218251,0,234,0,40,2,6,2,1,23,56,6
3215685,0,234,0,40,3,6,2,1,24,31,6
3154906,1,234,163,40,2,14,2,1,84,20,6
3233577,0,234,0,40,2,2,2,1,13,41,6
3186308,1,234,142,40,2,9,2,1,69,47,6
3234944,0,234,0,40,2,2,2,1,10,17,6
3230105,0,234,0,40,3,4,2,1,11,36,6
3177380,1,234,126,40,2,14,2,1,82,62,6
3227936,0,234,0,40,3,3,2,1,17,60,6
3219220,0,234,0,40,2,7,2,1,25,58,6
3220563,1,234,230,26.5163,3,4,2,1,26,24,6
3204834,0,234,0,40,2,9,2,1,43,22,6
3238461,0,234,0,40,3,1,2,1,3,28,6
3238989,0,234,0,40,2,1,2,1,3,38,6
3239250,0,234,0,40,3,1,2,1,3,85,6
3239330,0,234,0,40,3,1,2,1,3,51,6
3239392,0,234,0,40,2,1,2,1,3,10,6
3239426,0,234,0,40,3,1,2,1,3,60,6
3239478,0,234,0,40,2,1,2,1,3,31,6
3200430,0,234,0,40,2,6,2,1,49,42,6
3223143,0,234,0,40,2,2,2,1,29,41,6
3220394,0,234,0,40,3,4,2,1,25,89,6
3160701,0,234,0,40,3,9,2,1,96,45,6
3227543,0,234,0,40,2,3,2,1,23,49,6
3197496,0,234,0,40,3,7,2,1,57,60,6
3187736,1,234,141,34.1105,3,10,2,1,52,64,6
3212616,0,234,0,40,3,5,2,1,35,44,6
3176176,0,234,0,40,2,13,2,1,66,32,6
3225461,0,234,0,40,2,3,2,1,20,61,6
3212925,0,234,0,40,3,4,2,1,40,43,6
3232319,0,234,0,40,3,1,2,1,17,28,6
3213600,0,234,0,40,3,3,2,1,43,28,6
3216964,0,234,0,40,3,4,2,1,31,34,6
3225708,0,234,0,40,2,3,2,1,26,75,6
3227244,0,234,0,40,2,3,2,1,17,33,6
3216575,0,234,0,40,3,4,2,1,37,92,6
3210580,0,234,0,40,3,4,2,1,51,98,6
3234434,0,234,0,40,3,1,2,1,14,17,6
3227034,0,234,0,40,3,2,2,1,17,18,6
3203211,0,234,0,40,2,6,2,1,35,22,6
3187289,0,234,0,40,3,12,2,1,53,69,6
3187791,0,234,0,40,2,9,2,1,71,51,6
3232144,0,234,0,40,2,2,2,1,15,32,6
3229173,0,234,0,40,2,2,2,1,21,36,6
3234870,0,234,0,40,2,1,2,1,13,36,6
3225004,0,234,0,40,3,3,2,1,22,24,6
3230575,0,234,0,40,2,2,2,1,15,38,6
3213323,0,234,0,40,3,5,2,1,28,53,6
3203190,0,234,0,40,2,6,2,1,46,24,6
3203189,0,234,0,40,2,8,2,1,32,50,6
3234367,0,234,0,40,3,1,2,1,12,79,6
3235216,0,234,0,40,2,1,2,1,12,21,6
3217907,0,234,0,40,2,4,2,1,28,29,6
3230608,0,234,0,40,2,2,2,1,18,58,6
3235987,0,234,0,40,3,1,2,1,11,62,6
3191040,0,234,0,40,3,12,2,1,44,25,6
3162410,0,234,0,40,2,14,2,1,94,39,6
3229390,0,234,0,40,2,2,2,1,17,59,6
3187495,0,234,0,40,3,13,2,1,59,28,6
3203403,0,234,0,40,2,8,2,1,35,50,6
3225428,0,234,0,40,3,4,2,1,19,58,6
3236689,0,234,0,40,2,1,2,1,10,42,6
3213317,0,234,0,40,3,4,2,1,39,16,6
3208306,0,234,0,40,3,6,2,1,35,57,6
3186109,0,234,0,40,2,9,2,1,50,31,6
3189305,0,234,0,40,3,9,2,1,53,36,6
3207963,0,234,0,40,2,8,2,1,36,21,6
3232038,0,234,0,40,3,2,2,1,15,17,6
3231050,0,234,0,40,2,3,2,1,15,42,6
3237184,0,234,0,40,2,1,2,1,9,45,6
3186675,0,234,0,40,3,8,2,1,70,53,6
3223586,0,234,0,40,3,3,2,1,18,43,6
3202538,0,234,0,40,2,9,2,1,37,22,6
3190570,0,234,0,40,3,7,2,1,58,40,6
3158037,0,234,0,40,3,11,2,1,70,43,6
3179223,1,234,140,40,2,10,2,1,71,36,6
3217114,0,234,0,40,2,6,2,1,27,30,6
3233827,0,234,0,40,2,2,2,1,10,36,6
3221871,0,234,0,40,2,4,2,1,19,50,6
3225888,0,234,0,40,2,3,2,1,23,46,6
3181948,0,234,0,40,2,10,2,1,82,62,6
3230511,0,234,0,40,2,2,2,1,10,17,6
3216929,0,234,0,40,3,4,2,1,34,106,6
3190982,0,234,0,40,2,9,2,1,52,54,6
3229661,0,234,0,40,2,3,2,1,12,48,6
3218834,0,234,0,40,3,5,2,1,23,57,6
3234234,0,234,0,40,3,2,2,1,9,51,6
3201137,0,234,0,40,3,5,2,1,52,21,6
3220245,0,234,0,40,3,5,2,1,24,71,6
3154435,0,234,0,40,3,12,2,1,70,37,6
3236174,0,234,0,40,3,1,2,1,7,28,6
3237015,0,234,0,40,3,1,2,1,7,74,6
3171412,0,234,0,40,3,15,2,1,77,39,6
3188416,0,234,0,40,3,10,2,1,48,45,6
3195902,0,234,0,40,2,6,2,1,61,71,6
3189816,0,234,0,40,2,9,2,1,56,40,6
3195415,0,234,0,40,2,8,2,1,47,109,6
3161169,1,234,143,32.1764,3,17,2,1,106,69,6
3226710,0,234,0,40,2,5,2,1,17,54,6
3186793,0,234,0,40,3,12,2,1,48,33,6
3215827,1,234,218,32.383,2,7,2,1,28,110,6
3222262,0,234,0,40,2,3,2,1,23,63,6
3204410,0,234,0,40,3,9,2,1,33,61,6
3215297,0,234,0,40,2,6,2,1,26,62,6
3235160,0,234,0,40,2,2,2,1,10,47,6
3232712,0,234,0,40,3,3,2,1,10,48,6
3173383,0,234,0,40,3,13,2,1,74,51,6
3237555,0,234,0,40,2,1,2,1,6,17,6
3238022,0,234,0,40,3,1,2,1,6,107,6
3238328,0,234,0,40,3,1,2,1,6,54,6
3238386,0,234,0,40,2,1,2,1,6,76,6
3200616,1,234,209,40,2,10,2,1,31,28,6
3188298,0,234,0,40,3,7,2,1,52,45,6
3232973,0,234,0,40,3,2,2,1,9,36,6
3228884,0,234,0,40,2,3,2,1,16,42,6
3235468,0,234,0,40,2,2,2,1,7,55,6
3213851,0,234,0,40,2,5,2,1,34,36,6
3198834,0,234,0,40,3,6,2,1,49,44,6
3221683,0,234,0,40,3,3,2,1,23,59,6
3175371,0,234,0,40,2,13,2,1,65,49,6
3198612,0,234,0,40,2,8,2,1,42,33,6
3213438,0,234,0,40,2,4,2,1,27,37,6
3178509,0,234,0,40,3,12,2,1,74,52,6
3230676,0,234,0,40,2,3,2,1,8,30,6
3173855,0,234,0,40,2,13,2,1,78,27,6
3215110,0,234,0,40,2,4,2,1,30,25,6
3200172,0,234,0,40,3,8,2,1,46,42,6
3156047,0,234,0,40,2,11,2,1,74,49,6
3188385,0,234,0,40,2,10,2,1,65,21,6
3236233,0,234,0,40,3,2,2,1,5,26,6
3232733,0,234,0,40,3,2,2,1,12,22,6
3234085,0,234,0,40,2,3,2,1,8,31,6
3206874,0,234,0,40,2,6,2,1,42,29,6
3232075,0,234,0,40,3,2,2,1,14,36,6
3234210,0,234,0,40,3,3,2,1,10,23,6
3234945,0,234,0,40,2,3,2,1,7,41,6
3215298,0,234,0,40,2,6,2,1,23,57,6
3233428,0,234,0,40,2,3,2,1,8,34,6
3237383,0,234,0,40,3,1,2,1,4,16,6
3238973,0,234,0,40,2,1,2,1,4,23,6
3239086,0,234,0,40,2,1,2,1,4,28,6
3239236,0,234,0,40,3,1,2,1,4,61,6
3221451,0,234,0,40,3,5,2,1,16,46,6
3230436,0,234,0,40,3,3,2,1,9,35,6
3234937,0,234,0,40,2,2,2,1,4,15,6
3216758,0,234,0,40,2,5,2,1,24,43,6
3233809,0,234,0,40,3,3,2,1,6,42,6
3235963,0,234,0,40,2,2,2,1,4,36,6
3226632,0,234,0,40,2,3,2,1,16,56,6
3215274,0,234,0,40,3,5,2,1,27,30,6
3232652,0,234,0,40,2,2,2,1,11,50,6
3232391,0,234,0,40,3,3,2,1,9,91,6
3203657,0,234,0,40,2,6,2,1,35,50,6
3151281,0,234,0,40,3,16,2,1,79,22,6
3208650,0,234,0,40,2,8,2,1,34,30,6
3151131,0,234,0,40,2,13,2,1,76,20,6
3217537,0,234,0,40,2,5,2,1,29,31,6
3227322,0,234,0,40,3,3,2,1,20,69,6
3150418,0,234,0,40,3,12,2,1,65,64,6
3162377,0,234,0,40,3,14,2,1,79,35,6
3226447,0,234,0,40,3,3,2,1,21,40,6
3179680,1,234,159,40,2,13,2,1,53,83,6
3235086,0,234,0,40,3,2,2,1,11,46,6
3222657,0,234,0,40,3,4,2,1,31,25,6
3159555,0,234,0,40,2,20,2,1,109,76,6
3226778,0,234,0,40,3,5,2,1,18,57,6
3206327,0,234,0,40,3,8,2,1,38,27,6
3238842,0,234,0,40,3,2,2,1,4,70,6
3202482,0,234,0,40,3,11,2,1,34,27,6
3238659,0,234,0,40,3,1,2,1,3,47,6
3238939,0,234,0,40,3,1,2,1,3,39,6
3239145,0,234,0,40,2,1,2,1,3,31,6
3239485,0,234,0,40,3,1,2,1,3,72,6
3239596,0,234,0,40,2,1,2,1,3,30,6
3239634,0,234,0,40,3,1,2,1,3,70,6
3239730,0,234,0,40,3,1,2,1,3,22,6
3210675,0,234,0,40,2,3,2,1,47,47,6
3225488,0,234,0,40,3,1,2,1,29,35,6
3169021,0,234,0,40,3,16,2,1,90,42,6
3212672,0,234,0,40,3,4,2,1,41,40,6
3214526,0,234,0,40,2,5,2,1,36,104,6
3209607,0,234,0,40,3,5,2,1,29,62,6
3234679,0,234,0,40,2,1,2,1,11,76,6
3234807,0,234,0,40,2,1,2,1,10,76,6
3233403,0,234,0,40,3,2,2,1,12,53,6
3154931,0,234,0,40,2,12,2,1,92,24,6
3232209,0,234,0,40,2,3,2,1,12,54,6
3238067,0,234,0,40,2,1,2,1,8,42,6
3203951,0,234,0,40,3,7,2,1,35,105,6
3228356,0,234,0,40,2,2,2,1,19,18,6
3234854,0,234,0,40,3,2,2,1,10,39,6
3225011,0,234,0,40,2,4,2,1,12,50,6
3234698,0,234,0,40,3,2,2,1,10,44,6
3222665,0,234,0,40,3,5,2,1,26,46,6
3234446,0,234,0,40,2,2,2,1,14,21,6
3166065,0,234,0,40,3,15,2,1,72,21,6
3197373,0,234,0,40,2,10,2,1,40,53,6
3227990,0,234,0,40,3,6,2,1,15,52,6
3211936,0,234,0,40,2,5,2,1,29,44,6
3172854,0,234,0,40,3,14,2,1,92,18,6
3168733,0,234,0,40,2,15,2,1,75,22,6
3188765,0,234,0,40,3,11,2,1,61,39,6
3225157,0,234,0,40,3,4,2,1,21,36,6
3238773,0,234,0,40,2,1,2,1,5,31,6
3183628,0,234,0,40,3,12,2,1,56,59,6
3197801,0,234,0,40,2,9,2,1,48,43,6
3200823,0,234,0,40,2,8,2,1,53,64,6
3224674,0,234,0,40,3,4,2,1,23,67,6
3238289,0,234,0,40,3,1,2,1,4,49,6
3239998,0,234,0,40,3,1,2,1,4,53,6
3158942,0,234,0,40,3,15,2,1,67,64,6
3189713,0,234,0,40,3,10,2,1,53,54,6
3239503,0,234,0,40,3,1,2,1,3,44,6
3237367,0,234,0,40,2,0,2,1,2,56,6
3237816,0,234,0,40,3,0,2,1,2,27,6
3237976,0,234,0,40,3,0,2,1,2,24,6
3238152,0,234,0,40,3,0,2,1,2,50,6
3238217,0,234,0,40,2,0,2,1,2,75,6
3238281,0,234,0,40,2,0,2,1,2,61,6
3238377,0,234,0,40,3,0,2,1,2,62,6
3238441,0,234,0,40,3,0,2,1,2,52,6
3238505,0,234,0,40,2,0,2,1,2,54,6
3238601,0,234,0,40,3,0,2,1,2,88,6
3238639,0,234,0,40,3,0,2,1,2,30,6
3238671,0,234,0,40,2,0,2,1,2,78,6
3238703,0,234,0,40,2,0,2,1,2,31,6
3238735,0,234,0,40,2,0,2,1,2,13,6
3238767,0,234,0,40,2,0,2,1,2,53,6
3238799,0,234,0,40,2,0,2,1,2,57,6
3238831,0,234,0,40,3,0,2,1,2,22,6
3238863,0,234,0,40,2,0,2,1,2,40,6
3238895,0,234,0,40,2,0,2,1,2,27,6
3238927,0,234,0,40,2,0,2,1,2,23,6
3238959,0,234,0,40,3,0,2,1,2,33,6
3238991,0,234,0,40,2,0,2,1,2,41,6
3239023,0,234,0,40,3,0,2,1,2,33,6
3239055,0,234,0,40,3,0,2,1,2,34,6
3239085,0,234,0,40,3,0,2,1,2,38,6
3239107,0,234,0,40,3,0,2,1,2,44,6
3239123,0,234,0,40,2,0,2,1,2,41,6
3239139,0,234,0,40,3,0,2,1,2,14,6
3239155,0,234,0,40,3,0,2,1,2,64,6
3239171,0,234,0,40,3,0,2,1,2,50,6
3239187,0,234,0,40,2,0,2,1,2,38,6
3239203,0,234,0,40,2,0,2,1,2,35,6
3239219,0,234,0,40,3,0,2,1,2,32,6
3239235,0,234,0,40,3,0,2,1,2,40,6
3239251,0,234,0,40,2,0,2,1,2,25,6
3239267,0,234,0,40,2,0,2,1,2,24,6
3239283,0,234,0,40,2,0,2,1,2,28,6
3239299,0,234,0,40,3,0,2,1,2,51,6
3239315,0,234,0,40,3,0,2,1,2,60,6
3239331,0,234,0,40,2,0,2,1,2,36,6
3239347,0,234,0,40,3,0,2,1,2,64,6
3239363,0,234,0,40,2,0,2,1,2,15,6
3239379,0,234,0,40,2,0,2,1,2,33,6
3239395,0,234,0,40,3,0,2,1,2,33,6
3239411,0,234,0,40,3,0,2,1,2,48,6
3239427,0,234,0,40,2,0,2,1,2,24,6
3239443,0,234,0,40,3,0,2,1,2,45,6
3239459,0,234,0,40,2,0,2,1,2,60,6
3239475,0,234,0,40,2,0,2,1,2,49,6
3239491,0,234,0,40,3,0,2,1,2,16,6
3239519,0,234,0,40,3,0,2,1,2,71,6
3239535,0,234,0,40,3,0,2,1,2,39,6
3239551,0,234,0,40,2,0,2,1,2,27,6
3239567,0,234,0,40,2,0,2,1,2,30,6
3239583,0,234,0,40,3,0,2,1,2,17,6
3239591,0,234,0,40,3,0,2,1,2,46,6
3239599,0,234,0,40,3,0,2,1,2,50,6
3239607,0,234,0,40,2,0,2,1,2,13,6
3239615,0,234,0,40,2,0,2,1,2,32,6
3239623,0,234,0,40,3,0,2,1,2,31,6
3239631,0,234,0,40,3,0,2,1,2,39,6
3239639,0,234,0,40,2,0,2,1,2,17,6
3239647,0,234,0,40,3,0,2,1,2,31,6
3239655,0,234,0,40,3,0,2,1,2,91,6
3239663,0,234,0,40,2,0,2,1,2,28,6
3239671,0,234,0,40,3,0,2,1,2,21,6
3239679,0,234,0,40,2,0,2,1,2,35,6
3239687,0,234,0,40,2,0,2,1,2,25,6
3239695,0,234,0,40,3,0,2,1,2,16,6
3239703,0,234,0,40,3,0,2,1,2,10,6
3239711,0,234,0,40,2,0,2,1,2,11,6
3239719,0,234,0,40,2,0,2,1,2,98,6
3239727,0,234,0,40,2,0,2,1,2,82,6
3239735,0,234,0,40,2,0,2,1,2,47,6
3239743,0,234,0,40,3,0,2,1,2,26,6
3239751,0,234,0,40,3,0,2,1,2,87,6
3239759,0,234,0,40,3,0,2,1,2,43,6
3239767,0,234,0,40,3,0,2,1,2,15,6
3239775,0,234,0,40,3,0,2,1,2,40,6
3239783,0,234,0,40,3,0,2,1,2,59,6
3239791,0,234,0,40,3,0,2,1,2,25,6
3239799,0,234,0,40,3,0,2,1,2,50,6
3239807,0,234,0,40,2,0,2,1,2,54,6
3239815,0,234,0,40,2,0,2,1,2,54,6
3239823,0,234,0,40,3,0,2,1,2,61,6
3239831,0,234,0,40,2,0,2,1,2,58,6
3239839,0,234,0,40,3,0,2,1,2,39,6
3239847,0,234,0,40,2,0,2,1,2,39,6
3239855,0,234,0,40,2,0,2,1,2,115,6
3239863,0,234,0,40,2,0,2,1,2,48,6
3239871,0,234,0,40,3,0,2,1,2,43,6
3239879,0,234,0,40,3,0,2,1,2,19,6
3239887,0,234,0,40,3,0,2,1,2,29,6
3239895,0,234,0,40,2,0,2,1,2,27,6
3239903,0,234,0,40,3,0,2,1,2,50,6
3239911,0,234,0,40,2,0,2,1,2,33,6
3239919,0,234,0,40,3,0,2,1,2,87,6
3239927,0,234,0,40,2,0,2,1,2,49,6
3239935,0,234,0,40,2,0,2,1,2,34,6
3239943,0,234,0,40,3,0,2,1,2,5,6
3239951,0,234,0,40,2,0,2,1,2,31,6
3239959,0,234,0,40,2,0,2,1,2,41,6
3239967,0,234,0,40,2,0,2,1,2,20,6
3239975,0,234,0,40,3,0,2,1,2,30,6
3239983,0,234,0,40,3,0,2,1,2,34,6
3239991,0,234,0,40,3,0,2,1,2,64,6
3239999,0,234,0,40,2,0,2,1,2,61,6
3240007,0,234,0,40,3,0,2,1,2,63,6
3240015,0,234,0,40,2,0,2,1,2,30,6
3240020,0,234,0,40,3,0,2,1,2,28,6
3240024,0,234,0,40,3,0,2,1,2,50,6
3240028,0,234,0,40,3,0,2,1,2,66,6
3240032,0,234,0,40,3,0,2,1,2,25,6
3240036,0,234,0,40,2,0,2,1,2,26,6
3240040,0,234,0,40,3,0,2,1,2,59,6
3240044,0,234,0,40,3,0,2,1,2,36,6
3240048,0,234,0,40,2,0,2,1,2,38,6
3240052,0,234,0,40,3,0,2,1,2,50,6
3240056,0,234,0,40,2,0,2,1,2,24,6
3240060,0,234,0,40,3,0,2,1,2,56,6
3240064,0,234,0,40,2,0,2,1,2,74,6
3240072,0,234,0,40,2,0,2,1,2,6,6
3240076,0,234,0,40,2,0,2,1,2,98,6
3240080,0,234,0,40,3,0,2,1,2,18,6
3240084,0,234,0,40,3,0,2,1,2,43,6
3240088,0,234,0,40,3,0,2,1,2,30,6
3240092,0,234,0,40,3,0,2,1,2,20,6
3240096,0,234,0,40,2,0,2,1,2,32,6
3240100,0,234,0,40,2,0,2,1,2,52,6
3240104,0,234,0,40,3,0,2,1,2,59,6
3240108,0,234,0,40,3,0,2,1,2,27,6
3240112,0,234,0,40,2,0,2,1,2,92,6
3240116,0,234,0,40,3,0,2,1,2,57,6
3240120,0,234,0,40,2,0,2,1,2,36,6
3240124,0,234,0,40,2,0,2,1,2,25,6
3240128,0,234,0,40,3,0,2,1,2,61,6
3240132,0,234,0,40,2,0,2,1,2,21,6
3240136,0,234,0,40,3,0,2,1,2,29,6
3240140,0,234,0,40,2,0,2,1,2,28,6
3240144,0,234,0,40,2,0,2,1,2,39,6
3240148,0,234,0,40,3,0,2,1,2,22,6
3240152,0,234,0,40,2,0,2,1,2,20,6
3240156,0,234,0,40,2,0,2,1,2,20,6
3240160,0,234,0,40,2,0,2,1,2,30,6
3240164,0,234,0,40,2,0,2,1,2,48,6
3240168,0,234,0,40,2,0,2,1,2,32,6
3240172,0,234,0,40,2,0,2,1,2,72,6
3240176,0,234,0,40,3,0,2,1,2,29,6
3240180,0,234,0,40,3,0,2,1,2,35,6
3240184,0,234,0,40,2,0,2,1,2,66,6
3240188,0,234,0,40,3,0,2,1,2,29,6
3240192,0,234,0,40,3,0,2,1,2,27,6
3240196,0,234,0,40,2,0,2,1,2,82,6
3240200,0,234,0,40,3,0,2,1,2,57,6
3240204,0,234,0,40,3,0,2,1,2,69,6
3240208,0,234,0,40,2,0,2,1,2,34,6
3240212,0,234,0,40,3,0,2,1,2,48,6
3240216,0,234,0,40,2,0,2,1,2,31,6
3240220,0,234,0,40,3,0,2,1,2,91,6
3240224,0,234,0,40,2,0,2,1,2,57,6
3240228,0,234,0,40,3,0,2,1,2,19,6
3240232,0,234,0,40,3,0,2,1,2,27,6
3240236,0,234,0,40,2,0,2,1,2,30,6
3240240,0,234,0,40,2,0,2,1,2,23,6
3240244,0,234,0,40,2,0,2,1,2,16,6
3240252,0,234,0,40,3,0,2,1,2,38,6
3240256,0,234,0,40,3,0,2,1,2,44,6
3240260,0,234,0,40,2,0,2,1,2,38,6
3240264,0,234,0,40,3,0,2,1,2,18,6
3240268,0,234,0,40,3,0,2,1,2,38,6
3240272,0,234,0,40,2,0,2,1,2,35,6
3240276,0,234,0,40,3,0,2,1,2,31,6
3240284,0,234,0,40,3,0,2,1,2,59,6
3240288,0,234,0,40,2,0,2,1,2,28,6
3240292,0,234,0,40,3,0,2,1,2,47,6
3240296,0,234,0,40,2,0,2,1,2,52,6
3240300,0,234,0,40,3,0,2,1,2,69,6
3240304,0,234,0,40,3,0,2,1,2,44,6
3240308,0,234,0,40,2,0,2,1,2,90,6
3240312,0,234,0,40,3,0,2,1,2,68,6
3240316,0,234,0,40,3,0,2,1,2,37,6
3240320,0,234,0,40,3,0,2,1,2,42,6
3240324,0,234,0,40,3,0,2,1,2,50,6
3240328,0,234,0,40,2,0,2,1,2,12,6
3240332,0,234,0,40,2,0,2,1,2,10,6
3240336,0,234,0,40,3,0,2,1,2,12,6
3240340,0,234,0,40,3,0,2,1,2,23,6
3240344,0,234,0,40,3,0,2,1,2,36,6
3240348,0,234,0,40,3,0,2,1,2,70,6
3240352,0,234,0,40,3,0,2,1,2,28,6
3240356,0,234,0,40,2,0,2,1,2,37,6
3240360,0,234,0,40,3,0,2,1,2,11,6
3240364,0,234,0,40,3,0,2,1,2,38,6
3240368,0,234,0,40,3,0,2,1,2,43,6
3240372,0,234,0,40,3,0,2,1,2,37,6
3240376,0,234,0,40,3,0,2,1,2,62,6
3240380,0,234,0,40,2,0,2,1,2,83,6
3240384,0,234,0,40,2,0,2,1,2,37,6
3240388,0,234,0,40,3,0,2,1,2,67,6
3240392,0,234,0,40,2,0,2,1,2,44,6
3240396,0,234,0,40,2,0,2,1,2,8,6
3240400,0,234,0,40,3,0,2,1,2,20,6
3240404,0,234,0,40,2,0,2,1,2,28,6
3240408,0,234,0,40,2,0,2,1,2,26,6
3240412,0,234,0,40,2,0,2,1,2,40,6
3240416,0,234,0,40,2,0,2,1,2,41,6
3240420,0,234,0,40,3,0,2,1,2,35,6
3240424,0,234,0,40,3,0,2,1,2,29,6
3240428,0,234,0,40,2,0,2,1,2,63,6
3240432,0,234,0,40,2,0,2,1,2,40,6
3240436,0,234,0,40,2,0,2,1,2,30,6
3240440,0,234,0,40,3,0,2,1,2,54,6
3240444,0,234,0,40,3,0,2,1,2,47,6
3240448,0,234,0,40,3,0,2,1,2,35,6
3240452,0,234,0,40,2,0,2,1,2,49,6
3240456,0,234,0,40,3,0,2,1,2,28,6
3240460,0,234,0,40,3,0,2,1,2,21,6
3240464,0,234,0,40,3,0,2,1,2,50,6
3240468,0,234,0,40,3,0,2,1,2,15,6
3240472,0,234,0,40,2,0,2,1,2,62,6
3240476,0,234,0,40,3,0,2,1,2,66,6
3240480,0,234,0,40,2,0,2,1,2,52,6
3240483,0,234,0,40,2,0,2,1,2,48,6
3240485,0,234,0,40,3,0,2,1,2,63,6
3240487,0,234,0,40,3,0,2,1,2,67,6
3240489,0,234,0,40,2,0,2,1,2,41,6
3240491,0,234,0,40,2,0,2,1,2,37,6
3240493,0,234,0,40,2,0,2,1,2,19,6
3240495,0,234,0,40,2,0,2,1,2,64,6
3240497,0,234,0,40,3,0,2,1,2,78,6
3240499,0,234,0,40,3,0,2,1,2,36,6
3240501,0,234,0,40,3,0,2,1,2,47,6
3240503,0,234,0,40,2,0,2,1,2,70,6
3240505,0,234,0,40,3,0,2,1,2,16,6
3240507,0,234,0,40,2,0,2,1,2,57,6
3240509,0,234,0,40,3,0,2,1,2,30,6
3240511,0,234,0,40,2,0,2,1,2,61,6
3240513,0,234,0,40,3,0,2,1,2,28,6
3240515,0,234,0,40,2,0,2,1,2,38,6
3240517,0,234,0,40,3,0,2,1,2,32,6
3240519,0,234,0,40,2,0,2,1,2,24,6
3240521,0,234,0,40,2,0,2,1,2,32,6
3240523,0,234,0,40,2,0,2,1,2,39,6
3240525,0,234,0,40,2,0,2,1,2,32,6
3240527,0,234,0,40,3,0,2,1,2,51,6
3240529,0,234,0,40,3,0,2,1,2,37,6
3240531,0,234,0,40,3,0,2,1,2,29,6
3240533,0,234,0,40,3,0,2,1,2,31,6
3240535,0,234,0,40,2,0,2,1,2,30,6
3240537,0,234,0,40,3,0,2,1,2,22,6
3240539,0,234,0,40,3,0,2,1,2,29,6
3240541,0,234,0,40,3,0,2,1,2,65,6
3240543,0,234,0,40,2,0,2,1,2,36,6
3240545,0,234,0,40,3,0,2,1,2,43,6
3240547,0,234,0,40,2,0,2,1,2,29,6
3240549,0,234,0,40,2,0,2,1,2,32,6
3240551,0,234,0,40,2,0,2,1,2,28,6
3240553,0,234,0,40,2,0,2,1,2,93,6
3240555,0,234,0,40,3,0,2,1,2,47,6
3240557,0,234,0,40,2,0,2,1,2,40,6
3240559,0,234,0,40,2,0,2,1,2,16,6
3240561,0,234,0,40,2,0,2,1,2,22,6
3240563,0,234,0,40,2,0,2,1,2,33,6
3240565,0,234,0,40,3,0,2,1,2,27,6
3240567,0,234,0,40,3,0,2,1,2,55,6
3240569,0,234,0,40,2,0,2,1,2,86,6
3240571,0,234,0,40,2,0,2,1,2,29,6
3240573,0,234,0,40,2,0,2,1,2,52,6
3240575,0,234,0,40,3,0,2,1,2,27,6
3240577,0,234,0,40,2,0,2,1,2,38,6
3240579,0,234,0,40,2,0,2,1,2,30,6
3240581,0,234,0,40,2,0,2,1,2,45,6
3240583,0,234,0,40,3,0,2,1,2,48,6
3240585,0,234,0,40,3,0,2,1,2,90,6
3240587,0,234,0,40,2,0,2,1,2,50,6
3240589,0,234,0,40,3,0,2,1,2,63,6
3240591,0,234,0,40,2,0,2,1,2,28,6
3240593,0,234,0,40,3,0,2,1,2,44,6
3240597,0,234,0,40,3,0,2,1,2,25,6
3240599,0,234,0,40,3,0,2,1,2,45,6
3240601,0,234,0,40,3,0,2,1,2,36,6
3240603,0,234,0,40,3,0,2,1,2,55,6
3240605,0,234,0,40,2,0,2,1,2,27,6
3240607,0,234,0,40,2,0,2,1,2,19,6
3240609,0,234,0,40,3,0,2,1,2,27,6
3240611,0,234,0,40,3,0,2,1,2,45,6
3240613,0,234,0,40,2,0,2,1,2,35,6
3240615,0,234,0,40,2,0,2,1,2,47,6
3240617,0,234,0,40,2,0,2,1,2,41,6
3240619,0,234,0,40,3,0,2,1,2,41,6
3240621,0,234,0,40,3,0,2,1,2,24,6
3240623,0,234,0,40,3,0,2,1,2,51,6
3240625,0,234,0,40,2,0,2,1,2,26,6
3240629,0,234,0,40,2,0,2,1,2,52,6
3240631,0,234,0,40,3,0,2,1,2,23,6
3240633,0,234,0,40,3,0,2,1,2,47,6
3240635,0,234,0,40,3,0,2,1,2,32,6
3240637,0,234,0,40,3,0,2,1,2,45,6
3240639,0,234,0,40,2,0,2,1,2,35,6
3240641,0,234,0,40,3,0,2,1,2,42,6
3240643,0,234,0,40,2,0,2,1,2,63,6
3240645,0,234,0,40,3,0,2,1,2,32,6
3240647,0,234,0,40,2,0,2,1,2,95,6
3240649,0,234,0,40,3,0,2,1,2,23,6
3240651,0,234,0,40,2,0,2,1,2,26,6
3240653,0,234,0,40,3,0,2,1,2,89,6
3240655,0,234,0,40,2,0,2,1,2,24,6
3240657,0,234,0,40,3,0,2,1,2,42,6
3240661,0,234,0,40,3,0,2,1,2,22,6
3240663,0,234,0,40,2,0,2,1,2,33,6
3240665,0,234,0,40,3,0,2,1,2,44,6
3240667,0,234,0,40,3,0,2,1,2,59,6
3240669,0,234,0,40,2,0,2,1,2,75,6
3240671,0,234,0,40,2,0,2,1,2,49,6
3240673,0,234,0,40,3,0,2,1,2,24,6
3240675,0,234,0,40,2,0,2,1,2,57,6
3240677,0,234,0,40,2,0,2,1,2,75,6
3240679,0,234,0,40,3,0,2,1,2,42,6
3240681,0,234,0,40,3,0,2,1,2,23,6
3240683,0,234,0,40,2,0,2,1,2,44,6
3240685,0,234,0,40,3,0,2,1,2,72,6
3240687,0,234,0,40,2,0,2,1,2,48,6
3240689,0,234,0,40,3,0,2,1,2,82,6
3240691,0,234,0,40,2,0,2,1,2,20,6
3240693,0,234,0,40,2,0,2,1,2,58,6
3240695,0,234,0,40,2,0,2,1,2,44,6
3240697,0,234,0,40,3,0,2,1,2,64,6
3240699,0,234,0,40,2,0,2,1,2,31,6
3240701,0,234,0,40,3,0,2,1,2,45,6
3240705,0,234,0,40,2,0,2,1,2,16,6
3240707,0,234,0,40,3,0,2,1,2,25,6
3240709,0,234,0,40,2,0,2,1,2,46,6
3240711,0,234,0,40,2,0,2,1,2,34,6
3240713,0,234,0,40,2,0,2,1,2,37,6
3240715,0,234,0,40,3,0,2,1,2,19,6
3240717,0,234,0,40,3,0,2,1,2,83,6
3240719,0,234,0,40,3,0,2,1,2,31,6
3240721,0,234,0,40,3,0,2,1,2,38,6
3240723,0,234,0,40,2,0,2,1,2,55,6
3240725,0,234,0,40,3,0,2,1,2,55,6
3240727,0,234,0,40,2,0,2,1,2,24,6
3240729,0,234,0,40,2,0,2,1,2,16,6
3240731,0,234,0,40,2,0,2,1,2,62,6
3240733,0,234,0,40,2,0,2,1,2,58,6
3240735,0,234,0,40,3,0,2,1,2,39,6
3240737,0,234,0,40,3,0,2,1,2,22,6
3240739,0,234,0,40,2,0,2,1,2,69,6
3240741,0,234,0,40,3,0,2,1,2,82,6
3240743,0,234,0,40,3,0,2,1,2,38,6
3240745,0,234,0,40,3,0,2,1,2,39,6
3240747,0,234,0,40,2,0,2,1,2,25,6
3240749,0,234,0,40,3,0,2,1,2,51,6
3240753,0,234,0,40,2,0,2,1,2,21,6
3240755,0,234,0,40,3,0,2,1,2,50,6
3240757,0,234,0,40,2,0,2,1,2,50,6
3240759,0,234,0,40,2,0,2,1,2,51,6
3240761,0,234,0,40,3,0,2,1,2,33,6
3240763,0,234,0,40,3,0,2,1,2,16,6
3240765,0,234,0,40,2,0,2,1,2,34,6
3240767,0,234,0,40,2,0,2,1,2,49,6
3240769,0,234,0,40,3,0,2,1,2,42,6
3240771,0,234,0,40,3,0,2,1,2,62,6
3240773,0,234,0,40,3,0,2,1,2,50,6
3240775,0,234,0,40,3,0,2,1,2,32,6
3240777,0,234,0,40,2,0,2,1,2,45,6
3240779,0,234,0,40,3,0,2,1,2,25,6
3240781,0,234,0,40,3,0,2,1,2,51,6
3240783,0,234,0,40,3,0,2,1,2,42,6
3240785,0,234,0,40,3,0,2,1,2,60,6
3240787,0,234,0,40,2,0,2,1,2,53,6
3240789,0,234,0,40,2,0,2,1,2,46,6
3240791,0,234,0,40,3,0,2,1,2,59,6
3240793,0,234,0,40,2,0,2,1,2,39,6
3240795,0,234,0,40,2,0,2,1,2,72,6
3240797,0,234,0,40,2,0,2,1,2,14,6
3240799,0,234,0,40,2,0,2,1,2,45,6
3240801,0,234,0,40,3,0,2,1,2,91,6
3240803,0,234,0,40,3,0,2,1,2,44,6
3240805,0,234,0,40,3,0,2,1,2,41,6
3240807,0,234,0,40,2,0,2,1,2,23,6
3240809,0,234,0,40,3,0,2,1,2,58,6
3240811,0,234,0,40,3,0,2,1,2,42,6
3240813,0,234,0,40,2,0,2,1,2,44,6
3240815,0,234,0,40,2,0,2,1,2,12,6
3240817,0,234,0,40,3,0,2,1,2,33,6
3240819,0,234,0,40,2,0,2,1,2,47,6
3240821,0,234,0,40,3,0,2,1,2,20,6
3240823,0,234,0,40,3,0,2,1,2,65,6
3240825,0,234,0,40,2,0,2,1,2,42,6
3240827,0,234,0,40,2,0,2,1,2,61,6
3240829,0,234,0,40,2,0,2,1,2,64,6
3240833,0,234,0,40,3,0,2,1,2,32,6
3240835,0,234,0,40,3,0,2,1,2,65,6
3240837,0,234,0,40,2,0,2,1,2,40,6
3240841,0,234,0,40,3,0,2,1,2,32,6
3240843,0,234,0,40,3,0,2,1,2,54,6
3240845,0,234,0,40,3,0,2,1,2,12,6
3240847,0,234,0,40,3,0,2,1,2,51,6
3240849,0,234,0,40,2,0,2,1,2,21,6
3240851,0,234,0,40,3,0,2,1,2,47,6
3240853,0,234,0,40,3,0,2,1,2,35,6
3240855,0,234,0,40,2,0,2,1,2,30,6
3240859,0,234,0,40,3,0,2,1,2,35,6
3240861,0,234,0,40,2,0,2,1,2,45,6
3240863,0,234,0,40,2,0,2,1,2,18,6
3240865,0,234,0,40,3,0,2,1,2,16,6
3240869,0,234,0,40,3,0,2,1,2,33,6
3240871,0,234,0,40,3,0,2,1,2,40,6
3240873,0,234,0,40,3,0,2,1,2,87,6
3240875,0,234,0,40,3,0,2,1,2,56,6
3240877,0,234,0,40,2,0,2,1,2,47,6
3240879,0,234,0,40,3,0,2,1,2,29,6
3240881,0,234,0,40,3,0,2,1,2,28,6
3240883,0,234,0,40,2,0,2,1,2,36,6
3240885,0,234,0,40,3,0,2,1,2,16,6
3240887,0,234,0,40,3,0,2,1,2,65,6
3240889,0,234,0,40,2,0,2,1,2,68,6
3240891,0,234,0,40,3,0,2,1,2,37,6
3240893,0,234,0,40,2,0,2,1,2,13,6
3240895,0,234,0,40,3,0,2,1,2,64,6
3240897,0,234,0,40,2,0,2,1,2,18,6
3240899,0,234,0,40,2,0,2,1,2,53,6
3240901,0,234,0,40,2,0,2,1,2,50,6
3240903,0,234,0,40,3,0,2,1,2,37,6
3240905,0,234,0,40,3,0,2,1,2,29,6
3240907,0,234,0,40,2,0,2,1,2,58,6
3240909,0,234,0,40,3,0,2,1,2,24,6
3240911,0,234,0,40,3,0,2,1,2,44,6
3240913,0,234,0,40,3,0,2,1,2,32,6
3240915,0,234,0,40,2,0,2,1,2,56,6
3240917,0,234,0,40,2,0,2,1,2,53,6
3240921,0,234,0,40,2,0,2,1,2,69,6
3240923,0,234,0,40,3,0,2,1,2,76,6
3240927,0,234,0,40,2,0,2,1,2,39,6
3240929,0,234,0,40,3,0,2,1,2,89,6
3240931,0,234,0,40,3,0,2,1,2,25,6
3240933,0,234,0,40,3,0,2,1,2,23,6
3240935,0,234,0,40,3,0,2,1,2,43,6
3240937,0,234,0,40,3,0,2,1,2,36,6
3240939,0,234,0,40,2,0,2,1,2,73,6
3240941,0,234,0,40,3,0,2,1,2,38,6
3240943,0,234,0,40,2,0,2,1,2,38,6
3240945,0,234,0,40,2,0,2,1,2,77,6
3240947,0,234,0,40,3,0,2,1,2,31,6
3240949,0,234,0,40,2,0,2,1,2,83,6
3240953,0,234,0,40,3,0,2,1,2,24,6
3240955,0,234,0,40,2,0,2,1,2,9,6
3240957,0,234,0,40,3,0,2,1,2,18,6
3240959,0,234,0,40,3,0,2,1,2,34,6
3240961,0,234,0,40,3,0,2,1,2,24,6
3240963,0,234,0,40,3,0,2,1,2,35,6
3240965,0,234,0,40,2,0,2,1,2,63,6
3240967,0,234,0,40,3,0,2,1,2,55,6
3240969,0,234,0,40,2,0,2,1,2,23,6
3240971,0,234,0,40,2,0,2,1,2,45,6
3240973,0,234,0,40,3,0,2,1,2,48,6
3240975,0,234,0,40,2,0,2,1,2,33,6
3240977,0,234,0,40,3,0,2,1,2,28,6
3240979,0,234,0,40,3,0,2,1,2,26,6
3240981,0,234,0,40,2,0,2,1,2,47,6
3240983,0,234,0,40,2,0,2,1,2,33,6
3240985,0,234,0,40,3,0,2,1,2,53,6
3240987,0,234,0,40,2,0,2,1,2,44,6
3240989,0,234,0,40,3,0,2,1,2,42,6
3240991,0,234,0,40,3,0,2,1,2,66,6
3240993,0,234,0,40,2,0,2,1,2,14,6
3240995,0,234,0,40,3,0,2,1,2,79,6
3240997,0,234,0,40,2,0,2,1,2,37,6
3240999,0,234,0,40,3,0,2,1,2,12,6
3241001,0,234,0,40,3,0,2,1,2,66,6
