id,inf_state,current_time,infected_time,ct_value,ct_type_method,number_of_bites,species,sex,current_age,death_day,sim_number,
1860115,0,103,0,40,3,1,2,1,45,49,3
1861020,0,103,0,40,2,0,2,1,43,15,3
1861555,0,103,0,40,3,0,2,1,40,14,3
1861887,0,103,0,40,2,0,2,1,38,52,3
1861985,0,103,0,40,2,0,2,1,38,50,3
1862151,0,103,0,40,2,0,2,1,37,27,3
1853020,0,103,0,40,2,0,2,1,41,29,3
1862122,0,103,0,40,3,0,2,1,36,31,3
1862239,0,103,0,40,2,0,2,1,36,37,3
1862357,0,103,0,40,2,0,2,1,36,28,3
1862214,0,103,0,40,3,0,2,1,35,38,3
1862600,0,103,0,40,3,0,2,1,34,91,3
1858984,0,103,0,40,2,2,2,1,47,55,3
1859620,0,103,0,40,3,1,2,1,43,47,3
1859495,0,103,0,40,2,2,2,1,43,33,3
1860870,0,103,0,40,3,2,2,1,39,76,3
1862253,0,103,0,40,3,1,2,1,33,24,3
1861218,0,103,0,40,2,2,2,1,37,17,3
1862609,0,103,0,40,2,0,2,1,32,72,3
1862937,0,103,0,40,3,0,2,1,32,25,3
1863051,0,103,0,40,2,0,2,1,32,18,3
1850105,0,103,0,40,3,10,2,1,66,42,3
1862379,0,103,0,40,3,1,2,1,32,78,3
1860491,0,103,0,40,2,3,2,1,38,28,3
1862226,0,103,0,40,2,1,2,1,33,42,3
1862728,0,103,0,40,2,0,2,1,31,24,3
1863207,0,103,0,40,3,0,2,1,31,37,3
1859363,0,103,0,40,2,4,2,1,41,36,3
1861638,0,103,0,40,2,1,2,1,36,48,3
1849200,0,103,0,40,3,1,2,1,37,96,3
1863000,0,103,0,40,2,0,2,1,30,52,3
1863360,0,103,0,40,2,0,2,1,30,34,3
1860208,0,103,0,40,2,2,2,1,38,62,3
1863004,0,103,0,40,2,0,2,1,29,39,3
1861685,0,103,0,40,3,1,2,1,30,34,3
1860195,0,103,0,40,3,2,2,1,34,81,3
1862217,0,103,0,40,2,1,2,1,34,59,3
1862748,0,103,0,40,3,0,2,1,28,40,3
1862916,0,103,0,40,3,0,2,1,28,26,3
1863791,0,103,0,40,3,0,2,1,28,76,3
1863965,0,103,0,40,2,0,2,1,28,28,3
1854353,0,103,0,40,3,0,2,1,34,29,3
1854334,0,103,0,40,3,1,2,1,38,53,3
1849692,0,103,0,40,2,2,2,1,50,51,3
1861350,0,103,0,40,2,2,2,1,30,48,3
1861297,0,103,0,40,3,1,2,1,34,27,3
1860329,0,103,0,40,3,4,2,1,39,38,3
1851224,0,103,0,40,2,4,2,1,45,41,3
1863894,0,103,0,40,2,0,2,1,27,52,3
1863962,0,103,0,40,2,0,2,1,27,34,3
1864134,0,103,0,40,2,0,2,1,27,59,3
1864218,0,103,0,40,2,0,2,1,27,51,3
1853823,0,103,0,40,3,0,2,1,39,63,3
1859329,0,103,0,40,3,0,2,1,27,64,3
1862080,0,103,0,40,3,1,2,1,27,35,3
1861167,0,103,0,40,2,1,2,1,36,35,3
1860174,0,103,0,40,3,2,2,1,39,21,3
1862370,0,103,0,40,2,1,2,1,29,41,3
1862823,0,103,0,40,2,1,2,1,29,66,3
1862389,0,103,0,40,3,1,2,1,32,15,3
1860142,0,103,0,40,3,3,2,1,37,35,3
1860948,0,103,0,40,2,2,2,1,40,40,3
1863089,0,103,0,40,2,1,2,1,31,23,3
1863760,0,103,0,40,2,0,2,1,26,27,3
1864105,0,103,0,40,3,0,2,1,26,41,3
1864121,0,103,0,40,2,0,2,1,26,56,3
1864169,0,103,0,40,2,0,2,1,26,48,3
1864460,0,103,0,40,2,0,2,1,26,61,3
1856727,0,103,0,40,3,2,2,1,34,33,3
1858387,0,103,0,40,3,0,2,1,27,22,3
1860277,0,103,0,40,3,0,2,1,29,39,3
1861344,0,103,0,40,3,2,2,1,31,28,3
1862400,0,103,0,40,2,1,2,1,30,34,3
1860529,0,103,0,40,2,2,2,1,42,75,3
1861443,0,103,0,40,3,1,2,1,39,106,3
1861149,0,103,0,40,3,2,2,1,33,56,3
1863896,0,103,0,40,2,0,2,1,25,59,3
1864047,0,103,0,40,2,0,2,1,25,23,3
1864223,0,103,0,40,3,0,2,1,25,25,3
1864257,0,103,0,40,3,0,2,1,25,28,3
1864533,0,103,0,40,3,0,2,1,25,28,3
1864585,0,103,0,40,2,0,2,1,25,27,3
1864595,0,103,0,40,2,0,2,1,25,20,3
1853806,0,103,0,40,2,0,2,1,31,28,3
1861660,0,103,0,40,2,2,2,1,27,38,3
1859541,0,103,0,40,2,2,2,1,41,55,3
1863334,0,103,0,40,2,1,2,1,26,28,3
1859590,0,103,0,40,2,2,2,1,47,40,3
1859830,0,103,0,40,3,3,2,1,43,29,3
1863743,0,103,0,40,2,1,2,1,26,35,3
1864067,0,103,0,40,3,0,2,1,24,44,3
1864486,0,103,0,40,2,0,2,1,24,47,3
1864590,0,103,0,40,2,0,2,1,24,14,3
1864658,0,103,0,40,3,0,2,1,24,24,3
1864882,0,103,0,40,2,0,2,1,24,61,3
1850195,0,103,0,40,3,0,2,1,28,93,3
1856009,0,103,0,40,2,1,2,1,43,77,3
1855641,0,103,0,40,3,2,2,1,48,31,3
1853015,0,103,0,40,3,0,2,1,43,41,3
1857931,0,103,0,40,2,0,2,1,24,60,3
1859979,0,103,0,40,2,2,2,1,34,54,3
1860492,0,103,0,40,3,2,2,1,36,58,3
1863529,0,103,0,40,2,1,2,1,24,45,3
1859553,0,103,0,40,2,1,2,1,50,40,3
1862225,0,103,0,40,2,1,2,1,32,54,3
1862634,0,103,0,40,2,1,2,1,30,27,3
1860078,0,103,0,40,3,2,2,1,27,27,3
1861895,0,103,0,40,2,1,2,1,35,53,3
1862959,0,103,0,40,3,1,2,1,29,28,3
1863244,0,103,0,40,3,1,2,1,26,17,3
1863200,0,103,0,40,2,1,2,1,25,27,3
1862073,0,103,0,40,3,1,2,1,35,46,3
1857873,0,103,0,40,2,1,2,1,37,22,3
1860456,0,103,0,40,2,3,2,1,33,52,3
1864059,0,103,0,40,2,0,2,1,23,43,3
1864307,0,103,0,40,3,0,2,1,23,26,3
1864540,0,103,0,40,2,0,2,1,23,41,3
1864857,0,103,0,40,3,0,2,1,23,45,3
1864921,0,103,0,40,2,0,2,1,23,32,3
1865062,0,103,0,40,3,0,2,1,23,57,3
1865126,0,103,0,40,2,0,2,1,23,42,3
1865162,0,103,0,40,3,0,2,1,23,48,3
1865196,0,103,0,40,2,0,2,1,23,46,3
1848333,0,103,0,40,3,0,2,1,27,40,3
1854914,0,103,0,40,2,0,2,1,23,23,3
1850291,0,103,0,40,3,2,2,1,28,40,3
1859135,0,103,0,40,3,0,2,1,28,54,3
1861065,0,103,0,40,3,2,2,1,31,70,3
1861655,0,103,0,40,2,2,2,1,29,41,3
1849806,0,103,0,40,3,4,2,1,41,43,3
1859738,0,103,0,40,2,1,2,1,47,45,3
1860825,0,103,0,40,3,3,2,1,32,19,3
1853712,0,103,0,40,3,2,2,1,47,20,3
1862593,0,103,0,40,2,1,2,1,26,87,3
1863314,0,103,0,40,2,1,2,1,25,37,3
1860347,0,103,0,40,3,1,2,1,44,55,3
1861866,0,103,0,40,2,1,2,1,32,39,3
1863330,0,103,0,40,3,1,2,1,26,36,3
1859912,0,103,0,40,2,3,2,1,41,55,3
1861964,0,103,0,40,3,1,2,1,34,49,3
1863186,0,103,0,40,3,1,2,1,27,63,3
1863280,0,103,0,40,2,1,2,1,25,43,3
1850472,0,103,0,40,3,2,2,1,44,47,3
1863731,0,103,0,40,3,1,2,1,27,47,3
1860241,0,103,0,40,3,4,2,1,39,49,3
1861600,0,103,0,40,2,1,2,1,37,59,3
1863143,0,103,0,40,2,1,2,1,30,28,3
1854280,0,103,0,40,3,1,2,1,40,17,3
1864363,0,103,0,40,3,0,2,1,22,40,3
1864779,0,103,0,40,3,0,2,1,22,23,3
1864899,0,103,0,40,3,0,2,1,22,31,3
1864979,0,103,0,40,3,0,2,1,22,34,3
1865015,0,103,0,40,2,0,2,1,22,28,3
1865163,0,103,0,40,2,0,2,1,22,32,3
1865215,0,103,0,40,2,0,2,1,22,47,3
1865221,0,103,0,40,2,0,2,1,22,32,3
1865307,0,103,0,40,2,0,2,1,22,24,3
1865311,0,103,0,40,3,0,2,1,22,25,3
1865317,0,103,0,40,3,0,2,1,22,51,3
1865387,0,103,0,40,3,0,2,1,22,50,3
1865395,0,103,0,40,2,0,2,1,22,39,3
1850456,0,103,0,40,2,0,2,1,25,81,3
1853234,0,103,0,40,3,0,2,1,23,34,3
1851311,0,103,0,40,3,0,2,1,31,29,3
1854349,0,103,0,40,2,0,2,1,29,41,3
1852734,0,103,0,40,2,1,2,1,29,22,3
1854097,0,103,0,40,3,1,2,1,23,50,3
1851221,0,103,0,40,3,3,2,1,50,53,3
1860276,0,103,0,40,2,0,2,1,23,36,3
1862909,0,103,0,40,2,1,2,1,23,66,3
1861933,0,103,0,40,2,3,2,1,26,49,3
1859440,0,103,0,40,2,3,2,1,38,53,3
1863010,0,103,0,40,2,1,2,1,24,21,3
1863368,0,103,0,40,3,1,2,1,23,36,3
1863569,0,103,0,40,3,1,2,1,22,35,3
1861970,0,103,0,40,2,2,2,1,26,40,3
1863695,0,103,0,40,2,1,2,1,23,17,3
1855973,0,103,0,40,2,1,2,1,32,27,3
1863396,0,103,0,40,3,1,2,1,25,114,3
1862718,0,103,0,40,2,2,2,1,25,27,3
1864064,0,103,0,40,3,1,2,1,22,18,3
1860747,0,103,0,40,2,2,2,1,34,39,3
1863634,0,103,0,40,3,1,2,1,24,60,3
1849260,0,103,0,40,2,1,2,1,38,62,3
1861911,0,103,0,40,2,2,2,1,33,53,3
1864114,0,103,0,40,3,1,2,1,24,41,3
1857737,0,103,0,40,3,8,2,1,61,44,3
1862054,0,103,0,40,2,2,2,1,30,44,3
1862218,0,103,0,40,3,2,2,1,30,43,3
1861032,0,103,0,40,2,2,2,1,32,79,3
1860928,0,103,0,40,3,3,2,1,33,47,3
1861840,0,103,0,40,2,1,2,1,36,30,3
1863015,0,103,0,40,2,1,2,1,31,30,3
1863404,0,103,0,40,2,1,2,1,29,35,3
1864343,0,103,0,40,3,1,2,1,23,21,3
1861255,0,103,0,40,3,3,2,1,27,72,3
1864443,0,103,0,40,3,0,2,1,21,67,3
1864935,0,103,0,40,3,0,2,1,21,51,3
1865041,0,103,0,40,2,0,2,1,21,49,3
1865276,0,103,0,40,3,0,2,1,21,36,3
1865420,0,103,0,40,3,0,2,1,21,54,3
1865455,0,103,0,40,3,0,2,1,21,74,3
1865457,0,103,0,40,3,0,2,1,21,38,3
1865489,0,103,0,40,3,0,2,1,21,28,3
1865523,0,103,0,40,3,0,2,1,21,56,3
1865563,0,103,0,40,3,0,2,1,21,38,3
1865675,0,103,0,40,2,0,2,1,21,26,3
1857381,0,103,0,40,3,0,2,1,21,46,3
1857679,0,103,0,40,3,0,2,1,21,31,3
1850627,0,103,0,40,3,0,2,1,24,36,3
1854852,0,103,0,40,3,0,2,1,37,42,3
1852671,0,103,0,40,3,0,2,1,30,49,3
1855091,0,103,0,40,3,0,2,1,27,40,3
1856688,0,103,0,40,3,0,2,1,38,70,3
1851637,0,103,0,40,3,0,2,1,27,41,3
1848689,0,103,0,40,3,0,2,1,33,20,3
1850703,0,103,0,40,2,1,2,1,28,74,3
1859222,0,103,0,40,3,0,2,1,29,68,3
1858696,0,103,0,40,3,1,2,1,28,46,3
1861803,0,103,0,40,3,1,2,1,32,27,3
1848214,0,103,0,40,2,2,2,1,24,13,3
1860191,0,103,0,40,3,2,2,1,40,32,3
1863299,0,103,0,40,2,1,2,1,25,102,3
1862884,0,103,0,40,3,1,2,1,24,66,3
1855279,0,103,0,40,2,7,2,1,77,25,3
1848360,0,103,0,40,3,1,2,1,32,35,3
1861312,0,103,0,40,3,2,2,1,26,90,3
1860853,0,103,0,40,2,3,2,1,28,28,3
1861731,0,103,0,40,2,1,2,1,35,55,3
1853623,0,103,0,40,2,1,2,1,33,26,3
1863068,0,103,0,40,2,1,2,1,25,34,3
1851098,0,103,0,40,2,1,2,1,31,11,3
1861710,0,103,0,40,3,2,2,1,32,63,3
1860009,0,103,0,40,2,5,2,1,35,32,3
1862575,0,103,0,40,3,2,2,1,24,31,3
1859493,0,103,0,40,3,4,2,1,39,47,3
1861708,0,103,0,40,3,3,2,1,29,48,3
1861205,0,103,0,40,2,2,2,1,31,18,3
1862158,0,103,0,40,3,2,2,1,28,39,3
1864019,0,103,0,40,3,1,2,1,23,41,3
1864852,0,103,0,40,2,1,2,1,22,46,3
1864557,0,103,0,40,2,2,2,1,22,25,3
1856699,0,103,0,40,2,1,2,1,34,49,3
1864296,0,103,0,40,2,2,2,1,25,50,3
1864775,0,103,0,40,2,0,2,1,20,17,3
1864847,0,103,0,40,2,0,2,1,20,17,3
1864911,0,103,0,40,2,0,2,1,20,50,3
1865218,0,103,0,40,3,0,2,1,20,21,3
1865322,0,103,0,40,2,0,2,1,20,62,3
1865370,0,103,0,40,2,0,2,1,20,35,3
1865520,0,103,0,40,2,0,2,1,20,64,3
1865588,0,103,0,40,3,0,2,1,20,49,3
1865612,0,103,0,40,3,0,2,1,20,23,3
1865632,0,103,0,40,2,0,2,1,20,35,3
1865706,0,103,0,40,2,0,2,1,20,74,3
1865742,0,103,0,40,2,0,2,1,20,53,3
1865774,0,103,0,40,3,0,2,1,20,25,3
1865824,0,103,0,40,2,0,2,1,20,52,3
1865904,0,103,0,40,3,0,2,1,20,80,3
1865910,0,103,0,40,3,0,2,1,20,10,3
1857634,0,103,0,40,2,0,2,1,33,69,3
1848387,0,103,0,40,3,0,2,1,24,27,3
1849764,0,103,0,40,2,2,2,1,34,21,3
1857847,0,103,0,40,3,0,2,1,25,52,3
1859149,0,103,0,40,3,1,2,1,24,96,3
1860571,0,103,0,40,2,0,2,1,21,24,3
1862843,0,103,0,40,2,1,2,1,25,43,3
1863803,0,103,0,40,3,1,2,1,21,31,3
1863439,0,103,0,40,2,1,2,1,20,19,3
1859802,0,103,0,40,2,3,2,1,36,42,3
1864124,0,103,0,40,3,1,2,1,21,12,3
1860180,0,103,0,40,3,3,2,1,38,32,3
1861063,0,103,0,40,2,2,2,1,27,41,3
1862562,0,103,0,40,2,2,2,1,25,30,3
1859338,0,103,0,40,3,4,2,1,36,49,3
1864330,0,103,0,40,2,1,2,1,21,51,3
1853804,0,103,0,40,3,2,2,1,35,29,3
1862475,0,103,0,40,2,2,2,1,29,29,3
1864558,0,103,0,40,3,1,2,1,20,42,3
1864754,0,103,0,40,2,1,2,1,20,34,3
1863504,0,103,0,40,3,1,2,1,27,20,3
1856472,0,103,0,40,2,1,2,1,24,65,3
1852515,0,103,0,40,2,4,2,1,33,74,3
1864215,0,103,0,40,2,1,2,1,22,50,3
1859008,0,103,0,40,3,6,2,1,35,35,3
1848026,0,103,0,40,3,1,2,1,25,34,3
1859516,0,103,0,40,3,1,2,1,22,26,3
1862671,0,103,0,40,3,2,2,1,25,53,3
1864445,0,103,0,40,3,1,2,1,23,19,3
1862956,0,103,0,40,2,1,2,1,28,34,3
1865037,0,103,0,40,2,0,2,1,19,84,3
1865133,0,103,0,40,2,0,2,1,19,45,3
1865366,0,103,0,40,2,0,2,1,19,34,3
1865538,0,103,0,40,3,0,2,1,19,45,3
1865642,0,103,0,40,3,0,2,1,19,36,3
1865789,0,103,0,40,3,0,2,1,19,53,3
1865921,0,103,0,40,2,0,2,1,19,52,3
1865983,0,103,0,40,3,0,2,1,19,61,3
1866047,0,103,0,40,3,0,2,1,19,33,3
1866091,0,103,0,40,2,0,2,1,19,36,3
1866149,0,103,0,40,3,0,2,1,19,25,3
1866151,0,103,0,40,2,0,2,1,19,69,3
1866161,0,103,0,40,2,0,2,1,19,41,3
1866181,0,103,0,40,2,0,2,1,19,33,3
1866207,0,103,0,40,2,0,2,1,19,85,3
1866209,0,103,0,40,2,0,2,1,19,38,3
1848780,0,103,0,40,2,0,2,1,20,25,3
1849824,0,103,0,40,2,0,2,1,23,56,3
1852673,0,103,0,40,2,0,2,1,23,14,3
1852467,0,103,0,40,2,0,2,1,21,21,3
1849008,0,103,0,40,3,1,2,1,23,36,3
1853536,0,103,0,40,2,1,2,1,22,30,3
1848385,0,103,0,40,3,1,2,1,25,63,3
1854753,0,103,0,40,3,0,2,1,43,17,3
1847930,0,103,0,40,3,1,2,1,30,84,3
1850911,0,103,0,40,3,0,2,1,37,93,3
1850113,0,103,0,40,2,2,2,1,34,69,3
1852395,0,103,0,40,3,4,2,1,44,22,3
1858881,0,103,0,40,3,0,2,1,20,26,3
1860337,0,103,0,40,3,0,2,1,24,21,3
1860285,0,103,0,40,2,3,2,1,36,30,3
1860284,0,103,0,40,2,2,2,1,32,28,3
1861742,0,103,0,40,3,2,2,1,26,51,3
1847906,0,103,0,40,2,1,2,1,29,35,3
1861138,0,103,0,40,3,2,2,1,32,19,3
1863071,0,103,0,40,3,1,2,1,26,64,3
1862193,0,103,0,40,3,2,2,1,29,34,3
1863455,0,103,0,40,2,1,2,1,21,26,3
1864214,0,103,0,40,3,1,2,1,22,39,3
1854361,0,103,0,40,3,2,2,1,26,57,3
1864045,0,103,0,40,2,1,2,1,21,35,3
1864055,0,103,0,40,2,1,2,1,20,55,3
1863872,0,103,0,40,3,1,2,1,19,62,3
1850264,0,103,0,40,3,4,2,1,54,32,3
1863295,0,103,0,40,3,1,2,1,27,34,3
1859936,0,103,0,40,2,3,2,1,31,51,3
1863343,0,103,0,40,2,1,2,1,23,67,3
1864563,0,103,0,40,3,1,2,1,21,38,3
1859850,0,103,0,40,3,4,2,1,33,38,3
1860530,0,103,0,40,2,1,2,1,19,32,3
1863459,0,103,0,40,2,1,2,1,25,13,3
1862716,0,103,0,40,2,1,2,1,24,56,3
1864554,0,103,0,40,2,1,2,1,21,17,3
1864933,0,103,0,40,3,1,2,1,20,42,3
1861150,0,103,0,40,2,4,2,1,30,39,3
1864947,0,103,0,40,2,1,2,1,19,72,3
1849947,0,103,0,40,2,1,2,1,22,29,3
1861381,0,103,0,40,3,1,2,1,39,36,3
1862751,0,103,0,40,3,2,2,1,25,42,3
1865147,0,103,0,40,3,1,2,1,20,41,3
1865017,0,103,0,40,2,1,2,1,19,17,3
1860979,0,103,0,40,3,4,2,1,26,21,3
1865938,0,103,0,40,3,1,2,1,19,47,3
1865149,0,103,0,40,3,0,2,1,18,49,3
1865646,0,103,0,40,3,0,2,1,18,46,3
1865879,0,103,0,40,3,0,2,1,18,30,3
1865964,0,103,0,40,2,0,2,1,18,40,3
1866012,0,103,0,40,3,0,2,1,18,24,3
1866024,0,103,0,40,3,0,2,1,18,80,3
1866120,0,103,0,40,2,0,2,1,18,67,3
1866140,0,103,0,40,2,0,2,1,18,73,3
1866188,0,103,0,40,3,0,2,1,18,42,3
1866240,0,103,0,40,3,0,2,1,18,39,3
1866258,0,103,0,40,3,0,2,1,18,41,3
1866268,0,103,0,40,2,0,2,1,18,88,3
1866322,0,103,0,40,2,0,2,1,18,31,3
1866394,0,103,0,40,3,0,2,1,18,44,3
1866426,0,103,0,40,3,0,2,1,18,59,3
1866432,0,103,0,40,2,0,2,1,18,23,3
1866478,0,103,0,40,2,0,2,1,18,17,3
1866498,0,103,0,40,2,0,2,1,18,13,3
1866528,0,103,0,40,2,0,2,1,18,24,3
1857536,0,103,0,40,3,0,2,1,20,71,3
1852519,0,103,0,40,2,0,2,1,20,61,3
1854628,0,103,0,40,2,0,2,1,20,60,3
1854766,0,103,0,40,3,0,2,1,32,61,3
1850465,0,103,0,40,3,0,2,1,20,66,3
1853632,0,103,0,40,2,0,2,1,25,35,3
1848584,0,103,0,40,3,0,2,1,38,91,3
1856147,0,103,0,40,3,0,2,1,23,30,3
1848736,0,103,0,40,2,0,2,1,27,46,3
1849340,0,103,0,40,2,0,2,1,33,42,3
1855275,0,103,0,40,2,0,2,1,31,10,3
1850704,0,103,0,40,3,1,2,1,29,18,3
1852584,0,103,0,40,3,2,2,1,46,49,3
1851242,0,103,0,40,3,1,2,1,30,24,3
1852936,0,103,0,40,3,2,2,1,36,42,3
1858162,0,103,0,40,2,0,2,1,21,73,3
1852823,0,103,0,40,2,4,2,1,48,35,3
1858873,0,103,0,40,3,2,2,1,33,38,3
1861318,0,103,0,40,2,1,2,1,26,34,3
1860909,0,103,0,40,2,2,2,1,27,69,3
1863484,0,103,0,40,2,1,2,1,22,46,3
1863570,0,103,0,40,2,1,2,1,21,54,3
1860290,0,103,0,40,2,2,2,1,37,45,3
1864372,0,103,0,40,2,1,2,1,20,23,3
1864758,0,103,0,40,3,1,2,1,18,48,3
1861764,0,103,0,40,3,2,2,1,29,31,3
1860812,0,103,0,40,2,2,2,1,30,63,3
1862880,0,103,0,40,2,1,2,1,26,50,3
1863598,0,103,0,40,3,1,2,1,23,85,3
1863802,0,103,0,40,3,1,2,1,22,35,3
1864229,0,103,0,40,2,1,2,1,21,47,3
1864396,0,103,0,40,2,1,2,1,21,16,3
1864721,0,103,0,40,3,1,2,1,20,9,3
1850396,0,103,0,40,2,1,2,1,36,29,3
1861827,0,103,0,40,3,1,2,1,35,43,3
1860985,0,103,0,40,3,2,2,1,34,38,3
1862412,0,103,0,40,2,2,2,1,28,41,3
1863514,0,103,0,40,2,1,2,1,26,26,3
1860234,0,103,0,40,2,3,2,1,35,60,3
1860661,0,103,0,40,3,3,2,1,35,43,3
1856783,0,103,0,40,2,6,2,1,42,37,3
1856681,0,103,0,40,3,2,2,1,38,28,3
1862547,0,103,0,40,2,2,2,1,26,40,3
1861239,0,103,0,40,3,2,2,1,33,63,3
1865182,0,103,0,40,3,1,2,1,19,29,3
1853515,0,103,0,40,2,1,2,1,23,56,3
1860962,0,103,0,40,2,2,2,1,29,52,3
1862779,0,103,0,40,2,2,2,1,23,16,3
1860258,0,103,0,40,3,1,2,1,21,39,3
1854782,0,103,0,40,3,1,2,1,27,54,3
1862101,0,103,0,40,2,4,2,1,24,40,3
1864889,0,103,0,40,3,1,2,1,20,49,3
1860494,0,103,0,40,3,2,2,1,33,10,3
1862907,0,103,0,40,2,2,2,1,26,30,3
1859137,0,103,0,40,3,5,2,1,44,74,3
1856896,0,103,0,40,3,1,2,1,30,62,3
1862127,0,103,0,40,3,2,2,1,26,57,3
1861952,0,103,0,40,3,3,2,1,29,55,3
1852856,0,103,0,40,2,4,2,1,40,42,3
1862701,0,103,0,40,3,1,2,1,29,32,3
1861730,0,103,0,40,2,3,2,1,28,44,3
1862911,0,103,0,40,3,2,2,1,24,32,3
1864117,0,103,0,40,2,2,2,1,21,44,3
1865386,0,103,0,40,2,1,2,1,18,24,3
1849587,0,103,0,40,3,1,2,1,26,43,3
1847872,1,103,0,40,2,1,2,1,21,51,3
1864271,0,103,0,40,3,1,2,1,23,60,3
1853488,0,103,0,40,3,2,2,1,27,41,3
1863789,0,103,0,40,2,2,2,1,24,43,3
1865047,0,103,0,40,3,1,2,1,21,53,3
1865607,0,103,0,40,3,1,2,1,20,63,3
1859250,0,103,0,40,2,2,2,1,29,43,3
1865358,0,103,0,40,3,0,2,1,17,26,3
1865962,0,103,0,40,3,0,2,1,17,12,3
1865986,0,103,0,40,2,0,2,1,17,37,3
1866018,0,103,0,40,3,0,2,1,17,51,3
1866146,0,103,0,40,2,0,2,1,17,10,3
1866162,0,103,0,40,2,0,2,1,17,50,3
1866281,0,103,0,40,3,0,2,1,17,29,3
1866285,0,103,0,40,2,0,2,1,17,21,3
1866353,0,103,0,40,2,0,2,1,17,42,3
1866393,0,103,0,40,2,0,2,1,17,55,3
1866425,0,103,0,40,3,0,2,1,17,79,3
1866437,0,103,0,40,3,0,2,1,17,56,3
1866489,0,103,0,40,3,0,2,1,17,46,3
1866513,0,103,0,40,2,0,2,1,17,36,3
1866545,0,103,0,40,3,0,2,1,17,49,3
1866571,0,103,0,40,2,0,2,1,17,34,3
1866589,0,103,0,40,3,0,2,1,17,50,3
1866605,0,103,0,40,2,0,2,1,17,97,3
1866619,0,103,0,40,3,0,2,1,17,62,3
1866637,0,103,0,40,3,0,2,1,17,57,3
1866675,0,103,0,40,3,0,2,1,17,73,3
1866699,0,103,0,40,2,0,2,1,17,35,3
1866709,0,103,0,40,3,0,2,1,17,29,3
1866759,0,103,0,40,2,0,2,1,17,54,3
1866779,0,103,0,40,3,0,2,1,17,43,3
1849738,0,103,0,40,2,0,2,1,19,41,3
1852389,0,103,0,40,2,0,2,1,21,39,3
1854878,0,103,0,40,2,0,2,1,20,22,3
1851563,0,103,0,40,2,0,2,1,23,61,3
1852253,0,103,0,40,2,0,2,1,21,62,3
1853306,0,103,0,40,3,0,2,1,20,54,3
1854277,0,103,0,40,3,1,2,1,29,21,3
1849063,0,103,0,40,3,1,2,1,18,36,3
1857390,0,103,0,40,3,0,2,1,27,40,3
1854185,0,103,0,40,2,2,2,1,23,50,3
1848417,0,103,0,40,3,1,2,1,29,53,3
1857095,0,103,0,40,3,1,2,1,28,59,3
1858670,0,103,0,40,2,0,2,1,17,32,3
1858567,0,103,0,40,2,1,2,1,22,44,3
1859101,0,103,0,40,3,1,2,1,23,37,3
1859172,0,103,0,40,2,2,2,1,23,19,3
1861934,0,103,0,40,2,2,2,1,21,65,3
1863901,0,103,0,40,3,1,2,1,17,29,3
1864016,0,103,0,40,3,1,2,1,17,62,3
1861526,0,103,0,40,3,2,2,1,27,48,3
1848963,0,103,0,40,2,7,2,1,72,41,3
1857662,0,103,0,40,3,1,2,1,24,23,3
1864432,0,103,0,40,3,1,2,1,18,13,3
1861716,0,103,0,40,2,1,2,1,30,17,3
1859622,0,103,0,40,2,1,2,1,25,36,3
1861751,0,103,0,40,3,3,2,1,27,54,3
1862322,0,103,0,40,3,2,2,1,23,33,3
1863612,0,103,0,40,3,1,2,1,21,47,3
1863640,0,103,0,40,2,1,2,1,19,73,3
1860695,0,103,0,40,2,2,2,1,37,50,3
1851120,0,103,0,40,3,1,2,1,31,21,3
1860500,0,103,0,40,2,3,2,1,39,85,3
1863281,0,103,0,40,3,1,2,1,26,28,3
1864166,0,103,0,40,3,1,2,1,22,40,3
1865164,0,103,0,40,2,1,2,1,18,26,3
1860829,0,103,0,40,3,2,2,1,33,66,3
1862200,0,103,0,40,2,2,2,1,28,57,3
1855338,0,103,0,40,2,1,2,1,35,83,3
1864481,0,103,0,40,2,1,2,1,21,34,3
1856305,0,103,0,40,3,3,2,1,29,54,3
1863337,0,103,0,40,2,2,2,1,22,18,3
1861775,0,103,0,40,2,3,2,1,31,79,3
1865020,0,103,0,40,3,1,2,1,19,28,3
1853542,0,103,0,40,3,1,2,1,19,45,3
1862624,0,103,0,40,3,2,2,1,29,60,3
1853094,0,103,0,40,2,4,2,1,34,66,3
1854799,0,103,0,40,3,2,2,1,29,58,3
1855129,0,103,0,40,2,1,2,1,23,95,3
1855987,0,103,0,40,2,2,2,1,34,62,3
1857686,0,103,0,40,2,4,2,1,28,115,3
1863158,0,103,0,40,2,2,2,1,22,50,3
1862598,0,103,0,40,2,2,2,1,28,39,3
1862546,0,103,0,40,2,3,2,1,27,13,3
1858493,0,103,0,40,3,1,2,1,21,17,3
1861284,0,103,0,40,3,3,2,1,31,33,3
1864872,0,103,0,40,3,2,2,1,18,41,3
1864529,0,103,0,40,2,1,2,1,23,63,3
1863400,0,103,0,40,3,2,2,1,24,58,3
1849614,0,103,0,40,3,1,2,1,21,67,3
1865216,0,103,0,40,3,1,2,1,19,70,3
1858081,0,103,0,40,3,2,2,1,23,27,3
1864063,0,103,0,40,3,2,2,1,19,21,3
1866005,0,103,0,40,3,1,2,1,17,34,3
1866073,0,103,0,40,2,1,2,1,17,57,3
1859644,0,103,0,40,3,4,2,1,35,52,3
1864180,0,103,0,40,2,2,2,1,23,65,3
1854788,0,103,0,40,3,2,2,1,28,19,3
1850228,0,103,0,40,3,5,2,1,36,37,3
1865582,0,103,0,40,3,0,2,1,16,74,3
1865654,0,103,0,40,2,0,2,1,16,34,3
1866094,0,103,0,40,2,0,2,1,16,49,3
1866158,0,103,0,40,2,0,2,1,16,20,3
1866359,0,103,0,40,3,0,2,1,16,53,3
1866463,0,103,0,40,3,0,2,1,16,50,3
1866479,0,103,0,40,3,0,2,1,16,48,3
1866568,0,103,0,40,3,0,2,1,16,31,3
1866600,0,103,0,40,2,0,2,1,16,68,3
1866632,0,103,0,40,2,0,2,1,16,46,3
1866636,0,103,0,40,2,0,2,1,16,36,3
1866688,0,103,0,40,3,0,2,1,16,17,3
1866700,0,103,0,40,3,0,2,1,16,33,3
1866708,0,103,0,40,2,0,2,1,16,76,3
1866716,0,103,0,40,2,0,2,1,16,39,3
1866740,0,103,0,40,3,0,2,1,16,36,3
1866849,0,103,0,40,2,0,2,1,16,17,3
1866867,0,103,0,40,3,0,2,1,16,17,3
1866883,0,103,0,40,2,0,2,1,16,28,3
1866917,0,103,0,40,2,0,2,1,16,41,3
1866921,0,103,0,40,2,0,2,1,16,24,3
1866943,0,103,0,40,3,0,2,1,16,23,3
1866971,0,103,0,40,3,0,2,1,16,43,3
1866991,0,103,0,40,3,0,2,1,16,35,3
1867023,0,103,0,40,3,0,2,1,16,23,3
1867027,0,103,0,40,2,0,2,1,16,47,3
1867039,0,103,0,40,2,0,2,1,16,40,3
1867041,0,103,0,40,2,0,2,1,16,38,3
1867063,0,103,0,40,2,0,2,1,16,17,3
1867089,0,103,0,40,2,0,2,1,16,50,3
1867095,0,103,0,40,3,0,2,1,16,66,3
1849509,0,103,0,40,2,0,2,1,17,46,3
1852434,0,103,0,40,2,0,2,1,19,26,3
1856582,0,103,0,40,2,0,2,1,23,34,3
1849164,0,103,0,40,3,0,2,1,20,31,3
1849288,0,103,0,40,2,0,2,1,16,38,3
1851546,0,103,0,40,2,0,2,1,18,27,3
1852203,0,103,0,40,2,0,2,1,27,43,3
1851187,0,103,0,40,2,0,2,1,20,64,3
1856801,0,103,0,40,3,1,2,1,17,40,3
1854665,0,103,0,40,2,0,2,1,20,45,3
1850989,0,103,0,40,2,0,2,1,36,33,3
1849988,0,103,0,40,2,1,2,1,26,41,3
1849072,0,103,0,40,2,1,2,1,21,32,3
1852931,0,103,0,40,3,0,2,1,24,60,3
1857513,0,103,0,40,3,0,2,1,25,54,3
1850446,0,103,0,40,3,1,2,1,22,63,3
1856072,0,103,0,40,2,3,2,1,22,61,3
1855374,0,103,0,40,3,1,2,1,28,51,3
1848991,0,103,0,40,3,1,2,1,26,42,3
1853125,0,103,0,40,2,1,2,1,32,21,3
1858116,0,103,0,40,3,0,2,1,16,14,3
1848577,0,103,0,40,2,4,2,1,39,59,3
1859075,0,103,0,40,3,0,2,1,16,47,3
1862343,0,103,0,40,2,1,2,1,22,16,3
1864013,0,103,0,40,2,1,2,1,17,58,3
1862360,0,103,0,40,2,1,2,1,26,18,3
1864048,0,103,0,40,2,1,2,1,19,83,3
1859987,0,103,0,40,3,3,2,1,38,50,3
1863152,0,103,0,40,3,1,2,1,20,20,3
1860897,0,103,0,40,3,2,2,1,31,21,3
1864472,0,103,0,40,2,1,2,1,19,32,3
1859416,0,103,0,40,2,5,2,1,30,36,3
1864969,0,103,0,40,2,1,2,1,16,42,3
1849011,0,103,0,40,2,1,2,1,18,50,3
1861234,0,103,0,40,3,3,2,1,33,70,3
1862713,0,103,0,40,2,1,2,1,27,60,3
1860487,0,103,0,40,3,3,2,1,32,85,3
1864225,0,103,0,40,2,1,2,1,20,23,3
1861172,0,103,0,40,2,4,2,1,28,34,3
1865071,0,103,0,40,3,1,2,1,16,45,3
1859714,0,103,0,40,2,3,2,1,42,50,3
1847990,0,103,0,40,3,1,2,1,40,29,3
1861223,0,103,0,40,2,3,2,1,30,69,3
1861597,0,103,0,40,3,2,2,1,31,49,3
1864773,0,103,0,40,2,1,2,1,18,36,3
1850429,0,103,0,40,3,2,2,1,27,34,3
1862561,0,103,0,40,3,3,2,1,21,30,3
1859633,0,103,0,40,3,5,2,1,26,35,3
1860604,0,103,0,40,2,3,2,1,30,78,3
1862022,0,103,0,40,2,1,2,1,32,24,3
1863418,0,103,0,40,3,1,2,1,26,52,3
1857205,0,103,0,40,2,1,2,1,32,30,3
1862395,0,103,0,40,2,2,2,1,25,23,3
1864614,0,103,0,40,2,1,2,1,20,39,3
1864948,0,103,0,40,2,1,2,1,20,13,3
1863066,0,103,0,40,2,3,2,1,24,54,3
1863525,0,103,0,40,3,2,2,1,19,51,3
1863388,0,103,0,40,2,2,2,1,24,37,3
1861094,0,103,0,40,3,3,2,1,30,43,3
1856081,0,103,0,40,2,1,2,1,18,48,3
1860113,0,103,0,40,3,1,2,1,19,36,3
1861206,0,103,0,40,2,2,2,1,31,63,3
1862174,0,103,0,40,2,2,2,1,31,54,3
1859810,0,103,0,40,3,1,2,1,24,35,3
1861461,0,103,0,40,3,3,2,1,29,24,3
1862526,0,103,0,40,2,2,2,1,25,110,3
1865385,0,103,0,40,3,1,2,1,19,46,3
1862876,0,103,0,40,2,2,2,1,23,56,3
1865708,0,103,0,40,2,1,2,1,17,60,3
1854577,0,103,0,40,2,2,2,1,25,80,3
1861577,0,103,0,40,2,2,2,1,34,39,3
1862784,0,103,0,40,3,1,2,1,29,34,3
1859655,0,103,0,40,2,3,2,1,37,19,3
1861033,0,103,0,40,3,2,2,1,34,50,3
1862311,0,103,0,40,2,3,2,1,25,42,3
1864851,0,103,0,40,3,1,2,1,20,24,3
1865335,0,103,0,40,2,1,2,1,20,46,3
1853420,0,103,0,40,2,1,2,1,35,34,3
1865513,0,103,0,40,2,1,2,1,19,57,3
1849932,0,103,0,40,3,1,2,1,21,39,3
1856788,0,103,0,40,2,2,2,1,29,46,3
1851082,0,103,0,40,2,2,2,1,32,28,3
1866288,0,103,0,40,3,1,2,1,16,62,3
1863355,0,103,0,40,2,2,2,1,23,53,3
1865055,0,103,0,40,2,1,2,1,21,46,3
1860752,0,103,0,40,2,4,2,1,36,34,3
1864920,0,103,0,40,2,2,2,1,20,29,3
1863880,0,103,0,40,3,2,2,1,19,29,3
1865767,0,103,0,40,2,0,2,1,15,53,3
1866542,0,103,0,40,2,0,2,1,15,37,3
1866558,0,103,0,40,3,0,2,1,15,37,3
1866622,0,103,0,40,2,0,2,1,15,28,3
1866646,0,103,0,40,3,0,2,1,15,56,3
1866670,0,103,0,40,3,0,2,1,15,47,3
1866694,0,103,0,40,3,0,2,1,15,89,3
1866718,0,103,0,40,3,0,2,1,15,45,3
1866750,0,103,0,40,2,0,2,1,15,30,3
1866766,0,103,0,40,3,0,2,1,15,42,3
1866810,0,103,0,40,2,0,2,1,15,37,3
1866910,0,103,0,40,2,0,2,1,15,67,3
1866930,0,103,0,40,3,0,2,1,15,55,3
1867010,0,103,0,40,2,0,2,1,15,33,3
1867018,0,103,0,40,3,0,2,1,15,63,3
1867034,0,103,0,40,3,0,2,1,15,32,3
1867038,0,103,0,40,3,0,2,1,15,23,3
1867058,0,103,0,40,2,0,2,1,15,28,3
1867070,0,103,0,40,3,0,2,1,15,28,3
1867107,0,103,0,40,3,0,2,1,15,70,3
1867111,0,103,0,40,3,0,2,1,15,51,3
1867117,0,103,0,40,2,0,2,1,15,27,3
1867135,0,103,0,40,3,0,2,1,15,85,3
1867155,0,103,0,40,3,0,2,1,15,39,3
1867167,0,103,0,40,2,0,2,1,15,20,3
1867175,0,103,0,40,3,0,2,1,15,76,3
1867221,0,103,0,40,2,0,2,1,15,42,3
1867225,0,103,0,40,3,0,2,1,15,49,3
1867279,0,103,0,40,2,0,2,1,15,50,3
1867283,0,103,0,40,2,0,2,1,15,35,3
1867293,0,103,0,40,2,0,2,1,15,42,3
1867341,0,103,0,40,3,0,2,1,15,59,3
1867351,0,103,0,40,3,0,2,1,15,44,3
1867373,0,103,0,40,2,0,2,1,15,104,3
1867375,0,103,0,40,3,0,2,1,15,42,3
1849917,0,103,0,40,3,0,2,1,16,75,3
1849944,0,103,0,40,2,0,2,1,27,38,3
1850066,0,103,0,40,3,0,2,1,24,22,3
1851903,1,103,0,40,2,0,2,1,21,48,3
1852692,0,103,0,40,3,0,2,1,19,15,3
1854784,0,103,0,40,3,0,2,1,15,26,3
1857070,0,103,0,40,2,0,2,1,20,19,3
1851469,0,103,0,40,3,0,2,1,20,39,3
1851753,0,103,0,40,3,0,2,1,20,23,3
1852018,0,103,0,40,3,0,2,1,17,41,3
1855590,0,103,0,40,2,0,2,1,21,34,3
1849024,0,103,0,40,3,0,2,1,34,53,3
1847784,0,103,0,40,2,0,2,1,18,58,3
1855799,0,103,0,40,3,1,2,1,23,55,3
1847874,0,103,0,40,2,1,2,1,20,40,3
1849116,0,103,0,40,2,0,2,1,27,56,3
1854741,0,103,0,40,2,0,2,1,36,31,3
1849013,0,103,0,40,2,1,2,1,18,37,3
1847745,0,103,0,40,2,0,2,1,26,46,3
1854088,0,103,0,40,2,1,2,1,30,80,3
1852900,0,103,0,40,3,2,2,1,30,74,3
1851198,0,103,0,40,2,1,2,1,28,23,3
1855642,0,103,0,40,2,0,2,1,34,38,3
1854586,0,103,0,40,2,1,2,1,26,61,3
1851794,0,103,0,40,2,1,2,1,19,39,3
1855812,0,103,0,40,2,2,2,1,32,91,3
1852618,0,103,0,40,2,2,2,1,33,45,3
1856371,0,103,0,40,3,2,2,1,22,47,3
1857620,0,103,0,40,3,3,2,1,21,24,3
1850059,0,103,0,40,3,2,2,1,32,34,3
1858230,0,103,0,40,2,0,2,1,19,20,3
1859317,0,103,0,40,3,0,2,1,15,8,3
1858849,0,103,0,40,2,0,2,1,25,48,3
1858884,0,103,0,40,3,1,2,1,26,10,3
1860638,0,103,0,40,3,0,2,1,16,79,3
1862947,0,103,0,40,2,1,2,1,18,34,3
1863395,0,103,0,40,2,1,2,1,17,21,3
1854866,0,103,0,40,3,1,2,1,25,41,3
1863829,0,103,0,40,2,1,2,1,19,22,3
1861996,0,103,0,40,2,2,2,1,23,41,3
1864028,0,103,0,40,2,2,2,1,16,51,3
1851760,0,103,0,40,3,1,2,1,23,56,3
1863214,0,103,0,40,3,2,2,1,19,21,3
1861384,0,103,0,40,2,1,2,1,33,21,3
1854841,0,103,0,40,2,2,2,1,40,33,3
1863997,0,103,0,40,3,1,2,1,21,42,3
1859571,0,103,0,40,2,3,2,1,33,68,3
1861486,0,103,0,40,2,2,2,1,27,35,3
1864843,0,103,0,40,2,1,2,1,15,17,3
1863772,0,103,0,40,3,1,2,1,20,38,3
1860733,0,103,0,40,2,3,2,1,28,37,3
1864035,0,103,0,40,2,1,2,1,19,25,3
1864832,0,103,0,40,3,1,2,1,18,67,3
1864567,0,103,0,40,3,2,2,1,17,44,3
1865565,0,103,0,40,2,1,2,1,15,27,3
1862006,0,103,0,40,2,1,2,1,27,36,3
1862850,0,103,0,40,3,1,2,1,27,13,3
1863732,0,103,0,40,3,1,2,1,22,38,3
1864408,0,103,0,40,3,1,2,1,21,34,3
1861506,0,103,0,40,3,2,2,1,30,21,3
1862107,0,103,0,40,2,3,2,1,26,39,3
1864435,0,103,0,40,3,1,2,1,18,12,3
1862689,0,103,0,40,2,2,2,1,22,98,3
1848187,0,103,0,40,3,2,2,1,20,34,3
1864168,0,103,0,40,3,2,2,1,20,40,3
1865257,0,103,0,40,2,2,2,1,16,31,3
1865234,0,103,0,40,2,1,2,1,15,9,3
1865882,0,103,0,40,3,1,2,1,15,36,3
1862177,0,103,0,40,3,1,2,1,33,83,3
1860303,0,103,0,40,2,2,2,1,34,33,3
1862922,0,103,0,40,3,1,2,1,27,70,3
1863188,0,103,0,40,3,1,2,1,25,85,3
1861826,0,103,0,40,3,3,2,1,26,48,3
1859753,0,103,0,40,3,5,2,1,40,43,3
1864345,0,103,0,40,3,1,2,1,21,58,3
1861490,0,103,0,40,3,3,2,1,25,39,3
1863346,0,103,0,40,3,2,2,1,23,37,3
1863467,0,103,0,40,3,2,2,1,22,32,3
1862626,0,103,0,40,2,2,2,1,28,29,3
1863688,0,103,0,40,2,1,2,1,18,26,3
1864011,0,103,0,40,2,2,2,1,18,49,3
1865388,0,103,0,40,3,1,2,1,17,41,3
1861746,0,103,0,40,3,3,2,1,22,55,3
1865492,0,103,0,40,2,1,2,1,16,66,3
1865758,0,103,0,40,3,1,2,1,16,78,3
1852304,0,103,0,40,2,3,2,1,33,61,3
1860354,0,103,0,40,2,3,2,1,32,47,3
1865999,0,103,0,40,3,1,2,1,15,37,3
1854240,0,103,0,40,3,1,2,1,24,36,3
1849776,0,103,0,40,2,2,2,1,30,25,3
1860978,0,103,0,40,2,2,2,1,35,20,3
1862744,0,103,0,40,2,2,2,1,24,33,3
1854673,0,103,0,40,3,3,2,1,34,66,3
1864525,0,103,0,40,3,2,2,1,18,30,3
1864804,0,103,0,40,2,2,2,1,19,26,3
1864640,0,103,0,40,2,1,2,1,16,32,3
1862688,0,103,0,40,2,3,2,1,25,38,3
1865114,0,103,0,40,3,2,2,1,16,40,3
1865919,0,103,0,40,2,1,2,1,15,38,3
1847951,0,103,0,40,3,1,2,1,18,34,3
1855693,0,103,0,40,3,1,2,1,19,69,3
1855363,0,103,0,40,3,3,2,1,23,15,3
1861430,0,103,0,40,3,1,2,1,36,102,3
1861677,0,103,0,40,3,3,2,1,32,25,3
1852069,0,103,0,40,2,1,2,1,24,30,3
1860749,0,103,0,40,3,3,2,1,36,67,3
1863576,0,103,0,40,2,2,2,1,21,27,3
1860828,0,103,0,40,3,3,2,1,33,37,3
1853385,0,103,0,40,2,3,2,1,28,14,3
1865768,0,103,0,40,2,1,2,1,18,64,3
1864901,0,103,0,40,2,2,2,1,21,30,3
1862470,0,103,0,40,2,3,2,1,19,34,3
1862502,0,103,0,40,2,2,2,1,23,73,3
1860634,0,103,0,40,2,4,2,1,33,57,3
1865480,0,103,0,40,2,2,2,1,17,50,3
1865911,0,103,0,40,2,1,2,1,16,79,3
1866242,0,103,0,40,2,1,2,1,16,55,3
1866340,0,103,0,40,2,1,2,1,16,18,3
1862903,0,103,0,40,2,2,2,1,27,35,3
1850802,0,103,0,40,2,2,2,1,26,61,3
1865535,0,103,0,40,2,1,2,1,20,39,3
1855625,0,103,0,40,3,1,2,1,27,37,3
1863913,0,103,0,40,3,2,2,1,26,37,3
1861568,0,103,0,40,3,2,2,1,34,64,3
1864284,0,103,0,40,2,2,2,1,23,83,3
1866501,0,103,0,40,2,1,2,1,16,15,3
1863715,0,103,0,40,2,3,2,1,23,52,3
1854226,0,103,0,40,2,1,2,1,29,33,3
1865630,0,103,0,40,3,1,2,1,18,70,3
1864475,0,103,0,40,3,2,2,1,17,24,3
1866182,0,103,0,40,2,0,2,1,14,86,3
1866642,0,103,0,40,2,0,2,1,14,45,3
1866690,0,103,0,40,3,0,2,1,14,34,3
1866722,0,103,0,40,2,0,2,1,14,27,3
1866984,0,103,0,40,3,0,2,1,14,59,3
1867096,0,103,0,40,3,0,2,1,14,15,3
1867112,0,103,0,40,2,0,2,1,14,19,3
1867128,0,103,0,40,3,0,2,1,14,73,3
1867152,0,103,0,40,3,0,2,1,14,39,3
1867184,0,103,0,40,2,0,2,1,14,27,3
1867196,0,103,0,40,3,0,2,1,14,29,3
1867208,0,103,0,40,3,0,2,1,14,22,3
1867248,0,103,0,40,2,0,2,1,14,38,3
1867276,0,103,0,40,3,0,2,1,14,39,3
1867296,0,103,0,40,2,0,2,1,14,95,3
1867348,0,103,0,40,2,0,2,1,14,71,3
1867360,0,103,0,40,3,0,2,1,14,55,3
1867376,0,103,0,40,2,0,2,1,14,56,3
1867381,0,103,0,40,2,0,2,1,14,53,3
1867393,0,103,0,40,2,0,2,1,14,22,3
1867415,0,103,0,40,2,0,2,1,14,37,3
1867437,0,103,0,40,3,0,2,1,14,18,3
1867443,0,103,0,40,2,0,2,1,14,53,3
1867451,0,103,0,40,2,0,2,1,14,31,3
1867461,0,103,0,40,2,0,2,1,14,31,3
1867485,0,103,0,40,3,0,2,1,14,30,3
1867489,0,103,0,40,2,0,2,1,14,38,3
1867503,0,103,0,40,3,0,2,1,14,52,3
1867523,0,103,0,40,2,0,2,1,14,61,3
1867531,0,103,0,40,3,0,2,1,14,68,3
1867533,0,103,0,40,2,0,2,1,14,26,3
1867535,0,103,0,40,2,0,2,1,14,20,3
1867549,0,103,0,40,3,0,2,1,14,58,3
1867553,0,103,0,40,3,0,2,1,14,29,3
1867559,0,103,0,40,3,0,2,1,14,21,3
1867569,0,103,0,40,2,0,2,1,14,63,3
1867575,0,103,0,40,3,0,2,1,14,26,3
1867587,0,103,0,40,2,0,2,1,14,44,3
1867599,0,103,0,40,2,0,2,1,14,45,3
1867623,0,103,0,40,3,0,2,1,14,41,3
1867631,0,103,0,40,2,0,2,1,14,47,3
1867651,0,103,0,40,2,0,2,1,14,21,3
1867655,0,103,0,40,2,0,2,1,14,43,3
1850702,0,103,0,40,3,0,2,1,18,68,3
1851173,0,103,0,40,3,0,2,1,15,12,3
1855219,0,103,0,40,3,0,2,1,16,36,3
1848018,0,103,0,40,3,0,2,1,29,24,3
1848326,0,103,0,40,3,0,2,1,16,43,3
1853814,0,103,0,40,3,0,2,1,16,27,3
1853912,0,103,0,40,2,0,2,1,22,27,3
1856676,0,103,0,40,3,0,2,1,16,59,3
1857083,0,103,0,40,2,0,2,1,18,74,3
1850201,0,103,0,40,3,0,2,1,22,58,3
1850371,0,103,0,40,2,0,2,1,20,63,3
1852319,0,103,0,40,3,0,2,1,22,35,3
1853025,0,103,0,40,2,0,2,1,17,19,3
1857422,0,103,0,40,3,0,2,1,26,93,3
1857518,0,103,0,40,3,0,2,1,18,22,3
1848829,0,103,0,40,2,0,2,1,30,88,3
1856401,0,103,0,40,3,0,2,1,21,42,3
1847890,0,103,0,40,2,0,2,1,25,25,3
1851229,0,103,0,40,3,0,2,1,22,32,3
1848046,0,103,0,40,3,1,2,1,23,56,3
1849170,0,103,0,40,2,1,2,1,15,25,3
1857254,0,103,0,40,2,1,2,1,20,47,3
1847999,0,103,0,40,2,1,2,1,26,52,3
1855228,0,103,0,40,2,0,2,1,24,32,3
1851543,0,103,0,40,3,1,2,1,15,69,3
1855667,0,103,0,40,3,2,2,1,18,33,3
1856642,0,103,0,40,2,1,2,1,24,53,3
1848525,0,103,0,40,3,2,2,1,22,14,3
1847913,0,103,0,40,2,2,2,1,23,41,3
1851472,0,103,0,40,3,1,2,1,33,67,3
1858005,0,103,0,40,2,0,2,1,14,42,3
1858243,0,103,0,40,3,0,2,1,15,29,3
1857924,0,103,0,40,2,1,2,1,29,40,3
1858866,0,103,0,40,2,1,2,1,24,29,3
1850952,0,103,0,40,2,3,2,1,22,21,3
1859108,0,103,0,40,2,3,2,1,34,18,3
1864240,0,103,0,40,2,1,2,1,17,55,3
1852336,0,103,0,40,3,1,2,1,20,41,3
1860084,0,103,0,40,2,6,2,1,27,49,3
1863505,0,103,0,40,2,1,2,1,21,41,3
1862271,0,103,0,40,2,3,2,1,27,41,3
1850630,0,103,0,40,3,4,2,1,32,19,3
1864518,0,103,0,40,2,1,2,1,16,91,3
1861030,0,103,0,40,3,2,2,1,32,42,3
1863327,0,103,0,40,2,1,2,1,20,50,3
1848220,0,103,0,40,2,2,2,1,29,22,3
1863215,0,103,0,40,2,2,2,1,19,42,3
1864822,0,103,0,40,3,1,2,1,17,50,3
1865078,0,103,0,40,2,1,2,1,16,29,3
1863585,0,103,0,40,2,2,2,1,19,41,3
1865659,0,103,0,40,2,1,2,1,14,35,3
1860021,0,103,0,40,3,3,2,1,38,31,3
1863581,0,103,0,40,2,1,2,1,23,116,3
1849343,0,103,0,40,2,2,2,1,48,34,3
1851718,0,103,0,40,3,2,2,1,30,50,3
1862726,0,103,0,40,3,2,2,1,19,34,3
1859739,0,103,0,40,3,5,2,1,29,24,3
1864943,0,103,0,40,2,1,2,1,14,37,3
1863046,0,103,0,40,2,1,2,1,26,37,3
1863316,0,103,0,40,3,1,2,1,24,79,3
1862853,0,103,0,40,3,2,2,1,25,46,3
1864769,0,103,0,40,2,1,2,1,18,20,3
1848990,0,103,0,40,2,1,2,1,23,55,3
1865171,0,103,0,40,3,1,2,1,17,45,3
1848109,0,103,0,40,2,1,2,1,20,52,3
1852236,0,103,0,40,2,4,2,1,31,78,3
1861614,0,103,0,40,3,2,2,1,31,26,3
1863194,0,103,0,40,3,2,2,1,22,40,3
1862283,0,103,0,40,2,3,2,1,24,21,3
1861966,0,103,0,40,2,4,2,1,21,38,3
1862987,0,103,0,40,2,1,2,1,28,12,3
1860210,0,103,0,40,3,3,2,1,32,81,3
1860641,0,103,0,40,3,2,2,1,37,30,3
1864193,0,103,0,40,2,1,2,1,22,93,3
1853037,0,103,0,40,3,2,2,1,34,80,3
1860308,0,103,0,40,2,3,2,1,40,13,3
1864688,0,103,0,40,3,1,2,1,18,51,3
1861279,0,103,0,40,2,2,2,1,32,111,3
1861479,0,103,0,40,2,4,2,1,23,37,3
1864879,0,103,0,40,3,1,2,1,16,72,3
1857015,0,103,0,40,3,1,2,1,26,20,3
1848728,0,103,0,40,2,2,2,1,19,25,3
1865975,0,103,0,40,3,1,2,1,15,65,3
1866031,0,103,0,40,2,1,2,1,15,20,3
1853299,0,103,0,40,3,3,2,1,25,11,3
1866220,0,103,0,40,2,1,2,1,14,28,3
1860877,0,103,0,40,2,1,2,1,41,68,3
1850748,0,103,0,40,2,2,2,1,41,61,3
1863879,0,103,0,40,3,1,2,1,25,37,3
1859818,0,103,0,40,3,3,2,1,37,54,3
1861654,0,103,0,40,3,4,2,1,26,25,3
1864781,0,103,0,40,3,1,2,1,20,82,3
1860709,0,103,0,40,3,4,2,1,34,66,3
1859848,0,103,0,40,2,3,2,1,37,37,3
1863658,0,103,0,40,2,2,2,1,20,106,3
1865516,0,103,0,40,2,1,2,1,17,51,3
1859071,0,103,0,40,2,5,2,1,37,62,3
1865773,0,103,0,40,3,1,2,1,16,18,3
1854008,0,103,0,40,3,1,2,1,22,66,3
1863377,0,103,0,40,2,2,2,1,20,59,3
1850817,0,103,0,40,2,3,2,1,37,47,3
1866332,0,103,0,40,2,1,2,1,15,38,3
1859530,0,103,0,40,3,1,2,1,16,42,3
1863212,0,103,0,40,3,2,2,1,22,14,3
1856525,0,103,0,40,3,1,2,1,15,56,3
1863144,0,103,0,40,2,1,2,1,26,31,3
1859527,0,103,0,40,3,5,2,1,36,41,3
1864770,0,103,0,40,2,1,2,1,22,29,3
1864941,0,103,0,40,2,1,2,1,21,31,3
1848813,0,103,0,40,2,1,2,1,26,18,3
1861993,0,103,0,40,2,2,2,1,30,25,3
1865880,0,103,0,40,3,1,2,1,18,39,3
1849204,0,103,0,40,3,1,2,1,26,77,3
1864714,0,103,0,40,3,2,2,1,18,74,3
1862702,0,103,0,40,3,3,2,1,22,49,3
1852895,0,103,0,40,3,2,2,1,22,82,3
1866186,0,103,0,40,3,1,2,1,15,97,3
1853841,0,103,0,40,3,2,2,1,19,58,3
1853386,0,103,0,40,2,1,2,1,19,50,3
1863537,0,103,0,40,2,1,2,1,28,71,3
1860864,0,103,0,40,2,3,2,1,33,41,3
1861517,0,103,0,40,2,3,2,1,31,68,3
1861805,0,103,0,40,3,2,2,1,26,77,3
1854201,0,103,0,40,3,1,2,1,27,71,3
1864994,0,103,0,40,2,2,2,1,20,57,3
1848735,0,103,0,40,2,2,2,1,21,56,3
1864077,0,103,0,40,3,3,2,1,19,47,3
1866606,0,103,0,40,3,1,2,1,14,88,3
1866970,0,103,0,40,2,1,2,1,14,31,3
1865503,0,103,0,40,2,2,2,1,20,17,3
1866804,0,103,0,40,2,0,2,1,13,42,3
1866852,0,103,0,40,3,0,2,1,13,34,3
1867118,0,103,0,40,2,0,2,1,13,52,3
1867150,0,103,0,40,3,0,2,1,13,86,3
1867166,0,103,0,40,2,0,2,1,13,54,3
1867198,0,103,0,40,2,0,2,1,13,56,3
1867270,0,103,0,40,3,0,2,1,13,60,3
1867318,0,103,0,40,3,0,2,1,13,98,3
1867326,0,103,0,40,3,0,2,1,13,40,3
1867334,0,103,0,40,2,0,2,1,13,56,3
1867412,0,103,0,40,2,0,2,1,13,57,3
1867452,0,103,0,40,3,0,2,1,13,31,3
1867464,0,103,0,40,3,0,2,1,13,49,3
1867472,0,103,0,40,2,0,2,1,13,23,3
1867504,0,103,0,40,2,0,2,1,13,41,3
1867520,0,103,0,40,3,0,2,1,13,33,3
1867536,0,103,0,40,2,0,2,1,13,49,3
1867556,0,103,0,40,3,0,2,1,13,53,3
1867560,0,103,0,40,3,0,2,1,13,31,3
1867580,0,103,0,40,3,0,2,1,13,22,3
1867588,0,103,0,40,3,0,2,1,13,29,3
1867608,0,103,0,40,3,0,2,1,13,53,3
1867612,0,103,0,40,3,0,2,1,13,17,3
1867640,0,103,0,40,2,0,2,1,13,27,3
1867648,0,103,0,40,3,0,2,1,13,38,3
1867652,0,103,0,40,2,0,2,1,13,63,3
1867684,0,103,0,40,3,0,2,1,13,36,3
1867698,0,103,0,40,3,0,2,1,13,45,3
1867710,0,103,0,40,3,0,2,1,13,24,3
1867720,0,103,0,40,3,0,2,1,13,30,3
1867750,0,103,0,40,2,0,2,1,13,52,3
1867758,0,103,0,40,2,0,2,1,13,46,3
1867776,0,103,0,40,2,0,2,1,13,46,3
1867780,0,103,0,40,3,0,2,1,13,45,3
1867784,0,103,0,40,2,0,2,1,13,18,3
1867796,0,103,0,40,3,0,2,1,13,56,3
1867816,0,103,0,40,2,0,2,1,13,28,3
1867868,0,103,0,40,2,0,2,1,13,16,3
1867884,0,103,0,40,2,0,2,1,13,9,3
1867892,0,103,0,40,2,0,2,1,13,54,3
1867896,0,103,0,40,3,0,2,1,13,29,3
1867898,0,103,0,40,2,0,2,1,13,41,3
1867916,0,103,0,40,3,0,2,1,13,46,3
1867930,0,103,0,40,3,0,2,1,13,37,3
1867946,0,103,0,40,3,0,2,1,13,64,3
1867954,0,103,0,40,3,0,2,1,13,40,3
1867956,0,103,0,40,2,0,2,1,13,76,3
1867970,0,103,0,40,2,0,2,1,13,80,3
1867984,0,103,0,40,2,0,2,1,13,67,3
1848226,0,103,0,40,2,0,2,1,24,71,3
1848901,0,103,0,40,3,0,2,1,14,47,3
1850467,0,103,0,40,2,0,2,1,16,53,3
1855774,0,103,0,40,2,0,2,1,22,26,3
1856851,0,103,0,40,2,0,2,1,13,29,3
1847981,0,103,0,40,3,0,2,1,23,44,3
1849699,0,103,0,40,3,0,2,1,22,6,3
1852229,0,103,0,40,2,0,2,1,19,25,3
1854259,0,103,0,40,2,0,2,1,31,44,3
1856730,0,103,0,40,3,0,2,1,25,45,3
1856958,0,103,0,40,3,0,2,1,17,60,3
1850841,0,103,0,40,2,0,2,1,27,15,3
1854907,0,103,0,40,3,0,2,1,22,51,3
1855429,0,103,0,40,2,0,2,1,17,36,3
1854436,0,103,0,40,3,0,2,1,24,18,3
1849198,0,103,0,40,2,0,2,1,22,15,3
1852485,0,103,0,40,3,1,2,1,19,22,3
1855704,0,103,0,40,2,0,2,1,23,26,3
1850916,0,103,0,40,3,0,2,1,23,43,3
1848983,0,103,0,40,2,1,2,1,30,33,3
1851994,0,103,0,40,3,1,2,1,23,33,3
1853766,0,103,0,40,2,2,2,1,27,23,3
1855489,0,103,0,40,3,0,2,1,33,60,3
1855476,0,103,0,40,2,1,2,1,16,41,3
1851875,0,103,0,40,3,1,2,1,20,53,3
1847797,0,103,0,40,3,1,2,1,30,57,3
1851744,0,103,0,40,2,1,2,1,35,36,3
1851680,0,103,0,40,2,0,2,1,38,21,3
1849959,0,103,0,40,2,3,2,1,27,121,3
1852719,0,103,0,40,3,2,2,1,35,33,3
1857808,0,103,0,40,2,1,2,1,17,59,3
1858057,0,103,0,40,3,0,2,1,19,59,3
1856026,0,103,0,40,3,5,2,1,37,25,3
1859022,0,103,0,40,3,1,2,1,15,52,3
1860201,0,103,0,40,2,0,2,1,13,29,3
1860387,0,103,0,40,3,0,2,1,17,35,3
1858762,0,103,0,40,3,4,2,1,33,29,3
1863834,0,103,0,40,3,1,2,1,14,19,3
1861811,0,103,0,40,2,3,2,1,24,29,3
1860537,0,103,0,40,2,2,2,1,32,89,3
1860360,0,103,0,40,3,3,2,1,27,41,3
1862867,0,103,0,40,3,2,2,1,20,45,3
1863766,0,103,0,40,3,1,2,1,20,44,3
1865637,0,103,0,40,3,1,2,1,13,21,3
1852355,0,103,0,40,2,2,2,1,33,51,3
1862437,0,103,0,40,3,2,2,1,24,19,3
1863853,0,103,0,40,3,1,2,1,21,55,3
1862591,0,103,0,40,3,2,2,1,20,28,3
1864081,0,103,0,40,2,2,2,1,17,28,3
1862752,0,103,0,40,2,2,2,1,18,31,3
1858304,0,103,0,40,3,5,2,1,49,28,3
1863869,0,103,0,40,3,1,2,1,22,30,3
1862648,0,103,0,40,3,2,2,1,24,81,3
1864249,0,103,0,40,3,1,2,1,19,70,3
1856973,0,103,0,40,3,1,2,1,24,26,3
1861335,0,103,0,40,3,2,2,1,33,54,3
1865263,0,103,0,40,2,1,2,1,16,40,3
1865369,0,103,0,40,2,1,2,1,16,34,3
1863135,0,103,0,40,2,2,2,1,20,33,3
1860564,0,103,0,40,3,3,2,1,30,20,3
1853122,0,103,0,40,3,5,2,1,27,23,3
1866201,0,103,0,40,2,1,2,1,13,127,3
1854386,0,103,0,40,3,6,2,1,24,39,3
1861931,0,103,0,40,2,1,2,1,33,29,3
1862570,0,103,0,40,3,1,2,1,29,12,3
1861806,0,103,0,40,2,2,2,1,29,34,3
1848907,0,103,0,40,3,1,2,1,23,42,3
1864806,0,103,0,40,2,1,2,1,19,60,3
1863907,0,103,0,40,2,2,2,1,20,96,3
1860178,0,103,0,40,3,2,2,1,40,27,3
1865649,0,103,0,40,2,1,2,1,16,56,3
1862304,0,103,0,40,2,3,2,1,23,74,3
1865616,0,103,0,40,2,1,2,1,15,42,3
1853972,0,103,0,40,3,2,2,1,28,26,3
1862839,0,103,0,40,3,2,2,1,23,18,3
1862259,0,103,0,40,3,3,2,1,28,45,3
1856283,0,103,0,40,3,2,2,1,26,9,3
1863851,0,103,0,40,2,2,2,1,21,51,3
1866000,0,103,0,40,2,1,2,1,13,52,3
1860715,0,103,0,40,2,3,2,1,33,45,3
1861772,0,103,0,40,2,2,2,1,29,31,3
1862213,0,103,0,40,2,2,2,1,27,78,3
1864142,0,103,0,40,3,1,2,1,23,46,3
1862482,0,103,0,40,2,2,2,1,24,87,3
1862007,0,103,0,40,3,2,2,1,30,45,3
1864258,0,103,0,40,2,1,2,1,22,31,3
1863864,0,103,0,40,3,1,2,1,21,51,3
1861250,0,103,0,40,3,3,2,1,33,32,3
1864612,0,103,0,40,3,1,2,1,19,49,3
1854205,0,103,0,40,2,3,2,1,36,29,3
1851984,0,103,0,40,2,2,2,1,24,105,3
1865451,0,103,0,40,2,1,2,1,18,35,3
1865633,0,103,0,40,3,1,2,1,17,35,3
1863958,0,103,0,40,3,2,2,1,17,55,3
1853444,0,103,0,40,2,1,2,1,21,18,3
1861083,0,103,0,40,3,3,2,1,26,24,3
1847799,0,103,0,40,2,1,2,1,20,39,3
1863478,0,103,0,40,3,2,2,1,20,62,3
1861825,0,103,0,40,3,3,2,1,28,73,3
1866384,0,103,0,40,2,1,2,1,14,64,3
1861194,0,103,0,40,3,2,2,1,31,16,3
1861975,0,103,0,40,3,4,2,1,22,62,3
1860923,0,103,0,40,2,3,2,1,31,92,3
1852824,0,103,0,40,3,2,2,1,16,48,3
1865839,0,103,0,40,2,1,2,1,13,19,3
1861885,0,103,0,40,3,2,2,1,34,55,3
1860489,0,103,0,40,2,3,2,1,32,62,3
1860569,0,103,0,40,2,3,2,1,34,33,3
1864838,0,103,0,40,3,1,2,1,21,29,3
1858240,0,103,0,40,2,3,2,1,23,65,3
1852051,1,103,90,34.3489,2,1,2,1,23,54,3
1861980,0,103,0,40,2,3,2,1,27,35,3
1861702,0,103,0,40,2,4,2,1,30,47,3
1864675,0,103,0,40,3,2,2,1,20,30,3
1862139,0,103,0,40,2,3,2,1,31,42,3
1865627,0,103,0,40,2,1,2,1,18,31,3
1862531,0,103,0,40,2,2,2,1,23,35,3
1853292,0,103,0,40,3,1,2,1,33,55,3
1860478,0,103,0,40,3,3,2,1,25,44,3
1864148,0,103,0,40,3,2,2,1,20,40,3
1862824,0,103,0,40,3,2,2,1,23,66,3
1860586,0,103,0,40,3,4,2,1,34,47,3
1866008,0,103,0,40,2,1,2,1,15,21,3
1852789,0,103,0,40,2,1,2,1,20,55,3
1848903,0,103,0,40,3,1,2,1,17,20,3
1852510,0,103,0,40,3,3,2,1,38,56,3
1862469,0,103,0,40,2,3,2,1,20,55,3
1864476,0,103,0,40,3,2,2,1,22,29,3
1862495,0,103,0,40,3,2,2,1,31,66,3
1863971,0,103,0,40,3,1,2,1,26,48,3
1859096,0,103,0,40,3,5,2,1,39,29,3
1864095,0,103,0,40,2,1,2,1,23,66,3
1859883,0,103,0,40,3,2,2,1,36,62,3
1861820,0,103,0,40,2,3,2,1,29,27,3
1866023,0,103,0,40,3,1,2,1,17,39,3
1864816,0,103,0,40,3,2,2,1,18,21,3
1866765,0,103,0,40,2,1,2,1,15,46,3
1862607,0,103,0,40,2,2,2,1,27,33,3
1866728,0,103,0,40,3,1,2,1,14,34,3
1863323,0,103,0,40,2,2,2,1,16,24,3
1861713,0,103,0,40,3,3,2,1,24,24,3
1848852,0,103,0,40,3,4,2,1,26,36,3
1860901,0,103,0,40,3,4,2,1,26,41,3
1863828,0,103,0,40,3,3,2,1,19,35,3
1850812,0,103,0,40,3,1,2,1,21,43,3
1861158,0,103,0,40,3,2,2,1,36,33,3
1863397,0,103,0,40,3,1,2,1,28,26,3
1863949,0,103,0,40,2,1,2,1,27,39,3
1864619,0,103,0,40,3,1,2,1,24,44,3
1860908,0,103,0,40,2,4,2,1,31,37,3
1860346,0,103,0,40,2,4,2,1,26,21,3
1860806,0,103,0,40,2,4,2,1,27,70,3
1866442,0,103,0,40,3,1,2,1,17,68,3
1848787,0,103,0,40,2,3,2,1,24,107,3
1863325,0,103,0,40,2,2,2,1,25,42,3
1867050,0,103,0,40,2,1,2,1,14,50,3
1859256,0,103,0,40,2,7,2,1,38,21,3
1866626,0,103,0,40,2,1,2,1,13,69,3
1859974,0,103,0,40,3,3,2,1,41,96,3
1859215,0,103,0,40,2,4,2,1,41,71,3
1863332,0,103,0,40,2,3,2,1,25,35,3
1862894,0,103,0,40,2,2,2,1,26,56,3
1866467,0,103,0,40,2,1,2,1,14,19,3
1866698,0,103,0,40,2,0,2,1,12,23,3
1866908,0,103,0,40,2,0,2,1,12,21,3
1867068,0,103,0,40,3,0,2,1,12,51,3
1867194,0,103,0,40,3,0,2,1,12,40,3
1867226,0,103,0,40,3,0,2,1,12,99,3
1867258,0,103,0,40,3,0,2,1,12,40,3
1867398,0,103,0,40,3,0,2,1,12,33,3
1867430,0,103,0,40,3,0,2,1,12,60,3
1867438,0,103,0,40,2,0,2,1,12,45,3
1867478,0,103,0,40,3,0,2,1,12,29,3
1867502,0,103,0,40,2,0,2,1,12,40,3
1867550,0,103,0,40,3,0,2,1,12,39,3
1867566,0,103,0,40,3,0,2,1,12,31,3
1867582,0,103,0,40,2,0,2,1,12,45,3
1867598,0,103,0,40,3,0,2,1,12,57,3
1867614,0,103,0,40,2,0,2,1,12,44,3
1867630,0,103,0,40,3,0,2,1,12,23,3
1867670,0,103,0,40,3,0,2,1,12,29,3
1867693,0,103,0,40,2,0,2,1,12,31,3
1867709,0,103,0,40,3,0,2,1,12,42,3
1867737,0,103,0,40,3,0,2,1,12,25,3
1867789,0,103,0,40,2,0,2,1,12,41,3
1867817,0,103,0,40,2,0,2,1,12,20,3
1867829,0,103,0,40,3,0,2,1,12,52,3
1867841,0,103,0,40,2,0,2,1,12,37,3
1867849,0,103,0,40,2,0,2,1,12,24,3
1867913,0,103,0,40,2,0,2,1,12,32,3
1867961,0,103,0,40,2,0,2,1,12,33,3
1868004,0,103,0,40,2,0,2,1,12,27,3
1868010,0,103,0,40,2,0,2,1,12,15,3
1868028,0,103,0,40,3,0,2,1,12,28,3
1868038,0,103,0,40,3,0,2,1,12,38,3
1868042,0,103,0,40,3,0,2,1,12,67,3
1868046,0,103,0,40,3,0,2,1,12,45,3
1868072,0,103,0,40,2,0,2,1,12,24,3
1868080,0,103,0,40,3,0,2,1,12,31,3
1868084,0,103,0,40,2,0,2,1,12,31,3
1868096,0,103,0,40,2,0,2,1,12,34,3
1868108,0,103,0,40,2,0,2,1,12,30,3
1868116,0,103,0,40,3,0,2,1,12,37,3
1868128,0,103,0,40,2,0,2,1,12,22,3
1868152,0,103,0,40,2,0,2,1,12,42,3
1868154,0,103,0,40,2,0,2,1,12,27,3
1868176,0,103,0,40,3,0,2,1,12,50,3
1868184,0,103,0,40,3,0,2,1,12,32,3
1868190,0,103,0,40,3,0,2,1,12,29,3
1868200,0,103,0,40,3,0,2,1,12,74,3
1868202,0,103,0,40,3,0,2,1,12,26,3
1868218,0,103,0,40,2,0,2,1,12,53,3
1868234,0,103,0,40,3,0,2,1,12,22,3
1868242,0,103,0,40,3,0,2,1,12,63,3
1868246,0,103,0,40,3,0,2,1,12,48,3
1868254,0,103,0,40,2,0,2,1,12,41,3
1868260,0,103,0,40,3,0,2,1,12,35,3
1868266,0,103,0,40,3,0,2,1,12,20,3
1868276,0,103,0,40,2,0,2,1,12,23,3
1868280,0,103,0,40,3,0,2,1,12,48,3
1868284,0,103,0,40,2,0,2,1,12,69,3
1868288,0,103,0,40,2,0,2,1,12,49,3
1868290,0,103,0,40,2,0,2,1,12,14,3
1868294,0,103,0,40,2,0,2,1,12,42,3
1868302,0,103,0,40,3,0,2,1,12,52,3
1868308,0,103,0,40,2,0,2,1,12,56,3
1847787,0,103,0,40,3,0,2,1,17,64,3
1848750,0,103,0,40,3,0,2,1,13,25,3
1849811,0,103,0,40,3,0,2,1,14,40,3
1850553,0,103,0,40,3,0,2,1,16,29,3
1851248,0,103,0,40,3,0,2,1,26,39,3
1852731,0,103,0,40,3,0,2,1,21,64,3
1854104,0,103,0,40,3,0,2,1,13,56,3
1854365,0,103,0,40,3,0,2,1,15,38,3
1855500,0,103,0,40,3,0,2,1,21,18,3
1856206,0,103,0,40,3,0,2,1,25,59,3
1850232,0,103,0,40,2,0,2,1,25,58,3
1850940,0,103,0,40,2,0,2,1,16,31,3
1855229,0,103,0,40,3,0,2,1,17,68,3
1852747,0,103,0,40,2,0,2,1,14,56,3
1855305,0,103,0,40,3,0,2,1,23,56,3
1851585,0,103,0,40,3,1,2,1,16,19,3
1849555,0,103,0,40,2,0,2,1,19,45,3
1850927,0,103,0,40,2,0,2,1,17,73,3
1852780,0,103,0,40,3,0,2,1,21,39,3
1853403,0,103,0,40,3,0,2,1,30,43,3
1854144,0,103,0,40,3,0,2,1,19,51,3
1855105,0,103,0,40,2,0,2,1,16,24,3
1855755,1,103,0,40,2,0,2,1,18,98,3
1851059,0,103,0,40,2,1,2,1,20,18,3
1852362,0,103,0,40,3,1,2,1,16,49,3
1849583,0,103,0,40,3,1,2,1,18,30,3
1851979,0,103,0,40,3,1,2,1,21,101,3
1853582,0,103,0,40,3,1,2,1,26,52,3
1855494,0,103,0,40,2,1,2,1,19,34,3
1850444,0,103,0,40,3,1,2,1,18,36,3
1855556,0,103,0,40,3,1,2,1,30,25,3
1853886,0,103,0,40,3,1,2,1,28,94,3
1857096,0,103,0,40,3,1,2,1,30,71,3
1851683,0,103,0,40,2,1,2,1,25,23,3
1850314,0,103,0,40,2,2,2,1,18,50,3
1854475,0,103,0,40,3,2,2,1,26,38,3
1858344,0,103,0,40,3,0,2,1,13,67,3
1859103,0,103,0,40,3,0,2,1,12,26,3
1858373,0,103,0,40,2,1,2,1,27,16,3
1859092,0,103,0,40,2,0,2,1,14,33,3
1859032,0,103,0,40,2,1,2,1,21,56,3
1860343,0,103,0,40,3,0,2,1,16,38,3
1861567,0,103,0,40,3,2,2,1,24,55,3
1860886,0,103,0,40,3,2,2,1,26,36,3
1864789,0,103,0,40,2,1,2,1,13,40,3
1864458,0,103,0,40,3,1,2,1,17,38,3
1862746,0,103,0,40,2,2,2,1,13,28,3
1865483,0,103,0,40,2,1,2,1,12,72,3
1860751,0,103,0,40,3,1,2,1,13,32,3
1864573,0,103,0,40,2,1,2,1,17,55,3
1864753,0,103,0,40,2,1,2,1,15,48,3
1850143,0,103,0,40,2,1,2,1,20,30,3
1847838,0,103,0,40,2,2,2,1,21,23,3
1862476,0,103,0,40,3,1,2,1,27,47,3
1863479,0,103,0,40,3,1,2,1,19,37,3
1864412,0,103,0,40,2,2,2,1,19,21,3
1856519,0,103,0,40,2,1,2,1,22,50,3
1861147,0,103,0,40,3,3,2,1,24,37,3
1863303,0,103,0,40,2,3,2,1,19,29,3
1864983,0,103,0,40,2,1,2,1,14,43,3
1865820,0,103,0,40,3,1,2,1,13,23,3
1859319,0,103,0,40,3,5,2,1,31,25,3
1860282,0,103,0,40,2,3,2,1,29,25,3
1860217,0,103,0,40,2,4,2,1,23,26,3
1854124,0,103,0,40,3,1,2,1,18,35,3
1860068,0,103,0,40,2,4,2,1,31,22,3
1861652,0,103,0,40,3,1,2,1,27,50,3
1860599,0,103,0,40,2,1,2,1,24,34,3
1864320,0,103,0,40,2,1,2,1,20,37,3
1861349,0,103,0,40,3,2,2,1,29,40,3
1864699,0,103,0,40,2,1,2,1,19,44,3
1863621,0,103,0,40,3,2,2,1,19,39,3
1865247,0,103,0,40,2,1,2,1,16,71,3
1864477,0,103,0,40,3,2,2,1,17,33,3
1860221,0,103,0,40,3,3,2,1,34,37,3
1850975,0,103,0,40,3,2,2,1,27,53,3
1865902,0,103,0,40,3,1,2,1,14,32,3
1856965,0,103,0,40,3,3,2,1,26,23,3
1862955,0,103,0,40,2,2,2,1,21,56,3
1861656,0,103,0,40,3,3,2,1,23,57,3
1863445,0,103,0,40,2,2,2,1,15,31,3
1866136,0,103,0,40,3,1,2,1,12,119,3
1850490,0,103,0,40,3,1,2,1,25,34,3
1860605,0,103,0,40,3,2,2,1,37,52,3
1863127,0,103,0,40,2,1,2,1,26,55,3
1860631,0,103,0,40,3,2,2,1,34,27,3
1858064,0,103,0,40,2,6,2,1,50,24,3
1863579,0,103,0,40,2,2,2,1,23,39,3
1856998,0,103,0,40,2,2,2,1,23,49,3
1861578,0,103,0,40,2,4,2,1,28,33,3
1861213,0,103,0,40,2,2,2,1,32,26,3
1859472,0,103,0,40,3,2,2,1,36,43,3
1854420,0,103,0,40,3,2,2,1,28,30,3
1865052,0,103,0,40,3,1,2,1,18,47,3
1863029,0,103,0,40,3,2,2,1,23,28,3
1854928,0,103,0,40,3,6,2,1,36,37,3
1862851,0,103,0,40,3,2,2,1,19,33,3
1847767,0,103,0,40,3,3,2,1,25,67,3
1862100,0,103,0,40,2,3,2,1,19,51,3
1859896,0,103,0,40,3,2,2,1,23,42,3
1865434,0,103,0,40,3,1,2,1,15,83,3
1857727,0,103,0,40,3,2,2,1,26,28,3
1855306,0,103,0,40,3,2,2,1,24,61,3
1849237,0,103,0,40,2,1,2,1,25,39,3
1855979,0,103,0,40,2,2,2,1,23,37,3
1852861,0,103,0,40,2,1,2,1,13,55,3
1864846,0,103,0,40,2,2,2,1,14,70,3
1861264,0,103,0,40,3,4,2,1,28,42,3
1865539,0,103,0,40,3,2,2,1,13,25,3
1851835,0,103,0,40,3,3,2,1,24,48,3
1866505,0,103,0,40,2,1,2,1,12,68,3
1862230,0,103,0,40,2,1,2,1,31,59,3
1863369,0,103,0,40,2,1,2,1,25,17,3
1850363,0,103,0,40,3,1,2,1,28,43,3
1848849,0,103,0,40,2,1,2,1,30,26,3
1860069,0,103,0,40,2,1,2,1,21,50,3
1859549,0,103,0,40,3,5,2,1,31,52,3
1848424,0,103,0,40,2,1,2,1,34,10,3
1864504,0,103,0,40,2,1,2,1,18,39,3
1862712,0,103,0,40,3,3,2,1,22,67,3
1864390,0,103,0,40,3,2,2,1,21,51,3
1863310,0,103,0,40,3,2,2,1,22,53,3
1865712,0,103,0,40,2,1,2,1,16,66,3
1860240,0,103,0,40,3,1,2,1,17,47,3
1857719,0,103,0,40,3,4,2,1,22,46,3
1862142,0,103,0,40,2,4,2,1,27,33,3
1852984,0,103,0,40,2,2,2,1,32,43,3
1863626,0,103,0,40,2,3,2,1,17,117,3
1852812,0,103,0,40,3,2,2,1,18,34,3
1864434,0,103,0,40,3,2,2,1,18,32,3
1847940,0,103,0,40,2,8,2,1,70,55,3
1860736,0,103,0,40,3,4,2,1,26,75,3
1866405,0,103,0,40,2,1,2,1,13,43,3
1866751,0,103,0,40,3,1,2,1,13,49,3
1858256,0,103,0,40,3,2,2,1,21,31,3
1863885,0,103,0,40,2,2,2,1,20,47,3
1866847,0,103,0,40,2,1,2,1,12,47,3
1866957,0,103,0,40,3,1,2,1,12,56,3
1849234,0,103,0,40,2,1,2,1,22,52,3
1853599,0,103,0,40,2,1,2,1,21,28,3
1863151,0,103,0,40,2,1,2,1,28,56,3
1863128,0,103,0,40,3,1,2,1,25,42,3
1851155,0,103,0,40,2,1,2,1,26,51,3
1863142,0,103,0,40,2,2,2,1,26,51,3
1853245,0,103,0,40,2,4,2,1,33,52,3
1863624,0,103,0,40,2,1,2,1,20,78,3
1853545,0,103,0,40,2,1,2,1,24,14,3
1862630,0,103,0,40,2,3,2,1,21,20,3
1854604,0,103,0,40,3,3,2,1,31,34,3
1859318,0,103,0,40,3,5,2,1,36,20,3
1850663,0,103,0,40,2,1,2,1,23,55,3
1858418,0,103,0,40,2,1,2,1,18,28,3
1849627,0,103,0,40,3,1,2,1,26,45,3
1865741,0,103,0,40,3,1,2,1,16,24,3
1864054,0,103,0,40,3,2,2,1,21,44,3
1866547,0,103,0,40,2,1,2,1,14,55,3
1866669,0,103,0,40,2,1,2,1,14,32,3
1853425,0,103,0,40,3,1,2,1,19,34,3
1855933,0,103,0,40,2,1,2,1,22,82,3
1866407,0,103,0,40,2,1,2,1,13,19,3
1866576,0,103,0,40,3,1,2,1,13,40,3
1852109,0,103,0,40,3,3,2,1,24,28,3
1850399,0,103,0,40,3,3,2,1,28,78,3
1862673,0,103,0,40,3,2,2,1,23,54,3
1862743,0,103,0,40,3,3,2,1,22,74,3
1864502,0,103,0,40,2,3,2,1,18,63,3
1856162,0,103,0,40,2,1,2,1,16,28,3
1856045,0,103,0,40,2,1,2,1,20,47,3
1861010,0,103,0,40,3,2,2,1,39,49,3
1862722,0,103,0,40,2,1,2,1,30,62,3
1864414,0,103,0,40,3,1,2,1,24,41,3
1865178,0,103,0,40,3,1,2,1,21,51,3
1862381,0,103,0,40,3,2,2,1,29,23,3
1864176,0,103,0,40,2,2,2,1,21,92,3
1865368,0,103,0,40,2,1,2,1,19,46,3
1865888,0,103,0,40,2,1,2,1,18,37,3
1850852,0,103,0,40,3,1,2,1,37,34,3
1860874,0,103,0,40,3,3,2,1,32,35,3
1863411,0,103,0,40,3,2,2,1,24,26,3
1853737,0,103,0,40,2,3,2,1,29,46,3
1853873,0,103,0,40,2,1,2,1,27,61,3
1856888,0,103,0,40,3,2,2,1,24,32,3
1864276,0,103,0,40,3,3,2,1,20,71,3
1866367,0,103,0,40,3,1,2,1,14,43,3
1866951,0,103,0,40,2,1,2,1,14,53,3
1850885,0,103,0,40,2,1,2,1,13,46,3
1862517,0,103,0,40,3,3,2,1,23,56,3
1860961,0,103,0,40,3,6,2,1,27,27,3
1866275,0,103,0,40,3,1,2,1,12,60,3
1857311,0,103,0,40,3,1,2,1,15,61,3
1859021,0,103,0,40,3,1,2,1,14,44,3
1860699,0,103,0,40,3,1,2,1,14,27,3
1852793,0,103,0,40,3,1,2,1,29,46,3
1852534,0,103,0,40,3,1,2,1,28,57,3
1861639,0,103,0,40,3,4,2,1,30,14,3
1851203,0,103,0,40,2,2,2,1,30,47,3
1867607,0,103,0,40,3,1,2,1,13,30,3
1850035,0,103,0,40,3,2,2,1,28,42,3
1867660,0,103,0,40,2,1,2,1,12,61,3
1867700,0,103,0,40,3,1,2,1,12,40,3
1851197,0,103,0,40,2,2,2,1,22,25,3
1859258,0,103,0,40,3,1,2,1,13,41,3
1863234,0,103,0,40,3,2,2,1,25,22,3
1867235,0,103,0,40,3,1,2,1,15,28,3
1868296,0,103,0,40,3,1,2,1,12,27,3
1866956,0,103,0,40,2,0,2,1,11,68,3
1867020,0,103,0,40,2,0,2,1,11,49,3
1867186,0,103,0,40,3,0,2,1,11,51,3
1867250,0,103,0,40,3,0,2,1,11,33,3
1867346,0,103,0,40,3,0,2,1,11,27,3
1867458,0,103,0,40,3,0,2,1,11,49,3
1867586,0,103,0,40,3,0,2,1,11,68,3
1867634,0,103,0,40,2,0,2,1,11,43,3
1867650,0,103,0,40,3,0,2,1,11,29,3
1867666,0,103,0,40,2,0,2,1,11,27,3
1867695,0,103,0,40,2,0,2,1,11,33,3
1867719,0,103,0,40,3,0,2,1,11,44,3
1867779,0,103,0,40,2,0,2,1,11,32,3
1867811,0,103,0,40,3,0,2,1,11,26,3
1867843,0,103,0,40,2,0,2,1,11,87,3
1867947,0,103,0,40,2,0,2,1,11,44,3
1867963,0,103,0,40,2,0,2,1,11,34,3
1867987,0,103,0,40,3,0,2,1,11,31,3
1867995,0,103,0,40,3,0,2,1,11,20,3
1867999,0,103,0,40,3,0,2,1,11,17,3
1868015,0,103,0,40,2,0,2,1,11,49,3
1868031,0,103,0,40,2,0,2,1,11,46,3
1868043,0,103,0,40,3,0,2,1,11,26,3
1868055,0,103,0,40,2,0,2,1,11,54,3
1868059,0,103,0,40,2,0,2,1,11,52,3
1868071,0,103,0,40,2,0,2,1,11,71,3
1868091,0,103,0,40,3,0,2,1,11,46,3
1868111,0,103,0,40,3,0,2,1,11,45,3
1868135,0,103,0,40,2,0,2,1,11,22,3
1868163,0,103,0,40,3,0,2,1,11,35,3
1868187,0,103,0,40,2,0,2,1,11,39,3
1868211,0,103,0,40,2,0,2,1,11,31,3
1868227,0,103,0,40,3,0,2,1,11,80,3
1868239,0,103,0,40,2,0,2,1,11,31,3
1868247,0,103,0,40,2,0,2,1,11,50,3
1868263,0,103,0,40,3,0,2,1,11,65,3
1868287,0,103,0,40,3,0,2,1,11,56,3
1868303,0,103,0,40,2,0,2,1,11,47,3
1868311,0,103,0,40,2,0,2,1,11,34,3
1868315,0,103,0,40,3,0,2,1,11,47,3
1868325,0,103,0,40,2,0,2,1,11,35,3
1868339,0,103,0,40,3,0,2,1,11,68,3
1868389,0,103,0,40,2,0,2,1,11,37,3
1868393,0,103,0,40,2,0,2,1,11,31,3
1868395,0,103,0,40,3,0,2,1,11,36,3
1868401,0,103,0,40,2,0,2,1,11,31,3
1868405,0,103,0,40,2,0,2,1,11,59,3
1868411,0,103,0,40,3,0,2,1,11,52,3
1868425,0,103,0,40,2,0,2,1,11,17,3
1868427,0,103,0,40,3,0,2,1,11,28,3
1868435,0,103,0,40,3,0,2,1,11,26,3
1868443,0,103,0,40,2,0,2,1,11,126,3
1868451,0,103,0,40,2,0,2,1,11,20,3
1868457,0,103,0,40,2,0,2,1,11,33,3
1868481,0,103,0,40,3,0,2,1,11,21,3
1868489,0,103,0,40,2,0,2,1,11,54,3
1868501,0,103,0,40,2,0,2,1,11,19,3
1868503,0,103,0,40,3,0,2,1,11,77,3
1868513,0,103,0,40,3,0,2,1,11,34,3
1868519,0,103,0,40,2,0,2,1,11,25,3
1868527,0,103,0,40,3,0,2,1,11,13,3
1868533,0,103,0,40,3,0,2,1,11,92,3
1868537,0,103,0,40,2,0,2,1,11,19,3
1868539,0,103,0,40,3,0,2,1,11,26,3
1868549,0,103,0,40,2,0,2,1,11,84,3
1868553,0,103,0,40,3,0,2,1,11,50,3
1868559,0,103,0,40,3,0,2,1,11,18,3
1868561,0,103,0,40,2,0,2,1,11,45,3
1868575,0,103,0,40,2,0,2,1,11,46,3
1868579,0,103,0,40,3,0,2,1,11,82,3
1868583,0,103,0,40,3,0,2,1,11,53,3
1868587,0,103,0,40,3,0,2,1,11,17,3
1868589,0,103,0,40,3,0,2,1,11,18,3
1868593,0,103,0,40,2,0,2,1,11,100,3
1868601,0,103,0,40,2,0,2,1,11,40,3
1868605,0,103,0,40,2,0,2,1,11,66,3
1847794,0,103,0,40,3,0,2,1,11,52,3
1850251,0,103,0,40,2,0,2,1,22,81,3
1850622,0,103,0,40,2,0,2,1,13,47,3
1853206,0,103,0,40,2,0,2,1,12,50,3
1854189,0,103,0,40,2,0,2,1,18,68,3
1854661,0,103,0,40,3,0,2,1,10,58,3
1855340,0,103,0,40,2,0,2,1,13,47,3
1856791,0,103,0,40,3,0,2,1,13,63,3
1857092,0,103,0,40,2,0,2,1,12,135,3
1847879,0,103,0,40,3,0,2,1,15,50,3
1852881,0,103,0,40,3,0,2,1,15,60,3
1855593,0,103,0,40,3,0,2,1,17,47,3
1851116,0,103,0,40,3,0,2,1,22,35,3
1851820,0,103,0,40,2,0,2,1,18,52,3
1852720,0,103,0,40,3,0,2,1,15,56,3
1857379,0,103,0,40,2,0,2,1,36,18,3
1857173,0,103,0,40,2,0,2,1,20,20,3
1852000,0,103,0,40,3,1,2,1,18,82,3
1849365,0,103,0,40,3,0,2,1,19,49,3
1850017,0,103,0,40,3,0,2,1,18,44,3
1851268,0,103,0,40,2,0,2,1,21,27,3
1854666,0,103,0,40,3,0,2,1,23,35,3
1857178,0,103,0,40,3,1,2,1,11,43,3
1849518,1,103,0,40,2,0,2,1,21,48,3
1857558,0,103,0,40,3,0,2,1,24,20,3
1852624,0,103,0,40,3,0,2,1,29,76,3
1849916,0,103,0,40,3,1,2,1,25,57,3
1855017,0,103,0,40,3,2,2,1,22,20,3
1853440,0,103,0,40,3,1,2,1,14,37,3
1856971,0,103,0,40,2,1,2,1,21,49,3
1856931,0,103,0,40,2,1,2,1,18,84,3
1849945,0,103,0,40,3,1,2,1,16,59,3
1855826,0,103,0,40,3,1,2,1,17,60,3
1856678,0,103,0,40,2,0,2,1,27,38,3
1854230,0,103,0,40,2,2,2,1,22,54,3
1851034,0,103,0,40,3,1,2,1,30,18,3
1855770,0,103,0,40,2,1,2,1,26,48,3
1856055,0,103,0,40,3,1,2,1,34,60,3
1856098,0,103,0,40,2,2,2,1,22,43,3
1851849,0,103,0,40,2,3,2,1,21,30,3
1854918,0,103,0,40,2,2,2,1,22,40,3
1853711,0,103,0,40,3,3,2,1,21,17,3
1857922,0,103,0,40,3,0,2,1,14,73,3
1852621,0,103,0,40,3,1,2,1,32,49,3
1848246,0,103,0,40,3,3,2,1,37,52,3
1859015,0,103,0,40,2,0,2,1,11,71,3
1858688,0,103,0,40,2,1,2,1,14,68,3
1859331,0,103,0,40,3,0,2,1,14,29,3
1860108,0,103,0,40,2,0,2,1,11,52,3
1859684,0,103,0,40,2,0,2,1,12,21,3
1860251,0,103,0,40,3,0,2,1,13,33,3
1860719,0,103,0,40,2,0,2,1,12,36,3
1860857,0,103,0,40,2,0,2,1,11,19,3
1853745,0,103,0,40,2,3,2,1,48,35,3
1862454,0,103,0,40,3,2,2,1,15,38,3
1857059,0,103,0,40,2,2,2,1,34,36,3
1865184,0,103,0,40,3,1,2,1,13,64,3
1852924,0,103,0,40,3,2,2,1,11,36,3
1862802,0,103,0,40,2,1,2,1,23,45,3
1863487,0,103,0,40,3,1,2,1,18,28,3
1864133,0,103,0,40,2,1,2,1,17,29,3
1862797,0,103,0,40,3,2,2,1,17,40,3
1853629,0,103,0,40,2,1,2,1,35,66,3
1864636,0,103,0,40,3,1,2,1,15,63,3
1850242,0,103,0,40,3,1,2,1,18,51,3
1865481,0,103,0,40,3,1,2,1,13,86,3
1862681,0,103,0,40,2,3,2,1,17,67,3
1861563,0,103,0,40,3,4,2,1,18,39,3
1862710,0,103,0,40,2,3,2,1,18,42,3
1848836,0,103,0,40,3,1,2,1,18,31,3
1856589,1,103,88,33.0288,2,7,2,1,72,25,3
1861257,0,103,0,40,3,2,2,1,27,20,3
1863617,0,103,0,40,3,1,2,1,22,63,3
1859040,0,103,0,40,2,4,2,1,44,54,3
1858170,0,103,0,40,3,1,2,1,24,27,3
1860831,0,103,0,40,3,3,2,1,28,48,3
1864616,0,103,0,40,3,1,2,1,15,43,3
1862905,0,103,0,40,2,2,2,1,23,51,3
1865605,0,103,0,40,2,1,2,1,14,34,3
1865629,0,103,0,40,3,1,2,1,14,48,3
1861974,0,103,0,40,3,3,2,1,18,28,3
1861627,0,103,0,40,2,4,2,1,18,54,3
1864306,0,103,0,40,3,2,2,1,13,42,3
1865096,0,103,0,40,3,2,2,1,14,49,3
1865197,0,103,0,40,3,1,2,1,12,33,3
1853566,0,103,0,40,2,2,2,1,24,58,3
1863384,0,103,0,40,2,2,2,1,18,60,3
1864953,0,103,0,40,3,2,2,1,14,54,3
1859084,0,103,0,40,3,2,2,1,24,88,3
1848077,0,103,0,40,2,2,2,1,22,78,3
1861193,0,103,0,40,3,3,2,1,26,53,3
1864310,0,103,0,40,3,1,2,1,20,56,3
1864515,0,103,0,40,3,1,2,1,19,57,3
1848359,0,103,0,40,3,1,2,1,22,43,3
1854199,0,103,0,40,3,2,2,1,24,63,3
1860375,0,103,0,40,2,3,2,1,32,36,3
1847847,0,103,0,40,3,1,2,1,37,47,3
1860524,0,103,0,40,3,4,2,1,29,27,3
1852726,0,103,0,40,2,1,2,1,16,29,3
1859469,0,103,0,40,2,3,2,1,37,46,3
1847771,0,103,0,40,2,2,2,1,20,51,3
1852577,0,103,0,40,2,1,2,1,13,35,3
1856345,0,103,0,40,2,1,2,1,19,66,3
1861496,0,103,0,40,2,3,2,1,21,19,3
1859786,0,103,0,40,2,5,2,1,27,37,3
1866337,0,103,0,40,2,1,2,1,11,29,3
1847741,0,103,0,40,3,1,2,1,13,82,3
1851554,0,103,0,40,2,2,2,1,23,37,3
1849576,0,103,0,40,2,2,2,1,21,56,3
1861095,0,103,0,40,2,1,2,1,36,28,3
1862830,0,103,0,40,3,1,2,1,27,80,3
1863682,0,103,0,40,3,1,2,1,23,52,3
1858283,0,103,0,40,2,2,2,1,30,49,3
1862097,0,103,0,40,3,2,2,1,27,43,3
1856662,0,103,0,40,3,1,2,1,23,51,3
1864623,0,103,0,40,2,1,2,1,20,43,3
1852576,0,103,0,40,2,1,2,1,26,27,3
1854033,0,103,0,40,2,3,2,1,40,24,3
1848329,0,103,0,40,2,2,2,1,25,48,3
1865086,0,103,0,40,3,1,2,1,18,42,3
1864747,0,103,0,40,2,1,2,1,17,27,3
1849371,0,103,0,40,3,1,2,1,22,75,3
1864951,0,103,0,40,2,1,2,1,16,34,3
1864344,0,103,0,40,2,2,2,1,17,39,3
1864572,0,103,0,40,3,2,2,1,16,15,3
1865950,0,103,0,40,2,1,2,1,15,65,3
1863865,0,103,0,40,2,2,2,1,15,74,3
1860822,0,103,0,40,3,5,2,1,27,23,3
1864018,0,103,0,40,2,2,2,1,21,17,3
1865430,0,103,0,40,2,1,2,1,14,42,3
1866229,0,103,0,40,3,1,2,1,14,38,3
1863990,0,103,0,40,2,2,2,1,18,27,3
1861977,0,103,0,40,3,3,2,1,22,47,3
1861078,0,103,0,40,3,3,2,1,25,22,3
1866623,0,103,0,40,3,1,2,1,12,53,3
1854667,0,103,0,40,3,3,2,1,21,23,3
1861743,0,103,0,40,3,3,2,1,24,64,3
1864196,0,103,0,40,2,3,2,1,15,50,3
1866819,0,103,0,40,2,1,2,1,11,62,3
1852691,0,103,0,40,3,7,2,1,60,30,3
1862965,0,103,0,40,2,1,2,1,28,28,3
1860463,0,103,0,40,2,3,2,1,32,47,3
1862498,0,103,0,40,2,2,2,1,25,31,3
1861229,0,103,0,40,2,2,2,1,33,51,3
1857696,0,103,0,40,2,1,2,1,27,70,3
1862975,0,103,0,40,3,2,2,1,26,45,3
1851270,0,103,0,40,2,2,2,1,30,35,3
1852991,0,103,0,40,3,1,2,1,21,53,3
1862670,0,103,0,40,2,2,2,1,26,48,3
1862397,0,103,0,40,2,3,2,1,24,34,3
1861300,0,103,0,40,3,4,2,1,22,32,3
1861252,0,103,0,40,3,3,2,1,30,18,3
1865022,0,103,0,40,3,2,2,1,17,23,3
1859765,0,103,0,40,3,5,2,1,40,32,3
1866178,0,103,0,40,3,1,2,1,13,85,3
1866721,0,103,0,40,3,1,2,1,13,47,3
1866761,0,103,0,40,3,1,2,1,13,31,3
1859767,0,103,0,40,2,4,2,1,34,48,3
1863738,0,103,0,40,2,3,2,1,18,34,3
1855794,0,103,0,40,3,3,2,1,25,43,3
1866222,0,103,0,40,3,1,2,1,12,40,3
1866644,0,103,0,40,2,1,2,1,12,19,3
1849815,0,103,0,40,3,1,2,1,14,43,3
1862781,0,103,0,40,3,3,2,1,18,30,3
1861539,0,103,0,40,2,3,2,1,29,69,3
1852279,0,103,0,40,2,2,2,1,29,73,3
1866946,0,103,0,40,3,1,2,1,11,37,3
1866994,0,103,0,40,2,1,2,1,11,41,3
1867243,0,103,0,40,3,1,2,1,11,29,3
1852274,0,103,0,40,3,2,2,1,14,34,3
1854616,0,103,0,40,2,3,2,1,18,56,3
1861739,0,103,0,40,3,2,2,1,30,55,3
1863202,0,103,0,40,3,2,2,1,24,66,3
1864362,0,103,0,40,3,2,2,1,21,42,3
1857566,0,103,0,40,3,1,2,1,31,56,3
1862595,0,103,0,40,2,2,2,1,19,30,3
1865834,0,103,0,40,3,1,2,1,17,17,3
1861609,0,103,0,40,3,3,2,1,29,28,3
1862071,0,103,0,40,3,2,2,1,30,42,3
1865602,0,103,0,40,2,1,2,1,16,61,3
1866132,0,103,0,40,3,1,2,1,15,30,3
1848823,0,103,0,40,3,3,2,1,32,38,3
1848851,0,103,0,40,3,3,2,1,23,46,3
1857193,0,103,0,40,2,1,2,1,23,40,3
1864238,0,103,0,40,2,2,2,1,16,67,3
1864916,0,103,0,40,2,2,2,1,18,56,3
1867085,0,103,0,40,2,1,2,1,13,16,3
1856744,0,103,0,40,3,1,2,1,15,58,3
1860786,0,103,0,40,3,3,2,1,35,39,3
1864802,0,103,0,40,3,2,2,1,17,90,3
1865831,0,103,0,40,2,1,2,1,12,32,3
1866986,0,103,0,40,2,1,2,1,12,14,3
1864181,0,103,0,40,2,3,2,1,14,51,3
1862042,0,103,0,40,2,3,2,1,23,60,3
1867517,0,103,0,40,3,1,2,1,11,19,3
1855515,0,103,0,40,2,3,2,1,32,57,3
1861166,0,103,0,40,2,2,2,1,37,50,3
1858746,0,103,0,40,3,1,2,1,25,50,3
1852985,0,103,0,40,3,3,2,1,27,41,3
1864183,0,103,0,40,3,1,2,1,23,47,3
1860107,0,103,0,40,3,3,2,1,39,58,3
1864263,0,103,0,40,3,1,2,1,22,62,3
1863926,0,103,0,40,3,2,2,1,22,29,3
1865084,0,103,0,40,3,1,2,1,21,17,3
1857402,0,103,0,40,3,2,2,1,37,33,3
1865097,0,103,0,40,2,1,2,1,19,24,3
1865663,0,103,0,40,3,1,2,1,19,41,3
1849519,0,103,0,40,3,2,2,1,22,34,3
1848889,0,103,0,40,2,2,2,1,29,35,3
1864170,0,103,0,40,3,3,2,1,16,49,3
1865585,0,103,0,40,3,2,2,1,17,43,3
1866865,0,103,0,40,2,1,2,1,14,23,3
1863767,0,103,0,40,3,2,2,1,22,52,3
1862078,0,103,0,40,3,4,2,1,28,57,3
1866978,0,103,0,40,3,1,2,1,13,35,3
1867245,0,103,0,40,2,1,2,1,13,20,3
1855867,0,103,0,40,2,1,2,1,17,25,3
1865726,0,103,0,40,2,2,2,1,13,16,3
1867431,0,103,0,40,3,1,2,1,12,30,3
1851991,0,103,0,40,2,1,2,1,13,35,3
1858101,0,103,0,40,2,1,2,1,12,74,3
1862282,0,103,0,40,2,4,2,1,24,51,3
1866778,0,103,0,40,2,1,2,1,11,15,3
1847860,0,103,0,40,3,1,2,1,18,65,3
1855643,0,103,0,40,2,1,2,1,16,18,3
1861189,0,103,0,40,3,2,2,1,31,55,3
1864652,0,103,0,40,2,1,2,1,22,48,3
1865160,0,103,0,40,3,1,2,1,22,26,3
1865496,0,103,0,40,2,1,2,1,19,24,3
1848804,0,103,0,40,2,1,2,1,21,62,3
1866099,0,103,0,40,2,1,2,1,18,42,3
1852282,0,103,0,40,2,3,2,1,31,31,3
1866471,0,103,0,40,2,1,2,1,15,13,3
1847732,0,103,0,40,3,1,2,1,21,25,3
1862331,0,103,0,40,2,3,2,1,27,52,3
1851763,0,103,0,40,2,1,2,1,23,24,3
1853746,0,103,0,40,2,3,2,1,25,33,3
1866517,0,103,0,40,3,2,2,1,12,75,3
1865793,0,103,0,40,2,2,2,1,15,32,3
1861004,0,103,0,40,3,3,2,1,37,40,3
1867721,0,103,0,40,2,1,2,1,11,24,3
1868082,0,103,0,40,3,1,2,1,11,64,3
1863859,0,103,0,40,2,2,2,1,25,16,3
1867508,0,103,0,40,2,1,2,1,13,40,3
1852446,0,103,0,40,3,1,2,1,14,80,3
1859057,0,103,0,40,3,2,2,1,19,19,3
1867052,0,103,0,40,2,0,2,1,10,41,3
1867138,0,103,0,40,3,0,2,1,10,21,3
1867202,0,103,0,40,2,0,2,1,10,29,3
1867266,0,103,0,40,3,0,2,1,10,60,3
1867514,0,103,0,40,3,0,2,1,10,13,3
1867546,0,103,0,40,2,0,2,1,10,50,3
1867723,0,103,0,40,2,0,2,1,10,44,3
1867767,0,103,0,40,3,0,2,1,10,26,3
1867863,0,103,0,40,2,0,2,1,10,59,3
1867879,0,103,0,40,3,0,2,1,10,24,3
1867911,0,103,0,40,3,0,2,1,10,45,3
1867989,0,103,0,40,3,0,2,1,10,42,3
1868029,0,103,0,40,3,0,2,1,10,78,3
1868077,0,103,0,40,3,0,2,1,10,63,3
1868101,0,103,0,40,3,0,2,1,10,31,3
1868141,0,103,0,40,2,0,2,1,10,38,3
1868149,0,103,0,40,3,0,2,1,10,81,3
1868205,0,103,0,40,3,0,2,1,10,33,3
1868229,0,103,0,40,3,0,2,1,10,52,3
1868237,0,103,0,40,3,0,2,1,10,37,3
1868301,0,103,0,40,2,0,2,1,10,41,3
1868326,0,103,0,40,3,0,2,1,10,22,3
1868334,0,103,0,40,3,0,2,1,10,95,3
1868338,0,103,0,40,2,0,2,1,10,60,3
1868342,0,103,0,40,2,0,2,1,10,48,3
1868362,0,103,0,40,2,0,2,1,10,31,3
1868370,0,103,0,40,2,0,2,1,10,41,3
1868378,0,103,0,40,2,0,2,1,10,60,3
1868382,0,103,0,40,3,0,2,1,10,51,3
1868410,0,103,0,40,2,0,2,1,10,26,3
1868426,0,103,0,40,2,0,2,1,10,37,3
1868446,0,103,0,40,3,0,2,1,10,39,3
1868458,0,103,0,40,2,0,2,1,10,31,3
1868474,0,103,0,40,3,0,2,1,10,22,3
1868506,0,103,0,40,2,0,2,1,10,32,3
1868518,0,103,0,40,3,0,2,1,10,63,3
1868522,0,103,0,40,2,0,2,1,10,41,3
1868530,0,103,0,40,2,0,2,1,10,122,3
1868534,0,103,0,40,2,0,2,1,10,85,3
1868562,0,103,0,40,3,0,2,1,10,23,3
1868586,0,103,0,40,2,0,2,1,10,17,3
1868610,0,103,0,40,3,0,2,1,10,31,3
1868620,0,103,0,40,2,0,2,1,10,43,3
1868626,0,103,0,40,2,0,2,1,10,33,3
1868638,0,103,0,40,2,0,2,1,10,29,3
1868642,0,103,0,40,2,0,2,1,10,31,3
1868648,0,103,0,40,3,0,2,1,10,53,3
1868652,0,103,0,40,3,0,2,1,10,28,3
1868656,0,103,0,40,3,0,2,1,10,47,3
1868670,0,103,0,40,2,0,2,1,10,54,3
1868678,0,103,0,40,2,0,2,1,10,28,3
1868690,0,103,0,40,2,0,2,1,10,31,3
1868702,0,103,0,40,3,0,2,1,10,52,3
1868720,0,103,0,40,3,0,2,1,10,48,3
1868724,0,103,0,40,2,0,2,1,10,18,3
1868726,0,103,0,40,3,0,2,1,10,47,3
1868728,0,103,0,40,3,0,2,1,10,48,3
1868740,0,103,0,40,3,0,2,1,10,43,3
1868750,0,103,0,40,3,0,2,1,10,63,3
1868780,0,103,0,40,2,0,2,1,10,30,3
1868782,0,103,0,40,2,0,2,1,10,23,3
1868784,0,103,0,40,2,0,2,1,10,37,3
1868786,0,103,0,40,3,0,2,1,10,32,3
1868788,0,103,0,40,3,0,2,1,10,24,3
1868800,0,103,0,40,2,0,2,1,10,36,3
1868804,0,103,0,40,3,0,2,1,10,26,3
1868812,0,103,0,40,3,0,2,1,10,63,3
1868818,0,103,0,40,3,0,2,1,10,97,3
1868830,0,103,0,40,3,0,2,1,10,28,3
1868836,0,103,0,40,3,0,2,1,10,70,3
1868840,0,103,0,40,3,0,2,1,10,63,3
1868846,0,103,0,40,2,0,2,1,10,28,3
1868850,0,103,0,40,2,0,2,1,10,23,3
1868872,0,103,0,40,2,0,2,1,10,36,3
1868884,0,103,0,40,2,0,2,1,10,10,3
1868896,0,103,0,40,2,0,2,1,10,12,3
1868912,0,103,0,40,2,0,2,1,10,23,3
1868922,0,103,0,40,2,0,2,1,10,103,3
1868938,0,103,0,40,3,0,2,1,10,61,3
1868948,0,103,0,40,3,0,2,1,10,29,3
1848294,0,103,0,40,2,0,2,1,26,56,3
1848789,0,103,0,40,3,0,2,1,23,78,3
1850789,0,103,0,40,3,0,2,1,12,24,3
1851385,0,103,0,40,3,0,2,1,24,36,3
1851704,1,103,0,40,3,0,2,1,12,13,3
1852001,0,103,0,40,2,0,2,1,20,27,3
1853258,0,103,0,40,2,0,2,1,14,9,3
1853349,0,103,0,40,3,0,2,1,16,50,3
1855255,0,103,0,40,2,0,2,1,15,44,3
1855525,0,103,0,40,2,0,2,1,17,58,3
1856221,0,103,0,40,3,0,2,1,12,14,3
1856354,0,103,0,40,3,0,2,1,17,32,3
1857339,0,103,0,40,2,0,2,1,9,46,3
1848746,0,103,0,40,3,0,2,1,11,67,3
1848828,0,103,0,40,2,0,2,1,18,23,3
1849327,0,103,0,40,3,0,2,1,11,48,3
1850617,0,103,0,40,2,0,2,1,13,33,3
1853560,0,103,0,40,2,0,2,1,13,51,3
1853703,0,103,0,40,2,0,2,1,19,40,3
1854278,0,103,0,40,3,0,2,1,24,46,3
1854493,0,103,0,40,2,0,2,1,11,31,3
1855332,0,103,0,40,2,0,2,1,18,45,3
1856908,0,103,0,40,3,0,2,1,10,58,3
1848858,0,103,0,40,2,0,2,1,13,52,3
1850056,0,103,0,40,3,0,2,1,16,47,3
1850204,0,103,0,40,2,0,2,1,13,38,3
1852037,0,103,0,40,2,0,2,1,12,70,3
1855853,0,103,0,40,2,0,2,1,12,11,3
1849139,0,103,0,40,3,0,2,1,36,100,3
1853547,0,103,0,40,2,0,2,1,14,32,3
1854179,0,103,0,40,2,0,2,1,15,40,3
1856714,0,103,0,40,3,0,2,1,16,45,3
1857476,0,103,0,40,2,0,2,1,14,28,3
1849087,0,103,0,40,3,1,2,1,14,73,3
1854453,0,103,0,40,2,1,2,1,25,29,3
1851733,0,103,0,40,3,0,2,1,23,16,3
1849462,0,103,0,40,3,1,2,1,10,58,3
1849490,0,103,0,40,3,0,2,1,14,75,3
1848141,0,103,0,40,3,1,2,1,23,34,3
1850062,0,103,0,40,3,1,2,1,15,38,3
1855775,0,103,0,40,3,0,2,1,21,99,3
1855734,0,103,0,40,3,1,2,1,19,30,3
1854797,0,103,0,40,2,0,2,1,26,44,3
1850829,0,103,0,40,3,0,2,1,28,64,3
1851616,0,103,0,40,3,0,2,1,28,78,3
1849279,0,103,0,40,3,0,2,1,21,22,3
1852490,0,103,0,40,3,0,2,1,30,35,3
1848447,0,103,0,40,2,1,2,1,20,10,3
1851514,0,103,0,40,2,1,2,1,14,68,3
1853397,0,103,0,40,2,1,2,1,25,31,3
1850915,0,103,0,40,2,1,2,1,28,38,3
1855024,0,103,0,40,3,2,2,1,18,36,3
1849384,0,103,0,40,2,1,2,1,16,13,3
1856140,0,103,0,40,2,1,2,1,17,35,3
1848534,0,103,0,40,2,2,2,1,26,17,3
1857751,0,103,0,40,2,0,2,1,15,34,3
1851421,0,103,0,40,2,2,2,1,29,25,3
1847925,0,103,0,40,2,1,2,1,23,53,3
1850931,0,103,0,40,2,2,2,1,31,48,3
1858153,0,103,0,40,3,0,2,1,10,36,3
1858202,0,103,0,40,3,1,2,1,14,31,3
1858242,0,103,0,40,3,0,2,1,11,57,3
1858426,0,103,0,40,3,0,2,1,18,74,3
1858637,0,103,0,40,3,0,2,1,14,26,3
1859118,0,103,0,40,3,0,2,1,10,59,3
1858959,0,103,0,40,2,0,2,1,14,55,3
1859614,0,103,0,40,3,0,2,1,12,23,3
1859877,0,103,0,40,2,0,2,1,11,65,3
1859758,0,103,0,40,3,0,2,1,13,27,3
1860442,0,103,0,40,3,0,2,1,11,86,3
1860333,0,103,0,40,2,4,2,1,29,75,3
1863710,0,103,0,40,3,1,2,1,17,31,3
1862480,0,103,0,40,2,3,2,1,15,37,3
1861684,0,103,0,40,3,3,2,1,16,56,3
1865696,0,103,0,40,2,1,2,1,10,23,3
1854323,0,103,0,40,2,2,2,1,42,66,3
1863946,0,103,0,40,3,1,2,1,18,32,3
1863631,0,103,0,40,3,2,2,1,15,39,3
1864106,0,103,0,40,2,2,2,1,14,32,3
1866219,0,103,0,40,2,1,2,1,10,61,3
1856827,0,103,0,40,2,1,2,1,25,20,3
1860960,0,103,0,40,2,2,2,1,23,59,3
1850073,0,103,0,40,2,3,2,1,26,62,3
1864613,0,103,0,40,3,1,2,1,17,47,3
1865423,0,103,0,40,3,1,2,1,14,59,3
1863533,0,103,0,40,2,2,2,1,18,56,3
1863300,0,103,0,40,2,3,2,1,15,41,3
1864006,0,103,0,40,3,2,2,1,14,51,3
1866304,0,103,0,40,2,1,2,1,10,30,3
1849236,0,103,0,40,3,1,2,1,17,27,3
1861114,0,103,0,40,2,2,2,1,33,37,3
1859716,0,103,0,40,3,2,2,1,38,86,3
1861882,0,103,0,40,3,2,2,1,20,63,3
1864578,0,103,0,40,3,1,2,1,17,41,3
1865088,0,103,0,40,2,1,2,1,16,20,3
1847807,0,103,0,40,3,2,2,1,27,43,3
1859925,0,103,0,40,2,1,2,1,23,98,3
1860200,0,103,0,40,2,3,2,1,31,27,3
1865932,0,103,0,40,3,1,2,1,13,71,3
1861956,0,103,0,40,3,4,2,1,23,41,3
1866737,0,103,0,40,3,1,2,1,10,45,3
1849610,0,103,0,40,2,2,2,1,31,46,3
1863849,0,103,0,40,3,1,2,1,22,50,3
1862555,0,103,0,40,2,2,2,1,22,30,3
1864030,0,103,0,40,3,1,2,1,21,41,3
1852073,0,103,0,40,3,1,2,1,36,11,3
1864715,0,103,0,40,3,1,2,1,19,65,3
1864734,0,103,0,40,2,1,2,1,18,46,3
1862010,0,103,0,40,2,2,2,1,28,23,3
1865168,0,103,0,40,2,1,2,1,17,17,3
1861991,0,103,0,40,2,2,2,1,29,61,3
1865207,0,103,0,40,2,1,2,1,16,40,3
1865319,0,103,0,40,3,1,2,1,16,33,3
1861814,0,103,0,40,2,2,2,1,28,39,3
1854874,0,103,0,40,3,1,2,1,24,30,3
1863899,0,103,0,40,2,2,2,1,17,31,3
1861139,0,103,0,40,3,3,2,1,25,67,3
1850564,0,103,0,40,3,1,2,1,20,30,3
1854174,0,103,0,40,2,4,2,1,32,39,3
1866068,0,103,0,40,3,1,2,1,12,33,3
1866414,0,103,0,40,2,1,2,1,12,53,3
1860966,0,103,0,40,2,4,2,1,22,52,3
1858721,0,103,0,40,2,2,2,1,17,60,3
1866559,0,103,0,40,3,1,2,1,11,36,3
1861165,0,103,0,40,2,2,2,1,29,21,3
1865063,0,103,0,40,2,2,2,1,14,29,3
1863670,0,103,0,40,3,2,2,1,22,44,3
1856961,0,103,0,40,3,1,2,1,27,46,3
1861610,0,103,0,40,3,2,2,1,31,59,3
1860534,0,103,0,40,2,2,2,1,33,64,3
1853579,0,103,0,40,2,1,2,1,46,56,3
1863614,0,103,0,40,3,1,2,1,23,54,3
1863833,0,103,0,40,3,2,2,1,22,52,3
1853544,0,103,0,40,3,1,2,1,18,57,3
1865127,0,103,0,40,2,1,2,1,17,75,3
1853998,0,103,0,40,3,1,2,1,19,15,3
1859585,0,103,0,40,2,6,2,1,34,53,3
1849493,0,103,0,40,3,1,2,1,17,48,3
1858516,0,103,0,40,3,5,2,1,36,55,3
1861302,0,103,0,40,3,3,2,1,25,40,3
1865777,0,103,0,40,2,1,2,1,14,37,3
1866001,0,103,0,40,3,1,2,1,14,51,3
1858929,0,103,0,40,3,1,2,1,18,20,3
1860958,0,103,0,40,3,3,2,1,26,55,3
1860295,0,103,0,40,3,4,2,1,30,32,3
1863726,0,103,0,40,3,2,2,1,19,55,3
1861763,0,103,0,40,3,2,2,1,31,43,3
1863474,0,103,0,40,2,3,2,1,19,54,3
1857271,0,103,0,40,3,4,2,1,31,15,3
1855713,0,103,0,40,2,2,2,1,19,19,3
1862993,0,103,0,40,2,3,2,1,21,32,3
1866793,0,103,0,40,3,1,2,1,12,45,3
1856771,0,103,0,40,2,1,2,1,23,62,3
1854808,0,103,0,40,3,2,2,1,26,41,3
1851019,0,103,0,40,3,4,2,1,24,33,3
1864945,0,103,0,40,2,2,2,1,13,25,3
1866174,0,103,0,40,2,1,2,1,11,32,3
1867093,0,103,0,40,3,1,2,1,11,37,3
1852722,1,103,0,40,3,2,2,1,17,66,3
1858555,0,103,0,40,3,2,2,1,20,35,3
1864656,0,103,0,40,3,2,2,1,11,86,3
1864880,0,103,0,40,2,2,2,1,14,59,3
1863855,0,103,0,40,2,3,2,1,14,40,3
1862157,0,103,0,40,2,3,2,1,28,61,3
1860906,0,103,0,40,3,4,2,1,24,33,3
1863321,0,103,0,40,2,2,2,1,22,48,3
1850573,0,103,0,40,2,1,2,1,26,42,3
1861722,0,103,0,40,3,1,2,1,34,61,3
1862164,0,103,0,40,2,2,2,1,30,41,3
1863269,0,103,0,40,2,1,2,1,27,47,3
1863845,0,103,0,40,2,1,2,1,24,26,3
1862857,0,103,0,40,3,2,2,1,28,34,3
1860110,0,103,0,40,2,1,2,1,25,34,3
1857056,1,103,0,40,2,2,2,1,25,46,3
1862651,0,103,0,40,2,3,2,1,25,14,3
1865183,0,103,0,40,3,1,2,1,18,46,3
1855095,0,103,0,40,3,1,2,1,24,28,3
1861394,0,103,0,40,2,3,2,1,24,37,3
1861121,0,103,0,40,3,2,2,1,36,102,3
1865509,0,103,0,40,2,1,2,1,17,52,3
1863345,0,103,0,40,3,2,2,1,19,38,3
1862463,0,103,0,40,3,3,2,1,25,76,3
1863663,0,103,0,40,2,2,2,1,16,43,3
1856144,0,103,0,40,2,1,2,1,24,30,3
1861324,0,103,0,40,2,3,2,1,27,22,3
1866278,0,103,0,40,2,1,2,1,14,29,3
1866324,0,103,0,40,2,1,2,1,14,47,3
1864158,0,103,0,40,2,2,2,1,18,22,3
1862206,0,103,0,40,2,3,2,1,25,59,3
1857222,0,103,0,40,3,2,2,1,21,64,3
1866189,0,103,0,40,3,2,2,1,14,32,3
1865791,0,103,0,40,2,1,2,1,13,39,3
1866531,0,103,0,40,2,1,2,1,13,45,3
1852126,0,103,0,40,2,1,2,1,18,30,3
1851737,0,103,0,40,2,2,2,1,34,36,3
1862168,0,103,0,40,3,3,2,1,21,29,3
1860988,0,103,0,40,3,4,2,1,26,98,3
1866692,0,103,0,40,2,1,2,1,12,24,3
1857693,0,103,0,40,3,1,2,1,18,77,3
1862037,0,103,0,40,3,4,2,1,18,91,3
1858220,0,103,0,40,3,2,2,1,20,20,3
1866890,0,103,0,40,2,1,2,1,11,47,3
1851323,0,103,0,40,2,2,2,1,10,65,3
1854479,0,103,0,40,3,3,2,1,27,68,3
1859797,0,103,0,40,3,4,2,1,34,21,3
1861636,0,103,0,40,2,4,2,1,26,63,3
1864383,0,103,0,40,2,2,2,1,19,34,3
1866435,0,103,0,40,3,1,2,1,10,19,3
1867429,0,103,0,40,3,1,2,1,10,37,3
1867529,0,103,0,40,3,1,2,1,10,85,3
1855028,0,103,0,40,3,1,2,1,14,48,3
1851673,0,103,0,40,2,1,2,1,18,47,3
1859702,0,103,0,40,2,3,2,1,41,55,3
1857913,0,103,0,40,3,1,2,1,25,30,3
1861474,0,103,0,40,2,2,2,1,33,38,3
1861116,0,103,0,40,3,2,2,1,34,24,3
1863057,0,103,0,40,2,2,2,1,26,59,3
1852600,0,103,0,40,3,2,2,1,24,29,3
1864965,0,103,0,40,2,1,2,1,20,25,3
1865347,0,103,0,40,3,1,2,1,19,40,3
1861945,0,103,0,40,2,2,2,1,32,57,3
1855532,0,103,0,40,3,2,2,1,20,76,3
1864420,0,103,0,40,2,2,2,1,19,33,3
1865812,0,103,0,40,3,1,2,1,17,45,3
1856425,0,103,0,40,3,2,2,1,20,22,3
1860399,0,103,0,40,2,3,2,1,31,63,3
1862874,0,103,0,40,2,2,2,1,25,24,3
1864964,0,103,0,40,3,2,2,1,17,29,3
1865973,0,103,0,40,2,1,2,1,16,14,3
1852112,0,103,0,40,2,1,2,1,21,47,3
1862700,0,103,0,40,3,2,2,1,23,19,3
1854513,0,103,0,40,3,1,2,1,19,26,3
1853903,0,103,0,40,2,2,2,1,21,24,3
1866641,0,103,0,40,3,1,2,1,14,50,3
1862418,0,103,0,40,2,2,2,1,24,64,3
1863551,0,103,0,40,2,2,2,1,22,30,3
1849256,0,103,0,40,3,2,2,1,25,34,3
1854602,0,103,0,40,2,4,2,1,32,36,3
1860910,0,103,0,40,2,4,2,1,34,21,3
1866845,0,103,0,40,2,1,2,1,13,115,3
1859662,0,103,0,40,3,6,2,1,33,40,3
1865413,0,103,0,40,3,2,2,1,15,123,3
1865306,0,103,0,40,2,2,2,1,13,46,3
1856504,0,103,0,40,3,2,2,1,20,44,3
1862411,0,103,0,40,2,2,2,1,30,81,3
1866211,0,103,0,40,3,2,2,1,14,70,3
1866958,0,103,0,40,3,1,2,1,12,79,3
1867343,0,103,0,40,2,1,2,1,12,38,3
1863038,0,103,0,40,3,3,2,1,20,84,3
1851562,0,103,0,40,3,5,2,1,33,21,3
1861313,0,103,0,40,3,3,2,1,34,41,3
1856057,0,103,0,40,2,4,2,1,36,38,3
1867312,0,103,0,40,2,1,2,1,11,45,3
1860434,0,103,0,40,3,3,2,1,30,47,3
1860810,0,103,0,40,3,2,2,1,14,66,3
1863125,0,103,0,40,2,3,2,1,19,69,3
1849211,0,103,0,40,2,3,2,1,23,19,3
1854324,0,103,0,40,3,3,2,1,12,47,3
1861782,0,103,0,40,2,5,2,1,22,59,3
1866929,0,103,0,40,3,2,2,1,11,10,3
1867468,0,103,0,40,2,1,2,1,10,47,3
1867596,0,103,0,40,2,1,2,1,10,57,3
1867762,0,103,0,40,3,1,2,1,10,40,3
1867786,0,103,0,40,3,1,2,1,10,56,3
1848558,0,103,0,40,2,3,2,1,16,25,3
1861828,0,103,0,40,2,2,2,1,32,28,3
1864731,0,103,0,40,3,1,2,1,23,24,3
1863824,0,103,0,40,3,1,2,1,20,36,3
1856097,0,103,0,40,2,9,2,1,55,63,3
1862512,0,103,0,40,2,3,2,1,30,51,3
1865418,0,103,0,40,2,1,2,1,18,27,3
1856797,0,103,0,40,2,2,2,1,28,33,3
1861703,0,103,0,40,3,3,2,1,26,37,3
1865554,0,103,0,40,2,1,2,1,17,44,3
1853581,0,103,0,40,3,2,2,1,26,52,3
1853364,0,103,0,40,2,1,2,1,29,70,3
1855814,0,103,0,40,3,2,2,1,27,80,3
1862196,0,103,0,40,2,3,2,1,20,52,3
1866927,0,103,0,40,2,1,2,1,14,42,3
1856711,0,103,0,40,3,2,2,1,21,39,3
1856282,0,103,0,40,2,2,2,1,31,53,3
1864380,0,103,0,40,3,2,2,1,18,28,3
1854023,0,103,0,40,3,2,2,1,29,67,3
1866886,0,103,0,40,2,1,2,1,13,38,3
1856492,0,103,0,40,3,1,2,1,21,59,3
1863815,0,103,0,40,3,3,2,1,16,31,3
1865287,0,103,0,40,2,2,2,1,16,46,3
1864695,0,103,0,40,2,3,2,1,17,59,3
1862369,0,103,0,40,2,3,2,1,25,45,3
1861719,0,103,0,40,2,4,2,1,25,17,3
1863132,0,103,0,40,2,3,2,1,15,41,3
1867286,0,103,0,40,2,1,2,1,11,43,3
1867432,0,103,0,40,3,1,2,1,11,65,3
1864397,0,103,0,40,3,2,2,1,19,111,3
1863405,0,103,0,40,3,2,2,1,25,53,3
1865026,0,103,0,40,3,3,2,1,15,23,3
1866326,0,103,0,40,2,3,2,1,12,29,3
1867446,0,103,0,40,2,1,2,1,10,74,3
1854400,0,103,0,40,3,2,2,1,15,15,3
1848950,0,103,0,40,2,3,2,1,20,38,3
1858716,0,103,0,40,2,4,2,1,48,40,3
1863691,0,103,0,40,3,1,2,1,28,50,3
1864080,0,103,0,40,2,1,2,1,26,60,3
1861459,0,103,0,40,3,2,2,1,36,52,3
1863889,0,103,0,40,2,3,2,1,22,25,3
1848793,0,103,0,40,2,1,2,1,20,25,3
1865889,0,103,0,40,3,1,2,1,18,27,3
1864859,0,103,0,40,2,2,2,1,19,41,3
1848197,0,103,0,40,2,2,2,1,19,16,3
1861834,0,103,0,40,3,4,2,1,28,56,3
1858331,0,103,0,40,3,3,2,1,33,44,3
1858646,0,103,0,40,3,8,2,1,39,64,3
1861986,0,103,0,40,3,4,2,1,25,46,3
1867833,0,103,0,40,3,1,2,1,11,75,3
1851227,0,103,0,40,2,1,2,1,14,34,3
1868345,0,103,0,40,3,1,2,1,10,39,3
1858379,0,103,0,40,3,1,2,1,10,21,3
1858330,0,103,0,40,3,2,2,1,19,57,3
1863667,0,103,0,40,2,2,2,1,25,38,3
1852539,0,103,0,40,2,3,2,1,39,36,3
1853321,0,103,0,40,2,2,2,1,34,24,3
1856080,0,103,0,40,3,4,2,1,26,30,3
1867170,0,103,0,40,2,0,2,1,9,12,3
1867699,0,103,0,40,3,0,2,1,9,30,3
1867993,0,103,0,40,2,0,2,1,9,40,3
1868041,0,103,0,40,3,0,2,1,9,62,3
1868073,0,103,0,40,2,0,2,1,9,39,3
1868089,0,103,0,40,3,0,2,1,9,44,3
1868249,0,103,0,40,3,0,2,1,9,23,3
1868281,0,103,0,40,2,0,2,1,9,43,3
1868312,0,103,0,40,3,0,2,1,9,40,3
1868336,0,103,0,40,3,0,2,1,9,28,3
1868360,0,103,0,40,2,0,2,1,9,18,3
1868368,0,103,0,40,3,0,2,1,9,53,3
1868392,0,103,0,40,2,0,2,1,9,81,3
1868400,0,103,0,40,2,0,2,1,9,48,3
1868440,0,103,0,40,3,0,2,1,9,40,3
1868456,0,103,0,40,3,0,2,1,9,41,3
1868528,0,103,0,40,3,0,2,1,9,52,3
1868584,0,103,0,40,2,0,2,1,9,48,3
1868592,0,103,0,40,3,0,2,1,9,33,3
1868617,0,103,0,40,3,0,2,1,9,34,3
1868633,0,103,0,40,2,0,2,1,9,37,3
1868653,0,103,0,40,3,0,2,1,9,87,3
1868661,0,103,0,40,2,0,2,1,9,20,3
1868681,0,103,0,40,3,0,2,1,9,65,3
1868685,0,103,0,40,3,0,2,1,9,52,3
1868697,0,103,0,40,2,0,2,1,9,44,3
1868717,0,103,0,40,3,0,2,1,9,52,3
1868725,0,103,0,40,3,0,2,1,9,52,3
1868761,0,103,0,40,2,0,2,1,9,36,3
1868773,0,103,0,40,2,0,2,1,9,34,3
1868785,0,103,0,40,2,0,2,1,9,41,3
1868797,0,103,0,40,2,0,2,1,9,11,3
1868809,0,103,0,40,3,0,2,1,9,29,3
1868821,0,103,0,40,3,0,2,1,9,30,3
1868825,0,103,0,40,2,0,2,1,9,40,3
1868833,0,103,0,40,2,0,2,1,9,44,3
1868877,0,103,0,40,3,0,2,1,9,33,3
1868881,0,103,0,40,3,0,2,1,9,26,3
1868885,0,103,0,40,2,0,2,1,9,51,3
1868889,0,103,0,40,3,0,2,1,9,54,3
1868893,0,103,0,40,3,0,2,1,9,70,3
1868913,0,103,0,40,3,0,2,1,9,43,3
1868917,0,103,0,40,3,0,2,1,9,26,3
1868921,0,103,0,40,3,0,2,1,9,25,3
1868925,0,103,0,40,2,0,2,1,9,28,3
1868941,0,103,0,40,2,0,2,1,9,74,3
1868945,0,103,0,40,3,0,2,1,9,41,3
1868959,0,103,0,40,3,0,2,1,9,19,3
1868965,0,103,0,40,3,0,2,1,9,34,3
1868969,0,103,0,40,3,0,2,1,9,95,3
1868981,0,103,0,40,2,0,2,1,9,20,3
1868983,0,103,0,40,3,0,2,1,9,34,3
1868985,0,103,0,40,3,0,2,1,9,33,3
1868997,0,103,0,40,2,0,2,1,9,61,3
1869001,0,103,0,40,2,0,2,1,9,46,3
1869009,0,103,0,40,2,0,2,1,9,49,3
1869017,0,103,0,40,3,0,2,1,9,44,3
1869021,0,103,0,40,2,0,2,1,9,37,3
1869025,0,103,0,40,2,0,2,1,9,17,3
1869027,0,103,0,40,3,0,2,1,9,66,3
1869039,0,103,0,40,2,0,2,1,9,15,3
1869067,0,103,0,40,3,0,2,1,9,41,3
1869079,0,103,0,40,2,0,2,1,9,35,3
1869087,0,103,0,40,3,0,2,1,9,26,3
1869095,0,103,0,40,2,0,2,1,9,98,3
1869105,0,103,0,40,2,0,2,1,9,22,3
1869107,0,103,0,40,2,0,2,1,9,18,3
1869109,0,103,0,40,2,0,2,1,9,27,3
1869113,0,103,0,40,2,0,2,1,9,25,3
1869133,0,103,0,40,2,0,2,1,9,30,3
1869137,0,103,0,40,3,0,2,1,9,28,3
1869143,0,103,0,40,3,0,2,1,9,58,3
1869147,0,103,0,40,3,0,2,1,9,31,3
1869167,0,103,0,40,3,0,2,1,9,35,3
1869169,0,103,0,40,2,0,2,1,9,20,3
1869175,0,103,0,40,2,0,2,1,9,65,3
1869177,0,103,0,40,3,0,2,1,9,43,3
1869181,0,103,0,40,2,0,2,1,9,62,3
1869187,0,103,0,40,3,0,2,1,9,35,3
1869197,0,103,0,40,2,0,2,1,9,68,3
1869213,0,103,0,40,2,0,2,1,9,72,3
1869223,0,103,0,40,2,0,2,1,9,38,3
1869235,0,103,0,40,2,0,2,1,9,22,3
1869243,0,103,0,40,2,0,2,1,9,32,3
1869249,0,103,0,40,2,0,2,1,9,47,3
1869251,0,103,0,40,2,0,2,1,9,18,3
1849247,0,103,0,40,3,0,2,1,13,17,3
1849517,0,103,0,40,3,0,2,1,10,19,3
1850418,0,103,0,40,2,0,2,1,21,57,3
1852117,0,103,0,40,2,0,2,1,12,21,3
1852324,0,103,0,40,2,0,2,1,10,32,3
1854037,0,103,0,40,2,0,2,1,12,47,3
1854535,0,103,0,40,2,0,2,1,12,56,3
1855598,0,103,0,40,3,0,2,1,15,58,3
1855749,0,103,0,40,2,0,2,1,10,37,3
1855920,0,103,0,40,3,0,2,1,11,19,3
1856203,0,103,0,40,3,0,2,1,14,69,3
1856386,0,103,0,40,2,0,2,1,10,85,3
1856838,0,103,0,40,3,0,2,1,11,59,3
1857280,0,103,0,40,3,0,2,1,17,28,3
1857517,0,103,0,40,3,0,2,1,10,26,3
1847831,0,103,0,40,3,0,2,1,16,33,3
1848177,0,103,0,40,2,0,2,1,12,110,3
1849444,0,103,0,40,2,0,2,1,20,36,3
1849789,0,103,0,40,3,0,2,1,14,35,3
1849870,0,103,0,40,2,0,2,1,10,37,3
1851266,0,103,0,40,3,0,2,1,16,52,3
1852140,0,103,0,40,2,0,2,1,26,40,3
1855552,0,103,0,40,2,0,2,1,10,58,3
1856805,0,103,0,40,3,0,2,1,13,77,3
1857279,0,103,0,40,2,0,2,1,11,25,3
1857323,0,103,0,40,3,0,2,1,18,38,3
1853748,0,103,0,40,3,1,2,1,15,27,3
1850179,0,103,0,40,2,0,2,1,13,65,3
1852761,0,103,0,40,2,0,2,1,15,57,3
1856509,0,103,0,40,3,0,2,1,14,12,3
1849679,0,103,0,40,2,0,2,1,16,94,3
1849860,0,103,0,40,3,0,2,1,16,18,3
1850590,0,103,0,40,3,0,2,1,12,38,3
1850971,0,103,0,40,3,0,2,1,20,68,3
1856131,0,103,0,40,2,0,2,1,18,34,3
1856691,0,103,0,40,2,0,2,1,16,15,3
1851107,0,103,0,40,2,0,2,1,18,90,3
1856720,0,103,0,40,2,0,2,1,14,50,3
1857018,0,103,0,40,2,0,2,1,16,41,3
1848262,0,103,0,40,2,0,2,1,16,48,3
1850268,0,103,0,40,2,0,2,1,16,70,3
1850625,0,103,0,40,2,0,2,1,31,54,3
1853256,0,103,0,40,3,0,2,1,15,24,3
1856006,0,103,0,40,3,0,2,1,22,32,3
1856267,0,103,0,40,3,1,2,1,19,57,3
1849091,0,103,0,40,2,0,2,1,16,67,3
1849712,0,103,0,40,2,0,2,1,19,19,3
1856314,0,103,0,40,2,1,2,1,27,29,3
1852757,0,103,0,40,3,1,2,1,15,81,3
1852440,0,103,0,40,3,1,2,1,14,47,3
1855074,0,103,0,40,3,1,2,1,14,14,3
1854045,0,103,0,40,2,1,2,1,11,62,3
1848054,0,103,0,40,3,1,2,1,15,21,3
1850707,0,103,0,40,2,1,2,1,19,25,3
1854707,0,103,0,40,3,2,2,1,26,66,3
1848687,0,103,0,40,3,1,2,1,12,33,3
1849807,0,103,0,40,3,0,2,1,21,44,3
1857642,0,103,0,40,3,0,2,1,20,28,3
1855817,0,103,0,40,3,1,2,1,16,33,3
1853308,0,103,0,40,2,0,2,1,19,25,3
1849641,0,103,0,40,3,1,2,1,13,50,3
1849544,1,103,0,40,2,2,2,1,14,78,3
1849659,0,103,0,40,3,1,2,1,21,59,3
1853187,0,103,0,40,3,2,2,1,29,53,3
1855135,0,103,0,40,3,1,2,1,20,63,3
1852794,0,103,0,40,3,1,2,1,21,22,3
1851015,0,103,0,40,3,1,2,1,24,49,3
1854421,0,103,0,40,3,0,2,1,35,35,3
1852836,0,103,0,40,3,1,2,1,50,23,3
1857669,0,103,0,40,2,1,2,1,24,80,3
1856609,0,103,0,40,3,2,2,1,20,53,3
1857766,0,103,0,40,2,0,2,1,11,36,3
1849540,0,103,0,40,3,2,2,1,19,42,3
1856135,0,103,0,40,3,2,2,1,24,32,3
1856066,0,103,0,40,2,2,2,1,35,41,3
1858073,0,103,0,40,2,0,2,1,9,23,3
1858119,0,103,0,40,2,0,2,1,11,64,3
1851937,0,103,0,40,2,3,2,1,27,65,3
1858321,0,103,0,40,3,0,2,1,9,55,3
1850732,0,103,0,40,3,4,2,1,28,56,3
1858395,0,103,0,40,3,0,2,1,10,27,3
1858354,0,103,0,40,2,0,2,1,13,46,3
1858560,0,103,0,40,2,0,2,1,11,98,3
1858589,0,103,0,40,2,0,2,1,9,28,3
1859009,0,103,0,40,2,0,2,1,9,64,3
1859043,0,103,0,40,3,0,2,1,10,47,3
1859083,0,103,0,40,2,0,2,1,12,40,3
1858987,0,103,0,40,3,1,2,1,13,38,3
1859402,0,103,0,40,3,1,2,1,10,49,3
1859905,0,103,0,40,3,0,2,1,12,17,3
1860154,0,103,0,40,3,0,2,1,11,44,3
1859023,0,103,0,40,3,2,2,1,16,19,3
1852927,0,103,0,40,2,1,2,1,24,49,3
1859774,0,103,0,40,3,4,2,1,23,35,3
1861077,0,103,0,40,2,2,2,1,26,62,3
1862315,0,103,0,40,3,3,2,1,18,34,3
1865157,0,103,0,40,3,1,2,1,9,46,3
1864369,0,103,0,40,2,1,2,1,15,71,3
1862692,0,103,0,40,2,2,2,1,19,22,3
1863317,0,103,0,40,3,2,2,1,17,33,3
1849535,0,103,0,40,3,1,2,1,15,38,3
1856020,0,103,0,40,2,1,2,1,25,69,3
1848726,0,103,0,40,3,4,2,1,23,59,3
1854957,0,103,0,40,2,3,2,1,16,28,3
1863268,0,103,0,40,3,1,2,1,20,25,3
1865191,0,103,0,40,3,1,2,1,13,18,3
1862074,0,103,0,40,2,2,2,1,26,65,3
1864887,0,103,0,40,2,1,2,1,12,45,3
1847729,0,103,0,40,2,1,2,1,16,17,3
1865956,0,103,0,40,3,1,2,1,9,32,3
1858390,0,103,0,40,3,7,2,1,32,67,3
1863563,0,103,0,40,3,2,2,1,15,34,3
1856039,0,103,0,40,3,1,2,1,17,27,3
1864844,0,103,0,40,2,2,2,1,10,42,3
1866265,0,103,0,40,2,1,2,1,9,66,3
1859887,0,103,0,40,3,5,2,1,30,61,3
1860090,0,103,0,40,2,3,2,1,31,37,3
1861888,0,103,0,40,3,3,2,1,28,39,3
1865103,0,103,0,40,3,1,2,1,15,26,3
1865349,0,103,0,40,2,1,2,1,15,28,3
1862642,0,103,0,40,3,2,2,1,16,61,3
1854626,0,103,0,40,2,4,2,1,34,32,3
1864689,0,103,0,40,2,2,2,1,17,35,3
1865618,0,103,0,40,2,1,2,1,12,55,3
1862466,0,103,0,40,2,3,2,1,15,103,3
1852166,0,103,0,40,3,3,2,1,20,46,3
1865229,0,103,0,40,2,2,2,1,12,42,3
1865269,0,103,0,40,3,2,2,1,14,57,3
1866533,0,103,0,40,3,1,2,1,10,65,3
1866014,0,103,0,40,2,1,2,1,9,75,3
1866823,0,103,0,40,3,1,2,1,9,40,3
1848414,0,103,0,40,2,1,2,1,12,60,3
1861212,0,103,0,40,2,2,2,1,30,65,3
1860482,0,103,0,40,3,3,2,1,27,56,3
1862941,0,103,0,40,2,2,2,1,18,35,3
1865190,0,103,0,40,2,1,2,1,17,125,3
1865348,0,103,0,40,3,1,2,1,15,12,3
1862431,0,103,0,40,3,3,2,1,21,83,3
1849311,0,103,0,40,3,2,2,1,27,10,3
1850615,0,103,0,40,2,4,2,1,39,11,3
1862942,0,103,0,40,3,3,2,1,17,20,3
1857577,0,103,0,40,2,1,2,1,23,42,3
1863568,0,103,0,40,2,2,2,1,13,49,3
1863886,0,103,0,40,2,3,2,1,15,37,3
1863989,0,103,0,40,2,2,2,1,20,53,3
1862558,0,103,0,40,2,3,2,1,26,13,3
1866382,0,103,0,40,3,1,2,1,12,46,3
1866492,0,103,0,40,3,1,2,1,12,27,3
1854891,0,103,0,40,2,1,2,1,22,22,3
1851842,0,103,0,40,2,2,2,1,16,54,3
1852419,0,103,0,40,2,2,2,1,22,48,3
1850683,0,103,0,40,3,6,2,1,31,43,3
1859154,0,103,0,40,3,5,2,1,34,50,3
1861994,0,103,0,40,2,3,2,1,22,22,3
1849033,0,103,0,40,3,1,2,1,11,36,3
1861428,0,103,0,40,2,3,2,1,27,36,3
1865107,0,103,0,40,2,2,2,1,13,25,3
1865587,0,103,0,40,2,2,2,1,14,37,3
1866875,0,103,0,40,2,1,2,1,10,60,3
1858364,0,103,0,40,2,6,2,1,39,21,3
1865285,0,103,0,40,3,2,2,1,11,36,3
1863936,0,103,0,40,3,2,2,1,15,61,3
1860847,0,103,0,40,2,6,2,1,21,84,3
1848785,0,103,0,40,3,6,2,1,21,106,3
1867082,0,103,0,40,2,1,2,1,9,51,3
1863233,0,103,0,40,2,1,2,1,26,64,3
1857827,0,103,0,40,3,3,2,1,33,15,3
1863970,0,103,0,40,3,1,2,1,22,33,3
1860437,0,103,0,40,3,2,2,1,41,69,3
1850546,0,103,0,40,2,1,2,1,33,56,3
1862019,0,103,0,40,3,2,2,1,30,20,3
1864211,0,103,0,40,2,1,2,1,19,14,3
1851049,0,103,0,40,3,1,2,1,33,13,3
1854021,0,103,0,40,3,1,2,1,23,43,3
1864707,0,103,0,40,3,2,2,1,18,29,3
1864186,0,103,0,40,2,2,2,1,20,56,3
1858900,0,103,0,40,3,3,2,1,31,37,3
1862506,0,103,0,40,3,3,2,1,22,65,3
1856019,0,103,0,40,3,2,2,1,21,35,3
1853404,0,103,0,40,2,1,2,1,17,56,3
1858611,0,103,0,40,2,1,2,1,17,34,3
1864044,0,103,0,40,2,2,2,1,16,47,3
1864776,0,103,0,40,2,2,2,1,17,41,3
1865787,0,103,0,40,2,1,2,1,13,59,3
1850959,0,103,0,40,2,1,2,1,16,50,3
1863012,0,103,0,40,2,3,2,1,16,13,3
1864690,0,103,0,40,3,2,2,1,18,22,3
1849121,0,103,0,40,3,2,2,1,18,30,3
1854108,0,103,0,40,3,3,2,1,27,31,3
1865685,0,103,0,40,3,2,2,1,13,36,3
1866648,0,103,0,40,3,1,2,1,11,29,3
1849841,0,103,0,40,2,1,2,1,23,24,3
1863265,0,103,0,40,2,2,2,1,19,35,3
1864972,0,103,0,40,2,2,2,1,14,50,3
1864625,0,103,0,40,3,3,2,1,12,33,3
1864210,0,103,0,40,3,3,2,1,18,78,3
1866838,0,103,0,40,3,1,2,1,10,32,3
1867223,0,103,0,40,3,1,2,1,10,59,3
1851877,0,103,0,40,3,1,2,1,13,39,3
1854462,0,103,0,40,3,2,2,1,17,41,3
1861013,0,103,0,40,3,4,2,1,22,55,3
1867495,0,103,0,40,3,1,2,1,9,80,3
1853561,0,103,0,40,3,1,2,1,17,34,3
1858148,0,103,0,40,3,1,2,1,9,37,3
1860672,0,103,0,40,3,1,2,1,9,23,3
1862147,0,103,0,40,2,2,2,1,24,83,3
1863748,0,103,0,40,2,1,2,1,23,19,3
1864015,0,103,0,40,2,1,2,1,20,54,3
1864492,0,103,0,40,2,1,2,1,19,48,3
1859760,0,103,0,40,3,3,2,1,34,48,3
1860461,0,103,0,40,3,2,2,1,38,45,3
1864039,0,103,0,40,2,1,2,1,17,51,3
1856113,0,103,0,40,3,1,2,1,27,36,3
1861753,0,103,0,40,2,4,2,1,26,33,3
1862034,0,103,0,40,2,3,2,1,23,34,3
1860984,0,103,0,40,3,4,2,1,23,25,3
1863218,0,103,0,40,2,3,2,1,22,35,3
1865024,0,103,0,40,3,2,2,1,16,63,3
1865857,0,103,0,40,2,1,2,1,15,35,3
1863854,1,103,93,17.0134,3,2,2,1,17,64,3
1862456,0,103,0,40,2,3,2,1,23,45,3
1848893,0,103,0,40,3,2,2,1,20,49,3
1866072,0,103,0,40,2,1,2,1,14,42,3
1864377,0,103,0,40,2,2,2,1,16,69,3
1854051,0,103,0,40,2,4,2,1,32,34,3
1865117,0,103,0,40,3,1,2,1,13,38,3
1866441,0,103,0,40,3,1,2,1,13,83,3
1859326,0,103,0,40,2,2,2,1,19,21,3
1850686,0,103,0,40,2,2,2,1,18,25,3
1855008,0,103,0,40,3,4,2,1,26,51,3
1860788,0,103,0,40,2,4,2,1,25,14,3
1864427,0,103,0,40,2,2,2,1,14,40,3
1859573,0,103,0,40,3,5,2,1,24,66,3
1862603,0,103,0,40,3,3,2,1,16,30,3
1862875,0,103,0,40,3,2,2,1,24,31,3
1861547,0,103,0,40,3,5,2,1,22,51,3
1853471,0,103,0,40,3,3,2,1,24,40,3
1866534,0,103,0,40,2,1,2,1,11,54,3
1867078,0,103,0,40,3,1,2,1,11,46,3
1867269,0,103,0,40,2,1,2,1,11,53,3
1850019,0,103,0,40,3,2,2,1,20,32,3
1860823,0,103,0,40,3,4,2,1,20,47,3
1850787,0,103,0,40,2,2,2,1,21,68,3
1866562,0,103,0,40,2,1,2,1,10,49,3
1867453,0,103,0,40,3,1,2,1,10,40,3
1856075,0,103,0,40,2,1,2,1,12,43,3
1864228,0,103,0,40,2,2,2,1,14,23,3
1861440,0,103,0,40,2,4,2,1,20,30,3
1859600,0,103,0,40,2,5,2,1,26,25,3
1852873,0,103,0,40,3,4,2,1,19,59,3
1865297,0,103,0,40,3,2,2,1,15,87,3
1858296,0,103,0,40,2,4,2,1,24,77,3
1867740,0,103,0,40,3,1,2,1,9,26,3
1848844,0,103,0,40,3,1,2,1,11,21,3
1855997,0,103,0,40,2,2,2,1,19,42,3
1849154,0,103,0,40,3,2,2,1,16,74,3
1859213,0,103,0,40,2,1,2,1,9,65,3
1857651,0,103,0,40,2,1,2,1,31,32,3
1863438,0,103,0,40,3,1,2,1,27,48,3
1860882,0,103,0,40,3,3,2,1,30,48,3
1863365,0,103,0,40,3,2,2,1,25,51,3
1864810,0,103,0,40,2,1,2,1,21,31,3
1858509,0,103,0,40,2,3,2,1,32,62,3
1861629,0,103,0,40,3,3,2,1,30,29,3
1856695,0,103,0,40,2,2,2,1,29,18,3
1865536,0,103,0,40,3,1,2,1,17,70,3
1866197,0,103,0,40,3,1,2,1,16,25,3
1854370,0,103,0,40,3,1,2,1,23,46,3
1865574,0,103,0,40,3,1,2,1,15,40,3
1866354,0,103,0,40,2,1,2,1,15,30,3
1866436,0,103,0,40,2,1,2,1,15,47,3
1859062,0,103,0,40,3,2,2,1,29,63,3
1862567,0,103,0,40,3,2,2,1,21,62,3
1863905,0,103,0,40,2,2,2,1,21,33,3
1864128,0,103,0,40,3,3,2,1,18,21,3
1866561,0,103,0,40,2,1,2,1,14,27,3
1851767,0,103,0,40,2,1,2,1,17,68,3
1863422,0,103,0,40,2,2,2,1,23,82,3
1863676,0,103,0,40,2,2,2,1,21,16,3
1866796,0,103,0,40,3,1,2,1,13,59,3
1854981,0,103,0,40,3,1,2,1,14,49,3
1863969,0,103,0,40,3,2,2,1,16,66,3
1863622,0,103,0,40,2,3,2,1,18,45,3
1856402,0,103,0,40,3,2,2,1,34,60,3
1851422,0,103,0,40,3,4,2,1,37,23,3
1855317,0,103,0,40,3,2,2,1,19,19,3
1866858,0,103,0,40,3,1,2,1,12,41,3
1867227,0,103,0,40,2,1,2,1,12,34,3
1867335,0,103,0,40,2,1,2,1,12,28,3
1864014,0,103,0,40,3,2,2,1,15,63,3
1860833,0,103,0,40,2,4,2,1,34,68,3
1867300,0,103,0,40,2,1,2,1,11,44,3
1867581,0,103,0,40,3,1,2,1,11,24,3
1867621,0,103,0,40,2,1,2,1,11,71,3
1859731,0,103,0,40,3,1,2,1,11,31,3
1864685,0,103,0,40,2,2,2,1,12,58,3
1865436,0,103,0,40,3,2,2,1,17,62,3
1867126,0,103,0,40,2,1,2,1,10,58,3
1867572,0,103,0,40,2,1,2,1,10,34,3
1867692,0,103,0,40,2,1,2,1,10,31,3
1867722,0,103,0,40,2,1,2,1,10,42,3
1867864,0,103,0,40,3,1,2,1,10,69,3
1865118,0,103,0,40,2,2,2,1,10,57,3
1862310,0,103,0,40,2,3,2,1,19,44,3
1865776,0,103,0,40,3,2,2,1,10,38,3
1864931,0,103,0,40,2,2,2,1,14,57,3
1864544,0,103,0,40,3,2,2,1,14,47,3
1849925,0,103,0,40,2,2,2,1,32,28,3
1848430,0,103,0,40,3,2,2,1,25,39,3
1867646,0,103,0,40,2,1,2,1,9,46,3
1853254,0,103,0,40,2,3,2,1,10,51,3
1847721,0,103,0,40,3,1,2,1,30,67,3
1860708,0,103,0,40,3,3,2,1,38,33,3
1862703,0,103,0,40,3,1,2,1,31,40,3
1858655,0,103,0,40,2,5,2,1,45,54,3
1862641,0,103,0,40,3,2,2,1,26,56,3
1862654,0,103,0,40,2,3,2,1,26,51,3
1853764,0,103,0,40,3,3,2,1,26,47,3
1854544,0,103,0,40,2,1,2,1,24,18,3
1860356,0,103,0,40,3,4,2,1,34,79,3
1865782,0,103,0,40,2,1,2,1,18,12,3
1861557,0,103,0,40,3,3,2,1,28,33,3
1863347,0,103,0,40,2,2,2,1,24,47,3
1866169,0,103,0,40,2,1,2,1,17,62,3
1848064,0,103,0,40,2,5,2,1,31,31,3
1855333,0,103,0,40,3,1,2,1,20,73,3
1862694,0,103,0,40,3,2,2,1,27,58,3
1863633,0,103,0,40,2,3,2,1,19,28,3
1862415,0,103,0,40,2,3,2,1,22,38,3
1867185,0,103,0,40,2,1,2,1,13,74,3
1863937,0,103,0,40,3,2,2,1,20,16,3
1863644,0,103,0,40,3,2,2,1,22,49,3
1864807,0,103,0,40,2,2,2,1,16,29,3
1862760,0,103,0,40,3,3,2,1,21,22,3
1858474,0,103,0,40,2,4,2,1,21,51,3
1854195,0,103,0,40,3,1,2,1,12,32,3
1849242,0,103,0,40,3,1,2,1,22,44,3
1863210,0,103,0,40,3,2,2,1,20,51,3
1862234,0,103,0,40,3,3,2,1,26,28,3
1859202,0,103,0,40,3,2,2,1,20,34,3
1859239,0,103,0,40,2,2,2,1,15,70,3
1865749,0,103,0,40,2,3,2,1,13,47,3
1851971,0,103,0,40,3,1,2,1,16,38,3
1851899,0,103,0,40,3,2,2,1,23,43,3
1861697,0,103,0,40,3,2,2,1,31,33,3
1863818,0,103,0,40,3,3,2,1,16,37,3
1867988,0,103,0,40,3,1,2,1,10,13,3
1850870,0,103,0,40,3,1,2,1,13,22,3
1851136,0,103,0,40,3,3,2,1,20,53,3
1864353,0,103,0,40,2,2,2,1,17,39,3
1861390,0,103,0,40,3,3,2,1,27,54,3
1862795,0,103,0,40,2,3,2,1,22,51,3
1865080,0,103,0,40,2,3,2,1,14,63,3
1854712,0,103,0,40,2,3,2,1,24,23,3
1863637,0,103,0,40,3,3,2,1,18,18,3
1865072,0,103,0,40,3,3,2,1,14,21,3
1867795,0,103,0,40,3,1,2,1,9,68,3
1868207,0,103,0,40,2,1,2,1,9,55,3
1868463,0,103,0,40,3,1,2,1,9,34,3
1854355,0,103,0,40,2,1,2,1,20,47,3
1859746,0,103,0,40,3,3,2,1,38,60,3
1862146,0,103,0,40,2,2,2,1,32,53,3
1866334,0,103,0,40,2,1,2,1,17,64,3
1863968,0,103,0,40,2,2,2,1,19,66,3
1866909,0,103,0,40,3,1,2,1,15,56,3
1861747,0,103,0,40,3,4,2,1,29,45,3
1866950,0,103,0,40,3,1,2,1,14,59,3
1850582,0,103,0,40,3,6,2,1,35,59,3
1867417,0,103,0,40,3,1,2,1,13,42,3
1866183,0,103,0,40,3,2,2,1,15,29,3
1861613,0,103,0,40,2,4,2,1,31,13,3
1865690,0,103,0,40,2,3,2,1,18,32,3
1859481,0,103,0,40,2,5,2,1,34,53,3
1858108,0,103,0,40,2,4,2,1,29,37,3
1864586,0,103,0,40,3,3,2,1,18,26,3
1868449,0,103,0,40,2,1,2,1,10,35,3
1854187,0,103,0,40,2,1,2,1,22,48,3
1854910,0,103,0,40,2,3,2,1,27,71,3
1865942,0,103,0,40,2,2,2,1,12,46,3
1852592,0,103,0,40,3,2,2,1,15,25,3
1861661,0,103,0,40,3,4,2,1,31,62,3
1865105,0,103,0,40,2,1,2,1,21,64,3
1865613,0,103,0,40,3,1,2,1,21,48,3
1867445,0,103,0,40,3,1,2,1,14,30,3
1854764,0,103,0,40,2,3,2,1,37,58,3
1867593,0,103,0,40,3,2,2,1,12,56,3
1847896,0,103,0,40,3,2,2,1,20,89,3
1868762,0,103,0,40,3,1,2,1,10,40,3
1855309,0,103,0,40,2,2,2,1,28,51,3
1862972,0,103,0,40,3,3,2,1,23,44,3
1865138,0,103,0,40,3,2,2,1,22,55,3
1867658,0,103,0,40,2,1,2,1,9,25,3
1867626,0,103,0,40,3,0,2,1,8,97,3
1867871,0,103,0,40,3,0,2,1,8,43,3
1867983,0,103,0,40,3,0,2,1,8,73,3
1868017,0,103,0,40,3,0,2,1,8,76,3
1868081,0,103,0,40,3,0,2,1,8,54,3
1868332,0,103,0,40,3,0,2,1,8,64,3
1868348,0,103,0,40,2,0,2,1,8,29,3
1868364,0,103,0,40,2,0,2,1,8,44,3
1868452,0,103,0,40,2,0,2,1,8,70,3
1868540,0,103,0,40,3,0,2,1,8,29,3
1868572,0,103,0,40,3,0,2,1,8,17,3
1868615,0,103,0,40,2,0,2,1,8,45,3
1868655,0,103,0,40,2,0,2,1,8,35,3
1868687,0,103,0,40,3,0,2,1,8,42,3
1868695,0,103,0,40,2,0,2,1,8,34,3
1868703,0,103,0,40,3,0,2,1,8,77,3
1868719,0,103,0,40,3,0,2,1,8,24,3
1868727,0,103,0,40,3,0,2,1,8,78,3
1868743,0,103,0,40,3,0,2,1,8,79,3
1868759,0,103,0,40,2,0,2,1,8,55,3
1868799,0,103,0,40,2,0,2,1,8,50,3
1868807,0,103,0,40,2,0,2,1,8,58,3
1868839,0,103,0,40,2,0,2,1,8,39,3
1868855,0,103,0,40,2,0,2,1,8,43,3
1868895,0,103,0,40,3,0,2,1,8,50,3
1868911,0,103,0,40,2,0,2,1,8,21,3
1868962,0,103,0,40,3,0,2,1,8,38,3
1868966,0,103,0,40,2,0,2,1,8,39,3
1868970,0,103,0,40,3,0,2,1,8,25,3
1868982,0,103,0,40,2,0,2,1,8,9,3
1868998,0,103,0,40,3,0,2,1,8,48,3
1869006,0,103,0,40,2,0,2,1,8,31,3
1869018,0,103,0,40,3,0,2,1,8,40,3
1869022,0,103,0,40,2,0,2,1,8,47,3
1869026,0,103,0,40,2,0,2,1,8,42,3
1869038,0,103,0,40,3,0,2,1,8,45,3
1869054,0,103,0,40,2,0,2,1,8,30,3
1869074,0,103,0,40,3,0,2,1,8,26,3
1869082,0,103,0,40,3,0,2,1,8,44,3
1869102,0,103,0,40,3,0,2,1,8,52,3
1869114,0,103,0,40,2,0,2,1,8,34,3
1869142,0,103,0,40,2,0,2,1,8,23,3
1869150,0,103,0,40,2,0,2,1,8,32,3
1869154,0,103,0,40,2,0,2,1,8,34,3
1869162,0,103,0,40,2,0,2,1,8,39,3
1869190,0,103,0,40,3,0,2,1,8,22,3
1869198,0,103,0,40,3,0,2,1,8,37,3
1869210,0,103,0,40,3,0,2,1,8,44,3
1869214,0,103,0,40,3,0,2,1,8,56,3
1869226,0,103,0,40,3,0,2,1,8,104,3
1869230,0,103,0,40,2,0,2,1,8,17,3
1869234,0,103,0,40,2,0,2,1,8,42,3
1869242,0,103,0,40,2,0,2,1,8,63,3
1869250,0,103,0,40,2,0,2,1,8,54,3
1869253,0,103,0,40,2,0,2,1,8,58,3
1869257,0,103,0,40,3,0,2,1,8,88,3
1869261,0,103,0,40,3,0,2,1,8,45,3
1869265,0,103,0,40,2,0,2,1,8,42,3
1869273,0,103,0,40,3,0,2,1,8,15,3
1869283,0,103,0,40,3,0,2,1,8,42,3
1869287,0,103,0,40,3,0,2,1,8,28,3
1869291,0,103,0,40,2,0,2,1,8,28,3
1869293,0,103,0,40,3,0,2,1,8,74,3
1869301,0,103,0,40,2,0,2,1,8,33,3
1869305,0,103,0,40,2,0,2,1,8,41,3
1869313,0,103,0,40,2,0,2,1,8,46,3
1869323,0,103,0,40,2,0,2,1,8,81,3
1869331,0,103,0,40,3,0,2,1,8,28,3
1869337,0,103,0,40,3,0,2,1,8,24,3
1869345,0,103,0,40,2,0,2,1,8,14,3
1869347,0,103,0,40,3,0,2,1,8,67,3
1869349,0,103,0,40,2,0,2,1,8,71,3
1869351,0,103,0,40,2,0,2,1,8,141,3
1869353,0,103,0,40,3,0,2,1,8,27,3
1869367,0,103,0,40,3,0,2,1,8,22,3
1869371,0,103,0,40,3,0,2,1,8,105,3
1869379,0,103,0,40,3,0,2,1,8,60,3
1869381,0,103,0,40,3,0,2,1,8,35,3
1869399,0,103,0,40,2,0,2,1,8,27,3
1869403,0,103,0,40,2,0,2,1,8,60,3
1869405,0,103,0,40,3,0,2,1,8,37,3
1869407,0,103,0,40,2,0,2,1,8,24,3
1869421,0,103,0,40,3,0,2,1,8,99,3
1869425,0,103,0,40,2,0,2,1,8,37,3
1869427,0,103,0,40,3,0,2,1,8,146,3
1869433,0,103,0,40,2,0,2,1,8,56,3
1869443,0,103,0,40,2,0,2,1,8,39,3
1869451,0,103,0,40,3,0,2,1,8,44,3
1869463,0,103,0,40,3,0,2,1,8,31,3
1869465,0,103,0,40,3,0,2,1,8,21,3
1869471,0,103,0,40,2,0,2,1,8,32,3
1869483,0,103,0,40,3,0,2,1,8,41,3
1869487,0,103,0,40,2,0,2,1,8,43,3
1869491,0,103,0,40,2,0,2,1,8,55,3
1869499,0,103,0,40,3,0,2,1,8,81,3
1869507,0,103,0,40,2,0,2,1,8,33,3
1869519,0,103,0,40,2,0,2,1,8,41,3
1869531,0,103,0,40,2,0,2,1,8,42,3
1869533,0,103,0,40,2,0,2,1,8,35,3
1869537,0,103,0,40,2,0,2,1,8,116,3
1869539,0,103,0,40,2,0,2,1,8,76,3
1869547,0,103,0,40,3,0,2,1,8,23,3
1869551,0,103,0,40,2,0,2,1,8,36,3
1869553,0,103,0,40,3,0,2,1,8,36,3
1869559,0,103,0,40,3,0,2,1,8,19,3
1869565,0,103,0,40,3,0,2,1,8,31,3
1869567,0,103,0,40,2,0,2,1,8,41,3
1869573,0,103,0,40,2,0,2,1,8,21,3
1869575,0,103,0,40,2,0,2,1,8,40,3
1848644,0,103,0,40,2,0,2,1,8,46,3
1849887,0,103,0,40,3,0,2,1,9,43,3
1849921,0,103,0,40,3,0,2,1,12,17,3
1850350,0,103,0,40,2,0,2,1,10,12,3
1850665,0,103,0,40,2,0,2,1,9,46,3
1851848,0,103,0,40,3,0,2,1,11,47,3
1852580,0,103,0,40,3,0,2,1,10,74,3
1853361,0,103,0,40,3,0,2,1,15,23,3
1855424,0,103,0,40,2,0,2,1,13,20,3
1855447,0,103,0,40,3,0,2,1,17,71,3
1856069,0,103,0,40,3,0,2,1,24,20,3
1857533,0,103,0,40,3,0,2,1,16,85,3
1855400,0,103,0,40,2,1,2,1,11,47,3
1848705,0,103,0,40,2,0,2,1,17,30,3
1848973,0,103,0,40,2,0,2,1,12,25,3
1849709,0,103,0,40,3,0,2,1,10,37,3
1852152,0,103,0,40,2,0,2,1,9,44,3
1852647,0,103,0,40,3,0,2,1,16,88,3
1852776,0,103,0,40,2,0,2,1,12,29,3
1853369,0,103,0,40,2,0,2,1,19,61,3
1854298,0,103,0,40,2,0,2,1,9,50,3
1855041,0,103,0,40,2,0,2,1,10,37,3
1855372,0,103,0,40,3,0,2,1,9,34,3
1856032,0,103,0,40,3,0,2,1,13,46,3
1856445,0,103,0,40,2,0,2,1,11,55,3
1851285,0,103,0,40,3,0,2,1,16,34,3
1854432,0,103,0,40,3,0,2,1,22,45,3
1855591,0,103,0,40,3,0,2,1,9,37,3
1856615,0,103,0,40,2,0,2,1,15,33,3
1851074,0,103,0,40,2,1,2,1,18,54,3
1848193,0,103,0,40,2,0,2,1,18,35,3
1850076,0,103,0,40,2,0,2,1,13,67,3
1850543,0,103,0,40,2,0,2,1,18,29,3
1850680,0,103,0,40,2,0,2,1,12,42,3
1851661,0,103,0,40,3,0,2,1,16,29,3
1849972,0,103,0,40,2,1,2,1,7,35,3
1850943,0,103,0,40,3,0,2,1,14,29,3
1851189,0,103,0,40,2,0,2,1,14,16,3
1852511,0,103,0,40,3,0,2,1,14,102,3
1852596,0,103,0,40,3,0,2,1,31,32,3
1855125,0,103,0,40,2,0,2,1,15,30,3
1855240,0,103,0,40,2,0,2,1,22,35,3
1848503,0,103,0,40,3,1,2,1,13,37,3
1854882,0,103,0,40,2,1,2,1,10,24,3
1849165,0,103,0,40,2,0,2,1,19,57,3
1857122,0,103,0,40,2,0,2,1,22,31,3
1848274,0,103,0,40,2,1,2,1,16,25,3
1853469,0,103,0,40,3,1,2,1,13,64,3
1855999,0,103,0,40,3,1,2,1,10,48,3
1851771,0,103,0,40,2,0,2,1,28,55,3
1856227,0,103,0,40,2,0,2,1,14,32,3
1851596,0,103,0,40,3,0,2,1,26,53,3
1855381,0,103,0,40,2,1,2,1,15,27,3
1849895,0,103,0,40,3,1,2,1,13,38,3
1855902,0,103,0,40,2,1,2,1,16,29,3
1856362,0,103,0,40,2,1,2,1,16,26,3
1849474,0,103,0,40,2,1,2,1,11,51,3
1856397,0,103,0,40,2,1,2,1,18,38,3
1848350,0,103,0,40,3,1,2,1,11,23,3
1853056,0,103,0,40,2,0,2,1,18,65,3
1855434,0,103,0,40,3,0,2,1,23,82,3
1851766,0,103,0,40,2,1,2,1,14,62,3
1848911,0,103,0,40,3,1,2,1,13,55,3
1851225,0,103,0,40,2,1,2,1,12,16,3
1849201,0,103,0,40,2,1,2,1,20,53,3
1849403,0,103,0,40,2,2,2,1,12,35,3
1851782,0,103,0,40,2,2,2,1,14,22,3
1855122,0,103,0,40,3,0,2,1,30,50,3
1857495,0,103,0,40,2,0,2,1,22,65,3
1848066,0,103,0,40,2,1,2,1,18,49,3
1857383,0,103,0,40,3,2,2,1,21,29,3
1857793,0,103,0,40,2,0,2,1,8,91,3
1854930,0,103,0,40,2,2,2,1,21,18,3
1849299,0,103,0,40,3,1,2,1,21,54,3
1854698,0,103,0,40,2,2,2,1,32,53,3
1852865,0,103,0,40,2,1,2,1,21,35,3
1849251,0,103,0,40,2,2,2,1,30,50,3
1857606,0,103,0,40,2,2,2,1,28,38,3
1856815,0,103,0,40,3,3,2,1,31,108,3
1858072,0,103,0,40,3,0,2,1,8,67,3
1851364,0,103,0,40,2,2,2,1,32,43,3
1854243,0,103,0,40,3,4,2,1,19,24,3
1856979,0,103,0,40,3,4,2,1,26,46,3
1858396,0,103,0,40,3,0,2,1,8,42,3
1853307,0,103,0,40,3,4,2,1,25,77,3
1849111,0,103,0,40,2,5,2,1,26,47,3
1857828,0,103,0,40,2,2,2,1,15,45,3
1854039,0,103,0,40,2,3,2,1,30,63,3
1858653,0,103,0,40,3,0,2,1,14,56,3
1859106,0,103,0,40,3,0,2,1,8,46,3
1859214,0,103,0,40,2,0,2,1,8,62,3
1850636,0,103,0,40,3,5,2,1,30,29,3
1858458,0,103,0,40,3,3,2,1,15,26,3
1858855,0,103,0,40,3,0,2,1,17,19,3
1859125,0,103,0,40,2,0,2,1,14,37,3
1858540,0,103,0,40,2,1,2,1,11,25,3
1858917,0,103,0,40,3,1,2,1,10,87,3
1858997,0,103,0,40,2,0,2,1,17,58,3
1859170,0,103,0,40,3,1,2,1,10,34,3
1860052,0,103,0,40,3,0,2,1,9,17,3
1859327,0,103,0,40,2,0,2,1,18,25,3
1860331,0,103,0,40,3,0,2,1,11,41,3
1861762,0,103,0,40,3,1,2,1,25,16,3
1861519,0,103,0,40,2,2,2,1,16,22,3
1864955,0,103,0,40,2,1,2,1,11,13,3
1848415,0,103,0,40,2,2,2,1,16,52,3
1862012,0,103,0,40,2,2,2,1,24,15,3
1854996,0,103,0,40,3,1,2,1,32,12,3
1849317,0,103,0,40,2,1,2,1,25,67,3
1864664,0,103,0,40,2,1,2,1,11,40,3
1865804,0,103,0,40,3,1,2,1,10,35,3
1848516,0,103,0,40,3,1,2,1,12,24,3
1863073,0,103,0,40,3,1,2,1,23,45,3
1852907,0,103,0,40,2,3,2,1,38,73,3
1859924,0,103,0,40,2,3,2,1,32,67,3
1864584,0,103,0,40,3,1,2,1,13,52,3
1864499,0,103,0,40,2,2,2,1,12,42,3
1865189,0,103,0,40,3,1,2,1,11,49,3
1866133,0,103,0,40,3,1,2,1,10,42,3
1863361,0,103,0,40,2,2,2,1,20,19,3
1865534,0,103,0,40,3,1,2,1,8,53,3
1858911,0,103,0,40,2,2,2,1,20,37,3
1861921,0,103,0,40,3,2,2,1,25,49,3
1850317,0,103,0,40,3,1,2,1,17,57,3
1862756,0,103,0,40,3,2,2,1,20,39,3
1864138,0,103,0,40,3,2,2,1,17,30,3
1866139,0,103,0,40,3,1,2,1,11,51,3
1858094,0,103,0,40,3,3,2,1,32,28,3
1857440,0,103,0,40,2,1,2,1,11,23,3
1860811,0,103,0,40,3,4,2,1,22,37,3
1866767,0,103,0,40,3,1,2,1,9,58,3
1861990,0,103,0,40,2,3,2,1,11,44,3
1866853,0,103,0,40,2,1,2,1,8,72,3
1853327,0,103,0,40,2,1,2,1,15,61,3
1859056,0,103,0,40,3,3,2,1,41,50,3
1861105,0,103,0,40,3,2,2,1,30,22,3
1862013,0,103,0,40,3,3,2,1,26,49,3
1863780,0,103,0,40,2,1,2,1,19,29,3
1863437,0,103,0,40,2,2,2,1,20,27,3
1857483,0,103,0,40,3,2,2,1,24,65,3
1861485,0,103,0,40,2,2,2,1,28,47,3
1857321,0,103,0,40,2,1,2,1,30,62,3
1860990,0,103,0,40,3,4,2,1,29,67,3
1865963,0,103,0,40,2,1,2,1,12,85,3
1866069,0,103,0,40,3,1,2,1,12,35,3
1860953,0,103,0,40,2,3,2,1,27,38,3
1866328,0,103,0,40,2,1,2,1,11,28,3
1854395,0,103,0,40,2,1,2,1,14,58,3
1860073,0,103,0,40,2,2,2,1,14,20,3
1863978,0,103,0,40,2,2,2,1,13,98,3
1861026,0,103,0,40,3,2,2,1,31,58,3
1856115,0,103,0,40,3,2,2,1,18,37,3
1848766,0,103,0,40,3,1,2,1,23,44,3
1861259,0,103,0,40,2,4,2,1,21,11,3
1862565,0,103,0,40,2,3,2,1,15,49,3
1859375,0,103,0,40,3,7,2,1,28,53,3
1865212,0,103,0,40,2,2,2,1,14,34,3
1866303,0,103,0,40,2,1,2,1,9,27,3
1866776,0,103,0,40,3,1,2,1,9,44,3
1867073,0,103,0,40,3,1,2,1,9,41,3
1859856,0,103,0,40,3,4,2,1,33,30,3
1858245,0,103,0,40,2,4,2,1,30,31,3
1866790,0,103,0,40,2,1,2,1,8,35,3
1857468,0,103,0,40,2,1,2,1,15,24,3
1861453,0,103,0,40,2,3,2,1,26,48,3
1863296,0,103,0,40,3,1,2,1,22,63,3
1860625,0,103,0,40,2,3,2,1,36,60,3
1864538,0,103,0,40,3,1,2,1,18,51,3
1864915,0,103,0,40,2,1,2,1,16,33,3
1853887,0,103,0,40,3,2,2,1,22,25,3
1861333,0,103,0,40,3,3,2,1,26,50,3
1860738,0,103,0,40,3,4,2,1,30,45,3
1860239,0,103,0,40,2,4,2,1,25,16,3
1854984,0,103,0,40,3,2,2,1,31,106,3
1851651,0,103,0,40,3,1,2,1,14,47,3
1862160,0,103,0,40,3,2,2,1,24,53,3
1848491,0,103,0,40,3,2,2,1,22,58,3
1860079,0,103,0,40,3,3,2,1,38,46,3
1857176,1,103,0,40,2,2,2,1,25,64,3
1853274,0,103,0,40,2,3,2,1,34,21,3
1864428,0,103,0,40,3,2,2,1,18,43,3
1865230,0,103,0,40,3,1,2,1,11,58,3
1866409,0,103,0,40,2,1,2,1,11,49,3
1852390,0,103,0,40,2,2,2,1,20,37,3
1865137,0,103,0,40,2,2,2,1,11,20,3
1865223,0,103,0,40,3,2,2,1,13,36,3
1861497,0,103,0,40,3,3,2,1,27,34,3
1866837,0,103,0,40,3,1,2,1,10,43,3
1854467,0,103,0,40,3,1,2,1,18,48,3
1861353,0,103,0,40,3,3,2,1,24,68,3
1859408,0,103,0,40,3,6,2,1,29,96,3
1865641,0,103,0,40,2,2,2,1,12,52,3
1861337,0,103,0,40,3,5,2,1,20,30,3
1867271,0,103,0,40,3,1,2,1,9,34,3
1848764,0,103,0,40,3,1,2,1,21,41,3
1857343,0,103,0,40,3,2,2,1,21,31,3
1867543,0,103,0,40,2,1,2,1,8,45,3
1857962,0,103,0,40,2,1,2,1,13,45,3
1859473,0,103,0,40,2,1,2,1,11,29,3
1862983,0,103,0,40,2,2,2,1,26,55,3
1863475,0,103,0,40,3,1,2,1,23,58,3
1860116,0,103,0,40,2,3,2,1,37,46,3
1864050,0,103,0,40,2,1,2,1,22,16,3
1864424,0,103,0,40,2,1,2,1,21,62,3
1862373,0,103,0,40,2,2,2,1,26,29,3
1859934,0,103,0,40,3,4,2,1,32,64,3
1861500,0,103,0,40,2,3,2,1,24,42,3
1861582,0,103,0,40,2,4,2,1,23,27,3
1861211,0,103,0,40,2,3,2,1,27,34,3
1859789,0,103,0,40,3,1,2,1,19,8,3
1850593,0,103,0,40,2,1,2,1,31,43,3
1858621,0,103,0,40,3,5,2,1,41,68,3
1865362,0,103,0,40,2,1,2,1,15,79,3
1865636,0,103,0,40,2,1,2,1,15,31,3
1865862,0,103,0,40,2,1,2,1,15,59,3
1855207,0,103,0,40,3,1,2,1,16,39,3
1865610,0,103,0,40,3,1,2,1,14,35,3
1864934,0,103,0,40,2,2,2,1,15,28,3
1865795,0,103,0,40,2,1,2,1,13,26,3
1866412,0,103,0,40,3,1,2,1,13,44,3
1855521,0,103,0,40,2,12,2,1,53,51,3
1864641,0,103,0,40,2,2,2,1,14,71,3
1856228,0,103,0,40,3,3,2,1,24,60,3
1860776,0,103,0,40,2,3,2,1,30,68,3
1865371,0,103,0,40,3,2,2,1,15,43,3
1866583,0,103,0,40,2,1,2,1,12,40,3
1850737,0,103,0,40,3,1,2,1,15,65,3
1858276,0,103,0,40,3,2,2,1,31,40,3
1866078,0,103,0,40,2,1,2,1,11,49,3
1866877,0,103,0,40,3,1,2,1,11,89,3
1848720,0,103,0,40,2,2,2,1,18,60,3
1859659,0,103,0,40,3,1,2,1,12,59,3
1860070,0,103,0,40,2,5,2,1,28,29,3
1861647,0,103,0,40,2,4,2,1,25,31,3
1860202,0,103,0,40,3,3,2,1,34,30,3
1867153,0,103,0,40,3,1,2,1,10,43,3
1867255,0,103,0,40,2,1,2,1,10,62,3
1856167,0,103,0,40,2,2,2,1,14,28,3
1864569,0,103,0,40,2,2,2,1,12,27,3
1851210,0,103,0,40,2,2,2,1,17,27,3
1866410,0,103,0,40,3,2,2,1,10,84,3
1860322,0,103,0,40,3,2,2,1,11,23,3
1867008,0,103,0,40,3,1,2,1,9,45,3
1867172,0,103,0,40,3,1,2,1,9,52,3
1867515,0,103,0,40,2,1,2,1,9,54,3
1856819,0,103,0,40,3,1,2,1,13,63,3
1856353,0,103,0,40,2,2,2,1,13,63,3
1850443,0,103,0,40,3,3,2,1,37,19,3
1864446,0,103,0,40,3,3,2,1,11,19,3
1862951,0,103,0,40,3,3,2,1,19,48,3
1865615,0,103,0,40,2,2,2,1,11,104,3
1860839,0,103,0,40,3,4,2,1,30,53,3
1859873,0,103,0,40,2,4,2,1,41,36,3
1864818,0,103,0,40,3,2,2,1,16,31,3
1860269,0,103,0,40,3,4,2,1,29,61,3
1867174,0,103,0,40,3,1,2,1,8,56,3
1867782,0,103,0,40,3,1,2,1,8,48,3
1849285,0,103,0,40,3,2,2,1,11,55,3
1855640,0,103,0,40,3,2,2,1,18,11,3
1848253,0,103,0,40,3,3,2,1,26,30,3
1862917,0,103,0,40,3,1,2,1,28,28,3
1861962,0,103,0,40,3,2,2,1,30,60,3
1853718,0,103,0,40,2,1,2,1,34,42,3
1859047,0,103,0,40,3,2,2,1,22,31,3
1865028,0,103,0,40,3,1,2,1,19,60,3
1851790,1,103,0,40,2,3,2,1,26,94,3
1858024,0,103,0,40,3,2,2,1,20,24,3
1860335,0,103,0,40,2,5,2,1,34,65,3
1864494,0,103,0,40,3,2,2,1,19,44,3
1861389,1,103,94,15.4357,3,2,2,1,32,67,3
1865868,0,103,0,40,2,1,2,1,16,45,3
1854401,0,103,0,40,3,1,2,1,20,21,3
1862895,0,103,0,40,3,3,2,1,18,30,3
1862690,0,103,0,40,3,3,2,1,19,68,3
1866155,0,103,0,40,2,1,2,1,15,24,3
1851363,0,103,0,40,3,3,2,1,30,90,3
1859989,0,103,0,40,2,5,2,1,33,47,3
1865771,0,103,0,40,3,1,2,1,14,47,3
1853207,0,103,0,40,2,2,2,1,31,32,3
1862424,0,103,0,40,2,2,2,1,25,88,3
1865823,0,103,0,40,2,1,2,1,13,39,3
1866581,0,103,0,40,2,1,2,1,13,13,3
1847868,0,103,0,40,3,1,2,1,16,29,3
1859859,0,103,0,40,3,1,2,1,13,57,3
1863578,0,103,0,40,2,2,2,1,21,44,3
1865464,0,103,0,40,2,2,2,1,14,32,3
1847966,0,103,0,40,2,2,2,1,19,82,3
1866664,0,103,0,40,3,1,2,1,12,49,3
1867053,0,103,0,40,3,1,2,1,12,16,3
1865309,0,103,0,40,3,2,2,1,12,22,3
1863788,0,103,0,40,3,2,2,1,17,78,3
1860585,0,103,0,40,3,4,2,1,26,22,3
1867103,0,103,0,40,3,1,2,1,11,70,3
1867317,0,103,0,40,3,1,2,1,11,75,3
1854722,0,103,0,40,2,2,2,1,17,62,3
1859538,0,103,0,40,3,1,2,1,16,44,3
1864559,0,103,0,40,2,2,2,1,12,12,3
1854152,0,103,0,40,2,2,2,1,22,47,3
1861851,0,103,0,40,2,3,2,1,23,29,3
1867641,0,103,0,40,3,1,2,1,10,36,3
1851390,0,103,0,40,2,2,2,1,32,43,3
1851125,0,103,0,40,2,3,2,1,23,39,3
1865043,0,103,0,40,3,2,2,1,11,45,3
1862733,0,103,0,40,2,3,2,1,18,62,3
1857153,0,103,0,40,2,2,2,1,15,42,3
1860011,0,103,0,40,2,2,2,1,18,44,3
1865401,0,103,0,40,3,2,2,1,14,31,3
1862407,0,103,0,40,2,3,2,1,27,64,3
1865957,0,103,0,40,3,2,2,1,12,85,3
1862491,0,103,0,40,2,3,2,1,25,23,3
1856005,0,103,0,40,2,5,2,1,36,33,3
1867206,0,103,0,40,2,1,2,1,9,44,3
1867408,0,103,0,40,3,1,2,1,9,40,3
1867870,0,103,0,40,3,1,2,1,9,58,3
1856724,0,103,0,40,3,1,2,1,11,46,3
1849968,0,103,0,40,3,3,2,1,12,47,3
1849996,0,103,0,40,2,2,2,1,21,60,3
1847949,0,103,0,40,3,1,2,1,36,21,3
1861771,0,103,0,40,2,4,2,1,21,26,3
1856940,0,103,0,40,2,3,2,1,33,45,3
1862794,0,103,0,40,3,3,2,1,24,52,3
1866235,0,103,0,40,3,2,2,1,12,43,3
1865861,0,103,0,40,3,2,2,1,13,50,3
1865314,0,103,0,40,2,2,2,1,15,95,3
1867486,0,103,0,40,2,1,2,1,8,32,3
1867606,0,103,0,40,2,1,2,1,8,61,3
1867662,0,103,0,40,3,1,2,1,8,124,3
1868088,0,103,0,40,2,1,2,1,8,73,3
1853151,0,103,0,40,2,1,2,1,22,66,3
1857720,0,103,0,40,3,1,2,1,8,70,3
1862211,0,103,0,40,3,2,2,1,29,22,3
1861129,0,103,0,40,3,3,2,1,32,12,3
1862293,0,103,0,40,3,3,2,1,27,8,3
1862556,0,103,0,40,2,3,2,1,24,24,3
1863546,0,103,0,40,2,2,2,1,25,20,3
1860952,0,103,0,40,2,2,2,1,31,18,3
1865593,0,103,0,40,2,1,2,1,18,24,3
1851439,0,103,0,40,3,2,2,1,43,68,3
1864188,0,103,0,40,2,2,2,1,18,22,3
1864157,0,103,0,40,2,2,2,1,22,53,3
1865832,0,103,0,40,2,1,2,1,17,36,3
1862725,0,103,0,40,2,2,2,1,24,25,3
1860648,0,103,0,40,2,4,2,1,31,22,3
1866081,0,103,0,40,2,1,2,1,16,53,3
1853702,0,103,0,40,2,2,2,1,21,51,3
1852032,0,103,0,40,2,3,2,1,25,28,3
1862132,0,103,0,40,2,3,2,1,23,65,3
1861616,0,103,0,40,3,3,2,1,19,16,3
1866308,0,103,0,40,2,1,2,1,15,56,3
1855459,0,103,0,40,2,2,2,1,26,31,3
1866321,0,103,0,40,3,1,2,1,14,32,3
1866769,0,103,0,40,3,1,2,1,14,51,3
1857004,0,103,0,40,3,1,2,1,22,57,3
1858388,0,103,0,40,2,1,2,1,16,32,3
1860339,0,103,0,40,2,3,2,1,33,21,3
1860637,0,103,0,40,2,5,2,1,25,47,3
1849792,0,103,0,40,3,2,2,1,15,35,3
1865891,0,103,0,40,2,1,2,1,13,44,3
1856600,0,103,0,40,3,1,2,1,17,42,3
1848107,0,103,0,40,2,2,2,1,38,22,3
1860363,0,103,0,40,3,1,2,1,13,53,3
1861286,0,103,0,40,2,4,2,1,20,129,3
1866898,0,103,0,40,3,1,2,1,12,42,3
1860727,0,103,0,40,3,4,2,1,29,45,3
1851150,0,103,0,40,3,2,2,1,20,45,3
1855569,0,103,0,40,3,3,2,1,30,29,3
1865645,0,103,0,40,3,2,2,1,14,87,3
1860748,0,103,0,40,3,5,2,1,24,15,3
1867635,0,103,0,40,2,1,2,1,11,19,3
1848075,0,103,0,40,2,1,2,1,16,74,3
1860086,0,103,0,40,3,5,2,1,29,51,3
1859196,0,103,0,40,3,2,2,1,20,46,3
1850720,0,103,0,40,2,2,2,1,17,29,3
1865784,0,103,0,40,3,2,2,1,12,46,3
1866323,0,103,0,40,3,1,2,1,10,53,3
1867460,0,103,0,40,3,1,2,1,10,50,3
1867832,0,103,0,40,2,1,2,1,10,14,3
1848437,0,103,0,40,2,1,2,1,18,23,3
1858234,0,103,0,40,3,1,2,1,21,44,3
1863320,0,103,0,40,2,2,2,1,16,38,3
1866205,0,103,0,40,2,2,2,1,11,86,3
1861592,0,103,0,40,2,3,2,1,29,63,3
1867797,0,103,0,40,3,1,2,1,9,44,3
1868040,0,103,0,40,3,1,2,1,9,62,3
1868206,0,103,0,40,3,1,2,1,9,33,3
1848409,0,103,0,40,2,1,2,1,13,36,3
1853588,0,103,0,40,2,1,2,1,13,58,3
1854093,0,103,0,40,2,1,2,1,18,49,3
1863941,0,103,0,40,2,3,2,1,19,49,3
1862740,0,103,0,40,3,2,2,1,22,25,3
1865245,0,103,0,40,3,2,2,1,14,12,3
1853240,0,103,0,40,2,2,2,1,19,59,3
1864644,0,103,0,40,3,2,2,1,16,19,3
1866645,0,103,0,40,3,2,2,1,10,41,3
1867423,0,103,0,40,3,2,2,1,9,19,3
1866892,0,103,0,40,2,1,2,1,8,17,3
1868095,0,103,0,40,2,1,2,1,8,52,3
1868429,0,103,0,40,3,1,2,1,8,21,3
1868469,0,103,0,40,2,1,2,1,8,100,3
1868511,0,103,0,40,3,1,2,1,8,43,3
1868571,0,103,0,40,3,1,2,1,8,51,3
1850263,0,103,0,40,2,1,2,1,18,21,3
1863196,0,103,0,40,2,1,2,1,27,57,3
1862436,0,103,0,40,2,2,2,1,27,31,3
1862198,0,103,0,40,2,3,2,1,30,43,3
1865673,0,103,0,40,2,1,2,1,19,81,3
1861262,0,103,0,40,2,4,2,1,26,51,3
1863402,0,103,0,40,3,2,2,1,20,31,3
1861585,0,103,0,40,2,4,2,1,23,54,3
1860987,0,103,0,40,3,4,2,1,35,26,3
1864526,0,103,0,40,3,2,2,1,18,51,3
1866048,0,103,0,40,3,1,2,1,16,52,3
1859379,0,103,0,40,2,4,2,1,37,35,3
1863417,0,103,0,40,2,3,2,1,22,35,3
1861061,0,103,0,40,2,3,2,1,34,80,3
1861608,0,103,0,40,2,4,2,1,26,23,3
1848809,0,103,0,40,3,2,2,1,25,77,3
1867026,0,103,0,40,3,1,2,1,13,29,3
1858430,0,103,0,40,2,1,2,1,13,44,3
1864189,0,103,0,40,2,2,2,1,16,40,3
1861694,0,103,0,40,2,3,2,1,26,75,3
1859579,0,103,0,40,2,1,2,1,17,27,3
1859322,0,103,0,40,2,2,2,1,31,29,3
1864351,0,103,0,40,3,2,2,1,17,39,3
1865601,0,103,0,40,3,3,2,1,14,41,3
1866361,0,103,0,40,3,2,2,1,14,88,3
1865722,0,103,0,40,3,3,2,1,14,58,3
1867676,0,103,0,40,3,1,2,1,11,31,3
1867804,0,103,0,40,3,1,2,1,11,25,3
1867872,0,103,0,40,3,1,2,1,11,45,3
1867944,0,103,0,40,2,1,2,1,11,59,3
1848999,0,103,0,40,3,2,2,1,19,32,3
1862930,0,103,0,40,3,3,2,1,19,53,3
1865714,0,103,0,40,3,2,2,1,14,23,3
1864418,0,103,0,40,3,3,2,1,18,30,3
1864777,0,103,0,40,2,3,2,1,17,41,3
1853233,0,103,0,40,3,4,2,1,19,42,3
1867306,0,103,0,40,3,1,2,1,10,76,3
1867973,0,103,0,40,3,1,2,1,10,26,3
1853820,0,103,0,40,3,1,2,1,14,23,3
1860448,0,103,0,40,2,4,2,1,28,22,3
1862205,0,103,0,40,2,4,2,1,23,48,3
1860980,0,103,0,40,2,3,2,1,31,39,3
1868473,0,103,0,40,3,1,2,1,9,63,3
1868581,0,103,0,40,2,1,2,1,9,37,3
1868607,0,103,0,40,2,1,2,1,9,52,3
1850676,0,103,0,40,3,1,2,1,13,16,3
1856364,0,103,0,40,3,1,2,1,10,66,3
1857520,0,103,0,40,3,1,2,1,12,37,3
1856636,0,103,0,40,3,1,2,1,20,75,3
1853892,0,103,0,40,3,1,2,1,22,24,3
1865057,0,103,0,40,3,2,2,1,13,52,3
1866620,0,103,0,40,2,2,2,1,11,22,3
1866666,0,103,0,40,3,1,2,1,8,51,3
1868450,0,103,0,40,3,1,2,1,8,11,3
1856424,0,103,0,40,2,1,2,1,11,46,3
1856287,0,103,0,40,2,2,2,1,14,54,3
1862539,0,103,0,40,3,1,2,1,32,70,3
1858916,0,103,0,40,3,2,2,1,55,41,3
1853710,0,103,0,40,3,2,2,1,35,46,3
1864936,0,103,0,40,3,1,2,1,23,42,3
1861744,0,103,0,40,3,2,2,1,32,55,3
1866015,0,103,0,40,2,1,2,1,18,70,3
1862770,0,103,0,40,2,2,2,1,28,47,3
1864720,0,103,0,40,2,2,2,1,18,52,3
1866633,0,103,0,40,2,1,2,1,16,88,3
1861978,0,103,0,40,3,4,2,1,22,73,3
1848092,0,103,0,40,3,2,2,1,25,51,3
1861163,0,103,0,40,2,2,2,1,32,69,3
1862667,0,103,0,40,3,4,2,1,24,65,3
1866882,0,103,0,40,2,1,2,1,14,68,3
1861880,0,103,0,40,2,2,2,1,28,57,3
1866495,0,103,0,40,3,2,2,1,14,50,3
1867401,0,103,0,40,2,1,2,1,13,112,3
1849147,0,103,0,40,3,1,2,1,25,53,3
1852161,0,103,0,40,3,2,2,1,31,25,3
1860817,0,103,0,40,2,4,2,1,33,33,3
1867424,0,103,0,40,3,1,2,1,12,43,3
1865187,0,103,0,40,2,2,2,1,12,80,3
1860417,0,103,0,40,2,2,2,1,16,43,3
1867825,0,103,0,40,2,1,2,1,11,25,3
1855060,0,103,0,40,2,1,2,1,13,97,3
1856590,0,103,0,40,2,2,2,1,12,134,3
1866106,0,103,0,40,2,2,2,1,13,21,3
1848438,0,103,0,40,3,1,2,1,18,13,3
1850150,0,103,0,40,2,1,2,1,18,15,3
1850438,0,103,0,40,3,2,2,1,19,64,3
1850455,0,103,0,40,2,2,2,1,20,51,3
1861675,0,103,0,40,2,3,2,1,25,50,3
1852014,0,103,0,40,2,2,2,1,17,22,3
1864090,0,103,0,40,3,3,2,1,21,18,3
1869047,0,103,0,40,3,1,2,1,8,61,3
1869239,0,103,0,40,3,1,2,1,8,56,3
1850998,0,103,0,40,2,1,2,1,12,54,3
1856668,0,103,0,40,2,1,2,1,21,56,3
1861844,0,103,0,40,3,5,2,1,25,53,3
1864888,0,103,0,40,3,2,2,1,20,49,3
1855611,0,103,0,40,3,2,2,1,17,37,3
1862256,0,103,0,40,2,3,2,1,28,66,3
1866299,0,103,0,40,2,2,2,1,13,77,3
1868524,0,103,0,40,3,1,2,1,8,51,3
1867839,0,103,0,40,3,0,2,1,7,32,3
1868065,0,103,0,40,3,0,2,1,7,37,3
1868356,0,103,0,40,3,0,2,1,7,42,3
1868428,0,103,0,40,2,0,2,1,7,60,3
1868492,0,103,0,40,3,0,2,1,7,99,3
1868611,0,103,0,40,2,0,2,1,7,17,3
1868659,0,103,0,40,2,0,2,1,7,20,3
1868675,0,103,0,40,2,0,2,1,7,18,3
1868691,0,103,0,40,2,0,2,1,7,31,3
1868739,0,103,0,40,3,0,2,1,7,45,3
1868755,0,103,0,40,2,0,2,1,7,34,3
1868851,0,103,0,40,2,0,2,1,7,31,3
1868899,0,103,0,40,2,0,2,1,7,33,3
1868931,0,103,0,40,2,0,2,1,7,50,3
1868956,0,103,0,40,3,0,2,1,7,81,3
1868964,0,103,0,40,3,0,2,1,7,31,3
1868996,0,103,0,40,2,0,2,1,7,53,3
1869004,0,103,0,40,2,0,2,1,7,44,3
1869036,0,103,0,40,3,0,2,1,7,12,3
1869084,0,103,0,40,2,0,2,1,7,26,3
1869100,0,103,0,40,3,0,2,1,7,108,3
1869124,0,103,0,40,3,0,2,1,7,55,3
1869132,0,103,0,40,3,0,2,1,7,44,3
1869148,0,103,0,40,3,0,2,1,7,13,3
1869164,0,103,0,40,2,0,2,1,7,53,3
1869172,0,103,0,40,2,0,2,1,7,57,3
1869228,0,103,0,40,2,0,2,1,7,45,3
1869260,0,103,0,40,3,0,2,1,7,18,3
1869284,0,103,0,40,2,0,2,1,7,97,3
1869288,0,103,0,40,2,0,2,1,7,32,3
1869296,0,103,0,40,2,0,2,1,7,56,3
1869324,0,103,0,40,3,0,2,1,7,47,3
1869328,0,103,0,40,3,0,2,1,7,21,3
1869348,0,103,0,40,2,0,2,1,7,37,3
1869356,0,103,0,40,3,0,2,1,7,48,3
1869364,0,103,0,40,3,0,2,1,7,24,3
1869368,0,103,0,40,3,0,2,1,7,75,3
1869372,0,103,0,40,3,0,2,1,7,53,3
1869384,0,103,0,40,2,0,2,1,7,34,3
1869392,0,103,0,40,3,0,2,1,7,72,3
1869396,0,103,0,40,3,0,2,1,7,15,3
1869400,0,103,0,40,3,0,2,1,7,47,3
1869404,0,103,0,40,3,0,2,1,7,28,3
1869408,0,103,0,40,2,0,2,1,7,67,3
1869420,0,103,0,40,3,0,2,1,7,25,3
1869428,0,103,0,40,3,0,2,1,7,107,3
1869436,0,103,0,40,2,0,2,1,7,30,3
1869448,0,103,0,40,3,0,2,1,7,21,3
1869496,0,103,0,40,3,0,2,1,7,23,3
1869504,0,103,0,40,3,0,2,1,7,56,3
1869512,0,103,0,40,2,0,2,1,7,28,3
1869532,0,103,0,40,3,0,2,1,7,43,3
1869540,0,103,0,40,3,0,2,1,7,36,3
1869544,0,103,0,40,3,0,2,1,7,23,3
1869552,0,103,0,40,3,0,2,1,7,25,3
1869580,0,103,0,40,2,0,2,1,7,76,3
1869582,0,103,0,40,2,0,2,1,7,40,3
1869584,0,103,0,40,3,0,2,1,7,38,3
1869586,0,103,0,40,3,0,2,1,7,41,3
1869592,0,103,0,40,2,0,2,1,7,50,3
1869596,0,103,0,40,2,0,2,1,7,32,3
1869598,0,103,0,40,2,0,2,1,7,43,3
1869602,0,103,0,40,2,0,2,1,7,44,3
1869604,0,103,0,40,3,0,2,1,7,47,3
1869606,0,103,0,40,3,0,2,1,7,33,3
1869612,0,103,0,40,2,0,2,1,7,40,3
1869616,0,103,0,40,3,0,2,1,7,52,3
1869624,0,103,0,40,2,0,2,1,7,55,3
1869628,0,103,0,40,2,0,2,1,7,54,3
1869630,0,103,0,40,2,0,2,1,7,45,3
1869632,0,103,0,40,3,0,2,1,7,34,3
1869634,0,103,0,40,3,0,2,1,7,21,3
1869640,0,103,0,40,2,0,2,1,7,84,3
1869642,0,103,0,40,2,0,2,1,7,93,3
1869646,0,103,0,40,3,0,2,1,7,61,3
1869648,0,103,0,40,3,0,2,1,7,44,3
1869650,0,103,0,40,3,0,2,1,7,24,3
1869660,0,103,0,40,2,0,2,1,7,45,3
1869666,0,103,0,40,2,0,2,1,7,31,3
1869672,0,103,0,40,2,0,2,1,7,91,3
1869674,0,103,0,40,3,0,2,1,7,29,3
1869676,0,103,0,40,3,0,2,1,7,33,3
1869678,0,103,0,40,2,0,2,1,7,28,3
1869684,0,103,0,40,2,0,2,1,7,64,3
1869690,0,103,0,40,2,0,2,1,7,71,3
1869694,0,103,0,40,3,0,2,1,7,65,3
1869696,0,103,0,40,3,0,2,1,7,47,3
1869698,0,103,0,40,2,0,2,1,7,46,3
1869702,0,103,0,40,3,0,2,1,7,72,3
1869710,0,103,0,40,2,0,2,1,7,25,3
1869712,0,103,0,40,2,0,2,1,7,42,3
1869720,0,103,0,40,3,0,2,1,7,57,3
1869728,0,103,0,40,3,0,2,1,7,36,3
1869734,0,103,0,40,3,0,2,1,7,28,3
1869736,0,103,0,40,3,0,2,1,7,47,3
1869740,0,103,0,40,3,0,2,1,7,47,3
1869746,0,103,0,40,3,0,2,1,7,43,3
1869752,0,103,0,40,2,0,2,1,7,31,3
1869754,0,103,0,40,2,0,2,1,7,31,3
1869758,0,103,0,40,2,0,2,1,7,41,3
1869760,0,103,0,40,2,0,2,1,7,20,3
1869764,0,103,0,40,2,0,2,1,7,70,3
1869768,0,103,0,40,3,0,2,1,7,45,3
1869770,0,103,0,40,3,0,2,1,7,57,3
1869774,0,103,0,40,3,0,2,1,7,29,3
1869786,0,103,0,40,3,0,2,1,7,35,3
1869792,0,103,0,40,3,0,2,1,7,23,3
1869798,0,103,0,40,3,0,2,1,7,26,3
1869806,0,103,0,40,3,0,2,1,7,75,3
1869810,0,103,0,40,3,0,2,1,7,20,3
1869812,0,103,0,40,3,0,2,1,7,39,3
1869826,0,103,0,40,2,0,2,1,7,34,3
1869830,0,103,0,40,3,0,2,1,7,42,3
1869832,0,103,0,40,2,0,2,1,7,50,3
1869834,0,103,0,40,3,0,2,1,7,33,3
1869838,0,103,0,40,3,0,2,1,7,33,3
1869846,0,103,0,40,2,0,2,1,7,42,3
1869850,0,103,0,40,3,0,2,1,7,22,3
1869852,0,103,0,40,2,0,2,1,7,50,3
1869854,0,103,0,40,2,0,2,1,7,74,3
1869858,0,103,0,40,2,0,2,1,7,42,3
1869866,0,103,0,40,3,0,2,1,7,25,3
1869870,0,103,0,40,2,0,2,1,7,22,3
1869872,0,103,0,40,2,0,2,1,7,14,3
1869878,0,103,0,40,2,0,2,1,7,4,3
1869882,0,103,0,40,3,0,2,1,7,54,3
1869888,0,103,0,40,2,0,2,1,7,48,3
1869890,0,103,0,40,3,0,2,1,7,31,3
1869894,0,103,0,40,2,0,2,1,7,13,3
1869898,0,103,0,40,2,0,2,1,7,29,3
1869900,0,103,0,40,2,0,2,1,7,29,3
1869902,0,103,0,40,3,0,2,1,7,49,3
1869906,0,103,0,40,2,0,2,1,7,34,3
1869908,0,103,0,40,3,0,2,1,7,47,3
1869910,0,103,0,40,2,0,2,1,7,21,3
1869914,0,103,0,40,3,0,2,1,7,15,3
1869916,0,103,0,40,3,0,2,1,7,50,3
1869918,0,103,0,40,3,0,2,1,7,32,3
1847923,0,103,0,40,2,0,2,1,19,47,3
1848025,0,103,0,40,3,0,2,1,11,26,3
1848510,0,103,0,40,2,0,2,1,9,21,3
1848555,0,103,0,40,3,0,2,1,17,59,3
1848572,0,103,0,40,3,0,2,1,7,51,3
1848882,0,103,0,40,2,0,2,1,6,49,3
1849021,0,103,0,40,3,0,2,1,17,17,3
1849090,0,103,0,40,2,0,2,1,6,44,3
1849106,0,103,0,40,2,0,2,1,7,52,3
1849719,0,103,0,40,3,0,2,1,9,51,3
1849832,0,103,0,40,3,0,2,1,8,36,3
1850364,0,103,0,40,2,0,2,1,7,48,3
1850583,0,103,0,40,3,0,2,1,10,35,3
1850973,0,103,0,40,2,0,2,1,7,53,3
1851663,0,103,0,40,3,0,2,1,10,31,3
1853264,0,103,0,40,2,0,2,1,13,21,3
1854082,0,103,0,40,2,0,2,1,9,108,3
1854267,0,103,0,40,3,0,2,1,9,40,3
1855828,0,103,0,40,3,0,2,1,9,33,3
1856041,0,103,0,40,3,0,2,1,14,41,3
1856398,0,103,0,40,2,0,2,1,10,68,3
1856934,0,103,0,40,2,0,2,1,9,45,3
1848711,0,103,0,40,2,0,2,1,17,58,3
1848742,0,103,0,40,2,0,2,1,18,24,3
1849212,0,103,0,40,2,0,2,1,11,140,3
1850428,0,103,0,40,3,0,2,1,13,33,3
1851902,0,103,0,40,3,0,2,1,24,33,3
1851957,0,103,0,40,2,0,2,1,10,46,3
1852041,0,103,0,40,3,0,2,1,21,20,3
1852124,0,103,0,40,2,0,2,1,11,28,3
1852376,0,103,0,40,2,0,2,1,10,21,3
1854063,0,103,0,40,3,0,2,1,11,37,3
1856332,0,103,0,40,3,0,2,1,10,22,3
1856482,0,103,0,40,2,0,2,1,9,88,3
1856755,0,103,0,40,2,0,2,1,11,30,3
1847950,0,103,0,40,3,0,2,1,8,26,3
1848497,0,103,0,40,3,0,2,1,20,36,3
1849970,1,103,0,40,3,0,2,1,11,50,3
1853869,0,103,0,40,2,0,2,1,9,41,3
1857563,0,103,0,40,2,0,2,1,19,74,3
1856960,0,103,0,40,2,1,2,1,12,27,3
1853793,0,103,0,40,3,0,2,1,11,74,3
1855063,0,103,0,40,2,0,2,1,14,35,3
1857474,0,103,0,40,2,0,2,1,10,98,3
1856721,0,103,0,40,3,1,2,1,15,27,3
1848239,0,103,0,40,3,0,2,1,11,60,3
1851708,0,103,0,40,2,0,2,1,11,22,3
1851819,0,103,0,40,2,0,2,1,18,51,3
1855070,0,103,0,40,3,0,2,1,14,67,3
1856944,0,103,0,40,3,0,2,1,17,16,3
1857667,0,103,0,40,3,0,2,1,14,88,3
1848653,0,103,0,40,3,1,2,1,9,81,3
1854439,0,103,0,40,3,0,2,1,13,36,3
1855065,0,103,0,40,3,0,2,1,23,20,3
1857229,0,103,0,40,3,0,2,1,17,82,3
1851191,0,103,0,40,3,1,2,1,18,59,3
1853994,0,103,0,40,3,1,2,1,28,34,3
1850020,0,103,0,40,3,1,2,1,11,43,3
1848949,0,103,0,40,3,0,2,1,14,67,3
1851309,0,103,0,40,3,0,2,1,15,39,3
1853315,0,103,0,40,3,0,2,1,19,37,3
1857264,0,103,0,40,3,0,2,1,14,53,3
1853800,0,103,0,40,2,1,2,1,12,35,3
1850502,0,103,0,40,2,0,2,1,21,35,3
1852305,0,103,0,40,2,1,2,1,20,65,3
1853313,0,103,0,40,2,1,2,1,16,67,3
1854777,0,103,0,40,3,1,2,1,10,42,3
1849632,0,103,0,40,3,1,2,1,15,29,3
1848171,0,103,0,40,2,1,2,1,20,47,3
1855243,0,103,0,40,3,1,2,1,14,35,3
1848014,0,103,0,40,2,1,2,1,14,42,3
1857168,0,103,0,40,2,1,2,1,18,48,3
1850721,0,103,0,40,2,2,2,1,23,58,3
1852676,0,103,0,40,3,0,2,1,19,24,3
1855463,0,103,0,40,2,2,2,1,12,25,3
1854643,0,103,0,40,3,1,2,1,18,23,3
1850070,0,103,0,40,3,0,2,1,23,44,3
1857091,0,103,0,40,2,1,2,1,27,55,3
1857282,0,103,0,40,2,1,2,1,15,25,3
1853500,0,103,0,40,2,1,2,1,15,72,3
1852603,0,103,0,40,3,2,2,1,23,21,3
1854286,0,103,0,40,2,1,2,1,16,41,3
1852410,0,103,0,40,3,1,2,1,18,58,3
1849324,0,103,0,40,3,2,2,1,17,14,3
1850930,0,103,0,40,3,1,2,1,34,25,3
1855222,0,103,0,40,2,2,2,1,15,32,3
1852211,0,103,0,40,3,1,2,1,19,41,3
1850008,0,103,0,40,2,2,2,1,22,26,3
1855171,0,103,0,40,3,2,2,1,29,35,3
1853068,0,103,0,40,2,2,2,1,15,91,3
1850673,0,103,0,40,2,2,2,1,16,80,3
1856614,0,103,0,40,3,2,2,1,22,64,3
1857587,0,103,0,40,2,3,2,1,16,17,3
1854351,0,103,0,40,3,3,2,1,16,37,3
1852827,0,103,0,40,2,2,2,1,20,78,3
1857653,0,103,0,40,2,2,2,1,21,29,3
1857752,0,103,0,40,2,1,2,1,15,45,3
1848826,0,103,0,40,2,2,2,1,29,73,3
1858090,0,103,0,40,3,0,2,1,7,42,3
1852598,0,103,0,40,3,2,2,1,32,87,3
1858190,0,103,0,40,2,0,2,1,10,52,3
1858010,0,103,0,40,3,1,2,1,12,54,3
1855822,0,103,0,40,3,4,2,1,38,37,3
1858275,0,103,0,40,3,1,2,1,11,45,3
1858179,0,103,0,40,3,2,2,1,17,45,3
1857967,0,103,0,40,2,2,2,1,18,15,3
1853250,0,103,0,40,2,4,2,1,33,49,3
1859268,0,103,0,40,2,0,2,1,7,71,3
1858982,0,103,0,40,2,0,2,1,10,42,3
1859164,0,103,0,40,2,0,2,1,7,32,3
1859389,0,103,0,40,3,0,2,1,8,54,3
1859383,0,103,0,40,2,0,2,1,7,40,3
1858852,0,103,0,40,2,1,2,1,20,34,3
1858534,0,103,0,40,2,2,2,1,18,58,3
1859515,0,103,0,40,2,0,2,1,15,62,3
1860871,0,103,0,40,2,0,2,1,7,71,3
1860327,0,103,0,40,2,0,2,1,12,15,3
1862273,0,103,0,40,3,1,2,1,23,66,3
1862655,0,103,0,40,3,2,2,1,19,48,3
1863034,0,103,0,40,3,3,2,1,15,53,3
1865416,0,103,0,40,2,1,2,1,10,53,3
1866416,0,103,0,40,2,1,2,1,7,28,3
1861089,0,103,0,40,3,2,2,1,28,29,3
1864900,0,103,0,40,3,1,2,1,14,94,3
1866057,0,103,0,40,2,1,2,1,9,36,3
1864036,0,103,0,40,2,2,2,1,12,35,3
1866585,0,103,0,40,3,1,2,1,7,24,3
1863994,0,103,0,40,2,1,2,1,18,35,3
1864870,0,103,0,40,3,1,2,1,15,71,3
1857956,0,103,0,40,3,6,2,1,44,43,3
1859053,0,103,0,40,3,5,2,1,31,22,3
1853294,0,103,0,40,2,1,2,1,19,43,3
1848398,0,103,0,40,3,1,2,1,25,45,3
1863053,0,103,0,40,2,2,2,1,19,46,3
1848747,1,103,90,38.3625,2,1,2,1,25,54,3
1864200,0,103,0,40,3,3,2,1,12,68,3
1858326,0,103,0,40,3,6,2,1,30,31,3
1852557,0,103,0,40,2,1,2,1,16,36,3
1858645,0,103,0,40,2,4,2,1,32,43,3
1863630,0,103,0,40,2,1,2,1,20,38,3
1862572,0,103,0,40,3,2,2,1,22,28,3
1863584,0,103,0,40,3,1,2,1,18,37,3
1863912,0,103,0,40,2,1,2,1,17,56,3
1850285,0,103,0,40,2,3,2,1,16,32,3
1855766,0,103,0,40,2,2,2,1,36,23,3
1866213,0,103,0,40,2,1,2,1,11,79,3
1861233,0,103,0,40,3,2,2,1,26,21,3
1865811,0,103,0,40,2,1,2,1,10,21,3
1864282,0,103,0,40,2,2,2,1,12,76,3
1851748,0,103,0,40,3,2,2,1,15,16,3
1863619,0,103,0,40,3,3,2,1,15,33,3
1853611,0,103,0,40,3,2,2,1,25,32,3
1866788,0,103,0,40,2,1,2,1,8,32,3
1866933,0,103,0,40,2,1,2,1,8,29,3
1860496,0,103,0,40,3,4,2,1,28,32,3
1857317,0,103,0,40,2,2,2,1,19,32,3
1862759,0,103,0,40,3,1,2,1,26,41,3
1861659,0,103,0,40,2,2,2,1,28,43,3
1862025,0,103,0,40,2,2,2,1,27,55,3
1852137,0,103,0,40,3,4,2,1,28,16,3
1862106,0,103,0,40,3,2,2,1,24,24,3
1864497,0,103,0,40,3,1,2,1,18,29,3
1863904,0,103,0,40,2,1,2,1,17,80,3
1863230,0,103,0,40,2,3,2,1,21,63,3
1865241,0,103,0,40,2,1,2,1,15,29,3
1863352,0,103,0,40,3,2,2,1,20,57,3
1865145,0,103,0,40,3,1,2,1,14,63,3
1849252,0,103,0,40,2,1,2,1,21,39,3
1863165,0,103,0,40,2,2,2,1,19,33,3
1861798,0,103,0,40,2,3,2,1,22,40,3
1863552,0,103,0,40,2,2,2,1,14,19,3
1865753,0,103,0,40,2,1,2,1,12,26,3
1852571,0,103,0,40,3,2,2,1,12,38,3
1865988,0,103,0,40,3,1,2,1,11,12,3
1857360,0,103,0,40,2,1,2,1,12,22,3
1862553,0,103,0,40,3,2,2,1,21,39,3
1865376,0,103,0,40,2,2,2,1,14,12,3
1851261,0,103,0,40,3,3,2,1,26,42,3
1866979,0,103,0,40,3,1,2,1,9,51,3
1856114,0,103,0,40,2,2,2,1,18,61,3
1864637,0,103,0,40,3,2,2,1,12,15,3
1864743,0,103,0,40,2,2,2,1,9,29,3
1853744,0,103,0,40,3,1,2,1,8,31,3
1861361,0,103,0,40,3,4,2,1,27,44,3
1855880,0,103,0,40,2,3,2,1,23,67,3
1857310,0,103,0,40,3,3,2,1,29,27,3
1867397,0,103,0,40,2,1,2,1,7,104,3
1857408,0,103,0,40,3,2,2,1,17,29,3
1861472,0,103,0,40,3,1,2,1,34,75,3
1863754,0,103,0,40,2,1,2,1,22,36,3
1863023,0,103,0,40,2,2,2,1,22,22,3
1848463,0,103,0,40,2,8,2,1,79,34,3
1860365,0,103,0,40,2,3,2,1,32,41,3
1864860,0,103,0,40,2,1,2,1,18,17,3
1861576,0,103,0,40,3,2,2,1,26,37,3
1864724,0,103,0,40,3,1,2,1,17,34,3
1863656,0,103,0,40,2,2,2,1,17,106,3
1850413,0,103,0,40,3,6,2,1,29,19,3
1852092,0,103,0,40,3,2,2,1,29,70,3
1855900,0,103,0,40,2,3,2,1,33,44,3
1862736,0,103,0,40,2,3,2,1,18,39,3
1862499,0,103,0,40,3,2,2,1,27,70,3
1854368,0,103,0,40,2,1,2,1,20,45,3
1856286,0,103,0,40,3,2,2,1,18,28,3
1860506,0,103,0,40,3,4,2,1,21,34,3
1864185,0,103,0,40,3,2,2,1,19,50,3
1866665,0,103,0,40,3,1,2,1,11,33,3
1862183,0,103,0,40,3,3,2,1,20,54,3
1864812,0,103,0,40,2,3,2,1,16,41,3
1866295,0,103,0,40,3,1,2,1,10,42,3
1867049,0,103,0,40,3,1,2,1,10,23,3
1853338,0,103,0,40,3,1,2,1,17,38,3
1859276,0,103,0,40,3,4,2,1,28,38,3
1861905,0,103,0,40,3,4,2,1,21,60,3
1866006,0,103,0,40,3,1,2,1,9,35,3
1867237,0,103,0,40,3,1,2,1,9,28,3
1849671,0,103,0,40,2,1,2,1,13,16,3
1859257,0,103,0,40,2,1,2,1,21,41,3
1849840,0,103,0,40,2,2,2,1,19,32,3
1862684,0,103,0,40,2,3,2,1,15,28,3
1853958,0,103,0,40,2,2,2,1,28,34,3
1867597,0,103,0,40,2,1,2,1,8,68,3
1857189,0,103,0,40,3,2,2,1,30,28,3
1860813,0,103,0,40,2,5,2,1,20,21,3
1864471,0,103,0,40,3,2,2,1,14,34,3
1865809,0,103,0,40,2,2,2,1,9,49,3
1861161,0,103,0,40,2,4,2,1,27,28,3
1867636,0,103,0,40,2,1,2,1,7,36,3
1867798,0,103,0,40,2,1,2,1,7,47,3
1855678,0,103,0,40,3,1,2,1,22,34,3
1849512,0,103,0,40,2,2,2,1,44,56,3
1860893,0,103,0,40,2,1,2,1,7,28,3
1862584,0,103,0,40,3,1,2,1,29,48,3
1862414,0,103,0,40,2,1,2,1,27,46,3
1862102,0,103,0,40,2,2,2,1,28,36,3
1860444,0,103,0,40,2,3,2,1,36,70,3
1850854,0,103,0,40,3,1,2,1,30,40,3
1862184,0,103,0,40,3,2,2,1,23,39,3
1863177,0,103,0,40,3,2,2,1,24,34,3
1858614,0,103,0,40,3,6,2,1,43,59,3
1854245,0,103,0,40,2,3,2,1,24,63,3
1855404,0,103,0,40,2,2,2,1,23,80,3
1865384,0,103,0,40,3,1,2,1,16,112,3
1848753,0,103,0,40,3,2,2,1,23,27,3
1863557,0,103,0,40,2,3,2,1,19,72,3
1862623,0,103,0,40,2,3,2,1,22,34,3
1859335,0,103,0,40,3,1,2,1,16,30,3
1861588,0,103,0,40,3,3,2,1,21,39,3
1859320,0,103,0,40,3,5,2,1,32,62,3
1865949,0,103,0,40,2,1,2,1,14,144,3
1866193,0,103,0,40,2,1,2,1,14,66,3
1857088,0,103,0,40,3,1,2,1,21,31,3
1861341,0,103,0,40,3,3,2,1,28,39,3
1860499,0,103,0,40,3,5,2,1,26,30,3
1848855,0,103,0,40,2,1,2,1,16,66,3
1862339,0,103,0,40,2,2,2,1,23,64,3
1861884,0,103,0,40,3,3,2,1,21,121,3
1856909,0,103,0,40,3,2,2,1,18,14,3
1859073,0,103,0,40,2,2,2,1,15,51,3
1849835,0,103,0,40,3,3,2,1,24,51,3
1866455,0,103,0,40,3,1,2,1,11,33,3
1867007,0,103,0,40,2,1,2,1,11,14,3
1867025,0,103,0,40,3,1,2,1,11,32,3
1861897,0,103,0,40,3,3,2,1,20,52,3
1853992,0,103,0,40,3,2,2,1,14,37,3
1865591,0,103,0,40,2,2,2,1,12,24,3
1862808,0,103,0,40,2,3,2,1,23,17,3
1867249,0,103,0,40,3,1,2,1,10,58,3
1863982,0,103,0,40,3,2,2,1,11,85,3
1861624,0,103,0,40,3,3,2,1,25,32,3
1863773,0,103,0,40,3,2,2,1,18,24,3
1851137,0,103,0,40,3,5,2,1,33,37,3
1860846,0,103,0,40,3,4,2,1,22,61,3
1861494,0,103,0,40,3,4,2,1,21,17,3
1866578,0,103,0,40,3,1,2,1,9,76,3
1867228,0,103,0,40,3,1,2,1,9,28,3
1867647,0,103,0,40,3,1,2,1,9,29,3
1852993,0,103,0,40,3,2,2,1,21,36,3
1862788,0,103,0,40,2,3,2,1,19,23,3
1860464,0,103,0,40,2,3,2,1,30,80,3
1865803,0,103,0,40,3,2,2,1,10,43,3
1864632,0,103,0,40,3,2,2,1,15,69,3
1867848,0,103,0,40,2,1,2,1,8,58,3
1867902,0,103,0,40,2,1,2,1,8,23,3
1852391,0,103,0,40,2,3,2,1,17,42,3
1860288,0,103,0,40,3,1,2,1,9,44,3
1848974,0,103,0,40,2,2,2,1,18,17,3
1862028,0,103,0,40,2,3,2,1,18,48,3
1865148,0,103,0,40,2,2,2,1,13,25,3
1854281,0,103,0,40,2,5,2,1,19,48,3
1858783,0,103,0,40,3,3,2,1,13,74,3
1860292,0,103,0,40,2,5,2,1,25,30,3
1865239,0,103,0,40,2,2,2,1,14,10,3
1860826,0,103,0,40,2,2,2,1,11,28,3
1855919,0,103,0,40,2,2,2,1,20,51,3
1863126,0,103,0,40,3,3,2,1,17,34,3
1864407,0,103,0,40,2,3,2,1,12,34,3
1861863,0,103,0,40,2,4,2,1,23,40,3
1860888,0,103,0,40,3,4,2,1,24,57,3
1864954,0,103,0,40,3,4,2,1,12,45,3
1867518,0,103,0,40,3,1,2,1,7,36,3
1868056,0,103,0,40,2,1,2,1,7,16,3
1868170,0,103,0,40,2,1,2,1,7,41,3
1853304,0,103,0,40,3,3,2,1,23,68,3
1852184,0,103,0,40,3,3,2,1,29,35,3
1851467,0,103,0,40,3,7,2,1,32,52,3
1859128,0,103,0,40,2,2,2,1,46,44,3
1852522,0,103,0,40,3,3,2,1,32,145,3
1864358,0,103,0,40,3,1,2,1,22,31,3
1864231,0,103,0,40,3,1,2,1,21,22,3
1864649,0,103,0,40,2,1,2,1,21,22,3
1864431,0,103,0,40,2,1,2,1,20,45,3
1858920,0,103,0,40,2,4,2,1,38,49,3
1862852,0,103,0,40,2,2,2,1,22,56,3
1862269,0,103,0,40,3,2,2,1,27,42,3
1864910,0,103,0,40,3,2,2,1,20,34,3
1865694,0,103,0,40,3,1,2,1,16,52,3
1855834,0,103,0,40,3,1,2,1,38,55,3
1861306,0,103,0,40,2,3,2,1,22,48,3
1861311,0,103,0,40,2,4,2,1,27,27,3
1854864,0,103,0,40,3,2,2,1,16,33,3
1856956,0,103,0,40,3,2,2,1,24,33,3
1853617,0,103,0,40,3,4,2,1,31,33,3
1860552,0,103,0,40,3,4,2,1,30,54,3
1858358,0,103,0,40,2,3,2,1,20,60,3
1866420,0,103,0,40,2,1,2,1,14,42,3
1856650,0,103,0,40,3,2,2,1,24,27,3
1861076,0,103,0,40,3,3,2,1,26,39,3
1864079,0,103,0,40,3,2,2,1,18,33,3
1861579,0,103,0,40,3,5,2,1,24,46,3
1866210,0,103,0,40,3,1,2,1,13,43,3
1866417,0,103,0,40,3,1,2,1,13,63,3
1866671,0,103,0,40,3,1,2,1,13,36,3
1862426,0,103,0,40,3,2,2,1,21,31,3
1864201,0,103,0,40,3,2,2,1,18,13,3
1859962,0,103,0,40,2,2,2,1,19,38,3
1866271,0,103,0,40,3,1,2,1,12,33,3
1851077,0,103,0,40,3,1,2,1,17,49,3
1853263,0,103,0,40,3,2,2,1,30,41,3
1863354,0,103,0,40,2,3,2,1,15,51,3
1863727,0,103,0,40,2,3,2,1,17,34,3
1865192,0,103,0,40,3,2,2,1,18,11,3
1857940,0,103,0,40,2,5,2,1,35,41,3
1867014,0,103,0,40,2,1,2,1,11,73,3
1867115,0,103,0,40,3,1,2,1,11,42,3
1849206,0,103,0,40,2,1,2,1,21,48,3
1863812,0,103,0,40,2,2,2,1,17,70,3
1865792,0,103,0,40,2,2,2,1,12,33,3
1860832,0,103,0,40,2,5,2,1,23,46,3
1867124,0,103,0,40,2,1,2,1,10,38,3
1854216,0,103,0,40,2,2,2,1,16,60,3
1859439,0,103,0,40,2,1,2,1,11,55,3
1860622,0,103,0,40,3,2,2,1,12,45,3
1864470,0,103,0,40,3,2,2,1,17,65,3
1850654,0,103,0,40,3,3,2,1,21,84,3
1861662,0,103,0,40,3,3,2,1,25,42,3
1861919,0,103,0,40,2,3,2,1,27,54,3
1867768,0,103,0,40,2,1,2,1,9,74,3
1856850,0,103,0,40,2,1,2,1,23,53,3
1849287,0,103,0,40,3,3,2,1,20,50,3
1865079,0,103,0,40,3,2,2,1,12,42,3
1861602,0,103,0,40,2,2,2,1,31,43,3
1861912,0,103,0,40,3,3,2,1,23,66,3
1861848,0,103,0,40,3,4,2,1,19,119,3
1856185,0,103,0,40,2,5,2,1,40,59,3
1862451,0,103,0,40,3,4,2,1,25,35,3
1862247,0,103,0,40,3,3,2,1,22,32,3
1867098,0,103,0,40,2,1,2,1,8,35,3
1867322,0,103,0,40,2,1,2,1,8,27,3
1868044,0,103,0,40,3,1,2,1,8,12,3
1868158,0,103,0,40,2,1,2,1,8,44,3
1868248,0,103,0,40,2,1,2,1,8,40,3
1868298,0,103,0,40,3,1,2,1,8,52,3
1852512,0,103,0,40,2,1,2,1,9,56,3
1852963,0,103,0,40,2,2,2,1,34,23,3
1859882,0,103,0,40,2,1,2,1,12,36,3
1863311,0,103,0,40,2,2,2,1,19,51,3
1864975,0,103,0,40,3,2,2,1,10,56,3
1866160,0,103,0,40,2,2,2,1,9,57,3
1852135,0,103,0,40,2,2,2,1,22,57,3
1866319,0,103,0,40,2,2,2,1,9,48,3
1859641,0,103,0,40,3,2,2,1,48,64,3
1863054,0,103,0,40,2,3,2,1,21,44,3
1866774,0,103,0,40,3,2,2,1,10,24,3
1867991,0,103,0,40,3,1,2,1,7,90,3
1868441,0,103,0,40,2,1,2,1,7,43,3
1868491,0,103,0,40,3,1,2,1,7,77,3
1847757,0,103,0,40,2,1,2,1,11,21,3
1855802,0,103,0,40,3,2,2,1,12,42,3
1856008,0,103,0,40,2,2,2,1,18,45,3
1850757,0,103,0,40,2,3,2,1,15,26,3
1858630,0,103,0,40,3,1,2,1,7,74,3
1859186,0,103,0,40,3,2,2,1,8,43,3
1860466,0,103,0,40,2,1,2,1,8,35,3
1862204,0,103,0,40,3,1,2,1,30,30,3
1863006,0,103,0,40,2,1,2,1,28,80,3
1864394,0,103,0,40,3,1,2,1,23,87,3
1861075,0,103,0,40,2,3,2,1,27,49,3
1863159,0,103,0,40,3,2,2,1,23,32,3
1861120,0,103,0,40,3,3,2,1,37,35,3
1865038,0,103,0,40,3,1,2,1,20,44,3
1851478,0,103,0,40,2,2,2,1,25,61,3
1859826,0,103,0,40,3,5,2,1,25,30,3
1862165,0,103,0,40,3,5,2,1,24,28,3
1862870,0,103,0,40,3,3,2,1,25,24,3
1865689,0,103,0,40,2,1,2,1,16,50,3
1863588,0,103,0,40,3,2,2,1,20,44,3
1854921,0,103,0,40,3,4,2,1,50,27,3
1856848,0,103,0,40,2,4,2,1,23,13,3
1866032,0,103,0,40,2,1,2,1,15,38,3
1853576,0,103,0,40,2,2,2,1,27,22,3
1855168,0,103,0,40,3,3,2,1,19,35,3
1859206,0,103,0,40,2,3,2,1,20,88,3
1864634,0,103,0,40,2,2,2,1,19,51,3
1866627,0,103,0,40,2,1,2,1,14,15,3
1854748,0,103,0,40,3,1,2,1,17,60,3
1855474,0,103,0,40,2,2,2,1,18,35,3
1854275,0,103,0,40,2,2,2,1,32,80,3
1864294,0,103,0,40,2,2,2,1,18,65,3
1863351,0,103,0,40,2,2,2,1,19,42,3
1865274,0,103,0,40,3,2,2,1,14,46,3
1866859,0,103,0,40,2,1,2,1,13,36,3
1848232,0,103,0,40,3,1,2,1,19,142,3
1856458,0,103,0,40,3,1,2,1,13,58,3
1849397,0,103,0,40,2,1,2,1,19,32,3
1858962,0,103,0,40,2,2,2,1,18,47,3
1862719,0,103,0,40,3,3,2,1,21,39,3
1860973,0,103,0,40,2,4,2,1,27,9,3
1865860,0,103,0,40,3,2,2,1,13,31,3
1866893,0,103,0,40,3,2,2,1,13,37,3
1866830,0,103,0,40,3,1,2,1,12,36,3
1867261,0,103,0,40,3,1,2,1,12,61,3
1867369,0,103,0,40,2,1,2,1,12,50,3
1848543,0,103,0,40,3,2,2,1,16,30,3
1864756,0,103,0,40,3,2,2,1,16,46,3
1865997,0,103,0,40,3,2,2,1,13,31,3
1865252,0,103,0,40,3,2,2,1,13,100,3
1859605,0,103,0,40,3,5,2,1,36,61,3
1858556,0,103,0,40,3,4,2,1,21,38,3
1863149,0,103,0,40,3,3,2,1,23,65,3
1866964,0,103,0,40,3,1,2,1,10,56,3
1867680,0,103,0,40,3,1,2,1,10,35,3
1853441,0,103,0,40,2,1,2,1,14,39,3
1849708,0,103,0,40,3,2,2,1,13,18,3
1849290,0,103,0,40,2,4,2,1,26,28,3
1865472,0,103,0,40,3,2,2,1,11,40,3
1862929,0,103,0,40,3,2,2,1,24,62,3
1865989,0,103,0,40,2,2,2,1,13,45,3
1854836,0,103,0,40,3,3,2,1,20,43,3
1867114,0,103,0,40,3,1,2,1,9,34,3
1867853,0,103,0,40,2,1,2,1,9,65,3
1867945,0,103,0,40,3,1,2,1,9,18,3
1868100,0,103,0,40,2,1,2,1,9,30,3
1868204,0,103,0,40,3,1,2,1,9,54,3
1868306,0,103,0,40,2,1,2,1,9,70,3
1857035,0,103,0,40,2,1,2,1,21,31,3
1858371,0,103,0,40,2,1,2,1,9,46,3
1865682,0,103,0,40,2,2,2,1,9,69,3
1851844,0,103,0,40,3,2,2,1,18,139,3
1866715,0,103,0,40,3,2,2,1,10,54,3
1853378,0,103,0,40,2,2,2,1,28,34,3
1867136,0,103,0,40,2,2,2,1,9,51,3
1867931,0,103,0,40,2,1,2,1,8,55,3
1868495,0,103,0,40,3,1,2,1,8,41,3
1856858,0,103,0,40,3,1,2,1,16,27,3
1848370,0,103,0,40,2,1,2,1,15,31,3
1856758,0,103,0,40,3,3,2,1,24,27,3
1864426,0,103,0,40,2,2,2,1,15,33,3
1865255,0,103,0,40,2,2,2,1,12,30,3
1862403,0,103,0,40,2,3,2,1,20,31,3
1864606,0,103,0,40,3,3,2,1,11,47,3
1848671,0,103,0,40,2,3,2,1,46,61,3
1860989,0,103,0,40,3,4,2,1,24,27,3
1868386,0,103,0,40,2,1,2,1,7,36,3
1868806,0,103,0,40,3,1,2,1,7,43,3
1855169,0,103,0,40,3,1,2,1,13,49,3
1850227,0,103,0,40,3,2,2,1,16,60,3
1859727,0,103,0,40,2,3,2,1,38,57,3
1862452,0,103,0,40,2,2,2,1,27,38,3
1857871,0,103,0,40,2,1,2,1,22,33,3
1865339,0,103,0,40,3,1,2,1,20,37,3
1859299,0,103,0,40,3,2,2,1,25,41,3
1864764,0,103,0,40,2,2,2,1,19,14,3
1861191,0,103,0,40,2,2,2,1,31,49,3
1859756,0,103,0,40,3,4,2,1,40,53,3
1860712,0,103,0,40,2,3,2,1,35,25,3
1853929,0,103,0,40,3,2,2,1,32,29,3
1855058,0,103,0,40,3,3,2,1,26,88,3
1858496,0,103,0,40,2,5,2,1,40,27,3
1860851,0,103,0,40,2,4,2,1,30,89,3
1866449,0,103,0,40,2,1,2,1,15,43,3
1856890,0,103,0,40,3,2,2,1,20,36,3
1863934,0,103,0,40,2,2,2,1,22,90,3
1863827,0,103,0,40,3,2,2,1,22,17,3
1852142,0,103,0,40,3,2,2,1,28,53,3
1866477,0,103,0,40,3,2,2,1,15,46,3
1860271,0,103,0,40,3,4,2,1,24,18,3
1858317,0,103,0,40,3,3,2,1,20,40,3
1865841,0,103,0,40,3,2,2,1,13,26,3
1863362,0,103,0,40,3,5,2,1,22,73,3
1863680,0,103,0,40,2,3,2,1,18,26,3
1867585,0,103,0,40,2,1,2,1,12,18,3
1864304,0,103,0,40,2,2,2,1,14,35,3
1861859,0,103,0,40,3,4,2,1,25,23,3
1860951,0,103,0,40,2,4,2,1,32,68,3
1849963,0,103,0,40,2,4,2,1,20,24,3
1866223,0,103,0,40,3,2,2,1,17,70,3
1848273,0,103,0,40,2,2,2,1,20,68,3
1852378,0,103,0,40,3,3,2,1,17,45,3
1863638,0,103,0,40,3,2,2,1,20,43,3
1865499,0,103,0,40,2,2,2,1,14,16,3
1866135,0,103,0,40,2,2,2,1,13,34,3
1848824,0,103,0,40,3,3,2,1,30,19,3
1866839,0,103,0,40,3,2,2,1,11,34,3
1863446,0,103,0,40,2,3,2,1,25,55,3
1867971,0,103,0,40,3,1,2,1,9,51,3
1868573,0,103,0,40,2,1,2,1,9,54,3
1854730,0,103,0,40,3,1,2,1,13,43,3
1850329,0,103,0,40,2,2,2,1,13,51,3
1850786,0,103,0,40,3,4,2,1,26,58,3
1861106,0,103,0,40,2,4,2,1,35,36,3
1865512,0,103,0,40,3,2,2,1,14,82,3
1863700,0,103,0,40,3,2,2,1,22,15,3
1859109,0,103,0,40,3,2,2,1,22,38,3
1867253,0,103,0,40,3,2,2,1,10,37,3
1852700,0,103,0,40,2,2,2,1,24,31,3
1868666,0,103,0,40,3,1,2,1,8,51,3
1852778,0,103,0,40,3,1,2,1,9,90,3
1856446,0,103,0,40,3,1,2,1,24,63,3
1852641,0,103,0,40,3,2,2,1,17,49,3
1856878,0,103,0,40,2,1,2,1,32,77,3
1860326,0,103,0,40,2,1,2,1,9,66,3
1862267,0,103,0,40,2,3,2,1,18,71,3
1852771,0,103,0,40,3,4,2,1,26,40,3
1867193,0,103,0,40,2,2,2,1,9,25,3
1861107,0,103,0,40,2,2,2,1,34,76,3
1855436,0,103,0,40,2,2,2,1,22,30,3
1866924,0,103,0,40,2,1,2,1,7,49,3
1867759,0,103,0,40,3,1,2,1,7,53,3
1868320,0,103,0,40,2,1,2,1,7,78,3
1869165,0,103,0,40,3,1,2,1,7,45,3
1857554,0,103,0,40,3,1,2,1,13,34,3
1854122,0,103,0,40,3,2,2,1,9,10,3
1863018,0,103,0,40,2,2,2,1,27,25,3
1853511,0,103,0,40,3,2,2,1,32,49,3
1866225,0,103,0,40,2,1,2,1,18,30,3
1853111,0,103,0,40,2,3,2,1,20,33,3
1866680,0,103,0,40,2,1,2,1,15,100,3
1857697,0,103,0,40,2,1,2,1,22,31,3
1851358,0,103,0,40,2,4,2,1,32,53,3
1862201,0,103,0,40,3,3,2,1,23,45,3
1862246,0,103,0,40,2,3,2,1,25,29,3
1867168,0,103,0,40,3,1,2,1,13,21,3
1859670,0,103,0,40,3,4,2,1,34,26,3
1851864,0,103,0,40,2,2,2,1,21,27,3
1865194,0,103,0,40,2,3,2,1,15,42,3
1867678,0,103,0,40,3,1,2,1,12,71,3
1867918,0,103,0,40,2,1,2,1,12,30,3
1860924,0,103,0,40,3,4,2,1,27,10,3
1866876,0,103,0,40,2,1,2,1,11,15,3
1849303,0,103,0,40,3,2,2,1,21,57,3
1849438,0,103,0,40,2,2,2,1,16,84,3
1857277,0,103,0,40,3,3,2,1,17,36,3
1860852,0,103,0,40,2,4,2,1,24,66,3
1863943,0,103,0,40,3,3,2,1,20,68,3
1867578,0,103,0,40,2,1,2,1,9,43,3
1848042,0,103,0,40,3,4,2,1,21,39,3
1848613,0,103,0,40,2,5,2,1,39,27,3
1867986,0,103,0,40,2,2,2,1,9,47,3
1857220,0,103,0,40,2,1,2,1,10,41,3
1861037,0,103,0,40,2,4,2,1,24,39,3
1862871,0,103,0,40,3,4,2,1,22,36,3
1864989,0,103,0,40,2,3,2,1,10,33,3
1867715,0,103,0,40,3,1,2,1,7,16,3
1869411,0,103,0,40,2,1,2,1,7,18,3
1848666,0,103,0,40,2,1,2,1,9,40,3
1856702,0,103,0,40,2,2,2,1,14,43,3
1862117,0,103,0,40,2,3,2,1,23,15,3
1860918,0,103,0,40,3,4,2,1,31,15,3
1848825,0,103,0,40,2,2,2,1,28,21,3
1855751,0,103,0,40,3,4,2,1,51,36,3
1860911,0,103,0,40,3,4,2,1,27,46,3
1868729,0,103,0,40,2,1,2,1,9,27,3
1860550,0,103,0,40,3,3,2,1,34,72,3
1856434,0,103,0,40,2,2,2,1,12,65,3
1867903,0,103,0,40,3,0,2,1,6,35,3
1868033,0,103,0,40,2,0,2,1,6,23,3
1868404,0,103,0,40,3,0,2,1,6,69,3
1868444,0,103,0,40,3,0,2,1,6,51,3
1868532,0,103,0,40,2,0,2,1,6,43,3
1868596,0,103,0,40,2,0,2,1,6,55,3
1868715,0,103,0,40,2,0,2,1,6,37,3
1868747,0,103,0,40,3,0,2,1,6,42,3
1868779,0,103,0,40,3,0,2,1,6,48,3
1868811,0,103,0,40,3,0,2,1,6,24,3
1868843,0,103,0,40,2,0,2,1,6,82,3
1868907,0,103,0,40,2,0,2,1,6,32,3
1868976,0,103,0,40,3,0,2,1,6,26,3
1868992,0,103,0,40,3,0,2,1,6,58,3
1869008,0,103,0,40,2,0,2,1,6,31,3
1869024,0,103,0,40,2,0,2,1,6,28,3
1869040,0,103,0,40,3,0,2,1,6,40,3
1869088,0,103,0,40,3,0,2,1,6,22,3
1869104,0,103,0,40,2,0,2,1,6,38,3
1869136,0,103,0,40,3,0,2,1,6,64,3
1869168,0,103,0,40,2,0,2,1,6,103,3
1869200,0,103,0,40,2,0,2,1,6,79,3
1869216,0,103,0,40,3,0,2,1,6,26,3
1869232,0,103,0,40,2,0,2,1,6,54,3
1869248,0,103,0,40,3,0,2,1,6,15,3
1869266,0,103,0,40,3,0,2,1,6,32,3
1869274,0,103,0,40,3,0,2,1,6,41,3
1869282,0,103,0,40,2,0,2,1,6,44,3
1869290,0,103,0,40,3,0,2,1,6,24,3
1869330,0,103,0,40,3,0,2,1,6,27,3
1869370,0,103,0,40,2,0,2,1,6,32,3
1869378,0,103,0,40,3,0,2,1,6,66,3
1869394,0,103,0,40,3,0,2,1,6,35,3
1869410,0,103,0,40,3,0,2,1,6,57,3
1869418,0,103,0,40,2,0,2,1,6,31,3
1869426,0,103,0,40,3,0,2,1,6,35,3
1869434,0,103,0,40,3,0,2,1,6,53,3
1869442,0,103,0,40,3,0,2,1,6,12,3
1869450,0,103,0,40,3,0,2,1,6,53,3
1869474,0,103,0,40,3,0,2,1,6,80,3
1869490,0,103,0,40,3,0,2,1,6,87,3
1869522,0,103,0,40,2,0,2,1,6,28,3
1869538,0,103,0,40,2,0,2,1,6,100,3
1869546,0,103,0,40,3,0,2,1,6,53,3
1869578,0,103,0,40,2,0,2,1,6,26,3
1869587,0,103,0,40,2,0,2,1,6,58,3
1869595,0,103,0,40,3,0,2,1,6,32,3
1869611,0,103,0,40,3,0,2,1,6,23,3
1869627,0,103,0,40,2,0,2,1,6,15,3
1869635,0,103,0,40,2,0,2,1,6,26,3
1869647,0,103,0,40,3,0,2,1,6,43,3
1869655,0,103,0,40,3,0,2,1,6,31,3
1869663,0,103,0,40,2,0,2,1,6,26,3
1869671,0,103,0,40,2,0,2,1,6,19,3
1869675,0,103,0,40,2,0,2,1,6,39,3
1869679,0,103,0,40,3,0,2,1,6,13,3
1869687,0,103,0,40,2,0,2,1,6,32,3
1869691,0,103,0,40,3,0,2,1,6,41,3
1869699,0,103,0,40,3,0,2,1,6,29,3
1869703,0,103,0,40,3,0,2,1,6,45,3
1869707,0,103,0,40,2,0,2,1,6,36,3
1869727,0,103,0,40,2,0,2,1,6,33,3
1869731,0,103,0,40,2,0,2,1,6,68,3
1869735,0,103,0,40,2,0,2,1,6,24,3
1869755,0,103,0,40,3,0,2,1,6,24,3
1869763,0,103,0,40,3,0,2,1,6,39,3
1869767,0,103,0,40,2,0,2,1,6,29,3
1869771,0,103,0,40,2,0,2,1,6,63,3
1869779,0,103,0,40,3,0,2,1,6,29,3
1869783,0,103,0,40,2,0,2,1,6,36,3
1869791,0,103,0,40,2,0,2,1,6,24,3
1869799,0,103,0,40,3,0,2,1,6,62,3
1869803,0,103,0,40,3,0,2,1,6,29,3
1869811,0,103,0,40,2,0,2,1,6,52,3
1869815,0,103,0,40,3,0,2,1,6,21,3
1869827,0,103,0,40,2,0,2,1,6,35,3
1869835,0,103,0,40,2,0,2,1,6,19,3
1869867,0,103,0,40,2,0,2,1,6,71,3
1869883,0,103,0,40,2,0,2,1,6,52,3
1869887,0,103,0,40,3,0,2,1,6,28,3
1869891,0,103,0,40,3,0,2,1,6,73,3
1869895,0,103,0,40,2,0,2,1,6,51,3
1869919,0,103,0,40,3,0,2,1,6,28,3
1869921,0,103,0,40,3,0,2,1,6,63,3
1869923,0,103,0,40,3,0,2,1,6,26,3
1869927,0,103,0,40,3,0,2,1,6,38,3
1869935,0,103,0,40,2,0,2,1,6,70,3
1869947,0,103,0,40,2,0,2,1,6,68,3
1869951,0,103,0,40,3,0,2,1,6,30,3
1869955,0,103,0,40,3,0,2,1,6,53,3
1869957,0,103,0,40,2,0,2,1,6,29,3
1869959,0,103,0,40,2,0,2,1,6,26,3
1869977,0,103,0,40,2,0,2,1,6,106,3
1869979,0,103,0,40,2,0,2,1,6,24,3
1869983,0,103,0,40,2,0,2,1,6,54,3
1869989,0,103,0,40,2,0,2,1,6,29,3
1869993,0,103,0,40,2,0,2,1,6,51,3
1869999,0,103,0,40,3,0,2,1,6,30,3
1870003,0,103,0,40,2,0,2,1,6,60,3
1870009,0,103,0,40,2,0,2,1,6,30,3
1870011,0,103,0,40,3,0,2,1,6,109,3
1870013,0,103,0,40,2,0,2,1,6,51,3
1870017,0,103,0,40,2,0,2,1,6,44,3
1870019,0,103,0,40,2,0,2,1,6,9,3
1870023,0,103,0,40,2,0,2,1,6,47,3
1870025,0,103,0,40,3,0,2,1,6,50,3
1870027,0,103,0,40,2,0,2,1,6,32,3
1870029,0,103,0,40,2,0,2,1,6,28,3
1870041,0,103,0,40,3,0,2,1,6,82,3
1870045,0,103,0,40,2,0,2,1,6,58,3
1870049,0,103,0,40,2,0,2,1,6,19,3
1870053,0,103,0,40,3,0,2,1,6,33,3
1870057,0,103,0,40,2,0,2,1,6,60,3
1870059,0,103,0,40,2,0,2,1,6,54,3
1870061,0,103,0,40,3,0,2,1,6,22,3
1870063,0,103,0,40,3,0,2,1,6,54,3
1870065,0,103,0,40,2,0,2,1,6,32,3
1870069,0,103,0,40,2,0,2,1,6,37,3
1870073,0,103,0,40,3,0,2,1,6,18,3
1870075,0,103,0,40,3,0,2,1,6,36,3
1870079,0,103,0,40,3,0,2,1,6,44,3
1870081,0,103,0,40,2,0,2,1,6,99,3
1870091,0,103,0,40,3,0,2,1,6,46,3
1870095,0,103,0,40,2,0,2,1,6,25,3
1870099,0,103,0,40,3,0,2,1,6,60,3
1870101,0,103,0,40,3,0,2,1,6,35,3
1870103,0,103,0,40,2,0,2,1,6,64,3
1870105,0,103,0,40,3,0,2,1,6,33,3
1870111,0,103,0,40,2,0,2,1,6,68,3
1870113,0,103,0,40,2,0,2,1,6,27,3
1870115,0,103,0,40,3,0,2,1,6,47,3
1870119,0,103,0,40,2,0,2,1,6,21,3
1870121,0,103,0,40,3,0,2,1,6,22,3
1870123,0,103,0,40,3,0,2,1,6,73,3
1870127,0,103,0,40,2,0,2,1,6,47,3
1870135,0,103,0,40,3,0,2,1,6,28,3
1870143,0,103,0,40,3,0,2,1,6,39,3
1870147,0,103,0,40,3,0,2,1,6,27,3
1870153,0,103,0,40,2,0,2,1,6,54,3
1870155,0,103,0,40,3,0,2,1,6,72,3
1870159,0,103,0,40,2,0,2,1,6,33,3
1870163,0,103,0,40,3,0,2,1,6,73,3
1870165,0,103,0,40,3,0,2,1,6,61,3
1870171,0,103,0,40,2,0,2,1,6,64,3
1870179,0,103,0,40,2,0,2,1,6,8,3
1870181,0,103,0,40,3,0,2,1,6,76,3
1870185,0,103,0,40,3,0,2,1,6,34,3
1870187,0,103,0,40,2,0,2,1,6,64,3
1870197,0,103,0,40,3,0,2,1,6,23,3
1870201,0,103,0,40,2,0,2,1,6,45,3
1870203,0,103,0,40,2,0,2,1,6,44,3
1870205,0,103,0,40,3,0,2,1,6,51,3
1870207,0,103,0,40,2,0,2,1,6,13,3
1870209,0,103,0,40,3,0,2,1,6,49,3
1870215,0,103,0,40,2,0,2,1,6,26,3
1870219,0,103,0,40,2,0,2,1,6,21,3
1870225,0,103,0,40,2,0,2,1,6,18,3
1870227,0,103,0,40,2,0,2,1,6,42,3
1870229,0,103,0,40,2,0,2,1,6,50,3
1870235,0,103,0,40,2,0,2,1,6,36,3
1870237,0,103,0,40,2,0,2,1,6,99,3
1870241,0,103,0,40,2,0,2,1,6,54,3
1870245,0,103,0,40,3,0,2,1,6,52,3
1870247,0,103,0,40,2,0,2,1,6,58,3
1870249,0,103,0,40,2,0,2,1,6,64,3
1870251,0,103,0,40,3,0,2,1,6,46,3
1870257,0,103,0,40,2,0,2,1,6,40,3
1870259,0,103,0,40,2,0,2,1,6,22,3
1848976,0,103,0,40,3,0,2,1,8,51,3
1849498,0,103,0,40,3,0,2,1,6,13,3
1849556,0,103,0,40,2,0,2,1,11,24,3
1850042,0,103,0,40,2,0,2,1,23,46,3
1850075,0,103,0,40,2,0,2,1,11,36,3
1850395,0,103,0,40,2,0,2,1,13,40,3
1850461,0,103,0,40,3,0,2,1,14,41,3
1850575,0,103,0,40,2,0,2,1,12,27,3
1851237,0,103,0,40,3,0,2,1,8,75,3
1851589,0,103,0,40,2,0,2,1,12,74,3
1852169,0,103,0,40,3,0,2,1,10,34,3
1852392,0,103,0,40,3,0,2,1,16,53,3
1852602,0,103,0,40,2,0,2,1,17,42,3
1852937,0,103,0,40,3,0,2,1,9,96,3
1853647,0,103,0,40,3,0,2,1,7,15,3
1853668,0,103,0,40,3,0,2,1,10,34,3
1854241,0,103,0,40,2,0,2,1,10,30,3
1854719,0,103,0,40,3,0,2,1,8,76,3
1854947,0,103,0,40,3,0,2,1,10,43,3
1855069,0,103,0,40,2,0,2,1,6,48,3
1855170,0,103,0,40,2,0,2,1,9,60,3
1855939,0,103,0,40,3,0,2,1,10,57,3
1855988,0,103,0,40,2,0,2,1,12,31,3
1856377,0,103,0,40,2,0,2,1,5,37,3
1856508,0,103,0,40,2,0,2,1,13,43,3
1856551,0,103,0,40,2,0,2,1,21,73,3
1856663,0,103,0,40,3,0,2,1,10,39,3
1856753,0,103,0,40,2,0,2,1,12,27,3
1848488,0,103,0,40,2,0,2,1,15,41,3
1849560,0,103,0,40,3,0,2,1,9,27,3
1850164,0,103,0,40,2,0,2,1,8,83,3
1850800,0,103,0,40,3,0,2,1,14,57,3
1851448,0,103,0,40,2,0,2,1,8,90,3
1852781,0,103,0,40,2,0,2,1,12,41,3
1853007,0,103,0,40,3,0,2,1,6,61,3
1853040,0,103,0,40,3,0,2,1,9,71,3
1853427,0,103,0,40,3,0,2,1,10,113,3
1853859,0,103,0,40,2,0,2,1,9,88,3
1855341,0,103,0,40,3,0,2,1,8,76,3
1855980,0,103,0,40,3,0,2,1,11,32,3
1857428,0,103,0,40,3,0,2,1,12,24,3
1857511,0,103,0,40,2,1,2,1,6,30,3
1847958,0,103,0,40,2,0,2,1,12,40,3
1849755,0,103,0,40,3,0,2,1,14,14,3
1850288,0,103,0,40,3,0,2,1,8,38,3
1851533,0,103,0,40,2,0,2,1,16,44,3
1852860,0,103,0,40,3,0,2,1,11,37,3
1853756,0,103,0,40,3,0,2,1,16,64,3
1854193,0,103,0,40,3,0,2,1,11,21,3
1856112,1,103,0,40,2,0,2,1,25,59,3
1857236,0,103,0,40,2,0,2,1,15,35,3
1857414,0,103,0,40,3,0,2,1,16,57,3
1848853,0,103,0,40,3,0,2,1,19,20,3
1850610,0,103,0,40,2,0,2,1,12,53,3
1851874,0,103,0,40,2,0,2,1,9,82,3
1852887,0,103,0,40,2,0,2,1,16,44,3
1854001,0,103,0,40,3,0,2,1,11,27,3
1857496,0,103,0,40,2,0,2,1,12,42,3
1849890,0,103,0,40,3,1,2,1,6,73,3
1848565,0,103,0,40,3,0,2,1,23,70,3
1852816,0,103,0,40,2,0,2,1,10,33,3
1854962,0,103,0,40,3,0,2,1,13,45,3
1849848,0,103,0,40,2,1,2,1,9,69,3
1857524,0,103,0,40,2,1,2,1,15,35,3
1852659,0,103,0,40,3,1,2,1,12,46,3
1849579,0,103,0,40,2,1,2,1,8,116,3
1851432,0,103,0,40,2,0,2,1,22,35,3
1853660,0,103,0,40,3,0,2,1,17,84,3
1855099,0,103,0,40,2,0,2,1,16,57,3
1851634,0,103,0,40,2,1,2,1,15,9,3
1850088,0,103,0,40,3,1,2,1,11,37,3
1854690,0,103,0,40,2,1,2,1,10,46,3
1855931,0,103,0,40,2,1,2,1,13,48,3
1855583,0,103,0,40,2,0,2,1,18,46,3
1857487,0,103,0,40,2,0,2,1,24,30,3
1855466,0,103,0,40,3,1,2,1,13,44,3
1854533,0,103,0,40,3,2,2,1,15,63,3
1847791,0,103,0,40,2,0,2,1,21,71,3
1855560,0,103,0,40,3,0,2,1,25,69,3
1849912,0,103,0,40,3,1,2,1,7,40,3
1856207,0,103,0,40,3,1,2,1,12,60,3
1856431,0,103,0,40,3,1,2,1,23,43,3
1854744,0,103,0,40,3,1,2,1,14,76,3
1851534,0,103,0,40,2,0,2,1,28,35,3
1854012,0,103,0,40,3,0,2,1,15,70,3
1857591,0,103,0,40,3,2,2,1,9,38,3
1848454,0,103,0,40,2,1,2,1,15,39,3
1852493,0,103,0,40,2,2,2,1,19,34,3
1851555,0,103,0,40,3,1,2,1,20,70,3
1857726,0,103,0,40,2,0,2,1,8,65,3
1855944,0,103,0,40,2,1,2,1,18,73,3
1849846,0,103,0,40,3,1,2,1,17,34,3
1852541,0,103,0,40,3,1,2,1,9,26,3
1852935,0,103,0,40,2,1,2,1,20,20,3
1847927,0,103,0,40,3,1,2,1,19,59,3
1854853,0,103,0,40,2,2,2,1,10,30,3
1850672,0,103,0,40,2,1,2,1,18,48,3
1849186,0,103,0,40,3,1,2,1,27,41,3
1848296,0,103,0,40,3,1,2,1,10,22,3
1857638,1,103,0,40,2,1,2,1,20,28,3
1849696,0,103,0,40,3,1,2,1,18,58,3
1855901,0,103,0,40,2,2,2,1,12,61,3
1856450,0,103,0,40,2,1,2,1,19,36,3
1855154,0,103,0,40,2,1,2,1,22,31,3
1854899,0,103,0,40,3,1,2,1,13,51,3
1855034,0,103,0,40,2,1,2,1,18,53,3
1856211,0,103,0,40,3,0,2,1,28,47,3
1854139,0,103,0,40,3,1,2,1,29,20,3
1856932,0,103,0,40,3,1,2,1,21,43,3
1855543,0,103,0,40,2,2,2,1,16,39,3
1856350,0,103,0,40,2,1,2,1,25,14,3
1854745,0,103,0,40,3,2,2,1,29,62,3
1857823,0,103,0,40,3,0,2,1,6,42,3
1852102,0,103,0,40,3,1,2,1,29,59,3
1853883,0,103,0,40,3,2,2,1,27,37,3
1857332,0,103,0,40,2,2,2,1,20,22,3
1854444,0,103,0,40,2,3,2,1,19,34,3
1856317,0,103,0,40,3,3,2,1,26,47,3
1849626,0,103,0,40,2,3,2,1,15,31,3
1853484,0,103,0,40,3,2,2,1,16,49,3
1856716,0,103,0,40,2,1,2,1,23,23,3
1849098,0,103,0,40,3,2,2,1,21,43,3
1850611,0,103,0,40,3,2,2,1,26,53,3
1857475,0,103,0,40,3,3,2,1,21,19,3
1849221,0,103,0,40,2,3,2,1,29,46,3
1858208,0,103,0,40,3,0,2,1,11,30,3
1858034,0,103,0,40,2,1,2,1,8,93,3
1858340,0,103,0,40,3,0,2,1,9,30,3
1858472,0,103,0,40,2,0,2,1,7,44,3
1858123,0,103,0,40,3,1,2,1,13,53,3
1858512,0,103,0,40,2,0,2,1,6,60,3
1858566,0,103,0,40,3,0,2,1,9,66,3
1858629,0,103,0,40,2,0,2,1,6,63,3
1858659,0,103,0,40,3,0,2,1,9,56,3
1858608,0,103,0,40,2,0,2,1,11,48,3
1849710,0,103,0,40,2,5,2,1,30,20,3
1858149,0,103,0,40,2,1,2,1,15,67,3
1859228,0,103,0,40,2,0,2,1,6,53,3
1859444,0,103,0,40,2,0,2,1,7,31,3
1859178,0,103,0,40,2,0,2,1,10,79,3
1858974,0,103,0,40,3,0,2,1,15,23,3
1859697,0,103,0,40,3,0,2,1,8,16,3
1860030,0,103,0,40,2,0,2,1,8,38,3
1859656,0,103,0,40,2,1,2,1,7,50,3
1860419,0,103,0,40,2,0,2,1,8,51,3
1860493,0,103,0,40,3,0,2,1,8,19,3
1860182,0,103,0,40,2,0,2,1,11,30,3
1860761,0,103,0,40,2,0,2,1,7,24,3
1861274,0,103,0,40,2,2,2,1,22,18,3
1862940,0,103,0,40,3,2,2,1,11,61,3
1862141,0,103,0,40,3,2,2,1,19,72,3
1862113,0,103,0,40,2,1,2,1,26,62,3
1852814,0,103,0,40,2,1,2,1,12,45,3
1853512,0,103,0,40,3,3,2,1,23,54,3
1866128,0,103,0,40,2,1,2,1,7,62,3
1850967,0,103,0,40,2,1,2,1,14,43,3
1864245,0,103,0,40,2,1,2,1,15,49,3
1854909,0,103,0,40,2,7,2,1,33,49,3
1856180,0,103,0,40,2,1,2,1,18,41,3
1864490,0,103,0,40,2,2,2,1,11,66,3
1866771,0,103,0,40,2,1,2,1,7,36,3
1866915,0,103,0,40,2,1,2,1,6,47,3
1863611,0,103,0,40,2,1,2,1,20,35,3
1862048,0,103,0,40,3,3,2,1,19,28,3
1861688,0,103,0,40,3,3,2,1,14,55,3
1865918,0,103,0,40,3,1,2,1,11,24,3
1865490,0,103,0,40,3,1,2,1,10,39,3
1862166,0,103,0,40,2,2,2,1,20,44,3
1857309,0,103,0,40,3,1,2,1,11,40,3
1858913,0,103,0,40,3,7,2,1,25,120,3
1866331,0,103,0,40,2,1,2,1,6,29,3
1856073,0,103,0,40,3,1,2,1,13,36,3
1861523,0,103,0,40,2,1,2,1,32,60,3
1850410,0,103,0,40,3,3,2,1,29,29,3
1861179,0,103,0,40,2,2,2,1,28,58,3
1861691,0,103,0,40,2,2,2,1,26,29,3
1856517,0,103,0,40,2,3,2,1,37,22,3
1860517,0,103,0,40,3,3,2,1,30,34,3
1861366,0,103,0,40,2,2,2,1,23,17,3
1861522,0,103,0,40,3,4,2,1,20,21,3
1855021,0,103,0,40,3,2,2,1,17,41,3
1865935,0,103,0,40,3,1,2,1,10,34,3
1861464,0,103,0,40,2,3,2,1,19,25,3
1863660,0,103,0,40,2,2,2,1,16,51,3
1847912,0,103,0,40,3,1,2,1,11,27,3
1847724,0,103,0,40,2,1,2,1,13,46,3
1863237,0,103,0,40,2,3,2,1,14,78,3
1866060,0,103,0,40,2,2,2,1,8,41,3
1848722,0,103,0,40,2,1,2,1,14,36,3
1863735,0,103,0,40,3,3,2,1,10,27,3
1861989,0,103,0,40,2,3,2,1,19,32,3
1855073,0,103,0,40,3,2,2,1,22,36,3
1867236,0,103,0,40,3,1,2,1,6,86,3
1867629,0,103,0,40,3,1,2,1,6,43,3
1855249,0,103,0,40,3,3,2,1,24,24,3
1862173,0,103,0,40,3,1,2,1,30,39,3
1863494,0,103,0,40,3,1,2,1,23,54,3
1847764,0,103,0,40,2,2,2,1,30,74,3
1860406,0,103,0,40,2,3,2,1,31,33,3
1864998,0,103,0,40,3,1,2,1,16,59,3
1865315,0,103,0,40,3,1,2,1,15,47,3
1864601,0,103,0,40,3,2,2,1,17,37,3
1861705,0,103,0,40,3,2,2,1,24,26,3
1862243,0,103,0,40,2,3,2,1,27,29,3
1851973,0,103,0,40,3,2,2,1,21,46,3
1862032,0,103,0,40,2,2,2,1,23,71,3
1864274,0,103,0,40,3,2,2,1,16,18,3
1851291,0,103,0,40,2,1,2,1,17,23,3
1861546,0,103,0,40,3,3,2,1,21,71,3
1858404,0,103,0,40,3,6,2,1,36,62,3
1866508,0,103,0,40,3,1,2,1,11,23,3
1852445,0,103,0,40,2,1,2,1,33,27,3
1864164,0,103,0,40,2,2,2,1,12,55,3
1865759,0,103,0,40,2,1,2,1,10,42,3
1866579,0,103,0,40,2,1,2,1,10,32,3
1859858,0,103,0,40,3,4,2,1,29,57,3
1849374,0,103,0,40,2,2,2,1,19,18,3
1866684,0,103,0,40,3,1,2,1,9,38,3
1867055,0,103,0,40,3,1,2,1,9,39,3
1861202,0,103,0,40,3,4,2,1,20,95,3
1866009,0,103,0,40,2,2,2,1,11,57,3
1866574,0,103,0,40,2,1,2,1,8,33,3
1867215,0,103,0,40,3,1,2,1,8,27,3
1852926,0,103,0,40,3,1,2,1,20,38,3
1863373,0,103,0,40,2,2,2,1,18,38,3
1864278,0,103,0,40,2,2,2,1,16,28,3
1865493,0,103,0,40,2,2,2,1,12,69,3
1867421,0,103,0,40,2,1,2,1,7,82,3
1867649,0,103,0,40,3,1,2,1,7,48,3
1854986,0,103,0,40,3,1,2,1,11,20,3
1863836,0,103,0,40,3,2,2,1,8,25,3
1859059,0,103,0,40,2,3,2,1,12,41,3
1861495,0,103,0,40,3,3,2,1,24,95,3
1860935,0,103,0,40,2,4,2,1,23,27,3
1867704,0,103,0,40,3,1,2,1,6,73,3
1867836,0,103,0,40,3,1,2,1,6,41,3
1863112,0,103,0,40,3,1,2,1,24,61,3
1862029,0,103,0,40,2,2,2,1,25,18,3
1858258,0,103,0,40,2,2,2,1,25,79,3
1861605,0,103,0,40,3,3,2,1,26,43,3
1865112,0,103,0,40,2,1,2,1,17,83,3
1848821,0,103,0,40,2,1,2,1,51,22,3
1857700,0,103,0,40,2,2,2,1,32,46,3
1865007,0,103,0,40,3,1,2,1,16,29,3
1865264,0,103,0,40,2,1,2,1,15,29,3
1864270,0,103,0,40,3,2,2,1,16,97,3
1861466,0,103,0,40,2,2,2,1,25,50,3
1866370,0,103,0,40,3,1,2,1,12,50,3
1859680,0,103,0,40,2,3,2,1,36,77,3
1853342,0,103,0,40,3,10,2,1,51,54,3
1863208,0,103,0,40,2,3,2,1,13,32,3
1866743,0,103,0,40,2,1,2,1,11,44,3
1854976,0,103,0,40,2,1,2,1,16,24,3
1853477,0,103,0,40,3,1,2,1,17,98,3
1861953,0,103,0,40,2,3,2,1,20,36,3
1863798,0,103,0,40,2,2,2,1,16,54,3
1863641,0,103,0,40,2,2,2,1,20,37,3
1866584,0,103,0,40,3,1,2,1,10,30,3
1867015,0,103,0,40,3,1,2,1,10,13,3
1848212,0,103,0,40,3,3,2,1,21,53,3
1861216,0,103,0,40,3,4,2,1,20,39,3
1863558,0,103,0,40,2,2,2,1,18,40,3
1858869,0,103,0,40,3,6,2,1,39,67,3
1866806,0,103,0,40,2,1,2,1,9,25,3
1867131,0,103,0,40,3,1,2,1,9,57,3
1849066,0,103,0,40,3,1,2,1,12,72,3
1858896,0,103,0,40,2,1,2,1,14,42,3
1864347,0,103,0,40,2,2,2,1,10,23,3
1850272,0,103,0,40,3,3,2,1,22,48,3
1861307,0,103,0,40,3,3,2,1,25,15,3
1854103,0,103,0,40,3,3,2,1,22,79,3
1867336,0,103,0,40,2,1,2,1,8,66,3
1867609,0,103,0,40,2,1,2,1,8,28,3
1849695,0,103,0,40,3,2,2,1,15,56,3
1859880,0,103,0,40,2,3,2,1,39,95,3
1864958,0,103,0,40,2,2,2,1,15,52,3
1861515,0,103,0,40,3,3,2,1,27,34,3
1862345,0,103,0,40,2,3,2,1,23,24,3
1853959,0,103,0,40,3,2,2,1,14,35,3
1867730,0,103,0,40,3,1,2,1,7,29,3
1867852,0,103,0,40,2,1,2,1,7,35,3
1859535,0,103,0,40,2,1,2,1,11,29,3
1860540,0,103,0,40,2,4,2,1,17,47,3
1865036,0,103,0,40,3,2,2,1,9,42,3
1864325,0,103,0,40,3,2,2,1,14,38,3
1866472,0,103,0,40,3,2,2,1,7,53,3
1852398,0,103,0,40,3,3,2,1,14,54,3
1863340,0,103,0,40,2,3,2,1,14,16,3
1866552,0,103,0,40,3,2,2,1,7,47,3
1865380,0,103,0,40,3,2,2,1,15,85,3
1867622,0,103,0,40,2,1,2,1,6,28,3
1867793,0,103,0,40,3,1,2,1,6,45,3
1868048,0,103,0,40,2,1,2,1,6,21,3
1868220,0,103,0,40,2,1,2,1,6,28,3
1857734,0,103,0,40,2,1,2,1,8,13,3
1861056,0,103,0,40,3,2,2,1,34,88,3
1863881,0,103,0,40,3,1,2,1,23,40,3
1860025,0,103,0,40,3,6,2,1,33,50,3
1859105,0,103,0,40,2,6,2,1,32,38,3
1857902,0,103,0,40,3,2,2,1,27,27,3
1861185,0,103,0,40,3,3,2,1,22,34,3
1858347,0,103,0,40,2,5,2,1,29,50,3
1865090,0,103,0,40,2,1,2,1,18,15,3
1865123,0,103,0,40,2,1,2,1,17,47,3
1863703,0,103,0,40,2,2,2,1,19,14,3
1863674,0,103,0,40,3,2,2,1,21,24,3
1865640,1,103,95,11.9055,3,1,2,1,15,60,3
1855565,0,103,0,40,3,1,2,1,22,75,3
1862860,0,103,0,40,3,3,2,1,18,71,3
1863512,0,103,0,40,2,2,2,1,15,66,3
1862691,0,103,0,40,3,2,2,1,23,23,3
1852456,0,103,0,40,3,2,2,1,17,42,3
1866100,0,103,0,40,2,1,2,1,13,53,3
1863922,0,103,0,40,2,2,2,1,14,28,3
1862926,0,103,0,40,3,4,2,1,17,49,3
1857326,0,103,0,40,2,1,2,1,16,57,3
1848435,0,103,0,40,2,2,2,1,14,27,3
1861482,0,103,0,40,2,3,2,1,21,43,3
1857006,0,103,0,40,3,3,2,1,24,52,3
1863356,0,103,0,40,3,3,2,1,20,18,3
1866903,0,103,0,40,2,1,2,1,11,51,3
1866985,0,103,0,40,2,1,2,1,11,20,3
1867065,0,103,0,40,3,1,2,1,11,40,3
1862170,0,103,0,40,3,3,2,1,22,71,3
1860603,0,103,0,40,3,2,2,1,39,16,3
1855949,0,103,0,40,3,2,2,1,25,33,3
1867094,0,103,0,40,3,1,2,1,10,43,3
1854729,0,103,0,40,2,2,2,1,17,66,3
1860782,0,103,0,40,2,5,2,1,23,65,3
1865268,0,103,0,40,3,2,2,1,10,23,3
1849036,1,103,0,40,2,2,2,1,30,90,3
1863102,0,103,0,40,3,3,2,1,21,38,3
1867405,0,103,0,40,2,1,2,1,9,35,3
1852107,0,103,0,40,2,1,2,1,15,30,3
1849892,0,103,0,40,3,2,2,1,16,74,3
1856405,0,103,0,40,3,2,2,1,16,30,3
1861412,0,103,0,40,3,5,2,1,22,32,3
1852694,0,103,0,40,3,3,2,1,24,36,3
1865448,0,103,0,40,2,2,2,1,13,54,3
1863684,0,103,0,40,3,3,2,1,17,42,3
1866402,0,103,0,40,3,2,2,1,11,56,3
1864942,0,103,0,40,2,3,2,1,15,53,3
1867396,0,103,0,40,3,1,2,1,8,84,3
1867480,0,103,0,40,3,1,2,1,8,34,3
1867972,0,103,0,40,2,1,2,1,8,64,3
1863174,0,103,0,40,3,2,2,1,19,37,3
1861543,0,103,0,40,2,4,2,1,18,46,3
1860028,0,103,0,40,3,4,2,1,33,43,3
1865734,0,103,0,40,2,2,2,1,11,33,3
1860275,0,103,0,40,2,6,2,1,24,60,3
1850984,0,103,0,40,2,2,2,1,17,56,3
1856568,0,103,0,40,2,2,2,1,23,37,3
1847975,0,103,0,40,2,3,2,1,23,40,3
1867957,0,103,0,40,3,1,2,1,7,23,3
1868212,0,103,0,40,2,1,2,1,7,38,3
1852665,0,103,0,40,3,1,2,1,7,60,3
1848072,0,103,0,40,3,1,2,1,19,27,3
1850624,0,103,0,40,2,2,2,1,16,38,3
1862762,0,103,0,40,3,3,2,1,14,47,3
1865089,0,103,0,40,3,2,2,1,10,52,3
1856661,0,103,0,40,2,4,2,1,22,36,3
1863516,0,103,0,40,2,2,2,1,21,46,3
1850454,0,103,0,40,2,4,2,1,16,37,3
1863805,0,103,0,40,2,3,2,1,15,28,3
1865670,0,103,0,40,3,2,2,1,10,21,3
1867218,0,103,0,40,2,1,2,1,6,64,3
1867819,0,103,0,40,3,1,2,1,6,61,3
1868003,0,103,0,40,2,1,2,1,6,17,3
1868223,0,103,0,40,3,1,2,1,6,44,3
1868353,0,103,0,40,3,1,2,1,6,24,3
1868517,0,103,0,40,2,1,2,1,6,45,3
1851972,0,103,0,40,2,1,2,1,7,33,3
1860488,0,103,0,40,2,3,2,1,32,45,3
1860026,0,103,0,40,3,4,2,1,32,17,3
1863271,0,103,0,40,2,1,2,1,27,11,3
1863497,0,103,0,40,2,1,2,1,25,28,3
1864314,0,103,0,40,2,1,2,1,22,51,3
1864733,0,103,0,40,2,1,2,1,21,85,3
1864830,0,103,0,40,3,1,2,1,20,62,3
1860658,0,103,0,40,2,3,2,1,30,30,3
1862295,0,103,0,40,2,3,2,1,25,26,3
1865115,0,103,0,40,3,1,2,1,18,37,3
1864967,0,103,0,40,2,1,2,1,17,24,3
1852918,0,103,0,40,2,1,2,1,24,107,3
1858155,0,103,0,40,2,1,2,1,21,14,3
1862827,0,103,0,40,2,2,2,1,24,73,3
1850246,0,103,0,40,2,1,2,1,18,54,3
1861343,0,103,0,40,3,4,2,1,25,32,3
1863075,0,103,0,40,3,3,2,1,22,24,3
1865929,0,103,0,40,2,1,2,1,15,39,3
1866233,0,103,0,40,2,1,2,1,15,28,3
1848089,0,103,0,40,2,1,2,1,22,23,3
1852004,0,103,0,40,3,1,2,1,21,83,3
1859976,0,103,0,40,3,3,2,1,35,24,3
1850932,0,103,0,40,3,2,2,1,23,52,3
1866445,0,103,0,40,2,1,2,1,13,41,3
1866755,0,103,0,40,3,1,2,1,13,33,3
1863711,0,103,0,40,3,2,2,1,19,30,3
1858648,0,103,0,40,3,3,2,1,25,52,3
1848250,0,103,0,40,2,3,2,1,34,72,3
1866238,0,103,0,40,3,1,2,1,12,43,3
1866560,0,103,0,40,3,1,2,1,12,44,3
1866863,0,103,0,40,3,1,2,1,12,45,3
1851233,0,103,0,40,2,1,2,1,20,53,3
1849736,0,103,0,40,3,3,2,1,21,7,3
1849449,0,103,0,40,2,3,2,1,29,61,3
1861001,0,103,0,40,2,3,2,1,30,25,3
1863876,0,103,0,40,2,3,2,1,15,25,3
1858298,0,103,0,40,2,3,2,1,18,51,3
1866846,0,103,0,40,2,1,2,1,11,17,3
1867275,0,103,0,40,3,1,2,1,11,30,3
1849273,0,103,0,40,3,1,2,1,20,78,3
1852989,0,103,0,40,2,3,2,1,20,77,3
1850339,0,103,0,40,3,3,2,1,32,56,3
1861650,0,103,0,40,3,4,2,1,24,35,3
1865159,0,103,0,40,2,2,2,1,14,41,3
1862081,0,103,0,40,3,3,2,1,30,44,3
1866840,0,103,0,40,3,1,2,1,10,29,3
1867120,0,103,0,40,3,1,2,1,10,105,3
1867507,0,103,0,40,3,1,2,1,10,30,3
1854202,0,103,0,40,3,1,2,1,38,15,3
1848205,0,103,0,40,2,2,2,1,13,34,3
1850935,0,103,0,40,3,2,2,1,17,35,3
1855072,0,103,0,40,2,4,2,1,40,32,3
1865109,0,103,0,40,3,2,2,1,12,16,3
1865584,0,103,0,40,3,2,2,1,13,25,3
1863608,0,103,0,40,2,2,2,1,19,16,3
1861783,0,103,0,40,3,4,2,1,27,34,3
1866916,0,103,0,40,2,1,2,1,9,49,3
1867756,0,103,0,40,2,1,2,1,9,36,3
1867838,0,103,0,40,3,1,2,1,9,46,3
1867912,0,103,0,40,2,1,2,1,9,36,3
1857295,0,103,0,40,3,1,2,1,18,35,3
1848181,0,103,0,40,2,2,2,1,19,32,3
1862497,0,103,0,40,2,3,2,1,21,45,3
1859461,0,103,0,40,2,5,2,1,36,40,3
1861813,0,103,0,40,3,3,2,1,25,85,3
1863286,0,103,0,40,2,2,2,1,23,42,3
1851029,0,103,0,40,3,3,2,1,16,93,3
1862697,0,103,0,40,3,4,2,1,14,46,3
1867685,0,103,0,40,2,1,2,1,8,39,3
1867865,0,103,0,40,3,1,2,1,8,54,3
1868034,0,103,0,40,2,1,2,1,8,28,3
1868164,0,103,0,40,3,1,2,1,8,47,3
1850970,0,103,0,40,2,1,2,1,13,59,3
1851470,0,103,0,40,2,2,2,1,14,57,3
1859700,0,103,0,40,2,4,2,1,27,55,3
1860019,0,103,0,40,2,4,2,1,28,45,3
1855020,0,103,0,40,2,3,2,1,22,87,3
1859724,0,103,0,40,2,2,2,1,11,26,3
1866095,0,103,0,40,3,2,2,1,10,36,3
1849515,0,103,0,40,3,2,2,1,11,43,3
1865390,0,103,0,40,3,2,2,1,9,38,3
1863033,0,103,0,40,3,3,2,1,12,21,3
1867900,0,103,0,40,2,2,2,1,8,46,3
1867474,0,103,0,40,2,1,2,1,7,14,3
1868499,0,103,0,40,3,1,2,1,7,14,3
1868565,0,103,0,40,2,1,2,1,7,27,3
1849041,0,103,0,40,2,2,2,1,24,30,3
1849858,0,103,0,40,3,3,2,1,19,13,3
1856905,0,103,0,40,3,2,2,1,21,22,3
1865290,0,103,0,40,2,2,2,1,9,53,3
1858385,0,103,0,40,2,7,2,1,28,62,3
1866103,0,103,0,40,2,2,2,1,9,114,3
1861280,0,103,0,40,2,5,2,1,23,48,3
1858147,0,103,0,40,3,2,2,1,8,31,3
1863530,0,103,0,40,2,4,2,1,13,33,3
1860067,0,103,0,40,2,4,2,1,40,90,3
1865909,0,103,0,40,3,2,2,1,12,43,3
1865827,0,103,0,40,3,2,2,1,11,33,3
1866993,0,103,0,40,3,2,2,1,10,46,3
1866244,0,103,0,40,3,2,2,1,13,65,3
1868245,0,103,0,40,3,1,2,1,6,15,3
1868748,0,103,0,40,3,1,2,1,6,23,3
1847762,0,103,0,40,2,1,2,1,12,104,3
1854132,0,103,0,40,2,1,2,1,10,27,3
1851215,0,103,0,40,2,1,2,1,13,13,3
1850912,0,103,0,40,2,1,2,1,11,53,3
1850488,0,103,0,40,2,2,2,1,14,34,3
1860510,0,103,0,40,3,2,2,1,31,27,3
1859631,0,103,0,40,3,4,2,1,39,34,3
1863867,0,103,0,40,3,1,2,1,25,47,3
1864060,0,103,0,40,3,2,2,1,21,52,3
1861692,0,103,0,40,3,3,2,1,22,26,3
1857377,0,103,0,40,3,6,2,1,35,80,3
1862276,0,103,0,40,3,2,2,1,23,55,3
1849586,0,103,0,40,3,9,2,1,67,87,3
1848407,0,103,0,40,3,1,2,1,21,19,3
1863609,0,103,0,40,2,2,2,1,19,19,3
1858854,0,103,0,40,2,5,2,1,48,29,3
1861207,0,103,0,40,2,2,2,1,32,86,3
1863602,0,103,0,40,2,2,2,1,20,21,3
1865108,0,103,0,40,2,2,2,1,17,63,3
1865761,0,103,0,40,3,1,2,1,16,66,3
1861287,0,103,0,40,2,4,2,1,25,125,3
1858857,0,103,0,40,2,4,2,1,41,12,3
1855909,0,103,0,40,2,4,2,1,29,73,3
1849896,0,103,0,40,3,3,2,1,32,32,3
1866257,0,103,0,40,2,1,2,1,14,36,3
1866687,0,103,0,40,3,1,2,1,14,12,3
1864388,0,103,0,40,2,2,2,1,20,39,3
1858897,0,103,0,40,2,2,2,1,20,28,3
1860916,0,103,0,40,3,5,2,1,21,100,3
1853590,0,103,0,40,2,1,2,1,15,31,3
1851228,0,103,0,40,3,1,2,1,37,76,3
1854263,0,103,0,40,2,9,2,1,67,19,3
1864604,0,103,0,40,3,2,2,1,17,73,3
1861794,0,103,0,40,2,3,2,1,26,16,3
1862639,0,103,0,40,2,3,2,1,25,51,3
1866523,0,103,0,40,3,1,2,1,12,35,3
1866822,0,103,0,40,2,1,2,1,12,29,3
1850353,0,103,0,40,3,1,2,1,19,29,3
1854373,0,103,0,40,2,2,2,1,16,22,3
1860970,0,103,0,40,2,4,2,1,24,15,3
1856216,0,103,0,40,3,2,2,1,20,53,3
1851495,0,103,0,40,3,2,2,1,20,96,3
1866033,0,103,0,40,2,2,2,1,12,57,3
1861758,0,103,0,40,3,3,2,1,28,65,3
1856453,0,103,0,40,3,4,2,1,26,43,3
1866530,0,103,0,40,3,1,2,1,11,37,3
1850871,0,103,0,40,3,2,2,1,14,58,3
1854756,0,103,0,40,3,2,2,1,15,39,3
1863522,0,103,0,40,3,2,2,1,23,35,3
1865592,0,103,0,40,2,2,2,1,13,61,3
1861572,0,103,0,40,2,4,2,1,20,40,3
1849775,0,103,0,40,3,4,2,1,27,38,3
1867092,0,103,0,40,3,1,2,1,10,19,3
1867808,0,103,0,40,2,1,2,1,10,56,3
1851263,0,103,0,40,3,2,2,1,17,55,3
1861182,0,103,0,40,3,4,2,1,22,58,3
1865113,0,103,0,40,2,2,2,1,12,33,3
1850515,0,103,0,40,2,4,2,1,20,71,3
1865794,0,103,0,40,3,2,2,1,13,58,3
1864568,0,103,0,40,3,3,2,1,14,57,3
1866380,0,103,0,40,3,2,2,1,12,36,3
1865446,0,103,0,40,3,2,2,1,16,30,3
1866972,0,103,0,40,3,1,2,1,9,57,3
1867681,0,103,0,40,2,1,2,1,9,42,3
1867813,0,103,0,40,3,1,2,1,9,64,3
1868118,0,103,0,40,2,1,2,1,9,32,3
1848386,0,103,0,40,3,1,2,1,10,37,3
1852837,0,103,0,40,2,1,2,1,21,68,3
1852365,0,103,0,40,2,1,2,1,19,24,3
1853738,0,103,0,40,2,2,2,1,9,27,3
1848441,0,103,0,40,3,2,2,1,19,49,3
1862596,0,103,0,40,2,3,2,1,19,85,3
1864009,0,103,0,40,2,4,2,1,13,26,3
1866483,0,103,0,40,3,1,2,1,8,54,3
1868403,0,103,0,40,2,1,2,1,8,51,3
1851028,0,103,0,40,2,1,2,1,24,54,3
1852450,0,103,0,40,2,2,2,1,17,60,3
1858420,0,103,0,40,3,2,2,1,12,22,3
1861510,0,103,0,40,2,3,2,1,14,41,3
1862316,0,103,0,40,2,3,2,1,18,91,3
1861963,0,103,0,40,3,4,2,1,23,41,3
1862825,0,103,0,40,3,2,2,1,25,31,3
1862447,0,103,0,40,3,3,2,1,20,90,3
1861014,0,103,0,40,2,4,2,1,32,27,3
1850094,0,103,0,40,2,2,2,1,35,27,3
1866261,0,103,0,40,3,2,2,1,12,28,3
1867895,0,103,0,40,2,1,2,1,7,37,3
1868005,0,103,0,40,2,1,2,1,7,22,3
1868618,0,103,0,40,3,1,2,1,7,44,3
1868644,0,103,0,40,2,1,2,1,7,76,3
1868746,0,103,0,40,3,1,2,1,7,42,3
1852441,0,103,0,40,3,2,2,1,7,44,3
1856696,0,103,0,40,2,3,2,1,28,38,3
1860876,0,103,0,40,3,4,2,1,18,36,3
1863306,0,103,0,40,2,3,2,1,15,49,3
1859145,0,103,0,40,2,5,2,1,32,57,3
1857917,0,103,0,40,3,6,2,1,41,20,3
1861910,0,103,0,40,2,3,2,1,18,57,3
1860627,0,103,0,40,2,4,2,1,26,73,3
1866934,0,103,0,40,2,2,2,1,7,36,3
1855181,0,103,0,40,2,4,2,1,36,82,3
1860843,0,103,0,40,3,4,2,1,31,21,3
1848576,0,103,0,40,3,3,2,1,17,35,3
1867475,0,103,0,40,2,2,2,1,7,34,3
1864861,0,103,0,40,3,3,2,1,16,46,3
1851255,0,103,0,40,3,3,2,1,22,60,3
1859038,0,103,0,40,2,3,2,1,12,86,3
1866490,0,103,0,40,3,3,2,1,13,24,3
1868384,0,103,0,40,3,1,2,1,6,33,3
1868741,0,103,0,40,2,1,2,1,6,76,3
1869023,0,103,0,40,3,1,2,1,6,27,3
1869069,0,103,0,40,3,1,2,1,6,20,3
1869097,0,103,0,40,3,1,2,1,6,44,3
1869161,0,103,0,40,3,1,2,1,6,62,3
1856592,0,103,0,40,3,1,2,1,11,33,3
1854720,0,103,0,40,2,1,2,1,16,68,3
1858657,0,103,0,40,3,1,2,1,13,24,3
1860156,0,103,0,40,2,1,2,1,12,50,3
1862720,0,103,0,40,2,2,2,1,26,31,3
1863708,0,103,0,40,3,2,2,1,21,80,3
1863983,0,103,0,40,2,2,2,1,20,57,3
1864302,0,103,0,40,3,2,2,1,20,27,3
1864058,0,103,0,40,3,2,2,1,20,40,3
1865713,0,103,0,40,2,1,2,1,17,41,3
1856912,0,103,0,40,2,1,2,1,25,25,3
1863679,0,103,0,40,3,2,2,1,24,46,3
1866329,0,103,0,40,3,1,2,1,15,23,3
1866541,0,103,0,40,3,1,2,1,15,24,3
1854783,0,103,0,40,2,2,2,1,17,34,3
1851140,0,103,0,40,3,3,2,1,28,33,3
1861929,0,103,0,40,2,3,2,1,28,87,3
1862187,0,103,0,40,3,4,2,1,26,14,3
1849470,0,103,0,40,2,4,2,1,19,28,3
1862021,0,103,0,40,3,3,2,1,26,38,3
1866292,0,103,0,40,2,2,2,1,16,29,3
1866443,0,103,0,40,3,1,2,1,13,26,3
1863593,0,103,0,40,3,2,2,1,15,70,3
1862053,0,103,0,40,2,4,2,1,20,42,3
1860422,0,103,0,40,2,4,2,1,30,44,3
1858142,0,103,0,40,2,9,2,1,42,32,3
1854091,0,103,0,40,2,2,2,1,23,47,3
1866034,0,103,0,40,3,2,2,1,14,37,3
1866610,0,103,0,40,2,1,2,1,12,56,3
1867657,0,103,0,40,3,1,2,1,12,73,3
1859565,0,103,0,40,3,4,2,1,33,29,3
1862490,0,103,0,40,3,3,2,1,23,58,3
1867214,0,103,0,40,2,1,2,1,11,40,3
1867512,0,103,0,40,2,1,2,1,11,71,3
1850580,0,103,0,40,2,1,2,1,18,44,3
1850739,0,103,0,40,3,1,2,1,22,69,3
1851710,0,103,0,40,3,2,2,1,16,55,3
1852488,0,103,0,40,2,3,2,1,27,50,3
1864676,0,103,0,40,2,2,2,1,15,86,3
1865814,0,103,0,40,3,2,2,1,12,34,3
1861574,0,103,0,40,3,4,2,1,25,42,3
1867494,0,103,0,40,3,1,2,1,10,41,3
1867965,0,103,0,40,2,1,2,1,10,87,3
1868032,0,103,0,40,3,1,2,1,10,41,3
1868228,0,103,0,40,2,1,2,1,10,35,3
1847917,0,103,0,40,2,1,2,1,14,31,3
1853587,0,103,0,40,3,3,2,1,19,25,3
1861878,0,103,0,40,3,3,2,1,17,29,3
1862557,0,103,0,40,3,2,2,1,22,60,3
1864995,0,103,0,40,3,2,2,1,15,14,3
1865925,0,103,0,40,3,2,2,1,12,33,3
1858761,0,103,0,40,2,4,2,1,22,72,3
1866797,0,103,0,40,3,2,2,1,12,51,3
1867747,0,103,0,40,3,1,2,1,9,74,3
1850836,0,103,0,40,3,2,2,1,21,105,3
1862068,0,103,0,40,3,3,2,1,17,34,3
1860815,0,103,0,40,2,2,2,1,38,41,3
1854806,0,103,0,40,2,4,2,1,17,27,3
1865132,0,103,0,40,2,3,2,1,15,54,3
1864662,0,103,0,40,3,3,2,1,15,68,3
1851933,0,103,0,40,2,2,2,1,18,51,3
1868514,0,103,0,40,3,1,2,1,8,47,3
1868732,0,103,0,40,2,1,2,1,8,59,3
1868838,0,103,0,40,2,1,2,1,8,20,3
1856785,0,103,0,40,3,1,2,1,22,33,3
1862640,0,103,0,40,3,4,2,1,15,15,3
1861397,0,103,0,40,3,4,2,1,23,54,3
1866607,0,103,0,40,2,2,2,1,8,21,3
1866521,0,103,0,40,2,2,2,1,10,30,3
1864454,0,103,0,40,2,3,2,1,17,27,3
1863364,0,103,0,40,2,3,2,1,16,33,3
1868201,0,103,0,40,2,1,2,1,7,17,3
1868713,0,103,0,40,3,1,2,1,7,60,3
1869241,0,103,0,40,2,1,2,1,7,57,3
1856817,0,103,0,40,3,2,2,1,11,36,3
1862245,0,103,0,40,3,3,2,1,22,36,3
1866962,0,103,0,40,3,2,2,1,7,22,3
1850300,0,103,0,40,3,2,2,1,13,66,3
1866460,0,103,0,40,2,2,2,1,12,36,3
1862551,0,103,0,40,3,6,2,1,14,78,3
1867365,0,103,0,40,3,2,2,1,10,24,3
1867338,1,103,98,13.18,3,2,2,1,7,93,3
1866166,0,103,0,40,2,2,2,1,12,75,3
1868420,0,103,0,40,3,1,2,1,6,45,3
1869094,0,103,0,40,2,1,2,1,6,61,3
1869357,0,103,0,40,3,1,2,1,6,16,3
1857316,0,103,0,40,3,1,2,1,10,33,3
1857883,0,103,0,40,2,1,2,1,8,18,3
1850978,0,103,0,40,3,3,2,1,25,61,3
1865225,0,103,0,40,2,2,2,1,21,48,3
1861686,0,103,0,40,3,3,2,1,27,36,3
1849159,1,103,0,40,2,2,2,1,29,70,3
1864795,0,103,0,40,2,2,2,1,19,52,3
1860997,0,103,0,40,3,3,2,1,28,22,3
1865807,0,103,0,40,2,1,2,1,16,39,3
1867121,0,103,0,40,2,1,2,1,14,24,3
1851854,0,103,0,40,2,1,2,1,22,53,3
1867493,0,103,0,40,3,1,2,1,13,49,3
1857535,0,103,0,40,3,2,2,1,31,52,3
1849209,0,103,0,40,2,2,2,1,26,30,3
1857361,0,103,0,40,3,2,2,1,34,46,3
1865236,0,103,0,40,2,2,2,1,14,51,3
1864831,0,103,0,40,2,2,2,1,14,105,3
1867772,0,103,0,40,3,1,2,1,12,44,3
1852560,0,103,0,40,2,1,2,1,17,62,3
1851327,0,103,0,40,3,3,2,1,16,36,3
1866352,0,103,0,40,2,2,2,1,12,29,3
1860619,0,103,0,40,3,5,2,1,23,23,3
1862377,0,103,0,40,3,4,2,1,22,26,3
1867422,0,103,0,40,2,1,2,1,11,34,3
1868102,0,103,0,40,2,1,2,1,11,29,3
1864548,0,103,0,40,3,2,2,1,17,33,3
1862131,0,103,0,40,3,4,2,1,26,39,3
1868323,0,103,0,40,2,1,2,1,10,37,3
1855101,0,103,0,40,3,2,2,1,14,35,3
1868832,0,103,0,40,2,1,2,1,9,18,3
1860460,0,103,0,40,3,4,2,1,21,18,3
1865941,0,103,0,40,2,2,2,1,13,35,3
1863136,0,103,0,40,2,4,2,1,16,79,3
1862810,0,103,0,40,3,3,2,1,23,32,3
1865720,0,103,0,40,2,2,2,1,17,34,3
1868520,0,103,0,40,2,1,2,1,8,30,3
1851955,0,103,0,40,2,1,2,1,8,37,3
1859127,0,103,0,40,2,4,2,1,40,107,3
1862885,0,103,0,40,3,4,2,1,17,37,3
1849528,0,103,0,40,3,2,2,1,38,31,3
1867694,0,103,0,40,2,2,2,1,8,40,3
1861415,0,103,0,40,3,3,2,1,33,13,3
1866959,0,103,0,40,3,2,2,1,14,56,3
1869106,0,103,0,40,2,1,2,1,7,31,3
1853832,0,103,0,40,3,1,2,1,14,21,3
1865341,0,103,0,40,2,2,2,1,8,48,3
1867009,0,103,0,40,3,2,2,1,7,76,3
1851427,0,103,0,40,3,4,2,1,24,21,3
1857154,0,103,0,40,2,3,2,1,24,45,3
1851807,0,103,0,40,2,2,2,1,10,28,3
1866768,0,103,0,40,2,3,2,1,11,31,3
1869680,0,103,0,40,2,1,2,1,6,42,3
1850832,0,103,0,40,2,2,2,1,14,61,3
1863184,0,103,0,40,2,1,2,1,28,22,3
1860647,0,103,0,40,2,4,2,1,31,82,3
1867242,0,103,0,40,2,1,2,1,12,24,3
1868062,0,103,0,40,3,1,2,1,12,42,3
1854242,0,103,0,40,2,3,2,1,23,27,3
1864352,0,103,0,40,2,2,2,1,19,63,3
1868871,0,103,0,40,3,1,2,1,8,52,3
1867297,0,103,0,40,2,2,2,1,10,34,3
1867571,0,103,0,40,3,2,2,1,9,14,3
1869506,0,103,0,40,2,1,2,1,6,45,3
1870193,0,103,0,40,3,1,2,1,6,46,3
1868097,0,103,0,40,2,0,2,1,5,66,3
1868372,0,103,0,40,3,0,2,1,5,57,3
1868651,0,103,0,40,3,0,2,1,5,27,3
1868699,0,103,0,40,2,0,2,1,5,67,3
1868827,0,103,0,40,2,0,2,1,5,40,3
1868984,0,103,0,40,2,0,2,1,5,66,3
1869080,0,103,0,40,2,0,2,1,5,38,3
1869112,0,103,0,40,2,0,2,1,5,13,3
1869144,0,103,0,40,3,0,2,1,5,50,3
1869176,0,103,0,40,2,0,2,1,5,37,3
1869208,0,103,0,40,3,0,2,1,5,28,3
1869262,0,103,0,40,2,0,2,1,5,23,3
1869278,0,103,0,40,2,0,2,1,5,49,3
1869294,0,103,0,40,3,0,2,1,5,50,3
1869310,0,103,0,40,3,0,2,1,5,72,3
1869326,0,103,0,40,3,0,2,1,5,45,3
1869358,0,103,0,40,2,0,2,1,5,55,3
1869390,0,103,0,40,2,0,2,1,5,27,3
1869406,0,103,0,40,2,0,2,1,5,34,3
1869438,0,103,0,40,3,0,2,1,5,50,3
1869470,0,103,0,40,3,0,2,1,5,53,3
1869502,0,103,0,40,3,0,2,1,5,15,3
1869518,0,103,0,40,2,0,2,1,5,47,3
1869534,0,103,0,40,2,0,2,1,5,45,3
1869566,0,103,0,40,2,0,2,1,5,60,3
1869589,0,103,0,40,2,0,2,1,5,42,3
1869613,0,103,0,40,2,0,2,1,5,70,3
1869621,0,103,0,40,2,0,2,1,5,56,3
1869637,0,103,0,40,2,0,2,1,5,51,3
1869645,0,103,0,40,3,0,2,1,5,4,3
1869653,0,103,0,40,3,0,2,1,5,36,3
1869661,0,103,0,40,3,0,2,1,5,87,3
1869669,0,103,0,40,3,0,2,1,5,63,3
1869677,0,103,0,40,2,0,2,1,5,44,3
1869693,0,103,0,40,3,0,2,1,5,20,3
1869701,0,103,0,40,3,0,2,1,5,16,3
1869709,0,103,0,40,2,0,2,1,5,33,3
1869717,0,103,0,40,2,0,2,1,5,32,3
1869725,0,103,0,40,3,0,2,1,5,27,3
1869733,0,103,0,40,3,0,2,1,5,48,3
1869741,0,103,0,40,2,0,2,1,5,16,3
1869749,0,103,0,40,2,0,2,1,5,29,3
1869757,0,103,0,40,3,0,2,1,5,42,3
1869765,0,103,0,40,3,0,2,1,5,104,3
1869781,0,103,0,40,3,0,2,1,5,22,3
1869789,0,103,0,40,3,0,2,1,5,27,3
1869805,0,103,0,40,2,0,2,1,5,33,3
1869813,0,103,0,40,2,0,2,1,5,51,3
1869829,0,103,0,40,2,0,2,1,5,65,3
1869837,0,103,0,40,2,0,2,1,5,62,3
1869861,0,103,0,40,3,0,2,1,5,36,3
1869869,0,103,0,40,2,0,2,1,5,64,3
1869885,0,103,0,40,2,0,2,1,5,73,3
1869909,0,103,0,40,3,0,2,1,5,77,3
1869926,0,103,0,40,3,0,2,1,5,57,3
1869930,0,103,0,40,2,0,2,1,5,30,3
1869942,0,103,0,40,3,0,2,1,5,31,3
1869946,0,103,0,40,2,0,2,1,5,69,3
1869954,0,103,0,40,3,0,2,1,5,60,3
1869958,0,103,0,40,2,0,2,1,5,57,3
1869962,0,103,0,40,2,0,2,1,5,74,3
1869966,0,103,0,40,3,0,2,1,5,75,3
1869974,0,103,0,40,3,0,2,1,5,72,3
1869978,0,103,0,40,2,0,2,1,5,35,3
1869982,0,103,0,40,2,0,2,1,5,34,3
1869986,0,103,0,40,3,0,2,1,5,44,3
1870002,0,103,0,40,2,0,2,1,5,38,3
1870006,0,103,0,40,3,0,2,1,5,33,3
1870014,0,103,0,40,2,0,2,1,5,60,3
1870018,0,103,0,40,3,0,2,1,5,35,3
1870026,0,103,0,40,3,0,2,1,5,79,3
1870034,0,103,0,40,2,0,2,1,5,47,3
1870042,0,103,0,40,2,0,2,1,5,29,3
1870046,0,103,0,40,2,0,2,1,5,39,3
1870058,0,103,0,40,3,0,2,1,5,31,3
1870062,0,103,0,40,2,0,2,1,5,56,3
1870070,0,103,0,40,2,0,2,1,5,55,3
1870074,0,103,0,40,2,0,2,1,5,49,3
1870078,0,103,0,40,2,0,2,1,5,31,3
1870082,0,103,0,40,3,0,2,1,5,31,3
1870086,0,103,0,40,3,0,2,1,5,43,3
1870090,0,103,0,40,2,0,2,1,5,16,3
1870106,0,103,0,40,3,0,2,1,5,31,3
1870114,0,103,0,40,3,0,2,1,5,13,3
1870118,0,103,0,40,3,0,2,1,5,83,3
1870126,0,103,0,40,2,0,2,1,5,20,3
1870134,0,103,0,40,3,0,2,1,5,56,3
1870138,0,103,0,40,2,0,2,1,5,44,3
1870146,0,103,0,40,2,0,2,1,5,26,3
1870150,0,103,0,40,3,0,2,1,5,56,3
1870162,0,103,0,40,3,0,2,1,5,41,3
1870170,0,103,0,40,2,0,2,1,5,50,3
1870174,0,103,0,40,2,0,2,1,5,74,3
1870178,0,103,0,40,2,0,2,1,5,60,3
1870186,0,103,0,40,3,0,2,1,5,59,3
1870190,0,103,0,40,2,0,2,1,5,30,3
1870198,0,103,0,40,2,0,2,1,5,32,3
1870206,0,103,0,40,3,0,2,1,5,43,3
1870210,0,103,0,40,3,0,2,1,5,11,3
1870222,0,103,0,40,3,0,2,1,5,18,3
1870226,0,103,0,40,2,0,2,1,5,17,3
1870230,0,103,0,40,3,0,2,1,5,101,3
1870234,0,103,0,40,2,0,2,1,5,56,3
1870238,0,103,0,40,3,0,2,1,5,84,3
1870242,0,103,0,40,2,0,2,1,5,83,3
1870246,0,103,0,40,2,0,2,1,5,20,3
1870254,0,103,0,40,2,0,2,1,5,46,3
1870261,0,103,0,40,3,0,2,1,5,52,3
1870263,0,103,0,40,3,0,2,1,5,23,3
1870269,0,103,0,40,3,0,2,1,5,37,3
1870271,0,103,0,40,2,0,2,1,5,47,3
1870275,0,103,0,40,2,0,2,1,5,58,3
1870277,0,103,0,40,3,0,2,1,5,44,3
1870279,0,103,0,40,3,0,2,1,5,52,3
1870283,0,103,0,40,3,0,2,1,5,65,3
1870285,0,103,0,40,2,0,2,1,5,83,3
1870289,0,103,0,40,2,0,2,1,5,69,3
1870291,0,103,0,40,2,0,2,1,5,37,3
1870293,0,103,0,40,2,0,2,1,5,29,3
1870295,0,103,0,40,2,0,2,1,5,46,3
1870297,0,103,0,40,2,0,2,1,5,17,3
1870301,0,103,0,40,2,0,2,1,5,22,3
1870303,0,103,0,40,3,0,2,1,5,94,3
1870305,0,103,0,40,3,0,2,1,5,15,3
1870311,0,103,0,40,2,0,2,1,5,51,3
1870317,0,103,0,40,3,0,2,1,5,23,3
1870319,0,103,0,40,2,0,2,1,5,31,3
1870325,0,103,0,40,2,0,2,1,5,14,3
1870329,0,103,0,40,3,0,2,1,5,46,3
1870331,0,103,0,40,3,0,2,1,5,38,3
1870333,0,103,0,40,3,0,2,1,5,55,3
1870339,0,103,0,40,2,0,2,1,5,42,3
1870345,0,103,0,40,2,0,2,1,5,30,3
1870347,0,103,0,40,2,0,2,1,5,51,3
1870349,0,103,0,40,2,0,2,1,5,64,3
1870353,0,103,0,40,2,0,2,1,5,52,3
1870359,0,103,0,40,2,0,2,1,5,26,3
1870363,0,103,0,40,3,0,2,1,5,77,3
1870365,0,103,0,40,2,0,2,1,5,46,3
1870367,0,103,0,40,2,0,2,1,5,79,3
1870369,0,103,0,40,3,0,2,1,5,54,3
1870373,0,103,0,40,3,0,2,1,5,26,3
1870375,0,103,0,40,2,0,2,1,5,44,3
1870377,0,103,0,40,3,0,2,1,5,51,3
1870379,0,103,0,40,2,0,2,1,5,22,3
1870381,0,103,0,40,2,0,2,1,5,35,3
1870383,0,103,0,40,2,0,2,1,5,36,3
1870385,0,103,0,40,2,0,2,1,5,49,3
1870389,0,103,0,40,3,0,2,1,5,56,3
1870391,0,103,0,40,2,0,2,1,5,49,3
1870395,0,103,0,40,3,0,2,1,5,43,3
1870397,0,103,0,40,3,0,2,1,5,28,3
1870399,0,103,0,40,2,0,2,1,5,24,3
1870401,0,103,0,40,2,0,2,1,5,20,3
1870403,0,103,0,40,3,0,2,1,5,44,3
1870405,0,103,0,40,3,0,2,1,5,21,3
1870407,0,103,0,40,2,0,2,1,5,80,3
1870409,0,103,0,40,2,0,2,1,5,53,3
1870415,0,103,0,40,3,0,2,1,5,17,3
1870419,0,103,0,40,3,0,2,1,5,51,3
1870421,0,103,0,40,3,0,2,1,5,50,3
1870423,0,103,0,40,3,0,2,1,5,44,3
1870425,0,103,0,40,3,0,2,1,5,31,3
1870429,0,103,0,40,3,0,2,1,5,23,3
1870435,0,103,0,40,3,0,2,1,5,24,3
1870439,0,103,0,40,3,0,2,1,5,55,3
1870445,0,103,0,40,2,0,2,1,5,33,3
1870447,0,103,0,40,2,0,2,1,5,33,3
1870449,0,103,0,40,2,0,2,1,5,31,3
1870451,0,103,0,40,2,0,2,1,5,42,3
1870455,0,103,0,40,2,0,2,1,5,44,3
1870461,0,103,0,40,2,0,2,1,5,53,3
1870465,0,103,0,40,2,0,2,1,5,27,3
1870471,0,103,0,40,2,0,2,1,5,68,3
1870473,0,103,0,40,3,0,2,1,5,39,3
1870475,0,103,0,40,3,0,2,1,5,53,3
1870477,0,103,0,40,2,0,2,1,5,37,3
1870481,0,103,0,40,3,0,2,1,5,87,3
1870483,0,103,0,40,3,0,2,1,5,12,3
1870485,0,103,0,40,2,0,2,1,5,32,3
1870487,0,103,0,40,3,0,2,1,5,29,3
1870493,0,103,0,40,2,0,2,1,5,33,3
1870495,0,103,0,40,3,0,2,1,5,48,3
1870497,0,103,0,40,3,0,2,1,5,51,3
1870501,0,103,0,40,2,0,2,1,5,44,3
1870505,0,103,0,40,3,0,2,1,5,33,3
1870509,0,103,0,40,3,0,2,1,5,31,3
1870513,0,103,0,40,2,0,2,1,5,43,3
1870515,0,103,0,40,2,0,2,1,5,55,3
1870527,0,103,0,40,3,0,2,1,5,39,3
1870531,0,103,0,40,2,0,2,1,5,46,3
1870533,0,103,0,40,2,0,2,1,5,50,3
1870537,0,103,0,40,2,0,2,1,5,28,3
1870541,0,103,0,40,2,0,2,1,5,29,3
1870543,0,103,0,40,3,0,2,1,5,69,3
1870549,0,103,0,40,2,0,2,1,5,59,3
1870551,0,103,0,40,3,0,2,1,5,30,3
1870555,0,103,0,40,3,0,2,1,5,40,3
1870559,0,103,0,40,2,0,2,1,5,32,3
1870563,0,103,0,40,2,0,2,1,5,30,3
1870567,0,103,0,40,2,0,2,1,5,55,3
1870571,0,103,0,40,3,0,2,1,5,59,3
1870573,0,103,0,40,2,0,2,1,5,36,3
1870575,0,103,0,40,2,0,2,1,5,29,3
1870577,0,103,0,40,3,0,2,1,5,34,3
1870579,0,103,0,40,2,0,2,1,5,75,3
1870581,0,103,0,40,2,0,2,1,5,59,3
1870583,0,103,0,40,3,0,2,1,5,28,3
1870587,0,103,0,40,3,0,2,1,5,43,3
1848471,0,103,0,40,3,0,2,1,10,21,3
1849367,0,103,0,40,3,0,2,1,10,19,3
1850320,0,103,0,40,3,0,2,1,9,32,3
1850509,0,103,0,40,2,0,2,1,6,39,3
1850640,0,103,0,40,2,0,2,1,16,24,3
1850687,0,103,0,40,3,0,2,1,10,36,3
1851805,0,103,0,40,3,0,2,1,10,65,3
1851879,0,103,0,40,3,0,2,1,9,42,3
1852590,0,103,0,40,2,0,2,1,7,41,3
1852646,0,103,0,40,3,0,2,1,9,59,3
1852745,0,103,0,40,3,0,2,1,5,54,3
1853392,0,103,0,40,3,0,2,1,10,52,3
1853653,0,103,0,40,2,0,2,1,10,41,3
1854409,0,103,0,40,3,0,2,1,9,29,3
1854460,0,103,0,40,3,0,2,1,4,42,3
1854668,0,103,0,40,2,0,2,1,6,76,3
1854826,0,103,0,40,2,0,2,1,6,20,3
1855604,0,103,0,40,2,0,2,1,14,80,3
1855753,0,103,0,40,3,0,2,1,4,42,3
1857314,0,103,0,40,2,0,2,1,6,44,3
1857472,0,103,0,40,3,0,2,1,12,25,3
1848363,0,103,0,40,3,0,2,1,6,33,3
1848737,0,103,0,40,3,0,2,1,6,46,3
1849387,0,103,0,40,3,0,2,1,16,24,3
1849473,0,103,0,40,2,0,2,1,17,41,3
1850301,0,103,0,40,3,0,2,1,15,70,3
1850450,0,103,0,40,2,0,2,1,16,24,3
1851092,0,103,0,40,3,0,2,1,16,75,3
1851430,0,103,0,40,2,0,2,1,8,48,3
1852005,0,103,0,40,2,0,2,1,8,17,3
1852090,0,103,0,40,2,0,2,1,6,45,3
1853179,0,103,0,40,3,0,2,1,8,11,3
1853209,0,103,0,40,2,0,2,1,7,31,3
1853396,0,103,0,40,3,0,2,1,7,36,3
1853902,0,103,0,40,3,0,2,1,9,64,3
1854426,0,103,0,40,3,0,2,1,5,67,3
1854860,0,103,0,40,2,0,2,1,11,52,3
1855600,0,103,0,40,3,0,2,1,8,42,3
1855912,0,103,0,40,3,0,2,1,11,77,3
1856166,0,103,0,40,2,0,2,1,8,53,3
1856789,0,103,0,40,3,0,2,1,15,81,3
1856836,0,103,0,40,2,0,2,1,10,73,3
1857270,0,103,0,40,2,0,2,1,5,39,3
1847818,0,103,0,40,2,0,2,1,8,47,3
1849267,0,103,0,40,3,0,2,1,10,27,3
1849323,0,103,0,40,3,0,2,1,8,98,3
1849640,0,103,0,40,2,0,2,1,8,58,3
1850844,0,103,0,40,3,0,2,1,15,47,3
1852394,0,103,0,40,3,0,2,1,16,51,3
1852773,0,103,0,40,3,0,2,1,18,97,3
1852896,0,103,0,40,3,0,2,1,8,41,3
1853346,0,103,0,40,2,0,2,1,15,27,3
1853601,0,103,0,40,2,0,2,1,12,46,3
1853684,0,103,0,40,2,0,2,1,15,87,3
1853704,0,103,0,40,3,0,2,1,10,51,3
1854220,0,103,0,40,2,0,2,1,13,62,3
1854793,0,103,0,40,3,0,2,1,11,57,3
1852034,0,103,0,40,2,1,2,1,13,72,3
1848012,0,103,0,40,3,0,2,1,10,80,3
1850223,0,103,0,40,3,0,2,1,15,45,3
1851536,0,103,0,40,2,0,2,1,8,22,3
1851966,0,103,0,40,3,0,2,1,15,35,3
1853079,0,103,0,40,2,0,2,1,9,34,3
1853450,0,103,0,40,3,0,2,1,10,65,3
1854754,0,103,0,40,3,0,2,1,10,52,3
1856963,0,103,0,40,2,0,2,1,12,24,3
1850554,0,103,0,40,3,1,2,1,12,56,3
1851570,0,103,0,40,2,1,2,1,14,43,3
1847854,0,103,0,40,2,1,2,1,8,54,3
1848646,0,103,0,40,3,0,2,1,10,69,3
1852134,0,103,0,40,2,0,2,1,9,87,3
1854728,1,103,0,40,2,0,2,1,11,44,3
1849450,0,103,0,40,3,1,2,1,11,25,3
1855343,0,103,0,40,3,1,2,1,6,39,3
1848461,0,103,0,40,3,1,2,1,12,32,3
1848939,0,103,0,40,3,0,2,1,19,33,3
1853461,0,103,0,40,3,0,2,1,17,50,3
1853674,0,103,0,40,2,0,2,1,11,44,3
1856017,0,103,0,40,2,0,2,1,14,62,3
1857007,0,103,0,40,3,0,2,1,19,63,3
1855595,0,103,0,40,3,1,2,1,14,33,3
1852477,0,103,0,40,2,1,2,1,8,39,3
1855329,0,103,0,40,3,1,2,1,19,67,3
1848130,0,103,0,40,2,0,2,1,14,34,3
1848279,0,103,0,40,2,0,2,1,14,37,3
1850244,0,103,0,40,3,0,2,1,13,47,3
1850520,0,103,0,40,2,0,2,1,17,30,3
1851712,0,103,0,40,2,0,2,1,18,71,3
1852629,0,103,0,40,2,0,2,1,12,25,3
1852942,0,103,0,40,2,0,2,1,19,50,3
1853910,0,103,0,40,2,0,2,1,19,50,3
1853597,0,103,0,40,3,1,2,1,11,60,3
1853840,0,103,0,40,2,1,2,1,10,15,3
1857682,0,103,0,40,3,1,2,1,9,34,3
1849980,0,103,0,40,3,0,2,1,26,30,3
1852828,0,103,0,40,3,1,2,1,14,28,3
1856732,0,103,0,40,2,1,2,1,13,91,3
1851435,0,103,0,40,2,1,2,1,9,11,3
1850652,0,103,0,40,3,0,2,1,23,60,3
1856068,0,103,0,40,3,1,2,1,25,29,3
1851856,0,103,0,40,3,1,2,1,10,50,3
1850119,0,103,0,40,3,0,2,1,18,58,3
1857523,0,103,0,40,3,1,2,1,14,38,3
1848233,0,103,0,40,2,1,2,1,28,84,3
1851330,0,103,0,40,2,1,2,1,9,30,3
1849014,0,103,0,40,2,1,2,1,17,62,3
1852632,0,103,0,40,2,1,2,1,12,31,3
1848422,0,103,0,40,3,0,2,1,19,43,3
1850771,0,103,0,40,2,1,2,1,12,74,3
1854111,0,103,0,40,2,1,2,1,17,41,3
1850833,0,103,0,40,2,1,2,1,8,11,3
1853637,0,103,0,40,2,1,2,1,11,56,3
1853635,0,103,0,40,2,1,2,1,6,22,3
1848593,0,103,0,40,3,2,2,1,13,36,3
1854345,0,103,0,40,2,1,2,1,18,21,3
1856104,0,103,0,40,3,2,2,1,15,19,3
1847886,0,103,0,40,3,1,2,1,13,53,3
1849489,0,103,0,40,2,1,2,1,20,83,3
1848841,0,103,0,40,3,1,2,1,16,61,3
1850131,0,103,0,40,2,1,2,1,20,17,3
1849810,0,103,0,40,2,2,2,1,11,47,3
1857463,0,103,0,40,2,0,2,1,21,43,3
1854296,0,103,0,40,3,1,2,1,18,35,3
1854811,0,103,0,40,3,1,2,1,19,68,3
1849353,0,103,0,40,2,1,2,1,21,55,3
1849624,0,103,0,40,2,1,2,1,12,138,3
1852903,0,103,0,40,3,1,2,1,19,65,3
1857769,0,103,0,40,2,0,2,1,8,43,3
1849135,0,103,0,40,3,2,2,1,18,108,3
1856447,0,103,0,40,3,1,2,1,15,61,3
1849314,0,103,0,40,2,2,2,1,31,42,3
1851460,0,103,0,40,3,1,2,1,24,17,3
1852025,0,103,0,40,3,3,2,1,13,18,3
1854988,0,103,0,40,2,2,2,1,24,43,3
1848708,0,103,0,40,2,1,2,1,29,36,3
1856288,0,103,0,40,3,1,2,1,28,38,3
1853731,0,103,0,40,2,2,2,1,18,62,3
1857863,0,103,0,40,2,0,2,1,5,29,3
1848254,0,103,0,40,2,3,2,1,18,13,3
1853329,0,103,0,40,2,1,2,1,23,51,3
1848201,0,103,0,40,2,3,2,1,21,7,3
1854518,0,103,0,40,2,4,2,1,17,43,3
1851869,0,103,0,40,3,1,2,1,27,35,3
1852891,0,103,0,40,2,2,2,1,13,28,3
1857912,0,103,0,40,2,0,2,1,8,79,3
1854964,0,103,0,40,2,4,2,1,16,81,3
1852463,0,103,0,40,2,3,2,1,30,30,3
1850987,0,103,0,40,3,3,2,1,15,41,3
1852208,0,103,0,40,2,3,2,1,28,20,3
1858132,0,103,0,40,3,0,2,1,6,58,3
1857814,0,103,0,40,2,2,2,1,10,35,3
1857979,0,103,0,40,3,0,2,1,12,31,3
1858026,0,103,0,40,2,0,2,1,9,56,3
1858365,0,103,0,40,3,0,2,1,5,38,3
1858251,0,103,0,40,2,0,2,1,9,50,3
1858189,0,103,0,40,2,0,2,1,9,76,3
1858445,0,103,0,40,2,0,2,1,6,43,3
1858300,0,103,0,40,2,0,2,1,7,50,3
1857773,0,103,0,40,3,3,2,1,18,42,3
1858297,0,103,0,40,2,1,2,1,13,41,3
1858796,0,103,0,40,2,0,2,1,6,36,3
1858151,0,103,0,40,3,0,2,1,18,17,3
1858828,0,103,0,40,3,0,2,1,8,96,3
1858921,0,103,0,40,2,0,2,1,7,70,3
1858711,0,103,0,40,3,0,2,1,9,27,3
1858955,0,103,0,40,3,0,2,1,7,41,3
1859126,0,103,0,40,3,0,2,1,5,76,3
1858795,0,103,0,40,3,0,2,1,6,54,3
1858969,0,103,0,40,2,0,2,1,10,38,3
1858535,0,103,0,40,3,1,2,1,14,21,3
1859452,0,103,0,40,2,0,2,1,7,22,3
1858976,0,103,0,40,3,1,2,1,6,40,3
1858809,0,103,0,40,2,1,2,1,13,39,3
1858624,0,103,0,40,3,0,2,1,21,48,3
1859629,0,103,0,40,3,0,2,1,9,27,3
1859837,0,103,0,40,2,0,2,1,7,33,3
1858197,0,103,0,40,2,1,2,1,25,66,3
1859726,0,103,0,40,2,0,2,1,8,46,3
1859066,0,103,0,40,3,2,2,1,11,80,3
1859650,0,103,0,40,2,0,2,1,10,50,3
1859914,0,103,0,40,3,0,2,1,6,34,3
1860249,0,103,0,40,3,0,2,1,6,45,3
1860479,0,103,0,40,2,0,2,1,6,52,3
1858536,0,103,0,40,3,2,2,1,22,37,3
1859224,0,103,0,40,3,1,2,1,15,30,3
1860361,0,103,0,40,2,0,2,1,10,29,3
1860408,0,103,0,40,3,0,2,1,8,28,3
1860770,0,103,0,40,3,0,2,1,6,50,3
1860612,0,103,0,40,3,0,2,1,5,66,3
1857286,0,103,0,40,2,1,2,1,12,64,3
1860710,0,103,0,40,3,5,2,1,16,37,3
1863801,0,103,0,40,2,1,2,1,16,46,3
1865544,0,103,0,40,2,1,2,1,8,55,3
1863819,0,103,0,40,2,2,2,1,13,59,3
1864457,0,103,0,40,3,2,2,1,12,57,3
1865566,0,103,0,40,3,1,2,1,6,69,3
1864385,0,103,0,40,3,1,2,1,15,32,3
1850521,0,103,0,40,3,2,2,1,12,35,3
1850552,0,103,0,40,3,1,2,1,19,120,3
1866042,0,103,0,40,2,1,2,1,7,58,3
1864152,0,103,0,40,3,2,2,1,9,33,3
1858211,0,103,0,40,3,6,2,1,36,30,3
1867303,0,103,0,40,3,1,2,1,5,64,3
1862289,0,103,0,40,3,1,2,1,27,29,3
1863911,0,103,0,40,3,1,2,1,19,19,3
1864419,0,103,0,40,2,1,2,1,14,44,3
1865495,0,103,0,40,2,1,2,1,12,43,3
1865822,0,103,0,40,2,1,2,1,11,26,3
1863795,0,103,0,40,2,2,2,1,13,42,3
1862545,0,103,0,40,3,4,2,1,13,74,3
1862439,0,103,0,40,2,2,2,1,19,75,3
1865203,0,103,0,40,2,2,2,1,10,26,3
1866335,0,103,0,40,3,1,2,1,7,93,3
1861927,0,103,0,40,2,3,2,1,22,94,3
1864914,0,103,0,40,2,2,2,1,14,70,3
1852098,0,103,0,40,3,3,2,1,26,19,3
1862319,0,103,0,40,3,1,2,1,28,38,3
1863329,0,103,0,40,3,1,2,1,21,33,3
1860197,0,103,0,40,2,3,2,1,29,57,3
1854950,0,103,0,40,2,1,2,1,20,49,3
1860310,0,103,0,40,3,3,2,1,25,55,3
1864503,0,103,0,40,2,2,2,1,14,16,3
1858269,0,103,0,40,3,4,2,1,46,74,3
1865250,0,103,0,40,3,1,2,1,12,57,3
1861770,0,103,0,40,3,3,2,1,21,33,3
1865302,0,103,0,40,3,1,2,1,11,101,3
1862633,0,103,0,40,2,2,2,1,22,17,3
1857757,0,103,0,40,2,1,2,1,10,35,3
1853463,0,103,0,40,2,3,2,1,17,63,3
1866629,0,103,0,40,3,1,2,1,9,62,3
1851353,0,103,0,40,2,2,2,1,13,51,3
1862589,0,103,0,40,3,4,2,1,17,60,3
1863139,0,103,0,40,2,2,2,1,15,37,3
1866926,0,103,0,40,3,1,2,1,7,43,3
1852366,0,103,0,40,3,2,2,1,16,67,3
1862783,0,103,0,40,3,2,2,1,23,20,3
1866770,0,103,0,40,3,1,2,1,6,34,3
1854509,0,103,0,40,2,1,2,1,20,65,3
1865885,0,103,0,40,2,2,2,1,6,49,3
1861431,0,103,0,40,2,5,2,1,16,21,3
1856793,0,103,0,40,2,2,2,1,12,9,3
1866368,0,103,0,40,2,2,2,1,10,42,3
1852321,0,103,0,40,2,1,2,1,12,78,3
1852283,0,103,0,40,3,2,2,1,16,54,3
1861886,0,103,0,40,2,3,2,1,22,22,3
1864539,0,103,0,40,3,1,2,1,18,28,3
1849337,0,103,0,40,3,1,2,1,25,89,3
1861733,0,103,0,40,2,3,2,1,25,74,3
1864923,0,103,0,40,2,1,2,1,15,35,3
1860841,0,103,0,40,3,3,2,1,28,53,3
1865485,0,103,0,40,3,1,2,1,14,45,3
1859396,0,103,0,40,3,2,2,1,21,20,3
1863040,0,103,0,40,2,2,2,1,18,78,3
1865781,0,103,0,40,3,1,2,1,12,25,3
1865985,0,103,0,40,2,1,2,1,12,83,3
1866221,0,103,0,40,2,1,2,1,12,68,3
1861072,0,103,0,40,2,3,2,1,29,63,3
1855544,0,103,0,40,3,2,2,1,26,25,3
1862181,0,103,0,40,3,3,2,1,20,39,3
1854607,0,103,0,40,3,3,2,1,15,39,3
1866226,0,103,0,40,3,1,2,1,10,106,3
1858675,0,103,0,40,2,1,2,1,12,30,3
1865206,0,103,0,40,2,2,2,1,10,27,3
1864726,0,103,0,40,2,2,2,1,13,65,3
1862000,0,103,0,40,2,3,2,1,26,26,3
1857469,0,103,0,40,2,2,2,1,23,47,3
1859913,0,103,0,40,2,2,2,1,11,33,3
1863044,0,103,0,40,2,3,2,1,14,43,3
1865238,0,103,0,40,2,2,2,1,10,26,3
1863542,0,103,0,40,3,2,2,1,21,43,3
1867345,0,103,0,40,3,1,2,1,8,43,3
1851829,0,103,0,40,2,4,2,1,28,27,3
1856025,0,103,0,40,3,4,2,1,38,42,3
1852349,0,103,0,40,2,2,2,1,17,48,3
1863909,0,103,0,40,2,3,2,1,13,45,3
1853505,0,103,0,40,3,3,2,1,12,48,3
1863954,0,103,0,40,3,3,2,1,16,25,3
1849998,0,103,0,40,3,4,2,1,17,40,3
1867519,0,103,0,40,2,1,2,1,7,27,3
1849523,0,103,0,40,2,1,2,1,22,51,3
1849951,0,103,0,40,3,2,2,1,13,24,3
1857623,0,103,0,40,2,2,2,1,11,43,3
1864453,0,103,0,40,3,2,2,1,16,38,3
1864660,0,103,0,40,2,3,2,1,9,30,3
1867392,0,103,0,40,3,1,2,1,6,40,3
1867716,0,103,0,40,2,1,2,1,6,55,3
1847880,0,103,0,40,3,2,2,1,22,12,3
1864956,0,103,0,40,2,2,2,1,9,44,3
1855712,0,103,0,40,2,4,2,1,27,19,3
1857041,0,103,0,40,3,2,2,1,11,12,3
1857431,0,103,0,40,3,3,2,1,12,33,3
1848011,0,103,0,40,3,6,2,1,30,69,3
1867929,0,103,0,40,2,1,2,1,5,59,3
1868064,0,103,0,40,2,1,2,1,5,98,3
1850149,0,103,0,40,3,1,2,1,11,94,3
1861955,0,103,0,40,3,2,2,1,29,38,3
1862864,0,103,0,40,2,1,2,1,25,75,3
1864113,0,103,0,40,3,1,2,1,20,31,3
1853312,0,103,0,40,3,1,2,1,23,31,3
1861584,0,103,0,40,3,3,2,1,27,37,3
1865391,0,103,0,40,3,1,2,1,16,49,3
1849280,0,103,0,40,2,5,2,1,37,30,3
1865541,0,103,0,40,2,1,2,1,15,55,3
1862119,0,103,0,40,3,2,2,1,27,27,3
1859511,0,103,0,40,2,1,2,1,16,8,3
1848758,0,103,0,40,3,2,2,1,22,46,3
1850711,0,103,0,40,3,3,2,1,27,56,3
1861829,0,103,0,40,2,3,2,1,22,46,3
1864797,0,103,0,40,2,2,2,1,13,13,3
1862826,0,103,0,40,2,3,2,1,18,46,3
1851095,0,103,0,40,2,6,2,1,42,26,3
1855214,0,103,0,40,3,1,2,1,22,22,3
1863371,0,103,0,40,3,2,2,1,18,44,3
1866190,0,103,0,40,2,1,2,1,10,32,3
1866784,0,103,0,40,3,1,2,1,10,39,3
1866963,0,103,0,40,3,1,2,1,10,32,3
1848848,0,103,0,40,3,2,2,1,10,14,3
1864694,0,103,0,40,2,2,2,1,12,55,3
1865185,0,103,0,40,2,2,2,1,10,34,3
1861200,0,103,0,40,2,4,2,1,23,99,3
1861904,0,103,0,40,2,3,2,1,29,20,3
1867309,0,103,0,40,2,1,2,1,9,27,3
1852899,0,103,0,40,2,3,2,1,21,20,3
1860184,0,103,0,40,3,4,2,1,29,33,3
1860763,0,103,0,40,2,4,2,1,17,36,3
1862532,0,103,0,40,3,3,2,1,25,102,3
1867192,0,103,0,40,3,1,2,1,8,14,3
1867665,0,103,0,40,3,1,2,1,8,41,3
1849829,0,103,0,40,3,1,2,1,10,69,3
1855212,0,103,0,40,2,1,2,1,15,54,3
1848079,0,103,0,40,3,4,2,1,18,35,3
1865848,0,103,0,40,2,2,2,1,8,48,3
1859931,0,103,0,40,3,5,2,1,31,32,3
1866735,0,103,0,40,3,2,2,1,9,55,3
1867355,0,103,0,40,2,2,2,1,8,36,3
1867444,0,103,0,40,2,1,2,1,7,36,3
1867778,0,103,0,40,3,1,2,1,7,38,3
1848094,0,103,0,40,2,2,2,1,12,32,3
1856585,0,103,0,40,3,1,2,1,15,64,3
1859544,0,103,0,40,2,7,2,1,28,24,3
1860618,0,103,0,40,3,2,2,1,13,59,3
1863464,0,103,0,40,2,3,2,1,16,29,3
1847858,0,103,0,40,3,2,2,1,30,24,3
1866122,0,103,0,40,3,2,2,1,8,42,3
1853787,0,103,0,40,2,3,2,1,25,36,3
1866812,0,103,0,40,2,1,2,1,6,74,3
1867977,0,103,0,40,3,1,2,1,6,27,3
1849745,0,103,0,40,3,1,2,1,7,60,3
1860045,0,103,0,40,2,4,2,1,27,17,3
1860707,0,103,0,40,2,5,2,1,15,24,3
1865993,0,103,0,40,2,2,2,1,7,71,3
1857151,0,103,0,40,2,2,2,1,11,32,3
1863481,0,103,0,40,3,3,2,1,15,38,3
1863246,0,103,0,40,3,4,2,1,18,41,3
1868027,0,103,0,40,2,1,2,1,5,44,3
1868367,0,103,0,40,3,1,2,1,5,10,3
1851660,0,103,0,40,2,4,2,1,21,30,3
1847804,0,103,0,40,3,6,2,1,40,60,3
1853895,0,103,0,40,3,2,2,1,30,90,3
1863386,0,103,0,40,3,1,2,1,25,46,3
1848304,0,103,0,40,2,1,2,1,28,21,3
1861877,0,103,0,40,2,2,2,1,25,33,3
1860917,0,103,0,40,2,3,2,1,32,32,3
1864574,0,103,0,40,2,1,2,1,19,55,3
1856487,0,103,0,40,3,1,2,1,29,25,3
1864732,0,103,0,40,3,1,2,1,18,47,3
1862963,0,103,0,40,3,3,2,1,22,50,3
1855498,0,103,0,40,2,2,2,1,41,12,3
1865828,0,103,0,40,2,1,2,1,15,23,3
1856012,0,103,0,40,3,3,2,1,26,43,3
1857462,1,103,96,21.3391,3,2,2,1,21,41,3
1861599,0,103,0,40,3,3,2,1,23,35,3
1862473,0,103,0,40,2,4,2,1,22,14,3
1865739,0,103,0,40,2,1,2,1,13,32,3
1852696,0,103,0,40,2,1,2,1,13,102,3
1848291,0,103,0,40,2,3,2,1,18,50,3
1865293,0,103,0,40,2,2,2,1,14,32,3
1863172,0,103,0,40,2,3,2,1,16,58,3
1865883,0,103,0,40,3,1,2,1,12,49,3
1863502,0,103,0,40,2,2,2,1,18,38,3
1854884,0,103,0,40,2,2,2,1,14,59,3
1864875,0,103,0,40,2,2,2,1,14,49,3
1866511,0,103,0,40,2,1,2,1,11,70,3
1866897,0,103,0,40,2,1,2,1,11,66,3
1867003,0,103,0,40,3,1,2,1,11,17,3
1851900,0,103,0,40,3,1,2,1,22,27,3
1857336,0,103,0,40,2,3,2,1,20,31,3
1862320,0,103,0,40,3,3,2,1,19,9,3
1860395,0,103,0,40,3,6,2,1,26,62,3
1866427,0,103,0,40,3,1,2,1,10,75,3
1867125,0,103,0,40,2,1,2,1,10,90,3
1849028,0,103,0,40,3,1,2,1,11,46,3
1861561,0,103,0,40,2,4,2,1,15,18,3
1848261,0,103,0,40,3,4,2,1,20,36,3
1862366,0,103,0,40,2,2,2,1,23,32,3
1860125,0,103,0,40,2,3,2,1,24,40,3
1865172,0,103,0,40,3,2,2,1,16,20,3
1864909,0,103,0,40,2,3,2,1,12,43,3
1866800,0,103,0,40,2,1,2,1,9,38,3
1867148,0,103,0,40,2,1,2,1,9,57,3
1867427,0,103,0,40,3,1,2,1,9,30,3
1853013,0,103,0,40,2,1,2,1,12,20,3
1856168,0,103,0,40,2,1,2,1,15,21,3
1853971,0,103,0,40,2,2,2,1,31,23,3
1864327,0,103,0,40,3,2,2,1,13,49,3
1863858,0,103,0,40,3,2,2,1,17,10,3
1862998,0,103,0,40,3,4,2,1,18,47,3
1867669,0,103,0,40,3,2,2,1,9,88,3
1867342,0,103,0,40,2,1,2,1,8,32,3
1867790,0,103,0,40,3,1,2,1,8,31,3
1867958,0,103,0,40,3,1,2,1,8,83,3
1849645,0,103,0,40,3,1,2,1,12,25,3
1853153,0,103,0,40,3,1,2,1,12,42,3
1857301,0,103,0,40,3,1,2,1,10,27,3
1856723,0,103,0,40,2,1,2,1,24,24,3
1855816,0,103,0,40,2,3,2,1,70,36,3
1864772,0,103,0,40,2,2,2,1,8,36,3
1848542,0,103,0,40,3,3,2,1,18,66,3
1865487,0,103,0,40,2,3,2,1,9,44,3
1862881,0,103,0,40,3,3,2,1,17,17,3
1857393,0,103,0,40,3,2,2,1,10,80,3
1853868,0,103,0,40,2,10,2,1,59,25,3
1866570,0,103,0,40,3,1,2,1,7,51,3
1867414,0,103,0,40,3,1,2,1,7,36,3
1867933,0,103,0,40,2,1,2,1,7,47,3
1868086,0,103,0,40,3,1,2,1,7,62,3
1849210,0,103,0,40,2,1,2,1,16,29,3
1854875,0,103,0,40,2,2,2,1,19,62,3
1853118,0,103,0,40,2,3,2,1,15,16,3
1863312,0,103,0,40,2,2,2,1,15,29,3
1860012,0,103,0,40,2,4,2,1,26,68,3
1864800,0,103,0,40,3,3,2,1,8,35,3
1865478,0,103,0,40,3,2,2,1,7,54,3
1863857,0,103,0,40,3,3,2,1,15,63,3
1859533,0,103,0,40,2,2,2,1,12,79,3
1850542,0,103,0,40,2,3,2,1,21,54,3
1850891,0,103,0,40,3,5,2,1,19,34,3
1866377,0,103,0,40,2,2,2,1,9,70,3
1855970,0,103,0,40,3,2,2,1,13,25,3
1858813,0,103,0,40,3,7,2,1,32,25,3
1866668,0,103,0,40,3,2,2,1,9,42,3
1868351,0,103,0,40,3,1,2,1,6,19,3
1868421,0,103,0,40,3,1,2,1,6,84,3
1849161,0,103,0,40,2,1,2,1,11,67,3
1853775,0,103,0,40,3,1,2,1,10,29,3
1852045,0,103,0,40,2,2,2,1,11,32,3
1850383,0,103,0,40,3,2,2,1,25,38,3
1850761,0,103,0,40,3,3,2,1,32,35,3
1864375,0,103,0,40,3,3,2,1,10,25,3
1859563,0,103,0,40,2,5,2,1,31,29,3
1866580,0,103,0,40,3,2,2,1,6,58,3
1860950,0,103,0,40,3,3,2,1,29,18,3
1864600,0,103,0,40,3,2,2,1,13,59,3
1864957,0,103,0,40,2,3,2,1,13,54,3
1865906,0,103,0,40,2,2,2,1,12,51,3
1866315,0,103,0,40,2,2,2,1,7,38,3
1866399,0,103,0,40,2,2,2,1,9,11,3
1848000,0,103,0,40,3,4,2,1,17,34,3
1858022,0,103,0,40,2,3,2,1,11,27,3
1867642,0,103,0,40,2,1,2,1,5,57,3
1868013,0,103,0,40,2,1,2,1,5,45,3
1868277,0,103,0,40,2,1,2,1,5,40,3
1868736,0,103,0,40,2,1,2,1,5,29,3
1868828,0,103,0,40,3,1,2,1,5,62,3
1868916,0,103,0,40,3,1,2,1,5,35,3
1848071,0,103,0,40,3,1,2,1,5,78,3
1856746,0,103,0,40,2,1,2,1,9,42,3
1851578,0,103,0,40,3,1,2,1,12,51,3
1849967,0,103,0,40,3,2,2,1,13,55,3
1853760,0,103,0,40,3,3,2,1,12,95,3
1859007,0,103,0,40,3,1,2,1,10,55,3
1863580,0,103,0,40,3,1,2,1,23,36,3
1862590,0,103,0,40,2,2,2,1,27,33,3
1864774,0,103,0,40,2,1,2,1,20,29,3
1863689,0,103,0,40,3,2,2,1,21,86,3
1848222,0,103,0,40,2,2,2,1,37,37,3
1862683,0,103,0,40,2,2,2,1,24,34,3
1849277,0,103,0,40,3,3,2,1,28,46,3
1865308,0,103,0,40,2,1,2,1,17,45,3
1860518,0,103,0,40,2,4,2,1,27,54,3
1863211,0,103,0,40,2,3,2,1,18,102,3
1859459,0,103,0,40,3,3,2,1,40,76,3
1862090,0,103,0,40,2,2,2,1,30,70,3
1866107,0,103,0,40,3,1,2,1,15,63,3
1864288,0,103,0,40,3,2,2,1,17,15,3
1863655,0,103,0,40,3,3,2,1,19,121,3
1854038,0,103,0,40,2,1,2,1,34,20,3
1848213,0,103,0,40,2,1,2,1,24,40,3
1862471,0,103,0,40,2,3,2,1,23,42,3
1861971,0,103,0,40,2,3,2,1,26,76,3
1862695,0,103,0,40,2,2,2,1,28,35,3
1866655,0,103,0,40,3,1,2,1,13,50,3
1862434,0,103,0,40,3,3,2,1,19,33,3
1863678,0,103,0,40,2,3,2,1,18,35,3
1866279,0,103,0,40,3,1,2,1,12,59,3
1866792,0,103,0,40,2,1,2,1,12,43,3
1851635,0,103,0,40,2,1,2,1,22,72,3
1851662,0,103,0,40,2,3,2,1,23,89,3
1865435,0,103,0,40,3,2,2,1,13,33,3
1861674,0,103,0,40,2,2,2,1,31,62,3
1865661,0,103,0,40,3,2,2,1,14,88,3
1866267,0,103,0,40,2,1,2,1,11,41,3
1866870,0,103,0,40,2,1,2,1,11,44,3
1867022,0,103,0,40,2,1,2,1,11,75,3
1867209,1,103,97,36.0606,2,1,2,1,11,57,3
1850887,0,103,0,40,3,1,2,1,21,22,3
1850962,0,103,0,40,3,2,2,1,25,38,3
1862665,0,103,0,40,2,3,2,1,16,32,3
1863923,0,103,0,40,2,2,2,1,21,86,3
1862069,0,103,0,40,2,3,2,1,21,20,3
1863843,0,103,0,40,2,3,2,1,18,22,3
1865699,0,103,0,40,3,2,2,1,12,17,3
1866002,0,103,0,40,3,2,2,1,13,32,3
1848840,0,103,0,40,2,1,2,1,17,38,3
1852486,0,103,0,40,3,1,2,1,16,36,3
1865533,0,103,0,40,3,2,2,1,11,21,3
1861573,0,103,0,40,3,4,2,1,23,67,3
1856299,0,103,0,40,2,2,2,1,25,57,3
1862982,0,103,0,40,3,4,2,1,15,26,3
1861226,0,103,0,40,2,3,2,1,27,62,3
1865779,0,103,0,40,2,2,2,1,13,13,3
1866586,0,103,0,40,2,1,2,1,9,53,3
1867942,0,103,0,40,3,1,2,1,9,19,3
1852199,0,103,0,40,3,1,2,1,12,56,3
1857989,0,103,0,40,2,1,2,1,9,52,3
1860905,0,103,0,40,2,1,2,1,10,31,3
1863908,0,103,0,40,2,2,2,1,14,44,3
1865334,0,103,0,40,2,2,2,1,9,31,3
1863616,0,103,0,40,2,3,2,1,14,13,3
1866117,0,103,0,40,2,2,2,1,10,62,3
1860280,1,103,97,24.4819,3,2,2,1,40,50,3
1857167,0,103,0,40,2,3,2,1,25,34,3
1859409,0,103,0,40,3,3,2,1,19,45,3
1849105,0,103,0,40,2,2,2,1,20,31,3
1867390,0,103,0,40,3,1,2,1,8,34,3
1867462,0,103,0,40,2,1,2,1,8,20,3
1867654,0,103,0,40,2,1,2,1,8,28,3
1868168,0,103,0,40,3,1,2,1,8,10,3
1868278,0,103,0,40,2,1,2,1,8,28,3
1862448,0,103,0,40,2,3,2,1,18,44,3
1862727,0,103,0,40,3,4,2,1,13,47,3
1865403,0,103,0,40,2,2,2,1,11,33,3
1864068,0,103,0,40,3,3,2,1,12,18,3
1852863,0,103,0,40,2,2,2,1,14,39,3
1856091,0,103,0,40,2,3,2,1,18,70,3
1865139,0,103,0,40,2,2,2,1,14,33,3
1861781,0,103,0,40,3,4,2,1,25,47,3
1866487,0,103,0,40,2,2,2,1,9,29,3
1864423,0,103,0,40,2,2,2,1,18,23,3
1861019,0,103,0,40,2,5,2,1,19,30,3
1867891,0,103,0,40,3,1,2,1,7,66,3
1868159,0,103,0,40,2,1,2,1,7,74,3
1868179,0,103,0,40,3,1,2,1,7,45,3
1868343,0,103,0,40,2,1,2,1,7,27,3
1850173,0,103,0,40,3,1,2,1,18,57,3
1856296,0,103,0,40,2,2,2,1,23,55,3
1851817,0,103,0,40,3,2,2,1,14,66,3
1863319,0,103,0,40,3,2,2,1,15,55,3
1862334,0,103,0,40,3,5,2,1,11,68,3
1863275,0,103,0,40,3,2,2,1,22,17,3
1861562,0,103,0,40,2,4,2,1,23,43,3
1866051,0,103,0,40,3,2,2,1,10,32,3
1861534,0,103,0,40,3,3,2,1,28,65,3
1861920,0,103,0,40,2,4,2,1,26,48,3
1863223,0,103,0,40,2,3,2,1,18,28,3
1867090,0,103,0,40,2,2,2,1,7,50,3
1863070,0,103,0,40,3,4,2,1,18,46,3
1862031,0,103,0,40,3,4,2,1,22,60,3
1865872,0,103,0,40,2,3,2,1,11,24,3
1866102,0,103,0,40,2,2,2,1,10,55,3
1867567,0,103,0,40,3,2,2,1,10,13,3
1868053,0,103,0,40,3,1,2,1,6,54,3
1868628,0,103,0,40,2,1,2,1,6,49,3
1868722,0,103,0,40,2,1,2,1,6,46,3
1855414,0,103,0,40,3,2,2,1,10,43,3
1851272,0,103,0,40,2,2,2,1,12,35,3
1848702,0,103,0,40,3,2,2,1,17,42,3
1858773,0,103,0,40,2,2,2,1,11,75,3
1853822,0,103,0,40,3,2,2,1,21,36,3
1850634,0,103,0,40,3,3,2,1,17,16,3
1866179,0,103,0,40,3,2,2,1,9,31,3
1861559,0,103,0,40,2,3,2,1,28,37,3
1858161,0,103,0,40,3,3,2,1,15,61,3
1862704,0,103,0,40,3,3,2,1,23,41,3
1866156,0,103,0,40,3,2,2,1,10,89,3
1862662,0,103,0,40,2,4,2,1,13,43,3
1858925,0,103,0,40,2,2,2,1,7,38,3
1866088,0,103,0,40,2,2,2,1,11,93,3
1863410,0,103,0,40,3,3,2,1,14,69,3
1866544,0,103,0,40,3,2,2,1,10,29,3
1858960,0,103,0,40,2,5,2,1,43,23,3
1857851,0,103,0,40,2,3,2,1,21,48,3
1867530,0,103,0,40,3,1,2,1,5,57,3
1868105,0,103,0,40,2,1,2,1,5,42,3
1868600,0,103,0,40,2,1,2,1,5,102,3
1869171,0,103,0,40,2,1,2,1,5,30,3
1869205,0,103,0,40,2,1,2,1,5,90,3
1855146,0,103,0,40,3,1,2,1,10,28,3
1857635,0,103,0,40,2,1,2,1,11,28,3
1852558,0,103,0,40,2,2,2,1,19,50,3
1862004,1,103,98,31.9244,2,1,2,1,34,57,3
1864234,0,103,0,40,3,1,2,1,24,26,3
1863231,0,103,0,40,3,2,2,1,27,43,3
1864824,0,103,0,40,3,1,2,1,21,51,3
1862586,0,103,0,40,3,3,2,1,26,14,3
1865153,0,103,0,40,2,1,2,1,18,25,3
1860400,0,103,0,40,2,4,2,1,23,44,3
1861187,0,103,0,40,3,4,2,1,26,33,3
1864549,0,103,0,40,2,2,2,1,18,29,3
1865772,0,103,0,40,3,1,2,1,17,15,3
1849510,0,103,0,40,2,2,2,1,23,22,3
1860430,0,103,0,40,3,3,2,1,31,63,3
1863262,0,103,0,40,2,4,2,1,21,15,3
1864368,0,103,0,40,2,2,2,1,16,35,3
1864663,0,103,0,40,3,2,2,1,17,53,3
1859142,0,103,0,40,2,3,2,1,23,14,3
1865100,0,103,0,40,2,2,2,1,19,18,3
1851523,0,103,0,40,3,1,2,1,26,28,3
1851010,0,103,0,40,2,2,2,1,20,38,3
1861245,0,103,0,40,2,3,2,1,29,110,3
1863273,0,103,0,40,3,2,2,1,24,40,3
1866815,0,103,0,40,2,1,2,1,13,80,3
1867033,0,103,0,40,3,1,2,1,13,42,3
1850534,0,103,0,40,2,1,2,1,19,27,3
1857412,0,103,0,40,3,2,2,1,21,38,3
1865046,0,103,0,40,2,2,2,1,16,51,3
1866834,0,103,0,40,3,1,2,1,12,40,3
1856423,0,103,0,40,3,1,2,1,13,46,3
1848571,0,103,0,40,2,1,2,1,23,26,3
1863918,0,103,0,40,3,2,2,1,17,76,3
1865594,0,103,0,40,2,2,2,1,12,53,3
1858933,0,103,0,40,3,2,2,1,28,13,3
1863797,0,103,0,40,3,3,2,1,20,66,3
1866880,0,103,0,40,2,1,2,1,11,15,3
1867016,0,103,0,40,2,1,2,1,11,39,3
1867525,0,103,0,40,3,1,2,1,11,33,3
1851843,0,103,0,40,2,2,2,1,15,42,3
1857425,0,103,0,40,3,3,2,1,50,24,3
1865077,0,103,0,40,3,2,2,1,12,47,3
1855345,0,103,0,40,3,2,2,1,16,29,3
1857630,0,103,0,40,3,3,2,1,28,25,3
1860844,0,103,0,40,3,5,2,1,28,30,3
1861331,0,103,0,40,3,4,2,1,27,62,3
1865021,0,103,0,40,3,2,2,1,12,92,3
1867350,0,103,0,40,3,1,2,1,10,43,3
1867528,0,103,0,40,3,1,2,1,10,39,3
1867656,0,103,0,40,2,1,2,1,10,22,3
1867746,0,103,0,40,2,1,2,1,10,44,3
1867878,0,103,0,40,3,1,2,1,10,32,3
1854892,0,103,0,40,3,1,2,1,14,30,3
1852079,0,103,0,40,2,1,2,1,21,52,3
1848967,0,103,0,40,2,3,2,1,30,84,3
1851726,0,103,0,40,3,2,2,1,16,44,3
1864629,0,103,0,40,2,2,2,1,18,22,3
1866480,0,103,0,40,3,2,2,1,13,17,3
1864137,0,103,0,40,2,3,2,1,16,13,3
1848484,0,103,0,40,3,3,2,1,20,30,3
1867638,0,103,0,40,3,1,2,1,9,10,3
1868268,0,103,0,40,3,1,2,1,9,34,3
1856387,0,103,0,40,2,1,2,1,13,29,3
1866192,0,103,0,40,3,2,2,1,9,79,3
1848126,0,103,0,40,2,2,2,1,17,61,3
1864483,0,103,0,40,2,2,2,1,17,16,3
1848937,0,103,0,40,2,2,2,1,16,28,3
1861499,0,103,0,40,2,4,2,1,28,32,3
1867410,0,103,0,40,2,1,2,1,8,35,3
1867827,0,103,0,40,3,1,2,1,8,22,3
1868329,0,103,0,40,3,1,2,1,8,118,3
1868447,0,103,0,40,2,1,2,1,8,47,3
1868477,0,103,0,40,2,1,2,1,8,39,3
1849457,0,103,0,40,2,1,2,1,8,30,3
1854336,0,103,0,40,3,1,2,1,10,26,3
1853891,0,103,0,40,2,4,2,1,31,65,3
1859796,0,103,0,40,2,4,2,1,29,44,3
1865556,0,103,0,40,2,2,2,1,12,68,3
1861727,0,103,0,40,2,5,2,1,23,68,3
1860349,0,103,0,40,2,4,2,1,13,76,3
1851668,0,103,0,40,3,2,2,1,25,72,3
1866446,0,103,0,40,2,2,2,1,12,22,3
1866115,0,103,0,40,2,2,2,1,14,22,3
1867265,0,103,0,40,2,2,2,1,10,46,3
1868109,0,103,0,40,3,1,2,1,7,61,3
1868454,0,103,0,40,3,1,2,1,7,20,3
1868602,0,103,0,40,2,1,2,1,7,13,3
1868854,0,103,0,40,2,1,2,1,7,12,3
1868898,0,103,0,40,3,1,2,1,7,55,3
1848833,0,103,0,40,3,1,2,1,9,49,3
1856344,0,103,0,40,2,1,2,1,16,83,3
1856613,0,103,0,40,3,1,2,1,26,30,3
1859841,0,103,0,40,2,1,2,1,13,27,3
1865524,0,103,0,40,3,2,2,1,8,41,3
1862058,0,103,0,40,3,3,2,1,19,40,3
1858606,0,103,0,40,2,2,2,1,12,48,3
1861383,0,103,0,40,3,5,2,1,17,53,3
1865039,0,103,0,40,2,2,2,1,15,56,3
1862303,0,103,0,40,2,5,2,1,19,38,3
1851083,0,103,0,40,2,11,2,1,61,64,3
1854072,0,103,0,40,3,3,2,1,37,26,3
1861635,0,103,0,40,2,4,2,1,25,29,3
1867919,0,103,0,40,2,1,2,1,6,58,3
1868432,0,103,0,40,3,1,2,1,6,103,3
1868949,0,103,0,40,2,1,2,1,6,81,3
1869217,0,103,0,40,3,1,2,1,6,35,3
1851384,0,103,0,40,2,1,2,1,15,57,3
1851260,0,103,0,40,3,1,2,1,13,36,3
1857608,0,103,0,40,2,2,2,1,19,18,3
1853447,0,103,0,40,2,2,2,1,15,47,3
1848933,0,103,0,40,3,1,2,1,21,51,3
1850404,0,103,0,40,2,2,2,1,24,48,3
1858531,0,103,0,40,2,1,2,1,8,60,3
1857865,0,103,0,40,3,3,2,1,10,48,3
1866753,0,103,0,40,3,2,2,1,8,23,3
1864839,0,103,0,40,3,2,2,1,13,45,3
1853785,0,103,0,40,3,2,2,1,26,51,3
1865608,0,103,0,40,3,2,2,1,13,52,3
1848710,0,103,0,40,2,4,2,1,29,45,3
1864392,0,103,0,40,3,3,2,1,17,75,3
1860780,0,103,0,40,2,4,2,1,31,18,3
1849874,0,103,0,40,2,3,2,1,13,18,3
1852797,0,103,0,40,3,2,2,1,15,18,3
1861446,0,103,0,40,2,4,2,1,19,76,3
1862500,1,103,96,24.8777,3,3,2,1,28,52,3
1868663,0,103,0,40,2,1,2,1,5,42,3
1868863,0,103,0,40,3,1,2,1,5,63,3
1869325,0,103,0,40,3,1,2,1,5,20,3
1869481,0,103,0,40,3,1,2,1,5,63,3
1855262,0,103,0,40,2,1,2,1,5,15,3
1850953,0,103,0,40,2,2,2,1,11,27,3
1857699,0,103,0,40,2,3,2,1,14,47,3
1849302,0,103,0,40,2,3,2,1,22,22,3
1858363,0,103,0,40,2,1,2,1,6,47,3
1859370,0,103,0,40,3,2,2,1,9,54,3
1862123,0,103,0,40,2,1,2,1,35,51,3
1855294,0,103,0,40,3,3,2,1,37,39,3
1848527,0,103,0,40,3,1,2,1,47,28,3
1861456,0,103,0,40,2,3,2,1,28,19,3
1851890,0,103,0,40,2,1,2,1,23,56,3
1865220,0,103,0,40,3,1,2,1,19,44,3
1860089,0,103,0,40,3,6,2,1,33,49,3
1861852,0,103,0,40,3,3,2,1,27,55,3
1865732,0,103,0,40,2,1,2,1,18,37,3
1865865,0,103,0,40,2,1,2,1,17,39,3
1862235,0,103,0,40,3,3,2,1,24,22,3
1860023,0,103,0,40,3,6,2,1,33,55,3
1866613,0,103,0,40,3,1,2,1,15,51,3
1848873,0,103,0,40,3,2,2,1,26,40,3
1866807,0,103,0,40,2,1,2,1,14,27,3
1851378,0,103,0,40,3,1,2,1,24,51,3
1849188,0,103,0,40,3,2,2,1,29,43,3
1861175,0,103,0,40,3,2,2,1,38,51,3
1863305,0,103,0,40,3,2,2,1,23,82,3
1862897,0,103,0,40,2,3,2,1,20,43,3
1857772,0,103,0,40,3,1,2,1,19,59,3
1864873,0,103,0,40,3,2,2,1,14,25,3
1864987,0,103,0,40,3,2,2,1,16,8,3
1864070,0,103,0,40,2,2,2,1,22,32,3
1866127,0,103,0,40,2,2,2,1,14,24,3
1862005,0,103,0,40,3,4,2,1,27,14,3
1867940,0,103,0,40,2,1,2,1,11,46,3
1865205,0,103,0,40,2,2,2,1,12,29,3
1861780,0,103,0,40,3,3,2,1,29,87,3
1854561,0,103,0,40,2,2,2,1,20,45,3
1866683,0,103,0,40,3,2,2,1,14,70,3
1867146,0,103,0,40,3,1,2,1,10,30,3
1867725,0,103,0,40,3,1,2,1,10,45,3
1867998,0,103,0,40,3,1,2,1,10,19,3
1868162,0,103,0,40,3,1,2,1,10,60,3
1868240,0,103,0,40,2,1,2,1,10,35,3
1853415,0,103,0,40,3,1,2,1,22,28,3
1864317,0,103,0,40,3,2,2,1,18,49,3
1865892,0,103,0,40,2,3,2,1,11,55,3
1863999,0,103,0,40,2,3,2,1,14,58,3
1868019,0,103,0,40,3,1,2,1,9,38,3
1868543,0,103,0,40,2,1,2,1,9,20,3
1858972,0,103,0,40,3,1,2,1,9,51,3
1863042,0,103,0,40,3,3,2,1,16,116,3
1860312,0,103,0,40,3,4,2,1,28,34,3
1867831,0,103,0,40,2,1,2,1,8,42,3
1868093,0,103,0,40,3,1,2,1,8,12,3
1868632,0,103,0,40,3,1,2,1,8,27,3
1868798,0,103,0,40,3,1,2,1,8,29,3
1868908,0,103,0,40,2,1,2,1,8,40,3
1857604,0,103,0,40,2,3,2,1,16,38,3
1860409,0,103,0,40,3,1,2,1,9,44,3
1864479,0,103,0,40,3,2,2,1,13,26,3
1850129,0,103,0,40,2,3,2,1,21,40,3
1866365,0,103,0,40,3,2,2,1,9,71,3
1864464,0,103,0,40,2,2,2,1,19,22,3
1863254,0,103,0,40,3,3,2,1,18,32,3
1866466,0,103,0,40,2,2,2,1,12,41,3
1867074,0,103,0,40,2,2,2,1,9,31,3
1861434,0,103,0,40,3,5,2,1,27,15,3
1858939,0,103,0,40,2,7,2,1,34,74,3
1862288,0,103,0,40,3,4,2,1,21,71,3
1865604,0,103,0,40,3,3,2,1,15,55,3
1868709,0,103,0,40,2,1,2,1,7,30,3
1869065,0,103,0,40,2,1,2,1,7,58,3
1869091,0,103,0,40,3,1,2,1,7,24,3
1850323,0,103,0,40,2,1,2,1,6,31,3
1855567,0,103,0,40,2,1,2,1,14,19,3
1852085,0,103,0,40,2,1,2,1,11,38,3
1848076,0,103,0,40,2,2,2,1,18,107,3
1858353,0,103,0,40,2,1,2,1,11,27,3
1854558,0,103,0,40,2,5,2,1,53,76,3
1860441,0,103,0,40,3,5,2,1,30,58,3
1863293,0,103,0,40,3,3,2,1,19,31,3
1849981,0,103,0,40,3,7,2,1,39,36,3
1865869,0,103,0,40,2,2,2,1,11,59,3
1865320,0,103,0,40,3,2,2,1,14,45,3
1866738,0,103,0,40,3,2,2,1,7,20,3
1863510,0,103,0,40,3,3,2,1,18,22,3
1861748,0,103,0,40,3,5,2,1,21,25,3
1863714,0,103,0,40,2,3,2,1,16,25,3
1855966,0,103,0,40,3,2,2,1,16,38,3
1861408,0,103,0,40,3,5,2,1,27,47,3
1853462,0,103,0,40,3,3,2,1,20,30,3
1861915,0,103,0,40,3,4,2,1,26,82,3
1861468,0,103,0,40,2,4,2,1,25,62,3
1860662,0,103,0,40,3,4,2,1,18,29,3
1854560,0,103,0,40,2,6,2,1,25,62,3
1867259,0,103,0,40,2,3,2,1,8,34,3
1867677,0,103,0,40,2,2,2,1,9,97,3
1869130,0,103,0,40,2,1,2,1,6,91,3
1869453,0,103,0,40,3,1,2,1,6,39,3
1850723,0,103,0,40,2,1,2,1,6,47,3
1854170,0,103,0,40,2,1,2,1,11,46,3
1856089,0,103,0,40,2,1,2,1,16,31,3
1854757,0,103,0,40,2,2,2,1,24,46,3
1850530,0,103,0,40,3,2,2,1,24,47,3
1860584,0,103,0,40,2,5,2,1,15,19,3
1861210,0,103,0,40,2,4,2,1,22,21,3
1863082,0,103,0,40,2,3,2,1,20,43,3
1865849,0,103,0,40,2,2,2,1,12,49,3
1867037,0,103,0,40,3,2,2,1,9,55,3
1863744,0,103,0,40,3,2,2,1,20,74,3
1863289,0,103,0,40,3,4,2,1,18,50,3
1850482,0,103,0,40,3,2,2,1,22,74,3
1864005,0,103,0,40,3,3,2,1,17,62,3
1866935,0,103,0,40,2,2,2,1,11,26,3
1848498,0,103,0,40,2,2,2,1,14,76,3
1862979,0,103,0,40,2,4,2,1,21,27,3
1865161,0,103,0,40,3,2,2,1,18,31,3
1857368,0,103,0,40,3,4,2,1,18,61,3
1868787,0,103,0,40,3,1,2,1,5,14,3
1869092,0,103,0,40,3,1,2,1,5,64,3
1869594,0,103,0,40,2,1,2,1,5,50,3
1869778,0,103,0,40,2,1,2,1,5,49,3
1869892,0,103,0,40,2,1,2,1,5,63,3
1854133,0,103,0,40,3,1,2,1,10,63,3
1863547,0,103,0,40,2,1,2,1,28,43,3
1856834,0,103,0,40,2,2,2,1,39,26,3
1865248,0,103,0,40,3,1,2,1,20,50,3
1865476,0,103,0,40,3,1,2,1,19,48,3
1865660,0,103,0,40,3,1,2,1,19,64,3
1849175,0,103,0,40,2,1,2,1,21,21,3
1863823,0,103,0,40,2,2,2,1,22,30,3
1863447,0,103,0,40,2,2,2,1,22,35,3
1865298,0,103,0,40,3,2,2,1,17,47,3
1866907,0,103,0,40,3,1,2,1,15,70,3
1860151,0,103,0,40,3,5,2,1,29,30,3
1860589,0,103,0,40,2,4,2,1,34,37,3
1867682,0,103,0,40,2,1,2,1,12,72,3
1857217,0,103,0,40,2,1,2,1,35,47,3
1858102,0,103,0,40,2,1,2,1,18,59,3
1860867,0,103,0,40,3,3,2,1,34,24,3
1865664,0,103,0,40,2,2,2,1,16,31,3
1867701,0,103,0,40,2,1,2,1,11,26,3
1860071,0,103,0,40,2,1,2,1,13,31,3
1865116,0,103,0,40,3,2,2,1,16,81,3
1859679,0,103,0,40,3,2,2,1,16,74,3
1861913,0,103,0,40,3,3,2,1,27,49,3
1865650,0,103,0,40,2,2,2,1,11,33,3
1867059,0,103,0,40,2,2,2,1,11,53,3
1862761,0,103,0,40,3,3,2,1,26,27,3
1867736,0,103,0,40,3,2,2,1,10,18,3
1868900,0,103,0,40,3,1,2,1,9,19,3
1857925,0,103,0,40,3,4,2,1,17,35,3
1853932,0,103,0,40,2,3,2,1,18,51,3
1855757,0,103,0,40,2,4,2,1,19,52,3
1868416,0,103,0,40,3,1,2,1,8,24,3
1869125,0,103,0,40,3,1,2,1,8,30,3
1851886,0,103,0,40,3,1,2,1,9,46,3
1857302,0,103,0,40,2,3,2,1,24,63,3
1854694,0,103,0,40,2,4,2,1,19,50,3
1862330,0,103,0,40,2,5,2,1,21,34,3
1860238,0,103,0,40,3,6,2,1,31,28,3
1866663,0,103,0,40,2,3,2,1,12,27,3
1852961,0,103,0,40,2,1,2,1,12,47,3
1856437,0,103,0,40,3,1,2,1,15,7,3
1860511,0,103,0,40,3,1,2,1,7,56,3
1864682,0,103,0,40,2,3,2,1,16,42,3
1866975,0,103,0,40,3,2,2,1,10,48,3
1857516,0,103,0,40,3,3,2,1,12,85,3
1869156,0,103,0,40,3,1,2,1,6,53,3
1869468,0,103,0,40,2,1,2,1,6,58,3
1869912,0,103,0,40,3,1,2,1,6,35,3
1857547,0,103,0,40,3,1,2,1,13,29,3
1858791,0,103,0,40,2,1,2,1,9,79,3
1860570,0,103,0,40,3,1,2,1,7,49,3
1862636,0,103,0,40,2,4,2,1,21,65,3
1868978,0,103,0,40,2,2,2,1,6,25,3
1869715,0,103,0,40,2,1,2,1,5,34,3
1847708,0,103,0,40,2,4,2,1,23,47,3
1858122,0,103,0,40,3,4,2,1,28,82,3
1857137,0,103,0,40,3,2,2,1,24,39,3
1861618,0,103,0,40,3,3,2,1,30,58,3
1857616,0,103,0,40,2,1,2,1,32,27,3
1858199,0,103,0,40,3,1,2,1,23,100,3
1859207,0,103,0,40,3,6,2,1,30,28,3
1853755,0,103,0,40,2,4,2,1,32,31,3
1869073,0,103,0,40,3,1,2,1,9,30,3
1869219,0,103,0,40,3,1,2,1,9,64,3
1856540,0,103,0,40,2,1,2,1,18,78,3
1859192,0,103,0,40,3,8,2,1,39,33,3
1869868,0,103,0,40,2,1,2,1,7,16,3
1854625,0,103,0,40,3,4,2,1,26,64,3
1863799,0,103,0,40,2,3,2,1,19,17,3
1869513,0,103,0,40,2,2,2,1,6,80,3
1870214,0,103,0,40,2,1,2,1,5,69,3
1858856,0,103,0,40,2,1,2,1,8,66,3
1868859,0,103,0,40,3,0,2,1,4,8,3
1869032,0,103,0,40,3,0,2,1,4,35,3
1869096,0,103,0,40,3,0,2,1,4,36,3
1869160,0,103,0,40,2,0,2,1,4,34,3
1869270,0,103,0,40,2,0,2,1,4,57,3
1869334,0,103,0,40,2,0,2,1,4,43,3
1869366,0,103,0,40,3,0,2,1,4,26,3
1869398,0,103,0,40,2,0,2,1,4,33,3
1869430,0,103,0,40,2,0,2,1,4,59,3
1869510,0,103,0,40,2,0,2,1,4,20,3
1869542,0,103,0,40,2,0,2,1,4,74,3
1869593,0,103,0,40,2,0,2,1,4,59,3
1869609,0,103,0,40,2,0,2,1,4,31,3
1869625,0,103,0,40,3,0,2,1,4,72,3
1869657,0,103,0,40,2,0,2,1,4,43,3
1869673,0,103,0,40,2,0,2,1,4,25,3
1869689,0,103,0,40,2,0,2,1,4,36,3
1869705,0,103,0,40,3,0,2,1,4,35,3
1869745,0,103,0,40,2,0,2,1,4,45,3
1869761,0,103,0,40,2,0,2,1,4,54,3
1869777,0,103,0,40,3,0,2,1,4,78,3
1869809,0,103,0,40,2,0,2,1,4,32,3
1869841,0,103,0,40,3,0,2,1,4,86,3
1869873,0,103,0,40,3,0,2,1,4,44,3
1869889,0,103,0,40,3,0,2,1,4,34,3
1869920,0,103,0,40,3,0,2,1,4,31,3
1869944,0,103,0,40,2,0,2,1,4,7,3
1869968,0,103,0,40,3,0,2,1,4,29,3
1869984,0,103,0,40,2,0,2,1,4,29,3
1869992,0,103,0,40,3,0,2,1,4,52,3
1870000,0,103,0,40,3,0,2,1,4,67,3
1870008,0,103,0,40,2,0,2,1,4,49,3
1870016,0,103,0,40,3,0,2,1,4,43,3
1870040,0,103,0,40,3,0,2,1,4,58,3
1870056,0,103,0,40,2,0,2,1,4,69,3
1870064,0,103,0,40,2,0,2,1,4,39,3
1870080,0,103,0,40,2,0,2,1,4,44,3
1870096,0,103,0,40,3,0,2,1,4,41,3
1870104,0,103,0,40,2,0,2,1,4,43,3
1870120,0,103,0,40,2,0,2,1,4,49,3
1870128,0,103,0,40,2,0,2,1,4,47,3
1870144,0,103,0,40,2,0,2,1,4,58,3
1870152,0,103,0,40,3,0,2,1,4,40,3
1870160,0,103,0,40,3,0,2,1,4,56,3
1870168,0,103,0,40,3,0,2,1,4,53,3
1870184,0,103,0,40,2,0,2,1,4,34,3
1870200,0,103,0,40,2,0,2,1,4,52,3
1870216,0,103,0,40,3,0,2,1,4,46,3
1870224,0,103,0,40,2,0,2,1,4,37,3
1870240,0,103,0,40,3,0,2,1,4,38,3
1870248,0,103,0,40,3,0,2,1,4,69,3
1870262,0,103,0,40,3,0,2,1,4,42,3
1870266,0,103,0,40,3,0,2,1,4,57,3
1870274,0,103,0,40,2,0,2,1,4,36,3
1870278,0,103,0,40,2,0,2,1,4,66,3
1870282,0,103,0,40,2,0,2,1,4,31,3
1870286,0,103,0,40,3,0,2,1,4,30,3
1870290,0,103,0,40,3,0,2,1,4,40,3
1870294,0,103,0,40,2,0,2,1,4,28,3
1870298,0,103,0,40,3,0,2,1,4,47,3
1870302,0,103,0,40,2,0,2,1,4,60,3
1870306,0,103,0,40,2,0,2,1,4,68,3
1870314,0,103,0,40,3,0,2,1,4,93,3
1870318,0,103,0,40,2,0,2,1,4,31,3
1870322,0,103,0,40,3,0,2,1,4,29,3
1870326,0,103,0,40,3,0,2,1,4,59,3
1870346,0,103,0,40,3,0,2,1,4,19,3
1870350,0,103,0,40,2,0,2,1,4,61,3
1870354,0,103,0,40,3,0,2,1,4,24,3
1870362,0,103,0,40,3,0,2,1,4,45,3
1870366,0,103,0,40,2,0,2,1,4,34,3
1870370,0,103,0,40,2,0,2,1,4,36,3
1870378,0,103,0,40,2,0,2,1,4,22,3
1870386,0,103,0,40,3,0,2,1,4,44,3
1870394,0,103,0,40,2,0,2,1,4,12,3
1870398,0,103,0,40,3,0,2,1,4,36,3
1870402,0,103,0,40,2,0,2,1,4,19,3
1870406,0,103,0,40,3,0,2,1,4,27,3
1870410,0,103,0,40,2,0,2,1,4,58,3
1870414,0,103,0,40,2,0,2,1,4,44,3
1870422,0,103,0,40,2,0,2,1,4,42,3
1870426,0,103,0,40,2,0,2,1,4,67,3
1870434,0,103,0,40,3,0,2,1,4,24,3
1870438,0,103,0,40,3,0,2,1,4,46,3
1870442,0,103,0,40,3,0,2,1,4,27,3
1870446,0,103,0,40,2,0,2,1,4,23,3
1870450,0,103,0,40,2,0,2,1,4,46,3
1870458,0,103,0,40,3,0,2,1,4,66,3
1870462,0,103,0,40,3,0,2,1,4,50,3
1870466,0,103,0,40,3,0,2,1,4,38,3
1870470,0,103,0,40,3,0,2,1,4,19,3
1870474,0,103,0,40,2,0,2,1,4,30,3
1870482,0,103,0,40,2,0,2,1,4,39,3
1870490,0,103,0,40,2,0,2,1,4,34,3
1870494,0,103,0,40,3,0,2,1,4,79,3
1870498,0,103,0,40,2,0,2,1,4,30,3
1870510,0,103,0,40,3,0,2,1,4,37,3
1870514,0,103,0,40,3,0,2,1,4,27,3
1870518,0,103,0,40,2,0,2,1,4,25,3
1870522,0,103,0,40,2,0,2,1,4,43,3
1870534,0,103,0,40,3,0,2,1,4,57,3
1870538,0,103,0,40,3,0,2,1,4,25,3
1870542,0,103,0,40,3,0,2,1,4,42,3
1870546,0,103,0,40,3,0,2,1,4,11,3
1870550,0,103,0,40,2,0,2,1,4,62,3
1870558,0,103,0,40,2,0,2,1,4,12,3
1870562,0,103,0,40,2,0,2,1,4,26,3
1870566,0,103,0,40,3,0,2,1,4,34,3
1870570,0,103,0,40,3,0,2,1,4,71,3
1870578,0,103,0,40,2,0,2,1,4,74,3
1870586,0,103,0,40,3,0,2,1,4,85,3
1870594,0,103,0,40,3,0,2,1,4,104,3
1870598,0,103,0,40,2,0,2,1,4,30,3
1870602,0,103,0,40,3,0,2,1,4,13,3
1870604,0,103,0,40,3,0,2,1,4,24,3
1870606,0,103,0,40,2,0,2,1,4,78,3
1870608,0,103,0,40,2,0,2,1,4,38,3
1870610,0,103,0,40,2,0,2,1,4,46,3
1870614,0,103,0,40,2,0,2,1,4,60,3
1870616,0,103,0,40,3,0,2,1,4,41,3
1870618,0,103,0,40,2,0,2,1,4,66,3
1870620,0,103,0,40,3,0,2,1,4,25,3
1870622,0,103,0,40,2,0,2,1,4,31,3
1870624,0,103,0,40,2,0,2,1,4,53,3
1870626,0,103,0,40,3,0,2,1,4,86,3
1870628,0,103,0,40,3,0,2,1,4,78,3
1870632,0,103,0,40,3,0,2,1,4,15,3
1870634,0,103,0,40,3,0,2,1,4,36,3
1870636,0,103,0,40,2,0,2,1,4,55,3
1870638,0,103,0,40,3,0,2,1,4,47,3
1870640,0,103,0,40,2,0,2,1,4,46,3
1870642,0,103,0,40,2,0,2,1,4,24,3
1870644,0,103,0,40,3,0,2,1,4,17,3
1870646,0,103,0,40,2,0,2,1,4,58,3
1870648,0,103,0,40,2,0,2,1,4,55,3
1870652,0,103,0,40,3,0,2,1,4,81,3
1870658,0,103,0,40,3,0,2,1,4,84,3
1870662,0,103,0,40,2,0,2,1,4,71,3
1870664,0,103,0,40,3,0,2,1,4,67,3
1870668,0,103,0,40,3,0,2,1,4,20,3
1870670,0,103,0,40,2,0,2,1,4,71,3
1870672,0,103,0,40,3,0,2,1,4,44,3
1870674,0,103,0,40,3,0,2,1,4,73,3
1870676,0,103,0,40,2,0,2,1,4,17,3
1870678,0,103,0,40,2,0,2,1,4,41,3
1870680,0,103,0,40,2,0,2,1,4,51,3
1870682,0,103,0,40,3,0,2,1,4,15,3
1870684,0,103,0,40,2,0,2,1,4,32,3
1870686,0,103,0,40,3,0,2,1,4,31,3
1870690,0,103,0,40,3,0,2,1,4,34,3
1870692,0,103,0,40,3,0,2,1,4,110,3
1870694,0,103,0,40,3,0,2,1,4,26,3
1870698,0,103,0,40,2,0,2,1,4,54,3
1870700,0,103,0,40,3,0,2,1,4,27,3
1870702,0,103,0,40,3,0,2,1,4,34,3
1870704,0,103,0,40,3,0,2,1,4,52,3
1870706,0,103,0,40,3,0,2,1,4,40,3
1870708,0,103,0,40,2,0,2,1,4,41,3
1870712,0,103,0,40,3,0,2,1,4,28,3
1870714,0,103,0,40,3,0,2,1,4,20,3
1870718,0,103,0,40,2,0,2,1,4,46,3
1870720,0,103,0,40,3,0,2,1,4,12,3
1870722,0,103,0,40,3,0,2,1,4,54,3
1870724,0,103,0,40,3,0,2,1,4,23,3
1870726,0,103,0,40,3,0,2,1,4,44,3
1870730,0,103,0,40,3,0,2,1,4,79,3
1870734,0,103,0,40,2,0,2,1,4,65,3
1870736,0,103,0,40,2,0,2,1,4,48,3
1870738,0,103,0,40,3,0,2,1,4,55,3
1870742,0,103,0,40,3,0,2,1,4,37,3
1870744,0,103,0,40,2,0,2,1,4,53,3
1870746,0,103,0,40,3,0,2,1,4,40,3
1870748,0,103,0,40,2,0,2,1,4,35,3
1870752,0,103,0,40,3,0,2,1,4,27,3
1870756,0,103,0,40,3,0,2,1,4,41,3
1870758,0,103,0,40,2,0,2,1,4,36,3
1870760,0,103,0,40,3,0,2,1,4,56,3
1870764,0,103,0,40,3,0,2,1,4,22,3
1870766,0,103,0,40,3,0,2,1,4,13,3
1870768,0,103,0,40,3,0,2,1,4,66,3
1870770,0,103,0,40,2,0,2,1,4,39,3
1870772,0,103,0,40,2,0,2,1,4,28,3
1870774,0,103,0,40,2,0,2,1,4,37,3
1870776,0,103,0,40,2,0,2,1,4,57,3
1870780,0,103,0,40,2,0,2,1,4,34,3
1870782,0,103,0,40,2,0,2,1,4,50,3
1870784,0,103,0,40,3,0,2,1,4,57,3
1870790,0,103,0,40,3,0,2,1,4,42,3
1870792,0,103,0,40,2,0,2,1,4,45,3
1870796,0,103,0,40,3,0,2,1,4,39,3
1870800,0,103,0,40,2,0,2,1,4,108,3
1870802,0,103,0,40,2,0,2,1,4,48,3
1870804,0,103,0,40,3,0,2,1,4,29,3
1870806,0,103,0,40,3,0,2,1,4,57,3
1870808,0,103,0,40,2,0,2,1,4,57,3
1870814,0,103,0,40,3,0,2,1,4,62,3
1870820,0,103,0,40,2,0,2,1,4,39,3
1870824,0,103,0,40,3,0,2,1,4,50,3
1870826,0,103,0,40,2,0,2,1,4,28,3
1870828,0,103,0,40,2,0,2,1,4,57,3
1870830,0,103,0,40,2,0,2,1,4,39,3
1870832,0,103,0,40,3,0,2,1,4,48,3
1870834,0,103,0,40,3,0,2,1,4,77,3
1870836,0,103,0,40,2,0,2,1,4,45,3
1870838,0,103,0,40,2,0,2,1,4,40,3
1870840,0,103,0,40,3,0,2,1,4,46,3
1870846,0,103,0,40,2,0,2,1,4,43,3
1870848,0,103,0,40,3,0,2,1,4,33,3
1870850,0,103,0,40,2,0,2,1,4,51,3
1870852,0,103,0,40,2,0,2,1,4,45,3
1870854,0,103,0,40,2,0,2,1,4,31,3
1870858,0,103,0,40,2,0,2,1,4,56,3
1870860,0,103,0,40,2,0,2,1,4,60,3
1870866,2,103,0,40,2,0,2,1,4,46,3
1870870,0,103,0,40,3,0,2,1,4,62,3
1870872,0,103,0,40,3,0,2,1,4,118,3
1870874,0,103,0,40,2,0,2,1,4,54,3
1870876,0,103,0,40,3,0,2,1,4,54,3
1870878,0,103,0,40,3,0,2,1,4,41,3
1870880,0,103,0,40,2,0,2,1,4,37,3
1870882,0,103,0,40,3,0,2,1,4,10,3
1870886,0,103,0,40,2,0,2,1,4,64,3
1870888,0,103,0,40,2,0,2,1,4,45,3
1870890,0,103,0,40,2,0,2,1,4,84,3
1870894,0,103,0,40,2,0,2,1,4,35,3
1870896,0,103,0,40,2,0,2,1,4,55,3
1870904,0,103,0,40,2,0,2,1,4,30,3
1870906,0,103,0,40,3,0,2,1,4,14,3
1870908,0,103,0,40,2,0,2,1,4,58,3
1870910,0,103,0,40,2,0,2,1,4,67,3
1870912,0,103,0,40,2,0,2,1,4,41,3
1870916,0,103,0,40,3,0,2,1,4,37,3
1870918,0,103,0,40,2,0,2,1,4,26,3
1870922,0,103,0,40,2,0,2,1,4,16,3
1870924,0,103,0,40,3,0,2,1,4,60,3
1870926,0,103,0,40,2,0,2,1,4,19,3
1870928,0,103,0,40,3,0,2,1,4,17,3
1870930,0,103,0,40,3,0,2,1,4,57,3
1870934,0,103,0,40,2,0,2,1,4,7,3
1870938,0,103,0,40,3,0,2,1,4,44,3
1870940,0,103,0,40,3,0,2,1,4,55,3
1870942,0,103,0,40,2,0,2,1,4,99,3
1870944,0,103,0,40,3,0,2,1,4,53,3
1870946,0,103,0,40,2,0,2,1,4,41,3
1870948,0,103,0,40,3,0,2,1,4,38,3
1848508,0,103,0,40,3,0,2,1,7,29,3
1848672,0,103,0,40,2,0,2,1,5,22,3
1848717,0,103,0,40,3,0,2,1,14,42,3
1849112,0,103,0,40,3,0,2,1,4,50,3
1849683,0,103,0,40,2,0,2,1,8,67,3
1849927,0,103,0,40,2,0,2,1,3,74,3
1850262,0,103,0,40,2,0,2,1,11,69,3
1850484,0,103,0,40,2,0,2,1,6,29,3
1850709,0,103,0,40,2,0,2,1,4,59,3
1850979,0,103,0,40,3,0,2,1,5,27,3
1851452,0,103,0,40,3,0,2,1,7,29,3
1851745,0,103,0,40,2,0,2,1,5,59,3
1851788,0,103,0,40,3,0,2,1,8,50,3
1851828,0,103,0,40,3,0,2,1,5,14,3
1852191,0,103,0,40,2,0,2,1,6,28,3
1852840,0,103,0,40,2,0,2,1,4,69,3
1853534,0,103,0,40,3,0,2,1,6,57,3
1853917,0,103,0,40,3,0,2,1,10,40,3
1854443,0,103,0,40,2,0,2,1,3,29,3
1854760,0,103,0,40,2,0,2,1,12,63,3
1855433,0,103,0,40,3,0,2,1,8,38,3
1855845,0,103,0,40,2,0,2,1,7,47,3
1855907,0,103,0,40,2,0,2,1,11,39,3
1856712,0,103,0,40,3,0,2,1,11,26,3
1856989,0,103,0,40,3,0,2,1,5,63,3
1857267,0,103,0,40,3,0,2,1,12,64,3
1857389,0,103,0,40,3,0,2,1,7,44,3
1857489,0,103,0,40,2,0,2,1,6,16,3
1857621,0,103,0,40,2,0,2,1,5,11,3
1857689,0,103,0,40,2,0,2,1,5,47,3
1848900,0,103,0,40,2,0,2,1,4,70,3
1849269,0,103,0,40,3,0,2,1,20,50,3
1850374,0,103,0,40,2,0,2,1,6,50,3
1851245,0,103,0,40,3,0,2,1,9,82,3
1851325,0,103,0,40,2,0,2,1,8,51,3
1851978,0,103,0,40,2,0,2,1,7,44,3
1852316,0,103,0,40,2,0,2,1,7,48,3
1852697,0,103,0,40,2,0,2,1,12,40,3
1853944,0,103,0,40,2,0,2,1,5,39,3
1854200,0,103,0,40,2,0,2,1,19,48,3
1854440,0,103,0,40,2,0,2,1,10,65,3
1854633,0,103,0,40,3,0,2,1,6,29,3
1854893,0,103,0,40,3,0,2,1,7,47,3
1855533,0,103,0,40,2,0,2,1,10,36,3
1856148,0,103,0,40,2,0,2,1,5,59,3
1856361,0,103,0,40,3,0,2,1,11,54,3
1856469,0,103,0,40,2,0,2,1,14,36,3
1856602,0,103,0,40,2,0,2,1,7,34,3
1856870,0,103,0,40,3,0,2,1,6,29,3
1857525,0,103,0,40,2,0,2,1,7,46,3
1850216,0,103,0,40,3,1,2,1,19,21,3
1848524,0,103,0,40,2,0,2,1,5,33,3
1848680,0,103,0,40,2,0,2,1,12,45,3
1849495,0,103,0,40,2,0,2,1,10,23,3
1850514,0,103,0,40,2,0,2,1,15,36,3
1851001,0,103,0,40,2,0,2,1,6,22,3
1851134,0,103,0,40,2,0,2,1,5,34,3
1851264,0,103,0,40,3,0,2,1,14,67,3
1851701,0,103,0,40,3,0,2,1,7,77,3
1852254,0,103,0,40,2,0,2,1,9,33,3
1854357,0,103,0,40,2,0,2,1,6,21,3
1855160,0,103,0,40,3,0,2,1,5,145,3
1857544,0,103,0,40,2,0,2,1,14,65,3
1856950,0,103,0,40,2,1,2,1,6,12,3
1849075,0,103,0,40,3,0,2,1,8,9,3
1849584,0,103,0,40,3,0,2,1,7,37,3
1851284,0,103,0,40,2,0,2,1,13,55,3
1851641,0,103,0,40,2,0,2,1,14,37,3
1851926,0,103,0,40,3,0,2,1,7,68,3
1852207,0,103,0,40,2,0,2,1,10,35,3
1853004,0,103,0,40,2,0,2,1,12,56,3
1853293,0,103,0,40,3,0,2,1,11,43,3
1855989,0,103,0,40,2,0,2,1,14,25,3
1856295,0,103,0,40,3,0,2,1,9,19,3
1857190,0,103,0,40,2,0,2,1,11,53,3
1857427,0,103,0,40,2,0,2,1,20,56,3
1853034,0,103,0,40,3,1,2,1,9,53,3
1847983,0,103,0,40,2,0,2,1,21,45,3
1849553,0,103,0,40,2,0,2,1,20,36,3
1849884,0,103,0,40,2,0,2,1,11,29,3
1850041,0,103,0,40,3,0,2,1,10,49,3
1850239,0,103,0,40,3,0,2,1,15,35,3
1850708,0,103,0,40,2,0,2,1,28,25,3
1852675,0,103,0,40,3,0,2,1,17,43,3
1852975,0,103,0,40,3,0,2,1,14,48,3
1853106,0,103,0,40,2,0,2,1,14,80,3
1853205,0,103,0,40,3,0,2,1,15,29,3
1853379,0,103,0,40,2,0,2,1,7,30,3
1855030,0,103,0,40,2,0,2,1,13,60,3
1855283,0,103,0,40,2,0,2,1,9,28,3
1857340,0,103,0,40,3,0,2,1,20,26,3
1852113,0,103,0,40,3,1,2,1,10,53,3
1857441,0,103,0,40,3,1,2,1,14,16,3
1855407,0,103,0,40,3,1,2,1,14,29,3
1849215,0,103,0,40,3,1,2,1,9,42,3
1847926,0,103,0,40,2,0,2,1,14,34,3
1848968,0,103,0,40,3,0,2,1,18,43,3
1849991,0,103,0,40,3,0,2,1,30,92,3
1852462,0,103,0,40,3,0,2,1,16,42,3
1847738,0,103,0,40,3,1,2,1,19,39,3
1848601,0,103,0,40,3,1,2,1,15,40,3
1850977,0,103,0,40,3,1,2,1,5,12,3
1853363,0,103,0,40,3,1,2,1,11,58,3
1856194,0,103,0,40,2,1,2,1,5,46,3
1851253,0,103,0,40,3,1,2,1,8,27,3
1848521,0,103,0,40,2,0,2,1,13,7,3
1848810,0,103,0,40,2,0,2,1,13,25,3
1849263,0,103,0,40,2,0,2,1,13,31,3
1849816,0,103,0,40,2,0,2,1,15,45,3
1853246,0,103,0,40,2,0,2,1,14,30,3
1857599,1,103,0,40,3,0,2,1,10,44,3
1852564,0,103,0,40,2,1,2,1,12,20,3
1851370,0,103,0,40,2,1,2,1,14,30,3
1852255,0,103,0,40,3,1,2,1,14,24,3
1851488,0,103,0,40,3,0,2,1,12,31,3
1854739,0,103,0,40,3,1,2,1,6,42,3
1851904,0,103,0,40,2,1,2,1,12,51,3
1855432,0,103,0,40,3,1,2,1,8,22,3
1853705,0,103,0,40,2,0,2,1,15,57,3
1853777,0,103,0,40,3,1,2,1,10,47,3
1856189,0,103,0,40,2,1,2,1,14,24,3
1855236,0,103,0,40,2,1,2,1,8,20,3
1847819,0,103,0,40,2,1,2,1,7,26,3
1851104,0,103,0,40,3,1,2,1,12,29,3
1855955,0,103,0,40,2,1,2,1,12,92,3
1851779,0,103,0,40,3,1,2,1,7,26,3
1851070,0,103,0,40,3,0,2,1,17,62,3
1855113,0,103,0,40,3,0,2,1,16,31,3
1848436,0,103,0,40,2,0,2,1,20,28,3
1856220,0,103,0,40,3,0,2,1,22,77,3
1848058,0,103,0,40,2,1,2,1,12,26,3
1849246,0,103,0,40,3,1,2,1,21,52,3
1850292,0,103,0,40,2,1,2,1,18,89,3
1857739,0,103,0,40,2,0,2,1,5,50,3
1855660,0,103,0,40,2,1,2,1,6,35,3
1856058,0,103,0,40,2,1,2,1,14,27,3
1854463,0,103,0,40,3,2,2,1,9,35,3
1857401,0,103,0,40,2,1,2,1,23,54,3
1854629,0,103,0,40,2,1,2,1,18,65,3
1854092,0,103,0,40,2,2,2,1,7,25,3
1849505,0,103,0,40,3,1,2,1,15,35,3
1855348,0,103,0,40,2,2,2,1,13,77,3
1849485,0,103,0,40,3,1,2,1,14,23,3
1853580,0,103,0,40,2,1,2,1,20,42,3
1850015,0,103,0,40,2,1,2,1,17,59,3
1847963,0,103,0,40,2,2,2,1,16,38,3
1857559,0,103,0,40,2,2,2,1,24,45,3
1849684,0,103,0,40,2,1,2,1,30,21,3
1855784,0,103,0,40,2,1,2,1,15,55,3
1853365,0,103,0,40,2,1,2,1,15,80,3
1857756,0,103,0,40,3,0,2,1,5,42,3
1849825,0,103,0,40,2,1,2,1,17,37,3
1856936,0,103,0,40,2,1,2,1,25,38,3
1849905,0,103,0,40,3,1,2,1,15,53,3
1851453,0,103,0,40,3,2,2,1,14,49,3
1852209,0,103,0,40,2,2,2,1,16,30,3
1851845,0,103,0,40,3,2,2,1,27,30,3
1849255,0,103,0,40,3,1,2,1,20,4,3
1857777,0,103,0,40,2,0,2,1,5,65,3
1855206,0,103,0,40,2,1,2,1,27,32,3
1851905,0,103,0,40,2,0,2,1,33,94,3
1853714,0,103,0,40,2,1,2,1,38,63,3
1857792,0,103,0,40,3,0,2,1,8,32,3
1854150,0,103,0,40,3,2,2,1,15,56,3
1857313,0,103,0,40,3,3,2,1,12,47,3
1848169,0,103,0,40,3,2,2,1,17,34,3
1854491,0,103,0,40,3,2,2,1,24,65,3
1854871,0,103,0,40,2,2,2,1,19,43,3
1852260,0,103,0,40,3,2,2,1,20,32,3
1852212,0,103,0,40,2,2,2,1,17,32,3
1854423,0,103,0,40,2,2,2,1,19,70,3
1853230,0,103,0,40,2,3,2,1,21,100,3
1851476,0,103,0,40,3,3,2,1,21,22,3
1850824,0,103,0,40,2,3,2,1,16,44,3
1853266,0,103,0,40,3,3,2,1,21,25,3
1857252,0,103,0,40,2,3,2,1,24,34,3
1856031,0,103,0,40,2,4,2,1,22,26,3
1854270,0,103,0,40,3,3,2,1,38,34,3
1858204,0,103,0,40,2,0,2,1,5,61,3
1855694,0,103,0,40,3,3,2,1,24,51,3
1858111,0,103,0,40,3,0,2,1,7,54,3
1856710,0,103,0,40,3,3,2,1,22,40,3
1858424,0,103,0,40,2,0,2,1,4,64,3
1858174,0,103,0,40,3,1,2,1,8,77,3
1858341,0,103,0,40,2,0,2,1,7,30,3
1856526,0,103,0,40,3,3,2,1,31,26,3
1858456,0,103,0,40,3,0,2,1,7,37,3
1858586,0,103,0,40,2,0,2,1,6,56,3
1858046,0,103,0,40,3,2,2,1,7,31,3
1857906,0,103,0,40,2,1,2,1,20,27,3
1858861,0,103,0,40,2,0,2,1,6,52,3
1857957,0,103,0,40,2,2,2,1,20,42,3
1859200,0,103,0,40,2,0,2,1,4,62,3
1859377,0,103,0,40,3,0,2,1,4,70,3
1859307,0,103,0,40,3,0,2,1,5,60,3
1859448,0,103,0,40,2,0,2,1,5,53,3
1858346,0,103,0,40,3,1,2,1,9,30,3
1859645,0,103,0,40,2,0,2,1,4,40,3
1858737,0,103,0,40,2,0,2,1,12,25,3
1858210,0,103,0,40,3,2,2,1,15,52,3
1858607,0,103,0,40,2,2,2,1,12,50,3
1859300,0,103,0,40,2,0,2,1,8,31,3
1859864,0,103,0,40,2,0,2,1,5,46,3
1860093,0,103,0,40,2,0,2,1,4,61,3
1859244,0,103,0,40,3,0,2,1,13,63,3
1858739,0,103,0,40,2,1,2,1,13,44,3
1859386,0,103,0,40,2,2,2,1,9,70,3
1860316,0,103,0,40,2,0,2,1,4,16,3
1858367,0,103,0,40,3,2,2,1,12,31,3
1858409,0,103,0,40,2,3,2,1,16,25,3
1860311,0,103,0,40,2,0,2,1,7,28,3
1860214,0,103,0,40,2,0,2,1,9,67,3
1860313,0,103,0,40,3,0,2,1,8,29,3
1859532,0,103,0,40,3,1,2,1,8,69,3
1860576,0,103,0,40,3,0,2,1,4,17,3
1860698,0,103,0,40,3,0,2,1,5,37,3
1861231,0,103,0,40,3,2,2,1,23,29,3
1859156,0,103,0,40,3,3,2,1,32,45,3
1865396,0,103,0,40,3,1,2,1,9,43,3
1848228,0,103,0,40,3,1,2,1,16,35,3
1863940,0,103,0,40,3,1,2,1,15,40,3
1862913,0,103,0,40,3,3,2,1,11,33,3
1861918,0,103,0,40,3,3,2,1,20,23,3
1862307,0,103,0,40,3,4,2,1,11,40,3
1862785,0,103,0,40,3,4,2,1,10,33,3
1861551,0,103,0,40,2,3,2,1,18,22,3
1859494,0,103,0,40,2,2,2,1,41,50,3
1858681,0,103,0,40,3,6,2,1,38,11,3
1861475,0,103,0,40,2,3,2,1,26,100,3
1863013,0,103,0,40,2,3,2,1,13,40,3
1860670,0,103,0,40,2,4,2,1,25,29,3
1848380,0,103,0,40,3,1,2,1,9,23,3
1860475,0,103,0,40,3,2,2,1,29,67,3
1866919,0,103,0,40,2,1,2,1,6,20,3
1860611,0,103,0,40,3,5,2,1,16,44,3
1850653,0,103,0,40,2,1,2,1,6,41,3
1862594,0,103,0,40,3,4,2,1,14,36,3
1858476,0,103,0,40,3,2,2,1,7,36,3
1854709,0,103,0,40,2,1,2,1,34,27,3
1865200,0,103,0,40,2,1,2,1,14,38,3
1861817,0,103,0,40,3,2,2,1,25,45,3
1865352,0,103,0,40,2,1,2,1,12,33,3
1853857,0,103,0,40,2,1,2,1,23,65,3
1866440,0,103,0,40,2,1,2,1,9,103,3
1863759,0,103,0,40,3,2,2,1,15,38,3
1853326,0,103,0,40,3,2,2,1,13,30,3
1852288,0,103,0,40,3,1,2,1,8,25,3
1859360,0,103,0,40,3,4,2,1,29,22,3
1866134,0,103,0,40,3,1,2,1,6,88,3
1867307,0,103,0,40,3,1,2,1,6,49,3
1862901,0,103,0,40,3,2,2,1,14,57,3
1857090,0,103,0,40,2,1,2,1,8,84,3
1862514,0,103,0,40,2,3,2,1,13,19,3
1855053,0,103,0,40,3,2,2,1,7,28,3
1867310,0,103,0,40,2,1,2,1,4,64,3
1856765,0,103,0,40,2,2,2,1,16,20,3
1860694,0,103,0,40,2,3,2,1,26,46,3
1863821,0,103,0,40,2,1,2,1,20,44,3
1864912,0,103,0,40,2,1,2,1,16,58,3
1860386,0,103,0,40,2,3,2,1,25,32,3
1849064,0,103,0,40,3,1,2,1,15,63,3
1862464,0,103,0,40,2,3,2,1,21,73,3
1859959,0,103,0,40,2,6,2,1,31,50,3
1866087,0,103,0,40,3,1,2,1,11,29,3
1861005,0,103,0,40,3,4,2,1,28,21,3
1851450,0,103,0,40,2,2,2,1,13,19,3
1862061,0,103,0,40,2,3,2,1,18,45,3
1866727,0,103,0,40,2,1,2,1,9,50,3
1861092,0,103,0,40,3,2,2,1,26,76,3
1861038,0,103,0,40,2,4,2,1,25,17,3
1866772,0,103,0,40,2,1,2,1,8,61,3
1857601,0,103,0,40,3,1,2,1,19,31,3
1862768,0,103,0,40,2,3,2,1,14,52,3
1867177,0,103,0,40,2,1,2,1,7,32,3
1857690,0,103,0,40,3,3,2,1,31,34,3
1863366,0,103,0,40,3,3,2,1,17,118,3
1850151,0,103,0,40,2,2,2,1,11,54,3
1866992,0,103,0,40,3,1,2,1,6,43,3
1848528,0,103,0,40,2,1,2,1,11,36,3
1864127,0,103,0,40,2,2,2,1,12,56,3
1859637,0,103,0,40,3,4,2,1,34,32,3
1858143,0,103,0,40,3,3,2,1,16,56,3
1865056,0,103,0,40,3,3,2,1,13,5,3
1867712,0,103,0,40,3,1,2,1,5,15,3
1856829,0,103,0,40,3,1,2,1,9,40,3
1857545,0,103,0,40,2,2,2,1,12,33,3
1861451,0,103,0,40,3,4,2,1,16,64,3
1862135,0,103,0,40,2,3,2,1,20,95,3
1860198,0,103,0,40,2,5,2,1,28,50,3
1852420,0,103,0,40,2,3,2,1,17,31,3
1867745,0,103,0,40,2,1,2,1,4,19,3
1868174,0,103,0,40,3,1,2,1,4,27,3
1856021,0,103,0,40,3,1,2,1,3,73,3
1858973,0,103,0,40,3,2,2,1,47,57,3
1862889,0,103,0,40,3,1,2,1,26,44,3
1862749,0,103,0,40,2,2,2,1,22,50,3
1860835,0,103,0,40,3,3,2,1,28,53,3
1863964,0,103,0,40,2,2,2,1,17,64,3
1863002,0,103,0,40,3,2,2,1,21,19,3
1865354,0,103,0,40,2,1,2,1,13,22,3
1865944,0,103,0,40,3,1,2,1,13,51,3
1862202,0,103,0,40,3,2,2,1,24,23,3
1859212,0,103,0,40,2,6,2,1,37,24,3
1865222,0,103,0,40,3,1,2,1,12,26,3
1859272,0,103,0,40,2,4,2,1,35,43,3
1866510,0,103,0,40,3,1,2,1,11,30,3
1859828,0,103,0,40,2,6,2,1,24,63,3
1865695,0,103,0,40,2,1,2,1,10,54,3
1853727,0,103,0,40,3,1,2,1,14,32,3
1852439,0,103,0,40,3,1,2,1,13,58,3
1853018,0,103,0,40,2,2,2,1,13,13,3
1862305,0,103,0,40,2,4,2,1,17,73,3
1866760,0,103,0,40,2,1,2,1,9,37,3
1866995,0,103,0,40,2,1,2,1,9,76,3
1861462,0,103,0,40,3,2,2,1,26,42,3
1850213,0,103,0,40,2,3,2,1,18,32,3
1859901,0,103,0,40,3,5,2,1,30,24,3
1866918,0,103,0,40,2,1,2,1,8,34,3
1867163,0,103,0,40,3,1,2,1,8,77,3
1854455,0,103,0,40,3,1,2,1,15,31,3
1857941,0,103,0,40,3,2,2,1,12,31,3
1863093,0,103,0,40,2,3,2,1,17,18,3
1865226,0,103,0,40,3,2,2,1,11,32,3
1867144,0,103,0,40,3,1,2,1,7,24,3
1857050,0,103,0,40,2,1,2,1,16,44,3
1864153,0,103,0,40,2,2,2,1,13,24,3
1862805,0,103,0,40,3,3,2,1,17,27,3
1866045,0,103,0,40,3,2,2,1,9,32,3
1860468,0,103,0,40,3,5,2,1,25,64,3
1867616,0,103,0,40,2,1,2,1,6,49,3
1863717,0,103,0,40,3,2,2,1,15,56,3
1862924,0,103,0,40,2,2,2,1,17,72,3
1862465,0,103,0,40,3,4,2,1,17,20,3
1862197,0,103,0,40,2,2,2,1,27,41,3
1855508,0,103,0,40,2,3,2,1,17,26,3
1868090,0,103,0,40,2,1,2,1,5,43,3
1868236,0,103,0,40,2,1,2,1,5,35,3
1848161,0,103,0,40,2,1,2,1,6,36,3
1849326,0,103,0,40,3,1,2,1,16,55,3
1858186,0,103,0,40,3,7,2,1,36,29,3
1852095,0,103,0,40,3,3,2,1,21,33,3
1867570,0,103,0,40,2,1,2,1,4,26,3
1868373,0,103,0,40,2,1,2,1,4,45,3
1868479,0,103,0,40,3,1,2,1,4,38,3
1850312,0,103,0,40,3,1,2,1,4,25,3
1855726,0,103,0,40,2,1,2,1,10,57,3
1858511,0,103,0,40,2,1,2,1,4,50,3
1863524,0,103,0,40,2,2,2,1,24,36,3
1863465,0,103,0,40,2,2,2,1,21,52,3
1855629,0,103,0,40,3,2,2,1,23,31,3
1861643,0,103,0,40,2,3,2,1,21,26,3
1863742,0,103,0,40,2,2,2,1,16,51,3
1857848,0,103,0,40,2,1,2,1,15,13,3
1855860,0,103,0,40,3,1,2,1,20,42,3
1865069,0,103,0,40,2,1,2,1,13,21,3
1866141,0,103,0,40,3,1,2,1,13,52,3
1856150,0,103,0,40,3,2,2,1,27,32,3
1862980,0,103,0,40,2,2,2,1,20,66,3
1850938,0,103,0,40,3,1,2,1,17,23,3
1859799,0,103,0,40,3,1,2,1,13,22,3
1862914,0,103,0,40,2,3,2,1,18,71,3
1864739,0,103,0,40,3,2,2,1,17,20,3
1865978,0,103,0,40,2,1,2,1,11,32,3
1866373,0,103,0,40,2,1,2,1,11,55,3
1853099,0,103,0,40,3,1,2,1,21,74,3
1860484,0,103,0,40,2,4,2,1,27,67,3
1862140,0,103,0,40,2,2,2,1,24,43,3
1866967,0,103,0,40,2,1,2,1,10,102,3
1855571,0,103,0,40,3,5,2,1,40,67,3
1866866,0,103,0,40,2,1,2,1,9,44,3
1852970,0,103,0,40,2,1,2,1,18,21,3
1861060,0,103,0,40,3,4,2,1,25,39,3
1850738,0,103,0,40,3,2,2,1,18,73,3
1850713,0,103,0,40,3,2,2,1,22,12,3
1867188,0,103,0,40,3,1,2,1,8,23,3
1867364,0,103,0,40,3,1,2,1,8,25,3
1867551,0,103,0,40,3,1,2,1,8,36,3
1853772,0,103,0,40,2,2,2,1,10,17,3
1863061,0,103,0,40,2,2,2,1,19,65,3
1860498,0,103,0,40,2,3,2,1,21,77,3
1849691,0,103,0,40,2,3,2,1,21,35,3
1861057,0,103,0,40,3,5,2,1,17,31,3
1862709,0,103,0,40,2,3,2,1,15,35,3
1864199,0,103,0,40,3,4,2,1,14,25,3
1867564,0,103,0,40,2,1,2,1,7,48,3
1867800,0,103,0,40,3,1,2,1,7,35,3
1856643,0,103,0,40,3,1,2,1,8,86,3
1856845,0,103,0,40,3,1,2,1,10,33,3
1858152,0,103,0,40,2,1,2,1,7,36,3
1860035,0,103,0,40,2,4,2,1,25,33,3
1863179,0,103,0,40,2,2,2,1,17,78,3
1864057,0,103,0,40,3,2,2,1,15,55,3
1864021,0,103,0,40,3,2,2,1,16,46,3
1856204,0,103,0,40,2,5,2,1,34,20,3
1861548,0,103,0,40,3,4,2,1,23,31,3
1866653,0,103,0,40,3,2,2,1,9,34,3
1855946,0,103,0,40,2,3,2,1,14,62,3
1863294,0,103,0,40,3,4,2,1,16,78,3
1867985,0,103,0,40,2,1,2,1,6,8,3
1868120,0,103,0,40,2,1,2,1,6,38,3
1851575,0,103,0,40,3,1,2,1,8,31,3
1852870,0,103,0,40,3,3,2,1,17,58,3
1863508,0,103,0,40,2,3,2,1,14,76,3
1863564,0,103,0,40,3,3,2,1,14,27,3
1848493,0,103,0,40,2,2,2,1,15,29,3
1859965,0,103,0,40,2,2,2,1,15,71,3
1865018,0,103,0,40,3,2,2,1,13,61,3
1858290,0,103,0,40,3,4,2,1,25,61,3
1858971,0,103,0,40,2,3,2,1,14,29,3
1855385,0,103,0,40,3,3,2,1,33,74,3
1850718,0,103,0,40,2,2,2,1,12,42,3
1867154,0,103,0,40,3,1,2,1,5,26,3
1868363,0,103,0,40,2,1,2,1,5,36,3
1853001,0,103,0,40,2,1,2,1,5,35,3
1854326,0,103,0,40,2,2,2,1,11,16,3
1855681,0,103,0,40,2,5,2,1,28,40,3
1857373,0,103,0,40,3,3,2,1,8,27,3
1864315,0,103,0,40,3,2,2,1,7,17,3
1849853,0,103,0,40,2,3,2,1,25,40,3
1862644,0,103,0,40,3,4,2,1,14,62,3
1854662,0,103,0,40,2,4,2,1,26,80,3
1855268,0,103,0,40,3,2,2,1,7,27,3
1860233,0,103,0,40,3,4,2,1,31,96,3
1865136,0,103,0,40,3,2,2,1,15,31,3
1857840,0,103,0,40,2,10,2,1,41,50,3
1867927,0,103,0,40,3,1,2,1,4,39,3
1868181,0,103,0,40,3,1,2,1,4,73,3
1868634,0,103,0,40,2,1,2,1,4,102,3
1868774,0,103,0,40,2,1,2,1,4,64,3
1868860,0,103,0,40,3,1,2,1,4,18,3
1868934,0,103,0,40,3,1,2,1,4,49,3
1853614,0,103,0,40,2,1,2,1,17,13,3
1857107,0,103,0,40,3,1,2,1,8,39,3
1848403,0,103,0,40,2,2,2,1,17,49,3
1863121,0,103,0,40,2,2,2,1,25,47,3
1850048,0,103,0,40,2,1,2,1,34,14,3
1862822,0,103,0,40,2,2,2,1,25,59,3
1864678,0,103,0,40,2,1,2,1,19,48,3
1847756,0,103,0,40,3,2,2,1,25,36,3
1855719,0,103,0,40,3,2,2,1,23,40,3
1865067,0,103,0,40,3,1,2,1,17,54,3
1859385,0,103,0,40,3,1,2,1,20,18,3
1864528,0,103,0,40,3,1,2,1,16,37,3
1861140,0,103,0,40,3,3,2,1,23,15,3
1865858,0,103,0,40,3,1,2,1,15,46,3
1855619,0,103,0,40,3,2,2,1,27,57,3
1864687,0,103,0,40,2,2,2,1,15,28,3
1864836,0,103,0,40,3,2,2,1,15,81,3
1861155,0,103,0,40,2,3,2,1,30,23,3
1864863,0,103,0,40,2,1,2,1,13,39,3
1866366,0,103,0,40,2,1,2,1,13,62,3
1864089,0,103,0,40,2,2,2,1,13,48,3
1866297,0,103,0,40,2,1,2,1,12,44,3
1866719,0,103,0,40,3,1,2,1,12,25,3
1848400,0,103,0,40,2,1,2,1,26,64,3
1854219,0,103,0,40,3,2,2,1,28,45,3
1862946,0,103,0,40,3,2,2,1,18,36,3
1862477,0,103,0,40,3,3,2,1,21,25,3
1863190,0,103,0,40,3,2,2,1,22,22,3
1864162,0,103,0,40,2,3,2,1,16,30,3
1866720,0,103,0,40,2,1,2,1,11,15,3
1866961,0,103,0,40,3,1,2,1,11,19,3
1850894,0,103,0,40,3,2,2,1,17,38,3
1847776,0,103,0,40,2,5,2,1,19,42,3
1863406,0,103,0,40,3,2,2,1,19,40,3
1865237,0,103,0,40,3,2,2,1,14,38,3
1860082,0,103,0,40,2,5,2,1,28,26,3
1866630,0,103,0,40,2,1,2,1,10,23,3
1867097,0,103,0,40,2,1,2,1,10,45,3
1867371,0,103,0,40,2,1,2,1,10,47,3
1852834,0,103,0,40,3,2,2,1,23,79,3
1863526,0,103,0,40,3,4,2,1,14,68,3
1862231,0,103,0,40,2,3,2,1,21,42,3
1852742,0,103,0,40,2,2,2,1,10,38,3
1866848,0,103,0,40,3,1,2,1,9,42,3
1867160,0,103,0,40,2,1,2,1,9,48,3
1855601,0,103,0,40,2,1,2,1,23,35,3
1851655,0,103,0,40,2,2,2,1,22,28,3
1863642,0,103,0,40,3,2,2,1,14,65,3
1859357,0,103,0,40,2,2,2,1,12,39,3
1857396,0,103,0,40,3,2,2,1,12,32,3
1859869,0,103,0,40,3,5,2,1,30,43,3
1865867,0,103,0,40,3,2,2,1,9,21,3
1861334,0,103,0,40,3,4,2,1,22,25,3
1863419,0,103,0,40,2,2,2,1,22,62,3
1867600,0,103,0,40,2,1,2,1,8,33,3
1867830,0,103,0,40,3,1,2,1,8,51,3
1867934,0,103,0,40,3,1,2,1,8,70,3
1856471,0,103,0,40,3,1,2,1,10,32,3
1851471,0,103,0,40,2,1,2,1,27,40,3
1855428,0,103,0,40,3,4,2,1,15,14,3
1858954,0,103,0,40,2,5,2,1,35,26,3
1865669,0,103,0,40,2,2,2,1,10,161,3
1860321,0,103,0,40,3,4,2,1,30,36,3
1861422,0,103,0,40,2,4,2,1,22,49,3
1861295,0,103,0,40,2,4,2,1,22,32,3
1862435,0,103,0,40,3,4,2,1,19,51,3
1864487,0,103,0,40,2,2,2,1,17,43,3
1865638,0,103,0,40,3,2,2,1,9,56,3
1867881,0,103,0,40,3,1,2,1,7,47,3
1868014,0,103,0,40,3,1,2,1,7,43,3
1868230,0,103,0,40,3,1,2,1,7,15,3
1868310,0,103,0,40,2,1,2,1,7,59,3
1855607,0,103,0,40,2,1,2,1,14,57,3
1864083,0,103,0,40,2,2,2,1,11,36,3
1861304,0,103,0,40,3,3,2,1,28,37,3
1866448,0,103,0,40,2,2,2,1,7,37,3
1864506,0,103,0,40,2,3,2,1,10,31,3
1854312,0,103,0,40,3,3,2,1,20,26,3
1866974,0,103,0,40,3,2,2,1,8,52,3
1867851,0,103,0,40,3,1,2,1,6,46,3
1868171,0,103,0,40,3,1,2,1,6,83,3
1868413,0,103,0,40,2,1,2,1,6,30,3
1857030,0,103,0,40,3,1,2,1,12,39,3
1857040,0,103,0,40,3,1,2,1,15,20,3
1859658,0,103,0,40,3,1,2,1,7,110,3
1863796,0,103,0,40,2,3,2,1,10,17,3
1866049,0,103,0,40,2,2,2,1,7,64,3
1857945,0,103,0,40,3,2,2,1,8,33,3
1852813,0,103,0,40,2,2,2,1,26,31,3
1849521,0,103,0,40,2,2,2,1,22,16,3
1865829,0,103,0,40,3,2,2,1,10,43,3
1863080,0,103,0,40,2,3,2,1,19,65,3
1865542,0,103,0,40,3,2,2,1,10,35,3
1858582,0,103,0,40,3,3,2,1,9,34,3
1863260,0,103,0,40,3,3,2,1,18,41,3
1855948,0,103,0,40,3,3,2,1,24,36,3
1863919,0,103,0,40,3,2,2,1,23,58,3
1867402,0,103,0,40,3,1,2,1,5,50,3
1867975,0,103,0,40,3,1,2,1,5,28,3
1868598,0,103,0,40,2,1,2,1,5,30,3
1868822,0,103,0,40,2,1,2,1,5,42,3
1853251,0,103,0,40,3,1,2,1,21,17,3
1854249,0,103,0,40,2,1,2,1,8,44,3
1851271,0,103,0,40,2,2,2,1,11,70,3
1863878,0,103,0,40,2,3,2,1,11,42,3
1864926,0,103,0,40,2,2,2,1,13,39,3
1861260,0,103,0,40,2,4,2,1,24,45,3
1864354,0,103,0,40,3,3,2,1,13,49,3
1866611,0,103,0,40,3,2,2,1,7,47,3
1863544,0,103,0,40,3,4,2,1,8,86,3
1860986,0,103,0,40,3,5,2,1,21,39,3
1865656,0,103,0,40,2,2,2,1,11,59,3
1856975,0,103,0,40,2,2,2,1,12,43,3
1856269,0,103,0,40,3,4,2,1,21,55,3
1866428,0,103,0,40,3,2,2,1,10,34,3
1862891,0,103,0,40,2,4,2,1,21,46,3
1862657,0,103,0,40,2,4,2,1,14,53,3
1849471,0,103,0,40,3,3,2,1,25,41,3
1861315,0,103,0,40,3,4,2,1,26,51,3
1865876,0,103,0,40,2,3,2,1,12,25,3
1855492,0,103,0,40,2,4,2,1,19,63,3
1868169,1,103,97,22.4496,3,1,2,1,4,42,3
1868829,0,103,0,40,3,1,2,1,4,46,3
1868973,0,103,0,40,3,1,2,1,4,45,3
1869041,0,103,0,40,2,1,2,1,4,67,3
1869123,0,103,0,40,3,1,2,1,4,29,3
1869215,0,103,0,40,2,1,2,1,4,31,3
1856101,0,103,0,40,2,1,2,1,5,56,3
1848117,0,103,0,40,2,1,2,1,11,112,3
1855047,0,103,0,40,3,2,2,1,15,44,3
1848113,0,103,0,40,2,6,2,1,52,36,3
1859939,0,103,0,40,3,1,2,1,7,27,3
1861198,0,103,0,40,2,3,2,1,26,64,3
1861183,0,103,0,40,3,3,2,1,24,39,3
1862268,0,103,0,40,3,2,2,1,28,41,3
1862814,0,103,0,40,3,2,2,1,23,24,3
1864798,0,103,0,40,3,1,2,1,20,74,3
1861995,0,103,0,40,2,3,2,1,25,50,3
1860474,0,103,0,40,2,3,2,1,29,61,3
1850628,0,103,0,40,3,1,2,1,21,52,3
1865657,0,103,0,40,2,1,2,1,17,46,3
1860418,0,103,0,40,3,3,2,1,30,17,3
1864268,0,103,0,40,3,2,2,1,18,28,3
1851021,0,103,0,40,2,3,2,1,31,63,3
1865426,0,103,0,40,3,1,2,1,16,35,3
1854252,0,103,0,40,2,2,2,1,32,44,3
1860664,0,103,0,40,2,2,2,1,34,32,3
1863977,0,103,0,40,2,2,2,1,19,35,3
1866061,0,103,0,40,2,1,2,1,15,36,3
1860097,0,103,0,40,3,3,2,1,32,29,3
1860940,0,103,0,40,2,3,2,1,31,34,3
1864788,0,103,0,40,3,2,2,1,19,39,3
1865731,0,103,0,40,2,1,2,1,14,94,3
1866298,0,103,0,40,2,1,2,1,14,54,3
1849429,0,103,0,40,2,3,2,1,27,69,3
1861961,0,103,0,40,2,2,2,1,29,38,3
1863482,0,103,0,40,3,3,2,1,19,52,3
1866485,0,103,0,40,3,1,2,1,13,66,3
1855300,0,103,0,40,2,2,2,1,24,54,3
1860128,0,103,0,40,2,1,2,1,13,24,3
1858817,0,103,0,40,3,7,2,1,28,54,3
1862804,0,103,0,40,3,3,2,1,16,44,3
1864384,0,103,0,40,2,3,2,1,19,56,3
1851480,0,103,0,40,3,3,2,1,26,22,3
1866969,0,103,0,40,3,1,2,1,12,55,3
1867079,0,103,0,40,3,1,2,1,12,25,3
1857864,0,103,0,40,3,3,2,1,31,29,3
1866734,0,103,0,40,3,1,2,1,11,36,3
1867257,0,103,0,40,2,1,2,1,11,40,3
1851362,0,103,0,40,3,1,2,1,21,22,3
1856404,0,103,0,40,3,3,2,1,26,37,3
1863117,0,103,0,40,3,2,2,1,18,61,3
1864037,0,103,0,40,3,3,2,1,13,43,3
1861208,0,103,0,40,3,3,2,1,27,72,3
1861816,0,103,0,40,2,3,2,1,23,48,3
1860913,0,103,0,40,3,6,2,1,23,41,3
1866172,0,103,0,40,3,2,2,1,12,57,3
1866403,0,103,0,40,2,1,2,1,10,33,3
1867284,0,103,0,40,3,1,2,1,10,74,3
1867455,0,103,0,40,2,1,2,1,10,24,3
1857263,0,103,0,40,3,3,2,1,12,51,3
1858389,0,103,0,40,3,1,2,1,11,32,3
1864814,0,103,0,40,3,2,2,1,15,58,3
1859171,0,103,0,40,3,3,2,1,12,35,3
1866153,0,103,0,40,3,2,2,1,11,36,3
1848420,0,103,0,40,2,2,2,1,17,19,3
1865419,0,103,0,40,2,2,2,1,15,16,3
1862049,0,103,0,40,2,2,2,1,32,12,3
1847790,0,103,0,40,2,3,2,1,17,24,3
1866884,0,103,0,40,3,1,2,1,9,39,3
1867380,0,103,0,40,2,1,2,1,9,94,3
1867968,0,103,0,40,2,1,2,1,9,54,3
1854705,0,103,0,40,3,1,2,1,9,62,3
1851475,0,103,0,40,3,1,2,1,15,131,3
1848330,0,103,0,40,2,2,2,1,18,51,3
1859630,0,103,0,40,2,1,2,1,9,52,3
1865049,0,103,0,40,3,2,2,1,9,35,3
1864638,0,103,0,40,3,2,2,1,14,41,3
1861418,0,103,0,40,3,4,2,1,25,87,3
1864968,0,103,0,40,3,2,2,1,17,55,3
1859775,0,103,0,40,3,4,2,1,33,48,3
1864052,0,103,0,40,2,2,2,1,21,75,3
1853100,0,103,0,40,3,4,2,1,28,32,3
1867210,0,103,0,40,2,1,2,1,8,22,3
1867909,0,103,0,40,2,1,2,1,8,41,3
1868166,0,103,0,40,2,1,2,1,8,41,3
1848323,0,103,0,40,3,1,2,1,10,29,3
1855002,0,103,0,40,2,2,2,1,24,48,3
1863415,0,103,0,40,2,3,2,1,11,84,3
1848319,0,103,0,40,2,4,2,1,21,42,3
1862501,0,103,0,40,2,3,2,1,21,45,3
1856034,0,103,0,40,2,4,2,1,30,62,3
1860725,0,103,0,40,3,6,2,1,28,44,3
1854343,0,103,0,40,2,2,2,1,8,29,3
1861837,0,103,0,40,3,4,2,1,28,40,3
1867883,0,103,0,40,3,1,2,1,7,61,3
1868255,0,103,0,40,3,1,2,1,7,32,3
1868431,0,103,0,40,3,1,2,1,7,51,3
1868595,0,103,0,40,3,1,2,1,7,40,3
1852917,0,103,0,40,2,1,2,1,15,53,3
1857183,0,103,0,40,2,1,2,1,20,34,3
1857841,0,103,0,40,3,1,2,1,9,114,3
1858590,0,103,0,40,3,2,2,1,10,91,3
1862869,0,103,0,40,2,2,2,1,21,58,3
1864897,0,103,0,40,3,2,2,1,13,62,3
1849499,0,103,0,40,2,3,2,1,35,54,3
1860976,0,103,0,40,3,3,2,1,26,30,3
1865519,0,103,0,40,3,2,2,1,12,51,3
1866287,0,103,0,40,2,2,2,1,7,50,3
1866657,0,103,0,40,3,2,2,1,10,77,3
1866854,0,103,0,40,3,2,2,1,8,17,3
1862958,0,103,0,40,3,3,2,1,22,70,3
1868069,0,103,0,40,2,1,2,1,6,39,3
1868406,0,103,0,40,3,1,2,1,6,56,3
1868466,0,103,0,40,3,1,2,1,6,37,3
1868616,0,103,0,40,2,1,2,1,6,36,3
1853382,0,103,0,40,3,1,2,1,10,17,3
1864399,0,103,0,40,3,2,2,1,9,71,3
1861460,0,103,0,40,3,3,2,1,18,59,3
1863595,0,103,0,40,3,4,2,1,11,43,3
1856246,0,103,0,40,3,2,2,1,21,42,3
1864607,0,103,0,40,2,2,2,1,17,55,3
1866673,0,103,0,40,2,2,2,1,9,35,3
1867029,0,103,0,40,3,2,2,1,8,68,3
1862210,0,103,0,40,2,3,2,1,24,10,3
1849503,0,103,0,40,3,3,2,1,19,38,3
1866431,0,103,0,40,2,2,2,1,9,60,3
1865930,0,103,0,40,3,3,2,1,9,29,3
1862084,0,103,0,40,3,2,2,1,28,44,3
1865905,0,103,0,40,3,2,2,1,13,43,3
1867119,0,103,0,40,3,2,2,1,9,31,3
1866573,0,103,0,40,3,3,2,1,9,49,3
1868344,0,103,0,40,2,1,2,1,5,73,3
1869033,0,103,0,40,2,1,2,1,5,61,3
1869131,0,103,0,40,2,1,2,1,5,30,3
1869153,0,103,0,40,3,1,2,1,5,62,3
1854031,0,103,0,40,3,1,2,1,5,15,3
1848186,0,103,0,40,2,1,2,1,13,10,3
1854526,0,103,0,40,3,1,2,1,8,42,3
1851749,0,103,0,40,2,2,2,1,9,45,3
1851117,0,103,0,40,2,2,2,1,6,23,3
1849123,0,103,0,40,3,3,2,1,13,72,3
1860495,0,103,0,40,3,1,2,1,5,17,3
1863785,0,103,0,40,2,2,2,1,16,32,3
1865484,0,103,0,40,3,2,2,1,8,32,3
1849348,0,103,0,40,2,2,2,1,29,44,3
1848266,0,103,0,40,3,2,2,1,25,78,3
1862014,0,103,0,40,2,4,2,1,21,38,3
1862417,0,103,0,40,2,4,2,1,19,23,3
1860858,0,103,0,40,2,5,2,1,16,52,3
1866850,0,103,0,40,2,2,2,1,7,44,3
1850004,0,103,0,40,2,3,2,1,16,60,3
1867232,0,103,0,40,2,2,2,1,6,65,3
1867568,0,103,0,40,2,2,2,1,5,33,3
1855164,0,103,0,40,3,5,2,1,12,12,3
1858450,0,103,0,40,3,2,2,1,10,41,3
1856261,0,103,0,40,2,2,2,1,31,69,3
1864509,0,103,0,40,3,3,2,1,16,69,3
1861507,0,103,0,40,2,4,2,1,25,49,3
1851873,0,103,0,40,3,4,2,1,25,46,3
1861801,0,103,0,40,3,6,2,1,19,29,3
1852787,0,103,0,40,3,2,2,1,8,16,3
1860405,0,103,0,40,3,2,2,1,28,41,3
1864003,0,103,0,40,2,3,2,1,13,52,3
1868935,0,103,0,40,3,1,2,1,4,48,3
1869118,0,103,0,40,3,1,2,1,4,49,3
1869285,0,103,0,40,2,1,2,1,4,44,3
1869365,0,103,0,40,3,1,2,1,4,82,3
1869429,0,103,0,40,3,1,2,1,4,47,3
1869495,0,103,0,40,3,1,2,1,4,67,3
1869523,0,103,0,40,3,1,2,1,4,30,3
1850857,0,103,0,40,3,1,2,1,7,19,3
1849157,0,103,0,40,3,2,2,1,9,65,3
1856093,0,103,0,40,2,3,2,1,10,39,3
1858702,0,103,0,40,2,3,2,1,13,46,3
1862008,0,103,0,40,2,1,2,1,34,29,3
1862394,0,103,0,40,3,1,2,1,30,38,3
1861447,0,103,0,40,3,2,2,1,29,25,3
1863168,0,103,0,40,3,1,2,1,25,26,3
1862628,0,103,0,40,3,2,2,1,26,26,3
1864303,0,103,0,40,3,1,2,1,21,25,3
1853680,0,103,0,40,3,3,2,1,28,23,3
1865012,0,103,0,40,2,1,2,1,20,72,3
1861253,0,103,0,40,3,3,2,1,27,58,3
1859394,0,103,0,40,2,4,2,1,34,115,3
1865328,0,103,0,40,3,1,2,1,18,36,3
1859501,0,103,0,40,2,1,2,1,19,23,3
1864787,0,103,0,40,3,2,2,1,18,76,3
1854646,0,103,0,40,2,3,2,1,22,86,3
1864735,0,103,0,40,3,2,2,1,19,31,3
1863730,0,103,0,40,3,2,2,1,23,41,3
1851485,0,103,0,40,2,2,2,1,23,34,3
1861645,0,103,0,40,2,2,2,1,34,43,3
1861272,0,103,0,40,3,3,2,1,32,17,3
1857481,0,103,0,40,2,2,2,1,35,28,3
1864708,0,103,0,40,3,2,2,1,17,55,3
1866635,0,103,0,40,2,1,2,1,14,65,3
1852514,0,103,0,40,2,1,2,1,26,34,3
1850661,0,103,0,40,2,3,2,1,42,28,3
1861088,0,103,0,40,2,3,2,1,28,34,3
1860982,0,103,0,40,2,2,2,1,36,68,3
1853522,0,103,0,40,3,3,2,1,26,24,3
1864285,0,103,0,40,2,2,2,1,14,17,3
1861442,0,103,0,40,2,3,2,1,23,24,3
1864603,0,103,0,40,2,2,2,1,17,45,3
1865459,0,103,0,40,2,2,2,1,13,23,3
1865765,0,103,0,40,3,2,2,1,14,85,3
1866283,0,103,0,40,3,1,2,1,12,46,3
1867239,0,103,0,40,2,1,2,1,12,67,3
1867357,0,103,0,40,2,1,2,1,12,48,3
1854112,0,103,0,40,2,1,2,1,15,39,3
1864986,0,103,0,40,3,2,2,1,14,33,3
1863434,0,103,0,40,3,2,2,1,24,51,3
1867411,0,103,0,40,3,1,2,1,11,11,3
1867547,0,103,0,40,2,1,2,1,11,25,3
1851791,0,103,0,40,2,1,2,1,13,42,3
1863601,0,103,0,40,3,2,2,1,14,67,3
1862222,0,103,0,40,3,3,2,1,24,57,3
1863213,0,103,0,40,3,3,2,1,21,25,3
1856417,0,103,0,40,2,3,2,1,13,67,3
1865982,0,103,0,40,2,2,2,1,11,34,3
1866554,0,103,0,40,2,1,2,1,10,40,3
1867420,0,103,0,40,2,1,2,1,10,57,3
1867964,0,103,0,40,2,1,2,1,10,49,3
1854969,0,103,0,40,2,1,2,1,12,108,3
1862962,0,103,0,40,2,2,2,1,19,36,3
1860816,0,103,0,40,3,3,2,1,24,39,3
1853991,0,103,0,40,3,6,2,1,20,82,3
1863035,0,103,0,40,2,2,2,1,23,9,3
1865140,0,103,0,40,2,2,2,1,16,19,3
1866661,0,103,0,40,2,2,2,1,11,27,3
1864092,0,103,0,40,3,2,2,1,24,24,3
1853757,0,103,0,40,3,2,2,1,24,32,3
1868214,0,103,0,40,3,1,2,1,9,46,3
1868250,0,103,0,40,3,1,2,1,9,91,3
1849012,0,103,0,40,3,1,2,1,16,75,3
1855378,0,103,0,40,2,1,2,1,16,112,3
1861340,0,103,0,40,3,4,2,1,22,24,3
1863259,0,103,0,40,2,3,2,1,16,25,3
1859397,0,103,0,40,2,5,2,1,37,53,3
1861292,0,103,0,40,3,3,2,1,33,50,3
1851669,0,103,0,40,2,2,2,1,18,36,3
1856708,0,103,0,40,3,3,2,1,18,21,3
1864357,0,103,0,40,3,2,2,1,20,12,3
1864069,0,103,0,40,2,2,2,1,23,46,3
1868067,0,103,0,40,3,1,2,1,8,46,3
1868307,0,103,0,40,2,1,2,1,8,71,3
1854367,0,103,0,40,2,1,2,1,10,45,3
1849128,0,103,0,40,3,1,2,1,13,57,3
1848163,0,103,0,40,2,1,2,1,16,81,3
1854182,0,103,0,40,3,2,2,1,15,22,3
1861064,0,103,0,40,3,3,2,1,27,50,3
1861950,0,103,0,40,2,3,2,1,20,34,3
1866841,0,103,0,40,3,2,2,1,8,78,3
1862023,0,103,0,40,2,4,2,1,19,45,3
1859868,0,103,0,40,3,7,2,1,28,48,3
1865375,0,103,0,40,3,2,2,1,17,40,3
1864592,0,103,0,40,3,3,2,1,13,56,3
1864337,0,103,0,40,2,4,2,1,12,43,3
1867109,0,103,0,40,2,2,2,1,11,64,3
1861110,0,103,0,40,2,2,2,1,8,48,3
1868550,0,103,0,40,3,1,2,1,7,52,3
1868668,0,103,0,40,3,1,2,1,7,24,3
1868760,0,103,0,40,2,1,2,1,7,88,3
1851020,0,103,0,40,2,1,2,1,7,55,3
1849196,0,103,0,40,3,2,2,1,11,20,3
1851251,0,103,0,40,3,3,2,1,23,39,3
1861124,0,103,0,40,3,1,2,1,7,32,3
1862220,0,103,0,40,3,4,2,1,15,56,3
1861944,0,103,0,40,2,4,2,1,24,32,3
1864996,0,103,0,40,3,4,2,1,12,54,3
1862092,0,103,0,40,3,4,2,1,15,15,3
1865825,0,103,0,40,2,2,2,1,12,51,3
1856816,0,103,0,40,2,4,2,1,24,83,3
1855373,0,103,0,40,2,2,2,1,13,32,3
1862858,0,103,0,40,3,3,2,1,25,31,3
1858272,0,103,0,40,3,4,2,1,19,47,3
1858938,0,103,0,40,3,7,2,1,31,25,3
1864566,0,103,0,40,3,4,2,1,14,18,3
1852779,0,103,0,40,3,6,2,1,22,53,3
1856383,0,103,0,40,2,3,2,1,18,22,3
1863762,0,103,0,40,2,3,2,1,24,34,3
1868987,0,103,0,40,2,1,2,1,6,106,3
1868995,0,103,0,40,2,1,2,1,6,70,3
1869045,0,103,0,40,2,1,2,1,6,38,3
1853893,0,103,0,40,2,2,2,1,14,33,3
1859372,0,103,0,40,3,5,2,1,24,42,3
1862474,0,103,0,40,3,2,2,1,22,17,3
1866717,0,103,0,40,2,2,2,1,6,65,3
1863243,0,103,0,40,3,3,2,1,18,22,3
1863291,0,103,0,40,2,3,2,1,15,110,3
1863491,0,103,0,40,2,3,2,1,12,54,3
1867555,0,103,0,40,3,2,2,1,6,29,3
1864849,0,103,0,40,3,2,2,1,16,27,3
1864027,0,103,0,40,2,3,2,1,15,73,3
1857272,0,103,0,40,3,2,2,1,14,17,3
1863358,0,103,0,40,3,5,2,1,14,55,3
1862868,0,103,0,40,3,5,2,1,15,47,3
1866273,0,103,0,40,3,2,2,1,11,35,3
1859790,0,103,0,40,2,2,2,1,9,46,3
1861787,0,103,0,40,2,3,2,1,28,61,3
1858800,0,103,0,40,2,2,2,1,8,60,3
1863131,0,103,0,40,2,4,2,1,19,43,3
1862121,0,103,0,40,2,4,2,1,20,41,3
1862610,0,103,0,40,2,4,2,1,16,55,3
1868927,0,103,0,40,3,1,2,1,5,25,3
1869066,0,103,0,40,3,1,2,1,5,52,3
1869473,0,103,0,40,3,1,2,1,5,55,3
1869579,0,103,0,40,2,1,2,1,5,70,3
1853253,0,103,0,40,3,1,2,1,10,12,3
1848004,0,103,0,40,2,1,2,1,8,26,3
1851698,0,103,0,40,3,2,2,1,8,37,3
1848624,0,103,0,40,2,1,2,1,19,37,3
1855203,0,103,0,40,3,2,2,1,37,44,3
1858313,0,103,0,40,2,3,2,1,15,14,3
1863498,0,103,0,40,3,4,2,1,14,47,3
1866400,0,103,0,40,3,2,2,1,9,58,3
1862699,0,103,0,40,3,4,2,1,20,10,3
1865006,0,103,0,40,2,3,2,1,13,20,3
1863441,0,103,0,40,3,4,2,1,15,30,3
1867488,0,103,0,40,3,2,2,1,5,58,3
1866056,0,103,0,40,3,2,2,1,11,36,3
1859929,0,103,0,40,2,7,2,1,26,45,3
1866433,0,103,0,40,2,2,2,1,11,56,3
1867467,0,103,0,40,3,2,2,1,8,73,3
1865350,0,103,0,40,2,3,2,1,11,62,3
1864896,0,103,0,40,2,2,2,1,19,35,3
1850963,0,103,0,40,2,2,2,1,20,44,3
1868006,0,103,0,40,2,2,2,1,7,99,3
1864256,0,103,0,40,3,4,2,1,15,10,3
1861332,0,103,0,40,2,6,2,1,21,70,3
1867683,0,103,0,40,3,1,2,1,4,56,3
1868867,0,103,0,40,3,1,2,1,4,31,3
1869116,0,103,0,40,2,1,2,1,4,63,3
1869336,0,103,0,40,3,1,2,1,4,29,3
1869638,0,103,0,40,3,1,2,1,4,42,3
1869738,0,103,0,40,3,1,2,1,4,75,3
1847875,0,103,0,40,2,1,2,1,7,15,3
1854246,0,103,0,40,2,1,2,1,4,41,3
1853842,0,103,0,40,3,1,2,1,7,85,3
1848124,0,103,0,40,2,1,2,1,13,23,3
1851078,0,103,0,40,2,1,2,1,22,49,3
1856495,0,103,0,40,2,2,2,1,15,46,3
1852027,0,103,0,40,3,5,2,1,20,34,3
1859560,0,103,0,40,2,1,2,1,5,30,3
1852012,0,103,0,40,2,1,2,1,42,32,3
1859451,0,103,0,40,3,3,2,1,35,28,3
1847869,0,103,0,40,3,1,2,1,39,28,3
1859097,0,103,0,40,3,3,2,1,36,49,3
1865155,0,103,0,40,3,1,2,1,20,32,3
1862195,0,103,0,40,2,3,2,1,25,81,3
1863119,0,103,0,40,3,2,2,1,26,55,3
1855536,0,103,0,40,3,1,2,1,34,54,3
1863513,0,103,0,40,3,2,2,1,23,40,3
1858977,0,103,0,40,2,8,2,1,40,39,3
1866342,0,103,0,40,3,1,2,1,16,31,3
1860593,0,103,0,40,3,3,2,1,36,28,3
1862678,0,103,0,40,2,4,2,1,22,26,3
1867051,0,103,0,40,3,1,2,1,14,30,3
1849828,0,103,0,40,2,2,2,1,41,49,3
1852262,0,103,0,40,2,2,2,1,15,42,3
1860351,0,103,0,40,2,6,2,1,31,72,3
1860995,0,103,0,40,2,3,2,1,22,100,3
1867385,0,103,0,40,2,1,2,1,12,35,3
1867627,0,103,0,40,2,1,2,1,12,27,3
1852455,0,103,0,40,2,1,2,1,14,43,3
1853935,0,103,0,40,3,1,2,1,29,49,3
1861097,0,103,0,40,2,4,2,1,29,26,3
1860450,0,103,0,40,2,4,2,1,31,71,3
1867592,0,103,0,40,3,1,2,1,11,34,3
1867766,0,103,0,40,3,1,2,1,11,51,3
1867854,0,103,0,40,2,1,2,1,11,48,3
1848034,0,103,0,40,2,1,2,1,18,27,3
1862554,0,103,0,40,2,4,2,1,18,36,3
1862089,0,103,0,40,3,4,2,1,22,78,3
1865004,0,103,0,40,3,2,2,1,17,88,3
1863721,0,103,0,40,3,4,2,1,17,92,3
1852643,0,103,0,40,2,2,2,1,15,39,3
1868180,0,103,0,40,3,1,2,1,10,16,3
1854837,0,103,0,40,2,1,2,1,11,23,3
1854437,0,103,0,40,3,4,2,1,13,54,3
1865209,0,103,0,40,3,2,2,1,14,81,3
1864579,0,103,0,40,3,3,2,1,14,88,3
1853608,0,103,0,40,3,10,2,1,63,29,3
1867122,0,103,0,40,3,1,2,1,9,27,3
1867867,0,103,0,40,2,1,2,1,9,31,3
1855361,0,103,0,40,2,1,2,1,15,79,3
1850981,0,103,0,40,2,1,2,1,15,24,3
1851052,0,103,0,40,3,4,2,1,29,42,3
1861623,0,103,0,40,3,5,2,1,20,14,3
1865994,0,103,0,40,2,2,2,1,9,27,3
1863263,0,103,0,40,3,4,2,1,19,44,3
1853281,0,103,0,40,3,2,2,1,14,27,3
1865736,0,103,0,40,2,2,2,1,15,51,3
1852264,0,103,0,40,2,2,2,1,17,40,3
1855778,0,103,0,40,3,4,2,1,26,75,3
1868085,0,103,0,40,3,1,2,1,8,43,3
1868594,0,103,0,40,3,1,2,1,8,24,3
1868680,0,103,0,40,3,1,2,1,8,91,3
1868770,0,103,0,40,2,1,2,1,8,34,3
1864101,0,103,0,40,3,3,2,1,12,41,3
1867005,0,103,0,40,2,2,2,1,11,45,3
1863873,0,103,0,40,2,3,2,1,21,29,3
1858779,0,103,0,40,2,2,2,1,8,37,3
1868857,0,103,0,40,2,1,2,1,7,43,3
1849085,0,103,0,40,2,1,2,1,13,55,3
1855827,0,103,0,40,2,2,2,1,21,32,3
1858209,0,103,0,40,2,1,2,1,7,57,3
1865394,0,103,0,40,2,2,2,1,12,60,3
1848637,0,103,0,40,2,4,2,1,33,37,3
1863359,0,103,0,40,2,3,2,1,11,55,3
1859964,0,103,0,40,2,6,2,1,26,8,3
1867080,0,103,0,40,3,2,2,1,8,31,3
1862323,0,103,0,40,3,4,2,1,23,25,3
1853983,0,103,0,40,3,2,2,1,21,20,3
1861314,0,103,0,40,2,2,2,1,35,58,3
1862017,0,103,0,40,3,3,2,1,31,53,3
1868679,0,103,0,40,2,1,2,1,6,54,3
1868903,0,103,0,40,3,1,2,1,6,43,3
1869186,0,103,0,40,3,1,2,1,6,32,3
1869259,0,103,0,40,3,1,2,1,6,14,3
1869437,0,103,0,40,2,1,2,1,6,47,3
1854900,0,103,0,40,3,1,2,1,16,58,3
1860602,0,103,0,40,3,4,2,1,17,37,3
1859546,0,103,0,40,2,3,2,1,26,27,3
1859211,0,103,0,40,2,7,2,1,37,35,3
1849608,0,103,0,40,2,3,2,1,11,52,3
1864205,1,103,100,28.1405,3,3,2,1,14,55,3
1862136,0,103,0,40,2,4,2,1,17,31,3
1859198,0,103,0,40,2,5,2,1,37,22,3
1860675,0,103,0,40,2,6,2,1,20,22,3
1860808,0,103,0,40,2,6,2,1,24,50,3
1849551,0,103,0,40,3,2,2,1,16,31,3
1862563,0,103,0,40,3,3,2,1,23,20,3
1856432,0,103,0,40,2,7,2,1,46,22,3
1849598,0,103,0,40,3,2,2,1,19,39,3
1868161,0,103,0,40,2,1,2,1,5,26,3
1869044,0,103,0,40,2,1,2,1,5,76,3
1869140,0,103,0,40,2,1,2,1,5,104,3
1848138,0,103,0,40,3,1,2,1,7,13,3
1859442,0,103,0,40,2,1,2,1,5,59,3
1854751,0,103,0,40,2,3,2,1,45,22,3
1852810,0,103,0,40,2,3,2,1,19,48,3
1859958,0,103,0,40,2,4,2,1,29,48,3
1864254,0,103,0,40,2,4,2,1,10,32,3
1863847,0,103,0,40,3,3,2,1,16,43,3
1864331,0,103,0,40,2,2,2,1,16,41,3
1865937,0,103,0,40,3,2,2,1,13,18,3
1867952,0,103,0,40,3,2,2,1,7,33,3
1866310,0,103,0,40,3,3,2,1,8,25,3
1866327,0,103,0,40,2,2,2,1,11,69,3
1864316,0,103,0,40,3,3,2,1,17,67,3
1868710,0,103,0,40,2,2,2,1,5,34,3
1866062,0,103,0,40,3,2,2,1,12,31,3
1867314,0,103,0,40,2,2,2,1,7,26,3
1849377,0,103,0,40,3,4,2,1,24,18,3
1854239,0,103,0,40,3,5,2,1,16,58,3
1869056,0,103,0,40,3,1,2,1,4,37,3
1869386,0,103,0,40,3,1,2,1,4,70,3
1869831,0,103,0,40,3,1,2,1,4,69,3
1869945,0,103,0,40,3,1,2,1,4,63,3
1869975,0,103,0,40,2,1,2,1,4,43,3
1855739,0,103,0,40,3,1,2,1,13,28,3
1852501,0,103,0,40,2,1,2,1,9,42,3
1853103,0,103,0,40,3,1,2,1,20,68,3
1849580,0,103,0,40,3,1,2,1,12,59,3
1848074,0,103,0,40,3,1,2,1,10,31,3
1848156,0,103,0,40,2,3,2,1,8,50,3
1850453,0,103,0,40,2,2,2,1,16,17,3
1856865,0,103,0,40,3,2,2,1,21,30,3
1857966,0,103,0,40,3,2,2,1,11,55,3
1857730,0,103,0,40,3,1,2,1,26,60,3
1863407,0,103,0,40,3,2,2,1,24,35,3
1864516,0,103,0,40,2,2,2,1,18,27,3
1852945,0,103,0,40,3,1,2,1,19,59,3
1867812,0,103,0,40,3,1,2,1,12,44,3
1855502,0,103,0,40,3,1,2,1,20,37,3
1861082,0,103,0,40,3,3,2,1,34,33,3
1860927,0,103,0,40,3,5,2,1,26,51,3
1867757,0,103,0,40,3,1,2,1,11,99,3
1863649,0,103,0,40,2,2,2,1,25,40,3
1864784,0,103,0,40,3,3,2,1,17,44,3
1865094,0,103,0,40,2,2,2,1,18,39,3
1854214,0,103,0,40,2,4,2,1,31,40,3
1866799,0,103,0,40,3,2,2,1,13,36,3
1853890,0,103,0,40,3,1,2,1,8,67,3
1854335,0,103,0,40,3,1,2,1,15,36,3
1862085,0,103,0,40,3,4,2,1,23,34,3
1865648,0,103,0,40,3,2,2,1,16,98,3
1868769,0,103,0,40,3,1,2,1,8,42,3
1861680,0,103,0,40,2,3,2,1,20,113,3
1857803,0,103,0,40,2,2,2,1,12,28,3
1866254,0,103,0,40,2,2,2,1,13,99,3
1863933,0,103,0,40,3,4,2,1,19,37,3
1853871,0,103,0,40,3,2,2,1,18,64,3
1866330,0,103,0,40,3,2,2,1,15,45,3
1857897,0,103,0,40,2,2,2,1,8,13,3
1868919,0,103,0,40,2,1,2,1,7,60,3
1857629,0,103,0,40,2,3,2,1,12,29,3
1858302,0,103,0,40,2,2,2,1,12,27,3
1865859,0,103,0,40,3,2,2,1,9,15,3
1859707,0,103,0,40,3,5,2,1,31,38,3
1857370,0,103,0,40,2,3,2,1,11,84,3
1863328,0,103,0,40,2,3,2,1,27,45,3
1869614,0,103,0,40,3,1,2,1,6,53,3
1865506,0,103,0,40,2,2,2,1,10,15,3
1864489,0,103,0,40,3,2,2,1,18,38,3
1861164,0,103,0,40,3,5,2,1,18,36,3
1856024,0,103,0,40,3,2,2,1,9,91,3
1864865,0,103,0,40,3,2,2,1,18,40,3
1867042,0,103,0,40,3,2,2,1,11,54,3
1857707,0,103,0,40,2,4,2,1,24,38,3
1869879,0,103,0,40,2,1,2,1,5,42,3
1870183,0,103,0,40,3,1,2,1,5,6,3
1847755,0,103,0,40,2,1,2,1,8,22,3
1854338,0,103,0,40,3,3,2,1,23,53,3
1866787,0,103,0,40,2,2,2,1,11,33,3
1852883,0,103,0,40,3,6,2,1,25,36,3
1859046,0,103,0,40,3,8,2,1,32,93,3
1865729,0,103,0,40,2,2,2,1,14,36,3
1869238,0,103,0,40,3,2,2,1,5,65,3
1869950,0,103,0,40,2,1,2,1,4,28,3
1855448,0,103,0,40,2,2,2,1,23,48,3
1861144,0,103,0,40,3,3,2,1,34,43,3
1865644,0,103,0,40,2,1,2,1,20,34,3
1861938,0,103,0,40,2,4,2,1,23,86,3
1858423,0,103,0,40,2,1,2,1,12,52,3
1861469,0,103,0,40,2,4,2,1,32,87,3
1866037,0,103,0,40,2,2,2,1,13,31,3
1865953,0,103,0,40,2,2,2,1,11,107,3
1866679,0,103,0,40,2,2,2,1,10,56,3
1851963,0,103,0,40,3,3,2,1,22,28,3
1867886,0,103,0,40,2,2,2,1,9,48,3
1851703,0,103,0,40,2,4,2,1,26,49,3
1853888,0,103,0,40,3,2,2,1,39,13,3
1847806,0,103,0,40,2,2,2,1,21,41,3
1863176,0,103,0,40,3,3,2,1,21,58,3
1863341,0,103,0,40,3,3,2,1,17,77,3
1853355,0,103,0,40,3,1,2,1,8,50,3
1869000,0,103,0,40,3,0,2,1,3,37,3
1869192,0,103,0,40,2,0,2,1,3,45,3
1869286,0,103,0,40,2,0,2,1,3,74,3
1869350,0,103,0,40,3,0,2,1,3,41,3
1869414,0,103,0,40,2,0,2,1,3,31,3
1869494,0,103,0,40,2,0,2,1,3,36,3
1869558,0,103,0,40,2,0,2,1,3,45,3
1869601,0,103,0,40,2,0,2,1,3,26,3
1869633,0,103,0,40,2,0,2,1,3,66,3
1869697,0,103,0,40,3,0,2,1,3,16,3
1869729,0,103,0,40,2,0,2,1,3,24,3
1869769,0,103,0,40,2,0,2,1,3,29,3
1869801,0,103,0,40,2,0,2,1,3,11,3
1869833,0,103,0,40,2,0,2,1,3,48,3
1869881,0,103,0,40,2,0,2,1,3,35,3
1869932,0,103,0,40,3,0,2,1,3,26,3
1869948,0,103,0,40,2,0,2,1,3,12,3
1869964,0,103,0,40,2,0,2,1,3,18,3
1869980,0,103,0,40,2,0,2,1,3,27,3
1869996,0,103,0,40,2,0,2,1,3,42,3
1870012,0,103,0,40,2,0,2,1,3,37,3
1870044,0,103,0,40,3,0,2,1,3,38,3
1870076,0,103,0,40,2,0,2,1,3,88,3
1870092,0,103,0,40,3,0,2,1,3,32,3
1870132,0,103,0,40,2,0,2,1,3,28,3
1870148,0,103,0,40,2,0,2,1,3,56,3
1870164,0,103,0,40,2,0,2,1,3,11,3
1870180,0,103,0,40,2,0,2,1,3,31,3
1870196,0,103,0,40,2,0,2,1,3,50,3
1870212,0,103,0,40,2,0,2,1,3,36,3
1870228,0,103,0,40,2,0,2,1,3,47,3
1870244,0,103,0,40,2,0,2,1,3,48,3
1870260,0,103,0,40,3,0,2,1,3,44,3
1870268,0,103,0,40,3,0,2,1,3,7,3
1870276,0,103,0,40,3,0,2,1,3,41,3
1870284,0,103,0,40,3,0,2,1,3,49,3
1870292,0,103,0,40,2,0,2,1,3,39,3
1870300,0,103,0,40,3,0,2,1,3,27,3
1870308,0,103,0,40,3,0,2,1,3,20,3
1870316,0,103,0,40,3,0,2,1,3,61,3
1870324,0,103,0,40,2,0,2,1,3,70,3
1870332,0,103,0,40,2,0,2,1,3,53,3
1870340,0,103,0,40,2,0,2,1,3,34,3
1870356,0,103,0,40,2,0,2,1,3,78,3
1870364,0,103,0,40,3,0,2,1,3,30,3
1870372,0,103,0,40,3,0,2,1,3,46,3
1870380,0,103,0,40,2,0,2,1,3,33,3
1870388,0,103,0,40,3,0,2,1,3,24,3
1870404,0,103,0,40,2,0,2,1,3,70,3
1870412,0,103,0,40,3,0,2,1,3,24,3
1870420,0,103,0,40,3,0,2,1,3,35,3
1870428,0,103,0,40,3,0,2,1,3,33,3
1870436,0,103,0,40,2,0,2,1,3,48,3
1870444,0,103,0,40,2,0,2,1,3,45,3
1870452,0,103,0,40,3,0,2,1,3,48,3
1870460,0,103,0,40,3,0,2,1,3,82,3
1870468,0,103,0,40,3,0,2,1,3,15,3
1870484,0,103,0,40,3,0,2,1,3,28,3
1870492,0,103,0,40,3,0,2,1,3,21,3
1870500,0,103,0,40,3,0,2,1,3,50,3
1870508,0,103,0,40,2,0,2,1,3,69,3
1870524,0,103,0,40,2,0,2,1,3,90,3
1870540,0,103,0,40,2,0,2,1,3,30,3
1870548,0,103,0,40,3,0,2,1,3,45,3
1870556,0,103,0,40,2,0,2,1,3,73,3
1870572,0,103,0,40,3,0,2,1,3,24,3
1870580,0,103,0,40,3,0,2,1,3,19,3
1870588,0,103,0,40,2,0,2,1,3,28,3
1870593,0,103,0,40,2,0,2,1,3,29,3
1870597,0,103,0,40,3,0,2,1,3,57,3
1870601,0,103,0,40,3,0,2,1,3,36,3
1870609,0,103,0,40,2,0,2,1,3,35,3
1870613,0,103,0,40,2,0,2,1,3,23,3
1870617,0,103,0,40,2,0,2,1,3,99,3
1870621,0,103,0,40,3,0,2,1,3,41,3
1870625,0,103,0,40,2,0,2,1,3,19,3
1870629,0,103,0,40,2,0,2,1,3,75,3
1870633,0,103,0,40,3,0,2,1,3,27,3
1870637,0,103,0,40,3,0,2,1,3,24,3
1870641,0,103,0,40,3,0,2,1,3,53,3
1870649,0,103,0,40,3,0,2,1,3,111,3
1870657,0,103,0,40,2,0,2,1,3,38,3
1870665,0,103,0,40,3,0,2,1,3,65,3
1870669,0,103,0,40,3,0,2,1,3,22,3
1870673,0,103,0,40,2,0,2,1,3,59,3
1870677,0,103,0,40,2,0,2,1,3,20,3
1870685,0,103,0,40,2,0,2,1,3,51,3
1870689,0,103,0,40,3,0,2,1,3,42,3
1870693,0,103,0,40,2,0,2,1,3,34,3
1870701,0,103,0,40,3,0,2,1,3,30,3
1870705,0,103,0,40,3,0,2,1,3,104,3
1870709,0,103,0,40,2,0,2,1,3,38,3
1870713,0,103,0,40,2,0,2,1,3,103,3
1870717,0,103,0,40,2,0,2,1,3,84,3
1870725,0,103,0,40,3,0,2,1,3,44,3
1870729,0,103,0,40,3,0,2,1,3,53,3
1870733,0,103,0,40,2,0,2,1,3,51,3
1870737,0,103,0,40,3,0,2,1,3,41,3
1870741,0,103,0,40,3,0,2,1,3,65,3
1870745,0,103,0,40,2,0,2,1,3,53,3
1870749,0,103,0,40,3,0,2,1,3,45,3
1870753,0,103,0,40,3,0,2,1,3,88,3
1870757,0,103,0,40,3,0,2,1,3,68,3
1870761,0,103,0,40,3,0,2,1,3,21,3
1870765,0,103,0,40,2,0,2,1,3,61,3
1870769,0,103,0,40,2,0,2,1,3,27,3
1870773,0,103,0,40,2,0,2,1,3,61,3
1870777,0,103,0,40,2,0,2,1,3,47,3
1870785,0,103,0,40,3,0,2,1,3,42,3
1870789,0,103,0,40,2,0,2,1,3,79,3
1870793,0,103,0,40,2,0,2,1,3,7,3
1870797,0,103,0,40,3,0,2,1,3,16,3
1870801,0,103,0,40,2,0,2,1,3,65,3
1870809,0,103,0,40,2,0,2,1,3,37,3
1870813,0,103,0,40,3,0,2,1,3,40,3
1870817,0,103,0,40,2,0,2,1,3,15,3
1870821,0,103,0,40,3,0,2,1,3,39,3
1870829,0,103,0,40,2,0,2,1,3,36,3
1870833,0,103,0,40,3,0,2,1,3,24,3
1870837,0,103,0,40,3,0,2,1,3,37,3
1870841,0,103,0,40,3,0,2,1,3,29,3
1870845,0,103,0,40,2,0,2,1,3,55,3
1870849,0,103,0,40,3,0,2,1,3,30,3
1870853,0,103,0,40,3,0,2,1,3,46,3
1870857,0,103,0,40,3,0,2,1,3,63,3
1870865,0,103,0,40,3,0,2,1,3,57,3
1870873,0,103,0,40,3,0,2,1,3,77,3
1870877,0,103,0,40,2,0,2,1,3,43,3
1870881,0,103,0,40,3,0,2,1,3,50,3
1870885,0,103,0,40,2,0,2,1,3,11,3
1870889,0,103,0,40,3,0,2,1,3,42,3
1870893,0,103,0,40,3,0,2,1,3,57,3
1870897,0,103,0,40,3,0,2,1,3,28,3
1870905,0,103,0,40,2,0,2,1,3,60,3
1870917,0,103,0,40,2,0,2,1,3,38,3
1870921,0,103,0,40,3,0,2,1,3,16,3
1870925,0,103,0,40,3,0,2,1,3,52,3
1870929,0,103,0,40,3,0,2,1,3,22,3
1870937,0,103,0,40,3,0,2,1,3,83,3
1870941,0,103,0,40,3,0,2,1,3,40,3
1870945,0,103,0,40,3,0,2,1,3,32,3
1870951,0,103,0,40,2,0,2,1,3,46,3
1870953,0,103,0,40,2,0,2,1,3,92,3
1870955,0,103,0,40,3,0,2,1,3,69,3
1870957,0,103,0,40,2,0,2,1,3,38,3
1870959,0,103,0,40,3,0,2,1,3,24,3
1870961,0,103,0,40,2,0,2,1,3,57,3
1870965,0,103,0,40,3,0,2,1,3,22,3
1870967,0,103,0,40,2,0,2,1,3,28,3
1870969,0,103,0,40,2,0,2,1,3,27,3
1870973,0,103,0,40,2,0,2,1,3,49,3
1870975,0,103,0,40,3,0,2,1,3,25,3
1870977,0,103,0,40,3,0,2,1,3,70,3
1870979,0,103,0,40,2,0,2,1,3,44,3
1870983,0,103,0,40,3,0,2,1,3,54,3
1870985,0,103,0,40,2,0,2,1,3,76,3
1870989,0,103,0,40,2,0,2,1,3,60,3
1870991,0,103,0,40,3,0,2,1,3,34,3
1870993,0,103,0,40,2,0,2,1,3,35,3
1870995,0,103,0,40,3,0,2,1,3,10,3
1870997,0,103,0,40,2,0,2,1,3,39,3
1870999,0,103,0,40,3,0,2,1,3,29,3
1871003,0,103,0,40,2,0,2,1,3,49,3
1871005,0,103,0,40,3,0,2,1,3,43,3
1871007,0,103,0,40,2,0,2,1,3,37,3
1871009,0,103,0,40,2,0,2,1,3,41,3
1871013,0,103,0,40,2,0,2,1,3,72,3
1871015,0,103,0,40,3,0,2,1,3,50,3
1871019,0,103,0,40,2,0,2,1,3,38,3
1871021,0,103,0,40,3,0,2,1,3,45,3
1871023,0,103,0,40,3,0,2,1,3,47,3
1871025,0,103,0,40,2,0,2,1,3,28,3
1871029,0,103,0,40,2,0,2,1,3,53,3
1871031,0,103,0,40,3,0,2,1,3,35,3
1871033,0,103,0,40,3,0,2,1,3,30,3
1871035,0,103,0,40,2,0,2,1,3,80,3
1871037,0,103,0,40,3,0,2,1,3,80,3
1871039,0,103,0,40,2,0,2,1,3,29,3
1871041,0,103,0,40,3,0,2,1,3,20,3
1871043,0,103,0,40,2,0,2,1,3,39,3
1871045,0,103,0,40,2,0,2,1,3,48,3
1871047,0,103,0,40,2,0,2,1,3,47,3
1871049,0,103,0,40,3,0,2,1,3,36,3
1871051,0,103,0,40,3,0,2,1,3,31,3
1871053,0,103,0,40,2,0,2,1,3,51,3
1871055,0,103,0,40,3,0,2,1,3,75,3
1871059,0,103,0,40,2,0,2,1,3,29,3
1871061,0,103,0,40,2,0,2,1,3,22,3
1871063,0,103,0,40,3,0,2,1,3,30,3
1871065,0,103,0,40,3,0,2,1,3,50,3
1871067,0,103,0,40,2,0,2,1,3,76,3
1871069,0,103,0,40,2,0,2,1,3,12,3
1871071,0,103,0,40,3,0,2,1,3,78,3
1871073,0,103,0,40,3,0,2,1,3,54,3
1871075,0,103,0,40,3,0,2,1,3,41,3
1871077,0,103,0,40,2,0,2,1,3,34,3
1871081,0,103,0,40,3,0,2,1,3,24,3
1871083,0,103,0,40,2,0,2,1,3,34,3
1871085,0,103,0,40,2,0,2,1,3,23,3
1871087,0,103,0,40,3,0,2,1,3,29,3
1871089,0,103,0,40,2,0,2,1,3,20,3
1871091,0,103,0,40,3,0,2,1,3,48,3
1871093,0,103,0,40,2,0,2,1,3,45,3
1871095,0,103,0,40,3,0,2,1,3,20,3
1871097,0,103,0,40,3,0,2,1,3,30,3
1871101,0,103,0,40,2,0,2,1,3,56,3
1871103,0,103,0,40,2,0,2,1,3,51,3
1871105,0,103,0,40,2,0,2,1,3,50,3
1871107,0,103,0,40,3,0,2,1,3,27,3
1871109,0,103,0,40,2,0,2,1,3,51,3
1871111,0,103,0,40,3,0,2,1,3,27,3
1871113,0,103,0,40,2,0,2,1,3,31,3
1871115,0,103,0,40,3,0,2,1,3,33,3
1871117,0,103,0,40,2,0,2,1,3,21,3
1871121,0,103,0,40,3,0,2,1,3,34,3
1871123,0,103,0,40,3,0,2,1,3,36,3
1871127,0,103,0,40,2,0,2,1,3,46,3
1871129,0,103,0,40,3,0,2,1,3,79,3
1871131,0,103,0,40,2,0,2,1,3,24,3
1871133,0,103,0,40,3,0,2,1,3,44,3
1871135,0,103,0,40,2,0,2,1,3,32,3
1871137,0,103,0,40,2,0,2,1,3,61,3
1871141,0,103,0,40,3,0,2,1,3,28,3
1871143,0,103,0,40,3,0,2,1,3,15,3
1871147,0,103,0,40,2,0,2,1,3,45,3
1871149,0,103,0,40,2,0,2,1,3,43,3
1871151,0,103,0,40,2,0,2,1,3,27,3
1871153,0,103,0,40,3,0,2,1,3,49,3
1871155,0,103,0,40,3,0,2,1,3,32,3
1871159,0,103,0,40,2,0,2,1,3,44,3
1871161,0,103,0,40,3,0,2,1,3,19,3
1871163,0,103,0,40,2,0,2,1,3,66,3
1871165,0,103,0,40,2,0,2,1,3,28,3
1871167,0,103,0,40,3,0,2,1,3,32,3
1871169,0,103,0,40,3,0,2,1,3,86,3
1871171,0,103,0,40,2,0,2,1,3,36,3
1871173,0,103,0,40,2,0,2,1,3,61,3
1871175,0,103,0,40,2,0,2,1,3,39,3
1871177,0,103,0,40,3,0,2,1,3,29,3
1871179,0,103,0,40,2,0,2,1,3,34,3
1871181,0,103,0,40,3,0,2,1,3,32,3
1871183,0,103,0,40,3,0,2,1,3,39,3
1871185,0,103,0,40,2,0,2,1,3,35,3
1871187,0,103,0,40,2,0,2,1,3,60,3
1871189,0,103,0,40,3,0,2,1,3,93,3
1871193,0,103,0,40,3,0,2,1,3,63,3
1871195,0,103,0,40,2,0,2,1,3,41,3
1871197,0,103,0,40,3,0,2,1,3,34,3
1871199,0,103,0,40,3,0,2,1,3,60,3
1871201,0,103,0,40,2,0,2,1,3,30,3
1871203,0,103,0,40,3,0,2,1,3,19,3
1871205,0,103,0,40,3,0,2,1,3,51,3
1871207,0,103,0,40,2,0,2,1,3,36,3
1871209,0,103,0,40,2,0,2,1,3,70,3
1871211,0,103,0,40,2,0,2,1,3,28,3
1871213,0,103,0,40,2,0,2,1,3,63,3
1871215,0,103,0,40,2,0,2,1,3,41,3
1871217,0,103,0,40,3,0,2,1,3,97,3
1871219,0,103,0,40,2,0,2,1,3,54,3
1871221,0,103,0,40,2,0,2,1,3,47,3
1871223,0,103,0,40,3,0,2,1,3,33,3
1871225,0,103,0,40,3,0,2,1,3,34,3
1871227,0,103,0,40,2,0,2,1,3,16,3
1871229,0,103,0,40,2,0,2,1,3,56,3
1871231,0,103,0,40,2,0,2,1,3,31,3
1871233,0,103,0,40,3,0,2,1,3,49,3
1871235,0,103,0,40,3,0,2,1,3,25,3
1871239,0,103,0,40,2,0,2,1,3,24,3
1871241,0,103,0,40,2,0,2,1,3,40,3
1871243,0,103,0,40,3,0,2,1,3,74,3
1871245,0,103,0,40,2,0,2,1,3,27,3
1871247,0,103,0,40,2,0,2,1,3,31,3
1871251,0,103,0,40,2,0,2,1,3,24,3
1871253,0,103,0,40,3,0,2,1,3,36,3
1871255,0,103,0,40,2,0,2,1,3,45,3
1871257,0,103,0,40,2,0,2,1,3,33,3
1871259,0,103,0,40,3,0,2,1,3,100,3
1871261,0,103,0,40,2,0,2,1,3,32,3
1871265,0,103,0,40,3,0,2,1,3,13,3
1871269,0,103,0,40,2,0,2,1,3,45,3
1871271,0,103,0,40,3,0,2,1,3,14,3
1871273,0,103,0,40,2,0,2,1,3,46,3
1871275,0,103,0,40,2,0,2,1,3,58,3
1871277,0,103,0,40,3,0,2,1,3,14,3
1871279,0,103,0,40,3,0,2,1,3,46,3
1871281,0,103,0,40,2,0,2,1,3,30,3
1871283,0,103,0,40,3,0,2,1,3,20,3
1871285,0,103,0,40,3,0,2,1,3,42,3
1871287,0,103,0,40,2,0,2,1,3,44,3
1848144,0,103,0,40,2,0,2,1,7,54,3
1848600,0,103,0,40,3,0,2,1,5,31,3
1848795,0,103,0,40,3,0,2,1,7,24,3
1849015,0,103,0,40,3,0,2,1,7,47,3
1849074,0,103,0,40,3,0,2,1,10,60,3
1849137,0,103,0,40,2,0,2,1,4,86,3
1849388,0,103,0,40,2,0,2,1,12,22,3
1849605,0,103,0,40,2,0,2,1,5,38,3
1849823,0,103,0,40,3,0,2,1,7,44,3
1850068,0,103,0,40,2,0,2,1,2,18,3
1850230,0,103,0,40,3,0,2,1,7,26,3
1850469,0,103,0,40,2,0,2,1,13,97,3
1850949,0,103,0,40,3,0,2,1,11,68,3
1850986,0,103,0,40,3,0,2,1,5,51,3
1851219,0,103,0,40,3,0,2,1,2,22,3
1851395,0,103,0,40,2,0,2,1,8,26,3
1851896,0,103,0,40,2,0,2,1,7,64,3
1852238,0,103,0,40,3,0,2,1,6,63,3
1852397,0,103,0,40,2,0,2,1,3,45,3
1853483,0,103,0,40,3,0,2,1,17,58,3
1853503,0,103,0,40,3,0,2,1,5,42,3
1853979,0,103,0,40,3,0,2,1,14,61,3
1854129,0,103,0,40,3,0,2,1,7,40,3
1854974,0,103,0,40,3,0,2,1,10,56,3
1855534,0,103,0,40,2,0,2,1,9,37,3
1855559,0,103,0,40,2,0,2,1,15,43,3
1855819,0,103,0,40,3,0,2,1,4,62,3
1855885,0,103,0,40,2,0,2,1,4,30,3
1856038,0,103,0,40,2,0,2,1,6,43,3
1856810,0,103,0,40,3,0,2,1,3,65,3
1857607,1,103,0,40,3,0,2,1,2,38,3
1847735,0,103,0,40,3,0,2,1,4,47,3
1847788,0,103,0,40,3,0,2,1,9,16,3
1849153,0,103,0,40,2,0,2,1,10,50,3
1849356,0,103,0,40,3,0,2,1,4,31,3
1849507,0,103,0,40,3,0,2,1,8,32,3
1849983,0,103,0,40,3,0,2,1,11,25,3
1850016,0,103,0,40,3,0,2,1,8,32,3
1850253,0,103,0,40,2,0,2,1,15,14,3
1850407,0,103,0,40,3,0,2,1,13,112,3
1850479,0,103,0,40,2,0,2,1,4,63,3
1851054,0,103,0,40,3,0,2,1,8,62,3
1851269,0,103,0,40,3,0,2,1,7,67,3
1851983,0,103,0,40,3,0,2,1,9,82,3
1852589,0,103,0,40,2,0,2,1,10,32,3
1852737,0,103,0,40,3,0,2,1,5,41,3
1852892,0,103,0,40,2,0,2,1,8,35,3
1853029,0,103,0,40,3,0,2,1,13,23,3
1853236,0,103,0,40,3,0,2,1,9,71,3
1853967,0,103,0,40,3,0,2,1,11,36,3
1854163,0,103,0,40,2,0,2,1,5,43,3
1855683,0,103,0,40,2,0,2,1,19,42,3
1855959,0,103,0,40,2,0,2,1,9,24,3
1856095,0,103,0,40,2,0,2,1,5,70,3
1856543,0,103,0,40,3,0,2,1,10,48,3
1847932,0,103,0,40,3,0,2,1,11,60,3
1848685,0,103,0,40,3,0,2,1,10,70,3
1849427,0,103,0,40,2,0,2,1,13,36,3
1851013,0,103,0,40,2,0,2,1,5,20,3
1851459,0,103,0,40,3,0,2,1,8,23,3
1852087,0,103,0,40,3,0,2,1,17,57,3
1852408,0,103,0,40,3,0,2,1,8,37,3
1852520,0,103,0,40,3,0,2,1,16,53,3
1853064,0,103,0,40,3,0,2,1,10,77,3
1853485,0,103,0,40,3,0,2,1,8,37,3
1853828,0,103,0,40,2,0,2,1,8,39,3
1854036,0,103,0,40,2,0,2,1,17,33,3
1854272,0,103,0,40,3,0,2,1,13,21,3
1855605,0,103,0,40,2,0,2,1,11,29,3
1855841,0,103,0,40,2,0,2,1,10,33,3
1856249,0,103,0,40,3,0,2,1,6,80,3
1857144,0,103,0,40,3,0,2,1,4,32,3
1857467,0,103,0,40,2,1,2,1,8,34,3
1847827,0,103,0,40,2,1,2,1,11,24,3
1847969,0,103,0,40,3,0,2,1,10,31,3
1848807,0,103,0,40,2,0,2,1,8,40,3
1849630,0,103,0,40,3,0,2,1,8,41,3
1851250,0,103,0,40,2,0,2,1,12,50,3
1853014,0,103,0,40,2,0,2,1,7,33,3
1853612,0,103,0,40,3,0,2,1,19,39,3
1854855,0,103,0,40,3,0,2,1,7,62,3
1857251,0,103,0,40,3,0,2,1,11,20,3
1857466,0,103,0,40,2,0,2,1,10,15,3
1847792,0,103,0,40,2,1,2,1,5,53,3
1849146,0,103,0,40,2,1,2,1,8,24,3
1853973,0,103,0,40,3,1,2,1,11,87,3
1857450,0,103,0,40,2,1,2,1,6,33,3
1848157,0,103,0,40,3,1,2,1,14,19,3
1847766,0,103,0,40,3,1,2,1,5,51,3
1849623,0,103,0,40,3,0,2,1,10,20,3
1851804,0,103,0,40,3,0,2,1,8,45,3
1852805,0,103,0,40,2,0,2,1,8,65,3
1856037,0,103,0,40,2,0,2,1,11,31,3
1856555,0,103,0,40,3,0,2,1,11,27,3
1856790,0,103,0,40,3,0,2,1,8,79,3
1856897,0,103,0,40,3,0,2,1,9,51,3
1857259,0,103,0,40,2,0,2,1,7,113,3
1851243,0,103,0,40,3,1,2,1,9,67,3
1855725,0,103,0,40,2,1,2,1,14,31,3
1848872,0,103,0,40,2,0,2,1,12,68,3
1850694,0,103,0,40,2,0,2,1,12,74,3
1851097,0,103,0,40,2,0,2,1,7,12,3
1854268,0,103,0,40,2,0,2,1,7,48,3
1855090,0,103,0,40,3,0,2,1,11,37,3
1857069,0,103,0,40,3,0,2,1,8,47,3
1857160,0,103,0,40,3,0,2,1,11,30,3
1849395,0,103,0,40,2,1,2,1,12,9,3
1852774,0,103,0,40,3,1,2,1,9,23,3
1856563,0,103,0,40,2,1,2,1,4,110,3
1851182,0,103,0,40,2,1,2,1,11,53,3
1852464,0,103,0,40,2,1,2,1,22,57,3
1848531,0,103,0,40,3,1,2,1,20,11,3
1849334,1,103,0,40,3,1,2,1,7,28,3
1848884,0,103,0,40,3,0,2,1,9,20,3
1849010,0,103,0,40,3,0,2,1,19,39,3
1852845,0,103,0,40,2,0,2,1,9,62,3
1854856,0,103,0,40,3,0,2,1,14,60,3
1856926,0,103,0,40,3,0,2,1,11,21,3
1857384,0,103,0,40,2,0,2,1,23,32,3
1854613,0,103,0,40,2,1,2,1,11,50,3
1856959,0,103,0,40,2,1,2,1,6,23,3
1851509,0,103,0,40,3,1,2,1,14,42,3
1852826,0,103,0,40,2,1,2,1,11,9,3
1848731,0,103,0,40,3,1,2,1,13,30,3
1847881,0,103,0,40,3,0,2,1,9,65,3
1855783,0,103,0,40,3,0,2,1,10,15,3
1857451,0,103,0,40,2,0,2,1,21,79,3
1853244,0,103,0,40,3,1,2,1,12,29,3
1851967,0,103,0,40,2,1,2,1,6,57,3
1852003,0,103,0,40,3,1,2,1,12,34,3
1853098,0,103,0,40,2,1,2,1,8,71,3
1849480,0,103,0,40,2,0,2,1,11,31,3
1849797,0,103,0,40,3,0,2,1,11,33,3
1854485,0,103,0,40,2,1,2,1,16,23,3
1849358,0,103,0,40,2,1,2,1,9,21,3
1854954,0,103,0,40,3,1,2,1,11,70,3
1857420,0,103,0,40,3,1,2,1,16,42,3
1849349,0,103,0,40,2,1,2,1,12,64,3
1851496,0,103,0,40,3,0,2,1,17,57,3
1852597,0,103,0,40,2,0,2,1,14,41,3
1855140,0,103,0,40,3,0,2,1,24,35,3
1857284,0,103,0,40,2,0,2,1,15,13,3
1855084,0,103,0,40,2,1,2,1,10,39,3
1855313,0,103,0,40,3,1,2,1,14,48,3
1855635,0,103,0,40,2,2,2,1,11,42,3
1852307,0,103,0,40,2,0,2,1,19,47,3
1854545,0,103,0,40,3,0,2,1,16,23,3
1855189,0,103,0,40,2,1,2,1,10,54,3
1855855,0,103,0,40,3,1,2,1,9,33,3
1848980,0,103,0,40,2,1,2,1,12,60,3
1855522,0,103,0,40,3,1,2,1,10,24,3
1849960,0,103,0,40,3,1,2,1,20,27,3
1854562,0,103,0,40,3,1,2,1,11,26,3
1853387,0,103,0,40,2,2,2,1,12,16,3
1851129,1,103,0,40,2,0,2,1,24,40,3
1850537,0,103,0,40,3,1,2,1,11,91,3
1850050,0,103,0,40,2,1,2,1,23,32,3
1850155,0,103,0,40,3,1,2,1,10,54,3
1848180,0,103,0,40,3,2,2,1,7,42,3
1853719,0,103,0,40,2,2,2,1,10,75,3
1854995,0,103,0,40,3,0,2,1,16,55,3
1854771,0,103,0,40,2,1,2,1,15,51,3
1850631,0,103,0,40,2,1,2,1,18,28,3
1856290,0,103,0,40,2,1,2,1,19,19,3
1849590,0,103,0,40,3,1,2,1,14,35,3
1851473,0,103,0,40,2,1,2,1,31,65,3
1855412,1,103,7,17.8469,3,1,2,1,16,55,3
1853252,0,103,0,40,3,1,2,1,19,38,3
1854610,0,103,0,40,3,1,2,1,18,89,3
1852513,0,103,0,40,2,1,2,1,18,33,3
1848372,0,103,0,40,3,1,2,1,27,99,3
1847974,0,103,0,40,2,1,2,1,25,17,3
1850310,0,103,0,40,2,2,2,1,11,52,3
1850496,0,103,0,40,2,1,2,1,21,68,3
1856179,0,103,0,40,2,1,2,1,18,22,3
1852280,0,103,0,40,3,2,2,1,10,21,3
1853123,0,103,0,40,3,2,2,1,12,40,3
1854944,0,103,0,40,2,1,2,1,17,80,3
1852760,0,103,0,40,3,1,2,1,14,88,3
1851481,0,103,0,40,3,1,2,1,15,52,3
1851218,0,103,0,40,3,1,2,1,25,40,3
1848784,0,103,0,40,3,2,2,1,12,39,3
1856301,0,103,0,40,2,1,2,1,19,56,3
1853981,0,103,0,40,2,2,2,1,13,36,3
1857588,0,103,0,40,3,2,2,1,7,64,3
1853594,0,103,0,40,3,1,2,1,27,28,3
1850821,0,103,0,40,2,3,2,1,17,37,3
1851387,0,103,0,40,2,2,2,1,10,46,3
1853676,1,103,0,40,2,1,2,1,30,34,3
1849155,0,103,0,40,2,2,2,1,16,48,3
1849725,0,103,0,40,3,1,2,1,18,58,3
1850483,0,103,0,40,3,2,2,1,26,48,3
1847902,0,103,0,40,3,2,2,1,24,59,3
1847789,0,103,0,40,2,2,2,1,8,27,3
1853805,0,103,0,40,2,3,2,1,21,24,3
1856876,0,103,0,40,2,1,2,1,31,89,3
1848300,0,103,0,40,2,1,2,1,20,31,3
1855645,0,103,0,40,2,3,2,1,26,56,3
1852973,0,103,0,40,3,2,2,1,18,23,3
1850773,0,103,0,40,3,2,2,1,39,48,3
1855526,0,103,0,40,3,4,2,1,25,29,3
1857798,0,103,0,40,2,1,2,1,12,49,3
1853999,0,103,0,40,2,3,2,1,26,22,3
1855421,0,103,0,40,3,2,2,1,26,15,3
1848426,0,103,0,40,3,2,2,1,27,36,3
1858133,0,103,0,40,3,0,2,1,3,12,3
1858196,0,103,0,40,2,0,2,1,3,15,3
1857855,0,103,0,40,3,1,2,1,13,48,3
1858206,0,103,0,40,3,0,2,1,5,24,3
1851584,0,103,0,40,3,4,2,1,24,43,3
1858273,0,103,0,40,2,0,2,1,4,68,3
1856202,0,103,0,40,3,3,2,1,36,63,3
1858361,0,103,0,40,3,0,2,1,6,29,3
1858188,0,103,0,40,2,1,2,1,7,63,3
1858400,0,103,0,40,3,0,2,1,6,55,3
1850806,0,103,0,40,3,3,2,1,25,20,3
1858144,0,103,0,40,2,1,2,1,6,27,3
1858311,0,103,0,40,3,1,2,1,4,57,3
1858431,0,103,0,40,2,0,2,1,5,21,3
1858770,0,103,0,40,3,0,2,1,4,47,3
1858765,0,103,0,40,2,0,2,1,4,45,3
1858720,0,103,0,40,2,0,2,1,9,51,3
1858323,0,103,0,40,3,1,2,1,13,36,3
1859255,0,103,0,40,3,0,2,1,5,22,3
1859237,0,103,0,40,2,0,2,1,3,23,3
1859183,0,103,0,40,2,0,2,1,6,61,3
1859283,0,103,0,40,2,0,2,1,7,42,3
1859337,0,103,0,40,3,0,2,1,8,68,3
1859412,0,103,0,40,3,0,2,1,7,33,3
1859471,0,103,0,40,2,0,2,1,5,21,3
1859595,0,103,0,40,2,0,2,1,6,33,3
1858844,0,103,0,40,2,1,2,1,7,90,3
1859705,0,103,0,40,3,0,2,1,5,37,3
1858207,0,103,0,40,3,2,2,1,16,20,3
1859736,0,103,0,40,2,0,2,1,3,43,3
1859608,0,103,0,40,2,0,2,1,5,23,3
1859854,0,103,0,40,2,0,2,1,3,34,3
1858067,0,103,0,40,3,1,2,1,20,17,3
1859162,0,103,0,40,3,0,2,1,13,65,3
1858780,0,103,0,40,2,1,2,1,14,37,3
1860051,0,103,0,40,2,0,2,1,5,59,3
1859091,0,103,0,40,3,1,2,1,9,45,3
1860535,0,103,0,40,3,0,2,1,3,21,3
1858156,0,103,0,40,3,2,2,1,17,38,3
1860579,0,103,0,40,3,0,2,1,3,52,3
1859876,0,103,0,40,3,0,2,1,9,68,3
1860739,0,103,0,40,2,0,2,1,4,15,3
1859078,0,103,0,40,3,0,2,1,20,35,3
1859466,0,103,0,40,2,1,2,1,12,34,3
1859298,0,103,0,40,3,1,2,1,10,17,3
1860304,0,103,0,40,3,1,2,1,6,37,3
1848209,0,103,0,40,2,1,2,1,25,47,3
1852257,0,103,0,40,3,2,2,1,19,41,3
1863603,0,103,0,40,2,2,2,1,10,32,3
1858433,0,103,0,40,3,3,2,1,43,49,3
1861729,0,103,0,40,2,2,2,1,24,24,3
1866639,0,103,0,40,3,1,2,1,5,44,3
1866982,0,103,0,40,3,1,2,1,3,45,3
1859998,0,103,0,40,3,3,2,1,23,20,3
1862126,0,103,0,40,2,3,2,1,15,49,3
1866306,0,103,0,40,3,1,2,1,7,60,3
1852116,0,103,0,40,3,1,2,1,11,28,3
1858747,0,103,0,40,3,1,2,1,8,54,3
1865469,0,103,0,40,2,2,2,1,5,28,3
1862613,0,103,0,40,3,1,2,1,20,74,3
1857660,0,103,0,40,3,1,2,1,29,32,3
1863014,0,103,0,40,3,3,2,1,16,51,3
1861648,0,103,0,40,3,3,2,1,22,19,3
1863350,0,103,0,40,2,3,2,1,10,32,3
1866194,0,103,0,40,2,1,2,1,7,120,3
1849466,0,103,0,40,3,4,2,1,29,45,3
1867291,0,103,0,40,2,1,2,1,5,39,3
1862298,0,103,0,40,3,3,2,1,14,25,3
1848608,0,103,0,40,3,2,2,1,21,28,3
1862461,0,103,0,40,2,4,2,1,17,18,3
1861626,0,103,0,40,2,1,2,1,30,43,3
1863267,0,103,0,40,3,1,2,1,22,35,3
1864992,0,103,0,40,2,1,2,1,14,65,3
1865303,0,103,0,40,2,1,2,1,13,14,3
1861681,0,103,0,40,2,2,2,1,20,49,3
1865967,0,103,0,40,2,1,2,1,10,42,3
1865691,0,103,0,40,2,1,2,1,9,19,3
1848168,0,103,0,40,3,1,2,1,18,98,3
1861386,0,103,0,40,3,3,2,1,17,41,3
1848636,0,103,0,40,2,2,2,1,13,51,3
1862753,0,103,0,40,2,3,2,1,19,56,3
1850810,0,103,0,40,3,3,2,1,14,56,3
1862806,0,103,0,40,3,3,2,1,14,28,3
1865158,0,103,0,40,2,3,2,1,8,21,3
1850974,0,103,0,40,3,1,2,1,15,30,3
1861795,0,103,0,40,2,3,2,1,23,107,3
1866741,0,103,0,40,2,2,2,1,6,51,3
1860473,0,103,0,40,2,1,2,1,5,52,3
1861932,0,103,0,40,2,4,2,1,14,35,3
1866387,0,103,0,40,2,1,2,1,4,38,3
1867484,0,103,0,40,2,1,2,1,4,27,3
1854781,0,103,0,40,3,1,2,1,12,56,3
1861491,0,103,0,40,3,3,2,1,19,29,3
1855399,0,103,0,40,3,4,2,1,22,40,3
1852198,0,103,0,40,3,2,2,1,8,70,3
1862945,0,103,0,40,2,3,2,1,16,73,3
1868182,0,103,0,40,3,1,2,1,3,19,3
1862059,0,103,0,40,3,1,2,1,29,26,3
1864465,0,103,0,40,3,1,2,1,17,20,3
1861289,0,103,0,40,2,2,2,1,28,26,3
1864785,0,103,0,40,2,1,2,1,15,28,3
1853882,0,103,0,40,3,1,2,1,24,72,3
1856485,0,103,0,40,2,3,2,1,22,26,3
1858926,0,103,0,40,3,2,2,1,19,34,3
1859685,0,103,0,40,2,2,2,1,12,33,3
1860118,0,103,0,40,3,4,2,1,26,38,3
1864605,0,103,0,40,3,2,2,1,10,92,3
1866269,0,103,0,40,3,1,2,1,9,140,3
1854146,0,103,0,40,2,2,2,1,18,11,3
1862251,0,103,0,40,2,3,2,1,16,28,3
1863979,0,103,0,40,3,3,2,1,16,46,3
1866532,0,103,0,40,3,1,2,1,8,11,3
1866911,0,103,0,40,2,1,2,1,8,28,3
1863577,0,103,0,40,3,2,2,1,14,30,3
1863835,0,103,0,40,3,2,2,1,18,36,3
1866938,0,103,0,40,2,1,2,1,7,35,3
1848620,0,103,0,40,2,1,2,1,16,87,3
1851542,0,103,0,40,2,3,2,1,17,16,3
1863747,0,103,0,40,3,3,2,1,17,42,3
1863920,0,103,0,40,2,2,2,1,14,36,3
1867563,0,103,0,40,2,1,2,1,6,30,3
1854233,0,103,0,40,3,1,2,1,19,41,3
1863156,0,103,0,40,3,3,2,1,8,71,3
1860111,0,103,0,40,2,4,2,1,30,53,3
1866805,0,103,0,40,2,2,2,1,7,35,3
1867302,0,103,0,40,2,1,2,1,5,75,3
1851582,0,103,0,40,3,1,2,1,19,56,3
1860676,0,103,0,40,3,4,2,1,17,25,3
1866212,0,103,0,40,3,2,2,1,5,58,3
1861157,0,103,0,40,2,5,2,1,19,21,3
1867241,0,103,0,40,3,2,2,1,6,69,3
1867877,0,103,0,40,2,1,2,1,4,49,3
1868112,0,103,0,40,2,1,2,1,4,83,3
1853050,0,103,0,40,2,1,2,1,6,39,3
1848178,0,103,0,40,3,3,2,1,16,52,3
1860587,0,103,0,40,3,3,2,1,29,66,3
1851988,0,103,0,40,2,2,2,1,10,22,3
1853721,0,103,0,40,3,3,2,1,21,81,3
1858071,0,103,0,40,3,3,2,1,16,34,3
1868271,0,103,0,40,2,1,2,1,3,32,3
1868585,0,103,0,40,3,1,2,1,3,66,3
1859621,0,103,0,40,2,4,2,1,36,42,3
1852637,0,103,0,40,3,2,2,1,30,84,3
1858274,0,103,0,40,2,6,2,1,48,46,3
1860402,0,103,0,40,2,3,2,1,22,29,3
1855012,0,103,0,40,3,1,2,1,15,88,3
1861785,0,103,0,40,3,3,2,1,23,29,3
1865846,0,103,0,40,2,1,2,1,13,57,3
1859915,0,103,0,40,2,3,2,1,38,63,3
1857356,0,103,0,40,2,1,2,1,13,21,3
1861214,0,103,0,40,2,3,2,1,25,44,3
1863877,0,103,0,40,3,3,2,1,16,45,3
1853323,0,103,0,40,2,1,2,1,15,38,3
1848050,0,103,0,40,3,2,2,1,21,72,3
1861619,0,103,0,40,2,5,2,1,27,37,3
1866705,0,103,0,40,2,1,2,1,10,50,3
1860099,0,103,0,40,2,4,2,1,38,40,3
1864116,0,103,0,40,3,2,2,1,18,78,3
1866873,0,103,0,40,3,1,2,1,9,40,3
1852381,0,103,0,40,3,1,2,1,21,29,3
1863777,0,103,0,40,3,2,2,1,15,42,3
1862921,0,103,0,40,3,2,2,1,21,72,3
1860159,0,103,0,40,2,6,2,1,23,82,3
1858507,0,103,0,40,3,4,2,1,19,48,3
1865974,0,103,0,40,2,1,2,1,8,24,3
1867313,0,103,0,40,3,1,2,1,8,81,3
1850892,0,103,0,40,2,1,2,1,20,69,3
1863813,0,103,0,40,2,2,2,1,17,51,3
1864378,0,103,0,40,3,3,2,1,10,25,3
1861348,0,103,0,40,3,4,2,1,21,101,3
1863104,0,103,0,40,3,3,2,1,19,27,3
1867176,0,103,0,40,2,1,2,1,7,30,3
1867395,0,103,0,40,3,1,2,1,7,80,3
1853690,0,103,0,40,2,2,2,1,18,51,3
1865151,0,103,0,40,2,2,2,1,12,38,3
1859525,0,103,0,40,2,5,2,1,35,34,3
1863652,1,103,90,35.1807,2,3,2,1,15,89,3
1859806,0,103,0,40,3,4,2,1,36,34,3
1867028,0,103,0,40,3,1,2,1,6,57,3
1867744,0,103,0,40,2,1,2,1,6,29,3
1867906,0,103,0,40,3,1,2,1,6,43,3
1847866,0,103,0,40,3,1,2,1,14,30,3
1857407,0,103,0,40,2,1,2,1,17,35,3
1864541,0,103,0,40,3,2,2,1,8,43,3
1863925,0,103,0,40,3,3,2,1,10,51,3
1862494,0,103,0,40,3,3,2,1,15,39,3
1866138,0,103,0,40,2,2,2,1,6,43,3
1865798,0,103,0,40,3,3,2,1,10,28,3
1867329,0,103,0,40,2,2,2,1,8,33,3
1867542,0,103,0,40,2,1,2,1,5,56,3
1868026,0,103,0,40,2,1,2,1,5,8,3
1868210,0,103,0,40,2,1,2,1,5,42,3
1849979,0,103,0,40,2,1,2,1,10,21,3
1856918,0,103,0,40,3,1,2,1,9,65,3
1850902,0,103,0,40,2,3,2,1,11,67,3
1861117,0,103,0,40,2,4,2,1,20,32,3
1860426,0,103,0,40,2,4,2,1,22,52,3
1864999,0,103,0,40,2,2,2,1,9,44,3
1856575,0,103,0,40,2,5,2,1,25,9,3
1854721,0,103,0,40,2,2,2,1,14,23,3
1849171,0,103,0,40,2,2,2,1,16,38,3
1855059,0,103,0,40,3,3,2,1,20,65,3
1861374,0,103,0,40,3,3,2,1,19,42,3
1857060,0,103,0,40,2,2,2,1,18,37,3
1868039,0,103,0,40,2,1,2,1,4,76,3
1855009,0,103,0,40,2,1,2,1,9,39,3
1855512,0,103,0,40,3,3,2,1,17,69,3
1861373,0,103,0,40,3,2,2,1,26,37,3
1860443,0,103,0,40,2,4,2,1,22,39,3
1852946,0,103,0,40,2,4,2,1,32,39,3
1863556,0,103,0,40,2,4,2,1,9,48,3
1864683,0,103,0,40,2,2,2,1,14,58,3
1862175,0,103,0,40,3,4,2,1,15,48,3
1860423,0,103,0,40,3,5,2,1,25,63,3
1854101,0,103,0,40,3,4,2,1,21,81,3
1868117,0,103,0,40,3,1,2,1,3,16,3
1868704,0,103,0,40,2,1,2,1,3,67,3
1868864,0,103,0,40,3,1,2,1,3,29,3
1852706,1,103,0,40,2,1,2,1,12,72,3
1854922,0,103,0,40,3,1,2,1,26,32,3
1859507,0,103,0,40,2,2,2,1,36,45,3
1861266,0,103,0,40,2,3,2,1,32,32,3
1861711,0,103,0,40,2,2,2,1,32,20,3
1860066,0,103,0,40,3,3,2,1,35,54,3
1855209,0,103,0,40,3,1,2,1,27,88,3
1847884,0,103,0,40,3,2,2,1,23,28,3
1848756,0,103,0,40,2,1,2,1,21,49,3
1848384,0,103,0,40,2,2,2,1,20,24,3
1865531,0,103,0,40,3,1,2,1,15,78,3
1859610,0,103,0,40,3,4,2,1,32,43,3
1859369,0,103,0,40,2,3,2,1,37,39,3
1858521,0,103,0,40,3,6,2,1,38,24,3
1862848,0,103,0,40,2,2,2,1,22,25,3
1865674,0,103,0,40,3,1,2,1,13,38,3
1861123,0,103,0,40,2,3,2,1,23,51,3
1860642,0,103,0,40,3,4,2,1,24,40,3
1858798,0,103,0,40,2,8,2,1,32,27,3
1852686,0,103,0,40,2,1,2,1,15,44,3
1860358,0,103,0,40,2,3,2,1,31,135,3
1863527,0,103,0,40,2,2,2,1,16,39,3
1865931,0,103,0,40,3,1,2,1,11,42,3
1866789,0,103,0,40,2,1,2,1,11,44,3
1861836,0,103,0,40,2,2,2,1,23,28,3
1852057,1,103,97,13.8301,3,4,2,1,13,33,3
1865511,0,103,0,40,3,2,2,1,12,45,3
1867019,0,103,0,40,3,1,2,1,10,44,3
1854375,0,103,0,40,3,1,2,1,15,68,3
1853282,0,103,0,40,2,5,2,1,50,26,3
1863297,0,103,0,40,2,3,2,1,16,64,3
1865908,0,103,0,40,2,2,2,1,11,40,3
1863017,0,103,0,40,2,3,2,1,18,29,3
1866990,0,103,0,40,3,1,2,1,9,28,3
1867187,0,103,0,40,3,1,2,1,9,31,3
1867305,0,103,0,40,3,1,2,1,9,74,3
1855312,0,103,0,40,3,1,2,1,14,46,3
1858794,0,103,0,40,2,1,2,1,12,25,3
1859782,0,103,0,40,3,5,2,1,26,75,3
1861611,0,103,0,40,3,2,2,1,29,33,3
1865005,0,103,0,40,3,2,2,1,9,42,3
1866054,0,103,0,40,3,1,2,1,8,42,3
1867000,0,103,0,40,2,1,2,1,8,43,3
1867268,0,103,0,40,2,1,2,1,8,64,3
1867565,0,103,0,40,3,1,2,1,8,39,3
1867653,0,103,0,40,3,1,2,1,8,19,3
1847748,0,103,0,40,3,4,2,1,18,59,3
1860981,0,103,0,40,3,2,2,1,31,69,3
1863489,0,103,0,40,2,3,2,1,14,76,3
1861893,0,103,0,40,2,4,2,1,12,38,3
1862219,0,103,0,40,3,4,2,1,16,27,3
1862969,0,103,0,40,3,2,2,1,23,43,3
1855461,0,103,0,40,3,3,2,1,20,47,3
1861890,0,103,0,40,3,3,2,1,26,30,3
1866451,0,103,0,40,2,1,2,1,7,74,3
1867644,0,103,0,40,2,1,2,1,7,56,3
1867914,0,103,0,40,2,1,2,1,7,23,3
1854310,0,103,0,40,2,1,2,1,11,119,3
1858106,0,103,0,40,2,4,2,1,23,54,3
1862509,0,103,0,40,3,2,2,1,24,47,3
1864091,0,103,0,40,3,2,2,1,12,25,3
1862807,0,103,0,40,2,4,2,1,12,29,3
1848775,0,103,0,40,3,3,2,1,20,44,3
1860856,0,103,0,40,3,3,2,1,25,28,3
1867349,0,103,0,40,3,2,2,1,7,46,3
1850643,0,103,0,40,2,2,2,1,22,21,3
1867526,0,103,0,40,2,1,2,1,6,33,3
1867729,0,103,0,40,3,1,2,1,6,54,3
1868036,0,103,0,40,2,1,2,1,6,43,3
1868244,0,103,0,40,2,1,2,1,6,76,3
1853675,0,103,0,40,3,1,2,1,7,28,3
1848172,0,103,0,40,3,1,2,1,18,44,3
1856892,0,103,0,40,2,2,2,1,22,34,3
1858405,0,103,0,40,2,2,2,1,19,19,3
1865800,0,103,0,40,3,2,2,1,6,40,3
1853451,0,103,0,40,2,2,2,1,13,78,3
1860964,0,103,0,40,3,4,2,1,23,42,3
1851419,0,103,0,40,2,3,2,1,12,55,3
1861024,0,103,0,40,2,3,2,1,31,55,3
1859943,0,103,0,40,2,6,2,1,20,56,3
1866621,0,103,0,40,2,2,2,1,8,29,3
1862503,0,103,0,40,3,3,2,1,17,40,3
1859594,0,103,0,40,3,4,2,1,35,96,3
1851298,0,103,0,40,3,4,2,1,23,92,3
1850225,0,103,0,40,2,2,2,1,10,26,3
1867506,0,103,0,40,2,1,2,1,5,84,3
1868215,0,103,0,40,2,1,2,1,5,24,3
1868563,0,103,0,40,3,1,2,1,5,58,3
1847960,0,103,0,40,3,2,2,1,16,55,3
1855193,0,103,0,40,2,2,2,1,32,17,3
1860830,0,103,0,40,3,4,2,1,18,32,3
1863313,0,103,0,40,3,2,2,1,19,40,3
1865680,0,103,0,40,2,2,2,1,8,30,3
1864514,0,103,0,40,3,2,2,1,13,86,3
1858574,0,103,0,40,2,7,2,1,40,59,3
1863499,0,103,0,40,2,3,2,1,14,70,3
1857987,0,103,0,40,3,3,2,1,27,29,3
1866204,0,103,0,40,3,2,2,1,8,25,3
1866165,0,103,0,40,3,3,2,1,6,34,3
1857247,0,103,0,40,2,2,2,1,20,28,3
1849192,0,103,0,40,2,3,2,1,12,79,3
1860472,0,103,0,40,2,6,2,1,26,60,3
1864065,0,103,0,40,2,3,2,1,16,21,3
1867828,0,103,0,40,2,2,2,1,5,81,3
1866860,0,103,0,40,3,1,2,1,4,39,3
1868165,0,103,0,40,2,1,2,1,4,41,3
1868662,0,103,0,40,3,1,2,1,4,27,3
1868902,0,103,0,40,2,1,2,1,4,74,3
1849053,0,103,0,40,3,1,2,1,11,23,3
1856867,0,103,0,40,3,3,2,1,31,52,3
1862153,0,103,0,40,3,3,2,1,12,12,3
1861505,0,103,0,40,2,3,2,1,18,75,3
1852460,0,103,0,40,3,2,2,1,18,42,3
1866250,0,103,0,40,2,2,2,1,7,42,3
1863178,0,103,0,40,3,4,2,1,16,24,3
1858734,0,103,0,40,3,5,2,1,43,20,3
1866723,0,103,0,40,2,3,2,1,5,48,3
1866389,0,103,0,40,3,2,2,1,8,38,3
1867690,0,103,0,40,2,2,2,1,4,36,3
1867273,0,103,0,40,2,2,2,1,7,87,3
1861983,0,103,0,40,2,5,2,1,17,76,3
1860088,0,103,0,40,3,6,2,1,27,53,3
1854260,0,103,0,40,3,3,2,1,18,44,3
1868424,0,103,0,40,3,1,2,1,3,28,3
1869035,0,103,0,40,2,1,2,1,3,50,3
1869141,0,103,0,40,2,1,2,1,3,29,3
1850635,0,103,0,40,2,1,2,1,5,62,3
1849720,0,103,0,40,2,1,2,1,9,34,3
1851457,0,103,0,40,2,3,2,1,7,33,3
1857835,0,103,0,40,3,1,2,1,12,75,3
1859681,0,103,0,40,3,1,2,1,6,15,3
1862354,0,103,0,40,3,1,2,1,30,43,3
1862549,0,103,0,40,2,1,2,1,25,61,3
1863891,0,103,0,40,3,1,2,1,23,38,3
1864433,0,103,0,40,2,1,2,1,20,49,3
1862981,0,103,0,40,2,2,2,1,23,24,3
1861951,0,103,0,40,2,3,2,1,24,47,3
1856595,0,103,0,40,3,1,2,1,29,26,3
1865412,0,103,0,40,2,1,2,1,16,69,3
1849827,0,103,0,40,3,4,2,1,18,26,3
1865864,0,103,0,40,3,1,2,1,15,37,3
1853986,0,103,0,40,3,3,2,1,23,36,3
1864361,0,103,0,40,2,2,2,1,15,50,3
1860801,0,103,0,40,3,4,2,1,34,48,3
1853465,0,103,0,40,2,2,2,1,24,39,3
1865270,0,103,0,40,2,1,2,1,14,58,3
1865853,0,103,0,40,3,1,2,1,14,25,3
1848195,0,103,0,40,2,1,2,1,17,40,3
1859368,0,103,0,40,3,1,2,1,20,75,3
1859245,0,103,0,40,3,4,2,1,32,13,3
1864364,0,103,0,40,2,2,2,1,16,58,3
1861894,0,103,0,40,3,3,2,1,22,39,3
1865510,0,103,0,40,3,1,2,1,13,44,3
1853645,0,103,0,40,3,3,2,1,25,34,3
1853626,0,103,0,40,2,2,2,1,16,33,3
1864429,0,103,0,40,3,2,2,1,16,41,3
1857644,0,103,0,40,3,2,2,1,21,50,3
1853216,0,103,0,40,3,3,2,1,21,38,3
1861040,0,103,0,40,3,3,2,1,25,36,3
1863672,0,103,0,40,2,2,2,1,13,64,3
1861868,0,103,0,40,2,4,2,1,23,31,3
1864255,0,103,0,40,2,2,2,1,17,51,3
1866628,0,103,0,40,3,1,2,1,11,53,3
1866981,0,103,0,40,3,1,2,1,11,62,3
1858348,0,103,0,40,2,2,2,1,14,37,3
1859750,0,103,0,40,2,4,2,1,34,10,3
1862707,0,103,0,40,3,3,2,1,20,47,3
1860689,0,103,0,40,2,4,2,1,25,40,3
1865614,0,103,0,40,2,1,2,1,10,28,3
1867062,0,103,0,40,3,1,2,1,10,41,3
1867301,0,103,0,40,2,1,2,1,10,33,3
1854980,0,103,0,40,3,1,2,1,23,23,3
1854636,0,103,0,40,3,1,2,1,19,50,3
1848245,0,103,0,40,3,3,2,1,22,35,3
1854731,0,103,0,40,3,3,2,1,32,35,3
1849751,0,103,0,40,3,3,2,1,36,52,3
1862577,0,103,0,40,3,3,2,1,15,29,3
1853947,1,103,0,40,2,2,2,1,17,50,3
1860653,0,103,0,40,2,4,2,1,32,38,3
1858495,0,103,0,40,2,8,2,1,31,46,3
1866968,0,103,0,40,3,1,2,1,9,60,3
1867407,0,103,0,40,3,1,2,1,9,45,3
1867671,0,103,0,40,3,1,2,1,9,37,3
1857250,0,103,0,40,2,1,2,1,10,45,3
1856040,0,103,0,40,3,3,2,1,18,45,3
1858671,0,103,0,40,2,2,2,1,21,32,3
1861621,0,103,0,40,3,4,2,1,18,20,3
1861081,0,103,0,40,2,4,2,1,18,43,3
1863429,0,103,0,40,3,2,2,1,20,27,3
1866116,0,103,0,40,2,2,2,1,9,31,3
1865980,0,103,0,40,3,2,2,1,10,39,3
1867012,0,103,0,40,2,1,2,1,8,51,3
1867802,0,103,0,40,2,1,2,1,8,60,3
1849663,0,103,0,40,3,1,2,1,10,44,3
1855151,0,103,0,40,2,2,2,1,16,31,3
1850421,0,103,0,40,2,2,2,1,14,22,3
1855336,0,103,0,40,2,2,2,1,17,48,3
1861735,0,103,0,40,3,3,2,1,23,39,3
1854735,0,103,0,40,3,6,2,1,26,37,3
1848959,0,103,0,40,2,6,2,1,31,50,3
1866469,0,103,0,40,2,2,2,1,8,48,3
1866711,0,103,0,40,3,2,2,1,9,41,3
1867319,0,103,0,40,3,2,2,1,8,18,3
1867785,0,103,0,40,3,1,2,1,7,64,3
1867845,0,103,0,40,3,1,2,1,7,66,3
1853671,0,103,0,40,2,1,2,1,9,40,3
1857101,0,103,0,40,3,2,2,1,19,27,3
1858160,0,103,0,40,2,4,2,1,14,27,3
1859018,0,103,0,40,2,6,2,1,29,56,3
1864227,0,103,0,40,2,2,2,1,13,81,3
1850747,0,103,0,40,2,3,2,1,19,62,3
1860554,0,103,0,40,3,3,2,1,18,52,3
1852585,0,103,0,40,3,3,2,1,19,61,3
1858727,0,103,0,40,2,5,2,1,35,24,3
1867409,0,103,0,40,3,2,2,1,7,75,3
1868035,0,103,0,40,2,1,2,1,6,33,3
1868313,0,103,0,40,2,1,2,1,6,28,3
1868419,0,103,0,40,3,1,2,1,6,35,3
1868507,0,103,0,40,2,1,2,1,6,39,3
1868609,0,103,0,40,3,1,2,1,6,48,3
1855167,0,103,0,40,3,3,2,1,14,27,3
1855491,0,103,0,40,3,2,2,1,24,55,3
1859587,0,103,0,40,2,1,2,1,8,21,3
1855360,0,103,0,40,2,2,2,1,11,69,3
1855548,0,103,0,40,2,3,2,1,26,71,3
1864952,0,103,0,40,3,3,2,1,12,30,3
1860862,0,103,0,40,2,4,2,1,29,48,3
1866535,0,103,0,40,2,2,2,1,8,37,3
1863140,0,103,0,40,2,2,2,1,21,42,3
1863085,0,103,0,40,3,5,2,1,9,29,3
1866689,0,103,0,40,2,2,2,1,10,23,3
1867500,0,103,0,40,3,2,2,1,7,53,3
1868358,0,103,0,40,2,1,2,1,5,32,3
1868554,0,103,0,40,2,1,2,1,5,58,3
1868892,0,103,0,40,3,1,2,1,5,69,3
1868940,0,103,0,40,3,1,2,1,5,17,3
1855825,0,103,0,40,2,1,2,1,19,36,3
1852966,0,103,0,40,3,2,2,1,19,18,3
1858786,0,103,0,40,3,6,2,1,34,66,3
1861325,0,103,0,40,2,5,2,1,22,26,3
1862348,0,103,0,40,2,5,2,1,14,53,3
1848977,0,103,0,40,2,2,2,1,15,50,3
1851141,0,103,0,40,2,3,2,1,19,50,3
1862388,0,103,0,40,3,4,2,1,21,15,3
1862241,0,103,0,40,2,3,2,1,20,21,3
1864762,0,103,0,40,3,3,2,1,15,86,3
1856984,0,103,0,40,2,3,2,1,8,55,3
1868552,0,103,0,40,2,1,2,1,4,23,3
1868637,0,103,0,40,2,1,2,1,4,50,3
1868805,0,103,0,40,3,1,2,1,4,28,3
1869007,0,103,0,40,2,1,2,1,4,40,3
1869089,0,103,0,40,2,1,2,1,4,18,3
1869139,0,103,0,40,3,1,2,1,4,16,3
1848428,0,103,0,40,3,1,2,1,18,23,3
1850345,0,103,0,40,3,1,2,1,4,61,3
1853789,0,103,0,40,3,1,2,1,10,105,3
1855371,0,103,0,40,3,2,2,1,27,63,3
1851558,0,103,0,40,3,2,2,1,26,36,3
1860507,0,103,0,40,2,3,2,1,30,54,3
1866013,0,103,0,40,2,2,2,1,6,40,3
1859209,0,103,0,40,3,3,2,1,10,83,3
1860632,0,103,0,40,2,2,2,1,8,46,3
1867219,0,103,0,40,3,2,2,1,4,39,3
1854026,0,103,0,40,2,5,2,1,32,50,3
1866035,0,103,0,40,3,2,2,1,10,47,3
1862527,0,103,0,40,2,4,2,1,20,30,3
1866488,0,103,0,40,3,3,2,1,8,47,3
1860291,0,103,0,40,3,7,2,1,23,65,3
1867726,0,103,0,40,3,2,2,1,4,31,3
1858415,0,103,0,40,3,5,2,1,22,12,3
1860915,0,103,0,40,2,5,2,1,22,38,3
1861197,0,103,0,40,2,5,2,1,21,14,3
1851441,0,103,0,40,2,2,2,1,19,37,3
1866123,0,103,0,40,3,2,2,1,12,31,3
1857794,0,103,0,40,3,4,2,1,19,23,3
1858267,0,103,0,40,3,2,2,1,9,40,3
1848566,0,103,0,40,3,3,2,1,18,27,3
1865091,0,103,0,40,2,4,2,1,12,37,3
1867450,0,103,0,40,3,1,2,1,3,29,3
1868647,0,103,0,40,2,1,2,1,3,48,3
1869034,0,103,0,40,2,1,2,1,3,32,3
1869126,0,103,0,40,3,1,2,1,3,90,3
1869222,0,103,0,40,2,1,2,1,3,50,3
1869295,0,103,0,40,3,1,2,1,3,102,3
1869321,0,103,0,40,3,1,2,1,3,73,3
1869415,0,103,0,40,3,1,2,1,3,46,3
1869475,0,103,0,40,2,1,2,1,3,30,3
1848514,0,103,0,40,3,1,2,1,8,32,3
1853460,0,103,0,40,2,1,2,1,5,46,3
1851834,0,103,0,40,3,1,2,1,7,69,3
1853328,0,103,0,40,2,2,2,1,5,25,3
1847876,0,103,0,40,2,5,2,1,24,30,3
1860164,0,103,0,40,2,1,2,1,45,37,3
1861768,0,103,0,40,2,1,2,1,29,37,3
1860165,0,103,0,40,2,3,2,1,39,40,3
1863550,0,103,0,40,2,1,2,1,24,89,3
1850369,0,103,0,40,2,10,2,1,62,21,3
1863779,0,103,0,40,2,2,2,1,20,45,3
1857388,0,103,0,40,2,3,2,1,28,41,3
1863972,0,103,0,40,3,2,2,1,19,30,3
1860925,0,103,0,40,3,2,2,1,35,53,3
1865683,0,103,0,40,2,1,2,1,17,41,3
1862510,0,103,0,40,3,2,2,1,21,38,3
1849557,0,103,0,40,3,3,2,1,25,54,3
1865704,0,103,0,40,3,1,2,1,16,51,3
1859768,0,103,0,40,3,6,2,1,29,42,3
1860555,0,103,0,40,2,4,2,1,27,57,3
1865987,0,103,0,40,3,1,2,1,15,13,3
1852077,0,103,0,40,3,1,2,1,18,48,3
1864221,0,103,0,40,3,2,2,1,16,26,3
1861672,0,103,0,40,2,2,2,1,27,26,3
1862279,0,103,0,40,2,3,2,1,27,54,3
1866152,0,103,0,40,2,1,2,1,14,36,3
1866504,0,103,0,40,2,1,2,1,14,46,3
1856070,0,103,0,40,3,2,2,1,27,31,3
1861405,0,103,0,40,2,3,2,1,28,27,3
1859562,0,103,0,40,3,6,2,1,31,37,3
1864657,0,103,0,40,3,3,2,1,16,21,3
1866509,0,103,0,40,3,1,2,1,13,37,3
1860287,0,103,0,40,2,2,2,1,37,41,3
1861471,0,103,0,40,3,4,2,1,26,74,3
1865703,0,103,0,40,2,1,2,1,12,50,3
1866126,0,103,0,40,2,1,2,1,12,28,3
1867001,0,103,0,40,2,1,2,1,12,37,3
1859961,0,103,0,40,3,5,2,1,35,86,3
1866131,0,103,0,40,3,2,2,1,12,38,3
1863713,0,103,0,40,3,3,2,1,20,27,3
1867347,0,103,0,40,2,1,2,1,11,28,3
1848151,0,103,0,40,2,1,2,1,19,43,3
1853273,0,103,0,40,3,2,2,1,23,43,3
1867447,0,103,0,40,3,1,2,1,10,34,3
1851796,0,103,0,40,3,1,2,1,17,42,3
1854902,0,103,0,40,3,2,2,1,12,61,3
1863613,0,103,0,40,2,2,2,1,16,77,3
1862834,0,103,0,40,3,3,2,1,16,30,3
1848098,0,103,0,40,3,2,2,1,28,48,3
1864484,0,103,0,40,2,3,2,1,13,19,3
1863431,0,103,0,40,3,2,2,1,18,29,3
1867734,0,103,0,40,2,1,2,1,9,28,3
1855023,0,103,0,40,3,2,2,1,18,41,3
1861330,0,103,0,40,2,3,2,1,19,67,3
1865677,0,103,0,40,2,2,2,1,10,51,3
1863625,0,103,0,40,2,3,2,1,17,31,3
1863921,0,103,0,40,3,3,2,1,15,43,3
1853638,0,103,0,40,3,4,2,1,29,32,3
1861779,0,103,0,40,3,4,2,1,24,65,3
1867290,0,103,0,40,3,1,2,1,8,15,3
1868232,0,103,0,40,2,1,2,1,8,41,3
1854077,0,103,0,40,3,1,2,1,13,51,3
1854254,0,103,0,40,2,3,2,1,16,45,3
1857843,0,103,0,40,3,2,2,1,15,23,3
1861508,0,103,0,40,2,3,2,1,17,28,3
1851725,0,103,0,40,3,3,2,1,22,37,3
1866333,0,103,0,40,3,2,2,1,9,26,3
1862385,0,103,0,40,2,3,2,1,24,103,3
1859977,0,103,0,40,3,3,2,1,10,43,3
1860941,0,103,0,40,2,4,2,1,27,43,3
1867394,0,103,0,40,3,1,2,1,7,21,3
1868357,0,103,0,40,2,1,2,1,7,49,3
1852411,0,103,0,40,3,1,2,1,15,73,3
1850946,0,103,0,40,2,1,2,1,12,47,3
1852582,0,103,0,40,3,1,2,1,15,19,3
1855684,0,103,0,40,2,2,2,1,17,51,3
1857928,0,103,0,40,2,2,2,1,10,100,3
1863555,0,103,0,40,3,3,2,1,12,59,3
1861560,0,103,0,40,3,4,2,1,21,14,3
1858047,0,103,0,40,2,3,2,1,15,116,3
1864339,0,103,0,40,3,2,2,1,15,29,3
1861176,0,103,0,40,2,5,2,1,22,65,3
1849426,0,103,0,40,3,2,2,1,11,86,3
1850393,0,103,0,40,3,2,2,1,40,35,3
1865711,0,103,0,40,2,2,2,1,10,52,3
1859674,0,103,0,40,2,4,2,1,14,57,3
1859552,0,103,0,40,2,2,2,1,9,29,3
1868173,0,103,0,40,2,1,2,1,6,78,3
1868734,0,103,0,40,3,1,2,1,6,38,3
1868894,0,103,0,40,3,1,2,1,6,79,3
1868928,0,103,0,40,2,1,2,1,6,39,3
1853564,0,103,0,40,3,1,2,1,10,10,3
1851056,0,103,0,40,3,1,2,1,13,37,3
1855874,0,103,0,40,3,4,2,1,12,57,3
1862908,0,103,0,40,3,3,2,1,8,12,3
1851595,0,103,0,40,2,6,2,1,37,35,3
1858520,0,103,0,40,3,2,2,1,14,29,3
1847867,0,103,0,40,2,3,2,1,28,29,3
1865461,0,103,0,40,2,3,2,1,8,37,3
1867075,0,103,0,40,2,2,2,1,6,30,3
1863003,0,103,0,40,2,3,2,1,21,23,3
1866383,0,103,0,40,3,2,2,1,7,9,3
1854821,0,103,0,40,2,3,2,1,18,62,3
1864461,0,103,0,40,3,3,2,1,9,35,3
1864025,0,103,0,40,2,4,2,1,11,49,3
1862433,0,103,0,40,3,2,2,1,28,33,3
1860074,0,103,0,40,3,3,2,1,19,44,3
1849592,0,103,0,40,3,2,2,1,11,64,3
1867216,0,103,0,40,2,2,2,1,8,18,3
1867806,0,103,0,40,3,2,2,1,7,12,3
1867130,0,103,0,40,3,2,2,1,6,33,3
1861760,0,103,0,40,3,3,2,1,26,46,3
1867594,0,103,0,40,3,1,2,1,5,67,3
1868352,0,103,0,40,3,1,2,1,5,53,3
1868621,0,103,0,40,3,1,2,1,5,43,3
1868721,0,103,0,40,3,1,2,1,5,43,3
1868749,0,103,0,40,2,1,2,1,5,37,3
1869005,0,103,0,40,2,1,2,1,5,51,3
1869101,0,103,0,40,3,1,2,1,5,28,3
1869199,0,103,0,40,3,1,2,1,5,59,3
1850638,0,103,0,40,3,1,2,1,12,12,3
1854258,0,103,0,40,2,2,2,1,10,23,3
1855820,0,103,0,40,2,2,2,1,24,89,3
1858944,0,103,0,40,3,1,2,1,5,50,3
1858882,0,103,0,40,2,3,2,1,17,66,3
1850966,0,103,0,40,2,2,2,1,20,17,3
1865943,0,103,0,40,2,2,2,1,7,30,3
1861305,0,103,0,40,2,4,2,1,14,31,3
1865143,0,103,0,40,2,2,2,1,13,53,3
1850900,0,103,0,40,3,3,2,1,17,57,3
1865431,0,103,0,40,2,2,2,1,14,60,3
1866923,0,103,0,40,2,2,2,1,8,18,3
1856218,0,103,0,40,2,2,2,1,18,28,3
1867457,0,103,0,40,3,2,2,1,7,52,3
1858892,0,103,0,40,2,6,2,1,31,61,3
1866894,0,103,0,40,3,3,2,1,6,60,3
1863975,0,103,0,40,3,4,2,1,13,26,3
1857464,0,103,0,40,3,5,2,1,28,41,3
1866249,0,103,0,40,3,2,2,1,12,50,3
1868529,0,103,0,40,2,2,2,1,6,49,3
1868273,0,103,0,40,2,1,2,1,4,27,3
1869002,0,103,0,40,2,1,2,1,4,35,3
1869297,0,103,0,40,2,1,2,1,4,56,3
1869387,0,103,0,40,3,1,2,1,4,86,3
1869489,0,103,0,40,3,1,2,1,4,47,3
1869521,0,103,0,40,3,1,2,1,4,79,3
1849322,1,103,0,40,2,1,2,1,4,49,3
1851666,0,103,0,40,2,1,2,1,12,43,3
1852877,0,103,0,40,2,1,2,1,12,40,3
1855110,0,103,0,40,2,1,2,1,18,54,3
1858140,0,103,0,40,2,1,2,1,4,77,3
1858241,0,103,0,40,3,2,2,1,14,56,3
1865382,0,103,0,40,2,2,2,1,5,56,3
1864272,0,103,0,40,3,3,2,1,9,30,3
1866247,0,103,0,40,3,2,2,1,4,51,3
1856333,0,103,0,40,3,3,2,1,19,25,3
1849875,0,103,0,40,2,4,2,1,20,19,3
1862883,0,103,0,40,2,4,2,1,16,36,3
1862919,0,103,0,40,2,4,2,1,16,25,3
1859950,0,103,0,40,3,5,2,1,35,37,3
1862920,0,103,0,40,3,3,2,1,18,31,3
1850988,0,103,0,40,3,4,2,1,25,36,3
1862325,0,103,0,40,3,4,2,1,21,32,3
1864778,0,103,0,40,2,4,2,1,9,19,3
1861450,0,103,0,40,3,3,2,1,25,43,3
1854411,0,103,0,40,3,2,2,1,19,28,3
1867810,0,103,0,40,3,2,2,1,6,37,3
1852036,0,103,0,40,2,2,2,1,17,62,3
1865724,0,103,0,40,3,2,2,1,14,35,3
1850468,0,103,0,40,2,3,2,1,29,23,3
1861143,0,103,0,40,2,6,2,1,17,81,3
1863383,0,103,0,40,3,4,2,1,16,31,3
1864233,0,103,0,40,3,3,2,1,16,51,3
1855650,0,103,0,40,3,5,2,1,32,31,3
1868980,0,103,0,40,3,1,2,1,3,38,3
1869220,0,103,0,40,2,1,2,1,3,28,3
1869484,0,103,0,40,2,1,2,1,3,35,3
1869568,0,103,0,40,2,1,2,1,3,22,3
1869664,0,103,0,40,2,1,2,1,3,40,3
1869766,0,103,0,40,2,1,2,1,3,44,3
1869800,0,103,0,40,2,1,2,1,3,67,3
1855097,0,103,0,40,3,1,2,1,11,34,3
1848136,0,103,0,40,2,2,2,1,9,46,3
1857184,0,103,0,40,2,2,2,1,6,39,3
1856731,0,103,0,40,2,2,2,1,17,45,3
1858098,0,103,0,40,3,2,2,1,8,45,3
1860553,0,103,0,40,2,1,2,1,5,18,3
1862723,0,103,0,40,3,1,2,1,30,31,3
1859803,0,103,0,40,3,4,2,1,37,21,3
1860004,0,103,0,40,3,3,2,1,38,32,3
1849162,0,103,0,40,2,4,2,1,38,41,3
1859791,0,103,0,40,3,3,2,1,42,21,3
1864511,0,103,0,40,2,1,2,1,22,27,3
1863067,0,103,0,40,3,2,2,1,25,46,3
1853851,0,103,0,40,2,2,2,1,27,46,3
1865235,0,103,0,40,3,1,2,1,19,12,3
1849368,0,103,0,40,2,2,2,1,43,22,3
1863087,0,103,0,40,2,2,2,1,24,72,3
1865844,0,103,0,40,2,1,2,1,17,75,3
1861701,0,103,0,40,3,4,2,1,23,45,3
1864136,0,103,0,40,2,2,2,1,21,49,3
1859474,0,103,0,40,2,5,2,1,33,33,3
1854120,0,103,0,40,2,2,2,1,25,53,3
1865707,0,103,0,40,2,1,2,1,15,47,3
1862985,0,103,0,40,2,3,2,1,26,35,3
1847859,0,103,0,40,2,3,2,1,17,27,3
1863723,0,103,0,40,3,2,2,1,21,61,3
1853771,0,103,0,40,3,2,2,1,20,29,3
1861833,0,103,0,40,3,3,2,1,20,17,3
1864813,0,103,0,40,3,2,2,1,13,27,3
1862652,0,103,0,40,3,4,2,1,17,31,3
1860155,0,103,0,40,3,3,2,1,29,88,3
1863783,0,103,0,40,3,3,2,1,17,88,3
1865907,0,103,0,40,2,1,2,1,12,33,3
1850336,0,103,0,40,2,1,2,1,17,38,3
1858967,0,103,0,40,2,1,2,1,13,46,3
1859938,0,103,0,40,3,4,2,1,27,63,3
1864973,0,103,0,40,2,2,2,1,15,34,3
1864700,0,103,0,40,2,2,2,1,16,25,3
1862111,0,103,0,40,2,3,2,1,28,47,3
1865325,0,103,0,40,2,2,2,1,17,62,3
1866594,0,103,0,40,3,1,2,1,11,46,3
1866976,0,103,0,40,2,1,2,1,11,106,3
1867509,0,103,0,40,3,1,2,1,11,40,3
1849271,0,103,0,40,3,2,2,1,16,41,3
1861856,0,103,0,40,2,3,2,1,17,65,3
1850993,0,103,0,40,2,4,2,1,18,18,3
1867278,0,103,0,40,3,1,2,1,10,20,3
1867820,0,103,0,40,3,1,2,1,10,63,3
1867910,0,103,0,40,2,1,2,1,10,89,3
1855014,0,103,0,40,3,1,2,1,16,29,3
1860942,0,103,0,40,3,4,2,1,21,56,3
1860756,0,103,0,40,3,2,2,1,32,22,3
1866104,0,103,0,40,3,2,2,1,10,56,3
1849845,0,103,0,40,2,5,2,1,31,39,3
1860440,0,103,0,40,2,4,2,1,36,45,3
1863686,0,103,0,40,2,3,2,1,18,35,3
1864350,0,103,0,40,2,3,2,1,15,76,3
1866419,0,103,0,40,3,1,2,1,9,57,3
1867781,0,103,0,40,3,1,2,1,9,74,3
1868264,0,103,0,40,3,1,2,1,9,54,3
1852482,0,103,0,40,3,1,2,1,19,45,3
1859292,0,103,0,40,3,1,2,1,9,27,3
1858641,0,103,0,40,2,5,2,1,44,54,3
1866218,0,103,0,40,3,2,2,1,9,32,3
1860162,0,103,0,40,2,5,2,1,26,47,3
1860267,0,103,0,40,2,5,2,1,25,52,3
1865583,0,103,0,40,2,2,2,1,15,75,3
1866422,0,103,0,40,2,2,2,1,13,44,3
1867552,0,103,0,40,3,2,2,1,9,69,3
1867939,0,103,0,40,3,1,2,1,8,74,3
1868127,0,103,0,40,2,1,2,1,8,69,3
1868493,0,103,0,40,2,1,2,1,8,24,3
1854165,0,103,0,40,3,1,2,1,17,47,3
1848116,0,103,0,40,3,1,2,1,18,60,3
1852442,0,103,0,40,2,2,2,1,13,20,3
1850361,0,103,0,40,2,4,2,1,17,35,3
1859453,0,103,0,40,2,6,2,1,24,56,3
1859148,0,103,0,40,3,4,2,1,36,84,3
1866176,0,103,0,40,2,2,2,1,8,27,3
1862789,0,103,0,40,2,4,2,1,15,85,3
1853249,0,103,0,40,3,2,2,1,16,62,3
1866374,0,103,0,40,2,2,2,1,11,63,3
1866833,0,103,0,40,3,2,2,1,9,39,3
1861689,0,103,0,40,2,3,2,1,26,23,3
1865065,0,103,0,40,3,3,2,1,14,67,3
1854090,0,103,0,40,3,3,2,1,11,53,3
1860204,0,103,0,40,3,8,2,1,33,55,3
1856339,0,103,0,40,2,3,2,1,26,47,3
1868253,0,103,0,40,3,1,2,1,7,48,3
1868538,0,103,0,40,2,1,2,1,7,24,3
1868636,0,103,0,40,2,1,2,1,7,37,3
1868862,0,103,0,40,3,1,2,1,7,56,3
1868886,0,103,0,40,2,1,2,1,7,35,3
1848432,0,103,0,40,3,2,2,1,34,37,3
1859981,0,103,0,40,3,2,2,1,10,64,3
1862176,0,103,0,40,2,3,2,1,18,43,3
1863007,0,103,0,40,2,3,2,1,18,19,3
1851561,0,103,0,40,2,3,2,1,19,29,3
1866651,0,103,0,40,2,2,2,1,8,38,3
1854487,0,103,0,40,2,2,2,1,26,62,3
1854151,0,103,0,40,2,6,2,1,36,53,3
1851824,0,103,0,40,3,4,2,1,42,29,3
1866085,0,103,0,40,2,3,2,1,10,30,3
1852987,0,103,0,40,3,2,2,1,25,41,3
1857568,0,103,0,40,3,2,2,1,10,46,3
1863646,0,103,0,40,2,3,2,1,15,42,3
1863657,0,103,0,40,2,4,2,1,17,62,3
1867967,0,103,0,40,2,1,2,1,6,41,3
1869059,0,103,0,40,2,1,2,1,6,92,3
1869135,0,103,0,40,2,1,2,1,6,47,3
1849596,0,103,0,40,2,1,2,1,9,34,3
1850903,0,103,0,40,2,1,2,1,10,66,3
1859344,0,103,0,40,3,2,2,1,17,62,3
1863756,0,103,0,40,3,2,2,1,15,66,3
1860092,1,103,100,35.5487,2,6,2,1,28,56,3
1852941,0,103,0,40,2,2,2,1,10,64,3
1863875,0,103,0,40,2,3,2,1,16,41,3
1865896,0,103,0,40,3,2,2,1,12,88,3
1858378,0,103,0,40,3,3,2,1,24,60,3
1863376,0,103,0,40,3,3,2,1,21,51,3
1860163,1,103,94,30.4777,2,7,2,1,22,29,3
1867356,0,103,0,40,3,2,2,1,8,51,3
1863998,0,103,0,40,2,3,2,1,16,46,3
1864523,0,103,0,40,3,5,2,1,12,48,3
1864930,0,103,0,40,3,4,2,1,10,41,3
1862203,0,103,0,40,2,3,2,1,31,42,3
1868113,0,103,0,40,3,1,2,1,5,34,3
1868436,0,103,0,40,3,1,2,1,5,38,3
1869194,0,103,0,40,3,1,2,1,5,32,3
1869289,0,103,0,40,3,1,2,1,5,59,3
1869373,0,103,0,40,2,1,2,1,5,30,3
1869457,0,103,0,40,3,1,2,1,5,50,3
1869529,0,103,0,40,3,1,2,1,5,11,3
1869571,0,103,0,40,2,1,2,1,5,34,3
1849262,0,103,0,40,3,1,2,1,5,94,3
1854325,0,103,0,40,2,1,2,1,5,54,3
1851524,0,103,0,40,2,1,2,1,21,36,3
1849428,0,103,0,40,3,1,2,1,12,56,3
1853596,0,103,0,40,3,3,2,1,25,41,3
1861054,0,103,0,40,2,5,2,1,17,73,3
1866587,0,103,0,40,3,2,2,1,6,37,3
1849133,1,103,0,40,2,2,2,1,9,55,3
1852712,0,103,0,40,2,5,2,1,30,37,3
1867893,0,103,0,40,3,2,2,1,5,35,3
1866376,0,103,0,40,3,2,2,1,12,59,3
1867308,0,103,0,40,3,2,2,1,8,60,3
1855837,0,103,0,40,2,2,2,1,10,46,3
1865913,0,103,0,40,2,3,2,1,10,36,3
1864932,0,103,0,40,3,3,2,1,12,48,3
1867046,1,103,100,40,2,2,2,1,11,49,3
1869204,0,103,0,40,3,1,2,1,4,67,3
1869268,0,103,0,40,3,1,2,1,4,22,3
1869300,0,103,0,40,2,1,2,1,4,52,3
1869492,0,103,0,40,3,1,2,1,4,38,3
1869704,0,103,0,40,3,1,2,1,4,56,3
1869822,0,103,0,40,3,1,2,1,4,36,3
1869836,0,103,0,40,2,1,2,1,4,38,3
1869848,0,103,0,40,2,1,2,1,4,28,3
1850882,0,103,0,40,2,1,2,1,24,54,3
1852553,0,103,0,40,2,2,2,1,17,56,3
1850290,0,103,0,40,3,2,2,1,21,41,3
1854650,0,103,0,40,3,11,2,1,47,78,3
1859822,0,103,0,40,2,6,2,1,26,49,3
1848286,0,103,0,40,3,3,2,1,10,35,3
1859690,0,103,0,40,3,3,2,1,16,75,3
1861821,0,103,0,40,2,4,2,1,19,49,3
1861112,0,103,0,40,2,4,2,1,25,43,3
1862831,0,103,0,40,3,5,2,1,18,24,3
1866906,0,103,0,40,2,2,2,1,6,30,3
1848158,0,103,0,40,3,2,2,1,8,56,3
1858814,0,103,0,40,2,2,2,1,11,51,3
1860145,0,103,0,40,2,6,2,1,31,53,3
1865482,0,103,0,40,3,3,2,1,6,40,3
1867770,0,103,0,40,3,2,2,1,5,78,3
1865240,0,103,0,40,2,2,2,1,14,60,3
1862638,0,103,0,40,3,4,2,1,16,21,3
1866514,0,103,0,40,2,3,2,1,5,54,3
1851507,0,103,0,40,3,2,2,1,17,61,3
1866791,0,103,0,40,2,2,2,1,11,27,3
1851090,0,103,0,40,2,3,2,1,32,37,3
1864841,0,103,0,40,3,4,2,1,10,25,3
1852019,0,103,0,40,3,3,2,1,29,14,3
1860454,0,103,0,40,3,6,2,1,26,41,3
1861423,0,103,0,40,2,4,2,1,31,40,3
1868183,0,103,0,40,3,3,2,1,6,43,3
1869120,0,103,0,40,3,1,2,1,3,36,3
1869639,0,103,0,40,3,1,2,1,3,52,3
1869937,0,103,0,40,3,1,2,1,3,32,3
1869965,0,103,0,40,2,1,2,1,3,29,3
1869991,0,103,0,40,3,1,2,1,3,44,3
1870035,0,103,0,40,3,1,2,1,3,24,3
1870055,0,103,0,40,2,1,2,1,3,64,3
1870233,0,103,0,40,3,1,2,1,3,41,3
1852231,0,103,0,40,3,1,2,1,12,103,3
1851235,0,103,0,40,3,1,2,1,9,67,3
1851685,0,103,0,40,3,1,2,1,13,26,3
1853076,0,103,0,40,2,2,2,1,15,61,3
1857844,0,103,0,40,2,1,2,1,6,47,3
1857419,0,103,0,40,3,4,2,1,23,51,3
1858522,0,103,0,40,3,1,2,1,7,37,3
1862534,0,103,0,40,3,1,2,1,32,45,3
1855531,0,103,0,40,3,1,2,1,33,41,3
1863154,0,103,0,40,3,2,2,1,23,37,3
1847904,0,103,0,40,2,1,2,1,34,41,3
1860264,0,103,0,40,2,3,2,1,39,57,3
1850766,0,103,0,40,2,2,2,1,26,73,3
1866378,0,103,0,40,2,1,2,1,16,67,3
1849035,0,103,0,40,3,5,2,1,36,73,3
1866612,0,103,0,40,3,1,2,1,14,28,3
1860136,0,103,0,40,2,1,2,1,17,49,3
1865684,0,103,0,40,3,2,2,1,14,14,3
1867281,0,103,0,40,2,1,2,1,13,66,3
1854364,1,103,0,40,3,2,2,1,23,38,3
1867240,0,103,0,40,3,1,2,1,12,64,3
1850021,0,103,0,40,2,1,2,1,14,41,3
1856418,0,103,0,40,3,1,2,1,21,26,3
1862524,0,103,0,40,3,3,2,1,22,14,3
1847908,0,103,0,40,2,6,2,1,35,33,3
1867686,0,103,0,40,2,1,2,1,11,25,3
1867856,0,103,0,40,3,1,2,1,11,83,3
1860167,0,103,0,40,2,6,2,1,21,14,3
1864086,0,103,0,40,2,2,2,1,19,37,3
1863917,0,103,0,40,3,2,2,1,22,23,3
1867969,0,103,0,40,2,1,2,1,10,95,3
1852612,0,103,0,40,2,1,2,1,15,13,3
1851154,0,103,0,40,2,2,2,1,21,70,3
1863030,0,103,0,40,2,3,2,1,16,36,3
1864884,0,103,0,40,2,2,2,1,17,47,3
1854554,0,103,0,40,3,2,2,1,26,10,3
1859761,0,103,0,40,2,6,2,1,29,63,3
1868385,0,103,0,40,3,1,2,1,9,30,3
1868599,0,103,0,40,3,1,2,1,9,35,3
1854223,0,103,0,40,3,1,2,1,12,69,3
1858466,0,103,0,40,3,2,2,1,10,47,3
1862543,0,103,0,40,2,2,2,1,27,40,3
1866625,0,103,0,40,3,2,2,1,14,44,3
1868866,0,103,0,40,3,1,2,1,8,31,3
1868936,0,103,0,40,2,1,2,1,8,39,3
1854645,0,103,0,40,2,4,2,1,30,38,3
1860912,0,103,0,40,3,3,2,1,20,33,3
1863022,0,103,0,40,2,3,2,1,15,77,3
1848366,0,103,0,40,3,2,2,1,34,35,3
1863893,0,103,0,40,3,3,2,1,21,45,3
1866662,0,103,0,40,3,2,2,1,11,33,3
1863822,0,103,0,40,3,4,2,1,18,44,3
1868504,0,103,0,40,2,1,2,1,7,50,3
1868957,0,103,0,40,2,1,2,1,7,45,3
1869003,0,103,0,40,2,1,2,1,7,24,3
1869207,0,103,0,40,2,1,2,1,7,60,3
1852800,0,103,0,40,2,4,2,1,22,72,3
1851276,0,103,0,40,2,3,2,1,22,6,3
1857821,0,103,0,40,3,2,2,1,10,33,3
1863675,0,103,0,40,2,3,2,1,19,36,3
1863549,0,103,0,40,3,4,2,1,16,78,3
1854203,0,103,0,40,3,4,2,1,19,56,3
1858309,0,103,0,40,2,3,2,1,15,31,3
1858164,0,103,0,40,3,2,2,1,22,45,3
1864706,0,103,0,40,3,3,2,1,15,30,3
1867752,0,103,0,40,3,2,2,1,8,62,3
1867689,0,103,0,40,2,2,2,1,7,73,3
1865033,0,103,0,40,3,3,2,1,15,37,3
1861242,0,103,0,40,2,4,2,1,35,35,3
1852172,0,103,0,40,2,4,2,1,35,45,3
1869090,0,103,0,40,2,1,2,1,6,50,3
1869327,0,103,0,40,3,1,2,1,6,55,3
1869363,0,103,0,40,2,1,2,1,6,73,3
1852489,0,103,0,40,3,1,2,1,7,36,3
1852645,0,103,0,40,2,3,2,1,10,104,3
1855519,0,103,0,40,2,3,2,1,11,38,3
1855838,0,103,0,40,2,3,2,1,27,20,3
1865254,0,103,0,40,3,2,2,1,6,33,3
1861668,0,103,0,40,2,3,2,1,28,13,3
1848040,0,103,0,40,2,3,2,1,31,25,3
1863737,0,103,0,40,3,2,2,1,22,21,3
1865031,0,103,0,40,3,2,2,1,16,36,3
1849727,0,103,0,40,2,5,2,1,21,54,3
1849782,0,103,0,40,3,2,2,1,23,31,3
1850785,0,103,0,40,2,2,2,1,13,31,3
1861756,0,103,0,40,3,3,2,1,30,28,3
1851445,0,103,0,40,3,5,2,1,30,82,3
1847852,0,103,0,40,3,3,2,1,22,60,3
1867262,0,103,0,40,3,2,2,1,9,35,3
1853950,0,103,0,40,3,4,2,1,23,19,3
1868771,0,103,0,40,3,1,2,1,5,31,3
1869060,0,103,0,40,3,1,2,1,5,63,3
1869658,0,103,0,40,3,1,2,1,5,56,3
1869790,0,103,0,40,2,1,2,1,5,74,3
1869818,0,103,0,40,3,1,2,1,5,46,3
1855488,0,103,0,40,2,5,2,1,37,100,3
1863671,0,103,0,40,2,2,2,1,20,54,3
1866912,0,103,0,40,3,2,2,1,5,41,3
1864560,0,103,0,40,3,2,2,1,13,62,3
1849193,0,103,0,40,2,3,2,1,11,42,3
1863240,0,103,0,40,2,4,2,1,16,41,3
1850118,0,103,0,40,3,4,2,1,16,51,3
1865291,0,103,0,40,2,3,2,1,11,40,3
1868333,0,103,0,40,2,2,2,1,5,63,3
1867299,0,103,0,40,3,2,2,1,10,49,3
1864102,0,103,0,40,2,3,2,1,18,64,3
1865878,0,103,0,40,2,3,2,1,11,37,3
1860606,0,103,0,40,2,5,2,1,20,47,3
1853697,0,103,0,40,2,3,2,1,14,28,3
1851830,0,103,0,40,2,4,2,1,19,26,3
1851914,0,103,0,40,3,5,2,1,28,95,3
1868939,0,103,0,40,3,1,2,1,4,78,3
1869591,0,103,0,40,2,1,2,1,4,48,3
1869607,0,103,0,40,2,1,2,1,4,17,3
1869775,0,103,0,40,3,1,2,1,4,43,3
1870255,0,103,0,40,3,1,2,1,4,19,3
1850867,0,103,0,40,3,1,2,1,10,53,3
1853965,0,103,0,40,3,3,2,1,16,49,3
1852399,0,103,0,40,2,7,2,1,30,29,3
1857289,0,103,0,40,2,2,2,1,18,31,3
1862548,0,103,0,40,3,5,2,1,13,55,3
1866614,0,103,0,40,3,2,2,1,5,35,3
1860717,0,103,0,40,2,5,2,1,26,20,3
1863103,0,103,0,40,2,5,2,1,16,42,3
1867036,0,103,0,40,3,2,2,1,5,65,3
1862990,0,103,0,40,2,3,2,1,20,45,3
1866307,0,103,0,40,3,2,2,1,8,64,3
1849599,0,103,0,40,3,3,2,1,26,66,3
1868422,0,103,0,40,2,2,2,1,4,46,3
1853501,0,103,0,40,3,3,2,1,16,43,3
1850945,0,103,0,40,3,4,2,1,22,23,3
1852609,0,103,0,40,2,5,2,1,14,51,3
1868582,0,103,0,40,3,2,2,1,5,99,3
1855648,0,103,0,40,3,5,2,1,24,51,3
1867948,0,103,0,40,2,2,2,1,9,49,3
1868199,0,103,0,40,2,2,2,1,7,43,3
1868735,0,103,0,40,2,2,2,1,4,95,3
1866904,0,103,0,40,3,2,2,1,11,55,3
1867337,0,103,0,40,3,3,2,1,7,57,3
1868257,0,103,0,40,2,1,2,1,3,60,3
1869422,0,103,0,40,3,1,2,1,3,48,3
1869605,0,103,0,40,2,1,2,1,3,44,3
1869877,0,103,0,40,3,1,2,1,3,30,3
1870022,0,103,0,40,2,1,2,1,3,16,3
1870066,0,103,0,40,3,1,2,1,3,65,3
1870110,0,103,0,40,3,1,2,1,3,39,3
1870202,0,103,0,40,3,1,2,1,3,42,3
1870337,0,103,0,40,2,1,2,1,3,25,3
1870469,0,103,0,40,2,1,2,1,3,23,3
1850544,0,103,0,40,2,1,2,1,2,36,3
1857375,0,103,0,40,3,2,2,1,6,52,3
1850439,0,103,0,40,3,2,2,1,17,23,3
1849536,0,103,0,40,3,2,2,1,15,23,3
1863669,0,103,0,40,2,1,2,1,28,72,3
1859275,0,103,0,40,2,5,2,1,40,27,3
1853319,0,103,0,40,2,2,2,1,40,28,3
1864125,0,103,0,40,3,3,2,1,21,50,3
1849230,0,103,0,40,2,1,2,1,26,55,3
1858906,0,103,0,40,3,6,2,1,44,28,3
1863895,0,103,0,40,2,2,2,1,24,46,3
1866465,0,103,0,40,2,1,2,1,16,49,3
1863408,0,103,0,40,3,3,2,1,23,38,3
1865501,0,103,0,40,3,2,2,1,16,24,3
1862467,1,103,102,31.0135,3,4,2,1,24,78,3
1861186,0,103,0,40,2,4,2,1,28,17,3
1849647,0,103,0,40,3,2,2,1,26,41,3
1849883,1,103,102,31.3975,2,1,2,1,17,42,3
1851372,0,103,0,40,2,2,2,1,16,37,3
1849319,0,103,0,40,3,3,2,1,26,30,3
1855117,0,103,0,40,2,3,2,1,34,19,3
1858407,0,103,0,40,3,2,2,1,21,44,3
1868142,0,103,0,40,2,1,2,1,11,40,3
1862854,0,103,0,40,2,2,2,1,25,75,3
1867907,0,103,0,40,3,1,2,1,10,18,3
1855220,0,103,0,40,3,2,2,1,15,42,3
1866320,0,103,0,40,2,2,2,1,11,25,3
1866464,0,103,0,40,3,2,2,1,12,27,3
1862738,0,103,0,40,3,3,2,1,24,40,3
1862103,0,103,0,40,2,3,2,1,32,74,3
1861914,0,103,0,40,3,4,2,1,29,22,3
1854060,0,103,0,40,2,2,2,1,13,50,3
1860869,0,103,0,40,3,4,2,1,29,33,3
1865406,0,103,0,40,3,2,2,1,15,16,3
1868745,0,103,0,40,2,1,2,1,8,28,3
1855259,0,103,0,40,3,1,2,1,10,33,3
1858763,0,103,0,40,3,6,2,1,42,35,3
1869046,0,103,0,40,3,1,2,1,7,57,3
1869309,0,103,0,40,3,1,2,1,7,41,3
1857600,0,103,0,40,2,1,2,1,11,42,3
1851344,0,103,0,40,2,1,2,1,24,30,3
1860965,0,103,0,40,2,5,2,1,20,7,3
1868156,0,103,0,40,3,2,2,1,7,33,3
1864230,0,103,0,40,2,4,2,1,11,23,3
1865414,0,103,0,40,3,3,2,1,9,51,3
1860109,0,103,0,40,3,6,2,1,28,67,3
1869724,0,103,0,40,2,1,2,1,6,52,3
1849482,0,103,0,40,2,1,2,1,15,30,3
1855875,0,103,0,40,2,2,2,1,24,51,3
1857552,0,103,0,40,2,2,2,1,23,62,3
1859667,0,103,0,40,3,3,2,1,39,39,3
1867463,0,103,0,40,3,2,2,1,7,49,3
1850828,0,103,0,40,2,3,2,1,23,47,3
1860190,0,103,0,40,3,7,2,1,25,49,3
1861909,0,103,0,40,2,5,2,1,18,33,3
1865106,1,103,95,22.4502,3,2,2,1,18,54,3
1863025,0,103,0,40,3,4,2,1,24,75,3
1856886,0,103,0,40,3,4,2,1,11,15,3
1858781,0,103,0,40,3,2,2,1,13,59,3
1869562,0,103,0,40,2,1,2,1,5,30,3
1849915,0,103,0,40,2,1,2,1,9,37,3
1848890,0,103,0,40,3,1,2,1,14,79,3
1853080,0,103,0,40,3,5,2,1,23,23,3
1851318,0,103,0,40,2,4,2,1,24,22,3
1862404,0,103,0,40,3,4,2,1,21,35,3
1861201,0,103,0,40,3,4,2,1,24,53,3
1865231,0,103,0,40,3,3,2,1,14,72,3
1864112,0,103,0,40,3,4,2,1,15,61,3
1857224,0,103,0,40,3,4,2,1,27,21,3
1865422,0,103,0,40,2,3,2,1,10,25,3
1850985,0,103,0,40,2,2,2,1,17,40,3
1869486,0,103,0,40,2,1,2,1,4,74,3
1870030,0,103,0,40,2,1,2,1,4,17,3
1870102,0,103,0,40,3,1,2,1,4,56,3
1870335,0,103,0,40,3,1,2,1,4,33,3
1870553,0,103,0,40,3,1,2,1,4,55,3
1854794,0,103,0,40,2,1,2,1,12,49,3
1857971,0,103,0,40,3,1,2,1,4,35,3
1859017,0,103,0,40,2,1,2,1,13,39,3
1862393,0,103,0,40,3,4,2,1,21,70,3
1867604,0,103,0,40,2,2,2,1,5,99,3
1866550,0,103,0,40,3,2,2,1,8,43,3
1865502,0,103,0,40,3,2,2,1,12,7,3
1865152,0,103,0,40,3,3,2,1,12,67,3
1850362,0,103,0,40,3,3,2,1,11,43,3
1850569,0,103,0,40,2,3,2,1,20,22,3
1863784,0,103,0,40,3,4,2,1,9,41,3
1855587,0,103,0,40,3,2,2,1,27,54,3
1862159,0,103,0,40,2,6,2,1,25,26,3
1859225,0,103,0,40,3,2,2,1,11,59,3
1870382,0,103,0,40,2,1,2,1,3,25,3
1870478,0,103,0,40,3,1,2,1,3,82,3
1870530,0,103,0,40,3,1,2,1,3,42,3
1854495,0,103,0,40,2,1,2,1,17,37,3
1848590,0,103,0,40,3,4,2,1,36,56,3
1857232,0,103,0,40,3,5,2,1,38,42,3
1861439,0,103,0,40,3,4,2,1,29,46,3
1866572,0,103,0,40,2,2,2,1,12,16,3
1868810,0,103,0,40,3,1,2,1,10,30,3
1859741,0,103,0,40,3,6,2,1,36,22,3
1868951,0,103,0,40,3,1,2,1,9,27,3
1866039,0,103,0,40,3,2,2,1,13,34,3
1865131,0,103,0,40,3,3,2,1,17,90,3
1861104,0,103,0,40,2,1,2,1,7,50,3
1850926,0,103,0,40,2,3,2,1,19,63,3
1869847,0,103,0,40,2,1,2,1,6,30,3
1859175,0,103,0,40,3,2,2,1,9,42,3
1852759,0,103,0,40,2,6,2,1,31,22,3
1849076,0,103,0,40,2,1,2,1,12,23,3
1857235,0,103,0,40,3,3,2,1,33,65,3
1859519,0,103,0,40,3,1,2,1,11,49,3
1866569,0,103,0,40,2,4,2,1,9,35,3
1870088,0,103,0,40,3,1,2,1,4,81,3
1870750,0,103,0,40,2,1,2,1,4,31,3
1869913,0,103,0,40,3,1,2,1,3,20,3
1869064,0,103,0,40,2,0,2,1,2,34,3
1869254,0,103,0,40,2,0,2,1,2,86,3
1869382,0,103,0,40,2,0,2,1,2,54,3
1869526,0,103,0,40,3,0,2,1,2,48,3
1869617,0,103,0,40,2,0,2,1,2,59,3
1869681,0,103,0,40,2,0,2,1,2,34,3
1869817,0,103,0,40,2,0,2,1,2,50,3
1869897,0,103,0,40,3,0,2,1,2,40,3
1869940,0,103,0,40,2,0,2,1,2,31,3
1869972,0,103,0,40,3,0,2,1,2,36,3
1870004,0,103,0,40,2,0,2,1,2,32,3
1870036,0,103,0,40,2,0,2,1,2,48,3
1870068,0,103,0,40,2,0,2,1,2,36,3
1870100,0,103,0,40,2,0,2,1,2,36,3
1870124,0,103,0,40,2,0,2,1,2,27,3
1870156,0,103,0,40,3,0,2,1,2,39,3
1870188,0,103,0,40,3,0,2,1,2,47,3
1870220,0,103,0,40,2,0,2,1,2,78,3
1870252,0,103,0,40,3,0,2,1,2,67,3
1870280,0,103,0,40,3,0,2,1,2,23,3
1870296,0,103,0,40,3,0,2,1,2,73,3
1870312,0,103,0,40,3,0,2,1,2,35,3
1870328,0,103,0,40,3,0,2,1,2,50,3
1870344,0,103,0,40,3,0,2,1,2,44,3
1870360,0,103,0,40,3,0,2,1,2,73,3
1870376,0,103,0,40,3,0,2,1,2,30,3
1870392,0,103,0,40,3,0,2,1,2,46,3
1870408,0,103,0,40,2,0,2,1,2,23,3
1870424,0,103,0,40,2,0,2,1,2,81,3
1870440,0,103,0,40,2,0,2,1,2,29,3
1870456,0,103,0,40,2,0,2,1,2,47,3
1870472,0,103,0,40,3,0,2,1,2,49,3
1870488,0,103,0,40,2,0,2,1,2,37,3
1870504,0,103,0,40,2,0,2,1,2,72,3
1870520,0,103,0,40,3,0,2,1,2,86,3
1870536,0,103,0,40,3,0,2,1,2,84,3
1870552,0,103,0,40,3,0,2,1,2,46,3
1870568,0,103,0,40,3,0,2,1,2,24,3
1870584,0,103,0,40,2,0,2,1,2,59,3
1870595,0,103,0,40,3,0,2,1,2,35,3
1870603,0,103,0,40,2,0,2,1,2,55,3
1870611,0,103,0,40,2,0,2,1,2,53,3
1870619,0,103,0,40,3,0,2,1,2,13,3
1870627,0,103,0,40,2,0,2,1,2,54,3
1870635,0,103,0,40,2,0,2,1,2,68,3
1870643,0,103,0,40,2,0,2,1,2,17,3
1870651,0,103,0,40,2,0,2,1,2,78,3
1870659,0,103,0,40,3,0,2,1,2,54,3
1870667,0,103,0,40,2,0,2,1,2,26,3
1870675,0,103,0,40,2,0,2,1,2,45,3
1870683,0,103,0,40,3,0,2,1,2,20,3
1870691,0,103,0,40,3,0,2,1,2,34,3
1870699,0,103,0,40,2,0,2,1,2,39,3
1870707,0,103,0,40,2,0,2,1,2,26,3
1870715,0,103,0,40,3,0,2,1,2,28,3
1870723,0,103,0,40,3,0,2,1,2,58,3
1870731,0,103,0,40,3,0,2,1,2,27,3
1870739,0,103,0,40,3,0,2,1,2,32,3
1870747,0,103,0,40,2,0,2,1,2,63,3
1870755,0,103,0,40,2,0,2,1,2,29,3
1870763,0,103,0,40,2,0,2,1,2,45,3
1870771,0,103,0,40,3,0,2,1,2,84,3
1870779,0,103,0,40,2,0,2,1,2,39,3
1870787,0,103,0,40,3,0,2,1,2,22,3
1870795,0,103,0,40,2,0,2,1,2,43,3
1870803,0,103,0,40,2,0,2,1,2,64,3
1870811,0,103,0,40,2,0,2,1,2,57,3
1870819,0,103,0,40,3,0,2,1,2,36,3
1870827,0,103,0,40,2,0,2,1,2,84,3
1870835,0,103,0,40,3,0,2,1,2,14,3
1870843,0,103,0,40,2,0,2,1,2,118,3
1870851,0,103,0,40,3,0,2,1,2,69,3
1870859,0,103,0,40,3,0,2,1,2,26,3
1870867,0,103,0,40,2,0,2,1,2,54,3
1870875,0,103,0,40,2,0,2,1,2,64,3
1870883,0,103,0,40,2,0,2,1,2,20,3
1870891,0,103,0,40,2,0,2,1,2,54,3
1870899,0,103,0,40,3,0,2,1,2,25,3
1870907,0,103,0,40,2,0,2,1,2,33,3
1870915,0,103,0,40,3,0,2,1,2,64,3
1870923,0,103,0,40,2,0,2,1,2,59,3
1870931,0,103,0,40,2,0,2,1,2,63,3
1870939,0,103,0,40,3,0,2,1,2,18,3
1870947,0,103,0,40,3,0,2,1,2,27,3
1870952,0,103,0,40,3,0,2,1,2,42,3
1870956,0,103,0,40,3,0,2,1,2,57,3
1870960,0,103,0,40,2,0,2,1,2,27,3
1870964,0,103,0,40,2,0,2,1,2,34,3
1870968,0,103,0,40,2,0,2,1,2,40,3
1870972,0,103,0,40,2,0,2,1,2,70,3
1870976,0,103,0,40,2,0,2,1,2,58,3
1870980,0,103,0,40,3,0,2,1,2,48,3
1870984,0,103,0,40,3,0,2,1,2,63,3
1870988,0,103,0,40,3,0,2,1,2,31,3
1870992,0,103,0,40,3,0,2,1,2,16,3
1870996,0,103,0,40,2,0,2,1,2,47,3
1871000,0,103,0,40,3,0,2,1,2,42,3
1871004,0,103,0,40,2,0,2,1,2,28,3
1871008,0,103,0,40,2,0,2,1,2,45,3
1871012,0,103,0,40,2,0,2,1,2,53,3
1871016,0,103,0,40,2,0,2,1,2,58,3
1871020,0,103,0,40,2,0,2,1,2,34,3
1871024,0,103,0,40,3,0,2,1,2,30,3
1871028,0,103,0,40,3,0,2,1,2,27,3
1871032,0,103,0,40,2,0,2,1,2,70,3
1871036,0,103,0,40,3,0,2,1,2,57,3
1871040,0,103,0,40,3,0,2,1,2,30,3
1871044,0,103,0,40,2,0,2,1,2,74,3
1871048,0,103,0,40,2,0,2,1,2,59,3
1871052,0,103,0,40,3,0,2,1,2,34,3
1871056,0,103,0,40,2,0,2,1,2,12,3
1871060,0,103,0,40,2,0,2,1,2,72,3
1871064,0,103,0,40,2,0,2,1,2,51,3
1871068,0,103,0,40,2,0,2,1,2,36,3
1871072,0,103,0,40,2,0,2,1,2,19,3
1871076,0,103,0,40,3,0,2,1,2,34,3
1871080,0,103,0,40,2,0,2,1,2,52,3
1871084,0,103,0,40,2,0,2,1,2,55,3
1871088,0,103,0,40,2,0,2,1,2,41,3
1871092,0,103,0,40,3,0,2,1,2,19,3
1871096,0,103,0,40,3,0,2,1,2,49,3
1871100,0,103,0,40,3,0,2,1,2,56,3
1871104,0,103,0,40,2,0,2,1,2,30,3
1871108,0,103,0,40,3,0,2,1,2,37,3
1871112,0,103,0,40,2,0,2,1,2,34,3
1871116,0,103,0,40,2,0,2,1,2,19,3
1871120,0,103,0,40,2,0,2,1,2,69,3
1871124,0,103,0,40,3,0,2,1,2,78,3
1871128,0,103,0,40,2,0,2,1,2,16,3
1871132,0,103,0,40,3,0,2,1,2,49,3
1871136,0,103,0,40,2,0,2,1,2,31,3
1871140,0,103,0,40,2,0,2,1,2,50,3
1871144,0,103,0,40,2,0,2,1,2,43,3
1871148,0,103,0,40,2,0,2,1,2,124,3
1871152,0,103,0,40,3,0,2,1,2,21,3
1871156,0,103,0,40,3,0,2,1,2,21,3
1871160,0,103,0,40,3,0,2,1,2,28,3
1871164,0,103,0,40,3,0,2,1,2,32,3
1871168,0,103,0,40,3,0,2,1,2,96,3
1871172,0,103,0,40,2,0,2,1,2,90,3
1871176,0,103,0,40,2,0,2,1,2,47,3
1871180,0,103,0,40,3,0,2,1,2,16,3
1871184,0,103,0,40,3,0,2,1,2,42,3
1871188,0,103,0,40,2,0,2,1,2,52,3
1871192,0,103,0,40,3,0,2,1,2,34,3
1871196,0,103,0,40,2,0,2,1,2,31,3
1871200,0,103,0,40,3,0,2,1,2,60,3
1871204,0,103,0,40,3,0,2,1,2,60,3
1871208,0,103,0,40,3,0,2,1,2,35,3
1871212,0,103,0,40,2,0,2,1,2,71,3
1871216,0,103,0,40,2,0,2,1,2,83,3
1871220,0,103,0,40,2,0,2,1,2,47,3
1871224,0,103,0,40,2,0,2,1,2,114,3
1871228,0,103,0,40,2,0,2,1,2,62,3
1871232,0,103,0,40,3,0,2,1,2,69,3
1871236,0,103,0,40,3,0,2,1,2,14,3
1871240,0,103,0,40,2,0,2,1,2,35,3
1871244,0,103,0,40,3,0,2,1,2,68,3
1871248,0,103,0,40,2,0,2,1,2,83,3
1871252,0,103,0,40,2,0,2,1,2,20,3
1871256,0,103,0,40,2,0,2,1,2,36,3
1871260,0,103,0,40,2,0,2,1,2,46,3
1871264,0,103,0,40,2,0,2,1,2,41,3
1871268,0,103,0,40,3,0,2,1,2,52,3
1871272,0,103,0,40,3,0,2,1,2,56,3
1871276,0,103,0,40,3,0,2,1,2,62,3
1871280,0,103,0,40,2,0,2,1,2,47,3
1871284,0,103,0,40,2,0,2,1,2,48,3
1871288,0,103,0,40,3,0,2,1,2,76,3
1871290,0,103,0,40,2,0,2,1,2,63,3
1871292,0,103,0,40,3,0,2,1,2,18,3
1871294,0,103,0,40,2,0,2,1,2,57,3
1871296,0,103,0,40,2,0,2,1,2,38,3
1871298,0,103,0,40,2,0,2,1,2,55,3
1871300,0,103,0,40,2,0,2,1,2,17,3
1871302,0,103,0,40,2,0,2,1,2,45,3
1871304,0,103,0,40,3,0,2,1,2,46,3
1871306,0,103,0,40,3,0,2,1,2,25,3
1871308,0,103,0,40,3,0,2,1,2,48,3
1871310,0,103,0,40,2,0,2,1,2,49,3
1871312,0,103,0,40,3,0,2,1,2,60,3
1871314,0,103,0,40,3,0,2,1,2,61,3
1871316,0,103,0,40,3,0,2,1,2,43,3
1871318,0,103,0,40,3,0,2,1,2,32,3
1871320,0,103,0,40,3,0,2,1,2,65,3
1871322,0,103,0,40,2,0,2,1,2,49,3
1871324,0,103,0,40,3,0,2,1,2,55,3
1871326,0,103,0,40,3,0,2,1,2,45,3
1871328,0,103,0,40,2,0,2,1,2,54,3
1871330,0,103,0,40,2,0,2,1,2,50,3
1871332,0,103,0,40,3,0,2,1,2,18,3
1871334,0,103,0,40,3,0,2,1,2,76,3
1871336,0,103,0,40,2,0,2,1,2,32,3
1871338,0,103,0,40,2,0,2,1,2,26,3
1871340,0,103,0,40,2,0,2,1,2,35,3
1871342,0,103,0,40,3,0,2,1,2,21,3
1871344,0,103,0,40,3,0,2,1,2,47,3
1871346,0,103,0,40,3,0,2,1,2,60,3
1871348,0,103,0,40,2,0,2,1,2,25,3
1871350,0,103,0,40,2,0,2,1,2,36,3
1871352,0,103,0,40,2,0,2,1,2,60,3
1871354,0,103,0,40,2,0,2,1,2,27,3
1871356,0,103,0,40,2,0,2,1,2,45,3
1871358,0,103,0,40,2,0,2,1,2,34,3
1871360,0,103,0,40,2,0,2,1,2,54,3
1871362,0,103,0,40,3,0,2,1,2,72,3
1871364,0,103,0,40,3,0,2,1,2,68,3
1871366,0,103,0,40,3,0,2,1,2,41,3
1871368,0,103,0,40,3,0,2,1,2,47,3
1871370,0,103,0,40,3,0,2,1,2,40,3
1871372,0,103,0,40,3,0,2,1,2,45,3
1871374,0,103,0,40,2,0,2,1,2,30,3
1871376,0,103,0,40,2,0,2,1,2,46,3
1871378,0,103,0,40,3,0,2,1,2,47,3
1871380,0,103,0,40,3,0,2,1,2,14,3
1871382,0,103,0,40,3,0,2,1,2,31,3
1871384,0,103,0,40,2,0,2,1,2,78,3
1871386,0,103,0,40,2,0,2,1,2,28,3
1871388,0,103,0,40,2,0,2,1,2,70,3
1871390,0,103,0,40,3,0,2,1,2,44,3
1871392,0,103,0,40,2,0,2,1,2,31,3
1871394,0,103,0,40,3,0,2,1,2,57,3
1871396,0,103,0,40,2,0,2,1,2,99,3
1871398,0,103,0,40,2,0,2,1,2,35,3
1871400,0,103,0,40,3,0,2,1,2,30,3
1871402,0,103,0,40,3,0,2,1,2,46,3
1871404,0,103,0,40,3,0,2,1,2,18,3
1871406,0,103,0,40,3,0,2,1,2,86,3
1871408,0,103,0,40,2,0,2,1,2,103,3
1871410,0,103,0,40,3,0,2,1,2,57,3
1871412,0,103,0,40,2,0,2,1,2,27,3
1871414,0,103,0,40,3,0,2,1,2,32,3
1871416,0,103,0,40,3,0,2,1,2,8,3
1871418,0,103,0,40,2,0,2,1,2,64,3
1871420,0,103,0,40,2,0,2,1,2,9,3
1871422,0,103,0,40,2,0,2,1,2,67,3
1871424,0,103,0,40,2,0,2,1,2,41,3
1871426,0,103,0,40,3,0,2,1,2,24,3
1871428,0,103,0,40,3,0,2,1,2,46,3
1871430,0,103,0,40,2,0,2,1,2,32,3
1871432,0,103,0,40,2,0,2,1,2,40,3
1871434,0,103,0,40,3,0,2,1,2,15,3
1871436,0,103,0,40,3,0,2,1,2,53,3
1871438,0,103,0,40,2,0,2,1,2,32,3
1871440,0,103,0,40,3,0,2,1,2,37,3
1871442,0,103,0,40,3,0,2,1,2,22,3
1871444,0,103,0,40,2,0,2,1,2,35,3
1871446,0,103,0,40,2,0,2,1,2,55,3
1871448,0,103,0,40,2,0,2,1,2,41,3
1871450,0,103,0,40,2,0,2,1,2,42,3
1871452,0,103,0,40,3,0,2,1,2,45,3
1871454,0,103,0,40,2,0,2,1,2,12,3
1871456,0,103,0,40,2,0,2,1,2,35,3
1871458,0,103,0,40,2,0,2,1,2,33,3
1871460,0,103,0,40,2,0,2,1,2,32,3
1871462,0,103,0,40,2,0,2,1,2,25,3
1871464,0,103,0,40,2,0,2,1,2,70,3
1871466,0,103,0,40,2,0,2,1,2,74,3
1871468,0,103,0,40,2,0,2,1,2,82,3
1871470,0,103,0,40,3,0,2,1,2,20,3
1871472,0,103,0,40,3,0,2,1,2,51,3
1871474,0,103,0,40,3,0,2,1,2,51,3
1871476,0,103,0,40,2,0,2,1,2,34,3
1871478,0,103,0,40,2,0,2,1,2,23,3
1871480,0,103,0,40,3,0,2,1,2,33,3
1871482,0,103,0,40,3,0,2,1,2,75,3
1871484,0,103,0,40,2,0,2,1,2,40,3
1871486,0,103,0,40,3,0,2,1,2,67,3
1871488,0,103,0,40,3,0,2,1,2,15,3
1871490,0,103,0,40,3,0,2,1,2,41,3
1871492,0,103,0,40,3,0,2,1,2,22,3
1871494,0,103,0,40,2,0,2,1,2,64,3
1871496,0,103,0,40,3,0,2,1,2,38,3
1871498,0,103,0,40,2,0,2,1,2,26,3
1871500,0,103,0,40,2,0,2,1,2,120,3
1871502,0,103,0,40,3,0,2,1,2,96,3
1871504,0,103,0,40,2,0,2,1,2,51,3
1871506,0,103,0,40,2,0,2,1,2,26,3
1871508,0,103,0,40,3,0,2,1,2,19,3
1871510,0,103,0,40,3,0,2,1,2,71,3
1871512,0,103,0,40,3,0,2,1,2,86,3
1871514,0,103,0,40,3,0,2,1,2,28,3
1871516,0,103,0,40,2,0,2,1,2,33,3
1871518,0,103,0,40,3,0,2,1,2,77,3
1871520,0,103,0,40,3,0,2,1,2,38,3
1871522,0,103,0,40,2,0,2,1,2,29,3
1871524,0,103,0,40,2,0,2,1,2,37,3
1871526,0,103,0,40,3,0,2,1,2,66,3
1871528,0,103,0,40,2,0,2,1,2,70,3
1871530,0,103,0,40,3,0,2,1,2,39,3
1871532,0,103,0,40,2,0,2,1,2,28,3
1871534,0,103,0,40,3,0,2,1,2,66,3
1871536,0,103,0,40,2,0,2,1,2,27,3
1871538,0,103,0,40,2,0,2,1,2,64,3
1871540,0,103,0,40,2,0,2,1,2,69,3
1871542,0,103,0,40,2,0,2,1,2,35,3
1871544,0,103,0,40,2,0,2,1,2,52,3
1871546,0,103,0,40,3,0,2,1,2,35,3
1871548,0,103,0,40,3,0,2,1,2,30,3
1871550,0,103,0,40,2,0,2,1,2,36,3
1871552,0,103,0,40,3,0,2,1,2,100,3
1871554,0,103,0,40,3,0,2,1,2,55,3
1871556,0,103,0,40,3,0,2,1,2,47,3
1871558,0,103,0,40,2,0,2,1,2,44,3
1871560,0,103,0,40,3,0,2,1,2,14,3
1871562,0,103,0,40,3,0,2,1,2,21,3
1871564,0,103,0,40,3,0,2,1,2,26,3
1871566,0,103,0,40,2,0,2,1,2,60,3
1871568,0,103,0,40,2,0,2,1,2,24,3
1871570,0,103,0,40,3,0,2,1,2,36,3
1871572,0,103,0,40,2,0,2,1,2,19,3
1871574,0,103,0,40,2,0,2,1,2,70,3
1871576,0,103,0,40,3,0,2,1,2,41,3
1871578,0,103,0,40,3,0,2,1,2,43,3
1871580,0,103,0,40,3,0,2,1,2,64,3
1871582,0,103,0,40,2,0,2,1,2,21,3
1871584,0,103,0,40,2,0,2,1,2,17,3
1871586,0,103,0,40,2,0,2,1,2,46,3
1871588,0,103,0,40,2,0,2,1,2,41,3
1871590,0,103,0,40,2,0,2,1,2,38,3
1871592,0,103,0,40,2,0,2,1,2,29,3
1871594,0,103,0,40,3,0,2,1,2,35,3
1871596,0,103,0,40,2,0,2,1,2,30,3
1871598,0,103,0,40,2,0,2,1,2,21,3
1871600,0,103,0,40,3,0,2,1,2,59,3
1871602,0,103,0,40,2,0,2,1,2,95,3
1871604,0,103,0,40,3,0,2,1,2,43,3
1871606,0,103,0,40,2,0,2,1,2,28,3
1871608,0,103,0,40,3,0,2,1,2,41,3
1871610,0,103,0,40,2,0,2,1,2,50,3
1871612,0,103,0,40,2,0,2,1,2,47,3
1871614,0,103,0,40,2,0,2,1,2,16,3
1871616,0,103,0,40,3,0,2,1,2,23,3
1871618,0,103,0,40,2,0,2,1,2,49,3
1871620,0,103,0,40,3,0,2,1,2,84,3
1871622,0,103,0,40,2,0,2,1,2,31,3
1871624,0,103,0,40,3,0,2,1,2,56,3
1871626,0,103,0,40,3,0,2,1,2,50,3
1871628,0,103,0,40,2,0,2,1,2,28,3
1871630,0,103,0,40,3,0,2,1,2,46,3
1871632,0,103,0,40,2,0,2,1,2,45,3
1871634,0,103,0,40,2,0,2,1,2,45,3
1871636,0,103,0,40,2,0,2,1,2,36,3
1871638,0,103,0,40,3,0,2,1,2,37,3
1871640,0,103,0,40,3,0,2,1,2,40,3
1871642,0,103,0,40,2,0,2,1,2,37,3
1871644,0,103,0,40,2,0,2,1,2,42,3
1871646,0,103,0,40,3,0,2,1,2,12,3
1871648,0,103,0,40,3,0,2,1,2,49,3
1871650,0,103,0,40,3,0,2,1,2,53,3
1871652,0,103,0,40,2,0,2,1,2,33,3
1871654,0,103,0,40,2,0,2,1,2,38,3
1871656,0,103,0,40,3,0,2,1,2,68,3
1871658,0,103,0,40,2,0,2,1,2,50,3
1871660,0,103,0,40,2,0,2,1,2,31,3
1871662,0,103,0,40,2,0,2,1,2,27,3
1871664,0,103,0,40,2,0,2,1,2,40,3
1871666,0,103,0,40,2,0,2,1,2,42,3
1871668,0,103,0,40,3,0,2,1,2,30,3
1871670,0,103,0,40,2,0,2,1,2,16,3
1871672,0,103,0,40,3,0,2,1,2,19,3
1847907,0,103,0,40,2,0,2,1,4,76,3
1848173,0,103,0,40,2,0,2,1,4,53,3
1848652,0,103,0,40,2,0,2,1,8,53,3
1849208,0,103,0,40,3,0,2,1,4,39,3
1849297,0,103,0,40,3,0,2,1,9,42,3
1849636,0,103,0,40,2,0,2,1,3,55,3
1849667,0,103,0,40,3,0,2,1,1,53,3
1849769,0,103,0,40,3,0,2,1,13,46,3
1849929,0,103,0,40,3,0,2,1,1,43,3
1850060,0,103,0,40,3,0,2,1,7,46,3
1850279,0,103,0,40,3,0,2,1,8,19,3
1850445,0,103,0,40,3,0,2,1,1,17,3
1850477,0,103,0,40,3,0,2,1,3,63,3
1850792,0,103,0,40,3,0,2,1,4,24,3
1851196,0,103,0,40,3,0,2,1,5,16,3
1851265,0,103,0,40,2,0,2,1,8,51,3
1851751,0,103,0,40,2,0,2,1,4,115,3
1852042,0,103,0,40,2,0,2,1,15,44,3
1852545,0,103,0,40,2,0,2,1,14,34,3
1852911,0,103,0,40,3,0,2,1,16,88,3
1853229,0,103,0,40,3,0,2,1,13,51,3
1853487,0,103,0,40,3,0,2,1,15,86,3
1854086,0,103,0,40,2,0,2,1,4,29,3
1854227,0,103,0,40,3,0,2,1,4,27,3
1854433,0,103,0,40,2,0,2,1,3,21,3
1854494,0,103,0,40,3,0,2,1,6,18,3
1854997,0,103,0,40,3,0,2,1,4,23,3
1855144,0,103,0,40,2,0,2,1,3,22,3
1855227,0,103,0,40,2,0,2,1,2,56,3
1855324,0,103,0,40,3,0,2,1,7,90,3
1855457,0,103,0,40,3,0,2,1,5,22,3
1855761,0,103,0,40,2,0,2,1,10,57,3
1855811,0,103,0,40,3,0,2,1,7,50,3
1855864,0,103,0,40,2,0,2,1,9,33,3
1856532,0,103,0,40,3,0,2,1,6,30,3
1856786,0,103,0,40,3,0,2,1,9,50,3
1856969,0,103,0,40,2,0,2,1,11,70,3
1857130,0,103,0,40,2,0,2,1,8,49,3
1857369,0,103,0,40,2,0,2,1,3,32,3
1857627,0,103,0,40,2,0,2,1,14,67,3
1857647,0,103,0,40,2,0,2,1,4,45,3
1847856,0,103,0,40,2,0,2,1,4,55,3
1848001,0,103,0,40,3,0,2,1,9,40,3
1848207,0,103,0,40,2,0,2,1,5,67,3
1848418,0,103,0,40,2,0,2,1,7,29,3
1848713,0,103,0,40,2,0,2,1,8,38,3
1848984,0,103,0,40,3,0,2,1,7,54,3
1849077,0,103,0,40,2,0,2,1,9,34,3
1849856,0,103,0,40,2,0,2,1,6,42,3
1850109,0,103,0,40,3,0,2,1,11,36,3
1850186,0,103,0,40,3,0,2,1,10,49,3
1851180,0,103,0,40,2,0,2,1,3,53,3
1851461,0,103,0,40,3,0,2,1,4,29,3
1851679,0,103,0,40,2,0,2,1,4,28,3
1851924,0,103,0,40,2,0,2,1,3,55,3
1852505,0,103,0,40,3,0,2,1,8,69,3
1852682,0,103,0,40,2,0,2,1,3,55,3
1853310,0,103,0,40,3,0,2,1,5,38,3
1853468,0,103,0,40,3,0,2,1,9,28,3
1853558,0,103,0,40,2,0,2,1,7,52,3
1853643,0,103,0,40,2,0,2,1,17,15,3
1853750,0,103,0,40,3,0,2,1,4,9,3
1854590,0,103,0,40,2,0,2,1,12,54,3
1854674,0,103,0,40,2,0,2,1,8,98,3
1855018,0,103,0,40,3,0,2,1,9,62,3
1856210,0,103,0,40,3,0,2,1,7,49,3
1857421,0,103,0,40,3,0,2,1,8,19,3
1857482,0,103,0,40,2,0,2,1,8,28,3
1851143,0,103,0,40,3,1,2,1,10,26,3
1847928,0,103,0,40,2,0,2,1,14,81,3
1847998,0,103,0,40,2,0,2,1,14,36,3
1848211,0,103,0,40,2,0,2,1,8,16,3
1848419,0,103,0,40,3,0,2,1,11,68,3
1849790,0,103,0,40,3,0,2,1,8,39,3
1850275,0,103,0,40,3,0,2,1,5,54,3
1850448,0,103,0,40,2,0,2,1,14,40,3
1850600,0,103,0,40,3,0,2,1,15,74,3
1850692,0,103,0,40,3,0,2,1,5,35,3
1850866,0,103,0,40,3,0,2,1,8,31,3
1851106,0,103,0,40,3,0,2,1,4,29,3
1851174,0,103,0,40,3,0,2,1,9,67,3
1851695,0,103,0,40,3,0,2,1,13,61,3
1852912,0,103,0,40,3,0,2,1,6,44,3
1853670,0,103,0,40,3,0,2,1,10,20,3
1854556,0,103,0,40,2,0,2,1,8,42,3
1855327,0,103,0,40,2,0,2,1,5,11,3
1855798,0,103,0,40,2,0,2,1,4,62,3
1855937,0,103,0,40,2,0,2,1,12,41,3
1856566,0,103,0,40,3,0,2,1,6,25,3
1856656,0,103,0,40,2,0,2,1,10,11,3
1856877,0,103,0,40,2,0,2,1,10,69,3
1857338,0,103,0,40,2,0,2,1,6,49,3
1857580,0,103,0,40,3,0,2,1,5,43,3
1848003,0,103,0,40,3,0,2,1,8,29,3
1849655,0,103,0,40,3,0,2,1,6,26,3
1850085,0,103,0,40,2,0,2,1,8,32,3
1850247,0,103,0,40,2,0,2,1,9,20,3
1850656,0,103,0,40,2,0,2,1,13,84,3
1851185,0,103,0,40,2,0,2,1,5,34,3
1851613,0,103,0,40,3,0,2,1,18,62,3
1851722,0,103,0,40,2,0,2,1,10,38,3
1851943,0,103,0,40,3,0,2,1,9,17,3
1852318,0,103,0,40,2,0,2,1,6,35,3
1852710,0,103,0,40,2,0,2,1,7,46,3
1853603,0,103,0,40,2,0,2,1,8,47,3
1853659,0,103,0,40,2,0,2,1,11,44,3
1856669,0,103,0,40,2,0,2,1,8,37,3
1856839,0,103,0,40,2,0,2,1,5,74,3
1851216,0,103,0,40,3,1,2,1,13,71,3
1848864,0,103,0,40,3,1,2,1,2,61,3
1852285,0,103,0,40,2,1,2,1,2,23,3
1857570,0,103,0,40,2,1,2,1,2,32,3
1849467,0,103,0,40,2,1,2,1,9,85,3
1851338,0,103,0,40,2,1,2,1,10,61,3
1848097,0,103,0,40,3,0,2,1,6,34,3
1848200,0,103,0,40,2,0,2,1,7,71,3
1848859,0,103,0,40,3,0,2,1,9,22,3
1848975,0,103,0,40,2,0,2,1,6,38,3
1849658,0,103,0,40,3,0,2,1,14,65,3
1850604,0,103,0,40,2,0,2,1,8,22,3
1850612,0,103,0,40,3,0,2,1,10,78,3
1853036,1,103,0,40,2,0,2,1,11,16,3
1854591,0,103,0,40,3,0,2,1,18,35,3
1856393,0,103,0,40,3,0,2,1,14,48,3
1857111,0,103,0,40,3,0,2,1,5,47,3
1857359,0,103,0,40,3,0,2,1,15,28,3
1855722,0,103,0,40,3,1,2,1,11,35,3
1848188,0,103,0,40,3,0,2,1,12,15,3
1848351,0,103,0,40,3,0,2,1,10,42,3
1853977,0,103,0,40,3,0,2,1,15,44,3
1856063,0,103,0,40,3,0,2,1,9,82,3
1857255,0,103,0,40,2,0,2,1,10,54,3
1853968,0,103,0,40,2,1,2,1,6,54,3
1857159,0,103,0,40,3,1,2,1,2,63,3
1857410,0,103,0,40,2,1,2,1,4,43,3
1848036,0,103,0,40,3,0,2,1,13,57,3
1848909,0,103,0,40,3,0,2,1,10,29,3
1852038,0,103,0,40,3,0,2,1,14,34,3
1852064,0,103,0,40,2,0,2,1,27,21,3
1852352,0,103,0,40,2,0,2,1,11,31,3
1854943,0,103,0,40,3,1,2,1,8,59,3
1854894,0,103,0,40,3,1,2,1,7,23,3
1854188,0,103,0,40,2,1,2,1,4,24,3
1852817,0,103,0,40,2,1,2,1,9,28,3
1855116,0,103,0,40,2,1,2,1,17,53,3
1848105,0,103,0,40,2,1,2,1,5,59,3
1850743,0,103,0,40,2,1,2,1,6,58,3
1850030,0,103,0,40,2,0,2,1,15,50,3
1851927,0,103,0,40,3,0,2,1,10,44,3
1854810,0,103,0,40,2,0,2,1,14,60,3
1855736,0,103,0,40,2,0,2,1,15,14,3
1851598,0,103,0,40,3,1,2,1,14,35,3
1848167,0,103,0,40,2,1,2,1,7,39,3
1854622,0,103,0,40,3,1,2,1,9,52,3
1857283,0,103,0,40,2,1,2,1,6,46,3
1849809,0,103,0,40,2,0,2,1,16,69,3
1855831,0,103,0,40,3,0,2,1,19,34,3
1850830,0,103,0,40,3,1,2,1,6,34,3
1852803,0,103,0,40,3,1,2,1,10,67,3
1857713,0,103,0,40,3,0,2,1,5,65,3
1855833,0,103,0,40,2,1,2,1,10,26,3
1850165,0,103,0,40,3,1,2,1,6,49,3
1853380,0,103,0,40,2,1,2,1,8,27,3
1855056,0,103,0,40,2,1,2,1,4,41,3
1855916,0,103,0,40,3,1,2,1,13,70,3
1853341,0,103,0,40,3,0,2,1,15,41,3
1852555,0,103,0,40,2,1,2,1,13,64,3
1850588,0,103,0,40,3,1,2,1,22,49,3
1852523,0,103,0,40,3,1,2,1,4,46,3
1848635,0,103,0,40,2,0,2,1,20,55,3
1857207,0,103,0,40,2,0,2,1,16,29,3
1855386,0,103,0,40,2,1,2,1,11,39,3
1851833,0,103,0,40,2,2,2,1,14,41,3
1848741,0,103,0,40,2,1,2,1,14,51,3
1855280,0,103,0,40,2,1,2,1,10,34,3
1848569,0,103,0,40,2,1,2,1,14,38,3
1856860,0,103,0,40,2,1,2,1,27,44,3
1852240,0,103,0,40,2,2,2,1,7,81,3
1851234,0,103,0,40,2,1,2,1,10,25,3
1853285,0,103,0,40,3,2,2,1,17,27,3
1848443,0,103,0,40,3,0,2,1,22,15,3
1849232,0,103,0,40,2,1,2,1,11,55,3
1848361,0,103,0,40,2,1,2,1,14,87,3
1856413,0,103,0,40,2,1,2,1,11,31,3
1857033,0,103,0,40,2,1,2,1,17,52,3
1856334,0,103,0,40,2,1,2,1,19,51,3
1848947,0,103,0,40,3,1,2,1,17,55,3
1849329,0,103,0,40,2,2,2,1,21,66,3
1850512,0,103,0,40,3,1,2,1,11,51,3
1854073,0,103,0,40,3,1,2,1,19,41,3
1851717,0,103,0,40,3,0,2,1,25,57,3
1854725,0,103,0,40,3,1,2,1,7,53,3
1856812,0,103,0,40,3,2,2,1,8,81,3
1854302,0,103,0,40,3,1,2,1,22,34,3
1849058,0,103,0,40,3,2,2,1,19,42,3
1852487,0,103,0,40,2,1,2,1,12,47,3
1853347,0,103,0,40,3,1,2,1,15,46,3
1856212,0,103,0,40,3,2,2,1,13,53,3
1855599,0,103,0,40,2,1,2,1,10,39,3
1857762,0,103,0,40,3,0,2,1,2,13,3
1852622,0,103,0,40,3,1,2,1,25,70,3
1856477,0,103,0,40,2,2,2,1,14,86,3
1849955,0,103,0,40,3,2,2,1,18,40,3
1850486,0,103,0,40,3,2,2,1,17,76,3
1851463,0,103,0,40,3,4,2,1,9,52,3
1851487,0,103,0,40,3,0,2,1,27,22,3
1855865,0,103,0,40,2,1,2,1,26,112,3
1848632,0,103,0,40,3,1,2,1,20,61,3
1855077,0,103,0,40,2,2,2,1,17,7,3
1853173,0,103,0,40,3,2,2,1,29,28,3
1851812,0,103,0,40,3,1,2,1,18,81,3
1852123,0,103,0,40,3,3,2,1,24,30,3
1857403,0,103,0,40,3,1,2,1,20,57,3
1851147,0,103,0,40,2,3,2,1,19,37,3
1849673,0,103,0,40,3,3,2,1,22,24,3
1851160,0,103,0,40,3,2,2,1,41,46,3
1848474,0,103,0,40,2,4,2,1,15,21,3
1857109,0,103,0,40,3,2,2,1,29,51,3
1852885,0,103,0,40,2,3,2,1,24,55,3
1852506,0,103,0,40,2,3,2,1,22,9,3
1857918,0,103,0,40,3,2,2,1,5,56,3
1858180,0,103,0,40,3,0,2,1,3,55,3
1853405,0,103,0,40,3,2,2,1,22,85,3
1857733,0,103,0,40,2,2,2,1,12,51,3
1858213,0,103,0,40,3,0,2,1,2,20,3
1848148,0,103,0,40,2,4,2,1,27,29,3
1858205,0,103,0,40,2,0,2,1,5,25,3
1858324,0,103,0,40,3,0,2,1,3,63,3
1858434,0,103,0,40,3,0,2,1,3,50,3
1858515,0,103,0,40,3,0,2,1,3,37,3
1858261,0,103,0,40,2,1,2,1,3,37,3
1858642,0,103,0,40,2,0,2,1,2,36,3
1858460,0,103,0,40,2,0,2,1,8,34,3
1851607,0,103,0,40,2,4,2,1,28,62,3
1858322,0,103,0,40,3,0,2,1,7,15,3
1858224,0,103,0,40,2,1,2,1,8,59,3
1858159,0,103,0,40,3,1,2,1,9,67,3
1858769,0,103,0,40,2,0,2,1,2,42,3
1858362,0,103,0,40,2,0,2,1,7,23,3
1858612,0,103,0,40,2,1,2,1,4,49,3
1850125,0,103,0,40,3,4,2,1,33,32,3
1858895,0,103,0,40,3,0,2,1,9,19,3
1858352,0,103,0,40,2,2,2,1,11,36,3
1859233,0,103,0,40,3,0,2,1,4,21,3
1859348,0,103,0,40,2,0,2,1,3,47,3
1859158,0,103,0,40,3,0,2,1,9,54,3
1859333,0,103,0,40,3,1,2,1,6,31,3
1859933,0,103,0,40,3,0,2,1,2,25,3
1858726,0,103,0,40,3,1,2,1,13,25,3
1859718,0,103,0,40,3,0,2,1,4,25,3
1859922,0,103,0,40,3,0,2,1,2,34,3
1860032,0,103,0,40,3,0,2,1,2,33,3
1858908,0,103,0,40,2,1,2,1,8,14,3
1859971,0,103,0,40,3,0,2,1,5,33,3
1859930,0,103,0,40,2,0,2,1,4,53,3
1858044,0,103,0,40,3,2,2,1,16,23,3
1860100,0,103,0,40,3,0,2,1,4,39,3
1859153,0,103,0,40,2,1,2,1,8,52,3
1858810,0,103,0,40,3,2,2,1,11,34,3
1860401,0,103,0,40,3,0,2,1,2,32,3
1858902,0,103,0,40,3,2,2,1,10,82,3
1858695,0,103,0,40,2,2,2,1,11,59,3
1860561,0,103,0,40,3,0,2,1,2,69,3
1859102,0,103,0,40,2,1,2,1,12,55,3
1860731,0,103,0,40,2,0,2,1,2,25,3
1858342,0,103,0,40,2,1,2,1,19,37,3
1860391,0,103,0,40,2,0,2,1,5,60,3
1860458,0,103,0,40,3,0,2,1,4,41,3
