id,inf_state,current_time,infected_time,ct_value,ct_type_method,number_of_bites,species,sex,current_age,death_day,sim_number,
3800662,0,943,0,40,2,5,2,1,77,57,7
3822558,0,943,0,40,2,3,2,1,87,49,7
3816814,0,943,0,40,2,6,2,1,94,70,7
3837545,0,943,0,40,2,2,2,1,60,36,7
3830792,0,943,0,40,3,5,2,1,62,72,7
3816126,0,943,0,40,3,4,2,1,102,34,7
3782499,0,943,0,40,2,9,2,1,126,56,7
3846896,0,943,0,40,3,1,2,1,47,84,7
3825359,0,943,0,40,3,5,2,1,85,62,7
3851411,0,943,0,40,2,0,2,1,44,66,7
3827116,0,943,0,40,3,4,2,1,75,70,7
3825112,0,943,0,40,3,7,2,1,61,101,7
3810058,0,943,0,40,3,12,2,1,98,65,7
3826038,0,943,0,40,3,6,2,1,65,33,7
3841688,0,943,0,40,3,4,2,1,51,45,7
3849286,0,943,0,40,3,1,2,1,40,23,7
3842914,0,943,0,40,2,2,2,1,51,37,7
3830639,0,943,0,40,3,4,2,1,67,36,7
3842895,0,943,0,40,3,3,2,1,47,32,7
3855200,0,943,0,40,3,1,2,1,40,45,7
3844338,0,943,0,40,2,2,2,1,43,36,7
3798623,0,943,0,40,3,8,2,1,81,37,7
3827330,0,943,0,40,2,3,2,1,77,61,7
3808631,0,943,0,40,3,6,2,1,56,11,7
3830296,2,943,0,40,2,5,2,1,63,43,7
3827101,0,943,0,40,3,4,2,1,79,31,7
3857216,0,943,0,40,3,0,2,1,35,64,7
3851752,0,943,0,40,2,1,2,1,38,18,7
3810328,0,943,0,40,2,10,2,1,103,72,7
3845745,0,943,0,40,2,3,2,1,44,19,7
3851178,0,943,0,40,3,2,2,1,37,53,7
3835155,0,943,0,40,2,5,2,1,56,49,7
3858584,0,943,0,40,3,0,2,1,34,18,7
3858612,0,943,0,40,3,0,2,1,34,83,7
3809641,0,943,0,40,2,13,2,1,88,28,7
3835402,0,943,0,40,2,5,2,1,58,62,7
3844879,0,943,0,40,3,2,2,1,42,26,7
3847270,0,943,0,40,3,3,2,1,37,36,7
3855617,0,943,0,40,2,1,2,1,35,25,7
3858810,0,943,0,40,3,0,2,1,33,69,7
3859098,0,943,0,40,3,0,2,1,33,36,7
3831501,0,943,0,40,3,4,2,1,68,33,7
3806689,0,943,0,40,3,8,2,1,87,46,7
3854254,0,943,0,40,2,1,2,1,33,46,7
3858909,0,943,0,40,3,0,2,1,32,51,7
3859564,0,943,0,40,2,0,2,1,32,48,7
3859792,0,943,0,40,3,0,2,1,32,82,7
3816617,0,943,0,40,2,7,2,1,83,24,7
3816515,0,943,0,40,3,8,2,1,74,27,7
3847411,0,943,0,40,2,2,2,1,42,37,7
3852581,1,943,910,40,2,1,2,1,37,37,7
3830486,0,943,0,40,2,6,2,1,62,47,7
3805466,0,943,0,40,3,5,2,1,75,65,7
3839047,0,943,0,40,2,4,2,1,51,55,7
3848642,0,943,0,40,3,3,2,1,47,13,7
3852488,0,943,0,40,2,2,2,1,40,66,7
3858923,0,943,0,40,3,0,2,1,31,29,7
3859075,0,943,0,40,2,0,2,1,31,59,7
3811534,0,943,0,40,2,11,2,1,89,9,7
3812270,0,943,0,40,2,12,2,1,81,10,7
3809639,0,943,0,40,3,10,2,1,110,37,7
3826312,0,943,0,40,2,4,2,1,79,23,7
3854043,0,943,0,40,2,1,2,1,36,27,7
3832803,0,943,0,40,2,5,2,1,52,40,7
3824456,0,943,0,40,3,9,2,1,66,41,7
3821912,0,943,0,40,3,7,2,1,71,53,7
3855959,0,943,0,40,3,1,2,1,34,40,7
3842652,0,943,0,40,2,4,2,1,48,38,7
3857068,0,943,0,40,3,1,2,1,32,42,7
3847404,0,943,0,40,2,1,2,1,50,78,7
3854303,0,943,0,40,2,2,2,1,36,58,7
3853378,0,943,0,40,3,2,2,1,36,30,7
3858058,0,943,0,40,3,1,2,1,32,64,7
3852587,0,943,0,40,3,3,2,1,36,59,7
3848453,0,943,0,40,2,3,2,1,39,66,7
3858526,0,943,0,40,2,1,2,1,33,68,7
3860240,0,943,0,40,3,0,2,1,30,46,7
3860598,0,943,0,40,3,0,2,1,30,21,7
3861064,0,943,0,40,2,0,2,1,30,48,7
3849422,0,943,0,40,3,2,2,1,40,65,7
3854057,0,943,0,40,2,2,2,1,35,12,7
3838150,0,943,0,40,3,4,2,1,53,68,7
3843279,0,943,0,40,2,3,2,1,45,47,7
3855873,0,943,0,40,3,1,2,1,31,37,7
3844518,0,943,0,40,3,3,2,1,49,60,7
3844841,0,943,0,40,3,4,2,1,42,35,7
3854884,0,943,0,40,2,1,2,1,37,57,7
3847140,0,943,0,40,2,3,2,1,49,54,7
3824374,0,943,0,40,2,9,2,1,71,35,7
3856752,0,943,0,40,2,1,2,1,32,36,7
3859640,0,943,0,40,2,1,2,1,30,57,7
3852592,0,943,0,40,3,1,2,1,43,57,7
3849889,0,943,0,40,2,2,2,1,40,24,7
3860270,0,943,0,40,3,0,2,1,29,41,7
3861436,0,943,0,40,3,0,2,1,29,51,7
3861682,0,943,0,40,2,0,2,1,29,106,7
3838979,0,943,0,40,2,5,2,1,48,58,7
3856286,0,943,0,40,3,1,2,1,30,59,7
3841235,0,943,0,40,2,4,2,1,48,18,7
3839061,0,943,0,40,2,4,2,1,49,60,7
3829632,0,943,0,40,3,7,2,1,56,57,7
3846330,0,943,0,40,3,3,2,1,40,78,7
3851832,0,943,0,40,2,3,2,1,35,51,7
3827994,0,943,0,40,3,5,2,1,61,53,7
3832589,0,943,0,40,2,3,2,1,58,29,7
3846584,0,943,0,40,3,3,2,1,40,31,7
3798876,0,943,0,40,3,5,2,1,69,60,7
3843722,0,943,0,40,2,3,2,1,46,34,7
3825353,0,943,0,40,3,9,2,1,61,17,7
3844762,0,943,0,40,3,3,2,1,45,46,7
3813803,0,943,0,40,3,10,2,1,84,64,7
3838696,0,943,0,40,2,3,2,1,54,33,7
3840171,0,943,0,40,2,3,2,1,52,20,7
3826209,0,943,0,40,3,6,2,1,71,40,7
3859578,0,943,0,40,3,1,2,1,30,41,7
3806000,0,943,0,40,2,6,2,1,89,27,7
3800355,0,943,0,40,3,9,2,1,99,29,7
3842260,0,943,0,40,3,4,2,1,50,41,7
3849790,0,943,0,40,2,3,2,1,37,33,7
3859493,0,943,0,40,3,0,2,1,28,35,7
3860945,0,943,0,40,3,0,2,1,28,40,7
3860985,0,943,0,40,2,0,2,1,28,37,7
3861507,0,943,0,40,3,0,2,1,28,95,7
3861567,0,943,0,40,3,0,2,1,28,51,7
3861746,0,943,0,40,3,0,2,1,28,49,7
3861784,0,943,0,40,3,0,2,1,28,56,7
3862138,0,943,0,40,3,0,2,1,28,45,7
3853012,0,943,0,40,2,2,2,1,31,43,7
3804609,0,943,0,40,3,4,2,1,58,61,7
3843193,0,943,0,40,2,2,2,1,45,51,7
3840002,0,943,0,40,3,2,2,1,50,35,7
3805972,0,943,0,40,2,9,2,1,79,20,7
3821022,0,943,0,40,2,5,2,1,69,31,7
3853891,0,943,0,40,3,1,2,1,35,56,7
3753536,0,943,0,40,3,17,2,1,133,27,7
3809880,0,943,0,40,3,10,2,1,102,20,7
3832813,0,943,0,40,3,6,2,1,52,56,7
3854150,0,943,0,40,2,2,2,1,29,14,7
3848967,0,943,0,40,3,2,2,1,40,48,7
3805299,0,943,0,40,3,5,2,1,56,29,7
3808244,1,943,913,34.6092,3,10,2,1,78,64,7
3806395,0,943,0,40,3,7,2,1,96,55,7
3805608,0,943,0,40,2,6,2,1,67,45,7
3813951,0,943,0,40,2,9,2,1,91,16,7
3800111,0,943,0,40,3,5,2,1,63,52,7
3806334,0,943,0,40,2,6,2,1,73,59,7
3847071,0,943,0,40,3,3,2,1,36,64,7
3847910,0,943,0,40,3,2,2,1,41,43,7
3844264,0,943,0,40,2,3,2,1,44,52,7
3806803,0,943,0,40,3,10,2,1,72,31,7
3825216,0,943,0,40,2,10,2,1,64,49,7
3859175,0,943,0,40,3,1,2,1,28,66,7
3825617,0,943,0,40,2,7,2,1,63,62,7
3849816,1,943,912,40,2,3,2,1,43,49,7
3862560,0,943,0,40,2,0,2,1,27,84,7
3806951,0,943,0,40,3,5,2,1,62,56,7
3844015,0,943,0,40,3,3,2,1,36,41,7
3835497,0,943,0,40,2,4,2,1,49,34,7
3818171,0,943,0,40,2,8,2,1,70,46,7
3833391,0,943,0,40,2,5,2,1,54,48,7
3825189,0,943,0,40,3,7,2,1,62,48,7
3816803,0,943,0,40,2,9,2,1,66,75,7
3834917,0,943,0,40,3,5,2,1,46,41,7
3825671,0,943,0,40,3,7,2,1,61,25,7
3853702,0,943,0,40,2,1,2,1,35,71,7
3842359,0,943,0,40,3,4,2,1,44,66,7
3815930,0,943,0,40,3,8,2,1,77,31,7
3831748,0,943,0,40,3,6,2,1,57,42,7
3853277,0,943,0,40,3,3,2,1,33,63,7
3818710,0,943,0,40,3,8,2,1,71,37,7
3859966,0,943,0,40,2,1,2,1,27,59,7
3846012,0,943,0,40,3,5,2,1,47,29,7
3838830,1,943,912,29.9534,3,3,2,1,55,37,7
3842738,0,943,0,40,3,4,2,1,47,42,7
3826756,0,943,0,40,3,8,2,1,71,21,7
3859944,0,943,0,40,2,0,2,1,26,49,7
3861125,0,943,0,40,3,0,2,1,26,36,7
3861725,0,943,0,40,2,0,2,1,26,19,7
3862990,0,943,0,40,3,0,2,1,26,58,7
3863174,0,943,0,40,2,0,2,1,26,40,7
3838761,0,943,0,40,3,2,2,1,49,57,7
3839366,0,943,0,40,2,4,2,1,44,26,7
3803282,0,943,0,40,2,11,2,1,61,35,7
3850713,0,943,0,40,2,2,2,1,32,42,7
3844269,0,943,0,40,2,4,2,1,39,68,7
3836551,0,943,0,40,2,5,2,1,48,17,7
3851516,0,943,0,40,2,3,2,1,34,59,7
3854624,0,943,0,40,3,2,2,1,33,49,7
3846836,0,943,0,40,3,3,2,1,38,44,7
3838103,1,943,907,40,2,5,2,1,49,82,7
3838940,1,943,896,40,3,7,2,1,44,81,7
3827387,1,943,892,40,2,7,2,1,57,51,7
3859502,0,943,0,40,3,1,2,1,27,35,7
3818488,0,943,0,40,2,8,2,1,70,51,7
3850701,0,943,0,40,3,2,2,1,40,54,7
3853220,0,943,0,40,3,1,2,1,38,39,7
3831398,0,943,0,40,3,5,2,1,67,77,7
3850684,0,943,0,40,2,2,2,1,37,28,7
3859111,0,943,0,40,3,1,2,1,26,37,7
3860320,0,943,0,40,3,1,2,1,26,81,7
3837156,0,943,0,40,2,5,2,1,50,18,7
3846734,0,943,0,40,2,3,2,1,40,35,7
3784819,0,943,0,40,2,13,2,1,106,43,7
3852826,0,943,0,40,3,2,2,1,40,40,7
3851104,0,943,0,40,2,1,2,1,45,18,7
3852121,0,943,0,40,2,3,2,1,38,46,7
3853754,0,943,0,40,3,2,2,1,30,45,7
3838942,0,943,0,40,2,7,2,1,42,45,7
3857382,0,943,0,40,2,1,2,1,33,19,7
3860871,0,943,0,40,2,1,2,1,28,60,7
3849973,0,943,0,40,2,2,2,1,42,46,7
3829096,0,943,0,40,2,7,2,1,54,19,7
3861833,0,943,0,40,3,0,2,1,25,40,7
3861849,0,943,0,40,3,0,2,1,25,26,7
3862663,0,943,0,40,3,0,2,1,25,47,7
3863383,0,943,0,40,2,0,2,1,25,29,7
3863439,0,943,0,40,2,0,2,1,25,28,7
3863651,0,943,0,40,3,0,2,1,25,30,7
3863893,0,943,0,40,3,0,2,1,25,44,7
3836712,0,943,0,40,3,4,2,1,49,35,7
3839008,0,943,0,40,2,5,2,1,49,29,7
3844153,0,943,0,40,2,2,2,1,38,59,7
3822156,0,943,0,40,2,9,2,1,57,35,7
3840093,0,943,0,40,2,4,2,1,45,79,7
3808179,0,943,0,40,2,12,2,1,98,37,7
3825770,0,943,0,40,3,7,2,1,62,26,7
3846634,0,943,0,40,2,3,2,1,34,49,7
3832159,0,943,0,40,3,4,2,1,63,55,7
3803497,0,943,0,40,2,12,2,1,79,21,7
3856003,0,943,0,40,2,1,2,1,31,58,7
3815402,0,943,0,40,3,9,2,1,76,62,7
3853420,0,943,0,40,2,2,2,1,33,67,7
3832972,0,943,0,40,3,6,2,1,52,67,7
3860441,0,943,0,40,2,1,2,1,25,101,7
3807294,0,943,0,40,3,7,2,1,65,69,7
3843581,0,943,0,40,3,2,2,1,49,75,7
3854245,0,943,0,40,2,2,2,1,28,48,7
3847401,0,943,0,40,3,4,2,1,32,32,7
3851866,0,943,0,40,3,1,2,1,39,25,7
3825805,0,943,0,40,3,7,2,1,61,52,7
3858429,0,943,0,40,2,1,2,1,29,25,7
3853698,0,943,0,40,3,2,2,1,30,56,7
3860235,0,943,0,40,2,1,2,1,27,32,7
3860496,0,943,0,40,2,1,2,1,26,70,7
3851272,0,943,0,40,3,3,2,1,32,65,7
3846241,0,943,0,40,3,3,2,1,45,56,7
3829973,0,943,0,40,2,5,2,1,57,77,7
3854809,0,943,0,40,2,2,2,1,33,49,7
3857206,0,943,0,40,2,1,2,1,31,33,7
3846944,0,943,0,40,3,3,2,1,42,67,7
3859580,0,943,0,40,2,1,2,1,29,65,7
3847357,0,943,0,40,3,4,2,1,33,34,7
3860383,0,943,0,40,3,1,2,1,28,37,7
3850305,0,943,0,40,3,2,2,1,40,31,7
3811014,0,943,0,40,2,13,2,1,77,22,7
3807946,0,943,0,40,2,10,2,1,75,16,7
3861179,0,943,0,40,3,1,2,1,26,63,7
3848853,0,943,0,40,3,2,2,1,46,62,7
3855488,0,943,0,40,2,2,2,1,38,52,7
3861816,0,943,0,40,3,1,2,1,28,45,7
3862411,0,943,0,40,2,0,2,1,24,27,7
3862651,0,943,0,40,3,0,2,1,24,40,7
3863470,0,943,0,40,3,0,2,1,24,50,7
3863870,0,943,0,40,3,0,2,1,24,29,7
3863991,0,943,0,40,3,0,2,1,24,75,7
3864103,0,943,0,40,2,0,2,1,24,35,7
3864151,0,943,0,40,2,0,2,1,24,45,7
3864411,0,943,0,40,3,0,2,1,24,10,7
3851814,0,943,0,40,3,1,2,1,35,57,7
3821020,0,943,0,40,2,7,2,1,63,25,7
3854688,0,943,0,40,2,1,2,1,31,35,7
3856727,0,943,0,40,3,1,2,1,29,24,7
3831255,0,943,0,40,2,5,2,1,52,29,7
3831728,0,943,0,40,3,4,2,1,58,50,7
3857164,0,943,0,40,2,1,2,1,28,25,7
3855213,0,943,0,40,3,1,2,1,33,36,7
3845628,0,943,0,40,3,2,2,1,40,59,7
3825632,0,943,0,40,2,5,2,1,72,9,7
3837035,0,943,0,40,3,3,2,1,55,48,7
3831606,0,943,0,40,3,7,2,1,56,70,7
3860852,0,943,0,40,3,1,2,1,24,43,7
3855528,0,943,0,40,2,2,2,1,31,41,7
3832390,0,943,0,40,2,6,2,1,54,36,7
3825767,0,943,0,40,3,8,2,1,57,29,7
3851757,0,943,0,40,2,3,2,1,32,47,7
3826649,0,943,0,40,2,6,2,1,61,41,7
3857712,0,943,0,40,3,1,2,1,27,21,7
3819227,0,943,0,40,2,8,2,1,79,27,7
3850204,0,943,0,40,3,4,2,1,36,48,7
3859039,0,943,0,40,3,1,2,1,24,53,7
3860815,0,943,0,40,2,1,2,1,24,23,7
3859213,0,943,0,40,2,1,2,1,28,44,7
3851648,1,943,903,40,3,3,2,1,35,50,7
3861427,0,943,0,40,2,1,2,1,24,27,7
3862116,0,943,0,40,2,1,2,1,24,38,7
3856638,0,943,0,40,3,1,2,1,33,95,7
3818559,0,943,0,40,3,10,2,1,65,76,7
3848667,0,943,0,40,3,2,2,1,42,21,7
3854879,0,943,0,40,2,2,2,1,31,26,7
3835004,0,943,0,40,2,7,2,1,46,34,7
3834682,0,943,0,40,3,7,2,1,59,41,7
3858273,0,943,0,40,3,2,2,1,28,52,7
3858496,0,943,0,40,3,2,2,1,27,33,7
3858747,0,943,0,40,2,2,2,1,26,33,7
3857770,0,943,0,40,2,1,2,1,32,41,7
3857290,0,943,0,40,2,1,2,1,30,48,7
3826832,0,943,0,40,2,6,2,1,61,49,7
3836968,0,943,0,40,3,5,2,1,54,42,7
3808247,0,943,0,40,2,8,2,1,89,65,7
3841001,0,943,0,40,2,5,2,1,47,57,7
3857466,0,943,0,40,2,1,2,1,30,92,7
3860821,0,943,0,40,2,0,2,1,23,26,7
3862515,0,943,0,40,3,0,2,1,23,42,7
3862961,0,943,0,40,2,0,2,1,23,41,7
3863704,0,943,0,40,3,0,2,1,23,100,7
3863864,0,943,0,40,3,0,2,1,23,36,7
3864028,0,943,0,40,2,0,2,1,23,33,7
3864188,0,943,0,40,2,0,2,1,23,73,7
3864368,0,943,0,40,3,0,2,1,23,50,7
3864554,0,943,0,40,2,0,2,1,23,90,7
3864656,0,943,0,40,3,0,2,1,23,62,7
3864756,0,943,0,40,3,0,2,1,23,28,7
3864878,0,943,0,40,2,0,2,1,23,62,7
3864966,0,943,0,40,3,0,2,1,23,27,7
3865018,0,943,0,40,2,0,2,1,23,46,7
3865058,0,943,0,40,3,0,2,1,23,51,7
3812584,1,943,898,35.1916,3,11,2,1,74,30,7
3817911,0,943,0,40,3,7,2,1,67,70,7
3769379,0,943,0,40,3,22,2,1,144,69,7
3839219,0,943,0,40,3,3,2,1,49,49,7
3833534,0,943,0,40,3,6,2,1,50,23,7
3861058,0,943,0,40,3,1,2,1,23,42,7
3823278,0,943,0,40,3,7,2,1,62,25,7
3854234,0,943,0,40,2,1,2,1,34,21,7
3857258,0,943,0,40,2,1,2,1,27,82,7
3859706,0,943,0,40,2,1,2,1,27,54,7
3817151,0,943,0,40,2,9,2,1,77,71,7
3815000,0,943,0,40,3,10,2,1,69,64,7
3808877,0,943,0,40,3,11,2,1,91,23,7
3860432,0,943,0,40,3,1,2,1,25,39,7
3830096,0,943,0,40,3,7,2,1,52,32,7
3841043,0,943,0,40,2,6,2,1,45,41,7
3862154,0,943,0,40,3,1,2,1,23,41,7
3845827,0,943,0,40,3,2,2,1,41,43,7
3857465,0,943,0,40,3,1,2,1,32,20,7
3828584,0,943,0,40,3,5,2,1,59,22,7
3857098,0,943,0,40,3,1,2,1,28,25,7
3851128,0,943,0,40,3,2,2,1,39,45,7
3818702,0,943,0,40,2,8,2,1,81,55,7
3823858,0,943,0,40,3,6,2,1,69,24,7
3860238,0,943,0,40,2,1,2,1,25,35,7
3857946,0,943,0,40,3,2,2,1,28,43,7
3858217,0,943,0,40,2,2,2,1,24,36,7
3829332,0,943,0,40,3,6,2,1,61,87,7
3847057,0,943,0,40,2,1,2,1,48,32,7
3807003,0,943,0,40,2,7,2,1,80,30,7
3850784,0,943,0,40,2,2,2,1,40,25,7
3850947,0,943,0,40,2,2,2,1,34,75,7
3858650,0,943,0,40,3,1,2,1,31,54,7
3821973,0,943,0,40,2,11,2,1,60,79,7
3831561,0,943,0,40,2,7,2,1,56,24,7
3842092,0,943,0,40,3,4,2,1,40,32,7
3820152,0,943,0,40,2,9,2,1,68,19,7
3833735,0,943,0,40,2,7,2,1,52,90,7
3859392,0,943,0,40,3,2,2,1,25,40,7
3863214,0,943,0,40,3,1,2,1,23,70,7
3858516,0,943,0,40,2,1,2,1,32,43,7
3838110,0,943,0,40,2,4,2,1,52,30,7
3854175,0,943,0,40,3,2,2,1,32,44,7
3857785,0,943,0,40,2,2,2,1,28,38,7
3862487,0,943,0,40,3,1,2,1,23,65,7
3829965,0,943,0,40,3,7,2,1,65,43,7
3843812,0,943,0,40,3,5,2,1,45,27,7
3826362,0,943,0,40,2,8,2,1,62,44,7
3862181,0,943,0,40,3,1,2,1,25,21,7
3805041,0,943,0,40,2,6,2,1,78,61,7
3863113,0,943,0,40,2,0,2,1,22,27,7
3864693,0,943,0,40,2,0,2,1,22,81,7
3864761,0,943,0,40,3,0,2,1,22,18,7
3864885,0,943,0,40,3,0,2,1,22,43,7
3864969,0,943,0,40,3,0,2,1,22,43,7
3865188,0,943,0,40,3,0,2,1,22,104,7
3865262,0,943,0,40,2,0,2,1,22,17,7
3865308,0,943,0,40,2,0,2,1,22,26,7
3865354,0,943,0,40,3,0,2,1,22,76,7
3865588,0,943,0,40,3,0,2,1,22,103,7
3865632,0,943,0,40,2,0,2,1,22,43,7
3848650,0,943,0,40,2,1,2,1,42,8,7
3837146,0,943,0,40,3,5,2,1,53,77,7
3822152,0,943,0,40,2,7,2,1,65,36,7
3798187,0,943,0,40,3,14,2,1,102,37,7
3848408,0,943,0,40,2,5,2,1,30,44,7
3834987,0,943,0,40,2,4,2,1,54,83,7
3823008,0,943,0,40,2,6,2,1,78,52,7
3839581,0,943,0,40,2,2,2,1,57,72,7
3830440,0,943,0,40,3,5,2,1,56,54,7
3851818,0,943,0,40,2,2,2,1,30,23,7
3860289,0,943,0,40,3,1,2,1,24,41,7
3855084,0,943,0,40,2,2,2,1,31,123,7
3838602,0,943,0,40,2,4,2,1,43,64,7
3848870,0,943,0,40,3,3,2,1,38,33,7
3848456,0,943,0,40,3,2,2,1,39,38,7
3844297,0,943,0,40,3,4,2,1,34,37,7
3833768,0,943,0,40,2,5,2,1,50,36,7
3860253,0,943,0,40,3,1,2,1,25,30,7
3850344,0,943,0,40,3,2,2,1,37,29,7
3846832,0,943,0,40,3,3,2,1,42,16,7
3824928,0,943,0,40,2,7,2,1,58,62,7
3846764,0,943,0,40,2,2,2,1,45,36,7
3848114,0,943,0,40,2,3,2,1,36,40,7
3859680,0,943,0,40,3,1,2,1,27,28,7
3847077,0,943,0,40,3,3,2,1,36,51,7
3832733,0,943,0,40,2,7,2,1,41,33,7
3857127,0,943,0,40,2,2,2,1,28,82,7
3840902,0,943,0,40,3,4,2,1,43,40,7
3846745,0,943,0,40,3,3,2,1,45,75,7
3855351,0,943,0,40,3,1,2,1,34,50,7
3857429,0,943,0,40,3,1,2,1,32,23,7
3819096,0,943,0,40,3,10,2,1,74,54,7
3838142,0,943,0,40,2,5,2,1,50,27,7
3861768,0,943,0,40,2,1,2,1,24,99,7
3835803,0,943,0,40,2,5,2,1,54,18,7
3828153,0,943,0,40,2,8,2,1,55,45,7
3831720,0,943,0,40,3,6,2,1,50,48,7
3852590,0,943,0,40,3,3,2,1,33,32,7
3836653,0,943,0,40,3,3,2,1,63,48,7
3833932,0,943,0,40,2,5,2,1,56,42,7
3852865,0,943,0,40,3,2,2,1,34,30,7
3823499,0,943,0,40,2,8,2,1,65,36,7
3817869,0,943,0,40,2,8,2,1,72,42,7
3860589,0,943,0,40,3,1,2,1,24,58,7
3836889,0,943,0,40,3,4,2,1,53,33,7
3830991,0,943,0,40,3,6,2,1,62,54,7
3812166,0,943,0,40,2,8,2,1,99,49,7
3842458,0,943,0,40,2,5,2,1,41,46,7
3823937,0,943,0,40,3,6,2,1,77,19,7
3839301,0,943,0,40,3,5,2,1,43,33,7
3822881,0,943,0,40,3,8,2,1,70,50,7
3833930,0,943,0,40,2,4,2,1,52,51,7
3838122,0,943,0,40,2,6,2,1,43,39,7
3855430,0,943,0,40,2,3,2,1,33,57,7
3832747,0,943,0,40,2,5,2,1,62,13,7
3833829,0,943,0,40,2,5,2,1,54,51,7
3854419,0,943,0,40,3,2,2,1,36,54,7
3862153,0,943,0,40,3,1,2,1,23,53,7
3862989,0,943,0,40,3,1,2,1,22,22,7
3802102,0,943,0,40,3,9,2,1,94,38,7
3846023,0,943,0,40,3,3,2,1,43,45,7
3841256,0,943,0,40,2,4,2,1,40,56,7
3856476,0,943,0,40,3,2,2,1,28,57,7
3851556,0,943,0,40,2,2,2,1,39,53,7
3864566,0,943,0,40,3,1,2,1,23,71,7
3805924,0,943,0,40,3,14,2,1,124,61,7
3864939,0,943,0,40,3,0,2,1,21,22,7
3865213,0,943,0,40,3,0,2,1,21,68,7
3865245,0,943,0,40,3,0,2,1,21,41,7
3865305,0,943,0,40,3,0,2,1,21,17,7
3865577,0,943,0,40,3,0,2,1,21,91,7
3865661,0,943,0,40,2,0,2,1,21,54,7
3865663,0,943,0,40,2,0,2,1,21,92,7
3865723,0,943,0,40,3,0,2,1,21,53,7
3865807,0,943,0,40,2,0,2,1,21,43,7
3865829,0,943,0,40,3,0,2,1,21,28,7
3865837,0,943,0,40,2,0,2,1,21,45,7
3865965,0,943,0,40,2,0,2,1,21,115,7
3866015,0,943,0,40,2,0,2,1,21,30,7
3866031,0,943,0,40,3,0,2,1,21,95,7
3866157,0,943,0,40,3,0,2,1,21,48,7
3866181,0,943,0,40,3,0,2,1,21,33,7
3844586,0,943,0,40,3,3,2,1,39,46,7
3824405,0,943,0,40,3,9,2,1,62,39,7
3836245,0,943,0,40,2,5,2,1,47,85,7
3853871,0,943,0,40,2,2,2,1,29,79,7
3823031,0,943,0,40,3,6,2,1,49,37,7
3818999,0,943,0,40,3,10,2,1,61,25,7
3796772,0,943,0,40,2,14,2,1,87,52,7
3823086,0,943,0,40,3,8,2,1,63,25,7
3839550,0,943,0,40,2,5,2,1,39,75,7
3822264,0,943,0,40,3,7,2,1,62,119,7
3829475,0,943,0,40,3,9,2,1,51,110,7
3859777,0,943,0,40,3,1,2,1,23,34,7
3854563,0,943,0,40,2,2,2,1,31,16,7
3805987,0,943,0,40,3,11,2,1,88,14,7
3856790,0,943,0,40,2,1,2,1,30,58,7
3824301,0,943,0,40,3,8,2,1,60,29,7
3844761,0,943,0,40,3,4,2,1,34,57,7
3855860,0,943,0,40,3,2,2,1,27,25,7
3849002,0,943,0,40,3,3,2,1,37,69,7
3860996,0,943,0,40,3,1,2,1,24,78,7
3814774,0,943,0,40,3,7,2,1,96,42,7
3861194,0,943,0,40,2,1,2,1,23,38,7
3807929,0,943,0,40,3,16,2,1,97,60,7
3811287,0,943,0,40,2,12,2,1,86,19,7
3855245,0,943,0,40,2,1,2,1,34,72,7
3856634,0,943,0,40,3,1,2,1,31,72,7
3832308,0,943,0,40,2,7,2,1,43,35,7
3848132,0,943,0,40,3,3,2,1,37,42,7
3839123,0,943,0,40,3,5,2,1,46,49,7
3850624,0,943,0,40,3,4,2,1,30,46,7
3861938,0,943,0,40,2,1,2,1,23,43,7
3849114,0,943,0,40,3,3,2,1,42,66,7
3843690,0,943,0,40,2,4,2,1,38,26,7
3857471,0,943,0,40,2,2,2,1,24,56,7
3855765,0,943,0,40,3,1,2,1,33,35,7
3841545,0,943,0,40,3,3,2,1,46,42,7
3845806,0,943,0,40,3,6,2,1,39,29,7
3813936,0,943,0,40,3,9,2,1,86,41,7
3845845,0,943,0,40,2,4,2,1,31,43,7
3849040,0,943,0,40,2,3,2,1,34,33,7
3853019,0,943,0,40,2,3,2,1,31,74,7
3829566,0,943,0,40,2,7,2,1,49,24,7
3840931,0,943,0,40,2,5,2,1,45,14,7
3813863,1,943,921,40,2,10,2,1,84,38,7
3863035,0,943,0,40,3,1,2,1,21,31,7
3863587,0,943,0,40,3,1,2,1,21,78,7
3814759,0,943,0,40,2,10,2,1,81,33,7
3836019,0,943,0,40,3,5,2,1,60,47,7
3856954,0,943,0,40,2,1,2,1,33,40,7
3835198,0,943,0,40,2,5,2,1,59,62,7
3860110,0,943,0,40,3,1,2,1,26,42,7
3844986,0,943,0,40,2,4,2,1,33,27,7
3820542,0,943,0,40,2,8,2,1,71,38,7
3846971,0,943,0,40,2,4,2,1,38,47,7
3823534,0,943,0,40,3,9,2,1,59,37,7
3863092,0,943,0,40,2,1,2,1,23,37,7
3832734,0,943,0,40,2,6,2,1,54,53,7
3863215,0,943,0,40,3,1,2,1,22,38,7
3808291,1,943,880,40,2,7,2,1,46,33,7
3806551,0,943,0,40,2,8,2,1,69,6,7
3864115,0,943,0,40,3,1,2,1,21,42,7
3806271,0,943,0,40,3,8,2,1,63,29,7
3804091,0,943,0,40,3,11,2,1,97,60,7
3860688,0,943,0,40,2,2,2,1,26,80,7
3854318,0,943,0,40,3,4,2,1,29,56,7
3834419,0,943,0,40,3,6,2,1,56,57,7
3848634,0,943,0,40,2,3,2,1,45,16,7
3831959,0,943,0,40,2,8,2,1,47,44,7
3847304,0,943,0,40,2,3,2,1,34,18,7
3811939,0,943,0,40,3,9,2,1,92,43,7
3844219,0,943,0,40,2,7,2,1,37,33,7
3864551,0,943,0,40,3,0,2,1,20,28,7
3864791,0,943,0,40,2,0,2,1,20,32,7
3865792,0,943,0,40,2,0,2,1,20,38,7
3865932,0,943,0,40,2,0,2,1,20,37,7
3866132,0,943,0,40,2,0,2,1,20,53,7
3866252,0,943,0,40,3,0,2,1,20,43,7
3866366,0,943,0,40,3,0,2,1,20,25,7
3866484,0,943,0,40,3,0,2,1,20,32,7
3866502,0,943,0,40,2,0,2,1,20,27,7
3866662,0,943,0,40,2,0,2,1,20,29,7
3866672,0,943,0,40,3,0,2,1,20,27,7
3866688,0,943,0,40,3,0,2,1,20,50,7
3866710,0,943,0,40,2,0,2,1,20,43,7
3866766,0,943,0,40,2,0,2,1,20,38,7
3866816,0,943,0,40,3,0,2,1,20,33,7
3842324,0,943,0,40,2,3,2,1,39,44,7
3821588,0,943,0,40,2,6,2,1,73,62,7
3855563,0,943,0,40,3,1,2,1,28,25,7
3856470,0,943,0,40,2,2,2,1,25,51,7
3858367,0,943,0,40,2,1,2,1,21,35,7
3839816,0,943,0,40,2,4,2,1,42,30,7
3848417,0,943,0,40,2,4,2,1,31,37,7
3845506,0,943,0,40,2,3,2,1,32,31,7
3858673,0,943,0,40,3,1,2,1,25,33,7
3849013,0,943,0,40,3,3,2,1,30,57,7
3850128,0,943,0,40,2,4,2,1,31,47,7
3846509,0,943,0,40,3,3,2,1,36,84,7
3828776,0,943,0,40,3,6,2,1,55,14,7
3851684,0,943,0,40,2,2,2,1,35,30,7
3829900,0,943,0,40,3,5,2,1,58,61,7
3855397,0,943,0,40,2,1,2,1,30,26,7
3839235,0,943,0,40,3,5,2,1,40,38,7
3847188,0,943,0,40,2,4,2,1,32,36,7
3838148,0,943,0,40,2,4,2,1,49,40,7
3835961,1,943,919,22.0407,3,5,2,1,50,53,7
3814452,0,943,0,40,3,9,2,1,80,15,7
3826182,0,943,0,40,3,8,2,1,50,43,7
3857474,0,943,0,40,2,1,2,1,27,48,7
3859568,0,943,0,40,3,1,2,1,26,25,7
3856433,0,943,0,40,3,2,2,1,26,27,7
3846211,0,943,0,40,3,5,2,1,36,30,7
3841137,0,943,0,40,3,4,2,1,46,97,7
3830412,0,943,0,40,2,8,2,1,42,49,7
3861987,0,943,0,40,2,1,2,1,21,41,7
3844265,0,943,0,40,3,3,2,1,47,62,7
3863074,0,943,0,40,2,1,2,1,20,42,7
3829605,0,943,0,40,3,5,2,1,62,56,7
3842495,0,943,0,40,3,6,2,1,34,54,7
3859705,0,943,0,40,2,1,2,1,25,45,7
3853854,0,943,0,40,2,3,2,1,26,65,7
3819627,1,943,921,23.2445,3,7,2,1,80,101,7
3821003,0,943,0,40,3,9,2,1,53,51,7
3852931,0,943,0,40,2,3,2,1,29,27,7
3863130,0,943,0,40,3,1,2,1,21,51,7
3860576,0,943,0,40,3,2,2,1,21,72,7
3846167,0,943,0,40,2,2,2,1,44,62,7
3838544,0,943,0,40,2,6,2,1,42,40,7
3854781,0,943,0,40,3,2,2,1,32,68,7
3859466,0,943,0,40,2,1,2,1,28,12,7
3839700,1,943,902,40,3,5,2,1,49,56,7
3833409,0,943,0,40,3,7,2,1,43,36,7
3859973,0,943,0,40,3,1,2,1,27,89,7
3860626,1,943,922,40,2,1,2,1,26,68,7
3840225,1,943,889,36.2175,3,3,2,1,53,50,7
3795918,0,943,0,40,3,11,2,1,96,37,7
3824264,0,943,0,40,3,8,2,1,48,42,7
3854446,0,943,0,40,2,2,2,1,31,17,7
3862878,0,943,0,40,2,1,2,1,22,53,7
3850552,0,943,0,40,2,3,2,1,27,12,7
3848732,0,943,0,40,3,4,2,1,37,65,7
3849101,0,943,0,40,3,4,2,1,29,32,7
3851927,0,943,0,40,2,3,2,1,29,76,7
3847453,1,943,917,35.7318,3,3,2,1,41,22,7
3863862,0,943,0,40,3,1,2,1,20,27,7
3858940,0,943,0,40,3,1,2,1,30,44,7
3855088,0,943,0,40,3,2,2,1,31,35,7
3824244,0,943,0,40,2,5,2,1,63,61,7
3849140,1,943,916,40,2,4,2,1,37,68,7
3861827,0,943,0,40,2,1,2,1,24,26,7
3862219,0,943,0,40,3,1,2,1,24,58,7
3846312,0,943,0,40,3,3,2,1,35,12,7
3831435,0,943,0,40,2,7,2,1,57,78,7
3863324,0,943,0,40,3,1,2,1,23,43,7
3855624,0,943,0,40,3,2,2,1,32,44,7
3808553,0,943,0,40,3,11,2,1,107,48,7
3849787,0,943,0,40,2,2,2,1,28,34,7
3849623,0,943,0,40,3,3,2,1,31,69,7
3823409,0,943,0,40,3,9,2,1,57,20,7
3863057,0,943,0,40,2,1,2,1,20,55,7
3841433,0,943,0,40,2,1,2,1,62,21,7
3852885,0,943,0,40,2,1,2,1,39,20,7
3848438,0,943,0,40,2,3,2,1,39,40,7
3847406,0,943,0,40,3,4,2,1,37,13,7
3805851,0,943,0,40,3,6,2,1,64,52,7
3827790,0,943,0,40,3,7,2,1,64,33,7
3859636,0,943,0,40,2,2,2,1,26,48,7
3830789,0,943,0,40,3,7,2,1,51,64,7
3860791,0,943,0,40,2,2,2,1,25,64,7
3864029,0,943,0,40,2,1,2,1,22,49,7
3851996,0,943,0,40,2,4,2,1,29,87,7
3852544,0,943,0,40,2,5,2,1,33,68,7
3864530,0,943,0,40,3,1,2,1,21,44,7
3859725,0,943,0,40,2,2,2,1,21,56,7
3796543,0,943,0,40,2,11,2,1,125,49,7
3812065,0,943,0,40,2,10,2,1,106,73,7
3819326,0,943,0,40,2,9,2,1,72,37,7
3862407,0,943,0,40,3,1,2,1,24,47,7
3855993,0,943,0,40,2,3,2,1,30,53,7
3863886,0,943,0,40,3,1,2,1,23,20,7
3849617,0,943,0,40,3,5,2,1,38,51,7
3847858,0,943,0,40,3,5,2,1,36,80,7
3865068,0,943,0,40,2,1,2,1,22,48,7
3865184,0,943,0,40,2,1,2,1,21,59,7
3841237,0,943,0,40,3,4,2,1,49,86,7
3820884,0,943,0,40,2,7,2,1,73,44,7
3803404,0,943,0,40,3,6,2,1,76,25,7
3839035,0,943,0,40,3,8,2,1,44,10,7
3857463,0,943,0,40,2,3,2,1,30,43,7
3864502,0,943,0,40,2,1,2,1,22,45,7
3865103,0,943,0,40,3,0,2,1,19,34,7
3865559,0,943,0,40,3,0,2,1,19,21,7
3865682,0,943,0,40,2,0,2,1,19,22,7
3865786,0,943,0,40,3,0,2,1,19,44,7
3866110,0,943,0,40,3,0,2,1,19,44,7
3866527,0,943,0,40,2,0,2,1,19,60,7
3866643,0,943,0,40,2,0,2,1,19,29,7
3866683,0,943,0,40,2,0,2,1,19,48,7
3866759,0,943,0,40,3,0,2,1,19,33,7
3866779,0,943,0,40,3,0,2,1,19,42,7
3866783,0,943,0,40,2,0,2,1,19,37,7
3866787,0,943,0,40,2,0,2,1,19,36,7
3866831,0,943,0,40,2,0,2,1,19,81,7
3866884,0,943,0,40,3,0,2,1,19,69,7
3866982,0,943,0,40,2,0,2,1,19,40,7
3867008,0,943,0,40,3,0,2,1,19,58,7
3867114,0,943,0,40,2,0,2,1,19,30,7
3867172,0,943,0,40,2,0,2,1,19,31,7
3867222,0,943,0,40,3,0,2,1,19,23,7
3867290,0,943,0,40,3,0,2,1,19,42,7
3867366,0,943,0,40,2,0,2,1,19,43,7
3867386,0,943,0,40,3,0,2,1,19,57,7
3839278,0,943,0,40,3,4,2,1,47,20,7
3814945,0,943,0,40,2,8,2,1,90,14,7
3855445,0,943,0,40,2,2,2,1,22,33,7
3855919,0,943,0,40,3,1,2,1,27,33,7
3850211,0,943,0,40,3,3,2,1,28,35,7
3834454,0,943,0,40,3,6,2,1,50,56,7
3825128,1,943,919,26.2455,3,6,2,1,63,29,7
3854267,0,943,0,40,3,3,2,1,28,13,7
3860494,0,943,0,40,3,1,2,1,21,78,7
3844001,0,943,0,40,2,5,2,1,35,67,7
3847014,1,943,897,40,2,3,2,1,38,47,7
3805767,0,943,0,40,2,10,2,1,56,35,7
3862496,0,943,0,40,2,1,2,1,19,40,7
3858278,0,943,0,40,3,1,2,1,27,43,7
3859204,0,943,0,40,2,1,2,1,26,20,7
3859826,1,943,920,40,2,1,2,1,25,40,7
3848916,0,943,0,40,2,4,2,1,30,48,7
3842656,0,943,0,40,3,5,2,1,36,35,7
3820533,1,943,920,40,2,9,2,1,66,40,7
3842558,0,943,0,40,2,3,2,1,32,29,7
3851600,0,943,0,40,3,5,2,1,26,52,7
3830954,0,943,0,40,2,2,2,1,74,21,7
3813568,0,943,0,40,2,12,2,1,82,39,7
3826837,0,943,0,40,2,8,2,1,54,20,7
3804138,0,943,0,40,2,8,2,1,71,48,7
3856711,0,943,0,40,2,2,2,1,27,16,7
3848596,0,943,0,40,2,2,2,1,38,46,7
3858111,0,943,0,40,3,2,2,1,27,72,7
3811138,0,943,0,40,3,10,2,1,95,30,7
3861279,0,943,0,40,3,1,2,1,22,54,7
3837033,0,943,0,40,2,8,2,1,39,27,7
3846054,0,943,0,40,3,3,2,1,40,76,7
3820932,0,943,0,40,3,7,2,1,75,18,7
3823629,0,943,0,40,3,9,2,1,55,57,7
3815164,0,943,0,40,2,12,2,1,73,33,7
3863111,0,943,0,40,3,1,2,1,19,78,7
3844385,0,943,0,40,2,4,2,1,40,60,7
3836697,0,943,0,40,2,4,2,1,59,74,7
3856702,0,943,0,40,3,2,2,1,27,33,7
3861096,0,943,0,40,2,1,2,1,25,68,7
3844784,0,943,0,40,3,3,2,1,43,34,7
3860060,0,943,0,40,3,1,2,1,24,22,7
3806173,0,943,0,40,2,6,2,1,72,34,7
3847726,0,943,0,40,2,4,2,1,32,86,7
3807466,0,943,0,40,2,2,2,1,70,24,7
3818008,0,943,0,40,2,9,2,1,79,65,7
3855791,0,943,0,40,2,3,2,1,28,9,7
3851807,0,943,0,40,3,3,2,1,27,31,7
3854724,1,943,915,29.2491,3,3,2,1,26,48,7
3847103,0,943,0,40,3,4,2,1,35,15,7
3811380,0,943,0,40,3,15,2,1,72,44,7
3864475,0,943,0,40,3,1,2,1,19,24,7
3848817,0,943,0,40,2,3,2,1,39,78,7
3856800,0,943,0,40,2,1,2,1,30,26,7
3827143,0,943,0,40,2,6,2,1,67,33,7
3848343,0,943,0,40,3,4,2,1,36,37,7
3803769,0,943,0,40,2,11,2,1,86,26,7
3812617,0,943,0,40,3,13,2,1,77,38,7
3851037,0,943,0,40,3,3,2,1,29,45,7
3861760,0,943,0,40,3,1,2,1,24,23,7
3855625,0,943,0,40,2,2,2,1,25,46,7
3849235,0,943,0,40,3,4,2,1,34,25,7
3851865,0,943,0,40,3,3,2,1,28,39,7
3832760,0,943,0,40,2,6,2,1,64,14,7
3834198,0,943,0,40,2,6,2,1,40,72,7
3863491,0,943,0,40,3,1,2,1,21,50,7
3822801,0,943,0,40,2,10,2,1,64,66,7
3864301,0,943,0,40,3,1,2,1,20,30,7
3860920,0,943,0,40,2,2,2,1,22,43,7
3864536,0,943,0,40,2,1,2,1,19,30,7
3851611,0,943,0,40,2,2,2,1,35,69,7
3844918,0,943,0,40,2,2,2,1,49,88,7
3845776,0,943,0,40,2,5,2,1,39,40,7
3859903,0,943,0,40,3,1,2,1,28,52,7
3843047,0,943,0,40,2,3,2,1,39,48,7
3849095,1,943,909,40,2,4,2,1,32,61,7
3856307,0,943,0,40,2,2,2,1,26,40,7
3836204,0,943,0,40,3,6,2,1,46,22,7
3826817,0,943,0,40,2,10,2,1,51,30,7
3850973,0,943,0,40,2,4,2,1,30,40,7
3861493,0,943,0,40,3,1,2,1,23,36,7
3856797,0,943,0,40,3,2,2,1,33,35,7
3863835,0,943,0,40,3,1,2,1,22,30,7
3801825,0,943,0,40,3,10,2,1,73,37,7
3806033,0,943,0,40,3,9,2,1,82,64,7
3854099,0,943,0,40,3,4,2,1,29,69,7
3862491,0,943,0,40,3,1,2,1,21,42,7
3833403,0,943,0,40,3,5,2,1,53,24,7
3856934,0,943,0,40,3,3,2,1,25,48,7
3816032,0,943,0,40,3,8,2,1,88,71,7
3854247,0,943,0,40,3,4,2,1,31,23,7
3843465,0,943,0,40,3,5,2,1,39,47,7
3816950,0,943,0,40,2,8,2,1,81,31,7
3854176,0,943,0,40,2,3,2,1,34,29,7
3802257,0,943,0,40,3,10,2,1,74,39,7
3840603,0,943,0,40,3,5,2,1,42,64,7
3856678,0,943,0,40,2,1,2,1,34,19,7
3840908,0,943,0,40,3,5,2,1,40,102,7
3851477,0,943,0,40,3,2,2,1,35,14,7
3855137,0,943,0,40,3,2,2,1,31,25,7
3830471,0,943,0,40,2,5,2,1,65,21,7
3853379,0,943,0,40,3,3,2,1,27,58,7
3837134,0,943,0,40,2,6,2,1,45,22,7
3829938,0,943,0,40,3,7,2,1,54,31,7
3846249,0,943,0,40,2,4,2,1,43,52,7
3823905,0,943,0,40,3,7,2,1,72,93,7
3853669,0,943,0,40,2,2,2,1,37,16,7
3863920,0,943,0,40,3,1,2,1,21,30,7
3847272,0,943,0,40,3,5,2,1,35,53,7
3840862,0,943,0,40,2,6,2,1,39,31,7
3854928,0,943,0,40,3,5,2,1,29,65,7
3838925,0,943,0,40,3,6,2,1,48,40,7
3848518,0,943,0,40,3,3,2,1,44,10,7
3849273,0,943,0,40,3,3,2,1,35,49,7
3861358,0,943,0,40,3,2,2,1,24,66,7
3812752,0,943,0,40,2,13,2,1,78,39,7
3812436,0,943,0,40,2,14,2,1,73,26,7
3865175,0,943,0,40,3,0,2,1,18,34,7
3865535,0,943,0,40,2,0,2,1,18,59,7
3865894,0,943,0,40,3,0,2,1,18,12,7
3866273,0,943,0,40,3,0,2,1,18,31,7
3866305,0,943,0,40,3,0,2,1,18,37,7
3866497,0,943,0,40,2,0,2,1,18,28,7
3866553,0,943,0,40,2,0,2,1,18,17,7
3866665,0,943,0,40,2,0,2,1,18,23,7
3866947,0,943,0,40,3,0,2,1,18,66,7
3867011,0,943,0,40,3,0,2,1,18,40,7
3867075,0,943,0,40,3,0,2,1,18,31,7
3867291,0,943,0,40,2,0,2,1,18,33,7
3867391,0,943,0,40,2,0,2,1,18,65,7
3867452,0,943,0,40,3,0,2,1,18,36,7
3867462,0,943,0,40,3,0,2,1,18,23,7
3867528,0,943,0,40,3,0,2,1,18,37,7
3867542,0,943,0,40,3,0,2,1,18,64,7
3867548,0,943,0,40,3,0,2,1,18,26,7
3867588,0,943,0,40,3,0,2,1,18,52,7
3867592,0,943,0,40,3,0,2,1,18,38,7
3867616,0,943,0,40,3,0,2,1,18,51,7
3867622,0,943,0,40,2,0,2,1,18,42,7
3867644,0,943,0,40,3,0,2,1,18,48,7
3867680,0,943,0,40,3,0,2,1,18,33,7
3867860,0,943,0,40,2,0,2,1,18,45,7
3867884,0,943,0,40,3,0,2,1,18,20,7
3867888,0,943,0,40,2,0,2,1,18,85,7
3867942,0,943,0,40,2,0,2,1,18,27,7
3843290,0,943,0,40,2,3,2,1,35,44,7
3852707,0,943,0,40,2,2,2,1,28,71,7
3841982,0,943,0,40,3,5,2,1,37,57,7
3856914,0,943,0,40,3,2,2,1,24,48,7
3846050,0,943,0,40,2,3,2,1,40,12,7
3857449,0,943,0,40,3,1,2,1,26,41,7
3844464,0,943,0,40,2,2,2,1,40,31,7
3852642,0,943,0,40,3,2,2,1,34,16,7
3852415,0,943,0,40,3,3,2,1,31,49,7
3819872,0,943,0,40,2,9,2,1,74,14,7
3846484,0,943,0,40,2,4,2,1,32,25,7
3861131,0,943,0,40,2,1,2,1,19,27,7
3849633,0,943,0,40,3,3,2,1,29,50,7
3848156,0,943,0,40,3,2,2,1,41,15,7
3806848,0,943,0,40,3,13,2,1,70,15,7
3859758,0,943,0,40,2,1,2,1,24,92,7
3848758,0,943,0,40,3,2,2,1,41,46,7
3858460,0,943,0,40,3,2,2,1,20,45,7
3835987,0,943,0,40,2,7,2,1,41,125,7
3859582,0,943,0,40,3,1,2,1,25,33,7
3840135,0,943,0,40,3,3,2,1,40,18,7
3814917,0,943,0,40,3,10,2,1,89,18,7
3846346,0,943,0,40,2,4,2,1,28,34,7
3844615,0,943,0,40,3,5,2,1,34,22,7
3845273,0,943,0,40,2,3,2,1,37,29,7
3862761,0,943,0,40,3,1,2,1,19,19,7
3852673,0,943,0,40,2,3,2,1,29,31,7
3837821,0,943,0,40,3,7,2,1,38,39,7
3808398,1,943,918,40,2,11,2,1,51,61,7
3837723,0,943,0,40,3,3,2,1,58,90,7
3848223,0,943,0,40,3,3,2,1,41,38,7
3848248,0,943,0,40,2,2,2,1,35,37,7
3834292,0,943,0,40,2,5,2,1,48,16,7
3842088,0,943,0,40,3,5,2,1,48,25,7
3839306,0,943,0,40,2,6,2,1,37,22,7
3802036,0,943,0,40,3,10,2,1,58,19,7
3843483,0,943,0,40,2,5,2,1,38,30,7
3846108,0,943,0,40,3,5,2,1,32,39,7
3814585,0,943,0,40,3,9,2,1,86,5,7
3858817,0,943,0,40,2,2,2,1,25,46,7
3860024,0,943,0,40,2,1,2,1,21,47,7
3843631,0,943,0,40,3,3,2,1,36,42,7
3857110,0,943,0,40,3,2,2,1,27,41,7
3863223,0,943,0,40,3,1,2,1,19,25,7
3833701,0,943,0,40,3,7,2,1,38,31,7
3854020,0,943,0,40,2,4,2,1,28,31,7
3838766,0,943,0,40,3,3,2,1,54,61,7
3818625,0,943,0,40,3,8,2,1,81,47,7
3848700,0,943,0,40,3,2,2,1,43,53,7
3838485,0,943,0,40,2,4,2,1,52,45,7
3859164,0,943,0,40,3,1,2,1,28,27,7
3838553,0,943,0,40,2,6,2,1,40,75,7
3843218,0,943,0,40,3,5,2,1,38,31,7
3855998,0,943,0,40,3,2,2,1,28,6,7
3861494,0,943,0,40,3,1,2,1,24,34,7
3795542,0,943,0,40,3,15,2,1,135,42,7
3862486,0,943,0,40,2,1,2,1,22,55,7
3862433,0,943,0,40,3,1,2,1,21,32,7
3810487,0,943,0,40,2,13,2,1,97,36,7
3862041,0,943,0,40,3,1,2,1,20,71,7
3863957,0,943,0,40,3,1,2,1,20,31,7
3862530,0,943,0,40,3,2,2,1,20,88,7
3840566,0,943,0,40,3,4,2,1,48,63,7
3808475,0,943,0,40,3,14,2,1,109,38,7
3846946,0,943,0,40,3,3,2,1,46,55,7
3861165,0,943,0,40,3,1,2,1,18,31,7
3833384,0,943,0,40,2,6,2,1,59,68,7
3848811,0,943,0,40,2,3,2,1,39,47,7
3807810,0,943,0,40,2,7,2,1,65,24,7
3846766,0,943,0,40,2,4,2,1,42,60,7
3831827,0,943,0,40,3,5,2,1,47,87,7
3837501,0,943,0,40,2,6,2,1,46,55,7
3843941,0,943,0,40,2,5,2,1,36,41,7
3839941,0,943,0,40,2,5,2,1,49,19,7
3825802,0,943,0,40,3,7,2,1,52,24,7
3834064,0,943,0,40,3,7,2,1,52,40,7
3826551,0,943,0,40,3,7,2,1,58,64,7
3857671,0,943,0,40,2,2,2,1,28,73,7
3850822,0,943,0,40,2,3,2,1,36,36,7
3861189,0,943,0,40,3,1,2,1,22,46,7
3824910,1,943,910,40,3,6,2,1,65,43,7
3853083,0,943,0,40,3,3,2,1,25,110,7
3842117,0,943,0,40,3,4,2,1,38,41,7
3826741,0,943,0,40,3,7,2,1,60,31,7
3857503,0,943,0,40,2,2,2,1,29,99,7
3710304,0,943,0,40,3,23,2,1,140,57,7
3820139,0,943,0,40,3,9,2,1,60,23,7
3838616,0,943,0,40,2,5,2,1,38,90,7
3835193,0,943,0,40,3,6,2,1,52,17,7
3829991,0,943,0,40,3,8,2,1,45,48,7
3859544,0,943,0,40,2,2,2,1,19,65,7
3855153,0,943,0,40,2,3,2,1,26,44,7
3849881,0,943,0,40,2,4,2,1,29,69,7
3856081,0,943,0,40,2,3,2,1,26,47,7
3836025,0,943,0,40,3,5,2,1,57,35,7
3865636,0,943,0,40,3,1,2,1,18,48,7
3853251,0,943,0,40,3,1,2,1,40,26,7
3831602,0,943,0,40,2,7,2,1,51,38,7
3841899,0,943,0,40,2,5,2,1,46,36,7
3856660,0,943,0,40,3,2,2,1,29,17,7
3853353,0,943,0,40,3,3,2,1,34,82,7
3851394,0,943,0,40,2,3,2,1,39,62,7
3806386,0,943,0,40,3,14,2,1,89,40,7
3818323,0,943,0,40,3,9,2,1,77,55,7
3839776,0,943,0,40,3,5,2,1,46,40,7
3846863,0,943,0,40,2,4,2,1,38,37,7
3857221,0,943,0,40,2,3,2,1,30,10,7
3863375,0,943,0,40,2,1,2,1,22,16,7
3826752,0,943,0,40,3,7,2,1,48,18,7
3859226,0,943,0,40,3,2,2,1,24,14,7
3823328,0,943,0,40,3,7,2,1,69,31,7
3842871,0,943,0,40,3,5,2,1,37,33,7
3861035,0,943,0,40,2,2,2,1,21,52,7
3864948,0,943,0,40,3,1,2,1,20,29,7
3857814,0,943,0,40,3,2,2,1,24,38,7
3832026,0,943,0,40,2,7,2,1,41,78,7
3862207,0,943,0,40,3,2,2,1,20,53,7
3858093,0,943,0,40,3,2,2,1,24,50,7
3859402,0,943,0,40,2,2,2,1,23,11,7
3835442,0,943,0,40,2,6,2,1,54,44,7
3825928,0,943,0,40,3,9,2,1,62,44,7
3865189,0,943,0,40,3,1,2,1,18,28,7
3866239,0,943,0,40,3,1,2,1,18,34,7
3855726,0,943,0,40,2,2,2,1,37,113,7
3858308,0,943,0,40,2,1,2,1,32,46,7
3859397,0,943,0,40,2,1,2,1,26,85,7
3848493,0,943,0,40,3,3,2,1,38,23,7
3850518,1,943,908,40,2,4,2,1,30,44,7
3854778,0,943,0,40,2,3,2,1,31,34,7
3848627,0,943,0,40,2,3,2,1,36,59,7
3854900,0,943,0,40,2,2,2,1,32,62,7
3805986,0,943,0,40,2,12,2,1,75,70,7
3809148,0,943,0,40,2,11,2,1,96,29,7
3863283,0,943,0,40,3,1,2,1,23,33,7
3834031,0,943,0,40,2,7,2,1,50,30,7
3848019,0,943,0,40,2,4,2,1,31,20,7
3805980,0,943,0,40,3,7,2,1,70,54,7
3849080,0,943,0,40,2,4,2,1,41,52,7
3811688,0,943,0,40,2,9,2,1,95,44,7
3842390,0,943,0,40,2,6,2,1,35,40,7
3862556,0,943,0,40,3,2,2,1,22,63,7
3862947,0,943,0,40,3,2,2,1,21,21,7
3841243,0,943,0,40,2,6,2,1,44,28,7
3855915,0,943,0,40,2,3,2,1,23,26,7
3863376,0,943,0,40,2,2,2,1,20,75,7
3859495,0,943,0,40,2,3,2,1,27,49,7
3785829,1,943,908,40,3,13,2,1,132,32,7
3826556,0,943,0,40,3,7,2,1,59,49,7
3839693,0,943,0,40,3,6,2,1,48,64,7
3841795,0,943,0,40,3,6,2,1,31,18,7
3857340,0,943,0,40,3,2,2,1,29,31,7
3843337,0,943,0,40,3,5,2,1,43,28,7
3853477,0,943,0,40,2,3,2,1,40,46,7
3860730,0,943,0,40,3,2,2,1,22,45,7
3849023,0,943,0,40,3,5,2,1,31,21,7
3867298,0,943,0,40,2,1,2,1,18,30,7
3824218,0,943,0,40,2,10,2,1,61,31,7
3854125,0,943,0,40,2,3,2,1,27,19,7
3811098,0,943,0,40,3,12,2,1,91,65,7
3864959,0,943,0,40,3,0,2,1,17,39,7
3865702,0,943,0,40,3,0,2,1,17,69,7
3866122,0,943,0,40,3,0,2,1,17,46,7
3866437,0,943,0,40,3,0,2,1,17,26,7
3866709,0,943,0,40,3,0,2,1,17,17,7
3867049,0,943,0,40,3,0,2,1,17,70,7
3867451,0,943,0,40,3,0,2,1,17,40,7
3867455,0,943,0,40,2,0,2,1,17,51,7
3867483,0,943,0,40,3,0,2,1,17,44,7
3867715,0,943,0,40,3,0,2,1,17,29,7
3867839,0,943,0,40,3,0,2,1,17,42,7
3867887,0,943,0,40,2,0,2,1,17,46,7
3868101,0,943,0,40,3,0,2,1,17,39,7
3868119,0,943,0,40,2,0,2,1,17,31,7
3868127,0,943,0,40,2,0,2,1,17,34,7
3868149,0,943,0,40,3,0,2,1,17,23,7
3868157,0,943,0,40,3,0,2,1,17,87,7
3868175,0,943,0,40,2,0,2,1,17,53,7
3868253,0,943,0,40,3,0,2,1,17,39,7
3868271,0,943,0,40,2,0,2,1,17,72,7
3868301,0,943,0,40,2,0,2,1,17,91,7
3868387,0,943,0,40,3,0,2,1,17,83,7
3868423,0,943,0,40,2,0,2,1,17,58,7
3868471,0,943,0,40,3,0,2,1,17,37,7
3868475,0,943,0,40,2,0,2,1,17,30,7
3868497,0,943,0,40,2,0,2,1,17,35,7
3868509,0,943,0,40,2,0,2,1,17,13,7
3868531,0,943,0,40,3,0,2,1,17,57,7
3868595,0,943,0,40,3,0,2,1,17,34,7
3843395,0,943,0,40,3,5,2,1,31,40,7
3860711,0,943,0,40,3,1,2,1,17,31,7
3861714,0,943,0,40,2,1,2,1,17,44,7
3802972,0,943,0,40,2,9,2,1,62,51,7
3824010,0,943,0,40,2,10,2,1,52,21,7
3794748,0,943,0,40,3,15,2,1,113,26,7
3844208,0,943,0,40,3,4,2,1,39,51,7
3855759,0,943,0,40,3,1,2,1,29,57,7
3849465,0,943,0,40,2,3,2,1,28,18,7
3826434,0,943,0,40,3,6,2,1,63,20,7
3835477,1,943,913,34.3449,3,5,2,1,51,21,7
3863410,0,943,0,40,2,1,2,1,17,58,7
3843493,0,943,0,40,2,5,2,1,38,44,7
3805658,0,943,0,40,3,8,2,1,68,33,7
3844703,0,943,0,40,3,4,2,1,32,31,7
3804868,0,943,0,40,3,8,2,1,87,37,7
3863270,0,943,0,40,3,1,2,1,18,63,7
3845413,0,943,0,40,3,7,2,1,31,75,7
3848449,0,943,0,40,2,1,2,1,45,70,7
3851773,0,943,0,40,3,3,2,1,32,53,7
3848672,0,943,0,40,2,3,2,1,37,47,7
3862488,0,943,0,40,2,1,2,1,20,23,7
3830394,0,943,0,40,3,7,2,1,51,20,7
3826921,0,943,0,40,3,6,2,1,57,55,7
3861789,0,943,0,40,3,1,2,1,19,37,7
3846644,0,943,0,40,2,3,2,1,29,31,7
3858902,0,943,0,40,3,2,2,1,19,57,7
3813817,0,943,0,40,3,10,2,1,85,26,7
3857685,0,943,0,40,2,2,2,1,24,53,7
3845049,0,943,0,40,2,3,2,1,49,56,7
3833634,0,943,0,40,3,4,2,1,62,30,7
3855833,0,943,0,40,2,1,2,1,29,36,7
3856157,0,943,0,40,2,1,2,1,28,38,7
3858690,0,943,0,40,2,1,2,1,28,47,7
3831220,0,943,0,40,2,8,2,1,54,57,7
3846718,0,943,0,40,2,4,2,1,38,45,7
3845793,0,943,0,40,2,3,2,1,40,42,7
3835743,0,943,0,40,3,6,2,1,37,32,7
3859545,0,943,0,40,3,1,2,1,24,23,7
3803988,0,943,0,40,3,9,2,1,56,26,7
3852247,0,943,0,40,3,4,2,1,30,56,7
3842039,0,943,0,40,3,4,2,1,39,35,7
3862501,0,943,0,40,2,1,2,1,20,103,7
3853307,0,943,0,40,2,3,2,1,30,28,7
3828320,0,943,0,40,2,9,2,1,62,48,7
3852736,0,943,0,40,3,3,2,1,27,81,7
3837644,0,943,0,40,3,7,2,1,45,28,7
3863117,0,943,0,40,2,1,2,1,18,43,7
3863754,0,943,0,40,2,1,2,1,18,54,7
3851935,0,943,0,40,2,3,2,1,34,42,7
3848062,0,943,0,40,2,3,2,1,38,24,7
3830445,0,943,0,40,2,7,2,1,58,48,7
3864898,0,943,0,40,2,1,2,1,17,23,7
3865062,0,943,0,40,3,1,2,1,17,21,7
3798280,0,943,0,40,2,8,2,1,105,19,7
3821616,0,943,0,40,2,6,2,1,71,16,7
3815032,0,943,0,40,3,9,2,1,72,49,7
3823553,0,943,0,40,3,9,2,1,59,28,7
3858327,1,943,924,25.5674,3,1,2,1,24,108,7
3803155,0,943,0,40,3,7,2,1,67,51,7
3852620,0,943,0,40,3,3,2,1,31,37,7
3816443,1,943,903,40,2,9,2,1,80,22,7
3854623,0,943,0,40,2,4,2,1,25,45,7
3861285,0,943,0,40,2,1,2,1,21,48,7
3825800,0,943,0,40,2,9,2,1,59,90,7
3840691,0,943,0,40,2,5,2,1,44,59,7
3863923,0,943,0,40,2,1,2,1,20,25,7
3836332,0,943,0,40,2,3,2,1,58,19,7
3840167,0,943,0,40,2,6,2,1,37,40,7
3841464,0,943,0,40,3,6,2,1,39,28,7
3854680,0,943,0,40,3,4,2,1,28,75,7
3863826,0,943,0,40,2,1,2,1,19,70,7
3844393,0,943,0,40,3,7,2,1,31,55,7
3839379,0,943,0,40,3,8,2,1,32,58,7
3835595,0,943,0,40,2,5,2,1,53,19,7
3858115,0,943,0,40,2,2,2,1,25,89,7
3809745,0,943,0,40,2,11,2,1,98,41,7
3861330,0,943,0,40,2,2,2,1,21,28,7
3864220,0,943,0,40,3,1,2,1,18,67,7
3848071,0,943,0,40,3,5,2,1,25,44,7
3860467,1,943,916,34.9572,3,2,2,1,19,64,7
3850565,0,943,0,40,2,4,2,1,24,34,7
3819580,0,943,0,40,3,9,2,1,69,67,7
3858722,0,943,0,40,3,3,2,1,20,60,7
3836283,0,943,0,40,3,7,2,1,44,43,7
3851505,0,943,0,40,3,3,2,1,31,38,7
3841528,0,943,0,40,2,3,2,1,45,37,7
3850929,0,943,0,40,3,3,2,1,36,68,7
3857958,0,943,0,40,3,1,2,1,30,31,7
3823094,0,943,0,40,3,7,2,1,65,52,7
3816791,0,943,0,40,2,14,2,1,69,59,7
3811374,0,943,0,40,3,14,2,1,96,33,7
3842809,0,943,0,40,2,5,2,1,42,55,7
3856690,0,943,0,40,3,2,2,1,25,20,7
3854344,0,943,0,40,2,2,2,1,34,44,7
3861449,0,943,0,40,3,1,2,1,23,38,7
3862470,0,943,0,40,3,1,2,1,23,32,7
3815103,0,943,0,40,3,8,2,1,90,14,7
3833808,0,943,0,40,3,9,2,1,49,51,7
3816667,0,943,0,40,2,9,2,1,83,38,7
3859649,0,943,0,40,2,2,2,1,24,28,7
3829756,0,943,0,40,2,6,2,1,57,68,7
3847647,0,943,0,40,3,4,2,1,32,26,7
3841518,0,943,0,40,3,3,2,1,53,54,7
3838414,0,943,0,40,3,5,2,1,44,56,7
3853147,0,943,0,40,2,3,2,1,29,102,7
3848002,0,943,0,40,2,4,2,1,38,52,7
3864473,0,943,0,40,3,1,2,1,20,37,7
3831254,0,943,0,40,2,8,2,1,45,60,7
3842345,0,943,0,40,3,5,2,1,33,40,7
3839799,0,943,0,40,2,6,2,1,41,44,7
3864808,0,943,0,40,2,1,2,1,19,30,7
3817052,0,943,0,40,2,10,2,1,67,50,7
3830280,0,943,0,40,2,5,2,1,46,44,7
3801017,0,943,0,40,3,9,2,1,88,26,7
3843280,0,943,0,40,3,4,2,1,41,34,7
3843495,0,943,0,40,3,5,2,1,39,35,7
3845335,0,943,0,40,2,6,2,1,37,64,7
3865406,0,943,0,40,2,1,2,1,18,58,7
3856675,0,943,0,40,2,2,2,1,22,35,7
3856805,0,943,0,40,3,3,2,1,24,45,7
3834192,0,943,0,40,2,7,2,1,53,48,7
3832401,0,943,0,40,3,6,2,1,58,110,7
3860300,0,943,0,40,2,2,2,1,24,119,7
3863152,0,943,0,40,3,2,2,1,20,38,7
3843872,0,943,0,40,3,6,2,1,43,44,7
3861795,1,943,924,40,2,2,2,1,23,58,7
3834742,0,943,0,40,2,5,2,1,57,69,7
3821204,0,943,0,40,2,9,2,1,64,20,7
3843909,0,943,0,40,2,3,2,1,44,62,7
3816300,0,943,0,40,3,13,2,1,68,24,7
3853946,0,943,0,40,3,2,2,1,27,31,7
3812267,0,943,0,40,3,13,2,1,84,43,7
3842080,0,943,0,40,3,4,2,1,45,27,7
3844311,0,943,0,40,3,4,2,1,39,28,7
3845014,0,943,0,40,2,4,2,1,44,64,7
3843454,0,943,0,40,3,6,2,1,39,10,7
3831930,0,943,0,40,2,7,2,1,56,32,7
3842694,0,943,0,40,3,5,2,1,40,28,7
3864295,0,943,0,40,3,1,2,1,21,38,7
3837214,0,943,0,40,3,4,2,1,56,54,7
3858251,0,943,0,40,3,2,2,1,23,19,7
3855587,0,943,0,40,2,3,2,1,26,74,7
3812644,0,943,0,40,2,11,2,1,86,104,7
3845402,0,943,0,40,3,4,2,1,36,32,7
3834062,0,943,0,40,3,9,2,1,51,52,7
3816491,0,943,0,40,3,12,2,1,86,35,7
3831642,0,943,0,40,3,7,2,1,56,31,7
3865132,0,943,0,40,2,1,2,1,19,98,7
3816806,0,943,0,40,3,10,2,1,64,42,7
3845132,0,943,0,40,2,5,2,1,31,67,7
3862398,0,943,0,40,3,2,2,1,21,36,7
3851650,0,943,0,40,3,3,2,1,38,28,7
3843111,0,943,0,40,3,5,2,1,34,39,7
3863097,0,943,0,40,3,1,2,1,18,21,7
3865429,0,943,0,40,2,1,2,1,18,34,7
3853141,0,943,0,40,2,2,2,1,28,21,7
3853233,0,943,0,40,2,2,2,1,31,36,7
3824034,0,943,0,40,2,8,2,1,56,63,7
3833081,0,943,0,40,2,7,2,1,53,9,7
3861811,0,943,0,40,3,2,2,1,21,29,7
3864887,0,943,0,40,2,1,2,1,17,32,7
3866302,0,943,0,40,2,1,2,1,17,41,7
3844929,0,943,0,40,3,3,2,1,44,50,7
3852772,0,943,0,40,2,3,2,1,34,46,7
3851947,0,943,0,40,3,4,2,1,32,44,7
3859453,0,943,0,40,2,1,2,1,27,25,7
3785348,0,943,0,40,3,13,2,1,139,61,7
3843950,0,943,0,40,3,3,2,1,48,26,7
3861012,1,943,916,34.5186,3,2,2,1,25,22,7
3837243,0,943,0,40,2,5,2,1,46,34,7
3821870,0,943,0,40,2,10,2,1,63,46,7
3861045,0,943,0,40,2,1,2,1,23,45,7
3861960,0,943,0,40,2,2,2,1,23,26,7
3859842,1,943,917,40,2,2,2,1,25,18,7
3848039,0,943,0,40,3,3,2,1,40,60,7
3814219,0,943,0,40,3,9,2,1,99,38,7
3863337,0,943,0,40,2,1,2,1,20,61,7
3864589,0,943,0,40,2,1,2,1,20,40,7
3856514,0,943,0,40,2,3,2,1,26,70,7
3839428,0,943,0,40,3,8,2,1,39,53,7
3854024,0,943,0,40,3,2,2,1,31,41,7
3843225,0,943,0,40,2,4,2,1,32,35,7
3835605,0,943,0,40,2,7,2,1,44,59,7
3845858,0,943,0,40,2,4,2,1,47,21,7
3802086,0,943,0,40,2,13,2,1,85,75,7
3866338,0,943,0,40,2,1,2,1,18,34,7
3849211,0,943,0,40,2,3,2,1,37,71,7
3853920,0,943,0,40,2,3,2,1,30,19,7
3837053,0,943,0,40,3,6,2,1,46,45,7
3855703,0,943,0,40,2,4,2,1,22,49,7
3866902,0,943,0,40,3,1,2,1,17,49,7
3867304,0,943,0,40,3,1,2,1,17,57,7
3860569,0,943,0,40,3,1,2,1,27,52,7
3846506,0,943,0,40,2,4,2,1,46,51,7
3840243,0,943,0,40,3,4,2,1,46,29,7
3831995,1,943,906,40,2,5,2,1,58,22,7
3838475,0,943,0,40,3,4,2,1,52,13,7
3817983,1,943,920,31.2015,3,10,2,1,70,52,7
3828049,0,943,0,40,2,8,2,1,58,70,7
3849864,0,943,0,40,2,3,2,1,40,14,7
3814733,0,943,0,40,2,10,2,1,87,44,7
3835125,0,943,0,40,2,7,2,1,41,43,7
3865623,0,943,0,40,3,1,2,1,18,31,7
3866491,0,943,0,40,2,1,2,1,18,26,7
3761237,0,943,0,40,2,27,2,1,143,23,7
3866903,0,943,0,40,3,1,2,1,17,44,7
3851289,0,943,0,40,2,2,2,1,38,86,7
3867718,0,943,0,40,3,1,2,1,18,69,7
3865686,0,943,0,40,3,0,2,1,16,80,7
3866381,0,943,0,40,2,0,2,1,16,11,7
3866589,0,943,0,40,3,0,2,1,16,32,7
3867069,0,943,0,40,2,0,2,1,16,32,7
3867245,0,943,0,40,2,0,2,1,16,56,7
3867341,0,943,0,40,3,0,2,1,16,67,7
3867457,0,943,0,40,2,0,2,1,16,84,7
3867577,0,943,0,40,2,0,2,1,16,44,7
3867705,0,943,0,40,3,0,2,1,16,53,7
3867737,0,943,0,40,2,0,2,1,16,26,7
3867853,0,943,0,40,2,0,2,1,16,43,7
3868110,0,943,0,40,3,0,2,1,16,54,7
3868186,0,943,0,40,3,0,2,1,16,29,7
3868194,0,943,0,40,3,0,2,1,16,28,7
3868214,0,943,0,40,2,0,2,1,16,23,7
3868322,0,943,0,40,3,0,2,1,16,46,7
3868350,0,943,0,40,3,0,2,1,16,24,7
3868410,0,943,0,40,2,0,2,1,16,35,7
3868538,0,943,0,40,3,0,2,1,16,61,7
3868546,0,943,0,40,2,0,2,1,16,33,7
3868566,0,943,0,40,2,0,2,1,16,47,7
3868602,0,943,0,40,3,0,2,1,16,55,7
3868618,0,943,0,40,2,0,2,1,16,48,7
3868626,0,943,0,40,3,0,2,1,16,38,7
3868646,0,943,0,40,3,0,2,1,16,24,7
3868660,0,943,0,40,3,0,2,1,16,28,7
3868694,0,943,0,40,2,0,2,1,16,86,7
3868734,0,943,0,40,3,0,2,1,16,31,7
3868744,0,943,0,40,2,0,2,1,16,52,7
3868772,0,943,0,40,3,0,2,1,16,58,7
3868782,0,943,0,40,2,0,2,1,16,23,7
3868846,0,943,0,40,3,0,2,1,16,43,7
3868852,0,943,0,40,2,0,2,1,16,52,7
3868884,0,943,0,40,3,0,2,1,16,14,7
3868902,0,943,0,40,3,0,2,1,16,50,7
3868930,0,943,0,40,2,0,2,1,16,33,7
3868968,0,943,0,40,3,0,2,1,16,67,7
3868992,0,943,0,40,2,0,2,1,16,48,7
3869014,0,943,0,40,2,0,2,1,16,31,7
3869058,0,943,0,40,3,0,2,1,16,34,7
3869080,0,943,0,40,3,0,2,1,16,15,7
3869108,0,943,0,40,3,0,2,1,16,37,7
3869114,0,943,0,40,3,0,2,1,16,24,7
3827452,0,943,0,40,2,5,2,1,53,72,7
3851641,0,943,0,40,2,2,2,1,26,107,7
3857788,0,943,0,40,3,1,2,1,22,36,7
3848709,0,943,0,40,2,3,2,1,30,26,7
3834377,0,943,0,40,3,7,2,1,45,19,7
3859074,0,943,0,40,2,1,2,1,23,27,7
3862768,0,943,0,40,3,1,2,1,17,54,7
3822130,0,943,0,40,3,7,2,1,70,35,7
3845682,0,943,0,40,2,4,2,1,33,39,7
3855278,0,943,0,40,2,2,2,1,26,63,7
3807538,0,943,0,40,3,9,2,1,54,37,7
3862793,0,943,0,40,2,1,2,1,17,31,7
3822279,0,943,0,40,2,8,2,1,66,22,7
3850119,0,943,0,40,2,3,2,1,29,73,7
3817611,0,943,0,40,2,11,2,1,59,41,7
3860977,0,943,0,40,3,1,2,1,20,34,7
3851329,0,943,0,40,3,3,2,1,27,47,7
3843357,0,943,0,40,2,4,2,1,34,26,7
3809722,0,943,0,40,3,13,2,1,91,20,7
3844348,0,943,0,40,2,6,2,1,31,41,7
3861405,0,943,0,40,2,1,2,1,17,16,7
3837861,0,943,0,40,3,6,2,1,45,100,7
3853279,0,943,0,40,2,3,2,1,26,30,7
3855026,0,943,0,40,2,3,2,1,21,54,7
3827697,0,943,0,40,3,7,2,1,63,73,7
3802506,0,943,0,40,3,5,2,1,72,74,7
3840211,0,943,0,40,2,4,2,1,38,44,7
3853948,0,943,0,40,2,2,2,1,29,35,7
3861326,0,943,0,40,3,1,2,1,22,45,7
3853267,0,943,0,40,3,2,2,1,26,33,7
3836144,0,943,0,40,3,4,2,1,58,19,7
3845346,1,943,916,40,2,4,2,1,39,45,7
3862738,0,943,0,40,2,1,2,1,20,23,7
3862101,0,943,0,40,2,1,2,1,19,59,7
3863059,0,943,0,40,3,1,2,1,18,23,7
3863783,0,943,0,40,2,1,2,1,18,78,7
3850372,0,943,0,40,2,2,2,1,32,83,7
3840630,0,943,0,40,2,6,2,1,42,35,7
3814179,0,943,0,40,2,10,2,1,76,39,7
3853324,0,943,0,40,3,4,2,1,27,35,7
3862945,0,943,0,40,2,1,2,1,16,32,7
3802691,0,943,0,40,2,10,2,1,86,52,7
3855490,0,943,0,40,3,2,2,1,31,52,7
3844194,0,943,0,40,3,3,2,1,43,22,7
3838447,0,943,0,40,3,4,2,1,48,42,7
3859704,0,943,0,40,2,1,2,1,26,45,7
3836221,0,943,0,40,2,8,2,1,38,36,7
3818039,0,943,0,40,3,10,2,1,52,41,7
3854710,0,943,0,40,2,2,2,1,31,25,7
3817405,0,943,0,40,2,9,2,1,74,38,7
3847738,1,943,924,40,2,5,2,1,27,91,7
3831227,0,943,0,40,3,8,2,1,56,43,7
3820627,0,943,0,40,2,8,2,1,62,69,7
3812492,0,943,0,40,2,14,2,1,71,59,7
3819104,0,943,0,40,3,10,2,1,74,32,7
3864538,0,943,0,40,3,1,2,1,17,42,7
3859305,0,943,0,40,3,2,2,1,20,88,7
3839445,0,943,0,40,3,5,2,1,44,65,7
3864793,0,943,0,40,3,1,2,1,16,49,7
3792429,0,943,0,40,2,13,2,1,93,35,7
3831167,0,943,0,40,2,7,2,1,52,77,7
3840005,0,943,0,40,2,6,2,1,38,53,7
3824982,0,943,0,40,2,5,2,1,63,15,7
3808520,0,943,0,40,2,6,2,1,57,56,7
3810842,0,943,0,40,2,11,2,1,97,82,7
3853265,0,943,0,40,3,2,2,1,29,33,7
3806914,0,943,0,40,2,13,2,1,100,53,7
3824329,0,943,0,40,3,6,2,1,62,35,7
3845761,0,943,0,40,2,6,2,1,32,33,7
3859587,0,943,0,40,2,2,2,1,22,29,7
3841705,0,943,0,40,2,4,2,1,45,29,7
3841691,0,943,0,40,3,6,2,1,42,56,7
3832495,0,943,0,40,2,7,2,1,49,45,7
3851073,0,943,0,40,2,2,2,1,35,48,7
3855841,0,943,0,40,2,2,2,1,26,48,7
3859723,0,943,0,40,3,2,2,1,22,66,7
3806405,0,943,0,40,3,11,2,1,49,56,7
3854847,0,943,0,40,2,3,2,1,23,19,7
3840541,0,943,0,40,3,4,2,1,45,35,7
3864814,0,943,0,40,3,1,2,1,18,60,7
3862082,0,943,0,40,2,2,2,1,19,51,7
3826337,0,943,0,40,2,11,2,1,62,56,7
3840805,1,943,894,29.6206,3,5,2,1,48,53,7
3865606,0,943,0,40,3,1,2,1,17,19,7
3859152,0,943,0,40,2,2,2,1,20,26,7
3854860,0,943,0,40,2,2,2,1,30,25,7
3818885,0,943,0,40,2,11,2,1,52,45,7
3850116,0,943,0,40,2,3,2,1,30,98,7
3854876,0,943,0,40,3,4,2,1,27,81,7
3799742,0,943,0,40,3,16,2,1,96,37,7
3865409,0,943,0,40,3,1,2,1,16,30,7
3865779,0,943,0,40,2,1,2,1,16,66,7
3866011,0,943,0,40,3,1,2,1,16,24,7
3811721,0,943,0,40,2,9,2,1,110,78,7
3794851,0,943,0,40,3,15,2,1,106,26,7
3856854,0,943,0,40,2,1,2,1,32,26,7
3852026,0,943,0,40,3,4,2,1,31,31,7
3859133,0,943,0,40,2,1,2,1,28,66,7
3859602,0,943,0,40,3,1,2,1,28,43,7
3827329,0,943,0,40,3,8,2,1,54,24,7
3811691,0,943,0,40,2,13,2,1,87,40,7
3801735,0,943,0,40,3,10,2,1,89,23,7
3856045,0,943,0,40,2,2,2,1,29,45,7
3826861,0,943,0,40,2,8,2,1,55,77,7
3862818,0,943,0,40,2,1,2,1,23,32,7
3808679,0,943,0,40,2,5,2,1,44,19,7
3855260,0,943,0,40,2,3,2,1,26,53,7
3837876,0,943,0,40,3,5,2,1,53,40,7
3850965,0,943,0,40,3,3,2,1,31,62,7
3854634,0,943,0,40,3,3,2,1,28,17,7
3864203,0,943,0,40,3,1,2,1,20,13,7
3832521,0,943,0,40,2,6,2,1,48,99,7
3801324,0,943,0,40,3,6,2,1,63,55,7
3857337,0,943,0,40,2,2,2,1,26,49,7
3855783,0,943,0,40,3,3,2,1,25,87,7
3840788,0,943,0,40,3,6,2,1,32,24,7
3864640,0,943,0,40,3,1,2,1,19,34,7
3864772,0,943,0,40,2,1,2,1,19,36,7
3864918,0,943,0,40,3,1,2,1,19,42,7
3845653,0,943,0,40,3,4,2,1,30,34,7
3832075,0,943,0,40,2,8,2,1,49,42,7
3863828,0,943,0,40,2,1,2,1,18,35,7
3810369,0,943,0,40,2,12,2,1,95,39,7
3839363,0,943,0,40,3,6,2,1,39,41,7
3861022,0,943,0,40,3,2,2,1,19,111,7
3823064,0,943,0,40,2,9,2,1,66,34,7
3839102,0,943,0,40,2,6,2,1,32,54,7
3840052,1,943,922,25.6577,3,5,2,1,43,41,7
3864611,0,943,0,40,2,1,2,1,17,15,7
3866203,0,943,0,40,2,1,2,1,17,40,7
3834046,0,943,0,40,3,8,2,1,45,10,7
3820472,0,943,0,40,2,9,2,1,63,35,7
3812163,0,943,0,40,2,12,2,1,94,91,7
3847374,0,943,0,40,2,6,2,1,27,29,7
3822997,0,943,0,40,2,11,2,1,62,47,7
3848991,0,943,0,40,3,1,2,1,47,90,7
3844216,0,943,0,40,2,3,2,1,45,34,7
3786983,0,943,0,40,3,14,2,1,89,17,7
3822012,0,943,0,40,3,8,2,1,64,16,7
3860063,0,943,0,40,3,1,2,1,28,52,7
3825155,0,943,0,40,3,10,2,1,58,25,7
3861170,0,943,0,40,2,1,2,1,26,22,7
3858281,0,943,0,40,3,2,2,1,28,59,7
3772552,0,943,0,40,3,14,2,1,100,55,7
3861333,0,943,0,40,2,1,2,1,23,19,7
3859218,0,943,0,40,2,2,2,1,23,78,7
3860005,0,943,0,40,2,2,2,1,23,29,7
3844668,0,943,0,40,3,3,2,1,49,24,7
3843663,0,943,0,40,3,4,2,1,40,20,7
3863365,0,943,0,40,2,1,2,1,21,26,7
3835536,0,943,0,40,2,5,2,1,53,22,7
3816867,0,943,0,40,3,10,2,1,75,45,7
3825220,0,943,0,40,2,10,2,1,49,48,7
3799804,0,943,0,40,2,10,2,1,72,35,7
3864626,0,943,0,40,3,1,2,1,20,38,7
3864940,0,943,0,40,3,1,2,1,20,66,7
3849980,0,943,0,40,2,5,2,1,35,22,7
3844584,0,943,0,40,2,5,2,1,39,39,7
3836037,0,943,0,40,2,6,2,1,43,34,7
3847051,0,943,0,40,3,3,2,1,42,56,7
3865941,0,943,0,40,3,1,2,1,18,51,7
3861496,0,943,0,40,3,2,2,1,20,22,7
3863106,0,943,0,40,3,2,2,1,18,42,7
3853652,0,943,0,40,3,3,2,1,29,89,7
3834200,1,943,883,40,2,9,2,1,44,23,7
3820263,0,943,0,40,3,8,2,1,65,35,7
3865435,0,943,0,40,2,1,2,1,17,33,7
3866466,0,943,0,40,2,1,2,1,17,60,7
3814274,0,943,0,40,2,12,2,1,74,44,7
3817076,0,943,0,40,2,10,2,1,75,33,7
3835075,0,943,0,40,2,7,2,1,48,23,7
3846554,0,943,0,40,2,5,2,1,34,28,7
3845027,0,943,0,40,3,6,2,1,38,52,7
3858026,0,943,0,40,2,3,2,1,19,58,7
3829432,0,943,0,40,2,5,2,1,62,50,7
3864056,0,943,0,40,2,2,2,1,18,32,7
3865922,0,943,0,40,2,1,2,1,16,36,7
3846149,0,943,0,40,2,2,2,1,47,53,7
3831463,0,943,0,40,3,6,2,1,59,28,7
3816288,1,943,928,37.8982,2,11,2,1,76,35,7
3831221,0,943,0,40,3,7,2,1,63,44,7
3842643,0,943,0,40,3,5,2,1,43,33,7
3826453,0,943,0,40,2,8,2,1,61,57,7
3826300,0,943,0,40,2,8,2,1,63,36,7
3860541,0,943,0,40,3,1,2,1,25,45,7
3853914,0,943,0,40,2,2,2,1,30,52,7
3840891,0,943,0,40,3,5,2,1,48,24,7
3863267,0,943,0,40,3,1,2,1,23,36,7
3853344,0,943,0,40,2,3,2,1,27,37,7
3855253,0,943,0,40,3,3,2,1,30,37,7
3827948,0,943,0,40,3,9,2,1,63,49,7
3857801,0,943,0,40,2,2,2,1,25,83,7
3839137,0,943,0,40,3,5,2,1,46,49,7
3857189,0,943,0,40,3,2,2,1,32,56,7
3865051,0,943,0,40,3,1,2,1,19,11,7
3865361,0,943,0,40,3,1,2,1,19,38,7
3865819,0,943,0,40,2,1,2,1,19,91,7
3820933,1,943,907,40,2,11,2,1,69,70,7
3850357,0,943,0,40,2,5,2,1,24,64,7
3867056,0,943,0,40,2,1,2,1,17,44,7
3857913,0,943,0,40,3,3,2,1,23,37,7
3843934,0,943,0,40,3,6,2,1,32,49,7
3852782,0,943,0,40,3,4,2,1,32,46,7
3865694,0,943,0,40,2,1,2,1,16,31,7
3846405,0,943,0,40,2,3,2,1,41,23,7
3832454,0,943,0,40,3,6,2,1,56,40,7
3849049,0,943,0,40,2,4,2,1,35,85,7
3838227,0,943,0,40,3,6,2,1,45,35,7
3862275,0,943,0,40,3,1,2,1,21,59,7
3846037,0,943,0,40,3,4,2,1,36,77,7
3818962,0,943,0,40,3,10,2,1,68,46,7
3865451,0,943,0,40,2,1,2,1,19,33,7
3808061,0,943,0,40,2,14,2,1,110,30,7
3831755,0,943,0,40,3,9,2,1,48,29,7
3861069,0,943,0,40,3,2,2,1,26,38,7
3858965,0,943,0,40,2,3,2,1,20,57,7
3837113,0,943,0,40,3,5,2,1,57,22,7
3864101,0,943,0,40,3,1,2,1,24,19,7
3813977,0,943,0,40,2,12,2,1,81,51,7
3829371,0,943,0,40,3,10,2,1,56,35,7
3865487,0,943,0,40,3,0,2,1,15,24,7
3866829,0,943,0,40,2,0,2,1,15,63,7
3867237,0,943,0,40,3,0,2,1,15,40,7
3867413,0,943,0,40,3,0,2,1,15,44,7
3867685,0,943,0,40,3,0,2,1,15,72,7
3868036,0,943,0,40,3,0,2,1,15,47,7
3868052,0,943,0,40,2,0,2,1,15,76,7
3868348,0,943,0,40,3,0,2,1,15,64,7
3868548,0,943,0,40,3,0,2,1,15,68,7
3868596,0,943,0,40,2,0,2,1,15,67,7
3868667,0,943,0,40,2,0,2,1,15,31,7
3868679,0,943,0,40,2,0,2,1,15,80,7
3868747,0,943,0,40,2,0,2,1,15,46,7
3868779,0,943,0,40,3,0,2,1,15,17,7
3868883,0,943,0,40,2,0,2,1,15,64,7
3868931,0,943,0,40,3,0,2,1,15,70,7
3868955,0,943,0,40,3,0,2,1,15,19,7
3868991,0,943,0,40,2,0,2,1,15,39,7
3869055,0,943,0,40,3,0,2,1,15,62,7
3869059,0,943,0,40,2,0,2,1,15,42,7
3869087,0,943,0,40,2,0,2,1,15,19,7
3869107,0,943,0,40,2,0,2,1,15,28,7
3869127,0,943,0,40,2,0,2,1,15,48,7
3869242,0,943,0,40,3,0,2,1,15,22,7
3869274,0,943,0,40,3,0,2,1,15,11,7
3869336,0,943,0,40,3,0,2,1,15,33,7
3869354,0,943,0,40,2,0,2,1,15,32,7
3869372,0,943,0,40,2,0,2,1,15,76,7
3869382,0,943,0,40,3,0,2,1,15,60,7
3869410,0,943,0,40,2,0,2,1,15,41,7
3869488,0,943,0,40,2,0,2,1,15,68,7
3869504,0,943,0,40,3,0,2,1,15,50,7
3869544,0,943,0,40,2,0,2,1,15,80,7
3869548,0,943,0,40,3,0,2,1,15,32,7
3869554,0,943,0,40,2,0,2,1,15,44,7
3869564,0,943,0,40,2,0,2,1,15,42,7
3869588,0,943,0,40,2,0,2,1,15,38,7
3869600,0,943,0,40,3,0,2,1,15,42,7
3869604,0,943,0,40,3,0,2,1,15,58,7
3869624,0,943,0,40,2,0,2,1,15,23,7
3869640,0,943,0,40,2,0,2,1,15,51,7
3869646,0,943,0,40,2,0,2,1,15,30,7
3869670,0,943,0,40,2,0,2,1,15,32,7
3869696,0,943,0,40,3,0,2,1,15,39,7
3869714,0,943,0,40,3,0,2,1,15,58,7
3869730,0,943,0,40,3,0,2,1,15,117,7
3869732,0,943,0,40,2,0,2,1,15,24,7
3843281,0,943,0,40,2,4,2,1,30,52,7
3831767,0,943,0,40,2,7,2,1,38,64,7
3857307,0,943,0,40,2,1,2,1,24,35,7
3830898,1,943,911,40,2,6,2,1,51,70,7
3861671,0,943,0,40,3,1,2,1,16,47,7
3818094,0,943,0,40,2,12,2,1,68,51,7
3824389,0,943,0,40,3,6,2,1,62,79,7
3857047,0,943,0,40,3,2,2,1,20,60,7
3851271,0,943,0,40,3,3,2,1,26,33,7
3828011,1,943,878,40,2,6,2,1,57,22,7
3796989,0,943,0,40,3,11,2,1,80,27,7
3859717,0,943,0,40,3,1,2,1,19,39,7
3819159,0,943,0,40,3,8,2,1,79,94,7
3846833,0,943,0,40,2,5,2,1,30,32,7
3862321,0,943,0,40,3,1,2,1,17,34,7
3834889,0,943,0,40,2,5,2,1,43,45,7
3806853,0,943,0,40,3,6,2,1,80,54,7
3846668,0,943,0,40,3,3,2,1,33,31,7
3856234,0,943,0,40,3,2,2,1,27,17,7
3825097,0,943,0,40,3,9,2,1,63,31,7
3840164,0,943,0,40,3,5,2,1,44,54,7
3808633,0,943,0,40,3,14,2,1,68,47,7
3861412,0,943,0,40,2,1,2,1,21,51,7
3846188,0,943,0,40,2,3,2,1,36,56,7
3821411,0,943,0,40,3,9,2,1,62,21,7
3842399,0,943,0,40,2,5,2,1,43,19,7
3801745,0,943,0,40,2,14,2,1,71,36,7
3831825,0,943,0,40,3,6,2,1,53,22,7
3857116,0,943,0,40,2,2,2,1,23,50,7
3862543,0,943,0,40,2,1,2,1,17,25,7
3817136,1,943,924,40,2,10,2,1,81,28,7
3852009,0,943,0,40,2,2,2,1,36,17,7
3839357,0,943,0,40,3,3,2,1,49,31,7
3818849,0,943,0,40,2,9,2,1,72,35,7
3815979,0,943,0,40,3,10,2,1,74,52,7
3853633,0,943,0,40,3,2,2,1,34,62,7
3849921,0,943,0,40,3,3,2,1,31,12,7
3848683,0,943,0,40,3,2,2,1,35,42,7
3807985,0,943,0,40,3,9,2,1,69,35,7
3850447,0,943,0,40,2,3,2,1,35,45,7
3838428,0,943,0,40,2,4,2,1,45,62,7
3860529,0,943,0,40,3,2,2,1,20,34,7
3857207,0,943,0,40,3,2,2,1,19,27,7
3860757,0,943,0,40,2,1,2,1,17,55,7
3860215,0,943,0,40,3,2,2,1,18,33,7
3849852,0,943,0,40,2,3,2,1,31,41,7
3827287,0,943,0,40,3,6,2,1,61,73,7
3861544,0,943,0,40,3,2,2,1,19,19,7
3820040,0,943,0,40,3,7,2,1,78,31,7
3830645,0,943,0,40,3,5,2,1,53,71,7
3853646,0,943,0,40,3,1,2,1,34,30,7
3805981,0,943,0,40,2,7,2,1,73,33,7
3857056,0,943,0,40,3,1,2,1,29,36,7
3798676,0,943,0,40,2,17,2,1,92,25,7
3808912,0,943,0,40,3,12,2,1,105,48,7
3843023,0,943,0,40,3,5,2,1,37,38,7
3854619,0,943,0,40,3,2,2,1,31,24,7
3821397,0,943,0,40,2,9,2,1,65,14,7
3823152,0,943,0,40,3,8,2,1,56,62,7
3852970,0,943,0,40,2,3,2,1,28,35,7
3830603,0,943,0,40,3,6,2,1,58,52,7
3825376,0,943,0,40,3,5,2,1,67,24,7
3852779,0,943,0,40,2,3,2,1,29,78,7
3809323,0,943,0,40,3,14,2,1,82,37,7
3855788,0,943,0,40,2,3,2,1,24,40,7
3850886,0,943,0,40,2,3,2,1,31,42,7
3809904,0,943,0,40,2,11,2,1,101,47,7
3839217,0,943,0,40,3,5,2,1,44,32,7
3823641,0,943,0,40,2,7,2,1,60,52,7
3862025,0,943,0,40,2,1,2,1,19,69,7
3863649,0,943,0,40,2,1,2,1,19,35,7
3805095,0,943,0,40,2,12,2,1,93,39,7
3854885,0,943,0,40,3,2,2,1,20,38,7
3822441,0,943,0,40,2,9,2,1,53,38,7
3848093,0,943,0,40,3,3,2,1,35,57,7
3845178,0,943,0,40,2,5,2,1,33,62,7
3844103,0,943,0,40,2,5,2,1,40,53,7
3818722,0,943,0,40,2,12,2,1,49,41,7
3828577,0,943,0,40,3,6,2,1,63,73,7
3824137,0,943,0,40,2,10,2,1,56,71,7
3823521,0,943,0,40,3,8,2,1,61,43,7
3859434,0,943,0,40,3,3,2,1,18,54,7
3865425,0,943,0,40,2,1,2,1,15,31,7
3826694,0,943,0,40,2,6,2,1,74,21,7
3851422,0,943,0,40,2,1,2,1,41,61,7
3851533,0,943,0,40,3,2,2,1,34,50,7
3833817,0,943,0,40,2,4,2,1,57,39,7
3830071,0,943,0,40,2,5,2,1,68,67,7
3812704,0,943,0,40,3,8,2,1,92,19,7
3821950,0,943,0,40,2,7,2,1,62,38,7
3831019,0,943,0,40,3,7,2,1,56,60,7
3812008,0,943,0,40,2,10,2,1,90,21,7
3824099,0,943,0,40,2,7,2,1,70,25,7
3857060,0,943,0,40,3,2,2,1,30,25,7
3853397,0,943,0,40,2,3,2,1,25,38,7
3824189,0,943,0,40,3,9,2,1,47,38,7
3829416,0,943,0,40,2,5,2,1,56,69,7
3861541,1,943,926,40,2,1,2,1,21,35,7
3861933,0,943,0,40,2,1,2,1,21,38,7
3809968,0,943,0,40,2,11,2,1,84,41,7
3843506,0,943,0,40,2,4,2,1,43,38,7
3862263,0,943,0,40,2,1,2,1,20,40,7
3826469,0,943,0,40,2,10,2,1,53,57,7
3822861,0,943,0,40,2,11,2,1,55,95,7
3767242,0,943,0,40,2,17,2,1,124,40,7
3861077,0,943,0,40,3,1,2,1,18,86,7
3862404,0,943,0,40,3,2,2,1,18,28,7
3844247,0,943,0,40,2,6,2,1,39,29,7
3852210,0,943,0,40,3,3,2,1,21,53,7
3825238,0,943,0,40,3,6,2,1,64,68,7
3851609,0,943,0,40,3,3,2,1,29,41,7
3836502,0,943,0,40,2,6,2,1,49,82,7
3840747,0,943,0,40,2,6,2,1,39,36,7
3859282,0,943,0,40,3,2,2,1,25,71,7
3865863,0,943,0,40,2,1,2,1,16,38,7
3866223,0,943,0,40,3,1,2,1,16,23,7
3839004,0,943,0,40,2,6,2,1,37,26,7
3839150,0,943,0,40,3,5,2,1,36,73,7
3850953,0,943,0,40,2,3,2,1,33,29,7
3850871,0,943,0,40,3,5,2,1,30,80,7
3819036,0,943,0,40,2,9,2,1,81,66,7
3859067,0,943,0,40,2,2,2,1,23,24,7
3839708,0,943,0,40,3,6,2,1,44,68,7
3853817,0,943,0,40,2,4,2,1,23,44,7
3857509,0,943,0,40,3,3,2,1,23,28,7
3866352,0,943,0,40,3,1,2,1,15,30,7
3843840,0,943,0,40,2,6,2,1,41,19,7
3805243,1,943,907,40,2,8,2,1,55,32,7
3837091,0,943,0,40,3,4,2,1,55,17,7
3806480,0,943,0,40,2,9,2,1,68,42,7
3816409,0,943,0,40,2,10,2,1,77,79,7
3839290,1,943,913,35.9235,3,3,2,1,51,25,7
3861461,0,943,0,40,2,1,2,1,22,68,7
3863090,0,943,0,40,3,1,2,1,22,67,7
3863047,0,943,0,40,3,1,2,1,21,46,7
3844631,0,943,0,40,3,2,2,1,51,46,7
3848426,0,943,0,40,2,6,2,1,28,58,7
3845888,0,943,0,40,3,4,2,1,42,41,7
3852228,0,943,0,40,2,4,2,1,32,42,7
3861464,0,943,0,40,2,2,2,1,20,70,7
3863928,0,943,0,40,2,1,2,1,19,27,7
3842695,0,943,0,40,2,6,2,1,36,55,7
3861384,0,943,0,40,2,2,2,1,22,88,7
3805516,0,943,0,40,2,8,2,1,44,25,7
3864701,0,943,0,40,3,1,2,1,18,50,7
3865598,0,943,0,40,2,1,2,1,18,12,7
3853863,0,943,0,40,2,3,2,1,29,38,7
3841521,0,943,0,40,2,6,2,1,46,9,7
3846945,0,943,0,40,2,3,2,1,35,28,7
3849883,0,943,0,40,2,4,2,1,29,32,7
3849233,0,943,0,40,3,4,2,1,35,55,7
3860932,0,943,0,40,3,2,2,1,23,54,7
3859461,0,943,0,40,2,3,2,1,21,64,7
3851662,0,943,0,40,2,4,2,1,32,44,7
3865523,0,943,0,40,2,1,2,1,16,64,7
3866280,0,943,0,40,2,1,2,1,16,27,7
3866334,0,943,0,40,2,1,2,1,16,44,7
3866634,0,943,0,40,3,1,2,1,16,21,7
3834539,0,943,0,40,3,7,2,1,37,64,7
3847240,0,943,0,40,3,5,2,1,28,49,7
3811264,0,943,0,40,2,15,2,1,69,73,7
3823899,0,943,0,40,2,8,2,1,60,75,7
3830455,0,943,0,40,3,9,2,1,41,52,7
3863054,0,943,0,40,2,2,2,1,19,28,7
3841064,0,943,0,40,3,4,2,1,42,61,7
3867360,0,943,0,40,3,1,2,1,15,36,7
3845345,0,943,0,40,2,3,2,1,44,29,7
3854492,0,943,0,40,2,2,2,1,32,61,7
3838018,0,943,0,40,2,6,2,1,44,12,7
3849180,0,943,0,40,2,4,2,1,31,28,7
3862110,0,943,0,40,3,1,2,1,25,97,7
3857768,0,943,0,40,3,2,2,1,25,34,7
3836011,0,943,0,40,2,5,2,1,45,67,7
3781486,0,943,0,40,2,16,2,1,163,28,7
3839677,0,943,0,40,3,3,2,1,52,22,7
3855684,0,943,0,40,3,3,2,1,29,13,7
3863135,0,943,0,40,3,1,2,1,22,36,7
3863955,0,943,0,40,3,1,2,1,22,36,7
3838898,0,943,0,40,3,4,2,1,49,34,7
3820396,0,943,0,40,3,8,2,1,69,33,7
3864159,0,943,0,40,3,1,2,1,21,66,7
3811200,0,943,0,40,2,9,2,1,99,28,7
3835229,0,943,0,40,3,6,2,1,49,26,7
3850528,0,943,0,40,2,4,2,1,31,50,7
3811051,0,943,0,40,2,11,2,1,99,22,7
3865346,0,943,0,40,2,1,2,1,19,49,7
3851631,0,943,0,40,2,3,2,1,28,49,7
3829705,0,943,0,40,2,7,2,1,56,38,7
3858550,0,943,0,40,2,2,2,1,26,40,7
3816575,0,943,0,40,2,13,2,1,70,18,7
3837681,0,943,0,40,2,6,2,1,49,68,7
3860706,0,943,0,40,2,2,2,1,25,23,7
3822752,0,943,0,40,2,9,2,1,68,28,7
3865197,0,943,0,40,2,1,2,1,18,53,7
3854784,0,943,0,40,2,3,2,1,21,82,7
3857233,0,943,0,40,3,2,2,1,27,22,7
3844863,0,943,0,40,3,4,2,1,32,81,7
3846408,0,943,0,40,2,6,2,1,32,58,7
3829553,0,943,0,40,3,7,2,1,56,41,7
3824175,0,943,0,40,2,7,2,1,73,87,7
3853562,0,943,0,40,2,4,2,1,26,97,7
3838811,0,943,0,40,2,6,2,1,52,52,7
3826915,0,943,0,40,2,9,2,1,64,39,7
3860252,0,943,0,40,2,3,2,1,19,87,7
3864893,0,943,0,40,3,2,2,1,18,33,7
3851527,0,943,0,40,3,3,2,1,27,40,7
3858257,0,943,0,40,3,2,2,1,23,42,7
3862876,0,943,0,40,2,2,2,1,17,57,7
3838547,1,943,896,40,2,7,2,1,48,30,7
3866983,0,943,0,40,3,1,2,1,15,33,7
3867638,0,943,0,40,2,1,2,1,15,25,7
3852576,0,943,0,40,3,3,2,1,37,35,7
3861046,0,943,0,40,2,1,2,1,28,76,7
3850322,1,943,905,40,2,3,2,1,34,29,7
3836625,0,943,0,40,3,5,2,1,54,53,7
3862381,0,943,0,40,2,1,2,1,24,65,7
3861205,0,943,0,40,2,2,2,1,23,40,7
3821954,0,943,0,40,3,9,2,1,63,47,7
3847417,0,943,0,40,3,4,2,1,35,19,7
3864246,0,943,0,40,2,1,2,1,20,30,7
3855376,0,943,0,40,3,3,2,1,30,34,7
3865999,0,943,0,40,3,1,2,1,19,56,7
3833551,0,943,0,40,3,3,2,1,69,33,7
3862745,0,943,0,40,3,2,2,1,20,12,7
3855222,0,943,0,40,3,3,2,1,30,30,7
3855129,0,943,0,40,2,4,2,1,28,77,7
3866336,0,943,0,40,3,1,2,1,18,50,7
3823555,0,943,0,40,2,8,2,1,72,58,7
3818502,0,943,0,40,3,12,2,1,73,85,7
3833007,0,943,0,40,3,7,2,1,56,14,7
3840049,0,943,0,40,2,5,2,1,49,24,7
3836315,0,943,0,40,3,6,2,1,57,35,7
3855165,0,943,0,40,3,5,2,1,22,34,7
3863779,0,943,0,40,2,2,2,1,20,72,7
3808651,0,943,0,40,3,9,2,1,46,20,7
3864012,0,943,0,40,3,2,2,1,17,32,7
3867567,0,943,0,40,3,1,2,1,15,30,7
3868293,0,943,0,40,2,1,2,1,15,26,7
3853365,0,943,0,40,2,2,2,1,40,76,7
3860111,0,943,0,40,3,1,2,1,30,16,7
3854687,0,943,0,40,2,2,2,1,36,52,7
3825179,0,943,0,40,3,10,2,1,68,52,7
3862463,0,943,0,40,2,1,2,1,24,84,7
3846348,0,943,0,40,3,3,2,1,40,32,7
3831324,0,943,0,40,2,9,2,1,52,28,7
3863798,0,943,0,40,2,2,2,1,22,50,7
3807281,0,943,0,40,3,9,2,1,63,24,7
3865954,0,943,0,40,3,1,2,1,18,37,7
3858889,0,943,0,40,2,3,2,1,24,72,7
3866162,0,943,0,40,2,1,2,1,17,29,7
3836973,1,943,894,40,2,7,2,1,48,44,7
3847345,0,943,0,40,2,5,2,1,30,39,7
3839191,0,943,0,40,2,7,2,1,42,26,7
3858531,0,943,0,40,3,3,2,1,22,63,7
3865423,0,943,0,40,2,1,2,1,15,30,7
3722905,0,943,0,40,2,30,2,1,157,54,7
3854965,0,943,0,40,2,5,2,1,27,50,7
3866733,0,943,0,40,2,0,2,1,14,66,7
3867485,0,943,0,40,2,0,2,1,14,24,7
3867581,0,943,0,40,3,0,2,1,14,13,7
3868040,0,943,0,40,2,0,2,1,14,44,7
3868280,0,943,0,40,3,0,2,1,14,59,7
3868600,0,943,0,40,2,0,2,1,14,13,7
3868777,0,943,0,40,2,0,2,1,14,31,7
3868841,0,943,0,40,3,0,2,1,14,74,7
3868857,0,943,0,40,2,0,2,1,14,29,7
3868881,0,943,0,40,3,0,2,1,14,34,7
3868945,0,943,0,40,3,0,2,1,14,63,7
3869057,0,943,0,40,3,0,2,1,14,30,7
3869097,0,943,0,40,2,0,2,1,14,46,7
3869201,0,943,0,40,3,0,2,1,14,67,7
3869233,0,943,0,40,2,0,2,1,14,17,7
3869301,0,943,0,40,3,0,2,1,14,27,7
3869325,0,943,0,40,2,0,2,1,14,32,7
3869337,0,943,0,40,2,0,2,1,14,11,7
3869365,0,943,0,40,3,0,2,1,14,28,7
3869369,0,943,0,40,2,0,2,1,14,26,7
3869457,0,943,0,40,3,0,2,1,14,36,7
3869513,0,943,0,40,2,0,2,1,14,31,7
3869529,0,943,0,40,3,0,2,1,14,41,7
3869597,0,943,0,40,3,0,2,1,14,62,7
3869601,0,943,0,40,2,0,2,1,14,28,7
3869605,0,943,0,40,2,0,2,1,14,18,7
3869609,0,943,0,40,2,0,2,1,14,34,7
3869657,0,943,0,40,2,0,2,1,14,28,7
3869701,0,943,0,40,2,0,2,1,14,38,7
3869737,0,943,0,40,2,0,2,1,14,33,7
3869788,0,943,0,40,2,0,2,1,14,47,7
3869806,0,943,0,40,2,0,2,1,14,28,7
3869812,0,943,0,40,2,0,2,1,14,36,7
3869834,0,943,0,40,3,0,2,1,14,53,7
3869836,0,943,0,40,3,0,2,1,14,57,7
3869888,0,943,0,40,2,0,2,1,14,15,7
3869906,0,943,0,40,2,0,2,1,14,63,7
3869954,0,943,0,40,3,0,2,1,14,74,7
3869966,0,943,0,40,3,0,2,1,14,24,7
3869982,0,943,0,40,3,0,2,1,14,32,7
3870006,0,943,0,40,2,0,2,1,14,54,7
3870010,0,943,0,40,2,0,2,1,14,77,7
3870034,0,943,0,40,2,0,2,1,14,44,7
3870052,0,943,0,40,2,0,2,1,14,54,7
3870092,0,943,0,40,2,0,2,1,14,38,7
3870102,0,943,0,40,2,0,2,1,14,59,7
3870112,0,943,0,40,3,0,2,1,14,45,7
3870140,0,943,0,40,2,0,2,1,14,67,7
3870146,0,943,0,40,3,0,2,1,14,27,7
3870178,0,943,0,40,2,0,2,1,14,22,7
3870188,0,943,0,40,2,0,2,1,14,15,7
3870196,0,943,0,40,3,0,2,1,14,43,7
3870204,0,943,0,40,3,0,2,1,14,37,7
3870234,0,943,0,40,3,0,2,1,14,53,7
3870276,0,943,0,40,2,0,2,1,14,48,7
3870296,0,943,0,40,2,0,2,1,14,37,7
3870314,0,943,0,40,2,0,2,1,14,42,7
3870326,0,943,0,40,3,0,2,1,14,35,7
3810306,0,943,0,40,2,11,2,1,82,59,7
3840742,0,943,0,40,3,4,2,1,41,68,7
3818647,0,943,0,40,3,8,2,1,64,32,7
3828346,0,943,0,40,3,5,2,1,54,21,7
3832900,0,943,0,40,2,5,2,1,54,40,7
3850482,0,943,0,40,3,3,2,1,28,43,7
3850404,0,943,0,40,2,3,2,1,27,109,7
3836485,0,943,0,40,2,4,2,1,39,51,7
3854464,0,943,0,40,3,3,2,1,25,41,7
3825806,0,943,0,40,3,9,2,1,59,28,7
3857672,0,943,0,40,2,1,2,1,22,52,7
3851858,0,943,0,40,2,3,2,1,33,75,7
3861302,0,943,0,40,2,1,2,1,20,55,7
3851970,0,943,0,40,3,2,2,1,30,35,7
3861211,0,943,0,40,2,1,2,1,19,27,7
3836922,0,943,0,40,3,5,2,1,44,55,7
3826640,0,943,0,40,2,8,2,1,55,32,7
3847646,0,943,0,40,3,3,2,1,35,83,7
3789238,0,943,0,40,2,16,2,1,99,15,7
3858361,0,943,0,40,2,2,2,1,20,24,7
3861101,0,943,0,40,3,1,2,1,18,44,7
3853200,0,943,0,40,3,3,2,1,27,39,7
3846963,0,943,0,40,3,5,2,1,31,32,7
3858316,0,943,0,40,3,2,2,1,23,66,7
3837780,0,943,0,40,2,5,2,1,47,33,7
3833700,0,943,0,40,2,7,2,1,49,65,7
3862214,0,943,0,40,3,2,2,1,17,43,7
3865076,0,943,0,40,2,1,2,1,15,59,7
3865192,0,943,0,40,3,1,2,1,14,26,7
3805613,0,943,0,40,2,11,2,1,74,24,7
3849404,0,943,0,40,3,2,2,1,38,28,7
3860673,0,943,0,40,3,1,2,1,21,60,7
3835707,0,943,0,40,3,6,2,1,36,40,7
3860653,0,943,0,40,3,1,2,1,20,21,7
3831696,0,943,0,40,2,6,2,1,44,17,7
3828028,0,943,0,40,3,11,2,1,43,74,7
3835119,0,943,0,40,3,5,2,1,59,28,7
3835216,0,943,0,40,3,3,2,1,64,58,7
3864005,0,943,0,40,3,1,2,1,17,39,7
3843816,0,943,0,40,3,5,2,1,32,22,7
3862432,0,943,0,40,2,2,2,1,17,35,7
3865082,0,943,0,40,2,1,2,1,16,47,7
3864953,0,943,0,40,2,1,2,1,15,34,7
3865568,0,943,0,40,2,1,2,1,15,45,7
3842333,0,943,0,40,2,5,2,1,34,38,7
3862481,0,943,0,40,2,2,2,1,16,26,7
3835000,0,943,0,40,3,6,2,1,50,19,7
3865877,0,943,0,40,2,1,2,1,14,45,7
3822777,0,943,0,40,2,9,2,1,67,57,7
3842583,0,943,0,40,3,3,2,1,41,62,7
3840981,0,943,0,40,2,4,2,1,44,10,7
3852219,0,943,0,40,2,2,2,1,35,40,7
3819433,0,943,0,40,3,8,2,1,73,47,7
3829384,0,943,0,40,3,6,2,1,51,55,7
3853436,0,943,0,40,3,3,2,1,31,92,7
3858861,0,943,0,40,3,1,2,1,26,90,7
3845926,0,943,0,40,2,4,2,1,27,58,7
3846728,0,943,0,40,3,4,2,1,33,45,7
3800315,0,943,0,40,3,10,2,1,88,52,7
3852253,0,943,0,40,3,3,2,1,32,35,7
3850765,0,943,0,40,2,4,2,1,27,85,7
3861708,0,943,0,40,2,1,2,1,22,31,7
3856623,0,943,0,40,2,2,2,1,25,24,7
3846279,0,943,0,40,3,4,2,1,32,54,7
3834940,0,943,0,40,3,9,2,1,48,37,7
3861593,0,943,0,40,2,1,2,1,21,76,7
3840867,1,943,902,40,2,5,2,1,37,71,7
3852095,0,943,0,40,2,3,2,1,30,31,7
3857034,0,943,0,40,3,2,2,1,23,58,7
3858261,0,943,0,40,3,2,2,1,24,62,7
3862647,0,943,0,40,3,1,2,1,19,69,7
3857936,0,943,0,40,2,2,2,1,22,24,7
3851643,0,943,0,40,2,4,2,1,31,24,7
3864077,0,943,0,40,3,1,2,1,18,29,7
3806279,0,943,0,40,3,6,2,1,49,48,7
3839664,0,943,0,40,2,6,2,1,39,33,7
3842019,0,943,0,40,2,4,2,1,33,53,7
3837429,0,943,0,40,2,7,2,1,43,54,7
3854693,0,943,0,40,3,3,2,1,25,48,7
3851580,0,943,0,40,3,4,2,1,27,31,7
3811218,0,943,0,40,2,12,2,1,73,47,7
3801186,0,943,0,40,3,12,2,1,50,40,7
3837852,0,943,0,40,3,6,2,1,48,49,7
3854466,0,943,0,40,3,2,2,1,31,52,7
3833119,0,943,0,40,2,9,2,1,36,38,7
3865775,0,943,0,40,3,1,2,1,15,28,7
3820744,0,943,0,40,2,9,2,1,54,70,7
3844839,0,943,0,40,3,4,2,1,39,64,7
3856469,0,943,0,40,3,3,2,1,18,60,7
3841284,1,943,921,40,2,6,2,1,33,43,7
3861662,0,943,0,40,2,3,2,1,16,62,7
3846390,0,943,0,40,3,5,2,1,32,83,7
3838561,0,943,0,40,2,4,2,1,49,39,7
3866076,0,943,0,40,2,1,2,1,14,45,7
3866600,0,943,0,40,2,1,2,1,14,110,7
3825432,0,943,0,40,2,7,2,1,73,43,7
3841777,0,943,0,40,3,5,2,1,48,64,7
3831621,0,943,0,40,2,7,2,1,47,18,7
3828883,0,943,0,40,3,6,2,1,58,32,7
3824714,0,943,0,40,3,7,2,1,64,54,7
3841875,0,943,0,40,2,4,2,1,37,79,7
3832742,0,943,0,40,2,6,2,1,54,27,7
3829040,0,943,0,40,2,6,2,1,61,78,7
3816302,0,943,0,40,3,11,2,1,76,31,7
3839398,0,943,0,40,2,6,2,1,41,28,7
3834076,1,943,903,40,2,5,2,1,56,35,7
3824569,0,943,0,40,2,8,2,1,52,63,7
3839483,0,943,0,40,3,5,2,1,40,48,7
3826890,0,943,0,40,2,6,2,1,58,52,7
3810648,0,943,0,40,2,10,2,1,82,19,7
3859619,0,943,0,40,2,2,2,1,22,35,7
3834190,0,943,0,40,2,6,2,1,52,55,7
3849824,0,943,0,40,2,5,2,1,33,65,7
3816926,0,943,0,40,3,13,2,1,64,72,7
3841562,0,943,0,40,3,5,2,1,34,50,7
3830224,0,943,0,40,2,6,2,1,57,51,7
3855082,0,943,0,40,2,4,2,1,23,32,7
3785402,1,943,921,23.0407,3,19,2,1,95,44,7
3865444,0,943,0,40,2,1,2,1,17,22,7
3849827,0,943,0,40,2,3,2,1,31,51,7
3838782,0,943,0,40,3,6,2,1,39,38,7
3854968,0,943,0,40,3,3,2,1,29,52,7
3865681,0,943,0,40,2,1,2,1,16,57,7
3846379,0,943,0,40,2,3,2,1,37,36,7
3841279,0,943,0,40,2,5,2,1,40,54,7
3860073,0,943,0,40,3,2,2,1,20,81,7
3808142,0,943,0,40,3,11,2,1,73,10,7
3865595,0,943,0,40,3,1,2,1,15,73,7
3866116,0,943,0,40,3,1,2,1,15,47,7
3866558,0,943,0,40,2,1,2,1,15,38,7
3866762,0,943,0,40,3,1,2,1,15,41,7
3851381,0,943,0,40,3,3,2,1,22,54,7
3852077,0,943,0,40,2,4,2,1,28,25,7
3849697,0,943,0,40,3,4,2,1,23,47,7
3843474,0,943,0,40,3,3,2,1,43,87,7
3863541,0,943,0,40,2,2,2,1,16,70,7
3853980,0,943,0,40,3,4,2,1,22,19,7
3865045,0,943,0,40,3,2,2,1,15,32,7
3866238,0,943,0,40,2,1,2,1,14,19,7
3866918,0,943,0,40,3,1,2,1,14,46,7
3828095,0,943,0,40,2,8,2,1,66,51,7
3855890,0,943,0,40,3,1,2,1,34,54,7
3837291,0,943,0,40,3,5,2,1,51,28,7
3851467,0,943,0,40,2,2,2,1,36,34,7
3802053,0,943,0,40,3,6,2,1,58,86,7
3833462,0,943,0,40,2,6,2,1,50,46,7
3848716,0,943,0,40,2,3,2,1,30,27,7
3820707,0,943,0,40,2,10,2,1,72,70,7
3824198,0,943,0,40,3,9,2,1,60,30,7
3843411,0,943,0,40,3,4,2,1,39,44,7
3839432,0,943,0,40,3,6,2,1,45,32,7
3842859,0,943,0,40,3,5,2,1,41,71,7
3861965,0,943,0,40,3,1,2,1,22,31,7
3831306,0,943,0,40,3,6,2,1,50,57,7
3853313,0,943,0,40,2,2,2,1,35,44,7
3863183,0,943,0,40,2,1,2,1,21,53,7
3846183,0,943,0,40,3,3,2,1,40,34,7
3848741,0,943,0,40,3,5,2,1,34,54,7
3804651,0,943,0,40,2,5,2,1,53,22,7
3848575,0,943,0,40,2,6,2,1,28,19,7
3840780,0,943,0,40,3,5,2,1,43,49,7
3862993,0,943,0,40,3,1,2,1,19,24,7
3846444,0,943,0,40,3,5,2,1,28,26,7
3865246,0,943,0,40,2,1,2,1,18,47,7
3845925,0,943,0,40,3,5,2,1,27,45,7
3835954,0,943,0,40,2,4,2,1,53,31,7
3836073,0,943,0,40,2,7,2,1,38,25,7
3855676,0,943,0,40,3,4,2,1,26,50,7
3856374,0,943,0,40,2,2,2,1,30,22,7
3859280,0,943,0,40,3,3,2,1,24,57,7
3823180,0,943,0,40,2,10,2,1,67,15,7
3865035,0,943,0,40,2,1,2,1,17,67,7
3851697,0,943,0,40,3,2,2,1,32,56,7
3859598,0,943,0,40,3,2,2,1,21,54,7
3848616,0,943,0,40,2,3,2,1,34,33,7
3851469,0,943,0,40,2,5,2,1,24,24,7
3858080,0,943,0,40,3,3,2,1,19,58,7
3865832,0,943,0,40,3,1,2,1,16,35,7
3850207,0,943,0,40,3,4,2,1,29,69,7
3862011,0,943,0,40,2,2,2,1,16,43,7
3861664,0,943,0,40,3,2,2,1,19,50,7
3862190,0,943,0,40,2,2,2,1,18,37,7
3848948,0,943,0,40,2,4,2,1,32,74,7
3849636,0,943,0,40,3,4,2,1,31,40,7
3807539,0,943,0,40,2,10,2,1,82,50,7
3819633,0,943,0,40,2,10,2,1,73,29,7
3864087,0,943,0,40,3,2,2,1,16,29,7
3853885,0,943,0,40,3,4,2,1,26,36,7
3866447,0,943,0,40,2,1,2,1,15,23,7
3810517,0,943,0,40,2,10,2,1,91,14,7
3842320,0,943,0,40,2,4,2,1,44,19,7
3850154,0,943,0,40,2,4,2,1,32,42,7
3814207,0,943,0,40,3,8,2,1,90,58,7
3856810,0,943,0,40,2,4,2,1,22,19,7
3854048,0,943,0,40,2,3,2,1,31,42,7
3838333,0,943,0,40,3,7,2,1,44,14,7
3858032,0,943,0,40,3,3,2,1,23,23,7
3866891,0,943,0,40,2,1,2,1,14,46,7
3801531,0,943,0,40,3,9,2,1,92,100,7
3848547,0,943,0,40,2,4,2,1,39,36,7
3828906,0,943,0,40,3,6,2,1,60,72,7
3855816,0,943,0,40,3,2,2,1,29,43,7
3845091,0,943,0,40,3,4,2,1,41,102,7
3857998,0,943,0,40,3,2,2,1,26,44,7
3856787,0,943,0,40,2,2,2,1,29,40,7
3863082,0,943,0,40,2,1,2,1,23,99,7
3857993,0,943,0,40,3,2,2,1,30,69,7
3862971,0,943,0,40,2,1,2,1,22,24,7
3833184,0,943,0,40,2,6,2,1,48,44,7
3838466,0,943,0,40,3,6,2,1,37,49,7
3820624,0,943,0,40,3,7,2,1,76,36,7
3846328,0,943,0,40,3,8,2,1,34,56,7
3814154,0,943,0,40,2,9,2,1,83,40,7
3842999,0,943,0,40,3,6,2,1,41,33,7
3857619,0,943,0,40,2,3,2,1,23,28,7
3865233,0,943,0,40,3,1,2,1,18,47,7
3853275,0,943,0,40,3,4,2,1,32,41,7
3855979,0,943,0,40,3,3,2,1,25,17,7
3837668,0,943,0,40,3,7,2,1,41,49,7
3856599,0,943,0,40,2,2,2,1,26,53,7
3844193,0,943,0,40,3,5,2,1,36,23,7
3804335,0,943,0,40,3,9,2,1,74,42,7
3852761,0,943,0,40,2,3,2,1,32,57,7
3867276,0,943,0,40,3,1,2,1,16,21,7
3816672,0,943,0,40,2,10,2,1,69,21,7
3860189,0,943,0,40,3,3,2,1,19,38,7
3853736,0,943,0,40,3,3,2,1,31,28,7
3865474,0,943,0,40,2,2,2,1,17,30,7
3822875,0,943,0,40,3,11,2,1,62,72,7
3867560,0,943,0,40,3,1,2,1,15,33,7
3825584,0,943,0,40,2,11,2,1,47,52,7
3815228,0,943,0,40,3,7,2,1,94,31,7
3849223,0,943,0,40,2,5,2,1,25,79,7
3861052,0,943,0,40,3,3,2,1,20,54,7
3864584,0,943,0,40,2,2,2,1,16,50,7
3860113,0,943,0,40,3,2,2,1,25,27,7
3858072,0,943,0,40,2,3,2,1,22,39,7
3804722,0,943,0,40,3,14,2,1,56,68,7
3864179,0,943,0,40,3,2,2,1,19,62,7
3860192,0,943,0,40,2,3,2,1,24,96,7
3838464,0,943,0,40,2,5,2,1,45,61,7
3867270,0,943,0,40,2,2,2,1,15,22,7
3811845,0,943,0,40,3,11,2,1,78,23,7
3849788,0,943,0,40,3,3,2,1,39,74,7
3860536,0,943,0,40,2,1,2,1,28,75,7
3822553,0,943,0,40,2,8,2,1,62,38,7
3855735,0,943,0,40,3,2,2,1,33,52,7
3819292,1,943,930,16.4195,3,10,2,1,70,38,7
3853172,0,943,0,40,3,2,2,1,35,46,7
3807756,0,943,0,40,2,8,2,1,70,29,7
3839084,0,943,0,40,2,5,2,1,46,35,7
3842172,0,943,0,40,2,3,2,1,49,62,7
3816938,0,943,0,40,3,10,2,1,75,25,7
3864922,0,943,0,40,2,1,2,1,21,46,7
3817201,0,943,0,40,3,13,2,1,64,30,7
3857864,0,943,0,40,3,2,2,1,24,45,7
3860234,0,943,0,40,2,2,2,1,21,43,7
3829068,0,943,0,40,2,8,2,1,55,70,7
3819755,0,943,0,40,3,11,2,1,62,35,7
3863641,0,943,0,40,3,2,2,1,20,57,7
3848619,0,943,0,40,3,5,2,1,34,45,7
3865645,0,943,0,40,3,1,2,1,19,33,7
3848875,0,943,0,40,2,4,2,1,36,33,7
3863234,0,943,0,40,3,2,2,1,20,55,7
3834105,0,943,0,40,3,7,2,1,55,122,7
3865706,0,943,0,40,3,1,2,1,17,46,7
3843655,0,943,0,40,3,5,2,1,31,13,7
3862758,0,943,0,40,2,2,2,1,18,94,7
3810518,0,943,0,40,2,14,2,1,97,45,7
3866609,0,943,0,40,2,1,2,1,16,31,7
3866689,0,943,0,40,3,1,2,1,16,56,7
3823765,1,943,887,40,3,8,2,1,66,49,7
3809036,0,943,0,40,2,12,2,1,106,76,7
3848272,0,943,0,40,2,5,2,1,31,37,7
3849344,0,943,0,40,3,5,2,1,33,60,7
3853425,0,943,0,40,2,3,2,1,26,28,7
3855333,0,943,0,40,3,2,2,1,26,34,7
3861050,0,943,0,40,3,2,2,1,19,40,7
3836945,0,943,0,40,2,8,2,1,41,21,7
3854862,0,943,0,40,2,3,2,1,29,45,7
3859433,0,943,0,40,2,2,2,1,23,36,7
3850804,0,943,0,40,2,4,2,1,32,70,7
3864349,0,943,0,40,3,2,2,1,18,89,7
3861501,0,943,0,40,2,2,2,1,20,28,7
3868698,0,943,0,40,2,1,2,1,14,29,7
3819396,0,943,0,40,2,7,2,1,84,20,7
3820817,0,943,0,40,3,9,2,1,84,47,7
3825603,0,943,0,40,2,8,2,1,61,36,7
3861293,0,943,0,40,3,1,2,1,23,113,7
3843246,0,943,0,40,3,4,2,1,40,15,7
3851957,0,943,0,40,2,4,2,1,35,16,7
3864118,0,943,0,40,2,1,2,1,21,70,7
3864226,0,943,0,40,2,1,2,1,19,68,7
3856300,0,943,0,40,3,2,2,1,33,55,7
3801603,0,943,0,40,3,8,2,1,87,32,7
3863585,0,943,0,40,2,2,2,1,21,25,7
3851441,0,943,0,40,3,4,2,1,36,20,7
3859976,0,943,0,40,2,2,2,1,22,39,7
3823404,0,943,0,40,2,9,2,1,56,29,7
3814068,0,943,0,40,2,9,2,1,87,78,7
3832063,0,943,0,40,2,8,2,1,58,48,7
3868648,0,943,0,40,2,1,2,1,15,46,7
3862291,0,943,0,40,2,2,2,1,18,34,7
3835218,0,943,0,40,3,7,2,1,43,60,7
3866006,0,943,0,40,2,2,2,1,15,46,7
3869446,0,943,0,40,2,1,2,1,14,24,7
3869576,0,943,0,40,2,1,2,1,14,89,7
3839699,0,943,0,40,3,7,2,1,38,55,7
3863806,0,943,0,40,3,2,2,1,21,60,7
3836913,0,943,0,40,2,8,2,1,39,36,7
3845619,0,943,0,40,3,4,2,1,42,49,7
3867453,0,943,0,40,2,0,2,1,13,30,7
3867789,0,943,0,40,2,0,2,1,13,30,7
3868048,0,943,0,40,3,0,2,1,13,62,7
3868208,0,943,0,40,3,0,2,1,13,24,7
3868272,0,943,0,40,2,0,2,1,13,13,7
3868701,0,943,0,40,3,0,2,1,13,48,7
3868797,0,943,0,40,2,0,2,1,13,31,7
3869005,0,943,0,40,3,0,2,1,13,51,7
3869263,0,943,0,40,3,0,2,1,13,25,7
3869407,0,943,0,40,2,0,2,1,13,27,7
3869463,0,943,0,40,3,0,2,1,13,76,7
3869471,0,943,0,40,3,0,2,1,13,84,7
3869479,0,943,0,40,2,0,2,1,13,36,7
3869487,0,943,0,40,3,0,2,1,13,43,7
3869551,0,943,0,40,3,0,2,1,13,71,7
3869663,0,943,0,40,2,0,2,1,13,25,7
3869775,0,943,0,40,2,0,2,1,13,55,7
3869895,0,943,0,40,3,0,2,1,13,54,7
3869919,0,943,0,40,2,0,2,1,13,54,7
3869947,0,943,0,40,2,0,2,1,13,74,7
3870023,0,943,0,40,2,0,2,1,13,73,7
3870047,0,943,0,40,2,0,2,1,13,39,7
3870079,0,943,0,40,3,0,2,1,13,77,7
3870095,0,943,0,40,2,0,2,1,13,27,7
3870103,0,943,0,40,2,0,2,1,13,29,7
3870127,0,943,0,40,2,0,2,1,13,47,7
3870147,0,943,0,40,2,0,2,1,13,43,7
3870187,0,943,0,40,3,0,2,1,13,87,7
3870215,0,943,0,40,2,0,2,1,13,36,7
3870231,0,943,0,40,3,0,2,1,13,20,7
3870243,0,943,0,40,3,0,2,1,13,26,7
3870263,0,943,0,40,3,0,2,1,13,55,7
3870279,0,943,0,40,3,0,2,1,13,78,7
3870334,0,943,0,40,2,0,2,1,13,35,7
3870350,0,943,0,40,2,0,2,1,13,31,7
3870356,0,943,0,40,2,0,2,1,13,75,7
3870366,0,943,0,40,3,0,2,1,13,65,7
3870372,0,943,0,40,3,0,2,1,13,28,7
3870406,0,943,0,40,3,0,2,1,13,52,7
3870428,0,943,0,40,2,0,2,1,13,42,7
3870448,0,943,0,40,2,0,2,1,13,29,7
3870456,0,943,0,40,3,0,2,1,13,46,7
3870462,0,943,0,40,3,0,2,1,13,14,7
3870500,0,943,0,40,2,0,2,1,13,51,7
3870522,0,943,0,40,3,0,2,1,13,62,7
3870538,0,943,0,40,3,0,2,1,13,47,7
3870558,0,943,0,40,2,0,2,1,13,67,7
3870568,0,943,0,40,2,0,2,1,13,46,7
3870582,0,943,0,40,2,0,2,1,13,38,7
3870602,0,943,0,40,2,0,2,1,13,77,7
3870616,0,943,0,40,2,0,2,1,13,82,7
3870654,0,943,0,40,3,0,2,1,13,31,7
3870670,0,943,0,40,3,0,2,1,13,42,7
3870674,0,943,0,40,3,0,2,1,13,28,7
3870720,0,943,0,40,3,0,2,1,13,37,7
3870754,0,943,0,40,3,0,2,1,13,35,7
3870784,0,943,0,40,2,0,2,1,13,26,7
3870800,0,943,0,40,2,0,2,1,13,86,7
3870802,0,943,0,40,3,0,2,1,13,43,7
3870810,0,943,0,40,2,0,2,1,13,52,7
3870820,0,943,0,40,2,0,2,1,13,27,7
3870852,0,943,0,40,2,0,2,1,13,19,7
3870862,0,943,0,40,3,0,2,1,13,42,7
3870868,0,943,0,40,3,0,2,1,13,7,7
3870870,0,943,0,40,2,0,2,1,13,42,7
3870876,0,943,0,40,3,0,2,1,13,78,7
3870892,0,943,0,40,3,0,2,1,13,57,7
3870894,0,943,0,40,2,0,2,1,13,31,7
3870914,0,943,0,40,3,0,2,1,13,49,7
3826426,0,943,0,40,2,5,2,1,54,76,7
3832417,0,943,0,40,3,7,2,1,38,33,7
3825855,0,943,0,40,2,7,2,1,54,38,7
3816042,0,943,0,40,2,12,2,1,58,56,7
3848502,0,943,0,40,2,3,2,1,24,12,7
3855751,0,943,0,40,2,2,2,1,21,13,7
3857884,0,943,0,40,2,1,2,1,22,20,7
3857811,0,943,0,40,3,3,2,1,18,42,7
3827645,0,943,0,40,2,9,2,1,56,53,7
3857607,0,943,0,40,2,2,2,1,20,17,7
3861687,0,943,0,40,3,1,2,1,17,15,7
3840774,0,943,0,40,2,6,2,1,25,59,7
3834275,1,943,923,26.2975,3,6,2,1,50,57,7
3849310,0,943,0,40,2,2,2,1,36,46,7
3805248,0,943,0,40,3,13,2,1,68,33,7
3859000,0,943,0,40,3,1,2,1,24,86,7
3857174,0,943,0,40,3,2,2,1,21,25,7
3850115,0,943,0,40,3,2,2,1,33,64,7
3853152,0,943,0,40,2,3,2,1,25,34,7
3796572,0,943,0,40,3,16,2,1,91,45,7
3860739,0,943,0,40,3,2,2,1,18,44,7
3831115,0,943,0,40,2,4,2,1,65,50,7
3845749,0,943,0,40,3,6,2,1,27,44,7
3811067,0,943,0,40,2,11,2,1,91,48,7
3824964,0,943,0,40,3,8,2,1,57,51,7
3845737,0,943,0,40,2,3,2,1,34,38,7
3799867,0,943,0,40,2,15,2,1,103,63,7
3842372,0,943,0,40,2,4,2,1,38,48,7
3831440,0,943,0,40,3,6,2,1,54,17,7
3849467,0,943,0,40,3,3,2,1,31,16,7
3806550,0,943,0,40,3,14,2,1,60,24,7
3816883,0,943,0,40,2,10,2,1,65,54,7
3804227,0,943,0,40,2,5,2,1,69,25,7
3853987,0,943,0,40,3,3,2,1,25,41,7
3864722,0,943,0,40,2,1,2,1,15,24,7
3840464,0,943,0,40,3,6,2,1,33,54,7
3861227,0,943,0,40,2,2,2,1,17,31,7
3865228,0,943,0,40,3,1,2,1,14,32,7
3845022,0,943,0,40,2,4,2,1,32,28,7
3834070,0,943,0,40,2,5,2,1,56,25,7
3832565,0,943,0,40,2,5,2,1,43,70,7
3808972,0,943,0,40,2,10,2,1,98,23,7
3848895,0,943,0,40,2,2,2,1,41,24,7
3843848,0,943,0,40,3,2,2,1,47,21,7
3855306,0,943,0,40,2,2,2,1,32,25,7
3837224,0,943,0,40,2,6,2,1,35,33,7
3850745,0,943,0,40,3,3,2,1,30,7,7
3803124,0,943,0,40,3,11,2,1,59,15,7
3854670,0,943,0,40,2,3,2,1,27,33,7
3848486,0,943,0,40,3,4,2,1,25,62,7
3815956,0,943,0,40,3,9,2,1,75,47,7
3856830,0,943,0,40,3,2,2,1,25,33,7
3861090,0,943,0,40,3,2,2,1,19,31,7
3847544,0,943,0,40,2,4,2,1,32,17,7
3827612,0,943,0,40,3,7,2,1,56,57,7
3833484,0,943,0,40,3,6,2,1,56,60,7
3851443,0,943,0,40,3,4,2,1,25,32,7
3848088,1,943,926,40,2,3,2,1,36,25,7
3860384,0,943,0,40,3,2,2,1,15,36,7
3714816,0,943,0,40,3,30,2,1,156,41,7
3865921,0,943,0,40,3,1,2,1,14,27,7
3855818,0,943,0,40,3,3,2,1,16,79,7
3850544,0,943,0,40,3,3,2,1,34,33,7
3862844,0,943,0,40,2,2,2,1,17,19,7
3839134,0,943,0,40,2,6,2,1,35,36,7
3850986,0,943,0,40,3,3,2,1,29,37,7
3866720,0,943,0,40,2,1,2,1,13,120,7
3856973,0,943,0,40,3,1,2,1,31,41,7
3835557,0,943,0,40,3,5,2,1,45,48,7
3854637,0,943,0,40,2,3,2,1,28,24,7
3844950,0,943,0,40,3,3,2,1,34,44,7
3850923,0,943,0,40,3,2,2,1,33,43,7
3840483,0,943,0,40,3,5,2,1,48,76,7
3861482,0,943,0,40,3,1,2,1,23,31,7
3861836,0,943,0,40,3,1,2,1,22,17,7
3845589,0,943,0,40,3,4,2,1,35,70,7
3853487,0,943,0,40,3,3,2,1,26,30,7
3862958,0,943,0,40,2,1,2,1,20,18,7
3836357,0,943,0,40,2,4,2,1,53,66,7
3858147,0,943,0,40,3,3,2,1,23,67,7
3825161,0,943,0,40,2,8,2,1,54,42,7
3851006,0,943,0,40,2,4,2,1,29,44,7
3833379,0,943,0,40,2,5,2,1,51,38,7
3816291,0,943,0,40,3,12,2,1,71,65,7
3822929,0,943,0,40,2,9,2,1,65,94,7
3861704,0,943,0,40,3,2,2,1,18,41,7
3864572,0,943,0,40,2,1,2,1,17,78,7
3853124,0,943,0,40,3,3,2,1,22,39,7
3860062,0,943,0,40,3,2,2,1,18,43,7
3846617,0,943,0,40,3,6,2,1,37,38,7
3844345,0,943,0,40,3,5,2,1,33,122,7
3834558,0,943,0,40,3,8,2,1,50,27,7
3850182,0,943,0,40,3,4,2,1,24,37,7
3845197,0,943,0,40,2,4,2,1,36,16,7
3848375,0,943,0,40,3,4,2,1,33,37,7
3846821,0,943,0,40,3,5,2,1,27,20,7
3853804,0,943,0,40,2,4,2,1,27,21,7
3824512,0,943,0,40,3,7,2,1,68,44,7
3833163,0,943,0,40,2,7,2,1,51,35,7
3817578,0,943,0,40,3,10,2,1,77,46,7
3818516,0,943,0,40,2,10,2,1,58,68,7
3806583,0,943,0,40,2,11,2,1,77,38,7
3840012,0,943,0,40,3,6,2,1,37,44,7
3850646,0,943,0,40,2,3,2,1,32,38,7
3809403,0,943,0,40,2,13,2,1,85,62,7
3819722,0,943,0,40,3,11,2,1,67,36,7
3828582,0,943,0,40,2,8,2,1,67,26,7
3862863,0,943,0,40,2,2,2,1,17,54,7
3864805,0,943,0,40,3,2,2,1,14,48,7
3848034,0,943,0,40,3,3,2,1,41,50,7
3857612,0,943,0,40,2,1,2,1,29,23,7
3822412,0,943,0,40,3,10,2,1,62,58,7
3846595,0,943,0,40,3,5,2,1,38,27,7
3860571,0,943,0,40,2,1,2,1,24,40,7
3807449,0,943,0,40,3,10,2,1,72,88,7
3846004,0,943,0,40,2,3,2,1,38,12,7
3811361,0,943,0,40,3,13,2,1,87,42,7
3824967,0,943,0,40,2,7,2,1,71,39,7
3848795,0,943,0,40,2,4,2,1,26,38,7
3821718,0,943,0,40,2,7,2,1,69,17,7
3836005,0,943,0,40,2,6,2,1,45,38,7
3837979,0,943,0,40,2,5,2,1,46,68,7
3794445,0,943,0,40,3,12,2,1,103,57,7
3859169,0,943,0,40,3,3,2,1,22,65,7
3864232,0,943,0,40,2,1,2,1,18,42,7
3796155,0,943,0,40,3,11,2,1,112,31,7
3821157,0,943,0,40,2,8,2,1,64,15,7
3854138,0,943,0,40,3,3,2,1,24,56,7
3864949,0,943,0,40,3,1,2,1,17,87,7
3848823,0,943,0,40,2,4,2,1,23,21,7
3843041,0,943,0,40,2,5,2,1,34,20,7
3791962,1,943,860,40,2,14,2,1,88,54,7
3837354,0,943,0,40,2,6,2,1,44,38,7
3822590,0,943,0,40,2,8,2,1,60,78,7
3832723,0,943,0,40,3,7,2,1,56,31,7
3862385,0,943,0,40,2,2,2,1,20,72,7
3832430,0,943,0,40,3,9,2,1,53,48,7
3863516,0,943,0,40,3,1,2,1,16,67,7
3865967,0,943,0,40,2,1,2,1,16,68,7
3828252,0,943,0,40,2,7,2,1,53,33,7
3841864,0,943,0,40,2,6,2,1,33,31,7
3837382,0,943,0,40,3,4,2,1,54,20,7
3854616,0,943,0,40,2,4,2,1,28,38,7
3822773,0,943,0,40,3,10,2,1,61,33,7
3843528,0,943,0,40,2,7,2,1,34,65,7
3844818,0,943,0,40,2,4,2,1,44,4,7
3852803,0,943,0,40,3,2,2,1,36,35,7
3848784,0,943,0,40,3,4,2,1,29,55,7
3846185,1,943,901,36.8186,3,5,2,1,26,52,7
3859209,0,943,0,40,3,2,2,1,22,51,7
3855747,0,943,0,40,3,2,2,1,29,39,7
3851753,0,943,0,40,3,3,2,1,33,29,7
3828861,1,943,903,40,2,8,2,1,49,28,7
3816809,0,943,0,40,3,12,2,1,59,26,7
3838028,0,943,0,40,2,8,2,1,37,41,7
3866930,0,943,0,40,2,1,2,1,14,41,7
3867264,0,943,0,40,2,1,2,1,14,67,7
3859625,0,943,0,40,2,2,2,1,14,20,7
3840459,0,943,0,40,2,5,2,1,37,26,7
3834261,0,943,0,40,3,6,2,1,50,84,7
3819907,0,943,0,40,2,8,2,1,62,70,7
3853705,0,943,0,40,2,2,2,1,33,108,7
3849473,0,943,0,40,2,4,2,1,24,26,7
3852601,0,943,0,40,3,4,2,1,24,46,7
3829010,0,943,0,40,3,9,2,1,53,31,7
3862705,0,943,0,40,3,3,2,1,15,11,7
3827195,0,943,0,40,2,10,2,1,41,38,7
3867844,0,943,0,40,2,1,2,1,13,43,7
3844542,0,943,0,40,2,2,2,1,50,33,7
3852306,0,943,0,40,2,1,2,1,39,27,7
3836118,0,943,0,40,2,5,2,1,57,26,7
3854215,0,943,0,40,2,1,2,1,37,38,7
3837458,0,943,0,40,3,5,2,1,50,55,7
3855296,0,943,0,40,3,1,2,1,35,44,7
3814776,0,943,0,40,2,8,2,1,93,11,7
3853407,0,943,0,40,3,2,2,1,35,48,7
3858916,0,943,0,40,3,1,2,1,29,49,7
3845803,0,943,0,40,3,3,2,1,38,27,7
3841574,0,943,0,40,3,4,2,1,41,78,7
3859863,0,943,0,40,3,1,2,1,27,8,7
3853582,0,943,0,40,2,2,2,1,30,26,7
3812520,0,943,0,40,3,15,2,1,77,47,7
3853449,0,943,0,40,3,2,2,1,34,43,7
3861212,0,943,0,40,2,1,2,1,25,33,7
3856929,0,943,0,40,2,4,2,1,27,100,7
3856355,0,943,0,40,3,2,2,1,27,59,7
3842169,1,943,906,40,2,4,2,1,38,28,7
3862960,0,943,0,40,2,1,2,1,22,36,7
3826159,0,943,0,40,2,6,2,1,62,29,7
3831941,0,943,0,40,3,8,2,1,41,31,7
3861309,0,943,0,40,2,1,2,1,21,86,7
3863279,0,943,0,40,2,1,2,1,21,26,7
3855527,0,943,0,40,2,2,2,1,28,51,7
3850282,0,943,0,40,2,4,2,1,27,18,7
3808680,0,943,0,40,2,10,2,1,63,45,7
3847295,0,943,0,40,3,4,2,1,34,41,7
3864495,0,943,0,40,2,1,2,1,20,52,7
3851141,0,943,0,40,2,3,2,1,33,45,7
3859986,0,943,0,40,3,2,2,1,24,33,7
3827468,0,943,0,40,2,7,2,1,60,38,7
3861755,0,943,0,40,3,2,2,1,21,23,7
3862929,0,943,0,40,2,1,2,1,19,66,7
3864852,0,943,0,40,3,1,2,1,19,41,7
3847960,0,943,0,40,3,4,2,1,33,32,7
3808362,0,943,0,40,2,9,2,1,74,24,7
3818088,0,943,0,40,2,9,2,1,76,87,7
3846482,0,943,0,40,3,3,2,1,40,27,7
3860758,0,943,0,40,3,2,2,1,23,38,7
3860102,0,943,0,40,3,2,2,1,22,8,7
3857686,0,943,0,40,2,3,2,1,25,35,7
3828934,0,943,0,40,3,8,2,1,54,40,7
3864529,0,943,0,40,2,1,2,1,18,28,7
3865164,0,943,0,40,3,1,2,1,18,26,7
3865584,0,943,0,40,2,1,2,1,18,46,7
3831989,0,943,0,40,2,9,2,1,48,49,7
3806762,0,943,0,40,2,10,2,1,85,34,7
3855062,0,943,0,40,2,5,2,1,24,28,7
3860491,0,943,0,40,3,2,2,1,25,71,7
3824873,0,943,0,40,2,10,2,1,51,58,7
3865789,0,943,0,40,2,1,2,1,17,38,7
3854777,0,943,0,40,3,2,2,1,26,36,7
3843042,0,943,0,40,3,5,2,1,37,53,7
3846606,0,943,0,40,3,4,2,1,34,15,7
3860751,0,943,0,40,3,3,2,1,18,64,7
3861456,0,943,0,40,3,2,2,1,22,28,7
3862732,0,943,0,40,2,2,2,1,22,62,7
3816201,0,943,0,40,2,11,2,1,62,86,7
3837157,0,943,0,40,3,6,2,1,40,45,7
3806021,0,943,0,40,2,9,2,1,52,59,7
3832342,0,943,0,40,2,6,2,1,56,61,7
3861111,0,943,0,40,2,3,2,1,17,77,7
3843133,0,943,0,40,3,5,2,1,36,18,7
3821034,0,943,0,40,3,8,2,1,55,24,7
3814104,0,943,0,40,3,13,2,1,82,34,7
3803453,0,943,0,40,2,10,2,1,66,72,7
3867354,0,943,0,40,3,1,2,1,15,53,7
3858105,0,943,0,40,3,2,2,1,25,27,7
3829687,0,943,0,40,2,7,2,1,48,37,7
3854742,0,943,0,40,2,3,2,1,29,49,7
3844966,0,943,0,40,2,6,2,1,29,67,7
3827719,0,943,0,40,2,8,2,1,50,80,7
3850166,0,943,0,40,3,5,2,1,28,65,7
3830633,0,943,0,40,2,9,2,1,48,26,7
3862249,0,943,0,40,3,2,2,1,17,85,7
3840802,1,943,920,40,2,5,2,1,48,23,7
3859642,0,943,0,40,3,3,2,1,23,36,7
3866513,0,943,0,40,3,1,2,1,14,35,7
3822046,0,943,0,40,2,11,2,1,47,54,7
3860614,0,943,0,40,2,3,2,1,16,59,7
3835613,1,943,909,29.1112,3,7,2,1,31,42,7
3855187,0,943,0,40,2,3,2,1,21,57,7
3836664,0,943,0,40,2,8,2,1,42,37,7
3813668,0,943,0,40,3,11,2,1,87,53,7
3865654,0,943,0,40,2,2,2,1,14,30,7
3823187,0,943,0,40,3,9,2,1,67,62,7
3847749,0,943,0,40,3,4,2,1,33,40,7
3838348,0,943,0,40,2,7,2,1,48,36,7
3866060,0,943,0,40,3,2,2,1,15,33,7
3866821,0,943,0,40,3,1,2,1,13,33,7
3867499,0,943,0,40,2,1,2,1,13,44,7
3867647,0,943,0,40,2,1,2,1,13,42,7
3845985,0,943,0,40,3,2,2,1,48,88,7
3824659,0,943,0,40,3,7,2,1,74,34,7
3848389,0,943,0,40,3,3,2,1,36,68,7
3807342,0,943,0,40,3,11,2,1,65,50,7
3858600,0,943,0,40,3,2,2,1,29,14,7
3832464,0,943,0,40,2,6,2,1,54,26,7
3852539,0,943,0,40,3,3,2,1,31,34,7
3846531,0,943,0,40,3,3,2,1,38,84,7
3862317,0,943,0,40,2,1,2,1,23,36,7
3846700,0,943,0,40,2,4,2,1,34,39,7
3848662,0,943,0,40,2,4,2,1,33,42,7
3832854,0,943,0,40,3,7,2,1,56,27,7
3821249,0,943,0,40,2,9,2,1,67,46,7
3817870,0,943,0,40,2,6,2,1,83,44,7
3841716,0,943,0,40,3,6,2,1,34,32,7
3824071,0,943,0,40,3,12,2,1,61,24,7
3864448,0,943,0,40,2,1,2,1,20,62,7
3841439,0,943,0,40,3,4,2,1,45,61,7
3853833,0,943,0,40,3,3,2,1,31,24,7
3808689,0,943,0,40,3,11,2,1,57,28,7
3857929,0,943,0,40,2,2,2,1,26,38,7
3850946,0,943,0,40,2,5,2,1,27,27,7
3862370,0,943,0,40,3,2,2,1,20,30,7
3856377,2,943,0,40,3,2,2,1,22,23,7
3860745,0,943,0,40,3,2,2,1,19,37,7
3844154,0,943,0,40,2,5,2,1,35,35,7
3833519,0,943,0,40,2,7,2,1,51,56,7
3845921,0,943,0,40,3,5,2,1,30,24,7
3823092,0,943,0,40,3,11,2,1,50,20,7
3844747,0,943,0,40,3,5,2,1,35,26,7
3812218,0,943,0,40,3,12,2,1,81,43,7
3853499,0,943,0,40,2,3,2,1,36,64,7
3850080,0,943,0,40,2,3,2,1,29,19,7
3853883,0,943,0,40,3,5,2,1,26,24,7
3848999,0,943,0,40,3,5,2,1,36,25,7
3866343,0,943,0,40,3,1,2,1,16,87,7
3852452,0,943,0,40,2,3,2,1,26,36,7
3820485,0,943,0,40,2,9,2,1,73,20,7
3820882,0,943,0,40,2,11,2,1,66,53,7
3850913,0,943,0,40,3,6,2,1,27,50,7
3849245,0,943,0,40,2,3,2,1,38,82,7
3867630,0,943,0,40,2,1,2,1,15,53,7
3856632,0,943,0,40,3,2,2,1,21,43,7
3859108,0,943,0,40,3,2,2,1,23,69,7
3851025,0,943,0,40,2,4,2,1,31,17,7
3862924,0,943,0,40,3,2,2,1,17,38,7
3846628,0,943,0,40,2,4,2,1,34,54,7
3821137,0,943,0,40,3,10,2,1,56,26,7
3861632,0,943,0,40,3,3,2,1,22,25,7
3861372,0,943,0,40,3,2,2,1,24,67,7
3856367,0,943,0,40,3,4,2,1,24,61,7
3865159,0,943,0,40,3,1,2,1,14,42,7
3868083,0,943,0,40,2,1,2,1,14,48,7
3868439,0,943,0,40,2,1,2,1,14,87,7
3851591,0,943,0,40,3,3,2,1,27,89,7
3858726,0,943,0,40,3,2,2,1,26,57,7
3854583,0,943,0,40,3,4,2,1,25,39,7
3864289,0,943,0,40,3,2,2,1,16,34,7
3846364,0,943,0,40,2,4,2,1,35,24,7
3837967,0,943,0,40,3,5,2,1,45,50,7
3823859,0,943,0,40,2,10,2,1,65,44,7
3867181,0,943,0,40,2,1,2,1,13,44,7
3868770,0,943,0,40,2,1,2,1,13,36,7
3868826,1,943,930,13.7496,3,1,2,1,13,60,7
3868990,0,943,0,40,2,1,2,1,13,56,7
3859806,0,943,0,40,3,1,2,1,30,72,7
3847200,0,943,0,40,3,3,2,1,46,30,7
3860911,0,943,0,40,3,1,2,1,27,29,7
3813958,0,943,0,40,2,9,2,1,92,24,7
3843774,0,943,0,40,2,3,2,1,46,92,7
3847104,0,943,0,40,2,3,2,1,42,84,7
3837516,0,943,0,40,2,7,2,1,44,54,7
3844368,0,943,0,40,3,5,2,1,38,31,7
3854914,0,943,0,40,3,2,2,1,35,17,7
3818110,0,943,0,40,2,9,2,1,74,47,7
3860734,0,943,0,40,3,3,2,1,26,45,7
3865522,0,943,0,40,2,1,2,1,20,58,7
3854141,0,943,0,40,2,2,2,1,35,32,7
3850692,0,943,0,40,2,3,2,1,26,57,7
3861041,0,943,0,40,2,2,2,1,24,109,7
3845581,1,943,910,29.0424,3,5,2,1,42,33,7
3848553,0,943,0,40,2,4,2,1,34,40,7
3858226,0,943,0,40,2,2,2,1,26,78,7
3849383,0,943,0,40,3,6,2,1,30,29,7
3866507,0,943,0,40,3,1,2,1,17,38,7
3861622,0,943,0,40,2,2,2,1,21,49,7
3838247,0,943,0,40,3,5,2,1,42,28,7
3813002,0,943,0,40,3,10,2,1,81,30,7
3856444,0,943,0,40,2,3,2,1,28,50,7
3829117,0,943,0,40,2,7,2,1,59,55,7
3819294,0,943,0,40,3,11,2,1,59,70,7
3854487,0,943,0,40,3,4,2,1,26,43,7
3868343,0,943,0,40,3,1,2,1,15,43,7
3834639,0,943,0,40,2,5,2,1,37,23,7
3857073,0,943,0,40,3,4,2,1,19,32,7
3849984,0,943,0,40,2,4,2,1,33,24,7
3836210,0,943,0,40,3,7,2,1,41,16,7
3830468,0,943,0,40,2,7,2,1,64,53,7
3849957,0,943,0,40,3,4,2,1,31,22,7
3868534,0,943,0,40,3,1,2,1,14,13,7
3862200,0,943,0,40,2,2,2,1,19,58,7
3853836,0,943,0,40,2,3,2,1,25,34,7
3807594,0,943,0,40,3,9,2,1,43,39,7
3865041,0,943,0,40,2,2,2,1,15,61,7
3836537,0,943,0,40,3,6,2,1,50,47,7
3869338,0,943,0,40,2,1,2,1,13,23,7
3869490,0,943,0,40,2,1,2,1,13,62,7
3853536,0,943,0,40,3,2,2,1,32,53,7
3860231,0,943,0,40,2,2,2,1,28,43,7
3838805,0,943,0,40,2,5,2,1,54,64,7
3827378,0,943,0,40,3,8,2,1,55,51,7
3856116,0,943,0,40,3,3,2,1,27,41,7
3858805,0,943,0,40,3,3,2,1,22,49,7
3824866,0,943,0,40,2,7,2,1,66,56,7
3867250,0,943,0,40,3,1,2,1,18,13,7
3867338,0,943,0,40,2,1,2,1,18,19,7
3838826,0,943,0,40,2,6,2,1,44,73,7
3802922,0,943,0,40,2,9,2,1,77,41,7
3863076,0,943,0,40,3,2,2,1,20,29,7
3846294,1,943,916,35.511,3,6,2,1,30,45,7
3867859,0,943,0,40,2,1,2,1,16,49,7
3848300,0,943,0,40,3,5,2,1,30,94,7
3863570,0,943,0,40,2,2,2,1,20,37,7
3825231,0,943,0,40,2,6,2,1,69,92,7
3851100,0,943,0,40,3,5,2,1,32,39,7
3849527,0,943,0,40,2,4,2,1,26,45,7
3683988,0,943,0,40,3,34,2,1,240,38,7
3843109,0,943,0,40,3,7,2,1,37,51,7
3850766,0,943,0,40,2,5,2,1,28,19,7
3868025,0,943,0,40,2,1,2,1,14,39,7
3869143,0,943,0,40,3,1,2,1,14,23,7
3869666,0,943,0,40,3,1,2,1,14,30,7
3810146,0,943,0,40,3,13,2,1,89,24,7
3803688,0,943,0,40,3,14,2,1,67,67,7
3848281,0,943,0,40,2,4,2,1,30,54,7
3866638,0,943,0,40,2,2,2,1,17,59,7
3870254,0,943,0,40,2,1,2,1,13,16,7
3814504,0,943,0,40,2,10,2,1,72,29,7
3813284,0,943,0,40,2,12,2,1,89,26,7
3858232,0,943,0,40,3,3,2,1,26,79,7
3867325,1,943,933,24.7864,3,1,2,1,16,75,7
3863996,0,943,0,40,2,2,2,1,19,36,7
3866386,0,943,0,40,2,2,2,1,16,35,7
3853225,0,943,0,40,2,3,2,1,35,50,7
3867565,0,943,0,40,2,0,2,1,12,53,7
3868032,0,943,0,40,3,0,2,1,12,27,7
3868320,0,943,0,40,2,0,2,1,12,29,7
3868917,0,943,0,40,3,0,2,1,12,33,7
3869045,0,943,0,40,3,0,2,1,12,16,7
3869315,0,943,0,40,2,0,2,1,12,28,7
3869387,0,943,0,40,3,0,2,1,12,55,7
3869435,0,943,0,40,2,0,2,1,12,38,7
3869643,0,943,0,40,3,0,2,1,12,11,7
3869739,0,943,0,40,2,0,2,1,12,33,7
3869769,0,943,0,40,3,0,2,1,12,27,7
3869857,0,943,0,40,2,0,2,1,12,85,7
3869873,0,943,0,40,3,0,2,1,12,23,7
3869889,0,943,0,40,3,0,2,1,12,35,7
3869921,0,943,0,40,2,0,2,1,12,26,7
3870033,0,943,0,40,3,0,2,1,12,36,7
3870129,0,943,0,40,2,0,2,1,12,26,7
3870177,0,943,0,40,3,0,2,1,12,6,7
3870193,0,943,0,40,3,0,2,1,12,45,7
3870201,0,943,0,40,2,0,2,1,12,77,7
3870249,0,943,0,40,2,0,2,1,12,30,7
3870345,0,943,0,40,2,0,2,1,12,38,7
3870401,0,943,0,40,3,0,2,1,12,44,7
3870445,0,943,0,40,2,0,2,1,12,58,7
3870477,0,943,0,40,2,0,2,1,12,37,7
3870493,0,943,0,40,2,0,2,1,12,24,7
3870537,0,943,0,40,3,0,2,1,12,37,7
3870541,0,943,0,40,3,0,2,1,12,54,7
3870545,0,943,0,40,2,0,2,1,12,68,7
3870597,0,943,0,40,2,0,2,1,12,43,7
3870637,0,943,0,40,3,0,2,1,12,62,7
3870665,0,943,0,40,2,0,2,1,12,63,7
3870669,0,943,0,40,3,0,2,1,12,39,7
3870681,0,943,0,40,2,0,2,1,12,49,7
3870713,0,943,0,40,3,0,2,1,12,41,7
3870793,0,943,0,40,2,0,2,1,12,24,7
3870845,0,943,0,40,3,0,2,1,12,25,7
3870857,0,943,0,40,3,0,2,1,12,56,7
3870865,0,943,0,40,2,0,2,1,12,33,7
3870885,0,943,0,40,2,0,2,1,12,10,7
3870934,0,943,0,40,3,0,2,1,12,71,7
3870940,0,943,0,40,2,0,2,1,12,42,7
3870960,0,943,0,40,2,0,2,1,12,29,7
3870966,0,943,0,40,3,0,2,1,12,48,7
3870968,0,943,0,40,3,0,2,1,12,57,7
3870970,0,943,0,40,3,0,2,1,12,26,7
3870988,0,943,0,40,2,0,2,1,12,41,7
3870992,0,943,0,40,3,0,2,1,12,25,7
3871004,0,943,0,40,2,0,2,1,12,31,7
3871014,0,943,0,40,2,0,2,1,12,45,7
3871028,0,943,0,40,3,0,2,1,12,54,7
3871030,0,943,0,40,2,0,2,1,12,66,7
3871046,0,943,0,40,3,0,2,1,12,61,7
3871052,0,943,0,40,3,0,2,1,12,46,7
3871058,0,943,0,40,2,0,2,1,12,25,7
3871062,0,943,0,40,2,0,2,1,12,31,7
3871066,0,943,0,40,3,0,2,1,12,32,7
3871076,0,943,0,40,2,0,2,1,12,85,7
3871084,0,943,0,40,3,0,2,1,12,25,7
3871104,0,943,0,40,3,0,2,1,12,43,7
3871106,0,943,0,40,2,0,2,1,12,47,7
3871108,0,943,0,40,2,0,2,1,12,64,7
3871114,0,943,0,40,3,0,2,1,12,59,7
3871132,0,943,0,40,3,0,2,1,12,40,7
3871142,0,943,0,40,2,0,2,1,12,34,7
3871158,0,943,0,40,2,0,2,1,12,114,7
3871160,0,943,0,40,3,0,2,1,12,32,7
3871170,0,943,0,40,3,0,2,1,12,40,7
3871182,0,943,0,40,3,0,2,1,12,61,7
3871188,0,943,0,40,3,0,2,1,12,53,7
3871200,0,943,0,40,2,0,2,1,12,74,7
3871202,0,943,0,40,3,0,2,1,12,78,7
3871214,0,943,0,40,2,0,2,1,12,59,7
3871228,0,943,0,40,3,0,2,1,12,36,7
3871232,0,943,0,40,3,0,2,1,12,15,7
3871242,0,943,0,40,3,0,2,1,12,83,7
3871258,0,943,0,40,3,0,2,1,12,45,7
3871282,0,943,0,40,3,0,2,1,12,52,7
3871284,0,943,0,40,3,0,2,1,12,45,7
3871304,0,943,0,40,2,0,2,1,12,90,7
3871324,0,943,0,40,2,0,2,1,12,43,7
3871336,0,943,0,40,2,0,2,1,12,36,7
3871342,0,943,0,40,3,0,2,1,12,67,7
3871344,0,943,0,40,2,0,2,1,12,38,7
3871350,0,943,0,40,3,0,2,1,12,49,7
3871358,0,943,0,40,3,0,2,1,12,24,7
3871370,0,943,0,40,3,0,2,1,12,135,7
3871380,0,943,0,40,3,0,2,1,12,28,7
3871382,0,943,0,40,2,0,2,1,12,64,7
3871394,0,943,0,40,3,0,2,1,12,57,7
3871408,0,943,0,40,2,0,2,1,12,49,7
3871434,0,943,0,40,2,0,2,1,12,38,7
3871442,0,943,0,40,2,0,2,1,12,19,7
3848360,0,943,0,40,3,5,2,1,24,28,7
3856773,0,943,0,40,3,2,2,1,22,87,7
3825403,0,943,0,40,2,8,2,1,51,90,7
3819170,0,943,0,40,3,7,2,1,75,50,7
3835469,0,943,0,40,2,5,2,1,54,22,7
3839552,0,943,0,40,2,5,2,1,41,53,7
3856407,0,943,0,40,2,2,2,1,20,55,7
3816381,0,943,0,40,3,7,2,1,85,41,7
3862643,0,943,0,40,2,1,2,1,13,30,7
3854186,0,943,0,40,3,3,2,1,20,38,7
3844046,0,943,0,40,3,3,2,1,42,50,7
3832942,0,943,0,40,2,5,2,1,58,64,7
3859019,0,943,0,40,3,1,2,1,22,37,7
3847617,0,943,0,40,2,5,2,1,28,25,7
3811589,0,943,0,40,2,8,2,1,88,53,7
3814664,0,943,0,40,2,10,2,1,76,25,7
3864882,0,943,0,40,3,1,2,1,14,73,7
3803603,0,943,0,40,3,9,2,1,64,40,7
3815653,0,943,0,40,3,11,2,1,67,51,7
3842713,0,943,0,40,3,4,2,1,38,54,7
3866007,0,943,0,40,2,1,2,1,12,26,7
3806177,0,943,0,40,3,10,2,1,76,23,7
3854505,0,943,0,40,3,2,2,1,31,85,7
3847265,0,943,0,40,3,4,2,1,33,48,7
3842816,0,943,0,40,3,4,2,1,43,31,7
3845986,0,943,0,40,3,4,2,1,34,33,7
3815934,0,943,0,40,3,10,2,1,63,54,7
3835024,0,943,0,40,3,6,2,1,45,16,7
3826048,0,943,0,40,2,7,2,1,62,72,7
3864269,0,943,0,40,2,1,2,1,16,52,7
3850338,0,943,0,40,2,3,2,1,27,39,7
3845077,0,943,0,40,2,5,2,1,34,18,7
3853576,0,943,0,40,3,3,2,1,21,11,7
3819181,0,943,0,40,3,13,2,1,65,31,7
3812844,0,943,0,40,3,9,2,1,86,47,7
3855622,0,943,0,40,3,4,2,1,22,65,7
3840736,0,943,0,40,2,4,2,1,46,32,7
3843842,0,943,0,40,2,3,2,1,38,32,7
3864569,0,943,0,40,3,2,2,1,13,33,7
3866430,0,943,0,40,3,1,2,1,12,59,7
3856786,0,943,0,40,2,1,2,1,29,71,7
3812923,0,943,0,40,3,8,2,1,93,36,7
3848312,0,943,0,40,2,3,2,1,32,66,7
3845634,0,943,0,40,3,3,2,1,36,34,7
3860904,0,943,0,40,3,1,2,1,23,8,7
3838878,0,943,0,40,2,4,2,1,43,68,7
3843254,0,943,0,40,2,4,2,1,47,35,7
3860938,0,943,0,40,3,2,2,1,22,30,7
3832149,1,943,927,21.6204,3,7,2,1,44,15,7
3857478,0,943,0,40,3,2,2,1,24,38,7
3813626,0,943,0,40,3,11,2,1,73,23,7
3840505,0,943,0,40,3,5,2,1,38,55,7
3854526,0,943,0,40,2,2,2,1,23,46,7
3858825,0,943,0,40,3,2,2,1,21,47,7
3841584,0,943,0,40,3,3,2,1,50,37,7
3845098,0,943,0,40,2,4,2,1,30,37,7
3848162,0,943,0,40,2,4,2,1,38,49,7
3858983,0,943,0,40,2,2,2,1,22,36,7
3865388,0,943,0,40,3,1,2,1,15,78,7
3750822,0,943,0,40,2,28,2,1,151,46,7
3846639,0,943,0,40,2,2,2,1,44,49,7
3852017,0,943,0,40,2,4,2,1,30,59,7
3858905,0,943,0,40,3,2,2,1,21,67,7
3854385,0,943,0,40,3,3,2,1,27,39,7
3863788,0,943,0,40,3,1,2,1,14,28,7
3841057,0,943,0,40,2,6,2,1,34,24,7
3853907,0,943,0,40,3,5,2,1,22,66,7
3852792,0,943,0,40,2,3,2,1,28,61,7
3815390,0,943,0,40,2,11,2,1,64,39,7
3839842,0,943,0,40,3,6,2,1,48,58,7
3838163,0,943,0,40,3,5,2,1,42,60,7
3866040,0,943,0,40,3,1,2,1,13,23,7
3866628,0,943,0,40,3,1,2,1,13,70,7
3849519,0,943,0,40,2,4,2,1,26,42,7
3815762,0,943,0,40,2,10,2,1,73,75,7
3840876,0,943,0,40,3,5,2,1,30,46,7
3859154,0,943,0,40,2,2,2,1,22,52,7
3806799,0,943,0,40,2,7,2,1,50,45,7
3866587,0,943,0,40,2,1,2,1,12,71,7
3842220,0,943,0,40,3,2,2,1,53,33,7
3855819,0,943,0,40,2,1,2,1,32,25,7
3857139,0,943,0,40,3,1,2,1,30,52,7
3859915,0,943,0,40,3,1,2,1,25,53,7
3856306,0,943,0,40,3,2,2,1,27,15,7
3833795,0,943,0,40,2,6,2,1,51,67,7
3831236,0,943,0,40,2,7,2,1,56,14,7
3827007,0,943,0,40,2,7,2,1,48,32,7
3845232,0,943,0,40,3,3,2,1,43,62,7
3862605,0,943,0,40,2,1,2,1,20,28,7
3862868,0,943,0,40,2,1,2,1,20,32,7
3852160,0,943,0,40,3,2,2,1,30,35,7
3847348,0,943,0,40,3,4,2,1,34,46,7
3863603,0,943,0,40,2,1,2,1,19,72,7
3837846,1,943,885,40,2,8,2,1,38,43,7
3829866,0,943,0,40,3,6,2,1,59,27,7
3864131,0,943,0,40,2,1,2,1,18,97,7
3843791,0,943,0,40,3,4,2,1,35,26,7
3839135,0,943,0,40,2,5,2,1,45,57,7
3859222,0,943,0,40,2,2,2,1,25,23,7
3841436,0,943,0,40,2,8,2,1,34,58,7
3853237,0,943,0,40,2,4,2,1,28,21,7
3863736,0,943,0,40,3,1,2,1,17,55,7
3859418,0,943,0,40,3,2,2,1,19,37,7
3847430,0,943,0,40,2,4,2,1,27,99,7
3856032,0,943,0,40,2,3,2,1,20,21,7
3832606,0,943,0,40,2,10,2,1,46,61,7
3827130,0,943,0,40,3,9,2,1,51,57,7
3853112,0,943,0,40,2,5,2,1,27,21,7
3864086,0,943,0,40,3,1,2,1,16,80,7
3805117,1,943,915,40,2,9,2,1,48,56,7
3842546,0,943,0,40,3,4,2,1,39,43,7
3824312,0,943,0,40,2,12,2,1,54,20,7
3842240,0,943,0,40,2,4,2,1,46,79,7
3803484,0,943,0,40,2,13,2,1,61,17,7
3857517,0,943,0,40,3,3,2,1,26,34,7
3862900,0,943,0,40,3,2,2,1,18,50,7
3865501,0,943,0,40,2,1,2,1,15,23,7
3824721,0,943,0,40,2,12,2,1,46,29,7
3841119,0,943,0,40,2,6,2,1,33,56,7
3857182,0,943,0,40,2,2,2,1,23,42,7
3863947,0,943,0,40,2,2,2,1,15,56,7
3786377,0,943,0,40,3,16,2,1,94,17,7
3861238,0,943,0,40,3,3,2,1,16,61,7
3863656,0,943,0,40,2,2,2,1,16,17,7
3866556,0,943,0,40,2,1,2,1,14,43,7
3860647,0,943,0,40,3,2,2,1,16,40,7
3843370,0,943,0,40,3,4,2,1,42,35,7
3849762,0,943,0,40,3,5,2,1,29,41,7
3817642,0,943,0,40,2,8,2,1,83,28,7
3826254,0,943,0,40,3,7,2,1,54,11,7
3864274,0,943,0,40,2,1,2,1,13,35,7
3866767,0,943,0,40,2,1,2,1,13,48,7
3867334,0,943,0,40,2,1,2,1,13,10,7
3849503,0,943,0,40,2,3,2,1,25,58,7
3817476,0,943,0,40,3,12,2,1,64,102,7
3860959,0,943,0,40,2,2,2,1,15,47,7
3834590,0,943,0,40,2,8,2,1,42,72,7
3838601,0,943,0,40,3,6,2,1,46,18,7
3863577,0,943,0,40,3,2,2,1,14,61,7
3837912,0,943,0,40,3,5,2,1,51,20,7
3841365,0,943,0,40,3,6,2,1,38,48,7
3819744,0,943,0,40,3,10,2,1,62,21,7
3858088,0,943,0,40,3,3,2,1,18,64,7
3867299,0,943,0,40,2,1,2,1,12,31,7
3867584,0,943,0,40,3,1,2,1,12,52,7
3834608,1,943,894,40,2,7,2,1,60,52,7
3847269,0,943,0,40,2,3,2,1,40,23,7
3856532,0,943,0,40,2,1,2,1,30,25,7
3853222,0,943,0,40,2,2,2,1,28,37,7
3852926,0,943,0,40,2,4,2,1,34,57,7
3860560,0,943,0,40,3,1,2,1,25,35,7
3861288,0,943,0,40,3,1,2,1,24,34,7
3805140,0,943,0,40,2,10,2,1,74,23,7
3841853,1,943,912,40,2,5,2,1,34,15,7
3860410,0,943,0,40,3,1,2,1,23,42,7
3840361,0,943,0,40,2,5,2,1,40,56,7
3858272,0,943,0,40,2,2,2,1,25,29,7
3823479,0,943,0,40,3,9,2,1,53,29,7
3813113,0,943,0,40,2,8,2,1,88,38,7
3854868,1,943,906,35.3561,3,3,2,1,22,17,7
3856084,0,943,0,40,2,2,2,1,26,49,7
3829300,0,943,0,40,2,8,2,1,51,46,7
3846230,0,943,0,40,3,6,2,1,35,34,7
3851718,0,943,0,40,2,4,2,1,34,32,7
3862731,0,943,0,40,3,1,2,1,19,24,7
3864457,0,943,0,40,3,1,2,1,19,48,7
3851867,0,943,0,40,3,3,2,1,30,87,7
3839660,0,943,0,40,3,7,2,1,35,37,7
3854075,1,943,907,40,2,3,2,1,33,17,7
3831883,0,943,0,40,2,5,2,1,58,40,7
3852426,0,943,0,40,3,3,2,1,34,63,7
3816531,0,943,0,40,3,10,2,1,75,31,7
3861180,0,943,0,40,3,2,2,1,19,55,7
3854484,0,943,0,40,2,3,2,1,23,18,7
3828318,0,943,0,40,3,8,2,1,55,48,7
3844520,0,943,0,40,2,7,2,1,39,49,7
3865278,0,943,0,40,2,1,2,1,17,34,7
3809951,0,943,0,40,3,13,2,1,75,61,7
3831431,0,943,0,40,2,7,2,1,42,107,7
3842608,0,943,0,40,3,7,2,1,36,47,7
3846281,0,943,0,40,3,6,2,1,27,74,7
3850336,0,943,0,40,3,4,2,1,31,43,7
3848646,0,943,0,40,3,4,2,1,28,98,7
3858410,0,943,0,40,2,2,2,1,21,26,7
3853232,0,943,0,40,3,4,2,1,25,27,7
3847603,1,943,929,40,2,5,2,1,32,65,7
3819833,0,943,0,40,3,11,2,1,65,42,7
3846501,0,943,0,40,2,4,2,1,37,66,7
3798218,0,943,0,40,3,14,2,1,88,77,7
3844599,0,943,0,40,2,4,2,1,34,52,7
3865688,0,943,0,40,3,1,2,1,15,23,7
3865940,0,943,0,40,3,1,2,1,15,38,7
3811850,0,943,0,40,2,10,2,1,86,47,7
3809992,0,943,0,40,2,11,2,1,101,40,7
3863303,0,943,0,40,3,2,2,1,16,44,7
3857570,0,943,0,40,3,2,2,1,28,46,7
3857576,0,943,0,40,2,3,2,1,25,30,7
3850580,0,943,0,40,2,3,2,1,31,64,7
3866998,0,943,0,40,3,1,2,1,14,40,7
3867194,0,943,0,40,3,1,2,1,14,35,7
3830147,0,943,0,40,3,8,2,1,54,20,7
3849711,0,943,0,40,2,4,2,1,29,28,7
3861952,0,943,0,40,2,2,2,1,17,59,7
3845757,0,943,0,40,2,6,2,1,29,42,7
3802994,0,943,0,40,3,9,2,1,60,55,7
3843451,0,943,0,40,2,4,2,1,42,40,7
3817947,0,943,0,40,3,13,2,1,61,75,7
3812031,0,943,0,40,2,15,2,1,75,28,7
3859935,0,943,0,40,2,3,2,1,18,29,7
3839828,0,943,0,40,2,6,2,1,43,26,7
3824345,0,943,0,40,2,12,2,1,52,46,7
3860535,0,943,0,40,3,3,2,1,21,50,7
3842368,0,943,0,40,3,6,2,1,33,42,7
3867776,0,943,0,40,3,1,2,1,13,25,7
3801549,0,943,0,40,3,14,2,1,57,48,7
3837474,0,943,0,40,2,7,2,1,41,20,7
3838445,0,943,0,40,3,7,2,1,34,47,7
3854413,0,943,0,40,2,4,2,1,18,41,7
3852534,0,943,0,40,2,3,2,1,28,35,7
3858547,0,943,0,40,3,3,2,1,18,17,7
3855926,0,943,0,40,3,3,2,1,22,35,7
3839557,0,943,0,40,3,9,2,1,43,32,7
3854539,0,943,0,40,3,3,2,1,29,45,7
3831106,0,943,0,40,3,7,2,1,46,17,7
3817484,0,943,0,40,3,12,2,1,61,52,7
3867289,0,943,0,40,3,1,2,1,12,40,7
3868341,0,943,0,40,2,1,2,1,12,41,7
3828757,0,943,0,40,3,5,2,1,64,56,7
3803806,0,943,0,40,3,6,2,1,75,45,7
3844204,0,943,0,40,3,3,2,1,41,42,7
3851537,0,943,0,40,2,2,2,1,31,30,7
3859366,0,943,0,40,2,1,2,1,28,40,7
3841801,0,943,0,40,3,4,2,1,36,73,7
3858009,0,943,0,40,3,2,2,1,28,48,7
3852266,0,943,0,40,3,3,2,1,29,89,7
3832632,0,943,0,40,2,8,2,1,44,50,7
3835627,0,943,0,40,3,5,2,1,51,50,7
3860549,0,943,0,40,2,1,2,1,22,53,7
3836295,0,943,0,40,3,7,2,1,45,70,7
3815841,0,943,0,40,3,10,2,1,72,43,7
3820148,0,943,0,40,2,9,2,1,72,20,7
3862001,0,943,0,40,3,1,2,1,20,24,7
3826919,0,943,0,40,3,6,2,1,67,49,7
3857498,0,943,0,40,2,2,2,1,22,24,7
3806477,0,943,0,40,3,10,2,1,47,72,7
3839866,0,943,0,40,2,5,2,1,44,47,7
3864332,0,943,0,40,3,1,2,1,19,22,7
3835089,0,943,0,40,3,5,2,1,48,47,7
3862466,0,943,0,40,3,2,2,1,19,30,7
3855182,0,943,0,40,2,3,2,1,30,69,7
3828379,0,943,0,40,2,11,2,1,46,28,7
3802103,0,943,0,40,2,15,2,1,97,20,7
3837311,0,943,0,40,3,5,2,1,47,76,7
3859681,0,943,0,40,3,3,2,1,20,37,7
3853024,0,943,0,40,3,4,2,1,32,36,7
3847507,0,943,0,40,3,3,2,1,40,11,7
3829537,0,943,0,40,2,8,2,1,38,17,7
3840995,0,943,0,40,3,6,2,1,42,79,7
3808538,0,943,0,40,3,11,2,1,75,48,7
3857935,0,943,0,40,2,3,2,1,22,38,7
3859228,0,943,0,40,2,2,2,1,25,84,7
3844115,0,943,0,40,3,6,2,1,38,33,7
3847050,1,943,909,40,2,6,2,1,29,19,7
3865864,0,943,0,40,2,1,2,1,16,107,7
3866652,0,943,0,40,2,1,2,1,16,42,7
3859954,0,943,0,40,3,2,2,1,18,26,7
3856564,1,943,930,23.2463,3,3,2,1,22,24,7
3828369,0,943,0,40,2,9,2,1,49,24,7
3841021,0,943,0,40,3,7,2,1,46,63,7
3852076,1,943,910,38.0505,3,3,2,1,31,49,7
3864924,0,943,0,40,2,2,2,1,19,51,7
3867064,0,943,0,40,2,1,2,1,15,50,7
3858546,0,943,0,40,3,2,2,1,20,83,7
3852185,0,943,0,40,2,4,2,1,25,48,7
3855322,0,943,0,40,3,3,2,1,27,72,7
3863715,0,943,0,40,3,2,2,1,16,25,7
3842745,0,943,0,40,3,6,2,1,42,38,7
3861273,0,943,0,40,2,2,2,1,19,23,7
3864812,0,943,0,40,2,2,2,1,15,37,7
3841139,0,943,0,40,3,6,2,1,55,65,7
3822284,0,943,0,40,2,10,2,1,66,18,7
3839279,0,943,0,40,2,5,2,1,41,44,7
3853412,0,943,0,40,2,4,2,1,25,29,7
3831002,0,943,0,40,2,6,2,1,49,77,7
3832878,0,943,0,40,3,8,2,1,41,53,7
3819881,0,943,0,40,3,11,2,1,63,54,7
3853647,0,943,0,40,2,4,2,1,29,36,7
3790794,1,943,919,40,2,12,2,1,85,38,7
3841555,0,943,0,40,2,7,2,1,37,47,7
3867907,0,943,0,40,3,1,2,1,13,37,7
3858811,0,943,0,40,2,3,2,1,14,68,7
3854139,0,943,0,40,3,4,2,1,21,77,7
3856890,0,943,0,40,2,3,2,1,23,110,7
3833415,0,943,0,40,3,5,2,1,54,26,7
3813018,0,943,0,40,2,13,2,1,60,63,7
3844741,0,943,0,40,2,5,2,1,40,51,7
3836059,0,943,0,40,2,8,2,1,37,21,7
3856230,0,943,0,40,3,3,2,1,19,56,7
3839371,0,943,0,40,2,5,2,1,44,84,7
3839563,0,943,0,40,2,7,2,1,34,20,7
3851770,0,943,0,40,2,6,2,1,24,21,7
3844850,1,943,888,40,3,7,2,1,23,43,7
3845516,0,943,0,40,2,6,2,1,39,45,7
3824941,0,943,0,40,3,11,2,1,55,53,7
3868510,1,943,930,35.0661,2,1,2,1,12,42,7
3868622,0,943,0,40,2,1,2,1,12,99,7
3868718,0,943,0,40,2,1,2,1,12,16,7
3869062,0,943,0,40,3,1,2,1,12,87,7
3869098,0,943,0,40,2,1,2,1,12,29,7
3842298,0,943,0,40,3,5,2,1,43,34,7
3816702,0,943,0,40,2,8,2,1,83,27,7
3836168,0,943,0,40,3,5,2,1,50,27,7
3828692,0,943,0,40,2,7,2,1,63,33,7
3852491,0,943,0,40,2,3,2,1,33,31,7
3861636,0,943,0,40,3,1,2,1,26,70,7
3848694,0,943,0,40,2,3,2,1,35,34,7
3859784,0,943,0,40,3,2,2,1,26,35,7
3833264,0,943,0,40,2,6,2,1,55,89,7
3808127,0,943,0,40,3,11,2,1,98,40,7
3855251,0,943,0,40,3,2,2,1,24,40,7
3841992,0,943,0,40,2,5,2,1,47,78,7
3864407,0,943,0,40,3,1,2,1,21,53,7
3834314,0,943,0,40,3,4,2,1,54,14,7
3806202,0,943,0,40,3,12,2,1,95,64,7
3856846,0,943,0,40,2,3,2,1,24,73,7
3833994,0,943,0,40,2,8,2,1,42,26,7
3852166,0,943,0,40,3,3,2,1,32,19,7
3841781,0,943,0,40,3,5,2,1,38,41,7
3864214,0,943,0,40,2,1,2,1,19,35,7
3861376,0,943,0,40,3,2,2,1,20,57,7
3857112,0,943,0,40,3,3,2,1,25,38,7
3843238,0,943,0,40,2,6,2,1,38,47,7
3863852,0,943,0,40,2,1,2,1,18,61,7
3864915,0,943,0,40,3,1,2,1,18,30,7
3865755,0,943,0,40,2,1,2,1,18,51,7
3865993,0,943,0,40,2,1,2,1,18,54,7
3839528,0,943,0,40,3,4,2,1,39,25,7
3856855,0,943,0,40,3,3,2,1,26,60,7
3819051,0,943,0,40,3,8,2,1,71,32,7
3851673,0,943,0,40,3,4,2,1,31,40,7
3865764,0,943,0,40,2,1,2,1,17,29,7
3856147,0,943,0,40,2,4,2,1,22,37,7
3850205,0,943,0,40,3,2,2,1,39,57,7
3850317,0,943,0,40,2,5,2,1,29,90,7
3864106,0,943,0,40,3,1,2,1,16,71,7
3866870,0,943,0,40,3,1,2,1,16,36,7
3840896,0,943,0,40,2,5,2,1,31,33,7
3860117,0,943,0,40,3,2,2,1,19,38,7
3827658,0,943,0,40,2,10,2,1,58,57,7
3841347,0,943,0,40,2,5,2,1,41,60,7
3854813,0,943,0,40,3,3,2,1,25,62,7
3862509,0,943,0,40,3,2,2,1,18,22,7
3860827,0,943,0,40,2,2,2,1,22,23,7
3860880,0,943,0,40,2,3,2,1,22,37,7
3851457,0,943,0,40,2,4,2,1,32,25,7
3865814,0,943,0,40,2,1,2,1,15,28,7
3847442,0,943,0,40,3,4,2,1,25,40,7
3860967,0,943,0,40,3,3,2,1,17,53,7
3864497,0,943,0,40,2,2,2,1,15,34,7
3840604,0,943,0,40,2,5,2,1,46,41,7
3860659,0,943,0,40,2,2,2,1,21,30,7
3825538,0,943,0,40,2,11,2,1,59,49,7
3841502,0,943,0,40,3,6,2,1,44,26,7
3866661,0,943,0,40,3,1,2,1,14,68,7
3867121,0,943,0,40,2,1,2,1,14,100,7
3867851,0,943,0,40,2,1,2,1,14,38,7
3868503,0,943,0,40,2,1,2,1,14,62,7
3809558,0,943,0,40,2,16,2,1,74,54,7
3791488,0,943,0,40,3,12,2,1,106,34,7
3858094,0,943,0,40,3,3,2,1,18,72,7
3838396,0,943,0,40,3,7,2,1,49,13,7
3814208,0,943,0,40,2,8,2,1,83,32,7
3858948,0,943,0,40,2,3,2,1,26,29,7
3844541,0,943,0,40,3,6,2,1,37,51,7
3867197,0,943,0,40,2,1,2,1,13,22,7
3868178,0,943,0,40,2,1,2,1,13,23,7
3868722,0,943,0,40,2,1,2,1,13,66,7
3855279,0,943,0,40,2,2,2,1,27,76,7
3861369,0,943,0,40,3,2,2,1,17,19,7
3863549,0,943,0,40,2,2,2,1,16,39,7
3856099,0,943,0,40,2,3,2,1,25,21,7
3806560,0,943,0,40,3,7,2,1,52,30,7
3827923,0,943,0,40,2,9,2,1,72,38,7
3860522,0,943,0,40,3,3,2,1,17,75,7
3811303,0,943,0,40,3,12,2,1,79,19,7
3865562,0,943,0,40,2,2,2,1,15,47,7
3837441,1,943,903,40,2,7,2,1,35,20,7
3850387,0,943,0,40,3,5,2,1,22,61,7
3863621,0,943,0,40,2,3,2,1,15,39,7
3859403,0,943,0,40,2,2,2,1,26,18,7
3806015,0,943,0,40,3,13,2,1,68,9,7
3868308,0,943,0,40,3,1,2,1,12,57,7
3869296,0,943,0,40,3,1,2,1,12,28,7
3834202,0,943,0,40,2,3,2,1,56,18,7
3831891,0,943,0,40,3,4,2,1,62,45,7
3837121,0,943,0,40,2,7,2,1,40,30,7
3827802,0,943,0,40,3,8,2,1,62,11,7
3849961,0,943,0,40,3,3,2,1,36,72,7
3837810,0,943,0,40,2,5,2,1,51,63,7
3850083,0,943,0,40,3,4,2,1,40,28,7
3833920,0,943,0,40,3,5,2,1,63,49,7
3864163,0,943,0,40,3,1,2,1,22,49,7
3857657,0,943,0,40,3,3,2,1,27,76,7
3857277,0,943,0,40,3,2,2,1,27,33,7
3856218,0,943,0,40,3,3,2,1,27,68,7
3827255,0,943,0,40,3,8,2,1,55,30,7
3858609,0,943,0,40,2,2,2,1,29,79,7
3861256,0,943,0,40,2,2,2,1,27,10,7
3865592,0,943,0,40,2,1,2,1,20,48,7
3820693,0,943,0,40,2,9,2,1,69,75,7
3865983,0,943,0,40,2,1,2,1,19,44,7
3858332,0,943,0,40,2,3,2,1,23,60,7
3851445,0,943,0,40,2,4,2,1,33,73,7
3867016,0,943,0,40,2,1,2,1,17,68,7
3858779,0,943,0,40,2,2,2,1,24,48,7
3842469,0,943,0,40,2,5,2,1,44,31,7
3861856,0,943,0,40,2,2,2,1,22,47,7
3839139,0,943,0,40,2,5,2,1,50,50,7
3845142,0,943,0,40,2,2,2,1,43,46,7
3858936,0,943,0,40,2,3,2,1,17,74,7
3814300,0,943,0,40,3,9,2,1,87,43,7
3806316,0,943,0,40,2,9,2,1,59,24,7
3847844,0,943,0,40,3,3,2,1,44,34,7
3825696,0,943,0,40,3,9,2,1,62,65,7
3867073,0,943,0,40,3,1,2,1,15,29,7
3868059,0,943,0,40,3,1,2,1,15,24,7
3860389,0,943,0,40,3,2,2,1,27,42,7
3852309,0,943,0,40,2,3,2,1,29,88,7
3814507,0,943,0,40,3,10,2,1,71,46,7
3851273,0,943,0,40,2,6,2,1,29,43,7
3855218,0,943,0,40,3,3,2,1,25,47,7
3854839,0,943,0,40,2,4,2,1,20,65,7
3844644,0,943,0,40,2,6,2,1,30,22,7
3861097,0,943,0,40,3,3,2,1,18,54,7
3818818,0,943,0,40,2,11,2,1,68,41,7
3817801,0,943,0,40,2,8,2,1,72,47,7
3814129,0,943,0,40,3,11,2,1,81,34,7
3860740,0,943,0,40,3,4,2,1,26,15,7
3855754,0,943,0,40,3,4,2,1,26,37,7
3865325,0,943,0,40,2,2,2,1,19,27,7
3813509,0,943,0,40,2,9,2,1,83,53,7
3859136,0,943,0,40,2,3,2,1,22,28,7
3853830,0,943,0,40,2,4,2,1,26,87,7
3842630,0,943,0,40,3,6,2,1,26,37,7
3843671,0,943,0,40,3,4,2,1,42,26,7
3861265,0,943,0,40,3,4,2,1,19,62,7
3834557,0,943,0,40,3,7,2,1,50,42,7
3825212,0,943,0,40,2,10,2,1,63,21,7
3864631,0,943,0,40,2,3,2,1,14,28,7
3833181,0,943,0,40,3,9,2,1,47,78,7
3869505,0,943,0,40,3,1,2,1,12,37,7
3870298,0,943,0,40,3,1,2,1,12,50,7
3785397,0,943,0,40,3,13,2,1,104,34,7
3770502,0,943,0,40,2,13,2,1,127,7,7
3847492,0,943,0,40,3,4,2,1,38,42,7
3847669,0,943,0,40,3,3,2,1,37,39,7
3852147,0,943,0,40,2,4,2,1,31,58,7
3862880,0,943,0,40,2,2,2,1,21,22,7
3846020,0,943,0,40,2,5,2,1,31,35,7
3861840,0,943,0,40,3,2,2,1,22,58,7
3818483,0,943,0,40,2,9,2,1,80,23,7
3838886,0,943,0,40,3,6,2,1,42,41,7
3820898,0,943,0,40,2,11,2,1,71,71,7
3809655,0,943,0,40,3,14,2,1,97,50,7
3848956,0,943,0,40,3,4,2,1,36,60,7
3848572,0,943,0,40,3,5,2,1,31,64,7
3843550,0,943,0,40,2,5,2,1,31,60,7
3828897,0,943,0,40,2,7,2,1,62,77,7
3850814,0,943,0,40,3,3,2,1,34,74,7
3860501,0,943,0,40,2,2,2,1,30,28,7
3868427,0,943,0,40,2,1,2,1,16,46,7
3848225,0,943,0,40,3,4,2,1,42,51,7
3834644,0,943,0,40,3,8,2,1,47,26,7
3868154,0,943,0,40,2,1,2,1,15,11,7
3814999,1,943,917,40,2,10,2,1,81,30,7
3849833,0,943,0,40,3,3,2,1,26,43,7
3840813,0,943,0,40,3,6,2,1,46,38,7
3826627,0,943,0,40,2,9,2,1,58,40,7
3869248,0,943,0,40,2,1,2,1,14,67,7
3855033,1,943,933,36.5071,2,3,2,1,32,48,7
3807781,0,943,0,40,2,15,2,1,72,27,7
3833104,1,943,927,40,2,8,2,1,46,59,7
3844870,1,943,927,40,2,7,2,1,36,90,7
3866208,0,943,0,40,3,2,2,1,17,52,7
3858920,0,943,0,40,3,4,2,1,22,50,7
3865802,0,943,0,40,3,2,2,1,16,32,7
3847899,1,943,917,27.6316,3,4,2,1,33,42,7
3758431,1,943,570,40,2,23,2,1,147,47,7
3836676,0,943,0,40,3,6,2,1,47,12,7
3869511,0,943,0,40,3,1,2,1,12,49,7
3870424,0,943,0,40,3,1,2,1,12,35,7
3823459,0,943,0,40,2,7,2,1,76,33,7
3830031,0,943,0,40,3,5,2,1,69,72,7
3832655,0,943,0,40,2,6,2,1,56,42,7
3860543,0,943,0,40,2,2,2,1,28,18,7
3847391,0,943,0,40,3,8,2,1,34,96,7
3862139,0,943,0,40,3,3,2,1,22,43,7
3826662,1,943,934,38.3276,2,7,2,1,73,51,7
3870032,0,943,0,40,2,1,2,1,14,43,7
3850193,0,943,0,40,2,4,2,1,29,37,7
3862689,0,943,0,40,2,2,2,1,22,45,7
3870368,0,943,0,40,2,1,2,1,13,42,7
3870897,0,943,0,40,3,1,2,1,12,43,7
3868528,0,943,0,40,2,0,2,1,11,41,7
3868773,0,943,0,40,3,0,2,1,11,24,7
3869259,0,943,0,40,3,0,2,1,11,30,7
3869683,0,943,0,40,3,0,2,1,11,72,7
3869813,0,943,0,40,3,0,2,1,11,40,7
3869989,0,943,0,40,3,0,2,1,11,32,7
3870005,0,943,0,40,3,0,2,1,11,68,7
3870021,0,943,0,40,3,0,2,1,11,42,7
3870101,0,943,0,40,2,0,2,1,11,22,7
3870197,0,943,0,40,2,0,2,1,11,66,7
3870363,0,943,0,40,3,0,2,1,11,66,7
3870379,0,943,0,40,2,0,2,1,11,47,7
3870435,0,943,0,40,3,0,2,1,11,69,7
3870507,0,943,0,40,3,0,2,1,11,48,7
3870523,0,943,0,40,2,0,2,1,11,30,7
3870555,0,943,0,40,3,0,2,1,11,58,7
3870571,0,943,0,40,3,0,2,1,11,40,7
3870579,0,943,0,40,2,0,2,1,11,50,7
3870627,0,943,0,40,2,0,2,1,11,30,7
3870643,0,943,0,40,3,0,2,1,11,57,7
3870667,0,943,0,40,2,0,2,1,11,78,7
3870691,0,943,0,40,3,0,2,1,11,54,7
3870699,0,943,0,40,2,0,2,1,11,21,7
3870723,0,943,0,40,2,0,2,1,11,42,7
3870843,0,943,0,40,3,0,2,1,11,25,7
3870923,0,943,0,40,2,0,2,1,11,31,7
3870943,0,943,0,40,3,0,2,1,11,47,7
3870983,0,943,0,40,2,0,2,1,11,25,7
3870999,0,943,0,40,3,0,2,1,11,78,7
3871003,0,943,0,40,2,0,2,1,11,38,7
3871035,0,943,0,40,3,0,2,1,11,42,7
3871063,0,943,0,40,3,0,2,1,11,60,7
3871075,0,943,0,40,3,0,2,1,11,29,7
3871107,0,943,0,40,2,0,2,1,11,36,7
3871139,0,943,0,40,3,0,2,1,11,28,7
3871151,0,943,0,40,2,0,2,1,11,63,7
3871159,0,943,0,40,3,0,2,1,11,60,7
3871167,0,943,0,40,3,0,2,1,11,40,7
3871175,0,943,0,40,2,0,2,1,11,35,7
3871203,0,943,0,40,3,0,2,1,11,39,7
3871255,0,943,0,40,3,0,2,1,11,30,7
3871271,0,943,0,40,3,0,2,1,11,55,7
3871327,0,943,0,40,3,0,2,1,11,41,7
3871335,0,943,0,40,2,0,2,1,11,34,7
3871379,0,943,0,40,3,0,2,1,11,47,7
3871383,0,943,0,40,3,0,2,1,11,84,7
3871395,0,943,0,40,2,0,2,1,11,23,7
3871399,0,943,0,40,2,0,2,1,11,21,7
3871415,0,943,0,40,2,0,2,1,11,67,7
3871423,0,943,0,40,3,0,2,1,11,15,7
3871447,0,943,0,40,3,0,2,1,11,20,7
3871455,0,943,0,40,2,0,2,1,11,52,7
3871479,0,943,0,40,2,0,2,1,11,40,7
3871483,0,943,0,40,3,0,2,1,11,36,7
3871495,0,943,0,40,2,0,2,1,11,38,7
3871499,0,943,0,40,2,0,2,1,11,67,7
3871527,0,943,0,40,2,0,2,1,11,69,7
3871545,0,943,0,40,2,0,2,1,11,36,7
3871549,0,943,0,40,3,0,2,1,11,67,7
3871563,0,943,0,40,3,0,2,1,11,73,7
3871567,0,943,0,40,3,0,2,1,11,19,7
3871573,0,943,0,40,3,0,2,1,11,71,7
3871575,0,943,0,40,2,0,2,1,11,44,7
3871589,0,943,0,40,2,0,2,1,11,30,7
3871593,0,943,0,40,2,0,2,1,11,51,7
3871613,0,943,0,40,3,0,2,1,11,20,7
3871623,0,943,0,40,3,0,2,1,11,33,7
3871625,0,943,0,40,2,0,2,1,11,34,7
3871635,0,943,0,40,3,0,2,1,11,34,7
3871637,0,943,0,40,2,0,2,1,11,26,7
3871641,0,943,0,40,2,0,2,1,11,25,7
3871651,0,943,0,40,3,0,2,1,11,62,7
3871661,0,943,0,40,3,0,2,1,11,44,7
3871681,0,943,0,40,2,0,2,1,11,45,7
3871699,0,943,0,40,3,0,2,1,11,8,7
3871711,0,943,0,40,2,0,2,1,11,24,7
3871727,0,943,0,40,3,0,2,1,11,22,7
3871729,0,943,0,40,3,0,2,1,11,61,7
3871735,0,943,0,40,3,0,2,1,11,24,7
3871743,0,943,0,40,2,0,2,1,11,38,7
3871745,0,943,0,40,2,0,2,1,11,58,7
3871759,0,943,0,40,2,0,2,1,11,59,7
3871781,0,943,0,40,2,0,2,1,11,49,7
3871783,0,943,0,40,3,0,2,1,11,34,7
3871793,0,943,0,40,3,0,2,1,11,28,7
3871795,0,943,0,40,2,0,2,1,11,41,7
3871803,0,943,0,40,2,0,2,1,11,35,7
3871847,0,943,0,40,2,0,2,1,11,29,7
3871853,0,943,0,40,3,0,2,1,11,87,7
3871857,0,943,0,40,3,0,2,1,11,70,7
3871861,0,943,0,40,2,0,2,1,11,51,7
3871865,0,943,0,40,2,0,2,1,11,38,7
3871867,0,943,0,40,2,0,2,1,11,41,7
3871875,0,943,0,40,3,0,2,1,11,50,7
3871877,0,943,0,40,3,0,2,1,11,33,7
3871885,0,943,0,40,2,0,2,1,11,47,7
3871887,0,943,0,40,3,0,2,1,11,55,7
3871897,0,943,0,40,2,0,2,1,11,63,7
3871925,0,943,0,40,3,0,2,1,11,41,7
3871931,0,943,0,40,2,0,2,1,11,35,7
3871939,0,943,0,40,2,0,2,1,11,34,7
3871949,0,943,0,40,3,0,2,1,11,22,7
3871951,0,943,0,40,2,0,2,1,11,27,7
3871979,0,943,0,40,3,0,2,1,11,13,7
3872009,0,943,0,40,3,0,2,1,11,48,7
3872025,0,943,0,40,3,0,2,1,11,48,7
3852057,0,943,0,40,3,3,2,1,23,35,7
3825272,1,943,910,40,2,8,2,1,47,43,7
3860404,0,943,0,40,3,2,2,1,14,23,7
3862500,0,943,0,40,2,2,2,1,12,44,7
3832648,0,943,0,40,3,7,2,1,51,34,7
3816345,0,943,0,40,2,8,2,1,81,57,7
3850444,0,943,0,40,2,4,2,1,21,19,7
3844768,0,943,0,40,2,5,2,1,32,31,7
3832791,0,943,0,40,2,7,2,1,50,38,7
3829809,0,943,0,40,3,4,2,1,56,46,7
3830318,0,943,0,40,2,6,2,1,53,36,7
3853909,0,943,0,40,2,4,2,1,24,61,7
3808373,0,943,0,40,2,6,2,1,55,72,7
3837949,0,943,0,40,2,4,2,1,43,29,7
3859004,0,943,0,40,2,2,2,1,16,44,7
3840334,0,943,0,40,2,6,2,1,35,86,7
3865448,0,943,0,40,2,1,2,1,12,26,7
3865765,0,943,0,40,2,1,2,1,11,30,7
3854044,0,943,0,40,2,2,2,1,25,36,7
3857317,0,943,0,40,2,2,2,1,24,54,7
3831362,0,943,0,40,3,8,2,1,45,21,7
3862549,0,943,0,40,2,1,2,1,17,31,7
3857843,0,943,0,40,3,2,2,1,19,55,7
3863777,0,943,0,40,3,1,2,1,16,39,7
3850835,0,943,0,40,3,3,2,1,21,73,7
3857628,0,943,0,40,3,2,2,1,18,72,7
3820580,0,943,0,40,2,9,2,1,73,43,7
3835271,0,943,0,40,2,6,2,1,49,45,7
3822149,0,943,0,40,3,9,2,1,61,52,7
3864857,0,943,0,40,3,1,2,1,13,33,7
3851675,0,943,0,40,3,3,2,1,26,21,7
3857876,1,943,919,32.4471,3,2,2,1,19,49,7
3824880,0,943,0,40,2,13,2,1,53,57,7
3821545,0,943,0,40,3,9,2,1,63,77,7
3864907,0,943,0,40,3,1,2,1,12,21,7
3817750,0,943,0,40,3,7,2,1,85,37,7
3831367,0,943,0,40,3,4,2,1,60,21,7
3832876,0,943,0,40,2,5,2,1,52,61,7
3861223,0,943,0,40,2,1,2,1,20,25,7
3861899,0,943,0,40,2,1,2,1,19,53,7
3824666,0,943,0,40,3,9,2,1,59,66,7
3841733,0,943,0,40,3,4,2,1,42,21,7
3833287,0,943,0,40,2,8,2,1,41,31,7
3847919,0,943,0,40,3,3,2,1,30,46,7
3834963,0,943,0,40,3,4,2,1,42,44,7
3841815,0,943,0,40,2,5,2,1,40,71,7
3810802,0,943,0,40,3,13,2,1,86,44,7
3865360,0,943,0,40,2,1,2,1,14,47,7
3831670,0,943,0,40,3,6,2,1,55,38,7
3861500,0,943,0,40,2,2,2,1,16,97,7
3848907,0,943,0,40,2,4,2,1,30,86,7
3812212,0,943,0,40,2,10,2,1,88,41,7
3864034,0,943,0,40,2,1,2,1,13,40,7
3852975,0,943,0,40,2,4,2,1,20,60,7
3821311,1,943,907,40,3,10,2,1,62,43,7
3844310,0,943,0,40,2,8,2,1,23,34,7
3843437,0,943,0,40,2,3,2,1,34,64,7
3837960,0,943,0,40,3,8,2,1,42,29,7
3847396,0,943,0,40,2,4,2,1,33,24,7
3821613,0,943,0,40,3,9,2,1,63,45,7
3866980,0,943,0,40,3,1,2,1,11,28,7
3851372,0,943,0,40,2,1,2,1,39,71,7
3825386,0,943,0,40,2,5,2,1,66,69,7
3850382,0,943,0,40,2,2,2,1,35,49,7
3851432,0,943,0,40,3,3,2,1,32,61,7
3855529,0,943,0,40,3,1,2,1,26,40,7
3860968,0,943,0,40,3,1,2,1,23,51,7
3855510,0,943,0,40,3,2,2,1,25,58,7
3858737,0,943,0,40,3,2,2,1,21,29,7
3826562,0,943,0,40,2,7,2,1,72,10,7
3859266,0,943,0,40,2,2,2,1,25,45,7
3858194,0,943,0,40,3,2,2,1,21,24,7
3862879,0,943,0,40,2,1,2,1,18,46,7
3835628,0,943,0,40,3,4,2,1,54,57,7
3857003,0,943,0,40,3,2,2,1,28,28,7
3858603,0,943,0,40,3,2,2,1,18,40,7
3857631,0,943,0,40,3,2,2,1,23,36,7
3815999,0,943,0,40,2,6,2,1,76,41,7
3850078,0,943,0,40,3,4,2,1,26,76,7
3807266,0,943,0,40,2,8,2,1,69,34,7
3845889,0,943,0,40,3,4,2,1,33,65,7
3831122,1,943,902,37.9412,3,8,2,1,47,45,7
3865302,0,943,0,40,2,1,2,1,15,36,7
3810556,0,943,0,40,3,13,2,1,77,37,7
3844723,0,943,0,40,2,6,2,1,30,40,7
3862142,0,943,0,40,3,2,2,1,19,70,7
3865437,0,943,0,40,3,1,2,1,14,29,7
3817293,0,943,0,40,3,12,2,1,58,70,7
3817471,0,943,0,40,2,9,2,1,72,71,7
3832245,0,943,0,40,3,8,2,1,45,46,7
3823965,0,943,0,40,3,7,2,1,54,42,7
3821659,0,943,0,40,2,8,2,1,62,83,7
3825670,0,943,0,40,3,8,2,1,62,51,7
3863432,0,943,0,40,2,2,2,1,14,54,7
3865748,0,943,0,40,2,1,2,1,13,32,7
3861557,0,943,0,40,3,2,2,1,15,50,7
3863967,0,943,0,40,2,2,2,1,13,40,7
3849209,0,943,0,40,3,5,2,1,23,22,7
3860201,1,943,928,40,2,2,2,1,22,22,7
3847984,0,943,0,40,3,7,2,1,26,23,7
3865834,0,943,0,40,2,1,2,1,12,44,7
3866976,0,943,0,40,2,1,2,1,12,30,7
3867384,0,943,0,40,3,1,2,1,12,64,7
3846010,0,943,0,40,3,4,2,1,35,41,7
3850536,0,943,0,40,3,4,2,1,24,34,7
3819074,0,943,0,40,3,9,2,1,70,47,7
3805702,0,943,0,40,3,11,2,1,37,34,7
3820595,0,943,0,40,2,5,2,1,84,41,7
3847097,0,943,0,40,3,2,2,1,38,69,7
3833989,0,943,0,40,2,6,2,1,48,29,7
3859045,1,943,929,40,2,1,2,1,26,60,7
3848829,0,943,0,40,2,4,2,1,37,52,7
3826670,0,943,0,40,3,9,2,1,59,40,7
3839595,0,943,0,40,2,7,2,1,36,41,7
3855547,0,943,0,40,3,2,2,1,30,50,7
3810474,0,943,0,40,2,11,2,1,93,47,7
3859033,0,943,0,40,3,2,2,1,23,86,7
3862148,0,943,0,40,3,2,2,1,22,48,7
3823172,0,943,0,40,2,7,2,1,73,56,7
3829407,0,943,0,40,2,6,2,1,55,57,7
3822169,0,943,0,40,2,9,2,1,56,44,7
3859599,0,943,0,40,3,2,2,1,24,27,7
3864437,0,943,0,40,2,1,2,1,18,25,7
3856272,0,943,0,40,3,2,2,1,26,25,7
3820164,0,943,0,40,2,12,2,1,55,84,7
3860429,0,943,0,40,3,2,2,1,21,61,7
3778087,0,943,0,40,2,17,2,1,132,58,7
3862881,0,943,0,40,3,1,2,1,17,18,7
3816181,1,943,893,40,3,11,2,1,71,48,7
3844346,0,943,0,40,2,4,2,1,33,28,7
3859426,0,943,0,40,2,2,2,1,18,38,7
3819798,0,943,0,40,3,11,2,1,61,54,7
3845175,0,943,0,40,2,6,2,1,32,34,7
3861379,0,943,0,40,3,2,2,1,18,43,7
3834095,0,943,0,40,3,7,2,1,35,22,7
3865855,0,943,0,40,3,1,2,1,15,52,7
3866201,0,943,0,40,2,1,2,1,15,75,7
3842243,0,943,0,40,3,6,2,1,37,56,7
3812573,0,943,0,40,2,11,2,1,93,37,7
3836994,0,943,0,40,3,8,2,1,37,39,7
3814865,1,943,888,40,2,12,2,1,70,39,7
3817101,0,943,0,40,3,13,2,1,74,42,7
3842441,0,943,0,40,2,6,2,1,36,20,7
3865131,0,943,0,40,2,1,2,1,14,20,7
3825768,0,943,0,40,2,7,2,1,66,40,7
3833071,0,943,0,40,3,8,2,1,40,35,7
3830018,0,943,0,40,2,6,2,1,59,51,7
3857132,0,943,0,40,3,3,2,1,19,18,7
3857308,0,943,0,40,3,2,2,1,26,32,7
3818937,0,943,0,40,2,11,2,1,66,51,7
3837177,1,943,912,30.7407,3,7,2,1,36,76,7
3831773,0,943,0,40,2,9,2,1,39,53,7
3841122,0,943,0,40,2,8,2,1,34,22,7
3866387,1,943,929,25.1735,3,1,2,1,13,35,7
3828427,0,943,0,40,3,6,2,1,50,59,7
3862376,0,943,0,40,3,2,2,1,14,23,7
3827927,0,943,0,40,2,6,2,1,65,17,7
3832762,0,943,0,40,3,8,2,1,41,18,7
3840799,0,943,0,40,2,6,2,1,34,39,7
3813467,0,943,0,40,2,9,2,1,75,42,7
3851709,0,943,0,40,3,4,2,1,29,52,7
3808682,0,943,0,40,3,14,2,1,96,10,7
3838167,0,943,0,40,2,8,2,1,31,63,7
3865875,0,943,0,40,3,2,2,1,14,47,7
3866801,0,943,0,40,2,1,2,1,12,43,7
3867764,0,943,0,40,3,1,2,1,12,81,7
3860200,0,943,0,40,2,2,2,1,16,41,7
3861122,0,943,0,40,3,2,2,1,16,39,7
3857184,0,943,0,40,2,3,2,1,21,53,7
3840803,0,943,0,40,2,5,2,1,45,34,7
3850803,0,943,0,40,2,4,2,1,24,55,7
3842166,1,943,922,39.5113,2,7,2,1,34,29,7
3866725,0,943,0,40,3,1,2,1,11,71,7
3868377,0,943,0,40,3,1,2,1,11,45,7
3851053,0,943,0,40,2,2,2,1,38,37,7
3844165,0,943,0,40,2,5,2,1,38,40,7
3827566,0,943,0,40,2,7,2,1,55,44,7
3833769,0,943,0,40,3,4,2,1,62,43,7
3858487,0,943,0,40,2,1,2,1,25,54,7
3860208,0,943,0,40,2,1,2,1,25,47,7
3801517,0,943,0,40,2,9,2,1,72,63,7
3852733,0,943,0,40,3,3,2,1,28,31,7
3857295,0,943,0,40,3,2,2,1,25,55,7
3856082,0,943,0,40,3,2,2,1,30,60,7
3847229,0,943,0,40,2,5,2,1,33,39,7
3861908,0,943,0,40,3,1,2,1,23,75,7
3861986,0,943,0,40,2,1,2,1,23,60,7
3861031,0,943,0,40,3,2,2,1,22,31,7
3815396,0,943,0,40,3,12,2,1,68,43,7
3828220,0,943,0,40,2,9,2,1,46,93,7
3864483,0,943,0,40,2,1,2,1,19,59,7
3822080,0,943,0,40,2,9,2,1,57,54,7
3844398,0,943,0,40,2,4,2,1,36,26,7
3828099,0,943,0,40,2,6,2,1,66,83,7
3842151,0,943,0,40,2,6,2,1,26,32,7
3811016,0,943,0,40,3,11,2,1,89,64,7
3864392,0,943,0,40,3,1,2,1,18,37,7
3838961,0,943,0,40,3,5,2,1,36,66,7
3861385,0,943,0,40,3,2,2,1,18,39,7
3865142,0,943,0,40,3,1,2,1,17,44,7
3843752,0,943,0,40,3,5,2,1,41,40,7
3851592,0,943,0,40,2,4,2,1,29,41,7
3829097,1,943,921,26.826,3,7,2,1,64,82,7
3756399,0,943,0,40,2,19,2,1,124,45,7
3865249,0,943,0,40,3,1,2,1,16,55,7
3834582,0,943,0,40,3,8,2,1,30,48,7
3842798,0,943,0,40,3,5,2,1,32,34,7
3852402,0,943,0,40,3,3,2,1,24,11,7
3855032,0,943,0,40,3,3,2,1,28,23,7
3845451,0,943,0,40,3,4,2,1,43,30,7
3857055,0,943,0,40,2,3,2,1,27,66,7
3864386,0,943,0,40,2,1,2,1,15,20,7
3848819,0,943,0,40,2,3,2,1,34,22,7
3855058,0,943,0,40,3,3,2,1,24,35,7
3860778,0,943,0,40,3,2,2,1,20,25,7
3851170,0,943,0,40,3,4,2,1,25,56,7
3856127,0,943,0,40,2,3,2,1,20,50,7
3865693,0,943,0,40,2,2,2,1,16,58,7
3866222,0,943,0,40,3,1,2,1,14,35,7
3866687,0,943,0,40,3,1,2,1,14,54,7
3809901,0,943,0,40,2,12,2,1,86,52,7
3812301,0,943,0,40,2,11,2,1,92,43,7
3862842,0,943,0,40,2,2,2,1,14,33,7
3818796,0,943,0,40,2,11,2,1,53,76,7
3845944,0,943,0,40,3,4,2,1,33,70,7
3826988,0,943,0,40,2,10,2,1,49,46,7
3844897,0,943,0,40,3,6,2,1,33,40,7
3796789,0,943,0,40,2,16,2,1,100,60,7
3865140,0,943,0,40,2,2,2,1,15,98,7
3866745,0,943,0,40,2,1,2,1,13,62,7
3867163,0,943,0,40,2,1,2,1,13,56,7
3867470,0,943,0,40,2,1,2,1,13,44,7
3867868,0,943,0,40,2,1,2,1,13,42,7
3862322,0,943,0,40,3,2,2,1,13,65,7
3832369,0,943,0,40,3,10,2,1,46,65,7
3810681,0,943,0,40,3,13,2,1,82,31,7
3834367,0,943,0,40,2,7,2,1,43,18,7
3857490,0,943,0,40,2,3,2,1,18,42,7
3806956,0,943,0,40,3,12,2,1,65,38,7
3836147,0,943,0,40,2,9,2,1,46,40,7
3848770,0,943,0,40,3,4,2,1,28,37,7
3867169,0,943,0,40,3,1,2,1,12,29,7
3868237,0,943,0,40,2,1,2,1,12,37,7
3844351,0,943,0,40,2,4,2,1,30,39,7
3858283,0,943,0,40,3,2,2,1,21,39,7
3856774,0,943,0,40,3,3,2,1,24,50,7
3863196,0,943,0,40,2,2,2,1,15,47,7
3808360,0,943,0,40,3,15,2,1,79,38,7
3819682,0,943,0,40,3,11,2,1,65,48,7
3823924,0,943,0,40,3,11,2,1,61,66,7
3832968,1,943,902,40,2,6,2,1,42,49,7
3855579,0,943,0,40,2,3,2,1,19,14,7
3810166,0,943,0,40,2,12,2,1,88,32,7
3851738,0,943,0,40,2,5,2,1,22,34,7
3829815,0,943,0,40,3,6,2,1,58,41,7
3858505,0,943,0,40,3,3,2,1,19,45,7
3856844,0,943,0,40,2,2,2,1,29,28,7
3824009,1,943,909,40,3,9,2,1,62,23,7
3866749,0,943,0,40,3,1,2,1,11,53,7
3868634,0,943,0,40,3,1,2,1,11,23,7
3868754,0,943,0,40,3,1,2,1,11,21,7
3821153,1,943,931,34.7492,2,5,2,1,83,37,7
3851378,0,943,0,40,2,2,2,1,36,25,7
3836584,1,943,900,40,2,5,2,1,49,39,7
3857358,0,943,0,40,3,2,2,1,28,27,7
3813643,0,943,0,40,2,10,2,1,76,31,7
3803856,0,943,0,40,3,10,2,1,68,25,7
3855460,0,943,0,40,2,2,2,1,30,41,7
3828765,0,943,0,40,3,6,2,1,50,60,7
3843019,0,943,0,40,2,4,2,1,42,24,7
3853592,0,943,0,40,2,3,2,1,31,45,7
3805373,0,943,0,40,3,12,2,1,70,61,7
3861554,0,943,0,40,2,1,2,1,25,46,7
3856870,0,943,0,40,3,2,2,1,26,20,7
3804975,0,943,0,40,3,7,2,1,88,37,7
3831665,0,943,0,40,2,7,2,1,56,63,7
3862072,0,943,0,40,2,1,2,1,24,39,7
3849258,0,943,0,40,3,5,2,1,33,29,7
3835726,0,943,0,40,2,6,2,1,50,41,7
3860401,0,943,0,40,2,2,2,1,24,43,7
3858485,0,943,0,40,2,2,2,1,27,22,7
3855106,0,943,0,40,3,2,2,1,26,8,7
3846770,1,943,903,40,2,4,2,1,36,47,7
3857511,0,943,0,40,3,2,2,1,26,14,7
3832336,0,943,0,40,3,6,2,1,59,38,7
3810272,0,943,0,40,3,11,2,1,95,48,7
3853122,0,943,0,40,2,2,2,1,32,25,7
3830290,0,943,0,40,2,6,2,1,52,51,7
3841536,0,943,0,40,2,4,2,1,38,48,7
3826017,0,943,0,40,3,9,2,1,54,57,7
3810467,0,943,0,40,3,15,2,1,92,36,7
3847660,0,943,0,40,2,4,2,1,41,83,7
3863334,0,943,0,40,2,2,2,1,20,31,7
3819475,0,943,0,40,3,10,2,1,61,71,7
3865422,0,943,0,40,2,1,2,1,18,71,7
3861918,0,943,0,40,3,2,2,1,21,61,7
3814084,0,943,0,40,3,8,2,1,93,43,7
3804549,1,943,921,39.7637,2,9,2,1,57,73,7
3849890,0,943,0,40,2,3,2,1,38,39,7
3865868,0,943,0,40,3,1,2,1,16,46,7
3865912,0,943,0,40,3,1,2,1,16,92,7
3866196,0,943,0,40,3,1,2,1,16,19,7
3833033,0,943,0,40,2,7,2,1,49,51,7
3717170,0,943,0,40,3,29,2,1,227,41,7
3830395,1,943,914,29.1764,3,8,2,1,50,29,7
3844705,0,943,0,40,3,4,2,1,45,85,7
3859775,0,943,0,40,2,3,2,1,19,31,7
3866563,0,943,0,40,3,1,2,1,15,44,7
3866904,0,943,0,40,2,1,2,1,15,46,7
3843146,0,943,0,40,2,4,2,1,47,49,7
3833663,0,943,0,40,3,6,2,1,54,86,7
3812638,0,943,0,40,2,12,2,1,76,49,7
3826544,0,943,0,40,2,9,2,1,59,61,7
3862970,0,943,0,40,2,3,2,1,17,24,7
3867816,0,943,0,40,2,1,2,1,14,56,7
3823880,0,943,0,40,3,5,2,1,80,19,7
3847829,0,943,0,40,3,6,2,1,33,41,7
3846756,0,943,0,40,2,6,2,1,34,65,7
3826577,1,943,931,37.0733,2,7,2,1,61,65,7
3864601,0,943,0,40,2,2,2,1,15,25,7
3856738,0,943,0,40,3,5,2,1,25,40,7
3841885,0,943,0,40,2,7,2,1,29,62,7
3866977,0,943,0,40,3,1,2,1,13,47,7
3867527,0,943,0,40,3,1,2,1,13,46,7
3868391,0,943,0,40,3,1,2,1,13,51,7
3868591,0,943,0,40,3,1,2,1,13,14,7
3852420,0,943,0,40,2,4,2,1,23,17,7
3846499,0,943,0,40,2,6,2,1,21,49,7
3850873,0,943,0,40,3,3,2,1,30,79,7
3829493,1,943,916,32.3694,3,8,2,1,46,60,7
3847954,0,943,0,40,2,4,2,1,35,32,7
3843206,0,943,0,40,2,7,2,1,37,32,7
3844187,0,943,0,40,3,6,2,1,33,40,7
3861573,0,943,0,40,3,2,2,1,18,36,7
3865530,0,943,0,40,3,2,2,1,15,42,7
3859459,0,943,0,40,3,4,2,1,19,20,7
3850446,0,943,0,40,3,6,2,1,24,28,7
3849609,0,943,0,40,3,5,2,1,26,22,7
3857633,0,943,0,40,3,4,2,1,20,83,7
3866170,1,943,931,20.5519,3,1,2,1,12,86,7
3868934,0,943,0,40,3,1,2,1,12,64,7
3858646,0,943,0,40,2,2,2,1,22,57,7
3850509,0,943,0,40,2,5,2,1,24,39,7
3816239,0,943,0,40,3,15,2,1,59,35,7
3855930,0,943,0,40,2,4,2,1,20,27,7
3847164,0,943,0,40,2,5,2,1,35,37,7
3863979,0,943,0,40,3,2,2,1,14,69,7
3859597,0,943,0,40,2,2,2,1,20,29,7
3859281,0,943,0,40,3,3,2,1,21,86,7
3837089,0,943,0,40,2,7,2,1,42,38,7
3830437,0,943,0,40,2,6,2,1,65,32,7
3826114,0,943,0,40,2,10,2,1,56,82,7
3856543,0,943,0,40,3,4,2,1,17,53,7
3828357,0,943,0,40,3,10,2,1,51,7,7
3853546,0,943,0,40,3,3,2,1,27,48,7
3845319,0,943,0,40,3,7,2,1,27,37,7
3844989,0,943,0,40,2,4,2,1,34,49,7
3843120,0,943,0,40,2,7,2,1,30,60,7
3832395,0,943,0,40,3,6,2,1,63,30,7
3857281,0,943,0,40,2,5,2,1,21,35,7
3868975,0,943,0,40,3,1,2,1,11,52,7
3869250,0,943,0,40,3,1,2,1,11,29,7
3869486,0,943,0,40,2,1,2,1,11,61,7
3852589,0,943,0,40,2,1,2,1,35,59,7
3830605,0,943,0,40,3,6,2,1,57,77,7
3854078,0,943,0,40,2,2,2,1,35,32,7
3856816,0,943,0,40,2,2,2,1,29,48,7
3860195,0,943,0,40,3,1,2,1,28,33,7
3803873,0,943,0,40,3,11,2,1,75,26,7
3861284,0,943,0,40,2,1,2,1,26,52,7
3852398,0,943,0,40,3,3,2,1,32,31,7
3831635,0,943,0,40,3,6,2,1,50,42,7
3818167,0,943,0,40,3,11,2,1,83,86,7
3829471,0,943,0,40,3,7,2,1,74,32,7
3829604,0,943,0,40,3,7,2,1,60,79,7
3863061,0,943,0,40,2,1,2,1,21,49,7
3814674,0,943,0,40,3,8,2,1,85,34,7
3855321,0,943,0,40,2,2,2,1,21,30,7
3856977,0,943,0,40,2,3,2,1,26,34,7
3829529,0,943,0,40,3,6,2,1,55,38,7
3864985,0,943,0,40,2,1,2,1,19,40,7
3811718,0,943,0,40,2,13,2,1,88,54,7
3837865,0,943,0,40,3,3,2,1,46,56,7
3842026,0,943,0,40,2,4,2,1,48,23,7
3834800,0,943,0,40,2,6,2,1,53,42,7
3835540,0,943,0,40,2,7,2,1,46,37,7
3854814,0,943,0,40,2,3,2,1,22,31,7
3842955,0,943,0,40,3,5,2,1,44,33,7
3865772,0,943,0,40,2,1,2,1,17,32,7
3865960,0,943,0,40,3,1,2,1,17,63,7
3849977,0,943,0,40,3,3,2,1,34,63,7
3836058,0,943,0,40,3,5,2,1,46,17,7
3852356,0,943,0,40,2,5,2,1,28,15,7
3860793,0,943,0,40,2,2,2,1,21,13,7
3856952,0,943,0,40,2,3,2,1,22,24,7
3817920,0,943,0,40,3,8,2,1,84,41,7
3866174,0,943,0,40,2,1,2,1,16,20,7
3813698,0,943,0,40,3,11,2,1,66,62,7
3840555,0,943,0,40,3,5,2,1,41,58,7
3862099,0,943,0,40,3,2,2,1,17,25,7
3855866,1,943,915,32.3339,3,3,2,1,25,34,7
3853497,0,943,0,40,3,4,2,1,33,23,7
3864877,0,943,0,40,2,2,2,1,16,60,7
3799998,0,943,0,40,2,13,2,1,57,37,7
3866505,0,943,0,40,2,1,2,1,15,42,7
3866673,0,943,0,40,3,1,2,1,15,67,7
3867628,0,943,0,40,2,1,2,1,15,87,7
3867978,0,943,0,40,2,1,2,1,15,19,7
3845183,0,943,0,40,2,4,2,1,32,42,7
3860744,0,943,0,40,2,2,2,1,20,22,7
3840658,0,943,0,40,2,5,2,1,43,20,7
3811055,0,943,0,40,2,11,2,1,95,45,7
3836640,0,943,0,40,3,7,2,1,34,44,7
3861479,0,943,0,40,3,3,2,1,18,44,7
3801782,0,943,0,40,3,11,2,1,94,46,7
3840096,0,943,0,40,2,6,2,1,48,39,7
3817231,0,943,0,40,3,11,2,1,80,53,7
3868045,0,943,0,40,2,1,2,1,14,32,7
3868535,0,943,0,40,2,1,2,1,14,38,7
3813355,0,943,0,40,3,9,2,1,88,103,7
3799392,0,943,0,40,2,13,2,1,58,37,7
3809683,0,943,0,40,2,12,2,1,105,93,7
3846955,0,943,0,40,3,5,2,1,33,46,7
3850388,0,943,0,40,3,6,2,1,23,68,7
3855551,0,943,0,40,3,4,2,1,28,33,7
3855140,0,943,0,40,2,6,2,1,20,80,7
3858947,0,943,0,40,3,4,2,1,22,15,7
3858140,0,943,0,40,2,4,2,1,18,59,7
3862012,0,943,0,40,2,3,2,1,17,27,7
3864271,0,943,0,40,2,3,2,1,16,41,7
3866349,0,943,0,40,3,1,2,1,13,61,7
3867769,0,943,0,40,3,1,2,1,13,16,7
3868904,0,943,0,40,2,1,2,1,13,42,7
3854852,0,943,0,40,2,2,2,1,25,61,7
3839489,0,943,0,40,3,7,2,1,34,21,7
3849056,0,943,0,40,3,4,2,1,32,27,7
3833922,0,943,0,40,3,7,2,1,45,39,7
3862431,0,943,0,40,3,2,2,1,17,76,7
3818189,0,943,0,40,3,10,2,1,64,23,7
3864114,0,943,0,40,3,2,2,1,17,36,7
3844466,0,943,0,40,3,8,2,1,31,37,7
3827102,0,943,0,40,3,11,2,1,48,31,7
3866715,0,943,0,40,3,3,2,1,14,59,7
3868915,0,943,0,40,2,1,2,1,12,32,7
3869360,0,943,0,40,3,1,2,1,12,56,7
3869450,0,943,0,40,2,1,2,1,12,68,7
3821154,0,943,0,40,3,8,2,1,58,28,7
3860775,0,943,0,40,3,2,2,1,15,29,7
3849916,0,943,0,40,2,5,2,1,21,36,7
3856561,0,943,0,40,2,2,2,1,27,45,7
3860478,0,943,0,40,2,2,2,1,19,68,7
3829108,0,943,0,40,3,6,2,1,63,40,7
3805477,0,943,0,40,3,12,2,1,90,36,7
3854702,0,943,0,40,2,4,2,1,23,101,7
3859381,0,943,0,40,2,3,2,1,17,19,7
3847403,0,943,0,40,2,4,2,1,40,57,7
3806909,0,943,0,40,2,12,2,1,71,76,7
3833129,0,943,0,40,2,7,2,1,47,33,7
3864516,0,943,0,40,3,3,2,1,15,74,7
3867792,0,943,0,40,3,2,2,1,12,35,7
3826773,0,943,0,40,2,12,2,1,54,52,7
3828774,0,943,0,40,3,12,2,1,43,73,7
3863535,0,943,0,40,3,3,2,1,15,68,7
3868937,0,943,0,40,2,1,2,1,11,50,7
3869892,0,943,0,40,2,1,2,1,11,30,7
3850770,1,943,933,40,2,4,2,1,36,41,7
3811213,0,943,0,40,3,7,2,1,106,38,7
3825182,0,943,0,40,2,11,2,1,49,45,7
3860844,0,943,0,40,3,2,2,1,23,21,7
3823944,0,943,0,40,3,9,2,1,65,29,7
3864009,0,943,0,40,3,1,2,1,22,50,7
3825982,0,943,0,40,2,6,2,1,57,28,7
3839688,0,943,0,40,3,6,2,1,52,60,7
3864598,0,943,0,40,3,1,2,1,21,28,7
3817630,0,943,0,40,2,9,2,1,71,33,7
3859124,0,943,0,40,3,2,2,1,26,22,7
3805911,0,943,0,40,3,12,2,1,93,50,7
3856909,0,943,0,40,2,3,2,1,27,17,7
3832396,0,943,0,40,3,7,2,1,54,69,7
3865708,0,943,0,40,2,1,2,1,18,105,7
3830544,0,943,0,40,2,9,2,1,47,56,7
3813492,0,943,0,40,3,8,2,1,93,33,7
3820500,0,943,0,40,3,9,2,1,70,22,7
3808541,0,943,0,40,3,11,2,1,65,61,7
3836102,0,943,0,40,2,7,2,1,44,28,7
3860436,0,943,0,40,3,3,2,1,20,57,7
3832847,0,943,0,40,3,7,2,1,48,34,7
3830347,0,943,0,40,3,8,2,1,55,84,7
3867940,0,943,0,40,3,1,2,1,16,46,7
3839615,0,943,0,40,2,7,2,1,46,24,7
3849685,0,943,0,40,3,6,2,1,31,62,7
3864757,0,943,0,40,3,2,2,1,19,25,7
3867667,0,943,0,40,2,1,2,1,15,39,7
3868437,0,943,0,40,3,1,2,1,15,45,7
3861561,0,943,0,40,2,2,2,1,17,46,7
3820904,0,943,0,40,2,11,2,1,60,79,7
3848295,0,943,0,40,3,5,2,1,30,60,7
3861673,0,943,0,40,3,2,2,1,21,45,7
3844096,0,943,0,40,3,5,2,1,35,27,7
3859512,0,943,0,40,3,3,2,1,21,31,7
3842801,0,943,0,40,3,8,2,1,38,38,7
3847203,0,943,0,40,3,4,2,1,42,54,7
3862312,1,943,923,31.8853,3,4,2,1,17,23,7
3868670,0,943,0,40,2,1,2,1,14,54,7
3823536,0,943,0,40,3,8,2,1,59,51,7
3804822,0,943,0,40,2,6,2,1,76,32,7
3858782,0,943,0,40,3,3,2,1,24,28,7
3856132,0,943,0,40,3,3,2,1,28,34,7
3858432,0,943,0,40,3,3,2,1,22,21,7
3801897,0,943,0,40,3,14,2,1,52,58,7
3861957,0,943,0,40,2,3,2,1,15,73,7
3816134,0,943,0,40,2,9,2,1,85,20,7
3852984,0,943,0,40,3,5,2,1,24,57,7
3868987,0,943,0,40,3,1,2,1,13,34,7
3869352,0,943,0,40,3,1,2,1,13,45,7
3847432,0,943,0,40,2,5,2,1,25,33,7
3840445,0,943,0,40,2,6,2,1,35,26,7
3838359,0,943,0,40,3,7,2,1,40,54,7
3842696,0,943,0,40,3,7,2,1,32,39,7
3806183,1,943,933,22.5416,3,14,2,1,72,57,7
3864059,0,943,0,40,3,3,2,1,16,78,7
3804194,0,943,0,40,3,13,2,1,69,74,7
3865173,0,943,0,40,3,2,2,1,18,70,7
3866981,0,943,0,40,3,1,2,1,12,57,7
3869509,0,943,0,40,2,1,2,1,12,50,7
3869585,0,943,0,40,3,1,2,1,12,82,7
3869798,0,943,0,40,3,1,2,1,12,21,7
3864552,0,943,0,40,2,2,2,1,13,16,7
3824936,0,943,0,40,3,11,2,1,46,39,7
3864818,0,943,0,40,3,2,2,1,14,114,7
3818480,0,943,0,40,3,14,2,1,55,56,7
3846372,0,943,0,40,3,5,2,1,26,29,7
3856059,0,943,0,40,2,3,2,1,29,26,7
3834949,0,943,0,40,3,7,2,1,43,22,7
3836066,0,943,0,40,2,8,2,1,51,46,7
3859183,0,943,0,40,2,3,2,1,19,49,7
3862848,0,943,0,40,3,3,2,1,19,36,7
3860471,0,943,0,40,2,4,2,1,24,39,7
3855159,0,943,0,40,2,4,2,1,26,60,7
3813543,0,943,0,40,3,9,2,1,97,43,7
3868368,0,943,0,40,2,1,2,1,11,126,7
3870087,0,943,0,40,2,1,2,1,11,76,7
3870662,0,943,0,40,3,1,2,1,11,67,7
3838074,0,943,0,40,3,5,2,1,56,27,7
3859793,0,943,0,40,3,3,2,1,24,52,7
3858018,0,943,0,40,2,3,2,1,25,38,7
3839002,0,943,0,40,2,4,2,1,56,79,7
3832213,0,943,0,40,2,6,2,1,52,33,7
3865276,0,943,0,40,3,2,2,1,19,25,7
3842604,0,943,0,40,2,5,2,1,43,62,7
3796913,0,943,0,40,3,14,2,1,94,71,7
3853025,0,943,0,40,2,3,2,1,32,47,7
3845390,0,943,0,40,2,5,2,1,28,20,7
3860567,0,943,0,40,3,2,2,1,19,71,7
3843482,0,943,0,40,2,7,2,1,30,37,7
3835575,0,943,0,40,2,4,2,1,58,50,7
3856026,0,943,0,40,2,3,2,1,27,61,7
3863827,0,943,0,40,3,3,2,1,18,40,7
3868390,0,943,0,40,3,1,2,1,15,38,7
3868816,0,943,0,40,2,1,2,1,15,43,7
3869164,0,943,0,40,3,1,2,1,15,20,7
3863317,0,943,0,40,2,2,2,1,16,38,7
3864000,0,943,0,40,2,2,2,1,15,44,7
3837693,0,943,0,40,2,5,2,1,46,91,7
3847296,0,943,0,40,3,7,2,1,28,55,7
3838682,0,943,0,40,3,8,2,1,37,24,7
3860554,0,943,0,40,3,3,2,1,18,70,7
3866235,0,943,0,40,2,2,2,1,14,33,7
3846154,0,943,0,40,3,4,2,1,36,27,7
3806554,0,943,0,40,2,13,2,1,71,37,7
3869852,0,943,0,40,2,1,2,1,13,42,7
3851256,0,943,0,40,2,4,2,1,33,28,7
3846543,0,943,0,40,2,4,2,1,38,63,7
3867937,0,943,0,40,2,1,2,1,12,58,7
3869439,0,943,0,40,3,1,2,1,12,20,7
3861250,0,943,0,40,2,2,2,1,19,64,7
3851915,1,943,901,40,2,4,2,1,20,60,7
3849402,0,943,0,40,3,3,2,1,40,56,7
3850356,0,943,0,40,3,4,2,1,25,66,7
3847048,0,943,0,40,2,3,2,1,43,22,7
3849136,0,943,0,40,3,5,2,1,29,26,7
3843910,0,943,0,40,3,6,2,1,35,69,7
3868496,0,943,0,40,3,1,2,1,11,45,7
3871278,0,943,0,40,2,1,2,1,11,22,7
3871348,0,943,0,40,2,1,2,1,11,44,7
3842777,0,943,0,40,2,5,2,1,38,17,7
3832612,0,943,0,40,3,7,2,1,58,60,7
3863206,0,943,0,40,3,2,2,1,21,58,7
3846307,0,943,0,40,3,4,2,1,41,59,7
3855374,1,943,935,19.6373,3,3,2,1,32,32,7
3858037,0,943,0,40,3,4,2,1,19,34,7
3822029,0,943,0,40,3,8,2,1,75,95,7
3847347,0,943,0,40,3,5,2,1,37,44,7
3820654,0,943,0,40,2,8,2,1,70,40,7
3860923,0,943,0,40,2,3,2,1,21,58,7
3806338,0,943,0,40,2,16,2,1,110,48,7
3868352,0,943,0,40,3,0,2,1,10,101,7
3868933,0,943,0,40,3,0,2,1,10,73,7
3869275,0,943,0,40,2,0,2,1,10,43,7
3869763,0,943,0,40,3,0,2,1,10,48,7
3869933,0,943,0,40,2,0,2,1,10,65,7
3870277,0,943,0,40,3,0,2,1,10,34,7
3870335,0,943,0,40,2,0,2,1,10,44,7
3870383,0,943,0,40,2,0,2,1,10,30,7
3870479,0,943,0,40,3,0,2,1,10,33,7
3870591,0,943,0,40,2,0,2,1,10,45,7
3870703,0,943,0,40,3,0,2,1,10,22,7
3870735,0,943,0,40,2,0,2,1,10,59,7
3870847,0,943,0,40,3,0,2,1,10,71,7
3870879,0,943,0,40,2,0,2,1,10,18,7
3870945,0,943,0,40,3,0,2,1,10,32,7
3870953,0,943,0,40,3,0,2,1,10,17,7
3870977,0,943,0,40,3,0,2,1,10,48,7
3871001,0,943,0,40,2,0,2,1,10,46,7
3871049,0,943,0,40,3,0,2,1,10,44,7
3871089,0,943,0,40,2,0,2,1,10,45,7
3871105,0,943,0,40,2,0,2,1,10,47,7
3871185,0,943,0,40,2,0,2,1,10,18,7
3871217,0,943,0,40,3,0,2,1,10,52,7
3871249,0,943,0,40,3,0,2,1,10,51,7
3871265,0,943,0,40,2,0,2,1,10,54,7
3871305,0,943,0,40,3,0,2,1,10,57,7
3871337,0,943,0,40,3,0,2,1,10,46,7
3871345,0,943,0,40,3,0,2,1,10,48,7
3871369,0,943,0,40,3,0,2,1,10,29,7
3871393,0,943,0,40,2,0,2,1,10,38,7
3871457,0,943,0,40,2,0,2,1,10,62,7
3871465,0,943,0,40,3,0,2,1,10,37,7
3871494,0,943,0,40,2,0,2,1,10,51,7
3871502,0,943,0,40,2,0,2,1,10,22,7
3871542,0,943,0,40,2,0,2,1,10,42,7
3871546,0,943,0,40,3,0,2,1,10,43,7
3871570,0,943,0,40,3,0,2,1,10,38,7
3871582,0,943,0,40,2,0,2,1,10,44,7
3871594,0,943,0,40,2,0,2,1,10,44,7
3871610,0,943,0,40,3,0,2,1,10,11,7
3871638,0,943,0,40,3,0,2,1,10,35,7
3871642,0,943,0,40,3,0,2,1,10,106,7
3871662,0,943,0,40,3,0,2,1,10,50,7
3871710,0,943,0,40,2,0,2,1,10,94,7
3871718,0,943,0,40,2,0,2,1,10,48,7
3871726,0,943,0,40,2,0,2,1,10,46,7
3871734,0,943,0,40,2,0,2,1,10,29,7
3871738,0,943,0,40,3,0,2,1,10,96,7
3871758,0,943,0,40,2,0,2,1,10,16,7
3871762,0,943,0,40,3,0,2,1,10,72,7
3871774,0,943,0,40,2,0,2,1,10,34,7
3871782,0,943,0,40,2,0,2,1,10,34,7
3871794,0,943,0,40,2,0,2,1,10,37,7
3871806,0,943,0,40,2,0,2,1,10,70,7
3871810,0,943,0,40,3,0,2,1,10,50,7
3871842,0,943,0,40,2,0,2,1,10,46,7
3871862,0,943,0,40,3,0,2,1,10,54,7
3871866,0,943,0,40,2,0,2,1,10,38,7
3871894,0,943,0,40,2,0,2,1,10,46,7
3871918,0,943,0,40,2,0,2,1,10,22,7
3871958,0,943,0,40,3,0,2,1,10,15,7
3871986,0,943,0,40,2,0,2,1,10,26,7
3872006,0,943,0,40,3,0,2,1,10,69,7
3872026,0,943,0,40,3,0,2,1,10,25,7
3872044,0,943,0,40,3,0,2,1,10,18,7
3872064,0,943,0,40,3,0,2,1,10,78,7
3872088,0,943,0,40,3,0,2,1,10,46,7
3872116,0,943,0,40,3,0,2,1,10,26,7
3872130,0,943,0,40,3,0,2,1,10,63,7
3872136,0,943,0,40,3,0,2,1,10,60,7
3872148,0,943,0,40,2,0,2,1,10,33,7
3872150,0,943,0,40,3,0,2,1,10,43,7
3872152,0,943,0,40,3,0,2,1,10,25,7
3872160,0,943,0,40,2,0,2,1,10,24,7
3872162,0,943,0,40,3,0,2,1,10,31,7
3872166,0,943,0,40,2,0,2,1,10,89,7
3872170,0,943,0,40,3,0,2,1,10,43,7
3872178,0,943,0,40,2,0,2,1,10,44,7
3872180,0,943,0,40,3,0,2,1,10,27,7
3872184,0,943,0,40,3,0,2,1,10,56,7
3872188,0,943,0,40,2,0,2,1,10,20,7
3872198,0,943,0,40,3,0,2,1,10,37,7
3872200,0,943,0,40,3,0,2,1,10,40,7
3872210,0,943,0,40,2,0,2,1,10,67,7
3872214,0,943,0,40,2,0,2,1,10,22,7
3872228,0,943,0,40,2,0,2,1,10,18,7
3872238,0,943,0,40,2,0,2,1,10,43,7
3872248,0,943,0,40,2,0,2,1,10,37,7
3872260,0,943,0,40,2,0,2,1,10,54,7
3872262,0,943,0,40,2,0,2,1,10,73,7
3872264,0,943,0,40,3,0,2,1,10,36,7
3872276,0,943,0,40,2,0,2,1,10,72,7
3872278,0,943,0,40,3,0,2,1,10,61,7
3872284,0,943,0,40,2,0,2,1,10,9,7
3872290,0,943,0,40,3,0,2,1,10,53,7
3872292,0,943,0,40,2,0,2,1,10,80,7
3872298,0,943,0,40,2,0,2,1,10,46,7
3872324,0,943,0,40,3,0,2,1,10,57,7
3872330,0,943,0,40,2,0,2,1,10,51,7
3872336,0,943,0,40,3,0,2,1,10,54,7
3872338,0,943,0,40,2,0,2,1,10,58,7
3872340,0,943,0,40,3,0,2,1,10,75,7
3872342,0,943,0,40,2,0,2,1,10,48,7
3872350,0,943,0,40,2,0,2,1,10,41,7
3872358,0,943,0,40,3,0,2,1,10,43,7
3872360,0,943,0,40,2,0,2,1,10,22,7
3872364,0,943,0,40,2,0,2,1,10,65,7
3872368,0,943,0,40,2,0,2,1,10,23,7
3872378,0,943,0,40,3,0,2,1,10,25,7
3872382,0,943,0,40,3,0,2,1,10,32,7
3872386,0,943,0,40,2,0,2,1,10,51,7
3872400,0,943,0,40,3,0,2,1,10,48,7
3872402,0,943,0,40,2,0,2,1,10,35,7
3872416,0,943,0,40,3,0,2,1,10,47,7
3872434,0,943,0,40,3,0,2,1,10,22,7
3872436,0,943,0,40,3,0,2,1,10,27,7
3872438,0,943,0,40,2,0,2,1,10,49,7
3872448,0,943,0,40,3,0,2,1,10,26,7
3872452,0,943,0,40,3,0,2,1,10,30,7
3872472,0,943,0,40,3,0,2,1,10,30,7
3872474,0,943,0,40,2,0,2,1,10,32,7
3872482,0,943,0,40,3,0,2,1,10,21,7
3872490,0,943,0,40,3,0,2,1,10,48,7
3872502,0,943,0,40,2,0,2,1,10,54,7
3872514,0,943,0,40,3,0,2,1,10,37,7
3872528,0,943,0,40,3,0,2,1,10,58,7
3872538,0,943,0,40,2,0,2,1,10,51,7
3872552,0,943,0,40,2,0,2,1,10,29,7
3872560,0,943,0,40,3,0,2,1,10,17,7
3872562,0,943,0,40,2,0,2,1,10,14,7
3872576,0,943,0,40,3,0,2,1,10,75,7
3872580,0,943,0,40,2,0,2,1,10,29,7
3872584,0,943,0,40,3,0,2,1,10,43,7
3872586,0,943,0,40,2,0,2,1,10,20,7
3872600,0,943,0,40,2,0,2,1,10,22,7
3872602,0,943,0,40,2,0,2,1,10,14,7
3872604,0,943,0,40,3,0,2,1,10,36,7
3872610,0,943,0,40,3,0,2,1,10,37,7
3872612,0,943,0,40,3,0,2,1,10,73,7
3872614,0,943,0,40,2,0,2,1,10,31,7
3858230,0,943,0,40,2,2,2,1,14,62,7
3859509,0,943,0,40,2,1,2,1,14,53,7
3850632,0,943,0,40,2,3,2,1,25,39,7
3853888,0,943,0,40,2,3,2,1,21,48,7
3810145,0,943,0,40,3,9,2,1,93,55,7
3827588,1,943,909,40,2,10,2,1,43,24,7
3851205,0,943,0,40,3,3,2,1,28,21,7
3844327,0,943,0,40,2,4,2,1,38,31,7
3806617,0,943,0,40,3,3,2,1,73,33,7
3853733,0,943,0,40,2,2,2,1,27,33,7
3844634,0,943,0,40,2,5,2,1,37,29,7
3809532,0,943,0,40,2,12,2,1,96,40,7
3862413,0,943,0,40,3,1,2,1,16,31,7
3857104,0,943,0,40,2,2,2,1,18,57,7
3802105,0,943,0,40,3,10,2,1,38,43,7
3826231,0,943,0,40,3,7,2,1,56,62,7
3834042,1,943,907,40,2,6,2,1,41,46,7
3864617,0,943,0,40,3,1,2,1,12,19,7
3826766,0,943,0,40,2,8,2,1,42,21,7
3850183,0,943,0,40,3,4,2,1,21,49,7
3831366,0,943,0,40,3,6,2,1,48,57,7
3840597,0,943,0,40,2,4,2,1,48,61,7
3838693,1,943,900,40,2,5,2,1,41,28,7
3802890,0,943,0,40,3,12,2,1,79,23,7
3845025,0,943,0,40,3,4,2,1,31,50,7
3857265,0,943,0,40,2,2,2,1,21,46,7
3839076,0,943,0,40,3,6,2,1,42,54,7
3844910,0,943,0,40,2,4,2,1,35,34,7
3855698,0,943,0,40,2,3,2,1,22,52,7
3842473,0,943,0,40,3,5,2,1,36,20,7
3853580,0,943,0,40,2,3,2,1,19,38,7
3865578,0,943,0,40,2,1,2,1,13,21,7
3856571,0,943,0,40,2,3,2,1,22,40,7
3843980,0,943,0,40,2,6,2,1,29,65,7
3865833,0,943,0,40,3,1,2,1,12,35,7
3834451,0,943,0,40,2,6,2,1,41,37,7
3850129,0,943,0,40,3,4,2,1,22,115,7
3848966,0,943,0,40,3,3,2,1,30,64,7
3840094,0,943,0,40,2,6,2,1,42,51,7
3837454,0,943,0,40,2,6,2,1,41,65,7
3866519,0,943,0,40,2,1,2,1,10,61,7
3826099,0,943,0,40,2,8,2,1,37,34,7
3846844,0,943,0,40,3,3,2,1,34,98,7
3834934,0,943,0,40,3,7,2,1,51,31,7
3845883,0,943,0,40,3,5,2,1,28,40,7
3841079,0,943,0,40,3,5,2,1,39,20,7
3841456,0,943,0,40,2,3,2,1,48,26,7
3858353,0,943,0,40,3,2,2,1,19,56,7
3800838,0,943,0,40,2,14,2,1,81,27,7
3864125,0,943,0,40,2,1,2,1,16,27,7
3814987,1,943,915,40,2,11,2,1,65,39,7
3860710,0,943,0,40,3,2,2,1,17,32,7
3806703,0,943,0,40,3,12,2,1,61,45,7
3805688,0,943,0,40,2,13,2,1,81,53,7
3823413,0,943,0,40,2,8,2,1,60,57,7
3841553,0,943,0,40,3,8,2,1,30,39,7
3847923,0,943,0,40,2,3,2,1,31,32,7
3810047,0,943,0,40,2,10,2,1,90,21,7
3829825,0,943,0,40,3,7,2,1,50,53,7
3825497,0,943,0,40,2,6,2,1,73,71,7
3862343,0,943,0,40,3,2,2,1,15,59,7
3808287,0,943,0,40,3,16,2,1,79,44,7
3859829,0,943,0,40,2,2,2,1,13,32,7
3841651,0,943,0,40,3,5,2,1,42,34,7
3834577,0,943,0,40,2,5,2,1,41,41,7
3838441,1,943,910,35.4393,3,7,2,1,32,21,7
3836668,0,943,0,40,2,6,2,1,36,63,7
3858040,0,943,0,40,2,3,2,1,17,35,7
3806791,0,943,0,40,2,14,2,1,94,15,7
3830368,0,943,0,40,2,8,2,1,46,68,7
3866699,0,943,0,40,2,1,2,1,11,51,7
3850976,0,943,0,40,3,4,2,1,24,78,7
3861196,0,943,0,40,2,2,2,1,16,60,7
3839477,0,943,0,40,3,4,2,1,47,39,7
3857385,0,943,0,40,2,3,2,1,18,57,7
3813899,0,943,0,40,3,12,2,1,71,49,7
3844854,0,943,0,40,2,5,2,1,38,13,7
3848689,0,943,0,40,2,3,2,1,32,30,7
3831151,0,943,0,40,2,7,2,1,61,59,7
3853714,0,943,0,40,3,2,2,1,24,46,7
3856072,0,943,0,40,2,3,2,1,25,11,7
3816037,0,943,0,40,2,12,2,1,75,39,7
3834787,0,943,0,40,2,4,2,1,49,37,7
3863024,0,943,0,40,3,1,2,1,19,68,7
3858237,0,943,0,40,2,2,2,1,26,27,7
3864373,0,943,0,40,3,1,2,1,17,22,7
3833966,0,943,0,40,2,8,2,1,31,27,7
3827199,0,943,0,40,2,6,2,1,68,58,7
3863105,0,943,0,40,3,1,2,1,16,86,7
3864810,0,943,0,40,3,1,2,1,16,30,7
3850155,0,943,0,40,2,4,2,1,30,72,7
3865284,0,943,0,40,2,1,2,1,15,45,7
3832555,0,943,0,40,2,6,2,1,50,47,7
3830499,0,943,0,40,2,9,2,1,42,29,7
3861758,0,943,0,40,3,2,2,1,15,36,7
3850872,0,943,0,40,2,3,2,1,32,21,7
3807832,1,943,913,34.7853,3,11,2,1,87,60,7
3861735,0,943,0,40,2,2,2,1,17,33,7
3865839,0,943,0,40,2,1,2,1,14,41,7
3817990,0,943,0,40,2,5,2,1,82,48,7
3856635,0,943,0,40,2,3,2,1,20,78,7
3818696,1,943,901,40,3,10,2,1,58,44,7
3856840,0,943,0,40,2,3,2,1,15,36,7
3865732,0,943,0,40,2,1,2,1,13,51,7
3866156,0,943,0,40,2,1,2,1,13,53,7
3858649,0,943,0,40,3,2,2,1,15,42,7
3828872,0,943,0,40,3,7,2,1,59,57,7
3845648,0,943,0,40,2,6,2,1,30,90,7
3860772,0,943,0,40,2,2,2,1,19,17,7
3856187,0,943,0,40,3,4,2,1,22,30,7
3863985,0,943,0,40,2,2,2,1,13,29,7
3865998,0,943,0,40,2,1,2,1,12,50,7
3854933,0,943,0,40,2,2,2,1,20,62,7
3846680,0,943,0,40,3,5,2,1,30,38,7
3816808,0,943,0,40,3,9,2,1,79,51,7
3819385,0,943,0,40,3,9,2,1,66,92,7
3863116,0,943,0,40,2,3,2,1,13,76,7
3867355,0,943,0,40,2,1,2,1,11,30,7
3843298,0,943,0,40,2,4,2,1,37,63,7
3833853,0,943,0,40,2,8,2,1,40,23,7
3853805,0,943,0,40,3,5,2,1,17,50,7
3832650,0,943,0,40,2,6,2,1,45,29,7
3811246,1,943,929,20.2224,3,11,2,1,91,60,7
3866357,0,943,0,40,2,1,2,1,10,40,7
3812873,1,943,900,40,2,10,2,1,87,22,7
3840046,0,943,0,40,2,5,2,1,42,27,7
3829277,0,943,0,40,3,6,2,1,56,41,7
3858981,0,943,0,40,2,1,2,1,26,39,7
3849772,0,943,0,40,3,2,2,1,37,28,7
3849844,0,943,0,40,3,4,2,1,38,10,7
3860477,0,943,0,40,3,1,2,1,25,36,7
3816594,0,943,0,40,3,10,2,1,83,24,7
3821274,0,943,0,40,3,7,2,1,69,66,7
3832247,0,943,0,40,2,7,2,1,49,20,7
3851097,0,943,0,40,3,3,2,1,33,74,7
3780274,0,943,0,40,3,12,2,1,108,85,7
3858297,0,943,0,40,3,2,2,1,23,23,7
3863128,0,943,0,40,3,1,2,1,20,31,7
3856837,0,943,0,40,2,3,2,1,23,33,7
3831299,0,943,0,40,3,6,2,1,50,68,7
3832735,0,943,0,40,2,4,2,1,63,22,7
3840624,0,943,0,40,3,5,2,1,36,57,7
3853908,0,943,0,40,3,3,2,1,31,16,7
3815002,0,943,0,40,2,11,2,1,81,78,7
3863153,0,943,0,40,2,1,2,1,17,67,7
3806782,0,943,0,40,2,11,2,1,80,15,7
3845252,0,943,0,40,3,5,2,1,34,53,7
3826189,0,943,0,40,3,10,2,1,62,63,7
3827543,0,943,0,40,2,10,2,1,45,80,7
3863812,0,943,0,40,3,1,2,1,16,57,7
3858689,0,943,0,40,3,2,2,1,21,86,7
3855396,0,943,0,40,2,3,2,1,26,41,7
3824277,0,943,0,40,3,7,2,1,62,39,7
3853094,0,943,0,40,3,4,2,1,20,70,7
3825176,0,943,0,40,2,9,2,1,55,55,7
3823932,0,943,0,40,3,8,2,1,64,60,7
3856721,1,943,911,40,2,3,2,1,18,38,7
3860412,0,943,0,40,2,3,2,1,18,34,7
3840940,0,943,0,40,2,4,2,1,39,25,7
3829077,0,943,0,40,2,9,2,1,43,25,7
3865752,0,943,0,40,3,1,2,1,14,18,7
3866668,0,943,0,40,3,1,2,1,14,78,7
3850030,0,943,0,40,2,4,2,1,29,29,7
3834393,0,943,0,40,2,7,2,1,40,43,7
3861756,0,943,0,40,3,2,2,1,17,25,7
3853278,0,943,0,40,2,3,2,1,23,33,7
3851436,0,943,0,40,3,4,2,1,27,71,7
3849464,0,943,0,40,3,5,2,1,26,73,7
3861113,0,943,0,40,2,3,2,1,16,31,7
3856457,0,943,0,40,3,2,2,1,28,39,7
3866959,0,943,0,40,2,1,2,1,12,43,7
3802513,0,943,0,40,2,6,2,1,35,14,7
3849506,0,943,0,40,3,4,2,1,26,62,7
3861438,0,943,0,40,3,2,2,1,16,61,7
3846808,0,943,0,40,2,4,2,1,32,36,7
3841168,0,943,0,40,3,5,2,1,43,42,7
3850271,0,943,0,40,3,5,2,1,26,83,7
3862570,0,943,0,40,2,2,2,1,18,27,7
3848551,0,943,0,40,3,5,2,1,29,31,7
3855877,0,943,0,40,3,3,2,1,20,16,7
3866469,0,943,0,40,2,1,2,1,11,57,7
3867097,0,943,0,40,3,1,2,1,11,54,7
3835790,0,943,0,40,3,7,2,1,37,34,7
3847179,0,943,0,40,2,4,2,1,31,19,7
3843868,0,943,0,40,3,3,2,1,41,34,7
3836296,0,943,0,40,2,6,2,1,43,36,7
3816161,0,943,0,40,2,15,2,1,60,46,7
3841110,0,943,0,40,3,5,2,1,40,31,7
3807941,0,943,0,40,3,9,2,1,85,26,7
3848226,0,943,0,40,2,4,2,1,37,10,7
3838557,0,943,0,40,3,7,2,1,37,49,7
3839853,0,943,0,40,2,7,2,1,38,34,7
3867593,0,943,0,40,3,1,2,1,10,59,7
3868358,0,943,0,40,2,1,2,1,10,41,7
3868658,0,943,0,40,2,1,2,1,10,87,7
3824021,0,943,0,40,3,7,2,1,61,46,7
3815806,0,943,0,40,2,12,2,1,84,88,7
3853427,0,943,0,40,3,2,2,1,33,96,7
3833904,0,943,0,40,2,5,2,1,59,37,7
3847136,0,943,0,40,2,3,2,1,42,60,7
3856321,0,943,0,40,2,2,2,1,29,26,7
3861112,0,943,0,40,2,1,2,1,25,43,7
3838135,0,943,0,40,3,5,2,1,51,32,7
3853722,0,943,0,40,3,2,2,1,30,24,7
3817138,0,943,0,40,2,9,2,1,68,33,7
3843215,0,943,0,40,3,4,2,1,43,27,7
3852828,0,943,0,40,2,4,2,1,32,41,7
3841081,0,943,0,40,3,5,2,1,46,47,7
3862034,0,943,0,40,2,2,2,1,21,38,7
3859596,0,943,0,40,3,2,2,1,22,48,7
3853108,0,943,0,40,3,2,2,1,33,73,7
3864183,0,943,0,40,3,1,2,1,19,28,7
3829481,0,943,0,40,3,5,2,1,61,24,7
3859227,0,943,0,40,3,2,2,1,20,48,7
3836164,0,943,0,40,3,5,2,1,55,41,7
3859714,0,943,0,40,3,2,2,1,23,15,7
3811207,0,943,0,40,3,14,2,1,68,37,7
3840146,0,943,0,40,3,5,2,1,50,48,7
3854310,0,943,0,40,2,2,2,1,27,49,7
3825835,0,943,0,40,3,8,2,1,52,32,7
3851783,0,943,0,40,3,2,2,1,33,56,7
3852413,0,943,0,40,2,3,2,1,32,72,7
3844061,0,943,0,40,2,5,2,1,35,81,7
3834361,0,943,0,40,2,5,2,1,53,48,7
3864709,0,943,0,40,2,1,2,1,17,75,7
3865492,0,943,0,40,3,1,2,1,17,100,7
3861939,0,943,0,40,3,2,2,1,18,59,7
3849403,0,943,0,40,2,5,2,1,27,68,7
3864995,0,943,0,40,2,1,2,1,16,34,7
3859264,0,943,0,40,3,2,2,1,18,41,7
3797318,0,943,0,40,2,6,2,1,88,131,7
3831462,0,943,0,40,2,8,2,1,51,25,7
3851123,0,943,0,40,3,3,2,1,29,43,7
3852193,0,943,0,40,3,4,2,1,26,24,7
3860321,0,943,0,40,3,3,2,1,19,23,7
3818578,0,943,0,40,3,12,2,1,68,31,7
3866068,0,943,0,40,3,1,2,1,15,45,7
3836864,0,943,0,40,2,6,2,1,38,47,7
3839580,0,943,0,40,3,5,2,1,38,29,7
3844280,0,943,0,40,2,6,2,1,31,41,7
3857804,0,943,0,40,3,3,2,1,18,50,7
3812500,0,943,0,40,2,9,2,1,94,60,7
3848625,0,943,0,40,2,6,2,1,23,62,7
3840230,0,943,0,40,2,5,2,1,45,27,7
3866383,0,943,0,40,3,1,2,1,14,57,7
3867234,0,943,0,40,3,1,2,1,14,26,7
3867412,0,943,0,40,2,1,2,1,14,88,7
3851181,0,943,0,40,3,3,2,1,28,52,7
3817426,1,943,877,40,2,12,2,1,60,35,7
3847885,0,943,0,40,3,4,2,1,36,46,7
3814332,0,943,0,40,3,10,2,1,79,27,7
3839046,0,943,0,40,3,5,2,1,46,43,7
3805473,0,943,0,40,2,9,2,1,72,74,7
3830994,0,943,0,40,3,6,2,1,56,70,7
3867552,0,943,0,40,2,1,2,1,13,35,7
3842389,0,943,0,40,3,4,2,1,37,67,7
3825477,0,943,0,40,3,9,2,1,50,97,7
3856549,0,943,0,40,3,2,2,1,29,69,7
3862202,0,943,0,40,2,4,2,1,17,1,7
3847220,0,943,0,40,2,6,2,1,23,44,7
3866773,0,943,0,40,3,1,2,1,12,45,7
3867767,0,943,0,40,2,1,2,1,12,59,7
3868109,0,943,0,40,2,1,2,1,12,58,7
3868507,0,943,0,40,3,1,2,1,12,72,7
3857984,0,943,0,40,3,2,2,1,20,64,7
3861886,0,943,0,40,3,2,2,1,17,28,7
3855094,0,943,0,40,2,3,2,1,26,34,7
3824984,0,943,0,40,2,12,2,1,52,24,7
3812395,0,943,0,40,2,11,2,1,69,26,7
3849481,0,943,0,40,2,4,2,1,31,32,7
3841817,0,943,0,40,3,9,2,1,36,16,7
3840559,0,943,0,40,2,4,2,1,41,21,7
3855143,0,943,0,40,3,3,2,1,27,67,7
3852928,0,943,0,40,2,5,2,1,24,76,7
3849750,0,943,0,40,2,4,2,1,38,66,7
3858926,0,943,0,40,3,3,2,1,21,35,7
3814911,0,943,0,40,2,8,2,1,93,85,7
3867497,0,943,0,40,2,1,2,1,11,36,7
3868656,0,943,0,40,3,1,2,1,11,28,7
3869174,0,943,0,40,3,1,2,1,11,49,7
3816597,0,943,0,40,3,10,2,1,64,32,7
3825127,0,943,0,40,3,9,2,1,47,70,7
3822653,0,943,0,40,3,9,2,1,65,24,7
3839097,0,943,0,40,3,6,2,1,33,36,7
3844562,0,943,0,40,3,6,2,1,31,29,7
3848346,0,943,0,40,3,6,2,1,23,18,7
3826870,0,943,0,40,3,6,2,1,53,29,7
3859947,0,943,0,40,3,2,2,1,21,81,7
3854416,1,943,912,40,2,5,2,1,22,27,7
3853675,0,943,0,40,2,4,2,1,25,31,7
3835354,0,943,0,40,2,7,2,1,28,33,7
3858476,0,943,0,40,2,3,2,1,17,26,7
3822336,0,943,0,40,3,12,2,1,57,89,7
3827896,0,943,0,40,2,11,2,1,42,47,7
3851403,0,943,0,40,3,5,2,1,24,15,7
3868092,0,943,0,40,2,1,2,1,10,57,7
3868659,0,943,0,40,3,1,2,1,10,64,7
3868711,0,943,0,40,2,1,2,1,10,47,7
3869047,0,943,0,40,2,1,2,1,10,65,7
3869191,0,943,0,40,3,1,2,1,10,54,7
3869320,0,943,0,40,3,1,2,1,10,86,7
3869348,0,943,0,40,3,1,2,1,10,79,7
3869530,0,943,0,40,3,1,2,1,10,38,7
3869700,0,943,0,40,3,1,2,1,10,29,7
3816908,0,943,0,40,3,10,2,1,71,62,7
3827812,0,943,0,40,3,4,2,1,72,35,7
3840268,0,943,0,40,2,5,2,1,43,44,7
3845069,0,943,0,40,3,3,2,1,43,68,7
3860417,0,943,0,40,2,1,2,1,27,37,7
3851160,2,943,0,40,3,3,2,1,29,62,7
3855054,0,943,0,40,2,3,2,1,31,46,7
3844009,0,943,0,40,3,5,2,1,38,49,7
3819535,0,943,0,40,3,8,2,1,85,41,7
3860773,0,943,0,40,3,1,2,1,22,15,7
3840987,0,943,0,40,2,4,2,1,47,33,7
3863863,0,943,0,40,2,1,2,1,21,57,7
3838986,0,943,0,40,2,4,2,1,45,40,7
3831979,0,943,0,40,3,5,2,1,55,34,7
3810470,0,943,0,40,2,13,2,1,86,44,7
3848509,0,943,0,40,3,3,2,1,32,49,7
3860392,0,943,0,40,2,3,2,1,21,46,7
3835694,0,943,0,40,2,5,2,1,55,28,7
3858300,0,943,0,40,2,3,2,1,20,16,7
3858310,0,943,0,40,2,2,2,1,24,49,7
3844940,0,943,0,40,2,4,2,1,46,47,7
3821976,0,943,0,40,3,10,2,1,69,37,7
3856843,0,943,0,40,3,3,2,1,27,62,7
3865616,0,943,0,40,2,1,2,1,18,85,7
3843384,0,943,0,40,2,5,2,1,39,32,7
3805713,0,943,0,40,2,11,2,1,66,57,7
3860114,0,943,0,40,2,2,2,1,18,54,7
3806146,0,943,0,40,3,9,2,1,58,57,7
3825008,0,943,0,40,3,9,2,1,58,30,7
3864334,0,943,0,40,3,2,2,1,17,33,7
3864250,0,943,0,40,2,2,2,1,17,31,7
3866552,0,943,0,40,3,1,2,1,16,48,7
3861455,0,943,0,40,3,2,2,1,16,56,7
3855498,0,943,0,40,2,2,2,1,29,29,7
3834358,0,943,0,40,3,7,2,1,53,51,7
3828758,0,943,0,40,3,9,2,1,62,40,7
3842812,0,943,0,40,2,4,2,1,45,40,7
3867168,0,943,0,40,2,1,2,1,15,31,7
3837040,1,943,908,40,2,6,2,1,40,57,7
3855204,0,943,0,40,2,3,2,1,28,37,7
3861700,0,943,0,40,3,2,2,1,18,37,7
3847975,0,943,0,40,3,5,2,1,28,37,7
3852763,0,943,0,40,2,5,2,1,22,84,7
3862024,0,943,0,40,3,3,2,1,19,38,7
3855248,0,943,0,40,3,4,2,1,24,56,7
3866777,0,943,0,40,2,1,2,1,14,22,7
3867786,0,943,0,40,3,1,2,1,14,19,7
3853929,0,943,0,40,3,4,2,1,21,73,7
3850686,0,943,0,40,2,4,2,1,28,38,7
3799372,0,943,0,40,2,14,2,1,60,80,7
3859567,0,943,0,40,3,2,2,1,22,41,7
3853518,0,943,0,40,2,4,2,1,24,26,7
3828933,0,943,0,40,3,9,2,1,56,37,7
3865634,0,943,0,40,2,2,2,1,15,55,7
3805957,0,943,0,40,3,7,2,1,79,32,7
3861863,0,943,0,40,3,2,2,1,21,29,7
3866058,0,943,0,40,2,1,2,1,13,25,7
3866421,0,943,0,40,2,1,2,1,13,62,7
3867631,0,943,0,40,2,1,2,1,13,43,7
3868069,0,943,0,40,2,1,2,1,13,40,7
3822626,0,943,0,40,2,8,2,1,68,29,7
3843072,0,943,0,40,2,7,2,1,36,25,7
3814976,1,943,887,40,3,14,2,1,70,55,7
3841106,0,943,0,40,3,6,2,1,33,20,7
3857549,0,943,0,40,2,3,2,1,22,36,7
3865404,0,943,0,40,2,2,2,1,15,47,7
3847356,0,943,0,40,2,4,2,1,44,58,7
3860258,0,943,0,40,2,3,2,1,17,28,7
3810662,1,943,925,39.5133,2,13,2,1,60,42,7
3867692,0,943,0,40,3,2,2,1,13,48,7
3868238,0,943,0,40,2,1,2,1,12,44,7
3868728,0,943,0,40,3,1,2,1,12,28,7
3868980,0,943,0,40,2,1,2,1,12,77,7
3833004,0,943,0,40,3,9,2,1,37,50,7
3862762,0,943,0,40,3,2,2,1,14,40,7
3858771,0,943,0,40,2,2,2,1,20,31,7
3862507,0,943,0,40,3,2,2,1,13,58,7
3859304,0,943,0,40,2,3,2,1,17,18,7
3833122,1,943,912,27.5507,3,8,2,1,41,75,7
3864424,0,943,0,40,2,2,2,1,14,26,7
3857199,0,943,0,40,2,4,2,1,22,22,7
3822534,0,943,0,40,3,11,2,1,57,47,7
3859853,0,943,0,40,2,3,2,1,17,16,7
3844207,0,943,0,40,2,6,2,1,33,54,7
3857680,0,943,0,40,2,3,2,1,21,85,7
3824465,0,943,0,40,3,9,2,1,60,46,7
3835124,0,943,0,40,3,8,2,1,44,32,7
3868751,0,943,0,40,2,1,2,1,11,16,7
3869376,0,943,0,40,2,1,2,1,11,63,7
3869574,0,943,0,40,3,1,2,1,11,42,7
3869728,0,943,0,40,2,1,2,1,11,23,7
3836090,0,943,0,40,2,9,2,1,34,12,7
3835551,0,943,0,40,2,9,2,1,25,14,7
3778262,0,943,0,40,2,18,2,1,104,37,7
3861119,0,943,0,40,2,2,2,1,18,19,7
3843620,0,943,0,40,3,5,2,1,38,37,7
3840112,0,943,0,40,3,7,2,1,36,100,7
3862962,0,943,0,40,2,2,2,1,19,69,7
3864378,0,943,0,40,3,2,2,1,14,43,7
3861731,0,943,0,40,2,3,2,1,13,85,7
3842238,0,943,0,40,2,4,2,1,50,61,7
3850557,0,943,0,40,3,4,2,1,36,61,7
3839381,0,943,0,40,2,8,2,1,41,47,7
3846078,0,943,0,40,2,5,2,1,37,48,7
3868825,0,943,0,40,2,1,2,1,10,23,7
3869541,0,943,0,40,2,1,2,1,10,21,7
3869904,0,943,0,40,2,1,2,1,10,42,7
3869992,0,943,0,40,2,1,2,1,10,66,7
3870302,0,943,0,40,3,1,2,1,10,66,7
3854251,0,943,0,40,2,1,2,1,38,47,7
3847727,0,943,0,40,2,3,2,1,41,79,7
3824850,0,943,0,40,3,8,2,1,59,36,7
3851513,0,943,0,40,3,4,2,1,33,17,7
3856918,0,943,0,40,2,2,2,1,30,88,7
3836492,0,943,0,40,2,5,2,1,48,38,7
3860689,0,943,0,40,3,1,2,1,25,49,7
3857289,0,943,0,40,3,2,2,1,26,25,7
3823071,0,943,0,40,3,7,2,1,64,46,7
3843154,0,943,0,40,3,4,2,1,39,36,7
3825208,0,943,0,40,2,8,2,1,53,83,7
3848602,0,943,0,40,3,2,2,1,40,28,7
3826690,0,943,0,40,2,6,2,1,64,16,7
3863752,0,943,0,40,3,1,2,1,20,53,7
3864758,0,943,0,40,2,1,2,1,20,18,7
3815500,0,943,0,40,2,9,2,1,85,30,7
3860994,0,943,0,40,2,2,2,1,24,26,7
3851958,0,943,0,40,3,3,2,1,24,17,7
3832107,0,943,0,40,3,8,2,1,41,54,7
3842354,0,943,0,40,3,3,2,1,48,82,7
3832086,0,943,0,40,2,7,2,1,52,47,7
3858404,0,943,0,40,3,3,2,1,23,91,7
3820566,0,943,0,40,3,7,2,1,85,35,7
3839201,1,943,906,33.7155,3,6,2,1,46,32,7
3865341,0,943,0,40,3,1,2,1,18,15,7
3865613,0,943,0,40,3,1,2,1,18,43,7
3860846,0,943,0,40,2,2,2,1,19,29,7
3821759,0,943,0,40,3,7,2,1,64,17,7
3852549,0,943,0,40,2,3,2,1,26,17,7
3832905,0,943,0,40,3,6,2,1,44,48,7
3852031,0,943,0,40,3,3,2,1,35,31,7
3866730,0,943,0,40,2,1,2,1,17,65,7
3823792,0,943,0,40,3,9,2,1,64,24,7
3860406,0,943,0,40,2,2,2,1,20,41,7
3856743,0,943,0,40,2,3,2,1,26,58,7
3864083,0,943,0,40,2,2,2,1,18,64,7
3826170,0,943,0,40,3,9,2,1,61,15,7
3865303,0,943,0,40,2,1,2,1,16,32,7
3866443,0,943,0,40,2,1,2,1,16,15,7
3867282,0,943,0,40,2,1,2,1,16,22,7
3841367,0,943,0,40,3,6,2,1,39,71,7
3815852,0,943,0,40,3,10,2,1,77,37,7
3850351,0,943,0,40,2,3,2,1,32,38,7
3806495,0,943,0,40,2,7,2,1,67,68,7
3860306,0,943,0,40,2,2,2,1,19,63,7
3864003,0,943,0,40,2,2,2,1,17,86,7
3848067,0,943,0,40,3,4,2,1,39,37,7
3847327,0,943,0,40,2,4,2,1,40,54,7
3854038,0,943,0,40,2,6,2,1,25,32,7
3814236,0,943,0,40,2,9,2,1,83,27,7
3848590,0,943,0,40,3,4,2,1,25,25,7
3850918,0,943,0,40,2,3,2,1,29,34,7
3852380,0,943,0,40,3,3,2,1,31,61,7
3842824,0,943,0,40,3,6,2,1,27,70,7
3855185,0,943,0,40,2,2,2,1,31,28,7
3825143,0,943,0,40,3,9,2,1,59,30,7
3830974,0,943,0,40,2,9,2,1,50,56,7
3863608,0,943,0,40,2,2,2,1,16,44,7
3850732,0,943,0,40,2,4,2,1,30,56,7
3861966,0,943,0,40,3,3,2,1,16,36,7
3863193,0,943,0,40,2,2,2,1,15,33,7
3867683,0,943,0,40,3,1,2,1,14,71,7
3868113,0,943,0,40,2,1,2,1,14,38,7
3868205,0,943,0,40,3,1,2,1,14,46,7
3841625,0,943,0,40,3,5,2,1,39,66,7
3828221,0,943,0,40,2,6,2,1,63,80,7
3866087,0,943,0,40,2,2,2,1,14,68,7
3857407,0,943,0,40,3,2,2,1,30,25,7
3796764,0,943,0,40,3,14,2,1,93,55,7
3856421,0,943,0,40,3,2,2,1,30,28,7
3824925,0,943,0,40,2,8,2,1,58,55,7
3856289,0,943,0,40,3,3,2,1,21,45,7
3861341,0,943,0,40,2,2,2,1,16,76,7
3812641,0,943,0,40,2,14,2,1,75,58,7
3864403,0,943,0,40,3,2,2,1,17,51,7
3827654,0,943,0,40,3,10,2,1,49,33,7
3833311,0,943,0,40,2,7,2,1,54,35,7
3860990,0,943,0,40,3,3,2,1,22,53,7
3848347,0,943,0,40,2,6,2,1,38,47,7
3834430,0,943,0,40,2,9,2,1,43,31,7
3866420,0,943,0,40,2,2,2,1,15,46,7
3866892,0,943,0,40,2,2,2,1,14,52,7
3843781,0,943,0,40,3,5,2,1,30,26,7
3866333,0,943,0,40,2,1,2,1,12,20,7
3868100,0,943,0,40,2,1,2,1,12,19,7
3868851,0,943,0,40,2,1,2,1,12,52,7
3869175,0,943,0,40,2,1,2,1,12,54,7
3858815,0,943,0,40,3,2,2,1,14,36,7
3856616,0,943,0,40,3,4,2,1,16,33,7
3843808,0,943,0,40,2,5,2,1,34,45,7
3807843,0,943,0,40,3,14,2,1,90,45,7
3864754,0,943,0,40,3,2,2,1,14,21,7
3861396,0,943,0,40,3,3,2,1,20,66,7
3808714,0,943,0,40,2,10,2,1,72,47,7
3826658,0,943,0,40,3,10,2,1,56,39,7
3821224,0,943,0,40,3,10,2,1,58,29,7
3802317,0,943,0,40,3,8,2,1,69,58,7
3853201,0,943,0,40,3,5,2,1,24,61,7
3867518,0,943,0,40,3,2,2,1,12,48,7
3856107,0,943,0,40,3,4,2,1,21,53,7
3855536,0,943,0,40,2,5,2,1,20,40,7
3828777,0,943,0,40,2,8,2,1,60,26,7
3868665,0,943,0,40,2,1,2,1,11,92,7
3869089,0,943,0,40,2,1,2,1,11,43,7
3869237,0,943,0,40,3,1,2,1,11,15,7
3869641,0,943,0,40,3,1,2,1,11,48,7
3870124,0,943,0,40,2,1,2,1,11,103,7
3806849,0,943,0,40,2,9,2,1,52,39,7
3853964,0,943,0,40,2,5,2,1,20,34,7
3833738,0,943,0,40,3,9,2,1,35,24,7
3848186,0,943,0,40,3,4,2,1,35,50,7
3810920,0,943,0,40,3,12,2,1,87,33,7
3841865,0,943,0,40,2,5,2,1,42,25,7
3830465,0,943,0,40,2,9,2,1,52,21,7
3850038,0,943,0,40,2,4,2,1,39,24,7
3861295,0,943,0,40,3,2,2,1,21,36,7
3833958,0,943,0,40,3,6,2,1,52,30,7
3848154,0,943,0,40,2,5,2,1,40,64,7
3853742,0,943,0,40,2,4,2,1,25,13,7
3865547,0,943,0,40,2,2,2,1,14,21,7
3834078,0,943,0,40,3,7,2,1,44,18,7
3833539,0,943,0,40,2,5,2,1,53,35,7
3858035,0,943,0,40,3,2,2,1,30,19,7
3829778,0,943,0,40,2,9,2,1,45,119,7
3846377,0,943,0,40,3,7,2,1,30,53,7
3868989,0,943,0,40,2,1,2,1,10,30,7
3870015,0,943,0,40,2,1,2,1,10,49,7
3870402,0,943,0,40,2,1,2,1,10,29,7
3870524,0,943,0,40,3,1,2,1,10,50,7
3870908,0,943,0,40,3,1,2,1,10,33,7
3803820,0,943,0,40,2,10,2,1,78,48,7
3848806,0,943,0,40,3,4,2,1,39,9,7
3826128,0,943,0,40,3,6,2,1,59,39,7
3843236,0,943,0,40,2,3,2,1,50,61,7
3861304,0,943,0,40,3,1,2,1,27,45,7
3852338,0,943,0,40,2,3,2,1,35,61,7
3845090,0,943,0,40,3,4,2,1,34,43,7
3863889,0,943,0,40,2,1,2,1,23,88,7
3795597,0,943,0,40,2,14,2,1,83,61,7
3818120,0,943,0,40,3,11,2,1,78,38,7
3858134,0,943,0,40,3,3,2,1,28,36,7
3864507,0,943,0,40,3,1,2,1,22,45,7
3850652,0,943,0,40,2,3,2,1,31,28,7
3864144,0,943,0,40,3,1,2,1,21,15,7
3844559,0,943,0,40,3,3,2,1,45,66,7
3865202,0,943,0,40,3,1,2,1,20,53,7
3838651,0,943,0,40,2,5,2,1,34,47,7
3829827,0,943,0,40,2,8,2,1,55,39,7
3839038,0,943,0,40,3,5,2,1,50,55,7
3851041,0,943,0,40,3,4,2,1,29,92,7
3855090,0,943,0,40,3,3,2,1,25,49,7
3825697,0,943,0,40,2,7,2,1,76,105,7
3806597,0,943,0,40,2,8,2,1,82,38,7
3834363,0,943,0,40,3,6,2,1,49,21,7
3860767,0,943,0,40,2,2,2,1,21,99,7
3852742,0,943,0,40,2,5,2,1,28,24,7
3856325,0,943,0,40,3,3,2,1,25,22,7
3860409,0,943,0,40,2,2,2,1,26,72,7
3855583,0,943,0,40,2,3,2,1,30,39,7
3862244,0,943,0,40,2,3,2,1,21,46,7
3857945,0,943,0,40,3,3,2,1,26,30,7
3866297,0,943,0,40,2,1,2,1,16,56,7
3867904,0,943,0,40,2,1,2,1,16,30,7
3857526,1,943,916,40,2,3,2,1,23,25,7
3828762,0,943,0,40,2,8,2,1,54,58,7
3819781,0,943,0,40,3,10,2,1,77,41,7
3863865,1,943,922,27.3748,3,3,2,1,20,116,7
3868023,0,943,0,40,2,1,2,1,15,53,7
3822377,0,943,0,40,2,7,2,1,67,40,7
3863461,0,943,0,40,3,2,2,1,16,37,7
3842137,0,943,0,40,2,5,2,1,34,42,7
3808126,0,943,0,40,2,16,2,1,99,28,7
3850746,0,943,0,40,3,4,2,1,31,37,7
3859206,0,943,0,40,3,3,2,1,24,56,7
3841970,0,943,0,40,2,5,2,1,42,73,7
3868158,0,943,0,40,2,1,2,1,14,52,7
3814718,0,943,0,40,2,13,2,1,64,51,7
3842912,0,943,0,40,2,5,2,1,35,42,7
3837421,0,943,0,40,3,7,2,1,44,36,7
3841087,0,943,0,40,2,6,2,1,41,101,7
3858890,0,943,0,40,2,3,2,1,25,85,7
3868140,0,943,0,40,2,1,2,1,13,68,7
3869602,0,943,0,40,3,1,2,1,13,27,7
3857894,0,943,0,40,3,3,2,1,24,35,7
3848469,0,943,0,40,3,4,2,1,36,52,7
3858274,0,943,0,40,3,4,2,1,22,24,7
3864831,0,943,0,40,3,2,2,1,14,32,7
3834210,0,943,0,40,3,5,2,1,52,16,7
3861072,1,943,930,15.1164,3,3,2,1,20,65,7
3869832,0,943,0,40,3,1,2,1,12,47,7
3870096,0,943,0,40,2,1,2,1,12,46,7
3802427,1,943,924,26.6067,3,9,2,1,72,44,7
3861447,0,943,0,40,2,3,2,1,17,33,7
3857818,0,943,0,40,3,2,2,1,25,50,7
3826619,0,943,0,40,3,9,2,1,54,37,7
3843138,0,943,0,40,3,6,2,1,34,59,7
3854838,0,943,0,40,3,4,2,1,28,31,7
3838569,0,943,0,40,2,5,2,1,48,22,7
3814599,0,943,0,40,3,11,2,1,69,41,7
3855981,0,943,0,40,3,3,2,1,25,31,7
3825185,0,943,0,40,2,8,2,1,62,96,7
3849733,0,943,0,40,2,6,2,1,29,25,7
3838030,0,943,0,40,3,4,2,1,52,16,7
3869271,0,943,0,40,3,1,2,1,11,51,7
3869855,0,943,0,40,3,1,2,1,11,80,7
3870003,0,943,0,40,2,1,2,1,11,59,7
3870311,0,943,0,40,2,1,2,1,11,14,7
3870764,0,943,0,40,3,1,2,1,11,32,7
3863789,0,943,0,40,3,2,2,1,17,29,7
3830678,0,943,0,40,3,5,2,1,60,43,7
3862534,0,943,0,40,3,2,2,1,20,64,7
3864561,0,943,0,40,3,2,2,1,15,75,7
3859695,0,943,0,40,3,4,2,1,15,37,7
3824717,0,943,0,40,3,8,2,1,71,58,7
3821110,0,943,0,40,2,8,2,1,66,76,7
3848308,0,943,0,40,3,6,2,1,33,100,7
3859881,0,943,0,40,3,3,2,1,21,14,7
3803846,0,943,0,40,3,12,2,1,59,81,7
3842796,0,943,0,40,2,7,2,1,39,33,7
3870757,0,943,0,40,3,1,2,1,10,25,7
3850693,0,943,0,40,3,2,2,1,44,69,7
3858503,0,943,0,40,2,1,2,1,28,50,7
3793525,0,943,0,40,2,11,2,1,100,45,7
3812387,0,943,0,40,3,9,2,1,92,74,7
3863694,0,943,0,40,3,1,2,1,23,56,7
3864324,0,943,0,40,2,1,2,1,22,45,7
3848737,0,943,0,40,2,3,2,1,30,38,7
3825223,0,943,0,40,3,6,2,1,76,71,7
3865711,0,943,0,40,2,1,2,1,20,12,7
3834247,0,943,0,40,2,8,2,1,47,54,7
3855524,0,943,0,40,2,3,2,1,26,26,7
3866256,0,943,0,40,2,1,2,1,19,39,7
3835903,0,943,0,40,3,6,2,1,49,68,7
3743154,0,943,0,40,3,20,2,1,122,20,7
3867074,0,943,0,40,3,1,2,1,18,9,7
3866657,0,943,0,40,3,1,2,1,17,35,7
3836009,0,943,0,40,2,6,2,1,48,33,7
3854531,0,943,0,40,2,3,2,1,23,46,7
3798765,0,943,0,40,2,5,2,1,49,26,7
3864035,0,943,0,40,2,2,2,1,21,34,7
3850888,0,943,0,40,3,5,2,1,27,53,7
3815510,0,943,0,40,2,11,2,1,68,47,7
3842597,0,943,0,40,3,5,2,1,45,75,7
3810613,0,943,0,40,2,16,2,1,87,17,7
3869470,0,943,0,40,3,1,2,1,14,65,7
3843219,0,943,0,40,2,5,2,1,40,34,7
3810161,0,943,0,40,2,10,2,1,102,44,7
3846655,0,943,0,40,2,5,2,1,22,25,7
3854001,0,943,0,40,2,3,2,1,28,35,7
3863313,0,943,0,40,2,3,2,1,18,44,7
3860054,0,943,0,40,2,2,2,1,23,15,7
3864854,0,943,0,40,2,2,2,1,21,33,7
3867084,0,943,0,40,2,2,2,1,17,43,7
3870358,0,943,0,40,2,1,2,1,12,50,7
3870832,0,943,0,40,2,1,2,1,12,26,7
3837324,0,943,0,40,2,7,2,1,39,45,7
3861026,0,943,0,40,3,2,2,1,21,72,7
3861258,0,943,0,40,2,2,2,1,21,55,7
3849078,0,943,0,40,2,3,2,1,38,47,7
3855077,0,943,0,40,3,3,2,1,28,38,7
3867431,0,943,0,40,2,2,2,1,12,46,7
3868529,0,943,0,40,2,2,2,1,14,41,7
3812864,0,943,0,40,2,13,2,1,69,50,7
3864586,0,943,0,40,2,2,2,1,18,39,7
3857646,0,943,0,40,2,4,2,1,23,41,7
3824276,0,943,0,40,2,8,2,1,68,88,7
3869308,0,943,0,40,3,2,2,1,12,80,7
3860658,0,943,0,40,3,4,2,1,21,60,7
3820225,0,943,0,40,3,10,2,1,76,25,7
3860140,0,943,0,40,3,2,2,1,27,61,7
3824712,0,943,0,40,2,12,2,1,54,67,7
3864048,0,943,0,40,2,2,2,1,19,42,7
3865418,0,943,0,40,3,2,2,1,21,32,7
3801525,0,943,0,40,3,12,2,1,82,46,7
3847994,0,943,0,40,2,5,2,1,24,36,7
3839845,0,943,0,40,3,7,2,1,41,39,7
3855431,0,943,0,40,3,5,2,1,29,67,7
3863164,0,943,0,40,2,3,2,1,16,54,7
3825286,0,943,0,40,3,7,2,1,63,83,7
3872154,0,943,0,40,3,1,2,1,10,34,7
3869411,0,943,0,40,2,0,2,1,9,53,7
3869539,0,943,0,40,2,0,2,1,9,26,7
3869981,0,943,0,40,3,0,2,1,9,64,7
3870237,0,943,0,40,2,0,2,1,9,47,7
3870343,0,943,0,40,2,0,2,1,9,49,7
3870407,0,943,0,40,3,0,2,1,9,68,7
3870535,0,943,0,40,3,0,2,1,9,95,7
3870567,0,943,0,40,3,0,2,1,9,37,7
3870695,0,943,0,40,3,0,2,1,9,24,7
3870823,0,943,0,40,3,0,2,1,9,30,7
3870919,0,943,0,40,3,0,2,1,9,49,7
3870941,0,943,0,40,2,0,2,1,9,59,7
3870973,0,943,0,40,3,0,2,1,9,38,7
3871021,0,943,0,40,2,0,2,1,9,94,7
3871053,0,943,0,40,2,0,2,1,9,21,7
3871069,0,943,0,40,2,0,2,1,9,73,7
3871101,0,943,0,40,3,0,2,1,9,39,7
3871133,0,943,0,40,3,0,2,1,9,52,7
3871149,0,943,0,40,3,0,2,1,9,16,7
3871165,0,943,0,40,2,0,2,1,9,59,7
3871213,0,943,0,40,3,0,2,1,9,40,7
3871261,0,943,0,40,3,0,2,1,9,29,7
3871357,0,943,0,40,2,0,2,1,9,51,7
3871437,0,943,0,40,3,0,2,1,9,16,7
3871488,0,943,0,40,2,0,2,1,9,18,7
3871504,0,943,0,40,3,0,2,1,9,19,7
3871536,0,943,0,40,3,0,2,1,9,62,7
3871552,0,943,0,40,3,0,2,1,9,44,7
3871560,0,943,0,40,3,0,2,1,9,35,7
3871592,0,943,0,40,3,0,2,1,9,17,7
3871616,0,943,0,40,2,0,2,1,9,38,7
3871664,0,943,0,40,3,0,2,1,9,45,7
3871704,0,943,0,40,2,0,2,1,9,83,7
3871768,0,943,0,40,3,0,2,1,9,47,7
3871784,0,943,0,40,3,0,2,1,9,44,7
3871816,0,943,0,40,3,0,2,1,9,22,7
3871840,0,943,0,40,2,0,2,1,9,88,7
3871872,0,943,0,40,2,0,2,1,9,39,7
3871912,0,943,0,40,3,0,2,1,9,22,7
3871960,0,943,0,40,2,0,2,1,9,22,7
3871976,0,943,0,40,2,0,2,1,9,45,7
3871984,0,943,0,40,2,0,2,1,9,41,7
3872000,0,943,0,40,3,0,2,1,9,29,7
3872016,0,943,0,40,3,0,2,1,9,26,7
3872051,0,943,0,40,2,0,2,1,9,69,7
3872055,0,943,0,40,2,0,2,1,9,47,7
3872087,0,943,0,40,3,0,2,1,9,66,7
3872103,0,943,0,40,3,0,2,1,9,43,7
3872111,0,943,0,40,2,0,2,1,9,45,7
3872131,0,943,0,40,3,0,2,1,9,39,7
3872139,0,943,0,40,3,0,2,1,9,23,7
3872143,0,943,0,40,3,0,2,1,9,45,7
3872147,0,943,0,40,2,0,2,1,9,26,7
3872151,0,943,0,40,3,0,2,1,9,47,7
3872187,0,943,0,40,3,0,2,1,9,45,7
3872199,0,943,0,40,3,0,2,1,9,48,7
3872203,0,943,0,40,2,0,2,1,9,32,7
3872211,0,943,0,40,2,0,2,1,9,62,7
3872219,0,943,0,40,3,0,2,1,9,66,7
3872235,0,943,0,40,2,0,2,1,9,72,7
3872255,0,943,0,40,2,0,2,1,9,45,7
3872271,0,943,0,40,3,0,2,1,9,29,7
3872279,0,943,0,40,2,0,2,1,9,38,7
3872283,0,943,0,40,2,0,2,1,9,42,7
3872287,0,943,0,40,3,0,2,1,9,26,7
3872323,0,943,0,40,2,0,2,1,9,71,7
3872327,0,943,0,40,2,0,2,1,9,66,7
3872335,0,943,0,40,2,0,2,1,9,66,7
3872339,0,943,0,40,3,0,2,1,9,52,7
3872359,0,943,0,40,2,0,2,1,9,49,7
3872383,0,943,0,40,3,0,2,1,9,55,7
3872419,0,943,0,40,3,0,2,1,9,76,7
3872443,0,943,0,40,3,0,2,1,9,92,7
3872455,0,943,0,40,3,0,2,1,9,47,7
3872471,0,943,0,40,3,0,2,1,9,42,7
3872491,0,943,0,40,3,0,2,1,9,16,7
3872499,0,943,0,40,3,0,2,1,9,25,7
3872543,0,943,0,40,2,0,2,1,9,47,7
3872583,0,943,0,40,3,0,2,1,9,48,7
3872587,0,943,0,40,2,0,2,1,9,15,7
3872591,0,943,0,40,2,0,2,1,9,33,7
3872603,0,943,0,40,3,0,2,1,9,28,7
3872615,0,943,0,40,3,0,2,1,9,37,7
3872623,0,943,0,40,2,0,2,1,9,70,7
3872625,0,943,0,40,3,0,2,1,9,53,7
3872637,0,943,0,40,3,0,2,1,9,28,7
3872639,0,943,0,40,2,0,2,1,9,43,7
3872645,0,943,0,40,2,0,2,1,9,40,7
3872659,0,943,0,40,2,0,2,1,9,113,7
3872669,0,943,0,40,2,0,2,1,9,59,7
3872673,0,943,0,40,2,0,2,1,9,55,7
3872675,0,943,0,40,3,0,2,1,9,31,7
3872685,0,943,0,40,3,0,2,1,9,40,7
3872699,0,943,0,40,2,0,2,1,9,36,7
3872705,0,943,0,40,2,0,2,1,9,24,7
3872713,0,943,0,40,2,0,2,1,9,53,7
3872719,0,943,0,40,2,0,2,1,9,30,7
3872721,0,943,0,40,3,0,2,1,9,37,7
3872723,0,943,0,40,2,0,2,1,9,36,7
3872737,0,943,0,40,2,0,2,1,9,16,7
3872747,0,943,0,40,2,0,2,1,9,56,7
3872757,0,943,0,40,2,0,2,1,9,56,7
3872763,0,943,0,40,2,0,2,1,9,35,7
3872781,0,943,0,40,2,0,2,1,9,44,7
3872787,0,943,0,40,3,0,2,1,9,64,7
3872791,0,943,0,40,3,0,2,1,9,39,7
3872793,0,943,0,40,2,0,2,1,9,56,7
3872799,0,943,0,40,3,0,2,1,9,28,7
3872811,0,943,0,40,2,0,2,1,9,33,7
3872819,0,943,0,40,2,0,2,1,9,28,7
3872827,0,943,0,40,2,0,2,1,9,24,7
3872835,0,943,0,40,2,0,2,1,9,19,7
3872841,0,943,0,40,3,0,2,1,9,36,7
3872849,0,943,0,40,2,0,2,1,9,57,7
3872867,0,943,0,40,2,0,2,1,9,40,7
3872869,0,943,0,40,2,0,2,1,9,42,7
3872871,0,943,0,40,2,0,2,1,9,38,7
3872875,0,943,0,40,3,0,2,1,9,70,7
3872877,0,943,0,40,3,0,2,1,9,41,7
3872891,0,943,0,40,3,0,2,1,9,22,7
3872903,0,943,0,40,2,0,2,1,9,45,7
3872909,0,943,0,40,3,0,2,1,9,43,7
3872913,0,943,0,40,3,0,2,1,9,44,7
3872919,0,943,0,40,2,0,2,1,9,27,7
3872927,0,943,0,40,2,0,2,1,9,56,7
3872935,0,943,0,40,3,0,2,1,9,51,7
3872943,0,943,0,40,2,0,2,1,9,74,7
3872951,0,943,0,40,2,0,2,1,9,21,7
3872955,0,943,0,40,3,0,2,1,9,56,7
3872963,0,943,0,40,2,0,2,1,9,30,7
3872973,0,943,0,40,3,0,2,1,9,43,7
3872991,0,943,0,40,2,0,2,1,9,11,7
3873003,0,943,0,40,3,0,2,1,9,37,7
3873013,0,943,0,40,3,0,2,1,9,53,7
3873015,0,943,0,40,3,0,2,1,9,16,7
3873025,0,943,0,40,2,0,2,1,9,51,7
3873033,0,943,0,40,3,0,2,1,9,44,7
3873041,0,943,0,40,2,0,2,1,9,16,7
3873045,0,943,0,40,3,0,2,1,9,44,7
3873057,0,943,0,40,3,0,2,1,9,25,7
3873061,0,943,0,40,2,0,2,1,9,25,7
3873073,0,943,0,40,2,0,2,1,9,32,7
3873077,0,943,0,40,3,0,2,1,9,49,7
3873081,0,943,0,40,2,0,2,1,9,48,7
3873089,0,943,0,40,3,0,2,1,9,19,7
3873101,0,943,0,40,3,0,2,1,9,26,7
3873123,0,943,0,40,2,0,2,1,9,23,7
3873127,0,943,0,40,2,0,2,1,9,59,7
3861029,0,943,0,40,2,1,2,1,11,64,7
3853110,0,943,0,40,3,4,2,1,17,22,7
3862724,0,943,0,40,2,1,2,1,15,31,7
3788540,0,943,0,40,3,15,2,1,76,52,7
3864681,0,943,0,40,3,1,2,1,10,59,7
3825984,0,943,0,40,2,6,2,1,55,44,7
3859623,0,943,0,40,3,1,2,1,20,34,7
3843371,1,943,911,40,2,4,2,1,37,46,7
3853551,0,943,0,40,3,3,2,1,19,34,7
3808317,0,943,0,40,3,5,2,1,43,30,7
3844582,0,943,0,40,3,6,2,1,23,71,7
3818772,0,943,0,40,2,9,2,1,61,65,7
3814794,0,943,0,40,2,12,2,1,67,30,7
3862297,0,943,0,40,2,1,2,1,16,6,7
3841055,0,943,0,40,2,6,2,1,32,24,7
3822606,0,943,0,40,2,10,2,1,46,56,7
3864365,0,943,0,40,3,1,2,1,14,81,7
3849744,0,943,0,40,3,5,2,1,23,43,7
3851848,0,943,0,40,2,5,2,1,21,63,7
3865465,0,943,0,40,3,1,2,1,11,49,7
3809721,0,943,0,40,3,12,2,1,76,33,7
3864170,0,943,0,40,3,1,2,1,10,36,7
3828739,0,943,0,40,3,9,2,1,44,46,7
3824287,0,943,0,40,3,5,2,1,73,29,7
3866866,0,943,0,40,3,1,2,1,9,83,7
3824092,0,943,0,40,3,8,2,1,68,42,7
3842711,0,943,0,40,2,3,2,1,47,27,7
3820633,0,943,0,40,3,12,2,1,59,75,7
3856891,0,943,0,40,2,2,2,1,22,51,7
3815552,0,943,0,40,3,10,2,1,77,52,7
3859837,0,943,0,40,3,2,2,1,18,48,7
3860232,0,943,0,40,3,2,2,1,16,60,7
3864116,0,943,0,40,3,1,2,1,14,78,7
3853870,0,943,0,40,3,3,2,1,20,34,7
3851721,0,943,0,40,2,3,2,1,31,14,7
3853688,0,943,0,40,2,4,2,1,25,52,7
3865426,0,943,0,40,3,1,2,1,13,35,7
3860944,0,943,0,40,2,2,2,1,16,17,7
3846213,0,943,0,40,2,4,2,1,30,55,7
3866071,0,943,0,40,2,1,2,1,12,75,7
3829833,0,943,0,40,3,9,2,1,42,37,7
3814749,0,943,0,40,2,10,2,1,75,35,7
3829404,0,943,0,40,3,7,2,1,53,85,7
3812296,0,943,0,40,2,11,2,1,75,44,7
3815123,0,943,0,40,3,10,2,1,86,36,7
3811424,0,943,0,40,3,11,2,1,84,27,7
3856481,0,943,0,40,3,4,2,1,16,59,7
3867026,0,943,0,40,2,1,2,1,10,31,7
3827663,0,943,0,40,2,8,2,1,43,50,7
3853465,0,943,0,40,2,3,2,1,24,39,7
3865862,0,943,0,40,2,1,2,1,9,18,7
3819472,0,943,0,40,3,8,2,1,70,39,7
3854402,0,943,0,40,3,1,2,1,31,37,7
3831006,1,943,909,40,2,5,2,1,56,74,7
3810194,0,943,0,40,3,11,2,1,85,71,7
3845230,0,943,0,40,2,4,2,1,34,47,7
3847581,0,943,0,40,2,3,2,1,34,60,7
3852474,0,943,0,40,2,2,2,1,32,74,7
3834131,0,943,0,40,3,6,2,1,46,31,7
3823980,0,943,0,40,3,10,2,1,51,41,7
3842084,0,943,0,40,2,4,2,1,36,66,7
3843234,0,943,0,40,2,5,2,1,40,55,7
3864007,0,943,0,40,2,1,2,1,16,59,7
3841209,0,943,0,40,3,6,2,1,29,32,7
3844873,0,943,0,40,3,5,2,1,31,39,7
3807065,0,943,0,40,3,7,2,1,61,51,7
3806570,0,943,0,40,3,13,2,1,113,55,7
3855018,0,943,0,40,3,3,2,1,20,15,7
3836894,0,943,0,40,3,5,2,1,41,17,7
3844034,0,943,0,40,3,5,2,1,38,33,7
3827777,0,943,0,40,3,6,2,1,67,34,7
3841459,0,943,0,40,3,6,2,1,27,58,7
3825746,0,943,0,40,2,8,2,1,60,44,7
3827738,0,943,0,40,2,8,2,1,44,33,7
3845302,0,943,0,40,2,5,2,1,31,120,7
3866354,0,943,0,40,2,1,2,1,12,36,7
3835949,0,943,0,40,3,6,2,1,41,34,7
3857708,0,943,0,40,2,3,2,1,14,69,7
3834874,0,943,0,40,2,7,2,1,45,52,7
3834269,0,943,0,40,2,6,2,1,51,49,7
3859422,0,943,0,40,3,3,2,1,20,49,7
3840493,0,943,0,40,2,5,2,1,44,46,7
3866495,0,943,0,40,2,1,2,1,11,45,7
3848640,0,943,0,40,2,4,2,1,26,72,7
3823608,0,943,0,40,2,9,2,1,59,67,7
3837680,0,943,0,40,3,6,2,1,45,41,7
3813006,0,943,0,40,3,9,2,1,84,49,7
3825484,0,943,0,40,3,10,2,1,56,63,7
3863520,0,943,0,40,2,2,2,1,14,42,7
3867690,0,943,0,40,2,1,2,1,10,23,7
3846306,0,943,0,40,2,6,2,1,24,42,7
3846820,0,943,0,40,3,3,2,1,35,30,7
3842448,0,943,0,40,3,6,2,1,26,65,7
3844494,0,943,0,40,3,3,2,1,38,83,7
3862978,1,943,929,40,2,2,2,1,13,39,7
3812147,0,943,0,40,3,16,2,1,75,17,7
3810942,0,943,0,40,3,13,2,1,64,61,7
3865087,0,943,0,40,2,1,2,1,9,48,7
3867707,0,943,0,40,3,1,2,1,9,23,7
3849389,0,943,0,40,3,2,2,1,36,50,7
3803589,0,943,0,40,2,3,2,1,60,62,7
3859604,0,943,0,40,3,1,2,1,25,47,7
3861054,0,943,0,40,3,1,2,1,23,56,7
3813400,0,943,0,40,3,7,2,1,94,72,7
3834378,0,943,0,40,3,5,2,1,40,84,7
3848315,1,943,911,40,2,4,2,1,25,21,7
3860725,0,943,0,40,2,1,2,1,18,42,7
3863403,0,943,0,40,3,1,2,1,18,43,7
3813060,0,943,0,40,2,13,2,1,82,36,7
3828012,0,943,0,40,2,8,2,1,53,63,7
3835007,0,943,0,40,3,5,2,1,50,36,7
3858876,0,943,0,40,2,2,2,1,23,36,7
3805632,0,943,0,40,2,7,2,1,56,61,7
3864129,0,943,0,40,2,1,2,1,17,23,7
3819242,0,943,0,40,3,11,2,1,58,34,7
3826116,0,943,0,40,3,6,2,1,67,24,7
3750934,0,943,0,40,2,26,2,1,141,72,7
3799892,1,943,878,40,2,12,2,1,84,30,7
3830716,0,943,0,40,2,5,2,1,57,81,7
3858100,0,943,0,40,3,2,2,1,23,52,7
3831504,0,943,0,40,2,7,2,1,48,19,7
3865170,0,943,0,40,2,1,2,1,15,45,7
3815657,1,943,909,40,2,11,2,1,58,31,7
3802578,0,943,0,40,2,10,2,1,68,40,7
3826190,0,943,0,40,2,8,2,1,54,44,7
3858873,0,943,0,40,3,3,2,1,19,25,7
3800400,0,943,0,40,3,16,2,1,63,39,7
3826920,0,943,0,40,2,6,2,1,57,44,7
3850549,0,943,0,40,3,6,2,1,28,63,7
3817192,0,943,0,40,3,12,2,1,58,27,7
3861010,0,943,0,40,2,3,2,1,17,21,7
3857226,0,943,0,40,3,2,2,1,23,50,7
3863173,0,943,0,40,2,2,2,1,15,73,7
3866016,0,943,0,40,3,1,2,1,13,80,7
3837197,0,943,0,40,2,5,2,1,41,44,7
3860736,0,943,0,40,3,2,2,1,17,47,7
3826956,0,943,0,40,2,10,2,1,44,35,7
3861728,0,943,0,40,3,3,2,1,15,46,7
3862587,0,943,0,40,3,2,2,1,13,75,7
3807983,0,943,0,40,3,11,2,1,62,41,7
3840025,0,943,0,40,2,5,2,1,38,39,7
3867150,0,943,0,40,3,1,2,1,12,60,7
3823242,0,943,0,40,3,9,2,1,38,47,7
3850175,0,943,0,40,3,4,2,1,30,59,7
3836051,0,943,0,40,3,6,2,1,44,42,7
3864472,0,943,0,40,2,2,2,1,12,18,7
3848722,0,943,0,40,2,5,2,1,35,47,7
3867928,0,943,0,40,3,1,2,1,11,27,7
3846829,0,943,0,40,3,5,2,1,30,42,7
3820920,0,943,0,40,2,9,2,1,63,61,7
3845291,0,943,0,40,3,6,2,1,33,44,7
3845437,0,943,0,40,3,6,2,1,33,55,7
3808804,0,943,0,40,3,12,2,1,102,36,7
3850596,0,943,0,40,2,4,2,1,26,29,7
3868327,0,943,0,40,2,1,2,1,10,29,7
3868547,0,943,0,40,2,1,2,1,10,25,7
3823865,1,943,908,40,3,9,2,1,41,43,7
3808819,0,943,0,40,2,10,2,1,71,68,7
3806243,0,943,0,40,2,8,2,1,88,37,7
3860727,0,943,0,40,3,2,2,1,17,71,7
3833777,0,943,0,40,2,4,2,1,54,109,7
3863943,0,943,0,40,2,3,2,1,13,25,7
3830540,0,943,0,40,3,8,2,1,53,54,7
3868802,0,943,0,40,3,1,2,1,9,32,7
3868928,0,943,0,40,2,1,2,1,9,44,7
3852109,0,943,0,40,3,1,2,1,39,44,7
3833947,0,943,0,40,3,4,2,1,55,40,7
3820203,0,943,0,40,2,6,2,1,78,77,7
3843861,0,943,0,40,3,4,2,1,39,80,7
3860559,0,943,0,40,2,1,2,1,23,20,7
3861451,0,943,0,40,2,1,2,1,22,31,7
3834065,0,943,0,40,3,4,2,1,59,72,7
3862430,0,943,0,40,2,1,2,1,21,28,7
3848429,0,943,0,40,3,3,2,1,34,56,7
3838391,0,943,0,40,3,6,2,1,43,38,7
3842668,0,943,0,40,3,5,2,1,42,51,7
3858957,0,943,0,40,3,2,2,1,20,37,7
3852513,0,943,0,40,2,3,2,1,27,25,7
3853439,0,943,0,40,2,3,2,1,30,41,7
3825339,0,943,0,40,2,11,2,1,53,49,7
3805468,0,943,0,40,2,9,2,1,52,32,7
3857181,0,943,0,40,2,2,2,1,26,78,7
3832151,0,943,0,40,2,6,2,1,53,46,7
3816218,0,943,0,40,2,10,2,1,86,19,7
3818690,0,943,0,40,3,8,2,1,71,49,7
3847828,0,943,0,40,3,4,2,1,33,27,7
3810563,1,943,931,40,2,12,2,1,81,42,7
3830883,0,943,0,40,3,9,2,1,50,62,7
3826015,1,943,931,16.4384,3,8,2,1,61,28,7
3850486,0,943,0,40,2,4,2,1,24,58,7
3832050,0,943,0,40,2,7,2,1,47,50,7
3764168,0,943,0,40,2,16,2,1,121,87,7
3841036,1,943,898,40,2,6,2,1,34,26,7
3827823,0,943,0,40,2,9,2,1,52,26,7
3833171,0,943,0,40,2,7,2,1,47,26,7
3859577,0,943,0,40,3,3,2,1,20,55,7
3858773,0,943,0,40,2,2,2,1,15,41,7
3850131,0,943,0,40,2,3,2,1,35,30,7
3858579,0,943,0,40,2,2,2,1,20,37,7
3845651,0,943,0,40,3,6,2,1,28,22,7
3838769,0,943,0,40,3,4,2,1,55,79,7
3809215,0,943,0,40,2,10,2,1,109,41,7
3861901,0,943,0,40,3,2,2,1,16,44,7
3835754,0,943,0,40,2,7,2,1,49,31,7
3864505,0,943,0,40,2,2,2,1,14,44,7
3858567,0,943,0,40,2,2,2,1,20,41,7
3847040,0,943,0,40,3,5,2,1,28,48,7
3807965,0,943,0,40,2,11,2,1,65,38,7
3846847,0,943,0,40,3,4,2,1,32,77,7
3829960,0,943,0,40,3,7,2,1,54,71,7
3825417,0,943,0,40,2,11,2,1,60,35,7
3863513,0,943,0,40,3,2,2,1,13,72,7
3859307,0,943,0,40,2,3,2,1,17,60,7
3852918,0,943,0,40,2,2,2,1,34,37,7
3862392,0,943,0,40,3,3,2,1,14,57,7
3859255,0,943,0,40,2,2,2,1,22,54,7
3836560,0,943,0,40,2,7,2,1,45,79,7
3845632,0,943,0,40,2,5,2,1,28,35,7
3825594,0,943,0,40,3,10,2,1,54,56,7
3867099,0,943,0,40,2,1,2,1,12,87,7
3867251,0,943,0,40,2,1,2,1,12,37,7
3862280,0,943,0,40,2,2,2,1,13,68,7
3859657,0,943,0,40,2,2,2,1,19,44,7
3853744,0,943,0,40,3,3,2,1,26,49,7
3863578,0,943,0,40,2,2,2,1,14,67,7
3845725,0,943,0,40,3,4,2,1,31,48,7
3866456,0,943,0,40,2,2,2,1,12,53,7
3822925,0,943,0,40,2,10,2,1,65,26,7
3866889,0,943,0,40,2,1,2,1,11,39,7
3867643,0,943,0,40,2,1,2,1,11,31,7
3868469,0,943,0,40,3,1,2,1,11,35,7
3853921,0,943,0,40,2,3,2,1,26,32,7
3839805,0,943,0,40,3,6,2,1,34,16,7
3832065,0,943,0,40,3,7,2,1,48,62,7
3815458,0,943,0,40,2,10,2,1,78,20,7
3861883,0,943,0,40,2,3,2,1,14,35,7
3848860,0,943,0,40,2,4,2,1,35,38,7
3860615,0,943,0,40,3,3,2,1,16,28,7
3844699,0,943,0,40,3,7,2,1,34,45,7
3834818,0,943,0,40,3,7,2,1,45,67,7
3855904,0,943,0,40,3,4,2,1,25,68,7
3868478,0,943,0,40,3,1,2,1,10,29,7
3833277,0,943,0,40,3,6,2,1,46,31,7
3858120,0,943,0,40,3,3,2,1,15,21,7
3819740,0,943,0,40,3,10,2,1,61,76,7
3856772,0,943,0,40,3,4,2,1,17,41,7
3845936,0,943,0,40,3,4,2,1,32,66,7
3842154,0,943,0,40,3,7,2,1,28,74,7
3820745,0,943,0,40,3,10,2,1,55,40,7
3864797,0,943,0,40,2,2,2,1,11,28,7
3824596,0,943,0,40,3,11,2,1,55,39,7
3854608,0,943,0,40,2,4,2,1,21,14,7
3850615,0,943,0,40,3,7,2,1,31,57,7
3857101,0,943,0,40,2,3,2,1,21,26,7
3860171,0,943,0,40,3,3,2,1,21,25,7
3867493,0,943,0,40,2,1,2,1,9,57,7
3869342,0,943,0,40,3,1,2,1,9,28,7
3869612,0,943,0,40,3,1,2,1,9,43,7
3843764,0,943,0,40,2,2,2,1,51,19,7
3859042,0,943,0,40,3,1,2,1,28,38,7
3822266,0,943,0,40,3,10,2,1,62,48,7
3856446,0,943,0,40,3,2,2,1,29,35,7
3849488,0,943,0,40,2,4,2,1,32,52,7
3805856,0,943,0,40,3,9,2,1,81,68,7
3861327,0,943,0,40,3,1,2,1,23,39,7
3853385,0,943,0,40,2,3,2,1,32,35,7
3829344,1,943,881,40,3,7,2,1,57,78,7
3814989,0,943,0,40,2,9,2,1,83,45,7
3827285,0,943,0,40,2,5,2,1,73,31,7
3845978,0,943,0,40,2,2,2,1,49,32,7
3862391,0,943,0,40,2,1,2,1,20,37,7
3837592,0,943,0,40,3,6,2,1,39,73,7
3858060,0,943,0,40,2,3,2,1,22,8,7
3864380,0,943,0,40,2,1,2,1,18,30,7
3811750,0,943,0,40,3,14,2,1,65,22,7
3802163,0,943,0,40,3,14,2,1,92,30,7
3837350,0,943,0,40,3,5,2,1,52,63,7
3846521,0,943,0,40,2,5,2,1,30,68,7
3850838,0,943,0,40,2,3,2,1,33,14,7
3833918,0,943,0,40,3,6,2,1,43,36,7
3850224,0,943,0,40,3,3,2,1,33,54,7
3864202,0,943,0,40,3,1,2,1,16,38,7
3837309,0,943,0,40,2,6,2,1,54,14,7
3842481,0,943,0,40,2,4,2,1,40,8,7
3854977,0,943,0,40,2,3,2,1,25,45,7
3796704,0,943,0,40,2,9,2,1,56,56,7
3844350,0,943,0,40,3,5,2,1,43,12,7
3866296,0,943,0,40,3,1,2,1,15,59,7
3843283,0,943,0,40,2,5,2,1,35,33,7
3810280,0,943,0,40,2,11,2,1,97,72,7
3821955,1,943,898,31.4291,3,11,2,1,62,43,7
3801976,0,943,0,40,3,14,2,1,95,55,7
3851883,1,943,932,40,2,4,2,1,25,73,7
3866691,0,943,0,40,3,1,2,1,14,47,7
3867158,0,943,0,40,3,1,2,1,14,98,7
3855246,0,943,0,40,2,3,2,1,21,74,7
3838314,0,943,0,40,3,8,2,1,41,40,7
3824608,0,943,0,40,3,6,2,1,77,51,7
3843057,0,943,0,40,3,5,2,1,32,24,7
3851442,0,943,0,40,3,4,2,1,27,27,7
3831735,0,943,0,40,2,8,2,1,56,105,7
3860753,0,943,0,40,3,2,2,1,19,14,7
3822584,0,943,0,40,3,10,2,1,54,60,7
3861414,0,943,0,40,3,2,2,1,21,77,7
3862172,0,943,0,40,3,2,2,1,20,14,7
3850550,0,943,0,40,2,5,2,1,19,22,7
3867191,0,943,0,40,3,1,2,1,13,62,7
3860930,0,943,0,40,2,2,2,1,15,55,7
3828888,0,943,0,40,3,8,2,1,48,41,7
3834910,0,943,0,40,3,7,2,1,52,31,7
3854628,0,943,0,40,2,3,2,1,28,65,7
3848573,0,943,0,40,2,4,2,1,27,52,7
3854080,0,943,0,40,3,4,2,1,21,64,7
3854237,1,943,917,40,2,4,2,1,25,56,7
3854661,0,943,0,40,2,4,2,1,25,33,7
3865810,0,943,0,40,3,2,2,1,13,55,7
3868451,0,943,0,40,3,1,2,1,12,27,7
3868579,0,943,0,40,2,1,2,1,12,24,7
3856348,0,943,0,40,3,3,2,1,16,40,7
3845938,0,943,0,40,2,6,2,1,28,48,7
3846106,0,943,0,40,2,6,2,1,31,17,7
3845073,0,943,0,40,2,6,2,1,35,21,7
3849925,0,943,0,40,2,4,2,1,31,41,7
3866368,0,943,0,40,2,2,2,1,12,27,7
3857826,0,943,0,40,2,3,2,1,24,77,7
3851057,0,943,0,40,2,4,2,1,25,21,7
3812665,0,943,0,40,2,13,2,1,71,61,7
3865760,0,943,0,40,3,2,2,1,13,28,7
3814970,0,943,0,40,3,11,2,1,76,32,7
3868642,0,943,0,40,2,1,2,1,11,34,7
3869008,0,943,0,40,2,1,2,1,11,48,7
3836759,0,943,0,40,2,8,2,1,38,45,7
3846417,0,943,0,40,2,3,2,1,42,21,7
3843427,0,943,0,40,2,6,2,1,29,29,7
3841229,0,943,0,40,3,6,2,1,36,42,7
3795493,0,943,0,40,2,15,2,1,122,69,7
3837365,0,943,0,40,3,6,2,1,41,38,7
3807876,0,943,0,40,2,11,2,1,57,41,7
3840435,0,943,0,40,3,7,2,1,33,34,7
3823164,0,943,0,40,2,10,2,1,61,48,7
3857941,0,943,0,40,2,3,2,1,22,32,7
3864884,0,943,0,40,3,2,2,1,14,68,7
3818863,0,943,0,40,3,9,2,1,72,22,7
3805597,0,943,0,40,3,12,2,1,67,46,7
3804350,1,943,886,40,3,14,2,1,82,18,7
3858138,0,943,0,40,3,3,2,1,26,79,7
3856482,0,943,0,40,2,4,2,1,23,47,7
3864014,0,943,0,40,2,2,2,1,16,46,7
3860862,0,943,0,40,3,3,2,1,20,54,7
3868204,0,943,0,40,2,1,2,1,10,15,7
3868460,0,943,0,40,3,1,2,1,10,92,7
3868839,0,943,0,40,3,1,2,1,10,53,7
3869400,0,943,0,40,3,1,2,1,10,78,7
3869460,0,943,0,40,2,1,2,1,10,35,7
3771097,0,943,0,40,3,17,2,1,99,28,7
3806815,0,943,0,40,3,7,2,1,59,19,7
3864702,0,943,0,40,3,2,2,1,10,22,7
3858943,0,943,0,40,3,3,2,1,15,75,7
3863107,0,943,0,40,3,2,2,1,14,48,7
3857397,0,943,0,40,2,3,2,1,16,72,7
3840306,0,943,0,40,3,7,2,1,31,30,7
3858406,0,943,0,40,3,2,2,1,24,46,7
3844170,0,943,0,40,3,5,2,1,28,34,7
3842003,0,943,0,40,2,6,2,1,37,28,7
3861242,0,943,0,40,3,3,2,1,18,33,7
3844558,0,943,0,40,3,5,2,1,41,39,7
3845841,0,943,0,40,3,3,2,1,37,27,7
3811244,0,943,0,40,3,12,2,1,93,58,7
3850935,0,943,0,40,3,4,2,1,30,74,7
3859558,0,943,0,40,3,3,2,1,19,23,7
3816262,0,943,0,40,2,10,2,1,78,28,7
3852644,0,943,0,40,3,6,2,1,22,65,7
3832211,0,943,0,40,3,10,2,1,35,35,7
3869229,0,943,0,40,3,1,2,1,9,53,7
3869653,0,943,0,40,3,1,2,1,9,88,7
3869952,0,943,0,40,2,1,2,1,9,105,7
3815227,0,943,0,40,2,7,2,1,93,61,7
3841704,0,943,0,40,2,5,2,1,47,21,7
3860495,0,943,0,40,2,1,2,1,27,53,7
3861488,0,943,0,40,3,1,2,1,25,33,7
3800094,0,943,0,40,3,14,2,1,80,29,7
3839837,0,943,0,40,2,4,2,1,51,29,7
3850267,0,943,0,40,2,5,2,1,33,69,7
3806204,0,943,0,40,3,9,2,1,70,29,7
3743734,0,943,0,40,3,23,2,1,176,38,7
3863890,0,943,0,40,2,1,2,1,20,26,7
3864461,0,943,0,40,2,1,2,1,20,51,7
3834651,0,943,0,40,2,6,2,1,42,57,7
3851698,0,943,0,40,2,4,2,1,34,46,7
3858377,0,943,0,40,2,2,2,1,21,59,7
3834159,0,943,0,40,2,6,2,1,36,45,7
3821745,0,943,0,40,2,11,2,1,57,59,7
3849146,0,943,0,40,3,4,2,1,32,38,7
3865212,0,943,0,40,2,1,2,1,18,7,7
3853044,0,943,0,40,2,3,2,1,29,59,7
3819808,0,943,0,40,3,12,2,1,69,35,7
3854011,0,943,0,40,3,3,2,1,32,12,7
3857962,0,943,0,40,2,3,2,1,22,13,7
3821548,0,943,0,40,3,11,2,1,71,79,7
3860490,0,943,0,40,3,2,2,1,23,26,7
3865265,0,943,0,40,2,1,2,1,17,40,7
3852986,0,943,0,40,2,3,2,1,29,35,7
3833707,0,943,0,40,2,6,2,1,51,76,7
3866404,0,943,0,40,2,1,2,1,16,28,7
3851737,0,943,0,40,2,3,2,1,23,18,7
3822608,0,943,0,40,3,8,2,1,58,38,7
3866679,0,943,0,40,2,1,2,1,15,40,7
3867242,0,943,0,40,2,1,2,1,15,32,7
3835918,0,943,0,40,2,7,2,1,43,54,7
3860620,0,943,0,40,3,3,2,1,19,51,7
3852679,0,943,0,40,2,4,2,1,32,73,7
3866793,0,943,0,40,3,1,2,1,14,10,7
3867439,0,943,0,40,3,1,2,1,14,31,7
3867530,0,943,0,40,2,1,2,1,14,76,7
3867850,0,943,0,40,2,1,2,1,14,24,7
3867998,0,943,0,40,2,1,2,1,14,29,7
3855242,0,943,0,40,2,2,2,1,27,41,7
3840920,0,943,0,40,2,7,2,1,29,42,7
3860225,0,943,0,40,2,2,2,1,22,56,7
3854163,0,943,0,40,2,3,2,1,28,77,7
3822385,0,943,0,40,3,8,2,1,61,42,7
3828069,0,943,0,40,3,7,2,1,60,42,7
3868099,0,943,0,40,3,1,2,1,13,46,7
3858812,0,943,0,40,2,3,2,1,19,63,7
3858662,0,943,0,40,2,3,2,1,19,29,7
3858543,0,943,0,40,3,2,2,1,21,44,7
3848717,0,943,0,40,2,3,2,1,36,73,7
3809795,0,943,0,40,3,16,2,1,92,29,7
3865641,0,943,0,40,3,2,2,1,13,106,7
3832680,0,943,0,40,2,6,2,1,48,7,7
3858887,0,943,0,40,2,2,2,1,23,34,7
3858618,1,943,914,26.7783,3,3,2,1,20,44,7
3862747,0,943,0,40,2,2,2,1,17,19,7
3837771,0,943,0,40,2,8,2,1,41,73,7
3841550,0,943,0,40,2,5,2,1,46,20,7
3844974,0,943,0,40,2,4,2,1,34,35,7
3862393,0,943,0,40,3,2,2,1,21,34,7
3869142,0,943,0,40,3,1,2,1,12,38,7
3808303,0,943,0,40,2,10,2,1,59,30,7
3835280,0,943,0,40,2,6,2,1,36,54,7
3844572,0,943,0,40,2,5,2,1,36,17,7
3831627,0,943,0,40,2,7,2,1,42,34,7
3860662,0,943,0,40,3,3,2,1,16,14,7
3853890,0,943,0,40,3,4,2,1,22,57,7
3841202,0,943,0,40,2,7,2,1,34,35,7
3856342,0,943,0,40,2,4,2,1,21,35,7
3821580,0,943,0,40,3,13,2,1,50,28,7
3866410,0,943,0,40,2,2,2,1,12,25,7
3834510,0,943,0,40,3,5,2,1,58,34,7
3855897,1,943,913,30.3334,3,3,2,1,20,24,7
3856216,0,943,0,40,3,4,2,1,21,71,7
3856548,0,943,0,40,2,3,2,1,24,57,7
3844016,0,943,0,40,2,6,2,1,41,53,7
3868180,0,943,0,40,3,1,2,1,11,53,7
3868875,0,943,0,40,3,1,2,1,11,17,7
3869492,0,943,0,40,3,1,2,1,11,40,7
3869750,2,943,0,40,3,1,2,1,11,31,7
3855552,0,943,0,40,2,3,2,1,24,66,7
3828456,0,943,0,40,2,10,2,1,50,87,7
3836032,0,943,0,40,2,6,2,1,45,35,7
3865065,0,943,0,40,2,2,2,1,11,51,7
3856420,0,943,0,40,3,3,2,1,23,46,7
3842898,0,943,0,40,3,6,2,1,39,70,7
3813787,0,943,0,40,3,12,2,1,76,44,7
3864238,0,943,0,40,2,2,2,1,14,49,7
3814440,1,943,933,21.1476,3,10,2,1,87,67,7
3859247,0,943,0,40,2,3,2,1,16,10,7
3810021,0,943,0,40,2,14,2,1,88,80,7
3847145,0,943,0,40,2,4,2,1,28,99,7
3826011,0,943,0,40,2,9,2,1,55,36,7
3845053,0,943,0,40,2,5,2,1,32,30,7
3862826,0,943,0,40,2,3,2,1,19,52,7
3854918,0,943,0,40,3,5,2,1,21,85,7
3839767,0,943,0,40,2,7,2,1,38,80,7
3868745,0,943,0,40,3,1,2,1,10,55,7
3869765,0,943,0,40,3,1,2,1,10,32,7
3869908,0,943,0,40,3,1,2,1,10,43,7
3836292,0,943,0,40,2,7,2,1,46,53,7
3859425,0,943,0,40,2,3,2,1,13,43,7
3843987,0,943,0,40,2,6,2,1,31,71,7
3845030,0,943,0,40,2,3,2,1,46,40,7
3859071,0,943,0,40,3,3,2,1,16,24,7
3816790,0,943,0,40,3,10,2,1,75,59,7
3866674,0,943,0,40,3,2,2,1,11,40,7
3852876,0,943,0,40,3,3,2,1,31,17,7
3833145,0,943,0,40,3,7,2,1,47,53,7
3865895,0,943,0,40,3,2,2,1,14,54,7
3867051,0,943,0,40,2,2,2,1,11,24,7
3849361,0,943,0,40,3,6,2,1,26,22,7
3866913,0,943,0,40,3,2,2,1,10,36,7
3811135,0,943,0,40,3,13,2,1,85,106,7
3826549,0,943,0,40,2,10,2,1,44,35,7
3856392,0,943,0,40,2,6,2,1,19,37,7
3818208,0,943,0,40,2,12,2,1,69,42,7
3837508,0,943,0,40,3,6,2,1,54,35,7
3869021,0,943,0,40,2,1,2,1,9,26,7
3869971,0,943,0,40,3,1,2,1,9,59,7
3870592,0,943,0,40,2,1,2,1,9,26,7
3870768,0,943,0,40,2,1,2,1,9,71,7
3827485,0,943,0,40,2,8,2,1,50,25,7
3843999,0,943,0,40,2,4,2,1,50,71,7
3851981,0,943,0,40,2,3,2,1,35,72,7
3858645,0,943,0,40,3,1,2,1,30,21,7
3859408,0,943,0,40,2,1,2,1,29,52,7
3817579,0,943,0,40,3,8,2,1,89,29,7
3806308,0,943,0,40,3,6,2,1,73,38,7
3860766,0,943,0,40,2,1,2,1,27,68,7
3854106,0,943,0,40,2,2,2,1,29,17,7
3838222,0,943,0,40,2,5,2,1,48,33,7
3839588,0,943,0,40,2,4,2,1,49,33,7
3825797,1,943,884,40,3,7,2,1,72,92,7
3842602,0,943,0,40,2,5,2,1,29,37,7
3834745,0,943,0,40,2,8,2,1,39,29,7
3863537,0,943,0,40,3,1,2,1,22,93,7
3808391,0,943,0,40,3,15,2,1,95,66,7
3838328,0,943,0,40,2,6,2,1,54,35,7
3816216,0,943,0,40,3,7,2,1,87,75,7
3862991,0,943,0,40,3,2,2,1,21,23,7
3857838,0,943,0,40,2,3,2,1,24,71,7
3864094,0,943,0,40,2,1,2,1,19,41,7
3833003,0,943,0,40,3,4,2,1,64,47,7
3856788,0,943,0,40,2,4,2,1,24,34,7
3849060,0,943,0,40,3,5,2,1,35,49,7
3857278,0,943,0,40,2,2,2,1,27,32,7
3863399,0,943,0,40,2,2,2,1,18,25,7
3825743,0,943,0,40,2,8,2,1,58,71,7
3863433,0,943,0,40,3,2,2,1,20,36,7
3849353,0,943,0,40,2,4,2,1,30,63,7
3835296,0,943,0,40,3,7,2,1,43,55,7
3820603,0,943,0,40,3,11,2,1,67,29,7
3865447,0,943,0,40,3,1,2,1,16,68,7
3867130,0,943,0,40,2,1,2,1,16,44,7
3829428,0,943,0,40,3,8,2,1,52,39,7
3859487,0,943,0,40,2,3,2,1,19,34,7
3860011,0,943,0,40,2,2,2,1,23,28,7
3859948,0,943,0,40,3,3,2,1,20,31,7
3829339,1,943,924,21.3805,3,10,2,1,44,24,7
3852243,0,943,0,40,3,4,2,1,28,17,7
3866545,0,943,0,40,2,1,2,1,15,45,7
3867766,0,943,0,40,3,1,2,1,15,53,7
3858328,0,943,0,40,2,3,2,1,16,37,7
3849096,0,943,0,40,3,3,2,1,33,27,7
3862132,0,943,0,40,2,2,2,1,19,75,7
3856959,0,943,0,40,3,3,2,1,24,83,7
3859396,0,943,0,40,3,3,2,1,21,76,7
3836877,1,943,924,40,2,8,2,1,48,57,7
3860091,0,943,0,40,3,2,2,1,26,47,7
3853660,0,943,0,40,3,4,2,1,29,18,7
3825860,0,943,0,40,3,8,2,1,54,37,7
3859207,0,943,0,40,2,3,2,1,22,51,7
3868087,0,943,0,40,2,1,2,1,14,42,7
3841652,0,943,0,40,3,6,2,1,37,48,7
3859265,0,943,0,40,2,2,2,1,24,13,7
3854502,0,943,0,40,3,6,2,1,20,87,7
3843710,0,943,0,40,3,7,2,1,30,26,7
3865221,0,943,0,40,3,2,2,1,15,12,7
3845606,0,943,0,40,3,6,2,1,26,72,7
3843594,0,943,0,40,3,7,2,1,30,18,7
3867729,0,943,0,40,3,1,2,1,13,33,7
3868366,0,943,0,40,2,1,2,1,13,29,7
3838130,0,943,0,40,2,4,2,1,40,59,7
3863675,0,943,0,40,2,2,2,1,14,73,7
3850220,0,943,0,40,2,4,2,1,24,97,7
3815112,0,943,0,40,3,11,2,1,67,49,7
3858178,0,943,0,40,2,4,2,1,22,32,7
3821523,0,943,0,40,2,9,2,1,56,33,7
3849643,0,943,0,40,2,5,2,1,26,73,7
3860754,0,943,0,40,3,4,2,1,20,69,7
3866591,0,943,0,40,3,2,2,1,14,46,7
3805525,0,943,0,40,3,11,2,1,68,23,7
3823678,0,943,0,40,2,9,2,1,71,43,7
3867733,0,943,0,40,3,1,2,1,12,43,7
3868943,0,943,0,40,3,1,2,1,12,27,7
3827673,0,943,0,40,2,7,2,1,55,28,7
3797512,0,943,0,40,2,12,2,1,74,29,7
3844427,0,943,0,40,3,5,2,1,38,55,7
3813520,0,943,0,40,3,11,2,1,77,36,7
3857299,0,943,0,40,3,3,2,1,26,76,7
3815195,0,943,0,40,3,11,2,1,63,66,7
3865604,0,943,0,40,3,2,2,1,14,18,7
3802681,0,943,0,40,2,10,2,1,83,46,7
3836851,0,943,0,40,2,8,2,1,43,117,7
3863437,0,943,0,40,2,2,2,1,18,30,7
3866347,0,943,0,40,3,2,2,1,12,52,7
3827684,0,943,0,40,3,10,2,1,48,33,7
3857195,0,943,0,40,3,3,2,1,27,55,7
3826777,0,943,0,40,3,10,2,1,56,58,7
3866602,0,943,0,40,2,2,2,1,14,98,7
3821750,0,943,0,40,3,11,2,1,67,81,7
3862508,0,943,0,40,2,3,2,1,18,19,7
3839601,0,943,0,40,3,7,2,1,39,142,7
3847315,0,943,0,40,2,5,2,1,39,22,7
3864352,0,943,0,40,2,2,2,1,19,14,7
3868929,0,943,0,40,2,1,2,1,11,65,7
3869321,0,943,0,40,2,1,2,1,11,58,7
3870128,0,943,0,40,2,1,2,1,11,47,7
3853970,0,943,0,40,3,3,2,1,23,34,7
3852807,0,943,0,40,3,4,2,1,21,48,7
3792032,0,943,0,40,3,16,2,1,109,55,7
3828751,0,943,0,40,3,7,2,1,54,67,7
3855867,0,943,0,40,3,4,2,1,22,46,7
3836696,0,943,0,40,3,8,2,1,44,53,7
3861457,0,943,0,40,2,2,2,1,20,43,7
3846024,0,943,0,40,2,5,2,1,39,71,7
3855525,0,943,0,40,3,4,2,1,21,34,7
3813248,0,943,0,40,2,14,2,1,94,31,7
3867840,0,943,0,40,2,2,2,1,11,53,7
3859962,0,943,0,40,3,2,2,1,24,8,7
3864323,0,943,0,40,3,3,2,1,13,86,7
3854032,0,943,0,40,2,5,2,1,22,104,7
3806516,0,943,0,40,3,9,2,1,47,19,7
3854166,0,943,0,40,2,4,2,1,18,32,7
3805440,0,943,0,40,2,9,2,1,71,27,7
3826276,0,943,0,40,2,12,2,1,49,42,7
3869963,0,943,0,40,3,1,2,1,10,57,7
3870091,0,943,0,40,3,1,2,1,10,34,7
3870570,0,943,0,40,2,1,2,1,10,47,7
3870728,0,943,0,40,3,1,2,1,10,39,7
3838600,0,943,0,40,2,6,2,1,39,92,7
3800172,0,943,0,40,2,9,2,1,56,71,7
3835752,0,943,0,40,2,8,2,1,45,33,7
3842619,0,943,0,40,3,6,2,1,35,15,7
3862345,0,943,0,40,3,3,2,1,13,60,7
3838136,0,943,0,40,3,6,2,1,37,37,7
3810847,0,943,0,40,3,12,2,1,81,29,7
3864404,0,943,0,40,2,2,2,1,14,33,7
3863546,0,943,0,40,2,2,2,1,16,15,7
3828545,0,943,0,40,3,9,2,1,47,51,7
3867200,0,943,0,40,3,2,2,1,11,46,7
3843184,0,943,0,40,2,5,2,1,41,49,7
3842037,0,943,0,40,2,6,2,1,37,57,7
3833525,0,943,0,40,2,7,2,1,53,36,7
3866306,0,943,0,40,2,2,2,1,13,23,7
3863883,0,943,0,40,3,3,2,1,13,12,7
3848508,0,943,0,40,2,5,2,1,30,37,7
3819410,0,943,0,40,3,8,2,1,74,29,7
3775236,0,943,0,40,2,13,2,1,126,38,7
3865307,0,943,0,40,2,2,2,1,15,41,7
3829417,0,943,0,40,3,9,2,1,49,28,7
3824271,0,943,0,40,2,10,2,1,62,20,7
3858620,0,943,0,40,2,3,2,1,27,33,7
3862698,0,943,0,40,3,3,2,1,21,48,7
3870329,0,943,0,40,2,1,2,1,9,92,7
3871000,0,943,0,40,3,1,2,1,9,39,7
3871026,0,943,0,40,2,1,2,1,9,34,7
3871124,0,943,0,40,2,1,2,1,9,24,7
3800995,1,943,902,40,2,11,2,1,91,66,7
3854004,0,943,0,40,2,3,2,1,35,13,7
3862716,0,943,0,40,3,1,2,1,25,37,7
3826520,0,943,0,40,2,9,2,1,61,67,7
3863739,0,943,0,40,2,1,2,1,23,41,7
3838480,0,943,0,40,3,5,2,1,44,65,7
3839147,0,943,0,40,3,7,2,1,41,44,7
3844271,0,943,0,40,2,6,2,1,40,36,7
3864344,0,943,0,40,2,1,2,1,21,89,7
3830037,0,943,0,40,3,8,2,1,50,56,7
3829808,0,943,0,40,2,12,2,1,41,56,7
3820430,0,943,0,40,2,7,2,1,66,67,7
3816558,0,943,0,40,2,11,2,1,57,24,7
3811080,0,943,0,40,2,11,2,1,85,45,7
3847160,0,943,0,40,2,2,2,1,47,46,7
3831248,0,943,0,40,3,5,2,1,53,17,7
3858252,0,943,0,40,2,2,2,1,31,16,7
3832839,0,943,0,40,2,7,2,1,53,23,7
3857021,0,943,0,40,3,2,2,1,30,79,7
3846649,0,943,0,40,3,4,2,1,34,41,7
3865467,0,943,0,40,2,1,2,1,18,34,7
3807295,0,943,0,40,3,7,2,1,47,19,7
3817314,0,943,0,40,3,10,2,1,65,43,7
3816424,0,943,0,40,2,9,2,1,79,53,7
3837064,0,943,0,40,2,4,2,1,58,25,7
3854265,0,943,0,40,3,3,2,1,32,25,7
3857837,0,943,0,40,2,3,2,1,22,47,7
3852159,0,943,0,40,3,5,2,1,24,34,7
3851262,0,943,0,40,2,4,2,1,31,65,7
3865719,0,943,0,40,3,2,2,1,18,56,7
3847699,0,943,0,40,2,6,2,1,33,29,7
3867107,0,943,0,40,3,1,2,1,16,89,7
3824575,0,943,0,40,2,9,2,1,57,32,7
3833653,0,943,0,40,2,7,2,1,47,25,7
3848069,0,943,0,40,3,2,2,1,45,53,7
3815902,0,943,0,40,2,15,2,1,65,23,7
3830070,0,943,0,40,3,8,2,1,52,47,7
3861377,0,943,0,40,2,2,2,1,22,58,7
3811392,0,943,0,40,3,13,2,1,91,41,7
3833944,0,943,0,40,3,7,2,1,53,57,7
3830830,0,943,0,40,2,9,2,1,54,15,7
3852887,1,943,924,40,2,3,2,1,30,73,7
3842360,0,943,0,40,2,7,2,1,46,37,7
3825732,0,943,0,40,2,8,2,1,67,49,7
3863769,0,943,0,40,3,2,2,1,19,33,7
3833088,0,943,0,40,3,8,2,1,46,46,7
3837076,0,943,0,40,3,6,2,1,51,41,7
3862561,0,943,0,40,3,3,2,1,17,58,7
3862867,0,943,0,40,3,2,2,1,21,56,7
3838759,0,943,0,40,3,8,2,1,42,44,7
3860747,0,943,0,40,3,3,2,1,24,85,7
3869110,0,943,0,40,2,1,2,1,14,40,7
3836931,0,943,0,40,2,6,2,1,46,46,7
3866997,0,943,0,40,3,1,2,1,13,23,7
3868879,0,943,0,40,2,1,2,1,13,37,7
3845869,0,943,0,40,2,6,2,1,32,32,7
3852586,0,943,0,40,3,3,2,1,34,30,7
3846612,0,943,0,40,3,5,2,1,29,50,7
3841732,0,943,0,40,3,8,2,1,38,28,7
3833283,0,943,0,40,3,7,2,1,51,45,7
3826842,0,943,0,40,2,10,2,1,53,34,7
3842545,0,943,0,40,3,6,2,1,36,64,7
3855941,0,943,0,40,3,4,2,1,17,66,7
3861068,0,943,0,40,2,3,2,1,22,24,7
3850782,0,943,0,40,3,6,2,1,29,26,7
3851434,0,943,0,40,2,4,2,1,36,63,7
3867848,0,943,0,40,3,2,2,1,14,47,7
3819928,0,943,0,40,2,10,2,1,78,46,7
3868136,0,943,0,40,3,1,2,1,12,50,7
3869900,0,943,0,40,3,1,2,1,12,71,7
3870166,0,943,0,40,2,1,2,1,12,62,7
3850611,0,943,0,40,2,4,2,1,25,58,7
3849587,0,943,0,40,2,6,2,1,22,70,7
3853140,0,943,0,40,2,4,2,1,20,34,7
3858450,0,943,0,40,2,2,2,1,27,25,7
3851499,0,943,0,40,2,3,2,1,31,81,7
3824402,0,943,0,40,2,11,2,1,43,47,7
3842262,0,943,0,40,2,6,2,1,37,54,7
3806035,0,943,0,40,2,11,2,1,83,51,7
3835709,0,943,0,40,2,6,2,1,45,34,7
3862390,0,943,0,40,2,3,2,1,19,32,7
3868403,0,943,0,40,3,2,2,1,12,35,7
3849492,0,943,0,40,2,6,2,1,32,70,7
3811844,0,943,0,40,2,15,2,1,78,38,7
3868973,0,943,0,40,3,1,2,1,11,48,7
3870474,0,943,0,40,2,1,2,1,11,40,7
3870494,0,943,0,40,3,1,2,1,11,59,7
3870644,0,943,0,40,3,1,2,1,11,68,7
3857432,0,943,0,40,3,2,2,1,23,34,7
3812035,0,943,0,40,2,13,2,1,59,69,7
3835836,0,943,0,40,3,7,2,1,41,49,7
3800675,0,943,0,40,3,14,2,1,102,75,7
3705064,1,943,575,40,3,27,2,1,207,13,7
3828718,0,943,0,40,2,9,2,1,50,40,7
3843056,0,943,0,40,2,7,2,1,27,13,7
3847586,0,943,0,40,3,5,2,1,27,69,7
3848091,0,943,0,40,2,5,2,1,37,49,7
3829462,0,943,0,40,2,10,2,1,48,42,7
3866247,0,943,0,40,2,2,2,1,17,57,7
3867323,0,943,0,40,2,2,2,1,14,22,7
3812672,0,943,0,40,3,10,2,1,98,11,7
3870405,0,943,0,40,3,1,2,1,10,26,7
3871192,0,943,0,40,3,1,2,1,10,21,7
3871412,0,943,0,40,3,1,2,1,10,37,7
3871470,0,943,0,40,2,1,2,1,10,63,7
3813922,0,943,0,40,2,13,2,1,79,46,7
3826217,0,943,0,40,3,10,2,1,61,56,7
3864124,0,943,0,40,2,2,2,1,15,41,7
3866214,0,943,0,40,3,2,2,1,11,37,7
3833394,0,943,0,40,3,8,2,1,46,54,7
3810705,0,943,0,40,2,13,2,1,83,85,7
3821663,0,943,0,40,2,9,2,1,60,30,7
3819823,0,943,0,40,3,9,2,1,67,56,7
3866726,0,943,0,40,2,2,2,1,15,33,7
3859021,0,943,0,40,3,4,2,1,18,25,7
3869249,0,943,0,40,3,2,2,1,10,18,7
3871581,0,943,0,40,2,1,2,1,9,26,7
3871799,0,943,0,40,3,1,2,1,9,57,7
3830556,0,943,0,40,2,7,2,1,57,51,7
3821342,0,943,0,40,3,11,2,1,73,27,7
3853145,0,943,0,40,3,3,2,1,28,50,7
3860266,0,943,0,40,3,2,2,1,24,58,7
3821707,0,943,0,40,3,9,2,1,69,43,7
3863540,0,943,0,40,2,1,2,1,21,72,7
3857445,0,943,0,40,3,2,2,1,30,34,7
3831522,0,943,0,40,3,9,2,1,57,56,7
3846800,0,943,0,40,2,4,2,1,45,47,7
3810436,0,943,0,40,3,10,2,1,108,35,7
3845663,0,943,0,40,3,5,2,1,35,34,7
3817122,1,943,895,40,2,7,2,1,90,22,7
3807021,0,943,0,40,2,9,2,1,73,61,7
3829271,0,943,0,40,2,9,2,1,62,61,7
3867162,0,943,0,40,2,1,2,1,18,65,7
3845131,0,943,0,40,2,4,2,1,42,65,7
3843673,0,943,0,40,2,5,2,1,41,104,7
3858229,0,943,0,40,3,3,2,1,19,69,7
3857355,0,943,0,40,3,2,2,1,27,29,7
3853346,0,943,0,40,3,4,2,1,27,49,7
3859698,0,943,0,40,3,3,2,1,19,60,7
3825078,0,943,0,40,3,6,2,1,64,44,7
3861967,0,943,0,40,3,3,2,1,18,62,7
3851501,0,943,0,40,3,5,2,1,30,34,7
3869324,0,943,0,40,2,1,2,1,14,23,7
3869688,0,943,0,40,2,1,2,1,14,66,7
3825886,0,943,0,40,3,11,2,1,48,43,7
3859237,0,943,0,40,2,3,2,1,16,31,7
3847466,0,943,0,40,2,5,2,1,36,55,7
3858632,0,943,0,40,2,3,2,1,24,33,7
3868641,0,943,0,40,2,1,2,1,13,38,7
3806111,1,943,923,35.2924,3,14,2,1,88,24,7
3851030,0,943,0,40,3,5,2,1,23,66,7
3847035,0,943,0,40,3,5,2,1,36,79,7
3852953,0,943,0,40,2,4,2,1,24,27,7
3852468,0,943,0,40,2,4,2,1,28,39,7
3870352,0,943,0,40,3,1,2,1,12,46,7
3841255,1,943,936,40,2,6,2,1,34,78,7
3865083,0,943,0,40,3,2,2,1,13,53,7
3826112,0,943,0,40,3,9,2,1,60,17,7
3858963,0,943,0,40,2,3,2,1,20,43,7
3861989,0,943,0,40,3,2,2,1,21,93,7
3857180,0,943,0,40,3,3,2,1,25,38,7
3830027,1,943,879,40,2,6,2,1,51,43,7
3855720,0,943,0,40,2,3,2,1,28,33,7
3871100,0,943,0,40,2,1,2,1,11,19,7
3871432,0,943,0,40,2,1,2,1,11,44,7
3848580,0,943,0,40,2,5,2,1,36,31,7
3823277,0,943,0,40,3,10,2,1,60,71,7
3828714,0,943,0,40,3,10,2,1,55,37,7
3848830,0,943,0,40,3,4,2,1,34,60,7
3851186,0,943,0,40,3,5,2,1,30,55,7
3842841,0,943,0,40,3,7,2,1,33,53,7
3867621,0,943,0,40,2,2,2,1,11,43,7
3870955,0,943,0,40,3,1,2,1,10,58,7
3822576,0,943,0,40,2,10,2,1,57,43,7
3866185,0,943,0,40,3,2,2,1,11,91,7
3837025,0,943,0,40,2,7,2,1,37,41,7
3868182,0,943,0,40,3,2,2,1,10,34,7
3832062,0,943,0,40,2,8,2,1,53,19,7
3853332,0,943,0,40,3,4,2,1,26,21,7
3818314,0,943,0,40,3,9,2,1,76,29,7
3842783,0,943,0,40,2,6,2,1,48,44,7
3857999,0,943,0,40,3,3,2,1,24,14,7
3821005,0,943,0,40,3,9,2,1,76,71,7
3845856,0,943,0,40,3,6,2,1,37,60,7
3872086,0,943,0,40,3,1,2,1,9,31,7
3872258,0,943,0,40,3,1,2,1,9,34,7
3853782,0,943,0,40,2,2,2,1,34,44,7
3839492,0,943,0,40,3,6,2,1,40,16,7
3841027,0,943,0,40,3,6,2,1,32,47,7
3818887,0,943,0,40,3,10,2,1,66,57,7
3810479,0,943,0,40,3,14,2,1,79,30,7
3852949,0,943,0,40,2,4,2,1,27,99,7
3859268,0,943,0,40,2,5,2,1,22,61,7
3857939,0,943,0,40,3,3,2,1,30,42,7
3870409,0,943,0,40,2,1,2,1,12,50,7
3871024,0,943,0,40,2,1,2,1,12,34,7
3827284,0,943,0,40,2,8,2,1,55,37,7
3849868,0,943,0,40,2,5,2,1,30,56,7
3815094,1,943,898,40,2,15,2,1,70,40,7
3820948,1,943,881,40,2,12,2,1,63,48,7
3839140,0,943,0,40,2,6,2,1,40,73,7
3835991,0,943,0,40,3,6,2,1,41,12,7
3812266,0,943,0,40,2,10,2,1,74,36,7
3834348,0,943,0,40,2,7,2,1,56,16,7
3821386,0,943,0,40,2,11,2,1,54,35,7
3812496,0,943,0,40,2,17,2,1,70,68,7
3869853,0,943,0,40,2,0,2,1,8,55,7
3870205,0,943,0,40,3,0,2,1,8,42,7
3870423,0,943,0,40,3,0,2,1,8,52,7
3870965,0,943,0,40,2,0,2,1,8,18,7
3870997,0,943,0,40,2,0,2,1,8,31,7
3871029,0,943,0,40,2,0,2,1,8,76,7
3871093,0,943,0,40,3,0,2,1,8,70,7
3871205,0,943,0,40,3,0,2,1,8,71,7
3871237,0,943,0,40,2,0,2,1,8,16,7
3871269,0,943,0,40,2,0,2,1,8,24,7
3871476,0,943,0,40,2,0,2,1,8,68,7
3871604,0,943,0,40,3,0,2,1,8,16,7
3871636,0,943,0,40,3,0,2,1,8,79,7
3871684,0,943,0,40,3,0,2,1,8,53,7
3871796,0,943,0,40,2,0,2,1,8,49,7
3871828,0,943,0,40,3,0,2,1,8,36,7
3871844,0,943,0,40,3,0,2,1,8,33,7
3871860,0,943,0,40,3,0,2,1,8,48,7
3871876,0,943,0,40,3,0,2,1,8,72,7
3871940,0,943,0,40,3,0,2,1,8,16,7
3871956,0,943,0,40,3,0,2,1,8,43,7
3871972,0,943,0,40,2,0,2,1,8,46,7
3871988,0,943,0,40,3,0,2,1,8,57,7
3872004,0,943,0,40,2,0,2,1,8,97,7
3872036,0,943,0,40,3,0,2,1,8,35,7
3872053,0,943,0,40,3,0,2,1,8,27,7
3872101,0,943,0,40,3,0,2,1,8,71,7
3872109,0,943,0,40,2,0,2,1,8,38,7
3872133,0,943,0,40,3,0,2,1,8,76,7
3872181,0,943,0,40,3,0,2,1,8,14,7
3872189,0,943,0,40,3,0,2,1,8,26,7
3872221,0,943,0,40,2,0,2,1,8,21,7
3872237,0,943,0,40,2,0,2,1,8,21,7
3872293,0,943,0,40,3,0,2,1,8,56,7
3872317,0,943,0,40,3,0,2,1,8,28,7
3872349,0,943,0,40,3,0,2,1,8,78,7
3872389,0,943,0,40,2,0,2,1,8,78,7
3872397,0,943,0,40,2,0,2,1,8,48,7
3872405,0,943,0,40,2,0,2,1,8,29,7
3872413,0,943,0,40,2,0,2,1,8,32,7
3872453,0,943,0,40,2,0,2,1,8,30,7
3872477,0,943,0,40,2,0,2,1,8,56,7
3872493,0,943,0,40,3,0,2,1,8,35,7
3872501,0,943,0,40,2,0,2,1,8,65,7
3872509,0,943,0,40,2,0,2,1,8,48,7
3872565,0,943,0,40,3,0,2,1,8,62,7
3872573,0,943,0,40,3,0,2,1,8,57,7
3872597,0,943,0,40,3,0,2,1,8,58,7
3872605,0,943,0,40,3,0,2,1,8,80,7
3872622,0,943,0,40,3,0,2,1,8,27,7
3872642,0,943,0,40,2,0,2,1,8,161,7
3872650,0,943,0,40,2,0,2,1,8,54,7
3872654,0,943,0,40,2,0,2,1,8,43,7
3872674,0,943,0,40,2,0,2,1,8,47,7
3872694,0,943,0,40,2,0,2,1,8,28,7
3872698,0,943,0,40,3,0,2,1,8,45,7
3872710,0,943,0,40,3,0,2,1,8,49,7
3872718,0,943,0,40,2,0,2,1,8,38,7
3872730,0,943,0,40,2,0,2,1,8,40,7
3872734,0,943,0,40,3,0,2,1,8,57,7
3872754,0,943,0,40,2,0,2,1,8,33,7
3872778,0,943,0,40,2,0,2,1,8,41,7
3872790,0,943,0,40,3,0,2,1,8,39,7
3872802,0,943,0,40,2,0,2,1,8,50,7
3872806,0,943,0,40,3,0,2,1,8,27,7
3872810,0,943,0,40,3,0,2,1,8,51,7
3872818,0,943,0,40,3,0,2,1,8,91,7
3872826,0,943,0,40,2,0,2,1,8,21,7
3872830,0,943,0,40,2,0,2,1,8,61,7
3872834,0,943,0,40,2,0,2,1,8,55,7
3872842,0,943,0,40,3,0,2,1,8,40,7
3872854,0,943,0,40,2,0,2,1,8,52,7
3872862,0,943,0,40,3,0,2,1,8,28,7
3872890,0,943,0,40,2,0,2,1,8,30,7
3872910,0,943,0,40,3,0,2,1,8,31,7
3872914,0,943,0,40,2,0,2,1,8,59,7
3872930,0,943,0,40,3,0,2,1,8,36,7
3872946,0,943,0,40,2,0,2,1,8,29,7
3872958,0,943,0,40,2,0,2,1,8,41,7
3872970,0,943,0,40,2,0,2,1,8,91,7
3872974,0,943,0,40,2,0,2,1,8,56,7
3872982,0,943,0,40,3,0,2,1,8,34,7
3872986,0,943,0,40,3,0,2,1,8,74,7
3873006,0,943,0,40,3,0,2,1,8,37,7
3873010,0,943,0,40,2,0,2,1,8,60,7
3873022,0,943,0,40,2,0,2,1,8,43,7
3873030,0,943,0,40,3,0,2,1,8,62,7
3873034,0,943,0,40,2,0,2,1,8,39,7
3873042,0,943,0,40,3,0,2,1,8,26,7
3873046,0,943,0,40,3,0,2,1,8,32,7
3873074,0,943,0,40,2,0,2,1,8,68,7
3873098,0,943,0,40,2,0,2,1,8,20,7
3873102,0,943,0,40,3,0,2,1,8,24,7
3873106,0,943,0,40,3,0,2,1,8,45,7
3873122,0,943,0,40,2,0,2,1,8,30,7
3873130,0,943,0,40,3,0,2,1,8,45,7
3873154,0,943,0,40,3,0,2,1,8,35,7
3873158,0,943,0,40,3,0,2,1,8,84,7
3873160,0,943,0,40,3,0,2,1,8,21,7
3873162,0,943,0,40,2,0,2,1,8,35,7
3873166,0,943,0,40,2,0,2,1,8,64,7
3873170,0,943,0,40,3,0,2,1,8,88,7
3873172,0,943,0,40,2,0,2,1,8,97,7
3873178,0,943,0,40,3,0,2,1,8,17,7
3873182,0,943,0,40,3,0,2,1,8,33,7
3873190,0,943,0,40,2,0,2,1,8,7,7
3873208,0,943,0,40,2,0,2,1,8,19,7
3873212,0,943,0,40,3,0,2,1,8,22,7
3873216,0,943,0,40,3,0,2,1,8,55,7
3873226,0,943,0,40,2,0,2,1,8,23,7
3873228,0,943,0,40,3,0,2,1,8,38,7
3873254,0,943,0,40,2,0,2,1,8,23,7
3873258,0,943,0,40,2,0,2,1,8,40,7
3873260,0,943,0,40,2,0,2,1,8,38,7
3873268,0,943,0,40,3,0,2,1,8,16,7
3873272,0,943,0,40,3,0,2,1,8,23,7
3873280,0,943,0,40,3,0,2,1,8,47,7
3873288,0,943,0,40,2,0,2,1,8,40,7
3873314,0,943,0,40,3,0,2,1,8,28,7
3873322,0,943,0,40,3,0,2,1,8,27,7
3873328,0,943,0,40,2,0,2,1,8,53,7
3873344,0,943,0,40,2,0,2,1,8,35,7
3873348,0,943,0,40,3,0,2,1,8,34,7
3873350,0,943,0,40,3,0,2,1,8,48,7
3873352,0,943,0,40,3,0,2,1,8,17,7
3873354,0,943,0,40,3,0,2,1,8,59,7
3873358,0,943,0,40,2,0,2,1,8,45,7
3873372,0,943,0,40,2,0,2,1,8,32,7
3873382,0,943,0,40,2,0,2,1,8,53,7
3873390,0,943,0,40,3,0,2,1,8,53,7
3873392,0,943,0,40,2,0,2,1,8,15,7
3873406,0,943,0,40,2,0,2,1,8,31,7
3873414,0,943,0,40,3,0,2,1,8,32,7
3873422,0,943,0,40,2,0,2,1,8,25,7
3873424,0,943,0,40,2,0,2,1,8,50,7
3873426,0,943,0,40,2,0,2,1,8,31,7
3873428,0,943,0,40,3,0,2,1,8,51,7
3873432,0,943,0,40,3,0,2,1,8,35,7
3873436,0,943,0,40,2,0,2,1,8,84,7
3873442,0,943,0,40,2,0,2,1,8,114,7
3873448,0,943,0,40,3,0,2,1,8,64,7
3873454,0,943,0,40,3,0,2,1,8,22,7
3873460,0,943,0,40,2,0,2,1,8,47,7
3873462,0,943,0,40,2,0,2,1,8,16,7
3873476,0,943,0,40,3,0,2,1,8,40,7
3873480,0,943,0,40,3,0,2,1,8,58,7
3873488,0,943,0,40,3,0,2,1,8,28,7
3873500,0,943,0,40,2,0,2,1,8,65,7
3873504,0,943,0,40,3,0,2,1,8,17,7
3873512,0,943,0,40,2,0,2,1,8,27,7
3873514,0,943,0,40,2,0,2,1,8,57,7
3873516,0,943,0,40,2,0,2,1,8,63,7
3873518,0,943,0,40,3,0,2,1,8,21,7
3873520,0,943,0,40,2,0,2,1,8,37,7
3873530,0,943,0,40,2,0,2,1,8,43,7
3873532,0,943,0,40,3,0,2,1,8,40,7
3873544,0,943,0,40,3,0,2,1,8,8,7
3873546,0,943,0,40,3,0,2,1,8,47,7
3873552,0,943,0,40,3,0,2,1,8,21,7
3873554,0,943,0,40,2,0,2,1,8,70,7
3873560,0,943,0,40,2,0,2,1,8,54,7
3873562,0,943,0,40,2,0,2,1,8,78,7
3873572,0,943,0,40,3,0,2,1,8,27,7
3873580,0,943,0,40,2,0,2,1,8,41,7
3873588,0,943,0,40,2,0,2,1,8,25,7
3873598,0,943,0,40,2,0,2,1,8,37,7
3873612,0,943,0,40,2,0,2,1,8,57,7
3873618,0,943,0,40,2,0,2,1,8,46,7
3873620,0,943,0,40,3,0,2,1,8,15,7
3873628,0,943,0,40,3,0,2,1,8,59,7
3873630,0,943,0,40,2,0,2,1,8,40,7
3873638,0,943,0,40,2,0,2,1,8,54,7
3873640,0,943,0,40,2,0,2,1,8,12,7
3873646,0,943,0,40,3,0,2,1,8,35,7
3873658,0,943,0,40,2,0,2,1,8,36,7
3873664,0,943,0,40,2,0,2,1,8,31,7
3873666,0,943,0,40,3,0,2,1,8,33,7
3873668,0,943,0,40,3,0,2,1,8,19,7
3873670,0,943,0,40,3,0,2,1,8,34,7
3873678,0,943,0,40,3,0,2,1,8,86,7
3873680,0,943,0,40,3,0,2,1,8,41,7
3873692,0,943,0,40,2,0,2,1,8,36,7
3873702,0,943,0,40,2,0,2,1,8,53,7
3873712,0,943,0,40,3,0,2,1,8,141,7
3873714,0,943,0,40,2,0,2,1,8,49,7
3873724,0,943,0,40,2,0,2,1,8,26,7
3858967,0,943,0,40,3,1,2,1,13,65,7
3841998,0,943,0,40,2,3,2,1,33,9,7
3858615,0,943,0,40,3,1,2,1,16,38,7
3813604,0,943,0,40,2,10,2,1,67,36,7
3817532,0,943,0,40,3,9,2,1,67,59,7
3857655,0,943,0,40,2,2,2,1,21,33,7
3847399,0,943,0,40,3,3,2,1,32,40,7
3853404,0,943,0,40,2,3,2,1,18,21,7
3816660,0,943,0,40,3,10,2,1,62,33,7
3860308,0,943,0,40,2,2,2,1,10,73,7
3857859,0,943,0,40,2,3,2,1,14,7,7
3866550,0,943,0,40,2,1,2,1,8,17,7
3846871,0,943,0,40,3,3,2,1,30,27,7
3840758,0,943,0,40,3,5,2,1,36,96,7
3836068,0,943,0,40,2,7,2,1,37,56,7
3834016,0,943,0,40,2,4,2,1,56,19,7
3846540,0,943,0,40,3,4,2,1,27,75,7
3851772,0,943,0,40,3,4,2,1,25,16,7
3866475,0,943,0,40,2,1,2,1,8,25,7
3838707,0,943,0,40,3,4,2,1,44,23,7
3859005,0,943,0,40,3,1,2,1,22,19,7
3858679,0,943,0,40,2,1,2,1,20,65,7
3830072,0,943,0,40,3,4,2,1,47,70,7
3804829,0,943,0,40,2,10,2,1,70,22,7
3847196,0,943,0,40,2,4,2,1,35,37,7
3850636,0,943,0,40,2,3,2,1,27,50,7
3857279,0,943,0,40,2,3,2,1,21,37,7
3862052,0,943,0,40,2,2,2,1,13,13,7
3849948,0,943,0,40,3,4,2,1,28,53,7
3841002,0,943,0,40,2,5,2,1,41,57,7
3866164,0,943,0,40,2,1,2,1,10,23,7
3859753,0,943,0,40,3,2,2,1,17,38,7
3809942,0,943,0,40,3,13,2,1,87,26,7
3863703,0,943,0,40,3,2,2,1,13,69,7
3842786,0,943,0,40,2,2,2,1,47,125,7
3860508,0,943,0,40,2,1,2,1,21,38,7
3851341,0,943,0,40,2,3,2,1,29,35,7
3857282,0,943,0,40,3,2,2,1,21,35,7
3844808,0,943,0,40,2,3,2,1,44,97,7
3842119,0,943,0,40,2,4,2,1,28,62,7
3832580,0,943,0,40,2,8,2,1,46,9,7
3864419,0,943,0,40,2,1,2,1,15,72,7
3809770,0,943,0,40,2,13,2,1,76,74,7
3843590,0,943,0,40,3,5,2,1,29,28,7
3844624,0,943,0,40,2,5,2,1,34,30,7
3858239,0,943,0,40,2,2,2,1,22,71,7
3851823,0,943,0,40,3,2,2,1,17,37,7
3816159,0,943,0,40,2,10,2,1,75,35,7
3845198,0,943,0,40,2,4,2,1,29,48,7
3727437,0,943,0,40,3,29,2,1,149,83,7
3843276,0,943,0,40,3,7,2,1,31,55,7
3827787,0,943,0,40,3,7,2,1,49,51,7
3857314,0,943,0,40,2,3,2,1,13,77,7
3846878,0,943,0,40,2,4,2,1,33,35,7
3806331,0,943,0,40,3,7,2,1,40,62,7
3835585,0,943,0,40,2,6,2,1,39,39,7
3867862,0,943,0,40,2,1,2,1,9,18,7
3852464,0,943,0,40,3,2,2,1,27,52,7
3860437,0,943,0,40,2,3,2,1,13,30,7
3861404,0,943,0,40,3,3,2,1,16,40,7
3860099,0,943,0,40,3,3,2,1,15,59,7
3868207,0,943,0,40,3,1,2,1,8,71,7
3847708,0,943,0,40,3,4,2,1,31,16,7
3843526,0,943,0,40,3,5,2,1,41,60,7
3819415,0,943,0,40,3,10,2,1,51,45,7
3846165,0,943,0,40,2,4,2,1,37,61,7
3844482,0,943,0,40,2,4,2,1,30,12,7
3857454,0,943,0,40,2,2,2,1,23,52,7
3805240,0,943,0,40,3,10,2,1,65,47,7
3846146,0,943,0,40,3,4,2,1,35,53,7
3846092,0,943,0,40,3,4,2,1,35,12,7
3864698,0,943,0,40,2,1,2,1,15,60,7
3849462,0,943,0,40,3,3,2,1,26,40,7
3801107,0,943,0,40,3,10,2,1,90,41,7
3857540,0,943,0,40,3,3,2,1,20,73,7
3837341,2,943,0,40,3,5,2,1,39,30,7
3836076,0,943,0,40,2,7,2,1,39,46,7
3776786,0,943,0,40,3,20,2,1,83,46,7
3840664,0,943,0,40,2,4,2,1,33,34,7
3851508,0,943,0,40,3,4,2,1,26,49,7
3826035,0,943,0,40,2,10,2,1,56,78,7
3842553,1,943,918,40,2,6,2,1,34,44,7
3846568,0,943,0,40,3,5,2,1,33,22,7
3865095,0,943,0,40,2,2,2,1,12,38,7
3867331,0,943,0,40,3,1,2,1,10,77,7
3868026,0,943,0,40,3,1,2,1,10,65,7
3861695,1,943,930,40,2,2,2,1,14,44,7
3851730,1,943,918,40,2,7,2,1,20,42,7
3865482,0,943,0,40,3,2,2,1,10,45,7
3851906,0,943,0,40,2,6,2,1,16,48,7
3867217,0,943,0,40,2,1,2,1,9,44,7
3858233,0,943,0,40,3,2,2,1,15,51,7
3805899,1,943,917,40,2,17,2,1,107,43,7
3853832,0,943,0,40,2,3,2,1,21,15,7
3851642,0,943,0,40,3,3,2,1,26,27,7
3830244,0,943,0,40,2,9,2,1,38,37,7
3848884,0,943,0,40,3,4,2,1,26,42,7
3863194,0,943,0,40,2,2,2,1,15,28,7
3842230,0,943,0,40,3,4,2,1,41,23,7
3867625,0,943,0,40,3,1,2,1,8,32,7
3837357,0,943,0,40,3,2,2,1,59,50,7
3839171,0,943,0,40,2,4,2,1,53,48,7
3828185,0,943,0,40,3,6,2,1,60,19,7
3849583,0,943,0,40,3,2,2,1,36,51,7
3808305,0,943,0,40,2,11,2,1,82,47,7
3822397,0,943,0,40,3,9,2,1,53,70,7
3848404,0,943,0,40,2,3,2,1,34,17,7
3838357,0,943,0,40,3,5,2,1,46,15,7
3860926,0,943,0,40,2,1,2,1,23,37,7
3855406,0,943,0,40,2,2,2,1,31,25,7
3853537,0,943,0,40,2,2,2,1,30,36,7
3805108,0,943,0,40,2,11,2,1,73,66,7
3838344,0,943,0,40,3,4,2,1,55,12,7
3806263,0,943,0,40,2,7,2,1,53,57,7
3817386,0,943,0,40,3,11,2,1,75,48,7
3823489,0,943,0,40,3,7,2,1,58,46,7
3863567,0,943,0,40,2,1,2,1,18,37,7
3858005,0,943,0,40,2,2,2,1,21,40,7
3835950,0,943,0,40,2,5,2,1,53,82,7
3863522,0,943,0,40,2,1,2,1,17,91,7
3799347,0,943,0,40,2,11,2,1,52,54,7
3861432,0,943,0,40,3,2,2,1,18,42,7
3860743,0,943,0,40,3,2,2,1,20,35,7
3863576,0,943,0,40,2,1,2,1,16,38,7
3808567,0,943,0,40,3,8,2,1,88,77,7
3835588,0,943,0,40,3,7,2,1,44,7,7
3863732,0,943,0,40,2,1,2,1,15,46,7
3845227,0,943,0,40,3,3,2,1,29,32,7
3856056,0,943,0,40,2,3,2,1,23,41,7
3859537,0,943,0,40,2,3,2,1,16,41,7
3818431,0,943,0,40,3,10,2,1,73,48,7
3817956,0,943,0,40,2,10,2,1,68,62,7
3812664,0,943,0,40,3,10,2,1,66,41,7
3820494,0,943,0,40,2,10,2,1,64,43,7
3837741,0,943,0,40,2,6,2,1,40,39,7
3849958,0,943,0,40,2,5,2,1,27,36,7
3862709,0,943,0,40,2,2,2,1,16,113,7
3844007,0,943,0,40,3,4,2,1,38,34,7
3852004,0,943,0,40,2,5,2,1,23,21,7
3857188,0,943,0,40,2,3,2,1,23,34,7
3865988,0,943,0,40,2,1,2,1,13,66,7
3830119,0,943,0,40,2,6,2,1,53,29,7
3828447,0,943,0,40,2,6,2,1,57,20,7
3858054,0,943,0,40,2,2,2,1,22,12,7
3816588,0,943,0,40,3,8,2,1,83,50,7
3847449,0,943,0,40,2,4,2,1,28,64,7
3814545,0,943,0,40,3,12,2,1,78,50,7
3851522,1,943,902,40,3,4,2,1,22,40,7
3864938,0,943,0,40,3,2,2,1,14,17,7
3817732,0,943,0,40,2,14,2,1,63,24,7
3857120,0,943,0,40,2,2,2,1,18,59,7
3831969,0,943,0,40,3,6,2,1,42,40,7
3855700,0,943,0,40,3,2,2,1,27,34,7
3820941,0,943,0,40,3,8,2,1,75,35,7
3857799,0,943,0,40,3,3,2,1,20,54,7
3848866,0,943,0,40,3,6,2,1,24,12,7
3850511,1,943,907,39.1771,3,3,2,1,29,48,7
3858446,0,943,0,40,2,4,2,1,22,40,7
3864734,0,943,0,40,3,2,2,1,15,32,7
3866625,0,943,0,40,2,1,2,1,11,28,7
3825111,0,943,0,40,3,8,2,1,58,75,7
3833331,0,943,0,40,2,4,2,1,56,45,7
3849622,0,943,0,40,3,6,2,1,27,18,7
3846763,1,943,926,40,2,8,2,1,25,38,7
3868335,0,943,0,40,3,1,2,1,10,52,7
3839915,0,943,0,40,3,4,2,1,39,34,7
3842681,0,943,0,40,3,6,2,1,37,26,7
3845096,0,943,0,40,2,5,2,1,28,44,7
3847861,0,943,0,40,3,5,2,1,25,73,7
3850384,0,943,0,40,3,4,2,1,25,40,7
3828289,1,943,924,27.519,3,9,2,1,52,34,7
3863521,0,943,0,40,2,2,2,1,13,53,7
3803827,0,943,0,40,3,9,2,1,83,27,7
3827764,0,943,0,40,2,9,2,1,54,20,7
3866424,0,943,0,40,3,2,2,1,10,39,7
3835811,0,943,0,40,3,6,2,1,46,28,7
3867545,0,943,0,40,2,1,2,1,9,49,7
3869112,0,943,0,40,3,1,2,1,9,77,7
3858331,0,943,0,40,2,3,2,1,18,74,7
3861705,0,943,0,40,3,2,2,1,11,33,7
3864259,0,943,0,40,3,2,2,1,10,40,7
3862614,0,943,0,40,3,2,2,1,14,59,7
3806044,0,943,0,40,2,15,2,1,50,30,7
3839221,0,943,0,40,3,7,2,1,30,56,7
3853036,0,943,0,40,2,4,2,1,17,39,7
3835097,0,943,0,40,3,4,2,1,56,22,7
3865291,0,943,0,40,3,2,2,1,9,59,7
3865397,0,943,0,40,2,2,2,1,11,44,7
3837983,0,943,0,40,3,8,2,1,33,55,7
3869123,0,943,0,40,2,1,2,1,8,78,7
3869716,0,943,0,40,3,1,2,1,8,46,7
3852316,0,943,0,40,3,1,2,1,38,31,7
3853119,0,943,0,40,2,3,2,1,28,45,7
3849815,0,943,0,40,3,3,2,1,29,38,7
3852629,0,943,0,40,2,2,2,1,29,48,7
3853972,0,943,0,40,3,2,2,1,33,44,7
3837455,0,943,0,40,3,5,2,1,47,128,7
3807085,0,943,0,40,3,8,2,1,55,65,7
3841902,0,943,0,40,2,6,2,1,42,28,7
3855317,0,943,0,40,2,2,2,1,30,23,7
3836820,0,943,0,40,3,3,2,1,60,18,7
3849745,0,943,0,40,2,2,2,1,32,76,7
3859569,0,943,0,40,2,2,2,1,20,58,7
3838800,0,943,0,40,2,6,2,1,42,125,7
3863486,0,943,0,40,2,1,2,1,18,59,7
3845860,0,943,0,40,2,5,2,1,28,20,7
3851326,0,943,0,40,3,3,2,1,20,84,7
3805958,0,943,0,40,3,14,2,1,54,26,7
3804793,0,943,0,40,3,10,2,1,57,30,7
3862464,0,943,0,40,2,2,2,1,18,60,7
3859212,1,943,913,40,2,2,2,1,16,51,7
3847801,0,943,0,40,3,5,2,1,24,53,7
3831499,0,943,0,40,3,8,2,1,47,57,7
3849512,0,943,0,40,3,4,2,1,31,57,7
3839057,0,943,0,40,3,4,2,1,53,48,7
3856498,0,943,0,40,3,3,2,1,22,45,7
3827158,0,943,0,40,2,7,2,1,50,108,7
3821595,0,943,0,40,2,13,2,1,54,43,7
3865629,0,943,0,40,2,1,2,1,15,31,7
3866029,0,943,0,40,2,1,2,1,15,25,7
3862574,0,943,0,40,2,2,2,1,15,24,7
3799994,0,943,0,40,3,7,2,1,70,34,7
3841665,0,943,0,40,2,7,2,1,32,26,7
3857495,0,943,0,40,3,3,2,1,21,14,7
3818846,0,943,0,40,2,9,2,1,74,43,7
3836351,0,943,0,40,3,4,2,1,56,69,7
3865816,0,943,0,40,3,1,2,1,14,49,7
3866104,0,943,0,40,2,1,2,1,14,78,7
3866496,0,943,0,40,3,1,2,1,14,55,7
3855274,0,943,0,40,3,3,2,1,24,28,7
3862662,0,943,0,40,2,2,2,1,15,87,7
3826669,0,943,0,40,3,10,2,1,44,30,7
3837320,0,943,0,40,3,5,2,1,42,38,7
3861559,0,943,0,40,3,2,2,1,18,24,7
3846388,0,943,0,40,2,4,2,1,37,77,7
3837535,0,943,0,40,3,5,2,1,42,46,7
3859290,0,943,0,40,2,2,2,1,27,53,7
3775478,0,943,0,40,3,17,2,1,123,72,7
3812014,0,943,0,40,3,15,2,1,73,63,7
3841647,0,943,0,40,3,4,2,1,26,43,7
3836967,0,943,0,40,3,8,2,1,44,31,7
3858414,0,943,0,40,2,2,2,1,23,25,7
3834920,0,943,0,40,3,8,2,1,47,27,7
3811887,0,943,0,40,2,14,2,1,70,39,7
3862128,0,943,0,40,2,2,2,1,18,70,7
3835483,0,943,0,40,3,4,2,1,46,48,7
3798037,0,943,0,40,3,14,2,1,98,40,7
3865114,0,943,0,40,3,2,2,1,13,35,7
3861611,0,943,0,40,2,2,2,1,20,35,7
3842691,0,943,0,40,3,5,2,1,36,79,7
3855535,0,943,0,40,2,2,2,1,24,41,7
3837761,0,943,0,40,3,3,2,1,55,90,7
3857554,0,943,0,40,3,3,2,1,19,45,7
3836671,0,943,0,40,3,6,2,1,37,53,7
3850065,0,943,0,40,2,4,2,1,23,57,7
3827316,0,943,0,40,2,9,2,1,51,45,7
3844529,0,943,0,40,2,5,2,1,38,40,7
3850427,1,943,925,40,2,4,2,1,28,24,7
3854760,0,943,0,40,3,4,2,1,18,58,7
3855008,0,943,0,40,3,3,2,1,27,62,7
3847951,1,943,916,40,2,5,2,1,30,47,7
3811996,0,943,0,40,3,14,2,1,63,21,7
3859660,0,943,0,40,2,4,2,1,19,47,7
3867507,0,943,0,40,2,1,2,1,11,25,7
3867731,0,943,0,40,3,1,2,1,11,35,7
3868093,0,943,0,40,2,1,2,1,11,28,7
3868473,0,943,0,40,3,1,2,1,11,32,7
3846275,0,943,0,40,2,5,2,1,21,61,7
3850749,0,943,0,40,2,4,2,1,24,92,7
3843684,0,943,0,40,2,6,2,1,23,60,7
3860364,0,943,0,40,2,2,2,1,17,26,7
3859017,0,943,0,40,3,3,2,1,18,39,7
3858927,0,943,0,40,3,2,2,1,17,51,7
3818494,0,943,0,40,2,9,2,1,69,33,7
3863821,0,943,0,40,2,2,2,1,15,36,7
3865565,0,943,0,40,2,2,2,1,11,41,7
3808805,0,943,0,40,2,9,2,1,44,63,7
3812437,0,943,0,40,2,12,2,1,69,20,7
3862830,0,943,0,40,3,3,2,1,13,68,7
3845780,0,943,0,40,2,7,2,1,26,48,7
3846957,0,943,0,40,3,5,2,1,27,29,7
3866221,0,943,0,40,3,2,2,1,14,51,7
3866813,0,943,0,40,2,1,2,1,10,38,7
3867957,0,943,0,40,2,1,2,1,10,50,7
3834216,0,943,0,40,3,6,2,1,51,7,7
3851270,0,943,0,40,3,4,2,1,23,55,7
3858197,0,943,0,40,2,3,2,1,20,79,7
3813342,0,943,0,40,3,10,2,1,77,54,7
3854960,0,943,0,40,2,4,2,1,21,55,7
3851813,0,943,0,40,2,5,2,1,29,45,7
3843403,0,943,0,40,3,5,2,1,40,36,7
3859051,0,943,0,40,3,2,2,1,21,44,7
3813640,0,943,0,40,3,10,2,1,79,41,7
3808772,0,943,0,40,2,14,2,1,108,52,7
3857762,1,943,918,40,2,3,2,1,17,17,7
3826251,0,943,0,40,2,7,2,1,66,31,7
3824200,0,943,0,40,2,11,2,1,51,39,7
3799922,0,943,0,40,2,8,2,1,84,29,7
3863209,0,943,0,40,2,2,2,1,14,20,7
3807441,0,943,0,40,3,9,2,1,60,70,7
3868044,0,943,0,40,2,1,2,1,9,27,7
3868524,0,943,0,40,2,1,2,1,9,33,7
3869466,0,943,0,40,3,1,2,1,9,34,7
3869634,0,943,0,40,2,1,2,1,9,53,7
3859712,0,943,0,40,2,2,2,1,18,62,7
3850676,0,943,0,40,2,3,2,1,29,22,7
3864013,0,943,0,40,2,2,2,1,12,53,7
3821922,0,943,0,40,2,10,2,1,65,48,7
3849779,0,943,0,40,3,4,2,1,27,47,7
3842580,0,943,0,40,2,6,2,1,33,41,7
3856782,0,943,0,40,3,3,2,1,24,83,7
3860397,0,943,0,40,2,2,2,1,22,99,7
3866809,0,943,0,40,2,2,2,1,9,44,7
3827639,0,943,0,40,2,8,2,1,53,53,7
3858087,0,943,0,40,3,4,2,1,21,81,7
3832566,0,943,0,40,3,10,2,1,36,17,7
3845742,0,943,0,40,3,6,2,1,28,45,7
3831812,0,943,0,40,2,7,2,1,48,59,7
3869153,0,943,0,40,2,1,2,1,8,43,7
3869405,0,943,0,40,2,1,2,1,8,28,7
3870122,0,943,0,40,3,1,2,1,8,49,7
3870172,0,943,0,40,2,1,2,1,8,24,7
3858451,0,943,0,40,3,1,2,1,27,56,7
3859031,0,943,0,40,2,1,2,1,25,28,7
3806916,1,943,850,40,2,11,2,1,91,72,7
3858740,0,943,0,40,3,2,2,1,24,15,7
3861343,0,943,0,40,3,1,2,1,23,33,7
3850178,1,943,914,40,2,4,2,1,29,49,7
3862721,0,943,0,40,3,1,2,1,21,53,7
3798316,0,943,0,40,2,14,2,1,90,49,7
3825698,0,943,0,40,2,8,2,1,64,34,7
3806937,0,943,0,40,2,12,2,1,80,64,7
3843715,0,943,0,40,2,5,2,1,29,74,7
3861547,0,943,0,40,3,2,2,1,21,25,7
3864016,0,943,0,40,2,1,2,1,18,24,7
3864848,0,943,0,40,3,1,2,1,18,62,7
3838764,0,943,0,40,2,4,2,1,38,31,7
3826321,0,943,0,40,3,8,2,1,55,59,7
3858343,0,943,0,40,3,2,2,1,20,52,7
3851590,0,943,0,40,3,3,2,1,34,59,7
3850191,0,943,0,40,3,5,2,1,28,28,7
3850257,0,943,0,40,2,4,2,1,35,24,7
3860643,0,943,0,40,2,3,2,1,20,41,7
3854373,0,943,0,40,2,3,2,1,22,16,7
3843565,0,943,0,40,2,4,2,1,42,25,7
3852657,0,943,0,40,3,3,2,1,28,30,7
3851725,0,943,0,40,3,4,2,1,27,36,7
3852616,0,943,0,40,3,3,2,1,34,46,7
3859557,0,943,0,40,2,2,2,1,21,69,7
3864018,0,943,0,40,2,1,2,1,16,33,7
3865043,0,943,0,40,2,1,2,1,16,36,7
3865917,0,943,0,40,2,1,2,1,16,51,7
3866173,0,943,0,40,3,1,2,1,16,56,7
3855945,0,943,0,40,3,3,2,1,20,56,7
3862073,0,943,0,40,2,2,2,1,16,82,7
3859817,0,943,0,40,2,3,2,1,19,48,7
3828112,0,943,0,40,3,8,2,1,62,56,7
3860724,1,943,924,23.5643,3,2,2,1,24,98,7
3866576,0,943,0,40,2,1,2,1,15,31,7
3858788,0,943,0,40,2,2,2,1,19,62,7
3857136,0,943,0,40,3,3,2,1,16,54,7
3841876,0,943,0,40,3,4,2,1,43,32,7
3852682,1,943,916,40,2,4,2,1,23,63,7
3842790,0,943,0,40,2,6,2,1,41,34,7
3845658,0,943,0,40,2,7,2,1,34,24,7
3857956,0,943,0,40,3,3,2,1,22,27,7
3859789,0,943,0,40,2,2,2,1,14,43,7
3854952,0,943,0,40,3,4,2,1,17,37,7
3835840,0,943,0,40,2,5,2,1,50,41,7
3840041,0,943,0,40,2,8,2,1,28,28,7
3826492,0,943,0,40,3,8,2,1,57,35,7
3849045,0,943,0,40,3,4,2,1,29,64,7
3839745,0,943,0,40,2,6,2,1,42,55,7
3806282,0,943,0,40,3,10,2,1,65,38,7
3863755,0,943,0,40,2,3,2,1,17,34,7
3864531,0,943,0,40,2,2,2,1,15,49,7
3867207,0,943,0,40,2,1,2,1,13,56,7
3832499,0,943,0,40,3,8,2,1,40,31,7
3850677,0,943,0,40,3,4,2,1,28,82,7
3858732,0,943,0,40,2,4,2,1,16,15,7
3843240,1,943,923,40,2,7,2,1,29,64,7
3854881,0,943,0,40,3,4,2,1,26,48,7
3848684,0,943,0,40,3,4,2,1,35,24,7
3862766,0,943,0,40,2,2,2,1,19,57,7
3866969,0,943,0,40,2,1,2,1,12,64,7
3867425,0,943,0,40,3,1,2,1,12,24,7
3868193,0,943,0,40,3,1,2,1,12,36,7
3823606,1,943,900,40,2,9,2,1,56,78,7
3855310,0,943,0,40,2,5,2,1,19,27,7
3853209,0,943,0,40,3,4,2,1,25,16,7
3862318,0,943,0,40,2,2,2,1,17,13,7
3811375,0,943,0,40,3,13,2,1,74,56,7
3838909,0,943,0,40,2,7,2,1,41,22,7
3841174,0,943,0,40,3,6,2,1,41,41,7
3834426,0,943,0,40,2,5,2,1,52,22,7
3847654,0,943,0,40,2,5,2,1,29,40,7
3835344,0,943,0,40,2,9,2,1,40,12,7
3867373,0,943,0,40,2,1,2,1,11,88,7
3867997,0,943,0,40,3,1,2,1,11,81,7
3868050,0,943,0,40,3,1,2,1,11,57,7
3868482,0,943,0,40,2,1,2,1,11,24,7
3868746,0,943,0,40,2,1,2,1,11,42,7
3869042,0,943,0,40,2,1,2,1,11,44,7
3869168,0,943,0,40,3,1,2,1,11,61,7
3855709,0,943,0,40,2,2,2,1,24,40,7
3842310,0,943,0,40,2,6,2,1,30,58,7
3848354,0,943,0,40,2,5,2,1,21,30,7
3845452,0,943,0,40,2,4,2,1,40,103,7
3855731,0,943,0,40,2,4,2,1,18,25,7
3827859,0,943,0,40,3,7,2,1,55,50,7
3823428,0,943,0,40,3,9,2,1,64,63,7
3850082,0,943,0,40,2,3,2,1,35,34,7
3862074,0,943,0,40,3,2,2,1,19,24,7
3822938,0,943,0,40,3,9,2,1,65,41,7
3849064,0,943,0,40,2,5,2,1,30,32,7
3850951,0,943,0,40,3,5,2,1,27,44,7
3859927,0,943,0,40,3,3,2,1,18,27,7
3820112,0,943,0,40,2,9,2,1,79,56,7
3817780,1,943,906,39.0314,3,11,2,1,66,30,7
3852950,0,943,0,40,3,4,2,1,35,61,7
3843145,0,943,0,40,3,5,2,1,35,21,7
3830479,0,943,0,40,2,8,2,1,43,57,7
3869240,0,943,0,40,3,1,2,1,10,57,7
3869648,0,943,0,40,2,1,2,1,10,67,7
3855205,0,943,0,40,2,2,2,1,23,52,7
3828338,0,943,0,40,3,7,2,1,48,40,7
3813871,0,943,0,40,3,10,2,1,83,17,7
3850458,0,943,0,40,2,4,2,1,30,31,7
3864535,0,943,0,40,3,2,2,1,10,40,7
3826958,0,943,0,40,3,11,2,1,43,21,7
3866828,0,943,0,40,2,2,2,1,11,67,7
3859525,0,943,0,40,2,2,2,1,20,28,7
3859551,0,943,0,40,3,3,2,1,18,51,7
3799070,0,943,0,40,2,13,2,1,89,15,7
3835452,0,943,0,40,2,6,2,1,44,67,7
3838403,0,943,0,40,2,8,2,1,43,46,7
3841208,0,943,0,40,2,6,2,1,27,50,7
3852392,0,943,0,40,2,5,2,1,25,40,7
3863189,0,943,0,40,2,3,2,1,15,39,7
3868961,0,943,0,40,2,1,2,1,9,23,7
3869854,0,943,0,40,3,1,2,1,9,56,7
3870212,0,943,0,40,2,1,2,1,9,85,7
3870292,0,943,0,40,3,1,2,1,9,41,7
3843121,0,943,0,40,2,4,2,1,38,44,7
3856893,0,943,0,40,3,3,2,1,19,58,7
3819566,1,943,913,40,2,11,2,1,58,78,7
3850510,0,943,0,40,2,5,2,1,26,48,7
3856496,0,943,0,40,3,3,2,1,17,21,7
3835611,0,943,0,40,3,8,2,1,38,51,7
3852859,0,943,0,40,2,6,2,1,16,25,7
3836154,0,943,0,40,3,5,2,1,55,23,7
3842635,0,943,0,40,3,7,2,1,27,40,7
3830123,0,943,0,40,2,7,2,1,52,54,7
3807240,0,943,0,40,2,9,2,1,53,29,7
3831424,0,943,0,40,3,9,2,1,37,47,7
3784114,0,943,0,40,3,14,2,1,93,21,7
3859472,0,943,0,40,3,3,2,1,15,36,7
3859102,0,943,0,40,2,4,2,1,17,53,7
3857953,0,943,0,40,3,4,2,1,18,36,7
3815218,0,943,0,40,3,14,2,1,67,52,7
3864466,1,943,929,23.6901,3,2,2,1,11,44,7
3854951,0,943,0,40,2,2,2,1,31,25,7
3833245,0,943,0,40,2,6,2,1,53,22,7
3845295,0,943,0,40,3,5,2,1,24,84,7
3817234,0,943,0,40,2,8,2,1,83,51,7
3857080,0,943,0,40,3,3,2,1,26,24,7
3859565,0,943,0,40,2,3,2,1,16,20,7
3868001,0,943,0,40,3,1,2,1,8,84,7
3868669,0,943,0,40,2,1,2,1,8,32,7
3869133,0,943,0,40,2,1,2,1,8,26,7
3870067,0,943,0,40,3,1,2,1,8,16,7
3870382,0,943,0,40,3,1,2,1,8,70,7
3845601,0,943,0,40,3,2,2,1,49,27,7
3855921,0,943,0,40,2,1,2,1,32,23,7
3824442,0,943,0,40,3,7,2,1,77,53,7
3858180,0,943,0,40,3,1,2,1,29,38,7
3839906,0,943,0,40,3,3,2,1,50,48,7
3801757,0,943,0,40,3,8,2,1,69,62,7
3860386,0,943,0,40,3,1,2,1,23,17,7
3847383,0,943,0,40,2,4,2,1,41,27,7
3839614,0,943,0,40,2,5,2,1,40,30,7
3848204,0,943,0,40,3,3,2,1,35,108,7
3842758,0,943,0,40,3,4,2,1,45,62,7
3846560,0,943,0,40,3,5,2,1,34,49,7
3863381,0,943,0,40,3,1,2,1,20,82,7
3864141,0,943,0,40,2,1,2,1,20,24,7
3801303,0,943,0,40,2,10,2,1,86,54,7
3855815,0,943,0,40,3,3,2,1,23,41,7
3818723,1,943,907,40,3,13,2,1,57,50,7
3857611,0,943,0,40,2,2,2,1,29,42,7
3859073,0,943,0,40,3,2,2,1,25,40,7
3849303,0,943,0,40,2,5,2,1,27,42,7
3865128,0,943,0,40,2,1,2,1,18,29,7
3858931,0,943,0,40,2,2,2,1,20,29,7
3841481,0,943,0,40,3,6,2,1,42,31,7
3860197,0,943,0,40,2,3,2,1,19,38,7
3849308,1,943,934,12.5638,3,5,2,1,32,32,7
3830053,0,943,0,40,3,8,2,1,46,22,7
3866243,0,943,0,40,3,1,2,1,17,45,7
3855956,0,943,0,40,2,3,2,1,25,12,7
3851135,0,943,0,40,2,4,2,1,24,78,7
3811075,0,943,0,40,2,11,2,1,91,24,7
3826152,0,943,0,40,2,9,2,1,58,31,7
3852600,0,943,0,40,2,4,2,1,28,40,7
3861264,0,943,0,40,3,3,2,1,20,20,7
3841901,0,943,0,40,3,5,2,1,46,19,7
3865419,0,943,0,40,3,1,2,1,16,18,7
3803093,0,943,0,40,2,9,2,1,58,66,7
3847864,0,943,0,40,3,5,2,1,31,17,7
3829521,0,943,0,40,3,7,2,1,56,31,7
3856853,0,943,0,40,3,3,2,1,20,69,7
3853104,0,943,0,40,2,4,2,1,27,21,7
3854558,1,943,913,40,2,4,2,1,21,37,7
3805687,0,943,0,40,2,9,2,1,78,19,7
3865239,0,943,0,40,2,1,2,1,15,39,7
3866631,0,943,0,40,2,1,2,1,15,35,7
3867240,0,943,0,40,2,1,2,1,15,54,7
3858135,0,943,0,40,2,3,2,1,20,40,7
3864237,0,943,0,40,2,2,2,1,15,22,7
3853704,0,943,0,40,2,3,2,1,30,83,7
3807004,0,943,0,40,2,14,2,1,100,43,7
3800993,0,943,0,40,3,7,2,1,54,53,7
3867608,0,943,0,40,2,1,2,1,14,38,7
3810201,0,943,0,40,2,12,2,1,83,47,7
3847836,0,943,0,40,3,5,2,1,27,24,7
3828145,0,943,0,40,2,7,2,1,51,32,7
3812606,0,943,0,40,3,11,2,1,78,93,7
3862286,0,943,0,40,3,3,2,1,16,53,7
3836112,0,943,0,40,2,7,2,1,45,29,7
3805649,0,943,0,40,3,6,2,1,55,39,7
3849593,0,943,0,40,2,4,2,1,28,57,7
3856692,0,943,0,40,2,3,2,1,27,31,7
3868571,0,943,0,40,2,1,2,1,13,62,7
3822113,0,943,0,40,3,6,2,1,52,94,7
3813359,0,943,0,40,3,13,2,1,71,33,7
3817943,0,943,0,40,2,11,2,1,72,43,7
3811922,0,943,0,40,2,14,2,1,62,56,7
3844416,0,943,0,40,3,5,2,1,33,52,7
3860817,0,943,0,40,2,2,2,1,20,66,7
3817013,0,943,0,40,2,12,2,1,67,22,7
3854083,0,943,0,40,3,4,2,1,26,33,7
3828956,0,943,0,40,2,7,2,1,55,46,7
3840683,0,943,0,40,2,7,2,1,32,41,7
3869118,0,943,0,40,2,1,2,1,12,42,7
3838027,0,943,0,40,2,5,2,1,43,28,7
3855744,0,943,0,40,2,4,2,1,18,36,7
3847812,0,943,0,40,3,3,2,1,39,32,7
3801159,0,943,0,40,2,8,2,1,73,61,7
3818419,0,943,0,40,2,10,2,1,66,48,7
3801808,0,943,0,40,3,10,2,1,57,58,7
3860363,0,943,0,40,3,3,2,1,18,59,7
3862314,0,943,0,40,3,2,2,1,19,34,7
3865793,0,943,0,40,3,2,2,1,13,56,7
3830100,0,943,0,40,3,7,2,1,52,24,7
3817505,0,943,0,40,3,10,2,1,80,41,7
3824887,0,943,0,40,2,7,2,1,71,54,7
3868236,0,943,0,40,2,1,2,1,11,75,7
3868871,0,943,0,40,3,1,2,1,11,46,7
3869598,0,943,0,40,2,1,2,1,11,35,7
3806671,0,943,0,40,2,9,2,1,78,76,7
3851651,0,943,0,40,3,4,2,1,17,52,7
3853547,0,943,0,40,2,3,2,1,28,29,7
3854383,0,943,0,40,3,4,2,1,23,27,7
3847536,0,943,0,40,3,5,2,1,26,64,7
3833307,0,943,0,40,3,7,2,1,49,65,7
3862811,0,943,0,40,2,2,2,1,15,43,7
3851133,0,943,0,40,3,5,2,1,25,54,7
3856542,0,943,0,40,2,4,2,1,20,22,7
3862668,0,943,0,40,2,2,2,1,19,46,7
3855046,0,943,0,40,2,4,2,1,21,66,7
3810791,0,943,0,40,3,16,2,1,72,27,7
3865222,0,943,0,40,3,2,2,1,15,26,7
3841421,0,943,0,40,2,9,2,1,34,39,7
3817740,0,943,0,40,3,11,2,1,82,34,7
3868056,0,943,0,40,2,1,2,1,10,67,7
3868344,0,943,0,40,2,1,2,1,10,40,7
3870264,0,943,0,40,3,1,2,1,10,18,7
3841768,0,943,0,40,2,4,2,1,37,44,7
3822591,0,943,0,40,3,8,2,1,68,89,7
3849491,0,943,0,40,3,4,2,1,28,56,7
3845287,1,943,934,39.8115,2,7,2,1,25,35,7
3840122,0,943,0,40,2,7,2,1,41,30,7
3852046,1,943,912,27.4534,3,5,2,1,16,41,7
3820073,0,943,0,40,3,10,2,1,60,38,7
3794974,0,943,0,40,2,12,2,1,95,11,7
3862018,0,943,0,40,2,2,2,1,20,33,7
3848329,0,943,0,40,3,4,2,1,31,25,7
3819992,0,943,0,40,2,8,2,1,81,52,7
3864521,0,943,0,40,2,3,2,1,14,69,7
3855663,0,943,0,40,2,4,2,1,17,30,7
3868477,0,943,0,40,2,2,2,1,10,63,7
3829465,0,943,0,40,2,8,2,1,71,90,7
3809309,0,943,0,40,3,16,2,1,77,45,7
3868653,0,943,0,40,2,1,2,1,9,71,7
3868925,0,943,0,40,2,1,2,1,9,60,7
3869891,0,943,0,40,3,1,2,1,9,35,7
3870498,0,943,0,40,2,1,2,1,9,61,7
3860233,0,943,0,40,2,2,2,1,16,38,7
3815280,0,943,0,40,3,8,2,1,86,38,7
3833933,0,943,0,40,2,7,2,1,39,24,7
3852448,0,943,0,40,3,3,2,1,28,33,7
3849562,0,943,0,40,2,3,2,1,29,67,7
3863184,0,943,0,40,3,2,2,1,15,23,7
3864587,0,943,0,40,3,2,2,1,10,29,7
3820293,0,943,0,40,3,11,2,1,59,22,7
3805224,0,943,0,40,2,12,2,1,68,25,7
3841387,0,943,0,40,2,6,2,1,39,26,7
3820437,0,943,0,40,3,12,2,1,55,61,7
3843852,0,943,0,40,3,4,2,1,39,33,7
3830773,0,943,0,40,2,7,2,1,48,36,7
3838011,0,943,0,40,3,9,2,1,31,46,7
3830159,0,943,0,40,3,8,2,1,47,42,7
3848121,0,943,0,40,2,6,2,1,16,42,7
3832623,0,943,0,40,3,5,2,1,54,70,7
3866538,0,943,0,40,2,2,2,1,12,43,7
3825643,0,943,0,40,3,7,2,1,66,41,7
3842927,0,943,0,40,2,7,2,1,40,48,7
3858990,0,943,0,40,2,2,2,1,26,84,7
3838913,0,943,0,40,2,6,2,1,46,47,7
3863473,0,943,0,40,3,2,2,1,18,32,7
3847625,0,943,0,40,2,5,2,1,34,19,7
3866034,0,943,0,40,3,2,2,1,11,43,7
3848176,0,943,0,40,3,6,2,1,24,26,7
3839597,1,943,909,30.9005,3,8,2,1,37,39,7
3864826,0,943,0,40,2,2,2,1,17,64,7
3866612,0,943,0,40,2,2,2,1,14,17,7
3839623,0,943,0,40,3,5,2,1,45,53,7
3860430,0,943,0,40,2,3,2,1,21,62,7
3869467,0,943,0,40,2,1,2,1,8,18,7
3871038,0,943,0,40,2,1,2,1,8,69,7
3871302,0,943,0,40,2,1,2,1,8,55,7
3807806,0,943,0,40,3,12,2,1,105,24,7
3814519,0,943,0,40,2,7,2,1,89,62,7
3850321,0,943,0,40,2,3,2,1,35,67,7
3852908,0,943,0,40,2,3,2,1,35,32,7
3815865,0,943,0,40,2,8,2,1,84,57,7
3861107,0,943,0,40,3,1,2,1,26,31,7
3847572,0,943,0,40,2,4,2,1,36,64,7
3826652,0,943,0,40,3,6,2,1,75,77,7
3842913,0,943,0,40,3,5,2,1,34,62,7
3860133,0,943,0,40,3,2,2,1,26,30,7
3848451,0,943,0,40,2,3,2,1,35,43,7
3842224,0,943,0,40,2,6,2,1,45,33,7
3859360,0,943,0,40,2,2,2,1,24,31,7
3863831,0,943,0,40,2,1,2,1,22,28,7
3852923,0,943,0,40,2,4,2,1,28,45,7
3853515,0,943,0,40,2,3,2,1,30,23,7
3864351,0,943,0,40,2,1,2,1,21,18,7
3833390,0,943,0,40,3,6,2,1,55,74,7
3861092,0,943,0,40,3,2,2,1,25,56,7
3803510,0,943,0,40,3,8,2,1,88,34,7
3814126,0,943,0,40,3,15,2,1,70,56,7
3838554,0,943,0,40,2,6,2,1,50,26,7
3843271,0,943,0,40,3,7,2,1,31,18,7
3865061,0,943,0,40,2,1,2,1,19,46,7
3849858,0,943,0,40,2,4,2,1,35,53,7
3825408,0,943,0,40,2,10,2,1,53,35,7
3826298,0,943,0,40,2,8,2,1,53,30,7
3857809,0,943,0,40,2,2,2,1,28,30,7
3861953,0,943,0,40,3,1,2,1,18,44,7
3865557,0,943,0,40,3,1,2,1,18,37,7
3866145,0,943,0,40,2,1,2,1,18,33,7
3859971,0,943,0,40,2,2,2,1,19,70,7
3853218,0,943,0,40,2,3,2,1,29,69,7
3860726,0,943,0,40,3,2,2,1,22,25,7
3851495,0,943,0,40,3,4,2,1,27,57,7
3859515,0,943,0,40,3,2,2,1,24,69,7
3849305,0,943,0,40,2,4,2,1,35,68,7
3866514,0,943,0,40,3,1,2,1,17,69,7
3817355,0,943,0,40,2,13,2,1,58,53,7
3818363,0,943,0,40,2,10,2,1,73,51,7
3861115,1,943,935,37.8404,2,2,2,1,21,40,7
3844470,1,943,891,40,2,5,2,1,38,53,7
3858306,0,943,0,40,3,2,2,1,27,33,7
3847545,0,943,0,40,3,4,2,1,28,33,7
3818983,0,943,0,40,3,10,2,1,75,45,7
3866419,0,943,0,40,3,1,2,1,16,19,7
3819606,0,943,0,40,2,12,2,1,57,76,7
3858962,0,943,0,40,2,2,2,1,24,43,7
3821434,0,943,0,40,3,15,2,1,52,23,7
3828196,0,943,0,40,3,8,2,1,63,63,7
3856179,0,943,0,40,3,4,2,1,22,46,7
3862100,0,943,0,40,2,2,2,1,22,74,7
3847818,0,943,0,40,2,6,2,1,32,22,7
3861141,0,943,0,40,2,3,2,1,20,100,7
3867219,0,943,0,40,2,1,2,1,15,57,7
3867375,0,943,0,40,3,1,2,1,15,56,7
3867854,0,943,0,40,3,1,2,1,15,69,7
3867924,0,943,0,40,3,1,2,1,15,20,7
3850834,0,943,0,40,3,3,2,1,35,22,7
3833233,0,943,0,40,3,6,2,1,53,47,7
3860221,0,943,0,40,3,2,2,1,22,67,7
3832091,0,943,0,40,2,7,2,1,48,88,7
3845284,0,943,0,40,3,5,2,1,37,19,7
3855474,0,943,0,40,3,4,2,1,25,30,7
3823447,0,943,0,40,2,9,2,1,64,43,7
3817257,0,943,0,40,3,12,2,1,66,49,7
3826452,0,943,0,40,2,8,2,1,61,26,7
3864464,0,943,0,40,3,2,2,1,17,11,7
3829055,0,943,0,40,3,9,2,1,51,49,7
3851165,0,943,0,40,2,5,2,1,23,58,7
3867313,0,943,0,40,3,1,2,1,14,26,7
3867799,0,943,0,40,2,1,2,1,14,53,7
3868185,0,943,0,40,3,1,2,1,14,98,7
3853161,0,943,0,40,2,4,2,1,23,30,7
3860301,0,943,0,40,2,3,2,1,15,47,7
3847892,0,943,0,40,3,4,2,1,34,17,7
3835635,0,943,0,40,3,6,2,1,38,102,7
3821301,0,943,0,40,3,7,2,1,60,50,7
3849725,0,943,0,40,2,4,2,1,22,26,7
3827205,0,943,0,40,3,6,2,1,66,23,7
3853910,0,943,0,40,3,3,2,1,24,13,7
3818924,0,943,0,40,3,8,2,1,80,12,7
3829917,1,943,877,40,3,7,2,1,59,65,7
3854429,0,943,0,40,3,5,2,1,23,90,7
3852012,0,943,0,40,2,4,2,1,31,98,7
3860685,0,943,0,40,3,3,2,1,18,78,7
3864900,0,943,0,40,2,2,2,1,19,29,7
3864863,0,943,0,40,3,1,2,1,13,29,7
3867213,0,943,0,40,2,1,2,1,13,36,7
3868914,0,943,0,40,3,1,2,1,13,44,7
3837569,0,943,0,40,3,7,2,1,36,50,7
3836325,0,943,0,40,3,7,2,1,44,58,7
3804509,0,943,0,40,2,10,2,1,68,49,7
3833843,0,943,0,40,2,6,2,1,50,25,7
3833190,0,943,0,40,3,7,2,1,48,49,7
3864803,0,943,0,40,3,2,2,1,14,10,7
3842720,0,943,0,40,3,6,2,1,39,21,7
3855107,0,943,0,40,2,4,2,1,21,21,7
3820958,0,943,0,40,3,9,2,1,72,71,7
3847075,0,943,0,40,2,4,2,1,33,50,7
3857375,0,943,0,40,2,4,2,1,24,41,7
3845943,0,943,0,40,3,5,2,1,32,17,7
3867205,0,943,0,40,3,1,2,1,12,91,7
3869212,0,943,0,40,3,1,2,1,12,48,7
3869252,0,943,0,40,3,1,2,1,12,46,7
3869406,0,943,0,40,3,1,2,1,12,42,7
3869434,0,943,0,40,2,1,2,1,12,102,7
3856219,0,943,0,40,2,2,2,1,20,18,7
3849607,0,943,0,40,2,5,2,1,28,24,7
3808704,0,943,0,40,3,10,2,1,101,41,7
3825425,0,943,0,40,2,9,2,1,54,43,7
3844305,0,943,0,40,3,6,2,1,33,53,7
3866065,0,943,0,40,3,2,2,1,12,40,7
3857985,0,943,0,40,2,4,2,1,26,42,7
3838637,0,943,0,40,3,5,2,1,47,32,7
3860243,0,943,0,40,2,3,2,1,17,46,7
3759750,0,943,0,40,2,24,2,1,142,37,7
3862359,0,943,0,40,3,3,2,1,15,95,7
3860108,0,943,0,40,3,2,2,1,25,80,7
3840205,0,943,0,40,3,6,2,1,43,50,7
3859470,0,943,0,40,3,3,2,1,22,50,7
3868921,0,943,0,40,3,1,2,1,11,56,7
3869377,0,943,0,40,2,1,2,1,11,66,7
3869537,0,943,0,40,3,1,2,1,11,56,7
3870104,0,943,0,40,3,1,2,1,11,65,7
3854712,0,943,0,40,2,3,2,1,22,25,7
3863481,0,943,0,40,3,2,2,1,14,35,7
3863776,0,943,0,40,2,2,2,1,12,55,7
3836031,0,943,0,40,2,5,2,1,48,38,7
3853038,0,943,0,40,2,5,2,1,23,38,7
3859048,0,943,0,40,2,3,2,1,16,12,7
3832166,0,943,0,40,3,7,2,1,54,30,7
3820439,0,943,0,40,3,10,2,1,66,13,7
3841107,0,943,0,40,2,5,2,1,40,18,7
3834967,0,943,0,40,2,5,2,1,58,30,7
3866240,0,943,0,40,3,2,2,1,12,50,7
3841158,0,943,0,40,2,5,2,1,36,19,7
3854757,0,943,0,40,2,4,2,1,22,18,7
3865396,0,943,0,40,3,2,2,1,15,23,7
3819094,0,943,0,40,2,13,2,1,65,46,7
3803452,0,943,0,40,2,9,2,1,75,50,7
3854331,0,943,0,40,3,4,2,1,21,33,7
3846539,0,943,0,40,3,7,2,1,31,25,7
3847074,0,943,0,40,3,5,2,1,34,40,7
3825825,0,943,0,40,2,10,2,1,43,43,7
3857067,0,943,0,40,3,4,2,1,28,28,7
3840657,0,943,0,40,3,5,2,1,46,83,7
3865622,0,943,0,40,3,2,2,1,19,71,7
3870059,0,943,0,40,3,1,2,1,10,41,7
3870432,0,943,0,40,2,1,2,1,10,21,7
3870580,0,943,0,40,2,1,2,1,10,53,7
3870666,0,943,0,40,2,1,2,1,10,44,7
3870702,0,943,0,40,2,1,2,1,10,14,7
3870738,0,943,0,40,2,1,2,1,10,33,7
3853977,0,943,0,40,3,3,2,1,26,52,7
3830105,1,943,924,32.3384,3,8,2,1,46,61,7
3847166,0,943,0,40,2,6,2,1,34,36,7
3861245,0,943,0,40,2,2,2,1,15,52,7
3834603,0,943,0,40,2,6,2,1,47,30,7
3858818,0,943,0,40,2,2,2,1,24,37,7
3835020,0,943,0,40,2,7,2,1,33,71,7
3838233,0,943,0,40,3,6,2,1,32,49,7
3844287,0,943,0,40,3,6,2,1,25,50,7
3856434,0,943,0,40,3,4,2,1,18,28,7
3827817,1,943,935,15.2185,3,8,2,1,58,49,7
3847263,0,943,0,40,2,4,2,1,35,33,7
3847901,0,943,0,40,3,5,2,1,32,20,7
3842422,0,943,0,40,3,6,2,1,33,45,7
3846117,0,943,0,40,2,5,2,1,37,26,7
3843410,0,943,0,40,3,4,2,1,48,66,7
3862423,0,943,0,40,2,2,2,1,19,38,7
3806882,0,943,0,40,3,8,2,1,39,28,7
3861351,0,943,0,40,3,3,2,1,17,32,7
3851176,0,943,0,40,2,4,2,1,36,29,7
3857917,0,943,0,40,3,3,2,1,23,49,7
3825611,0,943,0,40,3,9,2,1,56,15,7
3860367,0,943,0,40,3,3,2,1,24,44,7
3867569,0,943,0,40,2,2,2,1,11,56,7
3854917,0,943,0,40,3,5,2,1,29,54,7
3869403,0,943,0,40,3,1,2,1,9,38,7
3870481,0,943,0,40,2,1,2,1,9,15,7
3870517,0,943,0,40,3,1,2,1,9,15,7
3870605,0,943,0,40,2,1,2,1,9,46,7
3871314,0,943,0,40,3,1,2,1,9,39,7
3857548,0,943,0,40,2,3,2,1,21,38,7
3859996,0,943,0,40,3,3,2,1,14,34,7
3826438,0,943,0,40,3,10,2,1,62,58,7
3827045,0,943,0,40,2,11,2,1,50,49,7
3856693,0,943,0,40,2,4,2,1,14,54,7
3866375,0,943,0,40,3,2,2,1,9,23,7
3847080,0,943,0,40,3,5,2,1,38,42,7
3804426,0,943,0,40,3,8,2,1,85,40,7
3862358,0,943,0,40,3,2,2,1,19,27,7
3865393,0,943,0,40,2,2,2,1,13,29,7
3855766,0,943,0,40,2,5,2,1,20,36,7
3862607,0,943,0,40,3,3,2,1,14,53,7
3841065,0,943,0,40,2,7,2,1,30,51,7
3854829,0,943,0,40,2,4,2,1,22,76,7
3837705,0,943,0,40,2,7,2,1,47,29,7
3801732,0,943,0,40,2,13,2,1,84,31,7
3858151,0,943,0,40,2,4,2,1,22,42,7
3847835,0,943,0,40,2,6,2,1,30,48,7
3866477,0,943,0,40,2,2,2,1,9,50,7
3845877,0,943,0,40,3,5,2,1,34,25,7
3866836,0,943,0,40,3,3,2,1,10,30,7
3869384,0,943,0,40,3,2,2,1,9,27,7
3840727,0,943,0,40,3,7,2,1,33,61,7
3857597,0,943,0,40,3,5,2,1,19,37,7
3854472,0,943,0,40,3,5,2,1,16,37,7
3838797,0,943,0,40,3,8,2,1,34,85,7
3867709,0,943,0,40,3,2,2,1,9,71,7
3856801,0,943,0,40,3,4,2,1,25,19,7
3811571,0,943,0,40,2,15,2,1,84,71,7
3860263,0,943,0,40,3,3,2,1,21,19,7
3864944,0,943,0,40,3,3,2,1,12,22,7
3854595,0,943,0,40,2,5,2,1,25,53,7
3869861,0,943,0,40,2,1,2,1,8,42,7
3870339,0,943,0,40,3,1,2,1,8,66,7
3870739,0,943,0,40,3,1,2,1,8,25,7
3871391,0,943,0,40,3,1,2,1,8,21,7
3871471,0,943,0,40,2,1,2,1,8,45,7
3871505,0,943,0,40,3,1,2,1,8,34,7
3871977,0,943,0,40,2,1,2,1,8,22,7
3837453,0,943,0,40,2,7,2,1,41,66,7
3857462,0,943,0,40,3,2,2,1,29,42,7
3848721,0,943,0,40,3,2,2,1,42,27,7
3847021,0,943,0,40,2,3,2,1,39,43,7
3852248,0,943,0,40,2,3,2,1,34,54,7
3858972,0,943,0,40,3,2,2,1,27,48,7
3816505,0,943,0,40,2,9,2,1,76,58,7
3857491,0,943,0,40,3,2,2,1,31,24,7
3805778,0,943,0,40,3,11,2,1,66,74,7
3845484,0,943,0,40,3,5,2,1,36,34,7
3864410,0,943,0,40,2,1,2,1,19,33,7
3839681,0,943,0,40,3,4,2,1,46,46,7
3847585,0,943,0,40,2,3,2,1,40,59,7
3854704,0,943,0,40,2,3,2,1,24,51,7
3827157,0,943,0,40,2,9,2,1,60,56,7
3866300,0,943,0,40,2,1,2,1,18,26,7
3839723,0,943,0,40,2,5,2,1,41,47,7
3855635,0,943,0,40,3,5,2,1,25,40,7
3865666,0,943,0,40,2,1,2,1,17,29,7
3867032,0,943,0,40,2,1,2,1,17,29,7
3818453,0,943,0,40,2,8,2,1,74,69,7
3832649,0,943,0,40,3,6,2,1,55,20,7
3851510,0,943,0,40,2,4,2,1,29,53,7
3854700,0,943,0,40,3,3,2,1,28,37,7
3868329,0,943,0,40,2,1,2,1,15,33,7
3856789,0,943,0,40,2,3,2,1,27,39,7
3839781,0,943,0,40,3,6,2,1,40,44,7
3813684,0,943,0,40,2,11,2,1,76,26,7
3826917,0,943,0,40,3,9,2,1,61,69,7
3848214,0,943,0,40,2,5,2,1,29,42,7
3827961,0,943,0,40,3,9,2,1,60,57,7
3853364,0,943,0,40,3,5,2,1,26,34,7
3826283,0,943,0,40,2,9,2,1,59,52,7
3866106,0,943,0,40,2,1,2,1,14,48,7
3868038,0,943,0,40,3,1,2,1,14,101,7
3819759,1,943,924,40,2,8,2,1,70,58,7
3863770,0,943,0,40,3,2,2,1,16,17,7
3841189,0,943,0,40,2,6,2,1,44,98,7
3862336,0,943,0,40,2,3,2,1,16,60,7
3861440,0,943,0,40,2,3,2,1,21,78,7
3849584,0,943,0,40,2,4,2,1,30,49,7
3863823,0,943,0,40,3,2,2,1,15,39,7
3861569,0,943,0,40,2,2,2,1,18,63,7
3851980,0,943,0,40,3,5,2,1,22,66,7
3864950,0,943,0,40,3,2,2,1,14,29,7
3858865,0,943,0,40,3,3,2,1,16,49,7
3802976,0,943,0,40,3,14,2,1,84,31,7
3867607,0,943,0,40,2,2,2,1,13,36,7
3868738,0,943,0,40,3,2,2,1,13,28,7
3869772,0,943,0,40,3,1,2,1,12,24,7
3838006,0,943,0,40,2,7,2,1,34,81,7
3856010,0,943,0,40,2,3,2,1,27,33,7
3861710,0,943,0,40,2,2,2,1,19,29,7
3813356,1,943,910,40,2,12,2,1,76,46,7
3835580,0,943,0,40,2,4,2,1,51,36,7
3858705,0,943,0,40,3,3,2,1,17,35,7
3861416,0,943,0,40,2,3,2,1,17,35,7
3856942,0,943,0,40,2,2,2,1,31,41,7
3839627,0,943,0,40,3,4,2,1,52,58,7
3862387,0,943,0,40,3,2,2,1,19,71,7
3840050,0,943,0,40,3,7,2,1,39,87,7
3837825,0,943,0,40,3,7,2,1,51,35,7
3869319,0,943,0,40,2,1,2,1,11,45,7
3855503,0,943,0,40,3,3,2,1,24,49,7
3848914,1,943,920,40,2,5,2,1,34,129,7
3858525,0,943,0,40,3,3,2,1,21,50,7
3866056,0,943,0,40,2,2,2,1,13,35,7
3864394,0,943,0,40,3,3,2,1,12,57,7
3858769,0,943,0,40,3,3,2,1,22,47,7
3852454,0,943,0,40,2,5,2,1,16,22,7
3843117,0,943,0,40,2,6,2,1,40,18,7
3869833,0,943,0,40,2,1,2,1,10,75,7
3871252,0,943,0,40,2,1,2,1,10,36,7
3841642,0,943,0,40,2,7,2,1,40,59,7
3848664,0,943,0,40,2,4,2,1,27,45,7
3861517,0,943,0,40,3,3,2,1,12,49,7
3864710,0,943,0,40,2,2,2,1,16,31,7
3860237,0,943,0,40,3,4,2,1,15,84,7
3822503,0,943,0,40,2,6,2,1,81,38,7
3836460,0,943,0,40,3,5,2,1,52,28,7
3850170,0,943,0,40,2,6,2,1,30,42,7
3822718,0,943,0,40,3,12,2,1,51,92,7
3868338,0,943,0,40,2,2,2,1,11,50,7
3849334,0,943,0,40,3,6,2,1,24,32,7
3853799,0,943,0,40,2,3,2,1,36,34,7
3871371,0,943,0,40,3,1,2,1,9,30,7
3871515,0,943,0,40,2,1,2,1,9,34,7
3871953,0,943,0,40,3,1,2,1,9,48,7
3850850,0,943,0,40,3,4,2,1,27,42,7
3839501,0,943,0,40,2,6,2,1,47,58,7
3858843,0,943,0,40,3,3,2,1,21,39,7
3823147,0,943,0,40,3,11,2,1,58,37,7
3860679,0,943,0,40,3,3,2,1,21,52,7
3813014,0,943,0,40,2,12,2,1,91,34,7
3864606,0,943,0,40,2,2,2,1,16,44,7
3853488,0,943,0,40,2,3,2,1,26,40,7
3862697,0,943,0,40,3,3,2,1,14,54,7
3829368,0,943,0,40,3,8,2,1,52,89,7
3805728,0,943,0,40,3,7,2,1,45,61,7
3816970,0,943,0,40,3,15,2,1,70,11,7
3841213,0,943,0,40,3,7,2,1,35,27,7
3855729,0,943,0,40,2,4,2,1,18,41,7
3862337,0,943,0,40,2,2,2,1,21,50,7
3824346,0,943,0,40,3,9,2,1,57,47,7
3856332,0,943,0,40,2,4,2,1,27,43,7
3863854,0,943,0,40,2,3,2,1,17,31,7
3872158,0,943,0,40,2,1,2,1,8,59,7
3872366,0,943,0,40,2,1,2,1,8,49,7
3872518,0,943,0,40,2,1,2,1,8,46,7
3847292,0,943,0,40,3,4,2,1,42,97,7
3846059,0,943,0,40,3,4,2,1,38,39,7
3861325,0,943,0,40,2,1,2,1,21,77,7
3825974,0,943,0,40,3,6,2,1,62,21,7
3803668,0,943,0,40,2,10,2,1,106,38,7
3830294,0,943,0,40,2,9,2,1,55,32,7
3715389,0,943,0,40,3,27,2,1,183,63,7
3856330,0,943,0,40,3,3,2,1,24,61,7
3846662,0,943,0,40,3,4,2,1,38,54,7
3822582,0,943,0,40,3,10,2,1,68,51,7
3868004,0,943,0,40,2,1,2,1,17,28,7
3847394,0,943,0,40,3,5,2,1,33,34,7
3832634,0,943,0,40,3,7,2,1,54,66,7
3829309,0,943,0,40,3,5,2,1,73,45,7
3829136,0,943,0,40,3,10,2,1,54,14,7
3867975,0,943,0,40,3,1,2,1,16,57,7
3833272,0,943,0,40,2,6,2,1,42,70,7
3855827,0,943,0,40,3,4,2,1,27,48,7
3868518,0,943,0,40,3,1,2,1,15,79,7
3869070,0,943,0,40,2,1,2,1,15,61,7
3862861,0,943,0,40,2,2,2,1,19,52,7
3864340,0,943,0,40,3,2,2,1,14,35,7
3864678,0,943,0,40,2,2,2,1,15,13,7
3847172,0,943,0,40,2,6,2,1,31,25,7
3859486,0,943,0,40,2,3,2,1,22,44,7
3857531,0,943,0,40,2,4,2,1,22,13,7
3853057,0,943,0,40,2,5,2,1,29,28,7
3867741,0,943,0,40,2,1,2,1,13,17,7
3868969,0,943,0,40,3,1,2,1,13,39,7
3869713,0,943,0,40,2,1,2,1,13,11,7
3858390,0,943,0,40,3,3,2,1,18,49,7
3845818,0,943,0,40,3,4,2,1,42,105,7
3864229,0,943,0,40,2,2,2,1,18,31,7
3835314,0,943,0,40,2,8,2,1,40,17,7
3854718,0,943,0,40,3,4,2,1,29,25,7
3853917,0,943,0,40,3,5,2,1,27,33,7
3828794,0,943,0,40,3,9,2,1,50,25,7
3870542,0,943,0,40,3,1,2,1,12,71,7
3838119,0,943,0,40,2,6,2,1,36,52,7
3866342,0,943,0,40,3,2,2,1,14,21,7
3849342,0,943,0,40,3,6,2,1,29,35,7
3845612,0,943,0,40,3,5,2,1,43,15,7
3863620,1,943,937,20.7596,3,3,2,1,15,59,7
3828199,0,943,0,40,2,7,2,1,53,39,7
3864604,0,943,0,40,3,3,2,1,15,28,7
3831423,0,943,0,40,3,8,2,1,51,50,7
3803182,0,943,0,40,2,10,2,1,78,30,7
3870749,0,943,0,40,2,1,2,1,11,36,7
3871306,0,943,0,40,3,1,2,1,11,27,7
3864454,0,943,0,40,3,2,2,1,13,100,7
3836823,1,943,909,40,2,7,2,1,38,7,7
3850466,0,943,0,40,3,3,2,1,34,52,7
3814304,0,943,0,40,2,16,2,1,78,31,7
3851986,0,943,0,40,2,6,2,1,26,18,7
3851710,0,943,0,40,3,5,2,1,29,59,7
3866367,0,943,0,40,3,2,2,1,16,57,7
3872027,0,943,0,40,2,1,2,1,10,41,7
3862613,0,943,0,40,2,3,2,1,14,34,7
3838647,0,943,0,40,2,7,2,1,40,41,7
3859129,0,943,0,40,2,4,2,1,20,60,7
3824193,0,943,0,40,3,8,2,1,73,101,7
3853197,0,943,0,40,3,6,2,1,26,56,7
3857733,0,943,0,40,2,4,2,1,24,63,7
3841344,0,943,0,40,3,7,2,1,37,40,7
3863726,0,943,0,40,3,4,2,1,13,63,7
3852864,0,943,0,40,2,5,2,1,33,50,7
3862308,0,943,0,40,2,3,2,1,23,29,7
3870799,0,943,0,40,2,1,2,1,9,71,7
3848462,0,943,0,40,3,4,2,1,31,30,7
3857970,0,943,0,40,3,3,2,1,20,25,7
3868962,0,943,0,40,3,2,2,1,9,13,7
3864880,0,943,0,40,3,2,2,1,17,45,7
3805176,0,943,0,40,2,11,2,1,68,94,7
3861401,0,943,0,40,2,4,2,1,13,43,7
3869512,0,943,0,40,3,2,2,1,9,73,7
3815080,0,943,0,40,2,10,2,1,74,26,7
3855749,0,943,0,40,2,4,2,1,16,61,7
3872825,0,943,0,40,3,1,2,1,8,67,7
3828358,0,943,0,40,3,5,2,1,58,37,7
3823754,0,943,0,40,2,10,2,1,71,36,7
3864609,0,943,0,40,2,1,2,1,22,102,7
3850013,0,943,0,40,2,4,2,1,38,19,7
3867648,0,943,0,40,2,1,2,1,18,35,7
3868459,0,943,0,40,3,1,2,1,17,56,7
3818056,0,943,0,40,3,14,2,1,68,60,7
3855197,0,943,0,40,3,4,2,1,28,76,7
3868837,0,943,0,40,2,1,2,1,11,30,7
3857704,0,943,0,40,2,3,2,1,15,23,7
3823408,1,943,938,32.9968,2,10,2,1,69,21,7
3852979,0,943,0,40,2,6,2,1,21,46,7
3855938,0,943,0,40,2,5,2,1,25,48,7
3870455,0,943,0,40,2,0,2,1,7,19,7
3870711,0,943,0,40,2,0,2,1,7,22,7
3870839,0,943,0,40,3,0,2,1,7,31,7
3870949,0,943,0,40,2,0,2,1,7,64,7
3871013,0,943,0,40,2,0,2,1,7,54,7
3871141,0,943,0,40,2,0,2,1,7,36,7
3871221,0,943,0,40,3,0,2,1,7,21,7
3871349,0,943,0,40,2,0,2,1,7,28,7
3871397,0,943,0,40,3,0,2,1,7,28,7
3871564,0,943,0,40,3,0,2,1,7,71,7
3871596,0,943,0,40,2,0,2,1,7,42,7
3871724,0,943,0,40,2,0,2,1,7,22,7
3871756,0,943,0,40,3,0,2,1,7,62,7
3871788,0,943,0,40,2,0,2,1,7,60,7
3871820,0,943,0,40,2,0,2,1,7,53,7
3871948,0,943,0,40,2,0,2,1,7,49,7
3871980,0,943,0,40,2,0,2,1,7,35,7
3872065,0,943,0,40,2,0,2,1,7,35,7
3872097,0,943,0,40,2,0,2,1,7,23,7
3872113,0,943,0,40,2,0,2,1,7,52,7
3872161,0,943,0,40,3,0,2,1,7,62,7
3872177,0,943,0,40,3,0,2,1,7,43,7
3872241,0,943,0,40,2,0,2,1,7,98,7
3872273,0,943,0,40,3,0,2,1,7,55,7
3872305,0,943,0,40,3,0,2,1,7,53,7
3872385,0,943,0,40,2,0,2,1,7,26,7
3872417,0,943,0,40,3,0,2,1,7,66,7
3872481,0,943,0,40,2,0,2,1,7,46,7
3872529,0,943,0,40,3,0,2,1,7,85,7
3872545,0,943,0,40,3,0,2,1,7,46,7
3872561,0,943,0,40,3,0,2,1,7,20,7
3872636,0,943,0,40,3,0,2,1,7,118,7
3872652,0,943,0,40,2,0,2,1,7,32,7
3872668,0,943,0,40,3,0,2,1,7,73,7
3872692,0,943,0,40,2,0,2,1,7,24,7
3872732,0,943,0,40,3,0,2,1,7,85,7
3872740,0,943,0,40,3,0,2,1,7,33,7
3872756,0,943,0,40,2,0,2,1,7,41,7
3872804,0,943,0,40,3,0,2,1,7,16,7
3872828,0,943,0,40,2,0,2,1,7,52,7
3872844,0,943,0,40,3,0,2,1,7,39,7
3872860,0,943,0,40,2,0,2,1,7,68,7
3872884,0,943,0,40,3,0,2,1,7,30,7
3872908,0,943,0,40,3,0,2,1,7,23,7
3872916,0,943,0,40,2,0,2,1,7,55,7
3872924,0,943,0,40,2,0,2,1,7,26,7
3872980,0,943,0,40,3,0,2,1,7,51,7
3872988,0,943,0,40,2,0,2,1,7,32,7
3873012,0,943,0,40,3,0,2,1,7,51,7
3873028,0,943,0,40,2,0,2,1,7,44,7
3873044,0,943,0,40,2,0,2,1,7,36,7
3873060,0,943,0,40,2,0,2,1,7,30,7
3873068,0,943,0,40,2,0,2,1,7,22,7
3873076,0,943,0,40,3,0,2,1,7,35,7
3873092,0,943,0,40,3,0,2,1,7,71,7
3873116,0,943,0,40,2,0,2,1,7,46,7
3873132,0,943,0,40,3,0,2,1,7,16,7
3873155,0,943,0,40,3,0,2,1,7,54,7
3873171,0,943,0,40,2,0,2,1,7,76,7
3873207,0,943,0,40,3,0,2,1,7,52,7
3873215,0,943,0,40,2,0,2,1,7,36,7
3873227,0,943,0,40,3,0,2,1,7,19,7
3873235,0,943,0,40,2,0,2,1,7,83,7
3873243,0,943,0,40,3,0,2,1,7,10,7
3873259,0,943,0,40,3,0,2,1,7,65,7
3873271,0,943,0,40,3,0,2,1,7,26,7
3873283,0,943,0,40,3,0,2,1,7,15,7
3873291,0,943,0,40,3,0,2,1,7,29,7
3873299,0,943,0,40,3,0,2,1,7,18,7
3873315,0,943,0,40,2,0,2,1,7,62,7
3873323,0,943,0,40,2,0,2,1,7,35,7
3873327,0,943,0,40,2,0,2,1,7,51,7
3873335,0,943,0,40,3,0,2,1,7,54,7
3873339,0,943,0,40,2,0,2,1,7,15,7
3873347,0,943,0,40,2,0,2,1,7,28,7
3873359,0,943,0,40,2,0,2,1,7,36,7
3873371,0,943,0,40,2,0,2,1,7,23,7
3873383,0,943,0,40,2,0,2,1,7,29,7
3873391,0,943,0,40,2,0,2,1,7,13,7
3873399,0,943,0,40,2,0,2,1,7,56,7
3873407,0,943,0,40,3,0,2,1,7,46,7
3873423,0,943,0,40,2,0,2,1,7,28,7
3873435,0,943,0,40,2,0,2,1,7,55,7
3873443,0,943,0,40,3,0,2,1,7,56,7
3873447,0,943,0,40,3,0,2,1,7,35,7
3873459,0,943,0,40,2,0,2,1,7,68,7
3873463,0,943,0,40,2,0,2,1,7,87,7
3873475,0,943,0,40,3,0,2,1,7,39,7
3873479,0,943,0,40,2,0,2,1,7,14,7
3873487,0,943,0,40,3,0,2,1,7,21,7
3873503,0,943,0,40,2,0,2,1,7,40,7
3873507,0,943,0,40,2,0,2,1,7,16,7
3873535,0,943,0,40,2,0,2,1,7,59,7
3873539,0,943,0,40,3,0,2,1,7,76,7
3873547,0,943,0,40,2,0,2,1,7,31,7
3873555,0,943,0,40,3,0,2,1,7,37,7
3873559,0,943,0,40,2,0,2,1,7,41,7
3873567,0,943,0,40,2,0,2,1,7,57,7
3873571,0,943,0,40,3,0,2,1,7,51,7
3873575,0,943,0,40,3,0,2,1,7,36,7
3873587,0,943,0,40,2,0,2,1,7,16,7
3873591,0,943,0,40,3,0,2,1,7,25,7
3873595,0,943,0,40,2,0,2,1,7,21,7
3873603,0,943,0,40,2,0,2,1,7,51,7
3873623,0,943,0,40,3,0,2,1,7,27,7
3873635,0,943,0,40,3,0,2,1,7,68,7
3873639,0,943,0,40,2,0,2,1,7,22,7
3873643,0,943,0,40,3,0,2,1,7,42,7
3873655,0,943,0,40,2,0,2,1,7,36,7
3873663,0,943,0,40,3,0,2,1,7,39,7
3873679,0,943,0,40,2,0,2,1,7,42,7
3873683,0,943,0,40,2,0,2,1,7,75,7
3873703,0,943,0,40,3,0,2,1,7,49,7
3873707,0,943,0,40,3,0,2,1,7,76,7
3873723,0,943,0,40,2,0,2,1,7,63,7
3873736,0,943,0,40,2,0,2,1,7,54,7
3873740,0,943,0,40,3,0,2,1,7,42,7
3873742,0,943,0,40,3,0,2,1,7,86,7
3873744,0,943,0,40,2,0,2,1,7,20,7
3873748,0,943,0,40,2,0,2,1,7,21,7
3873758,0,943,0,40,2,0,2,1,7,57,7
3873760,0,943,0,40,2,0,2,1,7,72,7
3873770,0,943,0,40,3,0,2,1,7,42,7
3873772,0,943,0,40,3,0,2,1,7,45,7
3873774,0,943,0,40,2,0,2,1,7,66,7
3873782,0,943,0,40,3,0,2,1,7,59,7
3873788,0,943,0,40,3,0,2,1,7,69,7
3873790,0,943,0,40,3,0,2,1,7,31,7
3873794,0,943,0,40,2,0,2,1,7,35,7
3873796,0,943,0,40,3,0,2,1,7,60,7
3873800,0,943,0,40,3,0,2,1,7,39,7
3873804,0,943,0,40,3,0,2,1,7,98,7
3873808,0,943,0,40,2,0,2,1,7,51,7
3873810,0,943,0,40,3,0,2,1,7,50,7
3873818,0,943,0,40,3,0,2,1,7,33,7
3873824,0,943,0,40,2,0,2,1,7,41,7
3873826,0,943,0,40,2,0,2,1,7,28,7
3873832,0,943,0,40,3,0,2,1,7,35,7
3873834,0,943,0,40,3,0,2,1,7,26,7
3873836,0,943,0,40,2,0,2,1,7,37,7
3873840,0,943,0,40,3,0,2,1,7,16,7
3873848,0,943,0,40,2,0,2,1,7,89,7
3873850,0,943,0,40,2,0,2,1,7,42,7
3873862,0,943,0,40,3,0,2,1,7,77,7
3873866,0,943,0,40,3,0,2,1,7,35,7
3873870,0,943,0,40,2,0,2,1,7,57,7
3873874,0,943,0,40,2,0,2,1,7,43,7
3873880,0,943,0,40,2,0,2,1,7,77,7
3873888,0,943,0,40,2,0,2,1,7,60,7
3873898,0,943,0,40,2,0,2,1,7,42,7
3873900,0,943,0,40,3,0,2,1,7,53,7
3873902,0,943,0,40,3,0,2,1,7,51,7
3873904,0,943,0,40,2,0,2,1,7,43,7
3873916,0,943,0,40,3,0,2,1,7,56,7
3873922,0,943,0,40,2,0,2,1,7,37,7
3873928,0,943,0,40,3,0,2,1,7,55,7
3873930,0,943,0,40,2,0,2,1,7,27,7
3873932,0,943,0,40,2,0,2,1,7,29,7
3873936,0,943,0,40,3,0,2,1,7,51,7
3873942,0,943,0,40,2,0,2,1,7,56,7
3873944,0,943,0,40,2,0,2,1,7,43,7
3873946,0,943,0,40,3,0,2,1,7,46,7
3873948,0,943,0,40,2,0,2,1,7,24,7
3873958,0,943,0,40,2,0,2,1,7,49,7
3873960,0,943,0,40,3,0,2,1,7,16,7
3873962,0,943,0,40,2,0,2,1,7,47,7
3873966,0,943,0,40,2,0,2,1,7,39,7
3873968,0,943,0,40,2,0,2,1,7,28,7
3873982,0,943,0,40,2,0,2,1,7,50,7
3873984,0,943,0,40,2,0,2,1,7,35,7
3873988,0,943,0,40,2,0,2,1,7,37,7
3873996,0,943,0,40,3,0,2,1,7,81,7
3873998,0,943,0,40,2,0,2,1,7,24,7
3874004,0,943,0,40,2,0,2,1,7,56,7
3874006,0,943,0,40,2,0,2,1,7,29,7
3874010,0,943,0,40,3,0,2,1,7,55,7
3874014,0,943,0,40,3,0,2,1,7,25,7
3874016,0,943,0,40,2,0,2,1,7,27,7
3874018,0,943,0,40,3,0,2,1,7,18,7
3874024,0,943,0,40,2,0,2,1,7,29,7
3874026,0,943,0,40,2,0,2,1,7,29,7
3874030,0,943,0,40,2,0,2,1,7,25,7
3874032,0,943,0,40,3,0,2,1,7,19,7
3874036,0,943,0,40,3,0,2,1,7,61,7
3874042,0,943,0,40,2,0,2,1,7,30,7
3874046,0,943,0,40,3,0,2,1,7,15,7
3874056,0,943,0,40,3,0,2,1,7,37,7
3874060,0,943,0,40,3,0,2,1,7,32,7
3874062,0,943,0,40,2,0,2,1,7,34,7
3874064,0,943,0,40,3,0,2,1,7,60,7
3874066,0,943,0,40,3,0,2,1,7,11,7
3874068,0,943,0,40,3,0,2,1,7,38,7
3874074,0,943,0,40,3,0,2,1,7,38,7
3874078,0,943,0,40,2,0,2,1,7,23,7
3874082,0,943,0,40,2,0,2,1,7,24,7
3874086,0,943,0,40,3,0,2,1,7,31,7
3874088,0,943,0,40,2,0,2,1,7,50,7
3874098,0,943,0,40,3,0,2,1,7,76,7
3874102,0,943,0,40,2,0,2,1,7,42,7
3874116,0,943,0,40,3,0,2,1,7,35,7
3874124,0,943,0,40,2,0,2,1,7,26,7
3874128,0,943,0,40,3,0,2,1,7,51,7
3874146,0,943,0,40,2,0,2,1,7,40,7
3874156,0,943,0,40,2,0,2,1,7,43,7
3874158,0,943,0,40,3,0,2,1,7,67,7
3874162,0,943,0,40,2,0,2,1,7,57,7
3874176,0,943,0,40,3,0,2,1,7,89,7
3874178,0,943,0,40,2,0,2,1,7,55,7
3874184,0,943,0,40,2,0,2,1,7,50,7
3874186,0,943,0,40,2,0,2,1,7,36,7
3874188,0,943,0,40,2,0,2,1,7,72,7
3874196,0,943,0,40,3,0,2,1,7,20,7
3874198,0,943,0,40,2,0,2,1,7,58,7
3874210,0,943,0,40,2,0,2,1,7,20,7
3874214,0,943,0,40,2,0,2,1,7,23,7
3874218,0,943,0,40,2,0,2,1,7,19,7
3874224,0,943,0,40,3,0,2,1,7,70,7
3874226,0,943,0,40,2,0,2,1,7,17,7
3874232,0,943,0,40,3,0,2,1,7,38,7
3874234,0,943,0,40,3,0,2,1,7,43,7
3874238,0,943,0,40,2,0,2,1,7,44,7
3874242,0,943,0,40,3,0,2,1,7,36,7
3874246,0,943,0,40,2,0,2,1,7,36,7
3719203,0,943,0,40,2,30,2,1,173,73,7
3832414,0,943,0,40,2,6,2,1,49,50,7
3836719,0,943,0,40,3,8,2,1,39,40,7
3840719,0,943,0,40,3,4,2,1,37,75,7
3854501,0,943,0,40,3,1,2,1,29,66,7
3852773,0,943,0,40,2,3,2,1,12,81,7
3832514,0,943,0,40,2,5,2,1,49,70,7
3844956,0,943,0,40,2,6,2,1,27,21,7
3807038,0,943,0,40,3,5,2,1,68,26,7
3804555,0,943,0,40,3,4,2,1,38,54,7
3839037,0,943,0,40,2,5,2,1,35,74,7
3854279,0,943,0,40,3,4,2,1,18,24,7
3853159,0,943,0,40,2,4,2,1,22,18,7
3842831,0,943,0,40,3,4,2,1,39,30,7
3837782,0,943,0,40,2,6,2,1,38,27,7
3861609,0,943,0,40,3,1,2,1,17,41,7
3806344,0,943,0,40,2,7,2,1,50,31,7
3863511,0,943,0,40,2,1,2,1,15,24,7
3850397,0,943,0,40,3,3,2,1,31,44,7
3862997,0,943,0,40,2,1,2,1,14,19,7
3863560,0,943,0,40,2,1,2,1,13,36,7
3859776,0,943,0,40,2,3,2,1,16,50,7
3859047,0,943,0,40,2,2,2,1,12,35,7
3843847,0,943,0,40,2,6,2,1,20,38,7
3857569,0,943,0,40,3,2,2,1,21,34,7
3835005,0,943,0,40,2,6,2,1,44,37,7
3866395,0,943,0,40,3,1,2,1,9,42,7
3850169,0,943,0,40,3,5,2,1,21,48,7
3864026,0,943,0,40,3,1,2,1,8,23,7
3867902,0,943,0,40,3,1,2,1,8,31,7
3813215,0,943,0,40,2,10,2,1,86,23,7
3843531,0,943,0,40,2,6,2,1,25,41,7
3868537,0,943,0,40,2,1,2,1,7,19,7
3822834,0,943,0,40,2,9,2,1,51,34,7
3859441,0,943,0,40,2,1,2,1,21,28,7
3822413,0,943,0,40,2,5,2,1,82,37,7
3861780,0,943,0,40,2,1,2,1,19,37,7
3861225,0,943,0,40,3,1,2,1,18,16,7
3804758,0,943,0,40,2,10,2,1,70,61,7
3839083,0,943,0,40,2,3,2,1,49,45,7
3817489,1,943,848,40,2,12,2,1,61,73,7
3861371,0,943,0,40,2,2,2,1,15,18,7
3859337,0,943,0,40,3,3,2,1,20,41,7
3817656,0,943,0,40,2,10,2,1,69,53,7
3810810,0,943,0,40,3,12,2,1,78,39,7
3814357,0,943,0,40,3,13,2,1,64,16,7
3843018,0,943,0,40,2,4,2,1,42,49,7
3808148,0,943,0,40,3,9,2,1,51,53,7
3855516,0,943,0,40,3,2,2,1,26,22,7
3818755,0,943,0,40,3,9,2,1,69,25,7
3852256,0,943,0,40,2,5,2,1,22,38,7
3855403,0,943,0,40,2,3,2,1,16,36,7
3820577,0,943,0,40,3,9,2,1,63,42,7
3841834,0,943,0,40,2,4,2,1,36,37,7
3851238,0,943,0,40,2,5,2,1,23,17,7
3867822,0,943,0,40,2,1,2,1,9,55,7
3823019,0,943,0,40,2,5,2,1,65,56,7
3804030,0,943,0,40,2,11,2,1,69,113,7
3846352,0,943,0,40,2,6,2,1,23,67,7
3867891,0,943,0,40,3,1,2,1,8,52,7
3837120,0,943,0,40,2,7,2,1,25,63,7
3809150,0,943,0,40,3,13,2,1,86,41,7
3848878,0,943,0,40,3,6,2,1,31,64,7
3865420,0,943,0,40,2,2,2,1,11,29,7
3863419,0,943,0,40,2,3,2,1,13,39,7
3854768,0,943,0,40,3,2,2,1,28,32,7
3841419,0,943,0,40,3,3,2,1,45,47,7
3853282,0,943,0,40,3,4,2,1,28,19,7
3858800,0,943,0,40,2,2,2,1,20,45,7
3850150,0,943,0,40,3,4,2,1,29,71,7
3858728,0,943,0,40,3,2,2,1,23,60,7
3835047,1,943,908,40,2,6,2,1,45,96,7
3841520,0,943,0,40,3,5,2,1,34,30,7
3856597,1,943,931,22.7303,3,4,2,1,19,51,7
3864746,0,943,0,40,2,1,2,1,15,66,7
3861904,0,943,0,40,2,2,2,1,19,48,7
3814007,0,943,0,40,3,12,2,1,54,43,7
3830642,0,943,0,40,2,9,2,1,46,73,7
3803775,0,943,0,40,3,11,2,1,47,25,7
3865237,0,943,0,40,3,1,2,1,13,43,7
3866035,0,943,0,40,3,1,2,1,13,47,7
3857058,0,943,0,40,3,2,2,1,18,30,7
3840960,0,943,0,40,3,5,2,1,36,16,7
3832196,1,943,918,40,2,8,2,1,41,51,7
3842105,0,943,0,40,2,3,2,1,42,58,7
3865555,0,943,0,40,3,1,2,1,12,32,7
3814564,0,943,0,40,3,10,2,1,65,40,7
3843129,0,943,0,40,2,3,2,1,32,34,7
3859393,0,943,0,40,3,2,2,1,19,27,7
3825571,0,943,0,40,3,6,2,1,58,35,7
3854411,0,943,0,40,2,3,2,1,18,52,7
3799094,0,943,0,40,2,8,2,1,70,10,7
3860324,0,943,0,40,3,3,2,1,14,14,7
3819611,0,943,0,40,3,9,2,1,73,35,7
3858041,0,943,0,40,2,3,2,1,18,40,7
3856572,0,943,0,40,2,4,2,1,21,48,7
3867127,0,943,0,40,3,1,2,1,10,49,7
3828665,0,943,0,40,3,10,2,1,36,34,7
3842394,0,943,0,40,2,4,2,1,35,45,7
3804028,0,943,0,40,3,12,2,1,83,29,7
3852462,0,943,0,40,3,3,2,1,25,76,7
3864666,0,943,0,40,3,2,2,1,14,67,7
3856467,0,943,0,40,2,2,2,1,24,52,7
3812862,0,943,0,40,3,12,2,1,66,67,7
3836109,0,943,0,40,3,9,2,1,29,42,7
3830274,0,943,0,40,2,10,2,1,38,30,7
3834090,0,943,0,40,3,7,2,1,42,51,7
3868242,0,943,0,40,3,1,2,1,8,70,7
3868808,0,943,0,40,3,1,2,1,8,62,7
3851392,0,943,0,40,3,4,2,1,20,52,7
3822706,0,943,0,40,2,7,2,1,64,37,7
3836910,0,943,0,40,3,5,2,1,47,31,7
3863765,0,943,0,40,2,2,2,1,14,35,7
3825530,0,943,0,40,2,11,2,1,50,47,7
3867881,0,943,0,40,2,1,2,1,7,26,7
3868731,0,943,0,40,2,1,2,1,7,31,7
3869290,0,943,0,40,2,1,2,1,7,40,7
3869752,0,943,0,40,2,1,2,1,7,36,7
3855357,0,943,0,40,3,1,2,1,30,21,7
3844545,0,943,0,40,3,3,2,1,43,45,7
3852991,0,943,0,40,2,3,2,1,29,60,7
3833029,0,943,0,40,2,7,2,1,47,42,7
3796401,0,943,0,40,2,13,2,1,117,41,7
3840910,0,943,0,40,2,5,2,1,40,27,7
3825794,0,943,0,40,3,7,2,1,61,54,7
3841121,0,943,0,40,2,5,2,1,34,39,7
3859182,0,943,0,40,2,2,2,1,21,34,7
3862597,0,943,0,40,3,1,2,1,19,11,7
3824410,0,943,0,40,2,5,2,1,71,43,7
3856580,0,943,0,40,3,2,2,1,24,33,7
3861785,0,943,0,40,3,1,2,1,18,32,7
3841363,0,943,0,40,2,4,2,1,42,21,7
3843793,0,943,0,40,3,5,2,1,41,78,7
3856609,0,943,0,40,2,3,2,1,23,42,7
3851054,0,943,0,40,3,3,2,1,31,35,7
3813835,0,943,0,40,2,9,2,1,78,40,7
3860440,0,943,0,40,2,2,2,1,19,59,7
3814189,0,943,0,40,2,13,2,1,64,37,7
3865152,0,943,0,40,2,1,2,1,15,22,7
3845643,0,943,0,40,2,5,2,1,36,22,7
3831631,0,943,0,40,2,7,2,1,48,26,7
3826485,0,943,0,40,2,8,2,1,59,44,7
3857323,0,943,0,40,2,3,2,1,22,36,7
3865229,0,943,0,40,2,1,2,1,14,15,7
3819696,0,943,0,40,3,7,2,1,74,43,7
3834162,0,943,0,40,3,8,2,1,40,37,7
3854356,0,943,0,40,3,3,2,1,23,14,7
3847677,0,943,0,40,2,5,2,1,35,45,7
3864711,1,943,932,35.538,2,1,2,1,13,47,7
3832732,0,943,0,40,3,3,2,1,61,42,7
3834212,0,943,0,40,2,8,2,1,43,45,7
3849681,0,943,0,40,3,4,2,1,20,21,7
3825868,0,943,0,40,3,7,2,1,60,40,7
3865002,0,943,0,40,3,2,2,1,13,38,7
3866311,0,943,0,40,2,1,2,1,12,29,7
3867316,0,943,0,40,2,1,2,1,12,65,7
3834735,0,943,0,40,2,6,2,1,49,32,7
3851072,0,943,0,40,3,3,2,1,31,79,7
3840378,0,943,0,40,2,7,2,1,38,28,7
3860089,0,943,0,40,2,3,2,1,13,35,7
3868018,0,943,0,40,2,1,2,1,11,60,7
3826488,0,943,0,40,2,9,2,1,41,36,7
3815824,0,943,0,40,2,11,2,1,75,60,7
3862938,0,943,0,40,2,2,2,1,16,36,7
3826353,0,943,0,40,3,8,2,1,55,63,7
3859692,0,943,0,40,2,3,2,1,18,61,7
3867447,0,943,0,40,3,1,2,1,10,39,7
3868527,0,943,0,40,3,1,2,1,10,71,7
3858490,0,943,0,40,3,3,2,1,17,48,7
3847414,0,943,0,40,3,4,2,1,27,31,7
3853103,0,943,0,40,3,4,2,1,18,29,7
3843118,0,943,0,40,2,5,2,1,37,17,7
3847210,0,943,0,40,3,6,2,1,19,33,7
3866117,0,943,0,40,3,2,2,1,10,105,7
3858937,0,943,0,40,3,4,2,1,13,44,7
3866250,0,943,0,40,2,1,2,1,9,85,7
3868190,0,943,0,40,3,1,2,1,9,52,7
3868896,0,943,0,40,2,1,2,1,9,38,7
3869152,0,943,0,40,3,1,2,1,9,59,7
3808584,0,943,0,40,3,14,2,1,85,22,7
3862769,0,943,0,40,2,2,2,1,12,47,7
3848592,0,943,0,40,3,5,2,1,24,70,7
3858455,0,943,0,40,3,3,2,1,17,52,7
3853868,0,943,0,40,2,2,2,1,29,59,7
3835725,0,943,0,40,2,7,2,1,38,49,7
3821390,0,943,0,40,2,8,2,1,65,20,7
3853732,0,943,0,40,2,5,2,1,19,22,7
3848680,1,943,907,40,2,5,2,1,27,40,7
3849289,0,943,0,40,2,5,2,1,24,87,7
3850034,0,943,0,40,2,5,2,1,21,81,7
3838636,0,943,0,40,3,7,2,1,34,53,7
3868739,0,943,0,40,2,1,2,1,8,51,7
3869151,0,943,0,40,2,1,2,1,8,48,7
3827464,0,943,0,40,2,8,2,1,44,24,7
3813953,0,943,0,40,2,11,2,1,68,36,7
3849786,0,943,0,40,3,5,2,1,24,21,7
3852867,0,943,0,40,3,4,2,1,24,31,7
3856719,0,943,0,40,3,3,2,1,17,62,7
3847665,0,943,0,40,3,5,2,1,28,50,7
3853423,0,943,0,40,3,3,2,1,27,29,7
3854461,0,943,0,40,2,4,2,1,23,58,7
3864978,0,943,0,40,2,2,2,1,13,30,7
3857022,0,943,0,40,2,3,2,1,22,35,7
3860570,1,943,929,22.701,3,3,2,1,21,29,7
3861882,0,943,0,40,2,3,2,1,16,26,7
3852030,0,943,0,40,2,4,2,1,18,45,7
3866498,0,943,0,40,2,2,2,1,12,64,7
3858004,0,943,0,40,2,4,2,1,17,34,7
3870134,0,943,0,40,2,1,2,1,7,51,7
3847465,0,943,0,40,2,2,2,1,44,60,7
3845425,0,943,0,40,2,2,2,1,45,49,7
3856428,0,943,0,40,2,2,2,1,27,13,7
3851029,0,943,0,40,3,2,2,1,36,62,7
3800486,0,943,0,40,2,14,2,1,88,44,7
3827774,0,943,0,40,2,6,2,1,44,27,7
3861748,0,943,0,40,3,1,2,1,22,47,7
3825880,0,943,0,40,2,8,2,1,57,28,7
3851534,0,943,0,40,3,3,2,1,29,42,7
3826625,0,943,0,40,2,5,2,1,51,48,7
3847162,1,943,900,40,2,6,2,1,33,82,7
3858221,0,943,0,40,3,2,2,1,20,43,7
3849497,1,943,933,40,2,6,2,1,26,35,7
3835309,0,943,0,40,2,6,2,1,35,56,7
3847672,0,943,0,40,3,4,2,1,29,54,7
3850575,0,943,0,40,2,4,2,1,26,24,7
3858760,0,943,0,40,3,2,2,1,25,24,7
3814903,0,943,0,40,3,11,2,1,68,39,7
3864992,0,943,0,40,3,1,2,1,17,20,7
3840067,0,943,0,40,3,5,2,1,40,83,7
3855119,0,943,0,40,3,3,2,1,26,32,7
3865344,0,943,0,40,3,1,2,1,16,18,7
3847688,0,943,0,40,2,3,2,1,33,33,7
3850111,0,943,0,40,3,3,2,1,37,22,7
3833340,0,943,0,40,3,7,2,1,50,40,7
3849477,0,943,0,40,2,4,2,1,27,102,7
3825419,0,943,0,40,3,9,2,1,54,52,7
3861409,0,943,0,40,3,2,2,1,16,13,7
3810356,0,943,0,40,3,16,2,1,80,74,7
3786668,0,943,0,40,2,20,2,1,127,17,7
3844189,0,943,0,40,2,6,2,1,31,59,7
3839895,1,943,907,27.573,3,7,2,1,37,50,7
3849205,0,943,0,40,3,3,2,1,26,40,7
3850907,0,943,0,40,3,4,2,1,17,46,7
3858578,0,943,0,40,2,2,2,1,21,37,7
3849052,0,943,0,40,3,5,2,1,31,31,7
3805086,0,943,0,40,3,13,2,1,108,42,7
3804493,0,943,0,40,2,15,2,1,69,42,7
3822229,1,943,924,21.6541,3,8,2,1,68,35,7
3866860,0,943,0,40,3,1,2,1,13,28,7
3859301,0,943,0,40,3,3,2,1,15,40,7
3827409,0,943,0,40,3,7,2,1,61,41,7
3862846,0,943,0,40,3,2,2,1,15,17,7
3855812,0,943,0,40,2,3,2,1,25,50,7
3863422,0,943,0,40,3,2,2,1,17,75,7
3838711,0,943,0,40,3,9,2,1,39,47,7
3833083,0,943,0,40,2,7,2,1,53,36,7
3835137,0,943,0,40,2,7,2,1,47,69,7
3821068,0,943,0,40,2,10,2,1,65,45,7
3867590,0,943,0,40,3,1,2,1,12,89,7
3856913,0,943,0,40,3,3,2,1,21,74,7
3823072,0,943,0,40,3,10,2,1,63,62,7
3809460,0,943,0,40,2,15,2,1,82,68,7
3825487,0,943,0,40,2,7,2,1,57,48,7
3857162,0,943,0,40,2,3,2,1,16,58,7
3816299,0,943,0,40,3,10,2,1,73,39,7
3835435,0,943,0,40,2,6,2,1,48,24,7
3856679,0,943,0,40,2,4,2,1,17,81,7
3838282,0,943,0,40,3,7,2,1,39,62,7
3843188,0,943,0,40,3,7,2,1,39,32,7
3865812,0,943,0,40,2,2,2,1,12,34,7
3867875,2,943,0,40,2,1,2,1,11,39,7
3868447,0,943,0,40,3,1,2,1,11,57,7
3852384,0,943,0,40,3,4,2,1,17,24,7
3831232,0,943,0,40,3,8,2,1,46,26,7
3828914,0,943,0,40,2,7,2,1,57,55,7
3770440,0,943,0,40,2,17,2,1,165,21,7
3855076,0,943,0,40,2,2,2,1,29,38,7
3843076,0,943,0,40,2,4,2,1,36,40,7
3837098,0,943,0,40,3,5,2,1,45,118,7
3854649,0,943,0,40,2,4,2,1,25,58,7
3861291,0,943,0,40,3,3,2,1,15,45,7
3865571,0,943,0,40,2,2,2,1,12,52,7
3855633,0,943,0,40,3,2,2,1,19,41,7
3859475,0,943,0,40,2,3,2,1,14,35,7
3852769,0,943,0,40,2,3,2,1,27,26,7
3859181,0,943,0,40,2,3,2,1,19,29,7
3812333,0,943,0,40,3,10,2,1,82,52,7
3860850,0,943,0,40,2,2,2,1,19,25,7
3851401,0,943,0,40,2,5,2,1,21,38,7
3826397,0,943,0,40,2,9,2,1,48,48,7
3858780,0,943,0,40,2,2,2,1,23,70,7
3866522,0,943,0,40,2,2,2,1,10,60,7
3852716,0,943,0,40,3,3,2,1,31,47,7
3861305,0,943,0,40,3,2,2,1,19,39,7
3818779,0,943,0,40,2,11,2,1,72,51,7
3868843,0,943,0,40,2,1,2,1,9,33,7
3869234,0,943,0,40,2,1,2,1,9,32,7
3869630,0,943,0,40,2,1,2,1,9,20,7
3853983,0,943,0,40,2,4,2,1,19,35,7
3843619,0,943,0,40,3,8,2,1,23,60,7
3828543,0,943,0,40,2,6,2,1,57,25,7
3837422,0,943,0,40,2,6,2,1,42,39,7
3842605,1,943,896,40,2,5,2,1,37,47,7
3853636,0,943,0,40,3,3,2,1,17,69,7
3831709,0,943,0,40,3,8,2,1,49,46,7
3853061,0,943,0,40,2,4,2,1,27,32,7
3851661,0,943,0,40,2,4,2,1,27,37,7
3853995,0,943,0,40,2,3,2,1,25,28,7
3840674,0,943,0,40,3,5,2,1,44,42,7
3853072,0,943,0,40,3,5,2,1,18,52,7
3863323,0,943,0,40,3,3,2,1,12,33,7
3817334,0,943,0,40,2,12,2,1,51,46,7
3858440,0,943,0,40,2,4,2,1,20,89,7
3863547,0,943,0,40,2,3,2,1,12,72,7
3866138,0,943,0,40,3,1,2,1,8,24,7
3868769,0,943,0,40,2,1,2,1,8,22,7
3869872,0,943,0,40,3,1,2,1,8,52,7
3870002,0,943,0,40,2,1,2,1,8,49,7
3870078,0,943,0,40,3,1,2,1,8,13,7
3837014,0,943,0,40,2,5,2,1,44,63,7
3833356,0,943,0,40,3,8,2,1,44,59,7
3826043,0,943,0,40,3,10,2,1,43,26,7
3808173,0,943,0,40,2,11,2,1,63,96,7
3850001,1,943,922,40,2,6,2,1,24,31,7
3865340,0,943,0,40,2,2,2,1,10,63,7
3841870,0,943,0,40,2,5,2,1,39,65,7
3849229,0,943,0,40,3,4,2,1,29,32,7
3853949,0,943,0,40,3,5,2,1,19,46,7
3836017,0,943,0,40,3,6,2,1,48,23,7
3836841,1,943,895,40,3,8,2,1,32,66,7
3860700,0,943,0,40,2,2,2,1,21,55,7
3856146,0,943,0,40,3,3,2,1,24,38,7
3842208,1,943,933,9.97847,3,6,2,1,37,22,7
3842460,0,943,0,40,3,5,2,1,39,79,7
3835141,0,943,0,40,3,5,2,1,48,43,7
3861346,0,943,0,40,2,3,2,1,16,75,7
3866911,0,943,0,40,2,2,2,1,10,43,7
3837520,0,943,0,40,3,7,2,1,46,28,7
3824851,0,943,0,40,2,10,2,1,55,22,7
3869748,0,943,0,40,2,2,2,1,8,64,7
3841377,0,943,0,40,3,6,2,1,33,37,7
3868480,0,943,0,40,2,1,2,1,7,25,7
3868941,0,943,0,40,2,1,2,1,7,48,7
3869207,0,943,0,40,2,1,2,1,7,40,7
3869847,0,943,0,40,3,1,2,1,7,46,7
3834434,0,943,0,40,2,5,2,1,56,21,7
3852240,0,943,0,40,2,2,2,1,33,46,7
3857930,0,943,0,40,3,1,2,1,29,48,7
3843575,0,943,0,40,2,4,2,1,38,73,7
3854722,0,943,0,40,3,2,2,1,30,56,7
3849983,0,943,0,40,3,3,2,1,33,41,7
3847658,0,943,0,40,2,4,2,1,36,52,7
3861685,0,943,0,40,3,1,2,1,21,38,7
3815260,0,943,0,40,2,11,2,1,68,72,7
3855418,0,943,0,40,2,3,2,1,25,16,7
3860414,0,943,0,40,3,2,2,1,22,19,7
3851203,0,943,0,40,3,3,2,1,26,40,7
3851168,0,943,0,40,2,4,2,1,25,31,7
3857072,0,943,0,40,3,3,2,1,24,56,7
3864165,0,943,0,40,3,1,2,1,19,22,7
3815382,0,943,0,40,3,9,2,1,74,48,7
3844625,0,943,0,40,2,4,2,1,40,40,7
3833097,0,943,0,40,3,5,2,1,48,31,7
3848393,0,943,0,40,2,5,2,1,28,53,7
3829107,0,943,0,40,2,7,2,1,50,39,7
3845691,0,943,0,40,3,5,2,1,35,36,7
3859156,0,943,0,40,3,3,2,1,19,42,7
3826672,0,943,0,40,3,9,2,1,49,37,7
3837834,0,943,0,40,3,5,2,1,45,61,7
3852868,0,943,0,40,3,2,2,1,34,70,7
3840424,0,943,0,40,3,5,2,1,39,22,7
3828838,0,943,0,40,2,9,2,1,52,35,7
3825827,0,943,0,40,3,8,2,1,64,30,7
3865687,0,943,0,40,2,1,2,1,16,64,7
3866063,0,943,0,40,2,1,2,1,16,37,7
3824238,0,943,0,40,2,9,2,1,64,61,7
3823519,0,943,0,40,2,5,2,1,69,62,7
3857092,0,943,0,40,2,3,2,1,22,40,7
3847690,0,943,0,40,2,5,2,1,33,80,7
3865820,0,943,0,40,3,1,2,1,15,52,7
3866204,0,943,0,40,2,1,2,1,15,30,7
3816697,0,943,0,40,2,9,2,1,81,60,7
3844650,0,943,0,40,3,5,2,1,29,10,7
3838438,0,943,0,40,2,5,2,1,45,84,7
3861737,0,943,0,40,2,2,2,1,16,58,7
3857453,0,943,0,40,2,3,2,1,22,33,7
3856165,0,943,0,40,3,3,2,1,20,31,7
3864751,0,943,0,40,2,1,2,1,14,46,7
3867320,0,943,0,40,3,1,2,1,14,54,7
3836549,0,943,0,40,2,6,2,1,32,67,7
3854943,0,943,0,40,3,4,2,1,20,27,7
3824022,0,943,0,40,2,9,2,1,56,49,7
3842348,1,943,916,40,2,6,2,1,41,22,7
3863980,0,943,0,40,2,2,2,1,14,79,7
3858849,0,943,0,40,3,3,2,1,22,64,7
3859411,0,943,0,40,3,3,2,1,23,81,7
3846784,0,943,0,40,3,7,2,1,23,50,7
3821441,0,943,0,40,3,12,2,1,55,16,7
3867139,0,943,0,40,2,1,2,1,13,38,7
3804942,0,943,0,40,3,11,2,1,58,57,7
3830578,0,943,0,40,3,5,2,1,57,23,7
3833482,0,943,0,40,3,7,2,1,54,36,7
3846670,0,943,0,40,2,4,2,1,31,24,7
3865502,0,943,0,40,2,2,2,1,14,63,7
3859608,0,943,0,40,2,3,2,1,19,44,7
3867539,0,943,0,40,2,1,2,1,12,31,7
3813506,0,943,0,40,2,9,2,1,82,50,7
3858044,0,943,0,40,3,3,2,1,15,25,7
3815960,0,943,0,40,2,14,2,1,57,62,7
3852727,0,943,0,40,3,4,2,1,16,45,7
3856199,0,943,0,40,2,3,2,1,21,36,7
3799224,0,943,0,40,3,13,2,1,62,81,7
3833827,0,943,0,40,3,6,2,1,48,36,7
3836396,0,943,0,40,3,6,2,1,42,17,7
3854796,0,943,0,40,2,3,2,1,24,59,7
3856310,1,943,925,40,2,3,2,1,26,61,7
3854739,0,943,0,40,2,3,2,1,22,20,7
3822297,0,943,0,40,2,7,2,1,78,80,7
3805800,0,943,0,40,3,12,2,1,61,80,7
3850868,0,943,0,40,2,5,2,1,23,50,7
3826876,0,943,0,40,2,11,2,1,46,39,7
3842513,0,943,0,40,3,7,2,1,33,66,7
3830418,0,943,0,40,2,8,2,1,53,78,7
3834678,0,943,0,40,2,8,2,1,41,36,7
3868434,0,943,0,40,2,1,2,1,11,47,7
3868848,0,943,0,40,2,1,2,1,11,33,7
3805636,0,943,0,40,3,12,2,1,58,32,7
3864459,0,943,0,40,3,2,2,1,12,20,7
3828405,0,943,0,40,2,6,2,1,65,44,7
3860107,0,943,0,40,2,3,2,1,19,49,7
3864862,0,943,0,40,3,2,2,1,12,25,7
3840257,0,943,0,40,3,7,2,1,31,67,7
3858795,0,943,0,40,2,4,2,1,17,56,7
3841430,0,943,0,40,2,5,2,1,27,40,7
3862368,0,943,0,40,2,2,2,1,19,38,7
3864667,0,943,0,40,2,2,2,1,13,26,7
3852276,0,943,0,40,2,5,2,1,14,19,7
3851521,0,943,0,40,2,3,2,1,33,51,7
3834209,0,943,0,40,2,7,2,1,40,50,7
3861977,0,943,0,40,2,3,2,1,15,28,7
3840323,0,943,0,40,3,8,2,1,37,53,7
3836026,1,943,934,40,2,6,2,1,39,30,7
3861521,0,943,0,40,3,2,2,1,21,68,7
3805772,1,943,858,40,3,13,2,1,65,46,7
3848913,0,943,0,40,2,3,2,1,40,49,7
3868540,0,943,0,40,2,1,2,1,10,37,7
3868707,0,943,0,40,3,1,2,1,10,33,7
3869119,0,943,0,40,3,1,2,1,10,55,7
3869684,0,943,0,40,2,1,2,1,10,35,7
3813767,0,943,0,40,2,13,2,1,69,68,7
3850799,0,943,0,40,3,3,2,1,32,19,7
3819043,0,943,0,40,3,10,2,1,56,92,7
3840182,0,943,0,40,2,5,2,1,48,62,7
3848835,0,943,0,40,2,6,2,1,20,43,7
3856832,0,943,0,40,3,4,2,1,20,34,7
3859364,0,943,0,40,3,3,2,1,20,14,7
3825026,0,943,0,40,3,9,2,1,55,28,7
3856648,0,943,0,40,2,3,2,1,19,9,7
3845488,0,943,0,40,2,4,2,1,35,25,7
3824386,0,943,0,40,2,8,2,1,64,61,7
3861680,1,943,934,40,2,4,2,1,19,53,7
3866804,0,943,0,40,2,2,2,1,13,36,7
3811472,0,943,0,40,3,13,2,1,81,43,7
3801798,0,943,0,40,2,11,2,1,44,55,7
3822288,0,943,0,40,3,9,2,1,63,26,7
3868210,0,943,0,40,3,2,2,1,10,35,7
3866429,0,943,0,40,3,1,2,1,9,46,7
3868232,0,943,0,40,3,1,2,1,9,47,7
3868632,0,943,0,40,3,1,2,1,9,62,7
3869942,0,943,0,40,3,1,2,1,9,29,7
3837863,0,943,0,40,2,7,2,1,37,43,7
3830609,1,943,923,40,2,7,2,1,29,32,7
3858750,0,943,0,40,3,3,2,1,18,40,7
3838698,0,943,0,40,3,4,2,1,49,18,7
3864414,0,943,0,40,3,2,2,1,11,11,7
3861218,0,943,0,40,3,3,2,1,11,42,7
3855355,0,943,0,40,2,3,2,1,19,41,7
3787892,0,943,0,40,3,14,2,1,81,40,7
3864790,0,943,0,40,2,2,2,1,13,39,7
3865720,0,943,0,40,2,2,2,1,10,75,7
3856867,0,943,0,40,2,4,2,1,15,38,7
3804061,0,943,0,40,3,9,2,1,55,36,7
3864264,0,943,0,40,3,2,2,1,14,47,7
3852661,0,943,0,40,3,4,2,1,19,30,7
3861381,0,943,0,40,2,2,2,1,18,35,7
3850196,0,943,0,40,3,4,2,1,30,17,7
3839802,0,943,0,40,3,8,2,1,30,26,7
3840775,0,943,0,40,2,7,2,1,40,44,7
3827075,0,943,0,40,2,9,2,1,61,38,7
3806041,0,943,0,40,2,10,2,1,69,63,7
3831689,0,943,0,40,3,7,2,1,41,29,7
3860298,0,943,0,40,3,3,2,1,12,70,7
3868336,0,943,0,40,2,1,2,1,8,67,7
3869215,0,943,0,40,3,1,2,1,8,38,7
3869811,0,943,0,40,2,1,2,1,8,43,7
3870640,0,943,0,40,3,1,2,1,8,27,7
3870774,0,943,0,40,3,1,2,1,8,56,7
3859519,0,943,0,40,3,2,2,1,17,52,7
3863314,0,943,0,40,3,3,2,1,9,52,7
3866195,0,943,0,40,3,2,2,1,8,28,7
3854399,0,943,0,40,3,3,2,1,25,34,7
3835436,0,943,0,40,2,7,2,1,45,42,7
3861992,0,943,0,40,3,2,2,1,17,86,7
3852473,0,943,0,40,3,4,2,1,24,20,7
3853806,1,943,919,24.4545,3,4,2,1,25,31,7
3814250,0,943,0,40,2,11,2,1,68,40,7
3860493,0,943,0,40,3,2,2,1,21,62,7
3822074,0,943,0,40,2,11,2,1,55,59,7
3850642,0,943,0,40,2,4,2,1,26,35,7
3828337,0,943,0,40,2,10,2,1,47,30,7
3867199,0,943,0,40,3,2,2,1,8,34,7
3806065,0,943,0,40,3,11,2,1,70,31,7
3838507,0,943,0,40,3,8,2,1,40,35,7
3846602,1,943,923,29.2504,3,5,2,1,34,46,7
3850492,0,943,0,40,2,6,2,1,13,19,7
3818513,0,943,0,40,3,11,2,1,67,52,7
3843507,0,943,0,40,2,6,2,1,31,25,7
3835555,0,943,0,40,3,6,2,1,47,46,7
3816595,1,943,917,40,2,15,2,1,67,56,7
3856365,0,943,0,40,2,3,2,1,16,49,7
3851801,1,943,903,40,3,6,2,1,18,74,7
3846873,0,943,0,40,2,4,2,1,38,42,7
3809875,0,943,0,40,2,17,2,1,80,83,7
3857650,0,943,0,40,2,5,2,1,21,44,7
3864402,0,943,0,40,2,2,2,1,12,56,7
3859012,0,943,0,40,3,4,2,1,17,44,7
3830687,0,943,0,40,2,11,2,1,44,66,7
3857910,1,943,934,35.6056,2,4,2,1,22,37,7
3869141,0,943,0,40,3,1,2,1,7,28,7
3870809,0,943,0,40,2,1,2,1,7,45,7
3871260,0,943,0,40,2,1,2,1,7,26,7
3871328,0,943,0,40,3,1,2,1,7,24,7
3871352,0,943,0,40,3,1,2,1,7,34,7
3847574,0,943,0,40,3,3,2,1,33,34,7
3826740,1,943,935,40,2,9,2,1,59,32,7
3839953,0,943,0,40,2,5,2,1,46,39,7
3860438,0,943,0,40,3,1,2,1,25,36,7
3848781,0,943,0,40,3,3,2,1,35,50,7
3851634,0,943,0,40,2,3,2,1,26,46,7
3828425,0,943,0,40,2,6,2,1,58,36,7
3830156,0,943,0,40,3,7,2,1,49,33,7
3821014,0,943,0,40,2,9,2,1,63,84,7
3861997,0,943,0,40,3,1,2,1,22,67,7
3845693,0,943,0,40,2,4,2,1,35,45,7
3852294,1,943,906,29.7001,3,4,2,1,25,18,7
3828026,0,943,0,40,2,6,2,1,61,40,7
3864299,0,943,0,40,3,1,2,1,20,32,7
3842015,0,943,0,40,3,5,2,1,44,73,7
3859368,0,943,0,40,2,2,2,1,22,43,7
3814754,0,943,0,40,2,10,2,1,84,25,7
3864798,0,943,0,40,3,1,2,1,19,27,7
3826407,0,943,0,40,2,9,2,1,53,58,7
3854312,0,943,0,40,3,3,2,1,24,35,7
3839725,0,943,0,40,3,6,2,1,41,55,7
3864921,0,943,0,40,3,1,2,1,18,57,7
3825695,0,943,0,40,2,10,2,1,48,52,7
3860214,0,943,0,40,3,2,2,1,23,51,7
3865217,0,943,0,40,2,1,2,1,17,37,7
3865879,0,943,0,40,3,1,2,1,17,43,7
3820807,0,943,0,40,2,8,2,1,74,60,7
3843672,0,943,0,40,2,5,2,1,42,26,7
3844995,0,943,0,40,3,6,2,1,35,40,7
3817450,0,943,0,40,2,10,2,1,68,78,7
3814762,0,943,0,40,3,14,2,1,75,30,7
3853194,0,943,0,40,2,5,2,1,27,53,7
3858214,0,943,0,40,3,2,2,1,22,31,7
3805152,0,943,0,40,3,10,2,1,72,90,7
3811777,0,943,0,40,3,14,2,1,74,96,7
3847491,0,943,0,40,2,6,2,1,26,69,7
3817894,0,943,0,40,2,10,2,1,73,55,7
3850472,0,943,0,40,3,4,2,1,28,55,7
3821816,0,943,0,40,2,8,2,1,66,35,7
3840789,0,943,0,40,3,7,2,1,34,57,7
3834263,0,943,0,40,3,5,2,1,51,56,7
3863591,0,943,0,40,2,2,2,1,17,16,7
3849322,0,943,0,40,3,3,2,1,37,70,7
3844500,0,943,0,40,2,5,2,1,35,54,7
3830815,0,943,0,40,2,7,2,1,56,26,7
3820350,0,943,0,40,3,11,2,1,63,56,7
3866210,0,943,0,40,3,1,2,1,14,41,7
3866955,0,943,0,40,2,1,2,1,14,49,7
3867087,0,943,0,40,2,1,2,1,14,24,7
3867536,0,943,0,40,3,1,2,1,14,44,7
3867742,0,943,0,40,2,1,2,1,14,56,7
3821203,0,943,0,40,2,10,2,1,63,20,7
3832201,0,943,0,40,3,8,2,1,46,42,7
3857784,0,943,0,40,3,3,2,1,16,23,7
3847659,0,943,0,40,2,5,2,1,37,48,7
3832651,0,943,0,40,2,7,2,1,51,34,7
3816127,0,943,0,40,3,11,2,1,70,40,7
3854850,0,943,0,40,2,3,2,1,26,54,7
3838599,0,943,0,40,2,6,2,1,39,55,7
3854749,0,943,0,40,3,4,2,1,27,79,7
3821026,0,943,0,40,3,8,2,1,63,37,7
3859029,0,943,0,40,2,3,2,1,24,74,7
3859916,0,943,0,40,2,3,2,1,23,77,7
3865162,0,943,0,40,2,2,2,1,16,107,7
3840176,0,943,0,40,2,6,2,1,38,33,7
3867531,0,943,0,40,3,1,2,1,13,27,7
3803653,0,943,0,40,2,11,2,1,56,35,7
3859448,0,943,0,40,3,2,2,1,20,54,7
3848708,0,943,0,40,3,4,2,1,33,39,7
3853480,0,943,0,40,3,4,2,1,21,28,7
3860150,0,943,0,40,2,2,2,1,20,53,7
3863238,0,943,0,40,2,2,2,1,17,52,7
3854842,0,943,0,40,2,3,2,1,32,26,7
3855544,0,943,0,40,3,3,2,1,22,40,7
3840027,0,943,0,40,3,7,2,1,34,50,7
3855628,0,943,0,40,3,3,2,1,16,39,7
3849265,1,943,925,24.4807,3,5,2,1,25,55,7
3839936,0,943,0,40,2,8,2,1,43,91,7
3835187,0,943,0,40,3,8,2,1,47,57,7
3857302,0,943,0,40,3,2,2,1,28,26,7
3842100,0,943,0,40,3,8,2,1,36,12,7
3866750,0,943,0,40,3,2,2,1,14,40,7
3867893,0,943,0,40,3,1,2,1,12,20,7
3845001,0,943,0,40,3,6,2,1,30,23,7
3842626,0,943,0,40,2,4,2,1,36,53,7
3842610,0,943,0,40,3,5,2,1,27,62,7
3833757,0,943,0,40,3,6,2,1,47,51,7
3862183,0,943,0,40,3,2,2,1,17,36,7
3821245,0,943,0,40,3,9,2,1,58,100,7
3861962,0,943,0,40,3,2,2,1,19,21,7
3863815,0,943,0,40,3,2,2,1,16,61,7
3854527,0,943,0,40,2,4,2,1,23,44,7
3865889,0,943,0,40,2,2,2,1,13,84,7
3849853,0,943,0,40,2,3,2,1,38,55,7
3863668,0,943,0,40,2,2,2,1,15,32,7
3855353,0,943,0,40,3,4,2,1,20,22,7
3826548,0,943,0,40,3,11,2,1,55,26,7
3868604,0,943,0,40,2,1,2,1,11,17,7
3869416,0,943,0,40,2,1,2,1,11,78,7
3810943,0,943,0,40,2,13,2,1,76,52,7
3857037,0,943,0,40,3,3,2,1,20,61,7
3802693,0,943,0,40,3,10,2,1,60,36,7
3809907,0,943,0,40,3,9,2,1,112,74,7
3827632,0,943,0,40,3,9,2,1,63,59,7
3838680,0,943,0,40,3,7,2,1,38,54,7
3847262,0,943,0,40,3,5,2,1,32,76,7
3865809,0,943,0,40,2,2,2,1,11,37,7
3841427,0,943,0,40,2,4,2,1,45,27,7
3849041,0,943,0,40,2,5,2,1,26,51,7
3853638,0,943,0,40,3,5,2,1,23,57,7
3864615,0,943,0,40,3,2,2,1,12,66,7
3828683,0,943,0,40,2,6,2,1,56,47,7
3840111,0,943,0,40,3,5,2,1,42,45,7
3846939,0,943,0,40,3,3,2,1,39,80,7
3810838,0,943,0,40,3,13,2,1,97,38,7
3807835,0,943,0,40,3,16,2,1,93,34,7
3848901,0,943,0,40,2,5,2,1,33,19,7
3858838,0,943,0,40,2,3,2,1,24,66,7
3852854,0,943,0,40,3,4,2,1,36,43,7
3868440,0,943,0,40,2,1,2,1,10,33,7
3870222,0,943,0,40,3,1,2,1,10,20,7
3870308,0,943,0,40,2,1,2,1,10,44,7
3864081,0,943,0,40,3,3,2,1,11,13,7
3843527,0,943,0,40,2,5,2,1,30,59,7
3854316,0,943,0,40,3,3,2,1,27,42,7
3818857,0,943,0,40,3,12,2,1,62,60,7
3840598,0,943,0,40,3,5,2,1,46,94,7
3859731,0,943,0,40,2,2,2,1,22,45,7
3827528,0,943,0,40,3,10,2,1,47,34,7
3837373,0,943,0,40,2,8,2,1,35,27,7
3786678,0,943,0,40,2,22,2,1,111,8,7
3800782,0,943,0,40,2,11,2,1,95,75,7
3846263,0,943,0,40,3,5,2,1,34,47,7
3847856,0,943,0,40,2,4,2,1,37,34,7
3839695,0,943,0,40,2,6,2,1,38,52,7
3854575,0,943,0,40,2,4,2,1,23,34,7
3835713,0,943,0,40,2,9,2,1,47,46,7
3845206,0,943,0,40,3,6,2,1,35,58,7
3840038,0,943,0,40,2,8,2,1,43,52,7
3853093,0,943,0,40,3,4,2,1,24,61,7
3790458,0,943,0,40,2,17,2,1,80,63,7
3859180,0,943,0,40,3,4,2,1,15,83,7
3862665,0,943,0,40,2,3,2,1,17,56,7
3868893,0,943,0,40,3,1,2,1,9,90,7
3869703,0,943,0,40,2,1,2,1,9,27,7
3869955,0,943,0,40,2,1,2,1,9,49,7
3870370,0,943,0,40,3,1,2,1,9,9,7
3870386,0,943,0,40,2,1,2,1,9,64,7
3870628,0,943,0,40,2,1,2,1,9,79,7
3870918,0,943,0,40,3,1,2,1,9,29,7
3847850,0,943,0,40,2,5,2,1,22,40,7
3855677,0,943,0,40,2,4,2,1,15,98,7
3851214,0,943,0,40,3,4,2,1,30,56,7
3813269,0,943,0,40,3,15,2,1,68,32,7
3848280,0,943,0,40,3,4,2,1,34,75,7
3851309,0,943,0,40,3,4,2,1,29,40,7
3827425,0,943,0,40,2,6,2,1,61,95,7
3852844,0,943,0,40,2,4,2,1,26,36,7
3855139,0,943,0,40,2,3,2,1,22,36,7
3849649,0,943,0,40,3,5,2,1,24,59,7
3836657,0,943,0,40,2,7,2,1,45,26,7
3867414,0,943,0,40,3,2,2,1,10,22,7
3836539,0,943,0,40,3,9,2,1,44,41,7
3859751,0,943,0,40,2,3,2,1,18,39,7
3839613,0,943,0,40,2,6,2,1,38,17,7
3851826,0,943,0,40,2,5,2,1,30,34,7
3861399,0,943,0,40,2,4,2,1,16,35,7
3868323,0,943,0,40,2,2,2,1,9,19,7
3848620,0,943,0,40,2,5,2,1,30,32,7
3849299,0,943,0,40,2,4,2,1,27,23,7
3846565,0,943,0,40,3,7,2,1,32,89,7
3821019,0,943,0,40,2,12,2,1,60,53,7
3834752,0,943,0,40,3,5,2,1,53,66,7
3860372,0,943,0,40,3,2,2,1,24,43,7
3864574,0,943,0,40,2,3,2,1,13,14,7
3865379,0,943,0,40,3,2,2,1,15,21,7
3845712,0,943,0,40,2,6,2,1,23,32,7
3869109,0,943,0,40,2,1,2,1,8,22,7
3870984,0,943,0,40,2,1,2,1,8,78,7
3871086,0,943,0,40,2,1,2,1,8,53,7
3871210,0,943,0,40,2,1,2,1,8,46,7
3871318,0,943,0,40,3,1,2,1,8,19,7
3824975,0,943,0,40,2,6,2,1,56,58,7
3841830,0,943,0,40,3,7,2,1,23,40,7
3849819,0,943,0,40,3,3,2,1,34,19,7
3863902,0,943,0,40,3,2,2,1,11,26,7
3849520,0,943,0,40,2,5,2,1,24,29,7
3861263,1,943,935,38.5866,2,2,2,1,17,43,7
3844555,0,943,0,40,3,6,2,1,34,45,7
3854289,0,943,0,40,2,4,2,1,22,55,7
3851002,0,943,0,40,2,3,2,1,34,21,7
3865657,0,943,0,40,3,2,2,1,11,32,7
3867538,0,943,0,40,3,2,2,1,8,51,7
3835911,0,943,0,40,2,6,2,1,45,71,7
3855332,0,943,0,40,2,4,2,1,23,93,7
3866098,0,943,0,40,3,2,2,1,9,29,7
3858363,0,943,0,40,3,3,2,1,18,35,7
3811828,0,943,0,40,2,17,2,1,72,75,7
3849415,0,943,0,40,2,5,2,1,32,8,7
3817377,0,943,0,40,3,10,2,1,57,29,7
3864784,1,943,935,38.5866,2,2,2,1,16,34,7
3866190,0,943,0,40,3,2,2,1,12,60,7
3868094,0,943,0,40,3,2,2,1,9,90,7
3868674,0,943,0,40,2,2,2,1,9,23,7
3852802,0,943,0,40,3,4,2,1,25,47,7
3854974,0,943,0,40,2,5,2,1,24,53,7
3837617,0,943,0,40,3,7,2,1,44,55,7
3867529,0,943,0,40,3,2,2,1,12,33,7
3870301,0,943,0,40,3,1,2,1,7,48,7
3871809,0,943,0,40,2,1,2,1,7,110,7
3871879,0,943,0,40,2,1,2,1,7,6,7
3871965,0,943,0,40,2,1,2,1,7,50,7
3811008,0,943,0,40,2,14,2,1,80,48,7
3828419,0,943,0,40,3,7,2,1,67,62,7
3799217,0,943,0,40,2,10,2,1,83,21,7
3818289,0,943,0,40,3,8,2,1,74,92,7
3845505,0,943,0,40,2,4,2,1,36,25,7
3857745,0,943,0,40,2,2,2,1,29,19,7
3861854,0,943,0,40,2,1,2,1,25,53,7
3842565,0,943,0,40,3,4,2,1,42,52,7
3844819,0,943,0,40,3,3,2,1,46,22,7
3834056,0,943,0,40,2,5,2,1,60,71,7
3840738,0,943,0,40,2,6,2,1,42,85,7
3832250,0,943,0,40,3,7,2,1,56,45,7
3856109,0,943,0,40,3,3,2,1,26,45,7
3856287,1,943,936,40,2,3,2,1,25,34,7
3864524,0,943,0,40,3,1,2,1,20,12,7
3830188,0,943,0,40,3,6,2,1,49,16,7
3826994,0,943,0,40,2,6,2,1,65,49,7
3853059,1,943,936,18.8311,3,4,2,1,29,15,7
3860081,0,943,0,40,2,2,2,1,24,58,7
3815073,0,943,0,40,2,9,2,1,82,23,7
3841019,1,943,884,40,3,7,2,1,43,21,7
3822030,0,943,0,40,2,10,2,1,55,50,7
3865811,0,943,0,40,3,1,2,1,18,46,7
3821633,0,943,0,40,3,9,2,1,69,64,7
3861431,1,943,919,21.3661,3,2,2,1,19,21,7
3844430,0,943,0,40,3,6,2,1,31,55,7
3823889,0,943,0,40,2,9,2,1,72,69,7
3823066,0,943,0,40,2,8,2,1,67,29,7
3859886,0,943,0,40,2,2,2,1,21,40,7
3861984,0,943,0,40,2,2,2,1,17,32,7
3850072,0,943,0,40,3,4,2,1,36,50,7
3816850,0,943,0,40,3,11,2,1,75,67,7
3847510,0,943,0,40,3,4,2,1,35,50,7
3851001,0,943,0,40,3,3,2,1,35,25,7
3857912,0,943,0,40,3,3,2,1,21,21,7
3830212,0,943,0,40,3,9,2,1,41,56,7
3866667,0,943,0,40,2,1,2,1,16,75,7
3866888,0,943,0,40,2,1,2,1,16,49,7
3867352,0,943,0,40,3,1,2,1,16,14,7
3842552,0,943,0,40,3,5,2,1,36,26,7
3833244,0,943,0,40,2,7,2,1,48,40,7
3852086,0,943,0,40,2,3,2,1,26,87,7
3848198,0,943,0,40,3,5,2,1,32,36,7
3827594,0,943,0,40,2,8,2,1,60,69,7
3862091,0,943,0,40,2,2,2,1,20,73,7
3862311,0,943,0,40,2,2,2,1,18,35,7
3832626,0,943,0,40,3,7,2,1,53,30,7
3826394,0,943,0,40,3,7,2,1,61,63,7
3853760,0,943,0,40,3,3,2,1,25,28,7
3863572,0,943,0,40,3,2,2,1,16,24,7
3861154,0,943,0,40,2,3,2,1,22,38,7
3866555,0,943,0,40,2,2,2,1,15,36,7
3867041,0,943,0,40,2,1,2,1,14,17,7
3867385,0,943,0,40,3,1,2,1,14,71,7
3868249,0,943,0,40,3,1,2,1,14,70,7
3868393,0,943,0,40,2,1,2,1,14,48,7
3868539,0,943,0,40,2,1,2,1,14,52,7
3845114,0,943,0,40,3,6,2,1,30,25,7
3857556,0,943,0,40,2,2,2,1,27,71,7
3834601,0,943,0,40,3,7,2,1,51,104,7
3806235,0,943,0,40,2,9,2,1,74,48,7
3845977,0,943,0,40,3,5,2,1,28,53,7
3852811,0,943,0,40,2,4,2,1,25,70,7
3859791,0,943,0,40,3,3,2,1,19,81,7
3841078,0,943,0,40,2,7,2,1,34,36,7
3833780,0,943,0,40,2,10,2,1,43,47,7
3867449,0,943,0,40,3,1,2,1,13,23,7
3847822,0,943,0,40,2,3,2,1,34,73,7
3854336,0,943,0,40,3,3,2,1,19,27,7
3839126,0,943,0,40,2,6,2,1,41,74,7
3848900,0,943,0,40,2,4,2,1,36,32,7
3862687,0,943,0,40,3,2,2,1,16,42,7
3840646,0,943,0,40,3,7,2,1,33,34,7
3862850,0,943,0,40,3,2,2,1,18,32,7
3865624,0,943,0,40,3,2,2,1,14,43,7
3818688,0,943,0,40,2,12,2,1,66,23,7
3814489,0,943,0,40,3,11,2,1,77,58,7
3835149,0,943,0,40,3,7,2,1,37,29,7
3835129,0,943,0,40,3,7,2,1,43,38,7
3816841,0,943,0,40,2,11,2,1,76,38,7
3853877,0,943,0,40,3,5,2,1,23,10,7
3861038,0,943,0,40,3,2,2,1,25,16,7
3853746,0,943,0,40,2,3,2,1,23,44,7
3852846,0,943,0,40,2,6,2,1,20,23,7
3868795,0,943,0,40,3,1,2,1,12,46,7
3862434,0,943,0,40,2,2,2,1,14,40,7
3863477,0,943,0,40,3,2,2,1,12,16,7
3848904,0,943,0,40,2,4,2,1,25,48,7
3825289,0,943,0,40,2,10,2,1,47,39,7
3835504,0,943,0,40,3,6,2,1,46,60,7
3854157,0,943,0,40,2,4,2,1,22,42,7
3823894,0,943,0,40,2,9,2,1,58,32,7
3855885,0,943,0,40,3,3,2,1,20,27,7
3845210,0,943,0,40,3,4,2,1,31,58,7
3864820,0,943,0,40,2,2,2,1,15,19,7
3814915,0,943,0,40,3,13,2,1,79,33,7
3841699,0,943,0,40,2,7,2,1,33,49,7
3838958,0,943,0,40,2,8,2,1,32,43,7
3847354,1,943,919,40,2,7,2,1,34,52,7
3856108,1,943,923,27.0038,3,5,2,1,25,15,7
3867870,0,943,0,40,3,2,2,1,13,30,7
3867943,0,943,0,40,2,2,2,1,12,26,7
3851909,0,943,0,40,2,4,2,1,30,26,7
3868312,0,943,0,40,2,1,2,1,11,8,7
3870008,1,943,936,32.6731,2,1,2,1,11,47,7
3870126,0,943,0,40,3,1,2,1,11,40,7
3870236,0,943,0,40,2,1,2,1,11,38,7
3844874,0,943,0,40,3,7,2,1,28,39,7
3856859,0,943,0,40,3,4,2,1,17,53,7
3849033,0,943,0,40,2,3,2,1,38,64,7
3851184,0,943,0,40,3,3,2,1,36,45,7
3863160,0,943,0,40,3,3,2,1,15,55,7
3807381,0,943,0,40,3,8,2,1,52,27,7
3818727,0,943,0,40,2,10,2,1,62,20,7
3861004,0,943,0,40,2,3,2,1,14,57,7
3856835,0,943,0,40,2,3,2,1,28,86,7
3854663,0,943,0,40,3,4,2,1,27,41,7
3823647,0,943,0,40,3,8,2,1,69,42,7
3809181,0,943,0,40,2,12,2,1,98,23,7
3833579,0,943,0,40,2,10,2,1,38,16,7
3858995,0,943,0,40,3,3,2,1,25,50,7
3838785,0,943,0,40,3,6,2,1,39,28,7
3869819,0,943,0,40,2,1,2,1,10,14,7
3869883,0,943,0,40,2,1,2,1,10,51,7
3870155,0,943,0,40,3,1,2,1,10,66,7
3870388,0,943,0,40,2,1,2,1,10,47,7
3870612,0,943,0,40,2,1,2,1,10,22,7
3870722,0,943,0,40,3,1,2,1,10,20,7
3862160,0,943,0,40,2,2,2,1,18,59,7
3808217,1,943,893,40,3,9,2,1,63,35,7
3843698,0,943,0,40,3,6,2,1,38,76,7
3841969,0,943,0,40,3,7,2,1,41,48,7
3822814,0,943,0,40,3,7,2,1,70,56,7
3856527,0,943,0,40,2,3,2,1,23,83,7
3843383,1,943,900,40,2,6,2,1,34,31,7
3825456,0,943,0,40,2,10,2,1,65,38,7
3857587,0,943,0,40,2,5,2,1,21,76,7
3861203,0,943,0,40,3,3,2,1,13,63,7
3852509,0,943,0,40,2,5,2,1,19,48,7
3834403,0,943,0,40,3,8,2,1,46,92,7
3867908,0,943,0,40,2,2,2,1,14,71,7
3826898,0,943,0,40,2,9,2,1,62,45,7
3841821,0,943,0,40,2,6,2,1,40,73,7
3870217,0,943,0,40,3,1,2,1,9,51,7
3870929,0,943,0,40,2,1,2,1,9,68,7
3871186,0,943,0,40,2,1,2,1,9,49,7
3871310,0,943,0,40,3,1,2,1,9,27,7
3871376,0,943,0,40,3,1,2,1,9,17,7
3871454,0,943,0,40,2,1,2,1,9,95,7
3813178,0,943,0,40,2,11,2,1,76,36,7
3858068,0,943,0,40,3,3,2,1,17,34,7
3851051,0,943,0,40,3,2,2,1,35,44,7
3844750,0,943,0,40,2,5,2,1,41,41,7
3864668,0,943,0,40,3,2,2,1,14,46,7
3841575,0,943,0,40,3,8,2,1,22,75,7
3857719,0,943,0,40,2,3,2,1,26,23,7
3840053,0,943,0,40,3,6,2,1,36,50,7
3824408,0,943,0,40,3,10,2,1,52,69,7
3832644,0,943,0,40,3,8,2,1,49,59,7
3858693,0,943,0,40,3,3,2,1,23,34,7
3850231,0,943,0,40,3,4,2,1,34,23,7
3850123,0,943,0,40,2,4,2,1,29,41,7
3856535,0,943,0,40,3,4,2,1,16,30,7
3808141,0,943,0,40,2,16,2,1,82,19,7
3846233,0,943,0,40,3,6,2,1,35,41,7
3812113,0,943,0,40,3,9,2,1,98,40,7
3862890,0,943,0,40,2,2,2,1,20,35,7
3864568,0,943,0,40,2,2,2,1,17,33,7
3850545,0,943,0,40,3,5,2,1,28,45,7
3850897,0,943,0,40,3,5,2,1,27,30,7
3856848,0,943,0,40,2,4,2,1,18,17,7
3847809,0,943,0,40,2,6,2,1,24,72,7
3853489,0,943,0,40,3,5,2,1,19,64,7
3850579,0,943,0,40,3,5,2,1,28,51,7
3839526,0,943,0,40,2,6,2,1,43,70,7
3851019,0,943,0,40,2,4,2,1,22,26,7
3814438,0,943,0,40,2,11,2,1,71,47,7
3865133,0,943,0,40,3,3,2,1,15,48,7
3840476,0,943,0,40,3,7,2,1,34,32,7
3868288,0,943,0,40,3,1,2,1,8,27,7
3870803,1,943,936,19.8392,3,1,2,1,8,29,7
3871155,0,943,0,40,2,1,2,1,8,15,7
3871881,0,943,0,40,2,1,2,1,8,31,7
3871993,0,943,0,40,2,1,2,1,8,45,7
3843131,0,943,0,40,3,7,2,1,22,22,7
3840320,0,943,0,40,2,5,2,1,35,95,7
3866322,0,943,0,40,2,2,2,1,10,35,7
3847082,0,943,0,40,3,5,2,1,30,41,7
3863345,0,943,0,40,2,2,2,1,14,33,7
3841498,0,943,0,40,2,6,2,1,33,18,7
3855442,1,943,925,40,2,4,2,1,21,19,7
3819463,0,943,0,40,3,9,2,1,72,46,7
3819604,0,943,0,40,3,12,2,1,55,28,7
3862090,0,943,0,40,3,4,2,1,15,53,7
3865206,0,943,0,40,3,2,2,1,15,50,7
3867195,0,943,0,40,3,2,2,1,11,38,7
3858479,0,943,0,40,3,4,2,1,16,63,7
3848026,0,943,0,40,2,5,2,1,31,54,7
3864682,0,943,0,40,3,3,2,1,9,30,7
3853900,0,943,0,40,2,4,2,1,31,30,7
3856545,0,943,0,40,2,3,2,1,27,42,7
3852869,0,943,0,40,3,3,2,1,33,80,7
3811748,1,943,925,40,2,14,2,1,77,38,7
3851853,0,943,0,40,3,4,2,1,30,27,7
3836637,0,943,0,40,3,8,2,1,42,36,7
3863805,0,943,0,40,3,3,2,1,17,42,7
3856500,0,943,0,40,2,4,2,1,14,29,7
3816467,0,943,0,40,2,11,2,1,82,70,7
3857852,0,943,0,40,3,2,2,1,29,39,7
3818400,0,943,0,40,2,12,2,1,58,15,7
3857389,0,943,0,40,3,4,2,1,19,30,7
3870969,0,943,0,40,2,1,2,1,7,82,7
3871482,0,943,0,40,3,1,2,1,7,64,7
3871666,0,943,0,40,2,1,2,1,7,60,7
3871754,0,943,0,40,2,1,2,1,7,32,7
3872094,0,943,0,40,2,1,2,1,7,30,7
3872110,0,943,0,40,3,1,2,1,7,55,7
3872240,0,943,0,40,3,1,2,1,7,8,7
3841091,0,943,0,40,2,3,2,1,55,62,7
3834868,0,943,0,40,2,6,2,1,57,64,7
3854204,0,943,0,40,2,2,2,1,35,98,7
3850672,0,943,0,40,3,3,2,1,38,57,7
3810087,0,943,0,40,2,10,2,1,98,34,7
3806777,0,943,0,40,3,12,2,1,81,90,7
3854031,0,943,0,40,2,2,2,1,36,63,7
3857542,0,943,0,40,2,2,2,1,32,14,7
3861061,0,943,0,40,3,1,2,1,24,16,7
3862801,0,943,0,40,3,1,2,1,24,41,7
3851122,0,943,0,40,3,4,2,1,33,39,7
3821590,0,943,0,40,2,6,2,1,76,11,7
3856484,0,943,0,40,2,2,2,1,30,38,7
3863506,0,943,0,40,3,1,2,1,22,27,7
3854836,0,943,0,40,3,3,2,1,28,68,7
3824701,0,943,0,40,2,9,2,1,67,37,7
3811560,0,943,0,40,2,12,2,1,93,33,7
3857371,0,943,0,40,2,2,2,1,30,9,7
3863982,0,943,0,40,3,1,2,1,20,15,7
3865029,0,943,0,40,2,1,2,1,20,48,7
3865274,0,943,0,40,3,1,2,1,20,36,7
3856121,0,943,0,40,3,3,2,1,24,45,7
3865865,0,943,0,40,3,1,2,1,19,52,7
3848980,0,943,0,40,3,7,2,1,35,53,7
3865920,0,943,0,40,3,1,2,1,18,24,7
3833285,0,943,0,40,3,7,2,1,55,23,7
3850463,0,943,0,40,2,4,2,1,35,51,7
3863615,0,943,0,40,2,2,2,1,21,50,7
3864527,0,943,0,40,3,1,2,1,17,77,7
3860568,0,943,0,40,2,2,2,1,19,32,7
3838033,0,943,0,40,3,5,2,1,50,29,7
3861429,0,943,0,40,2,2,2,1,19,25,7
3859382,0,943,0,40,3,2,2,1,27,58,7
3856334,0,943,0,40,2,4,2,1,25,37,7
3864283,0,943,0,40,3,2,2,1,21,23,7
3866146,0,943,0,40,2,1,2,1,16,27,7
3854225,0,943,0,40,2,3,2,1,23,21,7
3859157,0,943,0,40,2,3,2,1,19,63,7
3861105,0,943,0,40,3,2,2,1,22,13,7
3821275,0,943,0,40,3,10,2,1,78,79,7
3823465,0,943,0,40,3,9,2,1,51,71,7
3848763,0,943,0,40,3,4,2,1,30,21,7
3812688,0,943,0,40,3,13,2,1,87,38,7
3853982,0,943,0,40,2,4,2,1,24,17,7
3864696,0,943,0,40,2,2,2,1,16,16,7
3804269,0,943,0,40,3,12,2,1,86,26,7
3864766,0,943,0,40,2,2,2,1,18,55,7
3857339,0,943,0,40,2,3,2,1,29,26,7
3868162,0,943,0,40,3,1,2,1,14,38,7
3869006,0,943,0,40,3,1,2,1,14,66,7
3869090,0,943,0,40,3,1,2,1,14,69,7
3860525,1,943,922,22.6517,3,3,2,1,16,48,7
3810944,0,943,0,40,3,13,2,1,80,30,7
3847023,0,943,0,40,3,4,2,1,36,40,7
3861865,0,943,0,40,2,2,2,1,19,26,7
3816418,0,943,0,40,2,11,2,1,76,46,7
3863023,0,943,0,40,2,2,2,1,20,48,7
3835185,0,943,0,40,3,8,2,1,44,45,7
3867108,0,943,0,40,3,2,2,1,14,77,7
3867514,0,943,0,40,3,2,2,1,14,27,7
3799682,0,943,0,40,3,11,2,1,78,29,7
3799005,0,943,0,40,3,15,2,1,62,31,7
3820344,0,943,0,40,2,9,2,1,70,26,7
3860334,0,943,0,40,2,3,2,1,19,78,7
3844955,0,943,0,40,3,7,2,1,26,21,7
3865200,0,943,0,40,3,2,2,1,16,33,7
3859437,0,943,0,40,2,3,2,1,17,37,7
3835498,0,943,0,40,2,9,2,1,48,33,7
3846341,0,943,0,40,3,4,2,1,47,33,7
3867827,0,943,0,40,3,2,2,1,13,37,7
3831492,0,943,0,40,3,7,2,1,64,59,7
3860891,0,943,0,40,2,2,2,1,14,41,7
3862799,0,943,0,40,2,2,2,1,15,12,7
3847387,0,943,0,40,3,5,2,1,35,31,7
3851918,0,943,0,40,3,5,2,1,25,18,7
3805232,0,943,0,40,3,12,2,1,81,56,7
3840575,0,943,0,40,2,7,2,1,41,63,7
3864020,0,943,0,40,2,2,2,1,19,40,7
3865306,0,943,0,40,3,2,2,1,18,38,7
3821896,0,943,0,40,3,11,2,1,53,30,7
3868463,0,943,0,40,2,2,2,1,13,26,7
3844775,0,943,0,40,2,5,2,1,37,67,7
3870896,0,943,0,40,3,1,2,1,11,60,7
3829881,0,943,0,40,2,8,2,1,52,58,7
3825509,0,943,0,40,2,12,2,1,56,25,7
3866124,0,943,0,40,3,2,2,1,11,86,7
3841009,0,943,0,40,3,4,2,1,48,31,7
3842606,0,943,0,40,2,5,2,1,39,29,7
3823843,0,943,0,40,2,9,2,1,54,92,7
3857868,0,943,0,40,2,4,2,1,17,37,7
3807933,0,943,0,40,3,6,2,1,75,60,7
3840675,0,943,0,40,3,7,2,1,37,57,7
3826645,0,943,0,40,2,10,2,1,56,29,7
3830442,0,943,0,40,2,9,2,1,41,76,7
3869451,0,943,0,40,3,1,2,1,10,20,7
3869611,0,943,0,40,3,1,2,1,10,38,7
3871446,0,943,0,40,3,1,2,1,10,30,7
3871472,0,943,0,40,3,1,2,1,10,38,7
3854388,0,943,0,40,3,3,2,1,18,120,7
3860458,0,943,0,40,2,3,2,1,15,29,7
3815977,0,943,0,40,3,14,2,1,66,19,7
3865264,0,943,0,40,3,3,2,1,11,63,7
3856169,0,943,0,40,3,3,2,1,22,70,7
3860721,0,943,0,40,3,3,2,1,20,66,7
3817250,0,943,0,40,3,12,2,1,74,60,7
3866405,0,943,0,40,3,2,2,1,10,41,7
3862914,0,943,0,40,3,3,2,1,15,30,7
3861892,0,943,0,40,2,3,2,1,19,40,7
3864732,0,943,0,40,3,2,2,1,18,50,7
3837019,0,943,0,40,2,4,2,1,49,60,7
3868862,0,943,0,40,2,2,2,1,12,26,7
3869323,0,943,0,40,3,1,2,1,9,25,7
3871419,0,943,0,40,2,1,2,1,9,56,7
3871693,0,943,0,40,3,1,2,1,9,30,7
3825233,0,943,0,40,3,9,2,1,49,51,7
3836288,0,943,0,40,3,7,2,1,31,51,7
3829274,0,943,0,40,2,9,2,1,55,76,7
3854865,0,943,0,40,3,3,2,1,26,38,7
3801652,0,943,0,40,2,12,2,1,70,24,7
3843016,1,943,937,40,2,5,2,1,40,35,7
3856604,0,943,0,40,2,4,2,1,19,23,7
3852064,0,943,0,40,3,3,2,1,26,39,7
3863150,0,943,0,40,3,4,2,1,14,27,7
3860341,0,943,0,40,3,3,2,1,17,18,7
3850709,0,943,0,40,3,5,2,1,32,38,7
3836433,1,943,937,40,2,8,2,1,38,44,7
3853785,0,943,0,40,3,4,2,1,27,23,7
3857477,0,943,0,40,3,3,2,1,22,60,7
3853672,0,943,0,40,2,5,2,1,23,37,7
3818335,0,943,0,40,3,11,2,1,77,37,7
3840405,0,943,0,40,2,5,2,1,47,56,7
3839049,1,943,916,23.1038,3,6,2,1,44,62,7
3848911,1,943,916,32.0356,3,5,2,1,35,26,7
3812603,0,943,0,40,2,12,2,1,85,32,7
3834011,0,943,0,40,2,8,2,1,51,40,7
3867871,0,943,0,40,3,2,2,1,12,35,7
3847205,0,943,0,40,3,6,2,1,28,23,7
3803532,0,943,0,40,3,13,2,1,73,45,7
3849936,0,943,0,40,2,5,2,1,28,56,7
3829257,0,943,0,40,2,10,2,1,42,43,7
3863260,0,943,0,40,3,3,2,1,18,29,7
3842612,0,943,0,40,2,6,2,1,34,23,7
3871886,0,943,0,40,3,1,2,1,8,42,7
3872486,0,943,0,40,3,1,2,1,8,29,7
3860596,0,943,0,40,2,3,2,1,12,49,7
3813045,0,943,0,40,3,10,2,1,72,29,7
3865129,0,943,0,40,3,2,2,1,11,18,7
3863900,0,943,0,40,3,2,2,1,9,66,7
3804214,0,943,0,40,2,13,2,1,104,56,7
3867204,0,943,0,40,3,2,2,1,10,56,7
3858208,0,943,0,40,3,3,2,1,20,48,7
3824111,0,943,0,40,2,8,2,1,62,50,7
3856185,1,943,911,40,2,4,2,1,18,66,7
3851842,0,943,0,40,2,4,2,1,26,54,7
3844178,0,943,0,40,2,6,2,1,33,35,7
3811188,0,943,0,40,3,12,2,1,85,16,7
3859179,0,943,0,40,3,3,2,1,19,26,7
3862666,0,943,0,40,3,3,2,1,18,26,7
3838221,0,943,0,40,2,7,2,1,44,28,7
3805628,0,943,0,40,3,10,2,1,74,34,7
3816922,0,943,0,40,3,12,2,1,63,66,7
3835830,1,943,879,40,2,8,2,1,47,42,7
3857575,0,943,0,40,3,4,2,1,16,65,7
3866127,0,943,0,40,2,4,2,1,11,51,7
3817499,1,943,910,34.6711,3,14,2,1,64,23,7
3866274,0,943,0,40,2,3,2,1,13,46,7
3841570,0,943,0,40,2,7,2,1,36,81,7
3840496,0,943,0,40,3,8,2,1,32,58,7
3816098,1,943,901,29.9232,3,9,2,1,83,32,7
3856322,0,943,0,40,3,5,2,1,25,44,7
3843935,0,943,0,40,3,6,2,1,41,61,7
3851999,0,943,0,40,3,6,2,1,29,76,7
3870663,0,943,0,40,2,1,2,1,7,67,7
3871341,0,943,0,40,2,1,2,1,7,38,7
3872619,0,943,0,40,3,1,2,1,7,56,7
3872797,0,943,0,40,3,1,2,1,7,47,7
3856593,0,943,0,40,2,1,2,1,36,74,7
3861537,0,943,0,40,3,1,2,1,26,39,7
3855785,0,943,0,40,3,2,2,1,25,26,7
3838457,0,943,0,40,3,4,2,1,50,41,7
3806783,0,943,0,40,3,7,2,1,59,46,7
3830689,0,943,0,40,3,9,2,1,57,42,7
3865208,0,943,0,40,3,1,2,1,21,54,7
3832457,0,943,0,40,3,9,2,1,49,72,7
3820962,0,943,0,40,3,8,2,1,79,18,7
3865383,0,943,0,40,3,1,2,1,18,39,7
3867404,0,943,0,40,3,1,2,1,18,41,7
3862628,0,943,0,40,2,2,2,1,20,55,7
3832994,0,943,0,40,2,8,2,1,55,101,7
3855739,0,943,0,40,2,3,2,1,25,17,7
3816415,1,943,884,40,3,10,2,1,74,43,7
3864764,0,943,0,40,2,2,2,1,19,56,7
3842642,0,943,0,40,3,5,2,1,44,16,7
3857908,0,943,0,40,2,2,2,1,28,28,7
3795674,0,943,0,40,2,13,2,1,100,84,7
3805100,0,943,0,40,2,12,2,1,81,54,7
3868594,0,943,0,40,2,1,2,1,15,46,7
3869184,0,943,0,40,3,1,2,1,15,18,7
3815121,0,943,0,40,2,13,2,1,66,83,7
3850631,0,943,0,40,3,4,2,1,39,34,7
3856409,0,943,0,40,2,3,2,1,27,35,7
3868743,0,943,0,40,3,1,2,1,14,44,7
3869740,0,943,0,40,3,1,2,1,14,65,7
3829875,0,943,0,40,3,8,2,1,51,16,7
3862046,0,943,0,40,2,3,2,1,19,78,7
3845310,0,943,0,40,2,5,2,1,37,35,7
3845350,0,943,0,40,3,6,2,1,31,54,7
3808424,0,943,0,40,2,18,2,1,89,74,7
3864988,0,943,0,40,3,2,2,1,20,25,7
3870068,0,943,0,40,2,1,2,1,13,17,7
3835356,0,943,0,40,3,6,2,1,53,54,7
3818655,0,943,0,40,2,14,2,1,68,83,7
3805715,1,943,926,40,2,12,2,1,68,27,7
3863894,0,943,0,40,3,2,2,1,19,49,7
3855918,0,943,0,40,3,3,2,1,31,30,7
3858719,0,943,0,40,3,3,2,1,23,40,7
3836754,0,943,0,40,3,6,2,1,38,48,7
3860373,0,943,0,40,2,3,2,1,20,47,7
3842569,0,943,0,40,2,6,2,1,37,91,7
3823727,0,943,0,40,3,10,2,1,62,58,7
3868043,0,943,0,40,2,2,2,1,13,36,7
3857421,0,943,0,40,2,4,2,1,20,76,7
3860876,0,943,0,40,3,3,2,1,25,64,7
3841693,0,943,0,40,3,6,2,1,30,22,7
3871807,0,943,0,40,2,1,2,1,10,48,7
3821054,1,943,927,26.8384,3,9,2,1,64,42,7
3863814,0,943,0,40,3,2,2,1,15,23,7
3845173,0,943,0,40,2,6,2,1,31,32,7
3848344,0,943,0,40,3,5,2,1,34,45,7
3853125,0,943,0,40,3,5,2,1,22,61,7
3854148,0,943,0,40,3,5,2,1,19,50,7
3869608,0,943,0,40,3,2,2,1,11,81,7
3869887,0,943,0,40,2,2,2,1,10,34,7
3871606,0,943,0,40,2,1,2,1,9,34,7
3872144,0,943,0,40,3,1,2,1,9,23,7
3823383,0,943,0,40,3,12,2,1,52,65,7
3857777,0,943,0,40,2,4,2,1,22,28,7
3847285,0,943,0,40,3,5,2,1,28,5,7
3846664,0,943,0,40,2,6,2,1,29,21,7
3854942,1,943,911,40,2,6,2,1,26,49,7
3872745,0,943,0,40,2,1,2,1,8,80,7
3872881,0,943,0,40,2,1,2,1,8,53,7
3858970,0,943,0,40,3,4,2,1,19,45,7
3867652,0,943,0,40,2,2,2,1,11,48,7
3841165,0,943,0,40,3,8,2,1,30,48,7
3855776,0,943,0,40,2,3,2,1,28,73,7
3825463,0,943,0,40,2,7,2,1,63,31,7
3873014,0,943,0,40,2,1,2,1,7,79,7
3873384,0,943,0,40,3,1,2,1,7,31,7
3839205,0,943,0,40,2,6,2,1,45,35,7
3861607,0,943,0,40,3,2,2,1,22,74,7
3849704,1,943,916,26.8482,3,4,2,1,34,66,7
3829950,0,943,0,40,2,8,2,1,56,28,7
3868111,0,943,0,40,3,1,2,1,17,41,7
3859713,0,943,0,40,2,2,2,1,26,88,7
3863846,0,943,0,40,2,2,2,1,22,61,7
3840830,0,943,0,40,2,7,2,1,46,36,7
3861463,0,943,0,40,2,3,2,1,16,83,7
3844788,0,943,0,40,3,4,2,1,48,34,7
3870625,0,943,0,40,2,1,2,1,12,25,7
3843557,0,943,0,40,3,6,2,1,30,80,7
3861652,0,943,0,40,2,4,2,1,20,74,7
3812033,0,943,0,40,2,12,2,1,85,26,7
3805975,0,943,0,40,2,15,2,1,82,36,7
3859369,0,943,0,40,2,3,2,1,19,25,7
3842599,0,943,0,40,3,6,2,1,36,23,7
3806227,0,943,0,40,2,10,2,1,64,28,7
3833267,0,943,0,40,3,8,2,1,47,65,7
3848247,0,943,0,40,3,6,2,1,29,54,7
3832372,0,943,0,40,3,8,2,1,52,21,7
3866925,0,943,0,40,3,2,2,1,9,39,7
3828490,0,943,0,40,2,11,2,1,45,39,7
3863220,0,943,0,40,3,4,2,1,16,42,7
3873387,0,943,0,40,2,1,2,1,7,52,7
3871253,0,943,0,40,2,0,2,1,6,52,7
3871429,0,943,0,40,2,0,2,1,6,82,7
3872137,0,943,0,40,3,0,2,1,6,54,7
3872169,0,943,0,40,2,0,2,1,6,73,7
3872329,0,943,0,40,3,0,2,1,6,18,7
3872393,0,943,0,40,2,0,2,1,6,55,7
3872489,0,943,0,40,2,0,2,1,6,28,7
3872632,0,943,0,40,3,0,2,1,6,76,7
3872664,0,943,0,40,2,0,2,1,6,31,7
3872696,0,943,0,40,3,0,2,1,6,44,7
3872728,0,943,0,40,2,0,2,1,6,46,7
3872760,0,943,0,40,2,0,2,1,6,101,7
3872808,0,943,0,40,2,0,2,1,6,28,7
3872856,0,943,0,40,3,0,2,1,6,40,7
3872872,0,943,0,40,3,0,2,1,6,39,7
3872936,0,943,0,40,2,0,2,1,6,28,7
3872952,0,943,0,40,2,0,2,1,6,76,7
3872984,0,943,0,40,3,0,2,1,6,30,7
3873048,0,943,0,40,2,0,2,1,6,40,7
3873080,0,943,0,40,2,0,2,1,6,59,7
3873128,0,943,0,40,2,0,2,1,6,32,7
3873144,0,943,0,40,3,0,2,1,6,47,7
3873157,0,943,0,40,2,0,2,1,6,38,7
3873165,0,943,0,40,3,0,2,1,6,43,7
3873189,0,943,0,40,2,0,2,1,6,57,7
3873221,0,943,0,40,3,0,2,1,6,41,7
3873237,0,943,0,40,2,0,2,1,6,26,7
3873245,0,943,0,40,2,0,2,1,6,78,7
3873253,0,943,0,40,2,0,2,1,6,49,7
3873277,0,943,0,40,2,0,2,1,6,55,7
3873285,0,943,0,40,3,0,2,1,6,23,7
3873293,0,943,0,40,3,0,2,1,6,83,7
3873309,0,943,0,40,2,0,2,1,6,75,7
3873325,0,943,0,40,2,0,2,1,6,24,7
3873349,0,943,0,40,3,0,2,1,6,35,7
3873365,0,943,0,40,2,0,2,1,6,24,7
3873373,0,943,0,40,3,0,2,1,6,150,7
3873381,0,943,0,40,2,0,2,1,6,23,7
3873389,0,943,0,40,3,0,2,1,6,33,7
3873405,0,943,0,40,3,0,2,1,6,16,7
3873421,0,943,0,40,3,0,2,1,6,46,7
3873469,0,943,0,40,3,0,2,1,6,43,7
3873485,0,943,0,40,3,0,2,1,6,25,7
3873493,0,943,0,40,2,0,2,1,6,50,7
3873509,0,943,0,40,3,0,2,1,6,28,7
3873517,0,943,0,40,3,0,2,1,6,56,7
3873533,0,943,0,40,2,0,2,1,6,34,7
3873557,0,943,0,40,2,0,2,1,6,44,7
3873565,0,943,0,40,3,0,2,1,6,41,7
3873573,0,943,0,40,3,0,2,1,6,51,7
3873589,0,943,0,40,2,0,2,1,6,78,7
3873605,0,943,0,40,3,0,2,1,6,23,7
3873629,0,943,0,40,2,0,2,1,6,45,7
3873661,0,943,0,40,3,0,2,1,6,58,7
3873693,0,943,0,40,3,0,2,1,6,41,7
3873709,0,943,0,40,3,0,2,1,6,58,7
3873717,0,943,0,40,3,0,2,1,6,25,7
3873725,0,943,0,40,2,0,2,1,6,61,7
3873735,0,943,0,40,3,0,2,1,6,58,7
3873743,0,943,0,40,3,0,2,1,6,42,7
3873747,0,943,0,40,3,0,2,1,6,67,7
3873755,0,943,0,40,3,0,2,1,6,49,7
3873771,0,943,0,40,2,0,2,1,6,33,7
3873779,0,943,0,40,3,0,2,1,6,44,7
3873783,0,943,0,40,2,0,2,1,6,117,7
3873787,0,943,0,40,2,0,2,1,6,22,7
3873795,0,943,0,40,3,0,2,1,6,17,7
3873807,0,943,0,40,2,0,2,1,6,42,7
3873811,0,943,0,40,2,0,2,1,6,27,7
3873815,0,943,0,40,2,0,2,1,6,35,7
3873819,0,943,0,40,3,0,2,1,6,40,7
3873823,0,943,0,40,2,0,2,1,6,51,7
3873827,0,943,0,40,3,0,2,1,6,57,7
3873835,0,943,0,40,3,0,2,1,6,29,7
3873839,0,943,0,40,3,0,2,1,6,65,7
3873847,0,943,0,40,3,0,2,1,6,30,7
3873859,0,943,0,40,2,0,2,1,6,22,7
3873867,0,943,0,40,2,0,2,1,6,29,7
3873875,0,943,0,40,2,0,2,1,6,37,7
3873879,0,943,0,40,3,0,2,1,6,39,7
3873887,0,943,0,40,2,0,2,1,6,24,7
3873891,0,943,0,40,2,0,2,1,6,38,7
3873895,0,943,0,40,2,0,2,1,6,46,7
3873903,0,943,0,40,2,0,2,1,6,25,7
3873915,0,943,0,40,3,0,2,1,6,42,7
3873919,0,943,0,40,3,0,2,1,6,56,7
3873931,0,943,0,40,3,0,2,1,6,57,7
3873943,0,943,0,40,2,0,2,1,6,10,7
3873947,0,943,0,40,2,0,2,1,6,42,7
3873959,0,943,0,40,3,0,2,1,6,33,7
3873963,0,943,0,40,2,0,2,1,6,45,7
3873971,0,943,0,40,3,0,2,1,6,36,7
3873995,0,943,0,40,3,0,2,1,6,24,7
3873999,0,943,0,40,2,0,2,1,6,36,7
3874003,0,943,0,40,3,0,2,1,6,12,7
3874011,0,943,0,40,3,0,2,1,6,59,7
3874031,0,943,0,40,3,0,2,1,6,31,7
3874035,0,943,0,40,2,0,2,1,6,76,7
3874043,0,943,0,40,3,0,2,1,6,42,7
3874051,0,943,0,40,2,0,2,1,6,26,7
3874059,0,943,0,40,3,0,2,1,6,67,7
3874075,0,943,0,40,2,0,2,1,6,57,7
3874079,0,943,0,40,2,0,2,1,6,40,7
3874083,0,943,0,40,2,0,2,1,6,34,7
3874091,0,943,0,40,2,0,2,1,6,46,7
3874103,0,943,0,40,3,0,2,1,6,29,7
3874111,0,943,0,40,2,0,2,1,6,73,7
3874119,0,943,0,40,2,0,2,1,6,41,7
3874131,0,943,0,40,3,0,2,1,6,43,7
3874139,0,943,0,40,2,0,2,1,6,48,7
3874143,0,943,0,40,2,0,2,1,6,46,7
3874151,0,943,0,40,2,0,2,1,6,88,7
3874155,0,943,0,40,3,0,2,1,6,20,7
3874159,0,943,0,40,3,0,2,1,6,108,7
3874163,0,943,0,40,3,0,2,1,6,33,7
3874171,0,943,0,40,2,0,2,1,6,26,7
3874175,0,943,0,40,2,0,2,1,6,67,7
3874179,0,943,0,40,2,0,2,1,6,64,7
3874183,0,943,0,40,3,0,2,1,6,70,7
3874203,0,943,0,40,2,0,2,1,6,30,7
3874207,0,943,0,40,3,0,2,1,6,21,7
3874211,0,943,0,40,2,0,2,1,6,29,7
3874215,0,943,0,40,3,0,2,1,6,62,7
3874219,0,943,0,40,2,0,2,1,6,74,7
3874231,0,943,0,40,3,0,2,1,6,25,7
3874235,0,943,0,40,2,0,2,1,6,31,7
3874243,0,943,0,40,2,0,2,1,6,15,7
3874254,0,943,0,40,3,0,2,1,6,18,7
3874256,0,943,0,40,3,0,2,1,6,105,7
3874264,0,943,0,40,3,0,2,1,6,54,7
3874266,0,943,0,40,3,0,2,1,6,27,7
3874268,0,943,0,40,3,0,2,1,6,71,7
3874270,0,943,0,40,2,0,2,1,6,47,7
3874272,0,943,0,40,3,0,2,1,6,47,7
3874276,0,943,0,40,2,0,2,1,6,31,7
3874278,0,943,0,40,3,0,2,1,6,40,7
3874282,0,943,0,40,2,0,2,1,6,51,7
3874286,0,943,0,40,3,0,2,1,6,53,7
3874288,0,943,0,40,3,0,2,1,6,48,7
3874294,0,943,0,40,3,0,2,1,6,33,7
3874298,0,943,0,40,2,0,2,1,6,20,7
3874302,0,943,0,40,2,0,2,1,6,27,7
3874310,0,943,0,40,3,0,2,1,6,66,7
3874312,0,943,0,40,2,0,2,1,6,77,7
3874314,0,943,0,40,3,0,2,1,6,43,7
3874318,0,943,0,40,2,0,2,1,6,63,7
3874324,0,943,0,40,2,0,2,1,6,14,7
3874330,0,943,0,40,3,0,2,1,6,41,7
3874332,0,943,0,40,3,0,2,1,6,44,7
3874334,0,943,0,40,2,0,2,1,6,31,7
3874340,0,943,0,40,3,0,2,1,6,35,7
3874348,0,943,0,40,3,0,2,1,6,44,7
3874350,0,943,0,40,2,0,2,1,6,25,7
3874352,0,943,0,40,2,0,2,1,6,52,7
3874354,0,943,0,40,3,0,2,1,6,24,7
3874358,0,943,0,40,2,0,2,1,6,69,7
3874364,0,943,0,40,2,0,2,1,6,25,7
3874368,0,943,0,40,2,0,2,1,6,60,7
3874372,0,943,0,40,2,0,2,1,6,50,7
3874378,0,943,0,40,2,0,2,1,6,56,7
3874380,0,943,0,40,3,0,2,1,6,50,7
3874386,0,943,0,40,2,0,2,1,6,103,7
3874392,0,943,0,40,2,0,2,1,6,36,7
3874400,0,943,0,40,3,0,2,1,6,30,7
3874404,0,943,0,40,3,0,2,1,6,45,7
3874406,0,943,0,40,2,0,2,1,6,31,7
3874410,0,943,0,40,2,0,2,1,6,39,7
3874412,0,943,0,40,2,0,2,1,6,20,7
3874424,0,943,0,40,3,0,2,1,6,20,7
3874434,0,943,0,40,2,0,2,1,6,34,7
3874438,0,943,0,40,2,0,2,1,6,20,7
3874446,0,943,0,40,3,0,2,1,6,67,7
3874454,0,943,0,40,3,0,2,1,6,25,7
3874456,0,943,0,40,2,0,2,1,6,46,7
3874458,0,943,0,40,3,0,2,1,6,63,7
3874460,0,943,0,40,3,0,2,1,6,29,7
3874462,0,943,0,40,3,0,2,1,6,11,7
3874468,0,943,0,40,3,0,2,1,6,25,7
3874474,0,943,0,40,3,0,2,1,6,48,7
3874478,0,943,0,40,2,0,2,1,6,36,7
3874482,0,943,0,40,2,0,2,1,6,73,7
3874488,0,943,0,40,2,0,2,1,6,43,7
3874496,0,943,0,40,2,0,2,1,6,87,7
3874498,0,943,0,40,2,0,2,1,6,47,7
3874500,0,943,0,40,3,0,2,1,6,18,7
3874508,0,943,0,40,3,0,2,1,6,39,7
3874512,0,943,0,40,3,0,2,1,6,39,7
3874526,0,943,0,40,3,0,2,1,6,76,7
3874528,0,943,0,40,2,0,2,1,6,36,7
3874534,0,943,0,40,2,0,2,1,6,58,7
3874540,0,943,0,40,2,0,2,1,6,29,7
3874542,0,943,0,40,3,0,2,1,6,47,7
3874546,0,943,0,40,3,0,2,1,6,113,7
3874550,0,943,0,40,2,0,2,1,6,7,7
3874554,0,943,0,40,3,0,2,1,6,19,7
3874556,0,943,0,40,2,0,2,1,6,31,7
3874566,0,943,0,40,3,0,2,1,6,26,7
3874570,0,943,0,40,3,0,2,1,6,10,7
3874574,0,943,0,40,2,0,2,1,6,26,7
3874576,0,943,0,40,2,0,2,1,6,34,7
3874578,0,943,0,40,3,0,2,1,6,39,7
3874580,0,943,0,40,2,0,2,1,6,37,7
3874588,0,943,0,40,3,0,2,1,6,72,7
3874592,0,943,0,40,2,0,2,1,6,57,7
3874610,0,943,0,40,3,0,2,1,6,31,7
3874614,0,943,0,40,3,0,2,1,6,33,7
3874616,0,943,0,40,2,0,2,1,6,16,7
3874620,0,943,0,40,2,0,2,1,6,40,7
3874622,0,943,0,40,2,0,2,1,6,36,7
3874630,0,943,0,40,2,0,2,1,6,131,7
3874632,0,943,0,40,2,0,2,1,6,43,7
3874634,0,943,0,40,2,0,2,1,6,35,7
3874636,0,943,0,40,2,0,2,1,6,16,7
3874640,0,943,0,40,2,0,2,1,6,39,7
3874642,0,943,0,40,3,0,2,1,6,76,7
3874650,0,943,0,40,2,0,2,1,6,30,7
3874654,0,943,0,40,3,0,2,1,6,34,7
3874658,0,943,0,40,2,0,2,1,6,18,7
3874662,0,943,0,40,3,0,2,1,6,66,7
3874666,0,943,0,40,3,0,2,1,6,36,7
3874668,0,943,0,40,3,0,2,1,6,29,7
3874672,0,943,0,40,2,0,2,1,6,80,7
3874674,0,943,0,40,3,0,2,1,6,20,7
3874678,0,943,0,40,3,0,2,1,6,60,7
3874684,0,943,0,40,3,0,2,1,6,84,7
3874692,0,943,0,40,3,0,2,1,6,20,7
3874698,0,943,0,40,3,0,2,1,6,75,7
3874702,0,943,0,40,3,0,2,1,6,31,7
3874708,0,943,0,40,2,0,2,1,6,38,7
3874710,0,943,0,40,3,0,2,1,6,43,7
3874712,0,943,0,40,2,0,2,1,6,45,7
3874718,0,943,0,40,2,0,2,1,6,19,7
3874722,0,943,0,40,2,0,2,1,6,57,7
3874724,0,943,0,40,2,0,2,1,6,57,7
3874726,0,943,0,40,2,0,2,1,6,39,7
3874730,0,943,0,40,2,0,2,1,6,30,7
3874736,0,943,0,40,3,0,2,1,6,47,7
3874742,0,943,0,40,3,0,2,1,6,56,7
3874752,0,943,0,40,3,0,2,1,6,52,7
3874762,0,943,0,40,2,0,2,1,6,53,7
3874768,0,943,0,40,2,0,2,1,6,25,7
3874770,0,943,0,40,2,0,2,1,6,67,7
3874780,0,943,0,40,2,0,2,1,6,84,7
3852374,0,943,0,40,3,1,2,1,27,62,7
3823542,0,943,0,40,3,10,2,1,50,62,7
3823243,1,943,901,39.252,3,8,2,1,62,73,7
3839040,0,943,0,40,2,6,2,1,35,32,7
3845140,0,943,0,40,3,7,2,1,24,31,7
3839454,0,943,0,40,3,5,2,1,31,66,7
3864964,0,943,0,40,3,1,2,1,11,85,7
3836796,0,943,0,40,3,7,2,1,24,51,7
3832039,0,943,0,40,2,7,2,1,50,64,7
3858987,0,943,0,40,3,2,2,1,11,43,7
3848038,0,943,0,40,3,3,2,1,36,30,7
3858263,0,943,0,40,2,2,2,1,11,74,7
3868024,0,943,0,40,2,1,2,1,6,14,7
3851761,0,943,0,40,2,2,2,1,32,28,7
3837710,0,943,0,40,3,2,2,1,58,30,7
3858707,0,943,0,40,3,2,2,1,17,82,7
3821078,0,943,0,40,2,5,2,1,70,25,7
3815872,0,943,0,40,2,10,2,1,55,78,7
3851787,0,943,0,40,3,4,2,1,20,52,7
3865324,0,943,0,40,3,1,2,1,11,47,7
3852506,0,943,0,40,3,3,2,1,24,26,7
3866059,0,943,0,40,3,1,2,1,10,32,7
3815860,0,943,0,40,3,10,2,1,67,45,7
3865371,0,943,0,40,3,1,2,1,9,31,7
3827275,0,943,0,40,3,8,2,1,46,35,7
3855180,0,943,0,40,3,4,2,1,19,22,7
3849355,0,943,0,40,2,6,2,1,25,32,7
3866613,0,943,0,40,3,1,2,1,6,43,7
3856662,0,943,0,40,2,1,2,1,26,68,7
3854652,0,943,0,40,3,2,2,1,26,74,7
3852487,0,943,0,40,3,3,2,1,25,35,7
3859910,0,943,0,40,3,2,2,1,17,37,7
3863053,0,943,0,40,2,1,2,1,14,35,7
3845580,0,943,0,40,3,4,2,1,28,38,7
3861303,0,943,0,40,2,2,2,1,15,54,7
3860606,0,943,0,40,2,2,2,1,13,38,7
3864557,0,943,0,40,3,1,2,1,12,46,7
3823186,0,943,0,40,2,10,2,1,45,27,7
3845558,0,943,0,40,3,4,2,1,20,31,7
3860353,0,943,0,40,2,3,2,1,15,59,7
3855556,0,943,0,40,3,3,2,1,21,97,7
3866932,0,943,0,40,2,1,2,1,9,43,7
3840523,0,943,0,40,2,8,2,1,37,63,7
3838668,0,943,0,40,2,4,2,1,43,57,7
3823808,0,943,0,40,2,7,2,1,53,26,7
3868495,0,943,0,40,2,1,2,1,7,22,7
3844223,0,943,0,40,2,5,2,1,23,53,7
3833647,0,943,0,40,2,7,2,1,40,32,7
3865255,0,943,0,40,3,2,2,1,7,64,7
3868266,0,943,0,40,2,1,2,1,6,47,7
3844186,0,943,0,40,2,2,2,1,43,26,7
3815042,0,943,0,40,3,13,2,1,71,75,7
3848334,0,943,0,40,2,2,2,1,32,38,7
3841012,0,943,0,40,2,5,2,1,36,31,7
3842885,0,943,0,40,3,5,2,1,33,22,7
3841921,0,943,0,40,2,4,2,1,36,25,7
3806509,1,943,931,13.1489,3,7,2,1,94,57,7
3861066,0,943,0,40,2,2,2,1,17,66,7
3845901,0,943,0,40,2,3,2,1,26,33,7
3839424,0,943,0,40,2,6,2,1,40,66,7
3815130,1,943,916,36.2821,3,9,2,1,70,17,7
3829958,0,943,0,40,2,9,2,1,38,77,7
3805862,0,943,0,40,2,11,2,1,41,112,7
3809203,0,943,0,40,3,7,2,1,50,54,7
3828499,0,943,0,40,2,8,2,1,55,40,7
3857696,0,943,0,40,3,2,2,1,19,34,7
3860244,0,943,0,40,3,2,2,1,18,41,7
3753146,0,943,0,40,2,21,2,1,144,19,7
3835587,0,943,0,40,2,4,2,1,51,43,7
3834634,0,943,0,40,3,5,2,1,40,25,7
3821191,0,943,0,40,3,9,2,1,60,80,7
3868012,0,943,0,40,3,1,2,1,9,34,7
3849969,0,943,0,40,3,4,2,1,23,60,7
3857031,0,943,0,40,2,3,2,1,20,28,7
3868133,0,943,0,40,3,1,2,1,8,43,7
3862550,0,943,0,40,3,2,2,1,9,34,7
3848080,0,943,0,40,2,5,2,1,18,17,7
3859801,0,943,0,40,3,3,2,1,13,24,7
3831552,0,943,0,40,3,9,2,1,38,32,7
3839857,0,943,0,40,2,9,2,1,39,26,7
3826208,0,943,0,40,3,7,2,1,50,43,7
3804964,0,943,0,40,2,9,2,1,58,59,7
3868988,0,943,0,40,3,1,2,1,7,48,7
3810463,0,943,0,40,3,13,2,1,86,83,7
3836698,0,943,0,40,3,8,2,1,32,22,7
3865995,0,943,0,40,2,2,2,1,8,44,7
3869027,0,943,0,40,2,1,2,1,6,63,7
3869650,0,943,0,40,2,1,2,1,6,40,7
3856461,0,943,0,40,3,1,2,1,29,10,7
3848799,0,943,0,40,2,2,2,1,32,54,7
3850265,0,943,0,40,3,2,2,1,33,31,7
3856400,0,943,0,40,2,2,2,1,24,59,7
3861087,0,943,0,40,2,1,2,1,21,24,7
3756629,1,943,912,38.6591,3,26,2,1,154,30,7
3838674,0,943,0,40,3,4,2,1,44,73,7
3861925,0,943,0,40,2,1,2,1,18,44,7
3841836,0,943,0,40,2,6,2,1,30,64,7
3858958,0,943,0,40,2,2,2,1,22,28,7
3863229,0,943,0,40,2,1,2,1,16,71,7
3809105,0,943,0,40,3,11,2,1,96,34,7
3805346,0,943,0,40,3,10,2,1,56,21,7
3851774,0,943,0,40,2,2,2,1,29,20,7
3820235,0,943,0,40,2,9,2,1,70,12,7
3863008,0,943,0,40,3,2,2,1,16,77,7
3854159,0,943,0,40,3,4,2,1,22,117,7
3814673,0,943,0,40,2,12,2,1,64,24,7
3856175,0,943,0,40,3,2,2,1,24,34,7
3859163,0,943,0,40,2,2,2,1,22,47,7
3866760,0,943,0,40,2,1,2,1,12,32,7
3809439,0,943,0,40,3,9,2,1,98,35,7
3841357,1,943,932,19.3081,3,6,2,1,28,30,7
3805457,0,943,0,40,3,12,2,1,72,32,7
3850559,0,943,0,40,2,3,2,1,32,37,7
3862107,1,943,921,40,2,4,2,1,15,70,7
3847007,0,943,0,40,2,3,2,1,28,42,7
3843993,0,943,0,40,2,5,2,1,30,22,7
3846073,0,943,0,40,2,6,2,1,23,17,7
3843939,0,943,0,40,3,6,2,1,33,41,7
3866593,0,943,0,40,3,1,2,1,10,60,7
3850506,0,943,0,40,3,2,2,1,32,21,7
3861055,0,943,0,40,2,2,2,1,15,30,7
3863746,0,943,0,40,2,2,2,1,10,34,7
3806129,0,943,0,40,3,8,2,1,52,30,7
3845572,0,943,0,40,2,7,2,1,28,38,7
3867671,0,943,0,40,3,1,2,1,9,43,7
3834119,1,943,932,33.4497,2,7,2,1,27,55,7
3859839,0,943,0,40,3,2,2,1,15,60,7
3805154,0,943,0,40,3,11,2,1,61,25,7
3861847,0,943,0,40,2,2,2,1,14,43,7
3806364,0,943,0,40,3,11,2,1,74,32,7
3830260,1,943,911,40,2,9,2,1,37,48,7
3857446,1,943,921,40,2,4,2,1,14,34,7
3837507,0,943,0,40,3,8,2,1,33,25,7
3861988,0,943,0,40,2,3,2,1,12,46,7
3867117,0,943,0,40,2,1,2,1,8,49,7
3868470,0,943,0,40,2,1,2,1,8,33,7
3868940,0,943,0,40,3,1,2,1,8,69,7
3861934,0,943,0,40,3,2,2,1,10,34,7
3851067,0,943,0,40,3,4,2,1,21,30,7
3846166,0,943,0,40,2,5,2,1,24,40,7
3830172,0,943,0,40,2,8,2,1,40,22,7
3860902,0,943,0,40,3,3,2,1,14,34,7
3843090,1,943,932,40,2,5,2,1,32,63,7
3858419,0,943,0,40,2,3,2,1,17,31,7
3841441,0,943,0,40,3,5,2,1,34,51,7
3803544,0,943,0,40,2,9,2,1,78,55,7
3845501,0,943,0,40,2,6,2,1,32,27,7
3869023,0,943,0,40,3,1,2,1,7,30,7
3869440,0,943,0,40,3,1,2,1,7,27,7
3822819,0,943,0,40,3,11,2,1,39,42,7
3839758,0,943,0,40,3,7,2,1,27,23,7
3856851,0,943,0,40,3,4,2,1,14,45,7
3786192,0,943,0,40,3,14,2,1,123,79,7
3865053,0,943,0,40,3,2,2,1,9,53,7
3851304,0,943,0,40,2,3,2,1,33,42,7
3864211,0,943,0,40,3,2,2,1,12,72,7
3844743,0,943,0,40,3,5,2,1,29,57,7
3865978,0,943,0,40,3,2,2,1,7,45,7
3833609,0,943,0,40,3,6,2,1,49,27,7
3858540,0,943,0,40,3,2,2,1,24,59,7
3863912,0,943,0,40,3,3,2,1,10,58,7
3849282,0,943,0,40,3,7,2,1,24,53,7
3862873,0,943,0,40,2,2,2,1,13,24,7
3864447,0,943,0,40,3,3,2,1,8,45,7
3869946,0,943,0,40,3,1,2,1,6,31,7
3870098,0,943,0,40,2,1,2,1,6,32,7
3845092,0,943,0,40,2,4,2,1,36,46,7
3857732,0,943,0,40,3,1,2,1,26,61,7
3859463,0,943,0,40,2,1,2,1,24,69,7
3815036,0,943,0,40,3,10,2,1,81,44,7
3849221,0,943,0,40,3,3,2,1,31,34,7
3836986,1,943,887,34.5209,3,6,2,1,41,24,7
3857571,0,943,0,40,3,2,2,1,24,43,7
3851148,0,943,0,40,2,2,2,1,36,56,7
3848009,0,943,0,40,3,2,2,1,42,20,7
3821475,0,943,0,40,3,11,2,1,55,62,7
3840858,0,943,0,40,3,4,2,1,48,56,7
3827794,0,943,0,40,3,7,2,1,63,26,7
3807882,0,943,0,40,2,13,2,1,93,37,7
3858326,0,943,0,40,2,2,2,1,24,35,7
3853479,0,943,0,40,3,5,2,1,25,38,7
3864974,0,943,0,40,3,1,2,1,16,45,7
3835819,0,943,0,40,3,6,2,1,53,96,7
3843772,0,943,0,40,2,3,2,1,48,22,7
3841723,0,943,0,40,3,5,2,1,46,24,7
3861823,0,943,0,40,2,2,2,1,16,42,7
3817512,0,943,0,40,2,12,2,1,68,69,7
3865803,0,943,0,40,3,1,2,1,14,55,7
3865997,0,943,0,40,3,1,2,1,14,27,7
3852123,0,943,0,40,2,3,2,1,21,31,7
3848102,0,943,0,40,3,4,2,1,22,31,7
3845443,0,943,0,40,3,5,2,1,26,78,7
3850493,0,943,0,40,2,3,2,1,32,51,7
3857606,0,943,0,40,3,2,2,1,25,50,7
3824297,0,943,0,40,2,10,2,1,57,34,7
3848478,0,943,0,40,3,3,2,1,40,53,7
3866108,0,943,0,40,3,1,2,1,13,17,7
3824940,1,943,915,38.9268,3,9,2,1,58,67,7
3861635,0,943,0,40,2,2,2,1,14,58,7
3861800,0,943,0,40,3,2,2,1,15,83,7
3833531,0,943,0,40,3,9,2,1,36,22,7
3863763,0,943,0,40,3,2,2,1,15,40,7
3838393,0,943,0,40,3,5,2,1,44,36,7
3832108,0,943,0,40,3,8,2,1,48,61,7
3865328,0,943,0,40,3,2,2,1,13,52,7
3867230,0,943,0,40,3,1,2,1,12,46,7
3810413,0,943,0,40,3,10,2,1,82,46,7
3811897,0,943,0,40,3,11,2,1,75,21,7
3819403,0,943,0,40,2,9,2,1,67,33,7
3854493,0,943,0,40,3,3,2,1,18,38,7
3817610,0,943,0,40,2,8,2,1,81,74,7
3802609,0,943,0,40,3,9,2,1,103,77,7
3834536,0,943,0,40,3,4,2,1,58,31,7
3854795,0,943,0,40,2,3,2,1,23,44,7
3854109,0,943,0,40,2,5,2,1,22,92,7
3867235,0,943,0,40,2,1,2,1,11,14,7
3867910,0,943,0,40,3,1,2,1,11,27,7
3822518,0,943,0,40,2,10,2,1,56,41,7
3861595,0,943,0,40,3,2,2,1,15,37,7
3836770,0,943,0,40,2,7,2,1,43,32,7
3849684,0,943,0,40,3,5,2,1,25,22,7
3831517,0,943,0,40,2,10,2,1,47,45,7
3859327,0,943,0,40,3,3,2,1,16,70,7
3826867,0,943,0,40,3,8,2,1,57,35,7
3862883,0,943,0,40,3,2,2,1,16,43,7
3867903,0,943,0,40,2,1,2,1,10,53,7
3868057,0,943,0,40,2,1,2,1,10,68,7
3868541,0,943,0,40,3,1,2,1,10,56,7
3805977,0,943,0,40,2,11,2,1,74,49,7
3833644,1,943,925,29.2981,3,8,2,1,46,61,7
3824943,0,943,0,40,3,8,2,1,60,32,7
3806917,0,943,0,40,3,11,2,1,77,47,7
3865977,0,943,0,40,3,2,2,1,12,44,7
3838535,0,943,0,40,3,6,2,1,44,42,7
3849550,0,943,0,40,2,6,2,1,25,81,7
3867489,0,943,0,40,3,1,2,1,9,83,7
3868021,0,943,0,40,3,1,2,1,9,34,7
3868828,0,943,0,40,3,1,2,1,9,26,7
3869106,0,943,0,40,3,1,2,1,9,23,7
3859210,1,943,914,33.4196,3,3,2,1,14,71,7
3839874,0,943,0,40,2,7,2,1,37,41,7
3843333,0,943,0,40,2,5,2,1,31,107,7
3806493,0,943,0,40,2,9,2,1,50,25,7
3855499,0,943,0,40,2,4,2,1,21,29,7
3805378,1,943,933,34.1774,2,8,2,1,40,95,7
3863882,0,943,0,40,3,2,2,1,14,15,7
3865725,0,943,0,40,2,2,2,1,11,56,7
3857560,0,943,0,40,2,2,2,1,26,22,7
3869448,0,943,0,40,2,1,2,1,8,19,7
3869710,0,943,0,40,3,1,2,1,8,60,7
3849893,0,943,0,40,2,3,2,1,23,36,7
3842886,0,943,0,40,3,5,2,1,33,32,7
3836919,1,943,933,17.5715,3,6,2,1,48,25,7
3846327,0,943,0,40,3,3,2,1,42,104,7
3833919,0,943,0,40,3,3,2,1,58,42,7
3826527,0,943,0,40,2,9,2,1,53,46,7
3824235,0,943,0,40,3,9,2,1,52,106,7
3844911,1,943,909,40,2,6,2,1,27,38,7
3838748,1,943,899,40,2,7,2,1,27,23,7
3839968,0,943,0,40,3,7,2,1,36,17,7
3851265,0,943,0,40,3,3,2,1,31,11,7
3813814,0,943,0,40,2,11,2,1,78,46,7
3868721,0,943,0,40,2,1,2,1,7,24,7
3868985,0,943,0,40,3,1,2,1,7,25,7
3869569,0,943,0,40,2,1,2,1,7,28,7
3869808,0,943,0,40,2,1,2,1,7,36,7
3870116,0,943,0,40,2,1,2,1,7,35,7
3860010,0,943,0,40,3,2,2,1,8,46,7
3851330,1,943,901,40,2,4,2,1,19,53,7
3823943,0,943,0,40,2,11,2,1,50,57,7
3855505,0,943,0,40,3,3,2,1,18,47,7
3849817,0,943,0,40,2,4,2,1,15,43,7
3848183,0,943,0,40,2,5,2,1,20,68,7
3815804,1,943,862,40,3,11,2,1,59,26,7
3850785,0,943,0,40,2,5,2,1,23,26,7
3815110,0,943,0,40,3,10,2,1,75,42,7
3816309,0,943,0,40,2,12,2,1,50,41,7
3806036,0,943,0,40,3,9,2,1,76,39,7
3826197,0,943,0,40,2,7,2,1,63,31,7
3817207,0,943,0,40,3,11,2,1,63,68,7
3825357,0,943,0,40,2,10,2,1,55,79,7
3825200,1,943,916,40,2,10,2,1,54,73,7
3861178,0,943,0,40,2,3,2,1,18,23,7
3867759,0,943,0,40,3,2,2,1,8,42,7
3836662,0,943,0,40,3,9,2,1,41,32,7
3868080,0,943,0,40,3,1,2,1,6,52,7
3870207,0,943,0,40,3,1,2,1,6,57,7
3870686,0,943,0,40,3,1,2,1,6,63,7
3852765,0,943,0,40,2,1,2,1,34,56,7
3853520,0,943,0,40,2,2,2,1,29,60,7
3832767,0,943,0,40,3,6,2,1,59,24,7
3822540,0,943,0,40,2,7,2,1,66,41,7
3825035,0,943,0,40,2,7,2,1,61,62,7
3851366,0,943,0,40,3,3,2,1,36,31,7
3851471,0,943,0,40,2,3,2,1,28,14,7
3840947,0,943,0,40,3,5,2,1,40,65,7
3859933,0,943,0,40,3,1,2,1,22,14,7
3861219,0,943,0,40,2,1,2,1,22,35,7
3845796,0,943,0,40,3,4,2,1,32,27,7
3857040,0,943,0,40,3,2,2,1,25,52,7
3853400,0,943,0,40,2,3,2,1,28,46,7
3829007,0,943,0,40,2,7,2,1,55,44,7
3831012,0,943,0,40,3,6,2,1,55,47,7
3828836,0,943,0,40,3,5,2,1,59,24,7
3854891,0,943,0,40,3,3,2,1,23,43,7
3804546,0,943,0,40,2,8,2,1,65,25,7
3861740,1,943,918,40,2,2,2,1,19,28,7
3848909,0,943,0,40,3,5,2,1,29,83,7
3864075,0,943,0,40,3,1,2,1,18,87,7
3816220,0,943,0,40,2,11,2,1,70,47,7
3844815,0,943,0,40,2,6,2,1,36,63,7
3804520,0,943,0,40,3,9,2,1,52,6,7
3834527,0,943,0,40,2,5,2,1,51,17,7
3865097,0,943,0,40,2,1,2,1,16,33,7
3834935,1,943,934,15.6508,3,6,2,1,46,49,7
3826688,0,943,0,40,3,9,2,1,47,43,7
3865449,0,943,0,40,2,1,2,1,15,60,7
3858428,0,943,0,40,3,2,2,1,17,80,7
3844752,0,943,0,40,3,5,2,1,29,86,7
3861887,0,943,0,40,3,2,2,1,15,39,7
3818115,0,943,0,40,2,7,2,1,68,70,7
3814187,0,943,0,40,2,11,2,1,82,23,7
3854528,0,943,0,40,2,3,2,1,30,62,7
3866024,0,943,0,40,3,1,2,1,14,33,7
3848600,0,943,0,40,2,3,2,1,27,43,7
3838213,0,943,0,40,3,5,2,1,33,48,7
3863266,0,943,0,40,3,2,2,1,15,61,7
3841194,0,943,0,40,3,6,2,1,38,55,7
3820018,1,943,896,40,3,10,2,1,61,36,7
3858236,0,943,0,40,2,3,2,1,24,25,7
3867124,0,943,0,40,2,1,2,1,13,56,7
3867402,0,943,0,40,3,1,2,1,13,109,7
3808678,1,943,875,40,3,14,2,1,100,34,7
3862069,0,943,0,40,3,2,2,1,15,41,7
3855114,0,943,0,40,2,2,2,1,30,38,7
3851275,0,943,0,40,3,2,2,1,33,17,7
3857714,0,943,0,40,3,2,2,1,26,13,7
3807955,0,943,0,40,2,8,2,1,54,35,7
3845445,0,943,0,40,2,4,2,1,32,67,7
3839965,0,943,0,40,2,5,2,1,52,78,7
3865343,0,943,0,40,2,1,2,1,12,62,7
3867958,0,943,0,40,3,1,2,1,12,37,7
3839148,0,943,0,40,3,5,2,1,35,48,7
3827292,0,943,0,40,2,10,2,1,47,42,7
3822340,0,943,0,40,2,8,2,1,57,33,7
3854725,0,943,0,40,2,2,2,1,28,31,7
3852998,0,943,0,40,2,5,2,1,22,51,7
3808857,0,943,0,40,2,12,2,1,96,24,7
3840174,0,943,0,40,2,7,2,1,27,36,7
3823282,0,943,0,40,3,9,2,1,64,27,7
3867739,0,943,0,40,2,1,2,1,11,24,7
3832951,0,943,0,40,3,8,2,1,40,32,7
3848233,0,943,0,40,2,4,2,1,31,96,7
3858091,0,943,0,40,2,3,2,1,20,21,7
3829739,0,943,0,40,2,8,2,1,41,40,7
3859353,0,943,0,40,2,2,2,1,22,31,7
3865196,0,943,0,40,3,2,2,1,12,29,7
3859940,0,943,0,40,3,2,2,1,20,30,7
3799049,0,943,0,40,2,14,2,1,72,93,7
3857761,0,943,0,40,3,3,2,1,18,16,7
3811703,0,943,0,40,3,18,2,1,73,28,7
3842186,0,943,0,40,3,6,2,1,40,46,7
3867965,0,943,0,40,2,1,2,1,10,21,7
3868708,0,943,0,40,2,1,2,1,10,39,7
3869038,0,943,0,40,2,1,2,1,10,26,7
3869086,0,943,0,40,3,1,2,1,10,25,7
3855644,0,943,0,40,3,2,2,1,25,26,7
3840502,0,943,0,40,2,5,2,1,43,33,7
3863100,0,943,0,40,2,2,2,1,14,54,7
3829773,0,943,0,40,3,8,2,1,50,40,7
3843081,0,943,0,40,3,4,2,1,33,46,7
3839923,0,943,0,40,3,4,2,1,48,27,7
3818662,0,943,0,40,2,10,2,1,60,81,7
3831816,0,943,0,40,3,9,2,1,52,39,7
3855377,0,943,0,40,3,3,2,1,24,55,7
3823381,0,943,0,40,2,8,2,1,62,45,7
3864677,0,943,0,40,2,2,2,1,15,78,7
3866933,0,943,0,40,3,1,2,1,9,61,7
3868300,0,943,0,40,3,1,2,1,9,17,7
3869003,0,943,0,40,2,1,2,1,9,47,7
3869654,0,943,0,40,3,1,2,1,9,39,7
3854349,0,943,0,40,3,3,2,1,17,42,7
3860807,0,943,0,40,2,2,2,1,13,17,7
3849325,0,943,0,40,3,4,2,1,26,57,7
3839674,0,943,0,40,2,7,2,1,37,65,7
3805410,0,943,0,40,3,12,2,1,54,45,7
3864540,0,943,0,40,2,2,2,1,11,38,7
3853837,0,943,0,40,2,3,2,1,27,26,7
3860516,0,943,0,40,3,3,2,1,13,38,7
3838792,0,943,0,40,3,9,2,1,34,44,7
3833385,0,943,0,40,2,8,2,1,43,37,7
3862068,0,943,0,40,2,3,2,1,17,25,7
3842867,0,943,0,40,3,7,2,1,32,22,7
3843181,0,943,0,40,3,5,2,1,41,50,7
3853048,0,943,0,40,2,4,2,1,23,30,7
3810445,0,943,0,40,2,15,2,1,83,23,7
3799298,0,943,0,40,2,17,2,1,113,52,7
3821376,0,943,0,40,2,9,2,1,69,50,7
3831465,0,943,0,40,2,8,2,1,54,34,7
3854573,0,943,0,40,3,4,2,1,19,41,7
3868443,0,943,0,40,3,2,2,1,9,63,7
3868408,0,943,0,40,3,1,2,1,8,66,7
3869517,0,943,0,40,3,1,2,1,8,24,7
3869796,0,943,0,40,3,1,2,1,8,40,7
3869960,0,943,0,40,2,1,2,1,8,17,7
3870286,0,943,0,40,2,1,2,1,8,41,7
3814626,0,943,0,40,3,8,2,1,75,38,7
3839302,0,943,0,40,3,9,2,1,29,39,7
3811148,0,943,0,40,3,12,2,1,71,47,7
3856749,0,943,0,40,2,3,2,1,24,33,7
3846380,0,943,0,40,2,5,2,1,29,43,7
3840185,0,943,0,40,3,6,2,1,42,34,7
3822941,0,943,0,40,2,12,2,1,52,63,7
3857123,0,943,0,40,2,3,2,1,20,64,7
3848376,0,943,0,40,3,5,2,1,31,20,7
3850829,0,943,0,40,2,5,2,1,24,44,7
3860980,0,943,0,40,2,3,2,1,13,46,7
3867720,0,943,0,40,2,2,2,1,8,30,7
3860012,0,943,0,40,2,3,2,1,18,41,7
3814377,0,943,0,40,3,11,2,1,94,44,7
3843248,0,943,0,40,2,6,2,1,33,33,7
3868319,0,943,0,40,2,2,2,1,8,29,7
3868228,0,943,0,40,2,2,2,1,8,50,7
3869915,0,943,0,40,3,1,2,1,7,59,7
3870718,0,943,0,40,3,1,2,1,7,39,7
3870830,0,943,0,40,2,1,2,1,7,34,7
3870922,0,943,0,40,3,1,2,1,7,69,7
3854636,0,943,0,40,3,4,2,1,18,50,7
3827564,1,943,925,38.712,2,11,2,1,46,38,7
3848171,0,943,0,40,3,4,2,1,32,65,7
3863282,0,943,0,40,2,2,2,1,14,21,7
3859782,0,943,0,40,2,4,2,1,17,16,7
3852645,1,943,906,37.7377,3,4,2,1,23,35,7
3805717,0,943,0,40,2,10,2,1,44,39,7
3855338,0,943,0,40,2,3,2,1,23,20,7
3862800,0,943,0,40,3,3,2,1,16,57,7
3849910,0,943,0,40,2,4,2,1,33,34,7
3865364,0,943,0,40,3,2,2,1,13,45,7
3856759,0,943,0,40,3,5,2,1,17,25,7
3815330,0,943,0,40,3,12,2,1,64,77,7
3864030,0,943,0,40,2,2,2,1,14,43,7
3867407,0,943,0,40,2,2,2,1,10,71,7
3852251,0,943,0,40,3,3,2,1,32,20,7
3848571,0,943,0,40,2,5,2,1,27,47,7
3856627,0,943,0,40,3,6,2,1,18,61,7
3870185,0,943,0,40,2,1,2,1,6,32,7
3870381,0,943,0,40,3,1,2,1,6,50,7
3870577,0,943,0,40,3,1,2,1,6,39,7
3871138,0,943,0,40,3,1,2,1,6,53,7
3871296,0,943,0,40,2,1,2,1,6,50,7
3871340,0,943,0,40,3,1,2,1,6,63,7
3835856,0,943,0,40,3,5,2,1,49,45,7
3854127,0,943,0,40,3,2,2,1,34,17,7
3853390,0,943,0,40,2,2,2,1,31,19,7
3861080,0,943,0,40,3,1,2,1,25,15,7
3819800,0,943,0,40,3,9,2,1,67,16,7
3842316,0,943,0,40,3,5,2,1,33,32,7
3830263,0,943,0,40,2,7,2,1,53,19,7
3863010,0,943,0,40,3,1,2,1,21,48,7
3831675,0,943,0,40,3,5,2,1,58,87,7
3845253,0,943,0,40,2,4,2,1,41,38,7
3863071,0,943,0,40,3,1,2,1,20,53,7
3806536,0,943,0,40,3,11,2,1,53,60,7
3852821,0,943,0,40,3,3,2,1,29,54,7
3852653,0,943,0,40,3,3,2,1,26,75,7
3864177,0,943,0,40,2,1,2,1,19,35,7
3809451,0,943,0,40,2,16,2,1,72,58,7
3835894,0,943,0,40,3,5,2,1,53,49,7
3808078,1,943,831,40,3,13,2,1,60,30,7
3858761,0,943,0,40,3,3,2,1,21,35,7
3846375,1,943,906,40,2,6,2,1,27,48,7
3858119,0,943,0,40,3,2,2,1,22,46,7
3837500,0,943,0,40,3,6,2,1,43,27,7
3831750,0,943,0,40,2,8,2,1,45,44,7
3818262,0,943,0,40,2,10,2,1,60,95,7
3865244,0,943,0,40,3,1,2,1,17,23,7
3865452,1,943,935,23.4769,3,1,2,1,17,39,7
3831164,0,943,0,40,2,5,2,1,61,51,7
3857854,0,943,0,40,3,3,2,1,24,38,7
3792370,0,943,0,40,3,18,2,1,116,54,7
3861337,0,943,0,40,2,2,2,1,16,26,7
3850903,0,943,0,40,2,3,2,1,34,42,7
3858075,1,943,922,40,2,4,2,1,20,94,7
3846774,0,943,0,40,3,3,2,1,35,23,7
3864829,0,943,0,40,2,2,2,1,16,39,7
3830477,0,943,0,40,3,7,2,1,59,60,7
3843839,0,943,0,40,2,5,2,1,32,33,7
3829382,0,943,0,40,2,6,2,1,47,43,7
3858840,0,943,0,40,2,3,2,1,20,55,7
3833274,0,943,0,40,2,8,2,1,49,30,7
3857834,0,943,0,40,2,3,2,1,19,48,7
3857640,0,943,0,40,3,2,2,1,25,53,7
3865738,0,943,0,40,3,1,2,1,14,28,7
3866988,0,943,0,40,2,1,2,1,14,56,7
3828656,0,943,0,40,2,7,2,1,59,56,7
3856080,0,943,0,40,2,2,2,1,28,32,7
3841791,0,943,0,40,3,6,2,1,42,68,7
3840793,0,943,0,40,3,6,2,1,39,17,7
3864432,0,943,0,40,3,2,2,1,16,40,7
3860908,0,943,0,40,3,3,2,1,20,71,7
3867804,0,943,0,40,2,1,2,1,13,73,7
3853357,0,943,0,40,2,3,2,1,30,84,7
3851251,1,943,923,40,2,2,2,1,34,50,7
3838125,0,943,0,40,3,7,2,1,37,32,7
3857972,0,943,0,40,2,3,2,1,16,57,7
3842548,0,943,0,40,2,6,2,1,28,43,7
3834417,0,943,0,40,3,8,2,1,40,61,7
3762945,0,943,0,40,3,24,2,1,139,46,7
3838841,0,943,0,40,3,9,2,1,32,46,7
3849767,0,943,0,40,2,4,2,1,27,45,7
3823904,0,943,0,40,2,7,2,1,58,104,7
3862211,0,943,0,40,2,2,2,1,15,53,7
3849842,0,943,0,40,3,5,2,1,21,43,7
3854615,0,943,0,40,3,3,2,1,28,21,7
3819037,0,943,0,40,3,9,2,1,79,40,7
3811977,0,943,0,40,3,12,2,1,75,90,7
3859540,0,943,0,40,3,3,2,1,19,40,7
3846284,0,943,0,40,3,5,2,1,31,49,7
3821446,0,943,0,40,3,9,2,1,72,107,7
3817249,0,943,0,40,3,11,2,1,80,35,7
3831265,0,943,0,40,2,6,2,1,58,25,7
3847687,0,943,0,40,2,7,2,1,25,43,7
3836463,0,943,0,40,2,8,2,1,35,44,7
3815858,0,943,0,40,2,12,2,1,75,89,7
3856779,0,943,0,40,2,5,2,1,16,67,7
3868490,0,943,0,40,3,1,2,1,11,40,7
3861890,0,943,0,40,2,2,2,1,11,36,7
3811382,0,943,0,40,2,15,2,1,71,37,7
3851625,0,943,0,40,3,4,2,1,26,81,7
3862175,0,943,0,40,2,2,2,1,15,43,7
3862940,0,943,0,40,3,2,2,1,15,78,7
3840539,0,943,0,40,2,5,2,1,37,11,7
3792517,0,943,0,40,3,18,2,1,110,25,7
3856445,0,943,0,40,3,3,2,1,19,45,7
3831391,0,943,0,40,2,7,2,1,53,24,7
3831333,0,943,0,40,2,8,2,1,51,73,7
3843908,0,943,0,40,3,5,2,1,36,40,7
3866765,0,943,0,40,3,1,2,1,10,27,7
3868979,0,943,0,40,3,1,2,1,10,67,7
3869236,0,943,0,40,3,1,2,1,10,26,7
3869300,0,943,0,40,3,1,2,1,10,26,7
3819148,0,943,0,40,3,13,2,1,57,18,7
3806100,0,943,0,40,2,9,2,1,63,53,7
3861014,0,943,0,40,2,2,2,1,19,44,7
3862273,0,943,0,40,2,2,2,1,15,26,7
3843253,0,943,0,40,2,7,2,1,35,20,7
3849228,0,943,0,40,2,5,2,1,30,11,7
3866636,0,943,0,40,3,2,2,1,10,54,7
3810363,0,943,0,40,2,14,2,1,92,38,7
3861520,0,943,0,40,3,3,2,1,15,36,7
3851723,0,943,0,40,2,3,2,1,32,46,7
3852024,0,943,0,40,2,5,2,1,23,39,7
3812531,0,943,0,40,3,14,2,1,67,53,7
3815645,0,943,0,40,2,11,2,1,70,47,7
3868104,0,943,0,40,2,1,2,1,9,29,7
3869882,0,943,0,40,3,1,2,1,9,43,7
3870110,0,943,0,40,3,1,2,1,9,50,7
3870322,0,943,0,40,3,1,2,1,9,48,7
3863022,0,943,0,40,3,2,2,1,12,37,7
3836376,0,943,0,40,2,6,2,1,50,61,7
3827037,0,943,0,40,2,8,2,1,53,45,7
3837321,0,943,0,40,3,7,2,1,49,39,7
3832295,0,943,0,40,2,7,2,1,40,10,7
3826944,0,943,0,40,3,10,2,1,46,81,7
3849782,0,943,0,40,2,5,2,1,31,60,7
3801815,0,943,0,40,3,9,2,1,71,46,7
3842376,0,943,0,40,2,7,2,1,25,43,7
3863454,0,943,0,40,3,2,2,1,15,59,7
3843442,0,943,0,40,3,7,2,1,26,12,7
3849728,0,943,0,40,2,3,2,1,41,75,7
3836847,1,943,889,36.6635,3,7,2,1,45,50,7
3851264,0,943,0,40,2,4,2,1,30,42,7
3863601,0,943,0,40,3,3,2,1,12,64,7
3841858,0,943,0,40,2,7,2,1,37,84,7
3810768,0,943,0,40,3,17,2,1,82,35,7
3823878,0,943,0,40,2,7,2,1,70,78,7
3843806,0,943,0,40,3,7,2,1,24,46,7
3821261,0,943,0,40,2,9,2,1,70,24,7
3868448,0,943,0,40,3,1,2,1,8,83,7
3869287,0,943,0,40,2,1,2,1,8,6,7
3870287,0,943,0,40,3,1,2,1,8,74,7
3870408,0,943,0,40,2,1,2,1,8,55,7
3870482,0,943,0,40,2,1,2,1,8,30,7
3870544,0,943,0,40,2,1,2,1,8,16,7
3857507,0,943,0,40,3,3,2,1,20,73,7
3805947,0,943,0,40,3,10,2,1,65,53,7
3861491,0,943,0,40,2,2,2,1,16,42,7
3865469,0,943,0,40,3,2,2,1,9,50,7
3818416,0,943,0,40,3,10,2,1,70,23,7
3834134,0,943,0,40,2,8,2,1,40,50,7
3857906,0,943,0,40,3,3,2,1,19,36,7
3842537,0,943,0,40,2,8,2,1,28,76,7
3837586,0,943,0,40,3,6,2,1,34,108,7
3851105,0,943,0,40,2,4,2,1,27,67,7
3842660,0,943,0,40,2,5,2,1,40,37,7
3850137,0,943,0,40,3,5,2,1,26,54,7
3839880,0,943,0,40,3,8,2,1,35,64,7
3822247,0,943,0,40,2,10,2,1,50,56,7
3846441,0,943,0,40,2,7,2,1,21,58,7
3834463,0,943,0,40,2,7,2,1,43,110,7
3821180,0,943,0,40,3,10,2,1,75,50,7
3808297,0,943,0,40,3,13,2,1,104,52,7
3804267,0,943,0,40,2,14,2,1,81,51,7
3807477,0,943,0,40,2,3,2,1,23,35,7
3809604,0,943,0,40,2,14,2,1,87,38,7
3863014,0,943,0,40,3,3,2,1,11,76,7
3820655,0,943,0,40,2,8,2,1,74,23,7
3831556,0,943,0,40,3,9,2,1,47,47,7
3859452,0,943,0,40,3,4,2,1,13,47,7
3831961,0,943,0,40,3,8,2,1,45,32,7
3818738,0,943,0,40,3,10,2,1,60,29,7
3859410,0,943,0,40,3,4,2,1,20,43,7
3870877,0,943,0,40,3,1,2,1,7,52,7
3871074,0,943,0,40,2,1,2,1,7,23,7
3834127,0,943,0,40,3,8,2,1,44,39,7
3864721,0,943,0,40,3,2,2,1,8,55,7
3846753,0,943,0,40,3,6,2,1,30,54,7
3808936,0,943,0,40,3,15,2,1,98,59,7
3840814,0,943,0,40,2,6,2,1,36,41,7
3866316,0,943,0,40,3,2,2,1,8,28,7
3821084,0,943,0,40,2,8,2,1,69,93,7
3855065,0,943,0,40,3,3,2,1,22,23,7
3855929,0,943,0,40,2,4,2,1,17,63,7
3804223,0,943,0,40,3,12,2,1,73,35,7
3864874,1,943,924,30.3353,3,3,2,1,9,40,7
3828136,0,943,0,40,3,6,2,1,65,53,7
3851889,0,943,0,40,2,5,2,1,21,74,7
3821265,1,943,930,35.9438,2,8,2,1,69,70,7
3859906,0,943,0,40,3,3,2,1,17,22,7
3860305,0,943,0,40,3,3,2,1,19,23,7
3860683,0,943,0,40,3,3,2,1,18,53,7
3839157,0,943,0,40,2,9,2,1,31,37,7
3838210,0,943,0,40,2,8,2,1,29,45,7
3811729,0,943,0,40,3,13,2,1,75,49,7
3860877,0,943,0,40,2,4,2,1,11,48,7
3868315,0,943,0,40,2,2,2,1,8,27,7
3813914,0,943,0,40,3,10,2,1,87,34,7
3840631,0,943,0,40,2,7,2,1,36,49,7
3812379,0,943,0,40,2,13,2,1,82,11,7
3804736,0,943,0,40,3,7,2,1,36,17,7
3851498,0,943,0,40,3,6,2,1,33,54,7
3862952,0,943,0,40,2,3,2,1,16,56,7
3836360,0,943,0,40,3,8,2,1,38,23,7
3862740,0,943,0,40,3,3,2,1,15,32,7
3829997,0,943,0,40,3,9,2,1,42,44,7
3846421,0,943,0,40,2,6,2,1,34,63,7
3867554,0,943,0,40,3,2,2,1,12,43,7
3858545,0,943,0,40,2,4,2,1,19,75,7
3819129,0,943,0,40,3,11,2,1,65,27,7
3813733,0,943,0,40,3,11,2,1,80,31,7
3871295,0,943,0,40,2,1,2,1,6,32,7
3871523,0,943,0,40,2,1,2,1,6,16,7
3871551,0,943,0,40,3,1,2,1,6,23,7
3871691,0,943,0,40,2,1,2,1,6,24,7
3872005,0,943,0,40,3,1,2,1,6,80,7
3845187,0,943,0,40,3,2,2,1,51,37,7
3826829,0,943,0,40,3,5,2,1,73,23,7
3841234,0,943,0,40,3,4,2,1,53,31,7
3825071,1,943,904,40,2,5,2,1,67,24,7
3853450,0,943,0,40,2,2,2,1,31,65,7
3855845,0,943,0,40,2,2,2,1,27,68,7
3862114,0,943,0,40,3,1,2,1,24,14,7
3838416,0,943,0,40,3,5,2,1,54,94,7
3861353,0,943,0,40,2,1,2,1,23,56,7
3827995,0,943,0,40,2,8,2,1,53,119,7
3825264,0,943,0,40,2,8,2,1,59,23,7
3802593,0,943,0,40,2,11,2,1,67,31,7
3847584,0,943,0,40,2,3,2,1,40,60,7
3823209,0,943,0,40,2,10,2,1,61,42,7
3850393,0,943,0,40,2,4,2,1,32,22,7
3819735,0,943,0,40,3,13,2,1,57,19,7
3855898,0,943,0,40,2,3,2,1,29,51,7
3863816,0,943,0,40,3,1,2,1,19,48,7
3864276,0,943,0,40,3,1,2,1,19,51,7
3855099,0,943,0,40,3,3,2,1,28,28,7
3833993,0,943,0,40,2,8,2,1,51,34,7
3837740,0,943,0,40,3,6,2,1,48,29,7
3796732,0,943,0,40,2,12,2,1,108,54,7
3818678,0,943,0,40,3,9,2,1,79,58,7
3865707,0,943,0,40,3,1,2,1,17,45,7
3804344,0,943,0,40,2,9,2,1,76,69,7
3861750,0,943,0,40,3,2,2,1,18,16,7
3859297,0,943,0,40,2,2,2,1,23,34,7
3847907,0,943,0,40,3,5,2,1,30,38,7
3848279,0,943,0,40,2,4,2,1,35,102,7
3866328,0,943,0,40,2,1,2,1,16,40,7
3856505,0,943,0,40,3,3,2,1,22,53,7
3859096,0,943,0,40,2,3,2,1,18,27,7
3803218,1,943,876,40,2,8,2,1,65,47,7
3832383,0,943,0,40,2,7,2,1,56,58,7
3835389,0,943,0,40,3,6,2,1,42,47,7
3831005,0,943,0,40,3,7,2,1,51,34,7
3816972,0,943,0,40,2,10,2,1,69,74,7
3850114,0,943,0,40,2,5,2,1,33,85,7
3866996,0,943,0,40,3,1,2,1,15,29,7
3867434,0,943,0,40,3,1,2,1,15,28,7
3804070,1,943,919,31.7422,3,9,2,1,76,34,7
3860899,0,943,0,40,3,2,2,1,20,46,7
3815062,0,943,0,40,2,14,2,1,69,42,7
3861982,0,943,0,40,2,2,2,1,20,52,7
3861490,0,943,0,40,2,2,2,1,22,46,7
3832615,1,943,936,36.3229,2,8,2,1,46,68,7
3823336,0,943,0,40,3,12,2,1,54,93,7
3868010,0,943,0,40,2,1,2,1,14,33,7
3862388,0,943,0,40,2,2,2,1,15,20,7
3831286,0,943,0,40,3,7,2,1,47,66,7
3857406,0,943,0,40,3,2,2,1,25,69,7
3856989,0,943,0,40,2,3,2,1,24,38,7
3844260,0,943,0,40,2,6,2,1,35,51,7
3865077,0,943,0,40,2,2,2,1,15,33,7
3860519,0,943,0,40,3,3,2,1,20,65,7
3831973,0,943,0,40,2,9,2,1,42,20,7
3859939,0,943,0,40,3,3,2,1,19,31,7
3840790,0,943,0,40,2,7,2,1,41,57,7
3867065,0,943,0,40,3,1,2,1,13,34,7
3867655,0,943,0,40,3,1,2,1,13,34,7
3868401,0,943,0,40,2,1,2,1,13,24,7
3826415,0,943,0,40,3,10,2,1,52,52,7
3842721,0,943,0,40,2,8,2,1,31,83,7
3829127,0,943,0,40,3,6,2,1,58,39,7
3854519,0,943,0,40,2,3,2,1,26,80,7
3838836,0,943,0,40,2,7,2,1,42,31,7
3860629,0,943,0,40,3,2,2,1,16,34,7
3865745,0,943,0,40,3,2,2,1,13,28,7
3853693,0,943,0,40,2,4,2,1,26,43,7
3851095,0,943,0,40,3,4,2,1,28,55,7
3815793,0,943,0,40,3,14,2,1,69,36,7
3805703,1,943,926,22.9339,3,8,2,1,57,70,7
3867801,0,943,0,40,3,1,2,1,12,38,7
3855638,0,943,0,40,3,3,2,1,24,41,7
3852670,0,943,0,40,3,4,2,1,15,45,7
3836718,0,943,0,40,2,7,2,1,40,56,7
3830747,0,943,0,40,3,7,2,1,47,146,7
3846198,0,943,0,40,2,6,2,1,32,44,7
3848219,0,943,0,40,2,5,2,1,30,31,7
3860424,0,943,0,40,2,2,2,1,23,23,7
3843053,0,943,0,40,3,6,2,1,33,93,7
3822201,0,943,0,40,2,9,2,1,53,42,7
3842669,0,943,0,40,2,6,2,1,39,40,7
3835503,0,943,0,40,3,7,2,1,40,54,7
3844587,1,943,912,32.6815,3,6,2,1,37,90,7
3839540,0,943,0,40,3,6,2,1,45,63,7
3852850,0,943,0,40,3,5,2,1,25,32,7
3869214,0,943,0,40,2,1,2,1,11,36,7
3869560,0,943,0,40,3,1,2,1,11,72,7
3846197,0,943,0,40,2,3,2,1,36,47,7
3857050,0,943,0,40,3,3,2,1,14,46,7
3821070,0,943,0,40,3,10,2,1,67,48,7
3797294,0,943,0,40,3,11,2,1,75,85,7
3819607,0,943,0,40,2,6,2,1,73,41,7
3856361,0,943,0,40,3,3,2,1,12,32,7
3831714,0,943,0,40,2,7,2,1,52,27,7
3822917,0,943,0,40,3,8,2,1,66,27,7
3816995,0,943,0,40,2,11,2,1,67,14,7
3859672,0,943,0,40,2,4,2,1,17,32,7
3849688,0,943,0,40,2,3,2,1,37,35,7
3853617,0,943,0,40,2,4,2,1,24,63,7
3815669,0,943,0,40,2,10,2,1,74,76,7
3846261,0,943,0,40,3,5,2,1,30,130,7
3852619,0,943,0,40,2,3,2,1,30,41,7
3835103,0,943,0,40,3,8,2,1,48,41,7
3861703,0,943,0,40,3,3,2,1,16,31,7
3855437,0,943,0,40,3,4,2,1,28,39,7
3850930,0,943,0,40,3,4,2,1,28,47,7
3869072,0,943,0,40,3,2,2,1,11,41,7
3869121,0,943,0,40,2,1,2,1,10,30,7
3869493,0,943,0,40,2,1,2,1,10,75,7
3860186,0,943,0,40,2,2,2,1,12,24,7
3855912,0,943,0,40,2,2,2,1,27,28,7
3816480,1,943,936,18.3554,3,13,2,1,61,47,7
3837051,0,943,0,40,2,4,2,1,52,42,7
3860875,0,943,0,40,3,3,2,1,12,54,7
3845315,0,943,0,40,3,5,2,1,35,40,7
3859390,0,943,0,40,3,3,2,1,18,38,7
3861716,0,943,0,40,2,3,2,1,17,55,7
3835909,0,943,0,40,3,5,2,1,46,55,7
3861558,0,943,0,40,2,4,2,1,17,34,7
3826255,0,943,0,40,2,13,2,1,48,67,7
3842521,0,943,0,40,3,5,2,1,41,55,7
3845024,0,943,0,40,3,5,2,1,29,46,7
3840753,0,943,0,40,2,6,2,1,38,43,7
3843692,0,943,0,40,2,6,2,1,43,67,7
3852198,0,943,0,40,3,4,2,1,26,29,7
3866606,0,943,0,40,3,2,2,1,12,42,7
3846466,0,943,0,40,2,7,2,1,28,58,7
3858280,0,943,0,40,3,3,2,1,23,30,7
3842063,0,943,0,40,2,6,2,1,38,40,7
3855038,0,943,0,40,3,4,2,1,18,20,7
3843421,0,943,0,40,3,5,2,1,43,38,7
3833201,0,943,0,40,2,8,2,1,56,66,7
3822921,0,943,0,40,2,9,2,1,66,24,7
3867368,0,943,0,40,3,2,2,1,13,22,7
3865910,0,943,0,40,2,2,2,1,12,26,7
3843159,0,943,0,40,3,6,2,1,27,21,7
3868106,0,943,0,40,3,2,2,1,10,51,7
3827508,0,943,0,40,2,6,2,1,63,51,7
3869907,0,943,0,40,2,1,2,1,9,29,7
3870550,0,943,0,40,3,1,2,1,9,17,7
3870594,0,943,0,40,3,1,2,1,9,42,7
3851831,0,943,0,40,3,3,2,1,23,38,7
3821217,0,943,0,40,2,8,2,1,55,73,7
3831413,0,943,0,40,3,6,2,1,53,32,7
3797460,0,943,0,40,3,14,2,1,104,29,7
3867432,0,943,0,40,2,2,2,1,9,32,7
3821673,0,943,0,40,2,9,2,1,66,23,7
3816530,0,943,0,40,2,11,2,1,74,66,7
3866246,0,943,0,40,2,2,2,1,10,26,7
3846707,0,943,0,40,3,6,2,1,27,48,7
3856845,0,943,0,40,2,4,2,1,20,51,7
3862519,0,943,0,40,2,3,2,1,15,34,7
3828512,0,943,0,40,3,9,2,1,42,41,7
3857235,0,943,0,40,2,4,2,1,18,38,7
3849841,0,943,0,40,2,4,2,1,31,26,7
3859244,0,943,0,40,3,3,2,1,22,60,7
3825003,0,943,0,40,2,10,2,1,57,81,7
3854656,0,943,0,40,2,3,2,1,25,28,7
3863840,1,943,931,40,2,3,2,1,11,26,7
3826183,0,943,0,40,3,8,2,1,63,31,7
3847983,0,943,0,40,3,5,2,1,34,28,7
3853020,0,943,0,40,3,4,2,1,27,17,7
3870753,0,943,0,40,3,1,2,1,8,9,7
3870942,0,943,0,40,3,1,2,1,8,30,7
3871168,0,943,0,40,2,1,2,1,8,48,7
3871390,0,943,0,40,2,1,2,1,8,44,7
3871404,0,943,0,40,3,1,2,1,8,18,7
3863179,0,943,0,40,3,2,2,1,11,51,7
3862384,0,943,0,40,2,3,2,1,13,50,7
3808955,0,943,0,40,2,9,2,1,43,43,7
3832231,0,943,0,40,3,7,2,1,45,42,7
3821778,0,943,0,40,3,9,2,1,59,54,7
3866848,0,943,0,40,3,2,2,1,8,31,7
3852281,0,943,0,40,2,4,2,1,21,60,7
3864839,0,943,0,40,3,2,2,1,10,22,7
3839452,0,943,0,40,2,6,2,1,48,36,7
3857865,0,943,0,40,2,3,2,1,21,39,7
3826399,0,943,0,40,2,9,2,1,46,56,7
3853748,0,943,0,40,2,4,2,1,21,65,7
3858344,0,943,0,40,2,3,2,1,20,76,7
3867482,0,943,0,40,3,2,2,1,9,24,7
3819612,0,943,0,40,2,11,2,1,63,28,7
3812151,0,943,0,40,2,15,2,1,59,25,7
3858992,0,943,0,40,3,4,2,1,17,56,7
3857134,0,943,0,40,2,2,2,1,27,43,7
3837578,0,943,0,40,2,8,2,1,42,85,7
3849535,0,943,0,40,3,4,2,1,33,21,7
3852090,0,943,0,40,3,5,2,1,18,15,7
3848651,0,943,0,40,2,5,2,1,33,22,7
3858336,0,943,0,40,2,4,2,1,19,65,7
3853293,1,943,923,26.4305,3,7,2,1,24,70,7
3856058,0,943,0,40,2,4,2,1,22,46,7
3859325,0,943,0,40,2,3,2,1,22,49,7
3860613,0,943,0,40,2,3,2,1,18,76,7
3858884,0,943,0,40,3,4,2,1,19,100,7
3853349,0,943,0,40,3,4,2,1,29,23,7
3843686,0,943,0,40,2,7,2,1,31,72,7
3846112,0,943,0,40,3,4,2,1,39,46,7
3868399,0,943,0,40,3,3,2,1,10,33,7
3860869,0,943,0,40,3,4,2,1,10,88,7
3826595,0,943,0,40,3,10,2,1,54,40,7
3870819,0,943,0,40,3,1,2,1,7,24,7
3871007,0,943,0,40,3,1,2,1,7,13,7
3871291,0,943,0,40,2,1,2,1,7,29,7
3871659,0,943,0,40,3,1,2,1,7,56,7
3871715,0,943,0,40,3,1,2,1,7,49,7
3871913,0,943,0,40,3,1,2,1,7,53,7
3858320,0,943,0,40,2,2,2,1,16,44,7
3848558,0,943,0,40,2,4,2,1,29,38,7
3844079,0,943,0,40,3,7,2,1,26,46,7
3852014,0,943,0,40,3,3,2,1,23,73,7
3846340,0,943,0,40,2,4,2,1,34,33,7
3816643,0,943,0,40,2,12,2,1,80,58,7
3850312,0,943,0,40,3,4,2,1,26,31,7
3803801,0,943,0,40,2,15,2,1,62,52,7
3866705,0,943,0,40,2,2,2,1,7,54,7
3853327,0,943,0,40,2,3,2,1,27,53,7
3854276,0,943,0,40,2,4,2,1,23,71,7
3864954,0,943,0,40,2,2,2,1,13,59,7
3822722,0,943,0,40,3,10,2,1,57,45,7
3840395,0,943,0,40,2,7,2,1,34,40,7
3863719,0,943,0,40,3,3,2,1,9,24,7
3815880,0,943,0,40,2,11,2,1,73,41,7
3868664,0,943,0,40,2,2,2,1,7,45,7
3864613,0,943,0,40,3,2,2,1,14,24,7
3864286,0,943,0,40,3,3,2,1,12,43,7
3867500,0,943,0,40,3,2,2,1,10,38,7
3850483,0,943,0,40,3,7,2,1,22,64,7
3827603,0,943,0,40,3,10,2,1,53,18,7
3863203,0,943,0,40,2,3,2,1,16,47,7
3809231,0,943,0,40,3,11,2,1,105,36,7
3860020,0,943,0,40,3,3,2,1,18,49,7
3846616,0,943,0,40,3,5,2,1,32,38,7
3841750,0,943,0,40,2,7,2,1,31,18,7
3861030,0,943,0,40,3,3,2,1,19,53,7
3837896,0,943,0,40,3,9,2,1,27,42,7
3834130,0,943,0,40,2,8,2,1,40,52,7
3869489,0,943,0,40,3,2,2,1,7,42,7
3866409,0,943,0,40,2,2,2,1,12,17,7
3867463,0,943,0,40,2,2,2,1,11,48,7
3868792,1,943,936,37.8623,2,2,2,1,10,46,7
3792401,0,943,0,40,3,15,2,1,86,5,7
3851546,0,943,0,40,2,4,2,1,33,70,7
3869974,0,943,0,40,2,2,2,1,9,41,7
3866574,0,943,0,40,2,3,2,1,12,28,7
3870937,0,943,0,40,2,1,2,1,6,26,7
3871678,0,943,0,40,2,1,2,1,6,53,7
3871714,0,943,0,40,3,1,2,1,6,20,7
3872042,0,943,0,40,3,1,2,1,6,60,7
3872062,0,943,0,40,3,1,2,1,6,24,7
3872222,0,943,0,40,3,1,2,1,6,37,7
3872244,0,943,0,40,3,1,2,1,6,77,7
3872412,0,943,0,40,2,1,2,1,6,57,7
3872596,0,943,0,40,3,1,2,1,6,21,7
3852372,0,943,0,40,3,1,2,1,41,28,7
3845317,0,943,0,40,3,3,2,1,46,36,7
3844515,0,943,0,40,2,4,2,1,46,26,7
3814611,1,943,893,40,2,14,2,1,72,25,7
3829045,0,943,0,40,3,6,2,1,55,61,7
3821818,0,943,0,40,2,8,2,1,62,64,7
3833710,0,943,0,40,3,7,2,1,52,36,7
3855481,0,943,0,40,2,2,2,1,25,27,7
3859804,1,943,914,26.3575,3,2,2,1,25,66,7
3840406,0,943,0,40,2,6,2,1,39,71,7
3844159,0,943,0,40,3,6,2,1,40,82,7
3862217,0,943,0,40,3,1,2,1,22,24,7
3856943,0,943,0,40,3,3,2,1,26,25,7
3801776,0,943,0,40,3,11,2,1,86,61,7
3839407,0,943,0,40,3,5,2,1,42,42,7
3848068,0,943,0,40,2,4,2,1,34,51,7
3859795,0,943,0,40,3,2,2,1,25,22,7
3859614,0,943,0,40,2,2,2,1,26,6,7
3838994,0,943,0,40,3,7,2,1,42,51,7
3865428,0,943,0,40,2,1,2,1,19,28,7
3858133,0,943,0,40,2,3,2,1,25,34,7
3829854,0,943,0,40,2,5,2,1,64,60,7
3827388,0,943,0,40,3,11,2,1,56,66,7
3847501,0,943,0,40,2,5,2,1,34,52,7
3864266,0,943,0,40,2,1,2,1,18,72,7
3865385,0,943,0,40,2,1,2,1,18,20,7
3865909,0,943,0,40,2,1,2,1,18,43,7
3817102,0,943,0,40,2,10,2,1,66,45,7
3827094,0,943,0,40,3,8,2,1,48,44,7
3859814,0,943,0,40,2,3,2,1,19,35,7
3852089,0,943,0,40,3,4,2,1,30,47,7
3852498,0,943,0,40,3,4,2,1,27,103,7
3853510,0,943,0,40,3,2,2,1,33,24,7
3828003,0,943,0,40,3,6,2,1,60,41,7
3845919,0,943,0,40,2,5,2,1,31,51,7
3866004,0,943,0,40,2,1,2,1,17,63,7
3817022,1,943,937,40,2,11,2,1,76,34,7
3839756,0,943,0,40,2,5,2,1,40,45,7
3857320,0,943,0,40,3,3,2,1,22,38,7
3834588,0,943,0,40,2,6,2,1,58,33,7
3842986,0,943,0,40,3,7,2,1,40,47,7
3854438,0,943,0,40,2,3,2,1,23,34,7
3856314,0,943,0,40,3,3,2,1,27,39,7
3806943,0,943,0,40,3,9,2,1,71,96,7
3863655,0,943,0,40,3,2,2,1,17,80,7
3861907,0,943,0,40,2,2,2,1,20,87,7
3846003,0,943,0,40,2,4,2,1,37,29,7
3806182,0,943,0,40,2,14,2,1,79,58,7
3806573,0,943,0,40,2,7,2,1,68,75,7
3867882,0,943,0,40,2,1,2,1,15,43,7
3850904,0,943,0,40,3,4,2,1,23,35,7
3845874,0,943,0,40,3,5,2,1,37,41,7
3824134,0,943,0,40,3,8,2,1,71,34,7
3867535,0,943,0,40,3,1,2,1,14,24,7
3868197,0,943,0,40,3,1,2,1,14,47,7
3841452,0,943,0,40,3,5,2,1,36,31,7
3841047,0,943,0,40,3,7,2,1,41,46,7
3851470,0,943,0,40,3,4,2,1,35,51,7
3864395,0,943,0,40,2,2,2,1,16,57,7
3842217,0,943,0,40,3,5,2,1,41,30,7
3806310,0,943,0,40,3,11,2,1,60,48,7
3852635,0,943,0,40,2,4,2,1,24,74,7
3866534,0,943,0,40,3,2,2,1,14,49,7
3854924,0,943,0,40,2,3,2,1,26,55,7
3868856,0,943,0,40,3,1,2,1,13,40,7
3869122,0,943,0,40,3,1,2,1,13,76,7
3835437,0,943,0,40,3,6,2,1,42,28,7
3855010,0,943,0,40,2,3,2,1,28,41,7
3835524,0,943,0,40,2,5,2,1,54,40,7
3832888,0,943,0,40,2,9,2,1,43,59,7
3837549,0,943,0,40,3,5,2,1,50,61,7
3805435,0,943,0,40,3,8,2,1,47,26,7
3848313,0,943,0,40,3,3,2,1,41,49,7
3848776,0,943,0,40,2,5,2,1,33,98,7
3825153,0,943,0,40,3,11,2,1,60,40,7
3821526,0,943,0,40,3,14,2,1,51,16,7
3829095,0,943,0,40,3,6,2,1,57,31,7
3844948,0,943,0,40,2,5,2,1,33,19,7
3865573,0,943,0,40,2,2,2,1,15,37,7
3846741,0,943,0,40,3,4,2,1,39,78,7
3839352,0,943,0,40,3,6,2,1,47,35,7
3849813,0,943,0,40,3,6,2,1,24,54,7
3868292,0,943,0,40,3,1,2,1,12,38,7
3868927,0,943,0,40,3,1,2,1,12,18,7
3869586,0,943,0,40,2,1,2,1,12,28,7
3869720,0,943,0,40,2,1,2,1,12,91,7
3858199,0,943,0,40,3,3,2,1,21,24,7
3808646,0,943,0,40,2,8,2,1,50,24,7
3770264,0,943,0,40,3,18,2,1,125,22,7
3841624,1,943,926,29.4319,3,6,2,1,48,17,7
3817312,0,943,0,40,3,11,2,1,84,63,7
3856188,0,943,0,40,2,3,2,1,26,54,7
3851941,0,943,0,40,2,4,2,1,26,21,7
3851222,0,943,0,40,3,3,2,1,39,81,7
3857064,0,943,0,40,2,3,2,1,24,33,7
3855855,0,943,0,40,3,5,2,1,21,40,7
3867996,0,943,0,40,2,2,2,1,13,28,7
3851943,0,943,0,40,3,4,2,1,35,35,7
3869445,0,943,0,40,3,1,2,1,11,32,7
3870022,0,943,0,40,3,1,2,1,11,28,7
3816436,0,943,0,40,3,11,2,1,65,45,7
3839124,0,943,0,40,3,5,2,1,45,36,7
3855275,0,943,0,40,2,3,2,1,25,43,7
3849947,0,943,0,40,3,3,2,1,34,56,7
3858509,0,943,0,40,2,3,2,1,18,71,7
3804485,0,943,0,40,3,7,2,1,65,17,7
3864488,0,943,0,40,2,2,2,1,15,43,7
3863670,0,943,0,40,2,2,2,1,17,36,7
3812762,0,943,0,40,2,9,2,1,90,78,7
3866575,0,943,0,40,2,2,2,1,13,45,7
3832912,0,943,0,40,3,7,2,1,56,23,7
3866972,0,943,0,40,3,2,2,1,14,72,7
3814036,0,943,0,40,2,15,2,1,61,35,7
3870266,0,943,0,40,2,2,2,1,11,44,7
3868544,0,943,0,40,2,1,2,1,10,59,7
3869843,0,943,0,40,3,1,2,1,10,61,7
3870658,0,943,0,40,3,1,2,1,10,91,7
3863448,0,943,0,40,3,2,2,1,10,57,7
3850572,0,943,0,40,3,4,2,1,20,79,7
3802155,1,943,914,40,2,14,2,1,92,28,7
3810762,0,943,0,40,3,13,2,1,91,31,7
3849115,0,943,0,40,2,4,2,1,34,51,7
3855219,0,943,0,40,2,5,2,1,17,67,7
3862319,0,943,0,40,3,3,2,1,12,54,7
3806109,0,943,0,40,2,7,2,1,64,34,7
3808549,0,943,0,40,3,8,2,1,61,16,7
3857245,0,943,0,40,3,3,2,1,23,55,7
3865733,0,943,0,40,2,2,2,1,12,44,7
3843564,0,943,0,40,3,7,2,1,32,36,7
3863242,0,943,0,40,3,3,2,1,16,53,7
3840113,0,943,0,40,3,6,2,1,44,39,7
3823224,0,943,0,40,3,8,2,1,61,17,7
3849371,0,943,0,40,2,4,2,1,33,34,7
3861584,0,943,0,40,3,4,2,1,17,49,7
3852218,0,943,0,40,3,4,2,1,29,21,7
3862468,0,943,0,40,2,2,2,1,21,76,7
3853386,0,943,0,40,3,7,2,1,25,67,7
3848976,0,943,0,40,2,4,2,1,33,25,7
3845880,0,943,0,40,3,5,2,1,34,51,7
3816844,0,943,0,40,2,12,2,1,57,56,7
3852271,0,943,0,40,3,6,2,1,21,33,7
3868330,0,943,0,40,3,2,2,1,10,24,7
3805857,0,943,0,40,3,8,2,1,81,33,7
3848155,0,943,0,40,2,6,2,1,30,18,7
3865055,0,943,0,40,2,2,2,1,13,39,7
3869849,0,943,0,40,2,1,2,1,9,22,7
3870001,0,943,0,40,3,1,2,1,9,63,7
3870469,0,943,0,40,3,1,2,1,9,51,7
3871236,0,943,0,40,3,1,2,1,9,56,7
3871280,0,943,0,40,3,1,2,1,9,32,7
3837211,0,943,0,40,2,6,2,1,38,39,7
3822052,0,943,0,40,2,7,2,1,69,55,7
3861792,0,943,0,40,3,3,2,1,12,52,7
3860377,0,943,0,40,2,3,2,1,16,26,7
3856995,0,943,0,40,3,3,2,1,18,45,7
3856922,0,943,0,40,2,4,2,1,18,42,7
3859876,0,943,0,40,2,2,2,1,23,118,7
3838069,0,943,0,40,3,7,2,1,44,45,7
3774916,0,943,0,40,3,20,2,1,125,34,7
3861974,0,943,0,40,2,2,2,1,20,16,7
3825648,0,943,0,40,3,10,2,1,55,42,7
3859469,0,943,0,40,3,3,2,1,17,57,7
3854638,0,943,0,40,2,4,2,1,23,49,7
3843519,0,943,0,40,2,3,2,1,46,19,7
3851878,1,943,937,40,2,5,2,1,19,59,7
3849457,0,943,0,40,2,5,2,1,27,33,7
3804557,0,943,0,40,2,7,2,1,47,28,7
3836039,0,943,0,40,2,9,2,1,46,58,7
3857590,0,943,0,40,2,4,2,1,18,41,7
3849803,0,943,0,40,2,5,2,1,31,32,7
3869039,0,943,0,40,3,2,2,1,9,41,7
3836241,0,943,0,40,2,7,2,1,34,47,7
3866019,0,943,0,40,2,3,2,1,13,19,7
3826633,0,943,0,40,3,11,2,1,36,39,7
3869368,0,943,0,40,3,2,2,1,11,29,7
3871183,0,943,0,40,3,1,2,1,8,26,7
3871497,0,943,0,40,2,1,2,1,8,84,7
3855429,0,943,0,40,2,2,2,1,21,70,7
3802107,0,943,0,40,3,12,2,1,89,48,7
3862831,0,943,0,40,3,3,2,1,9,49,7
3809783,0,943,0,40,3,12,2,1,82,58,7
3835345,0,943,0,40,2,8,2,1,40,38,7
3835341,0,943,0,40,3,7,2,1,47,38,7
3859070,0,943,0,40,3,2,2,1,24,15,7
3818981,0,943,0,40,2,10,2,1,61,55,7
3868283,0,943,0,40,2,2,2,1,8,64,7
3813440,0,943,0,40,3,13,2,1,72,39,7
3841564,0,943,0,40,3,6,2,1,38,33,7
3830925,0,943,0,40,3,9,2,1,49,34,7
3838603,0,943,0,40,3,6,2,1,41,65,7
3830804,0,943,0,40,2,8,2,1,44,66,7
3804302,0,943,0,40,2,12,2,1,69,34,7
3857573,0,943,0,40,3,4,2,1,24,17,7
3849997,0,943,0,40,3,5,2,1,24,25,7
3858614,0,943,0,40,3,4,2,1,23,60,7
3866340,0,943,0,40,2,2,2,1,14,30,7
3852032,0,943,0,40,3,5,2,1,27,40,7
3773336,0,943,0,40,2,20,2,1,103,11,7
3854180,1,943,932,24.4787,3,5,2,1,19,18,7
3835199,0,943,0,40,2,8,2,1,39,61,7
3813383,0,943,0,40,3,15,2,1,77,25,7
3814461,0,943,0,40,3,13,2,1,69,60,7
3870340,0,943,0,40,3,2,2,1,9,56,7
3870029,0,943,0,40,3,1,2,1,7,44,7
3871073,0,943,0,40,2,1,2,1,7,45,7
3871449,0,943,0,40,2,1,2,1,7,42,7
3871562,0,943,0,40,3,1,2,1,7,28,7
3871898,0,943,0,40,2,1,2,1,7,37,7
3872074,0,943,0,40,2,1,2,1,7,83,7
3872112,0,943,0,40,3,1,2,1,7,32,7
3872230,0,943,0,40,3,1,2,1,7,11,7
3872480,0,943,0,40,3,1,2,1,7,45,7
3848581,0,943,0,40,2,4,2,1,26,56,7
3840301,0,943,0,40,2,5,2,1,30,35,7
3832032,0,943,0,40,3,8,2,1,52,59,7
3866561,0,943,0,40,3,2,2,1,7,46,7
3834274,0,943,0,40,3,7,2,1,47,56,7
3829023,0,943,0,40,3,8,2,1,60,18,7
3850107,0,943,0,40,2,5,2,1,19,47,7
3827705,0,943,0,40,2,11,2,1,56,58,7
3841184,0,943,0,40,3,8,2,1,27,63,7
3830611,0,943,0,40,2,7,2,1,57,62,7
3843770,0,943,0,40,2,6,2,1,30,68,7
3823940,0,943,0,40,3,10,2,1,57,29,7
3828194,0,943,0,40,2,11,2,1,43,51,7
3861889,0,943,0,40,3,3,2,1,11,78,7
3853548,0,943,0,40,3,2,2,1,34,15,7
3812182,0,943,0,40,2,12,2,1,84,34,7
3810685,0,943,0,40,2,12,2,1,95,36,7
3839340,0,943,0,40,2,6,2,1,38,51,7
3865800,0,943,0,40,2,2,2,1,12,35,7
3840745,0,943,0,40,3,5,2,1,46,19,7
3818544,0,943,0,40,2,12,2,1,71,85,7
3859215,0,943,0,40,3,3,2,1,13,55,7
3867825,1,943,937,38.3788,2,2,2,1,8,17,7
3866189,0,943,0,40,2,2,2,1,14,66,7
3843551,0,943,0,40,2,6,2,1,28,19,7
3868514,0,943,0,40,3,2,2,1,9,62,7
3825495,0,943,0,40,3,10,2,1,55,12,7
3852813,0,943,0,40,3,6,2,1,24,64,7
3863011,0,943,0,40,3,3,2,1,16,43,7
3779066,0,943,0,40,2,16,2,1,142,79,7
3854677,0,943,0,40,3,4,2,1,23,19,7
3855487,0,943,0,40,3,5,2,1,21,64,7
3858372,0,943,0,40,3,4,2,1,14,37,7
3869557,0,943,0,40,3,2,2,1,8,23,7
3829722,0,943,0,40,3,8,2,1,47,33,7
3837870,0,943,0,40,3,9,2,1,39,40,7
3847525,0,943,0,40,3,5,2,1,34,22,7
3837039,0,943,0,40,2,6,2,1,49,30,7
3867477,0,943,0,40,3,2,2,1,10,65,7
3866435,0,943,0,40,2,3,2,1,11,69,7
3836176,0,943,0,40,3,5,2,1,55,54,7
3867484,0,943,0,40,2,2,2,1,14,65,7
3831534,0,943,0,40,2,7,2,1,56,43,7
3854377,0,943,0,40,2,5,2,1,15,27,7
3842141,0,943,0,40,3,5,2,1,38,60,7
3870989,0,943,0,40,3,1,2,1,6,59,7
3871229,0,943,0,40,3,1,2,1,6,67,7
3871680,0,943,0,40,3,1,2,1,6,44,7
3872475,0,943,0,40,2,1,2,1,6,21,7
3872579,0,943,0,40,2,1,2,1,6,70,7
3872741,0,943,0,40,3,1,2,1,6,59,7
3872783,0,943,0,40,3,1,2,1,6,57,7
3872815,0,943,0,40,3,1,2,1,6,38,7
3872931,0,943,0,40,3,1,2,1,6,53,7
3872965,0,943,0,40,3,1,2,1,6,71,7
3873095,0,943,0,40,3,1,2,1,6,37,7
3836452,0,943,0,40,3,4,2,1,58,47,7
3803625,0,943,0,40,3,7,2,1,78,35,7
3816635,0,943,0,40,2,10,2,1,76,59,7
3859043,0,943,0,40,3,1,2,1,29,53,7
3860870,0,943,0,40,3,1,2,1,28,48,7
3858774,0,943,0,40,3,2,2,1,30,36,7
3846201,0,943,0,40,2,3,2,1,47,55,7
3841197,0,943,0,40,2,6,2,1,47,54,7
3859001,0,943,0,40,2,2,2,1,25,36,7
3855480,0,943,0,40,2,3,2,1,28,45,7
3863780,0,943,0,40,3,1,2,1,20,64,7
3834715,0,943,0,40,3,9,2,1,45,77,7
3834771,0,943,0,40,3,8,2,1,49,64,7
3847524,0,943,0,40,2,3,2,1,38,54,7
3842839,0,943,0,40,3,5,2,1,36,43,7
3858830,0,943,0,40,2,2,2,1,29,25,7
3835379,0,943,0,40,2,7,2,1,40,32,7
3843273,0,943,0,40,2,4,2,1,38,27,7
3812550,0,943,0,40,2,9,2,1,88,50,7
3862790,0,943,0,40,2,2,2,1,21,86,7
3853695,0,943,0,40,2,3,2,1,29,59,7
3859288,0,943,0,40,3,2,2,1,28,105,7
3866611,0,943,0,40,3,1,2,1,17,48,7
3862610,0,943,0,40,3,2,2,1,21,28,7
3855146,0,943,0,40,3,3,2,1,33,8,7
3807868,0,943,0,40,2,9,2,1,87,87,7
3857211,0,943,0,40,2,4,2,1,23,20,7
3867227,0,943,0,40,2,1,2,1,16,65,7
3867982,0,943,0,40,3,1,2,1,16,51,7
3844369,0,943,0,40,2,5,2,1,35,70,7
3857585,0,943,0,40,2,2,2,1,28,17,7
3850216,0,943,0,40,2,5,2,1,30,50,7
3850056,0,943,0,40,2,4,2,1,40,44,7
3859631,0,943,0,40,2,3,2,1,20,34,7
3861352,0,943,0,40,2,3,2,1,22,88,7
3806751,0,943,0,40,3,12,2,1,67,15,7
3864306,0,943,0,40,3,1,2,1,15,44,7
3836185,0,943,0,40,3,7,2,1,46,51,7
3853474,0,943,0,40,3,4,2,1,21,70,7
3859550,0,943,0,40,3,3,2,1,22,48,7
3813038,0,943,0,40,2,13,2,1,83,45,7
3841008,0,943,0,40,3,5,2,1,42,41,7
3861067,0,943,0,40,3,3,2,1,23,30,7
3836562,0,943,0,40,3,5,2,1,43,31,7
3836040,0,943,0,40,2,7,2,1,48,83,7
3864596,0,943,0,40,3,2,2,1,15,30,7
3861334,0,943,0,40,2,3,2,1,18,103,7
3855940,0,943,0,40,2,2,2,1,32,50,7
3842451,0,943,0,40,3,4,2,1,47,67,7
3838273,0,943,0,40,3,4,2,1,52,74,7
3831385,0,943,0,40,2,10,2,1,45,45,7
3868815,0,943,0,40,3,1,2,1,13,43,7
3869302,0,943,0,40,2,1,2,1,13,34,7
3869340,0,943,0,40,2,1,2,1,13,56,7
3821783,0,943,0,40,3,11,2,1,48,40,7
3819700,0,943,0,40,2,10,2,1,79,79,7
3860294,0,943,0,40,2,2,2,1,22,25,7
3865676,0,943,0,40,2,2,2,1,13,62,7
3865144,0,943,0,40,3,2,2,1,17,55,7
3851317,0,943,0,40,2,4,2,1,23,24,7
3851022,0,943,0,40,3,3,2,1,42,49,7
3846297,0,943,0,40,2,7,2,1,29,47,7
3867921,0,943,0,40,3,1,2,1,12,81,7
3869745,0,943,0,40,3,1,2,1,12,42,7
3870094,0,943,0,40,2,1,2,1,12,22,7
3870202,0,943,0,40,2,1,2,1,12,101,7
3854567,0,943,0,40,2,4,2,1,27,31,7
3857742,0,943,0,40,2,3,2,1,21,58,7
3858170,0,943,0,40,2,4,2,1,18,50,7
3864439,0,943,0,40,2,3,2,1,14,45,7
3850629,0,943,0,40,2,6,2,1,25,35,7
3863098,0,943,0,40,2,3,2,1,15,33,7
3848081,0,943,0,40,2,4,2,1,38,83,7
3859090,0,943,0,40,3,3,2,1,21,70,7
3834903,0,943,0,40,2,6,2,1,38,52,7
3859613,0,943,0,40,2,3,2,1,20,36,7
3860199,0,943,0,40,3,4,2,1,16,79,7
3822727,0,943,0,40,2,10,2,1,64,71,7
3817473,0,943,0,40,2,10,2,1,72,101,7
3839400,0,943,0,40,2,5,2,1,46,22,7
3831124,0,943,0,40,2,9,2,1,49,39,7
3846036,0,943,0,40,2,7,2,1,27,50,7
3862240,0,943,0,40,3,3,2,1,20,44,7
3825258,0,943,0,40,3,8,2,1,53,36,7
3870618,0,943,0,40,3,1,2,1,11,135,7
3851365,0,943,0,40,2,4,2,1,30,65,7
3839250,1,943,922,40,2,7,2,1,41,32,7
3829850,0,943,0,40,2,7,2,1,51,36,7
3844240,0,943,0,40,3,4,2,1,41,50,7
3810122,0,943,0,40,2,11,2,1,88,28,7
3840392,0,943,0,40,2,5,2,1,46,61,7
3852562,0,943,0,40,3,4,2,1,31,84,7
3844888,0,943,0,40,2,7,2,1,35,59,7
3854420,0,943,0,40,3,3,2,1,32,68,7
3849718,0,943,0,40,2,6,2,1,31,57,7
3838115,0,943,0,40,3,10,2,1,35,42,7
3869183,0,943,0,40,2,2,2,1,11,51,7
3859319,0,943,0,40,3,2,2,1,27,36,7
3868132,0,943,0,40,2,2,2,1,12,54,7
3869993,0,943,0,40,3,1,2,1,10,43,7
3806188,0,943,0,40,2,13,2,1,68,52,7
3839558,0,943,0,40,2,6,2,1,32,19,7
3813276,1,943,901,40,3,10,2,1,81,46,7
3863903,0,943,0,40,3,2,2,1,17,35,7
3843204,0,943,0,40,2,6,2,1,36,31,7
3853692,0,943,0,40,3,5,2,1,23,21,7
3832187,0,943,0,40,2,7,2,1,53,15,7
3843608,0,943,0,40,2,6,2,1,36,29,7
3858671,0,943,0,40,2,4,2,1,17,25,7
3850553,0,943,0,40,3,5,2,1,37,91,7
3837001,0,943,0,40,3,7,2,1,44,31,7
3857966,0,943,0,40,3,3,2,1,22,35,7
3826219,0,943,0,40,2,11,2,1,58,56,7
3858960,0,943,0,40,2,4,2,1,19,38,7
3840377,0,943,0,40,3,5,2,1,50,67,7
3862123,0,943,0,40,2,3,2,1,22,35,7
3871363,0,943,0,40,2,1,2,1,9,73,7
3871565,0,943,0,40,2,1,2,1,9,79,7
3872021,0,943,0,40,2,1,2,1,9,44,7
3827737,0,943,0,40,3,9,2,1,48,43,7
3834551,0,943,0,40,3,8,2,1,42,54,7
3848373,0,943,0,40,2,6,2,1,25,46,7
3857089,0,943,0,40,3,3,2,1,25,47,7
3835603,0,943,0,40,3,6,2,1,42,15,7
3836137,0,943,0,40,2,9,2,1,40,41,7
3863200,0,943,0,40,3,2,2,1,19,41,7
3858912,0,943,0,40,2,3,2,1,23,26,7
3865111,0,943,0,40,3,2,2,1,11,27,7
3858755,0,943,0,40,3,3,2,1,23,68,7
3816905,0,943,0,40,3,10,2,1,76,64,7
3831623,0,943,0,40,3,8,2,1,59,26,7
3836269,0,943,0,40,3,7,2,1,44,29,7
3853066,0,943,0,40,2,4,2,1,23,42,7
3813326,0,943,0,40,2,13,2,1,74,61,7
3803874,0,943,0,40,3,8,2,1,56,74,7
3835687,1,943,905,40,2,7,2,1,46,40,7
3815672,0,943,0,40,2,11,2,1,80,36,7
3869079,0,943,0,40,3,2,2,1,11,51,7
3854212,0,943,0,40,2,4,2,1,30,21,7
3858829,0,943,0,40,3,3,2,1,24,37,7
3857155,0,943,0,40,3,4,2,1,20,31,7
3870639,0,943,0,40,2,1,2,1,8,41,7
3872534,0,943,0,40,2,1,2,1,8,26,7
3844627,0,943,0,40,2,6,2,1,23,31,7
3828414,1,943,898,31.8378,3,8,2,1,50,27,7
3863930,0,943,0,40,3,2,2,1,16,47,7
3866433,0,943,0,40,2,2,2,1,10,53,7
3841863,0,943,0,40,2,7,2,1,39,22,7
3827744,0,943,0,40,3,7,2,1,56,22,7
3857427,0,943,0,40,2,4,2,1,24,34,7
3843858,0,943,0,40,2,8,2,1,29,47,7
3806975,0,943,0,40,2,10,2,1,55,27,7
3858648,0,943,0,40,2,3,2,1,24,26,7
3815796,1,943,932,36.0616,2,10,2,1,81,25,7
3813608,0,943,0,40,2,11,2,1,84,83,7
3808334,0,943,0,40,2,12,2,1,110,61,7
3866529,0,943,0,40,3,2,2,1,13,50,7
3822734,0,943,0,40,2,12,2,1,53,31,7
3842528,0,943,0,40,2,6,2,1,43,66,7
3870792,0,943,0,40,3,2,2,1,8,56,7
3841185,0,943,0,40,2,3,2,1,54,56,7
3842075,0,943,0,40,3,6,2,1,40,30,7
3837432,0,943,0,40,2,7,2,1,44,28,7
3856794,0,943,0,40,2,5,2,1,24,15,7
3831292,0,943,0,40,2,6,2,1,63,33,7
3833139,0,943,0,40,2,7,2,1,47,30,7
3857699,0,943,0,40,2,4,2,1,24,38,7
3857328,0,943,0,40,3,5,2,1,20,35,7
3871528,0,943,0,40,3,1,2,1,7,60,7
3871952,0,943,0,40,2,1,2,1,7,70,7
3872275,0,943,0,40,3,1,2,1,7,94,7
3872555,0,943,0,40,2,1,2,1,7,26,7
3872611,0,943,0,40,2,1,2,1,7,22,7
3872821,0,943,0,40,3,1,2,1,7,37,7
3859532,0,943,0,40,3,3,2,1,17,56,7
3852626,0,943,0,40,2,4,2,1,29,52,7
3848885,0,943,0,40,3,4,2,1,33,58,7
3861793,0,943,0,40,3,2,2,1,14,45,7
3836458,0,943,0,40,3,10,2,1,33,36,7
3861870,1,943,930,20.5107,3,3,2,1,16,79,7
3846797,1,943,920,40,2,8,2,1,25,79,7
3846777,0,943,0,40,3,5,2,1,39,33,7
3866290,0,943,0,40,3,2,2,1,12,60,7
3835132,0,943,0,40,2,8,2,1,39,42,7
3868695,0,943,0,40,2,2,2,1,7,43,7
3850708,0,943,0,40,3,5,2,1,22,81,7
3868438,0,943,0,40,2,2,2,1,9,27,7
3818383,0,943,0,40,2,11,2,1,87,26,7
3856512,0,943,0,40,3,4,2,1,20,32,7
3864563,0,943,0,40,2,3,2,1,12,41,7
3823659,0,943,0,40,2,10,2,1,59,40,7
3798038,0,943,0,40,2,10,2,1,72,71,7
3816490,0,943,0,40,2,11,2,1,83,13,7
3828608,0,943,0,40,3,9,2,1,54,11,7
3867417,0,943,0,40,3,2,2,1,13,32,7
3820280,0,943,0,40,3,9,2,1,77,42,7
3821876,0,943,0,40,3,14,2,1,39,30,7
3802983,0,943,0,40,3,17,2,1,75,15,7
3871333,0,943,0,40,2,1,2,1,6,45,7
3872429,0,943,0,40,2,1,2,1,6,28,7
3872746,0,943,0,40,2,1,2,1,6,15,7
3873310,0,943,0,40,3,1,2,1,6,55,7
3873470,0,943,0,40,3,1,2,1,6,29,7
3873538,0,943,0,40,2,1,2,1,6,38,7
3873584,0,943,0,40,3,1,2,1,6,57,7
3873700,0,943,0,40,3,1,2,1,6,84,7
3843463,0,943,0,40,2,2,2,1,47,54,7
3806187,0,943,0,40,3,7,2,1,56,91,7
3860269,0,943,0,40,2,1,2,1,30,24,7
3861037,0,943,0,40,2,1,2,1,26,32,7
3803880,0,943,0,40,3,8,2,1,96,44,7
3816934,0,943,0,40,2,8,2,1,80,33,7
3847028,0,943,0,40,2,5,2,1,38,30,7
3852099,0,943,0,40,3,4,2,1,31,36,7
3842747,1,943,907,33.1918,3,4,2,1,51,33,7
3852822,0,943,0,40,3,3,2,1,38,42,7
3829888,0,943,0,40,2,8,2,1,56,24,7
3857780,0,943,0,40,2,3,2,1,23,17,7
3866054,0,943,0,40,3,1,2,1,18,13,7
3854047,0,943,0,40,2,3,2,1,32,26,7
3852768,1,943,922,40,2,5,2,1,24,33,7
3795690,0,943,0,40,2,14,2,1,102,55,7
3839850,0,943,0,40,2,6,2,1,52,23,7
3846240,0,943,0,40,2,2,2,1,51,15,7
3856807,0,943,0,40,3,3,2,1,29,38,7
3819540,0,943,0,40,2,9,2,1,57,28,7
3842001,0,943,0,40,3,4,2,1,50,37,7
3864097,0,943,0,40,3,3,2,1,16,40,7
3803877,0,943,0,40,2,8,2,1,72,22,7
3835430,0,943,0,40,2,7,2,1,50,30,7
3859946,0,943,0,40,2,4,2,1,18,38,7
3828942,0,943,0,40,2,9,2,1,54,48,7
3868584,0,943,0,40,3,1,2,1,13,35,7
3870074,0,943,0,40,2,1,2,1,13,69,7
3841525,0,943,0,40,3,4,2,1,51,28,7
3841491,0,943,0,40,2,4,2,1,47,26,7
3854181,0,943,0,40,2,3,2,1,33,58,7
3818830,0,943,0,40,2,12,2,1,47,11,7
3828127,0,943,0,40,2,10,2,1,48,26,7
3845354,0,943,0,40,2,7,2,1,31,74,7
3845906,0,943,0,40,3,7,2,1,32,37,7
3832590,0,943,0,40,2,7,2,1,41,17,7
3869687,0,943,0,40,2,1,2,1,12,38,7
3870327,0,943,0,40,2,1,2,1,12,37,7
3870576,0,943,0,40,3,1,2,1,12,50,7
3863447,0,943,0,40,2,2,2,1,18,12,7
3819177,1,943,904,40,2,10,2,1,56,17,7
3834272,0,943,0,40,2,7,2,1,43,53,7
3852419,0,943,0,40,3,5,2,1,24,32,7
3866097,0,943,0,40,2,2,2,1,17,72,7
3849591,0,943,0,40,2,5,2,1,28,19,7
3863802,0,943,0,40,3,2,2,1,17,84,7
3841375,0,943,0,40,2,6,2,1,37,46,7
3835809,0,943,0,40,3,7,2,1,41,79,7
3838710,0,943,0,40,3,6,2,1,41,26,7
3844623,1,943,916,24.8406,3,7,2,1,38,45,7
3860830,0,943,0,40,3,4,2,1,17,31,7
3833741,0,943,0,40,3,12,2,1,41,123,7
3855305,0,943,0,40,3,6,2,1,19,72,7
3869877,0,943,0,40,2,1,2,1,10,32,7
3870859,0,943,0,40,2,1,2,1,10,29,7
3871267,0,943,0,40,2,1,2,1,10,32,7
3871717,0,943,0,40,3,1,2,1,10,35,7
3854272,0,943,0,40,3,4,2,1,19,23,7
3828399,0,943,0,40,2,9,2,1,52,33,7
3840564,0,943,0,40,3,4,2,1,45,26,7
3827504,1,943,939,23.5014,3,10,2,1,38,40,7
3842957,0,943,0,40,2,7,2,1,39,14,7
3830538,0,943,0,40,3,8,2,1,52,57,7
3851042,0,943,0,40,3,6,2,1,27,49,7
3822738,0,943,0,40,2,10,2,1,56,51,7
3818815,0,943,0,40,2,10,2,1,62,39,7
3858563,0,943,0,40,3,5,2,1,21,3,7
3866061,0,943,0,40,2,2,2,1,17,46,7
3863629,0,943,0,40,2,3,2,1,17,49,7
3851290,0,943,0,40,3,5,2,1,34,55,7
3839803,0,943,0,40,2,7,2,1,34,32,7
3868741,0,943,0,40,3,1,2,1,9,57,7
3872282,0,943,0,40,2,1,2,1,9,23,7
3860941,0,943,0,40,2,2,2,1,18,25,7
3849721,1,943,902,40,2,5,2,1,24,71,7
3867440,0,943,0,40,2,2,2,1,12,44,7
3824226,0,943,0,40,3,9,2,1,55,36,7
3865334,0,943,0,40,2,3,2,1,13,88,7
3864441,1,943,939,37.4257,2,3,2,1,14,74,7
3796985,0,943,0,40,2,14,2,1,104,50,7
3840827,0,943,0,40,3,7,2,1,47,56,7
3832114,0,943,0,40,3,10,2,1,44,22,7
3869113,0,943,0,40,2,2,2,1,11,30,7
3847092,1,943,935,21.5019,3,6,2,1,37,41,7
3872845,0,943,0,40,2,1,2,1,8,67,7
3873121,0,943,0,40,2,1,2,1,8,19,7
3864374,0,943,0,40,3,3,2,1,11,87,7
3832659,0,943,0,40,3,7,2,1,39,33,7
3835926,0,943,0,40,2,10,2,1,33,25,7
3833806,0,943,0,40,3,7,2,1,54,75,7
3799147,0,943,0,40,3,18,2,1,76,36,7
3849085,0,943,0,40,3,5,2,1,24,54,7
3847037,0,943,0,40,3,4,2,1,42,48,7
3856663,0,943,0,40,2,5,2,1,21,38,7
3843611,0,943,0,40,2,7,2,1,34,38,7
3838726,1,943,924,40,2,6,2,1,49,65,7
3835997,0,943,0,40,2,8,2,1,41,46,7
3872149,0,943,0,40,3,1,2,1,7,35,7
3872774,0,943,0,40,2,1,2,1,7,29,7
3873682,0,943,0,40,3,1,2,1,7,22,7
3861598,0,943,0,40,3,3,2,1,18,41,7
3830217,0,943,0,40,3,9,2,1,61,25,7
3869689,0,943,0,40,2,2,2,1,7,40,7
3854643,0,943,0,40,2,3,2,1,23,31,7
3831228,0,943,0,40,3,9,2,1,47,43,7
3829089,0,943,0,40,3,6,2,1,56,10,7
3813087,0,943,0,40,3,14,2,1,63,66,7
3834617,1,943,915,26.3897,3,6,2,1,49,26,7
3816180,0,943,0,40,2,10,2,1,79,58,7
3851817,0,943,0,40,2,6,2,1,23,52,7
3854427,0,943,0,40,3,4,2,1,24,69,7
3826384,0,943,0,40,3,12,2,1,55,27,7
3851727,0,943,0,40,3,4,2,1,30,46,7
3855049,1,943,912,38.7281,3,5,2,1,25,44,7
3872628,0,943,0,40,2,1,2,1,6,56,7
3873802,0,943,0,40,2,1,2,1,6,24,7
3874114,0,943,0,40,3,1,2,1,6,13,7
3841873,0,943,0,40,3,5,2,1,43,22,7
3860033,0,943,0,40,2,2,2,1,24,37,7
3848428,0,943,0,40,3,4,2,1,36,28,7
3818547,0,943,0,40,2,11,2,1,77,66,7
3851802,0,943,0,40,3,6,2,1,27,31,7
3856806,0,943,0,40,2,2,2,1,30,67,7
3869975,0,943,0,40,2,1,2,1,13,41,7
3817643,0,943,0,40,2,13,2,1,67,37,7
3850420,0,943,0,40,3,4,2,1,29,44,7
3861355,0,943,0,40,3,3,2,1,21,63,7
3869363,0,943,0,40,3,1,2,1,11,59,7
3871163,0,943,0,40,3,1,2,1,11,55,7
3829538,0,943,0,40,2,11,2,1,58,57,7
3815734,0,943,0,40,2,10,2,1,76,29,7
3858515,0,943,0,40,2,3,2,1,25,71,7
3845212,0,943,0,40,3,6,2,1,29,27,7
3872629,0,943,0,40,3,1,2,1,9,26,7
3872997,0,943,0,40,3,1,2,1,9,53,7
3854243,0,943,0,40,3,6,2,1,26,36,7
3873246,0,943,0,40,3,1,2,1,8,45,7
3848559,0,943,0,40,3,4,2,1,34,69,7
3841669,0,943,0,40,2,7,2,1,39,43,7
3838631,1,943,930,16.0588,3,7,2,1,46,57,7
3874144,0,943,0,40,3,1,2,1,7,40,7
3851938,0,943,0,40,3,5,2,1,28,41,7
3870775,0,943,0,40,2,0,2,1,5,53,7
3871484,0,943,0,40,3,0,2,1,5,46,7
3871772,0,943,0,40,3,0,2,1,5,80,7
3871964,0,943,0,40,2,0,2,1,5,55,7
3872185,0,943,0,40,2,0,2,1,5,25,7
3872249,0,943,0,40,3,0,2,1,5,29,7
3872313,0,943,0,40,3,0,2,1,5,95,7
3872377,0,943,0,40,3,0,2,1,5,42,7
3872656,0,943,0,40,2,0,2,1,5,104,7
3872784,0,943,0,40,2,0,2,1,5,27,7
3872816,0,943,0,40,3,0,2,1,5,39,7
3872848,0,943,0,40,2,0,2,1,5,18,7
3872912,0,943,0,40,2,0,2,1,5,45,7
3872944,0,943,0,40,3,0,2,1,5,81,7
3872976,0,943,0,40,2,0,2,1,5,99,7
3873072,0,943,0,40,2,0,2,1,5,65,7
3873104,0,943,0,40,3,0,2,1,5,40,7
3873193,0,943,0,40,2,0,2,1,5,46,7
3873209,0,943,0,40,2,0,2,1,5,24,7
3873241,0,943,0,40,2,0,2,1,5,40,7
3873289,0,943,0,40,2,0,2,1,5,91,7
3873337,0,943,0,40,2,0,2,1,5,74,7
3873353,0,943,0,40,2,0,2,1,5,25,7
3873385,0,943,0,40,3,0,2,1,5,58,7
3873401,0,943,0,40,2,0,2,1,5,36,7
3873417,0,943,0,40,2,0,2,1,5,90,7
3873449,0,943,0,40,2,0,2,1,5,66,7
3873465,0,943,0,40,3,0,2,1,5,72,7
3873481,0,943,0,40,3,0,2,1,5,28,7
3873505,0,943,0,40,2,0,2,1,5,40,7
3873569,0,943,0,40,2,0,2,1,5,34,7
3873609,0,943,0,40,3,0,2,1,5,22,7
3873625,0,943,0,40,3,0,2,1,5,45,7
3873673,0,943,0,40,2,0,2,1,5,49,7
3873689,0,943,0,40,2,0,2,1,5,33,7
3873705,0,943,0,40,3,0,2,1,5,49,7
3873721,0,943,0,40,2,0,2,1,5,57,7
3873733,0,943,0,40,3,0,2,1,5,80,7
3873741,0,943,0,40,3,0,2,1,5,12,7
3873765,0,943,0,40,3,0,2,1,5,53,7
3873773,0,943,0,40,2,0,2,1,5,67,7
3873781,0,943,0,40,3,0,2,1,5,85,7
3873813,0,943,0,40,2,0,2,1,5,69,7
3873821,0,943,0,40,3,0,2,1,5,40,7
3873829,0,943,0,40,3,0,2,1,5,18,7
3873845,0,943,0,40,3,0,2,1,5,28,7
3873853,0,943,0,40,2,0,2,1,5,87,7
3873861,0,943,0,40,3,0,2,1,5,87,7
3873869,0,943,0,40,3,0,2,1,5,15,7
3873893,0,943,0,40,2,0,2,1,5,22,7
3873901,0,943,0,40,3,0,2,1,5,50,7
3873909,0,943,0,40,2,0,2,1,5,64,7
3873917,0,943,0,40,2,0,2,1,5,61,7
3873933,0,943,0,40,3,0,2,1,5,47,7
3873949,0,943,0,40,3,0,2,1,5,62,7
3873981,0,943,0,40,2,0,2,1,5,91,7
3873997,0,943,0,40,2,0,2,1,5,36,7
3874013,0,943,0,40,3,0,2,1,5,39,7
3874021,0,943,0,40,2,0,2,1,5,30,7
3874029,0,943,0,40,3,0,2,1,5,42,7
3874069,0,943,0,40,2,0,2,1,5,25,7
3874077,0,943,0,40,2,0,2,1,5,15,7
3874085,0,943,0,40,2,0,2,1,5,42,7
3874093,0,943,0,40,2,0,2,1,5,26,7
3874109,0,943,0,40,2,0,2,1,5,64,7
3874117,0,943,0,40,3,0,2,1,5,21,7
3874125,0,943,0,40,3,0,2,1,5,47,7
3874133,0,943,0,40,2,0,2,1,5,33,7
3874141,0,943,0,40,3,0,2,1,5,31,7
3874157,0,943,0,40,3,0,2,1,5,85,7
3874165,0,943,0,40,2,0,2,1,5,56,7
3874189,0,943,0,40,3,0,2,1,5,35,7
3874213,0,943,0,40,2,0,2,1,5,54,7
3874221,0,943,0,40,3,0,2,1,5,24,7
3874229,0,943,0,40,2,0,2,1,5,24,7
3874251,0,943,0,40,2,0,2,1,5,42,7
3874255,0,943,0,40,2,0,2,1,5,102,7
3874263,0,943,0,40,3,0,2,1,5,38,7
3874267,0,943,0,40,3,0,2,1,5,39,7
3874283,0,943,0,40,3,0,2,1,5,74,7
3874287,0,943,0,40,2,0,2,1,5,72,7
3874295,0,943,0,40,2,0,2,1,5,33,7
3874299,0,943,0,40,3,0,2,1,5,18,7
3874303,0,943,0,40,3,0,2,1,5,108,7
3874307,0,943,0,40,2,0,2,1,5,39,7
3874311,0,943,0,40,3,0,2,1,5,75,7
3874315,0,943,0,40,2,0,2,1,5,16,7
3874323,0,943,0,40,2,0,2,1,5,43,7
3874327,0,943,0,40,2,0,2,1,5,68,7
3874331,0,943,0,40,3,0,2,1,5,32,7
3874335,0,943,0,40,3,0,2,1,5,58,7
3874347,0,943,0,40,2,0,2,1,5,41,7
3874351,0,943,0,40,3,0,2,1,5,94,7
3874355,0,943,0,40,2,0,2,1,5,31,7
3874363,0,943,0,40,2,0,2,1,5,26,7
3874371,0,943,0,40,3,0,2,1,5,42,7
3874375,0,943,0,40,3,0,2,1,5,46,7
3874387,0,943,0,40,2,0,2,1,5,18,7
3874391,0,943,0,40,2,0,2,1,5,30,7
3874395,0,943,0,40,3,0,2,1,5,23,7
3874399,0,943,0,40,2,0,2,1,5,47,7
3874403,0,943,0,40,2,0,2,1,5,36,7
3874407,0,943,0,40,3,0,2,1,5,70,7
3874411,0,943,0,40,2,0,2,1,5,45,7
3874415,0,943,0,40,2,0,2,1,5,45,7
3874423,0,943,0,40,2,0,2,1,5,45,7
3874431,0,943,0,40,3,0,2,1,5,47,7
3874439,0,943,0,40,3,0,2,1,5,46,7
3874455,0,943,0,40,3,0,2,1,5,69,7
3874467,0,943,0,40,2,0,2,1,5,35,7
3874471,0,943,0,40,3,0,2,1,5,20,7
3874475,0,943,0,40,3,0,2,1,5,65,7
3874483,0,943,0,40,3,0,2,1,5,21,7
3874487,0,943,0,40,3,0,2,1,5,58,7
3874515,0,943,0,40,2,0,2,1,5,13,7
3874519,0,943,0,40,2,0,2,1,5,49,7
3874523,0,943,0,40,2,0,2,1,5,35,7
3874531,0,943,0,40,3,0,2,1,5,40,7
3874535,0,943,0,40,3,0,2,1,5,45,7
3874547,0,943,0,40,2,0,2,1,5,18,7
3874551,0,943,0,40,3,0,2,1,5,123,7
3874563,0,943,0,40,3,0,2,1,5,63,7
3874567,0,943,0,40,2,0,2,1,5,45,7
3874579,0,943,0,40,3,0,2,1,5,43,7
3874591,0,943,0,40,3,0,2,1,5,35,7
3874595,0,943,0,40,3,0,2,1,5,31,7
3874603,0,943,0,40,3,0,2,1,5,68,7
3874607,0,943,0,40,2,0,2,1,5,79,7
3874615,0,943,0,40,2,0,2,1,5,31,7
3874619,0,943,0,40,3,0,2,1,5,57,7
3874627,0,943,0,40,2,0,2,1,5,51,7
3874635,0,943,0,40,2,0,2,1,5,33,7
3874643,0,943,0,40,3,0,2,1,5,65,7
3874655,0,943,0,40,3,0,2,1,5,22,7
3874659,0,943,0,40,2,0,2,1,5,29,7
3874663,0,943,0,40,2,0,2,1,5,30,7
3874667,0,943,0,40,2,0,2,1,5,54,7
3874675,0,943,0,40,3,0,2,1,5,46,7
3874687,0,943,0,40,2,0,2,1,5,55,7
3874691,0,943,0,40,3,0,2,1,5,42,7
3874699,0,943,0,40,3,0,2,1,5,41,7
3874711,0,943,0,40,3,0,2,1,5,29,7
3874715,0,943,0,40,2,0,2,1,5,26,7
3874719,0,943,0,40,3,0,2,1,5,26,7
3874731,0,943,0,40,2,0,2,1,5,48,7
3874735,0,943,0,40,3,0,2,1,5,67,7
3874739,0,943,0,40,3,0,2,1,5,41,7
3874743,0,943,0,40,3,0,2,1,5,66,7
3874747,0,943,0,40,3,0,2,1,5,18,7
3874751,0,943,0,40,3,0,2,1,5,71,7
3874759,0,943,0,40,2,0,2,1,5,40,7
3874763,0,943,0,40,3,0,2,1,5,41,7
3874767,0,943,0,40,3,0,2,1,5,46,7
3874775,0,943,0,40,3,0,2,1,5,31,7
3874779,0,943,0,40,3,0,2,1,5,51,7
3874786,0,943,0,40,2,0,2,1,5,42,7
3874788,0,943,0,40,2,0,2,1,5,38,7
3874790,0,943,0,40,3,0,2,1,5,76,7
3874794,0,943,0,40,2,0,2,1,5,37,7
3874796,0,943,0,40,2,0,2,1,5,17,7
3874800,0,943,0,40,3,0,2,1,5,34,7
3874806,0,943,0,40,2,0,2,1,5,61,7
3874810,0,943,0,40,2,0,2,1,5,59,7
3874812,0,943,0,40,2,0,2,1,5,37,7
3874814,0,943,0,40,3,0,2,1,5,22,7
3874816,0,943,0,40,3,0,2,1,5,24,7
3874818,0,943,0,40,3,0,2,1,5,81,7
3874820,0,943,0,40,3,0,2,1,5,23,7
3874824,0,943,0,40,2,0,2,1,5,30,7
3874828,0,943,0,40,3,0,2,1,5,34,7
3874832,0,943,0,40,2,0,2,1,5,51,7
3874834,0,943,0,40,2,0,2,1,5,53,7
3874840,0,943,0,40,2,0,2,1,5,19,7
3874844,0,943,0,40,2,0,2,1,5,46,7
3874846,0,943,0,40,2,0,2,1,5,47,7
3874848,0,943,0,40,3,0,2,1,5,21,7
3874852,0,943,0,40,3,0,2,1,5,17,7
3874854,0,943,0,40,3,0,2,1,5,48,7
3874858,0,943,0,40,2,0,2,1,5,71,7
3874860,0,943,0,40,2,0,2,1,5,51,7
3874862,0,943,0,40,3,0,2,1,5,32,7
3874864,0,943,0,40,3,0,2,1,5,33,7
3874866,0,943,0,40,2,0,2,1,5,70,7
3874872,0,943,0,40,2,0,2,1,5,22,7
3874876,0,943,0,40,3,0,2,1,5,35,7
3874878,0,943,0,40,2,0,2,1,5,29,7
3874882,0,943,0,40,3,0,2,1,5,32,7
3874888,0,943,0,40,2,0,2,1,5,39,7
3874890,0,943,0,40,3,0,2,1,5,57,7
3874892,0,943,0,40,2,0,2,1,5,13,7
3874896,0,943,0,40,2,0,2,1,5,70,7
3874900,0,943,0,40,3,0,2,1,5,29,7
3874902,0,943,0,40,2,0,2,1,5,33,7
3874904,0,943,0,40,3,0,2,1,5,81,7
3874906,0,943,0,40,3,0,2,1,5,28,7
3874910,0,943,0,40,2,0,2,1,5,34,7
3874914,0,943,0,40,2,0,2,1,5,46,7
3874918,0,943,0,40,3,0,2,1,5,78,7
3874922,0,943,0,40,2,0,2,1,5,17,7
3874924,0,943,0,40,2,0,2,1,5,51,7
3874926,0,943,0,40,2,0,2,1,5,84,7
3874930,0,943,0,40,3,0,2,1,5,38,7
3874934,0,943,0,40,3,0,2,1,5,15,7
3874936,0,943,0,40,2,0,2,1,5,63,7
3874938,0,943,0,40,3,0,2,1,5,32,7
3874942,0,943,0,40,3,0,2,1,5,29,7
3874952,0,943,0,40,3,0,2,1,5,69,7
3874958,0,943,0,40,3,0,2,1,5,34,7
3874960,0,943,0,40,2,0,2,1,5,71,7
3874962,0,943,0,40,2,0,2,1,5,73,7
3874966,0,943,0,40,3,0,2,1,5,16,7
3874968,0,943,0,40,3,0,2,1,5,16,7
3874970,0,943,0,40,3,0,2,1,5,73,7
3874972,0,943,0,40,3,0,2,1,5,59,7
3874974,0,943,0,40,3,0,2,1,5,48,7
3874976,0,943,0,40,3,0,2,1,5,27,7
3874978,0,943,0,40,2,0,2,1,5,48,7
3874980,0,943,0,40,3,0,2,1,5,47,7
3874982,0,943,0,40,2,0,2,1,5,29,7
3874986,0,943,0,40,2,0,2,1,5,30,7
3874988,0,943,0,40,2,0,2,1,5,68,7
3874990,0,943,0,40,2,0,2,1,5,34,7
3874992,0,943,0,40,2,0,2,1,5,42,7
3874996,0,943,0,40,2,0,2,1,5,50,7
3875006,0,943,0,40,3,0,2,1,5,19,7
3875008,0,943,0,40,3,0,2,1,5,30,7
3875010,0,943,0,40,2,0,2,1,5,53,7
3875014,0,943,0,40,3,0,2,1,5,77,7
3875016,0,943,0,40,3,0,2,1,5,78,7
3875018,0,943,0,40,3,0,2,1,5,41,7
3875022,0,943,0,40,3,0,2,1,5,38,7
3875028,0,943,0,40,2,0,2,1,5,33,7
3875030,0,943,0,40,2,0,2,1,5,30,7
3875032,0,943,0,40,2,0,2,1,5,46,7
3875034,0,943,0,40,3,0,2,1,5,35,7
3875042,0,943,0,40,3,0,2,1,5,53,7
3875048,0,943,0,40,3,0,2,1,5,43,7
3875054,0,943,0,40,3,0,2,1,5,45,7
3875056,0,943,0,40,3,0,2,1,5,27,7
3875058,0,943,0,40,3,0,2,1,5,22,7
3875062,0,943,0,40,2,0,2,1,5,41,7
3875066,0,943,0,40,3,0,2,1,5,56,7
3875068,0,943,0,40,2,0,2,1,5,57,7
3875070,0,943,0,40,2,0,2,1,5,27,7
3875074,0,943,0,40,3,0,2,1,5,49,7
3875076,0,943,0,40,3,0,2,1,5,64,7
3875078,0,943,0,40,3,0,2,1,5,40,7
3875082,0,943,0,40,3,0,2,1,5,18,7
3875084,0,943,0,40,3,0,2,1,5,63,7
3875086,0,943,0,40,3,0,2,1,5,30,7
3875090,0,943,0,40,2,0,2,1,5,42,7
3875092,0,943,0,40,2,0,2,1,5,33,7
3875100,0,943,0,40,2,0,2,1,5,98,7
3875104,0,943,0,40,3,0,2,1,5,26,7
3875106,0,943,0,40,2,0,2,1,5,41,7
3875110,0,943,0,40,3,0,2,1,5,33,7
3875112,0,943,0,40,3,0,2,1,5,30,7
3875122,0,943,0,40,2,0,2,1,5,51,7
3875124,0,943,0,40,2,0,2,1,5,28,7
3875126,0,943,0,40,2,0,2,1,5,82,7
3875128,0,943,0,40,3,0,2,1,5,33,7
3875132,0,943,0,40,2,0,2,1,5,73,7
3875136,0,943,0,40,3,0,2,1,5,33,7
3875138,0,943,0,40,3,0,2,1,5,32,7
3875146,0,943,0,40,2,0,2,1,5,89,7
3875150,0,943,0,40,3,0,2,1,5,30,7
3875158,0,943,0,40,3,0,2,1,5,45,7
3875162,0,943,0,40,2,0,2,1,5,47,7
3875164,0,943,0,40,3,0,2,1,5,51,7
3875166,0,943,0,40,3,0,2,1,5,39,7
3875168,0,943,0,40,3,0,2,1,5,17,7
3875170,0,943,0,40,2,0,2,1,5,56,7
3875174,0,943,0,40,2,0,2,1,5,35,7
3875178,0,943,0,40,2,0,2,1,5,20,7
3875182,0,943,0,40,3,0,2,1,5,45,7
3875184,0,943,0,40,3,0,2,1,5,49,7
3875192,0,943,0,40,2,0,2,1,5,29,7
3875194,0,943,0,40,2,0,2,1,5,73,7
3875198,0,943,0,40,3,0,2,1,5,16,7
3875200,0,943,0,40,3,0,2,1,5,59,7
3875202,0,943,0,40,3,0,2,1,5,48,7
3875206,0,943,0,40,3,0,2,1,5,75,7
3875210,0,943,0,40,3,0,2,1,5,92,7
3875212,0,943,0,40,2,0,2,1,5,50,7
3875214,0,943,0,40,2,0,2,1,5,75,7
3875218,0,943,0,40,3,0,2,1,5,38,7
3875222,0,943,0,40,2,0,2,1,5,23,7
3875226,0,943,0,40,3,0,2,1,5,20,7
3875228,0,943,0,40,3,0,2,1,5,52,7
3875230,0,943,0,40,2,0,2,1,5,38,7
3875232,0,943,0,40,2,0,2,1,5,19,7
3875238,0,943,0,40,2,0,2,1,5,46,7
3875240,0,943,0,40,2,0,2,1,5,50,7
3875242,0,943,0,40,2,0,2,1,5,78,7
3875244,0,943,0,40,2,0,2,1,5,38,7
3875250,0,943,0,40,3,0,2,1,5,55,7
3875252,0,943,0,40,3,0,2,1,5,24,7
3875254,0,943,0,40,2,0,2,1,5,42,7
3875256,0,943,0,40,3,0,2,1,5,22,7
3875260,0,943,0,40,3,0,2,1,5,51,7
3875270,0,943,0,40,2,0,2,1,5,9,7
3875280,0,943,0,40,3,0,2,1,5,67,7
3798155,0,943,0,40,3,8,2,1,69,15,7
3865424,0,943,0,40,2,1,2,1,7,52,7
3857158,0,943,0,40,2,2,2,1,11,36,7
3863610,0,943,0,40,3,1,2,1,11,72,7
3854291,0,943,0,40,3,3,2,1,21,54,7
3845686,0,943,0,40,3,5,2,1,28,37,7
3815426,0,943,0,40,3,7,2,1,84,37,7
3853156,0,943,0,40,3,3,2,1,22,24,7
3846076,0,943,0,40,2,3,2,1,31,33,7
3829974,0,943,0,40,2,7,2,1,48,28,7
3851318,0,943,0,40,3,4,2,1,17,30,7
3845163,0,943,0,40,3,6,2,1,36,45,7
3827491,0,943,0,40,2,8,2,1,47,35,7
3829279,0,943,0,40,3,9,2,1,46,20,7
3810819,0,943,0,40,3,6,2,1,99,19,7
3824488,0,943,0,40,2,4,2,1,63,31,7
3863384,0,943,0,40,3,1,2,1,15,22,7
3854104,0,943,0,40,2,3,2,1,18,30,7
3856137,0,943,0,40,2,2,2,1,15,70,7
3864542,0,943,0,40,3,1,2,1,12,55,7
3845902,0,943,0,40,2,4,2,1,24,61,7
3840665,0,943,0,40,3,7,2,1,24,42,7
3850367,0,943,0,40,3,4,2,1,25,38,7
3848955,0,943,0,40,3,5,2,1,28,50,7
3818915,0,943,0,40,2,11,2,1,66,38,7
3862366,0,943,0,40,2,2,2,1,10,35,7
3813865,1,943,875,40,3,10,2,1,71,19,7
3862166,0,943,0,40,2,1,2,1,18,15,7
3861525,0,943,0,40,3,1,2,1,16,45,7
3804007,0,943,0,40,3,10,2,1,71,51,7
3864445,0,943,0,40,2,1,2,1,14,40,7
3808423,0,943,0,40,3,14,2,1,85,55,7
3864619,0,943,0,40,2,1,2,1,11,41,7
3827752,0,943,0,40,3,7,2,1,39,28,7
3858291,0,943,0,40,3,2,2,1,17,23,7
3827114,0,943,0,40,2,9,2,1,53,31,7
3861316,0,943,0,40,2,2,2,1,11,56,7
3816024,0,943,0,40,3,8,2,1,75,45,7
3837963,0,943,0,40,3,7,2,1,37,46,7
3867780,0,943,0,40,2,1,2,1,8,70,7
3853317,0,943,0,40,2,3,2,1,20,43,7
3861650,0,943,0,40,3,2,2,1,15,58,7
3816429,0,943,0,40,3,11,2,1,81,63,7
3858564,0,943,0,40,3,2,2,1,17,21,7
3847712,0,943,0,40,3,4,2,1,28,20,7
3852737,0,943,0,40,3,3,2,1,25,65,7
3862918,0,943,0,40,3,3,2,1,11,73,7
3856125,0,943,0,40,2,2,2,1,13,38,7
3850685,0,943,0,40,3,4,2,1,22,45,7
3856501,0,943,0,40,2,4,2,1,16,67,7
3860666,0,943,0,40,2,3,2,1,9,61,7
3837775,0,943,0,40,2,8,2,1,46,23,7
3843192,0,943,0,40,3,6,2,1,27,78,7
3692408,0,943,0,40,2,37,2,1,243,34,7
3844477,0,943,0,40,3,3,2,1,40,68,7
3837906,0,943,0,40,3,7,2,1,41,40,7
3843013,0,943,0,40,2,5,2,1,34,45,7
3842997,0,943,0,40,2,4,2,1,40,30,7
3863673,0,943,0,40,2,1,2,1,16,26,7
3856523,0,943,0,40,2,3,2,1,21,60,7
3835232,0,943,0,40,3,6,2,1,43,98,7
3854973,0,943,0,40,2,3,2,1,23,23,7
3850791,0,943,0,40,2,4,2,1,28,61,7
3846353,0,943,0,40,3,4,2,1,32,73,7
3846439,0,943,0,40,3,5,2,1,23,18,7
3861448,0,943,0,40,2,2,2,1,18,44,7
3823939,0,943,0,40,3,10,2,1,47,74,7
3826164,0,943,0,40,3,10,2,1,56,72,7
3844002,0,943,0,40,2,6,2,1,33,29,7
3865900,0,943,0,40,2,1,2,1,11,32,7
3847224,0,943,0,40,2,3,2,1,32,44,7
3810724,0,943,0,40,2,14,2,1,71,73,7
3823365,0,943,0,40,2,10,2,1,52,78,7
3864181,0,943,0,40,3,2,2,1,14,62,7
3858798,0,943,0,40,2,2,2,1,16,94,7
3802458,0,943,0,40,3,8,2,1,37,24,7
3864580,0,943,0,40,3,2,2,1,12,42,7
3866002,0,943,0,40,3,1,2,1,9,43,7
3867972,0,943,0,40,2,1,2,1,9,57,7
3766286,0,943,0,40,2,13,2,1,122,30,7
3866805,0,943,0,40,3,1,2,1,8,48,7
3844504,0,943,0,40,2,5,2,1,28,30,7
3853684,0,943,0,40,3,4,2,1,17,45,7
3858200,0,943,0,40,3,2,2,1,20,56,7
3826847,0,943,0,40,3,10,2,1,46,36,7
3812199,0,943,0,40,3,13,2,1,74,57,7
3868230,0,943,0,40,2,1,2,1,7,40,7
3869066,0,943,0,40,2,1,2,1,7,39,7
3840821,0,943,0,40,2,5,2,1,33,61,7
3817185,0,943,0,40,3,11,2,1,61,72,7
3801598,0,943,0,40,3,12,2,1,75,41,7
3805788,1,943,932,30.8171,3,10,2,1,62,19,7
3868164,0,943,0,40,3,1,2,1,6,27,7
3828848,0,943,0,40,3,9,2,1,43,53,7
3838289,0,943,0,40,2,6,2,1,30,41,7
3854864,0,943,0,40,2,4,2,1,14,55,7
3868889,0,943,0,40,2,1,2,1,5,171,7
3870232,0,943,0,40,3,1,2,1,5,39,7
3845048,0,943,0,40,2,3,2,1,40,25,7
3800312,0,943,0,40,2,7,2,1,78,17,7
3848714,0,943,0,40,3,3,2,1,31,33,7
3859970,0,943,0,40,3,1,2,1,22,35,7
3841126,1,943,916,40,2,4,2,1,46,65,7
3849571,1,943,900,40,3,3,2,1,34,16,7
3836198,0,943,0,40,2,6,2,1,40,52,7
3863605,0,943,0,40,3,1,2,1,17,37,7
3855091,0,943,0,40,2,2,2,1,20,21,7
3813367,0,943,0,40,2,11,2,1,73,13,7
3806595,0,943,0,40,3,7,2,1,48,47,7
3810723,0,943,0,40,2,14,2,1,90,33,7
3833046,0,943,0,40,3,6,2,1,43,18,7
3850723,0,943,0,40,2,3,2,1,31,42,7
3826586,1,943,904,40,2,6,2,1,57,25,7
3859442,0,943,0,40,3,3,2,1,17,27,7
3856537,0,943,0,40,2,2,2,1,27,26,7
3865445,0,943,0,40,2,1,2,1,13,31,7
3866237,0,943,0,40,3,1,2,1,13,79,7
3832704,0,943,0,40,3,3,2,1,60,32,7
3832588,0,943,0,40,3,7,2,1,42,58,7
3837754,2,943,0,40,3,6,2,1,44,52,7
3866378,0,943,0,40,2,1,2,1,12,40,7
3830448,0,943,0,40,2,7,2,1,59,69,7
3859352,0,943,0,40,2,2,2,1,22,44,7
3853208,0,943,0,40,2,3,2,1,22,101,7
3866603,0,943,0,40,3,1,2,1,11,37,7
3859014,0,943,0,40,2,2,2,1,19,89,7
3848211,1,943,916,33.4938,3,5,2,1,30,30,7
3852177,1,943,909,40,2,4,2,1,23,59,7
3841230,0,943,0,40,2,6,2,1,27,85,7
3866995,0,943,0,40,3,1,2,1,10,21,7
3856203,0,943,0,40,2,3,2,1,17,38,7
3862755,0,943,0,40,3,2,2,1,10,38,7
3865665,0,943,0,40,2,2,2,1,11,89,7
3867241,0,943,0,40,3,1,2,1,9,43,7
3868003,0,943,0,40,2,1,2,1,9,69,7
3820033,0,943,0,40,3,8,2,1,65,14,7
3846772,0,943,0,40,2,3,2,1,33,19,7
3863052,0,943,0,40,3,2,2,1,11,25,7
3828805,0,943,0,40,2,10,2,1,41,54,7
3842909,0,943,0,40,3,6,2,1,34,70,7
3838367,0,943,0,40,2,8,2,1,37,84,7
3867022,0,943,0,40,2,2,2,1,9,44,7
3868082,0,943,0,40,2,1,2,1,8,65,7
3868874,0,943,0,40,3,1,2,1,8,35,7
3860121,0,943,0,40,3,2,2,1,15,40,7
3834310,0,943,0,40,3,6,2,1,46,43,7
3854121,0,943,0,40,2,3,2,1,24,41,7
3838918,0,943,0,40,2,6,2,1,43,29,7
3823115,0,943,0,40,2,11,2,1,62,67,7
3806012,0,943,0,40,3,8,2,1,55,27,7
3865331,0,943,0,40,2,2,2,1,9,45,7
3807234,0,943,0,40,2,11,2,1,59,25,7
3867700,0,943,0,40,3,2,2,1,9,62,7
3869306,0,943,0,40,3,1,2,1,7,47,7
3806346,0,943,0,40,3,11,2,1,68,34,7
3802807,0,943,0,40,3,8,2,1,70,50,7
3845087,0,943,0,40,2,5,2,1,20,26,7
3796321,0,943,0,40,2,13,2,1,70,33,7
3851618,0,943,0,40,2,4,2,1,22,64,7
3811095,0,943,0,40,2,13,2,1,78,60,7
3863412,0,943,0,40,3,2,2,1,16,29,7
3869341,0,943,0,40,2,1,2,1,6,32,7
3870312,0,943,0,40,2,1,2,1,6,50,7
3769822,0,943,0,40,3,15,2,1,119,26,7
3826593,0,943,0,40,2,9,2,1,45,43,7
3865804,0,943,0,40,3,2,2,1,6,38,7
3856820,0,943,0,40,2,3,2,1,22,56,7
3816393,0,943,0,40,2,11,2,1,59,78,7
3867003,0,943,0,40,3,2,2,1,6,48,7
3862905,0,943,0,40,3,2,2,1,11,108,7
3811091,0,943,0,40,3,14,2,1,73,49,7
3856591,0,943,0,40,3,4,2,1,16,37,7
3863642,0,943,0,40,3,3,2,1,13,42,7
3854236,0,943,0,40,2,4,2,1,22,61,7
3870007,0,943,0,40,2,1,2,1,5,18,7
3870410,0,943,0,40,3,1,2,1,5,17,7
3870804,0,943,0,40,3,1,2,1,5,47,7
3846823,0,943,0,40,3,2,2,1,41,72,7
3857197,0,943,0,40,3,1,2,1,29,66,7
3823497,0,943,0,40,3,8,2,1,60,58,7
3807853,0,943,0,40,3,9,2,1,56,86,7
3856833,0,943,0,40,3,2,2,1,23,38,7
3842971,0,943,0,40,3,4,2,1,39,28,7
3860961,0,943,0,40,3,1,2,1,21,28,7
3838144,0,943,0,40,2,5,2,1,43,46,7
3851808,0,943,0,40,3,3,2,1,30,61,7
3848844,0,943,0,40,2,3,2,1,30,43,7
3829877,0,943,0,40,2,7,2,1,48,14,7
3844619,0,943,0,40,3,4,2,1,35,24,7
3862959,0,943,0,40,2,1,2,1,18,108,7
3858382,0,943,0,40,2,2,2,1,19,38,7
3864277,0,943,0,40,3,1,2,1,17,40,7
3855455,0,943,0,40,2,3,2,1,23,86,7
3853494,0,943,0,40,3,3,2,1,25,9,7
3847631,0,943,0,40,2,4,2,1,37,86,7
3822167,0,943,0,40,3,10,2,1,66,52,7
3818117,0,943,0,40,3,9,2,1,69,34,7
3857758,0,943,0,40,3,3,2,1,19,19,7
3864382,0,943,0,40,3,1,2,1,15,106,7
3837572,0,943,0,40,2,5,2,1,41,20,7
3851916,0,943,0,40,3,3,2,1,28,39,7
3852333,0,943,0,40,3,4,2,1,27,52,7
3843965,0,943,0,40,2,4,2,1,45,99,7
3866093,0,943,0,40,3,1,2,1,14,23,7
3814852,0,943,0,40,3,11,2,1,75,65,7
3834407,0,943,0,40,3,7,2,1,44,14,7
3843497,0,943,0,40,3,7,2,1,32,68,7
3866072,0,943,0,40,2,1,2,1,13,55,7
3866436,0,943,0,40,3,1,2,1,13,59,7
3806400,0,943,0,40,3,11,2,1,58,82,7
3844221,0,943,0,40,3,5,2,1,34,118,7
3846144,0,943,0,40,3,4,2,1,40,26,7
3829035,0,943,0,40,2,8,2,1,37,33,7
3830146,0,943,0,40,2,6,2,1,55,26,7
3862904,0,943,0,40,2,2,2,1,16,39,7
3804297,0,943,0,40,2,7,2,1,62,45,7
3866856,0,943,0,40,3,1,2,1,12,30,7
3831020,0,943,0,40,2,10,2,1,48,43,7
3853055,0,943,0,40,2,4,2,1,24,74,7
3853696,0,943,0,40,2,5,2,1,23,58,7
3860014,0,943,0,40,3,2,2,1,20,67,7
3864765,0,943,0,40,3,2,2,1,13,45,7
3862788,0,943,0,40,2,3,2,1,16,64,7
3829321,0,943,0,40,2,7,2,1,44,40,7
3840568,0,943,0,40,3,4,2,1,43,51,7
3807048,0,943,0,40,2,10,2,1,64,52,7
3811978,0,943,0,40,2,13,2,1,73,92,7
3816294,0,943,0,40,2,10,2,1,82,17,7
3820980,0,943,0,40,2,9,2,1,65,76,7
3834998,0,943,0,40,3,6,2,1,47,27,7
3868163,0,943,0,40,3,1,2,1,10,70,7
3868625,0,943,0,40,3,1,2,1,10,58,7
3806431,0,943,0,40,2,11,2,1,69,24,7
3846586,0,943,0,40,2,7,2,1,24,18,7
3826402,0,943,0,40,2,8,2,1,54,19,7
3829006,1,943,934,40,2,7,2,1,56,45,7
3829670,0,943,0,40,3,8,2,1,48,80,7
3855178,0,943,0,40,2,4,2,1,21,68,7
3866101,0,943,0,40,3,2,2,1,10,48,7
3845771,0,943,0,40,2,6,2,1,31,45,7
3861063,0,943,0,40,3,2,2,1,20,73,7
3847089,0,943,0,40,2,4,2,1,29,27,7
3814441,0,943,0,40,3,10,2,1,80,102,7
3868720,0,943,0,40,2,1,2,1,9,35,7
3869048,0,943,0,40,3,1,2,1,9,82,7
3808824,0,943,0,40,2,13,2,1,88,41,7
3846457,0,943,0,40,2,5,2,1,27,90,7
3850497,0,943,0,40,3,3,2,1,31,36,7
3848160,0,943,0,40,2,6,2,1,26,31,7
3829989,0,943,0,40,3,7,2,1,53,42,7
3849161,0,943,0,40,3,5,2,1,22,43,7
3860326,0,943,0,40,2,2,2,1,20,46,7
3852753,1,943,924,40,2,4,2,1,28,13,7
3869218,0,943,0,40,3,1,2,1,8,40,7
3869366,0,943,0,40,3,1,2,1,8,89,7
3808260,0,943,0,40,2,12,2,1,95,24,7
3813894,0,943,0,40,3,12,2,1,69,11,7
3861719,0,943,0,40,3,2,2,1,14,68,7
3865042,0,943,0,40,3,2,2,1,10,24,7
3865490,0,943,0,40,2,2,2,1,9,55,7
3822011,0,943,0,40,3,9,2,1,67,40,7
3832214,0,943,0,40,2,7,2,1,48,48,7
3860174,0,943,0,40,2,2,2,1,18,26,7
3865525,0,943,0,40,2,2,2,1,10,36,7
3846120,0,943,0,40,3,6,2,1,22,33,7
3858521,0,943,0,40,2,3,2,1,19,52,7
3805544,0,943,0,40,2,9,2,1,76,84,7
3822846,0,943,0,40,3,13,2,1,53,33,7
3827293,1,943,921,31.8655,3,9,2,1,48,49,7
3858691,1,943,929,40,2,3,2,1,18,86,7
3843657,0,943,0,40,3,7,2,1,30,27,7
3862949,0,943,0,40,2,3,2,1,12,53,7
3848929,1,943,931,33.3076,2,5,2,1,26,37,7
3868649,0,943,0,40,2,1,2,1,7,26,7
3869265,0,943,0,40,3,1,2,1,7,30,7
3870106,0,943,0,40,2,1,2,1,7,75,7
3844487,0,943,0,40,3,4,2,1,30,45,7
3840191,0,943,0,40,2,6,2,1,24,58,7
3848851,1,943,925,30.995,3,4,2,1,22,31,7
3863093,0,943,0,40,2,2,2,1,11,20,7
3843029,0,943,0,40,2,6,2,1,33,55,7
3855796,0,943,0,40,3,5,2,1,16,82,7
3845303,0,943,0,40,3,7,2,1,26,57,7
3807310,0,943,0,40,2,8,2,1,51,44,7
3865564,0,943,0,40,2,2,2,1,11,35,7
3830015,0,943,0,40,3,10,2,1,47,38,7
3825268,0,943,0,40,2,9,2,1,37,31,7
3865670,0,943,0,40,3,2,2,1,7,62,7
3849345,0,943,0,40,2,5,2,1,26,65,7
3869575,0,943,0,40,2,1,2,1,6,73,7
3869951,0,943,0,40,3,1,2,1,6,41,7
3870438,0,943,0,40,3,1,2,1,6,81,7
3870562,0,943,0,40,2,1,2,1,6,74,7
3870790,0,943,0,40,3,1,2,1,6,17,7
3863497,0,943,0,40,2,2,2,1,7,49,7
3809278,0,943,0,40,2,12,2,1,94,27,7
3856231,0,943,0,40,3,4,2,1,13,60,7
3861549,0,943,0,40,3,2,2,1,10,92,7
3829750,0,943,0,40,3,8,2,1,50,50,7
3834296,0,943,0,40,2,7,2,1,42,44,7
3808187,0,943,0,40,3,9,2,1,34,49,7
3804218,0,943,0,40,3,12,2,1,75,16,7
3866415,0,943,0,40,2,2,2,1,8,58,7
3847214,0,943,0,40,2,7,2,1,24,32,7
3842467,0,943,0,40,3,4,2,1,45,65,7
3857907,0,943,0,40,2,5,2,1,17,49,7
3867435,0,943,0,40,2,2,2,1,8,25,7
3848364,0,943,0,40,2,5,2,1,22,80,7
3868732,0,943,0,40,3,2,2,1,6,19,7
3850524,0,943,0,40,3,5,2,1,27,54,7
3837312,0,943,0,40,2,6,2,1,41,69,7
3868866,0,943,0,40,3,2,2,1,7,37,7
3856395,0,943,0,40,3,4,2,1,22,19,7
3863599,0,943,0,40,2,3,2,1,9,35,7
3869825,0,943,0,40,2,1,2,1,5,26,7
3870073,0,943,0,40,3,1,2,1,5,35,7
3870657,0,943,0,40,3,1,2,1,5,57,7
3871020,0,943,0,40,3,1,2,1,5,48,7
3871180,0,943,0,40,3,1,2,1,5,49,7
3849848,0,943,0,40,2,1,2,1,43,17,7
3834664,0,943,0,40,3,5,2,1,52,37,7
3837503,0,943,0,40,2,3,2,1,49,39,7
3811058,0,943,0,40,2,11,2,1,93,39,7
3814406,1,943,897,40,2,10,2,1,74,93,7
3850313,0,943,0,40,3,4,2,1,26,54,7
3826796,0,943,0,40,2,8,2,1,60,47,7
3860454,0,943,0,40,2,2,2,1,22,24,7
3824369,0,943,0,40,3,8,2,1,66,24,7
3850361,0,943,0,40,3,3,2,1,34,27,7
3840247,0,943,0,40,3,4,2,1,53,24,7
3862386,0,943,0,40,2,2,2,1,20,62,7
3822420,0,943,0,40,2,7,2,1,69,21,7
3864515,0,943,0,40,2,1,2,1,18,51,7
3801909,0,943,0,40,2,9,2,1,69,41,7
3853063,0,943,0,40,2,3,2,1,32,26,7
3824085,0,943,0,40,3,8,2,1,62,25,7
3775177,0,943,0,40,2,15,2,1,115,68,7
3836007,0,943,0,40,3,6,2,1,46,53,7
3864968,0,943,0,40,3,1,2,1,17,33,7
3843747,0,943,0,40,2,5,2,1,30,10,7
3861794,0,943,0,40,3,2,2,1,18,54,7
3865186,0,943,0,40,3,1,2,1,16,20,7
3865470,0,943,0,40,2,1,2,1,16,77,7
3832490,0,943,0,40,2,7,2,1,53,73,7
3827337,0,943,0,40,2,10,2,1,53,31,7
3841247,0,943,0,40,2,6,2,1,42,30,7
3811007,0,943,0,40,3,15,2,1,83,11,7
3835463,0,943,0,40,2,7,2,1,41,41,7
3865181,0,943,0,40,2,1,2,1,15,53,7
3858617,0,943,0,40,3,2,2,1,22,62,7
3856813,0,943,0,40,2,3,2,1,24,50,7
3852391,0,943,0,40,3,4,2,1,25,30,7
3854326,0,943,0,40,3,3,2,1,24,29,7
3854499,1,943,923,31.9344,3,4,2,1,21,22,7
3833039,0,943,0,40,3,6,2,1,50,54,7
3828997,0,943,0,40,2,9,2,1,39,49,7
3858099,0,943,0,40,3,2,2,1,22,70,7
3813525,0,943,0,40,2,11,2,1,74,26,7
3861423,0,943,0,40,3,2,2,1,18,26,7
3845118,1,943,907,40,2,6,2,1,27,58,7
3810536,0,943,0,40,2,12,2,1,88,19,7
3866771,0,943,0,40,2,1,2,1,13,56,7
3867362,0,943,0,40,2,1,2,1,13,71,7
3854033,0,943,0,40,2,3,2,1,26,41,7
3842671,0,943,0,40,3,4,2,1,37,61,7
3851414,0,943,0,40,2,3,2,1,30,56,7
3865667,0,943,0,40,2,2,2,1,13,45,7
3866935,0,943,0,40,2,1,2,1,12,12,7
3790843,0,943,0,40,3,7,2,1,82,26,7
3838633,0,943,0,40,3,6,2,1,38,28,7
3856976,0,943,0,40,3,3,2,1,17,34,7
3835449,0,943,0,40,3,7,2,1,48,45,7
3805572,0,943,0,40,2,8,2,1,82,68,7
3859162,0,943,0,40,3,3,2,1,20,52,7
3821535,0,943,0,40,2,9,2,1,55,26,7
3867831,0,943,0,40,3,1,2,1,11,45,7
3868523,0,943,0,40,2,1,2,1,11,29,7
3848143,0,943,0,40,2,4,2,1,22,24,7
3851627,0,943,0,40,3,3,2,1,28,74,7
3834114,0,943,0,40,3,4,2,1,48,41,7
3861787,0,943,0,40,3,2,2,1,15,139,7
3844383,0,943,0,40,2,5,2,1,28,38,7
3825254,0,943,0,40,3,9,2,1,48,42,7
3844447,0,943,0,40,3,7,2,1,27,19,7
3806563,0,943,0,40,2,8,2,1,39,84,7
3854612,0,943,0,40,3,4,2,1,15,96,7
3857023,0,943,0,40,3,3,2,1,25,71,7
3832415,0,943,0,40,3,6,2,1,46,68,7
3863748,0,943,0,40,3,2,2,1,15,29,7
3865583,0,943,0,40,2,1,2,1,10,115,7
3868374,0,943,0,40,3,1,2,1,10,34,7
3868840,0,943,0,40,2,1,2,1,10,71,7
3869034,0,943,0,40,2,1,2,1,10,39,7
3863040,0,943,0,40,3,2,2,1,13,31,7
3858776,0,943,0,40,2,3,2,1,21,53,7
3857052,0,943,0,40,2,4,2,1,13,45,7
3855482,0,943,0,40,3,3,2,1,25,33,7
3860295,0,943,0,40,2,3,2,1,17,21,7
3827454,0,943,0,40,2,11,2,1,49,43,7
3838468,0,943,0,40,2,7,2,1,28,33,7
3851605,0,943,0,40,3,4,2,1,23,84,7
3843841,0,943,0,40,2,5,2,1,31,42,7
3819770,0,943,0,40,2,10,2,1,71,21,7
3868819,0,943,0,40,3,1,2,1,9,23,7
3869276,0,943,0,40,3,1,2,1,9,34,7
3850164,0,943,0,40,3,2,2,1,31,27,7
3810439,0,943,0,40,2,10,2,1,82,90,7
3804770,1,943,920,34.9681,3,11,2,1,68,38,7
3851225,0,943,0,40,3,4,2,1,25,89,7
3824058,0,943,0,40,3,7,2,1,66,20,7
3810611,0,943,0,40,3,13,2,1,83,37,7
3849895,0,943,0,40,3,4,2,1,32,57,7
3857623,0,943,0,40,2,3,2,1,19,21,7
3841538,0,943,0,40,2,5,2,1,40,29,7
3828995,0,943,0,40,3,11,2,1,50,38,7
3838638,0,943,0,40,3,9,2,1,36,34,7
3867000,0,943,0,40,2,2,2,1,10,34,7
3863956,0,943,0,40,3,3,2,1,14,54,7
3794735,0,943,0,40,2,13,2,1,67,24,7
3857201,0,943,0,40,2,4,2,1,19,84,7
3844099,0,943,0,40,3,7,2,1,32,45,7
3860797,0,943,0,40,2,3,2,1,16,29,7
3868376,0,943,0,40,2,1,2,1,8,61,7
3869725,0,943,0,40,3,1,2,1,8,79,7
3870030,0,943,0,40,2,1,2,1,8,44,7
3820665,0,943,0,40,2,9,2,1,53,46,7
3855438,0,943,0,40,2,4,2,1,15,50,7
3854086,0,943,0,40,2,3,2,1,22,83,7
3854030,0,943,0,40,2,4,2,1,15,75,7
3832478,0,943,0,40,2,9,2,1,37,36,7
3838425,0,943,0,40,3,6,2,1,34,53,7
3822960,0,943,0,40,2,8,2,1,61,33,7
3862813,0,943,0,40,3,3,2,1,11,27,7
3846661,0,943,0,40,3,6,2,1,33,27,7
3833639,0,943,0,40,2,7,2,1,45,16,7
3865174,0,943,0,40,2,2,2,1,12,15,7
3837945,0,943,0,40,2,6,2,1,41,47,7
3839056,0,943,0,40,2,5,2,1,48,35,7
3804478,0,943,0,40,2,12,2,1,48,48,7
3860006,0,943,0,40,2,4,2,1,13,44,7
3864453,0,943,0,40,3,3,2,1,11,76,7
3856103,0,943,0,40,2,4,2,1,17,58,7
3836381,0,943,0,40,2,7,2,1,42,55,7
3859066,0,943,0,40,3,5,2,1,16,51,7
3858942,0,943,0,40,2,4,2,1,15,36,7
3867873,0,943,0,40,3,1,2,1,7,14,7
3868765,0,943,0,40,3,1,2,1,7,43,7
3870119,0,943,0,40,3,1,2,1,7,64,7
3870223,0,943,0,40,2,1,2,1,7,45,7
3870378,0,943,0,40,2,1,2,1,7,25,7
3870536,0,943,0,40,2,1,2,1,7,51,7
3842290,1,943,912,40,2,7,2,1,23,46,7
3811045,0,943,0,40,3,14,2,1,89,87,7
3846975,0,943,0,40,3,4,2,1,26,87,7
3804838,0,943,0,40,3,6,2,1,53,19,7
3805787,0,943,0,40,2,10,2,1,66,44,7
3846630,0,943,0,40,2,7,2,1,27,55,7
3867156,0,943,0,40,3,2,2,1,7,56,7
3828992,0,943,0,40,3,10,2,1,45,24,7
3863871,1,943,921,30.1054,3,3,2,1,10,62,7
3821522,0,943,0,40,2,10,2,1,71,38,7
3849166,0,943,0,40,3,5,2,1,29,36,7
3847405,0,943,0,40,3,8,2,1,24,55,7
3822303,0,943,0,40,3,9,2,1,60,33,7
3847780,0,943,0,40,3,7,2,1,15,47,7
3855255,0,943,0,40,2,4,2,1,23,80,7
3847451,0,943,0,40,3,5,2,1,36,40,7
3809844,0,943,0,40,2,14,2,1,89,69,7
3866120,0,943,0,40,3,2,2,1,12,29,7
3844302,0,943,0,40,2,5,2,1,36,38,7
3815278,0,943,0,40,3,11,2,1,73,57,7
3828580,0,943,0,40,2,7,2,1,62,36,7
3860584,0,943,0,40,2,5,2,1,16,26,7
3870089,0,943,0,40,2,1,2,1,6,44,7
3870613,0,943,0,40,2,1,2,1,6,58,7
3871010,0,943,0,40,3,1,2,1,6,26,7
3871136,0,943,0,40,2,1,2,1,6,68,7
3871244,0,943,0,40,3,1,2,1,6,69,7
3871338,0,943,0,40,3,1,2,1,6,43,7
3841981,1,943,935,25.6247,3,7,2,1,26,63,7
3845479,0,943,0,40,3,6,2,1,28,38,7
3827710,0,943,0,40,3,10,2,1,46,33,7
3853979,0,943,0,40,3,3,2,1,28,38,7
3865582,0,943,0,40,2,2,2,1,10,40,7
3852552,0,943,0,40,2,4,2,1,20,25,7
3865944,0,943,0,40,3,2,2,1,8,82,7
3836062,0,943,0,40,2,5,2,1,46,50,7
3836148,0,943,0,40,2,8,2,1,35,42,7
3861570,0,943,0,40,2,4,2,1,12,61,7
3867983,0,943,0,40,3,2,2,1,6,56,7
3862050,0,943,0,40,3,2,2,1,18,27,7
3817436,0,943,0,40,2,11,2,1,80,40,7
3843773,0,943,0,40,3,6,2,1,25,28,7
3866407,0,943,0,40,3,2,2,1,9,76,7
3827900,0,943,0,40,2,9,2,1,56,51,7
3845775,0,943,0,40,3,6,2,1,32,49,7
3868135,0,943,0,40,3,2,2,1,7,71,7
3842096,0,943,0,40,3,6,2,1,35,13,7
3858801,0,943,0,40,3,4,2,1,17,87,7
3840552,0,943,0,40,3,6,2,1,27,40,7
3863070,0,943,0,40,2,3,2,1,10,38,7
3868270,0,943,0,40,3,2,2,1,7,45,7
3850587,0,943,0,40,3,5,2,1,26,84,7
3859943,0,943,0,40,3,3,2,1,18,22,7
3861843,0,943,0,40,2,3,2,1,14,56,7
3867015,0,943,0,40,3,2,2,1,10,47,7
3844760,1,943,888,40,2,6,2,1,34,55,7
3869084,0,943,0,40,2,2,2,1,8,62,7
3854168,0,943,0,40,3,3,2,1,28,41,7
3837147,0,943,0,40,3,6,2,1,46,41,7
3840949,0,943,0,40,2,6,2,1,34,22,7
3869925,0,943,0,40,3,1,2,1,5,54,7
3870975,0,943,0,40,3,1,2,1,5,31,7
3871331,0,943,0,40,2,1,2,1,5,41,7
3871529,0,943,0,40,2,1,2,1,5,32,7
3871945,0,943,0,40,3,1,2,1,5,17,7
3872035,0,943,0,40,2,1,2,1,5,23,7
3839286,0,943,0,40,2,5,2,1,49,68,7
3845766,0,943,0,40,3,3,2,1,45,39,7
3856241,0,943,0,40,3,1,2,1,31,59,7
3815169,0,943,0,40,2,11,2,1,64,54,7
3844010,0,943,0,40,3,4,2,1,40,49,7
3836279,0,943,0,40,2,6,2,1,47,38,7
3860468,0,943,0,40,3,1,2,1,25,39,7
3838132,0,943,0,40,3,6,2,1,55,60,7
3843606,0,943,0,40,3,4,2,1,38,23,7
3854927,0,943,0,40,3,2,2,1,28,34,7
3840479,0,943,0,40,2,3,2,1,51,106,7
3852336,0,943,0,40,2,2,2,1,34,69,7
3838716,0,943,0,40,3,6,2,1,50,37,7
3863451,0,943,0,40,2,1,2,1,20,40,7
3841404,0,943,0,40,2,4,2,1,44,55,7
3853230,0,943,0,40,3,3,2,1,29,27,7
3855361,0,943,0,40,3,3,2,1,24,33,7
3864223,0,943,0,40,3,1,2,1,19,26,7
3815822,0,943,0,40,3,9,2,1,68,52,7
3855493,0,943,0,40,2,2,2,1,27,56,7
3849875,1,943,918,40,2,4,2,1,27,74,7
3844307,0,943,0,40,2,4,2,1,39,33,7
3840009,0,943,0,40,3,6,2,1,46,62,7
3864328,0,943,0,40,2,1,2,1,18,20,7
3864770,0,943,0,40,2,1,2,1,18,25,7
3837103,0,943,0,40,2,8,2,1,38,23,7
3836078,0,943,0,40,3,4,2,1,58,19,7
3816718,0,943,0,40,2,9,2,1,75,18,7
3833280,0,943,0,40,2,8,2,1,42,47,7
3847709,0,943,0,40,2,5,2,1,35,28,7
3851962,0,943,0,40,3,3,2,1,29,45,7
3850428,0,943,0,40,3,4,2,1,27,24,7
3840932,0,943,0,40,3,6,2,1,35,41,7
3865957,0,943,0,40,3,1,2,1,16,53,7
3805021,0,943,0,40,2,10,2,1,75,37,7
3846721,0,943,0,40,2,6,2,1,28,65,7
3833357,0,943,0,40,3,7,2,1,51,19,7
3818295,0,943,0,40,2,10,2,1,64,68,7
3865355,0,943,0,40,2,1,2,1,15,135,7
3866586,0,943,0,40,2,1,2,1,15,40,7
3859064,0,943,0,40,2,2,2,1,21,46,7
3782326,0,943,0,40,3,17,2,1,78,26,7
3811431,0,943,0,40,3,15,2,1,77,84,7
3861144,0,943,0,40,3,3,2,1,17,57,7
3854629,0,943,0,40,3,4,2,1,29,16,7
3807734,1,943,879,40,3,16,2,1,91,30,7
3845539,0,943,0,40,2,7,2,1,31,23,7
3807951,0,943,0,40,2,12,2,1,81,60,7
3866118,0,943,0,40,3,1,2,1,14,79,7
3867256,0,943,0,40,3,1,2,1,14,26,7
3857069,0,943,0,40,3,2,2,1,26,31,7
3863458,0,943,0,40,2,2,2,1,14,47,7
3795974,0,943,0,40,2,19,2,1,110,47,7
3821043,0,943,0,40,3,9,2,1,64,34,7
3851321,0,943,0,40,3,5,2,1,24,35,7
3853899,0,943,0,40,2,5,2,1,28,63,7
3867728,0,943,0,40,3,1,2,1,13,20,7
3852932,0,943,0,40,3,4,2,1,16,100,7
3856247,0,943,0,40,2,3,2,1,24,38,7
3804802,0,943,0,40,2,11,2,1,70,19,7
3840194,0,943,0,40,3,7,2,1,33,38,7
3858979,0,943,0,40,3,3,2,1,21,42,7
3841638,0,943,0,40,3,5,2,1,41,44,7
3848724,0,943,0,40,3,4,2,1,38,54,7
3803598,0,943,0,40,3,10,2,1,73,18,7
3856070,0,943,0,40,2,4,2,1,19,51,7
3865147,0,943,0,40,3,2,2,1,13,29,7
3853552,0,943,0,40,2,4,2,1,28,62,7
3864799,0,943,0,40,2,1,2,1,12,50,7
3868201,0,943,0,40,3,1,2,1,12,70,7
3809336,0,943,0,40,3,13,2,1,79,47,7
3857987,0,943,0,40,3,3,2,1,19,28,7
3826338,0,943,0,40,2,11,2,1,39,27,7
3859964,0,943,0,40,2,2,2,1,17,59,7
3844787,0,943,0,40,2,5,2,1,35,20,7
3820638,0,943,0,40,3,9,2,1,53,46,7
3842670,0,943,0,40,3,5,2,1,42,58,7
3844709,0,943,0,40,3,5,2,1,35,47,7
3861522,0,943,0,40,3,3,2,1,15,28,7
3837002,1,943,911,40,2,6,2,1,45,22,7
3865902,0,943,0,40,2,1,2,1,11,33,7
3868466,0,943,0,40,3,1,2,1,11,37,7
3868836,0,943,0,40,3,1,2,1,11,38,7
3868974,0,943,0,40,3,1,2,1,11,23,7
3853035,0,943,0,40,3,3,2,1,22,70,7
3858483,0,943,0,40,2,2,2,1,20,29,7
3843220,0,943,0,40,2,5,2,1,30,29,7
3812079,0,943,0,40,2,15,2,1,69,51,7
3859398,1,943,914,40,2,3,2,1,16,26,7
3863813,0,943,0,40,3,2,2,1,14,36,7
3852140,0,943,0,40,2,5,2,1,22,13,7
3863998,0,943,0,40,3,2,2,1,11,60,7
3863850,0,943,0,40,3,2,2,1,14,28,7
3830152,0,943,0,40,2,10,2,1,43,42,7
3858292,1,943,936,40,2,3,2,1,23,33,7
3800422,0,943,0,40,3,11,2,1,72,66,7
3843347,0,943,0,40,2,6,2,1,39,19,7
3851103,0,943,0,40,2,4,2,1,26,35,7
3842431,0,943,0,40,3,7,2,1,40,42,7
3821736,0,943,0,40,3,12,2,1,48,42,7
3867024,0,943,0,40,2,2,2,1,13,70,7
3866701,0,943,0,40,2,1,2,1,10,29,7
3868767,0,943,0,40,2,1,2,1,10,54,7
3869280,0,943,0,40,3,1,2,1,10,28,7
3869456,0,943,0,40,3,1,2,1,10,17,7
3869638,0,943,0,40,2,1,2,1,10,34,7
3832726,0,943,0,40,3,8,2,1,38,60,7
3838353,0,943,0,40,3,7,2,1,34,25,7
3864785,0,943,0,40,3,2,2,1,10,66,7
3844489,0,943,0,40,3,6,2,1,32,43,7
3857232,0,943,0,40,3,3,2,1,22,41,7
3827784,0,943,0,40,3,8,2,1,45,28,7
3842058,0,943,0,40,2,7,2,1,31,48,7
3850174,0,943,0,40,3,4,2,1,30,23,7
3801023,0,943,0,40,2,10,2,1,72,33,7
3853352,0,943,0,40,2,5,2,1,27,19,7
3823256,0,943,0,40,3,8,2,1,66,57,7
3838127,1,943,877,40,2,7,2,1,39,32,7
3842981,0,943,0,40,3,6,2,1,30,88,7
3834163,0,943,0,40,2,7,2,1,44,28,7
3866451,0,943,0,40,2,2,2,1,12,63,7
3867379,0,943,0,40,3,2,2,1,13,64,7
3869429,0,943,0,40,3,1,2,1,9,57,7
3869521,0,943,0,40,3,1,2,1,9,19,7
3859562,0,943,0,40,2,3,2,1,12,102,7
3865370,0,943,0,40,2,2,2,1,10,35,7
3863148,0,943,0,40,2,2,2,1,15,52,7
3853703,0,943,0,40,2,4,2,1,20,30,7
3842982,0,943,0,40,3,7,2,1,28,28,7
3857858,0,943,0,40,2,3,2,1,22,16,7
3862111,0,943,0,40,2,2,2,1,17,22,7
3812344,0,943,0,40,3,13,2,1,80,29,7
3864152,0,943,0,40,3,2,2,1,13,61,7
3846537,0,943,0,40,3,5,2,1,33,86,7
3804186,0,943,0,40,3,14,2,1,70,26,7
3867116,0,943,0,40,3,2,2,1,9,44,7
3860655,0,943,0,40,3,2,2,1,20,37,7
3849601,0,943,0,40,2,4,2,1,27,38,7
3861147,0,943,0,40,2,3,2,1,15,49,7
3800587,0,943,0,40,2,11,2,1,62,59,7
3863838,0,943,0,40,3,3,2,1,14,33,7
3867027,0,943,0,40,2,2,2,1,9,61,7
3867660,0,943,0,40,3,2,2,1,9,23,7
3863254,0,943,0,40,2,2,2,1,18,38,7
3864932,0,943,0,40,3,2,2,1,15,25,7
3804418,0,943,0,40,2,11,2,1,68,47,7
3832817,0,943,0,40,3,9,2,1,33,92,7
3807573,0,943,0,40,2,15,2,1,110,43,7
3852471,0,943,0,40,2,4,2,1,26,16,7
3858375,0,943,0,40,3,3,2,1,17,57,7
3828143,1,943,891,40,2,10,2,1,45,76,7
3868409,0,943,0,40,2,2,2,1,11,38,7
3837940,0,943,0,40,2,7,2,1,38,46,7
3868813,0,943,0,40,3,1,2,1,8,20,7
3870291,0,943,0,40,3,1,2,1,8,28,7
3870468,0,943,0,40,3,1,2,1,8,44,7
3870564,0,943,0,40,2,1,2,1,8,32,7
3870732,0,943,0,40,2,1,2,1,8,48,7
3870812,0,943,0,40,2,1,2,1,8,39,7
3829667,0,943,0,40,3,5,2,1,49,101,7
3853367,0,943,0,40,3,2,2,1,29,22,7
3857017,0,943,0,40,3,4,2,1,16,21,7
3853614,0,943,0,40,2,5,2,1,21,41,7
3866944,0,943,0,40,2,2,2,1,8,41,7
3846769,0,943,0,40,3,5,2,1,29,42,7
3820121,0,943,0,40,3,12,2,1,50,22,7
3854515,0,943,0,40,3,3,2,1,28,45,7
3846747,0,943,0,40,2,6,2,1,28,64,7
3867100,0,943,0,40,2,2,2,1,9,23,7
3853992,0,943,0,40,3,3,2,1,28,24,7
3834418,0,943,0,40,3,5,2,1,59,22,7
3863986,0,943,0,40,3,3,2,1,9,30,7
3843400,0,943,0,40,2,5,2,1,34,65,7
3866356,0,943,0,40,3,2,2,1,12,39,7
3858411,0,943,0,40,2,3,2,1,18,53,7
3855402,0,943,0,40,3,4,2,1,18,59,7
3851899,0,943,0,40,2,5,2,1,22,47,7
3847180,0,943,0,40,2,6,2,1,25,72,7
3831283,0,943,0,40,2,8,2,1,54,20,7
3838650,0,943,0,40,2,6,2,1,44,28,7
3857937,0,943,0,40,2,5,2,1,22,12,7
3846321,0,943,0,40,2,7,2,1,33,42,7
3869203,0,943,0,40,3,1,2,1,7,36,7
3870097,0,943,0,40,2,1,2,1,7,21,7
3870853,0,943,0,40,3,1,2,1,7,27,7
3870958,0,943,0,40,2,1,2,1,7,35,7
3871122,0,943,0,40,2,1,2,1,7,26,7
3871354,0,943,0,40,3,1,2,1,7,39,7
3871398,0,943,0,40,3,1,2,1,7,58,7
3844355,0,943,0,40,2,4,2,1,37,67,7
3796600,1,943,909,32.9443,3,14,2,1,79,58,7
3830515,0,943,0,40,3,11,2,1,30,10,7
3806866,0,943,0,40,2,11,2,1,90,13,7
3864420,0,943,0,40,2,2,2,1,11,73,7
3817449,0,943,0,40,3,10,2,1,64,49,7
3862193,0,943,0,40,2,3,2,1,11,53,7
3837887,0,943,0,40,3,5,2,1,41,43,7
3847725,1,943,904,40,2,6,2,1,25,89,7
3866577,0,943,0,40,2,2,2,1,8,24,7
3827214,0,943,0,40,2,9,2,1,57,59,7
3828854,0,943,0,40,2,8,2,1,53,83,7
3858511,1,943,936,27.0474,3,3,2,1,20,19,7
3855384,0,943,0,40,3,3,2,1,26,31,7
3845326,0,943,0,40,3,6,2,1,29,55,7
3797164,0,943,0,40,3,16,2,1,99,38,7
3850496,0,943,0,40,3,7,2,1,30,32,7
3866893,0,943,0,40,3,2,2,1,7,52,7
3837189,0,943,0,40,2,8,2,1,47,27,7
3866350,0,943,0,40,3,2,2,1,12,46,7
3852954,0,943,0,40,3,5,2,1,24,26,7
3823610,0,943,0,40,3,10,2,1,53,43,7
3868115,0,943,0,40,3,2,2,1,9,34,7
3849797,0,943,0,40,2,6,2,1,19,32,7
3788654,0,943,0,40,2,20,2,1,100,98,7
3806449,0,943,0,40,3,13,2,1,76,72,7
3865759,0,943,0,40,3,2,2,1,14,46,7
3806938,0,943,0,40,3,15,2,1,104,89,7
3844104,0,943,0,40,2,6,2,1,35,51,7
3869776,0,943,0,40,2,2,2,1,7,23,7
3854260,0,943,0,40,3,4,2,1,26,49,7
3868603,0,943,0,40,3,2,2,1,11,13,7
3846400,1,943,936,33.4119,2,4,2,1,37,26,7
3870531,0,943,0,40,3,1,2,1,6,50,7
3870967,0,943,0,40,3,1,2,1,6,42,7
3871067,0,943,0,40,2,1,2,1,6,43,7
3871235,0,943,0,40,2,1,2,1,6,46,7
3871557,0,943,0,40,2,1,2,1,6,52,7
3871705,0,943,0,40,2,1,2,1,6,28,7
3871819,0,943,0,40,2,1,2,1,6,37,7
3871837,0,943,0,40,2,1,2,1,6,66,7
3837238,0,943,0,40,3,7,2,1,30,56,7
3845228,0,943,0,40,2,4,2,1,31,36,7
3806404,0,943,0,40,2,10,2,1,80,40,7
3853807,0,943,0,40,2,4,2,1,24,42,7
3815076,0,943,0,40,3,12,2,1,60,40,7
3863848,0,943,0,40,3,2,2,1,11,39,7
3851603,1,943,928,40,2,3,2,1,25,66,7
3825290,0,943,0,40,2,8,2,1,62,54,7
3860804,0,943,0,40,2,2,2,1,19,48,7
3805988,0,943,0,40,3,10,2,1,37,18,7
3854132,0,943,0,40,3,3,2,1,15,13,7
3854582,0,943,0,40,3,5,2,1,15,33,7
3847693,0,943,0,40,2,6,2,1,22,45,7
3837541,0,943,0,40,3,6,2,1,44,68,7
3823693,0,943,0,40,2,10,2,1,57,101,7
3850717,0,943,0,40,2,5,2,1,25,69,7
3863636,0,943,0,40,2,2,2,1,12,84,7
3866371,0,943,0,40,2,2,2,1,9,30,7
3862815,1,943,921,25.7992,3,4,2,1,8,27,7
3806084,0,943,0,40,3,10,2,1,69,29,7
3854255,0,943,0,40,3,4,2,1,24,21,7
3864522,0,943,0,40,2,2,2,1,12,18,7
3867955,0,943,0,40,3,2,2,1,8,54,7
3851907,0,943,0,40,2,4,2,1,29,24,7
3830286,0,943,0,40,3,6,2,1,58,46,7
3866978,0,943,0,40,3,2,2,1,11,82,7
3868339,0,943,0,40,3,2,2,1,9,55,7
3868614,0,943,0,40,3,2,2,1,8,65,7
3855040,0,943,0,40,3,5,2,1,17,25,7
3868424,0,943,0,40,2,2,2,1,6,107,7
3856649,0,943,0,40,2,4,2,1,22,60,7
3865194,0,943,0,40,2,3,2,1,13,19,7
3860792,0,943,0,40,2,4,2,1,14,63,7
3863496,0,943,0,40,3,3,2,1,13,30,7
3845060,0,943,0,40,2,6,2,1,31,42,7
3869923,0,943,0,40,2,2,2,1,7,61,7
3871065,0,943,0,40,2,1,2,1,5,36,7
3871558,0,943,0,40,2,1,2,1,5,39,7
3872056,0,943,0,40,3,1,2,1,5,30,7
3872208,0,943,0,40,3,1,2,1,5,57,7
3872328,0,943,0,40,3,1,2,1,5,42,7
3872462,0,943,0,40,2,1,2,1,5,63,7
3872542,0,943,0,40,2,1,2,1,5,9,7
3854092,0,943,0,40,3,1,2,1,37,61,7
3856965,0,943,0,40,2,1,2,1,33,19,7
3857256,0,943,0,40,3,1,2,1,31,36,7
3837161,0,943,0,40,2,5,2,1,56,83,7
3850874,0,943,0,40,2,3,2,1,39,47,7
3846736,0,943,0,40,3,4,2,1,32,42,7
3854950,0,943,0,40,2,2,2,1,32,15,7
3816353,0,943,0,40,2,9,2,1,79,26,7
3862215,0,943,0,40,3,1,2,1,23,53,7
3843760,0,943,0,40,3,5,2,1,35,79,7
3826292,0,943,0,40,2,9,2,1,62,52,7
3843174,0,943,0,40,2,4,2,1,36,68,7
3844077,0,943,0,40,2,4,2,1,40,32,7
3853955,0,943,0,40,2,2,2,1,31,31,7
3850820,0,943,0,40,2,3,2,1,33,53,7
3821332,0,943,0,40,3,7,2,1,71,40,7
3859584,0,943,0,40,3,2,2,1,22,53,7
3822926,0,943,0,40,2,10,2,1,62,50,7
3807703,0,943,0,40,3,11,2,1,85,50,7
3865552,0,943,0,40,3,1,2,1,18,82,7
3857900,0,943,0,40,2,2,2,1,20,41,7
3831360,0,943,0,40,2,5,2,1,55,40,7
3837555,0,943,0,40,2,5,2,1,48,27,7
3805830,0,943,0,40,2,3,2,1,28,51,7
3865473,0,943,0,40,2,1,2,1,17,24,7
3860172,0,943,0,40,3,2,2,1,17,30,7
3846017,0,943,0,40,3,4,2,1,36,58,7
3829267,0,943,0,40,2,6,2,1,67,48,7
3856778,1,943,910,33.7322,3,3,2,1,19,29,7
3852357,1,943,903,26.9627,3,3,2,1,27,91,7
3815181,0,943,0,40,3,7,2,1,91,32,7
3859416,0,943,0,40,3,2,2,1,26,38,7
3866400,0,943,0,40,3,1,2,1,16,59,7
3805724,1,943,885,40,2,10,2,1,71,54,7
3860314,0,943,0,40,2,2,2,1,19,65,7
3851659,0,943,0,40,2,4,2,1,31,45,7
3837227,0,943,0,40,3,6,2,1,46,30,7
3865746,0,943,0,40,3,1,2,1,15,54,7
3866439,0,943,0,40,2,1,2,1,15,21,7
3853077,0,943,0,40,2,3,2,1,23,21,7
3860697,0,943,0,40,2,2,2,1,17,17,7
3855679,0,943,0,40,3,3,2,1,26,31,7
3826487,0,943,0,40,2,9,2,1,53,36,7
3852246,1,943,906,36.1687,3,3,2,1,30,37,7
3860978,0,943,0,40,2,3,2,1,22,19,7
3827966,1,943,914,38.3417,3,9,2,1,58,37,7
3861689,0,943,0,40,3,2,2,1,19,42,7
3824705,0,943,0,40,2,10,2,1,59,49,7
3853681,0,943,0,40,2,2,2,1,37,35,7
3867586,0,943,0,40,3,1,2,1,14,48,7
3837289,0,943,0,40,3,6,2,1,47,41,7
3848868,0,943,0,40,2,5,2,1,29,52,7
3859932,0,943,0,40,2,3,2,1,21,40,7
3833938,1,943,894,40,2,7,2,1,45,70,7
3824817,0,943,0,40,3,6,2,1,74,62,7
3843549,0,943,0,40,2,4,2,1,49,50,7
3867563,0,943,0,40,3,1,2,1,13,25,7
3868211,0,943,0,40,2,1,2,1,13,35,7
3861497,0,943,0,40,3,2,2,1,16,39,7
3843731,0,943,0,40,3,5,2,1,33,56,7
3850365,0,943,0,40,3,3,2,1,33,42,7
3813846,0,943,0,40,2,14,2,1,76,27,7
3862864,0,943,0,40,2,2,2,1,18,103,7
3842863,0,943,0,40,2,7,2,1,33,34,7
3861190,0,943,0,40,2,3,2,1,18,25,7
3867216,0,943,0,40,2,2,2,1,13,35,7
3812193,0,943,0,40,3,13,2,1,81,57,7
3868638,0,943,0,40,3,1,2,1,12,28,7
3841466,0,943,0,40,3,5,2,1,37,39,7
3830790,1,943,885,36.3417,3,7,2,1,41,27,7
3824424,0,943,0,40,3,7,2,1,69,39,7
3829585,0,943,0,40,2,7,2,1,45,38,7
3842512,0,943,0,40,2,6,2,1,36,59,7
3811435,0,943,0,40,2,11,2,1,94,45,7
3816786,0,943,0,40,3,10,2,1,76,33,7
3806796,1,943,921,29.2743,3,11,2,1,57,40,7
3843060,0,943,0,40,2,5,2,1,34,128,7
3830754,0,943,0,40,3,6,2,1,55,54,7
3859873,0,943,0,40,3,4,2,1,19,42,7
3855389,0,943,0,40,3,4,2,1,28,38,7
3858275,0,943,0,40,2,2,2,1,27,25,7
3864482,0,943,0,40,2,2,2,1,15,34,7
3843917,0,943,0,40,3,6,2,1,36,22,7
3862424,0,943,0,40,3,3,2,1,20,56,7
3868647,0,943,0,40,2,1,2,1,11,46,7
3868967,0,943,0,40,2,1,2,1,11,33,7
3869310,0,943,0,40,3,1,2,1,11,19,7
3821309,0,943,0,40,2,10,2,1,58,56,7
3808785,1,943,923,26.6939,3,11,2,1,100,45,7
3845372,0,943,0,40,2,5,2,1,32,56,7
3830157,0,943,0,40,2,8,2,1,41,16,7
3862954,0,943,0,40,3,2,2,1,16,40,7
3826342,0,943,0,40,3,8,2,1,50,71,7
3862129,0,943,0,40,2,2,2,1,14,40,7
3864494,0,943,0,40,2,2,2,1,12,54,7
3860463,1,943,916,33.7318,3,3,2,1,16,31,7
3863456,0,943,0,40,2,2,2,1,14,52,7
3807013,0,943,0,40,3,9,2,1,78,53,7
3859258,0,943,0,40,2,3,2,1,19,62,7
3865780,0,943,0,40,2,2,2,1,12,22,7
3846811,0,943,0,40,3,5,2,1,40,45,7
3839272,0,943,0,40,3,7,2,1,32,25,7
3819594,1,943,937,37.8327,2,10,2,1,58,25,7
3838417,0,943,0,40,3,7,2,1,41,42,7
3868488,0,943,0,40,3,1,2,1,10,30,7
3869593,0,943,0,40,3,1,2,1,10,29,7
3869637,0,943,0,40,3,1,2,1,10,22,7
3869840,0,943,0,40,2,1,2,1,10,58,7
3870086,0,943,0,40,3,1,2,1,10,55,7
3870246,0,943,0,40,2,1,2,1,10,72,7
3850085,0,943,0,40,2,5,2,1,24,54,7
3835006,0,943,0,40,2,8,2,1,41,48,7
3852340,0,943,0,40,3,4,2,1,26,69,7
3813888,0,943,0,40,3,14,2,1,63,35,7
3848167,0,943,0,40,2,4,2,1,30,51,7
3866468,0,943,0,40,2,2,2,1,10,56,7
3858188,0,943,0,40,3,3,2,1,18,118,7
3863258,0,943,0,40,3,3,2,1,13,48,7
3849541,0,943,0,40,2,4,2,1,35,18,7
3816719,0,943,0,40,3,10,2,1,74,23,7
3840399,0,943,0,40,2,8,2,1,30,74,7
3864901,0,943,0,40,3,2,2,1,15,88,7
3866009,0,943,0,40,3,2,2,1,14,16,7
3868159,0,943,0,40,2,2,2,1,10,122,7
3830097,0,943,0,40,2,10,2,1,42,28,7
3821062,0,943,0,40,3,9,2,1,69,42,7
3836403,0,943,0,40,2,9,2,1,41,45,7
3837663,0,943,0,40,2,8,2,1,42,39,7
3844267,0,943,0,40,2,7,2,1,33,85,7
3864400,0,943,0,40,3,3,2,1,11,29,7
3842271,0,943,0,40,3,6,2,1,43,19,7
3833624,0,943,0,40,3,7,2,1,53,97,7
3869567,0,943,0,40,2,1,2,1,9,37,7
3869631,0,943,0,40,2,1,2,1,9,37,7
3869927,0,943,0,40,3,1,2,1,9,49,7
3870195,0,943,0,40,2,1,2,1,9,26,7
3870514,0,943,0,40,3,1,2,1,9,19,7
3870756,0,943,0,40,3,1,2,1,9,37,7
3870816,0,943,0,40,3,1,2,1,9,26,7
3830816,0,943,0,40,3,5,2,1,59,61,7
3845329,0,943,0,40,3,6,2,1,31,41,7
3839848,0,943,0,40,3,5,2,1,47,44,7
3855830,0,943,0,40,3,3,2,1,24,31,7
3859856,0,943,0,40,3,3,2,1,18,48,7
3843418,0,943,0,40,3,7,2,1,28,35,7
3821738,0,943,0,40,3,9,2,1,69,37,7
3867102,0,943,0,40,2,2,2,1,9,28,7
3851620,0,943,0,40,3,4,2,1,32,46,7
3843510,0,943,0,40,2,5,2,1,41,61,7
3834432,0,943,0,40,2,8,2,1,46,51,7
3834666,0,943,0,40,2,6,2,1,51,25,7
3866078,0,943,0,40,3,2,2,1,10,30,7
3827782,0,943,0,40,2,9,2,1,43,38,7
3848097,0,943,0,40,3,4,2,1,32,45,7
3828497,0,943,0,40,3,8,2,1,50,52,7
3806871,0,943,0,40,3,12,2,1,57,47,7
3868229,0,943,0,40,3,2,2,1,9,43,7
3807649,0,943,0,40,2,6,2,1,48,52,7
3842739,0,943,0,40,3,10,2,1,29,25,7
3835827,0,943,0,40,2,9,2,1,44,12,7
3843664,0,943,0,40,3,8,2,1,25,49,7
3861149,0,943,0,40,2,3,2,1,17,44,7
3863994,0,943,0,40,3,2,2,1,14,50,7
3844961,0,943,0,40,2,5,2,1,42,35,7
3841310,1,943,926,26.2579,3,8,2,1,39,36,7
3868981,0,943,0,40,2,1,2,1,8,32,7
3869515,0,943,0,40,2,1,2,1,8,33,7
3870417,0,943,0,40,2,1,2,1,8,32,7
3870936,0,943,0,40,3,1,2,1,8,29,7
3871110,0,943,0,40,3,1,2,1,8,25,7
3871178,0,943,0,40,3,1,2,1,8,41,7
3871322,0,943,0,40,3,1,2,1,8,36,7
3842533,0,943,0,40,3,7,2,1,25,51,7
3839639,0,943,0,40,3,9,2,1,24,30,7
3860385,0,943,0,40,2,3,2,1,16,41,7
3804077,1,943,937,34.2983,2,10,2,1,70,59,7
3857097,0,943,0,40,3,4,2,1,20,68,7
3861120,0,943,0,40,3,3,2,1,12,41,7
3865680,0,943,0,40,3,2,2,1,9,31,7
3836588,0,943,0,40,2,8,2,1,35,33,7
3851552,0,943,0,40,3,5,2,1,27,20,7
3856401,0,943,0,40,2,4,2,1,18,73,7
3857691,0,943,0,40,2,4,2,1,22,82,7
3865532,0,943,0,40,3,2,2,1,13,42,7
3844004,0,943,0,40,2,4,2,1,42,55,7
3835685,0,943,0,40,2,10,2,1,36,96,7
3849504,0,943,0,40,2,7,2,1,28,26,7
3835210,0,943,0,40,3,8,2,1,39,13,7
3840601,0,943,0,40,3,9,2,1,33,67,7
3831705,0,943,0,40,3,6,2,1,57,17,7
3860448,0,943,0,40,2,3,2,1,16,15,7
3858723,0,943,0,40,2,4,2,1,17,28,7
3829880,0,943,0,40,2,8,2,1,50,30,7
3863897,0,943,0,40,3,3,2,1,16,28,7
3815077,0,943,0,40,3,12,2,1,70,15,7
3804620,0,943,0,40,2,12,2,1,60,25,7
3864160,0,943,0,40,2,3,2,1,15,35,7
3871119,0,943,0,40,3,1,2,1,7,51,7
3871191,0,943,0,40,3,1,2,1,7,45,7
3871299,0,943,0,40,2,1,2,1,7,45,7
3871439,0,943,0,40,2,1,2,1,7,45,7
3871547,0,943,0,40,2,1,2,1,7,68,7
3871683,0,943,0,40,3,1,2,1,7,45,7
3871835,0,943,0,40,2,1,2,1,7,42,7
3861930,0,943,0,40,3,3,2,1,13,53,7
3864055,0,943,0,40,3,2,2,1,12,42,7
3838146,0,943,0,40,2,5,2,1,47,38,7
3836570,0,943,0,40,2,8,2,1,32,30,7
3866690,0,943,0,40,2,2,2,1,9,22,7
3837559,0,943,0,40,3,8,2,1,32,30,7
3855887,0,943,0,40,3,3,2,1,22,33,7
3851384,0,943,0,40,2,3,2,1,32,72,7
3814935,0,943,0,40,2,10,2,1,83,46,7
3852757,0,943,0,40,2,3,2,1,23,43,7
3864622,0,943,0,40,3,3,2,1,13,17,7
3845468,0,943,0,40,3,5,2,1,33,74,7
3833779,0,943,0,40,3,8,2,1,41,78,7
3814799,0,943,0,40,2,11,2,1,89,62,7
3830764,0,943,0,40,2,9,2,1,56,113,7
3837242,0,943,0,40,3,8,2,1,49,21,7
3857959,0,943,0,40,2,4,2,1,22,69,7
3868303,0,943,0,40,3,2,2,1,9,37,7
3842541,2,943,0,40,3,6,2,1,35,35,7
3832808,0,943,0,40,3,6,2,1,60,50,7
3861600,0,943,0,40,3,3,2,1,15,73,7
3833057,0,943,0,40,3,8,2,1,39,50,7
3863388,1,943,932,18.7883,3,3,2,1,13,60,7
3806562,0,943,0,40,2,12,2,1,69,15,7
3869568,0,943,0,40,3,2,2,1,8,39,7
3820930,0,943,0,40,2,10,2,1,55,95,7
3805222,0,943,0,40,3,7,2,1,82,71,7
3870315,0,943,0,40,3,2,2,1,7,28,7
3861331,0,943,0,40,2,4,2,1,18,56,7
3869841,0,943,0,40,2,2,2,1,8,30,7
3870863,0,943,0,40,2,1,2,1,6,45,7
3871145,0,943,0,40,3,1,2,1,6,49,7
3872090,0,943,0,40,2,1,2,1,6,62,7
3872134,0,943,0,40,3,1,2,1,6,57,7
3872372,0,943,0,40,2,1,2,1,6,47,7
3872522,0,943,0,40,3,1,2,1,6,9,7
3866032,0,943,0,40,3,2,2,1,6,48,7
3859409,0,943,0,40,3,3,2,1,13,14,7
3832678,0,943,0,40,3,4,2,1,60,88,7
3763824,0,943,0,40,3,17,2,1,129,67,7
3803658,0,943,0,40,3,12,2,1,90,18,7
3850826,0,943,0,40,2,4,2,1,30,42,7
3807701,0,943,0,40,2,10,2,1,61,34,7
3800612,0,943,0,40,3,13,2,1,67,51,7
3838755,0,943,0,40,2,4,2,1,53,8,7
3850297,1,943,937,22.837,3,5,2,1,31,49,7
3820849,0,943,0,40,2,11,2,1,69,92,7
3768176,0,943,0,40,3,18,2,1,119,11,7
3814091,0,943,0,40,2,11,2,1,82,28,7
3822037,1,943,923,28.2463,3,9,2,1,68,45,7
3812830,0,943,0,40,3,12,2,1,81,26,7
3851729,0,943,0,40,2,4,2,1,33,29,7
3840471,0,943,0,40,2,5,2,1,43,28,7
3857565,1,943,912,29.0022,3,3,2,1,24,41,7
3845089,0,943,0,40,2,6,2,1,36,90,7
3855558,1,943,924,40,2,4,2,1,22,25,7
3846619,0,943,0,40,3,6,2,1,30,49,7
3863515,0,943,0,40,2,3,2,1,12,31,7
3869644,0,943,0,40,2,2,2,1,7,47,7
3831491,0,943,0,40,3,10,2,1,35,37,7
3852785,0,943,0,40,3,4,2,1,25,23,7
3865805,0,943,0,40,2,3,2,1,12,136,7
3855598,0,943,0,40,2,5,2,1,17,59,7
3864776,0,943,0,40,2,3,2,1,14,20,7
3852481,0,943,0,40,3,5,2,1,18,27,7
3846624,0,943,0,40,2,3,2,1,40,52,7
3853139,0,943,0,40,3,6,2,1,21,28,7
3840462,0,943,0,40,2,6,2,1,42,46,7
3868583,0,943,0,40,2,3,2,1,7,69,7
3832207,0,943,0,40,3,8,2,1,43,24,7
3867255,0,943,0,40,3,2,2,1,12,33,7
3850431,1,943,925,38.2007,2,6,2,1,30,43,7
3868347,0,943,0,40,2,2,2,1,11,39,7
3866825,0,943,0,40,2,3,2,1,8,43,7
3860914,0,943,0,40,2,2,2,1,25,30,7
3865620,0,943,0,40,3,2,2,1,17,35,7
3848872,0,943,0,40,2,7,2,1,32,37,7
3835518,1,943,884,40,3,8,2,1,51,47,7
3866712,0,943,0,40,2,2,2,1,16,22,7
3871568,0,943,0,40,3,1,2,1,5,63,7
3872047,0,943,0,40,3,1,2,1,5,24,7
3872223,0,943,0,40,2,1,2,1,5,88,7
3872347,0,943,0,40,3,1,2,1,5,22,7
3872403,0,943,0,40,2,1,2,1,5,32,7
3872627,0,943,0,40,2,1,2,1,5,28,7
3872687,0,943,0,40,3,1,2,1,5,53,7
3872779,0,943,0,40,3,1,2,1,5,34,7
3872839,0,943,0,40,3,1,2,1,5,22,7
3873111,0,943,0,40,2,1,2,1,5,46,7
3854833,0,943,0,40,2,1,2,1,36,17,7
3807765,1,943,904,40,2,8,2,1,72,55,7
3853989,0,943,0,40,2,2,2,1,35,83,7
3860988,0,943,0,40,3,1,2,1,27,33,7
3850400,0,943,0,40,2,2,2,1,34,55,7
3810315,0,943,0,40,2,11,2,1,101,30,7
3813801,0,943,0,40,3,11,2,1,82,95,7
3837895,0,943,0,40,2,7,2,1,39,50,7
3800750,0,943,0,40,3,12,2,1,84,37,7
3839553,0,943,0,40,2,5,2,1,52,13,7
3823764,0,943,0,40,2,8,2,1,56,33,7
3831113,0,943,0,40,3,7,2,1,55,62,7
3854496,0,943,0,40,3,3,2,1,31,63,7
3823901,0,943,0,40,3,6,2,1,66,62,7
3849186,0,943,0,40,3,3,2,1,38,29,7
3859499,0,943,0,40,3,2,2,1,26,31,7
3806466,0,943,0,40,2,11,2,1,94,25,7
3864436,0,943,0,40,2,1,2,1,20,42,7
3836760,0,943,0,40,3,6,2,1,48,63,7
3841589,0,943,0,40,2,6,2,1,36,23,7
3830076,0,943,0,40,2,7,2,1,45,38,7
3833367,0,943,0,40,2,5,2,1,55,64,7
3835090,0,943,0,40,2,6,2,1,50,24,7
3845083,0,943,0,40,2,3,2,1,50,75,7
3818531,0,943,0,40,2,9,2,1,72,23,7
3860604,0,943,0,40,2,2,2,1,21,24,7
3844472,1,943,922,24.3882,3,5,2,1,32,107,7
3842066,0,943,0,40,2,6,2,1,37,46,7
3804198,0,943,0,40,3,10,2,1,59,31,7
3725835,0,943,0,40,3,26,2,1,169,49,7
3861259,0,943,0,40,3,3,2,1,21,46,7
3866206,0,943,0,40,3,1,2,1,16,51,7
3839180,0,943,0,40,2,6,2,1,38,40,7
3860848,0,943,0,40,3,2,2,1,21,9,7
3829798,0,943,0,40,2,7,2,1,57,73,7
3832081,0,943,0,40,3,9,2,1,46,49,7
3851430,0,943,0,40,3,6,2,1,27,43,7
3855462,0,943,0,40,3,3,2,1,27,65,7
3861136,0,943,0,40,2,3,2,1,18,41,7
3866899,0,943,0,40,2,1,2,1,15,49,7
3867922,0,943,0,40,3,1,2,1,15,47,7
3848339,0,943,0,40,2,3,2,1,29,45,7
3841105,0,943,0,40,3,5,2,1,37,29,7
3830587,0,943,0,40,2,7,2,1,52,45,7
3805455,0,943,0,40,3,9,2,1,88,43,7
3858259,0,943,0,40,2,3,2,1,22,24,7
3853788,0,943,0,40,3,4,2,1,27,51,7
3867863,0,943,0,40,2,1,2,1,14,54,7
3868245,0,943,0,40,3,1,2,1,14,81,7
3859057,0,943,0,40,3,2,2,1,20,44,7
3858270,0,943,0,40,3,3,2,1,19,22,7
3834186,0,943,0,40,2,8,2,1,39,19,7
3827868,0,943,0,40,3,7,2,1,51,58,7
3854756,0,943,0,40,3,4,2,1,31,52,7
3865179,0,943,0,40,3,2,2,1,16,57,7
3868130,0,943,0,40,3,1,2,1,13,49,7
3852929,0,943,0,40,2,3,2,1,23,58,7
3817762,0,943,0,40,2,9,2,1,65,27,7
3848382,0,943,0,40,3,5,2,1,27,41,7
3860765,0,943,0,40,3,2,2,1,18,79,7
3793713,0,943,0,40,2,16,2,1,100,39,7
3845962,0,943,0,40,3,5,2,1,32,38,7
3833368,0,943,0,40,2,8,2,1,48,32,7
3866225,0,943,0,40,2,2,2,1,13,42,7
3817422,0,943,0,40,3,10,2,1,74,79,7
3858991,0,943,0,40,2,2,2,1,21,57,7
3864071,0,943,0,40,3,2,2,1,17,32,7
3845019,0,943,0,40,2,5,2,1,38,34,7
3825198,0,943,0,40,2,8,2,1,63,19,7
3817429,0,943,0,40,3,9,2,1,83,20,7
3862816,0,943,0,40,3,3,2,1,19,23,7
3868380,0,943,0,40,2,1,2,1,12,28,7
3868683,0,943,0,40,3,1,2,1,12,18,7
3869388,0,943,0,40,3,1,2,1,12,80,7
3832363,0,943,0,40,2,7,2,1,44,28,7
3839448,0,943,0,40,3,6,2,1,33,33,7
3809507,0,943,0,40,3,17,2,1,81,11,7
3833709,0,943,0,40,2,6,2,1,48,57,7
3835895,0,943,0,40,2,6,2,1,47,36,7
3864645,0,943,0,40,2,2,2,1,14,32,7
3855988,0,943,0,40,3,4,2,1,25,19,7
3849482,0,943,0,40,2,5,2,1,31,46,7
3854165,0,943,0,40,3,4,2,1,20,99,7
3805725,0,943,0,40,3,12,2,1,64,105,7
3867136,0,943,0,40,2,2,2,1,12,74,7
3812372,1,943,894,40,3,12,2,1,92,31,7
3815943,0,943,0,40,3,10,2,1,76,108,7
3825664,0,943,0,40,3,11,2,1,57,21,7
3863888,0,943,0,40,3,3,2,1,14,30,7
3803351,0,943,0,40,2,12,2,1,95,13,7
3869297,0,943,0,40,3,1,2,1,11,51,7
3869814,0,943,0,40,3,1,2,1,11,37,7
3870148,0,943,0,40,2,1,2,1,11,28,7
3870174,0,943,0,40,2,1,2,1,11,23,7
3843518,0,943,0,40,3,5,2,1,32,46,7
3851776,0,943,0,40,2,3,2,1,22,34,7
3854984,0,943,0,40,2,3,2,1,26,21,7
3854978,0,943,0,40,2,4,2,1,25,67,7
3840168,0,943,0,40,3,8,2,1,32,56,7
3866270,0,943,0,40,3,2,2,1,11,49,7
3861655,0,943,0,40,3,3,2,1,16,51,7
3858454,0,943,0,40,2,3,2,1,16,64,7
3828149,0,943,0,40,2,8,2,1,55,43,7
3853855,0,943,0,40,2,4,2,1,28,40,7
3829951,0,943,0,40,3,7,2,1,58,45,7
3826089,0,943,0,40,3,7,2,1,63,33,7
3869117,0,943,0,40,3,1,2,1,10,19,7
3870283,0,943,0,40,3,1,2,1,10,62,7
3870598,0,943,0,40,2,1,2,1,10,40,7
3865560,0,943,0,40,2,2,2,1,10,26,7
3855557,0,943,0,40,3,3,2,1,23,25,7
3809435,0,943,0,40,3,13,2,1,92,95,7
3803458,0,943,0,40,3,11,2,1,72,62,7
3803672,0,943,0,40,2,9,2,1,65,80,7
3857609,0,943,0,40,2,4,2,1,21,37,7
3812473,0,943,0,40,3,14,2,1,65,39,7
3839258,0,943,0,40,2,3,2,1,51,30,7
3847637,0,943,0,40,2,4,2,1,35,52,7
3852130,0,943,0,40,2,4,2,1,32,19,7
3832835,0,943,0,40,3,11,2,1,32,45,7
3845848,0,943,0,40,2,6,2,1,37,32,7
3828068,0,943,0,40,3,10,2,1,36,73,7
3863210,0,943,0,40,2,4,2,1,13,24,7
3854270,0,943,0,40,2,3,2,1,24,77,7
3849122,0,943,0,40,2,5,2,1,36,87,7
3850355,0,943,0,40,3,5,2,1,36,26,7
3868946,0,943,0,40,2,2,2,1,12,37,7
3854395,0,943,0,40,2,5,2,1,15,91,7
3869817,0,943,0,40,3,1,2,1,9,73,7
3870121,1,943,938,38.6455,2,1,2,1,9,22,7
3870377,0,943,0,40,3,1,2,1,9,63,7
3870509,0,943,0,40,2,1,2,1,9,37,7
3870765,0,943,0,40,3,1,2,1,9,58,7
3871064,0,943,0,40,2,1,2,1,9,53,7
3778988,0,943,0,40,3,19,2,1,109,30,7
3838164,0,943,0,40,3,5,2,1,51,29,7
3865067,0,943,0,40,3,2,2,1,9,53,7
3853447,0,943,0,40,2,4,2,1,21,85,7
3844679,0,943,0,40,2,6,2,1,21,45,7
3845896,0,943,0,40,3,5,2,1,38,48,7
3848412,0,943,0,40,3,5,2,1,23,44,7
3860912,1,943,921,40,2,4,2,1,14,73,7
3862823,0,943,0,40,2,2,2,1,17,46,7
3838202,0,943,0,40,2,7,2,1,37,28,7
3864597,0,943,0,40,2,2,2,1,14,24,7
3802745,0,943,0,40,2,13,2,1,84,29,7
3867896,0,943,0,40,3,2,2,1,10,34,7
3859865,0,943,0,40,2,2,2,1,23,55,7
3813853,0,943,0,40,2,12,2,1,73,43,7
3866677,0,943,0,40,3,2,2,1,10,26,7
3830359,0,943,0,40,3,8,2,1,53,41,7
3852318,0,943,0,40,3,5,2,1,19,52,7
3806556,0,943,0,40,2,6,2,1,47,51,7
3855786,0,943,0,40,2,5,2,1,20,49,7
3859803,0,943,0,40,2,3,2,1,20,23,7
3826519,0,943,0,40,3,9,2,1,67,51,7
3821898,0,943,0,40,2,10,2,1,64,88,7
3842718,0,943,0,40,2,6,2,1,38,24,7
3829824,0,943,0,40,3,9,2,1,46,36,7
3869996,0,943,0,40,2,2,2,1,9,38,7
3841702,0,943,0,40,3,6,2,1,33,77,7
3870795,0,943,0,40,3,1,2,1,8,36,7
3870851,0,943,0,40,2,1,2,1,8,41,7
3871525,0,943,0,40,3,1,2,1,8,76,7
3871971,0,943,0,40,3,1,2,1,8,40,7
3860504,0,943,0,40,2,3,2,1,13,17,7
3822791,0,943,0,40,2,10,2,1,51,44,7
3829451,0,943,0,40,3,8,2,1,54,47,7
3858706,0,943,0,40,3,3,2,1,16,43,7
3867420,0,943,0,40,2,2,2,1,8,23,7
3810856,0,943,0,40,3,10,2,1,98,70,7
3843036,0,943,0,40,2,6,2,1,30,24,7
3853624,0,943,0,40,2,5,2,1,15,54,7
3813948,0,943,0,40,2,14,2,1,73,29,7
3865566,0,943,0,40,2,2,2,1,13,15,7
3835891,0,943,0,40,2,8,2,1,39,45,7
3866549,0,943,0,40,2,2,2,1,8,106,7
3850911,0,943,0,40,2,5,2,1,26,38,7
3834983,0,943,0,40,3,6,2,1,44,26,7
3817358,1,943,910,40,2,10,2,1,73,58,7
3852548,1,943,912,40,2,6,2,1,25,50,7
3839782,0,943,0,40,2,7,2,1,39,77,7
3853835,0,943,0,40,2,4,2,1,29,90,7
3845217,0,943,0,40,2,5,2,1,37,67,7
3829074,0,943,0,40,3,7,2,1,58,40,7
3868395,0,943,0,40,3,2,2,1,11,19,7
3840070,0,943,0,40,3,7,2,1,46,66,7
3849357,1,943,919,34.7634,3,5,2,1,40,55,7
3842147,0,943,0,40,3,6,2,1,43,38,7
3836043,0,943,0,40,3,5,2,1,57,29,7
3865831,0,943,0,40,3,3,2,1,11,66,7
3804166,0,943,0,40,3,7,2,1,72,61,7
3844842,0,943,0,40,3,8,2,1,28,33,7
3860134,1,943,935,37.8404,2,2,2,1,26,33,7
3870399,0,943,0,40,3,1,2,1,7,61,7
3871017,0,943,0,40,3,1,2,1,7,35,7
3871478,0,943,0,40,3,1,2,1,7,44,7
3871646,0,943,0,40,3,1,2,1,7,34,7
3871814,0,943,0,40,3,1,2,1,7,28,7
3871914,0,943,0,40,3,1,2,1,7,85,7
3872232,0,943,0,40,3,1,2,1,7,63,7
3872540,0,943,0,40,3,1,2,1,7,58,7
3872578,0,943,0,40,2,1,2,1,7,55,7
3826931,1,943,899,40,2,8,2,1,64,36,7
3862710,0,943,0,40,3,3,2,1,12,40,7
3826479,1,943,938,37.9451,2,8,2,1,46,7,7
3830877,0,943,0,40,2,9,2,1,35,72,7
3855400,0,943,0,40,3,4,2,1,20,40,7
3864184,0,943,0,40,3,2,2,1,14,31,7
3846266,0,943,0,40,3,4,2,1,32,28,7
3862272,0,943,0,40,2,3,2,1,12,9,7
3829561,0,943,0,40,2,5,2,1,58,26,7
3862220,0,943,0,40,2,3,2,1,16,22,7
3832345,0,943,0,40,3,7,2,1,42,9,7
3868353,0,943,0,40,3,2,2,1,9,21,7
3865697,0,943,0,40,3,3,2,1,9,11,7
3867349,0,943,0,40,3,2,2,1,7,40,7
3808517,0,943,0,40,2,13,2,1,96,55,7
3857641,0,943,0,40,2,4,2,1,22,66,7
3834360,0,943,0,40,3,9,2,1,39,66,7
3856183,0,943,0,40,2,4,2,1,19,22,7
3856209,0,943,0,40,2,6,2,1,17,28,7
3867659,0,943,0,40,3,2,2,1,10,37,7
3868858,0,943,0,40,2,2,2,1,9,45,7
3842146,0,943,0,40,3,7,2,1,34,44,7
3821272,0,943,0,40,3,10,2,1,51,41,7
3858132,0,943,0,40,3,5,2,1,17,58,7
3869025,0,943,0,40,3,2,2,1,7,17,7
3864388,0,943,0,40,3,2,2,1,17,34,7
3843683,0,943,0,40,2,6,2,1,29,55,7
3850558,0,943,0,40,3,5,2,1,27,34,7
3818635,0,943,0,40,2,12,2,1,59,19,7
3860905,0,943,0,40,3,3,2,1,21,45,7
3845180,1,943,917,34.9511,3,7,2,1,22,114,7
3841178,0,943,0,40,2,7,2,1,44,34,7
3868375,0,943,0,40,3,2,2,1,14,41,7
3870045,0,943,0,40,3,1,2,1,6,30,7
3871544,0,943,0,40,3,1,2,1,6,33,7
3871832,0,943,0,40,2,1,2,1,6,44,7
3871936,0,943,0,40,2,1,2,1,6,31,7
3872083,0,943,0,40,2,1,2,1,6,14,7
3872251,0,943,0,40,2,1,2,1,6,59,7
3872567,0,943,0,40,3,1,2,1,6,20,7
3872701,0,943,0,40,2,1,2,1,6,34,7
3872843,0,943,0,40,2,1,2,1,6,51,7
3873001,0,943,0,40,2,1,2,1,6,56,7
3858298,0,943,0,40,3,3,2,1,15,36,7
3844363,0,943,0,40,2,6,2,1,31,43,7
3852705,0,943,0,40,3,3,2,1,26,52,7
3846015,2,943,0,40,2,6,2,1,29,66,7
3819571,0,943,0,40,3,7,2,1,72,23,7
3854351,0,943,0,40,2,3,2,1,26,26,7
3861684,0,943,0,40,2,3,2,1,16,37,7
3855632,0,943,0,40,3,4,2,1,21,21,7
3868530,0,943,0,40,2,2,2,1,6,26,7
3829837,1,943,922,32.1833,3,12,2,1,39,53,7
3863589,0,943,0,40,3,3,2,1,12,31,7
3869120,0,943,0,40,2,2,2,1,7,38,7
3852611,0,943,0,40,2,4,2,1,24,57,7
3869662,0,943,0,40,2,2,2,1,6,66,7
3809952,0,943,0,40,3,12,2,1,101,56,7
3863217,0,943,0,40,2,3,2,1,14,41,7
3818423,0,943,0,40,3,12,2,1,62,43,7
3863436,0,943,0,40,2,2,2,1,12,40,7
3846446,0,943,0,40,2,4,2,1,32,56,7
3860882,0,943,0,40,3,3,2,1,14,25,7
3868039,0,943,0,40,3,2,2,1,9,81,7
3863309,0,943,0,40,2,3,2,1,11,76,7
3840376,2,943,0,40,3,7,2,1,37,69,7
3818911,0,943,0,40,2,12,2,1,66,17,7
3835022,0,943,0,40,2,7,2,1,38,22,7
3847441,0,943,0,40,3,3,2,1,45,24,7
3810421,0,943,0,40,3,16,2,1,70,73,7
3867122,0,943,0,40,2,2,2,1,12,49,7
3816578,0,943,0,40,3,12,2,1,58,71,7
3808375,0,943,0,40,2,15,2,1,96,29,7
3864412,0,943,0,40,2,3,2,1,14,37,7
3870028,0,943,0,40,2,2,2,1,7,36,7
3851767,0,943,0,40,2,4,2,1,19,36,7
3844684,0,943,0,40,2,8,2,1,25,32,7
3844993,0,943,0,40,2,5,2,1,29,47,7
3836949,0,943,0,40,3,9,2,1,43,48,7
3867419,0,943,0,40,2,2,2,1,12,52,7
3828799,0,943,0,40,2,9,2,1,48,23,7
3840513,0,943,0,40,2,7,2,1,30,42,7
3819194,0,943,0,40,2,11,2,1,66,22,7
3847310,0,943,0,40,2,4,2,1,33,33,7
3870733,0,943,0,40,3,2,2,1,6,68,7
3834337,0,943,0,40,3,9,2,1,42,44,7
3863259,1,943,926,40,2,3,2,1,16,59,7
3856716,0,943,0,40,2,3,2,1,20,61,7
3840300,0,943,0,40,2,8,2,1,36,62,7
3868071,0,943,0,40,2,3,2,1,9,34,7
3855688,0,943,0,40,3,6,2,1,24,24,7
3858431,0,943,0,40,3,5,2,1,19,12,7
3851142,0,943,0,40,3,6,2,1,26,56,7
3870743,0,943,0,40,2,1,2,1,5,45,7
3872205,0,943,0,40,2,1,2,1,5,68,7
3872301,0,943,0,40,2,1,2,1,5,45,7
3872373,0,943,0,40,2,1,2,1,5,26,7
3872638,0,943,0,40,3,1,2,1,5,62,7
3872794,0,943,0,40,3,1,2,1,5,46,7
3873194,0,943,0,40,2,1,2,1,5,55,7
3873248,0,943,0,40,2,1,2,1,5,77,7
3873296,0,943,0,40,3,1,2,1,5,30,7
3873490,0,943,0,40,3,1,2,1,5,16,7
3873526,0,943,0,40,3,1,2,1,5,47,7
3873590,0,943,0,40,2,1,2,1,5,22,7
3840865,0,943,0,40,2,2,2,1,56,56,7
3858352,0,943,0,40,2,1,2,1,32,62,7
3838066,0,943,0,40,3,6,2,1,51,9,7
3858848,0,943,0,40,2,2,2,1,29,39,7
3841159,0,943,0,40,3,4,2,1,45,32,7
3849812,1,943,909,33.375,3,2,2,1,37,55,7
3829800,0,943,0,40,2,6,2,1,60,64,7
3854396,0,943,0,40,3,3,2,1,32,61,7
3862615,0,943,0,40,3,1,2,1,23,22,7
3813037,0,943,0,40,3,10,2,1,98,56,7
3859931,1,943,920,30.6116,3,3,2,1,25,38,7
3863201,0,943,0,40,3,1,2,1,21,53,7
3856617,1,943,939,24.5319,3,3,2,1,24,40,7
3846074,0,943,0,40,2,5,2,1,38,29,7
3853434,0,943,0,40,2,4,2,1,33,35,7
3830489,0,943,0,40,3,8,2,1,50,35,7
3834649,0,943,0,40,3,6,2,1,46,53,7
3836853,1,943,917,40,2,6,2,1,49,49,7
3866718,0,943,0,40,2,1,2,1,18,42,7
3828498,0,943,0,40,3,7,2,1,59,67,7
3849407,0,943,0,40,3,4,2,1,30,67,7
3863312,0,943,0,40,3,2,2,1,21,40,7
3864396,0,943,0,40,2,2,2,1,18,37,7
3831624,0,943,0,40,3,8,2,1,56,43,7
3848985,0,943,0,40,3,4,2,1,34,47,7
3828265,0,943,0,40,2,9,2,1,53,26,7
3868619,0,943,0,40,2,1,2,1,15,38,7
3859278,0,943,0,40,3,3,2,1,19,63,7
3856538,0,943,0,40,3,3,2,1,27,55,7
3864544,0,943,0,40,2,2,2,1,16,26,7
3856533,0,943,0,40,2,4,2,1,25,27,7
3860254,0,943,0,40,2,2,2,1,24,80,7
3837337,0,943,0,40,2,8,2,1,41,15,7
3853328,0,943,0,40,2,3,2,1,34,57,7
3842256,0,943,0,40,3,6,2,1,44,11,7
3812169,0,943,0,40,2,13,2,1,87,20,7
3869064,0,943,0,40,2,1,2,1,14,37,7
3835413,0,943,0,40,3,7,2,1,45,47,7
3864236,0,943,0,40,2,2,2,1,16,39,7
3805008,0,943,0,40,3,9,2,1,75,59,7
3849137,0,943,0,40,3,3,2,1,37,28,7
3842535,0,943,0,40,3,6,2,1,42,13,7
3844539,0,943,0,40,2,4,2,1,39,59,7
3838151,0,943,0,40,2,5,2,1,50,89,7
3803373,0,943,0,40,2,11,2,1,105,37,7
3835730,0,943,0,40,2,7,2,1,50,79,7
3866869,0,943,0,40,3,1,2,1,13,93,7
3868068,0,943,0,40,3,1,2,1,13,56,7
3868963,0,943,0,40,3,1,2,1,13,49,7
3869171,0,943,0,40,3,1,2,1,13,77,7
3811973,0,943,0,40,3,13,2,1,73,59,7
3842710,0,943,0,40,2,7,2,1,32,33,7
3852624,0,943,0,40,3,4,2,1,28,33,7
3823471,0,943,0,40,2,9,2,1,61,41,7
3862729,0,943,0,40,2,3,2,1,16,104,7
3857574,0,943,0,40,3,4,2,1,26,40,7
3869461,0,943,0,40,2,1,2,1,12,15,7
3869784,0,943,0,40,2,1,2,1,12,50,7
3869934,0,943,0,40,3,1,2,1,12,40,7
3857247,0,943,0,40,2,4,2,1,21,30,7
3858766,0,943,0,40,2,3,2,1,18,44,7
3859037,0,943,0,40,3,3,2,1,22,18,7
3866392,0,943,0,40,2,2,2,1,12,64,7
3848224,0,943,0,40,3,5,2,1,31,32,7
3833348,0,943,0,40,2,8,2,1,42,17,7
3826027,0,943,0,40,2,11,2,1,57,50,7
3849000,0,943,0,40,2,6,2,1,28,34,7
3842246,0,943,0,40,3,6,2,1,40,70,7
3849656,1,943,930,36.5146,2,6,2,1,29,54,7
3805196,0,943,0,40,3,10,2,1,76,49,7
3853850,0,943,0,40,2,4,2,1,31,67,7
3867629,0,943,0,40,3,1,2,1,11,36,7
3870163,0,943,0,40,3,1,2,1,11,42,7
3870384,0,943,0,40,3,1,2,1,11,61,7
3870454,0,943,0,40,2,1,2,1,11,62,7
3870844,0,943,0,40,2,1,2,1,11,70,7
3852201,0,943,0,40,2,4,2,1,23,33,7
3823626,0,943,0,40,3,13,2,1,50,22,7
3839643,0,943,0,40,3,4,2,1,54,14,7
3836515,1,943,926,40,2,9,2,1,41,42,7
3849866,0,943,0,40,2,4,2,1,30,26,7
3859438,0,943,0,40,3,3,2,1,21,17,7
3790406,0,943,0,40,2,22,2,1,109,33,7
3838157,0,943,0,40,2,6,2,1,44,32,7
3845176,0,943,0,40,2,5,2,1,37,34,7
3843929,1,943,895,40,2,5,2,1,42,57,7
3845127,0,943,0,40,2,6,2,1,34,71,7
3813141,0,943,0,40,3,14,2,1,73,77,7
3868643,0,943,0,40,2,2,2,1,12,68,7
3870825,0,943,0,40,2,1,2,1,10,18,7
3871172,0,943,0,40,3,1,2,1,10,34,7
3844770,0,943,0,40,3,4,2,1,37,19,7
3840749,0,943,0,40,2,7,2,1,31,20,7
3806532,0,943,0,40,3,8,2,1,70,59,7
3844622,0,943,0,40,2,6,2,1,27,33,7
3800525,0,943,0,40,2,11,2,1,95,56,7
3867426,0,943,0,40,2,2,2,1,11,28,7
3836475,0,943,0,40,2,8,2,1,43,54,7
3867175,0,943,0,40,2,2,2,1,11,59,7
3850239,0,943,0,40,2,5,2,1,32,7,7
3860136,0,943,0,40,2,3,2,1,18,45,7
3819095,0,943,0,40,2,10,2,1,72,33,7
3862180,0,943,0,40,3,3,2,1,21,15,7
3840006,0,943,0,40,2,8,2,1,38,16,7
3850780,0,943,0,40,2,6,2,1,24,42,7
3836703,0,943,0,40,3,7,2,1,45,78,7
3850272,0,943,0,40,2,5,2,1,29,44,7
3861771,0,943,0,40,2,4,2,1,18,26,7
3870891,0,943,0,40,3,1,2,1,9,26,7
3871343,0,943,0,40,3,1,2,1,9,22,7
3871487,0,943,0,40,3,1,2,1,9,70,7
3871957,0,943,0,40,3,1,2,1,9,69,7
3858116,0,943,0,40,3,3,2,1,16,28,7
3865871,0,943,0,40,3,2,2,1,11,23,7
3845605,0,943,0,40,3,6,2,1,34,51,7
3856781,0,943,0,40,2,4,2,1,22,75,7
3841734,1,943,939,23.9634,3,7,2,1,37,34,7
3831132,0,943,0,40,3,8,2,1,46,45,7
3825426,1,943,923,39.7725,2,8,2,1,53,60,7
3844387,0,943,0,40,3,7,2,1,34,52,7
3863007,0,943,0,40,2,3,2,1,16,20,7
3862087,0,943,0,40,2,3,2,1,15,64,7
3856695,0,943,0,40,3,2,2,1,32,38,7
3832943,0,943,0,40,2,6,2,1,53,49,7
3861981,0,943,0,40,2,3,2,1,18,38,7
3857806,0,943,0,40,3,5,2,1,16,50,7
3841074,0,943,0,40,2,7,2,1,37,44,7
3838784,0,943,0,40,2,8,2,1,44,15,7
3848805,0,943,0,40,2,4,2,1,39,24,7
3863416,0,943,0,40,2,3,2,1,19,54,7
3858334,0,943,0,40,3,4,2,1,19,61,7
3870687,0,943,0,40,3,1,2,1,8,40,7
3871289,0,943,0,40,3,1,2,1,8,50,7
3871798,0,943,0,40,2,1,2,1,8,78,7
3871982,0,943,0,40,2,1,2,1,8,20,7
3872072,0,943,0,40,2,1,2,1,8,103,7
3872348,0,943,0,40,3,1,2,1,8,61,7
3872410,0,943,0,40,3,1,2,1,8,41,7
3844979,0,943,0,40,3,6,2,1,29,54,7
3864147,0,943,0,40,2,2,2,1,11,51,7
3804973,0,943,0,40,2,15,2,1,96,18,7
3849418,0,943,0,40,3,6,2,1,25,59,7
3864967,0,943,0,40,2,2,2,1,10,52,7
3833475,0,943,0,40,3,9,2,1,39,44,7
3837942,0,943,0,40,2,6,2,1,40,53,7
3866692,0,943,0,40,3,2,2,1,11,47,7
3819995,0,943,0,40,2,9,2,1,70,23,7
3864126,0,943,0,40,3,3,2,1,10,42,7
3863457,0,943,0,40,3,3,2,1,13,50,7
3862259,0,943,0,40,3,3,2,1,15,64,7
3865593,0,943,0,40,2,2,2,1,14,29,7
3842741,1,943,939,20.0323,3,6,2,1,27,86,7
3845597,0,943,0,40,2,6,2,1,37,37,7
3848119,0,943,0,40,3,5,2,1,32,25,7
3867231,0,943,0,40,3,3,2,1,9,57,7
3865698,0,943,0,40,3,3,2,1,11,24,7
3811079,0,943,0,40,2,12,2,1,90,42,7
3865191,0,943,0,40,3,2,2,1,12,25,7
3849796,0,943,0,40,3,4,2,1,42,60,7
3872171,0,943,0,40,2,1,2,1,7,56,7
3872735,0,943,0,40,2,1,2,1,7,38,7
3872957,0,943,0,40,3,1,2,1,7,48,7
3820717,0,943,0,40,3,12,2,1,55,29,7
3858209,0,943,0,40,2,2,2,1,21,47,7
3850195,0,943,0,40,2,4,2,1,29,33,7
3834773,0,943,0,40,3,8,2,1,39,39,7
3851923,0,943,0,40,2,5,2,1,25,15,7
3808632,0,943,0,40,2,12,2,1,63,30,7
3867132,0,943,0,40,3,2,2,1,9,48,7
3866039,0,943,0,40,3,2,2,1,12,26,7
3862513,0,943,0,40,2,3,2,1,11,42,7
3869150,0,943,0,40,2,2,2,1,7,41,7
3808278,0,943,0,40,2,6,2,1,40,41,7
3845994,0,943,0,40,2,4,2,1,36,35,7
3863527,0,943,0,40,3,3,2,1,16,51,7
3857592,0,943,0,40,3,4,2,1,18,28,7
3785414,0,943,0,40,2,17,2,1,88,69,7
3819427,0,943,0,40,3,12,2,1,64,29,7
3865511,0,943,0,40,3,2,2,1,13,34,7
3838207,0,943,0,40,2,5,2,1,44,43,7
3866393,0,943,0,40,2,3,2,1,10,25,7
3816007,0,943,0,40,2,10,2,1,67,37,7
3863147,0,943,0,40,3,3,2,1,17,67,7
3857033,0,943,0,40,2,4,2,1,25,59,7
3817209,0,943,0,40,2,8,2,1,78,70,7
3843330,0,943,0,40,2,5,2,1,31,19,7
3832427,0,943,0,40,3,9,2,1,39,51,7
3849870,0,943,0,40,2,7,2,1,24,41,7
3814288,0,943,0,40,3,11,2,1,84,16,7
3870834,0,943,0,40,3,2,2,1,8,27,7
3841563,0,943,0,40,2,8,2,1,32,29,7
3846928,0,943,0,40,2,7,2,1,30,70,7
3839138,0,943,0,40,2,7,2,1,34,20,7
3855902,0,943,0,40,3,5,2,1,22,55,7
3854872,0,943,0,40,2,4,2,1,20,27,7
3855207,0,943,0,40,2,5,2,1,20,26,7
3868118,0,943,0,40,2,2,2,1,13,46,7
3870882,0,943,0,40,3,2,2,1,10,30,7
3872786,0,943,0,40,2,1,2,1,6,29,7
3873284,0,943,0,40,3,1,2,1,6,39,7
3873302,0,943,0,40,2,1,2,1,6,54,7
3873320,0,943,0,40,3,1,2,1,6,31,7
3873374,0,943,0,40,2,1,2,1,6,35,7
3873482,0,943,0,40,2,1,2,1,6,70,7
3873606,0,943,0,40,3,1,2,1,6,106,7
3812697,0,943,0,40,2,15,2,1,72,30,7
3851010,0,943,0,40,2,5,2,1,16,51,7
3833550,0,943,0,40,3,8,2,1,47,42,7
3860663,0,943,0,40,3,4,2,1,13,62,7
3803494,0,943,0,40,3,8,2,1,85,42,7
3844932,0,943,0,40,2,6,2,1,34,51,7
3860187,0,943,0,40,3,3,2,1,15,54,7
3812811,0,943,0,40,2,15,2,1,73,90,7
3860319,0,943,0,40,2,2,2,1,23,34,7
3861311,0,943,0,40,3,3,2,1,16,47,7
3865317,0,943,0,40,2,3,2,1,8,27,7
3867020,0,943,0,40,2,3,2,1,10,40,7
3803773,0,943,0,40,2,5,2,1,37,79,7
3831119,0,943,0,40,2,10,2,1,52,28,7
3830636,0,943,0,40,2,9,2,1,45,78,7
3866151,0,943,0,40,3,2,2,1,15,15,7
3833912,0,943,0,40,2,7,2,1,41,69,7
3806781,0,943,0,40,2,9,2,1,71,28,7
3846440,0,943,0,40,2,6,2,1,32,21,7
3843435,0,943,0,40,3,5,2,1,40,35,7
3850168,0,943,0,40,3,5,2,1,31,35,7
3870880,0,943,0,40,3,2,2,1,7,92,7
3867674,0,943,0,40,2,2,2,1,13,36,7
3837219,0,943,0,40,3,6,2,1,49,71,7
3808119,0,943,0,40,2,19,2,1,82,44,7
3866416,0,943,0,40,3,3,2,1,12,31,7
3865363,0,943,0,40,3,3,2,1,11,56,7
3840659,0,943,0,40,3,8,2,1,35,67,7
3858189,0,943,0,40,2,3,2,1,28,33,7
3830564,0,943,0,40,3,9,2,1,57,19,7
3805283,0,943,0,40,2,11,2,1,60,26,7
3862612,0,943,0,40,2,3,2,1,13,27,7
3845991,0,943,0,40,2,7,2,1,29,31,7
3870505,0,943,0,40,3,2,2,1,8,63,7
3820685,0,943,0,40,3,13,2,1,59,35,7
3869419,0,943,0,40,3,2,2,1,9,72,7
3871285,0,943,0,40,3,1,2,1,5,61,7
3871916,0,943,0,40,2,1,2,1,5,36,7
3872369,0,943,0,40,3,1,2,1,5,37,7
3873331,0,943,0,40,3,1,2,1,5,41,7
3873746,0,943,0,40,3,1,2,1,5,25,7
3873778,0,943,0,40,2,1,2,1,5,132,7
3873864,0,943,0,40,2,1,2,1,5,23,7
3873906,0,943,0,40,2,1,2,1,5,37,7
3854889,0,943,0,40,2,2,2,1,33,32,7
3856676,0,943,0,40,2,2,2,1,31,47,7
3863178,0,943,0,40,2,1,2,1,25,47,7
3828966,0,943,0,40,2,8,2,1,55,16,7
3844224,0,943,0,40,3,4,2,1,39,67,7
3862256,0,943,0,40,3,2,2,1,24,27,7
3829388,1,943,920,40,2,6,2,1,62,35,7
3865648,0,943,0,40,2,1,2,1,21,33,7
3847044,0,943,0,40,3,4,2,1,38,11,7
3815461,0,943,0,40,3,12,2,1,75,35,7
3865293,0,943,0,40,3,1,2,1,20,47,7
3844028,0,943,0,40,3,4,2,1,42,36,7
3815425,0,943,0,40,3,12,2,1,73,44,7
3815659,0,943,0,40,3,13,2,1,74,18,7
3845429,0,943,0,40,3,5,2,1,42,30,7
3851708,0,943,0,40,3,5,2,1,28,61,7
3865774,0,943,0,40,3,1,2,1,16,26,7
3868129,0,943,0,40,3,1,2,1,16,7,7
3845645,0,943,0,40,2,5,2,1,41,69,7
3831137,0,943,0,40,3,7,2,1,59,23,7
3858911,0,943,0,40,2,3,2,1,18,46,7
3851934,0,943,0,40,3,4,2,1,30,39,7
3820668,0,943,0,40,2,12,2,1,61,37,7
3869580,0,943,0,40,2,1,2,1,14,16,7
3866089,0,943,0,40,2,2,2,1,17,78,7
3827010,0,943,0,40,3,9,2,1,56,30,7
3806335,0,943,0,40,3,6,2,1,42,94,7
3838172,0,943,0,40,3,8,2,1,45,56,7
3869358,0,943,0,40,2,2,2,1,13,20,7
3855862,0,943,0,40,2,3,2,1,22,49,7
3813286,0,943,0,40,3,11,2,1,96,63,7
3839410,0,943,0,40,3,7,2,1,38,24,7
3833892,0,943,0,40,2,6,2,1,62,52,7
3856558,1,943,921,40,2,4,2,1,23,50,7
3869425,0,943,0,40,2,2,2,1,12,83,7
3842676,0,943,0,40,3,7,2,1,34,48,7
3846162,0,943,0,40,2,4,2,1,35,58,7
3858162,0,943,0,40,2,2,2,1,28,51,7
3853668,0,943,0,40,2,3,2,1,28,46,7
3863932,0,943,0,40,2,2,2,1,15,63,7
3851244,0,943,0,40,2,3,2,1,38,53,7
3830483,0,943,0,40,3,9,2,1,40,32,7
3814997,0,943,0,40,3,13,2,1,74,87,7
3860575,0,943,0,40,2,4,2,1,16,64,7
3863182,0,943,0,40,2,3,2,1,11,7,7
3838658,0,943,0,40,3,5,2,1,41,42,7
3842350,0,943,0,40,2,6,2,1,39,10,7
3860805,0,943,0,40,2,2,2,1,21,29,7
3844463,0,943,0,40,2,7,2,1,28,40,7
3856803,0,943,0,40,3,4,2,1,23,18,7
3859798,0,943,0,40,3,4,2,1,20,26,7
3826051,0,943,0,40,3,10,2,1,59,40,7
3836462,0,943,0,40,3,8,2,1,49,58,7
3817242,0,943,0,40,3,12,2,1,66,37,7
3869158,0,943,0,40,2,2,2,1,9,48,7
3845167,0,943,0,40,3,5,2,1,44,48,7
3856530,0,943,0,40,3,3,2,1,25,42,7
3856128,0,943,0,40,3,4,2,1,21,38,7
3863145,0,943,0,40,3,3,2,1,15,63,7
3814630,0,943,0,40,2,13,2,1,76,46,7
3763355,1,943,570,40,3,22,2,1,150,34,7
3872239,0,943,0,40,2,1,2,1,8,15,7
3833075,0,943,0,40,3,7,2,1,34,25,7
3863597,0,943,0,40,2,3,2,1,16,69,7
3836348,0,943,0,40,2,8,2,1,45,9,7
3856956,0,943,0,40,3,3,2,1,26,46,7
3849388,0,943,0,40,3,5,2,1,32,17,7
3862284,0,943,0,40,3,4,2,1,11,77,7
3862701,0,943,0,40,3,2,2,1,22,55,7
3862456,0,943,0,40,2,3,2,1,21,19,7
3850512,0,943,0,40,2,4,2,1,32,27,7
3848726,0,943,0,40,2,7,2,1,25,26,7
3865408,0,943,0,40,3,3,2,1,14,50,7
3855194,0,943,0,40,3,6,2,1,24,44,7
3853483,0,943,0,40,3,5,2,1,28,87,7
3872061,0,943,0,40,3,1,2,1,7,32,7
3872325,0,943,0,40,3,1,2,1,7,50,7
3872938,0,943,0,40,3,1,2,1,7,28,7
3873662,0,943,0,40,2,1,2,1,7,47,7
3866014,0,943,0,40,3,2,2,1,8,26,7
3859082,0,943,0,40,2,2,2,1,24,40,7
3846293,0,943,0,40,3,4,2,1,40,84,7
3807022,0,943,0,40,2,11,2,1,80,47,7
3829661,0,943,0,40,2,9,2,1,50,52,7
3853223,0,943,0,40,2,4,2,1,30,42,7
3862707,0,943,0,40,2,3,2,1,15,58,7
3869930,0,943,0,40,2,2,2,1,7,21,7
3863907,0,943,0,40,3,2,2,1,19,65,7
3858177,0,943,0,40,3,4,2,1,24,30,7
3820001,0,943,0,40,2,8,2,1,82,56,7
3814942,0,943,0,40,2,16,2,1,61,47,7
3808522,0,943,0,40,2,12,2,1,109,46,7
3825634,0,943,0,40,2,9,2,1,67,77,7
3858457,0,943,0,40,3,5,2,1,21,56,7
3847753,1,943,900,40,2,6,2,1,38,99,7
3838129,0,943,0,40,3,7,2,1,41,19,7
3855540,0,943,0,40,3,4,2,1,29,34,7
3859137,0,943,0,40,3,4,2,1,23,105,7
3867310,0,943,0,40,3,2,2,1,7,21,7
3844685,0,943,0,40,3,6,2,1,22,43,7
3833144,0,943,0,40,3,9,2,1,36,18,7
3861826,0,943,0,40,2,3,2,1,13,72,7
3840274,0,943,0,40,2,6,2,1,36,39,7
3866205,0,943,0,40,3,2,2,1,15,35,7
3865288,0,943,0,40,2,3,2,1,15,20,7
3862108,0,943,0,40,3,4,2,1,13,65,7
3861877,0,943,0,40,2,3,2,1,14,70,7
3840156,0,943,0,40,3,9,2,1,32,61,7
3849461,0,943,0,40,3,5,2,1,18,15,7
3871275,0,943,0,40,2,2,2,1,6,36,7
3871983,0,943,0,40,2,2,2,1,6,69,7
3862428,1,943,940,30.8861,2,3,2,1,18,36,7
3840797,0,943,0,40,3,8,2,1,36,28,7
3841591,0,943,0,40,2,8,2,1,40,22,7
3845981,0,943,0,40,2,7,2,1,20,47,7
3857244,0,943,0,40,2,4,2,1,22,35,7
3855368,0,943,0,40,2,4,2,1,19,20,7
3847692,0,943,0,40,3,4,2,1,45,53,7
3866202,0,943,0,40,2,2,2,1,12,55,7
3868310,0,943,0,40,2,3,2,1,9,46,7
3867490,0,943,0,40,2,3,2,1,12,75,7
3840246,0,943,0,40,3,6,2,1,43,73,7
3812552,0,943,0,40,3,14,2,1,75,17,7
3860149,0,943,0,40,3,3,2,1,27,120,7
3871996,0,943,0,40,2,1,2,1,5,39,7
3872521,0,943,0,40,3,1,2,1,5,26,7
3874284,0,943,0,40,2,1,2,1,5,36,7
3874388,0,943,0,40,2,1,2,1,5,57,7
3874440,0,943,0,40,2,1,2,1,5,37,7
3860925,0,943,0,40,2,1,2,1,27,23,7
3808272,0,943,0,40,2,15,2,1,93,57,7
3868042,1,943,941,22.6024,3,1,2,1,16,116,7
3855422,0,943,0,40,3,3,2,1,25,93,7
3843576,0,943,0,40,3,6,2,1,42,40,7
3863853,0,943,0,40,3,3,2,1,19,25,7
3869880,0,943,0,40,2,1,2,1,14,27,7
3870191,0,943,0,40,2,1,2,1,13,60,7
3819793,0,943,0,40,3,11,2,1,53,89,7
3853126,0,943,0,40,3,5,2,1,19,39,7
3869668,0,943,0,40,3,2,2,1,13,51,7
3858813,0,943,0,40,3,3,2,1,27,12,7
3870593,0,943,0,40,3,1,2,1,12,55,7
3871707,0,943,0,40,2,1,2,1,11,53,7
3872003,0,943,0,40,2,1,2,1,11,41,7
3827644,0,943,0,40,2,8,2,1,42,23,7
3872246,0,943,0,40,3,1,2,1,10,32,7
3848017,0,943,0,40,3,5,2,1,30,28,7
3857589,0,943,0,40,2,3,2,1,28,24,7
3831449,0,943,0,40,3,10,2,1,49,68,7
3867315,0,943,0,40,3,2,2,1,11,27,7
3851004,0,943,0,40,3,6,2,1,33,58,7
3858176,0,943,0,40,2,3,2,1,19,54,7
3871212,0,943,0,40,3,2,2,1,12,40,7
3873304,0,943,0,40,3,1,2,1,8,34,7
3800943,0,943,0,40,2,17,2,1,101,29,7
3836688,0,943,0,40,2,7,2,1,46,25,7
3873766,0,943,0,40,3,1,2,1,7,16,7
3830242,0,943,0,40,3,10,2,1,40,64,7
3859313,0,943,0,40,3,3,2,1,24,28,7
3848414,0,943,0,40,2,7,2,1,32,36,7
3844062,0,943,0,40,2,6,2,1,29,51,7
3851279,0,943,0,40,2,7,2,1,24,31,7
3833225,0,943,0,40,3,10,2,1,48,36,7
3871147,0,943,0,40,2,2,2,1,7,72,7
3838124,1,943,941,30.5248,2,8,2,1,37,27,7
3871933,0,943,0,40,2,2,2,1,9,15,7
3814399,0,943,0,40,3,11,2,1,76,35,7
3872105,0,943,0,40,2,0,2,1,4,24,7
3872345,0,943,0,40,3,0,2,1,4,53,7
3872473,0,943,0,40,2,0,2,1,4,51,7
3872672,0,943,0,40,3,0,2,1,4,34,7
3872800,0,943,0,40,3,0,2,1,4,13,7
3872992,0,943,0,40,3,0,2,1,4,40,7
3873056,0,943,0,40,3,0,2,1,4,52,7
3873169,0,943,0,40,2,0,2,1,4,15,7
3873233,0,943,0,40,3,0,2,1,4,82,7
3873265,0,943,0,40,3,0,2,1,4,35,7
3873297,0,943,0,40,3,0,2,1,4,53,7
3873329,0,943,0,40,3,0,2,1,4,70,7
3873361,0,943,0,40,2,0,2,1,4,18,7
3873425,0,943,0,40,2,0,2,1,4,37,7
3873457,0,943,0,40,2,0,2,1,4,34,7
3873489,0,943,0,40,2,0,2,1,4,65,7
3873513,0,943,0,40,3,0,2,1,4,42,7
3873577,0,943,0,40,2,0,2,1,4,34,7
3873649,0,943,0,40,2,0,2,1,4,20,7
3873681,0,943,0,40,3,0,2,1,4,70,7
3873713,0,943,0,40,2,0,2,1,4,11,7
3873753,0,943,0,40,2,0,2,1,4,58,7
3873785,0,943,0,40,3,0,2,1,4,34,7
3873833,0,943,0,40,2,0,2,1,4,25,7
3873849,0,943,0,40,3,0,2,1,4,59,7
3873881,0,943,0,40,3,0,2,1,4,34,7
3873913,0,943,0,40,3,0,2,1,4,31,7
3873929,0,943,0,40,2,0,2,1,4,40,7
3873945,0,943,0,40,2,0,2,1,4,32,7
3873961,0,943,0,40,3,0,2,1,4,43,7
3873977,0,943,0,40,2,0,2,1,4,7,7
3873993,0,943,0,40,2,0,2,1,4,39,7
3874009,0,943,0,40,2,0,2,1,4,23,7
3874025,0,943,0,40,3,0,2,1,4,88,7
3874041,0,943,0,40,2,0,2,1,4,27,7
3874057,0,943,0,40,3,0,2,1,4,43,7
3874073,0,943,0,40,3,0,2,1,4,40,7
3874089,0,943,0,40,2,0,2,1,4,73,7
3874105,0,943,0,40,2,0,2,1,4,37,7
3874121,0,943,0,40,2,0,2,1,4,50,7
3874137,0,943,0,40,2,0,2,1,4,50,7
3874169,0,943,0,40,2,0,2,1,4,18,7
3874201,0,943,0,40,3,0,2,1,4,48,7
3874233,0,943,0,40,2,0,2,1,4,61,7
3874249,0,943,0,40,2,0,2,1,4,56,7
3874273,0,943,0,40,2,0,2,1,4,17,7
3874289,0,943,0,40,2,0,2,1,4,31,7
3874297,0,943,0,40,3,0,2,1,4,59,7
3874305,0,943,0,40,3,0,2,1,4,68,7
3874313,0,943,0,40,2,0,2,1,4,67,7
3874321,0,943,0,40,3,0,2,1,4,67,7
3874329,0,943,0,40,2,0,2,1,4,35,7
3874345,0,943,0,40,3,0,2,1,4,23,7
3874353,0,943,0,40,2,0,2,1,4,28,7
3874369,0,943,0,40,3,0,2,1,4,61,7
3874377,0,943,0,40,3,0,2,1,4,19,7
3874385,0,943,0,40,2,0,2,1,4,46,7
3874393,0,943,0,40,2,0,2,1,4,63,7
3874417,0,943,0,40,2,0,2,1,4,54,7
3874425,0,943,0,40,2,0,2,1,4,79,7
3874433,0,943,0,40,2,0,2,1,4,18,7
3874441,0,943,0,40,2,0,2,1,4,37,7
3874449,0,943,0,40,2,0,2,1,4,31,7
3874465,0,943,0,40,3,0,2,1,4,56,7
3874489,0,943,0,40,3,0,2,1,4,28,7
3874513,0,943,0,40,3,0,2,1,4,62,7
3874529,0,943,0,40,2,0,2,1,4,32,7
3874537,0,943,0,40,2,0,2,1,4,37,7
3874553,0,943,0,40,2,0,2,1,4,74,7
3874561,0,943,0,40,2,0,2,1,4,42,7
3874569,0,943,0,40,2,0,2,1,4,21,7
3874577,0,943,0,40,3,0,2,1,4,66,7
3874585,0,943,0,40,3,0,2,1,4,24,7
3874593,0,943,0,40,3,0,2,1,4,61,7
3874617,0,943,0,40,3,0,2,1,4,44,7
3874641,0,943,0,40,3,0,2,1,4,40,7
3874649,0,943,0,40,2,0,2,1,4,41,7
3874673,0,943,0,40,2,0,2,1,4,32,7
3874681,0,943,0,40,3,0,2,1,4,39,7
3874689,0,943,0,40,2,0,2,1,4,20,7
3874697,0,943,0,40,2,0,2,1,4,115,7
3874705,0,943,0,40,3,0,2,1,4,56,7
3874745,0,943,0,40,2,0,2,1,4,70,7
3874753,0,943,0,40,2,0,2,1,4,27,7
3874761,0,943,0,40,3,0,2,1,4,32,7
3874769,0,943,0,40,2,0,2,1,4,77,7
3874777,0,943,0,40,3,0,2,1,4,46,7
3874785,0,943,0,40,3,0,2,1,4,67,7
3874789,0,943,0,40,2,0,2,1,4,62,7
3874793,0,943,0,40,2,0,2,1,4,15,7
3874797,0,943,0,40,2,0,2,1,4,57,7
3874801,0,943,0,40,2,0,2,1,4,39,7
3874805,0,943,0,40,2,0,2,1,4,44,7
3874809,0,943,0,40,3,0,2,1,4,31,7
3874813,0,943,0,40,2,0,2,1,4,37,7
3874821,0,943,0,40,3,0,2,1,4,18,7
3874825,0,943,0,40,2,0,2,1,4,15,7
3874833,0,943,0,40,2,0,2,1,4,67,7
3874841,0,943,0,40,2,0,2,1,4,53,7
3874845,0,943,0,40,2,0,2,1,4,106,7
3874849,0,943,0,40,3,0,2,1,4,24,7
3874855,0,943,0,40,3,0,2,1,4,38,7
3874859,0,943,0,40,3,0,2,1,4,56,7
3874867,0,943,0,40,2,0,2,1,4,49,7
3874871,0,943,0,40,3,0,2,1,4,22,7
3874879,0,943,0,40,2,0,2,1,4,35,7
3874883,0,943,0,40,3,0,2,1,4,62,7
3874887,0,943,0,40,3,0,2,1,4,35,7
3874891,0,943,0,40,3,0,2,1,4,38,7
3874895,0,943,0,40,2,0,2,1,4,13,7
3874907,0,943,0,40,2,0,2,1,4,56,7
3874911,0,943,0,40,2,0,2,1,4,16,7
3874919,0,943,0,40,2,0,2,1,4,59,7
3874927,0,943,0,40,2,0,2,1,4,60,7
3874939,0,943,0,40,2,0,2,1,4,58,7
3874943,0,943,0,40,3,0,2,1,4,43,7
3874947,0,943,0,40,3,0,2,1,4,60,7
3874951,0,943,0,40,3,0,2,1,4,70,7
3874955,0,943,0,40,2,0,2,1,4,31,7
3874963,0,943,0,40,2,0,2,1,4,27,7
3874967,0,943,0,40,2,0,2,1,4,26,7
3874971,0,943,0,40,2,0,2,1,4,68,7
3874979,0,943,0,40,3,0,2,1,4,34,7
3874987,0,943,0,40,2,0,2,1,4,49,7
3874991,0,943,0,40,3,0,2,1,4,10,7
3874995,0,943,0,40,3,0,2,1,4,29,7
3874999,0,943,0,40,2,0,2,1,4,62,7
3875003,0,943,0,40,2,0,2,1,4,46,7
3875011,0,943,0,40,3,0,2,1,4,58,7
3875023,0,943,0,40,3,0,2,1,4,33,7
3875027,0,943,0,40,3,0,2,1,4,53,7
3875031,0,943,0,40,2,0,2,1,4,43,7
3875035,0,943,0,40,2,0,2,1,4,92,7
3875039,0,943,0,40,2,0,2,1,4,39,7
3875047,0,943,0,40,3,0,2,1,4,22,7
3875055,0,943,0,40,3,0,2,1,4,51,7
3875063,0,943,0,40,2,0,2,1,4,35,7
3875067,0,943,0,40,3,0,2,1,4,106,7
3875075,0,943,0,40,2,0,2,1,4,24,7
3875079,0,943,0,40,3,0,2,1,4,39,7
3875091,0,943,0,40,3,0,2,1,4,43,7
3875095,0,943,0,40,2,0,2,1,4,33,7
3875103,0,943,0,40,3,0,2,1,4,29,7
3875107,0,943,0,40,2,0,2,1,4,36,7
3875115,0,943,0,40,2,0,2,1,4,110,7
3875123,0,943,0,40,3,0,2,1,4,24,7
3875127,0,943,0,40,2,0,2,1,4,16,7
3875131,0,943,0,40,3,0,2,1,4,55,7
3875135,0,943,0,40,3,0,2,1,4,27,7
3875139,0,943,0,40,3,0,2,1,4,55,7
3875143,0,943,0,40,3,0,2,1,4,36,7
3875147,0,943,0,40,2,0,2,1,4,82,7
3875155,0,943,0,40,3,0,2,1,4,31,7
3875163,0,943,0,40,3,0,2,1,4,45,7
3875167,0,943,0,40,2,0,2,1,4,27,7
3875171,0,943,0,40,2,0,2,1,4,59,7
3875179,0,943,0,40,2,0,2,1,4,47,7
3875191,0,943,0,40,2,0,2,1,4,33,7
3875195,0,943,0,40,3,0,2,1,4,28,7
3875199,0,943,0,40,3,0,2,1,4,67,7
3875203,0,943,0,40,3,0,2,1,4,34,7
3875211,0,943,0,40,3,0,2,1,4,48,7
3875215,0,943,0,40,2,0,2,1,4,47,7
3875219,0,943,0,40,2,0,2,1,4,57,7
3875223,0,943,0,40,2,0,2,1,4,56,7
3875227,0,943,0,40,3,0,2,1,4,41,7
3875235,0,943,0,40,3,0,2,1,4,34,7
3875243,0,943,0,40,3,0,2,1,4,32,7
3875251,0,943,0,40,2,0,2,1,4,16,7
3875255,0,943,0,40,2,0,2,1,4,44,7
3875259,0,943,0,40,2,0,2,1,4,69,7
3875263,0,943,0,40,2,0,2,1,4,23,7
3875267,0,943,0,40,3,0,2,1,4,31,7
3875275,0,943,0,40,3,0,2,1,4,37,7
3875279,0,943,0,40,2,0,2,1,4,39,7
3875288,0,943,0,40,3,0,2,1,4,22,7
3875290,0,943,0,40,3,0,2,1,4,43,7
3875292,0,943,0,40,3,0,2,1,4,45,7
3875294,0,943,0,40,3,0,2,1,4,78,7
3875296,0,943,0,40,2,0,2,1,4,17,7
3875300,0,943,0,40,3,0,2,1,4,61,7
3875302,0,943,0,40,2,0,2,1,4,34,7
3875304,0,943,0,40,2,0,2,1,4,52,7
3875306,0,943,0,40,3,0,2,1,4,61,7
3875310,0,943,0,40,3,0,2,1,4,61,7
3875314,0,943,0,40,3,0,2,1,4,62,7
3875316,0,943,0,40,2,0,2,1,4,90,7
3875320,0,943,0,40,2,0,2,1,4,69,7
3875326,0,943,0,40,3,0,2,1,4,54,7
3875330,0,943,0,40,2,0,2,1,4,25,7
3875332,0,943,0,40,3,0,2,1,4,97,7
3875336,0,943,0,40,3,0,2,1,4,56,7
3875338,0,943,0,40,3,0,2,1,4,64,7
3875340,0,943,0,40,2,0,2,1,4,34,7
3875346,0,943,0,40,3,0,2,1,4,25,7
3875348,0,943,0,40,3,0,2,1,4,44,7
3875350,0,943,0,40,2,0,2,1,4,61,7
3875358,0,943,0,40,3,0,2,1,4,38,7
3875360,0,943,0,40,2,0,2,1,4,36,7
3875364,0,943,0,40,2,0,2,1,4,51,7
3875368,0,943,0,40,3,0,2,1,4,46,7
3875370,0,943,0,40,3,0,2,1,4,80,7
3875372,0,943,0,40,2,0,2,1,4,51,7
3875376,0,943,0,40,3,0,2,1,4,16,7
3875378,0,943,0,40,2,0,2,1,4,53,7
3875380,0,943,0,40,3,0,2,1,4,21,7
3875382,0,943,0,40,2,0,2,1,4,9,7
3875384,0,943,0,40,3,0,2,1,4,10,7
3875386,0,943,0,40,3,0,2,1,4,17,7
3875392,0,943,0,40,3,0,2,1,4,35,7
3875394,0,943,0,40,3,0,2,1,4,35,7
3875396,0,943,0,40,2,0,2,1,4,41,7
3875398,0,943,0,40,3,0,2,1,4,45,7
3875400,0,943,0,40,3,0,2,1,4,19,7
3875406,0,943,0,40,2,0,2,1,4,21,7
3875410,0,943,0,40,3,0,2,1,4,44,7
3875412,0,943,0,40,2,0,2,1,4,34,7
3875414,0,943,0,40,2,0,2,1,4,69,7
3875416,0,943,0,40,3,0,2,1,4,47,7
3875418,0,943,0,40,2,0,2,1,4,40,7
3875420,0,943,0,40,3,0,2,1,4,58,7
3875424,0,943,0,40,3,0,2,1,4,54,7
3875426,0,943,0,40,3,0,2,1,4,27,7
3875428,0,943,0,40,3,0,2,1,4,68,7
3875430,0,943,0,40,3,0,2,1,4,33,7
3875436,0,943,0,40,3,0,2,1,4,39,7
3875440,0,943,0,40,2,0,2,1,4,77,7
3875444,0,943,0,40,2,0,2,1,4,54,7
3875446,0,943,0,40,3,0,2,1,4,31,7
3875450,0,943,0,40,2,0,2,1,4,69,7
3875452,0,943,0,40,3,0,2,1,4,100,7
3875456,0,943,0,40,3,0,2,1,4,50,7
3875460,0,943,0,40,3,0,2,1,4,35,7
3875462,0,943,0,40,2,0,2,1,4,50,7
3875464,0,943,0,40,2,0,2,1,4,66,7
3875466,0,943,0,40,3,0,2,1,4,27,7
3875468,0,943,0,40,3,0,2,1,4,49,7
3875472,0,943,0,40,2,0,2,1,4,29,7
3875474,0,943,0,40,3,0,2,1,4,46,7
3875478,0,943,0,40,2,0,2,1,4,62,7
3875482,0,943,0,40,3,0,2,1,4,33,7
3875484,0,943,0,40,3,0,2,1,4,53,7
3875486,0,943,0,40,2,0,2,1,4,39,7
3875490,0,943,0,40,2,0,2,1,4,16,7
3875492,0,943,0,40,3,0,2,1,4,49,7
3875494,0,943,0,40,3,0,2,1,4,65,7
3875496,0,943,0,40,3,0,2,1,4,47,7
3875498,0,943,0,40,3,0,2,1,4,62,7
3875502,0,943,0,40,3,0,2,1,4,20,7
3875504,0,943,0,40,3,0,2,1,4,22,7
3875506,0,943,0,40,2,0,2,1,4,30,7
3875510,0,943,0,40,3,0,2,1,4,52,7
3875512,0,943,0,40,3,0,2,1,4,63,7
3875514,0,943,0,40,2,0,2,1,4,91,7
3875516,0,943,0,40,3,0,2,1,4,64,7
3875524,0,943,0,40,3,0,2,1,4,43,7
3875526,0,943,0,40,2,0,2,1,4,34,7
3875528,0,943,0,40,3,0,2,1,4,15,7
3875530,0,943,0,40,3,0,2,1,4,33,7
3875532,0,943,0,40,2,0,2,1,4,35,7
3875534,0,943,0,40,3,0,2,1,4,66,7
3875540,0,943,0,40,3,0,2,1,4,84,7
3875546,0,943,0,40,2,0,2,1,4,23,7
3875548,0,943,0,40,2,0,2,1,4,56,7
3875552,0,943,0,40,3,0,2,1,4,64,7
3875554,0,943,0,40,3,0,2,1,4,51,7
3875558,0,943,0,40,3,0,2,1,4,44,7
3875560,0,943,0,40,2,0,2,1,4,79,7
3875562,0,943,0,40,2,0,2,1,4,67,7
3875564,0,943,0,40,2,0,2,1,4,22,7
3875566,0,943,0,40,3,0,2,1,4,25,7
3875568,0,943,0,40,2,0,2,1,4,17,7
3875570,0,943,0,40,3,0,2,1,4,27,7
3875572,0,943,0,40,2,0,2,1,4,51,7
3875574,0,943,0,40,3,0,2,1,4,63,7
3875576,0,943,0,40,3,0,2,1,4,24,7
3875580,0,943,0,40,2,0,2,1,4,70,7
3875584,0,943,0,40,2,0,2,1,4,64,7
3875586,0,943,0,40,3,0,2,1,4,65,7
3875588,0,943,0,40,2,0,2,1,4,38,7
3875590,0,943,0,40,3,0,2,1,4,20,7
3875592,0,943,0,40,2,0,2,1,4,50,7
3875594,0,943,0,40,2,0,2,1,4,27,7
3875598,0,943,0,40,2,0,2,1,4,26,7
3875602,0,943,0,40,2,0,2,1,4,24,7
3875604,0,943,0,40,3,0,2,1,4,38,7
3875612,0,943,0,40,3,0,2,1,4,56,7
3875616,0,943,0,40,2,0,2,1,4,41,7
3875618,0,943,0,40,3,0,2,1,4,30,7
3875620,0,943,0,40,2,0,2,1,4,51,7
3875624,0,943,0,40,2,0,2,1,4,56,7
3875628,0,943,0,40,2,0,2,1,4,54,7
3875630,0,943,0,40,2,0,2,1,4,64,7
3875632,0,943,0,40,3,0,2,1,4,26,7
3875634,0,943,0,40,3,0,2,1,4,33,7
3875636,0,943,0,40,3,0,2,1,4,59,7
3875640,0,943,0,40,2,0,2,1,4,41,7
3875646,0,943,0,40,2,0,2,1,4,42,7
3875654,0,943,0,40,3,0,2,1,4,28,7
3875664,0,943,0,40,2,0,2,1,4,35,7
3875668,0,943,0,40,3,0,2,1,4,100,7
3875670,0,943,0,40,3,0,2,1,4,62,7
3875674,0,943,0,40,3,0,2,1,4,31,7
3875676,0,943,0,40,2,0,2,1,4,18,7
3875678,0,943,0,40,3,0,2,1,4,62,7
3875680,0,943,0,40,2,0,2,1,4,22,7
3875682,0,943,0,40,3,0,2,1,4,40,7
3875686,0,943,0,40,2,0,2,1,4,44,7
3875688,0,943,0,40,2,0,2,1,4,28,7
3875690,0,943,0,40,3,0,2,1,4,58,7
3875692,0,943,0,40,3,0,2,1,4,56,7
3875696,0,943,0,40,3,0,2,1,4,18,7
3875698,0,943,0,40,2,0,2,1,4,61,7
3875702,0,943,0,40,2,0,2,1,4,33,7
3875704,0,943,0,40,2,0,2,1,4,35,7
3875706,0,943,0,40,3,0,2,1,4,22,7
3875708,0,943,0,40,2,0,2,1,4,38,7
3875710,0,943,0,40,2,0,2,1,4,61,7
3875714,0,943,0,40,3,0,2,1,4,75,7
3875718,0,943,0,40,3,0,2,1,4,45,7
3875720,0,943,0,40,3,0,2,1,4,26,7
3875722,0,943,0,40,3,0,2,1,4,54,7
3875724,0,943,0,40,2,0,2,1,4,43,7
3875726,0,943,0,40,2,0,2,1,4,37,7
3875728,0,943,0,40,2,0,2,1,4,43,7
3875730,0,943,0,40,2,0,2,1,4,60,7
3875732,0,943,0,40,2,0,2,1,4,18,7
3875734,0,943,0,40,2,0,2,1,4,80,7
3875736,0,943,0,40,2,0,2,1,4,71,7
3875742,0,943,0,40,2,0,2,1,4,27,7
3875744,0,943,0,40,3,0,2,1,4,29,7
3875750,0,943,0,40,2,0,2,1,4,68,7
3875752,0,943,0,40,3,0,2,1,4,67,7
3875754,0,943,0,40,2,0,2,1,4,49,7
3875758,0,943,0,40,2,0,2,1,4,77,7
3875760,0,943,0,40,3,0,2,1,4,53,7
3875762,0,943,0,40,2,0,2,1,4,91,7
3875764,0,943,0,40,3,0,2,1,4,30,7
3875766,0,943,0,40,3,0,2,1,4,55,7
3875768,0,943,0,40,3,0,2,1,4,21,7
3875770,0,943,0,40,3,0,2,1,4,54,7
3875772,0,943,0,40,3,0,2,1,4,24,7
3875776,0,943,0,40,3,0,2,1,4,58,7
3875778,0,943,0,40,2,0,2,1,4,61,7
3875782,0,943,0,40,3,0,2,1,4,38,7
3875786,0,943,0,40,3,0,2,1,4,18,7
3875790,0,943,0,40,2,0,2,1,4,37,7
3875794,0,943,0,40,3,0,2,1,4,75,7
3875796,0,943,0,40,2,0,2,1,4,79,7
3875798,0,943,0,40,3,0,2,1,4,45,7
3875800,0,943,0,40,2,0,2,1,4,30,7
3875802,0,943,0,40,2,0,2,1,4,14,7
3875806,0,943,0,40,3,0,2,1,4,40,7
3875808,0,943,0,40,2,0,2,1,4,22,7
3875812,0,943,0,40,2,0,2,1,4,44,7
3875816,0,943,0,40,3,0,2,1,4,39,7
3875820,0,943,0,40,2,0,2,1,4,19,7
3875822,0,943,0,40,3,0,2,1,4,60,7
3875826,0,943,0,40,2,0,2,1,4,32,7
3875828,0,943,0,40,3,0,2,1,4,14,7
3875830,0,943,0,40,2,0,2,1,4,38,7
3875832,0,943,0,40,3,0,2,1,4,31,7
3875834,0,943,0,40,3,0,2,1,4,86,7
3875836,0,943,0,40,3,0,2,1,4,104,7
3875838,0,943,0,40,2,0,2,1,4,45,7
3875840,0,943,0,40,3,0,2,1,4,33,7
3875842,0,943,0,40,3,0,2,1,4,30,7
3875844,0,943,0,40,3,0,2,1,4,15,7
3875848,0,943,0,40,3,0,2,1,4,54,7
3848322,0,943,0,40,2,5,2,1,17,38,7
3823690,0,943,0,40,2,10,2,1,48,28,7
3854194,0,943,0,40,2,4,2,1,13,123,7
3805733,0,943,0,40,2,11,2,1,59,34,7
3850875,0,943,0,40,3,4,2,1,19,30,7
3832700,0,943,0,40,2,7,2,1,46,44,7
3860115,0,943,0,40,2,2,2,1,14,80,7
3863820,0,943,0,40,3,1,2,1,8,33,7
3836171,0,943,0,40,2,5,2,1,40,42,7
3866919,0,943,0,40,2,1,2,1,5,43,7
3815952,0,943,0,40,2,12,2,1,56,63,7
3862743,0,943,0,40,2,1,2,1,13,24,7
3814533,0,943,0,40,2,10,2,1,69,31,7
3848357,0,943,0,40,2,4,2,1,24,20,7
3866142,0,943,0,40,2,1,2,1,7,28,7
3822776,0,943,0,40,3,7,2,1,59,38,7
3842160,0,943,0,40,3,5,2,1,26,59,7
3840364,0,943,0,40,3,8,2,1,33,59,7
3820089,0,943,0,40,3,9,2,1,59,37,7
3808042,0,943,0,40,2,12,2,1,71,40,7
3858591,0,943,0,40,2,2,2,1,18,35,7
3847255,0,943,0,40,2,4,2,1,28,16,7
3849487,0,943,0,40,3,4,2,1,21,41,7
3862281,0,943,0,40,2,2,2,1,12,55,7
3859589,0,943,0,40,2,2,2,1,10,56,7
3867120,0,943,0,40,2,1,2,1,8,39,7
3841396,0,943,0,40,2,5,2,1,42,48,7
3866785,0,943,0,40,3,1,2,1,7,21,7
3822363,0,943,0,40,2,9,2,1,52,74,7
3725441,0,943,0,40,3,27,2,1,150,35,7
3835546,0,943,0,40,2,6,2,1,39,30,7
3817135,0,943,0,40,3,9,2,1,76,27,7
3851994,0,943,0,40,3,2,2,1,25,43,7
3837068,0,943,0,40,3,6,2,1,38,56,7
3858424,0,943,0,40,3,4,2,1,12,50,7
3836948,0,943,0,40,2,10,2,1,28,25,7
3830443,0,943,0,40,3,7,2,1,51,57,7
3830966,0,943,0,40,3,4,2,1,46,28,7
3837355,0,943,0,40,3,6,2,1,41,49,7
3831873,0,943,0,40,3,4,2,1,61,18,7
3856654,0,943,0,40,2,3,2,1,17,76,7
3865050,0,943,0,40,3,1,2,1,13,86,7
3860602,1,943,920,29.0875,3,2,2,1,16,49,7
3806625,0,943,0,40,2,11,2,1,69,65,7
3866432,0,943,0,40,2,1,2,1,10,26,7
3817633,1,943,920,40,2,10,2,1,66,48,7
3866511,0,943,0,40,3,1,2,1,9,32,7
3823157,0,943,0,40,2,12,2,1,52,24,7
3801677,0,943,0,40,2,11,2,1,66,33,7
3865280,0,943,0,40,2,2,2,1,9,42,7
3857094,0,943,0,40,3,3,2,1,9,50,7
3861062,1,943,932,40,2,2,2,1,17,50,7
3862077,1,943,925,40,2,2,2,1,12,20,7
3802298,0,943,0,40,3,13,2,1,86,35,7
3868786,0,943,0,40,2,1,2,1,6,57,7
3844438,0,943,0,40,3,6,2,1,29,45,7
3855315,0,943,0,40,2,3,2,1,18,26,7
3854828,0,943,0,40,2,3,2,1,22,39,7
3863400,0,943,0,40,2,3,2,1,9,68,7
3868899,0,943,0,40,3,1,2,1,5,35,7
3820565,0,943,0,40,2,9,2,1,57,37,7
3850040,0,943,0,40,2,5,2,1,23,45,7
3851494,0,943,0,40,3,5,2,1,16,55,7
3829724,0,943,0,40,3,9,2,1,40,39,7
3869800,0,943,0,40,2,1,2,1,4,43,7
3845106,0,943,0,40,2,4,2,1,32,36,7
3859161,0,943,0,40,3,1,2,1,23,53,7
3847769,0,943,0,40,2,3,2,1,32,51,7
3856792,0,943,0,40,2,2,2,1,21,22,7
3824446,0,943,0,40,3,7,2,1,61,47,7
3826910,0,943,0,40,3,8,2,1,49,43,7
3813513,0,943,0,40,2,8,2,1,82,44,7
3822361,0,943,0,40,3,8,2,1,71,51,7
3858527,0,943,0,40,3,2,2,1,17,95,7
3856142,0,943,0,40,3,4,2,1,22,66,7
3828204,0,943,0,40,2,6,2,1,60,29,7
3865947,0,943,0,40,2,1,2,1,12,50,7
3848413,0,943,0,40,2,4,2,1,25,49,7
3859473,0,943,0,40,3,2,2,1,16,21,7
3859224,0,943,0,40,2,3,2,1,19,39,7
3716858,1,943,545,40,3,24,2,1,189,27,7
3855997,0,943,0,40,2,3,2,1,16,32,7
3858980,0,943,0,40,2,3,2,1,18,102,7
3867442,0,943,0,40,3,1,2,1,10,26,7
3860147,0,943,0,40,3,2,2,1,16,87,7
3844660,0,943,0,40,2,6,2,1,24,38,7
3851281,0,943,0,40,3,5,2,1,21,44,7
3867626,0,943,0,40,3,1,2,1,9,70,7
3818580,0,943,0,40,3,10,2,1,55,77,7
3849192,0,943,0,40,3,5,2,1,27,57,7
3861253,0,943,0,40,3,2,2,1,14,67,7
3865749,0,943,0,40,2,2,2,1,9,41,7
3867475,0,943,0,40,2,1,2,1,8,54,7
3868285,0,943,0,40,2,1,2,1,8,18,7
3844299,1,943,915,40,2,4,2,1,30,41,7
3864504,0,943,0,40,2,2,2,1,10,50,7
3851331,0,943,0,40,2,6,2,1,22,19,7
3856818,0,943,0,40,2,3,2,1,22,72,7
3864434,0,943,0,40,2,1,2,1,7,87,7
3868606,1,943,933,14.1093,3,1,2,1,7,57,7
3830023,0,943,0,40,3,8,2,1,57,49,7
3823523,0,943,0,40,3,10,2,1,45,35,7
3862712,0,943,0,40,3,2,2,1,12,19,7
3804894,0,943,0,40,3,10,2,1,105,49,7
3865433,0,943,0,40,3,2,2,1,7,75,7
3812479,0,943,0,40,3,12,2,1,83,64,7
3807215,0,943,0,40,3,12,2,1,68,62,7
3831047,0,943,0,40,2,7,2,1,51,57,7
3869532,0,943,0,40,3,1,2,1,6,17,7
3855957,0,943,0,40,2,3,2,1,10,31,7
3847831,0,943,0,40,3,6,2,1,20,35,7
3842156,0,943,0,40,3,5,2,1,39,50,7
3849933,0,943,0,40,3,5,2,1,13,38,7
3863243,0,943,0,40,2,3,2,1,10,107,7
3853903,0,943,0,40,3,4,2,1,16,39,7
3868897,0,943,0,40,2,1,2,1,5,43,7
3863056,0,943,0,40,2,2,2,1,7,59,7
3849596,0,943,0,40,2,4,2,1,22,6,7
3862045,0,943,0,40,3,2,2,1,10,43,7
3769743,0,943,0,40,3,20,2,1,116,55,7
3862164,0,943,0,40,2,2,2,1,14,57,7
3826568,0,943,0,40,3,11,2,1,41,25,7
3867142,0,943,0,40,2,2,2,1,6,49,7
3825877,0,943,0,40,3,10,2,1,52,39,7
3852119,0,943,0,40,2,5,2,1,30,36,7
3857637,0,943,0,40,3,5,2,1,17,51,7
3870588,0,943,0,40,3,1,2,1,4,51,7
3846773,0,943,0,40,3,2,2,1,44,31,7
3859666,0,943,0,40,2,1,2,1,24,64,7
3858519,0,943,0,40,2,1,2,1,22,66,7
3859492,0,943,0,40,2,2,2,1,22,80,7
3849179,0,943,0,40,2,3,2,1,37,41,7
3844797,0,943,0,40,3,5,2,1,34,64,7
3834196,0,943,0,40,2,4,2,1,62,17,7
3862582,0,943,0,40,2,2,2,1,19,25,7
3832441,0,943,0,40,2,6,2,1,55,17,7
3859638,0,943,0,40,2,2,2,1,19,39,7
3864117,0,943,0,40,3,1,2,1,16,31,7
3855398,0,943,0,40,2,3,2,1,21,66,7
3857857,1,943,934,40,2,2,2,1,24,84,7
3858661,0,943,0,40,2,3,2,1,19,16,7
3810993,0,943,0,40,3,11,2,1,89,14,7
3863273,0,943,0,40,2,1,2,1,14,29,7
3846854,0,943,0,40,2,4,2,1,31,75,7
3833235,0,943,0,40,3,6,2,1,49,19,7
3839939,0,943,0,40,3,6,2,1,30,60,7
3865267,0,943,0,40,3,1,2,1,12,51,7
3824029,0,943,0,40,2,10,2,1,55,47,7
3821313,0,943,0,40,2,9,2,1,58,15,7
3856068,0,943,0,40,2,3,2,1,21,55,7
3865890,0,943,0,40,2,1,2,1,11,25,7
3852827,0,943,0,40,3,4,2,1,21,66,7
3832814,0,943,0,40,3,7,2,1,37,53,7
3824676,0,943,876,40,3,7,2,1,56,28,7
3841794,0,943,0,40,3,5,2,1,30,47,7
3825090,0,943,0,40,3,6,2,1,66,23,7
3849662,0,943,0,40,2,4,2,1,31,117,7
3848696,0,943,0,40,3,4,2,1,35,59,7
3867303,0,943,0,40,2,1,2,1,10,125,7
3859960,0,943,0,40,3,2,2,1,11,54,7
3831467,0,943,0,40,3,7,2,1,37,48,7
3858894,0,943,0,40,2,3,2,1,16,20,7
3804147,0,943,0,40,2,8,2,1,86,50,7
3865691,0,943,0,40,2,2,2,1,10,59,7
3866565,0,943,0,40,2,1,2,1,9,33,7
3868405,0,943,0,40,3,1,2,1,9,17,7
3806894,0,943,0,40,3,8,2,1,76,43,7
3823504,0,943,0,40,2,6,2,1,72,20,7
3833775,0,943,0,40,3,7,2,1,36,45,7
3849380,0,943,0,40,2,4,2,1,31,56,7
3837038,0,943,0,40,2,6,2,1,47,23,7
3858437,0,943,0,40,3,3,2,1,20,46,7
3816278,0,943,0,40,2,11,2,1,75,21,7
3868952,0,943,0,40,2,1,2,1,8,35,7
3837756,0,943,0,40,3,6,2,1,40,55,7
3857670,0,943,0,40,2,2,2,1,19,36,7
3852345,0,943,0,40,3,4,2,1,23,54,7
3837938,0,943,0,40,2,6,2,1,38,26,7
3849629,0,943,0,40,2,5,2,1,27,57,7
3852500,0,943,0,40,3,4,2,1,22,42,7
3853606,0,943,0,40,3,4,2,1,22,35,7
3853956,0,943,0,40,3,2,2,1,31,82,7
3837878,0,943,0,40,2,6,2,1,52,52,7
3868612,0,943,0,40,2,1,2,1,7,24,7
3869628,0,943,0,40,3,1,2,1,7,62,7
3821335,0,943,0,40,2,6,2,1,73,35,7
3828455,0,943,0,40,2,8,2,1,54,20,7
3861804,0,943,0,40,2,2,2,1,15,40,7
3816487,0,943,0,40,2,14,2,1,52,57,7
3796245,1,943,918,30.0821,3,19,2,1,95,30,7
3855335,0,943,0,40,3,4,2,1,21,66,7
3814501,0,943,0,40,3,13,2,1,65,42,7
3867220,0,943,0,40,3,2,2,1,9,58,7
3854067,0,943,0,40,2,4,2,1,26,17,7
3869225,0,943,0,40,2,1,2,1,6,63,7
3811787,0,943,0,40,2,13,2,1,64,68,7
3809918,0,943,0,40,3,15,2,1,87,51,7
3815170,0,943,0,40,3,13,2,1,61,56,7
3859314,0,943,0,40,2,3,2,1,14,36,7
3865991,0,943,0,40,2,2,2,1,7,9,7
3849902,0,943,0,40,3,6,2,1,25,61,7
3856677,0,943,0,40,3,4,2,1,19,57,7
3847156,0,943,0,40,3,5,2,1,26,70,7
3859195,0,943,0,40,3,3,2,1,15,26,7
3832506,0,943,0,40,2,8,2,1,48,34,7
3867178,0,943,0,40,2,2,2,1,9,30,7
3853399,0,943,0,40,3,5,2,1,17,35,7
3869591,0,943,0,40,2,1,2,1,5,34,7
3859607,0,943,0,40,2,2,2,1,13,19,7
3821396,0,943,0,40,2,9,2,1,52,22,7
3855832,0,943,0,40,2,4,2,1,16,59,7
3842361,0,943,0,40,3,5,2,1,28,57,7
3811209,0,943,0,40,2,14,2,1,80,29,7
3834784,1,943,926,26.4839,3,8,2,1,39,43,7
3844013,0,943,0,40,3,6,2,1,23,32,7
3851367,0,943,0,40,3,5,2,1,18,14,7
3865453,0,943,0,40,3,2,2,1,8,35,7
3857796,0,943,0,40,2,3,2,1,18,43,7
3860455,0,943,0,40,2,3,2,1,14,27,7
3841797,0,943,0,40,2,4,2,1,48,35,7
3794514,0,943,0,40,2,18,2,1,84,20,7
3850673,0,943,0,40,2,4,2,1,33,51,7
3855559,0,943,0,40,3,5,2,1,14,41,7
3832079,0,943,0,40,2,8,2,1,45,37,7
3823175,0,943,0,40,2,10,2,1,54,15,7
3868789,0,943,0,40,3,1,2,1,4,40,7
3870209,0,943,0,40,2,1,2,1,4,58,7
3870725,0,943,0,40,3,1,2,1,4,72,7
3871164,0,943,0,40,3,1,2,1,4,45,7
3871410,0,943,0,40,3,1,2,1,4,35,7
3857918,0,943,0,40,2,1,2,1,27,85,7
3848510,0,943,0,40,2,3,2,1,29,51,7
3846511,0,943,0,40,2,4,2,1,31,37,7
3807280,0,943,0,40,3,10,2,1,88,45,7
3840812,0,943,0,40,2,7,2,1,31,59,7
3843221,0,943,0,40,2,5,2,1,36,21,7
3855564,0,943,0,40,2,2,2,1,28,29,7
3859668,0,943,0,40,3,2,2,1,22,34,7
3857147,1,943,911,40,2,3,2,1,21,25,7
3852118,0,943,0,40,3,4,2,1,24,51,7
3836944,0,943,0,40,3,5,2,1,41,66,7
3858071,0,943,0,40,2,3,2,1,26,36,7
3850412,0,943,0,40,3,3,2,1,23,23,7
3863800,0,943,0,40,2,1,2,1,16,20,7
3802619,0,943,0,40,3,4,2,1,50,54,7
3853824,0,943,0,40,2,3,2,1,20,30,7
3851950,0,943,0,40,3,3,2,1,25,65,7
3865320,0,943,0,40,2,1,2,1,15,26,7
3807727,1,943,888,40,2,8,2,1,58,46,7
3818720,0,943,0,40,2,11,2,1,61,41,7
3859848,0,943,0,40,3,3,2,1,20,38,7
3865027,0,943,0,40,3,1,2,1,14,8,7
3803697,0,943,0,40,3,10,2,1,81,28,7
3861043,0,943,0,40,3,3,2,1,17,25,7
3866582,0,943,0,40,2,1,2,1,13,37,7
3861808,0,943,0,40,2,2,2,1,14,22,7
3845041,0,943,0,40,2,4,2,1,33,13,7
3833214,0,943,0,40,2,7,2,1,41,46,7
3831787,0,943,0,40,3,6,2,1,55,42,7
3833801,0,943,0,40,3,5,2,1,46,29,7
3819429,0,943,0,40,3,10,2,1,62,28,7
3856494,0,943,0,40,2,2,2,1,25,35,7
3865016,0,943,0,40,3,2,2,1,12,79,7
3855458,0,943,0,40,3,4,2,1,25,90,7
3828614,0,943,0,40,2,8,2,1,55,24,7
3834365,0,943,0,40,2,6,2,1,40,13,7
3815443,0,943,0,40,2,13,2,1,56,66,7
3858106,0,943,0,40,2,3,2,1,19,35,7
3844112,0,943,0,40,2,5,2,1,31,85,7
3827049,0,943,0,40,3,10,2,1,43,45,7
3833246,0,943,0,40,2,10,2,1,34,28,7
3856123,0,943,0,40,3,4,2,1,23,13,7
3853211,0,943,0,40,3,4,2,1,29,9,7
3806343,0,943,0,40,3,9,2,1,62,25,7
3867843,0,943,0,40,3,1,2,1,10,59,7
3840917,0,943,0,40,2,6,2,1,31,66,7
3830745,1,943,886,40,3,8,2,1,47,25,7
3838496,0,943,0,40,3,8,2,1,35,29,7
3853860,0,943,0,40,3,4,2,1,19,105,7
3822404,0,943,0,40,3,9,2,1,52,19,7
3850023,0,943,0,40,2,4,2,1,24,82,7
3804311,0,943,0,40,2,13,2,1,66,51,7
3853759,0,943,0,40,2,5,2,1,16,77,7
3852540,0,943,0,40,2,4,2,1,27,29,7
3825563,0,943,0,40,2,7,2,1,66,34,7
3868706,0,943,0,40,3,1,2,1,9,30,7
3869018,0,943,0,40,2,1,2,1,9,39,7
3814980,0,943,0,40,2,10,2,1,72,26,7
3863507,0,943,0,40,2,2,2,1,11,67,7
3835297,0,943,0,40,3,5,2,1,45,25,7
3865322,0,943,0,40,3,2,2,1,9,65,7
3830784,0,943,0,40,3,9,2,1,40,57,7
3827265,0,943,0,40,2,7,2,1,63,45,7
3846685,0,943,0,40,3,5,2,1,30,29,7
3864252,0,943,0,40,2,2,2,1,13,41,7
3865946,0,943,0,40,3,2,2,1,10,44,7
3867849,0,943,0,40,3,1,2,1,8,36,7
3869067,0,943,0,40,2,1,2,1,8,47,7
3805609,0,943,0,40,3,4,2,1,27,40,7
3850391,0,943,0,40,3,4,2,1,19,71,7
3851239,0,943,0,40,3,5,2,1,17,67,7
3805966,0,943,0,40,3,9,2,1,55,55,7
3851683,1,943,915,24.1611,3,3,2,1,30,58,7
3839722,0,943,0,40,2,7,2,1,35,60,7
3811381,0,943,0,40,3,11,2,1,90,25,7
3831066,0,943,0,40,3,7,2,1,41,28,7
3842115,0,943,0,40,2,7,2,1,34,21,7
3850403,0,943,0,40,3,5,2,1,21,62,7
3849847,0,943,0,40,2,3,2,1,33,53,7
3845393,0,943,0,40,2,5,2,1,28,61,7
3854425,0,943,0,40,2,3,2,1,28,29,7
3866399,0,943,0,40,2,2,2,1,9,41,7
3864703,0,943,0,40,3,2,2,1,8,32,7
3867054,0,943,0,40,3,2,2,1,10,29,7
3864906,0,943,0,40,3,2,2,1,15,63,7
3869361,0,943,0,40,2,1,2,1,7,43,7
3870248,0,943,0,40,3,1,2,1,7,60,7
3811673,0,943,0,40,2,14,2,1,76,37,7
3860756,0,943,0,40,3,2,2,1,16,28,7
3858213,0,943,0,40,3,3,2,1,16,30,7
3864174,0,943,0,40,2,3,2,1,8,67,7
3857591,0,943,0,40,3,4,2,1,14,48,7
3849814,0,943,0,40,3,7,2,1,21,42,7
3822102,0,943,0,40,3,9,2,1,52,49,7
3849722,0,943,0,40,2,7,2,1,24,24,7
3862247,0,943,0,40,3,3,2,1,9,48,7
3864205,0,943,0,40,2,2,2,1,13,67,7
3861542,0,943,0,40,3,3,2,1,11,37,7
3863565,0,943,0,40,2,3,2,1,11,37,7
3867810,1,943,928,40,2,2,2,1,7,43,7
3846382,0,943,0,40,2,6,2,1,26,18,7
3855372,0,943,0,40,3,4,2,1,20,16,7
3839473,0,943,0,40,3,7,2,1,41,47,7
3864647,0,943,0,40,2,2,2,1,11,84,7
3832744,0,943,0,40,2,7,2,1,53,61,7
3816638,0,943,0,40,2,13,2,1,63,35,7
3822930,0,943,0,40,3,8,2,1,64,44,7
3869447,0,943,0,40,2,1,2,1,6,41,7
3870267,0,943,0,40,3,1,2,1,6,72,7
3870692,0,943,0,40,2,1,2,1,6,16,7
3862448,0,943,0,40,2,2,2,1,11,62,7
3806912,0,943,0,40,2,10,2,1,71,23,7
3826427,0,943,0,40,2,7,2,1,62,42,7
3843167,0,943,0,40,2,5,2,1,36,20,7
3860293,0,943,0,40,2,4,2,1,12,44,7
3858934,0,943,0,40,2,4,2,1,12,62,7
3864669,0,943,0,40,2,2,2,1,10,44,7
3814784,0,943,0,40,3,12,2,1,64,32,7
3809438,0,943,0,40,3,14,2,1,78,19,7
3858458,0,943,0,40,3,3,2,1,19,41,7
3867867,0,943,0,40,2,2,2,1,6,36,7
3833126,0,943,0,40,3,9,2,1,39,38,7
3869172,0,943,0,40,3,2,2,1,6,57,7
3838092,0,943,0,40,3,9,2,1,41,51,7
3859132,0,943,0,40,2,3,2,1,21,46,7
3863857,0,943,0,40,3,3,2,1,11,90,7
3870349,0,943,0,40,3,1,2,1,5,34,7
3870697,0,943,0,40,2,1,2,1,5,18,7
3871016,0,943,0,40,3,1,2,1,5,37,7
3871226,0,943,0,40,3,1,2,1,5,46,7
3871346,0,943,0,40,2,1,2,1,5,65,7
3871422,0,943,0,40,3,1,2,1,5,51,7
3858015,0,943,0,40,2,2,2,1,16,36,7
3851829,0,943,0,40,2,4,2,1,26,42,7
3864173,0,943,0,40,3,2,2,1,10,42,7
3812024,0,943,0,40,2,13,2,1,65,55,7
3847641,0,943,0,40,3,5,2,1,20,55,7
3826888,0,943,0,40,2,7,2,1,49,34,7
3837728,0,943,0,40,2,7,2,1,35,31,7
3854903,0,943,0,40,2,3,2,1,21,25,7
3795157,0,943,0,40,3,11,2,1,53,45,7
3841845,0,943,0,40,3,7,2,1,35,13,7
3836061,0,943,0,40,3,8,2,1,34,67,7
3862884,0,943,0,40,2,3,2,1,10,45,7
3814677,0,943,0,40,2,10,2,1,70,51,7
3863706,0,943,0,40,2,2,2,1,13,26,7
3860729,0,943,0,40,2,3,2,1,11,63,7
3857543,0,943,0,40,2,5,2,1,12,23,7
3825504,0,943,0,40,3,11,2,1,52,77,7
3844120,0,943,0,40,3,6,2,1,36,34,7
3843369,0,943,0,40,3,6,2,1,26,37,7
3834692,0,943,0,40,3,5,2,1,50,95,7
3860173,0,943,0,40,2,3,2,1,18,35,7
3840391,0,943,0,40,2,7,2,1,29,27,7
3850777,0,943,0,40,3,5,2,1,28,36,7
3849442,0,943,0,40,2,5,2,1,33,54,7
3861733,0,943,0,40,2,3,2,1,12,50,7
3840893,0,943,0,40,3,7,2,1,34,28,7
3868533,0,943,0,40,3,2,2,1,9,33,7
3869743,0,943,0,40,3,2,2,1,5,51,7
3870443,1,943,935,37.8404,2,1,2,1,4,117,7
3871131,0,943,0,40,3,1,2,1,4,19,7
3871311,0,943,0,40,3,1,2,1,4,115,7
3871489,0,943,0,40,2,1,2,1,4,33,7
3871619,0,943,0,40,2,1,2,1,4,62,7
3871907,0,943,0,40,3,1,2,1,4,49,7
3853777,0,943,0,40,3,2,2,1,31,45,7
3837061,0,943,0,40,3,5,2,1,49,33,7
3812186,0,943,0,40,3,13,2,1,77,37,7
3828522,0,943,0,40,2,10,2,1,58,39,7
3860461,0,943,0,40,2,1,2,1,25,85,7
3856240,0,943,0,40,2,2,2,1,28,33,7
3846701,0,943,0,40,3,3,2,1,46,18,7
3857824,0,943,0,40,2,2,2,1,24,53,7
3857861,0,943,0,40,2,2,2,1,24,41,7
3861555,0,943,0,40,2,1,2,1,22,61,7
3862471,0,943,0,40,2,1,2,1,19,34,7
3863843,0,943,0,40,2,1,2,1,19,34,7
3835771,0,943,0,40,3,5,2,1,48,47,7
3846610,0,943,0,40,3,3,2,1,42,29,7
3818776,0,943,0,40,3,10,2,1,66,61,7
3855566,0,943,0,40,3,4,2,1,29,64,7
3864738,0,943,0,40,2,1,2,1,17,47,7
3859575,0,943,0,40,3,2,2,1,18,27,7
3861324,0,943,0,40,3,2,2,1,18,46,7
3838138,0,943,0,40,3,5,2,1,50,42,7
3856439,0,943,0,40,3,3,2,1,26,21,7
3865374,0,943,0,40,3,1,2,1,16,99,7
3859054,0,943,0,40,2,2,2,1,18,25,7
3840770,0,943,0,40,2,5,2,1,35,67,7
3849399,0,943,0,40,3,3,2,1,31,57,7
3823853,1,943,920,28.054,3,6,2,1,73,35,7
3862568,0,943,0,40,2,2,2,1,17,71,7
3847824,0,943,0,40,2,4,2,1,35,42,7
3865269,0,943,0,40,2,1,2,1,15,43,7
3852261,0,943,0,40,3,3,2,1,28,43,7
3830672,0,943,0,40,2,6,2,1,60,36,7
3807102,0,943,0,40,2,10,2,1,68,25,7
3828310,0,943,0,40,2,6,2,1,57,13,7
3805925,0,943,0,40,2,7,2,1,65,101,7
3866604,0,943,0,40,2,1,2,1,14,52,7
3825893,0,943,0,40,2,8,2,1,48,82,7
3847137,0,943,0,40,2,4,2,1,28,105,7
3838541,0,943,0,40,3,5,2,1,32,41,7
3817346,0,943,0,40,3,13,2,1,67,56,7
3805814,0,943,0,40,3,11,2,1,61,32,7
3863197,0,943,0,40,3,2,2,1,15,35,7
3847798,0,943,0,40,2,5,2,1,31,75,7
3857980,0,943,0,40,2,3,2,1,22,44,7
3866864,0,943,0,40,3,1,2,1,13,54,7
3867088,0,943,0,40,2,1,2,1,13,85,7
3867324,0,943,0,40,3,1,2,1,13,53,7
3812835,0,943,0,40,3,12,2,1,72,17,7
3819674,0,943,0,40,3,12,2,1,59,79,7
3803079,0,943,0,40,3,10,2,1,53,33,7
3854061,0,943,0,40,3,4,2,1,20,35,7
3756973,0,943,0,40,2,21,2,1,132,32,7
3854925,0,943,0,40,2,3,2,1,27,22,7
3829966,1,943,887,40,2,9,2,1,60,46,7
3866713,0,943,0,40,3,1,2,1,12,74,7
3867159,0,943,0,40,2,1,2,1,12,48,7
3867838,0,943,0,40,3,1,2,1,12,56,7
3832397,0,943,0,40,2,7,2,1,48,52,7
3833962,0,943,0,40,2,7,2,1,44,47,7
3847891,0,943,0,40,2,6,2,1,28,53,7
3856426,0,943,0,40,3,4,2,1,16,61,7
3857172,0,943,0,40,3,4,2,1,17,80,7
3837512,0,943,0,40,3,6,2,1,43,37,7
3853818,0,943,0,40,3,3,2,1,24,67,7
3860123,0,943,0,40,2,5,2,1,15,46,7
3818820,0,943,0,40,3,9,2,1,79,55,7
3865141,0,943,0,40,2,2,2,1,13,42,7
3836086,0,943,0,40,2,7,2,1,50,24,7
3867177,0,943,0,40,3,1,2,1,11,56,7
3868117,0,943,0,40,3,1,2,1,11,43,7
3868499,0,943,0,40,3,1,2,1,11,28,7
3861380,0,943,0,40,2,2,2,1,15,24,7
3848195,0,943,0,40,2,4,2,1,36,49,7
3829885,0,943,0,40,2,8,2,1,47,33,7
3832832,0,943,0,40,3,8,2,1,46,47,7
3845059,0,943,0,40,2,6,2,1,36,47,7
3862828,0,943,0,40,2,2,2,1,17,12,7
3859030,0,943,0,40,3,2,2,1,24,58,7
3833665,0,943,0,40,2,8,2,1,45,27,7
3861692,0,943,0,40,3,3,2,1,12,32,7
3866362,0,943,0,40,2,2,2,1,13,39,7
3846308,0,943,0,40,3,5,2,1,36,49,7
3866941,0,943,0,40,2,1,2,1,10,53,7
3868682,0,943,0,40,2,1,2,1,10,34,7
3868878,0,943,0,40,2,1,2,1,10,24,7
3824976,1,943,936,26.7626,3,9,2,1,29,16,7
3826913,0,943,0,40,2,10,2,1,52,66,7
3852352,0,943,0,40,3,4,2,1,21,64,7
3839836,0,943,0,40,3,6,2,1,38,26,7
3823827,0,943,0,40,2,11,2,1,57,75,7
3823756,0,943,0,40,3,11,2,1,59,52,7
3809994,0,943,0,40,2,15,2,1,84,37,7
3824347,0,943,0,40,2,10,2,1,44,79,7
3861935,0,943,0,40,3,2,2,1,16,72,7
3859612,0,943,0,40,2,3,2,1,16,43,7
3862020,0,943,0,40,3,3,2,1,12,55,7
3823366,0,943,0,40,2,8,2,1,63,23,7
3828607,0,943,0,40,2,9,2,1,48,36,7
3850767,0,943,0,40,2,5,2,1,25,21,7
3864234,0,943,0,40,2,2,2,1,12,65,7
3852220,0,943,0,40,2,3,2,1,30,33,7
3819738,0,943,0,40,2,11,2,1,68,49,7
3844232,0,943,0,40,2,6,2,1,30,59,7
3867712,0,943,0,40,2,2,2,1,11,27,7
3851794,0,943,0,40,3,5,2,1,30,23,7
3868835,0,943,0,40,3,1,2,1,9,43,7
3861477,0,943,0,40,2,2,2,1,10,53,7
3858569,0,943,0,40,2,3,2,1,16,38,7
3806982,1,943,914,37.9021,3,9,2,1,68,28,7
3856162,0,943,0,40,2,4,2,1,21,70,7
3782388,0,943,0,40,3,21,2,1,99,16,7
3835976,0,943,0,40,2,6,2,1,48,34,7
3857950,0,943,0,40,3,3,2,1,21,51,7
3827194,0,943,0,40,3,9,2,1,54,56,7
3855968,0,943,0,40,3,3,2,1,20,24,7
3858421,0,943,0,40,2,3,2,1,19,52,7
3806657,0,943,0,40,2,12,2,1,69,34,7
3849330,0,943,0,40,3,5,2,1,24,45,7
3866607,0,943,0,40,3,2,2,1,10,98,7
3865153,0,943,0,40,2,2,2,1,13,51,7
3857309,0,943,0,40,3,6,2,1,21,50,7
3849207,0,943,0,40,2,4,2,1,30,93,7
3869269,0,943,0,40,2,1,2,1,8,29,7
3869577,0,943,0,40,3,1,2,1,8,32,7
3869914,0,943,0,40,3,1,2,1,8,48,7
3870048,0,943,0,40,3,1,2,1,8,46,7
3870184,0,943,0,40,3,1,2,1,8,73,7
3823440,0,943,0,40,2,11,2,1,50,42,7
3856968,0,943,0,40,2,3,2,1,16,30,7
3864624,1,943,925,38.712,2,2,2,1,10,41,7
3850238,0,943,0,40,3,3,2,1,28,42,7
3827443,0,943,0,40,2,9,2,1,47,43,7
3813669,0,943,0,40,3,11,2,1,58,31,7
3819973,0,943,0,40,3,11,2,1,61,44,7
3839546,0,943,0,40,2,7,2,1,33,64,7
3849337,0,943,0,40,3,5,2,1,28,84,7
3865315,0,943,0,40,3,2,2,1,9,44,7
3836510,0,943,0,40,3,7,2,1,35,62,7
3865119,0,943,0,40,3,2,2,1,9,34,7
3853940,0,943,0,40,2,5,2,1,21,49,7
3861991,0,943,0,40,3,2,2,1,18,52,7
3842941,0,943,0,40,3,5,2,1,37,43,7
3835424,0,943,0,40,2,8,2,1,44,42,7
3858076,0,943,0,40,3,4,2,1,17,80,7
3861660,0,943,0,40,2,2,2,1,21,61,7
3856119,0,943,0,40,3,4,2,1,22,42,7
3865066,0,943,0,40,3,3,2,1,11,32,7
3847865,0,943,0,40,3,5,2,1,32,60,7
3866755,0,943,0,40,3,2,2,1,12,15,7
3815374,0,943,0,40,3,15,2,1,52,86,7
3869599,0,943,0,40,2,1,2,1,7,12,7
3870247,0,943,0,40,2,1,2,1,7,48,7
3870440,0,943,0,40,3,1,2,1,7,24,7
3870742,0,943,0,40,3,1,2,1,7,81,7
3870826,0,943,0,40,3,1,2,1,7,16,7
3870920,0,943,0,40,2,1,2,1,7,62,7
3864293,0,943,0,40,3,2,2,1,7,46,7
3863239,0,943,0,40,3,2,2,1,11,57,7
3862053,0,943,0,40,2,2,2,1,13,53,7
3865020,0,943,0,40,2,2,2,1,10,71,7
3865024,0,943,0,40,2,2,2,1,11,32,7
3863544,0,943,0,40,2,2,2,1,12,41,7
3820902,0,943,0,40,3,9,2,1,62,36,7
3833490,2,943,0,40,2,4,2,1,57,29,7
3819233,0,943,0,40,2,8,2,1,64,86,7
3866488,1,943,929,29.6686,3,2,2,1,10,40,7
3861357,0,943,0,40,3,3,2,1,13,74,7
3808121,0,943,0,40,3,14,2,1,44,38,7
3815427,0,943,0,40,3,11,2,1,79,35,7
3849960,0,943,0,40,3,7,2,1,21,41,7
3866517,0,943,0,40,3,2,2,1,7,36,7
3845922,0,943,0,40,3,5,2,1,29,29,7
3835135,0,943,0,40,3,9,2,1,36,21,7
3865893,0,943,0,40,3,3,2,1,10,19,7
3867899,0,943,0,40,3,2,2,1,8,34,7
3847860,0,943,0,40,3,5,2,1,34,46,7
3805884,0,943,0,40,2,11,2,1,65,14,7
3863851,0,943,0,40,2,3,2,1,11,34,7
3844000,0,943,0,40,2,5,2,1,36,83,7
3812499,0,943,0,40,2,11,2,1,79,47,7
3857532,0,943,0,40,2,4,2,1,14,25,7
3869077,0,943,0,40,2,1,2,1,6,48,7
3869897,0,943,0,40,3,1,2,1,6,46,7
3870673,0,943,0,40,2,1,2,1,6,58,7
3871360,0,943,0,40,2,1,2,1,6,72,7
3853214,0,943,0,40,3,4,2,1,12,54,7
3853514,0,943,0,40,2,5,2,1,13,31,7
3857241,0,943,0,40,3,3,2,1,14,48,7
3848286,0,943,0,40,3,5,2,1,25,43,7
3865716,0,943,0,40,3,2,2,1,6,42,7
3849529,0,943,0,40,3,4,2,1,25,37,7
3858833,0,943,0,40,3,4,2,1,12,44,7
3860034,0,943,0,40,2,2,2,1,18,67,7
3857525,0,943,0,40,3,4,2,1,14,33,7
3853786,0,943,0,40,2,2,2,1,27,22,7
3819156,0,943,0,40,2,12,2,1,65,16,7
3828910,0,943,0,40,2,10,2,1,44,77,7
3841073,0,943,0,40,2,4,2,1,47,45,7
3808328,0,943,0,40,3,9,2,1,40,41,7
3866763,0,943,0,40,2,2,2,1,8,68,7
3866951,0,943,0,40,2,2,2,1,7,41,7
3805264,0,943,0,40,3,9,2,1,81,39,7
3850773,0,943,0,40,3,4,2,1,30,67,7
3860402,0,943,0,40,2,3,2,1,12,49,7
3865057,1,943,925,40,2,3,2,1,9,38,7
3821875,0,943,0,40,3,11,2,1,53,65,7
3828089,0,943,0,40,3,10,2,1,57,30,7
3854821,0,943,0,40,3,5,2,1,20,48,7
3818248,0,943,0,40,2,11,2,1,65,74,7
3863669,0,943,0,40,2,3,2,1,13,60,7
3859131,0,943,0,40,3,2,2,1,23,57,7
3840993,0,943,0,40,3,7,2,1,39,17,7
3846621,0,943,0,40,3,7,2,1,21,48,7
3850163,0,943,0,40,3,6,2,1,16,54,7
3845496,0,943,0,40,3,8,2,1,29,51,7
3853118,0,943,0,40,2,5,2,1,26,48,7
3819197,0,943,0,40,2,12,2,1,76,77,7
3868616,0,943,0,40,2,2,2,1,7,54,7
3861444,0,943,0,40,2,3,2,1,18,89,7
3869189,0,943,0,40,2,1,2,1,5,26,7
3870117,0,943,0,40,3,1,2,1,5,45,7
3870747,0,943,0,40,2,1,2,1,5,53,7
3871467,0,943,0,40,3,1,2,1,5,70,7
3871543,0,943,0,40,2,1,2,1,5,43,7
3871671,0,943,0,40,3,1,2,1,5,27,7
3871791,0,943,0,40,3,1,2,1,5,33,7
3871859,0,943,0,40,3,1,2,1,5,48,7
3835639,0,943,0,40,2,6,2,1,31,50,7
3831065,0,943,0,40,2,8,2,1,49,36,7
3815706,0,943,0,40,2,11,2,1,65,76,7
3866052,0,943,0,40,3,2,2,1,6,42,7
3834956,1,943,936,37.8623,2,5,2,1,46,39,7
3846300,1,943,902,40,2,5,2,1,29,40,7
3843265,0,943,0,40,2,6,2,1,26,26,7
3823225,0,943,0,40,2,8,2,1,64,30,7
3840090,1,943,929,40,2,4,2,1,48,30,7
3813391,0,943,0,40,2,12,2,1,73,37,7
3826013,0,943,0,40,2,11,2,1,48,45,7
3867232,0,943,0,40,3,2,2,1,7,25,7
3823815,0,943,0,40,2,7,2,1,70,50,7
3812611,0,943,0,40,3,11,2,1,85,29,7
3866516,0,943,0,40,3,2,2,1,9,7,7
3829320,1,943,924,31.5672,3,10,2,1,43,36,7
3858901,0,943,0,40,2,3,2,1,14,48,7
3843024,0,943,0,40,2,5,2,1,34,16,7
3859380,0,943,0,40,3,3,2,1,15,74,7
3818959,1,943,894,40,3,9,2,1,79,57,7
3831477,0,943,0,40,3,7,2,1,41,43,7
3863588,0,943,0,40,2,3,2,1,11,75,7
3815567,0,943,0,40,2,11,2,1,79,10,7
3868692,0,943,0,40,3,2,2,1,6,45,7
3832301,0,943,0,40,2,9,2,1,39,39,7
3812213,0,943,0,40,3,10,2,1,90,71,7
3863793,0,943,0,40,3,2,2,1,16,36,7
3850726,0,943,0,40,2,5,2,1,20,31,7
3821356,0,943,0,40,3,11,2,1,57,43,7
3857267,0,943,0,40,2,3,2,1,17,50,7
3844226,0,943,0,40,2,8,2,1,26,13,7
3858882,0,943,0,40,2,4,2,1,17,62,7
3870224,0,943,0,40,3,2,2,1,5,81,7
3845314,0,943,0,40,3,4,2,1,36,40,7
3862188,0,943,0,40,3,3,2,1,17,65,7
3847580,0,943,0,40,3,5,2,1,25,44,7
3862919,1,943,927,40,2,3,2,1,13,66,7
3869787,0,943,0,40,2,2,2,1,5,28,7
3859377,0,943,0,40,2,3,2,1,15,20,7
3847872,0,943,0,40,3,6,2,1,30,30,7
3834548,0,943,0,40,3,9,2,1,43,57,7
3869507,0,943,0,40,2,1,2,1,4,29,7
3871209,0,943,0,40,2,1,2,1,4,20,7
3871622,0,943,0,40,3,1,2,1,4,41,7
3872050,0,943,0,40,2,1,2,1,4,69,7
3872114,0,943,0,40,2,1,2,1,4,28,7
3872216,0,943,0,40,3,1,2,1,4,53,7
3872308,0,943,0,40,2,1,2,1,4,24,7
3872422,0,943,0,40,2,1,2,1,4,69,7
3781492,0,943,0,40,2,18,2,1,144,25,7
3846992,0,943,0,40,3,2,2,1,44,14,7
3820182,0,943,0,40,2,8,2,1,70,27,7
3858978,0,943,0,40,2,1,2,1,28,27,7
3829514,0,943,0,40,2,5,2,1,61,61,7
3859999,0,943,0,40,2,1,2,1,26,65,7
3802286,0,943,0,40,2,11,2,1,89,21,7
3855798,0,943,0,40,3,3,2,1,28,70,7
3860785,0,943,0,40,3,1,2,1,23,117,7
3823144,0,943,0,40,3,9,2,1,64,42,7
3820459,0,943,0,40,3,7,2,1,73,41,7
3801705,0,943,0,40,2,14,2,1,99,64,7
3852649,0,943,0,40,3,2,2,1,30,54,7
3813054,0,943,0,40,3,12,2,1,81,29,7
3849826,0,943,0,40,3,3,2,1,35,56,7
3847108,0,943,0,40,3,2,2,1,46,35,7
3863253,0,943,0,40,3,1,2,1,19,27,7
3853577,0,943,0,40,3,3,2,1,26,83,7
3850581,0,943,0,40,2,5,2,1,26,32,7
3854899,0,943,0,40,3,3,2,1,25,23,7
3863528,0,943,0,40,2,1,2,1,18,32,7
3864730,0,943,0,40,3,1,2,1,18,47,7
3831792,1,943,902,36.0661,3,7,2,1,43,42,7
3861392,0,943,0,40,3,2,2,1,18,22,7
3859840,0,943,0,40,3,2,2,1,23,44,7
3806591,0,943,0,40,3,13,2,1,58,58,7
3865480,0,943,0,40,2,1,2,1,17,48,7
3842109,1,943,918,40,2,6,2,1,38,27,7
3817308,0,943,0,40,2,9,2,1,81,10,7
3861159,0,943,0,40,2,2,2,1,18,17,7
3853663,0,943,0,40,2,4,2,1,25,56,7
3865121,0,943,0,40,2,1,2,1,16,71,7
3819820,0,943,0,40,3,8,2,1,74,65,7
3838732,0,943,0,40,2,5,2,1,44,40,7
3860148,0,943,0,40,2,2,2,1,21,65,7
3865668,0,943,0,40,3,1,2,1,15,72,7
3837899,0,943,0,40,2,6,2,1,38,61,7
3837159,0,943,0,40,3,6,2,1,34,51,7
3850805,0,943,0,40,2,3,2,1,30,46,7
3852724,0,943,0,40,3,5,2,1,24,31,7
3814979,0,943,0,40,2,12,2,1,79,17,7
3863799,0,943,0,40,3,2,2,1,16,70,7
3851568,0,943,0,40,2,6,2,1,30,46,7
3825462,0,943,0,40,2,10,2,1,53,36,7
3866535,0,943,0,40,3,1,2,1,14,28,7
3835996,0,943,0,40,2,5,2,1,45,40,7
3851672,0,943,0,40,3,3,2,1,29,17,7
3828360,1,943,922,40,2,7,2,1,51,41,7
3836809,0,943,0,40,3,8,2,1,31,26,7
3824829,0,943,0,40,3,9,2,1,48,64,7
3832764,0,943,0,40,3,6,2,1,57,43,7
3865828,0,943,0,40,2,2,2,1,14,29,7
3867846,0,943,0,40,3,1,2,1,13,32,7
3840626,0,943,0,40,2,5,2,1,45,29,7
3853148,0,943,0,40,3,3,2,1,27,34,7
3806837,0,943,0,40,2,14,2,1,95,95,7
3821187,0,943,0,40,3,12,2,1,52,32,7
3823452,0,943,0,40,2,9,2,1,54,43,7
3862784,0,943,0,40,3,3,2,1,17,44,7
3863771,0,943,0,40,2,2,2,1,18,39,7
3848014,0,943,0,40,2,6,2,1,31,33,7
3857871,0,943,0,40,2,3,2,1,21,49,7
3852951,0,943,0,40,3,4,2,1,29,53,7
3839186,0,943,0,40,3,5,2,1,44,15,7
3867819,0,943,0,40,3,1,2,1,12,58,7
3838897,0,943,0,40,2,5,2,1,42,47,7
3801626,0,943,0,40,2,10,2,1,77,32,7
3850354,0,943,0,40,3,3,2,1,32,80,7
3818664,1,943,916,40,2,12,2,1,59,63,7
3829924,0,943,0,40,3,8,2,1,51,14,7
3853435,0,943,0,40,3,3,2,1,33,42,7
3854698,0,943,0,40,2,4,2,1,17,45,7
3856748,0,943,0,40,3,4,2,1,15,68,7
3850921,0,943,0,40,2,5,2,1,25,27,7
3849715,0,943,0,40,3,5,2,1,27,54,7
3856399,0,943,0,40,3,4,2,1,21,70,7
3845759,1,943,919,40,2,7,2,1,31,78,7
3868774,0,943,0,40,3,1,2,1,11,30,7
3815512,0,943,0,40,2,12,2,1,66,38,7
3822684,0,943,0,40,3,8,2,1,56,31,7
3860976,0,943,0,40,2,3,2,1,15,105,7
3823080,0,943,0,40,3,8,2,1,66,84,7
3812326,0,943,0,40,2,13,2,1,79,72,7
3834758,0,943,0,40,2,7,2,1,41,32,7
3849490,0,943,0,40,2,4,2,1,35,30,7
3858651,0,943,0,40,3,3,2,1,20,42,7
3859505,0,943,0,40,2,3,2,1,18,37,7
3824473,1,943,937,37.6699,2,10,2,1,57,28,7
3868436,0,943,0,40,3,1,2,1,10,56,7
3868863,0,943,0,40,3,1,2,1,10,24,7
3869444,0,943,0,40,2,1,2,1,10,39,7
3869708,0,943,0,40,2,1,2,1,10,78,7
3849967,1,943,899,40,2,4,2,1,24,42,7
3852416,0,943,0,40,3,4,2,1,18,30,7
3807365,0,943,0,40,3,5,2,1,31,60,7
3858107,0,943,0,40,3,3,2,1,16,39,7
3865380,0,943,0,40,3,2,2,1,10,34,7
3826007,0,943,0,40,3,8,2,1,62,72,7
3863640,1,943,925,28.915,3,2,2,1,12,24,7
3839653,0,943,0,40,3,5,2,1,41,66,7
3843040,0,943,0,40,2,6,2,1,36,35,7
3840222,0,943,0,40,2,6,2,1,27,49,7
3805431,0,943,0,40,3,11,2,1,69,34,7
3863280,0,943,0,40,2,3,2,1,13,47,7
3852329,0,943,0,40,3,4,2,1,33,61,7
3864150,0,943,0,40,2,2,2,1,14,19,7
3865579,0,943,0,40,3,2,2,1,12,68,7
3843978,0,943,0,40,2,7,2,1,30,23,7
3854791,0,943,0,40,2,4,2,1,21,24,7
3848756,0,943,0,40,2,6,2,1,24,35,7
3865387,0,943,0,40,2,2,2,1,13,34,7
3850879,0,943,0,40,3,5,2,1,22,17,7
3851487,0,943,0,40,3,4,2,1,25,52,7
3797351,0,943,0,40,2,16,2,1,103,44,7
3869081,0,943,0,40,2,1,2,1,9,40,7
3869281,0,943,0,40,2,1,2,1,9,24,7
3869617,0,943,0,40,2,1,2,1,9,68,7
3870310,0,943,0,40,3,1,2,1,9,48,7
3863494,0,943,0,40,2,2,2,1,10,28,7
3822178,0,943,0,40,3,7,2,1,68,46,7
3855491,0,943,0,40,2,4,2,1,15,35,7
3856101,0,943,0,40,3,3,2,1,18,79,7
3865513,0,943,0,40,2,2,2,1,10,28,7
3863087,0,943,0,40,3,2,2,1,15,24,7
3865073,0,943,0,40,2,2,2,1,12,61,7
3841695,0,943,0,40,2,6,2,1,30,41,7
3811900,0,943,0,40,2,14,2,1,78,77,7
3825713,0,943,0,40,2,11,2,1,47,27,7
3859882,0,943,0,40,2,3,2,1,17,21,7
3857703,0,943,0,40,3,4,2,1,15,39,7
3867072,0,943,0,40,2,2,2,1,11,30,7
3855293,0,943,0,40,2,4,2,1,21,69,7
3838229,0,943,0,40,2,5,2,1,43,32,7
3851667,1,943,926,33.2477,3,5,2,1,29,76,7
3861519,0,943,0,40,3,3,2,1,15,36,7
3868806,0,943,0,40,2,2,2,1,9,35,7
3851559,0,943,0,40,2,4,2,1,32,40,7
3808338,0,943,0,40,2,14,2,1,70,20,7
3820591,0,943,0,40,3,7,2,1,89,67,7
3868112,0,943,0,40,3,1,2,1,8,49,7
3869327,1,943,937,26.7189,3,1,2,1,8,37,7
3869519,0,943,0,40,2,1,2,1,8,39,7
3869939,0,943,0,40,3,1,2,1,8,44,7
3870484,0,943,0,40,3,1,2,1,8,23,7
3870552,0,943,0,40,3,1,2,1,8,54,7
3870782,0,943,0,40,2,1,2,1,8,36,7
3859214,1,943,922,40,2,3,2,1,12,35,7
3860210,0,943,0,40,2,2,2,1,9,68,7
3855661,0,943,0,40,2,4,2,1,16,41,7
3864309,0,943,0,40,2,2,2,1,11,34,7
3843800,0,943,0,40,3,5,2,1,36,55,7
3830133,0,943,0,40,2,8,2,1,45,50,7
3855996,0,943,0,40,3,3,2,1,22,25,7
3827026,0,943,0,40,3,9,2,1,52,87,7
3865472,0,943,0,40,2,2,2,1,12,45,7
3860405,0,943,0,40,2,4,2,1,15,87,7
3866841,0,943,0,40,2,2,2,1,8,37,7
3841111,0,943,0,40,3,8,2,1,30,67,7
3853509,0,943,0,40,3,6,2,1,16,47,7
3866895,0,943,0,40,2,2,2,1,9,23,7
3853170,0,943,0,40,3,5,2,1,23,31,7
3864270,0,943,0,40,3,2,2,1,14,44,7
3842294,0,943,0,40,3,7,2,1,36,42,7
3853569,0,943,0,40,3,5,2,1,26,17,7
3823759,1,943,937,40,2,12,2,1,54,35,7
3677556,0,943,0,40,2,36,2,1,197,41,7
3822943,0,943,0,40,2,12,2,1,59,66,7
3846153,0,943,0,40,2,7,2,1,29,34,7
3853539,0,943,0,40,3,5,2,1,22,25,7
3838566,0,943,0,40,3,8,2,1,40,56,7
3868432,0,943,0,40,3,1,2,1,7,70,7
3869755,0,943,0,40,2,1,2,1,7,35,7
3870065,0,943,0,40,3,1,2,1,7,69,7
3870357,0,943,0,40,3,1,2,1,7,77,7
3870585,0,943,0,40,3,1,2,1,7,59,7
3870948,1,943,937,12.1335,3,1,2,1,7,60,7
3871082,0,943,0,40,3,1,2,1,7,88,7
3871262,0,943,0,40,3,1,2,1,7,48,7
3806256,0,943,0,40,3,10,2,1,67,68,7
3863224,0,943,0,40,2,2,2,1,11,30,7
3856924,0,943,0,40,2,3,2,1,17,81,7
3854641,0,943,0,40,3,3,2,1,27,84,7
3826161,0,943,0,40,3,11,2,1,46,22,7
3848599,0,943,0,40,2,5,2,1,27,90,7
3806359,0,943,0,40,2,9,2,1,48,61,7
3813136,0,943,0,40,2,11,2,1,73,48,7
3834711,0,943,0,40,2,6,2,1,45,42,7
3861145,0,943,0,40,3,2,2,1,17,10,7
3865296,0,943,0,40,3,2,2,1,12,41,7
3851990,0,943,0,40,2,3,2,1,29,23,7
3807198,0,943,0,40,3,11,2,1,88,93,7
3840427,1,943,893,40,2,5,2,1,45,38,7
3836618,0,943,0,40,2,7,2,1,29,40,7
3858804,0,943,0,40,2,3,2,1,17,28,7
3850418,0,943,0,40,2,6,2,1,22,36,7
3821547,0,943,0,40,2,12,2,1,56,42,7
3820720,0,943,0,40,3,11,2,1,54,30,7
3851127,0,943,0,40,2,4,2,1,25,36,7
3806828,0,943,0,40,2,9,2,1,59,35,7
3854209,0,943,0,40,3,3,2,1,30,43,7
3849188,0,943,0,40,2,7,2,1,27,37,7
3836707,0,943,0,40,2,7,2,1,50,22,7
3846523,1,943,931,37.0733,2,5,2,1,32,28,7
3843574,0,943,0,40,3,5,2,1,39,31,7
3867845,0,943,0,40,2,2,2,1,9,40,7
3857107,0,943,0,40,3,5,2,1,18,35,7
3836450,0,943,0,40,2,8,2,1,37,75,7
3847165,0,943,0,40,2,6,2,1,27,46,7
3855009,0,943,0,40,2,4,2,1,24,63,7
3868901,0,943,0,40,3,1,2,1,6,39,7
3871239,0,943,0,40,3,1,2,1,6,28,7
3871541,0,943,0,40,2,1,2,1,6,44,7
3871621,0,943,0,40,3,1,2,1,6,15,7
3871741,0,943,0,40,3,1,2,1,6,36,7
3871855,0,943,0,40,2,1,2,1,6,34,7
3872013,0,943,0,40,3,1,2,1,6,50,7
3854720,0,943,0,40,2,3,2,1,19,83,7
3860661,0,943,0,40,2,2,2,1,10,41,7
3861349,0,943,0,40,3,2,2,1,12,47,7
3806688,0,943,0,40,2,12,2,1,65,31,7
3830903,0,943,0,40,3,8,2,1,43,18,7
3826259,0,943,0,40,3,10,2,1,59,91,7
3858939,0,943,0,40,2,2,2,1,19,35,7
3799540,0,943,0,40,2,18,2,1,89,50,7
3855741,0,943,0,40,3,4,2,1,16,40,7
3828954,1,943,899,26.1397,3,9,2,1,50,56,7
3851034,0,943,0,40,3,4,2,1,23,102,7
3854275,0,943,0,40,2,4,2,1,22,45,7
3867295,0,943,0,40,2,2,2,1,7,70,7
3835562,0,943,0,40,3,9,2,1,36,53,7
3860474,0,943,0,40,3,2,2,1,18,56,7
3820878,0,943,0,40,3,10,2,1,51,45,7
3853611,0,943,0,40,2,5,2,1,18,81,7
3853620,0,943,0,40,2,4,2,1,22,36,7
3863795,0,943,0,40,3,3,2,1,9,60,7
3866873,0,943,0,40,3,2,2,1,7,33,7
3862847,0,943,0,40,2,2,2,1,16,34,7
3834827,0,943,0,40,3,6,2,1,39,21,7
3854911,0,943,0,40,3,5,2,1,21,44,7
3834066,0,943,0,40,3,8,2,1,46,31,7
3825243,0,943,0,40,3,11,2,1,45,65,7
3793439,0,943,0,40,2,11,2,1,64,36,7
3803063,0,943,0,40,3,5,2,1,52,38,7
3839832,0,943,0,40,2,6,2,1,28,30,7
3802977,0,943,0,40,3,11,2,1,77,56,7
3835791,0,943,0,40,2,9,2,1,40,34,7
3848056,0,943,0,40,3,6,2,1,25,111,7
3868763,0,943,0,40,2,2,2,1,7,46,7
3853901,0,943,0,40,2,6,2,1,17,21,7
3869940,0,943,0,40,2,2,2,1,6,45,7
3831103,0,943,0,40,2,8,2,1,52,57,7
3859109,0,943,0,40,2,4,2,1,22,37,7
3869401,0,943,0,40,2,2,2,1,7,43,7
3870270,0,943,0,40,2,2,2,1,7,45,7
3826117,0,943,0,40,3,7,2,1,75,39,7
3865090,0,943,0,40,3,3,2,1,8,33,7
3861053,0,943,0,40,3,3,2,1,18,26,7
3848782,0,943,0,40,2,8,2,1,25,42,7
3870221,0,943,0,40,2,1,2,1,5,46,7
3870911,0,943,0,40,2,1,2,1,5,27,7
3871353,0,943,0,40,3,1,2,1,5,20,7
3872038,0,943,0,40,2,1,2,1,5,19,7
3872096,0,943,0,40,2,1,2,1,5,44,7
3872218,0,943,0,40,2,1,2,1,5,22,7
3872250,0,943,0,40,2,1,2,1,5,32,7
3872280,0,943,0,40,2,1,2,1,5,56,7
3872432,0,943,0,40,3,1,2,1,5,40,7
3834027,0,943,0,40,2,9,2,1,29,35,7
3838992,0,943,0,40,2,7,2,1,26,35,7
3867092,0,943,0,40,2,2,2,1,5,28,7
3854830,0,943,0,40,2,3,2,1,24,83,7
3857102,0,943,0,40,3,4,2,1,11,35,7
3861124,0,943,0,40,3,3,2,1,14,51,7
3814465,0,943,0,40,2,13,2,1,74,54,7
3838935,0,943,0,40,3,6,2,1,38,24,7
3863372,0,943,0,40,2,2,2,1,15,58,7
3854939,0,943,0,40,3,3,2,1,21,65,7
3844640,0,943,0,40,2,6,2,1,29,20,7
3840359,0,943,0,40,3,8,2,1,32,45,7
3865106,0,943,0,40,3,3,2,1,6,100,7
3831997,0,943,0,40,3,5,2,1,57,34,7
3864460,0,943,0,40,2,3,2,1,11,51,7
3866940,0,943,0,40,2,2,2,1,9,52,7
3846265,0,943,0,40,2,7,2,1,37,55,7
3823207,1,943,891,40,3,11,2,1,42,62,7
3756554,1,943,555,40,3,26,2,1,117,41,7
3868814,0,943,0,40,3,2,2,1,6,82,7
3809963,0,943,0,40,2,11,2,1,79,16,7
3856373,0,943,0,40,3,5,2,1,17,61,7
3848341,0,943,0,40,2,5,2,1,21,23,7
3859046,0,943,0,40,2,4,2,1,16,18,7
3865044,0,943,0,40,2,4,2,1,9,70,7
3869304,0,943,0,40,2,2,2,1,6,53,7
3840060,0,943,0,40,2,5,2,1,46,33,7
3856645,0,943,0,40,3,4,2,1,18,16,7
3855189,0,943,0,40,3,4,2,1,26,47,7
3862820,0,943,0,40,2,2,2,1,19,34,7
3800493,0,943,0,40,3,16,2,1,76,81,7
3843085,0,943,0,40,3,5,2,1,36,55,7
3834858,0,943,0,40,3,9,2,1,45,45,7
3861817,0,943,0,40,3,3,2,1,8,42,7
3847788,0,943,0,40,3,6,2,1,33,30,7
3813798,0,943,0,40,2,13,2,1,69,39,7
3865113,0,943,0,40,2,2,2,1,14,37,7
3861252,0,943,0,40,3,3,2,1,13,89,7
3842142,0,943,0,40,2,5,2,1,39,20,7
3866193,0,943,0,40,3,3,2,1,9,36,7
3870806,0,943,0,40,3,2,2,1,6,64,7
3870821,0,943,0,40,3,2,2,1,5,24,7
3821668,0,943,0,40,3,8,2,1,69,33,7
3843048,0,943,0,40,3,6,2,1,38,21,7
3846659,0,943,0,40,3,5,2,1,34,68,7
3870549,0,943,0,40,3,2,2,1,6,57,7
3870599,0,943,0,40,2,1,2,1,4,64,7
3871197,0,943,0,40,2,1,2,1,4,25,7
3872059,0,943,0,40,2,1,2,1,4,49,7
3872175,0,943,0,40,3,1,2,1,4,33,7
3872303,0,943,0,40,3,1,2,1,4,75,7
3872411,0,943,0,40,2,1,2,1,4,33,7
3872527,0,943,0,40,2,1,2,1,4,37,7
3872641,0,943,0,40,2,1,2,1,4,49,7
3872671,0,943,0,40,2,1,2,1,4,89,7
3872697,0,943,0,40,2,1,2,1,4,48,7
3872715,0,943,0,40,2,1,2,1,4,47,7
3872801,0,943,0,40,2,1,2,1,4,33,7
3872977,0,943,0,40,2,1,2,1,4,51,7
3873029,0,943,0,40,3,1,2,1,4,35,7
3873145,0,943,0,40,2,1,2,1,4,71,7
3796646,0,943,0,40,3,7,2,1,114,18,7
3806191,0,943,0,40,3,14,2,1,113,20,7
3850991,0,943,0,40,2,3,2,1,38,38,7
3848008,0,943,0,40,2,2,2,1,32,23,7
3859252,0,943,0,40,3,1,2,1,29,43,7
3817825,0,943,0,40,2,6,2,1,82,42,7
3860556,0,943,0,40,2,1,2,1,26,36,7
3851755,0,943,0,40,2,3,2,1,27,37,7
3849479,0,943,0,40,2,3,2,1,39,30,7
3860354,0,943,0,40,3,1,2,1,23,24,7
3846141,0,943,0,40,3,5,2,1,37,43,7
3813427,1,943,908,38.0703,3,13,2,1,82,16,7
3847881,0,943,0,40,2,4,2,1,36,31,7
3852417,0,943,0,40,2,3,2,1,32,25,7
3843850,0,943,0,40,3,6,2,1,36,94,7
3846342,0,943,0,40,2,5,2,1,36,21,7
3835448,0,943,0,40,2,8,2,1,39,36,7
3851377,0,943,0,40,2,4,2,1,25,68,7
3804568,0,943,0,40,2,11,2,1,105,60,7
3852988,0,943,0,40,3,4,2,1,30,39,7
3818858,0,943,0,40,2,12,2,1,64,60,7
3852839,0,943,0,40,2,4,2,1,22,11,7
3851356,0,943,0,40,2,4,2,1,29,49,7
3864240,0,943,0,40,2,1,2,1,19,65,7
3864864,0,943,0,40,2,1,2,1,19,51,7
3859983,0,943,0,40,2,2,2,1,23,73,7
3864478,0,943,0,40,3,1,2,1,18,41,7
3820406,0,943,0,40,2,8,2,1,69,34,7
3860473,0,943,0,40,3,2,2,1,19,24,7
3830307,0,943,0,40,3,7,2,1,60,91,7
3845278,0,943,0,40,2,4,2,1,36,34,7
3865747,0,943,0,40,3,1,2,1,17,27,7
3831626,0,943,0,40,2,6,2,1,59,126,7
3858141,0,943,0,40,2,2,2,1,26,43,7
3808359,0,943,0,40,3,15,2,1,105,48,7
3866542,0,943,0,40,3,1,2,1,16,21,7
3860391,0,943,0,40,2,2,2,1,19,60,7
3844771,0,943,0,40,2,5,2,1,31,59,7
3847059,1,943,901,40,2,6,2,1,31,22,7
3843352,0,943,0,40,2,5,2,1,41,22,7
3858784,0,943,0,40,2,3,2,1,20,52,7
3853993,0,943,0,40,2,3,2,1,28,39,7
3836963,0,943,0,40,3,7,2,1,48,39,7
3827140,1,943,904,40,2,10,2,1,52,59,7
3859099,0,943,0,40,3,2,2,1,20,48,7
3851693,0,943,0,40,2,3,2,1,29,58,7
3857208,0,943,0,40,2,2,2,1,27,44,7
3842099,0,943,0,40,3,5,2,1,45,58,7
3861862,0,943,0,40,2,3,2,1,18,93,7
3861875,0,943,0,40,2,2,2,1,21,36,7
3827170,0,943,0,40,3,7,2,1,60,16,7
3843092,0,943,0,40,2,5,2,1,49,60,7
3853564,0,943,0,40,2,4,2,1,34,55,7
3866178,0,943,0,40,3,1,2,1,14,30,7
3867834,0,943,0,40,2,1,2,1,14,32,7
3854114,0,943,0,40,2,3,2,1,23,34,7
3790417,0,943,0,40,2,14,2,1,84,46,7
3848676,0,943,0,40,2,3,2,1,38,32,7
3850468,1,943,914,40,2,4,2,1,30,24,7
3848405,0,943,0,40,3,4,2,1,35,18,7
3849899,0,943,0,40,2,5,2,1,27,83,7
3830202,0,943,0,40,2,9,2,1,52,53,7
3862645,0,943,0,40,2,3,2,1,17,51,7
3866234,0,943,0,40,2,1,2,1,13,119,7
3868089,0,943,0,40,3,1,2,1,13,28,7
3868325,0,943,0,40,3,1,2,1,13,40,7
3836139,0,943,0,40,2,5,2,1,44,16,7
3808971,0,943,0,40,2,12,2,1,75,17,7
3852250,0,943,0,40,2,3,2,1,29,53,7
3863817,0,943,0,40,2,2,2,1,15,31,7
3839596,0,943,0,40,3,5,2,1,42,33,7
3848852,0,943,0,40,2,4,2,1,27,57,7
3831426,0,943,0,40,2,8,2,1,43,47,7
3832954,0,943,0,40,3,7,2,1,48,46,7
3860965,0,943,0,40,3,3,2,1,15,26,7
3864993,0,943,0,40,2,2,2,1,14,35,7
3842995,0,943,0,40,2,5,2,1,38,44,7
3863050,0,943,0,40,3,2,2,1,19,37,7
3836544,0,943,0,40,2,9,2,1,38,29,7
3833185,0,943,0,40,3,8,2,1,46,44,7
3867673,0,943,0,40,3,1,2,1,12,24,7
3868029,0,943,0,40,2,1,2,1,12,43,7
3868430,0,943,0,40,3,1,2,1,12,80,7
3833372,0,943,0,40,3,6,2,1,45,33,7
3853734,0,943,0,40,2,4,2,1,23,16,7
3854801,0,943,0,40,3,4,2,1,19,53,7
3846899,0,943,0,40,2,4,2,1,34,22,7
3850786,0,943,0,40,3,5,2,1,26,24,7
3862221,0,943,0,40,2,2,2,1,17,42,7
3814293,0,943,0,40,3,11,2,1,82,70,7
3860513,0,943,0,40,3,3,2,1,19,36,7
3808093,0,943,0,40,2,8,2,1,56,31,7
3839931,0,943,0,40,2,6,2,1,34,65,7
3817672,0,943,0,40,2,10,2,1,73,52,7
3855757,0,943,0,40,2,4,2,1,19,38,7
3829775,0,943,0,40,2,9,2,1,62,36,7
3855922,0,943,0,40,2,4,2,1,25,56,7
3866566,0,943,0,40,2,2,2,1,13,25,7
3853359,0,943,0,40,3,4,2,1,31,39,7
3860957,0,943,0,40,2,3,2,1,20,37,7
3811101,0,943,0,40,2,13,2,1,79,48,7
3868532,0,943,0,40,2,1,2,1,11,65,7
3869103,0,943,0,40,2,1,2,1,11,36,7
3869618,0,943,0,40,3,1,2,1,11,17,7
3869706,0,943,0,40,2,1,2,1,11,37,7
3829922,0,943,0,40,2,6,2,1,55,70,7
3805828,0,943,0,40,3,10,2,1,65,33,7
3818902,0,943,0,40,2,10,2,1,69,55,7
3849843,0,943,0,40,3,5,2,1,20,53,7
3832763,0,943,0,40,3,8,2,1,41,62,7
3813138,0,943,0,40,3,12,2,1,75,28,7
3823524,0,943,0,40,2,11,2,1,46,34,7
3857545,0,943,0,40,3,4,2,1,20,40,7
3866594,0,943,0,40,3,2,2,1,11,44,7
3840474,0,943,0,40,2,5,2,1,46,50,7
3855330,0,943,0,40,3,4,2,1,18,44,7
3864811,0,943,0,40,2,2,2,1,13,64,7
3808583,0,943,0,40,2,10,2,1,70,51,7
3826778,0,943,0,40,2,12,2,1,35,81,7
3866353,0,943,0,40,3,2,2,1,11,50,7
3830320,0,943,0,40,3,7,2,1,49,58,7
3836747,0,943,0,40,2,7,2,1,45,86,7
3857701,0,943,0,40,2,3,2,1,22,24,7
3848552,0,943,0,40,2,5,2,1,29,26,7
3824394,0,943,0,40,2,7,2,1,74,44,7
3799694,0,943,0,40,2,14,2,1,90,25,7
3868833,0,943,0,40,3,1,2,1,10,43,7
3869393,0,943,0,40,2,1,2,1,10,32,7
3870168,0,943,0,40,3,1,2,1,10,57,7
3851526,0,943,0,40,3,6,2,1,18,84,7
3844040,0,943,0,40,2,4,2,1,34,24,7
3856608,0,943,0,40,3,3,2,1,13,56,7
3845912,0,943,0,40,3,5,2,1,31,55,7
3810248,0,943,0,40,2,14,2,1,74,91,7
3864610,0,943,0,40,2,2,2,1,14,51,7
3824357,1,943,878,40,2,9,2,1,52,62,7
3826416,0,943,0,40,3,10,2,1,55,33,7
3839369,0,943,0,40,2,8,2,1,34,38,7
3851619,0,943,0,40,3,4,2,1,29,72,7
3851921,0,943,0,40,2,4,2,1,27,64,7
3857259,0,943,0,40,2,5,2,1,17,26,7
3839185,0,943,0,40,2,6,2,1,39,39,7
3862445,0,943,0,40,3,4,2,1,15,90,7
3813763,0,943,0,40,3,13,2,1,81,81,7
3869010,0,943,0,40,3,2,2,1,10,96,7
3867029,0,943,0,40,2,2,2,1,10,62,7
3865107,0,943,0,40,2,3,2,1,12,11,7
3870179,0,943,0,40,2,1,2,1,9,31,7
3870364,0,943,0,40,2,1,2,1,9,68,7
3870808,0,943,0,40,3,1,2,1,9,41,7
3852181,0,943,0,40,3,5,2,1,21,25,7
3846069,0,943,0,40,3,5,2,1,36,29,7
3852393,0,943,0,40,3,4,2,1,20,35,7
3864051,0,943,0,40,3,2,2,1,13,63,7
3843407,0,943,0,40,3,6,2,1,25,53,7
3839612,0,943,0,40,3,5,2,1,37,93,7
3835288,0,943,0,40,2,10,2,1,37,38,7
3846757,0,943,0,40,2,5,2,1,32,41,7
3842311,0,943,0,40,2,7,2,1,30,28,7
3856385,0,943,0,40,3,3,2,1,23,88,7
3851427,0,943,0,40,3,6,2,1,26,43,7
3855685,0,943,0,40,2,3,2,1,23,15,7
3831073,0,943,0,40,3,10,2,1,39,30,7
3860819,0,943,0,40,2,2,2,1,21,19,7
3830725,0,943,0,40,3,8,2,1,46,56,7
3820424,0,943,0,40,3,9,2,1,65,60,7
3831726,0,943,0,40,3,8,2,1,48,55,7
3831089,0,943,0,40,3,10,2,1,43,37,7
3818903,0,943,0,40,2,10,2,1,75,69,7
3868371,0,943,0,40,3,2,2,1,9,68,7
3845218,0,943,0,40,2,4,2,1,37,28,7
3830220,0,943,0,40,3,7,2,1,51,43,7
3847722,0,943,0,40,2,5,2,1,34,16,7
3851870,0,943,0,40,2,4,2,1,20,74,7
3840184,0,943,0,40,2,9,2,1,31,29,7
3851109,0,943,0,40,3,5,2,1,29,51,7
3869726,0,943,0,40,2,2,2,1,9,42,7
3838288,0,943,0,40,3,11,2,1,33,59,7
3869913,0,943,0,40,2,1,2,1,8,48,7
3870413,0,943,0,40,2,1,2,1,8,43,7
3870701,0,943,0,40,3,1,2,1,8,34,7
3870998,0,943,0,40,3,1,2,1,8,38,7
3871080,0,943,0,40,3,1,2,1,8,22,7
3871272,0,943,0,40,3,1,2,1,8,62,7
3871378,0,943,0,40,2,1,2,1,8,42,7
3859845,0,943,0,40,2,3,2,1,9,49,7
3824196,0,943,0,40,3,12,2,1,48,15,7
3859694,0,943,0,40,2,2,2,1,20,45,7
3863335,0,943,0,40,3,2,2,1,13,61,7
3856346,0,943,0,40,2,3,2,1,22,50,7
3827156,0,943,0,40,3,10,2,1,45,45,7
3859480,0,943,0,40,2,4,2,1,12,53,7
3819856,0,943,0,40,3,16,2,1,49,72,7
3860299,0,943,0,40,3,4,2,1,14,48,7
3838338,0,943,0,40,3,6,2,1,47,16,7
3820232,0,943,0,40,2,12,2,1,59,42,7
3804671,0,943,0,40,3,10,2,1,78,48,7
3850640,0,943,0,40,2,3,2,1,35,47,7
3853506,0,943,0,40,3,6,2,1,19,26,7
3865319,0,943,0,40,3,2,2,1,11,17,7
3815662,1,943,919,40,2,11,2,1,67,42,7
3846995,0,943,0,40,2,7,2,1,28,46,7
3857332,0,943,0,40,3,4,2,1,20,31,7
3868062,0,943,0,40,2,2,2,1,8,44,7
3863566,0,943,0,40,3,2,2,1,17,37,7
3813167,0,943,0,40,2,13,2,1,66,48,7
3865466,0,943,0,40,3,3,2,1,11,91,7
3869394,0,943,0,40,2,2,2,1,8,59,7
3852016,0,943,0,40,3,5,2,1,27,35,7
3847207,0,943,0,40,3,5,2,1,30,51,7
3850932,0,943,0,40,2,5,2,1,26,45,7
3868426,0,943,0,40,2,2,2,1,10,63,7
3853037,0,943,0,40,2,6,2,1,28,97,7
3869674,0,943,0,40,2,2,2,1,9,13,7
3839227,0,943,0,40,2,9,2,1,46,49,7
3869845,0,943,0,40,3,1,2,1,7,17,7
3870827,0,943,0,40,3,1,2,1,7,55,7
3871059,0,943,0,40,2,1,2,1,7,24,7
3871339,0,943,0,40,2,1,2,1,7,25,7
3871579,0,943,0,40,3,1,2,1,7,32,7
3871597,0,943,0,40,2,1,2,1,7,73,7
3871883,0,943,0,40,2,1,2,1,7,18,7
3871915,0,943,0,40,2,1,2,1,7,48,7
3833825,1,943,913,28.7573,3,8,2,1,46,60,7
3863204,0,943,0,40,3,2,2,1,14,38,7
3826608,0,943,0,40,3,9,2,1,59,60,7
3840179,1,943,909,40,2,5,2,1,34,14,7
3858816,0,943,0,40,2,3,2,1,19,52,7
3855686,0,943,0,40,2,4,2,1,19,26,7
3843759,0,943,0,40,3,6,2,1,24,55,7
3855281,0,943,0,40,2,3,2,1,26,28,7
3843724,0,943,0,40,2,6,2,1,26,68,7
3849088,0,943,0,40,3,4,2,1,33,30,7
3861786,0,943,0,40,2,3,2,1,16,44,7
3803983,0,943,0,40,2,8,2,1,39,24,7
3859756,0,943,0,40,2,4,2,1,14,47,7
3861294,0,943,0,40,2,4,2,1,13,26,7
3861851,0,943,0,40,2,3,2,1,17,22,7
3840239,0,943,0,40,2,6,2,1,39,32,7
3859198,0,943,0,40,2,3,2,1,24,22,7
3854557,0,943,0,40,2,4,2,1,21,18,7
3850159,0,943,0,40,3,5,2,1,30,36,7
3824766,0,943,0,40,2,11,2,1,48,22,7
3837074,0,943,0,40,2,8,2,1,43,45,7
3860660,0,943,0,40,2,3,2,1,21,39,7
3867572,0,943,0,40,3,2,2,1,12,57,7
3808162,0,943,0,40,2,13,2,1,99,22,7
3836928,0,943,0,40,2,6,2,1,44,55,7
3856713,0,943,0,40,2,4,2,1,26,16,7
3853677,0,943,0,40,3,4,2,1,23,26,7
3833188,0,943,0,40,3,9,2,1,46,52,7
3837083,1,943,925,27.3154,3,6,2,1,46,53,7
3870575,0,943,0,40,3,1,2,1,6,54,7
3871590,0,943,0,40,2,1,2,1,6,34,7
3871634,0,943,0,40,3,1,2,1,6,93,7
3871786,0,943,0,40,3,1,2,1,6,68,7
3872034,0,943,0,40,3,1,2,1,6,43,7
3872082,0,943,0,40,2,1,2,1,6,33,7
3872470,0,943,0,40,3,1,2,1,6,16,7
3872574,0,943,0,40,2,1,2,1,6,35,7
3872606,0,943,0,40,3,1,2,1,6,43,7
3804712,0,943,0,40,3,8,2,1,58,21,7
3851971,0,943,0,40,2,4,2,1,23,43,7
3857629,0,943,0,40,2,3,2,1,17,41,7
3829011,0,943,0,40,3,9,2,1,58,62,7
3835657,0,943,0,40,2,7,2,1,51,57,7
3853691,0,943,0,40,3,5,2,1,22,59,7
3849555,0,943,0,40,3,5,2,1,25,23,7
3853464,0,943,0,40,3,6,2,1,19,27,7
3860368,0,943,0,40,2,3,2,1,19,37,7
3850329,0,943,0,40,2,6,2,1,22,44,7
3857614,0,943,0,40,3,4,2,1,17,27,7
3861188,0,943,0,40,2,3,2,1,15,26,7
3839176,0,943,0,40,3,6,2,1,38,38,7
3868419,0,943,0,40,3,2,2,1,7,49,7
3868776,0,943,0,40,2,2,2,1,6,77,7
3827570,0,943,0,40,2,8,2,1,57,21,7
3819930,0,943,0,40,3,10,2,1,58,30,7
3849971,0,943,0,40,3,6,2,1,19,62,7
3861049,0,943,0,40,3,3,2,1,16,58,7
3858293,0,943,0,40,2,5,2,1,14,56,7
3858786,1,943,916,40,2,5,2,1,15,30,7
3831850,0,943,0,40,2,6,2,1,53,23,7
3839064,0,943,0,40,2,5,2,1,44,24,7
3810383,1,943,932,40,2,13,2,1,90,34,7
3853764,0,943,0,40,2,5,2,1,26,34,7
3822823,0,943,0,40,3,8,2,1,69,58,7
3857577,0,943,0,40,3,4,2,1,21,60,7
3805510,0,943,0,40,3,12,2,1,45,24,7
3854566,0,943,0,40,2,4,2,1,22,42,7
3850389,0,943,0,40,2,4,2,1,27,61,7
3865506,0,943,0,40,3,3,2,1,13,26,7
3859008,0,943,0,40,3,3,2,1,20,41,7
3856707,0,943,0,40,2,4,2,1,21,35,7
3869380,0,943,0,40,2,2,2,1,8,34,7
3817175,0,943,0,40,2,11,2,1,70,27,7
3822450,0,943,0,40,2,13,2,1,39,65,7
3860130,0,943,0,40,3,2,2,1,21,24,7
3867297,0,943,0,40,2,2,2,1,11,22,7
3860049,0,943,0,40,2,3,2,1,19,42,7
3866917,0,943,0,40,3,2,2,1,8,31,7
3870318,0,943,0,40,3,2,2,1,8,52,7
3865675,0,943,0,40,2,3,2,1,11,26,7
3843856,0,943,0,40,2,6,2,1,34,39,7
3819251,0,943,0,40,3,10,2,1,70,33,7
3838261,0,943,0,40,3,9,2,1,33,33,7
3856916,0,943,0,40,3,4,2,1,16,31,7
3831881,1,943,895,39.3719,3,9,2,1,50,69,7
3850151,0,943,0,40,2,6,2,1,25,32,7
3870855,0,943,0,40,3,1,2,1,5,32,7
3871864,0,943,0,40,2,1,2,1,5,53,7
3872467,0,943,0,40,2,1,2,1,5,20,7
3872617,0,943,0,40,2,1,2,1,5,58,7
3872691,0,943,0,40,3,1,2,1,5,92,7
3872733,0,943,0,40,3,1,2,1,5,36,7
3872893,0,943,0,40,3,1,2,1,5,22,7
3873047,0,943,0,40,3,1,2,1,5,28,7
3828581,1,943,925,26.7849,3,9,2,1,45,51,7
3866070,0,943,0,40,3,2,2,1,5,63,7
3827766,0,943,0,40,2,10,2,1,49,52,7
3858002,0,943,0,40,2,4,2,1,12,45,7
3865903,0,943,0,40,3,2,2,1,9,30,7
3855177,0,943,0,40,2,3,2,1,21,24,7
3848778,0,943,0,40,2,6,2,1,20,56,7
3823868,0,943,0,40,3,10,2,1,57,38,7
3850430,0,943,0,40,2,5,2,1,19,29,7
3856777,0,943,0,40,2,3,2,1,24,63,7
3861698,0,943,0,40,2,4,2,1,10,59,7
3824278,0,943,0,40,2,8,2,1,62,84,7
3855784,0,943,0,40,3,2,2,1,29,27,7
3853306,0,943,0,40,2,4,2,1,26,72,7
3835523,0,943,0,40,2,8,2,1,36,41,7
3845145,0,943,0,40,3,5,2,1,38,65,7
3853619,0,943,0,40,3,6,2,1,24,43,7
3867409,0,943,0,40,3,2,2,1,7,38,7
3847260,0,943,0,40,2,5,2,1,18,37,7
3855045,0,943,0,40,2,5,2,1,12,46,7
3861018,0,943,0,40,3,2,2,1,21,24,7
3841796,0,943,0,40,2,6,2,1,26,37,7
3864262,0,943,0,40,3,2,2,1,13,31,7
3858613,0,943,0,40,3,5,2,1,17,58,7
3849551,0,943,0,40,3,6,2,1,25,42,7
3835985,0,943,0,40,2,7,2,1,32,29,7
3867403,0,943,0,40,2,2,2,1,9,25,7
3859068,0,943,0,40,3,4,2,1,12,44,7
3857053,0,943,0,40,3,4,2,1,12,39,7
3840251,0,943,0,40,2,4,2,1,41,47,7
3861702,0,943,0,40,3,2,2,1,20,38,7
3862589,0,943,0,40,2,2,2,1,18,20,7
3860949,0,943,0,40,3,2,2,1,13,38,7
3846019,0,943,0,40,2,6,2,1,27,23,7
3840861,0,943,0,40,3,6,2,1,31,76,7
3865838,0,943,0,40,3,2,2,1,8,17,7
3844813,0,943,0,40,3,6,2,1,27,33,7
3861091,0,943,0,40,2,4,2,1,14,82,7
3862378,0,943,0,40,2,4,2,1,15,9,7
3857581,0,943,0,40,3,4,2,1,24,104,7
3809386,0,943,0,40,3,13,2,1,73,40,7
3850599,0,943,0,40,2,5,2,1,35,42,7
3836528,1,943,938,24.226,3,7,2,1,35,83,7
3869478,0,943,0,40,3,2,2,1,8,28,7
3864743,0,943,0,40,2,3,2,1,8,60,7
3862303,0,943,0,40,2,3,2,1,15,28,7
3816918,1,943,904,40,2,12,2,1,68,14,7
3866646,0,943,0,40,2,3,2,1,8,61,7
3853623,0,943,0,40,3,5,2,1,21,50,7
3861042,0,943,0,40,3,3,2,1,23,39,7
3818399,0,943,0,40,3,11,2,1,77,35,7
3837811,0,943,0,40,3,7,2,1,38,13,7
3866839,0,943,0,40,3,2,2,1,13,56,7
3863114,0,943,0,40,3,3,2,1,16,41,7
3823594,0,943,0,40,2,11,2,1,55,50,7
3810716,0,943,0,40,3,15,2,1,80,22,7
3867999,0,943,0,40,3,3,2,1,9,48,7
3871240,0,943,0,40,3,2,2,1,6,38,7
3811914,0,943,0,40,2,12,2,1,77,17,7
3862836,0,943,0,40,2,4,2,1,12,57,7
3869227,0,943,0,40,2,2,2,1,5,97,7
3855130,0,943,0,40,2,5,2,1,30,31,7
3839977,0,943,0,40,3,6,2,1,43,57,7
3834719,0,943,0,40,3,8,2,1,51,64,7
3866818,0,943,0,40,2,3,2,1,10,65,7
3871858,0,943,0,40,2,2,2,1,5,40,7
3872157,0,943,0,40,3,1,2,1,4,45,7
3872333,0,943,0,40,3,1,2,1,4,45,7
3872549,0,943,0,40,3,1,2,1,4,43,7
3872670,0,943,0,40,3,1,2,1,4,61,7
3872942,0,943,0,40,3,1,2,1,4,21,7
3873340,0,943,0,40,3,1,2,1,4,42,7
3873416,0,943,0,40,2,1,2,1,4,69,7
3873556,0,943,0,40,3,1,2,1,4,63,7
3873684,1,943,938,24.8911,3,1,2,1,4,32,7
3853047,0,943,0,40,2,1,2,1,40,7,7
3828747,0,943,0,40,3,6,2,1,74,29,7
3839088,0,943,0,40,3,6,2,1,41,68,7
3857292,0,943,0,40,3,2,2,1,30,62,7
3851137,0,943,0,40,3,2,2,1,37,45,7
3806594,0,943,0,40,3,9,2,1,65,47,7
3837497,0,943,0,40,2,5,2,1,42,40,7
3857842,0,943,0,40,3,2,2,1,29,29,7
3848515,0,943,0,40,2,2,2,1,40,38,7
3838013,0,943,0,40,2,7,2,1,38,54,7
3856948,0,943,0,40,3,2,2,1,27,98,7
3861597,0,943,0,40,2,1,2,1,22,37,7
3815622,0,943,0,40,3,11,2,1,72,77,7
3809447,0,943,0,40,3,14,2,1,79,47,7
3823838,1,943,910,40,2,7,2,1,72,26,7
3861458,0,943,0,40,3,2,2,1,22,20,7
3817789,0,943,0,40,2,11,2,1,55,67,7
3806890,0,943,0,40,2,4,2,1,28,46,7
3861216,0,943,0,40,2,2,2,1,23,14,7
3848335,0,943,0,40,3,4,2,1,42,54,7
3852083,0,943,0,40,3,3,2,1,26,39,7
3858524,0,943,0,40,2,2,2,1,24,34,7
3845191,0,943,0,40,2,5,2,1,33,32,7
3847814,0,943,0,40,3,4,2,1,38,69,7
3865157,0,943,0,40,2,1,2,1,18,77,7
3842076,0,943,0,40,3,4,2,1,41,35,7
3815350,0,943,0,40,2,12,2,1,70,38,7
3840130,0,943,0,40,2,6,2,1,40,81,7
3866160,0,943,0,40,3,1,2,1,17,38,7
3840035,0,943,0,40,3,5,2,1,42,35,7
3847281,0,943,0,40,2,4,2,1,32,33,7
3850173,0,943,0,40,3,4,2,1,33,42,7
3817787,0,943,0,40,2,9,2,1,71,64,7
3865591,0,943,0,40,2,1,2,1,16,62,7
3866952,0,943,0,40,2,1,2,1,16,52,7
3867260,0,943,0,40,3,1,2,1,16,19,7
3856804,0,943,0,40,3,2,2,1,25,42,7
3830663,0,943,0,40,2,8,2,1,40,44,7
3863637,0,943,0,40,3,2,2,1,16,47,7
3863526,0,943,0,40,2,2,2,1,18,50,7
3854672,0,943,0,40,2,4,2,1,30,24,7
3867478,0,943,0,40,2,1,2,1,15,42,7
3821904,1,943,917,40,2,6,2,1,59,29,7
3842990,1,943,939,21.3255,3,5,2,1,41,51,7
3824485,0,943,0,40,3,7,2,1,69,38,7
3835470,0,943,0,40,2,8,2,1,38,36,7
3850371,0,943,0,40,3,6,2,1,32,77,7
3826862,0,943,0,40,3,9,2,1,45,19,7
3859757,0,943,0,40,2,3,2,1,18,41,7
3861763,0,943,0,40,3,2,2,1,21,69,7
3833803,0,943,0,40,2,6,2,1,52,86,7
3830196,0,943,0,40,3,8,2,1,52,39,7
3868067,0,943,0,40,2,1,2,1,14,79,7
3868485,0,943,0,40,2,1,2,1,14,82,7
3853665,0,943,0,40,2,4,2,1,16,22,7
3853343,0,943,0,40,2,5,2,1,24,95,7
3860863,0,943,0,40,3,3,2,1,19,27,7
3857652,0,943,0,40,3,3,2,1,18,37,7
3851195,0,943,0,40,3,5,2,1,25,75,7
3864345,0,943,0,40,2,2,2,1,19,58,7
3812223,0,943,0,40,3,13,2,1,90,68,7
3868570,0,943,0,40,3,1,2,1,13,16,7
3852607,0,943,0,40,2,3,2,1,21,16,7
3860380,0,943,0,40,2,2,2,1,18,71,7
3864962,0,943,0,40,3,2,2,1,14,23,7
3835304,0,943,0,40,2,6,2,1,44,64,7
3818334,0,943,0,40,2,11,2,1,73,45,7
3822039,0,943,0,40,3,11,2,1,62,31,7
3851292,0,943,0,40,3,4,2,1,38,52,7
3858082,0,943,0,40,2,2,2,1,29,40,7
3835283,0,943,0,40,3,6,2,1,54,72,7
3855903,0,943,0,40,3,3,2,1,27,60,7
3814364,0,943,0,40,2,14,2,1,76,25,7
3868907,0,943,0,40,3,1,2,1,12,73,7
3850664,0,943,0,40,2,4,2,1,25,36,7
3846445,0,943,0,40,3,6,2,1,30,61,7
3858452,0,943,0,40,2,3,2,1,22,32,7
3826927,0,943,0,40,2,9,2,1,51,40,7
3800659,0,943,0,40,2,12,2,1,68,35,7
3850057,0,943,0,40,2,5,2,1,28,34,7
3827806,0,943,0,40,2,8,2,1,57,20,7
3846723,0,943,0,40,3,6,2,1,33,72,7
3851187,1,943,928,36.9527,2,5,2,1,23,30,7
3849775,0,943,0,40,3,3,2,1,40,25,7
3858938,0,943,0,40,2,4,2,1,16,17,7
3855646,0,943,0,40,3,4,2,1,30,67,7
3867365,0,943,0,40,3,1,2,1,11,52,7
3868793,0,943,0,40,3,1,2,1,11,65,7
3869453,0,943,0,40,3,1,2,1,11,41,7
3823969,0,943,0,40,2,10,2,1,56,42,7
3845006,0,943,0,40,2,5,2,1,33,34,7
3859556,0,943,0,40,3,3,2,1,17,61,7
3852226,0,943,0,40,3,4,2,1,30,7,7
3815538,0,943,0,40,2,10,2,1,74,21,7
3865204,0,943,0,40,2,2,2,1,13,60,7
3849356,0,943,0,40,2,7,2,1,26,79,7
3859637,0,943,0,40,2,2,2,1,19,34,7
3812121,0,943,0,40,3,12,2,1,83,38,7
3848000,0,943,0,40,2,4,2,1,35,44,7
3848122,0,943,0,40,2,3,2,1,42,63,7
3845034,0,943,0,40,2,5,2,1,42,21,7
3862497,0,943,0,40,3,2,2,1,20,44,7
3868623,0,943,0,40,2,2,2,1,11,48,7
3807366,0,943,0,40,2,15,2,1,98,16,7
3852571,0,943,0,40,2,3,2,1,36,87,7
3860433,0,943,0,40,3,4,2,1,21,42,7
3862382,0,943,0,40,3,5,2,1,20,40,7
3869247,0,943,0,40,3,1,2,1,10,33,7
3869983,0,943,0,40,2,1,2,1,10,55,7
3870175,0,943,0,40,2,1,2,1,10,32,7
3870404,0,943,0,40,2,1,2,1,10,42,7
3870466,0,943,0,40,3,1,2,1,10,87,7
3870638,0,943,0,40,2,1,2,1,10,81,7
3846491,0,943,0,40,2,4,2,1,37,54,7
3815521,0,943,0,40,3,9,2,1,76,29,7
3862490,0,943,0,40,3,3,2,1,15,27,7
3859234,1,943,926,26.733,3,2,2,1,23,38,7
3856861,0,943,0,40,3,3,2,1,22,47,7
3839145,0,943,0,40,2,8,2,1,41,60,7
3825454,0,943,0,40,2,10,2,1,62,54,7
3856747,0,943,0,40,3,3,2,1,25,29,7
3865515,0,943,0,40,2,2,2,1,12,48,7
3863660,0,943,0,40,3,3,2,1,14,27,7
3824044,0,943,0,40,3,10,2,1,62,32,7
3846972,1,943,939,40,2,4,2,1,40,14,7
3804903,0,943,0,40,3,8,2,1,102,18,7
3868011,0,943,0,40,3,2,2,1,10,71,7
3818285,0,943,0,40,3,10,2,1,81,29,7
3863919,0,943,0,40,2,3,2,1,15,32,7
3861215,0,943,0,40,2,3,2,1,21,27,7
3846907,0,943,0,40,3,5,2,1,32,40,7
3849726,0,943,0,40,3,6,2,1,34,31,7
3868964,0,943,0,40,2,2,2,1,11,28,7
3853184,0,943,0,40,2,5,2,1,19,19,7
3870233,0,943,0,40,2,1,2,1,9,65,7
3871036,0,943,0,40,3,1,2,1,9,31,7
3843784,0,943,0,40,3,5,2,1,28,62,7
3855589,0,943,0,40,2,5,2,1,19,12,7
3808088,0,943,0,40,3,13,2,1,91,30,7
3844991,0,943,0,40,3,4,2,1,32,31,7
3857994,0,943,0,40,3,3,2,1,19,18,7
3856477,0,943,0,40,2,3,2,1,23,44,7
3836557,1,943,908,36.1088,3,9,2,1,34,51,7
3847977,0,943,0,40,2,4,2,1,27,15,7
3867506,0,943,0,40,3,2,2,1,10,38,7
3861086,0,943,0,40,3,2,2,1,23,29,7
3839520,0,943,0,40,3,5,2,1,42,67,7
3855414,0,943,0,40,3,4,2,1,27,32,7
3865285,0,943,0,40,2,2,2,1,15,21,7
3866786,0,943,0,40,3,2,2,1,14,17,7
3868381,0,943,0,40,2,2,2,1,11,39,7
3839251,0,943,0,40,3,7,2,1,28,11,7
3867829,1,943,939,31.5045,2,2,2,1,9,31,7
3861715,0,943,0,40,2,2,2,1,22,43,7
3837346,1,943,885,40,3,9,2,1,35,54,7
3819589,0,943,0,40,3,13,2,1,60,56,7
3802512,0,943,0,40,2,10,2,1,91,55,7
3849313,0,943,0,40,2,7,2,1,32,51,7
3869427,0,943,0,40,2,1,2,1,8,38,7
3870355,0,943,0,40,3,1,2,1,8,43,7
3870763,0,943,0,40,3,1,2,1,8,32,7
3871027,0,943,0,40,2,1,2,1,8,37,7
3871375,0,943,0,40,2,1,2,1,8,68,7
3871531,0,943,0,40,3,1,2,1,8,42,7
3871673,0,943,0,40,3,1,2,1,8,57,7
3863898,0,943,0,40,3,2,2,1,10,74,7
3819932,0,943,0,40,3,9,2,1,70,55,7
3866803,0,943,0,40,2,2,2,1,8,40,7
3840155,0,943,0,40,2,7,2,1,28,17,7
3855582,0,943,0,40,2,3,2,1,27,60,7
3821725,0,943,0,40,3,10,2,1,57,54,7
3754534,0,943,0,40,2,21,2,1,111,17,7
3845475,0,943,0,40,2,4,2,1,36,27,7
3855287,0,943,0,40,2,4,2,1,15,23,7
3838058,0,943,0,40,2,7,2,1,46,29,7
3851845,0,943,0,40,2,3,2,1,29,21,7
3810190,0,943,0,40,2,16,2,1,85,68,7
3844829,0,943,0,40,2,6,2,1,36,28,7
3841896,0,943,0,40,2,7,2,1,37,63,7
3867925,0,943,0,40,3,2,2,1,8,6,7
3857418,0,943,0,40,2,3,2,1,22,28,7
3825312,0,943,0,40,3,8,2,1,58,43,7
3805131,0,943,0,40,2,12,2,1,73,31,7
3857262,0,943,0,40,2,4,2,1,26,51,7
3856075,0,943,0,40,3,5,2,1,19,36,7
3843152,0,943,0,40,2,6,2,1,30,37,7
3838191,0,943,0,40,2,7,2,1,23,19,7
3826212,0,943,0,40,2,9,2,1,54,42,7
3812564,0,943,0,40,2,12,2,1,82,11,7
3744281,1,943,543,40,2,13,2,1,111,27,7
3844742,0,943,0,40,3,7,2,1,29,56,7
3833951,0,943,0,40,2,7,2,1,43,20,7
3826158,0,943,0,40,3,10,2,1,46,25,7
3843679,1,943,933,26.4002,3,5,2,1,38,19,7
3822227,0,943,0,40,2,8,2,1,63,76,7
3858658,0,943,0,40,2,3,2,1,28,26,7
3803154,1,943,909,40,2,11,2,1,51,20,7
3861920,0,943,0,40,3,4,2,1,17,61,7
3865183,0,943,0,40,3,3,2,1,15,60,7
3868949,0,943,0,40,2,2,2,1,9,10,7
3870495,0,943,0,40,2,1,2,1,7,55,7
3871329,0,943,0,40,3,1,2,1,7,42,7
3871746,0,943,0,40,2,1,2,1,7,43,7
3871890,0,943,0,40,2,1,2,1,7,34,7
3871970,0,943,0,40,3,1,2,1,7,50,7
3872132,0,943,0,40,2,1,2,1,7,16,7
3872396,0,943,0,40,3,1,2,1,7,78,7
3831105,0,943,0,40,3,9,2,1,42,43,7
3857085,0,943,0,40,2,3,2,1,19,81,7
3837310,0,943,0,40,3,6,2,1,36,77,7
3826545,0,943,0,40,3,7,2,1,52,36,7
3847099,0,943,0,40,2,5,2,1,26,15,7
3859482,0,943,0,40,3,2,2,1,22,58,7
3829594,0,943,0,40,3,6,2,1,53,49,7
3863575,0,943,0,40,2,3,2,1,13,59,7
3845666,0,943,0,40,3,5,2,1,31,9,7
3836356,0,943,0,40,3,7,2,1,31,66,7
3853415,0,943,0,40,3,3,2,1,30,38,7
3823018,0,943,0,40,3,9,2,1,63,45,7
3817950,0,943,0,40,3,10,2,1,76,27,7
3865526,0,943,0,40,2,3,2,1,12,22,7
3825506,0,943,0,40,3,6,2,1,68,32,7
3857866,0,943,0,40,3,2,2,1,27,76,7
3858631,0,943,0,40,3,3,2,1,19,54,7
3866394,0,943,0,40,3,2,2,1,13,31,7
3861973,0,943,0,40,2,3,2,1,13,101,7
3844167,0,943,0,40,3,7,2,1,27,18,7
3850255,0,943,0,40,2,5,2,1,27,36,7
3836067,0,943,0,40,2,7,2,1,42,52,7
3791961,0,943,0,40,3,11,2,1,98,98,7
3843182,0,943,0,40,2,4,2,1,42,34,7
3834765,0,943,0,40,3,8,2,1,49,25,7
3848271,0,943,0,40,3,6,2,1,31,23,7
3843300,0,943,0,40,3,5,2,1,44,74,7
3806904,0,943,0,40,3,13,2,1,60,45,7
3860888,0,943,0,40,2,4,2,1,16,36,7
3851869,0,943,0,40,3,5,2,1,20,29,7
3846002,0,943,0,40,2,5,2,1,38,37,7
3831676,0,943,0,40,3,8,2,1,49,46,7
3867837,0,943,0,40,2,2,2,1,9,13,7
3826618,0,943,0,40,2,9,2,1,50,11,7
3866472,1,943,926,40,2,4,2,1,9,66,7
3871274,0,943,0,40,2,2,2,1,7,70,7
3850014,1,943,917,40,2,5,2,1,30,38,7
3812467,0,943,0,40,2,14,2,1,78,47,7
3867103,0,943,0,40,3,3,2,1,11,80,7
3870547,0,943,0,40,3,2,2,1,7,14,7
3872263,0,943,0,40,3,1,2,1,6,47,7
3872507,0,943,0,40,2,1,2,1,6,21,7
3872643,0,943,0,40,3,1,2,1,6,46,7
3872695,0,943,0,40,2,1,2,1,6,58,7
3872803,0,943,0,40,2,1,2,1,6,8,7
3873091,0,943,0,40,2,1,2,1,6,43,7
3853571,0,943,0,40,3,3,2,1,20,56,7
3835363,0,943,0,40,2,6,2,1,46,13,7
3863925,0,943,0,40,2,2,2,1,12,34,7
3848268,0,943,0,40,3,6,2,1,23,21,7
3867734,0,943,0,40,3,2,2,1,6,51,7
3799447,0,943,0,40,3,14,2,1,80,97,7
3850225,0,943,0,40,2,3,2,1,31,31,7
3857648,0,943,0,40,3,3,2,1,20,31,7
3864194,0,943,0,40,2,2,2,1,10,81,7
3843202,0,943,0,40,2,6,2,1,40,51,7
3866361,0,943,0,40,3,2,2,1,8,33,7
3856167,0,943,0,40,2,3,2,1,22,50,7
3868676,0,943,0,40,2,2,2,1,6,42,7
3851189,0,943,0,40,2,5,2,1,22,33,7
3831633,0,943,0,40,2,10,2,1,40,33,7
3843460,0,943,0,40,3,6,2,1,32,23,7
3841922,0,943,0,40,2,7,2,1,35,54,7
3851997,0,943,0,40,2,7,2,1,22,76,7
3840548,0,943,0,40,3,6,2,1,41,28,7
3839347,0,943,0,40,3,6,2,1,46,79,7
3838956,0,943,0,40,3,8,2,1,35,60,7
3841597,0,943,0,40,3,6,2,1,46,59,7
3866751,0,943,0,40,3,3,2,1,9,21,7
3868152,0,943,0,40,2,2,2,1,6,31,7
3870160,0,943,0,40,3,2,2,1,6,55,7
3836271,0,943,0,40,2,5,2,1,49,49,7
3838073,0,943,0,40,3,8,2,1,44,16,7
3846895,0,943,0,40,3,4,2,1,37,29,7
3856785,1,943,922,40,2,4,2,1,16,33,7
3841324,0,943,0,40,2,5,2,1,40,17,7
3833174,0,943,0,40,3,8,2,1,45,40,7
3858598,0,943,0,40,3,4,2,1,21,41,7
3867258,0,943,0,40,2,3,2,1,11,36,7
3857772,0,943,0,40,2,2,2,1,27,35,7
3862660,0,943,0,40,2,2,2,1,21,28,7
3863000,1,943,921,40,2,3,2,1,19,27,7
3846273,0,943,0,40,3,6,2,1,39,56,7
3823427,0,943,0,40,2,8,2,1,64,38,7
3835086,0,943,0,40,3,10,2,1,36,65,7
3839884,0,943,0,40,3,7,2,1,39,23,7
3867654,0,943,0,40,3,2,2,1,12,46,7
3843243,0,943,0,40,2,5,2,1,44,39,7
3827463,0,943,0,40,2,7,2,1,51,23,7
3821555,0,943,0,40,2,9,2,1,58,24,7
3826974,0,943,0,40,3,10,2,1,51,41,7
3859440,0,943,0,40,3,3,2,1,19,49,7
3849048,0,943,0,40,2,7,2,1,19,56,7
3870259,0,943,0,40,2,2,2,1,7,75,7
3862033,0,943,0,40,2,4,2,1,12,28,7
3855243,0,943,0,40,3,3,2,1,26,38,7
3802444,0,943,0,40,2,14,2,1,72,46,7
3841905,0,943,0,40,2,7,2,1,39,32,7
3829871,0,943,0,40,3,10,2,1,42,43,7
3820737,0,943,0,40,3,12,2,1,68,46,7
3865436,0,943,0,40,2,3,2,1,10,23,7
3871207,0,943,0,40,3,2,2,1,6,64,7
3866344,0,943,0,40,3,3,2,1,13,26,7
3867646,0,943,0,40,3,3,2,1,7,26,7
3839640,0,943,0,40,2,10,2,1,42,92,7
3870615,0,943,0,40,2,1,2,1,5,24,7
3871700,0,943,0,40,2,1,2,1,5,39,7
3872461,0,943,0,40,3,1,2,1,5,25,7
3872934,0,943,0,40,3,1,2,1,5,31,7
3873222,0,943,0,40,2,1,2,1,5,12,7
3873408,0,943,0,40,3,1,2,1,5,61,7
3873634,0,943,0,40,3,1,2,1,5,74,7
3873656,0,943,0,40,2,1,2,1,5,30,7
3873704,0,943,0,40,2,1,2,1,5,26,7
3860951,0,943,0,40,2,3,2,1,9,66,7
3851323,0,943,0,40,2,4,2,1,22,57,7
3840971,0,943,0,40,2,6,2,1,38,72,7
3864120,0,943,0,40,3,2,2,1,12,59,7
3858729,0,943,0,40,3,3,2,1,15,41,7
3835722,0,943,0,40,2,8,2,1,40,42,7
3862294,0,943,0,40,3,4,2,1,10,82,7
3850902,0,943,0,40,3,5,2,1,23,64,7
3849674,0,943,0,40,2,5,2,1,30,37,7
3812406,0,943,0,40,2,11,2,1,84,33,7
3804075,0,943,0,40,2,8,2,1,66,59,7
3866253,0,943,0,40,2,2,2,1,13,54,7
3867498,0,943,0,40,2,2,2,1,10,49,7
3854696,0,943,0,40,3,4,2,1,19,54,7
3867537,1,943,933,34.5927,2,2,2,1,8,68,7
3847729,0,943,0,40,3,7,2,1,23,23,7
3815372,0,943,0,40,3,11,2,1,72,28,7
3869421,0,943,0,40,2,2,2,1,6,32,7
3830229,0,943,0,40,2,7,2,1,56,58,7
3838329,0,943,0,40,2,5,2,1,51,31,7
3772409,0,943,0,40,2,21,2,1,116,47,7
3856225,0,943,0,40,2,4,2,1,22,35,7
3829826,0,943,0,40,3,9,2,1,52,43,7
3803932,0,943,0,40,2,10,2,1,50,54,7
3867137,0,943,0,40,2,2,2,1,10,74,7
3868598,0,943,0,40,3,2,2,1,9,22,7
3835105,0,943,0,40,2,9,2,1,30,59,7
3863058,0,943,0,40,2,3,2,1,12,52,7
3842832,0,943,0,40,2,9,2,1,21,90,7
3821610,0,943,0,40,2,12,2,1,45,31,7
3858309,0,943,0,40,2,4,2,1,13,23,7
3826163,0,943,0,40,3,10,2,1,64,14,7
3862719,0,943,0,40,2,3,2,1,10,30,7
3865974,0,943,0,40,3,3,2,1,10,45,7
3856808,0,943,0,40,2,3,2,1,24,82,7
3841254,0,943,0,40,3,8,2,1,32,92,7
3862427,0,943,0,40,3,3,2,1,14,51,7
3864639,0,943,0,40,3,2,2,1,12,33,7
3826747,0,943,0,40,2,8,2,1,58,27,7
3849054,0,943,0,40,2,5,2,1,20,46,7
3862528,0,943,0,40,2,4,2,1,14,32,7
3840326,0,943,0,40,2,8,2,1,26,52,7
3830378,0,943,0,40,3,8,2,1,59,34,7
3828276,1,943,903,40,3,9,2,1,48,60,7
3817739,0,943,0,40,3,11,2,1,58,49,7
3823350,0,943,0,40,3,12,2,1,54,50,7
3834513,0,943,0,40,3,9,2,1,46,30,7
3818083,0,943,0,40,3,14,2,1,75,17,7
3841522,0,943,0,40,2,7,2,1,35,63,7
3826559,0,943,0,40,3,11,2,1,54,34,7
3864231,0,943,0,40,3,3,2,1,12,55,7
3844421,0,943,0,40,3,6,2,1,35,48,7
3833873,0,943,0,40,3,9,2,1,31,33,7
3860840,0,943,0,40,2,4,2,1,16,68,7
3860931,0,943,0,40,2,3,2,1,18,33,7
3804961,0,943,0,40,2,11,2,1,65,49,7
3850972,0,943,0,40,2,6,2,1,28,18,7
3832743,1,943,868,40,3,10,2,1,43,46,7
3857791,0,943,0,40,2,5,2,1,25,50,7
3848940,0,943,0,40,3,5,2,1,39,52,7
3872156,0,943,0,40,3,2,2,1,6,47,7
3859830,0,943,0,40,2,5,2,1,22,31,7
3870013,0,943,0,40,3,1,2,1,4,13,7
3872012,0,943,0,40,2,1,2,1,4,57,7
3872868,0,943,0,40,3,1,2,1,4,21,7
3873159,0,943,0,40,3,1,2,1,4,42,7
3873187,0,943,0,40,2,1,2,1,4,81,7
3873275,0,943,0,40,2,1,2,1,4,25,7
3873647,0,943,0,40,3,1,2,1,4,49,7
3873890,0,943,0,40,3,1,2,1,4,51,7
3873920,0,943,0,40,3,1,2,1,4,38,7
3873970,0,943,0,40,2,1,2,1,4,48,7
3874084,0,943,0,40,3,1,2,1,4,50,7
3874206,0,943,0,40,2,1,2,1,4,30,7
3816730,0,943,0,40,2,9,2,1,88,22,7
3850641,0,943,0,40,2,3,2,1,35,27,7
3854358,0,943,0,40,3,1,2,1,32,31,7
3850500,0,943,0,40,3,2,2,1,35,36,7
3850851,0,943,0,40,3,2,2,1,31,19,7
3860007,0,943,0,40,3,2,2,1,29,42,7
3851564,0,943,0,40,2,3,2,1,36,14,7
3861095,0,943,0,40,3,1,2,1,27,44,7
3860129,0,943,0,40,2,2,2,1,26,65,7
3849103,1,943,916,40,2,3,2,1,41,21,7
3828130,1,943,914,33.8706,3,6,2,1,61,48,7
3843831,0,943,0,40,3,5,2,1,37,27,7
3862853,0,943,0,40,3,1,2,1,22,28,7
3852925,0,943,0,40,3,3,2,1,27,18,7
3864594,0,943,0,40,3,1,2,1,21,54,7
3829681,0,943,0,40,3,8,2,1,46,33,7
3851633,0,943,0,40,3,3,2,1,36,25,7
3865099,0,943,0,40,2,1,2,1,19,42,7
3861656,0,943,0,40,3,2,2,1,20,66,7
3858625,0,943,0,40,3,3,2,1,22,22,7
3858710,0,943,0,40,3,3,2,1,23,36,7
3845456,0,943,0,40,3,6,2,1,34,29,7
3851018,0,943,0,40,3,5,2,1,24,18,7
3857841,0,943,0,40,3,3,2,1,27,30,7
3807140,0,943,0,40,3,9,2,1,78,36,7
3861364,0,943,0,40,3,4,2,1,23,44,7
3857246,0,943,0,40,2,2,2,1,25,91,7
3805878,0,943,0,40,3,11,2,1,96,44,7
3845020,0,943,0,40,2,5,2,1,32,42,7
3861766,0,943,0,40,3,3,2,1,19,31,7
3833116,0,943,0,40,3,6,2,1,40,58,7
3866956,0,943,0,40,2,1,2,1,17,38,7
3830931,0,943,0,40,2,5,2,1,55,43,7
3839631,0,943,0,40,3,6,2,1,47,43,7
3823048,0,943,0,40,2,11,2,1,66,28,7
3847498,0,943,0,40,2,5,2,1,42,90,7
3865943,0,943,0,40,3,2,2,1,18,37,7
3855730,0,943,0,40,3,3,2,1,21,113,7
3714306,0,943,0,40,3,31,2,1,177,55,7
3863212,0,943,0,40,3,2,2,1,19,69,7
3864256,0,943,0,40,2,2,2,1,16,49,7
3861084,0,943,0,40,3,3,2,1,19,30,7
3813033,0,943,0,40,2,6,2,1,106,38,7
3835001,0,943,0,40,3,8,2,1,41,45,7
3831199,1,943,903,40,2,8,2,1,53,55,7
3856044,0,943,0,40,3,3,2,1,21,33,7
3867129,0,943,0,40,3,1,2,1,15,67,7
3868467,0,943,0,40,2,1,2,1,15,40,7
3847444,0,943,0,40,3,3,2,1,40,67,7
3850711,1,943,926,30.1187,3,5,2,1,35,42,7
3863424,0,943,0,40,2,2,2,1,19,38,7
3846635,0,943,0,40,3,7,2,1,35,24,7
3826463,0,943,0,40,3,8,2,1,61,42,7
3837216,0,943,0,40,3,6,2,1,54,57,7
3867803,0,943,0,40,3,2,2,1,15,33,7
3869148,0,943,0,40,2,1,2,1,14,58,7
3791526,0,943,0,40,3,12,2,1,74,20,7
3821493,0,943,0,40,2,9,2,1,59,39,7
3856079,0,943,0,40,3,3,2,1,27,22,7
3842509,0,943,0,40,2,6,2,1,40,57,7
3854859,0,943,0,40,3,4,2,1,23,80,7
3852713,0,943,0,40,3,4,2,1,30,30,7
3868639,0,943,0,40,2,1,2,1,13,50,7
3869516,0,943,0,40,2,1,2,1,13,20,7
3869652,0,943,0,40,2,1,2,1,13,69,7
3848821,0,943,0,40,3,3,2,1,34,39,7
3834789,0,943,0,40,2,6,2,1,55,59,7
3827706,0,943,0,40,2,8,2,1,65,37,7
3839952,0,943,0,40,2,8,2,1,38,36,7
3860835,0,943,0,40,2,3,2,1,19,33,7
3806381,0,943,0,40,2,10,2,1,58,47,7
3864705,0,943,0,40,2,2,2,1,17,55,7
3836352,0,943,0,40,2,7,2,1,47,36,7
3843439,0,943,0,40,3,5,2,1,39,31,7
3861606,0,943,0,40,2,3,2,1,22,55,7
3835445,0,943,0,40,2,7,2,1,51,30,7
3867773,0,943,0,40,2,1,2,1,12,54,7
3869409,0,943,0,40,2,1,2,1,12,22,7
3869794,0,943,0,40,3,1,2,1,12,41,7
3869916,0,943,0,40,3,1,2,1,12,35,7
3857215,0,943,0,40,3,3,2,1,21,47,7
3807033,0,943,0,40,2,14,2,1,66,53,7
3862588,0,943,0,40,2,3,2,1,18,37,7
3849262,0,943,0,40,3,5,2,1,28,60,7
3816546,0,943,0,40,3,11,2,1,75,23,7
3866531,0,943,0,40,3,2,2,1,13,72,7
3867510,0,943,0,40,2,2,2,1,13,37,7
3815192,0,943,0,40,3,12,2,1,60,74,7
3869311,0,943,0,40,3,1,2,1,11,61,7
3870824,0,943,0,40,3,1,2,1,11,33,7
3861082,0,943,0,40,3,3,2,1,14,65,7
3863075,0,943,0,40,3,2,2,1,16,16,7
3807074,0,943,0,40,2,16,2,1,110,80,7
3862583,0,943,0,40,3,2,2,1,21,49,7
3846713,0,943,0,40,2,5,2,1,40,48,7
3867098,0,943,0,40,2,2,2,1,15,57,7
3799840,0,943,0,40,2,13,2,1,84,40,7
3871396,0,943,0,40,3,1,2,1,10,28,7
3854110,0,943,0,40,2,3,2,1,21,73,7
3852042,0,943,0,40,3,3,2,1,21,50,7
3850091,0,943,0,40,3,5,2,1,29,57,7
3851871,0,943,0,40,2,4,2,1,26,44,7
3857595,0,943,0,40,3,4,2,1,12,47,7
3842933,0,943,0,40,3,3,2,1,47,89,7
3852942,0,943,0,40,2,3,2,1,28,79,7
3830562,0,943,0,40,3,7,2,1,56,56,7
3823286,0,943,0,40,2,8,2,1,70,32,7
3845082,0,943,0,40,2,6,2,1,31,43,7
3854028,0,943,0,40,2,3,2,1,29,36,7
3840269,0,943,0,40,3,8,2,1,38,37,7
3807847,0,943,0,40,2,15,2,1,99,21,7
3793530,0,943,0,40,3,19,2,1,86,28,7
3868291,0,943,0,40,2,2,2,1,12,72,7
3866795,0,943,0,40,3,3,2,1,14,55,7
3859435,0,943,0,40,3,4,2,1,19,74,7
3856475,0,943,0,40,3,7,2,1,21,45,7
3870515,0,943,0,40,2,1,2,1,9,38,7
3871055,0,943,0,40,2,1,2,1,9,46,7
3871773,0,943,0,40,2,1,2,1,9,47,7
3857747,0,943,0,40,2,4,2,1,21,24,7
3855825,0,943,0,40,3,3,2,1,24,54,7
3865150,0,943,0,40,3,3,2,1,11,67,7
3862377,0,943,0,40,2,2,2,1,19,45,7
3839609,0,943,0,40,3,6,2,1,39,29,7
3863018,0,943,0,40,3,3,2,1,15,61,7
3855905,0,943,0,40,2,4,2,1,18,35,7
3810198,0,943,0,40,3,13,2,1,89,48,7
3856559,0,943,0,40,3,4,2,1,17,45,7
3868864,0,943,0,40,3,2,2,1,9,85,7
3829363,0,943,0,40,2,8,2,1,57,50,7
3864578,0,943,0,40,2,2,2,1,17,74,7
3858791,0,943,0,40,2,3,2,1,16,41,7
3812681,0,943,0,40,3,11,2,1,89,25,7
3859269,0,943,0,40,2,3,2,1,23,19,7
3867042,0,943,0,40,3,2,2,1,14,53,7
3855518,0,943,0,40,3,4,2,1,26,52,7
3831127,0,943,0,40,3,9,2,1,50,59,7
3859755,0,943,0,40,3,3,2,1,16,25,7
3812870,0,943,0,40,2,13,2,1,67,22,7
3849132,0,943,0,40,2,4,2,1,39,30,7
3867148,0,943,0,40,2,2,2,1,16,59,7
3846026,0,943,0,40,2,6,2,1,39,40,7
3871650,0,943,0,40,3,1,2,1,8,49,7
3872126,0,943,0,40,2,1,2,1,8,119,7
3872450,0,943,0,40,3,1,2,1,8,25,7
3872608,0,943,0,40,2,1,2,1,8,40,7
3822971,0,943,0,40,3,12,2,1,41,44,7
3861287,0,943,0,40,2,2,2,1,17,27,7
3837744,1,943,887,40,2,9,2,1,41,38,7
3864154,0,943,0,40,2,2,2,1,10,31,7
3839127,0,943,0,40,2,5,2,1,50,39,7
3817619,0,943,0,40,3,8,2,1,76,46,7
3846990,0,943,0,40,2,4,2,1,42,64,7
3858019,0,943,0,40,3,4,2,1,27,29,7
3868461,0,943,0,40,3,2,2,1,10,44,7
3862786,0,943,0,40,2,3,2,1,18,31,7
3848935,0,943,0,40,3,6,2,1,26,34,7
3867388,0,943,0,40,3,2,2,1,13,40,7
3845308,0,943,0,40,3,7,2,1,27,41,7
3867953,0,943,0,40,2,2,2,1,8,64,7
3865853,0,943,0,40,2,2,2,1,16,54,7
3865926,0,943,0,40,2,2,2,1,13,49,7
3835529,0,943,0,40,2,6,2,1,33,50,7
3842296,0,943,0,40,3,6,2,1,36,38,7
3848488,0,943,0,40,2,6,2,1,29,71,7
3849167,0,943,0,40,3,7,2,1,31,37,7
3869744,0,943,0,40,2,2,2,1,11,40,7
3835376,0,943,0,40,3,8,2,1,47,26,7
3827220,0,943,0,40,3,7,2,1,60,50,7
3864350,0,943,0,40,3,4,2,1,13,33,7
3872191,0,943,0,40,2,1,2,1,7,61,7
3872363,0,943,0,40,3,1,2,1,7,50,7
3872535,0,943,0,40,2,1,2,1,7,35,7
3872929,0,943,0,40,2,1,2,1,7,53,7
3873065,0,943,0,40,2,1,2,1,7,67,7
3836716,0,943,0,40,2,5,2,1,47,64,7
3845613,0,943,0,40,3,6,2,1,32,48,7
3805696,0,943,0,40,2,13,2,1,69,43,7
3824526,0,943,0,40,3,9,2,1,56,15,7
3850863,0,943,0,40,3,3,2,1,29,13,7
3833251,0,943,0,40,2,6,2,1,49,32,7
3865892,0,943,0,40,2,2,2,1,12,71,7
3869284,0,943,0,40,2,2,2,1,7,24,7
3830854,0,943,0,40,2,6,2,1,57,28,7
3847467,0,943,0,40,2,3,2,1,38,48,7
3856540,0,943,0,40,3,3,2,1,25,32,7
3811391,0,943,0,40,2,11,2,1,94,58,7
3867209,0,943,0,40,3,2,2,1,10,30,7
3828004,0,943,0,40,3,11,2,1,31,27,7
3845513,0,943,0,40,3,6,2,1,33,65,7
3854898,0,943,0,40,3,6,2,1,21,42,7
3869129,0,943,0,40,3,2,2,1,7,28,7
3823422,0,943,0,40,2,8,2,1,62,31,7
3862950,0,943,0,40,3,3,2,1,17,50,7
3848801,0,943,0,40,3,5,2,1,22,61,7
3852234,0,943,0,40,2,4,2,1,25,12,7
3803770,0,943,0,40,2,10,2,1,67,29,7
3864904,0,943,0,40,3,2,2,1,18,33,7
3862608,0,943,0,40,3,3,2,1,17,53,7
3853008,0,943,0,40,2,5,2,1,29,34,7
3866537,0,943,0,40,3,3,2,1,12,46,7
3858759,0,943,0,40,2,5,2,1,13,31,7
3863766,0,943,0,40,2,4,2,1,10,38,7
3863677,0,943,0,40,3,4,2,1,17,58,7
3823560,0,943,0,40,3,8,2,1,69,21,7
3826589,0,943,0,40,2,8,2,1,61,75,7
3839797,0,943,0,40,3,6,2,1,50,62,7
3834636,0,943,0,40,3,9,2,1,47,68,7
3828623,0,943,0,40,2,10,2,1,50,41,7
3860616,0,943,0,40,2,4,2,1,18,26,7
3850142,0,943,0,40,2,5,2,1,37,54,7
3872117,0,943,0,40,3,1,2,1,6,70,7
3872197,0,943,0,40,2,1,2,1,6,27,7
3872714,0,943,0,40,3,1,2,1,6,38,7
3872814,0,943,0,40,3,1,2,1,6,32,7
3873410,0,943,0,40,2,1,2,1,6,35,7
3827411,0,943,0,40,3,6,2,1,45,42,7
3811322,0,943,0,40,3,11,2,1,73,20,7
3834869,1,943,896,40,2,7,2,1,40,23,7
3830596,0,943,0,40,3,8,2,1,52,25,7
3827827,0,943,0,40,3,8,2,1,57,48,7
3811609,0,943,0,40,3,15,2,1,78,21,7
3810347,0,943,0,40,2,16,2,1,74,47,7
3852209,0,943,0,40,3,5,2,1,28,33,7
3842875,0,943,0,40,3,8,2,1,34,71,7
3867221,0,943,0,40,2,2,2,1,6,64,7
3813317,0,943,0,40,2,13,2,1,69,35,7
3866236,0,943,0,40,2,2,2,1,13,68,7
3840817,0,943,0,40,2,8,2,1,33,43,7
3860217,0,943,0,40,3,4,2,1,21,16,7
3868520,0,943,0,40,3,2,2,1,7,66,7
3858319,0,943,0,40,2,3,2,1,16,44,7
3865883,0,943,0,40,2,3,2,1,12,30,7
3822714,0,943,0,40,3,8,2,1,65,44,7
3857372,1,943,934,15.7276,3,3,2,1,25,65,7
3855075,0,943,0,40,3,3,2,1,24,48,7
3827629,0,943,0,40,2,11,2,1,54,18,7
3861512,0,943,0,40,3,3,2,1,13,32,7
3858749,0,943,0,40,2,4,2,1,15,36,7
3819023,0,943,0,40,3,10,2,1,66,55,7
3852718,0,943,0,40,2,5,2,1,26,28,7
3826561,0,943,0,40,3,9,2,1,47,54,7
3829847,0,943,0,40,2,7,2,1,60,32,7
3846673,0,943,0,40,3,6,2,1,23,66,7
3818447,0,943,0,40,2,14,2,1,58,10,7
3859674,0,943,0,40,3,5,2,1,15,53,7
3859592,1,943,929,40,2,3,2,1,22,96,7
3865643,0,943,0,40,3,3,2,1,12,90,7
3871906,0,943,0,40,3,2,2,1,6,45,7
3871561,0,943,0,40,3,2,2,1,8,24,7
3866417,1,943,928,40,2,4,2,1,9,50,7
3872876,0,943,0,40,2,1,2,1,5,35,7
3873784,0,943,0,40,3,1,2,1,5,52,7
3873828,0,943,0,40,2,1,2,1,5,46,7
3873914,0,943,0,40,2,1,2,1,5,55,7
3874020,0,943,0,40,2,1,2,1,5,18,7
3829678,0,943,0,40,3,10,2,1,39,68,7
3844598,0,943,0,40,3,7,2,1,26,60,7
3839108,0,943,0,40,2,6,2,1,35,51,7
3824698,0,943,0,40,2,7,2,1,60,9,7
3855672,0,943,0,40,3,6,2,1,17,59,7
3840970,0,943,0,40,2,5,2,1,48,32,7
3820300,0,943,0,40,2,7,2,1,81,47,7
3855477,0,943,0,40,2,4,2,1,20,28,7
3850258,0,943,0,40,3,4,2,1,24,99,7
3869709,0,943,0,40,3,2,2,1,5,17,7
3849639,0,943,0,40,2,4,2,1,25,28,7
3867329,0,943,0,40,2,2,2,1,10,107,7
3858787,0,943,0,40,3,5,2,1,17,55,7
3869937,0,943,0,40,2,2,2,1,5,46,7
3848953,0,943,0,40,3,6,2,1,25,52,7
3866217,0,943,0,40,2,2,2,1,15,34,7
3861269,1,943,935,21.2312,3,3,2,1,16,43,7
3858969,0,943,0,40,2,4,2,1,14,48,7
3866880,0,943,0,40,3,3,2,1,9,22,7
3822263,0,943,0,40,2,10,2,1,56,21,7
3804821,0,943,0,40,3,10,2,1,52,61,7
3823238,0,943,0,40,3,8,2,1,66,33,7
3845288,0,943,0,40,3,4,2,1,47,68,7
3858924,0,943,0,40,3,4,2,1,16,48,7
3863682,0,943,0,40,2,3,2,1,15,65,7
3869264,0,943,0,40,3,2,2,1,10,56,7
3846837,0,943,0,40,3,6,2,1,32,25,7
3815534,0,943,0,40,2,11,2,1,70,37,7
3865695,0,943,0,40,3,3,2,1,11,54,7
3853934,0,943,0,40,2,6,2,1,22,50,7
3869884,0,943,0,40,2,3,2,1,8,50,7
3830014,0,943,0,40,3,11,2,1,32,26,7
3816064,0,943,0,40,2,11,2,1,73,47,7
3855717,0,943,0,40,2,5,2,1,16,71,7
3823053,1,943,940,40,2,11,2,1,58,20,7
3817923,0,943,0,40,2,14,2,1,57,29,7
3844965,0,943,0,40,3,4,2,1,45,86,7
3834516,1,943,902,30.6171,3,7,2,1,58,16,7
3847882,0,943,0,40,2,6,2,1,33,40,7
3855390,1,943,908,40,2,5,2,1,27,30,7
3872425,0,943,0,40,2,1,2,1,4,41,7
3872840,0,943,0,40,2,1,2,1,4,40,7
3873759,0,943,0,40,2,1,2,1,4,51,7
3873851,0,943,0,40,3,1,2,1,4,70,7
3873927,0,943,0,40,3,1,2,1,4,32,7
3874536,0,943,0,40,2,1,2,1,4,41,7
3822915,0,943,0,40,2,9,2,1,72,27,7
3830328,0,943,0,40,3,9,2,1,53,43,7
3832353,0,943,0,40,2,9,2,1,45,29,7
3813024,0,943,0,40,3,14,2,1,64,32,7
3849692,0,943,0,40,3,6,2,1,37,42,7
3846789,0,943,0,40,3,3,2,1,41,54,7
3839959,0,943,0,40,3,5,2,1,43,39,7
3866264,0,943,0,40,3,1,2,1,19,42,7
3848674,0,943,0,40,3,4,2,1,31,27,7
3827728,0,943,0,40,2,7,2,1,60,29,7
3863350,0,943,0,40,2,3,2,1,20,50,7
3867206,0,943,0,40,3,1,2,1,18,51,7
3850459,0,943,0,40,3,4,2,1,35,74,7
3829378,0,943,0,40,3,10,2,1,57,22,7
3867512,0,943,0,40,3,1,2,1,17,81,7
3861619,0,943,0,40,2,2,2,1,20,17,7
3856674,0,943,0,40,3,3,2,1,29,61,7
3856939,0,943,0,40,3,3,2,1,28,29,7
3855950,0,943,0,40,2,3,2,1,27,44,7
3817687,0,943,0,40,2,8,2,1,87,22,7
3864065,0,943,0,40,2,2,2,1,20,53,7
3867398,0,943,0,40,3,2,2,1,17,63,7
3868610,0,943,0,40,3,1,2,1,15,37,7
3868924,0,943,0,40,3,1,2,1,15,43,7
3864337,0,943,0,40,2,2,2,1,17,27,7
3832267,0,943,0,40,3,9,2,1,47,22,7
3843837,0,943,0,40,2,6,2,1,41,78,7
3834921,0,943,0,40,3,5,2,1,53,57,7
3869762,0,943,0,40,3,1,2,1,14,31,7
3858046,1,943,922,25.663,3,4,2,1,21,37,7
3865079,0,943,0,40,2,2,2,1,14,47,7
3860222,0,943,0,40,2,4,2,1,22,58,7
3854855,0,943,0,40,3,4,2,1,24,79,7
3820806,0,943,0,40,2,10,2,1,61,41,7
3866686,0,943,0,40,3,2,2,1,13,44,7
3821720,0,943,0,40,3,10,2,1,58,31,7
3865019,0,943,0,40,3,3,2,1,14,72,7
3870690,0,943,0,40,2,1,2,1,12,46,7
3860986,0,943,0,40,2,2,2,1,20,40,7
3825654,0,943,0,40,3,10,2,1,56,30,7
3849016,0,943,0,40,3,4,2,1,35,22,7
3860639,0,943,0,40,3,3,2,1,20,87,7
3837529,0,943,0,40,2,6,2,1,35,76,7
3810110,0,943,0,40,2,14,2,1,102,35,7
3858537,0,943,0,40,3,4,2,1,23,66,7
3826076,0,943,0,40,3,9,2,1,60,72,7
3871128,0,943,0,40,3,1,2,1,11,57,7
3854102,0,943,0,40,3,4,2,1,28,49,7
3840707,0,943,0,40,3,6,2,1,45,34,7
3838501,0,943,0,40,3,7,2,1,41,43,7
3848522,0,943,0,40,2,4,2,1,31,49,7
3871215,0,943,0,40,2,1,2,1,10,38,7
3847823,0,943,0,40,3,3,2,1,34,36,7
3858267,0,943,0,40,3,3,2,1,20,41,7
3847489,0,943,0,40,2,4,2,1,36,83,7
3839937,0,943,0,40,3,6,2,1,42,24,7
3839355,0,943,0,40,2,8,2,1,28,27,7
3867236,0,943,0,40,3,2,2,1,13,67,7
3829485,1,943,875,40,3,8,2,1,61,43,7
3864931,0,943,0,40,3,2,2,1,16,27,7
3865914,0,943,0,40,2,2,2,1,15,57,7
3813027,0,943,0,40,2,10,2,1,103,37,7
3868072,0,943,0,40,3,2,2,1,10,24,7
3808693,0,943,0,40,2,13,2,1,104,47,7
3868696,0,943,0,40,2,2,2,1,13,60,7
3840990,0,943,0,40,2,6,2,1,41,37,7
3869805,0,943,0,40,2,1,2,1,9,35,7
3860248,1,943,929,37.998,2,2,2,1,22,48,7
3847072,0,943,0,40,3,5,2,1,30,38,7
3860577,0,943,0,40,3,3,2,1,16,50,7
3862440,0,943,0,40,2,3,2,1,18,68,7
3848401,0,943,0,40,3,3,2,1,46,44,7
3865438,0,943,0,40,3,2,2,1,18,102,7
3867246,0,943,0,40,3,3,2,1,12,39,7
3870631,0,943,0,40,3,1,2,1,8,34,7
3872551,0,943,0,40,3,1,2,1,8,43,7
3872761,0,943,0,40,2,1,2,1,8,30,7
3846917,0,943,0,40,3,6,2,1,24,62,7
3835287,0,943,0,40,2,7,2,1,49,15,7
3825483,0,943,0,40,3,13,2,1,55,55,7
3860738,0,943,0,40,2,4,2,1,18,25,7
3865498,0,943,0,40,2,3,2,1,13,30,7
3862670,0,943,0,40,2,4,2,1,15,75,7
3869862,0,943,0,40,2,2,2,1,9,69,7
3869627,0,943,0,40,3,2,2,1,9,83,7
3857593,0,943,0,40,2,4,2,1,26,69,7
3872618,0,943,0,40,2,1,2,1,7,77,7
3873600,0,943,0,40,3,1,2,1,7,24,7
3873728,0,943,0,40,3,1,2,1,7,73,7
3818381,0,943,0,40,3,12,2,1,45,83,7
3869390,0,943,0,40,3,2,2,1,7,26,7
3864856,0,943,0,40,3,3,2,1,12,48,7
3860318,0,943,0,40,3,3,2,1,16,52,7
3871012,0,943,0,40,2,2,2,1,7,23,7
3846373,0,943,0,40,2,6,2,1,34,44,7
3829468,0,943,0,40,2,7,2,1,57,17,7
3871506,0,943,0,40,2,2,2,1,7,50,7
3870210,0,943,0,40,2,2,2,1,12,21,7
3873239,0,943,0,40,3,1,2,1,6,25,7
3873776,0,943,0,40,2,1,2,1,6,35,7
3873964,0,943,0,40,2,1,2,1,6,52,7
3817892,0,943,0,40,3,11,2,1,59,54,7
3807090,0,943,0,40,2,15,2,1,85,44,7
3813011,0,943,0,40,2,15,2,1,77,29,7
3833758,0,943,0,40,2,7,2,1,44,19,7
3839079,0,943,0,40,3,6,2,1,41,68,7
3818452,0,943,0,40,3,13,2,1,70,27,7
3862983,0,943,0,40,2,3,2,1,15,34,7
3852823,0,943,0,40,2,5,2,1,25,46,7
3868995,0,943,0,40,3,2,2,1,10,27,7
3864428,0,943,0,40,2,3,2,1,13,35,7
3864499,0,943,0,40,3,4,2,1,12,44,7
3855360,0,943,0,40,2,5,2,1,22,81,7
3870427,0,943,0,40,2,2,2,1,7,33,7
3805592,0,943,0,40,2,13,2,1,103,27,7
3827003,0,943,0,40,2,10,2,1,50,31,7
3859261,0,943,0,40,2,4,2,1,20,99,7
3848892,0,943,0,40,2,8,2,1,29,53,7
3871612,0,943,0,40,3,1,2,1,5,43,7
3872968,0,943,0,40,3,1,2,1,5,51,7
3873883,0,943,0,40,3,1,2,1,5,41,7
3874063,0,943,0,40,2,1,2,1,5,23,7
3874518,0,943,0,40,3,1,2,1,5,27,7
3874612,0,943,0,40,3,1,2,1,5,39,7
3862733,0,943,0,40,3,3,2,1,9,53,7
3840869,0,943,0,40,2,6,2,1,39,21,7
3863157,0,943,0,40,2,3,2,1,9,72,7
3858704,0,943,0,40,2,3,2,1,25,87,7
3868091,1,943,941,29.7834,2,2,2,1,11,65,7
3857622,0,943,0,40,3,5,2,1,21,79,7
3846867,0,943,0,40,3,7,2,1,26,19,7
3866987,0,943,0,40,3,2,2,1,13,15,7
3851157,0,943,0,40,3,6,2,1,22,20,7
3848046,0,943,0,40,3,4,2,1,32,24,7
3848698,0,943,0,40,3,6,2,1,33,22,7
3817612,0,943,0,40,2,14,2,1,67,22,7
3856972,0,943,0,40,2,4,2,1,22,33,7
3857705,0,943,0,40,2,4,2,1,16,39,7
3861592,0,943,0,40,3,3,2,1,21,40,7
3838949,0,943,0,40,3,9,2,1,34,48,7
3871179,0,943,0,40,3,2,2,1,8,15,7
3844998,0,943,0,40,3,8,2,1,33,38,7
3871924,0,943,0,40,3,2,2,1,6,68,7
3874002,1,943,941,33.8498,3,2,2,1,5,39,7
3840355,0,943,0,40,3,7,2,1,46,35,7
3874061,0,943,0,40,3,1,2,1,4,15,7
3874792,0,943,0,40,2,1,2,1,4,75,7
3875000,0,943,0,40,3,1,2,1,4,16,7
3875276,0,943,0,40,2,1,2,1,4,78,7
3851626,0,943,0,40,3,2,2,1,44,75,7
3839773,0,943,0,40,2,3,2,1,61,70,7
3826047,0,943,0,40,3,9,2,1,53,50,7
3804401,0,943,0,40,3,11,2,1,90,34,7
3866485,0,943,0,40,2,1,2,1,17,36,7
3845638,0,943,0,40,3,5,2,1,39,8,7
3817218,1,943,927,39.5663,2,8,2,1,76,35,7
3857006,0,943,0,40,2,3,2,1,20,38,7
3869335,0,943,0,40,3,1,2,1,13,21,7
3821571,0,943,0,40,2,7,2,1,78,32,7
3862691,0,943,0,40,2,2,2,1,14,65,7
3856847,0,943,0,40,2,5,2,1,17,41,7
3823263,0,943,0,40,3,10,2,1,53,28,7
3841668,0,943,0,40,3,5,2,1,43,28,7
3866564,0,943,0,40,2,2,2,1,12,43,7
3846031,0,943,0,40,3,5,2,1,38,63,7
3871660,0,943,0,40,3,1,2,1,7,10,7
3873108,0,943,0,40,2,1,2,1,7,47,7
3874170,0,943,0,40,2,1,2,1,7,69,7
3859474,0,943,0,40,2,3,2,1,23,59,7
3863700,0,943,0,40,3,3,2,1,14,41,7
3813171,0,943,0,40,2,13,2,1,75,30,7
3872102,0,943,0,40,3,2,2,1,9,42,7
3873791,0,943,0,40,2,1,2,1,6,25,7
3868306,1,943,933,36.4761,2,2,2,1,9,36,7
3854412,0,943,0,40,3,6,2,1,18,15,7
3845464,0,943,0,40,3,7,2,1,28,63,7
3866144,0,943,0,40,2,4,2,1,10,51,7
3855781,0,943,0,40,3,5,2,1,22,16,7
3867218,0,943,0,40,2,3,2,1,8,44,7
3851254,0,943,0,40,3,4,2,1,38,38,7
3838922,0,943,0,40,2,7,2,1,35,52,7
3821726,0,943,0,40,2,9,2,1,55,61,7
3834438,0,943,0,40,3,9,2,1,45,12,7
3863810,0,943,0,40,3,4,2,1,14,44,7
3843569,0,943,0,40,3,8,2,1,28,29,7
3852901,0,943,0,40,3,5,2,1,28,41,7
3873400,0,943,0,40,3,2,2,1,6,70,7
3875434,0,943,0,40,3,1,2,1,4,42,7
3872281,0,943,0,40,3,0,2,1,3,44,7
3872537,0,943,0,40,2,0,2,1,3,68,7
3872704,0,943,0,40,3,0,2,1,3,38,7
3872832,0,943,0,40,3,0,2,1,3,46,7
3873024,0,943,0,40,2,0,2,1,3,66,7
3873281,0,943,0,40,3,0,2,1,3,26,7
3873345,0,943,0,40,2,0,2,1,3,34,7
3873409,0,943,0,40,3,0,2,1,3,25,7
3873529,0,943,0,40,3,0,2,1,3,24,7
3873593,0,943,0,40,2,0,2,1,3,71,7
3873633,0,943,0,40,3,0,2,1,3,21,7
3873697,0,943,0,40,2,0,2,1,3,68,7
3873745,0,943,0,40,2,0,2,1,3,32,7
3873777,0,943,0,40,2,0,2,1,3,42,7
3873809,0,943,0,40,3,0,2,1,3,26,7
3873841,0,943,0,40,3,0,2,1,3,25,7
3873873,0,943,0,40,2,0,2,1,3,93,7
3873905,0,943,0,40,2,0,2,1,3,28,7
3873937,0,943,0,40,2,0,2,1,3,49,7
3873969,0,943,0,40,2,0,2,1,3,30,7
3874017,0,943,0,40,3,0,2,1,3,42,7
3874049,0,943,0,40,2,0,2,1,3,14,7
3874081,0,943,0,40,3,0,2,1,3,38,7
3874113,0,943,0,40,2,0,2,1,3,39,7
3874145,0,943,0,40,2,0,2,1,3,28,7
3874209,0,943,0,40,3,0,2,1,3,29,7
3874241,0,943,0,40,3,0,2,1,3,45,7
3874277,0,943,0,40,2,0,2,1,3,53,7
3874293,0,943,0,40,2,0,2,1,3,34,7
3874309,0,943,0,40,3,0,2,1,3,45,7
3874325,0,943,0,40,2,0,2,1,3,37,7
3874341,0,943,0,40,3,0,2,1,3,28,7
3874357,0,943,0,40,3,0,2,1,3,51,7
3874373,0,943,0,40,3,0,2,1,3,44,7
3874389,0,943,0,40,3,0,2,1,3,115,7
3874405,0,943,0,40,2,0,2,1,3,59,7
3874421,0,943,0,40,2,0,2,1,3,34,7
3874437,0,943,0,40,3,0,2,1,3,34,7
3874453,0,943,0,40,2,0,2,1,3,44,7
3874493,0,943,0,40,3,0,2,1,3,38,7
3874509,0,943,0,40,3,0,2,1,3,14,7
3874525,0,943,0,40,2,0,2,1,3,40,7
3874541,0,943,0,40,3,0,2,1,3,76,7
3874573,0,943,0,40,2,0,2,1,3,47,7
3874589,0,943,0,40,3,0,2,1,3,52,7
3874621,0,943,0,40,2,0,2,1,3,66,7
3874653,0,943,0,40,3,0,2,1,3,12,7
3874669,0,943,0,40,2,0,2,1,3,36,7
3874701,0,943,0,40,3,0,2,1,3,51,7
3874717,0,943,0,40,2,0,2,1,3,29,7
3874733,0,943,0,40,3,0,2,1,3,53,7
3874749,0,943,0,40,2,0,2,1,3,37,7
3874765,0,943,0,40,3,0,2,1,3,26,7
3874791,0,943,0,40,3,0,2,1,3,24,7
3874807,0,943,0,40,3,0,2,1,3,44,7
3874815,0,943,0,40,2,0,2,1,3,72,7
3874823,0,943,0,40,3,0,2,1,3,38,7
3874839,0,943,0,40,2,0,2,1,3,64,7
3874847,0,943,0,40,3,0,2,1,3,19,7
3874857,0,943,0,40,3,0,2,1,3,37,7
3874873,0,943,0,40,3,0,2,1,3,60,7
3874889,0,943,0,40,2,0,2,1,3,63,7
3874905,0,943,0,40,2,0,2,1,3,43,7
3874913,0,943,0,40,3,0,2,1,3,58,7
3874921,0,943,0,40,3,0,2,1,3,44,7
3874937,0,943,0,40,2,0,2,1,3,33,7
3874945,0,943,0,40,3,0,2,1,3,20,7
3874953,0,943,0,40,2,0,2,1,3,60,7
3874961,0,943,0,40,3,0,2,1,3,48,7
3874969,0,943,0,40,3,0,2,1,3,27,7
3874985,0,943,0,40,3,0,2,1,3,46,7
3874993,0,943,0,40,3,0,2,1,3,22,7
3875001,0,943,0,40,2,0,2,1,3,24,7
3875009,0,943,0,40,2,0,2,1,3,45,7
3875017,0,943,0,40,2,0,2,1,3,35,7
3875025,0,943,0,40,3,0,2,1,3,46,7
3875033,0,943,0,40,3,0,2,1,3,66,7
3875041,0,943,0,40,3,0,2,1,3,21,7
3875057,0,943,0,40,2,0,2,1,3,15,7
3875065,0,943,0,40,3,0,2,1,3,29,7
3875081,0,943,0,40,2,0,2,1,3,30,7
3875089,0,943,0,40,3,0,2,1,3,46,7
3875097,0,943,0,40,3,0,2,1,3,24,7
3875105,0,943,0,40,2,0,2,1,3,28,7
3875113,0,943,0,40,2,0,2,1,3,64,7
3875121,0,943,0,40,2,0,2,1,3,38,7
3875129,0,943,0,40,2,0,2,1,3,21,7
3875137,0,943,0,40,3,0,2,1,3,32,7
3875145,0,943,0,40,2,0,2,1,3,19,7
3875153,0,943,0,40,3,0,2,1,3,31,7
3875169,0,943,0,40,2,0,2,1,3,43,7
3875177,0,943,0,40,2,0,2,1,3,61,7
3875185,0,943,0,40,2,0,2,1,3,48,7
3875193,0,943,0,40,3,0,2,1,3,59,7
3875201,0,943,0,40,2,0,2,1,3,39,7
3875209,0,943,0,40,3,0,2,1,3,49,7
3875217,0,943,0,40,2,0,2,1,3,38,7
3875233,0,943,0,40,2,0,2,1,3,36,7
3875241,0,943,0,40,2,0,2,1,3,27,7
3875249,0,943,0,40,2,0,2,1,3,18,7
3875257,0,943,0,40,3,0,2,1,3,56,7
3875273,0,943,0,40,3,0,2,1,3,18,7
3875281,0,943,0,40,2,0,2,1,3,31,7
3875287,0,943,0,40,2,0,2,1,3,67,7
3875291,0,943,0,40,2,0,2,1,3,63,7
3875295,0,943,0,40,3,0,2,1,3,91,7
3875299,0,943,0,40,2,0,2,1,3,25,7
3875307,0,943,0,40,2,0,2,1,3,18,7
3875315,0,943,0,40,3,0,2,1,3,42,7
3875319,0,943,0,40,3,0,2,1,3,45,7
3875327,0,943,0,40,2,0,2,1,3,16,7
3875331,0,943,0,40,3,0,2,1,3,34,7
3875335,0,943,0,40,3,0,2,1,3,40,7
3875339,0,943,0,40,3,0,2,1,3,34,7
3875343,0,943,0,40,3,0,2,1,3,52,7
3875347,0,943,0,40,2,0,2,1,3,50,7
3875351,0,943,0,40,2,0,2,1,3,22,7
3875355,0,943,0,40,3,0,2,1,3,29,7
3875359,0,943,0,40,3,0,2,1,3,45,7
3875367,0,943,0,40,3,0,2,1,3,71,7
3875371,0,943,0,40,3,0,2,1,3,73,7
3875375,0,943,0,40,3,0,2,1,3,48,7
3875379,0,943,0,40,3,0,2,1,3,44,7
3875383,0,943,0,40,2,0,2,1,3,47,7
3875387,0,943,0,40,3,0,2,1,3,46,7
3875391,0,943,0,40,3,0,2,1,3,25,7
3875395,0,943,0,40,2,0,2,1,3,23,7
3875403,0,943,0,40,2,0,2,1,3,35,7
3875407,0,943,0,40,3,0,2,1,3,99,7
3875411,0,943,0,40,2,0,2,1,3,56,7
3875415,0,943,0,40,2,0,2,1,3,68,7
3875419,0,943,0,40,2,0,2,1,3,55,7
3875427,0,943,0,40,3,0,2,1,3,96,7
3875431,0,943,0,40,3,0,2,1,3,26,7
3875435,0,943,0,40,2,0,2,1,3,43,7
3875439,0,943,0,40,2,0,2,1,3,77,7
3875447,0,943,0,40,2,0,2,1,3,15,7
3875451,0,943,0,40,3,0,2,1,3,61,7
3875455,0,943,0,40,2,0,2,1,3,48,7
3875463,0,943,0,40,2,0,2,1,3,40,7
3875467,0,943,0,40,3,0,2,1,3,57,7
3875471,0,943,0,40,2,0,2,1,3,18,7
3875475,0,943,0,40,3,0,2,1,3,52,7
3875479,0,943,0,40,2,0,2,1,3,29,7
3875483,0,943,0,40,3,0,2,1,3,31,7
3875487,0,943,0,40,2,0,2,1,3,38,7
3875491,0,943,0,40,2,0,2,1,3,35,7
3875495,0,943,0,40,3,0,2,1,3,58,7
3875499,0,943,0,40,3,0,2,1,3,80,7
3875503,0,943,0,40,2,0,2,1,3,61,7
3875507,0,943,0,40,3,0,2,1,3,51,7
3875519,0,943,0,40,3,0,2,1,3,17,7
3875527,0,943,0,40,2,0,2,1,3,57,7
3875531,0,943,0,40,3,0,2,1,3,55,7
3875535,0,943,0,40,2,0,2,1,3,78,7
3875539,0,943,0,40,3,0,2,1,3,101,7
3875543,0,943,0,40,2,0,2,1,3,36,7
3875547,0,943,0,40,2,0,2,1,3,91,7
3875551,0,943,0,40,3,0,2,1,3,37,7
3875555,0,943,0,40,3,0,2,1,3,49,7
3875563,0,943,0,40,2,0,2,1,3,77,7
3875567,0,943,0,40,3,0,2,1,3,46,7
3875571,0,943,0,40,2,0,2,1,3,75,7
3875575,0,943,0,40,3,0,2,1,3,30,7
3875579,0,943,0,40,3,0,2,1,3,44,7
3875587,0,943,0,40,2,0,2,1,3,37,7
3875591,0,943,0,40,3,0,2,1,3,9,7
3875595,0,943,0,40,2,0,2,1,3,44,7
3875599,0,943,0,40,2,0,2,1,3,16,7
3875603,0,943,0,40,2,0,2,1,3,29,7
3875611,0,943,0,40,3,0,2,1,3,29,7
3875615,0,943,0,40,2,0,2,1,3,33,7
3875627,0,943,0,40,3,0,2,1,3,55,7
3875635,0,943,0,40,2,0,2,1,3,39,7
3875639,0,943,0,40,3,0,2,1,3,39,7
3875643,0,943,0,40,2,0,2,1,3,20,7
3875647,0,943,0,40,3,0,2,1,3,38,7
3875651,0,943,0,40,3,0,2,1,3,44,7
3875655,0,943,0,40,2,0,2,1,3,29,7
3875659,0,943,0,40,3,0,2,1,3,32,7
3875667,0,943,0,40,2,0,2,1,3,22,7
3875675,0,943,0,40,2,0,2,1,3,7,7
3875679,0,943,0,40,2,0,2,1,3,60,7
3875687,0,943,0,40,3,0,2,1,3,93,7
3875695,0,943,0,40,2,0,2,1,3,44,7
3875699,0,943,0,40,3,0,2,1,3,47,7
3875703,0,943,0,40,2,0,2,1,3,48,7
3875707,0,943,0,40,2,0,2,1,3,51,7
3875711,0,943,0,40,3,0,2,1,3,45,7
3875715,0,943,0,40,2,0,2,1,3,19,7
3875719,0,943,0,40,2,0,2,1,3,35,7
3875723,0,943,0,40,2,0,2,1,3,42,7
3875727,0,943,0,40,2,0,2,1,3,84,7
3875731,0,943,0,40,3,0,2,1,3,72,7
3875735,0,943,0,40,2,0,2,1,3,22,7
3875739,0,943,0,40,3,0,2,1,3,54,7
3875743,0,943,0,40,3,0,2,1,3,57,7
3875747,0,943,0,40,2,0,2,1,3,28,7
3875751,0,943,0,40,3,0,2,1,3,36,7
3875755,0,943,0,40,3,0,2,1,3,33,7
3875759,0,943,0,40,3,0,2,1,3,50,7
3875763,0,943,0,40,3,0,2,1,3,23,7
3875767,0,943,0,40,2,0,2,1,3,23,7
3875771,0,943,0,40,2,0,2,1,3,49,7
3875775,0,943,0,40,2,0,2,1,3,62,7
3875779,0,943,0,40,2,0,2,1,3,43,7
3875783,0,943,0,40,3,0,2,1,3,25,7
3875787,0,943,0,40,3,0,2,1,3,54,7
3875795,0,943,0,40,3,0,2,1,3,35,7
3875799,0,943,0,40,2,0,2,1,3,28,7
3875803,0,943,0,40,3,0,2,1,3,91,7
3875807,0,943,0,40,2,0,2,1,3,101,7
3875811,0,943,0,40,2,0,2,1,3,54,7
3875815,0,943,0,40,2,0,2,1,3,65,7
3875823,0,943,0,40,3,0,2,1,3,46,7
3875831,0,943,0,40,2,0,2,1,3,66,7
3875835,0,943,0,40,2,0,2,1,3,28,7
3875843,0,943,0,40,2,0,2,1,3,57,7
3875847,0,943,0,40,3,0,2,1,3,80,7
3875851,0,943,0,40,2,0,2,1,3,35,7
3875856,0,943,0,40,3,0,2,1,3,42,7
3875858,0,943,0,40,2,0,2,1,3,16,7
3875860,0,943,0,40,3,0,2,1,3,11,7
3875862,0,943,0,40,2,0,2,1,3,43,7
3875866,0,943,0,40,2,0,2,1,3,81,7
3875870,0,943,0,40,2,0,2,1,3,48,7
3875874,0,943,0,40,3,0,2,1,3,15,7
3875878,0,943,0,40,2,0,2,1,3,37,7
3875880,0,943,0,40,3,0,2,1,3,75,7
3875884,0,943,0,40,3,0,2,1,3,68,7
3875886,0,943,0,40,2,0,2,1,3,66,7
3875890,0,943,0,40,3,0,2,1,3,35,7
3875892,0,943,0,40,3,0,2,1,3,14,7
3875894,0,943,0,40,2,0,2,1,3,37,7
3875898,0,943,0,40,2,0,2,1,3,25,7
3875900,0,943,0,40,3,0,2,1,3,35,7
3875902,0,943,0,40,3,0,2,1,3,47,7
3875904,0,943,0,40,3,0,2,1,3,39,7
3875906,0,943,0,40,3,0,2,1,3,37,7
3875908,0,943,0,40,2,0,2,1,3,57,7
3875910,0,943,0,40,2,0,2,1,3,93,7
3875912,0,943,0,40,2,0,2,1,3,15,7
3875914,0,943,0,40,2,0,2,1,3,53,7
3875916,0,943,0,40,3,0,2,1,3,60,7
3875920,0,943,0,40,3,0,2,1,3,35,7
3875924,0,943,0,40,3,0,2,1,3,46,7
3875926,0,943,0,40,3,0,2,1,3,30,7
3875928,0,943,0,40,3,0,2,1,3,50,7
3875930,0,943,0,40,3,0,2,1,3,41,7
3875932,0,943,0,40,2,0,2,1,3,71,7
3875936,0,943,0,40,2,0,2,1,3,40,7
3875938,0,943,0,40,3,0,2,1,3,23,7
3875940,0,943,0,40,3,0,2,1,3,50,7
3875942,0,943,0,40,2,0,2,1,3,75,7
3875944,0,943,0,40,2,0,2,1,3,70,7
3875948,0,943,0,40,2,0,2,1,3,48,7
3875950,0,943,0,40,3,0,2,1,3,12,7
3875952,0,943,0,40,3,0,2,1,3,44,7
3875954,0,943,0,40,3,0,2,1,3,52,7
3875956,0,943,0,40,2,0,2,1,3,39,7
3875958,0,943,0,40,3,0,2,1,3,40,7
3875960,0,943,0,40,2,0,2,1,3,52,7
3875962,0,943,0,40,3,0,2,1,3,45,7
3875964,0,943,0,40,3,0,2,1,3,43,7
3875966,0,943,0,40,2,0,2,1,3,55,7
3875968,0,943,0,40,3,0,2,1,3,46,7
3875970,0,943,0,40,3,0,2,1,3,16,7
3875972,0,943,0,40,2,0,2,1,3,9,7
3875974,0,943,0,40,3,0,2,1,3,71,7
3875978,0,943,0,40,2,0,2,1,3,46,7
3875980,0,943,0,40,2,0,2,1,3,48,7
3875982,0,943,0,40,3,0,2,1,3,99,7
3875986,0,943,0,40,3,0,2,1,3,44,7
3875990,0,943,0,40,2,0,2,1,3,48,7
3875994,0,943,0,40,3,0,2,1,3,30,7
3875996,0,943,0,40,2,0,2,1,3,61,7
3875998,0,943,0,40,2,0,2,1,3,61,7
3876000,0,943,0,40,3,0,2,1,3,54,7
3876002,0,943,0,40,3,0,2,1,3,61,7
3876004,0,943,0,40,3,0,2,1,3,12,7
3876006,0,943,0,40,2,0,2,1,3,28,7
3876008,0,943,0,40,2,0,2,1,3,45,7
3876010,0,943,0,40,3,0,2,1,3,63,7
3876012,0,943,0,40,2,0,2,1,3,23,7
3876014,0,943,0,40,2,0,2,1,3,61,7
3876016,0,943,0,40,2,0,2,1,3,46,7
3876018,0,943,0,40,2,0,2,1,3,47,7
3876022,0,943,0,40,3,0,2,1,3,47,7
3876024,0,943,0,40,3,0,2,1,3,21,7
3876026,0,943,0,40,3,0,2,1,3,109,7
3876028,0,943,0,40,2,0,2,1,3,20,7
3876032,0,943,0,40,2,0,2,1,3,25,7
3876034,0,943,0,40,3,0,2,1,3,68,7
3876036,0,943,0,40,3,0,2,1,3,52,7
3876038,0,943,0,40,2,0,2,1,3,93,7
3876042,0,943,0,40,2,0,2,1,3,62,7
3876044,0,943,0,40,2,0,2,1,3,54,7
3876046,0,943,0,40,3,0,2,1,3,20,7
3876048,0,943,0,40,3,0,2,1,3,40,7
3876050,0,943,0,40,3,0,2,1,3,20,7
3876052,0,943,0,40,2,0,2,1,3,28,7
3876054,0,943,0,40,3,0,2,1,3,85,7
3876056,0,943,0,40,3,0,2,1,3,62,7
3876058,0,943,0,40,2,0,2,1,3,25,7
3876062,0,943,0,40,3,0,2,1,3,39,7
3876064,0,943,0,40,3,0,2,1,3,62,7
3876066,0,943,0,40,3,0,2,1,3,19,7
3876068,0,943,0,40,3,0,2,1,3,44,7
3876070,0,943,0,40,2,0,2,1,3,48,7
3876072,0,943,0,40,3,0,2,1,3,47,7
3876074,0,943,0,40,2,0,2,1,3,33,7
3876076,0,943,0,40,3,0,2,1,3,49,7
3876078,0,943,0,40,3,0,2,1,3,57,7
3876080,0,943,0,40,3,0,2,1,3,44,7
3876084,0,943,0,40,3,0,2,1,3,44,7
3876086,0,943,0,40,2,0,2,1,3,79,7
3876090,0,943,0,40,3,0,2,1,3,58,7
3876092,0,943,0,40,2,0,2,1,3,67,7
3876094,0,943,0,40,3,0,2,1,3,27,7
3876096,0,943,0,40,3,0,2,1,3,63,7
3876098,0,943,0,40,3,0,2,1,3,36,7
3876102,0,943,0,40,2,0,2,1,3,42,7
3876104,0,943,0,40,3,0,2,1,3,33,7
3876106,0,943,0,40,2,0,2,1,3,21,7
3876110,0,943,0,40,3,0,2,1,3,23,7
3876112,0,943,0,40,3,0,2,1,3,64,7
3876120,0,943,0,40,2,0,2,1,3,31,7
3876122,0,943,0,40,2,0,2,1,3,38,7
3876124,0,943,0,40,2,0,2,1,3,41,7
3876126,0,943,0,40,2,0,2,1,3,44,7
3876128,0,943,0,40,2,0,2,1,3,25,7
3876130,0,943,0,40,2,0,2,1,3,53,7
3876134,0,943,0,40,3,0,2,1,3,29,7
3876136,0,943,0,40,3,0,2,1,3,33,7
3876138,0,943,0,40,2,0,2,1,3,12,7
3876142,0,943,0,40,2,0,2,1,3,24,7
3876144,0,943,0,40,3,0,2,1,3,54,7
3876146,0,943,0,40,2,0,2,1,3,31,7
3876148,0,943,0,40,3,0,2,1,3,72,7
3876152,0,943,0,40,3,0,2,1,3,44,7
3876154,0,943,0,40,3,0,2,1,3,75,7
3876156,0,943,0,40,3,0,2,1,3,54,7
3876158,0,943,0,40,3,0,2,1,3,74,7
3876160,0,943,0,40,3,0,2,1,3,29,7
3876162,0,943,0,40,2,0,2,1,3,65,7
3876166,0,943,0,40,2,0,2,1,3,21,7
3876168,0,943,0,40,2,0,2,1,3,41,7
3876170,0,943,0,40,3,0,2,1,3,23,7
3876172,0,943,0,40,2,0,2,1,3,60,7
3876176,0,943,0,40,3,0,2,1,3,72,7
3876178,0,943,0,40,2,0,2,1,3,36,7
3876182,0,943,0,40,3,0,2,1,3,66,7
3876184,0,943,0,40,2,0,2,1,3,17,7
3876186,0,943,0,40,2,0,2,1,3,72,7
3876188,0,943,0,40,3,0,2,1,3,57,7
3876192,0,943,0,40,3,0,2,1,3,45,7
3876196,0,943,0,40,2,0,2,1,3,34,7
3876200,0,943,0,40,2,0,2,1,3,65,7
3876202,0,943,0,40,3,0,2,1,3,64,7
3876204,0,943,0,40,2,0,2,1,3,62,7
3876206,0,943,0,40,2,0,2,1,3,54,7
3876208,0,943,0,40,3,0,2,1,3,81,7
3876210,0,943,0,40,2,0,2,1,3,61,7
3876212,0,943,0,40,3,0,2,1,3,30,7
3876214,0,943,0,40,3,0,2,1,3,50,7
3876218,0,943,0,40,3,0,2,1,3,42,7
3876220,0,943,0,40,2,0,2,1,3,23,7
3876222,0,943,0,40,3,0,2,1,3,33,7
3876224,0,943,0,40,3,0,2,1,3,33,7
3876226,0,943,0,40,3,0,2,1,3,50,7
3876230,0,943,0,40,3,0,2,1,3,26,7
3876232,0,943,0,40,2,0,2,1,3,38,7
3876234,0,943,0,40,2,0,2,1,3,43,7
3876236,0,943,0,40,2,0,2,1,3,121,7
3876240,0,943,0,40,3,0,2,1,3,7,7
3876242,0,943,0,40,3,0,2,1,3,93,7
3876244,0,943,0,40,3,0,2,1,3,39,7
3876248,0,943,0,40,3,0,2,1,3,69,7
3876250,0,943,0,40,3,0,2,1,3,38,7
3876252,0,943,0,40,2,0,2,1,3,28,7
3876254,0,943,0,40,3,0,2,1,3,34,7
3876256,0,943,0,40,2,0,2,1,3,50,7
3876258,0,943,0,40,3,0,2,1,3,34,7
3876260,0,943,0,40,2,0,2,1,3,29,7
3876264,0,943,0,40,3,0,2,1,3,23,7
3876266,0,943,0,40,2,0,2,1,3,58,7
3876268,0,943,0,40,2,0,2,1,3,34,7
3876270,0,943,0,40,3,0,2,1,3,47,7
3876272,0,943,0,40,3,0,2,1,3,33,7
3876276,0,943,0,40,3,0,2,1,3,45,7
3876280,0,943,0,40,3,0,2,1,3,44,7
3876282,0,943,0,40,3,0,2,1,3,56,7
3876284,0,943,0,40,2,0,2,1,3,51,7
3876286,0,943,0,40,3,0,2,1,3,62,7
3876288,0,943,0,40,3,0,2,1,3,47,7
3876290,0,943,0,40,2,0,2,1,3,40,7
3876292,0,943,0,40,3,0,2,1,3,43,7
3876294,0,943,0,40,3,0,2,1,3,21,7
3876296,0,943,0,40,2,0,2,1,3,15,7
3876300,0,943,0,40,3,0,2,1,3,75,7
3876302,0,943,0,40,2,0,2,1,3,48,7
3876304,0,943,0,40,3,0,2,1,3,25,7
3876306,0,943,0,40,2,0,2,1,3,39,7
3876310,0,943,0,40,2,0,2,1,3,88,7
3876312,0,943,0,40,3,0,2,1,3,47,7
3876314,0,943,0,40,2,0,2,1,3,31,7
3876316,0,943,0,40,2,0,2,1,3,35,7
3876318,0,943,0,40,3,0,2,1,3,40,7
3876322,0,943,0,40,2,0,2,1,3,41,7
3876324,0,943,0,40,2,0,2,1,3,13,7
3876328,0,943,0,40,3,0,2,1,3,43,7
3876332,0,943,0,40,2,0,2,1,3,23,7
3876334,0,943,0,40,2,0,2,1,3,28,7
3876336,0,943,0,40,3,0,2,1,3,30,7
3876338,0,943,0,40,2,0,2,1,3,40,7
3876340,0,943,0,40,2,0,2,1,3,59,7
3876344,0,943,0,40,3,0,2,1,3,25,7
3876346,0,943,0,40,3,0,2,1,3,32,7
3876348,0,943,0,40,2,0,2,1,3,30,7
3876350,0,943,0,40,3,0,2,1,3,37,7
3876352,0,943,0,40,3,0,2,1,3,90,7
3876354,0,943,0,40,3,0,2,1,3,40,7
3876356,0,943,0,40,3,0,2,1,3,44,7
3876358,0,943,0,40,3,0,2,1,3,33,7
3876360,0,943,0,40,3,0,2,1,3,15,7
3876362,0,943,0,40,2,0,2,1,3,20,7
3828540,0,943,0,40,3,5,2,1,56,36,7
3867112,0,943,0,40,3,1,2,1,3,14,7
3819911,0,943,0,40,2,10,2,1,53,37,7
3825076,0,943,0,40,2,10,2,1,52,43,7
3836418,0,943,0,40,2,8,2,1,37,21,7
3863322,0,943,0,40,3,2,2,1,6,37,7
3817614,0,943,0,40,2,9,2,1,67,50,7
3858256,0,943,0,40,2,3,2,1,15,50,7
3812585,1,943,877,40,3,13,2,1,66,49,7
3862821,0,943,0,40,3,2,2,1,10,44,7
3867550,0,943,0,40,3,1,2,1,5,36,7
3800424,1,943,924,40,2,10,2,1,59,4,7
3858945,0,943,0,40,2,1,2,1,20,55,7
3857878,0,943,0,40,2,2,2,1,18,47,7
3837070,0,943,0,40,3,6,2,1,43,22,7
3849720,0,943,0,40,3,3,2,1,23,40,7
3865483,0,943,0,40,2,1,2,1,8,43,7
3862184,0,943,0,40,3,2,2,1,10,69,7
3820100,0,943,0,40,2,9,2,1,64,32,7
3862254,0,943,0,40,2,3,2,1,13,48,7
3843517,0,943,0,40,3,5,2,1,23,33,7
3840074,0,943,0,40,3,8,2,1,37,29,7
3863294,0,943,0,40,3,2,2,1,7,29,7
3824978,0,943,0,40,2,11,2,1,39,35,7
3868324,0,943,0,40,2,1,2,1,3,71,7
3859974,0,943,0,40,2,1,2,1,19,21,7
3856715,0,943,0,40,2,2,2,1,15,68,7
3864465,0,943,0,40,2,1,2,1,13,50,7
3851071,0,943,0,40,2,5,2,1,18,43,7
3849044,0,943,0,40,2,4,2,1,34,96,7
3816342,0,943,0,40,3,9,2,1,63,44,7
3820967,0,943,0,40,3,11,2,1,43,44,7
3866910,0,943,0,40,2,1,2,1,8,61,7
3830905,0,943,0,40,2,9,2,1,39,44,7
3844936,0,943,0,40,3,5,2,1,31,45,7
3807476,0,943,0,40,2,8,2,1,37,92,7
3806128,0,943,0,40,3,9,2,1,39,30,7
3855900,0,943,0,40,3,5,2,1,12,40,7
3868126,0,943,0,40,2,1,2,1,5,30,7
3850543,0,943,0,40,3,3,2,1,23,29,7
3864162,0,943,0,40,2,2,2,1,6,31,7
3849050,0,943,0,40,2,5,2,1,29,24,7
3862571,0,943,0,40,2,2,2,1,6,14,7
3831697,0,943,0,40,3,7,2,1,48,120,7
3837591,0,943,0,40,3,6,2,1,36,61,7
3870038,0,943,0,40,2,1,2,1,3,58,7
3846557,0,943,0,40,2,3,2,1,38,73,7
3815792,0,943,0,40,2,8,2,1,78,31,7
3822342,0,943,0,40,3,8,2,1,62,44,7
3841594,0,943,0,40,2,3,2,1,41,72,7
3864320,0,943,0,40,2,1,2,1,13,57,7
3834579,0,943,0,40,3,6,2,1,32,41,7
3824804,0,943,0,40,3,7,2,1,45,40,7
3847884,0,943,0,40,3,6,2,1,23,18,7
3848496,0,943,0,40,3,4,2,1,28,52,7
3853625,0,943,0,40,2,5,2,1,23,33,7
3863136,0,943,0,40,2,2,2,1,10,76,7
3824131,0,943,0,40,2,9,2,1,64,81,7
3826146,0,943,0,40,2,9,2,1,44,88,7
3813893,0,943,0,40,3,14,2,1,75,69,7
3867555,0,943,0,40,2,1,2,1,7,39,7
3842510,0,943,0,40,2,4,2,1,33,54,7
3855925,0,943,0,40,3,2,2,1,20,64,7
3830245,0,943,0,40,2,6,2,1,50,38,7
3847880,0,943,0,40,2,5,2,1,25,56,7
3852080,1,943,906,40,2,5,2,1,10,21,7
3860396,0,943,0,40,2,2,2,1,13,28,7
3830218,0,943,0,40,2,7,2,1,51,36,7
3841811,0,943,0,40,2,5,2,1,32,49,7
3840518,0,943,0,40,2,7,2,1,34,51,7
3869736,0,943,0,40,3,1,2,1,5,43,7
3832072,0,943,0,40,3,8,2,1,42,30,7
3831473,0,943,0,40,3,7,2,1,53,67,7
3863159,0,943,0,40,2,3,2,1,9,31,7
3842819,0,943,0,40,3,6,2,1,26,18,7
3856958,0,943,0,40,2,4,2,1,21,52,7
3813386,0,943,0,40,3,9,2,1,74,40,7
3864130,0,943,0,40,3,2,2,1,4,37,7
3865070,0,943,0,40,2,2,2,1,8,51,7
3844577,0,943,0,40,3,4,2,1,32,42,7
3805419,0,943,0,40,3,8,2,1,64,44,7
3869527,0,943,0,40,2,1,2,1,3,33,7
3870846,0,943,0,40,2,1,2,1,3,56,7
3831487,0,943,0,40,2,4,2,1,64,95,7
3857718,0,943,0,40,3,1,2,1,25,55,7
3842622,0,943,0,40,3,4,2,1,39,45,7
3856000,0,943,0,40,3,3,2,1,23,67,7
3862302,0,943,0,40,3,1,2,1,18,45,7
3796455,0,943,0,40,3,9,2,1,66,58,7
3857516,0,943,0,40,3,2,2,1,21,29,7
3804139,0,943,0,40,2,10,2,1,82,40,7
3806230,0,943,0,40,2,6,2,1,44,19,7
3804774,1,943,921,21.083,3,12,2,1,69,34,7
3860834,0,943,0,40,3,2,2,1,18,62,7
3839506,0,943,0,40,3,5,2,1,40,44,7
3840769,0,943,0,40,3,5,2,1,38,52,7
3845886,0,943,0,40,2,5,2,1,25,39,7
3817228,0,943,0,40,2,12,2,1,68,43,7
3866418,0,943,0,40,3,1,2,1,11,54,7
3835614,0,943,0,40,2,6,2,1,41,89,7
3850485,0,943,0,40,2,5,2,1,25,34,7
3854961,0,943,0,40,3,4,2,1,18,24,7
3831101,0,943,0,40,2,6,2,1,45,49,7
3863124,0,943,0,40,2,2,2,1,15,40,7
3799626,0,943,0,40,3,13,2,1,77,18,7
3867704,0,943,0,40,2,1,2,1,9,33,7
3843824,0,943,0,40,2,4,2,1,33,25,7
3854647,0,943,0,40,3,3,2,1,23,43,7
3838031,1,943,916,35.6356,3,8,2,1,33,60,7
3867503,0,943,0,40,3,1,2,1,8,64,7
3827969,0,943,0,40,2,9,2,1,48,66,7
3832513,0,943,0,40,3,6,2,1,41,22,7
3853856,0,943,0,40,2,4,2,1,21,28,7
3837403,0,943,0,40,3,6,2,1,36,25,7
3801622,0,943,0,40,3,10,2,1,56,21,7
3867421,0,943,0,40,3,1,2,1,7,40,7
3868582,0,943,0,40,3,1,2,1,7,40,7
3820233,0,943,0,40,3,9,2,1,50,21,7
3851540,0,943,0,40,2,3,2,1,27,74,7
3817303,0,943,0,40,3,11,2,1,68,48,7
3841478,0,943,0,40,3,6,2,1,27,47,7
3866876,0,943,0,40,3,2,2,1,7,32,7
3839435,0,943,0,40,3,5,2,1,42,14,7
3867157,0,943,0,40,3,1,2,1,6,25,7
3869334,0,943,0,40,3,1,2,1,6,61,7
3822649,0,943,0,40,2,10,2,1,61,29,7
3756984,1,943,562,40,2,25,2,1,132,49,7
3834372,0,943,0,40,2,8,2,1,37,35,7
3843702,0,943,0,40,3,5,2,1,32,32,7
3852120,0,943,0,40,3,3,2,1,27,64,7
3847522,0,943,0,40,2,6,2,1,23,25,7
3864512,0,943,0,40,2,2,2,1,11,97,7
3863495,0,943,0,40,2,2,2,1,14,51,7
3865460,0,943,0,40,2,3,2,1,9,49,7
3869501,0,943,0,40,3,1,2,1,5,35,7
3845389,0,943,0,40,2,4,2,1,27,77,7
3850043,0,943,0,40,2,6,2,1,22,41,7
3837628,0,943,0,40,2,5,2,1,39,25,7
3823372,0,943,0,40,2,6,2,1,70,71,7
3838885,0,943,0,40,3,6,2,1,39,32,7
3863968,0,943,0,40,2,2,2,1,11,10,7
3842572,0,943,0,40,2,4,2,1,35,26,7
3869303,0,943,0,40,3,1,2,1,4,59,7
3870650,0,943,0,40,3,1,2,1,4,32,7
3841495,0,943,0,40,2,4,2,1,36,47,7
3865614,0,943,0,40,2,2,2,1,5,41,7
3818687,0,943,0,40,2,10,2,1,59,56,7
3851567,0,943,0,40,3,5,2,1,13,20,7
3850049,0,943,0,40,2,4,2,1,23,91,7
3861292,0,943,0,40,2,3,2,1,12,62,7
3851424,0,943,0,40,2,4,2,1,17,58,7
3835378,0,943,0,40,3,7,2,1,41,21,7
3863803,0,943,0,40,2,3,2,1,9,57,7
3854124,0,943,0,40,2,3,2,1,26,31,7
3859963,0,943,0,40,3,3,2,1,14,33,7
3869977,0,943,0,40,2,1,2,1,3,38,7
3870946,0,943,0,40,2,1,2,1,3,42,7
3853426,0,943,0,40,2,1,2,1,33,49,7
3849602,0,943,0,40,3,4,2,1,37,96,7
3843624,0,943,0,40,2,4,2,1,38,53,7
3791111,0,943,0,40,2,16,2,1,84,41,7
3812168,0,943,0,40,2,9,2,1,95,25,7
3851032,0,943,0,40,3,3,2,1,32,36,7
3862213,0,943,0,40,2,1,2,1,18,23,7
3829577,0,943,0,40,3,7,2,1,47,73,7
3861277,0,943,0,40,3,1,2,1,17,37,7
3848172,1,943,897,40,3,5,2,1,27,65,7
3796988,0,943,0,40,2,7,2,1,53,35,7
3860151,0,943,0,40,3,2,2,1,18,65,7
3864608,0,943,0,40,2,1,2,1,15,19,7
3855916,0,943,0,40,2,3,2,1,19,53,7
3829167,0,943,0,40,2,11,2,1,54,53,7
3834517,0,943,0,40,3,7,2,1,41,23,7
3837777,0,943,0,40,3,6,2,1,43,66,7
3864297,0,943,0,40,2,2,2,1,15,19,7
3803591,0,943,0,40,3,10,2,1,70,48,7
3805362,0,943,0,40,3,6,2,1,68,63,7
3865824,0,943,0,40,2,1,2,1,12,48,7
3830797,0,943,0,40,2,8,2,1,38,15,7
3861313,0,943,0,40,3,2,2,1,13,105,7
3862636,0,943,0,40,2,2,2,1,15,51,7
3814419,0,943,0,40,2,8,2,1,91,144,7
3865092,0,943,0,40,3,2,2,1,13,92,7
3839724,0,943,0,40,2,6,2,1,32,62,7
3853554,0,943,0,40,3,2,2,1,28,69,7
3856148,0,943,0,40,3,4,2,1,17,74,7
3856960,0,943,0,40,2,4,2,1,16,32,7
3833468,0,943,0,40,2,9,2,1,43,28,7
3863551,0,943,0,40,2,2,2,1,10,53,7
3811677,0,943,0,40,3,13,2,1,71,51,7
3863043,0,943,0,40,3,2,2,1,13,67,7
3847771,0,943,0,40,3,6,2,1,24,34,7
3835003,0,943,0,40,3,7,2,1,43,24,7
3866693,0,943,0,40,2,1,2,1,9,35,7
3868321,0,943,0,40,2,1,2,1,9,44,7
3858974,0,943,0,40,2,2,2,1,17,37,7
3823804,0,943,0,40,3,9,2,1,54,22,7
3836319,0,943,0,40,3,7,2,1,49,25,7
3848660,0,943,0,40,3,3,2,1,33,35,7
3809486,0,943,0,40,3,14,2,1,76,25,7
3852689,0,943,0,40,2,3,2,1,22,31,7
3809492,0,943,0,40,3,14,2,1,85,68,7
3868250,0,943,0,40,3,1,2,1,8,42,7
3869140,0,943,0,40,2,1,2,1,8,34,7
3855871,0,943,0,40,3,3,2,1,17,19,7
3852598,0,943,0,40,3,5,2,1,16,36,7
3849058,0,943,0,40,3,4,2,1,30,32,7
3859086,0,943,0,40,2,3,2,1,13,87,7
3853869,0,943,0,40,3,5,2,1,17,31,7
3836975,0,943,0,40,2,7,2,1,31,13,7
3867945,0,943,0,40,3,1,2,1,7,34,7
3823490,0,943,0,40,2,9,2,1,51,46,7
3861336,0,943,0,40,3,3,2,1,11,17,7
3853056,0,943,0,40,3,5,2,1,18,41,7
3807895,0,943,0,40,2,14,2,1,82,51,7
3866808,0,943,0,40,2,2,2,1,7,45,7
3826348,1,943,927,21.9086,3,10,2,1,49,66,7
3855736,0,943,0,40,3,3,2,1,20,36,7
3854210,0,943,0,40,2,3,2,1,19,51,7
3840488,0,943,0,40,2,4,2,1,39,29,7
3868022,0,943,0,40,3,2,2,1,8,38,7
3842893,0,943,0,40,2,8,2,1,34,30,7
3869802,0,943,0,40,3,1,2,1,6,37,7
3847339,0,943,0,40,2,3,2,1,29,47,7
3854187,0,943,0,40,3,2,2,1,26,87,7
3835548,1,943,902,40,2,7,2,1,43,23,7
3820362,0,943,0,40,2,11,2,1,52,13,7
3864187,0,943,0,40,3,3,2,1,7,22,7
3819107,0,943,0,40,3,11,2,1,60,44,7
3819795,0,943,0,40,2,10,2,1,53,21,7
3842420,0,943,0,40,3,5,2,1,28,37,7
3848432,0,943,0,40,3,5,2,1,27,20,7
3813176,0,943,0,40,3,13,2,1,73,40,7
3844088,0,943,0,40,3,5,2,1,40,39,7
3866000,0,943,0,40,3,2,2,1,9,93,7
3838718,0,943,0,40,2,7,2,1,31,36,7
3814498,0,943,0,40,3,12,2,1,73,37,7
3839735,0,943,0,40,2,6,2,1,33,27,7
3869967,0,943,0,40,2,1,2,1,5,37,7
3870426,0,943,0,40,3,1,2,1,5,22,7
3870842,0,943,0,40,2,1,2,1,5,23,7
3850320,0,943,0,40,2,3,2,1,17,98,7
3803097,0,943,0,40,3,13,2,1,78,44,7
3817842,1,943,927,40,2,10,2,1,64,12,7
3824484,0,943,0,40,2,10,2,1,51,34,7
3858084,0,943,0,40,3,3,2,1,11,26,7
3817160,0,943,0,40,3,16,2,1,58,45,7
3831541,1,943,935,22.7948,3,5,2,1,51,28,7
3815248,0,943,0,40,3,11,2,1,64,16,7
3865826,0,943,0,40,3,2,2,1,8,58,7
3802645,0,943,0,40,3,11,2,1,57,27,7
3866807,0,943,0,40,2,2,2,1,9,54,7
3866373,0,943,0,40,2,2,2,1,7,40,7
3867039,0,943,0,40,2,2,2,1,9,80,7
3870369,0,943,0,40,2,1,2,1,4,50,7
3870633,0,943,0,40,3,1,2,1,4,45,7
3871300,0,943,0,40,2,1,2,1,4,25,7
3824945,0,943,0,40,3,9,2,1,49,27,7
3828261,0,943,0,40,3,8,2,1,49,31,7
3852292,0,943,0,40,2,4,2,1,20,26,7
3827862,0,943,0,40,2,8,2,1,48,21,7
3852853,0,943,0,40,2,4,2,1,15,94,7
3864695,0,943,0,40,2,2,2,1,5,35,7
3807467,0,943,0,40,2,10,2,1,53,33,7
3824626,0,943,0,40,2,8,2,1,50,32,7
3825028,0,943,0,40,2,11,2,1,44,31,7
3860970,0,943,0,40,3,3,2,1,11,28,7
3856613,0,943,0,40,2,4,2,1,17,33,7
3851569,0,943,0,40,3,6,2,1,23,69,7
3835706,0,943,0,40,2,6,2,1,44,25,7
3837072,0,943,0,40,2,9,2,1,32,30,7
3808891,0,943,0,40,2,11,2,1,77,39,7
3836895,0,943,0,40,2,6,2,1,45,63,7
3836950,0,943,0,40,2,10,2,1,22,26,7
3869676,0,943,0,40,3,2,2,1,4,36,7
3864498,0,943,0,40,3,2,2,1,8,53,7
3868586,0,943,0,40,3,2,2,1,6,28,7
3865794,0,943,0,40,2,2,2,1,10,43,7
3827917,0,943,0,40,2,10,2,1,46,48,7
3869797,0,943,0,40,3,1,2,1,3,74,7
3871227,0,943,0,40,2,1,2,1,3,13,7
3871539,0,943,0,40,3,1,2,1,3,65,7
3871973,0,943,0,40,3,1,2,1,3,24,7
3829071,0,943,0,40,2,5,2,1,60,60,7
3858468,0,943,0,40,2,1,2,1,27,50,7
3842864,0,943,0,40,2,4,2,1,40,41,7
3856237,0,943,0,40,3,2,2,1,24,35,7
3856055,0,943,0,40,3,2,2,1,23,35,7
3823600,0,943,0,40,3,6,2,1,67,32,7
3817008,0,943,0,40,2,14,2,1,58,29,7
3857505,0,943,0,40,2,2,2,1,26,63,7
3843862,0,943,0,40,2,5,2,1,40,40,7
3863251,0,943,0,40,2,1,2,1,18,71,7
3844423,0,943,0,40,3,3,2,1,45,46,7
3853881,0,943,0,40,2,4,2,1,27,25,7
3857001,0,943,0,40,3,3,2,1,22,41,7
3862098,0,943,0,40,3,2,2,1,19,63,7
3864004,0,943,0,40,3,1,2,1,16,34,7
3832439,1,943,902,40,2,10,2,1,43,70,7
3806947,0,943,0,40,3,13,2,1,101,29,7
3835549,0,943,0,40,2,4,2,1,59,68,7
3819726,0,943,0,40,2,10,2,1,63,69,7
3852796,0,943,0,40,3,3,2,1,32,31,7
3835366,0,943,0,40,3,7,2,1,49,61,7
3866103,0,943,0,40,3,1,2,1,14,14,7
3839891,0,943,0,40,3,7,2,1,31,36,7
3852995,0,943,0,40,2,3,2,1,29,87,7
3852430,0,943,0,40,3,3,2,1,27,19,7
3836870,0,943,0,40,3,4,2,1,54,80,7
3860698,0,943,0,40,3,2,2,1,15,32,7
3856513,0,943,0,40,3,3,2,1,17,74,7
3857693,0,943,0,40,2,3,2,1,17,61,7
3784129,0,943,0,40,3,18,2,1,87,53,7
3854345,0,943,0,40,3,3,2,1,23,114,7
3834831,0,943,0,40,3,5,2,1,52,32,7
3867052,0,943,0,40,3,1,2,1,12,41,7
3819032,0,943,0,40,3,9,2,1,61,35,7
3857043,0,943,0,40,3,3,2,1,20,37,7
3815286,0,943,0,40,3,9,2,1,86,39,7
3857541,0,943,0,40,3,3,2,1,22,31,7
3862752,0,943,0,40,3,2,2,1,17,82,7
3864242,0,943,0,40,2,1,2,1,11,43,7
3867215,0,943,0,40,2,1,2,1,11,41,7
3834929,0,943,0,40,2,5,2,1,37,59,7
3801092,0,943,0,40,2,5,2,1,65,67,7
3858529,0,943,0,40,3,2,2,1,19,46,7
3844728,1,943,936,40,2,5,2,1,38,102,7
3800306,0,943,0,40,2,8,2,1,63,41,7
3864143,0,943,0,40,3,2,2,1,13,14,7
3842321,0,943,0,40,2,5,2,1,32,26,7
3850413,0,943,0,40,3,5,2,1,20,49,7
3815736,0,943,0,40,2,10,2,1,74,90,7
3844866,0,943,0,40,3,8,2,1,33,19,7
3860002,0,943,0,40,2,3,2,1,19,79,7
3866921,0,943,0,40,2,1,2,1,10,55,7
3868243,0,943,0,40,3,1,2,1,10,55,7
3845414,0,943,0,40,2,4,2,1,26,42,7
3858356,0,943,0,40,2,3,2,1,16,42,7
3830091,0,943,0,40,2,10,2,1,43,65,7
3851164,0,943,0,40,3,5,2,1,28,19,7
3858243,0,943,0,40,3,3,2,1,13,27,7
3834905,0,943,0,40,2,9,2,1,42,72,7
3850860,0,943,0,40,3,6,2,1,19,99,7
3819069,0,943,0,40,3,12,2,1,57,56,7
3819015,0,943,0,40,2,12,2,1,67,50,7
3868778,0,943,0,40,2,1,2,1,9,58,7
3862963,0,943,0,40,3,2,2,1,9,28,7
3812945,0,943,0,40,3,9,2,1,86,47,7
3837573,0,943,0,40,2,9,2,1,42,39,7
3811302,0,943,0,40,3,10,2,1,91,27,7
3793973,0,943,0,40,3,13,2,1,94,56,7
3757182,1,943,631,40,2,18,2,1,143,58,7
3860399,0,943,0,40,3,2,2,1,20,43,7
3807900,0,943,0,40,3,9,2,1,57,62,7
3863025,0,943,0,40,3,2,2,1,13,56,7
3842891,0,943,0,40,3,4,2,1,49,31,7
3831438,0,943,0,40,3,10,2,1,33,64,7
3838067,0,943,0,40,3,7,2,1,42,49,7
3869163,0,943,0,40,2,1,2,1,8,49,7
3869656,0,943,0,40,2,1,2,1,8,20,7
3863480,0,943,0,40,3,2,2,1,9,14,7
3823177,0,943,0,40,3,10,2,1,53,23,7
3862889,0,943,0,40,2,2,2,1,8,60,7
3863653,0,943,0,40,2,2,2,1,14,84,7
3846503,0,943,0,40,3,5,2,1,32,37,7
3841096,0,943,0,40,3,8,2,1,35,22,7
3804764,0,943,0,40,2,8,2,1,42,44,7
3853023,0,943,0,40,2,4,2,1,24,17,7
3844449,0,943,0,40,3,6,2,1,38,22,7
3869449,0,943,0,40,3,1,2,1,7,67,7
3869980,0,943,0,40,2,1,2,1,7,34,7
3836334,0,943,0,40,3,6,2,1,42,47,7
3799501,0,943,0,40,3,16,2,1,89,62,7
3816395,0,943,0,40,2,11,2,1,72,44,7
3857534,0,943,0,40,2,3,2,1,9,20,7
3865638,0,943,0,40,2,2,2,1,9,29,7
3831383,0,943,0,40,3,7,2,1,43,43,7
3841066,0,943,0,40,3,7,2,1,31,35,7
3816668,0,943,0,40,2,7,2,1,84,22,7
3827450,0,943,0,40,2,9,2,1,48,21,7
3836903,0,943,0,40,2,8,2,1,40,22,7
3820506,1,943,936,23.0452,3,10,2,1,68,46,7
3845637,0,943,0,40,2,6,2,1,28,27,7
3830871,0,943,0,40,3,12,2,1,38,71,7
3866617,0,943,0,40,2,2,2,1,8,80,7
3843104,0,943,0,40,2,5,2,1,40,40,7
3816812,0,943,0,40,2,8,2,1,82,42,7
3847970,0,943,0,40,2,4,2,1,35,50,7
3869495,0,943,0,40,3,1,2,1,6,48,7
3870374,0,943,0,40,3,1,2,1,6,32,7
3870710,0,943,0,40,3,1,2,1,6,82,7
3846104,0,943,0,40,3,5,2,1,28,61,7
3809107,0,943,0,40,2,12,2,1,57,40,7
3819151,0,943,0,40,2,9,2,1,72,48,7
3810308,0,943,0,40,3,16,2,1,73,30,7
3837048,0,943,0,40,2,6,2,1,36,48,7
3863290,0,943,0,40,3,3,2,1,12,57,7
3861560,0,943,0,40,3,2,2,1,17,56,7
3856449,0,943,0,40,3,4,2,1,18,36,7
3824436,1,943,936,40,2,9,2,1,52,43,7
3838995,0,943,0,40,3,8,2,1,35,102,7
3834170,0,943,0,40,3,6,2,1,47,37,7
3863866,0,943,0,40,3,3,2,1,9,56,7
3859769,0,943,0,40,3,2,2,1,20,30,7
3864212,0,943,0,40,2,2,2,1,13,78,7
3854878,0,943,0,40,3,4,2,1,14,61,7
3835817,0,943,0,40,3,5,2,1,55,73,7
3864290,0,943,0,40,3,2,2,1,11,45,7
3853097,0,943,0,40,3,6,2,1,21,52,7
3869235,0,943,0,40,2,1,2,1,5,27,7
3870913,0,943,0,40,2,1,2,1,5,18,7
3871316,0,943,0,40,3,1,2,1,5,116,7
3798612,0,943,0,40,2,8,2,1,46,15,7
3831982,1,943,912,26.4458,3,6,2,1,48,48,7
3805292,0,943,0,40,3,3,2,1,32,53,7
3850740,0,943,0,40,3,3,2,1,25,20,7
3858301,0,943,0,40,3,4,2,1,10,92,7
3849446,0,943,0,40,2,6,2,1,21,54,7
3859103,0,943,0,40,3,2,2,1,17,65,7
3855393,0,943,0,40,2,4,2,1,16,44,7
3844725,0,943,0,40,2,5,2,1,24,35,7
3850778,0,943,0,40,3,5,2,1,24,38,7
3805505,0,943,0,40,3,14,2,1,64,18,7
3835368,0,943,0,40,3,8,2,1,39,15,7
3859833,0,943,0,40,2,3,2,1,17,35,7
3868203,0,943,0,40,2,2,2,1,6,24,7
3832158,0,943,0,40,2,9,2,1,40,27,7
3820989,0,943,0,40,2,10,2,1,64,24,7
3835450,0,943,0,40,3,7,2,1,43,68,7
3860631,0,943,0,40,2,3,2,1,11,48,7
3806606,0,943,0,40,3,7,2,1,55,21,7
3866150,0,943,0,40,2,2,2,1,10,86,7
3843033,0,943,0,40,3,7,2,1,27,32,7
3847759,0,943,0,40,2,4,2,1,28,39,7
3845674,0,943,0,40,2,7,2,1,36,45,7
3823041,0,943,0,40,2,12,2,1,51,44,7
3852274,0,943,0,40,2,4,2,1,26,17,7
3870395,0,943,0,40,2,1,2,1,4,35,7
3870991,0,943,0,40,2,1,2,1,4,44,7
3871347,0,943,0,40,2,1,2,1,4,56,7
3871663,0,943,0,40,2,1,2,1,4,34,7
3871823,0,943,0,40,3,1,2,1,4,26,7
3842366,0,943,0,40,3,6,2,1,23,14,7
3823299,0,943,0,40,3,9,2,1,64,78,7
3830753,0,943,0,40,2,5,2,1,60,61,7
3834168,0,943,0,40,3,8,2,1,34,54,7
3838423,0,943,0,40,2,8,2,1,33,35,7
3828529,0,943,0,40,3,11,2,1,53,65,7
3849165,0,943,0,40,2,5,2,1,20,25,7
3819007,0,943,0,40,3,10,2,1,55,49,7
3857106,0,943,0,40,3,3,2,1,11,41,7
3807643,0,943,0,40,2,5,2,1,68,41,7
3803007,0,943,0,40,2,9,2,1,67,43,7
3860094,0,943,0,40,2,3,2,1,11,34,7
3834785,0,943,0,40,2,8,2,1,41,39,7
3867751,0,943,0,40,2,2,2,1,5,16,7
3802652,0,943,0,40,2,9,2,1,72,86,7
3856578,0,943,0,40,2,4,2,1,14,78,7
3864692,0,943,0,40,2,3,2,1,6,39,7
3850808,0,943,0,40,2,7,2,1,18,40,7
3869620,0,943,0,40,3,2,2,1,4,92,7
3789133,0,943,0,40,2,14,2,1,92,30,7
3866614,0,943,0,40,2,2,2,1,10,32,7
3844887,0,943,0,40,3,6,2,1,25,29,7
3831510,0,943,0,40,3,6,2,1,50,53,7
3853605,0,943,0,40,2,5,2,1,16,40,7
3852816,0,943,0,40,2,4,2,1,29,15,7
3820335,0,943,0,40,3,11,2,1,56,48,7
3855373,0,943,0,40,3,4,2,1,22,40,7
3840332,0,943,0,40,3,4,2,1,43,55,7
3838927,0,943,0,40,2,7,2,1,44,17,7
3870783,0,943,0,40,3,1,2,1,3,21,7
3871233,0,943,0,40,3,1,2,1,3,80,7
3871770,0,943,0,40,3,1,2,1,3,19,7
3872070,0,943,0,40,3,1,2,1,3,14,7
3872226,0,943,0,40,2,1,2,1,3,43,7
3872468,0,943,0,40,2,1,2,1,3,31,7
3872566,0,943,0,40,3,1,2,1,3,26,7
3857065,0,943,0,40,2,1,2,1,30,57,7
3824158,0,943,0,40,2,8,2,1,61,30,7
3809339,0,943,0,40,2,14,2,1,86,83,7
3796891,0,943,0,40,3,10,2,1,92,26,7
3841636,0,943,0,40,3,6,2,1,35,33,7
3849242,0,943,0,40,3,3,2,1,35,22,7
3853456,1,943,905,36.2775,3,3,2,1,26,66,7
3861151,0,943,0,40,3,1,2,1,22,56,7
3807328,0,943,0,40,3,15,2,1,101,64,7
3840390,0,943,0,40,3,6,2,1,43,37,7
3830893,0,943,0,40,2,6,2,1,47,47,7
3840687,0,943,0,40,3,5,2,1,38,48,7
3825873,0,943,0,40,3,8,2,1,55,27,7
3833514,0,943,0,40,3,6,2,1,59,43,7
3846834,0,943,0,40,2,3,2,1,40,59,7
3831162,0,943,0,40,2,7,2,1,50,37,7
3845716,0,943,0,40,3,5,2,1,36,44,7
3864039,0,943,0,40,2,1,2,1,18,35,7
3820238,0,943,0,40,2,8,2,1,64,19,7
3857608,0,943,0,40,2,2,2,1,24,36,7
3864284,0,943,0,40,3,1,2,1,17,28,7
3837616,0,943,0,40,2,5,2,1,49,17,7
3859531,0,943,0,40,2,2,2,1,20,91,7
3853579,0,943,0,40,2,4,2,1,23,46,7
3864833,0,943,0,40,3,1,2,1,16,27,7
3834822,0,943,0,40,3,6,2,1,40,58,7
3856817,0,943,0,40,3,3,2,1,19,17,7
3855992,0,943,0,40,2,4,2,1,23,28,7
3862562,0,943,0,40,2,2,2,1,16,47,7
3842611,0,943,0,40,2,5,2,1,44,43,7
3857521,0,943,0,40,2,4,2,1,24,18,7
3865321,0,943,0,40,3,1,2,1,15,44,7
3813338,0,943,0,40,3,10,2,1,74,52,7
3860642,0,943,0,40,3,3,2,1,20,56,7
3866358,0,943,0,40,3,1,2,1,14,31,7
3866632,0,943,0,40,3,1,2,1,14,39,7
3853584,0,943,0,40,2,3,2,1,19,37,7
3803680,0,943,0,40,2,6,2,1,78,54,7
3855800,0,943,0,40,3,3,2,1,22,30,7
3838604,0,943,0,40,2,7,2,1,36,56,7
3856723,0,943,0,40,2,4,2,1,17,28,7
3864975,0,943,0,40,2,1,2,1,13,37,7
3857088,0,943,0,40,2,3,2,1,21,46,7
3840616,0,943,0,40,3,6,2,1,33,43,7
3856202,0,943,0,40,2,3,2,1,18,11,7
3832930,0,943,0,40,2,7,2,1,48,66,7
3828772,0,943,0,40,2,8,2,1,47,24,7
3867259,0,943,0,40,3,1,2,1,12,31,7
3867964,0,943,0,40,2,1,2,1,12,82,7
3849752,0,943,0,40,2,4,2,1,26,26,7
3861498,0,943,0,40,2,2,2,1,17,67,7
3826400,0,943,0,40,2,9,2,1,61,56,7
3835882,0,943,0,40,3,6,2,1,43,47,7
3845893,0,943,0,40,2,4,2,1,41,18,7
3847335,0,943,0,40,2,5,2,1,29,9,7
3851599,0,943,0,40,3,2,2,1,36,22,7
3867763,0,943,0,40,3,1,2,1,11,80,7
3816621,0,943,0,40,3,10,2,1,67,22,7
3823202,0,943,0,40,2,11,2,1,53,33,7
3848104,0,943,0,40,3,4,2,1,33,37,7
3850186,0,943,0,40,3,4,2,1,31,33,7
3859251,0,943,0,40,2,3,2,1,17,58,7
3829385,0,943,0,40,3,8,2,1,49,30,7
3852699,1,943,914,35.5475,3,5,2,1,20,25,7
3837106,0,943,0,40,2,6,2,1,47,34,7
3862845,0,943,0,40,3,2,2,1,18,43,7
3836280,0,943,0,40,3,6,2,1,50,93,7
3827042,0,943,0,40,2,10,2,1,45,42,7
3845013,0,943,0,40,2,3,2,1,32,57,7
3827743,0,943,0,40,3,10,2,1,37,55,7
3834838,0,943,0,40,2,6,2,1,47,23,7
3831493,1,943,918,40,2,8,2,1,45,49,7
3858227,0,943,0,40,2,2,2,1,21,58,7
3864987,0,943,0,40,2,2,2,1,10,27,7
3819846,0,943,0,40,2,11,2,1,70,33,7
3863060,0,943,0,40,3,3,2,1,15,54,7
3823545,0,943,0,40,2,7,2,1,64,53,7
3860160,0,943,0,40,2,3,2,1,18,59,7
3860950,1,943,916,24.1624,3,3,2,1,17,47,7
3864733,0,943,0,40,3,2,2,1,14,56,7
3815067,0,943,0,40,3,13,2,1,73,72,7
3859560,0,943,0,40,2,3,2,1,21,103,7
3868663,0,943,0,40,3,1,2,1,9,29,7
3869091,0,943,0,40,3,1,2,1,9,57,7
3869594,0,943,0,40,3,1,2,1,9,17,7
3859289,0,943,0,40,3,2,2,1,17,105,7
3863272,0,943,0,40,3,2,2,1,12,37,7
3826206,0,943,0,40,3,8,2,1,49,52,7
3861481,0,943,0,40,2,3,2,1,11,22,7
3861040,0,943,0,40,2,3,2,1,14,29,7
3838098,0,943,0,40,3,8,2,1,36,22,7
3834716,0,943,0,40,3,9,2,1,40,107,7
3849665,0,943,0,40,3,5,2,1,25,38,7
3831532,0,943,0,40,3,9,2,1,43,90,7
3795348,0,943,0,40,2,15,2,1,107,42,7
3850434,0,943,0,40,2,3,2,1,33,63,7
3862092,1,943,937,16.8602,3,3,2,1,10,21,7
3854976,0,943,0,40,3,3,2,1,26,63,7
3840287,0,943,0,40,2,6,2,1,37,47,7
3855537,0,943,0,40,2,4,2,1,16,56,7
3868328,0,943,0,40,2,1,2,1,8,32,7
3869465,0,943,0,40,3,1,2,1,8,22,7
3869912,0,943,0,40,2,1,2,1,8,39,7
3870242,0,943,0,40,2,1,2,1,8,17,7
3813562,0,943,0,40,2,8,2,1,81,51,7
3863431,0,943,0,40,3,3,2,1,10,27,7
3863026,0,943,0,40,2,2,2,1,13,44,7
3843025,0,943,0,40,3,5,2,1,25,53,7
3826284,1,943,909,35.728,3,9,2,1,54,38,7
3852863,0,943,0,40,3,3,2,1,28,70,7
3861788,0,943,0,40,3,3,2,1,11,33,7
3814415,0,943,0,40,3,13,2,1,64,53,7
3839770,0,943,0,40,2,6,2,1,32,27,7
3852191,0,943,0,40,2,6,2,1,22,25,7
3862898,0,943,0,40,2,2,2,1,16,46,7
3818751,0,943,0,40,3,11,2,1,59,56,7
3854382,0,943,0,40,3,4,2,1,18,47,7
3854213,0,943,0,40,2,4,2,1,25,40,7
3861860,0,943,0,40,2,3,2,1,14,59,7
3854239,0,943,0,40,3,4,2,1,22,44,7
3841444,0,943,0,40,2,4,2,1,47,44,7
3855520,0,943,0,40,3,4,2,1,23,61,7
3859992,0,943,0,40,3,3,2,1,14,37,7
3859985,1,943,937,37.8327,2,2,2,1,24,43,7
3861983,0,943,0,40,2,4,2,1,14,27,7
3841411,0,943,0,40,2,5,2,1,44,39,7
3869399,1,943,937,40,2,1,2,1,7,53,7
3869607,0,943,0,40,3,1,2,1,7,37,7
3870083,0,943,0,40,2,1,2,1,7,75,7
3870704,0,943,0,40,2,1,2,1,7,37,7
3870840,0,943,0,40,3,1,2,1,7,25,7
3851437,0,943,0,40,3,5,2,1,21,82,7
3801567,0,943,0,40,3,12,2,1,86,40,7
3849071,0,943,0,40,3,5,2,1,24,12,7
3840973,0,943,0,40,2,6,2,1,33,77,7
3863190,0,943,0,40,3,2,2,1,14,75,7
3835898,0,943,0,40,3,8,2,1,51,34,7
3864534,0,943,0,40,2,2,2,1,12,20,7
3866651,0,943,0,40,2,2,2,1,8,60,7
3852406,0,943,0,40,2,3,2,1,30,35,7
3832255,0,943,0,40,2,6,2,1,48,13,7
3834341,0,943,0,40,3,9,2,1,42,39,7
3847686,0,943,0,40,2,6,2,1,18,25,7
3867962,0,943,0,40,2,2,2,1,8,50,7
3863246,0,943,0,40,2,3,2,1,15,26,7
3859866,0,943,0,40,3,3,2,1,19,72,7
3821569,0,943,0,40,3,8,2,1,56,84,7
3867268,0,943,0,40,2,2,2,1,10,27,7
3867970,0,943,0,40,3,2,2,1,9,24,7
3805282,0,943,0,40,3,3,2,1,38,13,7
3851020,0,943,0,40,3,5,2,1,28,39,7
3844898,0,943,0,40,3,6,2,1,34,27,7
3856093,0,943,0,40,2,5,2,1,16,27,7
3869969,2,943,0,40,2,1,2,1,6,59,7
3870341,0,943,0,40,2,1,2,1,6,62,7
3870909,0,943,0,40,2,1,2,1,6,60,7
3871150,0,943,0,40,3,1,2,1,6,53,7
3871418,0,943,0,40,2,1,2,1,6,43,7
3851253,0,943,0,40,3,4,2,1,23,45,7
3848791,0,943,0,40,2,4,2,1,23,44,7
3837748,0,943,0,40,3,4,2,1,50,34,7
3851167,0,943,0,40,3,5,2,1,16,38,7
3831094,0,943,0,40,2,8,2,1,47,21,7
3840786,0,943,0,40,3,8,2,1,28,46,7
3865959,0,943,0,40,2,2,2,1,9,15,7
3818201,0,943,0,40,2,11,2,1,60,44,7
3843481,0,943,0,40,3,5,2,1,34,57,7
3836914,0,943,0,40,3,7,2,1,32,25,7
3864894,0,943,0,40,3,2,2,1,12,17,7
3836094,0,943,0,40,2,8,2,1,36,35,7
3864233,0,943,0,40,2,3,2,1,9,40,7
3857645,0,943,0,40,2,3,2,1,20,12,7
3846802,0,943,0,40,3,4,2,1,30,45,7
3867952,0,943,0,40,2,2,2,1,8,42,7
3832953,0,943,0,40,2,8,2,1,46,17,7
3864469,0,943,0,40,2,3,2,1,12,26,7
3854252,0,943,0,40,2,4,2,1,21,38,7
3866655,0,943,0,40,2,2,2,1,10,14,7
3814952,0,943,0,40,3,12,2,1,61,36,7
3808193,0,943,0,40,3,11,2,1,55,11,7
3845267,0,943,0,40,3,7,2,1,26,49,7
3826940,0,943,0,40,2,7,2,1,57,51,7
3856905,0,943,0,40,3,5,2,1,19,45,7
3854058,0,943,0,40,3,4,2,1,14,57,7
3842901,0,943,0,40,2,5,2,1,41,28,7
3831245,0,943,0,40,3,9,2,1,49,42,7
3840688,0,943,0,40,2,6,2,1,43,44,7
3870069,0,943,0,40,2,1,2,1,5,20,7
3871023,0,943,0,40,2,1,2,1,5,71,7
3871135,0,943,0,40,3,1,2,1,5,54,7
3871491,0,943,0,40,3,1,2,1,5,47,7
3871665,0,943,0,40,3,1,2,1,5,33,7
3871769,0,943,0,40,2,1,2,1,5,46,7
3871871,0,943,0,40,2,1,2,1,5,24,7
3856352,0,943,0,40,3,3,2,1,15,41,7
3856192,0,943,0,40,3,4,2,1,12,60,7
3847904,0,943,0,40,2,5,2,1,25,32,7
3843459,0,943,0,40,3,6,2,1,34,55,7
3851493,0,943,0,40,3,4,2,1,21,68,7
3816406,0,943,0,40,2,13,2,1,57,22,7
3837016,0,943,0,40,3,5,2,1,38,54,7
3860787,0,943,0,40,2,3,2,1,12,84,7
3865945,0,943,0,40,3,3,2,1,6,73,7
3842303,0,943,0,40,3,5,2,1,33,30,7
3833858,0,943,0,40,2,7,2,1,44,84,7
3847826,0,943,0,40,2,3,2,1,35,54,7
3825686,0,943,0,40,2,14,2,1,45,34,7
3838079,0,943,0,40,3,7,2,1,30,20,7
3851431,0,943,0,40,3,5,2,1,17,40,7
3867602,0,943,0,40,2,2,2,1,7,85,7
3868145,0,943,0,40,2,2,2,1,6,78,7
3863482,0,943,0,40,3,3,2,1,7,24,7
3857352,0,943,0,40,2,3,2,1,19,29,7
3865901,0,943,0,40,3,2,2,1,11,31,7
3813155,0,943,0,40,2,13,2,1,68,38,7
3867564,1,943,937,25.9657,3,2,2,1,8,48,7
3816046,0,943,0,40,3,11,2,1,75,31,7
3864905,0,943,0,40,2,4,2,1,10,37,7
3808692,0,943,0,40,2,9,2,1,75,35,7
3866355,0,943,0,40,3,2,2,1,10,41,7
3864409,0,943,0,40,2,3,2,1,9,49,7
3861163,0,943,0,40,2,4,2,1,10,52,7
3840510,0,943,0,40,3,7,2,1,36,47,7
3864768,0,943,0,40,3,3,2,1,10,63,7
3860152,0,943,0,40,3,2,2,1,22,41,7
3865689,0,943,0,40,3,2,2,1,13,31,7
3827826,0,943,0,40,3,10,2,1,46,51,7
3867314,0,943,0,40,3,3,2,1,9,43,7
3866700,0,943,0,40,3,3,2,1,10,48,7
3854815,0,943,0,40,2,4,2,1,25,44,7
3862449,0,943,0,40,2,2,2,1,19,48,7
3858538,0,943,0,40,2,5,2,1,21,28,7
3870777,0,943,0,40,2,2,2,1,5,21,7
3868064,0,943,0,40,3,1,2,1,4,77,7
3871113,0,943,0,40,3,1,2,1,4,38,7
3871313,0,943,0,40,3,1,2,1,4,37,7
3871722,0,943,0,40,3,1,2,1,4,46,7
3872182,0,943,0,40,3,1,2,1,4,10,7
3872254,0,943,0,40,3,1,2,1,4,66,7
3872334,0,943,0,40,2,1,2,1,4,38,7
3872384,0,943,0,40,2,1,2,1,4,28,7
3872530,0,943,0,40,2,1,2,1,4,30,7
3872588,0,943,0,40,2,1,2,1,4,18,7
3808234,0,943,0,40,3,13,2,1,79,61,7
3857365,0,943,0,40,3,4,2,1,17,50,7
3820682,0,943,0,40,2,12,2,1,54,71,7
3809972,0,943,0,40,2,13,2,1,79,53,7
3855906,0,943,0,40,3,3,2,1,21,40,7
3863452,0,943,0,40,3,2,2,1,8,19,7
3845494,0,943,0,40,3,6,2,1,27,36,7
3844759,0,943,0,40,3,4,2,1,40,46,7
3819044,0,943,0,40,3,9,2,1,63,93,7
3867676,0,943,0,40,3,2,2,1,6,18,7
3867571,0,943,0,40,2,2,2,1,5,94,7
3858626,0,943,0,40,3,3,2,1,19,59,7
3860555,0,943,0,40,2,3,2,1,15,29,7
3856098,0,943,0,40,3,4,2,1,20,53,7
3861283,0,943,0,40,3,3,2,1,10,49,7
3805256,0,943,0,40,2,10,2,1,80,34,7
3842961,0,943,0,40,3,8,2,1,31,60,7
3855136,0,943,0,40,3,3,2,1,17,54,7
3844791,0,943,0,40,3,5,2,1,35,65,7
3840635,0,943,0,40,2,8,2,1,28,38,7
3855131,0,943,0,40,2,3,2,1,18,63,7
3861354,0,943,0,40,3,4,2,1,9,36,7
3865084,0,943,0,40,2,3,2,1,9,57,7
3868687,0,943,0,40,3,2,2,1,5,80,7
3848146,1,943,923,40,2,5,2,1,19,43,7
3856429,0,943,0,40,2,4,2,1,20,17,7
3867614,0,943,0,40,3,2,2,1,9,61,7
3838048,0,943,0,40,2,8,2,1,33,29,7
3859890,0,943,0,40,2,4,2,1,14,32,7
3812349,0,943,0,40,3,11,2,1,76,28,7
3853560,0,943,0,40,2,4,2,1,19,40,7
3862218,0,943,0,40,2,4,2,1,12,6,7
3854705,0,943,0,40,2,4,2,1,22,57,7
3822467,0,943,0,40,2,9,2,1,65,41,7
3841788,0,943,0,40,2,7,2,1,34,31,7
3824202,0,943,0,40,3,8,2,1,58,47,7
3868417,0,943,0,40,2,2,2,1,10,44,7
3859315,0,943,0,40,3,3,2,1,18,22,7
3865787,0,943,0,40,3,4,2,1,8,32,7
3868192,0,943,0,40,3,1,2,1,3,25,7
3871712,0,943,0,40,2,1,2,1,3,30,7
3872067,0,943,0,40,3,1,2,1,3,50,7
3872387,0,943,0,40,3,1,2,1,3,6,7
3872563,0,943,0,40,2,1,2,1,3,27,7
3872677,0,943,0,40,3,1,2,1,3,18,7
3872727,0,943,0,40,3,1,2,1,3,38,7
3872895,0,943,0,40,3,1,2,1,3,22,7
3873035,0,943,0,40,2,1,2,1,3,31,7
3873075,0,943,0,40,2,1,2,1,3,28,7
3873115,0,943,0,40,3,1,2,1,3,36,7
3873151,0,943,0,40,3,1,2,1,3,31,7
3848049,0,943,0,40,3,3,2,1,37,29,7
3830429,0,943,0,40,3,8,2,1,57,68,7
3857450,0,943,0,40,3,1,2,1,27,69,7
3849572,0,943,0,40,3,4,2,1,36,32,7
3833749,0,943,0,40,3,6,2,1,50,52,7
3835330,0,943,0,40,2,5,2,1,54,41,7
3844649,0,943,0,40,3,5,2,1,39,31,7
3862510,0,943,0,40,2,1,2,1,22,69,7
3847982,0,943,0,40,3,3,2,1,35,63,7
3846918,0,943,0,40,3,5,2,1,41,48,7
3806436,0,943,0,40,3,10,2,1,75,67,7
3835214,0,943,0,40,2,7,2,1,52,48,7
3858056,1,943,915,33.787,3,2,2,1,20,23,7
3860885,0,943,0,40,3,1,2,1,19,45,7
3863466,0,943,0,40,2,1,2,1,19,47,7
3864253,0,943,0,40,2,1,2,1,19,34,7
3851786,0,943,0,40,3,3,2,1,30,49,7
3863872,0,943,0,40,3,1,2,1,18,30,7
3798310,0,943,0,40,3,8,2,1,65,65,7
3852526,1,943,938,30.301,3,4,2,1,31,33,7
3855341,0,943,0,40,2,3,2,1,24,43,7
3821416,0,943,0,40,2,12,2,1,65,60,7
3865108,0,943,0,40,3,1,2,1,17,14,7
3855113,0,943,0,40,3,3,2,1,19,35,7
3834245,0,943,0,40,2,6,2,1,53,61,7
3812494,0,943,0,40,2,13,2,1,86,58,7
3864282,0,943,0,40,2,1,2,1,16,32,7
3864899,0,943,0,40,3,1,2,1,16,61,7
3865825,0,943,0,40,3,1,2,1,16,31,7
3866085,0,943,0,40,2,1,2,1,16,89,7
3854184,0,943,0,40,2,4,2,1,20,89,7
3854818,0,943,0,40,3,4,2,1,21,34,7
3862551,0,943,0,40,2,2,2,1,17,42,7
3842954,0,943,0,40,2,6,2,1,44,9,7
3837658,0,943,0,40,3,6,2,1,45,25,7
3865840,0,943,0,40,3,1,2,1,15,42,7
3834897,0,943,0,40,3,6,2,1,37,28,7
3859145,0,943,0,40,3,2,2,1,20,80,7
3826253,1,943,920,40,2,8,2,1,46,25,7
3820899,0,943,0,40,2,10,2,1,69,16,7
3822314,0,943,0,40,2,9,2,1,63,23,7
3841025,0,943,0,40,2,3,2,1,50,82,7
3828308,0,943,0,40,3,8,2,1,47,37,7
3850251,0,943,0,40,3,5,2,1,27,23,7
3836222,0,943,0,40,3,7,2,1,44,26,7
3865913,0,943,0,40,2,2,2,1,15,29,7
3867198,0,943,0,40,3,1,2,1,14,15,7
3817718,0,943,0,40,3,10,2,1,73,55,7
3859302,0,943,0,40,2,2,2,1,22,68,7
3811495,0,943,0,40,2,12,2,1,89,46,7
3850807,0,943,0,40,2,3,2,1,32,41,7
3862972,0,943,0,40,3,2,2,1,18,73,7
3858137,0,943,0,40,2,4,2,1,21,49,7
3849924,0,943,0,40,3,5,2,1,29,43,7
3864372,0,943,0,40,3,2,2,1,16,30,7
3844006,0,943,0,40,3,7,2,1,30,30,7
3838721,0,943,0,40,2,7,2,1,41,50,7
3867876,1,943,938,28.4385,3,1,2,1,13,37,7
3855059,0,943,0,40,3,3,2,1,15,73,7
3849125,0,943,0,40,3,4,2,1,20,41,7
3863510,0,943,0,40,2,2,2,1,13,19,7
3850002,0,943,0,40,2,4,2,1,31,66,7
3847915,0,943,0,40,3,3,2,1,38,50,7
3863356,0,943,0,40,3,2,2,1,17,40,7
3845882,0,943,0,40,3,5,2,1,24,40,7
3847109,0,943,0,40,2,4,2,1,34,50,7
3843629,0,943,0,40,3,4,2,1,45,37,7
3867823,0,943,0,40,3,1,2,1,12,31,7
3868609,0,943,0,40,3,1,2,1,12,42,7
3846226,0,943,0,40,3,4,2,1,25,36,7
3856994,0,943,0,40,2,3,2,1,21,37,7
3862580,0,943,0,40,3,2,2,1,16,48,7
3845046,0,943,0,40,3,5,2,1,31,60,7
3856015,0,943,0,40,2,2,2,1,28,35,7
3855764,0,943,0,40,2,3,2,1,24,39,7
3827068,0,943,0,40,3,11,2,1,50,81,7
3854596,0,943,0,40,3,3,2,1,27,24,7
3835698,1,943,898,40,3,8,2,1,40,61,7
3843119,0,943,0,40,2,6,2,1,40,29,7
3866842,0,943,0,40,2,2,2,1,13,52,7
3867309,0,943,0,40,2,1,2,1,11,12,7
3868066,0,943,0,40,2,1,2,1,11,62,7
3847570,0,943,0,40,3,4,2,1,28,33,7
3851319,0,943,0,40,2,3,2,1,17,23,7
3844569,0,943,0,40,3,5,2,1,28,50,7
3834533,0,943,0,40,3,6,2,1,47,74,7
3812085,0,943,0,40,3,9,2,1,89,19,7
3827625,0,943,0,40,2,9,2,1,54,50,7
3836454,0,943,0,40,3,5,2,1,55,53,7
3815469,0,943,0,40,3,12,2,1,69,33,7
3820064,0,943,0,40,3,9,2,1,59,50,7
3823143,0,943,0,40,3,9,2,1,66,33,7
3844179,0,943,0,40,2,7,2,1,35,59,7
3846858,0,943,0,40,3,6,2,1,39,38,7
3867559,0,943,0,40,2,2,2,1,12,39,7
3868787,0,943,0,40,2,1,2,1,10,83,7
3869244,0,943,0,40,3,1,2,1,10,40,7
3846018,0,943,0,40,2,4,2,1,32,34,7
3832799,0,943,0,40,3,8,2,1,38,40,7
3830881,0,943,0,40,3,8,2,1,43,44,7
3849734,0,943,0,40,2,3,2,1,25,41,7
3847683,0,943,0,40,3,7,2,1,27,35,7
3865717,0,943,0,40,3,2,2,1,10,77,7
3862838,0,943,0,40,3,2,2,1,17,50,7
3854090,0,943,0,40,3,3,2,1,19,14,7
3782427,0,943,0,40,2,18,2,1,100,35,7
3812362,0,943,0,40,2,15,2,1,58,38,7
3849204,0,943,0,40,3,5,2,1,30,20,7
3805201,0,943,0,40,3,13,2,1,55,48,7
3834978,0,943,0,40,2,8,2,1,29,32,7
3823806,0,943,0,40,3,10,2,1,57,40,7
3866680,0,943,0,40,3,2,2,1,12,52,7
3853682,0,943,0,40,3,3,2,1,22,26,7
3853003,0,943,0,40,3,5,2,1,21,44,7
3861281,0,943,0,40,3,2,2,1,20,26,7
3865849,0,943,0,40,3,2,2,1,14,24,7
3803516,0,943,0,40,2,15,2,1,88,38,7
3867109,0,943,0,40,2,1,2,1,9,51,7
3869209,0,943,0,40,2,1,2,1,9,81,7
3869721,0,943,0,40,2,1,2,1,9,56,7
3870000,0,943,0,40,2,1,2,1,9,88,7
3870256,0,943,0,40,2,1,2,1,9,40,7
3857238,0,943,0,40,2,2,2,1,19,29,7
3833056,0,943,0,40,2,9,2,1,41,63,7
3829489,0,943,0,40,3,8,2,1,47,65,7
3802627,0,943,0,40,3,14,2,1,82,25,7
3812575,0,943,0,40,2,15,2,1,77,25,7
3820020,0,943,0,40,2,12,2,1,59,32,7
3834371,0,943,0,40,3,9,2,1,41,44,7
3860887,0,943,0,40,2,2,2,1,19,38,7
3836878,0,943,0,40,3,7,2,1,40,31,7
3842030,0,943,0,40,3,6,2,1,32,58,7
3863366,0,943,0,40,2,2,2,1,17,51,7
3849183,0,943,0,40,2,4,2,1,31,24,7
3867686,0,943,0,40,3,2,2,1,9,39,7
3812030,0,943,0,40,2,11,2,1,80,65,7
3818301,0,943,0,40,3,9,2,1,75,28,7
3867140,0,943,0,40,3,2,2,1,11,18,7
3867583,0,943,0,40,2,2,2,1,9,34,7
3830493,1,943,930,40,2,8,2,1,44,58,7
3864390,0,943,0,40,2,2,2,1,15,39,7
3868359,0,943,0,40,2,2,2,1,10,61,7
3866639,0,943,0,40,2,3,2,1,10,42,7
3818641,0,943,0,40,2,10,2,1,71,21,7
3805699,0,943,0,40,3,10,2,1,84,50,7
3870648,0,943,0,40,3,1,2,1,8,42,7
3870786,0,943,0,40,3,1,2,1,8,44,7
3870866,0,943,0,40,2,1,2,1,8,40,7
3857272,0,943,0,40,3,2,2,1,13,56,7
3844319,0,943,0,40,3,4,2,1,30,93,7
3856384,0,943,0,40,2,3,2,1,25,35,7
3845556,0,943,0,40,2,6,2,1,24,42,7
3812304,0,943,0,40,2,12,2,1,83,47,7
3841501,0,943,0,40,3,5,2,1,38,48,7
3836421,0,943,0,40,2,7,2,1,40,44,7
3865294,0,943,0,40,2,2,2,1,11,32,7
3859671,0,943,0,40,2,3,2,1,16,19,7
3831130,0,943,0,40,3,9,2,1,41,51,7
3866155,2,943,0,40,2,2,2,1,11,33,7
3837919,0,943,0,40,3,8,2,1,40,23,7
3858144,0,943,0,40,2,3,2,1,18,13,7
3830382,0,943,0,40,3,7,2,1,57,58,7
3831923,0,943,0,40,3,9,2,1,39,69,7
3824304,0,943,0,40,3,10,2,1,46,57,7
3829876,0,943,0,40,2,9,2,1,44,24,7
3850601,0,943,0,40,3,4,2,1,27,44,7
3803899,0,943,0,40,3,11,2,1,72,59,7
3804743,0,943,0,40,3,7,2,1,54,22,7
3844483,0,943,0,40,2,7,2,1,29,89,7
3867719,0,943,0,40,2,2,2,1,10,105,7
3814933,0,943,0,40,2,16,2,1,64,36,7
3868090,0,943,0,40,3,3,2,1,9,77,7
3869659,0,943,0,40,3,1,2,1,7,31,7
3870489,0,943,0,40,3,1,2,1,7,67,7
3871050,0,943,0,40,2,1,2,1,7,38,7
3871206,0,943,0,40,2,1,2,1,7,55,7
3864520,0,943,0,40,3,2,2,1,7,36,7
3829848,0,943,0,40,3,9,2,1,54,36,7
3858655,0,943,0,40,3,2,2,1,18,32,7
3815179,0,943,0,40,2,12,2,1,75,45,7
3812597,0,943,0,40,3,12,2,1,75,47,7
3850828,0,943,0,40,3,6,2,1,17,42,7
3853318,0,943,0,40,3,4,2,1,15,21,7
3846052,0,943,0,40,3,5,2,1,36,37,7
3828290,0,943,0,40,3,10,2,1,41,44,7
3816442,0,943,0,40,3,12,2,1,66,33,7
3857179,1,943,928,37.4556,2,3,2,1,19,18,7
3835015,0,943,0,40,3,6,2,1,47,16,7
3818623,0,943,0,40,2,12,2,1,72,41,7
3800566,0,943,0,40,2,9,2,1,67,113,7
3821649,0,943,0,40,2,9,2,1,58,30,7
3810722,0,943,0,40,2,13,2,1,79,42,7
3864528,0,943,0,40,3,3,2,1,10,42,7
3834089,0,943,0,40,2,8,2,1,49,42,7
3857126,0,943,0,40,2,3,2,1,21,60,7
3800695,0,943,0,40,2,14,2,1,91,40,7
3857077,0,943,0,40,3,4,2,1,21,82,7
3865628,0,943,0,40,3,3,2,1,12,31,7
3808821,0,943,0,40,3,16,2,1,83,75,7
3868433,0,943,0,40,3,2,2,1,8,28,7
3854304,0,943,0,40,2,3,2,1,29,48,7
3811865,0,943,0,40,3,10,2,1,100,16,7
3866377,0,943,0,40,3,2,2,1,10,36,7
3861020,0,943,0,40,3,4,2,1,13,57,7
3862796,0,943,0,40,2,2,2,1,20,80,7
3841018,0,943,0,40,2,6,2,1,42,24,7
3829707,0,943,0,40,2,9,2,1,54,65,7
3822104,0,943,0,40,3,11,2,1,66,55,7
3830004,0,943,0,40,2,8,2,1,49,39,7
3869285,0,943,0,40,2,2,2,1,7,54,7
3844218,0,943,0,40,2,6,2,1,37,59,7
3853045,0,943,0,40,2,6,2,1,25,59,7
3860009,0,943,0,40,3,3,2,1,19,8,7
3869973,0,943,0,40,3,1,2,1,6,45,7
3870995,0,943,0,40,3,1,2,1,6,57,7
3871223,0,943,0,40,2,1,2,1,6,32,7
3871591,0,943,0,40,3,1,2,1,6,20,7
3871787,0,943,0,40,3,1,2,1,6,30,7
3871895,0,943,0,40,2,1,2,1,6,33,7
3843695,0,943,0,40,2,6,2,1,25,47,7
3849696,0,943,0,40,2,4,2,1,22,14,7
3856488,0,943,0,40,2,3,2,1,16,44,7
3843058,0,943,0,40,3,5,2,1,36,54,7
3867468,0,943,0,40,3,2,2,1,6,34,7
3843102,0,943,0,40,3,6,2,1,31,57,7
3857300,0,943,0,40,2,4,2,1,14,19,7
3823933,0,943,0,40,2,12,2,1,55,45,7
3855212,0,943,0,40,3,4,2,1,18,49,7
3865981,0,943,0,40,3,2,2,1,11,27,7
3840740,0,943,0,40,2,7,2,1,37,31,7
3856294,0,943,0,40,3,4,2,1,18,16,7
3858928,0,943,0,40,2,2,2,1,24,33,7
3865395,0,943,0,40,2,2,2,1,11,48,7
3840841,0,943,0,40,3,5,2,1,42,89,7
3845103,0,943,0,40,3,6,2,1,32,27,7
3826970,0,943,0,40,2,9,2,1,44,38,7
3866269,0,943,0,40,2,2,2,1,6,33,7
3869506,0,943,0,40,3,2,2,1,6,29,7
3845229,0,943,0,40,3,6,2,1,30,46,7
3853463,0,943,0,40,3,4,2,1,24,15,7
3861995,0,943,0,40,3,3,2,1,14,24,7
3813186,0,943,0,40,3,13,2,1,71,44,7
3867040,0,943,0,40,3,3,2,1,8,90,7
3852216,0,943,0,40,3,6,2,1,29,30,7
3838665,0,943,0,40,3,6,2,1,46,22,7
3862621,0,943,0,40,3,3,2,1,14,22,7
3842560,0,943,0,40,2,6,2,1,43,77,7
3842416,0,943,0,40,3,5,2,1,43,55,7
3852947,1,943,922,39.5113,2,5,2,1,23,40,7
3812689,0,943,0,40,3,14,2,1,76,25,7
3870420,0,943,0,40,2,2,2,1,6,43,7
3860909,0,943,0,40,3,3,2,1,14,63,7
3828598,1,943,868,40,3,9,2,1,52,54,7
3843262,0,943,0,40,2,7,2,1,36,83,7
3824522,0,943,0,40,2,11,2,1,53,42,7
3869837,0,943,0,40,3,1,2,1,5,64,7
3871193,0,943,0,40,2,1,2,1,5,22,7
3871694,0,943,0,40,3,1,2,1,5,24,7
3871826,0,943,0,40,3,1,2,1,5,35,7
3872108,0,943,0,40,2,1,2,1,5,20,7
3872286,0,943,0,40,3,1,2,1,5,44,7
3872446,0,943,0,40,3,1,2,1,5,31,7
3872478,0,943,0,40,2,1,2,1,5,19,7
3811230,0,943,0,40,2,13,2,1,77,30,7
3860858,0,943,0,40,2,2,2,1,15,28,7
3842391,0,943,0,40,2,6,2,1,32,40,7
3864398,0,943,0,40,2,2,2,1,8,35,7
3805996,0,943,0,40,3,12,2,1,69,61,7
3852175,0,943,0,40,2,4,2,1,22,20,7
3858472,0,943,0,40,3,3,2,1,19,52,7
3814565,0,943,0,40,2,9,2,1,84,49,7
3864477,0,943,0,40,2,2,2,1,12,87,7
3816457,0,943,0,40,3,11,2,1,68,79,7
3850148,1,943,916,40,2,5,2,1,25,54,7
3857989,0,943,0,40,3,4,2,1,18,21,7
3860582,0,943,0,40,2,3,2,1,19,56,7
3858247,0,943,0,40,2,3,2,1,14,46,7
3822216,0,943,0,40,2,7,2,1,74,41,7
3848061,0,943,0,40,3,4,2,1,32,26,7
3842023,1,943,938,40,2,5,2,1,38,29,7
3863797,0,943,0,40,2,2,2,1,15,30,7
3864989,0,943,0,40,2,2,2,1,12,82,7
3862352,0,943,0,40,2,3,2,1,14,46,7
3795552,1,943,931,18.7448,3,14,2,1,76,89,7
3867351,0,943,0,40,3,2,2,1,8,49,7
3860635,0,943,0,40,3,3,2,1,11,31,7
3861812,1,943,925,40,2,4,2,1,9,33,7
3821908,0,943,0,40,3,10,2,1,64,84,7
3848922,0,943,0,40,2,5,2,1,25,56,7
3837425,0,943,0,40,2,7,2,1,32,40,7
3860246,0,943,0,40,2,3,2,1,16,51,7
3867393,0,943,0,40,3,2,2,1,8,30,7
3834429,0,943,0,40,2,9,2,1,43,42,7
3857682,0,943,0,40,2,5,2,1,12,34,7
3869697,0,943,0,40,2,2,2,1,5,23,7
3843462,0,943,0,40,3,3,2,1,49,16,7
3865040,0,943,0,40,2,2,2,1,15,43,7
3838205,0,943,0,40,3,8,2,1,31,59,7
3861961,0,943,0,40,3,3,2,1,13,22,7
3764481,0,943,0,40,3,23,2,1,126,35,7
3836255,0,943,0,40,2,6,2,1,26,38,7
3856508,0,943,0,40,2,4,2,1,17,42,7
3851504,0,943,0,40,3,6,2,1,23,34,7
3863901,0,943,0,40,2,4,2,1,10,22,7
3869903,0,943,0,40,3,2,2,1,5,23,7
3829840,0,943,0,40,2,8,2,1,55,31,7
3865673,0,943,0,40,3,3,2,1,13,47,7
3866865,0,943,0,40,2,2,2,1,10,31,7
3831793,0,943,0,40,2,10,2,1,48,35,7
3843114,0,943,0,40,2,7,2,1,28,72,7
3839541,0,943,0,40,3,6,2,1,52,41,7
3806744,0,943,0,40,2,10,2,1,55,88,7
3819588,0,943,0,40,2,10,2,1,59,50,7
3832000,0,943,0,40,3,7,2,1,57,65,7
3858195,0,943,0,40,2,4,2,1,26,26,7
3872014,0,943,0,40,2,2,2,1,5,81,7
3871752,0,943,0,40,2,1,2,1,4,56,7
3872195,0,943,0,40,3,1,2,1,4,119,7
3872379,0,943,0,40,2,1,2,1,4,62,7
3872495,0,943,0,40,3,1,2,1,4,96,7
3872595,0,943,0,40,3,1,2,1,4,22,7
3872709,0,943,0,40,3,1,2,1,4,33,7
3872861,0,943,0,40,2,1,2,1,4,25,7
3872989,0,943,0,40,3,1,2,1,4,46,7
3873019,0,943,0,40,3,1,2,1,4,56,7
3873063,0,943,0,40,3,1,2,1,4,73,7
3815437,0,943,0,40,2,11,2,1,74,62,7
3837951,0,943,0,40,3,7,2,1,38,76,7
3839876,0,943,0,40,3,10,2,1,33,51,7
3836621,0,943,0,40,2,8,2,1,31,70,7
3834655,0,943,0,40,2,8,2,1,40,55,7
3862017,0,943,0,40,3,2,2,1,10,71,7
3856988,1,943,920,40,2,4,2,1,14,65,7
3826651,0,943,0,40,2,9,2,1,42,57,7
3841353,0,943,0,40,3,9,2,1,36,33,7
3863613,0,943,0,40,3,2,2,1,14,40,7
3865224,0,943,0,40,2,2,2,1,11,84,7
3867322,0,943,0,40,2,2,2,1,8,11,7
3865120,0,943,0,40,2,3,2,1,7,51,7
3821881,0,943,0,40,3,11,2,1,56,12,7
3860922,0,943,0,40,2,5,2,1,8,80,7
3825575,0,943,0,40,2,9,2,1,50,36,7
3859787,0,943,0,40,3,2,2,1,21,99,7
3823922,0,943,0,40,2,9,2,1,62,19,7
3866460,0,943,0,40,3,2,2,1,10,27,7
3849086,0,943,0,40,3,5,2,1,26,40,7
3845930,0,943,0,40,2,6,2,1,25,47,7
3864934,0,943,0,40,2,4,2,1,10,25,7
3866453,0,943,0,40,2,2,2,1,7,46,7
3824004,0,943,0,40,3,11,2,1,28,47,7
3867977,0,943,0,40,3,2,2,1,5,32,7
3845868,0,943,0,40,2,6,2,1,30,114,7
3815627,0,943,0,40,2,12,2,1,81,39,7
3861169,0,943,0,40,2,2,2,1,18,30,7
3859952,0,943,0,40,2,3,2,1,15,49,7
3848800,0,943,0,40,3,4,2,1,35,28,7
3866161,0,943,0,40,2,2,2,1,12,74,7
3829137,0,943,0,40,3,9,2,1,44,39,7
3866136,0,943,0,40,3,2,2,1,11,33,7
3833772,0,943,0,40,3,9,2,1,44,52,7
3829814,0,943,0,40,2,9,2,1,56,66,7
3856368,0,943,0,40,2,5,2,1,21,25,7
3810191,0,943,0,40,3,15,2,1,67,67,7
3842427,0,943,0,40,3,6,2,1,34,40,7
3864303,0,943,0,40,2,3,2,1,14,59,7
3833149,0,943,0,40,2,8,2,1,41,29,7
3849369,0,943,0,40,3,2,2,1,40,20,7
3811778,1,943,915,40,2,12,2,1,98,88,7
3836322,0,943,0,40,3,6,2,1,44,64,7
3816455,0,943,0,40,2,11,2,1,80,38,7
3847645,0,943,0,40,3,6,2,1,30,63,7
3864062,0,943,0,40,2,3,2,1,12,22,7
3855476,0,943,0,40,2,4,2,1,20,29,7
3828288,0,943,0,40,2,9,2,1,45,36,7
3830131,0,943,0,40,2,11,2,1,51,22,7
3809830,0,943,0,40,3,12,2,1,89,27,7
3840316,1,943,919,40,2,9,2,1,35,18,7
3833678,0,943,0,40,2,8,2,1,46,36,7
3863132,0,943,0,40,2,2,2,1,19,45,7
3839362,0,943,0,40,2,6,2,1,42,36,7
3842343,0,943,0,40,3,8,2,1,25,32,7
3844431,0,943,0,40,3,8,2,1,34,41,7
3827799,0,943,0,40,2,6,2,1,60,54,7
3829232,0,943,0,40,3,7,2,1,58,27,7
3807292,0,943,0,40,3,19,2,1,81,41,7
3865567,0,943,0,40,2,3,2,1,9,54,7
3862460,0,943,0,40,2,3,2,1,13,51,7
3859813,0,943,0,40,3,5,2,1,11,112,7
3840048,0,943,0,40,3,7,2,1,28,24,7
3827977,0,943,0,40,3,9,2,1,51,21,7
3866141,0,943,0,40,2,3,2,1,9,37,7
3871929,0,943,0,40,2,2,2,1,5,24,7
3872558,0,943,0,40,3,2,2,1,4,16,7
3857604,0,943,0,40,2,4,2,1,18,34,7
3872277,0,943,0,40,2,1,2,1,3,11,7
3872822,0,943,0,40,2,1,2,1,3,32,7
3872998,0,943,0,40,3,1,2,1,3,25,7
3873362,0,943,0,40,3,1,2,1,3,37,7
3873438,0,943,0,40,3,1,2,1,3,43,7
3873542,0,943,0,40,2,1,2,1,3,57,7
3873636,0,943,0,40,2,1,2,1,3,74,7
3850278,0,943,0,40,2,1,2,1,43,25,7
3812760,0,943,0,40,3,7,2,1,102,40,7
3857632,0,943,0,40,2,1,2,1,28,52,7
3853797,0,943,0,40,2,3,2,1,30,55,7
3818540,1,943,899,40,3,9,2,1,75,54,7
3847187,0,943,0,40,3,5,2,1,33,60,7
3861691,0,943,0,40,2,1,2,1,23,36,7
3862566,0,943,0,40,2,1,2,1,23,21,7
3841060,1,943,913,30.5404,3,5,2,1,43,32,7
3834786,0,943,0,40,2,6,2,1,55,53,7
3858000,0,943,0,40,3,2,2,1,25,31,7
3863235,0,943,0,40,3,1,2,1,21,42,7
3853051,0,943,0,40,2,3,2,1,28,25,7
3856575,0,943,0,40,3,4,2,1,26,36,7
3805033,0,943,0,40,3,8,2,1,63,42,7
3862973,0,943,0,40,3,1,2,1,20,25,7
3850856,0,943,0,40,2,3,2,1,27,29,7
3862355,0,943,0,40,3,1,2,1,19,22,7
3857391,0,943,0,40,2,3,2,1,24,58,7
3860311,0,943,0,40,2,2,2,1,22,45,7
3830238,0,943,0,40,3,7,2,1,58,26,7
3864809,0,943,0,40,2,1,2,1,18,51,7
3844397,0,943,0,40,3,4,2,1,40,75,7
3846934,0,943,0,40,2,4,2,1,42,50,7
3798622,0,943,0,40,2,8,2,1,69,68,7
3828009,0,943,0,40,3,12,2,1,50,36,7
3804616,0,943,0,40,2,8,2,1,74,50,7
3828259,0,943,0,40,3,6,2,1,60,39,7
3821445,0,943,0,40,3,9,2,1,68,39,7
3829637,0,943,0,40,2,8,2,1,57,71,7
3848431,0,943,0,40,3,3,2,1,37,15,7
3847127,0,943,0,40,2,5,2,1,36,83,7
3863842,0,943,0,40,3,2,2,1,17,50,7
3849015,0,943,0,40,3,6,2,1,34,82,7
3803744,0,943,0,40,2,9,2,1,100,55,7
3865896,0,943,0,40,2,1,2,1,16,21,7
3866832,0,943,0,40,2,1,2,1,16,33,7
3807100,1,943,900,28.3945,3,10,2,1,81,33,7
3834173,0,943,0,40,3,6,2,1,50,96,7
3833306,0,943,0,40,2,8,2,1,37,29,7
3860595,0,943,0,40,3,2,2,1,20,34,7
3829188,0,943,0,40,2,7,2,1,56,47,7
3861276,0,943,0,40,2,3,2,1,17,108,7
3859028,0,943,0,40,3,3,2,1,23,30,7
3848209,0,943,0,40,2,4,2,1,38,62,7
3859121,0,943,0,40,3,2,2,1,27,50,7
3867104,0,943,0,40,3,1,2,1,15,34,7
3833690,0,943,0,40,2,6,2,1,45,37,7
3842621,0,943,0,40,3,5,2,1,38,11,7
3833232,0,943,0,40,2,6,2,1,52,18,7
3804378,0,943,0,40,2,14,2,1,80,40,7
3823262,0,943,0,40,3,10,2,1,61,31,7
3825332,0,943,0,40,2,8,2,1,66,38,7
3866927,0,943,0,40,2,1,2,1,14,33,7
3867894,0,943,0,40,2,1,2,1,14,48,7
3804481,0,943,0,40,3,7,2,1,76,52,7
3825410,0,943,0,40,3,9,2,1,51,57,7
3844053,0,943,0,40,3,4,2,1,39,47,7
3821797,0,943,0,40,2,10,2,1,61,31,7
3815088,0,943,0,40,2,11,2,1,65,40,7
3864302,0,943,0,40,3,2,2,1,14,24,7
3865124,0,943,0,40,3,2,2,1,15,14,7
3859076,0,943,0,40,2,3,2,1,25,64,7
3866090,0,943,0,40,3,1,2,1,13,20,7
3867305,0,943,0,40,3,1,2,1,13,67,7
3868169,0,943,0,40,3,1,2,1,13,85,7
3868337,0,943,0,40,3,1,2,1,13,51,7
3815303,0,943,0,40,2,9,2,1,76,33,7
3846326,1,943,910,35.5515,3,5,2,1,25,74,7
3818268,0,943,0,40,3,10,2,1,70,32,7
3810111,0,943,0,40,3,13,2,1,94,26,7
3861480,0,943,0,40,3,3,2,1,15,46,7
3849210,0,943,0,40,3,4,2,1,31,31,7
3861255,0,943,0,40,3,2,2,1,19,43,7
3863012,0,943,0,40,2,3,2,1,15,43,7
3859167,0,943,0,40,3,3,2,1,19,57,7
3830411,0,943,0,40,2,7,2,1,50,40,7
3856246,0,943,0,40,2,3,2,1,29,20,7
3839947,0,943,0,40,2,8,2,1,36,57,7
3852892,0,943,0,40,3,4,2,1,30,52,7
3861485,0,943,0,40,3,2,2,1,19,76,7
3861329,0,943,0,40,3,3,2,1,18,33,7
3868804,0,943,0,40,2,1,2,1,12,46,7
3860126,0,943,0,40,2,3,2,1,15,83,7
3813394,0,943,0,40,3,9,2,1,93,34,7
3861545,0,943,0,40,2,2,2,1,17,24,7
3862329,0,943,0,40,2,2,2,1,17,47,7
3855080,0,943,0,40,3,5,2,1,19,45,7
3852497,0,943,0,40,3,4,2,1,31,26,7
3837599,0,943,0,40,3,8,2,1,37,22,7
3844262,0,943,0,40,3,5,2,1,35,31,7
3834625,0,943,0,40,2,5,2,1,48,44,7
3841689,0,943,0,40,3,5,2,1,43,24,7
3866728,0,943,0,40,2,2,2,1,14,35,7
3846840,0,943,0,40,2,4,2,1,40,40,7
3866957,0,943,0,40,2,2,2,1,12,9,7
3868452,0,943,0,40,2,1,2,1,11,17,7
3869099,0,943,0,40,3,1,2,1,11,35,7
3858764,0,943,0,40,2,2,2,1,19,47,7
3824867,0,943,0,40,3,9,2,1,52,46,7
3861818,0,943,0,40,2,2,2,1,17,28,7
3842763,0,943,0,40,3,7,2,1,32,60,7
3836807,0,943,0,40,2,9,2,1,43,45,7
3810186,0,943,0,40,3,17,2,1,70,34,7
3845158,0,943,0,40,3,5,2,1,34,22,7
3855769,0,943,0,40,2,3,2,1,24,66,7
3861235,0,943,0,40,2,3,2,1,15,54,7
3822844,0,943,0,40,3,8,2,1,57,30,7
3850147,0,943,0,40,3,6,2,1,25,57,7
3849138,0,943,0,40,3,4,2,1,35,43,7
3865554,0,943,0,40,3,2,2,1,15,47,7
3827557,1,943,920,40,2,10,2,1,50,30,7
3867410,0,943,0,40,2,2,2,1,12,38,7
3829586,0,943,0,40,2,8,2,1,42,29,7
3865390,0,943,0,40,3,2,2,1,16,25,7
3856730,0,943,0,40,3,4,2,1,17,91,7
3828014,0,943,0,40,3,7,2,1,67,40,7
3868657,0,943,0,40,3,1,2,1,10,61,7
3869826,0,943,0,40,2,1,2,1,10,62,7
3869926,0,943,0,40,2,1,2,1,10,72,7
3870186,0,943,0,40,2,1,2,1,10,36,7
3843032,0,943,0,40,3,8,2,1,33,93,7
3854733,0,943,0,40,3,3,2,1,21,49,7
3858380,0,943,0,40,2,3,2,1,19,18,7
3847326,0,943,0,40,3,3,2,1,39,45,7
3849499,0,943,0,40,2,4,2,1,25,30,7
3860387,0,943,0,40,2,3,2,1,13,52,7
3863162,0,943,0,40,3,2,2,1,17,55,7
3834356,0,943,0,40,3,8,2,1,40,64,7
3866339,0,943,0,40,3,2,2,1,10,30,7
3777633,0,943,0,40,2,22,2,1,95,15,7
3857902,0,943,0,40,2,3,2,1,20,41,7
3859447,0,943,0,40,3,3,2,1,15,83,7
3853280,0,943,0,40,2,5,2,1,22,19,7
3854329,0,943,0,40,3,5,2,1,29,46,7
3865958,0,943,0,40,2,3,2,1,11,28,7
3861214,0,943,0,40,3,3,2,1,20,69,7
3835153,0,943,0,40,3,9,2,1,41,44,7
3868685,0,943,0,40,2,1,2,1,9,31,7
3870043,0,943,0,40,3,1,2,1,9,45,7
3870480,0,943,0,40,3,1,2,1,9,37,7
3870898,0,943,0,40,3,1,2,1,9,32,7
3853102,1,943,922,29.2332,3,4,2,1,19,34,7
3862547,0,943,0,40,3,2,2,1,11,55,7
3844158,0,943,0,40,3,4,2,1,36,16,7
3845293,0,943,0,40,3,6,2,1,28,73,7
3842245,0,943,0,40,3,6,2,1,42,32,7
3838184,1,943,919,25.4022,3,8,2,1,35,34,7
3860158,0,943,0,40,3,3,2,1,15,59,7
3816570,0,943,0,40,2,9,2,1,84,41,7
3814652,0,943,0,40,3,12,2,1,67,34,7
3859225,0,943,0,40,3,3,2,1,21,18,7
3859877,0,943,0,40,3,3,2,1,12,57,7
3860003,0,943,0,40,2,3,2,1,13,69,7
3846367,0,943,0,40,2,7,2,1,30,50,7
3854581,0,943,0,40,3,4,2,1,26,83,7
3864463,0,943,0,40,2,2,2,1,16,51,7
3856852,0,943,0,40,3,4,2,1,18,50,7
3842775,0,943,0,40,2,6,2,1,45,91,7
3848701,0,943,0,40,3,6,2,1,32,39,7
3861065,0,943,0,40,3,3,2,1,18,63,7
3860723,0,943,0,40,2,3,2,1,17,59,7
3817985,0,943,0,40,2,12,2,1,70,43,7
3863647,0,943,0,40,2,3,2,1,17,53,7
3857378,0,943,0,40,2,5,2,1,16,34,7
3857059,0,943,0,40,3,4,2,1,18,41,7
3807750,0,943,0,40,3,15,2,1,93,19,7
3861926,0,943,0,40,2,4,2,1,15,26,7
3843555,0,943,0,40,2,6,2,1,41,30,7
3859745,0,943,0,40,2,3,2,1,19,61,7
3864739,0,943,0,40,3,2,2,1,16,11,7
3829337,1,943,926,40,2,8,2,1,65,21,7
3869283,0,943,0,40,3,1,2,1,8,69,7
3870337,0,943,0,40,2,1,2,1,8,34,7
3870601,0,943,0,40,3,1,2,1,8,51,7
3870952,0,943,0,40,3,1,2,1,8,36,7
3871116,0,943,0,40,2,1,2,1,8,59,7
3871400,0,943,0,40,3,1,2,1,8,26,7
3834722,0,943,0,40,2,4,2,1,52,44,7
3820407,1,943,920,40,2,9,2,1,65,63,7
3806097,0,943,0,40,3,11,2,1,63,19,7
3813149,0,943,0,40,3,11,2,1,85,25,7
3821556,0,943,0,40,3,10,2,1,56,52,7
3835745,0,943,0,40,2,4,2,1,53,54,7
3868601,0,943,0,40,3,2,2,1,8,16,7
3813233,0,943,0,40,3,12,2,1,66,17,7
3823271,0,943,0,40,3,10,2,1,54,25,7
3863756,0,943,0,40,2,2,2,1,13,27,7
3859859,0,943,0,40,3,3,2,1,20,46,7
3858110,0,943,0,40,2,4,2,1,17,52,7
3843446,0,943,0,40,2,6,2,1,33,19,7
3855427,0,943,0,40,3,6,2,1,15,57,7
3826581,0,943,0,40,2,7,2,1,72,38,7
3867508,0,943,0,40,2,2,2,1,11,22,7
3846126,0,943,0,40,2,6,2,1,33,59,7
3844323,0,943,0,40,3,6,2,1,36,31,7
3868564,0,943,0,40,3,2,2,1,8,31,7
3843706,0,943,0,40,3,6,2,1,36,71,7
3860104,0,943,0,40,3,3,2,1,21,56,7
3828613,0,943,0,40,2,7,2,1,48,38,7
3862379,0,943,0,40,3,3,2,1,15,35,7
3841862,0,943,0,40,2,9,2,1,35,61,7
3865586,0,943,0,40,2,3,2,1,12,41,7
3808128,0,943,0,40,2,15,2,1,80,18,7
3834810,0,943,0,40,2,9,2,1,36,27,7
3855533,0,943,0,40,3,4,2,1,17,67,7
3868476,0,943,0,40,2,2,2,1,10,19,7
3865234,0,943,0,40,2,3,2,1,16,44,7
3870467,0,943,0,40,2,1,2,1,7,68,7
3870779,0,943,0,40,2,1,2,1,7,43,7
3871015,0,943,0,40,2,1,2,1,7,85,7
3871403,0,943,0,40,3,1,2,1,7,22,7
3871603,0,943,0,40,2,1,2,1,7,20,7
3871947,0,943,0,40,3,1,2,1,7,24,7
3872029,0,943,0,40,2,1,2,1,7,68,7
3863671,0,943,0,40,3,2,2,1,9,45,7
3817806,0,943,0,40,2,11,2,1,73,34,7
3805831,0,943,0,40,2,7,2,1,39,33,7
3840233,0,943,0,40,3,7,2,1,36,43,7
3854819,0,943,0,40,3,2,2,1,24,17,7
3865795,0,943,0,40,3,2,2,1,10,40,7
3839787,0,943,0,40,2,9,2,1,27,41,7
3854947,0,943,0,40,3,3,2,1,15,34,7
3843652,0,943,0,40,2,6,2,1,34,47,7
3860741,0,943,0,40,2,3,2,1,10,39,7
3856364,0,943,0,40,3,3,2,1,25,41,7
3826541,0,943,0,40,3,8,2,1,54,40,7
3858118,0,943,0,40,3,3,2,1,21,35,7
3866213,0,943,0,40,3,2,2,1,12,30,7
3856041,0,943,0,40,3,4,2,1,18,50,7
3854736,0,943,0,40,2,4,2,1,21,17,7
3868954,0,943,0,40,3,2,2,1,7,21,7
3814200,0,943,0,40,2,12,2,1,79,38,7
3853557,0,943,0,40,2,4,2,1,25,43,7
3841530,0,943,0,40,3,7,2,1,31,54,7
3854481,0,943,0,40,2,5,2,1,22,42,7
3866126,0,943,0,40,2,2,2,1,11,33,7
3839017,0,943,0,40,3,7,2,1,46,39,7
3849569,0,943,0,40,2,5,2,1,21,54,7
3864726,0,943,0,40,2,3,2,1,10,41,7
3843511,0,943,0,40,2,5,2,1,34,55,7
3861937,0,943,0,40,2,2,2,1,17,19,7
3846615,0,943,0,40,3,5,2,1,38,26,7
3825147,0,943,0,40,2,9,2,1,62,22,7
3856577,0,943,0,40,2,4,2,1,23,69,7
3867356,0,943,0,40,3,2,2,1,12,23,7
3843954,0,943,0,40,3,7,2,1,36,70,7
3860096,0,943,0,40,3,3,2,1,20,67,7
3870280,0,943,0,40,2,2,2,1,7,34,7
3854046,0,943,0,40,3,4,2,1,30,54,7
3835501,0,943,0,40,3,8,2,1,39,28,7
3861667,0,943,0,40,2,3,2,1,12,44,7
3802400,0,943,0,40,3,15,2,1,62,73,7
3869639,0,943,0,40,2,2,2,1,7,40,7
3822964,0,943,0,40,2,7,2,1,77,69,7
3869722,0,943,0,40,2,2,2,1,10,43,7
3853034,0,943,0,40,3,6,2,1,18,38,7
3856357,0,943,0,40,3,3,2,1,26,32,7
3869699,0,943,0,40,3,1,2,1,6,35,7
3870719,0,943,0,40,3,1,2,1,6,45,7
3871177,0,943,0,40,2,1,2,1,6,68,7
3871994,0,943,0,40,2,1,2,1,6,43,7
3872138,0,943,0,40,3,1,2,1,6,68,7
3872294,0,943,0,40,3,1,2,1,6,20,7
3872454,0,943,0,40,3,1,2,1,6,49,7
3872532,0,943,0,40,3,1,2,1,6,27,7
3864724,0,943,0,40,3,2,2,1,9,79,7
3866131,0,943,0,40,3,2,2,1,7,55,7
3857376,0,943,0,40,3,4,2,1,14,29,7
3824089,0,943,0,40,3,9,2,1,59,37,7
3830262,0,943,0,40,2,7,2,1,52,37,7
3861638,0,943,0,40,3,3,2,1,13,48,7
3852621,0,943,0,40,3,5,2,1,18,12,7
3862252,0,943,0,40,3,3,2,1,17,26,7
3836251,0,943,0,40,2,8,2,1,39,63,7
3824930,0,943,0,40,3,10,2,1,60,43,7
3846115,1,943,915,40,2,6,2,1,27,65,7
3853455,0,943,0,40,2,5,2,1,26,22,7
3855604,0,943,0,40,3,5,2,1,17,24,7
3817097,0,943,0,40,3,7,2,1,82,44,7
3847999,0,943,0,40,2,4,2,1,26,53,7
3830126,0,943,0,40,3,9,2,1,47,23,7
3855555,0,943,0,40,2,4,2,1,16,20,7
3835100,0,943,0,40,2,6,2,1,42,48,7
3818131,1,943,889,40,2,10,2,1,65,82,7
3844855,0,943,0,40,3,5,2,1,35,47,7
3856111,0,943,0,40,3,4,2,1,24,33,7
3866886,0,943,0,40,3,2,2,1,11,12,7
3860933,0,943,0,40,3,3,2,1,14,41,7
3823114,0,943,0,40,2,12,2,1,52,49,7
3814517,0,943,0,40,3,9,2,1,96,45,7
3862611,0,943,0,40,3,2,2,1,16,67,7
3859547,0,943,0,40,3,3,2,1,16,49,7
3848598,0,943,0,40,2,4,2,1,32,55,7
3814370,0,943,0,40,3,10,2,1,85,38,7
3861148,0,943,0,40,3,4,2,1,14,46,7
3814276,1,943,939,40,2,11,2,1,80,54,7
3855039,0,943,0,40,2,4,2,1,17,40,7
3846985,1,943,921,27.6563,3,7,2,1,17,51,7
3867874,0,943,0,40,3,3,2,1,8,62,7
3858022,0,943,0,40,2,3,2,1,18,30,7
3847365,0,943,0,40,2,5,2,1,26,20,7
3811859,0,943,0,40,2,13,2,1,79,47,7
3826676,0,943,0,40,3,10,2,1,60,35,7
3857746,0,943,0,40,3,3,2,1,26,37,7
3859615,0,943,0,40,3,5,2,1,13,58,7
3867598,0,943,0,40,3,3,2,1,10,54,7
3845263,0,943,0,40,3,9,2,1,25,93,7
3847378,0,943,0,40,2,5,2,1,36,30,7
3817691,0,943,0,40,2,9,2,1,69,91,7
3869734,0,943,0,40,3,2,2,1,10,41,7
3823327,0,943,0,40,3,11,2,1,53,42,7
3869243,0,943,0,40,3,1,2,1,5,32,7
3871584,0,943,0,40,3,1,2,1,5,32,7
3871672,0,943,0,40,2,1,2,1,5,83,7
3872207,0,943,0,40,3,1,2,1,5,45,7
3872319,0,943,0,40,2,1,2,1,5,45,7
3872427,0,943,0,40,2,1,2,1,5,60,7
3872707,0,943,0,40,3,1,2,1,5,20,7
3872885,0,943,0,40,2,1,2,1,5,18,7
3873083,0,943,0,40,2,1,2,1,5,46,7
3850878,0,943,0,40,3,4,2,1,21,42,7
3820892,0,943,0,40,3,12,2,1,50,62,7
3852022,0,943,0,40,3,6,2,1,19,39,7
3858279,0,943,0,40,2,2,2,1,18,40,7
3839720,0,943,0,40,3,6,2,1,41,48,7
3816304,0,943,0,40,2,10,2,1,81,31,7
3863123,0,943,0,40,3,3,2,1,9,55,7
3824463,0,943,0,40,3,8,2,1,67,26,7
3864443,0,943,0,40,2,2,2,1,13,49,7
3836920,0,943,0,40,3,6,2,1,45,60,7
3853678,0,943,0,40,2,3,2,1,22,89,7
3867561,0,943,0,40,2,2,2,1,5,50,7
3855309,0,943,0,40,3,3,2,1,20,31,7
3864749,0,943,0,40,3,2,2,1,12,47,7
3822028,0,943,0,40,3,7,2,1,64,85,7
3815574,0,943,0,40,2,10,2,1,71,51,7
3855110,0,943,0,40,3,3,2,1,27,35,7
3869518,0,943,0,40,2,2,2,1,5,30,7
3863362,0,943,0,40,2,2,2,1,17,30,7
3817431,0,943,0,40,2,9,2,1,72,67,7
3859788,1,943,919,40,2,3,2,1,14,24,7
3862125,0,943,0,40,3,3,2,1,11,61,7
3867281,0,943,0,40,2,2,2,1,8,62,7
3822339,0,943,0,40,3,9,2,1,72,53,7
3837839,0,943,0,40,3,9,2,1,30,32,7
3841294,0,943,0,40,2,8,2,1,22,56,7
3824417,0,943,0,40,3,9,2,1,61,19,7
3860278,0,943,0,40,2,4,2,1,10,14,7
3806553,0,943,0,40,2,11,2,1,58,48,7
3834767,0,943,0,40,3,8,2,1,49,48,7
3851885,0,943,0,40,3,5,2,1,22,44,7
3839990,0,943,0,40,2,5,2,1,45,43,7
3848175,0,943,0,40,2,5,2,1,35,79,7
3837338,0,943,0,40,3,7,2,1,30,74,7
3868775,0,943,0,40,3,2,2,1,7,25,7
3865468,0,943,0,40,3,3,2,1,10,48,7
3863517,0,943,0,40,3,4,2,1,11,35,7
3868898,0,943,0,40,3,3,2,1,6,43,7
3845655,0,943,0,40,2,5,2,1,35,52,7
3866216,0,943,0,40,2,2,2,1,13,65,7
3863702,0,943,0,40,2,3,2,1,12,42,7
3832143,0,943,0,40,3,8,2,1,47,24,7
3838368,0,943,0,40,2,7,2,1,43,30,7
3841099,0,943,0,40,3,6,2,1,41,22,7
3805079,0,943,0,40,3,10,2,1,62,41,7
3854767,0,943,0,40,2,5,2,1,18,50,7
3820697,0,943,0,40,2,11,2,1,47,52,7
3860076,0,943,0,40,2,3,2,1,17,28,7
3820355,0,943,0,40,2,10,2,1,59,27,7
3820798,1,943,906,40,2,10,2,1,55,76,7
3845584,0,943,0,40,3,6,2,1,34,30,7
3863940,0,943,0,40,2,3,2,1,10,33,7
3831340,0,943,0,40,2,8,2,1,39,62,7
3870762,0,943,0,40,3,2,2,1,7,48,7
3864196,0,943,0,40,3,3,2,1,12,29,7
3868128,0,943,0,40,2,2,2,1,5,68,7
3840782,0,943,0,40,2,6,2,1,43,27,7
3830928,0,943,0,40,2,9,2,1,53,42,7
3804589,0,943,0,40,3,13,2,1,83,30,7
3853927,0,943,0,40,2,5,2,1,16,36,7
3847182,0,943,0,40,2,7,2,1,38,34,7
3833864,0,943,0,40,3,8,2,1,52,53,7
3871061,0,943,0,40,2,1,2,1,4,60,7
3871780,0,943,0,40,2,1,2,1,4,15,7
3872261,0,943,0,40,3,1,2,1,4,29,7
3872517,0,943,0,40,2,1,2,1,4,38,7
3872870,0,943,0,40,3,1,2,1,4,83,7
3873094,0,943,0,40,3,1,2,1,4,24,7
3873192,0,943,0,40,2,1,2,1,4,67,7
3873252,0,943,0,40,2,1,2,1,4,53,7
3873312,0,943,0,40,3,1,2,1,4,51,7
3873380,0,943,0,40,2,1,2,1,4,31,7
3873506,0,943,0,40,2,1,2,1,4,17,7
3873720,0,943,0,40,3,1,2,1,4,29,7
3843170,0,943,0,40,3,6,2,1,22,28,7
3843743,0,943,0,40,3,4,2,1,34,76,7
3859295,0,943,0,40,3,3,2,1,13,75,7
3860590,0,943,0,40,2,2,2,1,18,64,7
3851518,0,943,0,40,2,4,2,1,26,78,7
3865403,0,943,0,40,3,2,2,1,8,44,7
3855687,0,943,0,40,2,5,2,1,18,32,7
3867337,0,943,0,40,3,2,2,1,6,55,7
3803041,0,943,0,40,3,14,2,1,74,57,7
3831448,0,943,0,40,2,7,2,1,47,50,7
3838439,0,943,0,40,2,8,2,1,29,56,7
3864923,0,943,0,40,3,2,2,1,11,75,7
3866412,0,943,0,40,3,2,2,1,10,66,7
3855468,0,943,0,40,2,3,2,1,25,28,7
3865240,0,943,0,40,3,3,2,1,9,58,7
3833066,0,943,0,40,2,9,2,1,36,59,7
3829466,0,943,0,40,2,8,2,1,48,11,7
3842946,0,943,0,40,3,6,2,1,32,60,7
3868456,0,943,0,40,3,2,2,1,4,59,7
3839143,0,943,0,40,2,7,2,1,42,42,7
3856636,0,943,0,40,2,3,2,1,18,30,7
3819623,0,943,0,40,3,12,2,1,51,31,7
3836093,0,943,0,40,3,8,2,1,39,61,7
3858302,0,943,0,40,3,5,2,1,11,62,7
3852912,0,943,0,40,2,6,2,1,25,59,7
3869741,0,943,0,40,2,2,2,1,5,47,7
3870656,0,943,0,40,3,2,2,1,4,44,7
3863386,0,943,0,40,2,2,2,1,18,26,7
3847782,0,943,0,40,2,5,2,1,28,36,7
3857230,0,943,0,40,3,3,2,1,15,45,7
3845564,0,943,0,40,2,6,2,1,32,38,7
3831856,0,943,0,40,3,6,2,1,62,46,7
3854036,0,943,0,40,2,5,2,1,26,51,7
3868102,0,943,0,40,3,2,2,1,8,59,7
3806479,0,943,0,40,2,8,2,1,47,23,7
3864892,0,943,0,40,2,3,2,1,10,45,7
3845075,0,943,0,40,2,6,2,1,32,33,7
3870590,0,943,0,40,3,2,2,1,5,31,7
3871134,0,943,0,40,3,2,2,1,4,47,7
3856117,0,943,0,40,3,3,2,1,23,74,7
3857384,0,943,0,40,2,4,2,1,24,69,7
3837881,0,943,0,40,3,5,2,1,46,56,7
3854010,0,943,0,40,2,4,2,1,17,64,7
3847321,0,943,0,40,2,5,2,1,33,17,7
3825566,0,943,0,40,3,9,2,1,48,50,7
3827922,0,943,0,40,2,11,2,1,48,40,7
3816599,0,943,0,40,3,12,2,1,65,30,7
3861298,1,943,939,28.107,3,4,2,1,13,26,7
3841935,0,943,0,40,3,7,2,1,36,34,7
3827641,0,943,0,40,2,10,2,1,55,28,7
3871156,0,943,0,40,3,2,2,1,5,58,7
3863034,0,943,0,40,2,3,2,1,15,28,7
3840266,0,943,0,40,3,6,2,1,47,56,7
3852213,0,943,0,40,2,3,2,1,33,11,7
3865330,0,943,0,40,2,2,2,1,16,37,7
3842081,0,943,0,40,2,6,2,1,39,46,7
3857567,0,943,0,40,3,4,2,1,13,29,7
3840983,0,943,0,40,2,7,2,1,45,38,7
3865870,0,943,0,40,2,2,2,1,9,66,7
3868809,0,943,0,40,2,2,2,1,8,32,7
3853789,0,943,0,40,2,5,2,1,20,68,7
3853659,0,943,0,40,3,5,2,1,22,32,7
3849327,0,943,0,40,3,6,2,1,28,66,7
3870347,0,943,0,40,2,2,2,1,5,24,7
3822829,0,943,0,40,3,9,2,1,71,25,7
3841169,0,943,0,40,2,6,2,1,45,70,7
3842679,0,943,0,40,2,7,2,1,35,43,7
3871184,0,943,0,40,3,2,2,1,7,94,7
3866125,0,943,0,40,2,3,2,1,9,42,7
3863878,0,943,0,40,3,4,2,1,9,39,7
3826720,0,943,0,40,3,9,2,1,54,45,7
3872593,0,943,0,40,3,1,2,1,3,57,7
3872812,0,943,0,40,2,1,2,1,3,40,7
3872956,0,943,0,40,3,1,2,1,3,11,7
3873491,0,943,0,40,3,1,2,1,3,46,7
3873768,0,943,0,40,2,1,2,1,3,26,7
3873838,0,943,0,40,2,1,2,1,3,34,7
3873886,0,943,0,40,2,1,2,1,3,41,7
3873938,0,943,0,40,3,1,2,1,3,31,7
3874090,0,943,0,40,3,1,2,1,3,61,7
3874142,0,943,0,40,3,1,2,1,3,38,7
3874174,0,943,0,40,3,1,2,1,3,52,7
3874248,0,943,0,40,2,1,2,1,3,90,7
3845190,0,943,0,40,3,2,2,1,42,67,7
3813381,0,943,0,40,3,8,2,1,103,38,7
3809701,0,943,0,40,3,9,2,1,116,48,7
3838297,0,943,0,40,2,4,2,1,54,50,7
3856529,0,943,0,40,3,2,2,1,27,47,7
3862584,0,943,0,40,2,1,2,1,24,56,7
3753266,1,943,915,31.6377,3,23,2,1,154,95,7
3812533,0,943,0,40,3,11,2,1,81,29,7
3852805,0,943,0,40,2,2,2,1,26,54,7
3858384,0,943,0,40,3,2,2,1,25,39,7
3832286,0,943,0,40,2,6,2,1,47,64,7
3827451,0,943,0,40,3,5,2,1,58,75,7
3848421,0,943,0,40,2,4,2,1,38,37,7
3834328,0,943,0,40,3,7,2,1,49,28,7
3825757,0,943,0,40,2,10,2,1,56,24,7
3826572,0,943,0,40,2,6,2,1,73,29,7
3848254,0,943,0,40,2,3,2,1,41,75,7
3823875,1,943,898,40,2,11,2,1,56,15,7
3816379,0,943,0,40,2,11,2,1,73,44,7
3858633,0,943,0,40,3,3,2,1,22,43,7
3833744,0,943,0,40,2,6,2,1,52,40,7
3866001,0,943,0,40,3,1,2,1,18,43,7
3852368,0,943,0,40,3,3,2,1,32,53,7
3832809,0,943,0,40,3,8,2,1,51,30,7
3862419,0,943,0,40,2,2,2,1,18,38,7
3866112,0,943,0,40,3,1,2,1,17,59,7
3866312,0,943,0,40,2,1,2,1,17,91,7
3836330,0,943,0,40,3,7,2,1,44,38,7
3861407,0,943,0,40,3,2,2,1,18,26,7
3858012,0,943,0,40,2,2,2,1,25,26,7
3822519,0,943,0,40,2,12,2,1,50,22,7
3814532,0,943,0,40,2,12,2,1,73,64,7
3866499,0,943,0,40,3,1,2,1,16,23,7
3847463,0,943,0,40,3,3,2,1,28,39,7
3819068,0,943,0,40,3,9,2,1,75,49,7
3859122,0,943,0,40,2,3,2,1,24,37,7
3863233,0,943,0,40,2,2,2,1,17,87,7
3864575,0,943,0,40,2,1,2,1,15,64,7
3867984,0,943,0,40,3,1,2,1,15,29,7
3838387,1,943,879,40,3,5,2,1,43,21,7
3853429,0,943,0,40,2,5,2,1,23,35,7
3842111,0,943,0,40,3,5,2,1,40,30,7
3802793,0,943,0,40,3,12,2,1,73,32,7
3821066,0,943,0,40,3,12,2,1,75,44,7
3857588,0,943,0,40,2,3,2,1,23,27,7
3864064,0,943,0,40,3,2,2,1,17,31,7
3859158,0,943,0,40,2,2,2,1,29,33,7
3865455,0,943,0,40,2,1,2,1,14,49,7
3868479,0,943,0,40,2,1,2,1,14,44,7
3860879,0,943,0,40,2,3,2,1,16,68,7
3860101,0,943,0,40,3,2,2,1,22,47,7
3846430,1,943,904,40,2,5,2,1,21,47,7
3861005,0,943,0,40,3,2,2,1,20,37,7
3843015,0,943,0,40,3,4,2,1,47,75,7
3838080,0,943,0,40,2,6,2,1,49,43,7
3830670,0,943,0,40,2,8,2,1,58,46,7
3847421,0,943,0,40,3,6,2,1,25,49,7
3853628,0,943,0,40,3,3,2,1,35,76,7
3867505,0,943,0,40,2,1,2,1,13,39,7
3868820,0,943,0,40,3,1,2,1,13,40,7
3862617,1,943,924,40,2,2,2,1,17,49,7
3853849,0,943,0,40,2,4,2,1,24,58,7
3865148,0,943,0,40,3,2,2,1,14,20,7
3850703,0,943,0,40,3,5,2,1,31,35,7
3857419,0,943,0,40,2,3,2,1,26,47,7
3864325,0,943,0,40,3,2,2,1,18,20,7
3853177,0,943,0,40,3,2,2,1,38,39,7
3862661,0,943,0,40,2,2,2,1,21,42,7
3838409,0,943,0,40,3,8,2,1,34,55,7
3869398,0,943,0,40,3,1,2,1,12,59,7
3852331,0,943,0,40,2,2,2,1,35,60,7
3863131,0,943,0,40,3,2,2,1,15,37,7
3829322,0,943,0,40,3,9,2,1,52,67,7
3806031,0,943,0,40,3,10,2,1,93,29,7
3864387,0,943,0,40,3,2,2,1,16,15,7
3866017,0,943,0,40,2,2,2,1,13,33,7
3849676,0,943,0,40,3,4,2,1,37,44,7
3824013,0,943,0,40,2,11,2,1,62,53,7
3837797,0,943,0,40,3,7,2,1,37,49,7
3806945,0,943,0,40,3,6,2,1,45,85,7
3865656,0,943,0,40,3,2,2,1,17,40,7
3844604,0,943,0,40,2,7,2,1,35,35,7
3857412,0,943,0,40,2,3,2,1,15,24,7
3831484,0,943,0,40,2,8,2,1,44,16,7
3869842,0,943,0,40,2,1,2,1,11,59,7
3870108,0,943,0,40,2,1,2,1,11,35,7
3837993,0,943,0,40,2,6,2,1,43,83,7
3838654,0,943,0,40,2,8,2,1,31,47,7
3811918,0,943,0,40,3,14,2,1,73,21,7
3866478,0,943,0,40,2,2,2,1,13,35,7
3866624,0,943,0,40,3,3,2,1,13,58,7
3844811,0,943,0,40,2,6,2,1,37,81,7
3862136,0,943,0,40,3,3,2,1,20,57,7
3844908,0,943,0,40,3,5,2,1,40,23,7
3832755,0,943,0,40,2,9,2,1,55,15,7
3846988,0,943,0,40,3,6,2,1,32,56,7
3823702,0,943,0,40,2,8,2,1,56,36,7
3829094,0,943,0,40,3,10,2,1,56,76,7
3810124,0,943,0,40,3,15,2,1,90,45,7
3810514,0,943,0,40,2,17,2,1,75,38,7
3869535,0,943,0,40,2,1,2,1,10,41,7
3844592,0,943,0,40,2,4,2,1,35,67,7
3836734,0,943,0,40,2,8,2,1,32,24,7
3819536,0,943,0,40,3,6,2,1,72,48,7
3863269,0,943,0,40,3,2,2,1,14,33,7
3841510,0,943,0,40,3,5,2,1,40,64,7
3850882,0,943,0,40,2,4,2,1,22,50,7
3860531,0,943,0,40,2,4,2,1,15,51,7
3849036,0,943,0,40,2,4,2,1,35,25,7
3861274,0,943,0,40,3,3,2,1,19,27,7
3853721,0,943,0,40,3,4,2,1,32,43,7
3850392,0,943,0,40,2,5,2,1,21,24,7
3832142,0,943,0,40,3,9,2,1,45,23,7
3855851,0,943,0,40,2,3,2,1,33,37,7
3854747,0,943,0,40,2,3,2,1,26,58,7
3840529,0,943,0,40,2,6,2,1,44,28,7
3844220,1,943,901,35.8162,3,7,2,1,31,79,7
3863728,0,943,0,40,3,2,2,1,19,36,7
3856006,0,943,0,40,2,5,2,1,23,25,7
3854587,0,943,0,40,2,4,2,1,30,34,7
3870041,0,943,0,40,3,1,2,1,9,55,7
3871126,0,943,0,40,3,1,2,1,9,71,7
3871194,0,943,0,40,2,1,2,1,9,31,7
3871254,0,943,0,40,3,1,2,1,9,53,7
3863319,0,943,0,40,2,2,2,1,13,34,7
3862529,0,943,0,40,2,2,2,1,15,31,7
3846453,0,943,0,40,2,4,2,1,32,46,7
3806674,0,943,0,40,3,8,2,1,69,31,7
3828316,0,943,0,40,2,8,2,1,44,58,7
3858204,0,943,0,40,2,3,2,1,21,25,7
3849376,0,943,0,40,3,8,2,1,27,74,7
3833538,0,943,0,40,3,10,2,1,42,19,7
3867750,0,943,0,40,3,2,2,1,10,24,7
3865350,0,943,0,40,3,3,2,1,11,50,7
3841321,0,943,0,40,2,5,2,1,44,81,7
3850269,0,943,0,40,2,4,2,1,32,31,7
3859622,0,943,0,40,3,4,2,1,18,38,7
3854786,0,943,0,40,3,3,2,1,25,24,7
3867113,0,943,0,40,2,2,2,1,10,16,7
3798769,0,943,0,40,2,9,2,1,65,50,7
3792352,0,943,0,40,2,17,2,1,108,39,7
3863346,0,943,0,40,2,3,2,1,18,62,7
3861420,0,943,0,40,2,3,2,1,16,27,7
3840636,0,943,0,40,3,6,2,1,47,34,7
3844486,0,943,0,40,3,7,2,1,34,75,7
3839741,0,943,0,40,2,6,2,1,36,78,7
3867083,0,943,0,40,2,3,2,1,10,43,7
3835230,0,943,0,40,2,7,2,1,47,51,7
3826582,0,943,0,40,2,10,2,1,53,73,7
3860077,0,943,0,40,2,4,2,1,18,44,7
3864560,0,943,0,40,3,3,2,1,14,54,7
3827124,0,943,0,40,3,9,2,1,52,45,7
3859718,0,943,0,40,3,4,2,1,15,55,7
3862016,0,943,0,40,3,5,2,1,16,55,7
3869555,0,943,0,40,2,1,2,1,8,17,7
3870603,0,943,0,40,3,1,2,1,8,43,7
3871459,0,943,0,40,3,1,2,1,8,80,7
3871701,0,943,0,40,2,1,2,1,8,50,7
3871851,0,943,0,40,3,1,2,1,8,59,7
3856624,0,943,0,40,3,2,2,1,19,53,7
3850643,0,943,0,40,2,6,2,1,22,16,7
3838481,0,943,0,40,2,5,2,1,39,37,7
3846009,0,943,0,40,3,4,2,1,23,17,7
3791742,0,943,0,40,2,20,2,1,85,66,7
3824368,1,943,897,38.2443,3,10,2,1,51,31,7
3823760,0,943,0,40,3,8,2,1,75,38,7
3817018,0,943,0,40,3,10,2,1,64,13,7
3840962,0,943,0,40,3,7,2,1,37,45,7
3841219,0,943,0,40,3,5,2,1,37,14,7
3859254,0,943,0,40,3,4,2,1,17,45,7
3858148,0,943,0,40,2,2,2,1,26,27,7
3855198,0,943,0,40,3,4,2,1,21,37,7
3827258,0,943,0,40,2,8,2,1,50,38,7
3811784,0,943,0,40,3,14,2,1,82,15,7
3862648,0,943,0,40,2,4,2,1,15,66,7
3809139,0,943,0,40,2,17,2,1,77,52,7
3859027,0,943,0,40,3,4,2,1,17,89,7
3859177,0,943,0,40,2,3,2,1,21,27,7
3848765,0,943,0,40,2,3,2,1,35,41,7
3868558,0,943,0,40,2,2,2,1,10,49,7
3839044,0,943,0,40,2,10,2,1,30,31,7
3842304,0,943,0,40,3,6,2,1,36,49,7
3863727,0,943,0,40,2,3,2,1,13,26,7
3851785,0,943,0,40,2,5,2,1,26,30,7
3860538,0,943,0,40,3,3,2,1,18,32,7
3853129,0,943,0,40,2,3,2,1,36,81,7
3854387,0,943,0,40,2,4,2,1,34,40,7
3861910,0,943,0,40,3,4,2,1,14,24,7
3870543,0,943,0,40,2,1,2,1,7,36,7
3872498,0,943,0,40,3,1,2,1,7,30,7
3835044,0,943,0,40,2,8,2,1,39,32,7
3845825,0,943,0,40,3,5,2,1,26,31,7
3841687,0,943,0,40,2,6,2,1,27,41,7
3863679,0,943,0,40,3,2,2,1,14,41,7
3867546,0,943,0,40,2,2,2,1,7,56,7
3857882,0,943,0,40,3,2,2,1,24,62,7
3849452,0,943,0,40,3,4,2,1,36,32,7
3868081,0,943,0,40,3,2,2,1,7,18,7
3841534,0,943,0,40,2,7,2,1,37,13,7
3854053,0,943,0,40,2,4,2,1,17,84,7
3858665,0,943,0,40,3,2,2,1,25,44,7
3864168,0,943,0,40,2,2,2,1,15,34,7
3855934,0,943,0,40,2,4,2,1,25,55,7
3838545,0,943,0,40,3,8,2,1,32,21,7
3828114,0,943,0,40,2,8,2,1,48,10,7
3843897,0,943,0,40,3,6,2,1,26,44,7
3843585,0,943,0,40,2,7,2,1,29,74,7
3816002,0,943,0,40,3,9,2,1,83,35,7
3862559,0,943,0,40,2,2,2,1,18,56,7
3867202,0,943,0,40,2,3,2,1,9,64,7
3805568,0,943,0,40,3,13,2,1,75,36,7
3819114,0,943,0,40,2,11,2,1,66,49,7
3860997,0,943,0,40,3,3,2,1,17,56,7
3851180,1,943,933,36.5071,2,4,2,1,34,62,7
3860865,0,943,0,40,3,4,2,1,18,39,7
3828830,0,943,0,40,2,9,2,1,67,42,7
3831282,0,943,0,40,2,7,2,1,43,17,7
3855777,0,943,0,40,3,5,2,1,19,55,7
3863804,0,943,0,40,3,3,2,1,10,28,7
3860640,0,943,0,40,3,3,2,1,14,38,7
3805765,0,943,0,40,3,9,2,1,69,67,7
3840586,0,943,0,40,3,7,2,1,48,76,7
3849034,0,943,0,40,2,6,2,1,32,12,7
3868873,0,943,0,40,2,2,2,1,9,66,7
3870203,0,943,0,40,2,2,2,1,8,56,7
3867249,0,943,0,40,3,3,2,1,8,40,7
3849682,0,943,0,40,3,6,2,1,29,34,7
3843762,0,943,0,40,3,6,2,1,34,46,7
3857991,0,943,0,40,2,5,2,1,24,72,7
3871744,0,943,0,40,3,1,2,1,6,6,7
3872155,0,943,0,40,3,1,2,1,6,40,7
3872407,0,943,0,40,2,1,2,1,6,34,7
3872575,0,943,0,40,3,1,2,1,6,28,7
3872681,0,943,0,40,3,1,2,1,6,25,7
3872899,0,943,0,40,3,1,2,1,6,52,7
3872959,0,943,0,40,3,1,2,1,6,31,7
3873017,0,943,0,40,3,1,2,1,6,93,7
3873129,0,943,0,40,3,1,2,1,6,32,7
3873143,0,943,0,40,3,1,2,1,6,72,7
3846977,0,943,0,40,2,5,2,1,18,35,7
3861829,0,943,0,40,2,2,2,1,14,15,7
3827427,0,943,0,40,2,7,2,1,56,33,7
3810671,0,943,0,40,2,12,2,1,87,89,7
3824703,0,943,0,40,3,8,2,1,58,59,7
3868016,0,943,0,40,3,2,2,1,7,27,7
3857615,0,943,0,40,2,4,2,1,15,24,7
3866503,0,943,0,40,3,2,2,1,9,52,7
3852551,0,943,0,40,3,6,2,1,15,55,7
3863543,0,943,0,40,3,3,2,1,14,65,7
3810843,0,943,0,40,2,15,2,1,79,61,7
3862155,0,943,0,40,2,3,2,1,13,50,7
3832462,1,943,887,38.8804,3,8,2,1,44,59,7
3869015,0,943,0,40,2,2,2,1,6,62,7
3829445,0,943,0,40,3,9,2,1,47,73,7
3852915,0,943,0,40,2,3,2,1,35,22,7
3852735,0,943,0,40,3,5,2,1,22,18,7
3859684,0,943,0,40,3,3,2,1,20,21,7
3864191,0,943,0,40,2,3,2,1,11,47,7
3866853,0,943,0,40,3,2,2,1,6,29,7
3857667,0,943,0,40,3,3,2,1,22,31,7
3847286,1,943,896,40,2,5,2,1,36,88,7
3841017,0,943,0,40,3,5,2,1,40,62,7
3839472,0,943,0,40,3,9,2,1,39,61,7
3869436,0,943,0,40,3,2,2,1,8,26,7
3869385,0,943,0,40,2,2,2,1,7,57,7
3852937,0,943,0,40,3,5,2,1,22,11,7
3866471,0,943,0,40,3,2,2,1,13,71,7
3824320,0,943,0,40,3,14,2,1,45,30,7
3836822,0,943,0,40,2,5,2,1,54,85,7
3831832,0,943,0,40,2,11,2,1,38,30,7
3834411,0,943,0,40,3,8,2,1,37,24,7
3829387,0,943,0,40,3,9,2,1,43,14,7
3861417,0,943,0,40,2,3,2,1,13,48,7
3862906,0,943,0,40,3,2,2,1,21,34,7
3867210,0,943,0,40,3,2,2,1,14,45,7
3868689,0,943,0,40,3,2,2,1,9,53,7
3817931,0,943,0,40,3,11,2,1,74,27,7
3826961,0,943,0,40,2,10,2,1,48,62,7
3848191,0,943,0,40,2,5,2,1,40,59,7
3830101,1,943,916,40,2,11,2,1,35,24,7
3840125,0,943,0,40,2,6,2,1,38,33,7
3870807,0,943,0,40,3,1,2,1,5,38,7
3872285,0,943,0,40,2,1,2,1,5,71,7
3872906,0,943,0,40,3,1,2,1,5,22,7
3873176,0,943,0,40,2,1,2,1,5,64,7
3873234,0,943,0,40,3,1,2,1,5,13,7
3873338,0,943,0,40,2,1,2,1,5,33,7
3873486,0,943,0,40,3,1,2,1,5,15,7
3873604,0,943,0,40,3,1,2,1,5,41,7
3851064,0,943,0,40,2,4,2,1,27,44,7
3822296,0,943,0,40,3,13,2,1,40,41,7
3846056,0,943,0,40,3,4,2,1,36,49,7
3856158,0,943,0,40,3,4,2,1,21,91,7
3839819,0,943,0,40,3,6,2,1,36,55,7
3833667,0,943,0,40,3,8,2,1,33,87,7
3848804,0,943,0,40,2,6,2,1,20,34,7
3869500,0,943,0,40,2,2,2,1,5,34,7
3846189,0,943,0,40,3,6,2,1,36,32,7
3829115,0,943,0,40,2,9,2,1,54,19,7
3859770,0,943,0,40,2,3,2,1,16,31,7
3866335,0,943,0,40,2,2,2,1,10,72,7
3868458,1,943,940,26.3228,3,2,2,1,7,52,7
3851819,0,943,0,40,3,5,2,1,20,33,7
3864817,0,943,0,40,2,3,2,1,7,28,7
3809726,0,943,0,40,2,12,2,1,95,36,7
3851306,0,943,0,40,3,5,2,1,30,72,7
3804771,0,943,0,40,2,12,2,1,60,57,7
3852304,0,943,0,40,2,5,2,1,26,48,7
3856884,0,943,0,40,3,4,2,1,18,42,7
3832198,0,943,0,40,3,8,2,1,47,45,7
3805318,0,943,0,40,2,12,2,1,64,36,7
3857168,0,943,0,40,3,4,2,1,16,46,7
3810600,0,943,0,40,2,10,2,1,82,61,7
3861301,0,943,0,40,3,3,2,1,13,56,7
3841517,0,943,0,40,3,7,2,1,31,50,7
3868635,0,943,0,40,3,2,2,1,8,56,7
3867272,0,943,0,40,2,3,2,1,8,25,7
3807418,0,943,0,40,2,12,2,1,45,25,7
3860408,0,943,0,40,2,3,2,1,21,14,7
3845328,0,943,0,40,3,5,2,1,34,17,7
3867134,0,943,0,40,3,2,2,1,13,51,7
3823623,0,943,0,40,2,12,2,1,62,84,7
3849911,0,943,0,40,3,6,2,1,23,43,7
3845123,0,943,0,40,3,7,2,1,28,24,7
3862369,0,943,0,40,3,3,2,1,11,30,7
3871805,0,943,0,40,2,2,2,1,5,47,7
3834836,0,943,0,40,2,10,2,1,52,16,7
3835958,0,943,0,40,2,8,2,1,43,105,7
3858819,0,943,0,40,2,3,2,1,18,69,7
3821671,0,943,0,40,2,11,2,1,60,42,7
3786207,0,943,0,40,3,20,2,1,106,37,7
3860742,0,943,0,40,2,5,2,1,8,57,7
3805984,0,943,0,40,2,12,2,1,76,61,7
3809798,0,943,0,40,2,15,2,1,90,34,7
3869561,0,943,0,40,2,2,2,1,10,69,7
3862692,0,943,0,40,3,3,2,1,19,44,7
3807202,0,943,0,40,2,13,2,1,80,48,7
3872337,0,943,0,40,2,1,2,1,4,22,7
3872724,0,943,0,40,3,1,2,1,4,25,7
3872964,0,943,0,40,3,1,2,1,4,46,7
3873303,0,943,0,40,3,1,2,1,4,41,7
3873455,0,943,0,40,3,1,2,1,4,58,7
3873583,0,943,0,40,2,1,2,1,4,90,7
3873651,0,943,0,40,2,1,2,1,4,41,7
3873699,0,943,0,40,3,1,2,1,4,27,7
3873764,0,943,0,40,2,1,2,1,4,48,7
3873816,0,943,0,40,2,1,2,1,4,73,7
3873858,0,943,0,40,2,1,2,1,4,16,7
3873940,0,943,0,40,3,1,2,1,4,13,7
3874000,0,943,0,40,2,1,2,1,4,41,7
3874112,0,943,0,40,3,1,2,1,4,30,7
3856547,0,943,0,40,2,5,2,1,20,62,7
3857141,0,943,0,40,2,4,2,1,9,36,7
3842140,0,943,0,40,3,6,2,1,41,30,7
3861846,0,943,0,40,2,3,2,1,9,21,7
3864279,0,943,0,40,2,3,2,1,6,44,7
3855799,0,943,0,40,2,3,2,1,21,31,7
3843107,0,943,0,40,3,7,2,1,40,35,7
3861546,0,943,0,40,3,3,2,1,14,38,7
3848998,0,943,0,40,2,7,2,1,22,15,7
3851777,1,943,932,40,2,5,2,1,24,101,7
3849962,0,943,0,40,3,5,2,1,23,17,7
3847873,0,943,0,40,2,7,2,1,20,25,7
3825585,0,943,0,40,2,11,2,1,53,47,7
3815184,0,943,0,40,2,14,2,1,61,47,7
3858045,1,943,912,39.0437,3,4,2,1,18,34,7
3848106,0,943,0,40,3,5,2,1,27,49,7
3841887,0,943,0,40,2,8,2,1,35,40,7
3869629,0,943,0,40,3,2,2,1,5,29,7
3858494,0,943,0,40,2,5,2,1,14,31,7
3805392,0,943,0,40,3,11,2,1,46,49,7
3865216,0,943,0,40,2,2,2,1,14,45,7
3841567,0,943,0,40,2,6,2,1,27,18,7
3834792,0,943,0,40,2,6,2,1,52,63,7
3833696,0,943,0,40,2,11,2,1,26,81,7
3867979,0,943,0,40,3,2,2,1,9,32,7
3848096,0,943,0,40,2,4,2,1,30,63,7
3854548,0,943,0,40,3,3,2,1,30,39,7
3823963,1,943,866,40,3,8,2,1,55,33,7
3870900,0,943,0,40,3,3,2,1,5,98,7
3854715,0,943,0,40,3,4,2,1,23,25,7
3838653,0,943,0,40,2,7,2,1,40,45,7
3864145,0,943,0,40,3,3,2,1,13,60,7
3828348,0,943,0,40,2,11,2,1,49,39,7
3857855,0,943,0,40,3,4,2,1,19,40,7
3862658,0,943,0,40,3,3,2,1,12,49,7
3870581,0,943,0,40,3,2,2,1,5,64,7
3845057,0,943,0,40,2,6,2,1,33,54,7
3807272,0,943,0,40,2,11,2,1,47,35,7
3843000,0,943,0,40,2,7,2,1,33,77,7
3801487,0,943,0,40,3,13,2,1,81,24,7
3805025,0,943,0,40,2,12,2,1,58,26,7
3819083,0,943,0,40,2,13,2,1,66,72,7
3838345,0,943,0,40,2,7,2,1,33,63,7
3863946,0,943,0,40,2,3,2,1,16,42,7
3824847,1,943,904,40,2,11,2,1,57,32,7
3837050,0,943,0,40,3,7,2,1,37,37,7
3861536,0,943,0,40,2,4,2,1,13,62,7
3833720,0,943,0,40,3,8,2,1,50,13,7
3860310,0,943,0,40,2,5,2,1,11,28,7
3840389,0,943,0,40,3,7,2,1,34,46,7
3871679,0,943,0,40,3,2,2,1,5,71,7
3864641,0,943,0,40,3,2,2,1,17,65,7
3818486,0,943,0,40,2,9,2,1,77,10,7
3870136,0,943,0,40,3,2,2,1,9,123,7
3850523,0,943,0,40,3,6,2,1,27,39,7
3828841,1,943,921,40,2,8,2,1,59,60,7
3817353,0,943,0,40,3,8,2,1,69,56,7
3802402,1,943,909,31.5517,3,13,2,1,66,51,7
3860428,0,943,0,40,2,5,2,1,15,39,7
3865642,0,943,0,40,2,2,2,1,18,29,7
3861838,0,943,0,40,3,3,2,1,18,53,7
3843991,0,943,0,40,3,7,2,1,34,39,7
3830264,0,943,0,40,2,12,2,1,39,39,7
3824885,0,943,0,40,3,9,2,1,63,67,7
3871804,0,943,0,40,3,1,2,1,3,49,7
3873597,0,943,0,40,3,1,2,1,3,50,7
3873767,0,943,0,40,3,1,2,1,3,27,7
3873831,0,943,0,40,3,1,2,1,3,66,7
3873983,0,943,0,40,2,1,2,1,3,47,7
3874199,0,943,0,40,3,1,2,1,3,35,7
3874247,0,943,0,40,2,1,2,1,3,26,7
3874320,0,943,0,40,2,1,2,1,3,35,7
3874384,0,943,0,40,2,1,2,1,3,26,7
3874432,0,943,0,40,2,1,2,1,3,79,7
3874562,0,943,0,40,3,1,2,1,3,31,7
3874638,1,943,940,30.8861,2,1,2,1,3,24,7
3874696,0,943,0,40,2,1,2,1,3,55,7
3874728,0,943,0,40,3,1,2,1,3,9,7
3831564,0,943,0,40,2,5,2,1,62,18,7
3840538,0,943,0,40,2,3,2,1,51,56,7
3847964,0,943,0,40,2,3,2,1,45,80,7
3841927,0,943,0,40,3,5,2,1,45,51,7
3847251,0,943,0,40,2,3,2,1,40,39,7
3861637,0,943,0,40,2,1,2,1,24,82,7
3846206,0,943,0,40,3,5,2,1,33,37,7
3843075,0,943,0,40,3,5,2,1,41,44,7
3858313,0,943,0,40,3,2,2,1,27,15,7
3853875,0,943,0,40,2,2,2,1,38,25,7
3806503,0,943,0,40,3,14,2,1,73,22,7
3862058,0,943,0,40,3,2,2,1,24,20,7
3828146,0,943,0,40,3,6,2,1,58,58,7
3839993,0,943,0,40,3,4,2,1,40,24,7
3834803,0,943,0,40,2,6,2,1,44,7,7
3859114,0,943,0,40,2,3,2,1,24,56,7
3863426,0,943,0,40,2,2,2,1,19,42,7
3864258,0,943,0,40,3,1,2,1,18,33,7
3836303,0,943,0,40,2,8,2,1,43,36,7
3866166,0,943,0,40,3,1,2,1,17,83,7
3867034,0,943,0,40,2,1,2,1,17,34,7
3814884,0,943,0,40,2,10,2,1,85,52,7
3840819,0,943,0,40,2,5,2,1,48,36,7
3864089,0,943,0,40,3,2,2,1,19,17,7
3834622,0,943,0,40,3,6,2,1,58,21,7
3842237,0,943,0,40,3,5,2,1,42,36,7
3867411,0,943,0,40,3,1,2,1,16,61,7
3867878,0,943,0,40,3,1,2,1,16,29,7
3844086,0,943,0,40,2,5,2,1,38,46,7
3804580,0,943,0,40,2,7,2,1,35,54,7
3859907,0,943,0,40,2,3,2,1,21,45,7
3809782,0,943,0,40,2,15,2,1,90,50,7
3824032,0,943,0,40,2,10,2,1,53,13,7
3846993,0,943,0,40,3,4,2,1,35,58,7
3809610,0,943,0,40,2,13,2,1,90,37,7
3860868,0,943,0,40,3,2,2,1,25,49,7
3864085,1,943,926,27.0477,3,2,2,1,20,71,7
3831209,0,943,0,40,2,8,2,1,52,54,7
3863663,0,943,0,40,2,2,2,1,22,31,7
3824397,0,943,0,40,3,8,2,1,55,62,7
3852113,0,943,0,40,2,4,2,1,34,28,7
3830623,1,943,914,40,2,8,2,1,53,79,7
3866317,0,943,0,40,2,1,2,1,14,31,7
3868394,0,943,0,40,3,1,2,1,14,45,7
3856051,0,943,0,40,3,3,2,1,25,80,7
3855991,0,943,0,40,3,2,2,1,31,46,7
3818058,0,943,0,40,3,10,2,1,70,72,7
3863931,0,943,0,40,3,2,2,1,19,37,7
3814005,1,943,886,40,3,13,2,1,79,92,7
3842944,1,943,905,40,2,7,2,1,42,45,7
3845598,0,943,0,40,3,4,2,1,27,22,7
3862533,0,943,0,40,2,2,2,1,16,14,7
3835008,0,943,0,40,3,7,2,1,42,51,7
3864095,0,943,0,40,3,2,2,1,16,48,7
3830297,0,943,0,40,2,8,2,1,57,74,7
3868511,0,943,0,40,2,2,2,1,13,55,7
3869349,0,943,0,40,2,1,2,1,12,79,7
3870014,0,943,0,40,2,1,2,1,12,38,7
3839388,0,943,0,40,3,5,2,1,47,70,7
3864511,0,943,0,40,2,2,2,1,17,51,7
3855067,0,943,0,40,3,4,2,1,27,69,7
3856201,0,943,0,40,3,3,2,1,30,17,7
3868749,0,943,0,40,2,1,2,1,11,21,7
3870716,0,943,0,40,3,1,2,1,11,33,7
3812741,0,943,0,40,2,13,2,1,75,35,7
3865230,0,943,0,40,3,2,2,1,15,28,7
3844931,0,943,0,40,3,5,2,1,44,19,7
3798087,0,943,0,40,2,11,2,1,66,16,7
3846933,0,943,0,40,3,5,2,1,35,18,7
3836366,0,943,0,40,3,8,2,1,49,31,7
3864550,0,943,0,40,3,3,2,1,15,53,7
3868309,0,943,0,40,2,2,2,1,12,59,7
3868058,0,943,0,40,3,2,2,1,12,72,7
3857493,0,943,0,40,3,5,2,1,26,25,7
3860886,0,943,0,40,2,4,2,1,17,68,7
3870113,0,943,0,40,2,1,2,1,10,52,7
3870609,0,943,0,40,2,1,2,1,10,24,7
3870833,0,943,0,40,3,1,2,1,10,41,7
3871060,0,943,0,40,3,1,2,1,10,31,7
3851674,0,943,0,40,2,5,2,1,24,29,7
3811398,0,943,0,40,2,16,2,1,77,59,7
3866327,0,943,0,40,3,2,2,1,12,55,7
3807499,0,943,0,40,2,7,2,1,74,19,7
3834466,0,943,0,40,2,10,2,1,45,27,7
3817268,0,943,0,40,3,9,2,1,81,23,7
3867085,0,943,0,40,2,2,2,1,12,16,7
3814954,0,943,0,40,3,13,2,1,81,58,7
3865710,0,943,0,40,3,2,2,1,15,51,7
3852409,0,943,0,40,2,7,2,1,21,53,7
3871903,0,943,0,40,2,1,2,1,9,44,7
3841724,1,943,887,40,2,5,2,1,30,19,7
3831076,0,943,0,40,2,8,2,1,46,44,7
3865329,0,943,0,40,3,2,2,1,11,6,7
3848381,0,943,0,40,2,6,2,1,30,39,7
3830358,0,943,0,40,2,8,2,1,46,27,7
3853492,1,943,904,32.5305,3,5,2,1,20,22,7
3855249,0,943,0,40,3,5,2,1,17,28,7
3863492,0,943,0,40,2,2,2,1,16,48,7
3862007,0,943,0,40,2,2,2,1,22,72,7
3865873,0,943,0,40,2,2,2,1,16,53,7
3863265,0,943,0,40,2,3,2,1,17,60,7
3854408,0,943,0,40,3,5,2,1,18,62,7
3868170,0,943,0,40,2,2,2,1,11,23,7
3855987,0,943,0,40,2,3,2,1,29,38,7
3859696,0,943,0,40,2,3,2,1,24,49,7
3863772,0,943,0,40,2,2,2,1,15,50,7
3809758,0,943,0,40,2,18,2,1,84,74,7
3864348,0,943,0,40,2,2,2,1,20,41,7
3828462,1,943,859,40,2,11,2,1,49,29,7
3862130,0,943,0,40,2,3,2,1,12,14,7
3838402,0,943,0,40,3,7,2,1,31,32,7
3822222,0,943,0,40,3,11,2,1,54,57,7
3863326,0,943,0,40,3,3,2,1,16,45,7
3863103,0,943,0,40,2,3,2,1,14,39,7
3868890,0,943,0,40,2,2,2,1,8,51,7
3849005,0,943,0,40,3,5,2,1,29,18,7
3861996,0,943,0,40,2,4,2,1,15,48,7
3837735,1,943,941,22.889,3,7,2,1,34,18,7
3868630,0,943,0,40,2,2,2,1,10,23,7
3851756,0,943,0,40,2,6,2,1,23,71,7
3861778,0,943,0,40,3,3,2,1,15,41,7
3859965,0,943,0,40,2,3,2,1,21,53,7
3821442,0,943,0,40,2,10,2,1,65,77,7
3854473,0,943,0,40,3,6,2,1,24,56,7
3862479,0,943,0,40,2,4,2,1,13,53,7
3869132,0,943,0,40,3,2,2,1,13,74,7
3842215,0,943,0,40,3,7,2,1,35,67,7
3871576,0,943,0,40,3,1,2,1,7,30,7
3841154,0,943,0,40,2,4,2,1,26,58,7
3824413,0,943,0,40,3,7,2,1,64,27,7
3838022,1,943,929,40,2,4,2,1,48,21,7
3806500,0,943,0,40,2,10,2,1,62,19,7
3847067,1,943,924,38.8393,2,6,2,1,28,60,7
3854701,0,943,0,40,3,5,2,1,19,67,7
3831405,0,943,0,40,3,8,2,1,40,29,7
3811910,0,943,0,40,3,12,2,1,81,21,7
3864972,0,943,0,40,3,2,2,1,15,61,7
3857678,0,943,0,40,2,3,2,1,20,27,7
3839709,0,943,0,40,2,8,2,1,36,27,7
3827470,0,943,0,40,2,9,2,1,48,40,7
3837444,0,943,0,40,2,7,2,1,41,67,7
3836003,0,943,0,40,2,6,2,1,45,19,7
3865054,0,943,0,40,3,3,2,1,14,113,7
3831669,0,943,0,40,2,10,2,1,43,32,7
3863377,0,943,0,40,2,2,2,1,17,29,7
3864413,0,943,0,40,2,3,2,1,13,89,7
3807247,0,943,0,40,3,13,2,1,68,24,7
3848855,0,943,0,40,3,5,2,1,23,34,7
3847248,0,943,0,40,3,7,2,1,28,38,7
3852662,0,943,0,40,2,6,2,1,25,33,7
3868545,0,943,0,40,2,2,2,1,12,50,7
3868760,0,943,0,40,2,2,2,1,11,48,7
3845029,0,943,0,40,2,5,2,1,17,33,7
3869924,0,943,0,40,3,2,2,1,9,57,7
3826233,0,943,0,40,2,10,2,1,61,73,7
3805322,0,943,0,40,3,12,2,1,74,44,7
3851210,0,943,0,40,3,6,2,1,28,35,7
3868398,0,943,0,40,2,2,2,1,13,12,7
3847598,0,943,0,40,3,6,2,1,28,27,7
3871668,0,943,0,40,2,1,2,1,6,40,7
3872173,0,943,0,40,3,1,2,1,6,47,7
3872357,0,943,0,40,3,1,2,1,6,26,7
3873066,0,943,0,40,2,1,2,1,6,28,7
3873244,0,943,0,40,2,1,2,1,6,46,7
3873434,0,943,0,40,3,1,2,1,6,26,7
3873614,0,943,0,40,2,1,2,1,6,16,7
3810162,0,943,0,40,3,10,2,1,91,50,7
3859590,0,943,0,40,2,4,2,1,17,39,7
3807694,0,943,0,40,2,10,2,1,114,65,7
3867682,0,943,0,40,3,2,2,1,8,34,7
3832646,0,943,0,40,2,6,2,1,55,37,7
3866626,0,943,0,40,3,2,2,1,11,50,7
3837252,0,943,0,40,3,9,2,1,36,36,7
3839416,0,943,0,40,2,6,2,1,39,32,7
3847568,1,943,905,28.1303,3,6,2,1,30,39,7
3869404,0,943,0,40,2,2,2,1,7,34,7
3853183,0,943,0,40,2,6,2,1,13,45,7
3849611,0,943,0,40,3,6,2,1,30,36,7
3793526,0,943,0,40,3,17,2,1,101,26,7
3867768,0,943,0,40,2,2,2,1,11,20,7
3867935,0,943,0,40,3,2,2,1,10,32,7
3869948,0,943,0,40,2,2,2,1,7,58,7
3843561,0,943,0,40,3,6,2,1,31,60,7
3833151,1,943,934,13.7301,3,8,2,1,51,34,7
3867048,0,943,0,40,2,2,2,1,13,23,7
3859805,0,943,0,40,2,4,2,1,11,36,7
3839983,0,943,0,40,2,6,2,1,33,29,7
3828615,0,943,0,40,3,6,2,1,66,35,7
3842591,0,943,0,40,2,6,2,1,46,19,7
3823258,0,943,0,40,3,10,2,1,58,30,7
3864470,0,943,0,40,2,3,2,1,12,40,7
3854578,0,943,0,40,3,4,2,1,25,48,7
3858839,0,943,0,40,2,5,2,1,17,32,7
3819784,0,943,0,40,2,11,2,1,68,27,7
3870313,0,943,0,40,3,2,2,1,9,45,7
3857096,0,943,0,40,2,5,2,1,23,60,7
3848720,0,943,0,40,3,6,2,1,32,77,7
3873498,0,943,0,40,2,2,2,1,6,54,7
3872796,0,943,0,40,3,1,2,1,5,59,7
3873163,0,943,0,40,2,1,2,1,5,98,7
3873419,0,943,0,40,2,1,2,1,5,37,7
3873579,0,943,0,40,3,1,2,1,5,68,7
3854969,0,943,0,40,2,3,2,1,22,51,7
3856971,0,943,0,40,2,3,2,1,19,57,7
3853951,0,943,0,40,3,4,2,1,26,29,7
3866191,0,943,0,40,2,2,2,1,11,50,7
3850917,0,943,0,40,3,6,2,1,17,29,7
3852074,0,943,0,40,3,3,2,1,27,48,7
3843242,0,943,0,40,2,6,2,1,29,45,7
3852505,0,943,0,40,3,6,2,1,18,16,7
3862071,0,943,0,40,2,3,2,1,15,70,7
3861230,0,943,0,40,3,2,2,1,21,16,7
3861282,0,943,0,40,3,4,2,1,16,33,7
3828595,0,943,0,40,3,11,2,1,52,26,7
3866989,0,943,0,40,2,2,2,1,8,34,7
3865486,0,943,0,40,2,3,2,1,8,85,7
3859055,0,943,0,40,3,3,2,1,15,67,7
3866440,0,943,0,40,2,3,2,1,12,52,7
3870872,0,943,0,40,2,2,2,1,6,73,7
3870956,0,943,0,40,2,2,2,1,5,35,7
3839670,0,943,0,40,2,6,2,1,41,47,7
3859936,0,943,0,40,3,3,2,1,22,52,7
3855121,0,943,0,40,2,6,2,1,17,39,7
3849710,0,943,0,40,3,5,2,1,31,33,7
3850308,0,943,0,40,2,6,2,1,20,71,7
3846888,0,943,0,40,2,5,2,1,19,44,7
3818223,0,943,0,40,3,12,2,1,56,31,7
3870769,0,943,0,40,2,2,2,1,7,47,7
3828587,0,943,0,40,2,6,2,1,61,54,7
3866244,0,943,0,40,2,3,2,1,11,65,7
3815401,0,943,0,40,3,11,2,1,85,68,7
3817607,0,943,0,40,2,13,2,1,68,43,7
3863533,0,943,0,40,2,3,2,1,19,30,7
3860691,0,943,0,40,3,4,2,1,15,25,7
3856796,0,943,0,40,2,4,2,1,21,96,7
3868713,0,943,0,40,3,2,2,1,12,22,7
3870647,0,943,0,40,3,1,2,1,4,56,7
3872888,0,943,0,40,3,1,2,1,4,28,7
3873621,0,943,0,40,3,1,2,1,4,33,7
3874047,0,943,0,40,3,1,2,1,4,47,7
3874095,0,943,0,40,3,1,2,1,4,15,7
3874195,0,943,0,40,2,1,2,1,4,93,7
3874280,0,943,0,40,3,1,2,1,4,36,7
3874590,0,943,0,40,3,1,2,1,4,49,7
3874760,0,943,0,40,2,1,2,1,4,62,7
3820573,0,943,0,40,3,10,2,1,62,38,7
3804735,0,943,0,40,3,11,2,1,86,40,7
3858950,1,943,913,30.8597,3,4,2,1,17,16,7
3767703,0,943,0,40,3,21,2,1,103,48,7
3852688,0,943,0,40,3,4,2,1,29,40,7
3845852,0,943,0,40,3,7,2,1,23,70,7
3838582,0,943,0,40,2,8,2,1,35,31,7
3819271,0,943,0,40,3,9,2,1,73,47,7
3834568,0,943,0,40,3,9,2,1,37,23,7
3861674,0,943,0,40,3,4,2,1,18,75,7
3856012,0,943,0,40,2,4,2,1,22,28,7
3867603,0,943,0,40,3,2,2,1,10,46,7
3868807,0,943,0,40,3,2,2,1,8,42,7
3852955,0,943,0,40,3,4,2,1,29,23,7
3845550,0,943,0,40,2,8,2,1,25,61,7
3825460,0,943,0,40,2,10,2,1,54,25,7
3844082,1,943,941,29.7834,2,5,2,1,37,56,7
3815825,0,943,0,40,3,14,2,1,64,37,7
3833058,0,943,0,40,3,6,2,1,46,63,7
3861150,0,943,0,40,3,3,2,1,19,47,7
3829755,0,943,0,40,3,6,2,1,56,24,7
3804459,0,943,0,40,2,11,2,1,61,57,7
3826458,0,943,0,40,2,12,2,1,53,91,7
3870780,0,943,0,40,2,2,2,1,7,45,7
3864637,0,943,0,40,3,4,2,1,13,30,7
3814793,0,943,0,40,2,13,2,1,61,32,7
3863122,0,943,0,40,2,3,2,1,14,68,7
3843975,0,943,0,40,3,7,2,1,24,33,7
3857724,1,943,936,40,2,4,2,1,15,87,7
3862885,0,943,0,40,2,2,2,1,19,55,7
3840381,0,943,0,40,2,7,2,1,39,15,7
3827146,0,943,0,40,3,8,2,1,59,39,7
3871367,0,943,0,40,3,2,2,1,6,37,7
3864440,0,943,0,40,3,4,2,1,13,27,7
3830788,0,943,0,40,3,11,2,1,53,54,7
3804747,0,943,0,40,3,11,2,1,55,68,7
3849528,0,943,0,40,3,7,2,1,23,93,7
3857538,0,943,0,40,3,5,2,1,21,49,7
3862494,0,943,0,40,2,3,2,1,20,44,7
3836447,0,943,0,40,3,8,2,1,35,23,7
3863833,0,943,0,40,2,5,2,1,13,42,7
3869149,0,943,0,40,2,2,2,1,10,11,7
3831309,0,943,0,40,3,8,2,1,65,59,7
3863937,0,943,0,40,2,4,2,1,16,23,7
3872441,0,943,0,40,2,1,2,1,3,52,7
3873553,0,943,0,40,2,1,2,1,3,24,7
3873789,0,943,0,40,3,1,2,1,3,41,7
3874443,0,943,0,40,3,1,2,1,3,27,7
3874587,0,943,0,40,2,1,2,1,3,27,7
3874723,0,943,0,40,3,1,2,1,3,16,7
3875188,0,943,0,40,2,1,2,1,3,33,7
3839764,0,943,0,40,2,5,2,1,57,28,7
3838410,0,943,0,40,3,5,2,1,57,14,7
3797224,0,943,0,40,3,14,2,1,108,53,7
3796798,1,943,896,34.226,3,9,2,1,90,39,7
3860226,0,943,0,40,3,2,2,1,21,29,7
3846420,0,943,0,40,2,6,2,1,31,41,7
3824911,0,943,0,40,2,9,2,1,65,35,7
3845426,0,943,0,40,3,4,2,1,36,24,7
3860065,0,943,0,40,3,3,2,1,26,13,7
3858583,0,943,0,40,3,2,2,1,23,55,7
3854547,0,943,0,40,3,4,2,1,25,54,7
3848899,0,943,0,40,2,4,2,1,27,12,7
3857296,0,943,0,40,3,3,2,1,23,19,7
3860607,0,943,0,40,2,2,2,1,24,55,7
3826946,0,943,0,40,2,9,2,1,64,39,7
3826395,0,943,0,40,3,6,2,1,66,59,7
3832869,0,943,0,40,3,5,2,1,58,27,7
3840760,0,943,0,40,3,6,2,1,39,52,7
3868947,0,943,0,40,3,1,2,1,14,31,7
3859741,0,943,0,40,3,2,2,1,20,26,7
3833211,0,943,0,40,3,5,2,1,63,61,7
3830203,0,943,0,40,3,7,2,1,60,42,7
3852063,0,943,0,40,2,3,2,1,33,38,7
3822306,0,943,0,40,2,8,2,1,61,78,7
3859406,0,943,0,40,2,3,2,1,25,62,7
3862902,0,943,0,40,2,3,2,1,16,24,7
3830811,0,943,0,40,3,8,2,1,49,65,7
3868355,0,943,0,40,3,2,2,1,13,74,7
3807547,0,943,0,40,2,16,2,1,93,39,7
3866885,0,943,0,40,2,1,2,1,12,34,7
3846675,0,943,0,40,3,4,2,1,37,45,7
3841186,0,943,0,40,3,5,2,1,46,41,7
3835055,0,943,0,40,2,5,2,1,57,65,7
3863020,0,943,0,40,2,2,2,1,20,26,7
3867438,0,943,0,40,3,2,2,1,14,42,7
3837669,0,943,0,40,2,7,2,1,39,43,7
3851901,0,943,0,40,3,4,2,1,35,60,7
3854050,0,943,0,40,3,4,2,1,25,26,7
3870297,0,943,0,40,2,1,2,1,11,27,7
3855839,0,943,0,40,3,2,2,1,30,54,7
3859834,0,943,0,40,3,3,2,1,21,50,7
3838562,0,943,0,40,3,7,2,1,48,67,7
3841329,0,943,0,40,2,5,2,1,41,27,7
3858255,0,943,0,40,3,5,2,1,16,46,7
3871355,0,943,0,40,2,1,2,1,10,74,7
3871555,0,943,0,40,2,1,2,1,10,106,7
3871789,0,943,0,40,2,1,2,1,10,57,7
3847461,0,943,0,40,2,5,2,1,38,47,7
3811151,0,943,0,40,2,15,2,1,79,56,7
3846415,1,943,931,40,2,5,2,1,40,13,7
3866293,0,943,0,40,2,2,2,1,13,62,7
3836209,0,943,0,40,3,10,2,1,42,64,7
3827260,0,943,0,40,2,10,2,1,54,40,7
3871526,0,943,0,40,3,1,2,1,9,58,7
3872504,0,943,0,40,2,1,2,1,9,34,7
3848964,0,943,0,40,3,5,2,1,29,34,7
3863688,0,943,0,40,2,2,2,1,11,73,7
3846536,0,943,0,40,3,5,2,1,34,32,7
3847781,0,943,0,40,2,5,2,1,33,52,7
3859868,1,943,915,40,2,4,2,1,19,66,7
3837077,0,943,0,40,2,6,2,1,45,34,7
3838972,0,943,0,40,3,7,2,1,46,63,7
3855980,0,943,0,40,3,5,2,1,15,49,7
3859399,0,943,0,40,3,3,2,1,18,56,7
3855949,0,943,0,40,2,4,2,1,21,22,7
3840968,0,943,0,40,3,7,2,1,42,28,7
3865093,0,943,0,40,2,3,2,1,16,87,7
3839350,0,943,0,40,3,5,2,1,41,45,7
3843647,0,943,0,40,3,6,2,1,35,56,7
3858851,0,943,0,40,3,3,2,1,21,102,7
3852236,0,943,0,40,2,6,2,1,22,43,7
3872823,0,943,0,40,3,1,2,1,8,38,7
3848302,0,943,0,40,2,5,2,1,26,42,7
3846150,0,943,0,40,2,6,2,1,34,91,7
3842027,0,943,0,40,2,6,2,1,43,23,7
3826945,0,943,0,40,3,9,2,1,48,38,7
3850859,0,943,0,40,3,5,2,1,24,85,7
3869474,0,943,0,40,3,2,2,1,8,18,7
3848653,0,943,0,40,2,3,2,1,35,49,7
3866879,0,943,0,40,2,2,2,1,12,36,7
3869078,0,943,0,40,2,2,2,1,11,43,7
3864076,0,943,0,40,3,3,2,1,14,34,7
3838266,0,943,0,40,3,7,2,1,45,48,7
3870220,0,943,0,40,2,2,2,1,10,8,7
3851821,0,943,0,40,3,6,2,1,24,68,7
3868274,0,943,0,40,3,2,2,1,13,50,7
3844744,0,943,0,40,3,7,2,1,39,45,7
3841316,0,943,0,40,3,5,2,1,42,36,7
3805235,0,943,0,40,3,8,2,1,58,53,7
3852677,0,943,0,40,3,4,2,1,33,34,7
3812629,0,943,0,40,2,15,2,1,79,64,7
3872922,0,943,0,40,2,1,2,1,7,65,7
3873324,0,943,0,40,2,1,2,1,7,56,7
3873364,0,943,0,40,2,1,2,1,7,24,7
3859022,0,943,0,40,2,4,2,1,15,52,7
3850634,0,943,0,40,2,4,2,1,26,47,7
3844036,0,943,0,40,2,5,2,1,33,31,7
3858453,0,943,0,40,2,4,2,1,20,52,7
3863015,0,943,0,40,3,3,2,1,14,49,7
3841883,0,943,0,40,2,6,2,1,39,78,7
3853590,0,943,0,40,2,4,2,1,25,34,7
3861928,0,943,0,40,3,4,2,1,15,43,7
3870873,0,943,0,40,3,2,2,1,7,57,7
3862097,0,943,0,40,3,3,2,1,14,42,7
3850027,0,943,0,40,2,6,2,1,32,52,7
3866279,0,943,0,40,2,3,2,1,10,25,7
3860927,0,943,0,40,3,4,2,1,22,119,7
3874132,0,943,0,40,3,1,2,1,6,72,7
3874180,0,943,0,40,2,1,2,1,6,34,7
3874220,0,943,0,40,2,1,2,1,6,60,7
3832661,0,943,0,40,2,7,2,1,34,58,7
3855546,0,943,0,40,2,5,2,1,15,24,7
3851998,0,943,0,40,2,3,2,1,27,59,7
3846827,0,943,0,40,2,7,2,1,30,59,7
3868402,0,943,0,40,3,2,2,1,8,38,7
3832569,0,943,0,40,3,9,2,1,43,19,7
3853010,0,943,0,40,3,4,2,1,26,88,7
3823842,0,943,0,40,2,10,2,1,67,64,7
3839881,0,943,0,40,2,7,2,1,40,43,7
3863332,0,943,0,40,3,3,2,1,15,24,7
3793326,0,943,0,40,2,11,2,1,98,23,7
3851406,1,943,914,24.3841,3,6,2,1,24,31,7
3855123,0,943,0,40,2,5,2,1,20,29,7
3871068,0,943,0,40,2,2,2,1,6,26,7
3827355,1,943,887,40,2,10,2,1,61,25,7
3863444,0,943,0,40,3,3,2,1,13,79,7
3868515,0,943,0,40,2,2,2,1,12,29,7
3842931,0,943,0,40,2,6,2,1,33,36,7
3851544,0,943,0,40,3,4,2,1,30,70,7
3870883,0,943,0,40,2,2,2,1,6,68,7
3835095,0,943,0,40,3,6,2,1,46,58,7
3859378,0,943,0,40,2,3,2,1,18,27,7
3851338,1,943,913,29.8393,3,5,2,1,28,61,7
3843945,0,943,0,40,3,7,2,1,29,32,7
3858333,0,943,0,40,3,4,2,1,15,98,7
3816061,0,943,0,40,3,11,2,1,76,33,7
3870895,0,943,0,40,2,2,2,1,8,107,7
3873871,0,943,0,40,3,1,2,1,5,52,7
3874680,0,943,0,40,2,1,2,1,5,19,7
3810176,0,943,0,40,3,16,2,1,79,33,7
3867989,0,943,0,40,2,2,2,1,6,91,7
3826065,0,943,0,40,2,8,2,1,48,37,7
3805369,0,943,0,40,2,14,2,1,82,49,7
3848368,0,943,0,40,3,5,2,1,33,38,7
3821398,0,943,0,40,3,12,2,1,55,29,7
3869205,0,943,0,40,3,2,2,1,7,44,7
3863355,0,943,0,40,3,3,2,1,11,27,7
3812126,0,943,0,40,2,12,2,1,83,54,7
3855484,0,943,0,40,2,4,2,1,25,45,7
3870133,0,943,0,40,3,2,2,1,5,16,7
3840542,1,943,913,40,2,6,2,1,44,44,7
3838712,0,943,0,40,3,10,2,1,35,30,7
3849010,0,943,0,40,3,4,2,1,38,81,7
3843415,0,943,0,40,3,6,2,1,37,31,7
3858532,0,943,0,40,3,4,2,1,23,15,7
3868556,0,943,0,40,2,3,2,1,10,81,7
3801398,0,943,0,40,3,11,2,1,74,44,7
3871245,0,943,0,40,3,2,2,1,6,99,7
3823946,0,943,0,40,3,9,2,1,69,32,7
3873523,0,943,0,40,2,2,2,1,5,41,7
3865722,0,943,0,40,3,3,2,1,13,42,7
3857951,0,943,0,40,3,4,2,1,19,50,7
3874275,0,943,0,40,2,1,2,1,4,51,7
3874571,0,943,0,40,3,1,2,1,4,116,7
3874808,0,943,0,40,2,1,2,1,4,41,7
3874850,0,943,0,40,2,1,2,1,4,42,7
3874946,0,943,0,40,3,1,2,1,4,62,7
3875064,0,943,0,40,3,1,2,1,4,29,7
3838525,0,943,0,40,3,7,2,1,38,28,7
3863402,0,943,0,40,3,3,2,1,10,86,7
3839449,0,943,0,40,3,8,2,1,34,89,7
3857128,0,943,0,40,2,3,2,1,23,51,7
3867587,0,943,0,40,2,2,2,1,10,38,7
3844456,0,943,0,40,2,7,2,1,29,41,7
3856094,0,943,0,40,2,5,2,1,24,45,7
3845504,0,943,0,40,2,5,2,1,24,38,7
3868277,0,943,0,40,2,3,2,1,10,41,7
3840214,0,943,0,40,2,9,2,1,34,59,7
3839759,0,943,0,40,2,7,2,1,33,34,7
3867367,0,943,0,40,3,3,2,1,9,44,7
3839100,0,943,0,40,2,6,2,1,46,40,7
3867892,0,943,0,40,3,2,2,1,13,50,7
3827106,0,943,0,40,3,10,2,1,46,47,7
3861023,0,943,0,40,2,3,2,1,21,43,7
3845788,0,943,0,40,2,5,2,1,33,66,7
3848425,0,943,0,40,3,7,2,1,31,60,7
3806374,0,943,0,40,2,11,2,1,65,39,7
3847819,0,943,0,40,3,5,2,1,30,70,7
3821884,0,943,0,40,3,11,2,1,65,65,7
3855652,0,943,0,40,2,5,2,1,18,55,7
3826067,1,943,927,24.5769,3,10,2,1,58,41,7
3845851,0,943,0,40,3,6,2,1,31,41,7
3805339,0,943,0,40,2,9,2,1,55,56,7
3856138,0,943,0,40,3,5,2,1,17,33,7
3872969,0,943,0,40,3,2,2,1,6,17,7
3847408,0,943,0,40,2,8,2,1,28,31,7
3863300,0,943,0,40,3,3,2,1,21,59,7
3835191,0,943,0,40,3,7,2,1,49,39,7
3856511,0,943,0,40,2,5,2,1,16,70,7
3844121,0,943,0,40,3,7,2,1,22,30,7
3872749,0,943,0,40,2,3,2,1,6,37,7
3875792,0,943,0,40,2,1,2,1,3,26,7
3806506,0,943,0,40,2,7,2,1,62,67,7
3843903,0,943,0,40,3,4,2,1,44,15,7
3861402,0,943,0,40,3,2,2,1,25,38,7
3850542,1,943,909,40,2,4,2,1,36,48,7
3858589,0,943,0,40,3,2,2,1,31,14,7
3866050,0,943,0,40,2,1,2,1,18,61,7
3862899,0,943,0,40,3,2,2,1,19,14,7
3857737,0,943,0,40,3,3,2,1,29,37,7
3834183,0,943,0,40,2,6,2,1,53,33,7
3829638,0,943,0,40,2,7,2,1,60,28,7
3841948,0,943,0,40,2,4,2,1,48,39,7
3855565,0,943,0,40,3,3,2,1,32,52,7
3867278,0,943,0,40,3,2,2,1,16,42,7
3853239,0,943,0,40,3,5,2,1,20,50,7
3851011,1,943,930,40,2,5,2,1,21,41,7
3872078,0,943,0,40,2,1,2,1,10,65,7
3814653,0,943,0,40,2,12,2,1,75,55,7
3844656,0,943,0,40,3,7,2,1,40,33,7
3836817,0,943,0,40,2,6,2,1,61,34,7
3870173,0,943,0,40,3,1,2,1,9,38,7
3837800,0,943,0,40,3,7,2,1,44,55,7
3867856,0,943,0,40,3,3,2,1,14,53,7
3857460,0,943,0,40,2,4,2,1,25,33,7
3872926,0,943,0,40,3,1,2,1,8,32,7
3846158,0,943,0,40,2,7,2,1,39,56,7
3873910,0,943,0,40,3,1,2,1,7,35,7
3874104,0,943,0,40,2,1,2,1,7,26,7
3874228,0,943,0,40,2,1,2,1,7,20,7
3862409,1,943,920,40,2,3,2,1,11,69,7
3867045,0,943,0,40,3,2,2,1,10,49,7
3869046,0,943,0,40,3,3,2,1,10,43,7
3788398,0,943,0,40,2,16,2,1,118,57,7
3873341,0,943,0,40,2,1,2,1,6,53,7
3874398,0,943,0,40,2,1,2,1,6,8,7
3869815,0,943,0,40,2,2,2,1,6,54,7
3855478,0,943,0,40,2,4,2,1,27,57,7
3869375,0,943,0,40,3,2,2,1,11,83,7
3853240,0,943,0,40,2,3,2,1,30,17,7
3839042,0,943,0,40,2,5,2,1,52,62,7
3872752,0,943,0,40,3,1,2,1,5,45,7
3826575,0,943,0,40,2,7,2,1,69,82,7
3832546,0,943,0,40,3,9,2,1,51,75,7
3819858,0,943,0,40,2,7,2,1,72,40,7
3868264,0,943,0,40,3,2,2,1,11,42,7
3843893,0,943,0,40,3,8,2,1,35,31,7
3804471,0,943,0,40,2,9,2,1,80,34,7
3854292,0,943,0,40,3,4,2,1,16,33,7
3844783,0,943,0,40,2,7,2,1,28,44,7
3859504,0,943,0,40,2,3,2,1,23,53,7
3873214,0,943,0,40,2,2,2,1,4,31,7
3837170,0,943,0,40,3,9,2,1,29,49,7
3872409,0,943,0,40,2,0,2,1,2,38,7
3872768,0,943,0,40,3,0,2,1,2,23,7
3873088,0,943,0,40,3,0,2,1,2,36,7
3873249,0,943,0,40,3,0,2,1,2,82,7
3873377,0,943,0,40,3,0,2,1,2,25,7
3873561,0,943,0,40,3,0,2,1,2,51,7
3873665,0,943,0,40,2,0,2,1,2,35,7
3873761,0,943,0,40,2,0,2,1,2,97,7
3873825,0,943,0,40,3,0,2,1,2,23,7
3873889,0,943,0,40,3,0,2,1,2,20,7
3873953,0,943,0,40,3,0,2,1,2,35,7
3874033,0,943,0,40,2,0,2,1,2,42,7
3874097,0,943,0,40,2,0,2,1,2,83,7
3874161,0,943,0,40,3,0,2,1,2,65,7
3874225,0,943,0,40,3,0,2,1,2,21,7
3874269,0,943,0,40,3,0,2,1,2,71,7
3874301,0,943,0,40,3,0,2,1,2,47,7
3874333,0,943,0,40,3,0,2,1,2,15,7
3874365,0,943,0,40,3,0,2,1,2,58,7
3874397,0,943,0,40,2,0,2,1,2,40,7
3874429,0,943,0,40,3,0,2,1,2,24,7
3874461,0,943,0,40,2,0,2,1,2,68,7
3874485,0,943,0,40,3,0,2,1,2,30,7
3874517,0,943,0,40,2,0,2,1,2,45,7
3874549,0,943,0,40,2,0,2,1,2,84,7
3874581,0,943,0,40,3,0,2,1,2,21,7
3874613,0,943,0,40,3,0,2,1,2,41,7
3874645,0,943,0,40,2,0,2,1,2,66,7
3874677,0,943,0,40,3,0,2,1,2,22,7
3874709,0,943,0,40,2,0,2,1,2,55,7
3874741,0,943,0,40,2,0,2,1,2,23,7
3874773,0,943,0,40,2,0,2,1,2,33,7
3874795,0,943,0,40,2,0,2,1,2,64,7
3874811,0,943,0,40,3,0,2,1,2,42,7
3874827,0,943,0,40,2,0,2,1,2,42,7
3874851,0,943,0,40,3,0,2,1,2,23,7
3874861,0,943,0,40,3,0,2,1,2,37,7
3874877,0,943,0,40,2,0,2,1,2,47,7
3874893,0,943,0,40,3,0,2,1,2,42,7
3874909,0,943,0,40,2,0,2,1,2,62,7
3874925,0,943,0,40,2,0,2,1,2,40,7
3874941,0,943,0,40,3,0,2,1,2,67,7
3874957,0,943,0,40,3,0,2,1,2,29,7
3874973,0,943,0,40,2,0,2,1,2,30,7
3874989,0,943,0,40,3,0,2,1,2,26,7
3875005,0,943,0,40,2,0,2,1,2,47,7
3875021,0,943,0,40,3,0,2,1,2,41,7
3875037,0,943,0,40,3,0,2,1,2,56,7
3875053,0,943,0,40,3,0,2,1,2,50,7
3875069,0,943,0,40,2,0,2,1,2,33,7
3875085,0,943,0,40,3,0,2,1,2,16,7
3875101,0,943,0,40,3,0,2,1,2,121,7
3875117,0,943,0,40,3,0,2,1,2,89,7
3875133,0,943,0,40,2,0,2,1,2,36,7
3875149,0,943,0,40,2,0,2,1,2,25,7
3875165,0,943,0,40,2,0,2,1,2,66,7
3875181,0,943,0,40,2,0,2,1,2,35,7
3875197,0,943,0,40,3,0,2,1,2,40,7
3875213,0,943,0,40,2,0,2,1,2,27,7
3875229,0,943,0,40,2,0,2,1,2,44,7
3875253,0,943,0,40,3,0,2,1,2,31,7
3875269,0,943,0,40,2,0,2,1,2,35,7
3875285,0,943,0,40,3,0,2,1,2,38,7
3875293,0,943,0,40,3,0,2,1,2,53,7
3875301,0,943,0,40,2,0,2,1,2,33,7
3875309,0,943,0,40,3,0,2,1,2,48,7
3875317,0,943,0,40,2,0,2,1,2,81,7
3875325,0,943,0,40,2,0,2,1,2,66,7
3875333,0,943,0,40,3,0,2,1,2,45,7
3875341,0,943,0,40,2,0,2,1,2,50,7
3875349,0,943,0,40,2,0,2,1,2,33,7
3875357,0,943,0,40,2,0,2,1,2,26,7
3875365,0,943,0,40,2,0,2,1,2,65,7
3875373,0,943,0,40,3,0,2,1,2,67,7
3875381,0,943,0,40,3,0,2,1,2,96,7
3875389,0,943,0,40,2,0,2,1,2,54,7
3875397,0,943,0,40,2,0,2,1,2,30,7
3875405,0,943,0,40,2,0,2,1,2,84,7
3875413,0,943,0,40,3,0,2,1,2,21,7
3875421,0,943,0,40,2,0,2,1,2,64,7
3875429,0,943,0,40,2,0,2,1,2,83,7
3875437,0,943,0,40,3,0,2,1,2,34,7
3875445,0,943,0,40,2,0,2,1,2,84,7
3875453,0,943,0,40,2,0,2,1,2,21,7
3875461,0,943,0,40,2,0,2,1,2,24,7
3875469,0,943,0,40,2,0,2,1,2,36,7
3875477,0,943,0,40,2,0,2,1,2,28,7
3875485,0,943,0,40,3,0,2,1,2,15,7
3875493,0,943,0,40,2,0,2,1,2,31,7
3875501,0,943,0,40,2,0,2,1,2,26,7
3875509,0,943,0,40,2,0,2,1,2,74,7
3875517,0,943,0,40,3,0,2,1,2,26,7
3875525,0,943,0,40,2,0,2,1,2,40,7
3875533,0,943,0,40,3,0,2,1,2,28,7
3875541,0,943,0,40,3,0,2,1,2,29,7
3875549,0,943,0,40,2,0,2,1,2,51,7
3875557,0,943,0,40,2,0,2,1,2,76,7
3875565,0,943,0,40,3,0,2,1,2,47,7
3875573,0,943,0,40,3,0,2,1,2,31,7
3875581,0,943,0,40,3,0,2,1,2,20,7
3875589,0,943,0,40,3,0,2,1,2,43,7
3875597,0,943,0,40,2,0,2,1,2,36,7
3875605,0,943,0,40,3,0,2,1,2,78,7
3875613,0,943,0,40,2,0,2,1,2,51,7
3875621,0,943,0,40,3,0,2,1,2,44,7
3875629,0,943,0,40,3,0,2,1,2,56,7
3875637,0,943,0,40,2,0,2,1,2,64,7
3875645,0,943,0,40,3,0,2,1,2,79,7
3875653,0,943,0,40,2,0,2,1,2,63,7
3875661,0,943,0,40,3,0,2,1,2,39,7
3875669,0,943,0,40,3,0,2,1,2,45,7
3875677,0,943,0,40,2,0,2,1,2,36,7
3875685,0,943,0,40,2,0,2,1,2,31,7
3875693,0,943,0,40,2,0,2,1,2,18,7
3875701,0,943,0,40,3,0,2,1,2,50,7
3875709,0,943,0,40,2,0,2,1,2,29,7
3875717,0,943,0,40,2,0,2,1,2,22,7
3875725,0,943,0,40,3,0,2,1,2,20,7
3875733,0,943,0,40,2,0,2,1,2,42,7
3875741,0,943,0,40,3,0,2,1,2,23,7
3875749,0,943,0,40,3,0,2,1,2,53,7
3875757,0,943,0,40,2,0,2,1,2,55,7
3875765,0,943,0,40,3,0,2,1,2,30,7
3875773,0,943,0,40,2,0,2,1,2,17,7
3875781,0,943,0,40,3,0,2,1,2,23,7
3875789,0,943,0,40,3,0,2,1,2,18,7
3875797,0,943,0,40,3,0,2,1,2,50,7
3875805,0,943,0,40,2,0,2,1,2,33,7
3875813,0,943,0,40,3,0,2,1,2,50,7
3875821,0,943,0,40,2,0,2,1,2,38,7
3875829,0,943,0,40,2,0,2,1,2,65,7
3875837,0,943,0,40,3,0,2,1,2,15,7
3875845,0,943,0,40,3,0,2,1,2,84,7
3875853,0,943,0,40,2,0,2,1,2,40,7
3875857,0,943,0,40,3,0,2,1,2,13,7
3875861,0,943,0,40,3,0,2,1,2,45,7
3875865,0,943,0,40,3,0,2,1,2,43,7
3875869,0,943,0,40,2,0,2,1,2,25,7
3875873,0,943,0,40,3,0,2,1,2,41,7
3875877,0,943,0,40,3,0,2,1,2,111,7
3875881,0,943,0,40,3,0,2,1,2,104,7
3875885,0,943,0,40,3,0,2,1,2,58,7
3875889,0,943,0,40,2,0,2,1,2,60,7
3875893,0,943,0,40,2,0,2,1,2,43,7
3875897,0,943,0,40,3,0,2,1,2,26,7
3875901,0,943,0,40,3,0,2,1,2,110,7
3875905,0,943,0,40,3,0,2,1,2,37,7
3875909,0,943,0,40,3,0,2,1,2,62,7
3875913,0,943,0,40,2,0,2,1,2,25,7
3875917,0,943,0,40,2,0,2,1,2,39,7
3875921,0,943,0,40,2,0,2,1,2,64,7
3875925,0,943,0,40,2,0,2,1,2,35,7
3875929,0,943,0,40,2,0,2,1,2,39,7
3875933,0,943,0,40,2,0,2,1,2,43,7
3875937,0,943,0,40,3,0,2,1,2,31,7
3875941,0,943,0,40,2,0,2,1,2,40,7
3875945,0,943,0,40,2,0,2,1,2,29,7
3875949,0,943,0,40,3,0,2,1,2,25,7
3875953,0,943,0,40,3,0,2,1,2,59,7
3875957,0,943,0,40,3,0,2,1,2,56,7
3875961,0,943,0,40,3,0,2,1,2,82,7
3875965,0,943,0,40,3,0,2,1,2,110,7
3875969,0,943,0,40,2,0,2,1,2,83,7
3875973,0,943,0,40,3,0,2,1,2,48,7
3875977,0,943,0,40,3,0,2,1,2,46,7
3875981,0,943,0,40,2,0,2,1,2,50,7
3875985,0,943,0,40,2,0,2,1,2,21,7
3875989,0,943,0,40,2,0,2,1,2,56,7
3875993,0,943,0,40,3,0,2,1,2,29,7
3875997,0,943,0,40,3,0,2,1,2,43,7
3876001,0,943,0,40,3,0,2,1,2,35,7
3876005,0,943,0,40,2,0,2,1,2,44,7
3876009,0,943,0,40,3,0,2,1,2,38,7
3876013,0,943,0,40,3,0,2,1,2,33,7
3876017,0,943,0,40,3,0,2,1,2,64,7
3876021,0,943,0,40,3,0,2,1,2,91,7
3876025,0,943,0,40,2,0,2,1,2,60,7
3876029,0,943,0,40,3,0,2,1,2,96,7
3876033,0,943,0,40,3,0,2,1,2,15,7
3876037,0,943,0,40,2,0,2,1,2,12,7
3876041,0,943,0,40,3,0,2,1,2,36,7
3876045,0,943,0,40,2,0,2,1,2,67,7
3876049,0,943,0,40,2,0,2,1,2,21,7
3876053,0,943,0,40,3,0,2,1,2,47,7
3876057,0,943,0,40,2,0,2,1,2,42,7
3876061,0,943,0,40,2,0,2,1,2,41,7
3876065,0,943,0,40,3,0,2,1,2,26,7
3876069,0,943,0,40,2,0,2,1,2,57,7
3876073,0,943,0,40,2,0,2,1,2,43,7
3876077,0,943,0,40,2,0,2,1,2,50,7
3876081,0,943,0,40,3,0,2,1,2,48,7
3876085,0,943,0,40,2,0,2,1,2,42,7
3876089,0,943,0,40,3,0,2,1,2,70,7
3876093,0,943,0,40,3,0,2,1,2,40,7
3876097,0,943,0,40,3,0,2,1,2,48,7
3876101,0,943,0,40,3,0,2,1,2,24,7
3876105,0,943,0,40,3,0,2,1,2,77,7
3876109,0,943,0,40,3,0,2,1,2,49,7
3876113,0,943,0,40,3,0,2,1,2,103,7
3876117,0,943,0,40,2,0,2,1,2,28,7
3876121,0,943,0,40,2,0,2,1,2,28,7
3876125,0,943,0,40,2,0,2,1,2,46,7
3876129,0,943,0,40,2,0,2,1,2,45,7
3876133,0,943,0,40,2,0,2,1,2,46,7
3876137,0,943,0,40,2,0,2,1,2,57,7
3876141,0,943,0,40,3,0,2,1,2,40,7
3876145,0,943,0,40,2,0,2,1,2,52,7
3876149,0,943,0,40,2,0,2,1,2,47,7
3876153,0,943,0,40,3,0,2,1,2,32,7
3876157,0,943,0,40,3,0,2,1,2,67,7
3876161,0,943,0,40,3,0,2,1,2,77,7
3876165,0,943,0,40,3,0,2,1,2,46,7
3876169,0,943,0,40,3,0,2,1,2,66,7
3876173,0,943,0,40,3,0,2,1,2,30,7
3876177,0,943,0,40,2,0,2,1,2,58,7
3876181,0,943,0,40,2,0,2,1,2,41,7
3876185,0,943,0,40,2,0,2,1,2,68,7
3876189,0,943,0,40,3,0,2,1,2,20,7
3876193,0,943,0,40,3,0,2,1,2,59,7
3876197,0,943,0,40,3,0,2,1,2,20,7
3876201,0,943,0,40,2,0,2,1,2,29,7
3876205,0,943,0,40,3,0,2,1,2,78,7
3876209,0,943,0,40,3,0,2,1,2,47,7
3876213,0,943,0,40,3,0,2,1,2,38,7
3876217,0,943,0,40,3,0,2,1,2,50,7
3876221,0,943,0,40,3,0,2,1,2,18,7
3876225,0,943,0,40,3,0,2,1,2,47,7
3876229,0,943,0,40,3,0,2,1,2,31,7
3876233,0,943,0,40,3,0,2,1,2,63,7
3876237,0,943,0,40,3,0,2,1,2,52,7
3876241,0,943,0,40,2,0,2,1,2,29,7
3876245,0,943,0,40,2,0,2,1,2,29,7
3876249,0,943,0,40,2,0,2,1,2,21,7
3876253,0,943,0,40,3,0,2,1,2,27,7
3876257,0,943,0,40,3,0,2,1,2,81,7
3876261,0,943,0,40,2,0,2,1,2,41,7
3876265,0,943,0,40,3,0,2,1,2,34,7
3876269,0,943,0,40,3,0,2,1,2,44,7
3876273,0,943,0,40,3,0,2,1,2,82,7
3876277,0,943,0,40,2,0,2,1,2,48,7
3876281,0,943,0,40,2,0,2,1,2,38,7
3876285,0,943,0,40,2,0,2,1,2,11,7
3876289,0,943,0,40,3,0,2,1,2,49,7
3876293,0,943,0,40,3,0,2,1,2,69,7
3876297,0,943,0,40,2,0,2,1,2,46,7
3876301,0,943,0,40,2,0,2,1,2,27,7
3876305,0,943,0,40,2,0,2,1,2,50,7
3876309,0,943,0,40,3,0,2,1,2,39,7
3876313,0,943,0,40,2,0,2,1,2,46,7
3876317,0,943,0,40,2,0,2,1,2,41,7
3876321,0,943,0,40,2,0,2,1,2,50,7
3876325,0,943,0,40,3,0,2,1,2,91,7
3876329,0,943,0,40,3,0,2,1,2,28,7
3876333,0,943,0,40,3,0,2,1,2,18,7
3876337,0,943,0,40,2,0,2,1,2,110,7
3876341,0,943,0,40,2,0,2,1,2,40,7
3876345,0,943,0,40,3,0,2,1,2,30,7
3876349,0,943,0,40,2,0,2,1,2,44,7
3876353,0,943,0,40,3,0,2,1,2,30,7
3876357,0,943,0,40,2,0,2,1,2,41,7
3876361,0,943,0,40,3,0,2,1,2,49,7
3876364,0,943,0,40,2,0,2,1,2,37,7
3876366,0,943,0,40,2,0,2,1,2,78,7
3876368,0,943,0,40,2,0,2,1,2,39,7
3876370,0,943,0,40,2,0,2,1,2,15,7
3876372,0,943,0,40,2,0,2,1,2,83,7
3876374,0,943,0,40,2,0,2,1,2,93,7
3876376,0,943,0,40,3,0,2,1,2,60,7
3876378,0,943,0,40,2,0,2,1,2,103,7
3876380,0,943,0,40,3,0,2,1,2,65,7
3876382,0,943,0,40,2,0,2,1,2,77,7
3876384,0,943,0,40,3,0,2,1,2,78,7
3876386,0,943,0,40,2,0,2,1,2,14,7
3876388,0,943,0,40,3,0,2,1,2,24,7
3876390,0,943,0,40,2,0,2,1,2,69,7
3876392,0,943,0,40,2,0,2,1,2,11,7
3876394,0,943,0,40,3,0,2,1,2,22,7
3876396,0,943,0,40,2,0,2,1,2,38,7
3876398,0,943,0,40,3,0,2,1,2,65,7
3876400,0,943,0,40,3,0,2,1,2,30,7
3876402,0,943,0,40,2,0,2,1,2,32,7
3876404,0,943,0,40,3,0,2,1,2,31,7
3876406,0,943,0,40,2,0,2,1,2,45,7
3876408,0,943,0,40,2,0,2,1,2,25,7
3876410,0,943,0,40,3,0,2,1,2,26,7
3876412,0,943,0,40,2,0,2,1,2,66,7
3876414,0,943,0,40,2,0,2,1,2,21,7
3876416,0,943,0,40,2,0,2,1,2,91,7
3876418,0,943,0,40,2,0,2,1,2,15,7
3876420,0,943,0,40,3,0,2,1,2,52,7
3876422,0,943,0,40,3,0,2,1,2,21,7
3876424,0,943,0,40,2,0,2,1,2,30,7
3876426,0,943,0,40,2,0,2,1,2,45,7
3876428,0,943,0,40,3,0,2,1,2,50,7
3876430,0,943,0,40,3,0,2,1,2,47,7
3876432,0,943,0,40,3,0,2,1,2,56,7
3876434,0,943,0,40,2,0,2,1,2,46,7
3876436,0,943,0,40,2,0,2,1,2,27,7
3876438,0,943,0,40,3,0,2,1,2,34,7
3876440,0,943,0,40,3,0,2,1,2,18,7
3876442,0,943,0,40,3,0,2,1,2,30,7
3876444,0,943,0,40,2,0,2,1,2,24,7
3876446,0,943,0,40,2,0,2,1,2,52,7
3876448,0,943,0,40,3,0,2,1,2,55,7
3876450,0,943,0,40,2,0,2,1,2,72,7
3876452,0,943,0,40,2,0,2,1,2,40,7
3876454,0,943,0,40,2,0,2,1,2,35,7
3876456,0,943,0,40,2,0,2,1,2,60,7
3876458,0,943,0,40,3,0,2,1,2,47,7
3876460,0,943,0,40,3,0,2,1,2,47,7
3876462,0,943,0,40,2,0,2,1,2,16,7
3876464,0,943,0,40,3,0,2,1,2,36,7
3876466,0,943,0,40,2,0,2,1,2,73,7
3876468,0,943,0,40,2,0,2,1,2,48,7
3876470,0,943,0,40,3,0,2,1,2,51,7
3876472,0,943,0,40,3,0,2,1,2,73,7
3876474,0,943,0,40,3,0,2,1,2,31,7
3876476,0,943,0,40,3,0,2,1,2,115,7
3876478,0,943,0,40,2,0,2,1,2,62,7
3876480,0,943,0,40,2,0,2,1,2,76,7
3876482,0,943,0,40,2,0,2,1,2,42,7
3876484,0,943,0,40,3,0,2,1,2,69,7
3876486,0,943,0,40,2,0,2,1,2,31,7
3876488,0,943,0,40,3,0,2,1,2,31,7
3876490,0,943,0,40,3,0,2,1,2,37,7
3876492,0,943,0,40,3,0,2,1,2,55,7
3876494,0,943,0,40,3,0,2,1,2,54,7
3876496,0,943,0,40,2,0,2,1,2,52,7
3876498,0,943,0,40,2,0,2,1,2,39,7
3876500,0,943,0,40,3,0,2,1,2,74,7
3876502,0,943,0,40,2,0,2,1,2,43,7
3876504,0,943,0,40,2,0,2,1,2,36,7
3876506,0,943,0,40,3,0,2,1,2,21,7
3876508,0,943,0,40,3,0,2,1,2,25,7
3876510,0,943,0,40,2,0,2,1,2,23,7
3876512,0,943,0,40,3,0,2,1,2,40,7
3876514,0,943,0,40,3,0,2,1,2,10,7
3876516,0,943,0,40,3,0,2,1,2,29,7
3876518,0,943,0,40,3,0,2,1,2,22,7
3876520,0,943,0,40,2,0,2,1,2,12,7
3876522,0,943,0,40,3,0,2,1,2,109,7
3876524,0,943,0,40,3,0,2,1,2,46,7
3876526,0,943,0,40,2,0,2,1,2,49,7
3876528,0,943,0,40,3,0,2,1,2,31,7
3876530,0,943,0,40,2,0,2,1,2,48,7
3876532,0,943,0,40,3,0,2,1,2,19,7
3876534,0,943,0,40,3,0,2,1,2,55,7
3876536,0,943,0,40,2,0,2,1,2,31,7
3876538,0,943,0,40,2,0,2,1,2,90,7
3876540,0,943,0,40,2,0,2,1,2,51,7
3876542,0,943,0,40,2,0,2,1,2,100,7
3876544,0,943,0,40,3,0,2,1,2,60,7
3876546,0,943,0,40,3,0,2,1,2,28,7
3876548,0,943,0,40,2,0,2,1,2,47,7
3876550,0,943,0,40,2,0,2,1,2,32,7
3876552,0,943,0,40,3,0,2,1,2,66,7
3876554,0,943,0,40,3,0,2,1,2,23,7
3876556,0,943,0,40,3,0,2,1,2,65,7
3876558,0,943,0,40,3,0,2,1,2,28,7
3876560,0,943,0,40,2,0,2,1,2,32,7
3876562,0,943,0,40,2,0,2,1,2,35,7
3876564,0,943,0,40,3,0,2,1,2,41,7
3876566,0,943,0,40,3,0,2,1,2,50,7
3876568,0,943,0,40,2,0,2,1,2,25,7
3876570,0,943,0,40,3,0,2,1,2,55,7
3876572,0,943,0,40,3,0,2,1,2,81,7
3876574,0,943,0,40,2,0,2,1,2,42,7
3876576,0,943,0,40,3,0,2,1,2,44,7
3876578,0,943,0,40,2,0,2,1,2,56,7
3876580,0,943,0,40,3,0,2,1,2,35,7
3876582,0,943,0,40,2,0,2,1,2,48,7
3876584,0,943,0,40,3,0,2,1,2,75,7
3876586,0,943,0,40,3,0,2,1,2,41,7
3876588,0,943,0,40,3,0,2,1,2,54,7
3876590,0,943,0,40,2,0,2,1,2,52,7
3876592,0,943,0,40,3,0,2,1,2,31,7
3876594,0,943,0,40,2,0,2,1,2,25,7
3876596,0,943,0,40,3,0,2,1,2,38,7
3876598,0,943,0,40,2,0,2,1,2,40,7
3876600,0,943,0,40,3,0,2,1,2,37,7
3876602,0,943,0,40,3,0,2,1,2,34,7
3876604,0,943,0,40,2,0,2,1,2,37,7
3876606,0,943,0,40,2,0,2,1,2,31,7
3876608,0,943,0,40,3,0,2,1,2,13,7
3876610,0,943,0,40,2,0,2,1,2,23,7
3876612,0,943,0,40,3,0,2,1,2,43,7
3876614,0,943,0,40,2,0,2,1,2,37,7
3876616,0,943,0,40,3,0,2,1,2,60,7
3876618,0,943,0,40,2,0,2,1,2,54,7
3876620,0,943,0,40,2,0,2,1,2,61,7
3876622,0,943,0,40,3,0,2,1,2,41,7
3876624,0,943,0,40,2,0,2,1,2,60,7
3876626,0,943,0,40,3,0,2,1,2,55,7
3876628,0,943,0,40,2,0,2,1,2,30,7
3876630,0,943,0,40,2,0,2,1,2,89,7
3876632,0,943,0,40,3,0,2,1,2,31,7
3876634,0,943,0,40,3,0,2,1,2,77,7
3876636,0,943,0,40,2,0,2,1,2,40,7
3876638,0,943,0,40,2,0,2,1,2,52,7
3876640,0,943,0,40,2,0,2,1,2,22,7
3876642,0,943,0,40,2,0,2,1,2,51,7
3876644,0,943,0,40,3,0,2,1,2,46,7
3876646,0,943,0,40,2,0,2,1,2,42,7
3876648,0,943,0,40,3,0,2,1,2,54,7
3876650,0,943,0,40,3,0,2,1,2,29,7
3876652,0,943,0,40,3,0,2,1,2,82,7
3876654,0,943,0,40,2,0,2,1,2,25,7
3876656,0,943,0,40,3,0,2,1,2,50,7
3876658,0,943,0,40,2,0,2,1,2,31,7
3876660,0,943,0,40,2,0,2,1,2,19,7
3876662,0,943,0,40,3,0,2,1,2,65,7
3876664,0,943,0,40,3,0,2,1,2,44,7
3876666,0,943,0,40,2,0,2,1,2,78,7
3876668,0,943,0,40,3,0,2,1,2,8,7
3876670,0,943,0,40,3,0,2,1,2,62,7
3876672,0,943,0,40,3,0,2,1,2,90,7
3876674,0,943,0,40,3,0,2,1,2,41,7
3876676,0,943,0,40,2,0,2,1,2,49,7
3876678,0,943,0,40,3,0,2,1,2,22,7
3876680,0,943,0,40,3,0,2,1,2,27,7
3876682,0,943,0,40,2,0,2,1,2,56,7
3876684,0,943,0,40,3,0,2,1,2,22,7
3876686,0,943,0,40,2,0,2,1,2,23,7
3876688,0,943,0,40,2,0,2,1,2,26,7
3876690,0,943,0,40,2,0,2,1,2,39,7
3876692,0,943,0,40,3,0,2,1,2,20,7
3876694,0,943,0,40,3,0,2,1,2,16,7
3876696,0,943,0,40,2,0,2,1,2,52,7
3876698,0,943,0,40,3,0,2,1,2,44,7
3876700,0,943,0,40,3,0,2,1,2,84,7
3876702,0,943,0,40,3,0,2,1,2,40,7
3876704,0,943,0,40,2,0,2,1,2,40,7
3876706,0,943,0,40,3,0,2,1,2,58,7
3876708,0,943,0,40,3,0,2,1,2,44,7
3876710,0,943,0,40,2,0,2,1,2,30,7
3876712,0,943,0,40,3,0,2,1,2,33,7
3876714,0,943,0,40,3,0,2,1,2,18,7
3876716,0,943,0,40,2,0,2,1,2,62,7
3876718,0,943,0,40,2,0,2,1,2,44,7
3876720,0,943,0,40,3,0,2,1,2,35,7
3876722,0,943,0,40,3,0,2,1,2,23,7
3876724,0,943,0,40,3,0,2,1,2,40,7
3876726,0,943,0,40,2,0,2,1,2,100,7
3876728,0,943,0,40,3,0,2,1,2,114,7
3876730,0,943,0,40,2,0,2,1,2,37,7
3876732,0,943,0,40,2,0,2,1,2,44,7
3876734,0,943,0,40,3,0,2,1,2,45,7
3876736,0,943,0,40,3,0,2,1,2,76,7
3876738,0,943,0,40,3,0,2,1,2,51,7
3876740,0,943,0,40,3,0,2,1,2,31,7
3876742,0,943,0,40,3,0,2,1,2,85,7
3876744,0,943,0,40,2,0,2,1,2,21,7
3876746,0,943,0,40,2,0,2,1,2,16,7
3876748,0,943,0,40,3,0,2,1,2,31,7
3876750,0,943,0,40,2,0,2,1,2,59,7
3876752,0,943,0,40,3,0,2,1,2,57,7
3876754,0,943,0,40,2,0,2,1,2,71,7
3876756,0,943,0,40,2,0,2,1,2,20,7
3876758,0,943,0,40,2,0,2,1,2,27,7
3876760,0,943,0,40,3,0,2,1,2,53,7
3876762,0,943,0,40,3,0,2,1,2,37,7
3876764,0,943,0,40,3,0,2,1,2,28,7
3876766,0,943,0,40,2,0,2,1,2,40,7
3876768,0,943,0,40,2,0,2,1,2,28,7
3876770,0,943,0,40,2,0,2,1,2,22,7
3876772,0,943,0,40,2,0,2,1,2,35,7
3876774,0,943,0,40,3,0,2,1,2,66,7
3876776,0,943,0,40,2,0,2,1,2,19,7
3876778,0,943,0,40,2,0,2,1,2,51,7
3876780,0,943,0,40,3,0,2,1,2,27,7
3876782,0,943,0,40,3,0,2,1,2,35,7
3876784,0,943,0,40,3,0,2,1,2,44,7
3876786,0,943,0,40,2,0,2,1,2,74,7
3876788,0,943,0,40,3,0,2,1,2,35,7
3876790,0,943,0,40,2,0,2,1,2,48,7
3876792,0,943,0,40,3,0,2,1,2,31,7
3876794,0,943,0,40,2,0,2,1,2,101,7
3876796,0,943,0,40,3,0,2,1,2,68,7
3876798,0,943,0,40,3,0,2,1,2,42,7
3876800,0,943,0,40,3,0,2,1,2,57,7
3876802,0,943,0,40,3,0,2,1,2,38,7
3876804,0,943,0,40,2,0,2,1,2,57,7
3876806,0,943,0,40,2,0,2,1,2,33,7
3876808,0,943,0,40,3,0,2,1,2,24,7
3876810,0,943,0,40,2,0,2,1,2,37,7
3876812,0,943,0,40,3,0,2,1,2,31,7
3876814,0,943,0,40,2,0,2,1,2,30,7
3876816,0,943,0,40,2,0,2,1,2,36,7
3876818,0,943,0,40,2,0,2,1,2,35,7
3876820,0,943,0,40,2,0,2,1,2,43,7
3876822,0,943,0,40,3,0,2,1,2,23,7
3876824,0,943,0,40,2,0,2,1,2,45,7
3876826,0,943,0,40,2,0,2,1,2,28,7
3876828,0,943,0,40,3,0,2,1,2,41,7
3876830,0,943,0,40,2,0,2,1,2,49,7
3876832,0,943,0,40,3,0,2,1,2,21,7
3876834,0,943,0,40,3,0,2,1,2,43,7
3876836,0,943,0,40,3,0,2,1,2,43,7
3876838,0,943,0,40,3,0,2,1,2,60,7
3876840,0,943,0,40,3,0,2,1,2,64,7
3876842,0,943,0,40,3,0,2,1,2,40,7
3876844,0,943,0,40,2,0,2,1,2,70,7
3876846,0,943,0,40,3,0,2,1,2,36,7
3876848,0,943,0,40,2,0,2,1,2,44,7
3876850,0,943,0,40,3,0,2,1,2,55,7
3876852,0,943,0,40,2,0,2,1,2,69,7
3876854,0,943,0,40,3,0,2,1,2,58,7
3876856,0,943,0,40,2,0,2,1,2,44,7
3876858,0,943,0,40,3,0,2,1,2,18,7
3876860,0,943,0,40,3,0,2,1,2,42,7
3876862,0,943,0,40,3,0,2,1,2,31,7
3876864,0,943,0,40,2,0,2,1,2,59,7
3876866,0,943,0,40,2,0,2,1,2,47,7
3876868,0,943,0,40,3,0,2,1,2,47,7
3876870,0,943,0,40,3,0,2,1,2,51,7
3876872,0,943,0,40,3,0,2,1,2,43,7
3876874,0,943,0,40,3,0,2,1,2,31,7
3876876,0,943,0,40,3,0,2,1,2,53,7
