id,inf_state,current_time,infected_time,ct_value,ct_type_method,number_of_bites,species,sex,current_age,death_day,sim_number,
3461875,0,1029,0,40,2,0,2,1,45,92,6
3436725,0,1029,0,40,2,5,2,1,69,34,6
3441533,0,1029,0,40,2,5,2,1,63,34,6
3459886,0,1029,0,40,3,1,2,1,43,48,6
3423836,0,1029,0,40,2,9,2,1,76,33,6
3419504,0,1029,0,40,2,11,2,1,80,38,6
3452110,0,1029,0,40,2,3,2,1,48,68,6
3407716,0,1029,0,40,3,7,2,1,115,58,6
3458214,0,1029,0,40,2,3,2,1,44,56,6
3466220,0,1029,0,40,3,0,2,1,32,19,6
3421470,1,1029,952,39.1695,2,8,2,1,85,96,6
3457106,0,1029,0,40,3,3,2,1,45,51,6
3365829,0,1029,0,40,2,16,2,1,123,53,6
3432893,0,1029,0,40,2,8,2,1,58,34,6
3449060,0,1029,0,40,2,1,2,1,67,49,6
3457632,0,1029,0,40,3,2,2,1,47,69,6
3465077,0,1029,0,40,3,1,2,1,34,39,6
3464534,0,1029,0,40,3,1,2,1,34,47,6
3453928,0,1029,0,40,2,3,2,1,49,45,6
3467235,0,1029,0,40,2,0,2,1,28,32,6
3461810,0,1029,0,40,2,2,2,1,30,71,6
3460053,0,1029,0,40,2,3,2,1,36,15,6
3400472,0,1029,0,40,2,14,2,1,98,53,6
3467448,0,1029,0,40,3,0,2,1,27,34,6
3452773,0,1029,0,40,2,3,2,1,43,20,6
3447941,0,1029,0,40,2,4,2,1,58,33,6
3464690,0,1029,0,40,2,1,2,1,30,38,6
3382377,0,1029,0,40,3,17,2,1,116,49,6
3464069,0,1029,0,40,3,2,2,1,33,96,6
3391242,0,1029,0,40,3,15,2,1,117,51,6
3463098,0,1029,0,40,2,1,2,1,38,37,6
3425018,0,1029,0,40,3,11,2,1,73,41,6
3461234,0,1029,0,40,3,2,2,1,33,42,6
3456491,0,1029,0,40,2,3,2,1,41,42,6
3449827,0,1029,0,40,3,3,2,1,48,44,6
3466197,0,1029,0,40,2,1,2,1,25,39,6
3467043,0,1029,0,40,2,1,2,1,25,38,6
3391766,0,1029,0,40,2,15,2,1,115,40,6
3462691,0,1029,0,40,2,2,2,1,36,30,6
3466528,0,1029,0,40,3,1,2,1,25,75,6
3441542,0,1029,0,40,2,7,2,1,41,21,6
3465943,0,1029,0,40,3,1,2,1,29,50,6
3453632,0,1029,0,40,2,4,2,1,53,69,6
3421687,0,1029,0,40,2,10,2,1,82,35,6
3468307,0,1029,0,40,2,0,2,1,23,55,6
3468873,0,1029,0,40,3,0,2,1,23,31,6
3408830,1,1029,909,40,2,11,2,1,86,27,6
3456123,0,1029,0,40,2,4,2,1,44,38,6
3445829,0,1029,0,40,2,5,2,1,55,42,6
3452940,0,1029,0,40,2,3,2,1,45,54,6
3384451,0,1029,0,40,3,18,2,1,128,76,6
3463814,0,1029,0,40,2,2,2,1,28,67,6
3446001,1,1029,978,17.6523,3,7,2,1,52,33,6
3454536,0,1029,0,40,2,4,2,1,48,34,6
3431661,0,1029,0,40,2,9,2,1,52,117,6
3468844,0,1029,0,40,2,0,2,1,22,59,6
3468960,0,1029,0,40,2,0,2,1,22,36,6
3469075,0,1029,0,40,3,0,2,1,22,22,6
3469189,0,1029,0,40,3,0,2,1,22,47,6
3410651,0,1029,0,40,2,9,2,1,97,73,6
3441055,0,1029,0,40,2,7,2,1,64,57,6
3462660,0,1029,0,40,3,3,2,1,34,34,6
3460882,0,1029,0,40,3,2,2,1,34,90,6
3466075,0,1029,0,40,3,2,2,1,24,53,6
3446002,0,1029,0,40,2,4,2,1,67,33,6
3435638,0,1029,0,40,2,9,2,1,57,18,6
3467088,0,1029,0,40,2,1,2,1,26,28,6
3465268,0,1029,0,40,3,2,2,1,25,40,6
3434439,0,1029,0,40,2,10,2,1,68,29,6
3464732,0,1029,0,40,3,1,2,1,35,73,6
3469396,0,1029,0,40,2,0,2,1,21,52,6
3469416,0,1029,0,40,2,0,2,1,21,38,6
3469458,0,1029,0,40,2,0,2,1,21,54,6
3436755,0,1029,0,40,3,9,2,1,53,24,6
3442271,0,1029,0,40,3,8,2,1,51,12,6
3465469,0,1029,0,40,2,1,2,1,28,74,6
3464012,0,1029,0,40,3,2,2,1,29,102,6
3447076,0,1029,0,40,2,6,2,1,53,64,6
3413089,0,1029,0,40,2,10,2,1,82,75,6
3465289,0,1029,0,40,2,2,2,1,26,9,6
3432610,0,1029,0,40,2,8,2,1,64,81,6
3461740,0,1029,0,40,3,4,2,1,37,56,6
3411740,0,1029,0,40,2,11,2,1,76,20,6
3456495,1,1029,982,29.3985,3,4,2,1,40,26,6
3462675,0,1029,0,40,3,4,2,1,27,115,6
3447132,0,1029,0,40,2,5,2,1,63,32,6
3465697,0,1029,0,40,3,2,2,1,31,40,6
3421344,0,1029,0,40,2,10,2,1,84,46,6
3469586,0,1029,0,40,2,0,2,1,20,57,6
3462635,0,1029,0,40,3,3,2,1,27,45,6
3436332,0,1029,0,40,3,7,2,1,61,34,6
3465072,0,1029,0,40,2,1,2,1,24,52,6
3463981,0,1029,0,40,3,2,2,1,30,33,6
3439998,0,1029,0,40,3,8,2,1,64,35,6
3412932,0,1029,0,40,2,11,2,1,89,63,6
3464427,0,1029,0,40,3,2,2,1,30,22,6
3466851,0,1029,0,40,3,1,2,1,27,30,6
3467835,0,1029,0,40,3,1,2,1,23,34,6
3460369,0,1029,0,40,2,4,2,1,32,38,6
3468957,0,1029,0,40,3,1,2,1,20,39,6
3467479,0,1029,0,40,2,1,2,1,26,38,6
3426098,0,1029,0,40,2,9,2,1,77,20,6
3467370,0,1029,0,40,3,1,2,1,23,30,6
3469100,0,1029,0,40,2,0,2,1,19,61,6
3469345,0,1029,0,40,3,0,2,1,19,55,6
3469377,0,1029,0,40,2,0,2,1,19,42,6
3469817,0,1029,0,40,2,0,2,1,19,68,6
3469827,0,1029,0,40,3,0,2,1,19,29,6
3469943,0,1029,0,40,2,0,2,1,19,23,6
3452938,0,1029,0,40,2,2,2,1,49,26,6
3464185,0,1029,0,40,2,1,2,1,27,32,6
3451354,0,1029,0,40,2,5,2,1,46,58,6
3363960,0,1029,0,40,3,17,2,1,155,102,6
3437424,0,1029,0,40,3,8,2,1,65,31,6
3414976,0,1029,0,40,2,14,2,1,83,37,6
3467842,0,1029,0,40,3,1,2,1,19,62,6
3467563,0,1029,0,40,2,1,2,1,21,36,6
3382014,0,1029,0,40,2,16,2,1,137,72,6
3454425,0,1029,0,40,3,5,2,1,46,18,6
3458381,0,1029,0,40,2,4,2,1,37,26,6
3455583,0,1029,0,40,3,5,2,1,45,50,6
3465663,0,1029,0,40,3,2,2,1,25,48,6
3451117,0,1029,0,40,3,4,2,1,47,43,6
3457159,0,1029,0,40,3,5,2,1,35,48,6
3456608,0,1029,0,40,3,5,2,1,41,29,6
3433889,0,1029,0,40,2,6,2,1,73,44,6
3370883,0,1029,0,40,2,17,2,1,127,22,6
3469420,0,1029,0,40,3,1,2,1,19,33,6
3453902,0,1029,0,40,2,2,2,1,45,54,6
3461773,0,1029,0,40,3,3,2,1,31,26,6
3469575,0,1029,0,40,2,0,2,1,18,34,6
3469727,0,1029,0,40,3,0,2,1,18,30,6
3469904,0,1029,0,40,3,0,2,1,18,29,6
3469936,0,1029,0,40,2,0,2,1,18,33,6
3470057,0,1029,0,40,3,0,2,1,18,54,6
3470241,0,1029,0,40,3,0,2,1,18,23,6
3470277,0,1029,0,40,2,0,2,1,18,30,6
3470297,0,1029,0,40,3,0,2,1,18,45,6
3470303,0,1029,0,40,3,0,2,1,18,28,6
3396553,0,1029,0,40,3,15,2,1,98,35,6
3463874,0,1029,0,40,3,1,2,1,32,44,6
3443764,0,1029,0,40,2,7,2,1,40,74,6
3404812,1,1029,914,40,2,15,2,1,91,47,6
3442689,0,1029,0,40,3,7,2,1,56,49,6
3463459,0,1029,0,40,3,4,2,1,23,25,6
3458589,0,1029,0,40,2,5,2,1,29,46,6
3463527,0,1029,0,40,3,2,2,1,21,64,6
3432127,0,1029,0,40,2,8,2,1,61,35,6
3468653,0,1029,0,40,3,1,2,1,18,65,6
3434215,0,1029,0,40,2,6,2,1,58,56,6
3433201,0,1029,0,40,2,7,2,1,69,34,6
3442042,0,1029,0,40,2,5,2,1,72,24,6
3427961,0,1029,0,40,2,12,2,1,58,31,6
3468777,0,1029,0,40,2,1,2,1,20,40,6
3434385,0,1029,0,40,3,8,2,1,58,40,6
3462429,0,1029,0,40,2,2,2,1,33,26,6
3467937,0,1029,0,40,2,1,2,1,23,19,6
3429831,0,1029,0,40,2,9,2,1,69,56,6
3469349,0,1029,0,40,3,0,2,1,17,40,6
3469683,0,1029,0,40,2,0,2,1,17,42,6
3469779,0,1029,0,40,2,0,2,1,17,20,6
3470130,0,1029,0,40,3,0,2,1,17,55,6
3470202,0,1029,0,40,3,0,2,1,17,37,6
3470214,0,1029,0,40,2,0,2,1,17,43,6
3470323,0,1029,0,40,3,0,2,1,17,30,6
3470387,0,1029,0,40,2,0,2,1,17,45,6
3470439,0,1029,0,40,3,0,2,1,17,64,6
3400951,0,1029,0,40,3,9,2,1,123,73,6
3441464,0,1029,0,40,2,8,2,1,48,58,6
3464335,0,1029,0,40,3,2,2,1,24,20,6
3457691,0,1029,0,40,3,3,2,1,26,59,6
3456058,0,1029,0,40,3,4,2,1,42,51,6
3400109,0,1029,0,40,3,10,2,1,127,61,6
3464859,0,1029,0,40,2,2,2,1,23,53,6
3467536,0,1029,0,40,2,1,2,1,20,31,6
3466673,0,1029,0,40,2,1,2,1,24,70,6
3466790,0,1029,0,40,2,1,2,1,23,46,6
3441695,0,1029,0,40,3,6,2,1,65,73,6
3462762,0,1029,0,40,3,2,2,1,28,25,6
3465456,0,1029,0,40,2,2,2,1,22,27,6
3413004,0,1029,0,40,3,15,2,1,77,57,6
3456076,0,1029,0,40,2,5,2,1,32,45,6
3465445,0,1029,0,40,3,1,2,1,30,23,6
3393318,0,1029,0,40,2,19,2,1,108,31,6
3423492,0,1029,0,40,2,10,2,1,73,103,6
3449417,0,1029,0,40,3,6,2,1,44,61,6
3468639,0,1029,0,40,2,1,2,1,18,55,6
3456561,0,1029,0,40,2,3,2,1,42,53,6
3450346,0,1029,0,40,2,5,2,1,53,57,6
3426632,0,1029,0,40,3,11,2,1,73,48,6
3458557,0,1029,0,40,3,2,2,1,47,64,6
3466345,0,1029,0,40,3,3,2,1,24,27,6
3469112,0,1029,0,40,2,1,2,1,18,54,6
3468924,0,1029,0,40,3,1,2,1,21,26,6
3470291,0,1029,0,40,2,1,2,1,17,37,6
3470104,0,1029,0,40,3,0,2,1,16,87,6
3470296,0,1029,0,40,3,0,2,1,16,36,6
3470370,0,1029,0,40,3,0,2,1,16,22,6
3470617,0,1029,0,40,3,0,2,1,16,18,6
3470635,0,1029,0,40,2,0,2,1,16,63,6
3470685,0,1029,0,40,2,0,2,1,16,68,6
3453121,0,1029,0,40,2,3,2,1,43,37,6
3404988,0,1029,0,40,2,15,2,1,79,25,6
3460379,0,1029,0,40,2,1,2,1,41,56,6
3441646,0,1029,0,40,3,7,2,1,53,30,6
3466090,0,1029,0,40,3,2,2,1,23,12,6
3466651,0,1029,0,40,2,1,2,1,21,35,6
3456541,0,1029,0,40,2,4,2,1,37,110,6
3414311,0,1029,0,40,2,10,2,1,91,26,6
3428144,0,1029,0,40,2,8,2,1,84,52,6
3466204,0,1029,0,40,2,2,2,1,23,36,6
3432874,0,1029,0,40,2,8,2,1,63,50,6
3418581,0,1029,0,40,2,11,2,1,73,41,6
3384573,0,1029,0,40,3,18,2,1,118,25,6
3436008,0,1029,0,40,3,6,2,1,74,10,6
3461480,0,1029,0,40,2,3,2,1,32,35,6
3467349,0,1029,0,40,2,2,2,1,21,41,6
3467815,0,1029,0,40,2,2,2,1,18,43,6
3467138,0,1029,0,40,2,2,2,1,22,40,6
3449079,0,1029,0,40,3,5,2,1,47,65,6
3454669,0,1029,0,40,2,6,2,1,40,22,6
3468512,0,1029,0,40,3,1,2,1,22,32,6
3467367,0,1029,0,40,3,2,2,1,23,32,6
3465106,0,1029,0,40,3,2,2,1,28,29,6
3469065,0,1029,0,40,3,1,2,1,19,33,6
3469863,0,1029,0,40,2,1,2,1,16,24,6
3469141,0,1029,0,40,2,1,2,1,20,30,6
3451384,0,1029,0,40,2,10,2,1,47,45,6
3470339,0,1029,0,40,3,1,2,1,16,34,6
3469810,0,1029,0,40,2,0,2,1,15,36,6
3470068,0,1029,0,40,3,0,2,1,15,27,6
3470396,0,1029,0,40,3,0,2,1,15,27,6
3470550,0,1029,0,40,3,0,2,1,15,70,6
3470766,0,1029,0,40,2,0,2,1,15,33,6
3470802,0,1029,0,40,2,0,2,1,15,59,6
3470820,0,1029,0,40,2,0,2,1,15,45,6
3470854,0,1029,0,40,3,0,2,1,15,34,6
3470900,0,1029,0,40,3,0,2,1,15,34,6
3470936,0,1029,0,40,3,0,2,1,15,56,6
3459198,0,1029,0,40,3,4,2,1,29,29,6
3372398,0,1029,0,40,3,18,2,1,125,71,6
3468145,0,1029,0,40,2,1,2,1,15,28,6
3437780,0,1029,0,40,3,7,2,1,55,26,6
3465160,0,1029,0,40,2,1,2,1,27,38,6
3400457,0,1029,0,40,3,12,2,1,95,25,6
3464597,0,1029,0,40,2,2,2,1,21,22,6
3446179,0,1029,0,40,3,6,2,1,49,49,6
3468389,0,1029,0,40,3,1,2,1,17,55,6
3461039,0,1029,0,40,3,3,2,1,30,55,6
3415246,0,1029,0,40,3,13,2,1,75,49,6
3465114,0,1029,0,40,3,2,2,1,21,17,6
3377884,1,1029,930,23.3248,3,20,2,1,118,38,6
3418664,0,1029,0,40,3,8,2,1,78,37,6
3431917,0,1029,0,40,2,9,2,1,58,41,6
3438976,0,1029,0,40,2,6,2,1,71,71,6
3462468,0,1029,0,40,3,3,2,1,30,43,6
3469028,0,1029,0,40,3,1,2,1,17,80,6
3461954,0,1029,0,40,2,3,2,1,29,58,6
3461672,0,1029,0,40,2,3,2,1,31,47,6
3418802,0,1029,0,40,2,9,2,1,82,37,6
3425060,0,1029,0,40,3,9,2,1,69,30,6
3462107,0,1029,0,40,2,3,2,1,30,28,6
3450143,0,1029,0,40,2,5,2,1,48,33,6
3462450,0,1029,0,40,2,3,2,1,25,55,6
3383890,0,1029,0,40,2,17,2,1,125,63,6
3460634,0,1029,0,40,3,6,2,1,32,40,6
3453493,0,1029,0,40,2,5,2,1,47,29,6
3468429,0,1029,0,40,3,2,2,1,17,44,6
3466344,0,1029,0,40,3,1,2,1,29,51,6
3464191,0,1029,0,40,2,3,2,1,32,27,6
3467033,0,1029,0,40,2,2,2,1,26,70,6
3469203,0,1029,0,40,3,1,2,1,19,80,6
3464274,0,1029,0,40,2,3,2,1,23,70,6
3429036,0,1029,0,40,2,12,2,1,69,27,6
3434715,0,1029,0,40,2,9,2,1,62,83,6
3374329,0,1029,0,40,3,21,2,1,148,33,6
3453734,0,1029,0,40,3,3,2,1,50,28,6
3462047,0,1029,0,40,3,2,2,1,39,60,6
3432561,0,1029,0,40,2,9,2,1,73,42,6
3456157,0,1029,0,40,3,4,2,1,40,31,6
3470432,0,1029,0,40,3,0,2,1,14,16,6
3470584,0,1029,0,40,2,0,2,1,14,44,6
3470871,0,1029,0,40,3,0,2,1,14,37,6
3470879,0,1029,0,40,2,0,2,1,14,44,6
3471050,0,1029,0,40,2,0,2,1,14,34,6
3471086,0,1029,0,40,3,0,2,1,14,53,6
3471096,0,1029,0,40,3,0,2,1,14,62,6
3471116,0,1029,0,40,2,0,2,1,14,42,6
3471128,0,1029,0,40,2,0,2,1,14,24,6
3416472,0,1029,0,40,3,11,2,1,77,35,6
3452258,0,1029,0,40,2,6,2,1,32,32,6
3465026,0,1029,0,40,2,2,2,1,21,41,6
3449718,0,1029,0,40,3,3,2,1,51,65,6
3451617,0,1029,0,40,2,5,2,1,40,23,6
3460367,0,1029,0,40,2,3,2,1,29,32,6
3448535,0,1029,0,40,3,6,2,1,43,42,6
3450182,0,1029,0,40,3,4,2,1,37,40,6
3368634,0,1029,0,40,2,18,2,1,137,66,6
3464994,0,1029,0,40,2,2,2,1,26,30,6
3421576,0,1029,0,40,2,11,2,1,73,46,6
3468570,0,1029,0,40,3,1,2,1,18,12,6
3466480,0,1029,0,40,2,2,2,1,20,55,6
3461826,0,1029,0,40,3,3,2,1,26,57,6
3453752,0,1029,0,40,2,6,2,1,36,49,6
3468291,0,1029,0,40,2,1,2,1,17,21,6
3467265,0,1029,0,40,2,2,2,1,17,88,6
3448666,0,1029,0,40,2,7,2,1,48,24,6
3467358,0,1029,0,40,3,1,2,1,21,26,6
3467973,0,1029,0,40,3,1,2,1,20,34,6
3448359,0,1029,0,40,3,8,2,1,41,57,6
3468055,0,1029,0,40,3,1,2,1,17,38,6
3462193,0,1029,0,40,3,4,2,1,33,19,6
3465798,0,1029,0,40,3,3,2,1,19,29,6
3460985,0,1029,0,40,3,3,2,1,27,28,6
3432679,0,1029,0,40,3,8,2,1,64,31,6
3424362,0,1029,0,40,2,8,2,1,85,75,6
3405033,0,1029,0,40,2,14,2,1,97,45,6
3462666,0,1029,0,40,2,4,2,1,31,49,6
3466577,0,1029,0,40,2,2,2,1,22,28,6
3468047,0,1029,0,40,2,1,2,1,19,63,6
3467175,0,1029,0,40,2,2,2,1,21,34,6
3448096,0,1029,0,40,3,6,2,1,56,72,6
3469869,0,1029,0,40,3,1,2,1,15,63,6
3463120,0,1029,0,40,2,3,2,1,29,32,6
3450944,0,1029,0,40,2,5,2,1,49,42,6
3462438,0,1029,0,40,3,3,2,1,35,15,6
3463751,0,1029,0,40,3,4,2,1,30,57,6
3460375,0,1029,0,40,3,5,2,1,23,110,6
3456262,0,1029,0,40,2,6,2,1,33,34,6
3419739,0,1029,0,40,2,15,2,1,64,43,6
3452635,0,1029,0,40,2,6,2,1,36,66,6
3444531,0,1029,0,40,3,8,2,1,47,41,6
3470290,0,1029,0,40,2,1,2,1,14,22,6
3385143,0,1029,0,40,2,14,2,1,134,47,6
3465246,0,1029,0,40,2,2,2,1,31,68,6
3415121,0,1029,0,40,3,9,2,1,98,27,6
3462725,0,1029,0,40,2,6,2,1,23,28,6
3466993,0,1029,0,40,3,2,2,1,27,23,6
3470313,0,1029,0,40,3,1,2,1,15,46,6
3421882,0,1029,0,40,3,10,2,1,87,34,6
3469131,0,1029,0,40,3,1,2,1,21,42,6
3412786,0,1029,0,40,3,9,2,1,98,23,6
3464543,0,1029,0,40,2,2,2,1,29,51,6
3459174,0,1029,0,40,3,2,2,1,39,66,6
3470408,0,1029,0,40,3,0,2,1,13,49,6
3470975,0,1029,0,40,3,0,2,1,13,71,6
3470979,0,1029,0,40,3,0,2,1,13,46,6
3471063,0,1029,0,40,3,0,2,1,13,58,6
3471091,0,1029,0,40,2,0,2,1,13,55,6
3471131,0,1029,0,40,2,0,2,1,13,16,6
3471182,0,1029,0,40,2,0,2,1,13,42,6
3471184,0,1029,0,40,3,0,2,1,13,29,6
3471220,0,1029,0,40,3,0,2,1,13,20,6
3471232,0,1029,0,40,3,0,2,1,13,46,6
3471288,0,1029,0,40,2,0,2,1,13,23,6
3471304,0,1029,0,40,3,0,2,1,13,30,6
3471318,0,1029,0,40,3,0,2,1,13,63,6
3464821,0,1029,0,40,2,1,2,1,25,21,6
3447347,0,1029,0,40,3,6,2,1,42,54,6
3448497,0,1029,0,40,3,7,2,1,47,56,6
3467854,0,1029,0,40,3,1,2,1,19,59,6
3447061,0,1029,0,40,3,8,2,1,45,35,6
3463113,0,1029,0,40,2,2,2,1,25,86,6
3377830,1,1029,896,40,2,24,2,1,140,48,6
3466510,0,1029,0,40,3,1,2,1,24,52,6
3431119,0,1029,0,40,3,10,2,1,57,68,6
3468473,0,1029,0,40,2,1,2,1,17,67,6
3458905,0,1029,0,40,3,4,2,1,33,39,6
3468819,0,1029,0,40,2,1,2,1,16,26,6
3427087,0,1029,0,40,3,8,2,1,64,42,6
3410737,0,1029,0,40,3,15,2,1,90,61,6
3465313,0,1029,0,40,2,2,2,1,22,49,6
3461004,0,1029,0,40,2,3,2,1,29,23,6
3466244,0,1029,0,40,3,2,2,1,19,65,6
3468981,0,1029,0,40,3,1,2,1,17,64,6
3461943,0,1029,0,40,3,4,2,1,25,30,6
3436699,0,1029,0,40,2,10,2,1,62,57,6
3456212,0,1029,0,40,3,4,2,1,27,63,6
3463364,0,1029,0,40,2,3,2,1,18,49,6
3457733,0,1029,0,40,3,3,2,1,40,33,6
3465395,0,1029,0,40,3,1,2,1,28,32,6
3463084,0,1029,0,40,3,3,2,1,26,63,6
3393763,0,1029,0,40,2,16,2,1,116,32,6
3469562,0,1029,0,40,2,1,2,1,15,58,6
3464321,0,1029,0,40,3,3,2,1,23,36,6
3462121,0,1029,0,40,2,4,2,1,28,36,6
3466758,0,1029,0,40,2,2,2,1,23,86,6
3467153,0,1029,0,40,3,1,2,1,22,27,6
3468630,0,1029,0,40,3,1,2,1,20,31,6
3441596,0,1029,0,40,2,9,2,1,57,24,6
3456119,0,1029,0,40,2,4,2,1,41,30,6
3450167,0,1029,0,40,3,5,2,1,42,57,6
3459867,0,1029,0,40,3,3,2,1,29,56,6
3468854,0,1029,0,40,3,2,2,1,16,34,6
3469585,0,1029,0,40,3,1,2,1,15,14,6
3467718,0,1029,0,40,3,2,2,1,15,29,6
3412065,0,1029,0,40,3,17,2,1,82,54,6
3437223,0,1029,0,40,2,10,2,1,57,46,6
3468280,0,1029,0,40,2,2,2,1,18,51,6
3469076,0,1029,0,40,2,1,2,1,13,62,6
3454412,0,1029,0,40,2,3,2,1,50,90,6
3465013,0,1029,0,40,3,3,2,1,21,57,6
3465197,0,1029,0,40,3,2,2,1,19,37,6
3361832,0,1029,0,40,2,26,2,1,141,28,6
3469917,0,1029,0,40,2,2,2,1,15,81,6
3470234,0,1029,0,40,3,1,2,1,14,59,6
3462698,0,1029,0,40,2,5,2,1,25,20,6
3405263,0,1029,0,40,3,13,2,1,97,37,6
3469909,0,1029,0,40,2,1,2,1,17,16,6
3466739,0,1029,0,40,2,2,2,1,16,20,6
3428344,0,1029,0,40,2,9,2,1,74,20,6
3467739,0,1029,0,40,3,2,2,1,15,46,6
3417453,0,1029,0,40,3,12,2,1,69,24,6
3459447,0,1029,0,40,3,4,2,1,35,18,6
3446861,0,1029,0,40,2,7,2,1,46,35,6
3468528,0,1029,0,40,3,2,2,1,15,51,6
3411637,0,1029,0,40,2,13,2,1,92,63,6
3466987,0,1029,0,40,2,3,2,1,23,57,6
3470833,0,1029,0,40,3,0,2,1,12,25,6
3470929,0,1029,0,40,2,0,2,1,12,36,6
3471235,0,1029,0,40,2,0,2,1,12,48,6
3471323,0,1029,0,40,3,0,2,1,12,24,6
3471376,0,1029,0,40,2,0,2,1,12,37,6
3471402,0,1029,0,40,3,0,2,1,12,36,6
3471404,0,1029,0,40,3,0,2,1,12,90,6
3471410,0,1029,0,40,2,0,2,1,12,24,6
3471450,0,1029,0,40,3,0,2,1,12,46,6
3471468,0,1029,0,40,2,0,2,1,12,26,6
3471534,0,1029,0,40,3,0,2,1,12,28,6
3471582,0,1029,0,40,3,0,2,1,12,36,6
3429949,0,1029,0,40,2,12,2,1,52,59,6
3461298,0,1029,0,40,3,4,2,1,23,53,6
3428139,0,1029,0,40,2,11,2,1,74,58,6
3467500,0,1029,0,40,3,1,2,1,18,29,6
3452627,0,1029,0,40,3,7,2,1,40,69,6
3457891,0,1029,0,40,2,3,2,1,36,39,6
3465046,0,1029,0,40,2,2,2,1,19,39,6
3469308,0,1029,0,40,3,1,2,1,12,41,6
3456901,0,1029,0,40,2,3,2,1,37,33,6
3421524,0,1029,0,40,3,11,2,1,65,34,6
3406257,0,1029,0,40,3,15,2,1,81,46,6
3468806,0,1029,0,40,3,1,2,1,13,13,6
3456603,0,1029,0,40,2,4,2,1,39,69,6
3467259,0,1029,0,40,3,1,2,1,21,27,6
3468140,0,1029,0,40,3,1,2,1,19,68,6
3460191,0,1029,0,40,3,3,2,1,29,17,6
3468348,0,1029,0,40,3,1,2,1,18,25,6
3457469,0,1029,0,40,2,6,2,1,34,52,6
3449740,0,1029,0,40,3,7,2,1,46,55,6
3456940,0,1029,0,40,2,4,2,1,36,11,6
3468484,0,1029,0,40,2,1,2,1,19,86,6
3466233,0,1029,0,40,3,2,2,1,20,66,6
3417890,0,1029,0,40,3,10,2,1,86,45,6
3459674,0,1029,0,40,3,3,2,1,32,33,6
3436431,0,1029,0,40,2,9,2,1,54,72,6
3411555,0,1029,0,40,3,8,2,1,102,28,6
3463362,0,1029,0,40,2,2,2,1,31,32,6
3466100,0,1029,0,40,2,2,2,1,24,55,6
3467635,0,1029,0,40,3,2,2,1,19,53,6
3457102,0,1029,0,40,2,4,2,1,36,64,6
3469464,0,1029,0,40,2,2,2,1,13,36,6
3446391,0,1029,0,40,3,6,2,1,60,25,6
3461790,0,1029,0,40,3,3,2,1,35,40,6
3392440,0,1029,0,40,3,17,2,1,98,65,6
3465386,0,1029,0,40,2,2,2,1,26,31,6
3448454,0,1029,0,40,2,8,2,1,44,25,6
3469991,0,1029,0,40,3,1,2,1,15,54,6
3470081,0,1029,0,40,2,1,2,1,14,43,6
3467037,0,1029,0,40,3,2,2,1,22,29,6
3470473,0,1029,0,40,3,1,2,1,13,34,6
3460714,0,1029,0,40,3,3,2,1,25,32,6
3470711,0,1029,0,40,3,1,2,1,12,13,6
3467238,0,1029,0,40,2,1,2,1,26,35,6
3468269,0,1029,0,40,3,1,2,1,21,62,6
3435943,0,1029,0,40,3,10,2,1,49,32,6
3468849,0,1029,0,40,3,1,2,1,20,53,6
3469142,0,1029,0,40,3,1,2,1,18,61,6
3468810,0,1029,0,40,2,1,2,1,17,69,6
3463587,0,1029,0,40,3,3,2,1,21,29,6
3427423,0,1029,0,40,3,7,2,1,82,50,6
3467428,0,1029,0,40,2,2,2,1,18,21,6
3443495,0,1029,0,40,2,6,2,1,58,96,6
3470547,0,1029,0,40,3,1,2,1,13,29,6
3461071,0,1029,0,40,3,5,2,1,20,57,6
3469291,0,1029,0,40,3,3,2,1,15,86,6
3467614,0,1029,0,40,3,2,2,1,20,21,6
3469800,0,1029,0,40,2,1,2,1,18,61,6
3434085,0,1029,0,40,2,8,2,1,55,67,6
3463107,0,1029,0,40,3,3,2,1,26,62,6
3470378,0,1029,0,40,2,1,2,1,14,10,6
3412796,0,1029,0,40,3,13,2,1,89,30,6
3433365,0,1029,0,40,3,8,2,1,61,38,6
3470172,0,1029,0,40,2,1,2,1,12,25,6
3470903,0,1029,0,40,3,1,2,1,12,52,6
3469467,0,1029,0,40,3,1,2,1,19,40,6
3470287,0,1029,0,40,3,1,2,1,17,113,6
3469680,0,1029,0,40,2,2,2,1,16,34,6
3469913,0,1029,0,40,2,3,2,1,16,31,6
3471280,0,1029,0,40,3,1,2,1,12,15,6
3461404,0,1029,0,40,2,4,2,1,33,24,6
3470548,0,1029,0,40,2,0,2,1,11,42,6
3470857,0,1029,0,40,2,0,2,1,11,21,6
3470993,0,1029,0,40,3,0,2,1,11,35,6
3471089,0,1029,0,40,2,0,2,1,11,29,6
3471121,0,1029,0,40,3,0,2,1,11,33,6
3471153,0,1029,0,40,2,0,2,1,11,85,6
3471185,0,1029,0,40,2,0,2,1,11,40,6
3471201,0,1029,0,40,2,0,2,1,11,43,6
3471373,0,1029,0,40,3,0,2,1,11,45,6
3471377,0,1029,0,40,2,0,2,1,11,18,6
3471409,0,1029,0,40,2,0,2,1,11,41,6
3471505,0,1029,0,40,2,0,2,1,11,54,6
3471541,0,1029,0,40,2,0,2,1,11,19,6
3471624,0,1029,0,40,3,0,2,1,11,20,6
3471634,0,1029,0,40,3,0,2,1,11,61,6
3471646,0,1029,0,40,2,0,2,1,11,86,6
3471664,0,1029,0,40,2,0,2,1,11,49,6
3471690,0,1029,0,40,2,0,2,1,11,41,6
3471700,0,1029,0,40,3,0,2,1,11,57,6
3471712,0,1029,0,40,2,0,2,1,11,87,6
3471722,0,1029,0,40,3,0,2,1,11,29,6
3471748,0,1029,0,40,2,0,2,1,11,47,6
3471770,0,1029,0,40,3,0,2,1,11,28,6
3471772,0,1029,0,40,2,0,2,1,11,54,6
3471786,0,1029,0,40,3,0,2,1,11,14,6
3466531,0,1029,0,40,3,2,2,1,15,41,6
3435325,0,1029,0,40,3,7,2,1,58,53,6
3451796,0,1029,0,40,2,4,2,1,48,60,6
3426726,0,1029,0,40,3,9,2,1,79,67,6
3436257,0,1029,0,40,2,5,2,1,61,9,6
3451416,0,1029,0,40,2,6,2,1,28,31,6
3466675,0,1029,0,40,3,2,2,1,14,64,6
3468040,0,1029,0,40,3,1,2,1,18,29,6
3455009,0,1029,0,40,3,4,2,1,32,39,6
3466539,0,1029,0,40,2,1,2,1,17,16,6
3464243,0,1029,0,40,2,2,2,1,26,42,6
3386631,0,1029,0,40,3,16,2,1,115,21,6
3452990,0,1029,0,40,2,7,2,1,31,24,6
3465191,0,1029,0,40,3,2,2,1,17,58,6
3456425,0,1029,0,40,2,5,2,1,31,17,6
3419442,0,1029,0,40,2,9,2,1,64,61,6
3470145,0,1029,0,40,3,1,2,1,11,11,6
3402751,0,1029,0,40,2,9,2,1,101,29,6
3461146,0,1029,0,40,3,3,2,1,30,25,6
3463248,0,1029,0,40,2,2,2,1,29,60,6
3433909,0,1029,0,40,3,5,2,1,66,41,6
3374132,0,1029,0,40,3,21,2,1,149,34,6
3463764,0,1029,0,40,3,4,2,1,20,24,6
3400666,0,1029,0,40,3,16,2,1,89,23,6
3469821,0,1029,0,40,2,1,2,1,13,13,6
3427035,0,1029,0,40,3,9,2,1,73,38,6
3468475,0,1029,0,40,3,2,2,1,14,82,6
3469906,0,1029,0,40,2,1,2,1,11,17,6
3445932,0,1029,0,40,2,6,2,1,49,76,6
3459689,0,1029,0,40,3,3,2,1,40,57,6
3467122,0,1029,0,40,2,1,2,1,24,78,6
3469210,0,1029,0,40,3,1,2,1,16,55,6
3455445,0,1029,0,40,2,4,2,1,37,31,6
3462617,0,1029,0,40,2,3,2,1,25,33,6
3470105,0,1029,0,40,2,1,2,1,13,27,6
3467449,0,1029,0,40,3,2,2,1,13,41,6
3441755,0,1029,0,40,3,6,2,1,51,49,6
3449755,0,1029,0,40,3,7,2,1,36,30,6
3370637,0,1029,0,40,3,14,2,1,86,68,6
3459253,0,1029,0,40,2,4,2,1,26,50,6
3467514,0,1029,0,40,2,2,2,1,12,34,6
3435812,0,1029,0,40,2,8,2,1,52,64,6
3430543,0,1029,0,40,3,8,2,1,70,14,6
3465574,0,1029,0,40,2,2,2,1,24,48,6
3465388,0,1029,0,40,2,2,2,1,27,42,6
3466871,0,1029,0,40,3,3,2,1,22,31,6
3464158,0,1029,0,40,2,2,2,1,20,40,6
3460271,0,1029,0,40,2,4,2,1,27,48,6
3469709,0,1029,0,40,2,1,2,1,15,84,6
3417251,0,1029,0,40,2,14,2,1,88,32,6
3460565,0,1029,0,40,2,3,2,1,35,12,6
3461165,0,1029,0,40,2,5,2,1,29,24,6
3470513,0,1029,0,40,2,1,2,1,13,69,6
3467559,0,1029,0,40,3,2,2,1,15,46,6
3468574,0,1029,0,40,3,2,2,1,15,59,6
3465415,0,1029,0,40,2,3,2,1,17,37,6
3459968,0,1029,0,40,3,2,2,1,36,31,6
3468079,0,1029,0,40,2,2,2,1,16,23,6
3466797,0,1029,0,40,3,3,2,1,20,11,6
3470960,0,1029,0,40,2,1,2,1,11,25,6
3443429,0,1029,0,40,3,7,2,1,61,45,6
3467209,0,1029,0,40,2,1,2,1,19,21,6
3450250,0,1029,0,40,3,5,2,1,50,29,6
3465682,0,1029,0,40,3,2,2,1,23,66,6
3470079,0,1029,0,40,3,1,2,1,15,51,6
3466119,0,1029,0,40,2,3,2,1,18,76,6
3436998,0,1029,0,40,2,6,2,1,70,58,6
3469902,0,1029,0,40,2,1,2,1,13,60,6
3431278,0,1029,0,40,3,11,2,1,66,39,6
3465923,0,1029,0,40,3,4,2,1,21,42,6
3470940,0,1029,0,40,3,1,2,1,12,27,6
3378825,0,1029,0,40,3,24,2,1,122,47,6
3463142,0,1029,0,40,2,3,2,1,22,28,6
3468684,0,1029,0,40,3,2,2,1,16,37,6
3441259,0,1029,0,40,2,9,2,1,45,80,6
3470448,0,1029,0,40,2,1,2,1,11,44,6
3471040,0,1029,0,40,3,1,2,1,11,55,6
3448834,0,1029,0,40,2,6,2,1,48,60,6
3420327,0,1029,0,40,3,12,2,1,81,35,6
3457288,0,1029,0,40,3,4,2,1,42,65,6
3461945,0,1029,0,40,2,4,2,1,31,25,6
3469796,0,1029,0,40,3,1,2,1,18,60,6
3470541,0,1029,0,40,2,1,2,1,14,56,6
3460447,0,1029,0,40,2,4,2,1,26,26,6
3431698,0,1029,0,40,3,11,2,1,56,37,6
3467095,0,1029,0,40,2,3,2,1,19,35,6
3469093,0,1029,0,40,3,2,2,1,13,27,6
3462454,0,1029,0,40,3,4,2,1,30,33,6
3465794,0,1029,0,40,2,2,2,1,29,43,6
3468837,0,1029,0,40,2,1,2,1,22,59,6
3458377,0,1029,0,40,3,5,2,1,32,22,6
3458396,0,1029,0,40,2,4,2,1,36,34,6
3437956,0,1029,0,40,2,8,2,1,61,59,6
3468877,0,1029,0,40,2,2,2,1,18,52,6
3447922,0,1029,0,40,3,7,2,1,56,40,6
3469442,0,1029,0,40,2,1,2,1,21,45,6
3471049,0,1029,0,40,3,0,2,1,10,63,6
3471269,0,1029,0,40,3,0,2,1,10,55,6
3471317,0,1029,0,40,2,0,2,1,10,26,6
3471451,0,1029,0,40,3,0,2,1,10,58,6
3471531,0,1029,0,40,3,0,2,1,10,78,6
3471539,0,1029,0,40,2,0,2,1,10,63,6
3471593,0,1029,0,40,3,0,2,1,10,23,6
3471629,0,1029,0,40,2,0,2,1,10,68,6
3471669,0,1029,0,40,3,0,2,1,10,37,6
3471681,0,1029,0,40,2,0,2,1,10,88,6
3471689,0,1029,0,40,2,0,2,1,10,11,6
3471713,0,1029,0,40,2,0,2,1,10,30,6
3471769,0,1029,0,40,3,0,2,1,10,59,6
3471836,0,1029,0,40,2,0,2,1,10,27,6
3471840,0,1029,0,40,3,0,2,1,10,39,6
3471874,0,1029,0,40,3,0,2,1,10,48,6
3471898,0,1029,0,40,2,0,2,1,10,39,6
3471916,0,1029,0,40,2,0,2,1,10,37,6
3471920,0,1029,0,40,3,0,2,1,10,65,6
3471942,0,1029,0,40,2,0,2,1,10,49,6
3471962,0,1029,0,40,2,0,2,1,10,63,6
3471986,0,1029,0,40,3,0,2,1,10,39,6
3471998,0,1029,0,40,3,0,2,1,10,77,6
3472000,0,1029,0,40,3,0,2,1,10,74,6
3464418,0,1029,0,40,3,2,2,1,19,27,6
3459851,0,1029,0,40,2,2,2,1,38,59,6
3455127,1,1029,1012,25.574,3,7,2,1,34,115,6
3450391,0,1029,0,40,3,5,2,1,41,52,6
3435659,1,1029,978,34.1466,2,7,2,1,63,60,6
3465545,0,1029,0,40,2,2,2,1,22,57,6
3375069,0,1029,0,40,3,21,2,1,141,44,6
3450075,0,1029,0,40,2,9,2,1,26,29,6
3460024,0,1029,0,40,2,3,2,1,32,67,6
3397441,0,1029,0,40,3,17,2,1,97,37,6
3468247,0,1029,0,40,3,1,2,1,12,79,6
3445551,0,1029,0,40,3,6,2,1,51,33,6
3441714,0,1029,0,40,3,8,2,1,47,81,6
3444170,0,1029,0,40,2,7,2,1,51,93,6
3467916,0,1029,0,40,3,1,2,1,20,34,6
3461850,0,1029,0,40,2,3,2,1,28,41,6
3461695,0,1029,0,40,3,3,2,1,28,39,6
3467314,0,1029,0,40,3,2,2,1,16,10,6
3400132,0,1029,0,40,2,13,2,1,100,25,6
3469883,0,1029,0,40,2,1,2,1,12,28,6
3459301,0,1029,0,40,2,2,2,1,28,49,6
3457779,0,1029,0,40,2,4,2,1,34,14,6
3427811,0,1029,0,40,3,8,2,1,69,39,6
3459659,0,1029,0,40,2,3,2,1,38,17,6
3401388,0,1029,0,40,3,15,2,1,101,32,6
3460195,0,1029,0,40,2,4,2,1,30,57,6
3455461,0,1029,0,40,2,4,2,1,41,35,6
3455007,0,1029,0,40,2,4,2,1,46,16,6
3470207,0,1029,0,40,2,1,2,1,12,24,6
3468648,0,1029,0,40,2,2,2,1,11,67,6
3430339,0,1029,0,40,2,10,2,1,63,106,6
3468466,0,1029,0,40,2,2,2,1,16,64,6
3462936,0,1029,0,40,2,4,2,1,20,46,6
3435793,1,1029,935,40,2,8,2,1,62,28,6
3423992,0,1029,0,40,2,11,2,1,58,18,6
3462327,0,1029,0,40,3,3,2,1,31,12,6
3410976,0,1029,0,40,3,14,2,1,94,41,6
3469965,0,1029,0,40,3,1,2,1,14,66,6
3468725,0,1029,0,40,3,2,2,1,15,56,6
3458058,0,1029,0,40,2,4,2,1,34,49,6
3463463,0,1029,0,40,2,4,2,1,24,45,6
3467725,0,1029,0,40,3,2,2,1,11,44,6
3449890,0,1029,0,40,2,5,2,1,52,51,6
3467165,0,1029,0,40,2,3,2,1,16,52,6
3469958,0,1029,0,40,3,1,2,1,10,30,6
3470798,0,1029,0,40,3,1,2,1,10,47,6
3450260,0,1029,0,40,2,5,2,1,53,11,6
3466319,0,1029,0,40,2,2,2,1,21,43,6
3456107,0,1029,0,40,2,5,2,1,37,39,6
3468256,0,1029,0,40,2,2,2,1,18,33,6
3442944,0,1029,0,40,3,9,2,1,47,29,6
3468214,0,1029,0,40,3,2,2,1,16,30,6
3469893,0,1029,0,40,3,1,2,1,15,44,6
3458147,0,1029,0,40,3,5,2,1,31,36,6
3466829,0,1029,0,40,3,3,2,1,19,79,6
3465679,0,1029,0,40,3,4,2,1,25,40,6
3449040,0,1029,0,40,2,6,2,1,45,102,6
3455853,0,1029,0,40,3,5,2,1,31,42,6
3470406,0,1029,0,40,3,1,2,1,12,39,6
3465768,0,1029,0,40,3,3,2,1,17,47,6
3423354,0,1029,0,40,2,11,2,1,81,33,6
3466141,0,1029,0,40,3,2,2,1,23,24,6
3459902,0,1029,0,40,2,5,2,1,32,69,6
3443356,0,1029,0,40,2,9,2,1,40,27,6
3470013,0,1029,0,40,3,2,2,1,11,46,6
3467269,0,1029,0,40,2,3,2,1,16,43,6
3424757,0,1029,0,40,3,10,2,1,86,54,6
3470592,0,1029,0,40,3,1,2,1,10,44,6
3452179,0,1029,0,40,3,3,2,1,58,41,6
3431164,0,1029,0,40,2,8,2,1,67,62,6
3469227,0,1029,0,40,3,1,2,1,19,54,6
3465360,0,1029,0,40,3,3,2,1,20,19,6
3454240,0,1029,0,40,3,5,2,1,39,59,6
3464627,0,1029,0,40,3,3,2,1,22,66,6
3466862,0,1029,0,40,3,2,2,1,16,36,6
3460159,0,1029,0,40,2,5,2,1,34,35,6
3469548,0,1029,0,40,2,2,2,1,15,17,6
3470385,0,1029,0,40,2,1,2,1,14,24,6
3465772,0,1029,0,40,2,3,2,1,18,25,6
3433142,0,1029,0,40,2,8,2,1,76,68,6
3420729,0,1029,0,40,2,13,2,1,61,74,6
3421718,0,1029,0,40,2,10,2,1,74,63,6
3399870,0,1029,0,40,2,16,2,1,96,28,6
3468527,0,1029,0,40,3,2,2,1,19,53,6
3470948,0,1029,0,40,3,1,2,1,12,54,6
3469200,0,1029,0,40,3,2,2,1,12,47,6
3468879,0,1029,0,40,2,2,2,1,16,62,6
3465789,0,1029,0,40,3,4,2,1,21,27,6
3467928,0,1029,0,40,3,2,2,1,16,88,6
3467125,0,1029,0,40,3,3,2,1,14,45,6
3433571,0,1029,0,40,3,10,2,1,53,62,6
3397716,0,1029,0,40,2,14,2,1,116,4,6
3460487,0,1029,0,40,3,4,2,1,28,73,6
3470933,0,1029,0,40,2,1,2,1,10,48,6
3471043,0,1029,0,40,3,1,2,1,10,42,6
3442082,0,1029,0,40,2,10,2,1,56,58,6
3440917,0,1029,0,40,2,8,2,1,48,38,6
3405040,0,1029,0,40,2,10,2,1,116,22,6
3430863,1,1029,935,40,2,12,2,1,60,68,6
3431776,0,1029,0,40,2,6,2,1,74,53,6
3435329,0,1029,0,40,2,4,2,1,84,40,6
3464845,0,1029,0,40,2,4,2,1,22,40,6
3470352,0,1029,0,40,3,1,2,1,12,44,6
3456136,0,1029,0,40,3,7,2,1,25,63,6
3442615,0,1029,0,40,2,8,2,1,46,69,6
3470650,0,1029,0,40,3,2,2,1,12,18,6
3459627,0,1029,0,40,3,5,2,1,30,34,6
3465553,0,1029,0,40,3,2,2,1,30,20,6
3449659,0,1029,0,40,2,6,2,1,51,73,6
3465178,0,1029,0,40,2,2,2,1,28,35,6
3452953,0,1029,0,40,2,6,2,1,33,53,6
3464346,0,1029,0,40,2,4,2,1,22,87,6
3449184,0,1029,0,40,3,7,2,1,43,29,6
3469911,0,1029,0,40,3,2,2,1,16,54,6
3468546,0,1029,0,40,3,2,2,1,20,33,6
3466552,0,1029,0,40,3,3,2,1,26,48,6
3386865,0,1029,0,40,2,18,2,1,118,72,6
3467639,0,1029,0,40,2,3,2,1,18,38,6
3446120,0,1029,0,40,3,7,2,1,47,71,6
3471277,0,1029,0,40,2,0,2,1,9,16,6
3471341,0,1029,0,40,2,0,2,1,9,65,6
3471487,0,1029,0,40,2,0,2,1,9,27,6
3471611,0,1029,0,40,3,0,2,1,9,31,6
3471635,0,1029,0,40,2,0,2,1,9,54,6
3471707,0,1029,0,40,3,0,2,1,9,13,6
3471795,0,1029,0,40,2,0,2,1,9,101,6
3471803,0,1029,0,40,3,0,2,1,9,26,6
3471821,0,1029,0,40,2,0,2,1,9,52,6
3471853,0,1029,0,40,3,0,2,1,9,24,6
3471901,0,1029,0,40,3,0,2,1,9,53,6
3471957,0,1029,0,40,3,0,2,1,9,43,6
3471973,0,1029,0,40,3,0,2,1,9,39,6
3472011,0,1029,0,40,2,0,2,1,9,42,6
3472015,0,1029,0,40,2,0,2,1,9,48,6
3472023,0,1029,0,40,3,0,2,1,9,46,6
3472051,0,1029,0,40,2,0,2,1,9,71,6
3472065,0,1029,0,40,2,0,2,1,9,53,6
3472069,0,1029,0,40,2,0,2,1,9,64,6
3472071,0,1029,0,40,3,0,2,1,9,27,6
3472093,0,1029,0,40,2,0,2,1,9,23,6
3472107,0,1029,0,40,3,0,2,1,9,33,6
3472141,0,1029,0,40,3,0,2,1,9,75,6
3472157,0,1029,0,40,2,0,2,1,9,62,6
3472167,0,1029,0,40,3,0,2,1,9,33,6
3472179,0,1029,0,40,2,0,2,1,9,13,6
3472197,0,1029,0,40,2,0,2,1,9,35,6
3472205,0,1029,0,40,3,0,2,1,9,48,6
3472211,0,1029,0,40,3,0,2,1,9,83,6
3454942,0,1029,0,40,3,5,2,1,24,57,6
3430941,0,1029,0,40,3,8,2,1,56,27,6
3467591,0,1029,0,40,3,1,2,1,18,25,6
3463178,0,1029,0,40,3,3,2,1,21,67,6
3466822,0,1029,0,40,3,1,2,1,20,31,6
3414688,0,1029,0,40,3,8,2,1,97,87,6
3445442,0,1029,0,40,2,6,2,1,51,25,6
3464981,0,1029,0,40,2,3,2,1,15,34,6
3412111,0,1029,0,40,3,14,2,1,69,39,6
3467225,0,1029,0,40,2,1,2,1,17,12,6
3462821,0,1029,0,40,3,4,2,1,22,30,6
3461406,0,1029,0,40,3,4,2,1,21,14,6
3467245,0,1029,0,40,3,2,2,1,17,32,6
3462156,0,1029,0,40,2,3,2,1,32,26,6
3467770,0,1029,0,40,2,2,2,1,11,19,6
3459269,0,1029,0,40,3,3,2,1,27,57,6
3470002,0,1029,0,40,2,1,2,1,9,46,6
3451257,0,1029,0,40,2,5,2,1,50,31,6
3468815,0,1029,0,40,2,1,2,1,16,64,6
3414387,1,1029,907,40,2,11,2,1,83,94,6
3415973,0,1029,0,40,3,10,2,1,73,37,6
3465652,0,1029,0,40,3,3,2,1,17,40,6
3469412,0,1029,0,40,2,2,2,1,12,25,6
3466837,0,1029,0,40,2,2,2,1,18,74,6
3437616,0,1029,0,40,2,9,2,1,63,48,6
3470691,0,1029,0,40,3,1,2,1,9,51,6
3453027,0,1029,0,40,2,5,2,1,44,26,6
3457832,0,1029,0,40,3,2,2,1,43,21,6
3464984,0,1029,0,40,3,2,2,1,22,33,6
3455847,0,1029,0,40,2,5,2,1,36,22,6
3461711,0,1029,0,40,2,4,2,1,27,39,6
3469401,0,1029,0,40,3,1,2,1,13,60,6
3467672,0,1029,0,40,2,2,2,1,14,20,6
3467785,0,1029,0,40,3,2,2,1,18,55,6
3447798,0,1029,0,40,2,5,2,1,48,18,6
3451918,0,1029,0,40,3,4,2,1,38,54,6
3465413,0,1029,0,40,3,3,2,1,19,27,6
3469474,0,1029,0,40,2,2,2,1,11,62,6
3421177,0,1029,0,40,2,11,2,1,73,75,6
3462812,0,1029,0,40,3,2,2,1,31,86,6
3401973,0,1029,0,40,3,15,2,1,89,20,6
3433592,0,1029,0,40,2,8,2,1,62,49,6
3463837,0,1029,0,40,3,2,2,1,28,43,6
3451069,0,1029,0,40,2,6,2,1,38,29,6
3468717,0,1029,0,40,3,1,2,1,18,29,6
3457313,0,1029,0,40,3,5,2,1,38,28,6
3453107,0,1029,0,40,2,5,2,1,37,77,6
3455659,0,1029,0,40,2,5,2,1,38,13,6
3460492,0,1029,0,40,3,4,2,1,26,41,6
3466663,0,1029,0,40,2,3,2,1,14,34,6
3469914,0,1029,0,40,2,1,2,1,12,42,6
3464093,0,1029,0,40,2,4,2,1,20,70,6
3458879,0,1029,0,40,2,5,2,1,27,42,6
3453356,1,1029,974,25.4514,3,7,2,1,38,61,6
3446299,0,1029,0,40,2,8,2,1,45,24,6
3470682,0,1029,0,40,3,1,2,1,10,73,6
3470832,0,1029,0,40,3,1,2,1,10,27,6
3467627,0,1029,0,40,2,2,2,1,20,93,6
3468956,0,1029,0,40,2,2,2,1,14,61,6
3463841,0,1029,0,40,2,4,2,1,25,69,6
3457380,0,1029,0,40,2,4,2,1,40,61,6
3431336,0,1029,0,40,3,7,2,1,82,45,6
3463137,0,1029,0,40,3,3,2,1,35,49,6
3463193,0,1029,0,40,3,3,2,1,30,83,6
3458463,0,1029,0,40,2,3,2,1,40,24,6
3469410,0,1029,0,40,3,1,2,1,17,43,6
3401896,0,1029,0,40,3,12,2,1,86,47,6
3468339,0,1029,0,40,3,2,2,1,15,40,6
3432583,0,1029,0,40,3,11,2,1,62,34,6
3469948,0,1029,0,40,2,1,2,1,14,43,6
3464291,0,1029,0,40,3,4,2,1,20,70,6
3469081,0,1029,0,40,3,2,2,1,14,23,6
3442257,0,1029,0,40,3,8,2,1,42,25,6
3470743,0,1029,0,40,2,1,2,1,12,45,6
3435023,0,1029,0,40,2,10,2,1,48,55,6
3470926,0,1029,0,40,2,1,2,1,11,54,6
3414880,0,1029,0,40,3,12,2,1,87,102,6
3464526,0,1029,0,40,2,3,2,1,25,59,6
3445420,0,1029,0,40,3,9,2,1,49,44,6
3460527,0,1029,0,40,3,4,2,1,31,38,6
3458878,0,1029,0,40,3,4,2,1,33,44,6
3470861,0,1029,0,40,2,1,2,1,9,20,6
3471308,0,1029,0,40,3,1,2,1,9,39,6
3443769,0,1029,0,40,2,8,2,1,55,81,6
3469334,0,1029,0,40,3,1,2,1,18,37,6
3426790,0,1029,0,40,3,10,2,1,69,45,6
3443895,0,1029,0,40,3,8,2,1,44,21,6
3420074,0,1029,0,40,3,10,2,1,84,45,6
3464731,0,1029,0,40,2,3,2,1,24,33,6
3397791,0,1029,0,40,2,19,2,1,79,35,6
3459060,0,1029,0,40,3,6,2,1,24,80,6
3457880,0,1029,0,40,2,6,2,1,29,38,6
3465780,0,1029,0,40,3,2,2,1,21,68,6
3459870,0,1029,0,40,2,4,2,1,30,30,6
3419129,0,1029,0,40,2,10,2,1,71,63,6
3437235,0,1029,0,40,3,9,2,1,53,31,6
3471083,0,1029,0,40,2,1,2,1,10,52,6
3467062,0,1029,0,40,3,2,2,1,20,45,6
3376300,1,1029,924,40,2,23,2,1,121,29,6
3471570,0,1029,0,40,2,1,2,1,9,84,6
3445908,0,1029,0,40,3,7,2,1,50,47,6
3460348,0,1029,0,40,3,4,2,1,31,45,6
3465254,0,1029,0,40,2,4,2,1,20,47,6
3441828,0,1029,0,40,3,7,2,1,50,39,6
3442121,0,1029,0,40,2,7,2,1,58,13,6
3470366,0,1029,0,40,3,2,2,1,13,53,6
3462295,0,1029,0,40,2,3,2,1,32,68,6
3463555,0,1029,0,40,2,4,2,1,22,63,6
3404594,0,1029,0,40,2,16,2,1,83,41,6
3470713,0,1029,0,40,2,2,2,1,12,37,6
3467557,0,1029,0,40,3,2,2,1,14,26,6
3406601,0,1029,0,40,2,16,2,1,81,26,6
3464831,0,1029,0,40,2,2,2,1,29,60,6
3470173,0,1029,0,40,2,2,2,1,12,121,6
3384804,0,1029,0,40,3,15,2,1,125,46,6
3469543,0,1029,0,40,2,1,2,1,17,92,6
3466789,0,1029,0,40,2,2,2,1,27,56,6
3353602,0,1029,0,40,2,20,2,1,143,72,6
3384131,0,1029,0,40,2,20,2,1,116,28,6
3446510,0,1029,0,40,3,6,2,1,49,10,6
3471310,0,1029,0,40,2,1,2,1,12,22,6
3463338,0,1029,0,40,2,2,2,1,29,55,6
3461468,0,1029,0,40,3,4,2,1,30,35,6
3462421,0,1029,0,40,2,4,2,1,25,54,6
3471579,0,1029,0,40,3,1,2,1,9,35,6
3470752,0,1029,0,40,3,1,2,1,11,47,6
3471511,0,1029,0,40,2,0,2,1,8,45,6
3471591,0,1029,0,40,2,0,2,1,8,28,6
3471719,0,1029,0,40,3,0,2,1,8,29,6
3471799,0,1029,0,40,2,0,2,1,8,28,6
3471851,0,1029,0,40,2,0,2,1,8,69,6
3471867,0,1029,0,40,2,0,2,1,8,83,6
3471915,0,1029,0,40,2,0,2,1,8,32,6
3471931,0,1029,0,40,2,0,2,1,8,14,6
3471963,0,1029,0,40,2,0,2,1,8,84,6
3471995,0,1029,0,40,2,0,2,1,8,25,6
3472030,0,1029,0,40,2,0,2,1,8,62,6
3472034,0,1029,0,40,2,0,2,1,8,115,6
3472050,0,1029,0,40,2,0,2,1,8,81,6
3472058,0,1029,0,40,3,0,2,1,8,30,6
3472062,0,1029,0,40,3,0,2,1,8,67,6
3472066,0,1029,0,40,2,0,2,1,8,51,6
3472078,0,1029,0,40,3,0,2,1,8,14,6
3472082,0,1029,0,40,2,0,2,1,8,61,6
3472106,0,1029,0,40,2,0,2,1,8,31,6
3472134,0,1029,0,40,3,0,2,1,8,28,6
3472146,0,1029,0,40,3,0,2,1,8,14,6
3472166,0,1029,0,40,2,0,2,1,8,40,6
3472170,0,1029,0,40,2,0,2,1,8,93,6
3472178,0,1029,0,40,3,0,2,1,8,38,6
3472186,0,1029,0,40,3,0,2,1,8,27,6
3472206,0,1029,0,40,2,0,2,1,8,26,6
3472234,0,1029,0,40,3,0,2,1,8,82,6
3472238,0,1029,0,40,2,0,2,1,8,50,6
3472248,0,1029,0,40,3,0,2,1,8,23,6
3472262,0,1029,0,40,3,0,2,1,8,34,6
3472276,0,1029,0,40,3,0,2,1,8,26,6
3472292,0,1029,0,40,2,0,2,1,8,31,6
3472304,0,1029,0,40,3,0,2,1,8,50,6
3472310,0,1029,0,40,3,0,2,1,8,39,6
3472330,0,1029,0,40,2,0,2,1,8,21,6
3472336,0,1029,0,40,2,0,2,1,8,36,6
3472338,0,1029,0,40,2,0,2,1,8,47,6
3472356,0,1029,0,40,3,0,2,1,8,26,6
3472360,0,1029,0,40,2,0,2,1,8,39,6
3472364,0,1029,0,40,2,0,2,1,8,49,6
3472380,0,1029,0,40,3,0,2,1,8,59,6
3472390,0,1029,0,40,3,0,2,1,8,11,6
3472398,0,1029,0,40,3,0,2,1,8,49,6
3472400,0,1029,0,40,3,0,2,1,8,23,6
3457001,0,1029,0,40,3,4,2,1,30,39,6
3468416,0,1029,0,40,3,1,2,1,14,78,6
3469692,0,1029,0,40,3,1,2,1,10,77,6
3455385,0,1029,0,40,2,3,2,1,40,78,6
3436603,0,1029,0,40,3,8,2,1,53,37,6
3430479,0,1029,0,40,3,11,2,1,51,52,6
3470049,0,1029,0,40,2,1,2,1,10,138,6
3457187,0,1029,0,40,2,4,2,1,33,43,6
3458911,0,1029,0,40,2,5,2,1,25,26,6
3466805,0,1029,0,40,2,2,2,1,9,20,6
3467092,0,1029,0,40,2,2,2,1,17,31,6
3468784,0,1029,0,40,3,1,2,1,16,42,6
3465538,0,1029,0,40,2,2,2,1,16,24,6
3452465,0,1029,0,40,2,6,2,1,34,17,6
3432823,0,1029,0,40,3,10,2,1,58,43,6
3462251,0,1029,0,40,3,2,2,1,34,27,6
3446663,0,1029,0,40,3,6,2,1,48,30,6
3446853,0,1029,0,40,3,6,2,1,50,121,6
3375035,0,1029,0,40,3,19,2,1,140,58,6
3421828,0,1029,0,40,3,10,2,1,65,47,6
3469527,0,1029,0,40,2,1,2,1,13,29,6
3376358,0,1029,0,40,3,20,2,1,126,56,6
3469671,0,1029,0,40,3,1,2,1,11,38,6
3367743,0,1029,0,40,3,19,2,1,146,30,6
3470282,0,1029,0,40,2,1,2,1,10,26,6
3419590,0,1029,0,40,3,10,2,1,83,34,6
3470629,0,1029,0,40,2,1,2,1,9,38,6
3456153,0,1029,0,40,3,3,2,1,40,58,6
3461305,0,1029,0,40,3,2,2,1,38,22,6
3401875,0,1029,0,40,3,11,2,1,101,91,6
3461363,0,1029,0,40,3,4,2,1,27,47,6
3455170,0,1029,0,40,2,3,2,1,52,16,6
3461432,0,1029,0,40,2,4,2,1,24,42,6
3460617,0,1029,0,40,3,4,2,1,24,27,6
3449726,0,1029,0,40,3,7,2,1,31,58,6
3462221,0,1029,0,40,3,3,2,1,23,36,6
3456828,0,1029,0,40,3,7,2,1,30,44,6
3398782,0,1029,0,40,3,13,2,1,93,65,6
3470920,0,1029,0,40,3,1,2,1,9,44,6
3456324,0,1029,0,40,2,6,2,1,22,43,6
3409701,0,1029,0,40,3,14,2,1,78,38,6
3471074,0,1029,0,40,2,1,2,1,8,33,6
3435353,0,1029,0,40,3,10,2,1,68,18,6
3456821,0,1029,0,40,2,4,2,1,42,24,6
3469330,0,1029,0,40,3,1,2,1,16,24,6
3392936,0,1029,0,40,3,16,2,1,86,11,6
3451477,0,1029,0,40,3,5,2,1,43,31,6
3440150,0,1029,0,40,3,8,2,1,47,33,6
3420350,0,1029,0,40,3,9,2,1,83,38,6
3425955,1,1029,980,38.1542,2,10,2,1,54,53,6
3466721,0,1029,0,40,2,3,2,1,15,53,6
3466998,0,1029,0,40,3,2,2,1,21,36,6
3470346,0,1029,0,40,3,1,2,1,11,39,6
3470555,0,1029,0,40,2,1,2,1,11,26,6
3443459,0,1029,0,40,3,7,2,1,39,22,6
3470492,0,1029,0,40,2,1,2,1,10,75,6
3447747,0,1029,0,40,3,6,2,1,36,31,6
3468510,0,1029,0,40,3,2,2,1,14,66,6
3464676,0,1029,0,40,3,2,2,1,28,52,6
3469630,0,1029,0,40,2,2,2,1,12,33,6
3469910,0,1029,0,40,2,1,2,1,9,19,6
3471138,0,1029,0,40,3,1,2,1,9,29,6
3458346,0,1029,0,40,2,4,2,1,25,38,6
3468995,0,1029,0,40,2,2,2,1,9,23,6
3409047,0,1029,0,40,3,11,2,1,102,58,6
3462793,0,1029,0,40,2,6,2,1,22,42,6
3470837,0,1029,0,40,2,1,2,1,8,67,6
3443487,0,1029,0,40,3,6,2,1,51,61,6
3459355,0,1029,0,40,3,5,2,1,29,62,6
3465937,0,1029,0,40,3,1,2,1,23,23,6
3467688,0,1029,0,40,3,2,2,1,22,45,6
3456881,0,1029,0,40,2,4,2,1,40,16,6
3425272,0,1029,0,40,2,9,2,1,74,45,6
3461250,0,1029,0,40,2,4,2,1,30,32,6
3469355,0,1029,0,40,3,1,2,1,16,13,6
3451105,0,1029,0,40,3,5,2,1,53,49,6
3469931,0,1029,0,40,3,1,2,1,15,35,6
3449330,0,1029,0,40,3,6,2,1,47,56,6
3458406,0,1029,0,40,3,2,2,1,43,51,6
3467731,0,1029,0,40,2,2,2,1,18,47,6
3470126,0,1029,0,40,3,1,2,1,13,54,6
3470489,0,1029,0,40,3,1,2,1,13,65,6
3418851,0,1029,0,40,3,12,2,1,77,75,6
3442846,0,1029,0,40,2,7,2,1,58,35,6
3463789,0,1029,0,40,3,3,2,1,15,52,6
3464615,0,1029,0,40,3,3,2,1,25,81,6
3444754,0,1029,0,40,2,9,2,1,47,21,6
3457410,0,1029,0,40,3,7,2,1,28,34,6
3449242,0,1029,0,40,2,8,2,1,36,53,6
3470060,0,1029,0,40,3,1,2,1,9,59,6
3470676,0,1029,0,40,3,1,2,1,9,30,6
3470821,0,1029,0,40,2,1,2,1,9,15,6
3458629,0,1029,0,40,3,5,2,1,26,27,6
3366764,0,1029,0,40,3,21,2,1,128,39,6
3471093,0,1029,0,40,2,1,2,1,8,68,6
3471548,0,1029,0,40,3,1,2,1,8,38,6
3407865,0,1029,0,40,3,13,2,1,97,14,6
3458902,0,1029,0,40,2,4,2,1,27,39,6
3446519,0,1029,0,40,3,4,2,1,64,77,6
3460378,0,1029,0,40,3,4,2,1,33,30,6
3464467,0,1029,0,40,3,3,2,1,28,35,6
3453476,0,1029,0,40,2,6,2,1,30,25,6
3408718,0,1029,0,40,3,11,2,1,95,57,6
3467765,0,1029,0,40,2,2,2,1,12,31,6
3460583,0,1029,0,40,2,4,2,1,23,44,6
3455099,0,1029,0,40,2,6,2,1,33,19,6
3369527,0,1029,0,40,3,22,2,1,104,91,6
3449467,0,1029,0,40,3,9,2,1,37,26,6
3471059,0,1029,0,40,2,1,2,1,10,60,6
3468205,0,1029,0,40,2,2,2,1,16,25,6
3469359,0,1029,0,40,3,2,2,1,13,49,6
3463088,0,1029,0,40,2,3,2,1,17,46,6
3446070,0,1029,0,40,2,5,2,1,60,34,6
3470048,0,1029,0,40,2,2,2,1,10,51,6
3462649,0,1029,0,40,2,5,2,1,20,34,6
3417483,0,1029,0,40,2,13,2,1,74,42,6
3455274,0,1029,0,40,3,5,2,1,43,46,6
3458832,0,1029,0,40,2,3,2,1,37,26,6
3426761,0,1029,0,40,2,9,2,1,81,37,6
3468870,0,1029,0,40,2,1,2,1,19,35,6
3457120,0,1029,0,40,3,4,2,1,45,28,6
3439273,0,1029,0,40,3,8,2,1,57,80,6
3470089,0,1029,0,40,3,1,2,1,16,54,6
3467495,0,1029,0,40,2,3,2,1,20,49,6
3450685,0,1029,0,40,3,6,2,1,40,19,6
3421801,0,1029,0,40,2,14,2,1,64,48,6
3470771,0,1029,0,40,2,1,2,1,12,41,6
3461819,0,1029,0,40,3,2,2,1,31,85,6
3469223,0,1029,0,40,3,3,2,1,13,61,6
3449589,0,1029,0,40,3,7,2,1,52,35,6
3468434,0,1029,0,40,2,2,2,1,17,37,6
3471556,0,1029,0,40,2,1,2,1,10,40,6
3466600,0,1029,0,40,2,3,2,1,21,58,6
3440949,0,1029,0,40,3,9,2,1,43,43,6
3456914,0,1029,0,40,2,3,2,1,40,55,6
3447954,0,1029,0,40,2,9,2,1,37,68,6
3426465,0,1029,0,40,3,9,2,1,55,54,6
3470042,0,1029,0,40,3,2,2,1,10,22,6
3469018,0,1029,0,40,3,2,2,1,13,30,6
3471820,0,1029,0,40,2,1,2,1,8,53,6
3447520,0,1029,0,40,2,6,2,1,49,38,6
3469620,0,1029,0,40,3,1,2,1,19,39,6
3441728,0,1029,0,40,3,6,2,1,48,55,6
3471159,0,1029,0,40,3,1,2,1,12,17,6
3436973,0,1029,0,40,3,10,2,1,53,33,6
3468433,0,1029,0,40,2,2,2,1,15,39,6
3467938,0,1029,0,40,2,3,2,1,15,31,6
3468579,0,1029,0,40,2,2,2,1,15,39,6
3468252,0,1029,0,40,3,2,2,1,16,45,6
3449472,0,1029,0,40,3,8,2,1,40,27,6
3471535,0,1029,0,40,3,1,2,1,8,40,6
3467847,0,1029,0,40,2,2,2,1,19,58,6
3470776,0,1029,0,40,3,1,2,1,15,89,6
3471423,0,1029,0,40,2,0,2,1,7,35,6
3471663,0,1029,0,40,2,0,2,1,7,41,6
3471727,0,1029,0,40,3,0,2,1,7,31,6
3471791,0,1029,0,40,2,0,2,1,7,11,6
3471815,0,1029,0,40,3,0,2,1,7,47,6
3471943,0,1029,0,40,2,0,2,1,7,52,6
3472012,0,1029,0,40,2,0,2,1,7,102,6
3472048,0,1029,0,40,2,0,2,1,7,25,6
3472064,0,1029,0,40,3,0,2,1,7,49,6
3472096,0,1029,0,40,3,0,2,1,7,24,6
3472128,0,1029,0,40,2,0,2,1,7,46,6
3472136,0,1029,0,40,3,0,2,1,7,54,6
3472208,0,1029,0,40,2,0,2,1,7,80,6
3472231,0,1029,0,40,3,0,2,1,7,28,6
3472247,0,1029,0,40,2,0,2,1,7,28,6
3472263,0,1029,0,40,2,0,2,1,7,31,6
3472279,0,1029,0,40,2,0,2,1,7,50,6
3472295,0,1029,0,40,3,0,2,1,7,52,6
3472303,0,1029,0,40,3,0,2,1,7,52,6
3472307,0,1029,0,40,2,0,2,1,7,45,6
3472327,0,1029,0,40,3,0,2,1,7,27,6
3472347,0,1029,0,40,3,0,2,1,7,36,6
3472359,0,1029,0,40,2,0,2,1,7,45,6
3472387,0,1029,0,40,3,0,2,1,7,69,6
3472403,0,1029,0,40,3,0,2,1,7,57,6
3472405,0,1029,0,40,3,0,2,1,7,67,6
3472407,0,1029,0,40,3,0,2,1,7,40,6
3472419,0,1029,0,40,3,0,2,1,7,118,6
3472431,0,1029,0,40,2,0,2,1,7,55,6
3472435,0,1029,0,40,2,0,2,1,7,53,6
3472445,0,1029,0,40,2,0,2,1,7,34,6
3472449,0,1029,0,40,3,0,2,1,7,43,6
3472455,0,1029,0,40,3,0,2,1,7,41,6
3472463,0,1029,0,40,3,0,2,1,7,20,6
3472465,0,1029,0,40,3,0,2,1,7,34,6
3472467,0,1029,0,40,2,0,2,1,7,32,6
3472477,0,1029,0,40,2,0,2,1,7,30,6
3472479,0,1029,0,40,3,0,2,1,7,33,6
3472483,0,1029,0,40,3,0,2,1,7,89,6
3472489,0,1029,0,40,2,0,2,1,7,43,6
3472499,0,1029,0,40,3,0,2,1,7,12,6
3472507,0,1029,0,40,3,0,2,1,7,36,6
3472511,0,1029,0,40,3,0,2,1,7,62,6
3472519,0,1029,0,40,3,0,2,1,7,35,6
3472525,0,1029,0,40,3,0,2,1,7,33,6
3472533,0,1029,0,40,2,0,2,1,7,49,6
3472541,0,1029,0,40,2,0,2,1,7,46,6
3472545,0,1029,0,40,2,0,2,1,7,64,6
3472551,0,1029,0,40,3,0,2,1,7,61,6
3472563,0,1029,0,40,2,0,2,1,7,34,6
3472565,0,1029,0,40,2,0,2,1,7,55,6
3472579,0,1029,0,40,3,0,2,1,7,70,6
3472585,0,1029,0,40,2,0,2,1,7,58,6
3472595,0,1029,0,40,2,0,2,1,7,49,6
3472599,0,1029,0,40,2,0,2,1,7,100,6
3465292,0,1029,0,40,2,2,2,1,18,6,6
3466807,0,1029,0,40,2,2,2,1,13,43,6
3460184,0,1029,0,40,3,3,2,1,25,78,6
3453069,0,1029,0,40,3,4,2,1,41,31,6
3459729,0,1029,0,40,2,4,2,1,20,53,6
3465820,0,1029,0,40,2,2,2,1,18,56,6
3466686,0,1029,0,40,2,1,2,1,22,31,6
3428990,0,1029,0,40,3,12,2,1,49,41,6
3412329,0,1029,0,40,3,10,2,1,86,62,6
3427661,0,1029,0,40,2,12,2,1,59,37,6
3470046,0,1029,0,40,2,1,2,1,7,27,6
3404376,0,1029,0,40,3,9,2,1,109,89,6
3451046,0,1029,0,40,2,4,2,1,37,29,6
3435080,0,1029,0,40,2,10,2,1,49,43,6
3470311,0,1029,0,40,2,1,2,1,9,71,6
3470064,0,1029,0,40,3,1,2,1,8,43,6
3466322,0,1029,0,40,2,2,2,1,16,30,6
3449573,0,1029,0,40,3,6,2,1,35,31,6
3409038,0,1029,0,40,2,14,2,1,79,91,6
3467080,0,1029,0,40,3,4,2,1,12,39,6
3465403,0,1029,0,40,2,2,2,1,16,86,6
3463488,0,1029,0,40,2,4,2,1,22,36,6
3463359,0,1029,0,40,3,2,2,1,29,25,6
3448201,0,1029,0,40,2,5,2,1,49,42,6
3457829,0,1029,0,40,3,4,2,1,25,36,6
3456810,0,1029,0,40,2,4,2,1,30,31,6
3464832,0,1029,0,40,2,2,2,1,18,38,6
3462497,0,1029,0,40,3,4,2,1,17,29,6
3467169,0,1029,0,40,2,2,2,1,12,53,6
3449720,0,1029,0,40,2,6,2,1,30,44,6
3438100,1,1029,975,40,2,10,2,1,50,31,6
3467885,0,1029,0,40,2,2,2,1,11,81,6
3465988,0,1029,0,40,3,3,2,1,16,31,6
3470733,0,1029,0,40,3,1,2,1,9,20,6
3378611,0,1029,0,40,2,20,2,1,129,32,6
3466515,0,1029,0,40,3,3,2,1,13,75,6
3463396,0,1029,0,40,2,4,2,1,18,33,6
3468158,0,1029,0,40,3,4,2,1,10,38,6
3457440,0,1029,0,40,2,5,2,1,41,88,6
3468313,0,1029,0,40,3,2,2,1,17,59,6
3457522,0,1029,0,40,2,4,2,1,28,94,6
3469074,0,1029,0,40,2,1,2,1,15,59,6
3469716,0,1029,0,40,3,1,2,1,14,46,6
3456388,0,1029,0,40,3,6,2,1,24,66,6
3454344,0,1029,0,40,2,6,2,1,25,18,6
3414960,0,1029,0,40,3,11,2,1,79,24,6
3469836,0,1029,0,40,3,1,2,1,12,14,6
3466719,0,1029,0,40,2,2,2,1,13,11,6
3464228,0,1029,0,40,2,2,2,1,23,20,6
3447144,0,1029,0,40,3,4,2,1,59,33,6
3411172,0,1029,0,40,3,12,2,1,88,65,6
3454335,0,1029,0,40,3,5,2,1,33,21,6
3442213,0,1029,0,40,2,10,2,1,34,18,6
3448609,0,1029,0,40,3,6,2,1,30,129,6
3469739,0,1029,0,40,2,1,2,1,10,50,6
3470666,0,1029,0,40,2,1,2,1,9,33,6
3454689,0,1029,0,40,3,4,2,1,38,35,6
3463170,0,1029,0,40,2,3,2,1,22,67,6
3463943,0,1029,0,40,3,4,2,1,16,25,6
3465144,0,1029,0,40,3,4,2,1,23,88,6
3438085,0,1029,0,40,3,9,2,1,55,17,6
3470368,0,1029,0,40,2,1,2,1,8,93,6
3471012,0,1029,0,40,2,1,2,1,8,29,6
3471150,0,1029,0,40,3,1,2,1,8,19,6
3386176,1,1029,930,25.1351,3,19,2,1,107,33,6
3468345,0,1029,0,40,3,3,2,1,9,42,6
3439254,0,1029,0,40,2,8,2,1,56,62,6
3467925,0,1029,0,40,2,2,2,1,17,83,6
3433017,0,1029,0,40,2,5,2,1,77,66,6
3381098,0,1029,0,40,2,16,2,1,124,63,6
3469031,0,1029,0,40,2,1,2,1,18,59,6
3469069,0,1029,0,40,2,1,2,1,17,80,6
3466976,0,1029,0,40,2,2,2,1,16,22,6
3444518,0,1029,0,40,2,6,2,1,62,27,6
3469992,0,1029,0,40,2,1,2,1,13,25,6
3429427,0,1029,0,40,3,11,2,1,60,81,6
3467959,0,1029,0,40,3,2,2,1,16,26,6
3452256,0,1029,0,40,2,5,2,1,41,22,6
3452047,0,1029,0,40,2,9,2,1,41,19,6
3468951,0,1029,0,40,2,2,2,1,17,35,6
3420854,0,1029,0,40,3,11,2,1,82,37,6
3467608,0,1029,0,40,2,2,2,1,18,36,6
3470757,0,1029,0,40,2,2,2,1,9,27,6
3466952,0,1029,0,40,3,2,2,1,11,24,6
3405569,1,1029,895,36.1289,3,13,2,1,85,34,6
3470924,0,1029,0,40,2,2,2,1,8,35,6
3471412,0,1029,0,40,3,1,2,1,7,9,6
3424580,0,1029,0,40,3,8,2,1,89,41,6
3466461,0,1029,0,40,3,2,2,1,21,82,6
3462150,0,1029,0,40,2,4,2,1,24,54,6
3465932,0,1029,0,40,3,3,2,1,20,80,6
3468832,0,1029,0,40,2,1,2,1,18,28,6
3445631,0,1029,0,40,2,8,2,1,45,49,6
3437873,0,1029,0,40,3,9,2,1,45,26,6
3469807,0,1029,0,40,2,1,2,1,15,36,6
3470000,0,1029,0,40,2,1,2,1,14,58,6
3445025,0,1029,0,40,2,6,2,1,55,25,6
3470082,0,1029,0,40,2,1,2,1,13,148,6
3469047,0,1029,0,40,3,2,2,1,14,40,6
3461567,0,1029,0,40,2,4,2,1,23,44,6
3372516,0,1029,0,40,3,17,2,1,151,49,6
3465321,0,1029,0,40,2,3,2,1,15,56,6
3447689,1,1029,959,25.554,3,5,2,1,58,67,6
3400824,0,1029,0,40,3,16,2,1,78,26,6
3471276,0,1029,0,40,2,1,2,1,9,34,6
3465816,0,1029,0,40,3,3,2,1,20,23,6
3465602,0,1029,0,40,3,4,2,1,15,40,6
3458180,0,1029,0,40,2,5,2,1,33,43,6
3468825,0,1029,0,40,3,2,2,1,17,49,6
3471045,0,1029,0,40,3,1,2,1,8,22,6
3471303,0,1029,0,40,2,1,2,1,8,34,6
3469083,0,1029,0,40,2,2,2,1,10,57,6
3465342,0,1029,0,40,2,4,2,1,19,28,6
3467452,0,1029,0,40,3,3,2,1,10,23,6
3441985,0,1029,0,40,2,8,2,1,56,35,6
3438727,0,1029,0,40,2,10,2,1,44,13,6
3471682,0,1029,0,40,3,1,2,1,7,79,6
3443202,0,1029,0,40,3,7,2,1,54,95,6
3465042,0,1029,0,40,2,3,2,1,21,47,6
3422865,0,1029,0,40,2,13,2,1,59,20,6
3461657,0,1029,0,40,3,5,2,1,25,45,6
3452829,0,1029,0,40,2,6,2,1,49,60,6
3469689,0,1029,0,40,2,1,2,1,16,55,6
3465510,0,1029,0,40,3,3,2,1,22,36,6
3470270,0,1029,0,40,3,1,2,1,14,67,6
3455954,0,1029,0,40,3,5,2,1,43,37,6
3468066,0,1029,0,40,2,3,2,1,18,70,6
3465595,0,1029,0,40,2,3,2,1,18,59,6
3470496,0,1029,0,40,2,1,2,1,11,67,6
3458753,0,1029,0,40,2,4,2,1,28,63,6
3462112,0,1029,0,40,3,4,2,1,26,36,6
3457844,0,1029,0,40,2,5,2,1,35,39,6
3471338,0,1029,0,40,2,1,2,1,10,69,6
3454899,0,1029,0,40,2,6,2,1,35,71,6
3466956,0,1029,0,40,2,3,2,1,15,15,6
3470005,0,1029,0,40,2,2,2,1,15,83,6
3471573,0,1029,0,40,3,1,2,1,8,21,6
3471698,0,1029,0,40,3,1,2,1,8,44,6
3467467,0,1029,0,40,2,2,2,1,16,29,6
3461753,0,1029,0,40,3,6,2,1,23,60,6
3457404,0,1029,0,40,3,6,2,1,23,44,6
3456715,0,1029,0,40,3,10,2,1,28,43,6
3467697,0,1029,0,40,3,2,2,1,21,14,6
3471834,0,1029,0,40,2,1,2,1,7,67,6
3437898,0,1029,0,40,2,8,2,1,58,45,6
3467860,0,1029,0,40,2,1,2,1,25,21,6
3465726,0,1029,0,40,2,2,2,1,25,35,6
3463078,0,1029,0,40,3,3,2,1,32,64,6
3465531,0,1029,0,40,2,2,2,1,24,88,6
3381258,0,1029,0,40,3,16,2,1,140,53,6
3435549,0,1029,0,40,2,7,2,1,47,31,6
3452423,0,1029,0,40,2,5,2,1,42,54,6
3467554,0,1029,0,40,2,2,2,1,17,38,6
3469196,0,1029,0,40,3,2,2,1,15,22,6
3463284,0,1029,0,40,2,2,2,1,30,41,6
3468917,0,1029,0,40,3,2,2,1,17,30,6
3466214,0,1029,0,40,2,3,2,1,19,72,6
3465695,0,1029,0,40,3,3,2,1,17,28,6
3437549,0,1029,0,40,2,8,2,1,59,39,6
3439057,0,1029,0,40,3,9,2,1,45,54,6
3444573,0,1029,0,40,2,10,2,1,42,72,6
3391192,0,1029,0,40,3,15,2,1,111,51,6
3470801,0,1029,0,40,3,1,2,1,10,33,6
3468121,0,1029,0,40,3,3,2,1,11,41,6
3470401,0,1029,0,40,2,2,2,1,12,21,6
3467868,0,1029,0,40,2,2,2,1,21,32,6
3470864,0,1029,0,40,2,2,2,1,11,59,6
3471717,0,1029,0,40,3,1,2,1,8,53,6
3465958,0,1029,0,40,2,5,2,1,16,27,6
3462377,0,1029,0,40,2,4,2,1,21,40,6
3468677,0,1029,0,40,2,3,2,1,10,27,6
3418060,0,1029,0,40,3,15,2,1,63,44,6
3449421,0,1029,0,40,3,6,2,1,55,50,6
3472149,0,1029,0,40,2,1,2,1,7,96,6
3422150,0,1029,0,40,2,9,2,1,75,42,6
3468560,0,1029,0,40,2,2,2,1,20,60,6
3456748,0,1029,0,40,3,5,2,1,32,43,6
3462303,0,1029,0,40,3,5,2,1,25,20,6
3463089,0,1029,0,40,2,3,2,1,27,88,6
3469326,0,1029,0,40,2,2,2,1,14,28,6
3441471,0,1029,0,40,3,7,2,1,56,71,6
3390268,0,1029,0,40,2,16,2,1,94,23,6
3439493,0,1029,0,40,2,11,2,1,45,38,6
3471349,0,1029,0,40,2,1,2,1,9,39,6
3464226,0,1029,0,40,3,4,2,1,21,39,6
3422733,0,1029,0,40,3,14,2,1,66,32,6
3421842,0,1029,0,40,3,12,2,1,59,41,6
3468843,0,1029,0,40,2,3,2,1,15,55,6
3461583,0,1029,0,40,3,5,2,1,25,16,6
3378148,0,1029,0,40,3,22,2,1,129,28,6
3470941,0,1029,0,40,3,1,2,1,13,49,6
3470263,0,1029,0,40,3,2,2,1,13,61,6
3469118,0,1029,0,40,2,3,2,1,16,42,6
3471743,0,1029,0,40,3,0,2,1,6,43,6
3471839,0,1029,0,40,3,0,2,1,6,22,6
3472028,0,1029,0,40,3,0,2,1,6,21,6
3472076,0,1029,0,40,2,0,2,1,6,28,6
3472092,0,1029,0,40,3,0,2,1,6,18,6
3472140,0,1029,0,40,3,0,2,1,6,27,6
3472233,0,1029,0,40,3,0,2,1,6,50,6
3472281,0,1029,0,40,3,0,2,1,6,23,6
3472289,0,1029,0,40,3,0,2,1,6,58,6
3472305,0,1029,0,40,2,0,2,1,6,72,6
3472353,0,1029,0,40,3,0,2,1,6,34,6
3472361,0,1029,0,40,2,0,2,1,6,53,6
3472393,0,1029,0,40,3,0,2,1,6,25,6
3472410,0,1029,0,40,2,0,2,1,6,47,6
3472426,0,1029,0,40,3,0,2,1,6,25,6
3472438,0,1029,0,40,2,0,2,1,6,40,6
3472450,0,1029,0,40,3,0,2,1,6,42,6
3472458,0,1029,0,40,3,0,2,1,6,56,6
3472462,0,1029,0,40,3,0,2,1,6,60,6
3472466,0,1029,0,40,2,0,2,1,6,38,6
3472470,0,1029,0,40,3,0,2,1,6,51,6
3472474,0,1029,0,40,2,0,2,1,6,26,6
3472478,0,1029,0,40,3,0,2,1,6,19,6
3472494,0,1029,0,40,3,0,2,1,6,49,6
3472498,0,1029,0,40,3,0,2,1,6,31,6
3472510,0,1029,0,40,2,0,2,1,6,58,6
3472518,0,1029,0,40,3,0,2,1,6,31,6
3472526,0,1029,0,40,3,0,2,1,6,50,6
3472562,0,1029,0,40,3,0,2,1,6,49,6
3472602,0,1029,0,40,2,0,2,1,6,32,6
3472605,0,1029,0,40,2,0,2,1,6,43,6
3472607,0,1029,0,40,3,0,2,1,6,13,6
3472609,0,1029,0,40,3,0,2,1,6,33,6
3472619,0,1029,0,40,2,0,2,1,6,29,6
3472621,0,1029,0,40,3,0,2,1,6,29,6
3472623,0,1029,0,40,3,0,2,1,6,40,6
3472625,0,1029,0,40,3,0,2,1,6,39,6
3472645,0,1029,0,40,3,0,2,1,6,47,6
3472653,0,1029,0,40,3,0,2,1,6,52,6
3472655,0,1029,0,40,3,0,2,1,6,54,6
3472663,0,1029,0,40,3,0,2,1,6,38,6
3472675,0,1029,0,40,2,0,2,1,6,25,6
3472691,0,1029,0,40,3,0,2,1,6,54,6
3472693,0,1029,0,40,3,0,2,1,6,34,6
3472707,0,1029,0,40,2,0,2,1,6,50,6
3472715,0,1029,0,40,2,0,2,1,6,23,6
3472717,0,1029,0,40,2,0,2,1,6,72,6
3472721,0,1029,0,40,2,0,2,1,6,58,6
3472725,0,1029,0,40,2,0,2,1,6,35,6
3472733,0,1029,0,40,2,0,2,1,6,22,6
3472739,0,1029,0,40,3,0,2,1,6,21,6
3472745,0,1029,0,40,2,0,2,1,6,47,6
3472753,0,1029,0,40,2,0,2,1,6,56,6
3472755,0,1029,0,40,2,0,2,1,6,43,6
3472759,0,1029,0,40,2,0,2,1,6,43,6
3472765,0,1029,0,40,3,0,2,1,6,23,6
3472771,0,1029,0,40,2,0,2,1,6,50,6
3467816,0,1029,0,40,3,2,2,1,9,23,6
3459520,0,1029,0,40,3,4,2,1,25,47,6
3411980,0,1029,0,40,2,14,2,1,77,46,6
3378489,0,1029,0,40,2,19,2,1,131,45,6
3440676,0,1029,0,40,2,7,2,1,53,34,6
3464155,0,1029,0,40,3,3,2,1,14,91,6
3462008,0,1029,0,40,2,3,2,1,24,85,6
3468383,0,1029,0,40,3,1,2,1,13,22,6
3438775,0,1029,0,40,2,11,2,1,55,17,6
3467962,0,1029,0,40,3,2,2,1,13,38,6
3458496,0,1029,0,40,2,4,2,1,31,40,6
3452963,0,1029,0,40,3,6,2,1,28,23,6
3462276,0,1029,0,40,2,5,2,1,19,41,6
3470502,0,1029,0,40,2,1,2,1,7,73,6
3462263,0,1029,0,40,2,5,2,1,19,84,6
3462359,0,1029,0,40,2,3,2,1,28,19,6
3433027,0,1029,0,40,2,8,2,1,66,68,6
3453573,0,1029,0,40,3,4,2,1,44,34,6
3467541,0,1029,0,40,3,2,2,1,15,38,6
3469877,0,1029,0,40,3,1,2,1,11,87,6
3464504,0,1029,0,40,3,3,2,1,17,26,6
3470008,0,1029,0,40,3,1,2,1,10,17,6
3461530,0,1029,0,40,3,4,2,1,24,20,6
3454434,0,1029,0,40,2,7,2,1,28,27,6
3470737,0,1029,0,40,3,1,2,1,8,53,6
3372157,1,1029,901,27.8146,3,28,2,1,147,47,6
3462343,0,1029,0,40,2,5,2,1,20,21,6
3470680,0,1029,0,40,2,1,2,1,6,24,6
3448208,0,1029,0,40,3,4,2,1,55,24,6
3439513,0,1029,0,40,2,8,2,1,53,15,6
3464618,0,1029,0,40,2,2,2,1,18,47,6
3468188,0,1029,0,40,2,2,2,1,17,86,6
3468643,0,1029,0,40,2,1,2,1,13,18,6
3445017,0,1029,0,40,3,10,2,1,46,79,6
3468223,0,1029,0,40,3,2,2,1,14,56,6
3395526,0,1029,0,40,2,17,2,1,96,65,6
3467426,0,1029,0,40,2,2,2,1,12,59,6
3458235,0,1029,0,40,2,3,2,1,30,52,6
3420682,0,1029,0,40,2,10,2,1,64,73,6
3468026,0,1029,0,40,2,3,2,1,11,63,6
3465620,0,1029,0,40,3,2,2,1,22,56,6
3458669,0,1029,0,40,3,5,2,1,32,54,6
3470467,0,1029,0,40,3,2,2,1,8,46,6
3471124,0,1029,0,40,3,1,2,1,7,15,6
3436958,0,1029,0,40,3,10,2,1,35,26,6
3374906,0,1029,0,40,2,21,2,1,149,14,6
3468755,0,1029,0,40,2,2,2,1,7,32,6
3454756,0,1029,0,40,3,5,2,1,39,52,6
3471298,0,1029,0,40,2,1,2,1,6,68,6
3398396,0,1029,0,40,3,15,2,1,97,63,6
3467280,0,1029,0,40,2,1,2,1,23,25,6
3404548,0,1029,0,40,2,10,2,1,95,20,6
3462839,0,1029,0,40,3,3,2,1,26,49,6
3443248,0,1029,0,40,3,7,2,1,44,102,6
3448328,0,1029,0,40,3,8,2,1,46,20,6
3440748,0,1029,0,40,2,9,2,1,51,33,6
3469578,0,1029,0,40,2,1,2,1,14,30,6
3460575,0,1029,0,40,2,4,2,1,22,75,6
3468808,0,1029,0,40,3,2,2,1,14,30,6
3399052,0,1029,0,40,2,14,2,1,95,38,6
3455876,0,1029,0,40,3,6,2,1,32,64,6
3466371,0,1029,0,40,3,2,2,1,18,38,6
3466051,0,1029,0,40,3,3,2,1,16,31,6
3389220,1,1029,949,40,2,21,2,1,96,57,6
3469842,0,1029,0,40,3,1,2,1,11,17,6
3433444,0,1029,0,40,3,8,2,1,64,64,6
3470603,0,1029,0,40,2,1,2,1,10,53,6
3468752,0,1029,0,40,3,3,2,1,11,62,6
3461829,0,1029,0,40,2,4,2,1,24,44,6
3384016,0,1029,0,40,2,21,2,1,127,47,6
3435391,0,1029,0,40,2,9,2,1,59,39,6
3462757,0,1029,0,40,3,4,2,1,24,5,6
3470819,0,1029,0,40,2,1,2,1,8,34,6
3467230,0,1029,0,40,2,3,2,1,12,30,6
3469012,0,1029,0,40,2,2,2,1,10,26,6
3461319,0,1029,0,40,2,5,2,1,26,19,6
3470556,0,1029,0,40,2,1,2,1,7,78,6
3471306,0,1029,0,40,3,1,2,1,7,54,6
3453806,0,1029,0,40,3,7,2,1,30,17,6
3468791,0,1029,0,40,3,2,2,1,13,36,6
3429381,0,1029,0,40,3,10,2,1,50,51,6
3471179,0,1029,0,40,3,1,2,1,6,10,6
3463972,0,1029,0,40,3,3,2,1,22,54,6
3466915,0,1029,0,40,3,2,2,1,19,17,6
3458416,0,1029,0,40,3,4,2,1,33,74,6
3468183,0,1029,0,40,2,1,2,1,17,23,6
3461517,0,1029,0,40,2,3,2,1,21,25,6
3469354,0,1029,0,40,3,1,2,1,16,88,6
3419440,0,1029,0,40,3,10,2,1,73,35,6
3436601,0,1029,0,40,2,7,2,1,67,38,6
3468369,0,1029,0,40,3,2,2,1,17,52,6
3458456,0,1029,0,40,2,4,2,1,35,63,6
3470345,0,1029,0,40,3,1,2,1,12,27,6
3468765,0,1029,0,40,2,2,2,1,11,52,6
3445013,0,1029,0,40,3,5,2,1,59,42,6
3459783,0,1029,0,40,3,5,2,1,19,41,6
3458642,0,1029,0,40,3,5,2,1,34,25,6
3459139,0,1029,0,40,3,5,2,1,27,36,6
3463899,0,1029,0,40,2,3,2,1,30,32,6
3470831,0,1029,0,40,3,1,2,1,9,91,6
3454716,0,1029,0,40,3,7,2,1,25,55,6
3467929,0,1029,0,40,3,3,2,1,13,18,6
3470971,0,1029,0,40,3,1,2,1,8,27,6
3468185,0,1029,0,40,3,2,2,1,10,25,6
3462998,0,1029,0,40,3,3,2,1,19,46,6
3462376,0,1029,0,40,3,5,2,1,13,12,6
3468274,0,1029,0,40,2,2,2,1,17,52,6
3461294,0,1029,0,40,3,5,2,1,25,12,6
3465498,0,1029,0,40,3,4,2,1,15,31,6
3458646,0,1029,0,40,2,4,2,1,22,32,6
3469403,0,1029,0,40,3,2,2,1,10,28,6
3466757,0,1029,0,40,3,5,2,1,13,54,6
3445549,0,1029,0,40,2,13,2,1,39,47,6
3470793,0,1029,0,40,2,1,2,1,6,41,6
3471592,0,1029,0,40,2,1,2,1,6,42,6
3471798,0,1029,0,40,2,1,2,1,6,38,6
3432862,0,1029,0,40,2,6,2,1,74,24,6
3437809,0,1029,0,40,3,9,2,1,46,15,6
3455383,0,1029,0,40,3,5,2,1,41,78,6
3469094,0,1029,0,40,3,1,2,1,17,87,6
3438530,0,1029,0,40,3,10,2,1,46,39,6
3411101,0,1029,0,40,3,13,2,1,87,22,6
3406385,0,1029,0,40,2,14,2,1,96,24,6
3469850,0,1029,0,40,2,1,2,1,13,74,6
3456877,0,1029,0,40,3,5,2,1,31,69,6
3465079,0,1029,0,40,2,3,2,1,20,35,6
3427742,0,1029,0,40,2,10,2,1,68,36,6
3452384,0,1029,0,40,2,6,2,1,47,59,6
3468132,0,1029,0,40,3,2,2,1,18,14,6
3464285,0,1029,0,40,2,4,2,1,24,21,6
3468192,0,1029,0,40,2,2,2,1,16,36,6
3463910,0,1029,0,40,3,3,2,1,25,34,6
3452577,0,1029,0,40,3,8,2,1,33,34,6
3469322,0,1029,0,40,3,2,2,1,13,42,6
3469245,0,1029,0,40,2,3,2,1,14,48,6
3471418,0,1029,0,40,3,1,2,1,8,37,6
3468469,0,1029,0,40,2,3,2,1,12,31,6
3407465,0,1029,0,40,3,11,2,1,104,73,6
3453970,0,1029,0,40,2,6,2,1,32,51,6
3469998,0,1029,0,40,3,2,2,1,8,67,6
3470179,0,1029,0,40,3,2,2,1,11,58,6
3446505,0,1029,0,40,2,8,2,1,41,58,6
3458712,0,1029,0,40,2,6,2,1,29,57,6
3468316,0,1029,0,40,2,1,2,1,22,43,6
3468273,0,1029,0,40,3,1,2,1,21,29,6
3469117,0,1029,0,40,2,1,2,1,19,53,6
3428740,0,1029,0,40,2,10,2,1,67,27,6
3456842,0,1029,0,40,3,4,2,1,36,63,6
3413959,0,1029,0,40,3,12,2,1,79,25,6
3442886,0,1029,0,40,3,8,2,1,59,34,6
3464962,0,1029,0,40,2,3,2,1,27,76,6
3465710,0,1029,0,40,2,3,2,1,23,55,6
3470030,0,1029,0,40,2,1,2,1,13,36,6
3470745,0,1029,0,40,2,1,2,1,13,44,6
3459784,0,1029,0,40,3,4,2,1,34,50,6
3455100,0,1029,0,40,3,6,2,1,41,35,6
3470022,0,1029,0,40,2,1,2,1,12,45,6
3423997,0,1029,0,40,3,11,2,1,69,21,6
3417412,0,1029,0,40,3,13,2,1,72,37,6
3466678,0,1029,0,40,2,3,2,1,20,50,6
3463445,0,1029,0,40,3,4,2,1,26,33,6
3372504,0,1029,0,40,3,15,2,1,87,41,6
3469900,0,1029,0,40,3,2,2,1,12,47,6
3413979,0,1029,0,40,3,15,2,1,82,40,6
3470949,0,1029,0,40,2,1,2,1,10,31,6
3463407,0,1029,0,40,3,4,2,1,19,37,6
3470083,0,1029,0,40,3,2,2,1,13,57,6
3470014,0,1029,0,40,2,2,2,1,9,61,6
3469021,0,1029,0,40,3,3,2,1,10,55,6
3471606,0,1029,0,40,2,1,2,1,8,42,6
3470418,0,1029,0,40,3,2,2,1,8,45,6
3434040,0,1029,0,40,2,8,2,1,65,17,6
3435215,0,1029,0,40,2,9,2,1,68,93,6
3471467,0,1029,0,40,3,1,2,1,7,31,6
3471892,0,1029,0,40,3,1,2,1,7,42,6
3471964,0,1029,0,40,2,1,2,1,7,17,6
3435485,0,1029,0,40,2,9,2,1,63,76,6
3412825,1,1029,917,25.2457,3,13,2,1,69,49,6
3374254,0,1029,0,40,3,11,2,1,82,44,6
3460614,0,1029,0,40,2,5,2,1,25,47,6
3470815,0,1029,0,40,3,2,2,1,8,20,6
3470055,0,1029,0,40,2,3,2,1,8,41,6
3472177,0,1029,0,40,2,1,2,1,6,17,6
3465719,0,1029,0,40,3,2,2,1,22,43,6
3469698,0,1029,0,40,2,1,2,1,18,73,6
3405941,0,1029,0,40,2,17,2,1,79,49,6
3468342,0,1029,0,40,2,2,2,1,17,64,6
3431193,0,1029,0,40,2,9,2,1,71,93,6
3467933,0,1029,0,40,3,2,2,1,17,28,6
3455822,0,1029,0,40,2,5,2,1,36,38,6
3403441,0,1029,0,40,3,14,2,1,99,59,6
3467369,0,1029,0,40,2,2,2,1,17,62,6
3463728,0,1029,0,40,2,4,2,1,27,47,6
3471334,0,1029,0,40,3,1,2,1,11,43,6
3449787,0,1029,0,40,2,7,2,1,41,43,6
3467992,0,1029,0,40,3,3,2,1,17,42,6
3449284,0,1029,0,40,3,9,2,1,32,36,6
3471784,0,1029,0,40,2,1,2,1,9,28,6
3468975,0,1029,0,40,2,2,2,1,12,80,6
3436345,0,1029,0,40,2,7,2,1,71,50,6
3462298,0,1029,0,40,3,4,2,1,23,33,6
3424910,0,1029,0,40,3,13,2,1,63,67,6
3444473,0,1029,0,40,3,9,2,1,52,48,6
3466971,0,1029,0,40,3,2,2,1,14,29,6
3469673,0,1029,0,40,3,2,2,1,8,55,6
3471111,0,1029,0,40,3,2,2,1,7,49,6
3464011,0,1029,0,40,3,3,2,1,31,55,6
3472268,0,1029,0,40,2,1,2,1,6,37,6
3428751,0,1029,0,40,2,9,2,1,69,51,6
3442044,0,1029,0,40,2,7,2,1,55,21,6
3470939,0,1029,0,40,3,1,2,1,13,33,6
3448872,0,1029,0,40,2,8,2,1,46,48,6
3417158,0,1029,0,40,2,11,2,1,75,30,6
3472039,0,1029,0,40,2,1,2,1,8,86,6
3441233,0,1029,0,40,2,9,2,1,58,61,6
3472392,0,1029,0,40,3,1,2,1,7,60,6
3464110,0,1029,0,40,3,4,2,1,18,76,6
3464712,0,1029,0,40,2,5,2,1,24,48,6
3452785,0,1029,0,40,2,5,2,1,42,31,6
3457354,0,1029,0,40,2,5,2,1,33,16,6
3471647,0,1029,0,40,3,0,2,1,5,43,6
3471887,0,1029,0,40,2,0,2,1,5,41,6
3471951,0,1029,0,40,2,0,2,1,5,34,6
3472036,0,1029,0,40,2,0,2,1,5,24,6
3472100,0,1029,0,40,3,0,2,1,5,48,6
3472164,0,1029,0,40,3,0,2,1,5,51,6
3472269,0,1029,0,40,3,0,2,1,5,34,6
3472285,0,1029,0,40,3,0,2,1,5,55,6
3472349,0,1029,0,40,3,0,2,1,5,42,6
3472365,0,1029,0,40,3,0,2,1,5,26,6
3472408,0,1029,0,40,2,0,2,1,5,32,6
3472424,0,1029,0,40,2,0,2,1,5,51,6
3472432,0,1029,0,40,2,0,2,1,5,41,6
3472440,0,1029,0,40,2,0,2,1,5,91,6
3472488,0,1029,0,40,2,0,2,1,5,48,6
3472496,0,1029,0,40,2,0,2,1,5,75,6
3472504,0,1029,0,40,3,0,2,1,5,42,6
3472512,0,1029,0,40,2,0,2,1,5,77,6
3472520,0,1029,0,40,2,0,2,1,5,47,6
3472560,0,1029,0,40,2,0,2,1,5,57,6
3472568,0,1029,0,40,3,0,2,1,5,21,6
3472610,0,1029,0,40,2,0,2,1,5,63,6
3472614,0,1029,0,40,3,0,2,1,5,43,6
3472622,0,1029,0,40,2,0,2,1,5,40,6
3472662,0,1029,0,40,3,0,2,1,5,112,6
3472666,0,1029,0,40,3,0,2,1,5,25,6
3472678,0,1029,0,40,2,0,2,1,5,41,6
3472694,0,1029,0,40,2,0,2,1,5,65,6
3472706,0,1029,0,40,2,0,2,1,5,53,6
3472710,0,1029,0,40,2,0,2,1,5,43,6
3472714,0,1029,0,40,3,0,2,1,5,66,6
3472734,0,1029,0,40,2,0,2,1,5,19,6
3472738,0,1029,0,40,3,0,2,1,5,40,6
3472742,0,1029,0,40,2,0,2,1,5,38,6
3472746,0,1029,0,40,2,0,2,1,5,74,6
3472750,0,1029,0,40,2,0,2,1,5,61,6
3472762,0,1029,0,40,3,0,2,1,5,47,6
3472766,0,1029,0,40,3,0,2,1,5,73,6
3472770,0,1029,0,40,3,0,2,1,5,36,6
3472774,0,1029,0,40,2,0,2,1,5,37,6
3472778,0,1029,0,40,3,0,2,1,5,33,6
3472782,0,1029,0,40,2,0,2,1,5,28,6
3472794,0,1029,0,40,2,0,2,1,5,75,6
3472796,0,1029,0,40,3,0,2,1,5,91,6
3472798,0,1029,0,40,3,0,2,1,5,43,6
3472804,0,1029,0,40,2,0,2,1,5,42,6
3472810,0,1029,0,40,2,0,2,1,5,36,6
3472820,0,1029,0,40,3,0,2,1,5,21,6
3472824,0,1029,0,40,3,0,2,1,5,17,6
3472826,0,1029,0,40,2,0,2,1,5,32,6
3472830,0,1029,0,40,2,0,2,1,5,55,6
3472832,0,1029,0,40,3,0,2,1,5,35,6
3472834,0,1029,0,40,2,0,2,1,5,68,6
3472840,0,1029,0,40,3,0,2,1,5,31,6
3472846,0,1029,0,40,2,0,2,1,5,100,6
3472854,0,1029,0,40,3,0,2,1,5,37,6
3472856,0,1029,0,40,2,0,2,1,5,90,6
3472858,0,1029,0,40,2,0,2,1,5,51,6
3472866,0,1029,0,40,3,0,2,1,5,46,6
3472870,0,1029,0,40,2,0,2,1,5,83,6
3472876,0,1029,0,40,3,0,2,1,5,36,6
3472880,0,1029,0,40,2,0,2,1,5,25,6
3472884,0,1029,0,40,3,0,2,1,5,57,6
3472886,0,1029,0,40,3,0,2,1,5,47,6
3472896,0,1029,0,40,3,0,2,1,5,26,6
3472898,0,1029,0,40,2,0,2,1,5,54,6
3472900,0,1029,0,40,2,0,2,1,5,40,6
3472906,0,1029,0,40,2,0,2,1,5,25,6
3472910,0,1029,0,40,3,0,2,1,5,46,6
3472912,0,1029,0,40,2,0,2,1,5,101,6
3472914,0,1029,0,40,3,0,2,1,5,17,6
3472916,0,1029,0,40,3,0,2,1,5,76,6
3472922,0,1029,0,40,2,0,2,1,5,52,6
3472926,0,1029,0,40,3,0,2,1,5,83,6
3472938,0,1029,0,40,3,0,2,1,5,22,6
3472944,0,1029,0,40,2,0,2,1,5,86,6
3472946,0,1029,0,40,2,0,2,1,5,93,6
3472948,0,1029,0,40,2,0,2,1,5,73,6
3466746,0,1029,0,40,2,2,2,1,12,48,6
3466665,0,1029,0,40,3,2,2,1,10,62,6
3459926,0,1029,0,40,3,2,2,1,29,46,6
3444125,0,1029,0,40,3,9,2,1,35,41,6
3453431,0,1029,0,40,3,2,2,1,45,30,6
3370240,0,1029,0,40,3,17,2,1,123,37,6
3394862,0,1029,0,40,3,14,2,1,86,55,6
3426940,0,1029,0,40,2,9,2,1,60,56,6
3445839,0,1029,0,40,2,9,2,1,38,62,6
3370870,0,1029,0,40,2,19,2,1,91,35,6
3454843,0,1029,0,40,3,4,2,1,29,36,6
3452406,0,1029,0,40,3,5,2,1,31,54,6
3470892,0,1029,0,40,2,1,2,1,5,29,6
3463428,0,1029,0,40,2,2,2,1,27,59,6
3462913,0,1029,0,40,2,3,2,1,27,15,6
3464280,0,1029,0,40,2,3,2,1,18,36,6
3429323,0,1029,0,40,2,8,2,1,69,45,6
3465809,0,1029,0,40,2,2,2,1,17,25,6
3458134,0,1029,0,40,3,5,2,1,25,46,6
3465006,0,1029,0,40,3,3,2,1,16,16,6
3471036,0,1029,0,40,2,1,2,1,5,47,6
3452820,0,1029,0,40,3,5,2,1,39,32,6
3456548,0,1029,0,40,2,4,2,1,34,47,6
3469584,0,1029,0,40,2,1,2,1,12,42,6
3465623,0,1029,0,40,3,3,2,1,19,44,6
3401867,0,1029,0,40,3,12,2,1,93,19,6
3458375,0,1029,0,40,2,5,2,1,30,50,6
3454947,0,1029,0,40,2,3,2,1,40,45,6
3469062,0,1029,0,40,3,2,2,1,10,41,6
3470589,0,1029,0,40,2,1,2,1,8,34,6
3470714,0,1029,0,40,3,1,2,1,7,25,6
3388979,0,1029,0,40,2,15,2,1,120,56,6
3468740,0,1029,0,40,3,2,2,1,12,28,6
3471134,0,1029,0,40,3,1,2,1,6,31,6
3458403,0,1029,0,40,2,5,2,1,21,46,6
3456191,0,1029,0,40,2,5,2,1,34,62,6
3470644,0,1029,0,40,3,1,2,1,5,41,6
3471244,0,1029,0,40,2,1,2,1,5,59,6
3375671,0,1029,0,40,2,21,2,1,154,96,6
3464104,0,1029,0,40,2,3,2,1,27,48,6
3461643,0,1029,0,40,3,3,2,1,33,26,6
3463613,0,1029,0,40,3,3,2,1,25,50,6
3454803,0,1029,0,40,2,5,2,1,36,27,6
3458741,0,1029,0,40,3,4,2,1,31,28,6
3414904,0,1029,0,40,2,12,2,1,94,45,6
3435909,0,1029,0,40,2,10,2,1,54,50,6
3389947,0,1029,0,40,3,15,2,1,123,29,6
3398120,1,1029,936,27.8264,3,15,2,1,90,30,6
3466744,0,1029,0,40,2,3,2,1,14,47,6
3416643,0,1029,0,40,2,12,2,1,74,52,6
3468415,0,1029,0,40,3,3,2,1,12,69,6
3401550,0,1029,0,40,3,12,2,1,85,28,6
3386178,0,1029,0,40,3,15,2,1,126,27,6
3453793,0,1029,0,40,3,8,2,1,32,26,6
3466603,0,1029,0,40,2,2,2,1,17,40,6
3455233,0,1029,0,40,3,5,2,1,30,61,6
3466876,0,1029,0,40,3,3,2,1,10,34,6
3352324,0,1029,0,40,2,23,2,1,163,42,6
3415000,0,1029,0,40,3,12,2,1,88,35,6
3457555,0,1029,0,40,3,5,2,1,32,72,6
3464855,0,1029,0,40,2,3,2,1,22,63,6
3465168,0,1029,0,40,2,3,2,1,20,17,6
3381320,0,1029,0,40,3,19,2,1,115,45,6
3446112,0,1029,0,40,2,5,2,1,47,16,6
3463880,0,1029,0,40,2,3,2,1,24,84,6
3448517,0,1029,0,40,2,6,2,1,56,39,6
3440681,0,1029,0,40,3,7,2,1,52,38,6
3462346,0,1029,0,40,3,3,2,1,28,43,6
3462743,0,1029,0,40,3,4,2,1,26,51,6
3426198,1,1029,942,40,2,10,2,1,60,21,6
3435815,0,1029,0,40,2,6,2,1,64,34,6
3470494,0,1029,0,40,2,1,2,1,10,18,6
3459868,0,1029,0,40,2,4,2,1,29,52,6
3457348,0,1029,0,40,2,5,2,1,33,54,6
3447263,0,1029,0,40,3,6,2,1,53,68,6
3451208,0,1029,0,40,2,7,2,1,47,23,6
3470476,0,1029,0,40,2,1,2,1,9,33,6
3399958,0,1029,0,40,2,15,2,1,89,49,6
3459503,0,1029,0,40,2,3,2,1,34,40,6
3469371,0,1029,0,40,2,2,2,1,9,61,6
3468687,0,1029,0,40,2,2,2,1,14,22,6
3470255,0,1029,0,40,2,2,2,1,8,45,6
3471270,0,1029,0,40,3,1,2,1,7,68,6
3401055,0,1029,0,40,2,13,2,1,89,92,6
3450645,0,1029,0,40,2,6,2,1,31,48,6
3453557,0,1029,0,40,2,9,2,1,23,70,6
3463340,0,1029,0,40,2,4,2,1,22,52,6
3471384,0,1029,0,40,2,1,2,1,6,35,6
3471508,0,1029,0,40,3,1,2,1,6,27,6
3467571,0,1029,0,40,2,3,2,1,8,29,6
3430783,0,1029,0,40,2,12,2,1,40,15,6
3427405,0,1029,0,40,3,10,2,1,68,47,6
3469550,0,1029,0,40,2,2,2,1,11,49,6
3448980,0,1029,0,40,3,7,2,1,37,44,6
3471265,0,1029,0,40,3,1,2,1,5,5,6
3448583,0,1029,0,40,3,4,2,1,55,42,6
3462307,0,1029,0,40,3,3,2,1,26,52,6
3458362,0,1029,0,40,3,5,2,1,29,43,6
3463840,0,1029,0,40,3,4,2,1,27,24,6
3469448,0,1029,0,40,3,1,2,1,16,31,6
3467893,0,1029,0,40,3,2,2,1,15,58,6
3414884,0,1029,0,40,3,11,2,1,87,36,6
3378065,0,1029,0,40,2,24,2,1,122,53,6
3470261,0,1029,0,40,3,1,2,1,13,22,6
3468358,0,1029,0,40,3,3,2,1,17,13,6
3470365,0,1029,0,40,2,1,2,1,12,28,6
3447706,0,1029,0,40,2,4,2,1,54,43,6
3451765,0,1029,0,40,3,7,2,1,41,58,6
3453391,0,1029,0,40,3,6,2,1,22,26,6
3467594,0,1029,0,40,3,2,2,1,11,17,6
3467407,0,1029,0,40,2,2,2,1,18,93,6
3468423,0,1029,0,40,2,2,2,1,12,46,6
3409282,0,1029,0,40,2,13,2,1,67,21,6
3453155,0,1029,0,40,2,7,2,1,37,20,6
3422543,0,1029,0,40,2,12,2,1,75,45,6
3471006,0,1029,0,40,3,1,2,1,9,69,6
3465166,0,1029,0,40,3,3,2,1,21,36,6
3461296,0,1029,0,40,2,4,2,1,26,18,6
3468651,0,1029,0,40,2,2,2,1,12,39,6
3442295,0,1029,0,40,3,11,2,1,43,36,6
3471272,0,1029,0,40,2,1,2,1,8,69,6
3457177,0,1029,0,40,3,4,2,1,34,47,6
3431715,0,1029,0,40,3,10,2,1,66,34,6
3469384,0,1029,0,40,3,2,2,1,14,34,6
3466564,0,1029,0,40,3,3,2,1,18,64,6
3470612,0,1029,0,40,3,1,2,1,6,28,6
3471790,0,1029,0,40,3,1,2,1,6,53,6
3462302,0,1029,0,40,2,3,2,1,27,29,6
3444221,0,1029,0,40,3,5,2,1,63,40,6
3442563,0,1029,0,40,2,10,2,1,49,63,6
3470965,0,1029,0,40,3,2,2,1,6,42,6
3466246,0,1029,0,40,3,4,2,1,16,61,6
3468462,0,1029,0,40,3,3,2,1,17,27,6
3471475,0,1029,0,40,2,1,2,1,5,59,6
3471563,0,1029,0,40,3,1,2,1,5,62,6
3471890,0,1029,0,40,3,1,2,1,5,33,6
3392240,0,1029,0,40,3,18,2,1,103,18,6
3450430,0,1029,0,40,3,7,2,1,40,43,6
3459471,0,1029,0,40,3,3,2,1,31,56,6
3454015,0,1029,0,40,2,6,2,1,33,30,6
3466967,0,1029,0,40,3,2,2,1,20,23,6
3451394,0,1029,0,40,3,9,2,1,37,27,6
3467012,0,1029,0,40,2,2,2,1,21,76,6
3452960,0,1029,0,40,2,4,2,1,47,20,6
3466527,0,1029,0,40,2,2,2,1,24,98,6
3470054,0,1029,0,40,3,1,2,1,13,52,6
3446559,0,1029,0,40,2,7,2,1,41,28,6
3470583,0,1029,0,40,2,1,2,1,12,21,6
3459364,0,1029,0,40,3,3,2,1,37,57,6
3466763,0,1029,0,40,2,2,2,1,16,74,6
3470830,0,1029,0,40,2,1,2,1,11,77,6
3467741,0,1029,0,40,2,2,2,1,15,41,6
3469841,0,1029,0,40,2,2,2,1,15,80,6
3471022,0,1029,0,40,3,1,2,1,10,44,6
3445284,0,1029,0,40,3,8,2,1,55,30,6
3465442,0,1029,0,40,2,3,2,1,21,41,6
3467332,0,1029,0,40,3,3,2,1,19,25,6
3459684,0,1029,0,40,2,4,2,1,25,61,6
3460537,0,1029,0,40,3,6,2,1,18,41,6
3469879,0,1029,0,40,2,2,2,1,13,129,6
3471322,0,1029,0,40,3,1,2,1,9,43,6
3468163,0,1029,0,40,3,2,2,1,9,46,6
3446830,0,1029,0,40,2,6,2,1,40,28,6
3464664,0,1029,0,40,2,4,2,1,22,67,6
3382971,0,1029,0,40,3,17,2,1,117,30,6
3461203,0,1029,0,40,2,5,2,1,25,49,6
3411537,0,1029,0,40,3,13,2,1,85,42,6
3450674,0,1029,0,40,3,7,2,1,41,122,6
3457227,0,1029,0,40,3,8,2,1,21,39,6
3467802,0,1029,0,40,2,2,2,1,18,47,6
3467267,0,1029,0,40,3,3,2,1,13,40,6
3446060,0,1029,0,40,2,5,2,1,58,35,6
3460955,0,1029,0,40,2,5,2,1,24,50,6
3471481,0,1029,0,40,2,1,2,1,7,102,6
3471636,0,1029,0,40,2,1,2,1,7,42,6
3451619,0,1029,0,40,3,5,2,1,31,88,6
3431532,0,1029,0,40,2,7,2,1,63,21,6
3461326,0,1029,0,40,2,5,2,1,30,78,6
3463675,0,1029,0,40,2,3,2,1,28,19,6
3459318,0,1029,0,40,3,3,2,1,44,45,6
3468241,0,1029,0,40,3,3,2,1,15,36,6
3465439,0,1029,0,40,3,2,2,1,17,17,6
3468758,0,1029,0,40,3,2,2,1,12,88,6
3455950,0,1029,0,40,2,5,2,1,35,67,6
3463624,0,1029,0,40,2,5,2,1,22,57,6
3460570,0,1029,0,40,2,5,2,1,27,37,6
3461042,0,1029,0,40,3,6,2,1,18,28,6
3459600,0,1029,0,40,3,4,2,1,36,40,6
3443588,0,1029,0,40,3,9,2,1,44,15,6
3449415,0,1029,0,40,2,8,2,1,38,48,6
3471356,0,1029,0,40,3,2,2,1,6,102,6
3471913,0,1029,0,40,2,1,2,1,5,41,6
3396151,0,1029,0,40,3,14,2,1,111,19,6
3455186,0,1029,0,40,2,5,2,1,36,36,6
3468196,0,1029,0,40,3,1,2,1,23,58,6
3466142,0,1029,0,40,3,2,2,1,25,46,6
3466043,0,1029,0,40,3,2,2,1,23,42,6
3466925,0,1029,0,40,2,2,2,1,23,56,6
3466113,0,1029,0,40,2,2,2,1,23,34,6
3451194,0,1029,0,40,2,6,2,1,47,47,6
3468315,0,1029,0,40,2,2,2,1,15,44,6
3461673,0,1029,0,40,2,4,2,1,33,48,6
3433311,0,1029,0,40,2,10,2,1,64,21,6
3435615,1,1029,933,40,2,9,2,1,56,38,6
3447646,0,1029,0,40,3,8,2,1,46,52,6
3462992,0,1029,0,40,3,3,2,1,23,41,6
3468763,0,1029,0,40,3,2,2,1,15,29,6
3469333,0,1029,0,40,3,1,2,1,11,75,6
3463771,0,1029,0,40,3,3,2,1,24,38,6
3441094,0,1029,0,40,3,8,2,1,53,70,6
3427743,0,1029,0,40,3,10,2,1,66,43,6
3469431,0,1029,0,40,3,2,2,1,10,83,6
3465417,0,1029,0,40,3,4,2,1,16,21,6
3408920,0,1029,0,40,3,17,2,1,73,37,6
3467644,0,1029,0,40,2,2,2,1,11,43,6
3464194,0,1029,0,40,3,4,2,1,23,75,6
3468336,0,1029,0,40,2,2,2,1,19,35,6
3439664,0,1029,0,40,3,11,2,1,54,26,6
3471485,0,1029,0,40,2,1,2,1,8,35,6
3467049,0,1029,0,40,2,4,2,1,12,30,6
3437836,0,1029,0,40,3,9,2,1,68,44,6
3470729,0,1029,0,40,3,2,2,1,9,29,6
3432302,0,1029,0,40,3,9,2,1,64,64,6
3463221,0,1029,0,40,3,4,2,1,23,43,6
3466800,0,1029,0,40,2,3,2,1,12,63,6
3470938,0,1029,0,40,2,2,2,1,7,66,6
3467620,0,1029,0,40,3,3,2,1,19,11,6
3470872,0,1029,0,40,3,2,2,1,8,27,6
3465750,0,1029,0,40,3,3,2,1,21,69,6
3470709,0,1029,0,40,3,2,2,1,10,21,6
3471503,0,1029,0,40,2,1,2,1,6,28,6
3467418,0,1029,0,40,2,2,2,1,15,35,6
3465125,0,1029,0,40,2,4,2,1,11,68,6
3445762,0,1029,0,40,3,10,2,1,37,40,6
3470619,0,1029,0,40,2,2,2,1,10,76,6
3470789,0,1029,0,40,3,2,2,1,7,23,6
3462211,0,1029,0,40,2,4,2,1,26,46,6
3472126,0,1029,0,40,3,1,2,1,5,61,6
3472162,0,1029,0,40,2,1,2,1,5,28,6
3472240,0,1029,0,40,3,1,2,1,5,30,6
3467022,0,1029,0,40,3,1,2,1,27,35,6
3452499,0,1029,0,40,3,4,2,1,47,46,6
3436226,0,1029,0,40,2,8,2,1,60,20,6
3470293,0,1029,0,40,2,1,2,1,16,42,6
3424691,0,1029,0,40,3,10,2,1,68,35,6
3464062,0,1029,0,40,3,3,2,1,22,57,6
3469398,0,1029,0,40,2,2,2,1,15,70,6
3445562,0,1029,0,40,3,6,2,1,43,15,6
3402958,0,1029,0,40,3,16,2,1,82,28,6
3448170,0,1029,0,40,2,5,2,1,58,38,6
3468170,0,1029,0,40,2,3,2,1,18,61,6
3468923,0,1029,0,40,3,2,2,1,18,42,6
3467537,0,1029,0,40,2,3,2,1,13,26,6
3443468,0,1029,0,40,2,8,2,1,55,33,6
3425076,0,1029,0,40,2,13,2,1,50,61,6
3455896,0,1029,0,40,2,6,2,1,34,129,6
3460134,0,1029,0,40,3,4,2,1,36,92,6
3449723,0,1029,0,40,3,6,2,1,48,49,6
3466706,0,1029,0,40,3,4,2,1,13,78,6
3471909,0,1029,0,40,2,1,2,1,7,37,6
3466676,0,1029,0,40,2,4,2,1,16,21,6
3470246,0,1029,0,40,3,2,2,1,11,35,6
3464277,0,1029,0,40,3,4,2,1,24,82,6
3468905,0,1029,0,40,2,3,2,1,14,18,6
3472384,0,1029,0,40,2,1,2,1,6,65,6
3463782,0,1029,0,40,3,5,2,1,17,57,6
3471305,0,1029,0,40,2,2,2,1,6,77,6
3472497,0,1029,0,40,3,1,2,1,5,52,6
3458117,0,1029,0,40,3,6,2,1,40,39,6
3446916,0,1029,0,40,2,10,2,1,46,56,6
3467710,0,1029,0,40,2,3,2,1,15,46,6
3467145,0,1029,0,40,3,3,2,1,13,70,6
3456868,0,1029,0,40,3,5,2,1,43,64,6
3466611,0,1029,0,40,3,2,2,1,19,45,6
3467289,0,1029,0,40,2,2,2,1,19,45,6
3470985,0,1029,0,40,3,1,2,1,8,25,6
3471383,0,1029,0,40,2,1,2,1,8,46,6
3472013,0,1029,0,40,3,1,2,1,8,18,6
3472075,0,1029,0,40,2,1,2,1,8,43,6
3466765,0,1029,0,40,3,3,2,1,9,14,6
3470848,0,1029,0,40,3,2,2,1,8,49,6
3454365,0,1029,0,40,3,6,2,1,37,57,6
3456021,0,1029,0,40,2,6,2,1,41,42,6
3467845,0,1029,0,40,2,3,2,1,8,51,6
3449112,0,1029,0,40,3,6,2,1,50,34,6
3457598,0,1029,0,40,2,5,2,1,30,49,6
3453229,0,1029,0,40,2,5,2,1,42,26,6
3469840,0,1029,0,40,2,2,2,1,12,51,6
3471755,0,1029,0,40,2,1,2,1,9,40,6
3447307,0,1029,0,40,3,10,2,1,47,42,6
3447640,0,1029,0,40,3,8,2,1,48,48,6
3466301,0,1029,0,40,2,5,2,1,18,35,6
3447484,0,1029,0,40,2,9,2,1,37,17,6
3472735,0,1029,0,40,2,1,2,1,6,55,6
3471919,0,1029,0,40,3,0,2,1,4,59,6
3472052,0,1029,0,40,2,0,2,1,4,63,6
3472212,0,1029,0,40,3,0,2,1,4,67,6
3472277,0,1029,0,40,2,0,2,1,4,73,6
3472341,0,1029,0,40,3,0,2,1,4,21,6
3472373,0,1029,0,40,3,0,2,1,4,7,6
3472468,0,1029,0,40,3,0,2,1,4,49,6
3472516,0,1029,0,40,3,0,2,1,4,52,6
3472532,0,1029,0,40,3,0,2,1,4,77,6
3472556,0,1029,0,40,3,0,2,1,4,48,6
3472572,0,1029,0,40,3,0,2,1,4,83,6
3472612,0,1029,0,40,3,0,2,1,4,82,6
3472628,0,1029,0,40,3,0,2,1,4,35,6
3472644,0,1029,0,40,3,0,2,1,4,76,6
3472652,0,1029,0,40,3,0,2,1,4,35,6
3472660,0,1029,0,40,3,0,2,1,4,29,6
3472676,0,1029,0,40,2,0,2,1,4,70,6
3472684,0,1029,0,40,3,0,2,1,4,49,6
3472692,0,1029,0,40,2,0,2,1,4,36,6
3472716,0,1029,0,40,2,0,2,1,4,56,6
3472724,0,1029,0,40,2,0,2,1,4,50,6
3472740,0,1029,0,40,3,0,2,1,4,43,6
3472756,0,1029,0,40,2,0,2,1,4,58,6
3472764,0,1029,0,40,3,0,2,1,4,121,6
3472772,0,1029,0,40,2,0,2,1,4,12,6
3472781,0,1029,0,40,3,0,2,1,4,33,6
3472785,0,1029,0,40,3,0,2,1,4,32,6
3472789,0,1029,0,40,3,0,2,1,4,47,6
3472797,0,1029,0,40,2,0,2,1,4,26,6
3472801,0,1029,0,40,3,0,2,1,4,69,6
3472805,0,1029,0,40,3,0,2,1,4,39,6
3472817,0,1029,0,40,2,0,2,1,4,46,6
3472825,0,1029,0,40,2,0,2,1,4,42,6
3472829,0,1029,0,40,2,0,2,1,4,12,6
3472833,0,1029,0,40,2,0,2,1,4,48,6
3472853,0,1029,0,40,3,0,2,1,4,55,6
3472861,0,1029,0,40,2,0,2,1,4,37,6
3472873,0,1029,0,40,3,0,2,1,4,52,6
3472877,0,1029,0,40,3,0,2,1,4,32,6
3472889,0,1029,0,40,3,0,2,1,4,25,6
3472893,0,1029,0,40,2,0,2,1,4,118,6
3472905,0,1029,0,40,2,0,2,1,4,43,6
3472909,0,1029,0,40,2,0,2,1,4,32,6
3472913,0,1029,0,40,2,0,2,1,4,45,6
3472929,0,1029,0,40,3,0,2,1,4,98,6
3472933,0,1029,0,40,2,0,2,1,4,60,6
3472941,0,1029,0,40,3,0,2,1,4,48,6
3472945,0,1029,0,40,3,0,2,1,4,49,6
3472949,0,1029,0,40,2,0,2,1,4,25,6
3472953,0,1029,0,40,2,0,2,1,4,24,6
3472955,0,1029,0,40,3,0,2,1,4,18,6
3472963,0,1029,0,40,3,0,2,1,4,77,6
3472965,0,1029,0,40,3,0,2,1,4,66,6
3472967,0,1029,0,40,2,0,2,1,4,64,6
3472971,0,1029,0,40,3,0,2,1,4,25,6
3472975,0,1029,0,40,3,0,2,1,4,62,6
3472985,0,1029,0,40,3,0,2,1,4,44,6
3472987,0,1029,0,40,3,0,2,1,4,39,6
3472989,0,1029,0,40,3,0,2,1,4,40,6
3472997,0,1029,0,40,3,0,2,1,4,58,6
3473001,0,1029,0,40,2,0,2,1,4,37,6
3473005,0,1029,0,40,3,0,2,1,4,52,6
3473009,0,1029,0,40,3,0,2,1,4,29,6
3473011,0,1029,0,40,2,0,2,1,4,24,6
3473013,0,1029,0,40,2,0,2,1,4,58,6
3473017,0,1029,0,40,3,0,2,1,4,16,6
3473019,0,1029,0,40,3,0,2,1,4,94,6
3473021,0,1029,0,40,2,0,2,1,4,33,6
3473025,0,1029,0,40,3,0,2,1,4,76,6
3473027,0,1029,0,40,3,0,2,1,4,60,6
3473029,0,1029,0,40,2,0,2,1,4,46,6
3473031,0,1029,0,40,3,0,2,1,4,52,6
3473037,0,1029,0,40,3,0,2,1,4,38,6
3473041,0,1029,0,40,2,0,2,1,4,16,6
3473045,0,1029,0,40,2,0,2,1,4,94,6
3473049,0,1029,0,40,3,0,2,1,4,39,6
3473051,0,1029,0,40,3,0,2,1,4,42,6
3473055,0,1029,0,40,3,0,2,1,4,37,6
3473057,0,1029,0,40,2,0,2,1,4,31,6
3473061,0,1029,0,40,3,0,2,1,4,68,6
3473063,0,1029,0,40,2,0,2,1,4,66,6
3473067,0,1029,0,40,3,0,2,1,4,44,6
3473069,0,1029,0,40,3,0,2,1,4,38,6
3473073,0,1029,0,40,2,0,2,1,4,56,6
3473077,0,1029,0,40,3,0,2,1,4,57,6
3473081,0,1029,0,40,2,0,2,1,4,53,6
3473087,0,1029,0,40,3,0,2,1,4,42,6
3473093,0,1029,0,40,3,0,2,1,4,67,6
3473095,0,1029,0,40,2,0,2,1,4,12,6
3473101,0,1029,0,40,3,0,2,1,4,30,6
3473111,0,1029,0,40,3,0,2,1,4,75,6
3473113,0,1029,0,40,3,0,2,1,4,39,6
3473115,0,1029,0,40,2,0,2,1,4,29,6
3376535,0,1029,0,40,3,19,2,1,120,32,6
3440205,0,1029,0,40,2,6,2,1,40,34,6
3468555,0,1029,0,40,3,1,2,1,8,38,6
3435723,0,1029,0,40,3,10,2,1,42,49,6
3469168,0,1029,0,40,3,1,2,1,8,32,6
3467307,0,1029,0,40,2,1,2,1,17,46,6
3449465,0,1029,0,40,3,5,2,1,49,47,6
3424559,0,1029,0,40,2,10,2,1,64,30,6
3468153,0,1029,0,40,3,3,2,1,12,35,6
3467422,0,1029,0,40,2,2,2,1,12,41,6
3466250,0,1029,0,40,2,2,2,1,17,67,6
3469471,0,1029,0,40,2,1,2,1,10,58,6
3461386,0,1029,0,40,2,4,2,1,25,33,6
3470453,0,1029,0,40,2,1,2,1,7,16,6
3434365,0,1029,0,40,3,13,2,1,53,25,6
3457622,0,1029,0,40,2,6,2,1,22,23,6
3470578,0,1029,0,40,2,1,2,1,5,61,6
3464479,0,1029,0,40,3,4,2,1,16,21,6
3461180,0,1029,0,40,3,3,2,1,32,110,6
3447444,0,1029,0,40,3,7,2,1,45,48,6
3433265,0,1029,0,40,2,8,2,1,70,47,6
3447329,0,1029,0,40,2,5,2,1,47,33,6
3468850,0,1029,0,40,3,1,2,1,9,40,6
3444312,0,1029,0,40,2,8,2,1,50,38,6
3445505,0,1029,0,40,3,6,2,1,45,29,6
3445528,0,1029,0,40,2,7,2,1,47,69,6
3464340,0,1029,0,40,2,3,2,1,12,51,6
3470896,0,1029,0,40,3,1,2,1,6,24,6
3439735,0,1029,0,40,3,8,2,1,47,31,6
3471167,0,1029,0,40,3,1,2,1,4,63,6
3466614,0,1029,0,40,2,1,2,1,23,13,6
3452126,0,1029,0,40,3,6,2,1,36,20,6
3469249,0,1029,0,40,3,1,2,1,14,64,6
3460961,0,1029,0,40,2,4,2,1,23,41,6
3464436,0,1029,0,40,2,2,2,1,20,50,6
3426189,0,1029,0,40,3,12,2,1,62,25,6
3469051,0,1029,0,40,2,2,2,1,9,41,6
3463989,0,1029,0,40,2,4,2,1,15,28,6
3468907,0,1029,0,40,2,2,2,1,9,69,6
3456383,0,1029,0,40,3,5,2,1,27,87,6
3406617,0,1029,0,40,2,15,2,1,95,70,6
3471158,0,1029,0,40,2,1,2,1,6,19,6
3459094,0,1029,0,40,3,5,2,1,18,43,6
3469661,0,1029,0,40,3,2,2,1,7,37,6
3462878,0,1029,0,40,2,4,2,1,19,56,6
3468459,0,1029,0,40,2,2,2,1,5,23,6
3446443,0,1029,0,40,3,8,2,1,47,41,6
3464875,0,1029,0,40,2,3,2,1,24,36,6
3467636,0,1029,0,40,2,1,2,1,20,46,6
3468861,0,1029,0,40,3,1,2,1,16,72,6
3469134,0,1029,0,40,3,1,2,1,14,26,6
3395320,0,1029,0,40,3,17,2,1,97,22,6
3370228,0,1029,0,40,3,22,2,1,130,25,6
3469325,0,1029,0,40,3,1,2,1,11,23,6
3469509,0,1029,0,40,3,1,2,1,10,87,6
3448759,0,1029,0,40,3,5,2,1,50,30,6
3465378,0,1029,0,40,2,4,2,1,17,40,6
3470591,0,1029,0,40,3,1,2,1,9,26,6
3464174,0,1029,0,40,3,4,2,1,18,18,6
3455995,0,1029,0,40,2,5,2,1,27,68,6
3441107,0,1029,0,40,2,8,2,1,49,31,6
3431426,0,1029,0,40,3,9,2,1,70,64,6
3432953,0,1029,0,40,3,9,2,1,64,30,6
3378160,0,1029,0,40,3,18,2,1,121,83,6
3468151,0,1029,0,40,2,3,2,1,11,54,6
3467386,0,1029,0,40,3,2,2,1,9,41,6
3467489,0,1029,0,40,3,3,2,1,13,45,6
3414720,0,1029,0,40,2,16,2,1,60,15,6
3453086,0,1029,0,40,2,9,2,1,23,23,6
3471359,0,1029,0,40,2,1,2,1,5,18,6
3471488,0,1029,0,40,2,1,2,1,5,76,6
3471586,0,1029,0,40,2,1,2,1,5,58,6
3460431,0,1029,0,40,2,3,2,1,34,61,6
3463367,0,1029,0,40,3,6,2,1,11,17,6
3469843,0,1029,0,40,2,2,2,1,10,23,6
3471100,0,1029,0,40,2,2,2,1,5,53,6
3471652,0,1029,0,40,3,1,2,1,4,67,6
3426739,0,1029,0,40,3,12,2,1,75,43,6
3468544,0,1029,0,40,2,1,2,1,18,73,6
3468737,0,1029,0,40,3,1,2,1,17,38,6
3463275,0,1029,0,40,2,3,2,1,24,52,6
3444522,0,1029,0,40,3,8,2,1,35,72,6
3452488,0,1029,0,40,2,7,2,1,35,50,6
3452184,0,1029,0,40,2,4,2,1,46,48,6
3469712,0,1029,0,40,3,2,2,1,12,26,6
3468095,0,1029,0,40,3,2,2,1,13,36,6
3461311,0,1029,0,40,3,4,2,1,20,31,6
3427855,0,1029,0,40,2,11,2,1,60,46,6
3449201,0,1029,0,40,3,6,2,1,43,48,6
3470622,0,1029,0,40,3,1,2,1,9,57,6
3464736,0,1029,0,40,3,3,2,1,19,41,6
3436846,0,1029,0,40,2,7,2,1,45,27,6
3460534,0,1029,0,40,3,5,2,1,25,23,6
3438607,0,1029,0,40,3,7,2,1,62,30,6
3470974,0,1029,0,40,3,1,2,1,8,20,6
3403991,0,1029,0,40,2,13,2,1,93,50,6
3462115,0,1029,0,40,3,4,2,1,29,26,6
3468139,0,1029,0,40,3,2,2,1,15,44,6
3470917,0,1029,0,40,3,1,2,1,7,24,6
3440231,0,1029,0,40,2,11,2,1,38,21,6
3456922,0,1029,0,40,2,6,2,1,27,32,6
3470463,0,1029,0,40,3,2,2,1,9,61,6
3471187,0,1029,0,40,2,1,2,1,6,68,6
3471462,0,1029,0,40,2,1,2,1,6,25,6
3448883,0,1029,0,40,2,9,2,1,30,68,6
3469546,0,1029,0,40,2,2,2,1,8,35,6
3432060,0,1029,0,40,2,9,2,1,70,45,6
3468325,0,1029,0,40,3,3,2,1,11,16,6
3471489,0,1029,0,40,3,1,2,1,5,44,6
3471666,0,1029,0,40,2,1,2,1,5,68,6
3465269,0,1029,0,40,2,3,2,1,11,68,6
3465839,0,1029,0,40,3,3,2,1,17,65,6
3372799,1,1029,963,26.1325,3,23,2,1,99,59,6
3456955,0,1029,0,40,3,6,2,1,29,30,6
3446800,0,1029,0,40,3,6,2,1,44,42,6
3360706,0,1029,0,40,2,14,2,1,153,37,6
3373187,0,1029,0,40,2,16,2,1,147,17,6
3471253,0,1029,0,40,3,1,2,1,4,30,6
3432101,0,1029,0,40,3,5,2,1,77,18,6
3440211,0,1029,0,40,3,8,2,1,59,88,6
3467249,0,1029,0,40,3,1,2,1,21,61,6
3403316,0,1029,0,40,3,14,2,1,92,53,6
3460922,0,1029,0,40,2,4,2,1,30,25,6
3466495,0,1029,0,40,3,2,2,1,18,40,6
3448219,0,1029,0,40,3,7,2,1,36,33,6
3423189,0,1029,0,40,2,11,2,1,71,67,6
3470497,0,1029,0,40,3,1,2,1,12,27,6
3407286,0,1029,0,40,2,14,2,1,91,38,6
3394234,0,1029,0,40,3,16,2,1,98,62,6
3470310,0,1029,0,40,2,1,2,1,11,40,6
3459821,0,1029,0,40,2,4,2,1,18,88,6
3444578,0,1029,0,40,3,7,2,1,51,69,6
3426652,0,1029,0,40,3,11,2,1,71,73,6
3448825,0,1029,0,40,2,9,2,1,24,51,6
3469857,0,1029,0,40,2,2,2,1,11,61,6
3470616,0,1029,0,40,3,1,2,1,9,86,6
3415845,0,1029,0,40,3,10,2,1,84,80,6
3462334,0,1029,0,40,2,5,2,1,29,98,6
3445127,0,1029,0,40,2,9,2,1,39,36,6
3469182,0,1029,0,40,3,2,2,1,13,63,6
3464193,0,1029,0,40,3,4,2,1,20,49,6
3466738,0,1029,0,40,2,4,2,1,18,68,6
3434211,0,1029,0,40,3,10,2,1,68,44,6
3450212,0,1029,0,40,2,8,2,1,39,19,6
3398872,0,1029,0,40,2,16,2,1,89,61,6
3391480,0,1029,0,40,2,15,2,1,111,69,6
3471165,0,1029,0,40,2,1,2,1,7,53,6
3471560,0,1029,0,40,3,1,2,1,7,32,6
3459416,0,1029,0,40,2,4,2,1,29,61,6
3464460,0,1029,0,40,2,4,2,1,18,34,6
3467133,0,1029,0,40,3,2,2,1,20,55,6
3469063,0,1029,0,40,2,3,2,1,13,26,6
3423643,0,1029,0,40,2,12,2,1,59,37,6
3426618,0,1029,0,40,3,8,2,1,64,49,6
3431569,0,1029,0,40,2,11,2,1,52,24,6
3470433,0,1029,0,40,2,2,2,1,8,49,6
3469443,0,1029,0,40,2,2,2,1,13,38,6
3468260,0,1029,0,40,3,4,2,1,12,49,6
3471292,0,1029,0,40,3,2,2,1,7,55,6
3471866,0,1029,0,40,3,1,2,1,5,65,6
3469098,0,1029,0,40,2,2,2,1,6,40,6
3431556,0,1029,0,40,2,12,2,1,42,41,6
3467834,0,1029,0,40,2,3,2,1,12,65,6
3371230,1,1029,914,40,2,22,2,1,104,43,6
3468994,0,1029,0,40,3,2,2,1,12,15,6
3446244,0,1029,0,40,3,7,2,1,43,57,6
3466472,0,1029,0,40,2,3,2,1,16,112,6
3462144,0,1029,0,40,2,3,2,1,28,49,6
3472135,0,1029,0,40,3,1,2,1,4,32,6
3461301,0,1029,0,40,3,2,2,1,32,41,6
3426047,0,1029,0,40,3,8,2,1,75,25,6
3458717,0,1029,0,40,2,4,2,1,33,48,6
3458472,0,1029,0,40,3,5,2,1,34,93,6
3456783,0,1029,0,40,2,4,2,1,42,44,6
3459284,0,1029,0,40,3,3,2,1,34,41,6
3468695,0,1029,0,40,3,1,2,1,18,76,6
3467197,0,1029,0,40,3,2,2,1,20,78,6
3456412,0,1029,0,40,2,5,2,1,33,16,6
3448250,0,1029,0,40,2,5,2,1,56,69,6
3466848,0,1029,0,40,3,2,2,1,17,65,6
3467953,0,1029,0,40,2,2,2,1,15,58,6
3462788,0,1029,0,40,2,4,2,1,23,28,6
3463538,0,1029,0,40,3,3,2,1,23,24,6
3425763,0,1029,0,40,2,10,2,1,67,33,6
3414699,0,1029,0,40,3,14,2,1,73,45,6
3444131,0,1029,0,40,2,8,2,1,37,79,6
3431488,0,1029,0,40,3,9,2,1,59,87,6
3461729,0,1029,0,40,3,4,2,1,27,15,6
3450626,0,1029,0,40,3,8,2,1,36,38,6
3468874,0,1029,0,40,3,2,2,1,13,46,6
3465162,0,1029,0,40,3,4,2,1,23,31,6
3415249,0,1029,0,40,3,11,2,1,80,64,6
3455307,0,1029,0,40,2,6,2,1,34,46,6
3469148,0,1029,0,40,3,2,2,1,10,61,6
3465123,0,1029,0,40,3,4,2,1,19,45,6
3403487,0,1029,0,40,2,12,2,1,98,50,6
3437319,0,1029,0,40,3,12,2,1,46,33,6
3469335,0,1029,0,40,3,2,2,1,10,38,6
3467025,0,1029,0,40,2,3,2,1,15,29,6
3469039,0,1029,0,40,2,2,2,1,15,51,6
3470928,0,1029,0,40,3,2,2,1,9,95,6
3471596,0,1029,0,40,2,1,2,1,7,43,6
3434514,0,1029,0,40,3,11,2,1,58,50,6
3445068,0,1029,0,40,2,9,2,1,42,47,6
3463761,0,1029,0,40,2,5,2,1,16,29,6
3399566,0,1029,0,40,3,14,2,1,95,31,6
3471785,0,1029,0,40,2,1,2,1,6,46,6
3466644,0,1029,0,40,3,3,2,1,15,59,6
3399448,0,1029,0,40,3,17,2,1,105,80,6
3470667,0,1029,0,40,3,2,2,1,6,26,6
3400428,0,1029,0,40,3,15,2,1,74,71,6
3470375,0,1029,0,40,3,2,2,1,9,26,6
3463019,0,1029,0,40,3,5,2,1,27,17,6
3470994,0,1029,0,40,3,2,2,1,7,29,6
3415189,0,1029,0,40,2,15,2,1,77,59,6
3471567,0,1029,0,40,2,1,2,1,5,17,6
3471651,0,1029,0,40,3,1,2,1,5,53,6
3472019,0,1029,0,40,3,1,2,1,5,85,6
3472139,0,1029,0,40,2,1,2,1,5,36,6
3472201,0,1029,0,40,3,1,2,1,5,39,6
3472213,0,1029,0,40,3,1,2,1,5,46,6
3469411,0,1029,0,40,3,3,2,1,10,70,6
3462185,0,1029,0,40,2,4,2,1,24,63,6
3458383,0,1029,0,40,3,8,2,1,20,10,6
3462235,0,1029,0,40,2,6,2,1,16,39,6
3454972,0,1029,0,40,3,9,2,1,23,26,6
3463350,0,1029,0,40,2,5,2,1,19,97,6
3432522,0,1029,0,40,3,11,2,1,63,56,6
3468448,0,1029,0,40,3,4,2,1,9,28,6
3460481,0,1029,0,40,2,5,2,1,26,47,6
3461392,0,1029,0,40,2,5,2,1,24,56,6
3471058,0,1029,0,40,3,2,2,1,8,27,6
3470987,0,1029,0,40,3,2,2,1,8,38,6
3472150,0,1029,0,40,3,1,2,1,4,32,6
3472308,0,1029,0,40,3,1,2,1,4,19,6
3472352,0,1029,0,40,3,1,2,1,4,31,6
3459617,0,1029,0,40,3,3,2,1,34,41,6
3447472,0,1029,0,40,3,6,2,1,47,36,6
3468615,0,1029,0,40,3,1,2,1,19,31,6
3456109,0,1029,0,40,3,5,2,1,33,38,6
3469955,0,1029,0,40,3,1,2,1,16,69,6
3465069,0,1029,0,40,2,3,2,1,25,53,6
3470195,0,1029,0,40,2,1,2,1,15,47,6
3466695,0,1029,0,40,2,2,2,1,18,63,6
3466619,0,1029,0,40,3,3,2,1,17,20,6
3451366,0,1029,0,40,2,6,2,1,44,45,6
3470493,0,1029,0,40,3,1,2,1,14,106,6
3459376,0,1029,0,40,3,4,2,1,28,33,6
3456936,0,1029,0,40,3,4,2,1,39,45,6
3425031,0,1029,0,40,2,11,2,1,74,63,6
3448789,0,1029,0,40,2,8,2,1,44,72,6
3470968,0,1029,0,40,2,1,2,1,12,34,6
3456001,0,1029,0,40,2,5,2,1,42,53,6
3457974,0,1029,0,40,3,7,2,1,23,43,6
3470799,0,1029,0,40,3,1,2,1,11,28,6
3471110,0,1029,0,40,3,1,2,1,11,65,6
3434189,0,1029,0,40,3,9,2,1,51,38,6
3452738,0,1029,0,40,3,8,2,1,38,23,6
3459446,0,1029,0,40,2,4,2,1,31,56,6
3366064,1,1029,884,40,3,21,2,1,159,39,6
3470817,0,1029,0,40,3,1,2,1,9,27,6
3470989,0,1029,0,40,3,1,2,1,9,55,6
3459394,0,1029,0,40,3,6,2,1,28,25,6
3455897,0,1029,0,40,2,6,2,1,31,46,6
3469288,0,1029,0,40,2,2,2,1,14,17,6
3471449,0,1029,0,40,2,1,2,1,8,41,6
3468743,0,1029,0,40,2,2,2,1,12,42,6
3468569,0,1029,0,40,3,3,2,1,14,40,6
3465520,0,1029,0,40,3,4,2,1,17,86,6
3471419,0,1029,0,40,2,1,2,1,7,48,6
3461665,0,1029,0,40,2,4,2,1,28,35,6
3471367,0,1029,0,40,3,1,2,1,6,47,6
3471861,0,1029,0,40,3,1,2,1,6,47,6
3466011,0,1029,0,40,2,4,2,1,13,40,6
3452679,0,1029,0,40,2,6,2,1,37,39,6
3469752,0,1029,0,40,3,3,2,1,8,45,6
3470482,0,1029,0,40,3,2,2,1,8,30,6
3470518,0,1029,0,40,2,3,2,1,7,58,6
3466590,0,1029,0,40,3,4,2,1,11,64,6
3471767,0,1029,0,40,2,1,2,1,5,43,6
3472306,0,1029,0,40,3,1,2,1,5,65,6
3463865,0,1029,0,40,3,4,2,1,10,39,6
3442145,0,1029,0,40,3,7,2,1,57,51,6
3428009,0,1029,0,40,3,11,2,1,61,33,6
3394190,0,1029,0,40,2,17,2,1,100,32,6
3470524,0,1029,0,40,3,2,2,1,9,50,6
3460222,0,1029,0,40,3,6,2,1,26,42,6
3451380,0,1029,0,40,3,8,2,1,33,66,6
3464333,0,1029,0,40,2,4,2,1,21,30,6
3448411,0,1029,0,40,2,8,2,1,47,23,6
3471527,0,1029,0,40,2,1,2,1,4,36,6
3472447,0,1029,0,40,2,1,2,1,4,19,6
3451664,0,1029,0,40,3,6,2,1,57,37,6
3455676,0,1029,0,40,3,4,2,1,36,61,6
3454613,0,1029,0,40,2,5,2,1,43,42,6
3445503,0,1029,0,40,2,8,2,1,48,24,6
3456357,0,1029,0,40,3,5,2,1,39,39,6
3466705,0,1029,0,40,2,2,2,1,25,30,6
3387959,0,1029,0,40,3,19,2,1,123,87,6
3420013,0,1029,0,40,2,13,2,1,77,60,6
3431988,0,1029,0,40,3,10,2,1,62,36,6
3471545,0,1029,0,40,2,1,2,1,9,31,6
3471824,0,1029,0,40,2,1,2,1,8,19,6
3471880,0,1029,0,40,2,1,2,1,8,66,6
3471245,0,1029,0,40,2,1,2,1,7,46,6
3472001,0,1029,0,40,2,1,2,1,7,31,6
3452435,0,1029,0,40,3,3,2,1,51,18,6
3456190,0,1029,0,40,3,7,2,1,24,22,6
3416667,0,1029,0,40,3,13,2,1,71,42,6
3471375,0,1029,0,40,2,1,2,1,6,44,6
3472346,0,1029,0,40,3,1,2,1,6,36,6
3459261,0,1029,0,40,2,5,2,1,35,49,6
3446873,0,1029,0,40,3,9,2,1,37,52,6
3468785,0,1029,0,40,3,2,2,1,18,50,6
3470998,0,1029,0,40,3,2,2,1,11,29,6
3472593,0,1029,0,40,3,1,2,1,5,48,6
3465935,0,1029,0,40,3,3,2,1,13,35,6
3430931,0,1029,0,40,3,11,2,1,45,69,6
3406147,0,1029,0,40,3,13,2,1,81,53,6
3452098,0,1029,0,40,2,7,2,1,42,37,6
3457722,0,1029,0,40,3,7,2,1,28,64,6
3448811,0,1029,0,40,3,8,2,1,40,62,6
3470663,0,1029,0,40,2,2,2,1,12,58,6
3471838,0,1029,0,40,2,2,2,1,6,56,6
3466704,0,1029,0,40,3,3,2,1,22,35,6
3472667,0,1029,0,40,3,1,2,1,4,42,6
3427118,0,1029,0,40,3,10,2,1,80,42,6
3451425,1,1029,996,33.4632,2,7,2,1,43,32,6
3434883,0,1029,0,40,3,11,2,1,53,58,6
3454456,0,1029,0,40,2,7,2,1,28,21,6
3469855,0,1029,0,40,2,2,2,1,14,16,6
3467556,0,1029,0,40,2,5,2,1,15,23,6
3470943,0,1029,0,40,3,2,2,1,11,52,6
3453364,0,1029,0,40,2,7,2,1,33,27,6
3440674,0,1029,0,40,2,8,2,1,36,29,6
3467486,0,1029,0,40,3,2,2,1,21,34,6
3411546,0,1029,0,40,3,13,2,1,68,57,6
3471142,0,1029,0,40,2,2,2,1,10,45,6
3470810,0,1029,0,40,2,2,2,1,8,34,6
3471123,0,1029,0,40,3,2,2,1,7,9,6
3465747,0,1029,0,40,2,4,2,1,21,48,6
3424603,0,1029,0,40,3,10,2,1,71,56,6
3470689,0,1029,0,40,2,2,2,1,10,34,6
3461920,0,1029,0,40,3,4,2,1,22,40,6
3470710,0,1029,0,40,3,2,2,1,11,65,6
3436491,0,1029,0,40,3,8,2,1,66,36,6
3444055,0,1029,0,40,2,9,2,1,53,45,6
3400640,0,1029,0,40,2,17,2,1,86,76,6
3471326,0,1029,0,40,2,2,2,1,8,24,6
3434122,0,1029,0,40,3,9,2,1,61,47,6
3419816,0,1029,0,40,2,15,2,1,68,42,6
3472434,0,1029,0,40,2,1,2,1,6,48,6
3465526,0,1029,0,40,2,3,2,1,18,37,6
3433757,0,1029,0,40,2,7,2,1,71,60,6
3472053,0,1029,0,40,3,2,2,1,6,50,6
3471983,0,1029,0,40,3,0,2,1,3,18,6
3472148,0,1029,0,40,2,0,2,1,3,46,6
3472229,0,1029,0,40,2,0,2,1,3,44,6
3472293,0,1029,0,40,2,0,2,1,3,22,6
3472357,0,1029,0,40,3,0,2,1,3,43,6
3472412,0,1029,0,40,2,0,2,1,3,36,6
3472476,0,1029,0,40,2,0,2,1,3,44,6
3472564,0,1029,0,40,2,0,2,1,3,43,6
3472596,0,1029,0,40,2,0,2,1,3,22,6
3472616,0,1029,0,40,2,0,2,1,3,33,6
3472632,0,1029,0,40,3,0,2,1,3,40,6
3472648,0,1029,0,40,2,0,2,1,3,46,6
3472680,0,1029,0,40,3,0,2,1,3,29,6
3472696,0,1029,0,40,2,0,2,1,3,36,6
3472712,0,1029,0,40,3,0,2,1,3,21,6
3472728,0,1029,0,40,2,0,2,1,3,26,6
3472760,0,1029,0,40,3,0,2,1,3,86,6
3472783,0,1029,0,40,2,0,2,1,3,18,6
3472791,0,1029,0,40,2,0,2,1,3,18,6
3472799,0,1029,0,40,2,0,2,1,3,29,6
3472807,0,1029,0,40,3,0,2,1,3,44,6
3472823,0,1029,0,40,2,0,2,1,3,49,6
3472839,0,1029,0,40,2,0,2,1,3,52,6
3472847,0,1029,0,40,2,0,2,1,3,53,6
3472863,0,1029,0,40,3,0,2,1,3,57,6
3472871,0,1029,0,40,2,0,2,1,3,61,6
3472887,0,1029,0,40,2,0,2,1,3,28,6
3472903,0,1029,0,40,2,0,2,1,3,26,6
3472911,0,1029,0,40,2,0,2,1,3,57,6
3472919,0,1029,0,40,3,0,2,1,3,62,6
3472943,0,1029,0,40,2,0,2,1,3,32,6
3472950,0,1029,0,40,2,0,2,1,3,37,6
3472954,0,1029,0,40,3,0,2,1,3,28,6
3472958,0,1029,0,40,3,0,2,1,3,45,6
3472962,0,1029,0,40,2,0,2,1,3,45,6
3472970,0,1029,0,40,3,0,2,1,3,18,6
3472974,0,1029,0,40,3,0,2,1,3,45,6
3472990,0,1029,0,40,3,0,2,1,3,60,6
3472994,0,1029,0,40,3,0,2,1,3,52,6
3473006,0,1029,0,40,2,0,2,1,3,78,6
3473010,0,1029,0,40,2,0,2,1,3,78,6
3473018,0,1029,0,40,2,0,2,1,3,50,6
3473022,0,1029,0,40,2,0,2,1,3,77,6
3473026,0,1029,0,40,3,0,2,1,3,58,6
3473030,0,1029,0,40,3,0,2,1,3,60,6
3473034,0,1029,0,40,2,0,2,1,3,76,6
3473038,0,1029,0,40,3,0,2,1,3,35,6
3473042,0,1029,0,40,2,0,2,1,3,29,6
3473050,0,1029,0,40,2,0,2,1,3,58,6
3473054,0,1029,0,40,3,0,2,1,3,43,6
3473058,0,1029,0,40,2,0,2,1,3,19,6
3473066,0,1029,0,40,2,0,2,1,3,22,6
3473074,0,1029,0,40,3,0,2,1,3,56,6
3473078,0,1029,0,40,3,0,2,1,3,105,6
3473082,0,1029,0,40,3,0,2,1,3,49,6
3473090,0,1029,0,40,3,0,2,1,3,34,6
3473094,0,1029,0,40,3,0,2,1,3,68,6
3473098,0,1029,0,40,2,0,2,1,3,62,6
3473106,0,1029,0,40,2,0,2,1,3,28,6
3473110,0,1029,0,40,2,0,2,1,3,76,6
3473119,0,1029,0,40,3,0,2,1,3,22,6
3473121,0,1029,0,40,3,0,2,1,3,29,6
3473125,0,1029,0,40,2,0,2,1,3,50,6
3473127,0,1029,0,40,3,0,2,1,3,45,6
3473133,0,1029,0,40,2,0,2,1,3,46,6
3473135,0,1029,0,40,3,0,2,1,3,16,6
3473137,0,1029,0,40,3,0,2,1,3,47,6
3473139,0,1029,0,40,3,0,2,1,3,49,6
3473141,0,1029,0,40,2,0,2,1,3,90,6
3473151,0,1029,0,40,3,0,2,1,3,85,6
3473153,0,1029,0,40,2,0,2,1,3,58,6
3473155,0,1029,0,40,3,0,2,1,3,51,6
3473157,0,1029,0,40,3,0,2,1,3,85,6
3473159,0,1029,0,40,2,0,2,1,3,61,6
3473163,0,1029,0,40,3,0,2,1,3,38,6
3473167,0,1029,0,40,3,0,2,1,3,32,6
3473169,0,1029,0,40,2,0,2,1,3,20,6
3473175,0,1029,0,40,3,0,2,1,3,28,6
3473177,0,1029,0,40,2,0,2,1,3,23,6
3473179,0,1029,0,40,2,0,2,1,3,14,6
3473181,0,1029,0,40,2,0,2,1,3,49,6
3473183,0,1029,0,40,2,0,2,1,3,21,6
3473185,0,1029,0,40,2,0,2,1,3,71,6
3473187,0,1029,0,40,2,0,2,1,3,88,6
3473189,0,1029,0,40,2,0,2,1,3,125,6
3473191,0,1029,0,40,2,0,2,1,3,26,6
3473193,0,1029,0,40,2,0,2,1,3,40,6
3473197,0,1029,0,40,3,0,2,1,3,19,6
3473199,0,1029,0,40,2,0,2,1,3,28,6
3473203,0,1029,0,40,3,0,2,1,3,60,6
3473205,0,1029,0,40,3,0,2,1,3,38,6
3473207,0,1029,0,40,2,0,2,1,3,34,6
3473209,0,1029,0,40,3,0,2,1,3,55,6
3473211,0,1029,0,40,2,0,2,1,3,46,6
3473215,0,1029,0,40,2,0,2,1,3,78,6
3473219,0,1029,0,40,2,0,2,1,3,49,6
3473221,0,1029,0,40,3,0,2,1,3,28,6
3473223,0,1029,0,40,2,0,2,1,3,40,6
3473225,0,1029,0,40,3,0,2,1,3,66,6
3473227,0,1029,0,40,3,0,2,1,3,30,6
3473229,0,1029,0,40,2,0,2,1,3,31,6
3473231,0,1029,0,40,3,0,2,1,3,56,6
3473233,0,1029,0,40,3,0,2,1,3,55,6
3473235,0,1029,0,40,2,0,2,1,3,106,6
3473237,0,1029,0,40,2,0,2,1,3,41,6
3473241,0,1029,0,40,2,0,2,1,3,54,6
3473247,0,1029,0,40,3,0,2,1,3,37,6
3473249,0,1029,0,40,2,0,2,1,3,44,6
3473251,0,1029,0,40,3,0,2,1,3,94,6
3473257,0,1029,0,40,2,0,2,1,3,36,6
3473261,0,1029,0,40,2,0,2,1,3,67,6
3473263,0,1029,0,40,2,0,2,1,3,43,6
3473267,0,1029,0,40,2,0,2,1,3,36,6
3473273,0,1029,0,40,3,0,2,1,3,80,6
3473275,0,1029,0,40,2,0,2,1,3,53,6
3473277,0,1029,0,40,3,0,2,1,3,81,6
3473279,0,1029,0,40,2,0,2,1,3,48,6
3444378,0,1029,0,40,3,5,2,1,43,28,6
3469799,0,1029,0,40,3,1,2,1,4,63,6
3470032,0,1029,0,40,3,1,2,1,5,38,6
3464770,0,1029,0,40,3,2,2,1,14,30,6
3362022,1,1029,959,40,2,17,2,1,89,24,6
3470266,0,1029,0,40,2,1,2,1,5,35,6
3459083,0,1029,0,40,2,3,2,1,28,130,6
3438745,0,1029,0,40,3,9,2,1,35,22,6
3418587,0,1029,0,40,3,13,2,1,71,60,6
3461785,0,1029,0,40,3,2,2,1,30,66,6
3469059,0,1029,0,40,3,2,2,1,7,118,6
3437683,0,1029,0,40,3,8,2,1,45,73,6
3469490,0,1029,0,40,3,1,2,1,11,64,6
3468172,0,1029,0,40,3,2,2,1,10,29,6
3428865,0,1029,0,40,2,9,2,1,54,29,6
3452067,0,1029,0,40,3,7,2,1,25,33,6
3470679,0,1029,0,40,3,1,2,1,6,39,6
3471018,0,1029,0,40,3,1,2,1,4,28,6
3453949,0,1029,0,40,3,5,2,1,38,37,6
3468657,0,1029,0,40,2,1,2,1,14,30,6
3457582,0,1029,0,40,3,3,2,1,35,57,6
3470437,0,1029,0,40,3,1,2,1,8,52,6
3466553,0,1029,0,40,2,3,2,1,8,38,6
3470694,0,1029,0,40,2,1,2,1,6,40,6
3468228,0,1029,0,40,2,3,2,1,10,54,6
3469746,0,1029,0,40,3,2,2,1,9,46,6
3424282,0,1029,0,40,3,14,2,1,56,30,6
3449913,0,1029,0,40,3,5,2,1,39,58,6
3431677,0,1029,0,40,3,8,2,1,59,49,6
3458806,0,1029,0,40,2,4,2,1,28,34,6
3462978,0,1029,0,40,3,4,2,1,19,47,6
3450500,0,1029,0,40,3,5,2,1,40,32,6
3453615,0,1029,0,40,3,6,2,1,28,43,6
3425256,0,1029,0,40,3,9,2,1,76,85,6
3469626,0,1029,0,40,3,1,2,1,12,41,6
3381860,0,1029,0,40,3,19,2,1,127,18,6
3469975,0,1029,0,40,2,1,2,1,11,24,6
3469623,0,1029,0,40,2,1,2,1,10,78,6
3465953,0,1029,0,40,2,2,2,1,16,52,6
3470274,0,1029,0,40,3,1,2,1,9,40,6
3465964,0,1029,0,40,2,3,2,1,18,37,6
3469149,0,1029,0,40,2,2,2,1,8,34,6
3418039,0,1029,0,40,2,14,2,1,57,76,6
3467313,0,1029,0,40,2,3,2,1,8,16,6
3454836,0,1029,0,40,2,5,2,1,41,30,6
3471002,0,1029,0,40,3,1,2,1,6,64,6
3438712,0,1029,0,40,3,8,2,1,34,34,6
3470885,0,1029,0,40,2,1,2,1,5,16,6
3448025,0,1029,0,40,2,7,2,1,25,61,6
3436610,0,1029,0,40,3,7,2,1,57,71,6
3455044,0,1029,0,40,3,4,2,1,42,41,6
3463121,0,1029,0,40,2,4,2,1,20,62,6
3471512,0,1029,0,40,2,1,2,1,4,30,6
3454701,0,1029,0,40,2,5,2,1,29,47,6
3374803,0,1029,0,40,3,25,2,1,151,33,6
3439835,0,1029,0,40,3,12,2,1,31,32,6
3458837,0,1029,0,40,3,5,2,1,33,11,6
3436189,0,1029,0,40,3,9,2,1,62,54,6
3452244,0,1029,0,40,2,3,2,1,48,72,6
3468904,0,1029,0,40,3,1,2,1,15,80,6
3469246,0,1029,0,40,2,1,2,1,14,33,6
3439220,0,1029,0,40,2,10,2,1,42,20,6
3450853,0,1029,0,40,3,7,2,1,46,59,6
3470191,0,1029,0,40,2,1,2,1,11,59,6
3467723,0,1029,0,40,2,2,2,1,16,19,6
3468268,0,1029,0,40,2,3,2,1,11,41,6
3462889,0,1029,0,40,3,3,2,1,19,49,6
3451427,0,1029,0,40,2,6,2,1,32,42,6
3459378,0,1029,0,40,2,5,2,1,29,31,6
3460520,0,1029,0,40,3,5,2,1,19,67,6
3468556,0,1029,0,40,3,2,2,1,11,55,6
3469457,0,1029,0,40,2,2,2,1,8,24,6
3470795,0,1029,0,40,3,1,2,1,7,20,6
3470915,0,1029,0,40,2,1,2,1,7,24,6
3466381,0,1029,0,40,3,2,2,1,18,65,6
3466935,0,1029,0,40,2,2,2,1,18,48,6
3422116,0,1029,0,40,2,10,2,1,59,55,6
3465260,0,1029,0,40,2,3,2,1,15,61,6
3437587,0,1029,0,40,3,7,2,1,59,50,6
3461519,0,1029,0,40,3,3,2,1,33,23,6
3471295,0,1029,0,40,2,1,2,1,5,74,6
3464358,0,1029,0,40,3,3,2,1,18,35,6
3399776,0,1029,0,40,2,16,2,1,90,48,6
3465003,0,1029,0,40,3,3,2,1,21,38,6
3447882,0,1029,0,40,2,9,2,1,33,42,6
3466859,0,1029,0,40,2,4,2,1,12,68,6
3471730,0,1029,0,40,3,1,2,1,4,43,6
3453787,0,1029,0,40,3,7,2,1,25,83,6
3466776,0,1029,0,40,2,3,2,1,5,78,6
3466821,0,1029,0,40,3,3,2,1,13,45,6
3468156,0,1029,0,40,3,3,2,1,10,36,6
3471145,0,1029,0,40,3,1,2,1,3,73,6
3471974,0,1029,0,40,3,1,2,1,3,78,6
3468078,0,1029,0,40,2,1,2,1,20,6,6
3421321,0,1029,0,40,2,12,2,1,83,68,6
3461355,0,1029,0,40,2,2,2,1,35,5,6
3462077,0,1029,0,40,3,2,2,1,33,29,6
3404278,0,1029,0,40,2,13,2,1,90,38,6
3442581,0,1029,0,40,3,7,2,1,46,63,6
3456804,0,1029,0,40,2,5,2,1,28,55,6
3470097,0,1029,0,40,2,1,2,1,12,29,6
3425847,0,1029,0,40,2,10,2,1,77,24,6
3457681,0,1029,0,40,3,5,2,1,28,29,6
3446319,0,1029,0,40,3,7,2,1,33,61,6
3454410,0,1029,0,40,3,4,2,1,44,17,6
3459980,0,1029,0,40,3,6,2,1,31,54,6
3470698,0,1029,0,40,2,1,2,1,9,35,6
3468282,0,1029,0,40,2,2,2,1,12,85,6
3420721,0,1029,0,40,3,13,2,1,62,74,6
3455986,0,1029,0,40,2,4,2,1,41,42,6
3448699,0,1029,0,40,3,8,2,1,35,52,6
3432673,0,1029,0,40,3,9,2,1,62,56,6
3455131,0,1029,0,40,2,7,2,1,29,29,6
3471115,0,1029,0,40,3,1,2,1,7,48,6
3471312,0,1029,0,40,3,1,2,1,7,41,6
3465890,0,1029,0,40,2,3,2,1,17,38,6
3415825,1,1029,909,40,2,12,2,1,63,84,6
3453028,0,1029,0,40,2,8,2,1,27,72,6
3445153,0,1029,0,40,2,8,2,1,47,35,6
3470596,0,1029,0,40,2,1,2,1,6,54,6
3468543,0,1029,0,40,3,2,2,1,7,22,6
3469788,1,1029,1023,34.2579,2,2,2,1,8,43,6
3469221,0,1029,0,40,3,2,2,1,12,59,6
3456909,0,1029,0,40,3,8,2,1,19,53,6
3438953,0,1029,0,40,2,12,2,1,47,21,6
3471549,0,1029,0,40,3,1,2,1,5,41,6
3467385,0,1029,0,40,2,2,2,1,12,61,6
3466471,0,1029,0,40,3,3,2,1,11,78,6
3466607,0,1029,0,40,2,2,2,1,17,21,6
3448740,0,1029,0,40,3,5,2,1,44,24,6
3470935,0,1029,0,40,2,2,2,1,5,17,6
3469715,0,1029,0,40,2,2,2,1,10,33,6
3471808,0,1029,0,40,2,1,2,1,4,45,6
3471856,0,1029,0,40,3,1,2,1,4,38,6
3424739,0,1029,0,40,2,13,2,1,53,57,6
3381553,0,1029,0,40,2,21,2,1,111,72,6
3420237,0,1029,0,40,2,13,2,1,68,80,6
3458759,0,1029,0,40,3,5,2,1,27,31,6
3468539,0,1029,0,40,3,2,2,1,10,25,6
3443965,0,1029,0,40,2,6,2,1,56,41,6
3436266,0,1029,0,40,2,10,2,1,45,25,6
3468557,0,1029,0,40,3,3,2,1,9,27,6
3468699,0,1029,0,40,3,2,2,1,13,45,6
3463931,0,1029,0,40,2,3,2,1,24,26,6
3422500,1,1029,978,35.9487,3,11,2,1,79,31,6
3472115,0,1029,0,40,2,1,2,1,3,60,6
3440884,0,1029,0,40,3,6,2,1,53,22,6
3453271,0,1029,0,40,2,6,2,1,35,10,6
3394730,0,1029,0,40,3,15,2,1,121,59,6
3468749,0,1029,0,40,2,1,2,1,18,51,6
3463592,0,1029,0,40,3,3,2,1,23,26,6
3465654,0,1029,0,40,3,3,2,1,21,65,6
3454056,0,1029,0,40,3,4,2,1,45,34,6
3469873,0,1029,0,40,3,1,2,1,14,34,6
3452984,0,1029,0,40,2,6,2,1,39,98,6
3462912,0,1029,0,40,3,2,2,1,22,109,6
3464170,0,1029,0,40,3,3,2,1,20,37,6
3454138,0,1029,0,40,3,4,2,1,36,48,6
3463141,0,1029,0,40,3,3,2,1,22,54,6
3417854,0,1029,0,40,3,12,2,1,75,30,6
3470966,0,1029,0,40,2,1,2,1,10,33,6
3444083,0,1029,0,40,3,10,2,1,43,49,6
3448524,0,1029,0,40,2,6,2,1,42,35,6
3455479,0,1029,0,40,3,8,2,1,28,40,6
3471014,0,1029,0,40,2,1,2,1,9,25,6
3460064,0,1029,0,40,2,3,2,1,31,75,6
3453990,0,1029,0,40,3,5,2,1,32,39,6
3449817,0,1029,0,40,3,6,2,1,41,57,6
3387012,0,1029,0,40,3,17,2,1,112,57,6
3430053,0,1029,0,40,2,9,2,1,67,44,6
3406293,0,1029,0,40,2,17,2,1,88,26,6
3470093,0,1029,0,40,2,2,2,1,11,43,6
3465724,0,1029,0,40,3,4,2,1,13,33,6
3410960,0,1029,0,40,2,16,2,1,79,98,6
3454746,0,1029,0,40,3,7,2,1,33,42,6
3460585,0,1029,0,40,3,4,2,1,28,44,6
3468600,0,1029,0,40,2,3,2,1,14,30,6
3471175,0,1029,0,40,2,1,2,1,7,49,6
3471370,0,1029,0,40,3,1,2,1,7,37,6
3449188,0,1029,0,40,2,10,2,1,34,64,6
3435669,0,1029,0,40,2,9,2,1,61,38,6
3469273,0,1029,0,40,3,3,2,1,13,23,6
3470889,0,1029,0,40,2,1,2,1,6,46,6
3471612,0,1029,0,40,2,1,2,1,6,32,6
3471692,0,1029,0,40,3,1,2,1,6,45,6
3403285,0,1029,0,40,3,13,2,1,102,49,6
3465903,0,1029,0,40,2,4,2,1,15,33,6
3469385,0,1029,0,40,3,2,2,1,8,33,6
3466869,0,1029,0,40,3,3,2,1,14,30,6
3458577,0,1029,0,40,2,5,2,1,24,25,6
3468081,0,1029,0,40,2,3,2,1,11,66,6
3470380,0,1029,0,40,2,2,2,1,6,42,6
3466298,0,1029,0,40,2,5,2,1,16,51,6
3444592,1,1029,970,35.3226,2,10,2,1,43,49,6
3471952,0,1029,0,40,2,1,2,1,5,85,6
3397338,0,1029,0,40,2,22,2,1,73,76,6
3468296,0,1029,0,40,2,2,2,1,14,25,6
3469022,0,1029,0,40,2,3,2,1,7,31,6
3421783,0,1029,0,40,2,14,2,1,58,53,6
3417091,0,1029,0,40,2,12,2,1,83,67,6
3471809,0,1029,0,40,3,1,2,1,4,47,6
3472043,0,1029,0,40,3,1,2,1,4,55,6
3472209,0,1029,0,40,3,1,2,1,4,48,6
3434003,0,1029,0,40,2,7,2,1,70,36,6
3433236,0,1029,0,40,3,9,2,1,52,19,6
3467871,0,1029,0,40,2,4,2,1,11,51,6
3461719,0,1029,0,40,2,4,2,1,26,74,6
3392188,0,1029,0,40,3,16,2,1,121,27,6
3468606,0,1029,0,40,2,3,2,1,11,52,6
3430535,0,1029,0,40,3,10,2,1,58,36,6
3465150,0,1029,0,40,3,5,2,1,16,65,6
3438777,0,1029,0,40,3,11,2,1,43,29,6
3469292,0,1029,0,40,3,2,2,1,11,33,6
3468946,0,1029,0,40,3,2,2,1,13,42,6
3389080,0,1029,0,40,3,19,2,1,107,74,6
3469317,0,1029,0,40,2,3,2,1,7,81,6
3472070,0,1029,0,40,3,1,2,1,3,40,6
3472218,0,1029,0,40,2,1,2,1,3,31,6
3472302,0,1029,0,40,2,1,2,1,3,43,6
3461692,0,1029,0,40,3,1,2,1,37,84,6
3465720,0,1029,0,40,3,1,2,1,29,37,6
3465593,0,1029,0,40,2,2,2,1,23,96,6
3457855,0,1029,0,40,3,3,2,1,29,20,6
3463161,0,1029,0,40,2,3,2,1,30,18,6
3441167,0,1029,0,40,3,7,2,1,59,50,6
3448923,0,1029,0,40,2,7,2,1,40,71,6
3429441,1,1029,973,18.9386,3,8,2,1,68,42,6
3454126,0,1029,0,40,3,6,2,1,43,68,6
3452284,0,1029,0,40,3,6,2,1,35,33,6
3422325,0,1029,0,40,3,15,2,1,61,43,6
3433951,0,1029,0,40,2,10,2,1,59,63,6
3470631,0,1029,0,40,2,1,2,1,12,12,6
3453284,0,1029,0,40,2,5,2,1,39,45,6
3466455,0,1029,0,40,2,2,2,1,20,44,6
3408950,0,1029,0,40,2,14,2,1,78,38,6
3470918,0,1029,0,40,2,1,2,1,11,42,6
3385476,0,1029,0,40,2,16,2,1,116,65,6
3471090,0,1029,0,40,2,1,2,1,10,33,6
3466020,0,1029,0,40,2,4,2,1,17,30,6
3364988,0,1029,0,40,3,21,2,1,152,69,6
3433575,0,1029,0,40,2,10,2,1,50,26,6
3469934,0,1029,0,40,3,2,2,1,10,41,6
3470604,0,1029,0,40,3,1,2,1,9,71,6
3471250,0,1029,0,40,3,1,2,1,9,43,6
3444751,0,1029,0,40,2,8,2,1,47,63,6
3467410,0,1029,0,40,2,2,2,1,16,78,6
3449707,0,1029,0,40,3,7,2,1,37,102,6
3469166,0,1029,0,40,3,3,2,1,12,48,6
3469247,0,1029,0,40,2,3,2,1,16,36,6
3462424,0,1029,0,40,3,3,2,1,27,35,6
3409496,0,1029,0,40,3,16,2,1,76,28,6
3466846,0,1029,0,40,3,4,2,1,17,58,6
3453559,0,1029,0,40,3,6,2,1,32,42,6
3470075,0,1029,0,40,3,2,2,1,13,83,6
3471513,0,1029,0,40,3,1,2,1,7,35,6
3466311,0,1029,0,40,3,2,2,1,16,38,6
3460656,0,1029,0,40,3,5,2,1,23,23,6
3440354,0,1029,0,40,3,7,2,1,59,55,6
3462652,0,1029,0,40,3,5,2,1,19,61,6
3467587,0,1029,0,40,2,3,2,1,17,57,6
3445664,0,1029,0,40,2,11,2,1,29,34,6
3466556,0,1029,0,40,3,3,2,1,19,44,6
3471777,0,1029,0,40,2,1,2,1,6,69,6
3471950,0,1029,0,40,2,1,2,1,6,48,6
3446372,0,1029,0,40,3,7,2,1,49,55,6
3461891,0,1029,0,40,3,3,2,1,30,47,6
3464753,0,1029,0,40,2,4,2,1,16,6,6
3465208,0,1029,0,40,3,3,2,1,22,61,6
3465961,0,1029,0,40,2,6,2,1,15,35,6
3399501,0,1029,0,40,2,18,2,1,72,57,6
3464051,0,1029,0,40,3,4,2,1,21,60,6
3400159,0,1029,0,40,3,13,2,1,96,52,6
3471455,0,1029,0,40,2,1,2,1,5,54,6
3472131,0,1029,0,40,2,1,2,1,5,48,6
3463319,0,1029,0,40,3,4,2,1,17,42,6
3469670,0,1029,0,40,3,2,2,1,11,39,6
3468404,0,1029,0,40,2,3,2,1,13,66,6
3465117,0,1029,0,40,2,3,2,1,24,26,6
3466402,0,1029,0,40,3,3,2,1,18,31,6
3465940,0,1029,0,40,2,4,2,1,15,40,6
3406264,1,1029,911,36.9226,3,15,2,1,89,52,6
3462198,0,1029,0,40,2,4,2,1,25,35,6
3433556,0,1029,0,40,3,11,2,1,56,56,6
3467484,0,1029,0,40,3,2,2,1,22,24,6
3472340,0,1029,0,40,3,1,2,1,4,53,6
3466130,0,1029,0,40,2,2,2,1,18,36,6
3437674,0,1029,0,40,3,12,2,1,31,26,6
3458631,0,1029,0,40,3,5,2,1,30,56,6
3443554,0,1029,0,40,2,7,2,1,52,23,6
3459395,0,1029,0,40,2,5,2,1,30,17,6
3469969,0,1029,0,40,3,2,2,1,13,57,6
3466639,0,1029,0,40,2,3,2,1,19,16,6
3471685,0,1029,0,40,3,2,2,1,4,46,6
3462624,0,1029,0,40,2,6,2,1,20,17,6
3472335,0,1029,0,40,2,1,2,1,3,20,6
3472411,0,1029,0,40,2,1,2,1,3,66,6
3472429,0,1029,0,40,2,1,2,1,3,65,6
3472523,0,1029,0,40,3,1,2,1,3,27,6
3460544,0,1029,0,40,3,3,2,1,37,52,6
3469035,0,1029,0,40,2,1,2,1,20,55,6
3407778,0,1029,0,40,3,15,2,1,85,58,6
3458371,0,1029,0,40,3,5,2,1,34,57,6
3458017,0,1029,0,40,2,5,2,1,31,47,6
3411459,0,1029,0,40,2,10,2,1,94,24,6
3469858,0,1029,0,40,3,1,2,1,14,31,6
3430968,0,1029,0,40,3,10,2,1,66,32,6
3460230,0,1029,0,40,2,4,2,1,29,56,6
3452007,0,1029,0,40,2,9,2,1,42,21,6
3470930,0,1029,0,40,3,1,2,1,12,38,6
3426710,0,1029,0,40,2,7,2,1,80,8,6
3463889,0,1029,0,40,2,3,2,1,31,61,6
3436929,0,1029,0,40,3,8,2,1,66,49,6
3469473,0,1029,0,40,2,2,2,1,12,50,6
3448592,0,1029,0,40,2,7,2,1,46,18,6
3471464,0,1029,0,40,3,1,2,1,9,36,6
3471490,0,1029,0,40,2,1,2,1,9,34,6
3400289,0,1029,0,40,3,18,2,1,82,57,6
3468533,0,1029,0,40,3,2,2,1,18,14,6
3467224,0,1029,0,40,2,4,2,1,17,16,6
3471632,0,1029,0,40,3,1,2,1,8,22,6
3395593,0,1029,0,40,2,15,2,1,108,62,6
3467958,0,1029,0,40,2,3,2,1,17,39,6
3471765,0,1029,0,40,3,1,2,1,7,48,6
3471932,0,1029,0,40,3,1,2,1,7,13,6
3464585,0,1029,0,40,2,3,2,1,24,84,6
3469596,0,1029,0,40,2,2,2,1,13,52,6
3469970,0,1029,0,40,2,2,2,1,10,49,6
3380726,0,1029,0,40,2,18,2,1,140,48,6
3472041,0,1029,0,40,2,1,2,1,6,48,6
3450857,0,1029,0,40,3,6,2,1,39,54,6
3388586,0,1029,0,40,2,20,2,1,87,38,6
3406004,0,1029,0,40,3,18,2,1,76,69,6
3471251,0,1029,0,40,2,2,2,1,6,25,6
3466409,0,1029,0,40,3,5,2,1,15,21,6
3445412,0,1029,0,40,2,9,2,1,46,35,6
3471703,0,1029,0,40,2,1,2,1,5,64,6
3472122,0,1029,0,40,2,1,2,1,5,27,6
3472272,0,1029,0,40,2,1,2,1,5,29,6
3470279,0,1029,0,40,2,2,2,1,7,33,6
3446225,0,1029,0,40,3,8,2,1,44,39,6
3466513,0,1029,0,40,3,3,2,1,16,38,6
3373819,0,1029,0,40,3,18,2,1,117,36,6
3457053,0,1029,0,40,3,6,2,1,25,77,6
3417424,0,1029,0,40,2,12,2,1,73,47,6
3462563,0,1029,0,40,3,4,2,1,24,29,6
3458580,0,1029,0,40,2,6,2,1,29,22,6
3457746,0,1029,0,40,3,7,2,1,33,33,6
3472004,0,1029,0,40,2,1,2,1,4,63,6
3472561,0,1029,0,40,3,1,2,1,4,22,6
3469892,0,1029,0,40,3,3,2,1,5,34,6
3470337,0,1029,0,40,3,2,2,1,5,42,6
3465080,0,1029,0,40,2,4,2,1,15,42,6
3453593,0,1029,0,40,3,7,2,1,28,69,6
3445375,0,1029,0,40,2,8,2,1,35,30,6
3461230,0,1029,0,40,3,4,2,1,23,31,6
3400358,1,1029,953,24.2424,3,19,2,1,84,21,6
3466273,0,1029,0,40,3,3,2,1,17,69,6
3366753,0,1029,0,40,3,15,2,1,143,34,6
3445034,0,1029,0,40,3,5,2,1,64,41,6
3468210,0,1029,0,40,2,3,2,1,15,48,6
3469485,0,1029,0,40,3,3,2,1,8,64,6
3472406,0,1029,0,40,2,1,2,1,3,78,6
3454507,0,1029,0,40,2,4,2,1,46,53,6
3466293,0,1029,0,40,3,3,2,1,26,94,6
3457384,0,1029,0,40,3,4,2,1,42,31,6
3470765,0,1029,0,40,2,1,2,1,14,36,6
3462505,0,1029,0,40,2,3,2,1,31,19,6
3470726,0,1029,0,40,2,1,2,1,13,35,6
3451244,0,1029,0,40,3,6,2,1,45,70,6
3462173,0,1029,0,40,2,3,2,1,34,55,6
3445341,0,1029,0,40,3,7,2,1,59,65,6
3463339,0,1029,0,40,2,4,2,1,28,15,6
3466894,0,1029,0,40,3,3,2,1,18,19,6
3442411,0,1029,0,40,3,10,2,1,42,56,6
3441969,0,1029,0,40,2,9,2,1,43,41,6
3471590,0,1029,0,40,2,1,2,1,10,23,6
3469393,0,1029,0,40,2,2,2,1,16,22,6
3454203,0,1029,0,40,2,5,2,1,40,46,6
3465671,0,1029,0,40,3,4,2,1,19,87,6
3468781,0,1029,0,40,3,3,2,1,13,58,6
3471621,0,1029,0,40,2,1,2,1,8,27,6
3467645,0,1029,0,40,3,2,2,1,12,78,6
3459303,0,1029,0,40,2,4,2,1,38,70,6
3468494,0,1029,0,40,2,3,2,1,19,48,6
3472003,0,1029,0,40,3,1,2,1,7,27,6
3472163,0,1029,0,40,2,1,2,1,7,41,6
3425283,0,1029,0,40,3,9,2,1,76,47,6
3442172,0,1029,0,40,3,9,2,1,45,40,6
3454419,0,1029,0,40,3,5,2,1,40,42,6
3377760,0,1029,0,40,2,19,2,1,116,26,6
3445001,0,1029,0,40,3,8,2,1,45,58,6
3462493,0,1029,0,40,2,3,2,1,35,33,6
3468359,0,1029,0,40,2,2,2,1,18,39,6
3472032,0,1029,0,40,3,1,2,1,5,59,6
3472215,0,1029,0,40,3,1,2,1,5,52,6
3468537,0,1029,0,40,2,2,2,1,13,9,6
3470782,0,1029,0,40,2,2,2,1,8,49,6
3456166,0,1029,0,40,3,6,2,1,32,74,6
3466806,0,1029,0,40,2,4,2,1,14,35,6
3467833,0,1029,0,40,2,3,2,1,18,21,6
3471300,0,1029,0,40,2,2,2,1,8,16,6
3469505,0,1029,0,40,2,2,2,1,15,40,6
3416629,0,1029,0,40,2,11,2,1,80,55,6
3472442,0,1029,0,40,3,1,2,1,4,33,6
3472709,0,1029,0,40,2,1,2,1,4,36,6
3467014,0,1029,0,40,3,3,2,1,17,36,6
3385438,0,1029,0,40,3,24,2,1,103,29,6
3471117,0,1029,0,40,2,2,2,1,5,52,6
3469188,0,1029,0,40,3,2,2,1,12,63,6
3471564,0,1029,0,40,3,2,2,1,6,27,6
3462290,0,1029,0,40,3,5,2,1,21,63,6
3467007,0,1029,0,40,3,4,2,1,16,37,6
3470151,0,1029,0,40,3,3,2,1,10,9,6
3461397,0,1029,0,40,2,4,2,1,29,42,6
3420150,0,1029,0,40,2,12,2,1,78,47,6
3472237,0,1029,0,40,2,1,2,1,3,39,6
3472670,0,1029,0,40,2,1,2,1,3,36,6
3472730,0,1029,0,40,2,1,2,1,3,41,6
3472882,0,1029,0,40,2,1,2,1,3,72,6
3472940,0,1029,0,40,3,1,2,1,3,38,6
3461231,0,1029,0,40,3,3,2,1,34,72,6
3467651,0,1029,0,40,3,3,2,1,21,34,6
3469293,0,1029,0,40,2,2,2,1,18,48,6
3461626,0,1029,0,40,2,4,2,1,26,47,6
3461556,0,1029,0,40,2,7,2,1,27,43,6
3462533,0,1029,0,40,3,5,2,1,18,30,6
3426420,0,1029,0,40,3,13,2,1,68,51,6
3467181,0,1029,0,40,2,3,2,1,10,5,6
3463709,0,1029,0,40,3,3,2,1,27,35,6
3470611,0,1029,0,40,2,2,2,1,10,45,6
3433631,0,1029,0,40,2,9,2,1,55,46,6
3449911,0,1029,0,40,3,10,2,1,28,18,6
3472363,0,1029,0,40,2,1,2,1,6,63,6
3472603,0,1029,0,40,2,1,2,1,6,33,6
3458202,0,1029,0,40,2,7,2,1,21,22,6
3470558,0,1029,0,40,2,2,2,1,6,76,6
3471967,0,1029,0,40,3,1,2,1,5,53,6
3472566,0,1029,0,40,2,1,2,1,5,73,6
3409524,0,1029,0,40,3,16,2,1,70,39,6
3471459,0,1029,0,40,3,2,2,1,7,52,6
3470434,0,1029,0,40,2,2,2,1,6,49,6
3471538,0,1029,0,40,3,2,2,1,5,42,6
3438826,0,1029,0,40,3,9,2,1,58,82,6
3416677,0,1029,0,40,2,15,2,1,50,86,6
3421140,0,1029,0,40,2,13,2,1,63,17,6
3472588,0,1029,0,40,2,1,2,1,3,28,6
3473023,0,1029,0,40,3,1,2,1,3,24,6
3416395,0,1029,0,40,2,14,2,1,69,70,6
3462777,0,1029,0,40,3,4,2,1,25,47,6
3456431,0,1029,0,40,2,7,2,1,32,66,6
3446432,0,1029,0,40,3,9,2,1,41,36,6
3472492,0,1029,0,40,2,0,2,1,2,24,6
3472580,0,1029,0,40,2,0,2,1,2,17,6
3472624,0,1029,0,40,3,0,2,1,2,21,6
3472656,0,1029,0,40,2,0,2,1,2,81,6
3472720,0,1029,0,40,2,0,2,1,2,53,6
3472768,0,1029,0,40,3,0,2,1,2,23,6
3472787,0,1029,0,40,2,0,2,1,2,52,6
3472819,0,1029,0,40,3,0,2,1,2,50,6
3472835,0,1029,0,40,2,0,2,1,2,47,6
3472851,0,1029,0,40,2,0,2,1,2,69,6
3472867,0,1029,0,40,2,0,2,1,2,68,6
3472883,0,1029,0,40,3,0,2,1,2,35,6
3472915,0,1029,0,40,3,0,2,1,2,30,6
3472931,0,1029,0,40,3,0,2,1,2,23,6
3472947,0,1029,0,40,2,0,2,1,2,40,6
3472964,0,1029,0,40,3,0,2,1,2,45,6
3472972,0,1029,0,40,2,0,2,1,2,89,6
3472980,0,1029,0,40,2,0,2,1,2,45,6
3472988,0,1029,0,40,3,0,2,1,2,90,6
3472996,0,1029,0,40,2,0,2,1,2,68,6
3473004,0,1029,0,40,2,0,2,1,2,41,6
3473012,0,1029,0,40,3,0,2,1,2,24,6
3473028,0,1029,0,40,3,0,2,1,2,60,6
3473036,0,1029,0,40,3,0,2,1,2,39,6
3473044,0,1029,0,40,2,0,2,1,2,47,6
3473052,0,1029,0,40,3,0,2,1,2,23,6
3473060,0,1029,0,40,2,0,2,1,2,43,6
3473076,0,1029,0,40,3,0,2,1,2,38,6
3473084,0,1029,0,40,3,0,2,1,2,57,6
3473092,0,1029,0,40,3,0,2,1,2,78,6
3473100,0,1029,0,40,3,0,2,1,2,43,6
3473108,0,1029,0,40,2,0,2,1,2,70,6
3473116,0,1029,0,40,2,0,2,1,2,60,6
3473120,0,1029,0,40,2,0,2,1,2,50,6
3473124,0,1029,0,40,2,0,2,1,2,26,6
3473128,0,1029,0,40,2,0,2,1,2,93,6
3473132,0,1029,0,40,3,0,2,1,2,24,6
3473136,0,1029,0,40,2,0,2,1,2,75,6
3473140,0,1029,0,40,2,0,2,1,2,29,6
3473144,0,1029,0,40,2,0,2,1,2,21,6
3473148,0,1029,0,40,3,0,2,1,2,49,6
3473152,0,1029,0,40,2,0,2,1,2,43,6
3473156,0,1029,0,40,3,0,2,1,2,67,6
3473160,0,1029,0,40,2,0,2,1,2,50,6
3473164,0,1029,0,40,2,0,2,1,2,79,6
3473168,0,1029,0,40,2,0,2,1,2,49,6
3473172,0,1029,0,40,2,0,2,1,2,35,6
3473176,0,1029,0,40,3,0,2,1,2,43,6
3473180,0,1029,0,40,2,0,2,1,2,58,6
3473184,0,1029,0,40,3,0,2,1,2,62,6
3473188,0,1029,0,40,2,0,2,1,2,109,6
3473192,0,1029,0,40,2,0,2,1,2,22,6
3473196,0,1029,0,40,2,0,2,1,2,17,6
3473200,0,1029,0,40,2,0,2,1,2,34,6
3473204,0,1029,0,40,3,0,2,1,2,74,6
3473208,0,1029,0,40,2,0,2,1,2,24,6
3473216,0,1029,0,40,2,0,2,1,2,22,6
3473224,0,1029,0,40,2,0,2,1,2,40,6
3473228,0,1029,0,40,2,0,2,1,2,25,6
3473232,0,1029,0,40,3,0,2,1,2,31,6
3473236,0,1029,0,40,2,0,2,1,2,31,6
3473244,0,1029,0,40,3,0,2,1,2,30,6
3473248,0,1029,0,40,3,0,2,1,2,45,6
3473252,0,1029,0,40,3,0,2,1,2,47,6
3473260,0,1029,0,40,3,0,2,1,2,32,6
3473264,0,1029,0,40,3,0,2,1,2,29,6
3473268,0,1029,0,40,3,0,2,1,2,51,6
3473272,0,1029,0,40,2,0,2,1,2,73,6
3473276,0,1029,0,40,2,0,2,1,2,25,6
3473280,0,1029,0,40,2,0,2,1,2,27,6
3473282,0,1029,0,40,2,0,2,1,2,51,6
3473284,0,1029,0,40,2,0,2,1,2,85,6
3473286,0,1029,0,40,2,0,2,1,2,39,6
3473288,0,1029,0,40,2,0,2,1,2,88,6
3473290,0,1029,0,40,2,0,2,1,2,52,6
3473292,0,1029,0,40,2,0,2,1,2,25,6
3473294,0,1029,0,40,2,0,2,1,2,25,6
3473296,0,1029,0,40,3,0,2,1,2,25,6
3473298,0,1029,0,40,3,0,2,1,2,53,6
3473300,0,1029,0,40,2,0,2,1,2,35,6
3473302,0,1029,0,40,2,0,2,1,2,43,6
3473304,0,1029,0,40,3,0,2,1,2,18,6
3473306,0,1029,0,40,2,0,2,1,2,31,6
3473308,0,1029,0,40,3,0,2,1,2,18,6
3473310,0,1029,0,40,2,0,2,1,2,41,6
3473312,0,1029,0,40,2,0,2,1,2,42,6
3473314,0,1029,0,40,3,0,2,1,2,45,6
3473316,0,1029,0,40,3,0,2,1,2,43,6
3473318,0,1029,0,40,3,0,2,1,2,36,6
3473320,0,1029,0,40,3,0,2,1,2,20,6
3473322,0,1029,0,40,2,0,2,1,2,36,6
3473324,0,1029,0,40,2,0,2,1,2,23,6
3473326,0,1029,0,40,2,0,2,1,2,48,6
3473330,0,1029,0,40,3,0,2,1,2,32,6
3473332,0,1029,0,40,2,0,2,1,2,24,6
3473334,0,1029,0,40,3,0,2,1,2,37,6
3473336,0,1029,0,40,3,0,2,1,2,66,6
3473338,0,1029,0,40,2,0,2,1,2,10,6
3473340,0,1029,0,40,3,0,2,1,2,43,6
3473342,0,1029,0,40,3,0,2,1,2,65,6
3473344,0,1029,0,40,3,0,2,1,2,70,6
3473346,0,1029,0,40,2,0,2,1,2,37,6
3473348,0,1029,0,40,2,0,2,1,2,17,6
3473350,0,1029,0,40,3,0,2,1,2,51,6
3473352,0,1029,0,40,2,0,2,1,2,22,6
3473354,0,1029,0,40,2,0,2,1,2,41,6
3473356,0,1029,0,40,2,0,2,1,2,38,6
3473358,0,1029,0,40,3,0,2,1,2,58,6
3473360,0,1029,0,40,2,0,2,1,2,28,6
3473364,0,1029,0,40,3,0,2,1,2,40,6
3473366,0,1029,0,40,2,0,2,1,2,38,6
3473368,0,1029,0,40,3,0,2,1,2,65,6
3473370,0,1029,0,40,2,0,2,1,2,26,6
3473372,0,1029,0,40,2,0,2,1,2,18,6
3473376,0,1029,0,40,3,0,2,1,2,51,6
3473378,0,1029,0,40,3,0,2,1,2,17,6
3473380,0,1029,0,40,3,0,2,1,2,18,6
3473382,0,1029,0,40,3,0,2,1,2,22,6
3473384,0,1029,0,40,3,0,2,1,2,24,6
3473388,0,1029,0,40,3,0,2,1,2,48,6
3473390,0,1029,0,40,2,0,2,1,2,22,6
3473392,0,1029,0,40,2,0,2,1,2,26,6
3473394,0,1029,0,40,2,0,2,1,2,32,6
3473396,0,1029,0,40,2,0,2,1,2,17,6
3473398,0,1029,0,40,3,0,2,1,2,40,6
3473400,0,1029,0,40,2,0,2,1,2,27,6
3473402,0,1029,0,40,3,0,2,1,2,39,6
3473404,0,1029,0,40,3,0,2,1,2,56,6
3473406,0,1029,0,40,3,0,2,1,2,24,6
3473408,0,1029,0,40,3,0,2,1,2,23,6
3473410,0,1029,0,40,2,0,2,1,2,54,6
3473412,0,1029,0,40,2,0,2,1,2,63,6
3473414,0,1029,0,40,2,0,2,1,2,75,6
3473416,0,1029,0,40,3,0,2,1,2,29,6
3473418,0,1029,0,40,2,0,2,1,2,37,6
3473420,0,1029,0,40,3,0,2,1,2,39,6
3473422,0,1029,0,40,3,0,2,1,2,35,6
3473426,0,1029,0,40,2,0,2,1,2,35,6
3473428,0,1029,0,40,3,0,2,1,2,20,6
3473430,0,1029,0,40,3,0,2,1,2,47,6
3473432,0,1029,0,40,2,0,2,1,2,41,6
3473434,0,1029,0,40,3,0,2,1,2,39,6
3473436,0,1029,0,40,3,0,2,1,2,47,6
