id,inf_state,current_time,infected_time,ct_value,ct_type_method,number_of_bites,species,sex,current_age,death_day,sim_number,
3813437,0,877,0,40,3,2,2,1,54,31,7
3804903,0,877,0,40,3,2,2,1,60,18,7
3808826,0,877,0,40,3,4,2,1,75,42,7
3819248,0,877,0,40,3,0,2,1,46,51,7
3807412,0,877,0,40,2,0,2,1,52,40,7
3810200,0,877,0,40,2,2,2,1,70,63,7
3815663,0,877,0,40,3,2,2,1,53,73,7
3820300,0,877,0,40,2,0,2,1,41,47,7
3821238,0,877,0,40,2,0,2,1,41,47,7
3806525,0,877,0,40,2,0,2,1,40,41,7
3808160,0,877,0,40,2,3,2,1,74,57,7
3805488,0,877,0,40,2,8,2,1,64,53,7
3821851,0,877,0,40,3,0,2,1,39,57,7
3822358,0,877,0,40,2,0,2,1,38,68,7
3808076,0,877,0,40,2,5,2,1,71,28,7
3822367,0,877,0,40,3,0,2,1,37,24,7
3804481,0,877,0,40,3,0,2,1,37,52,7
3817122,0,877,0,40,2,1,2,1,49,22,7
3807326,0,877,0,40,3,3,2,1,46,30,7
3823156,0,877,0,40,3,0,2,1,36,48,7
3806261,0,877,0,40,2,1,2,1,39,41,7
3821146,0,877,0,40,2,1,2,1,36,22,7
3822505,0,877,0,40,3,0,2,1,35,38,7
3807038,0,877,0,40,3,0,2,1,37,26,7
3817033,0,877,0,40,3,2,2,1,45,32,7
3821993,0,877,0,40,3,1,2,1,35,68,7
3801526,0,877,0,40,3,4,2,1,49,31,7
3807006,0,877,0,40,3,1,2,1,45,55,7
3818701,0,877,0,40,2,2,2,1,40,53,7
3822240,0,877,0,40,2,1,2,1,34,75,7
3824443,0,877,0,40,3,0,2,1,33,74,7
3819536,0,877,0,40,3,1,2,1,37,48,7
3819565,0,877,0,40,2,1,2,1,36,31,7
3808227,0,877,0,40,3,1,2,1,35,31,7
3823847,0,877,0,40,3,0,2,1,32,68,7
3824608,0,877,0,40,3,0,2,1,32,51,7
3824951,0,877,0,40,3,0,2,1,32,40,7
3816592,0,877,0,40,3,1,2,1,46,53,7
3808353,0,877,0,40,2,3,2,1,70,121,7
3814657,0,877,0,40,2,4,2,1,51,51,7
3819696,0,877,0,40,3,3,2,1,37,43,7
3824394,0,877,0,40,2,0,2,1,31,44,7
3805558,0,877,0,40,2,3,2,1,38,39,7
3818361,0,877,0,40,2,1,2,1,38,58,7
3781465,0,877,0,40,3,11,2,1,77,19,7
3817237,0,877,0,40,3,2,2,1,37,42,7
3809105,0,877,0,40,3,5,2,1,58,34,7
3814589,0,877,0,40,2,5,2,1,41,28,7
3801428,0,877,0,40,3,8,2,1,68,36,7
3786668,0,877,0,40,2,13,2,1,87,17,7
3816781,0,877,0,40,2,3,2,1,43,38,7
3815231,0,877,0,40,2,4,2,1,42,53,7
3806735,0,877,0,40,2,3,2,1,41,56,7
3822491,0,877,0,40,3,2,2,1,35,57,7
3814207,0,877,0,40,3,2,2,1,52,58,7
3824910,0,877,0,40,3,0,2,1,30,43,7
3824926,0,877,0,40,3,0,2,1,30,33,7
3824998,0,877,0,40,2,0,2,1,30,10,7
3805287,0,877,0,40,3,0,2,1,30,43,7
3708555,0,877,0,40,2,18,2,1,194,70,7
3812358,0,877,0,40,3,4,2,1,56,65,7
3821078,0,877,0,40,2,1,2,1,38,25,7
3802464,0,877,0,40,2,3,2,1,44,44,7
3807718,0,877,0,40,3,4,2,1,53,28,7
3822794,0,877,0,40,2,1,2,1,34,32,7
3823519,0,877,0,40,2,1,2,1,32,62,7
3819245,0,877,0,40,3,2,2,1,34,43,7
3822052,0,877,0,40,2,2,2,1,32,55,7
3825545,0,877,0,40,3,0,2,1,29,15,7
3825957,0,877,0,40,3,0,2,1,29,47,7
3826053,0,877,0,40,2,0,2,1,29,61,7
3816158,0,877,0,40,2,2,2,1,40,30,7
3817150,0,877,0,40,3,3,2,1,36,66,7
3822757,0,877,0,40,3,1,2,1,30,56,7
3813543,0,877,0,40,3,2,2,1,52,43,7
3805142,0,877,0,40,2,3,2,1,36,45,7
3816950,0,877,0,40,2,3,2,1,37,31,7
3802879,0,877,0,40,2,2,2,1,40,46,7
3815280,0,877,0,40,3,3,2,1,44,38,7
3761332,0,877,0,40,3,12,2,1,89,15,7
3805492,0,877,0,40,2,1,2,1,42,22,7
3766441,0,877,0,40,3,13,2,1,143,25,7
3806605,0,877,0,40,3,1,2,1,33,30,7
3801672,0,877,0,40,2,5,2,1,57,58,7
3811171,0,877,0,40,3,5,2,1,54,24,7
3823485,0,877,0,40,3,1,2,1,30,45,7
3803247,0,877,0,40,2,5,2,1,47,48,7
3815471,0,877,0,40,2,3,2,1,41,34,7
3804253,0,877,0,40,2,1,2,1,37,51,7
3817505,0,877,0,40,3,3,2,1,42,41,7
3825579,0,877,0,40,2,0,2,1,28,20,7
3825948,0,877,0,40,3,0,2,1,28,33,7
3826574,0,877,0,40,3,0,2,1,28,63,7
3826588,0,877,0,40,3,0,2,1,28,86,7
3822562,0,877,0,40,3,1,2,1,28,68,7
3815018,0,877,0,40,3,4,2,1,43,26,7
3805182,0,877,0,40,2,2,2,1,53,41,7
3813919,0,877,0,40,3,4,2,1,48,34,7
3814754,0,877,0,40,2,3,2,1,43,25,7
3816264,0,877,0,40,3,3,2,1,43,31,7
3805246,0,877,0,40,3,3,2,1,37,53,7
3822047,0,877,0,40,2,2,2,1,31,74,7
3821853,0,877,0,40,2,2,2,1,35,20,7
3814869,0,877,0,40,2,6,2,1,43,67,7
3802470,0,877,0,40,3,10,2,1,75,21,7
3805389,0,877,0,40,3,4,2,1,57,44,7
3825506,0,877,0,40,3,0,2,1,27,32,7
3826883,0,877,0,40,2,0,2,1,27,30,7
3827119,0,877,0,40,3,0,2,1,27,41,7
3827205,0,877,0,40,3,0,2,1,27,23,7
3810326,0,877,0,40,3,5,2,1,47,47,7
3813043,0,877,0,40,3,4,2,1,43,73,7
3819170,0,877,0,40,3,2,2,1,34,50,7
3821093,0,877,0,40,3,1,2,1,31,96,7
3819480,0,877,0,40,3,2,2,1,35,72,7
3819095,0,877,0,40,2,2,2,1,38,33,7
3806691,0,877,0,40,3,2,2,1,36,30,7
3817439,0,877,0,40,2,3,2,1,40,42,7
3824046,0,877,0,40,3,1,2,1,29,100,7
3820331,0,877,0,40,3,1,2,1,39,27,7
3822537,0,877,0,40,2,1,2,1,33,67,7
3824019,0,877,0,40,2,1,2,1,27,56,7
3819810,0,877,0,40,3,1,2,1,42,7,7
3723582,0,877,0,40,3,19,2,1,142,66,7
3805131,0,877,0,40,2,4,2,1,37,31,7
3802108,0,877,0,40,2,4,2,1,47,61,7
3805838,0,877,0,40,3,1,2,1,34,73,7
3813506,0,877,0,40,2,3,2,1,50,50,7
3810884,0,877,0,40,3,4,2,1,56,47,7
3800809,0,877,0,40,3,8,2,1,51,49,7
3825902,0,877,0,40,3,1,2,1,28,35,7
3818315,0,877,0,40,3,4,2,1,40,40,7
3826312,0,877,0,40,2,1,2,1,27,23,7
3826429,0,877,0,40,2,0,2,1,26,54,7
3826581,0,877,0,40,2,0,2,1,26,38,7
3826840,0,877,0,40,3,0,2,1,26,54,7
3827330,0,877,0,40,2,0,2,1,26,61,7
3827424,0,877,0,40,3,0,2,1,26,21,7
3827482,0,877,0,40,2,0,2,1,26,20,7
3827676,0,877,0,40,3,0,2,1,26,21,7
3827686,0,877,0,40,2,0,2,1,26,64,7
3806532,0,877,0,40,3,1,2,1,36,59,7
3807933,0,877,0,40,3,0,2,1,35,60,7
3822858,0,877,0,40,3,1,2,1,26,45,7
3817035,0,877,0,40,2,3,2,1,35,52,7
3817862,0,877,0,40,2,2,2,1,38,51,7
3821904,0,877,0,40,2,1,2,1,31,29,7
3822178,0,877,0,40,3,1,2,1,32,46,7
3821114,0,877,0,40,2,3,2,1,28,45,7
3815404,0,877,0,40,2,3,2,1,45,47,7
3799981,0,877,0,40,2,9,2,1,72,19,7
3810307,0,877,0,40,2,4,2,1,66,29,7
3802219,0,877,0,40,3,4,2,1,65,45,7
3806916,1,877,850,40,2,4,2,1,56,72,7
3819120,0,877,0,40,3,3,2,1,31,24,7
3824963,0,877,0,40,3,1,2,1,28,85,7
3825276,0,877,0,40,3,1,2,1,26,89,7
3801743,0,877,0,40,3,4,2,1,47,63,7
3822988,0,877,0,40,3,2,2,1,28,68,7
3821984,0,877,0,40,3,1,2,1,36,22,7
3812069,0,877,0,40,2,5,2,1,51,30,7
3825959,0,877,0,40,2,1,2,1,27,28,7
3826058,0,877,0,40,2,1,2,1,26,19,7
3818882,0,877,0,40,2,3,2,1,38,29,7
3825394,0,877,0,40,2,0,2,1,25,28,7
3827707,0,877,0,40,2,0,2,1,25,34,7
3827845,0,877,0,40,3,0,2,1,25,35,7
3827927,0,877,0,40,2,0,2,1,25,17,7
3701630,0,877,0,40,3,16,2,1,150,44,7
3799954,0,877,0,40,3,3,2,1,42,30,7
3802768,0,877,0,40,3,3,2,1,35,28,7
3805608,0,877,0,40,2,0,2,1,29,45,7
3777246,0,877,0,40,2,11,2,1,87,12,7
3821790,0,877,0,40,2,1,2,1,27,45,7
3822814,0,877,0,40,3,1,2,1,27,56,7
3803607,0,877,0,40,3,4,2,1,59,27,7
3823387,0,877,0,40,3,1,2,1,25,40,7
3821540,0,877,0,40,2,2,2,1,29,92,7
3821374,0,877,0,40,2,1,2,1,33,33,7
3806274,0,877,0,40,3,4,2,1,36,63,7
3812644,0,877,0,40,2,3,2,1,52,104,7
3817115,0,877,0,40,2,2,2,1,44,50,7
3814963,0,877,0,40,3,5,2,1,42,19,7
3800439,0,877,0,40,3,3,2,1,54,29,7
3812033,0,877,0,40,2,6,2,1,44,26,7
3820734,0,877,0,40,3,2,2,1,32,40,7
3797021,0,877,0,40,2,10,2,1,76,59,7
3812842,0,877,0,40,2,4,2,1,43,16,7
3820926,0,877,0,40,3,1,2,1,37,46,7
3808974,0,877,0,40,3,2,2,1,38,55,7
3824512,0,877,0,40,3,1,2,1,29,44,7
3820492,0,877,0,40,3,2,2,1,33,20,7
3826722,0,877,0,40,2,1,2,1,25,25,7
3826116,0,877,0,40,3,1,2,1,26,24,7
3813421,0,877,0,40,2,7,2,1,47,78,7
3811682,0,877,0,40,2,8,2,1,52,33,7
3796435,0,877,0,40,3,2,2,1,42,46,7
3817630,0,877,0,40,2,4,2,1,33,33,7
3828050,0,877,0,40,3,0,2,1,24,23,7
3828245,0,877,0,40,3,0,2,1,24,52,7
3828279,0,877,0,40,3,0,2,1,24,47,7
3828405,0,877,0,40,2,0,2,1,24,44,7
3828487,0,877,0,40,2,0,2,1,24,122,7
3703904,1,877,568,40,2,20,2,1,161,78,7
3812895,0,877,0,40,3,4,2,1,49,23,7
3816467,0,877,0,40,2,3,2,1,41,70,7
3810342,0,877,0,40,3,5,2,1,54,64,7
3810856,0,877,0,40,3,3,2,1,61,70,7
3818235,0,877,0,40,2,4,2,1,40,42,7
3816627,0,877,0,40,3,3,2,1,41,30,7
3715389,0,877,0,40,3,20,2,1,151,63,7
3804067,0,877,0,40,3,4,2,1,63,74,7
3790724,0,877,0,40,2,9,2,1,77,26,7
3817519,0,877,0,40,2,2,2,1,36,35,7
3805125,0,877,0,40,2,2,2,1,36,49,7
3790417,0,877,0,40,2,6,2,1,54,46,7
3817308,0,877,0,40,2,3,2,1,40,10,7
3825297,0,877,0,40,3,1,2,1,27,24,7
3812466,0,877,0,40,3,4,2,1,45,27,7
3811813,0,877,0,40,2,4,2,1,55,65,7
3809461,0,877,0,40,2,7,2,1,60,48,7
3821510,0,877,0,40,2,2,2,1,35,15,7
3818530,0,877,0,40,3,3,2,1,35,52,7
3803048,0,877,0,40,2,8,2,1,51,51,7
3825086,0,877,0,40,2,1,2,1,26,27,7
3823588,0,877,0,40,3,2,2,1,26,29,7
3793887,0,877,0,40,2,5,2,1,57,34,7
3803498,0,877,0,40,3,1,2,1,25,26,7
3820793,0,877,0,40,2,2,2,1,35,47,7
3806650,0,877,0,40,2,5,2,1,50,50,7
3811374,0,877,0,40,3,7,2,1,47,33,7
3807563,0,877,0,40,3,4,2,1,45,26,7
3758249,1,877,561,40,2,14,2,1,97,72,7
3826811,0,877,0,40,2,1,2,1,25,30,7
3820369,0,877,0,40,2,3,2,1,34,22,7
3827162,0,877,0,40,3,0,2,1,23,14,7
3827964,0,877,0,40,3,0,2,1,23,31,7
3828020,0,877,0,40,3,0,2,1,23,34,7
3828204,0,877,0,40,2,0,2,1,23,29,7
3828540,0,877,0,40,3,0,2,1,23,36,7
3828782,0,877,0,40,2,0,2,1,23,35,7
3828836,0,877,0,40,3,0,2,1,23,24,7
3802351,0,877,0,40,2,1,2,1,30,84,7
3804229,0,877,0,40,2,3,2,1,36,67,7
3822262,0,877,0,40,3,1,2,1,27,37,7
3809912,0,877,0,40,3,5,2,1,49,87,7
3769743,0,877,0,40,3,14,2,1,82,55,7
3817811,0,877,0,40,2,3,2,1,39,49,7
3818350,0,877,0,40,2,4,2,1,36,20,7
3823769,0,877,0,40,3,1,2,1,26,64,7
3815230,0,877,0,40,3,4,2,1,35,30,7
3821943,0,877,0,40,3,2,2,1,26,36,7
3814243,0,877,0,40,2,2,2,1,51,57,7
3822503,0,877,0,40,2,1,2,1,32,38,7
3822329,0,877,0,40,2,1,2,1,30,29,7
3810167,0,877,0,40,2,4,2,1,62,25,7
3809303,0,877,0,40,3,1,2,1,26,15,7
3813216,0,877,0,40,3,2,2,1,57,37,7
3814695,0,877,0,40,2,5,2,1,40,46,7
3805293,0,877,0,40,2,6,2,1,48,61,7
3814917,0,877,0,40,3,5,2,1,39,18,7
3817209,0,877,0,40,2,1,2,1,46,70,7
3824239,0,877,0,40,2,1,2,1,29,19,7
3815596,0,877,0,40,3,3,2,1,38,47,7
3824237,0,877,0,40,3,2,2,1,24,70,7
3821842,0,877,0,40,3,1,2,1,32,43,7
3825310,0,877,0,40,3,1,2,1,26,46,7
3823068,0,877,0,40,2,2,2,1,26,29,7
3804509,0,877,0,40,2,2,2,1,35,49,7
3823808,0,877,0,40,2,2,2,1,27,26,7
3813426,0,877,0,40,3,5,2,1,54,36,7
3806124,0,877,0,40,2,2,2,1,36,45,7
3820123,0,877,0,40,3,3,2,1,34,39,7
3805924,0,877,0,40,3,9,2,1,76,61,7
3823234,0,877,0,40,3,4,2,1,27,82,7
3803234,0,877,0,40,3,3,2,1,42,77,7
3822042,0,877,0,40,3,2,2,1,27,53,7
3819501,0,877,0,40,2,3,2,1,35,24,7
3818596,0,877,0,40,3,4,2,1,32,38,7
3822648,0,877,0,40,3,1,2,1,35,115,7
3828927,0,877,0,40,3,0,2,1,22,69,7
3829063,0,877,0,40,2,0,2,1,22,32,7
3829091,0,877,0,40,2,0,2,1,22,58,7
3829123,0,877,0,40,3,0,2,1,22,26,7
3829319,0,877,0,40,2,0,2,1,22,93,7
3829399,0,877,0,40,2,0,2,1,22,39,7
3829437,0,877,0,40,2,0,2,1,22,48,7
3800605,0,877,0,40,2,1,2,1,36,33,7
3808108,0,877,0,40,3,0,2,1,26,66,7
3808542,0,877,0,40,2,6,2,1,58,50,7
3808891,0,877,0,40,2,4,2,1,43,39,7
3824057,0,877,0,40,2,1,2,1,22,66,7
3824108,0,877,0,40,3,1,2,1,26,70,7
3817191,0,877,0,40,2,2,2,1,34,25,7
3810733,0,877,0,40,3,3,2,1,60,56,7
3794221,0,877,0,40,3,7,2,1,65,29,7
3824035,0,877,0,40,3,1,2,1,24,40,7
3824362,0,877,0,40,2,1,2,1,24,70,7
3825824,0,877,0,40,3,1,2,1,23,45,7
3815526,0,877,0,40,2,5,2,1,39,35,7
3815565,0,877,0,40,3,2,2,1,48,38,7
3819522,0,877,0,40,2,3,2,1,35,74,7
3805704,0,877,0,40,3,3,2,1,43,47,7
3813675,0,877,0,40,2,3,2,1,47,42,7
3826580,0,877,0,40,3,1,2,1,22,66,7
3823066,0,877,0,40,2,1,2,1,31,29,7
3804166,0,877,0,40,3,1,2,1,26,61,7
3809996,0,877,0,40,2,5,2,1,52,57,7
3805181,0,877,0,40,3,3,2,1,29,21,7
3805110,0,877,0,40,2,5,2,1,43,44,7
3818890,0,877,0,40,2,1,2,1,41,38,7
3820845,0,877,0,40,2,2,2,1,30,24,7
3807321,0,877,0,40,3,3,2,1,33,28,7
3813009,0,877,0,40,2,6,2,1,45,43,7
3814845,0,877,0,40,2,2,2,1,48,50,7
3807570,0,877,0,40,2,3,2,1,82,45,7
3821532,0,877,0,40,3,2,2,1,32,52,7
3820983,0,877,0,40,2,2,2,1,36,43,7
3826273,0,877,0,40,3,1,2,1,26,34,7
3804293,0,877,0,40,3,2,2,1,37,41,7
3822310,0,877,0,40,2,2,2,1,31,30,7
3819029,0,877,0,40,2,4,2,1,32,69,7
3822136,0,877,0,40,2,3,2,1,28,51,7
3805630,0,877,0,40,2,4,2,1,35,48,7
3820144,0,877,0,40,3,4,2,1,35,33,7
3818653,0,877,0,40,3,2,2,1,45,30,7
3812915,0,877,0,40,3,4,2,1,55,56,7
3822753,0,877,0,40,2,1,2,1,35,36,7
3823853,0,877,0,40,3,1,2,1,31,35,7
3806621,0,877,0,40,3,2,2,1,29,35,7
3800431,0,877,0,40,2,3,2,1,41,70,7
3820363,1,877,851,34.9549,3,2,2,1,38,48,7
3827457,0,877,0,40,2,1,2,1,23,56,7
3812465,0,877,0,40,2,4,2,1,59,44,7
3814269,0,877,0,40,2,4,2,1,42,95,7
3828142,0,877,0,40,3,0,2,1,21,49,7
3828721,0,877,0,40,3,0,2,1,21,67,7
3829074,0,877,0,40,3,0,2,1,21,40,7
3829166,0,877,0,40,3,0,2,1,21,60,7
3829410,0,877,0,40,3,0,2,1,21,68,7
3829542,0,877,0,40,3,0,2,1,21,38,7
3829694,0,877,0,40,3,0,2,1,21,45,7
3829698,0,877,0,40,3,0,2,1,21,58,7
3829746,0,877,0,40,2,0,2,1,21,51,7
3829774,0,877,0,40,2,0,2,1,21,34,7
3829786,0,877,0,40,2,0,2,1,21,25,7
3829840,0,877,0,40,2,0,2,1,21,31,7
3829922,0,877,0,40,2,0,2,1,21,70,7
3796989,0,877,0,40,3,4,2,1,40,27,7
3799920,0,877,0,40,3,2,2,1,43,55,7
3806578,0,877,0,40,3,0,2,1,25,60,7
3822124,0,877,0,40,2,1,2,1,27,56,7
3801504,0,877,0,40,2,3,2,1,51,49,7
3822227,0,877,0,40,2,2,2,1,27,76,7
3812329,0,877,0,40,3,5,2,1,42,38,7
3818743,0,877,0,40,3,2,2,1,35,34,7
3824972,0,877,0,40,2,1,2,1,22,26,7
3801320,0,877,0,40,2,5,2,1,50,79,7
3820289,0,877,0,40,2,2,2,1,30,38,7
3819395,0,877,0,40,2,3,2,1,26,32,7
3805541,0,877,0,40,2,3,2,1,59,18,7
3822629,0,877,0,40,3,1,2,1,30,18,7
3809732,0,877,0,40,2,5,2,1,51,27,7
3809032,0,877,0,40,2,2,2,1,30,29,7
3806618,0,877,0,40,3,3,2,1,27,79,7
3823405,0,877,0,40,3,2,2,1,25,46,7
3820001,0,877,0,40,2,2,2,1,36,56,7
3811939,0,877,0,40,3,3,2,1,53,43,7
3809319,0,877,0,40,2,6,2,1,66,18,7
3817425,0,877,0,40,3,4,2,1,34,48,7
3826187,0,877,0,40,3,1,2,1,23,35,7
3809145,0,877,0,40,2,5,2,1,51,59,7
3807544,0,877,0,40,2,5,2,1,39,37,7
3810400,0,877,0,40,3,5,2,1,50,73,7
3827041,0,877,0,40,2,1,2,1,21,33,7
3814996,0,877,0,40,3,1,2,1,49,11,7
3818913,0,877,0,40,3,1,2,1,42,36,7
3803364,0,877,0,40,2,3,2,1,43,38,7
3770841,0,877,0,40,3,14,2,1,83,58,7
3807520,0,877,0,40,2,2,2,1,29,49,7
3818104,0,877,0,40,2,3,2,1,36,58,7
3805362,0,877,0,40,3,2,2,1,31,63,7
3817786,0,877,0,40,3,4,2,1,29,70,7
3826706,0,877,0,40,3,1,2,1,23,28,7
3825159,0,877,0,40,2,2,2,1,24,40,7
3804428,0,877,0,40,3,6,2,1,62,62,7
3827088,0,877,0,40,2,1,2,1,21,27,7
3806636,0,877,0,40,2,1,2,1,21,40,7
3812113,0,877,0,40,3,4,2,1,52,40,7
3817913,0,877,0,40,2,3,2,1,36,25,7
3822538,0,877,0,40,3,2,2,1,30,35,7
3819072,0,877,0,40,3,3,2,1,36,57,7
3825782,0,877,0,40,3,1,2,1,26,40,7
3808547,0,877,0,40,3,4,2,1,38,38,7
3818466,0,877,0,40,2,3,2,1,36,36,7
3826796,0,877,0,40,2,1,2,1,22,47,7
3827536,0,877,0,40,3,1,2,1,22,57,7
3811630,0,877,0,40,2,6,2,1,50,18,7
3813631,0,877,0,40,3,6,2,1,47,18,7
3806646,0,877,0,40,3,2,2,1,30,22,7
3813836,0,877,0,40,2,3,2,1,52,21,7
3820895,0,877,0,40,3,2,2,1,36,69,7
3819877,0,877,0,40,2,2,2,1,39,65,7
3815356,0,877,0,40,2,4,2,1,41,39,7
3820946,0,877,0,40,3,2,2,1,31,32,7
3803186,0,877,0,40,2,5,2,1,68,44,7
3819747,0,877,0,40,3,3,2,1,27,62,7
3805919,0,877,0,40,2,3,2,1,29,29,7
3826562,0,877,0,40,2,2,2,1,23,10,7
3827265,0,877,0,40,2,1,2,1,22,45,7
3820109,0,877,0,40,3,3,2,1,26,51,7
3818040,0,877,0,40,2,3,2,1,41,37,7
3817868,0,877,0,40,3,3,2,1,38,41,7
3804027,0,877,0,40,3,5,2,1,49,33,7
3817445,0,877,0,40,3,3,2,1,39,32,7
3812363,0,877,0,40,2,4,2,1,45,59,7
3800525,0,877,0,40,2,5,2,1,53,56,7
3814231,0,877,0,40,2,4,2,1,41,35,7
3822670,0,877,0,40,3,2,2,1,27,61,7
3821456,0,877,0,40,2,2,2,1,33,53,7
3826188,0,877,0,40,3,1,2,1,26,67,7
3801027,0,877,0,40,2,8,2,1,54,58,7
3828528,0,877,0,40,3,1,2,1,21,34,7
3824619,0,877,0,40,3,1,2,1,31,106,7
3814517,0,877,0,40,3,4,2,1,51,45,7
3810322,0,877,0,40,2,6,2,1,62,37,7
3828872,0,877,0,40,3,1,2,1,22,57,7
3805496,0,877,0,40,3,1,2,1,30,43,7
3827495,0,877,0,40,2,0,2,1,20,40,7
3827623,0,877,0,40,3,0,2,1,20,58,7
3828182,0,877,0,40,3,0,2,1,20,43,7
3829396,0,877,0,40,3,0,2,1,20,52,7
3829755,0,877,0,40,3,0,2,1,20,24,7
3829815,0,877,0,40,3,0,2,1,20,41,7
3830043,0,877,0,40,2,0,2,1,20,54,7
3830069,0,877,0,40,3,0,2,1,20,77,7
3830071,0,877,0,40,2,0,2,1,20,67,7
3830085,0,877,0,40,2,0,2,1,20,56,7
3830229,0,877,0,40,2,0,2,1,20,58,7
3830285,0,877,0,40,3,0,2,1,20,84,7
3830307,0,877,0,40,3,0,2,1,20,91,7
3830327,0,877,0,40,3,0,2,1,20,34,7
3830375,0,877,0,40,3,0,2,1,20,30,7
3830473,0,877,0,40,3,0,2,1,20,42,7
3802029,0,877,0,40,2,1,2,1,31,13,7
3804744,0,877,0,40,3,0,2,1,20,35,7
3808962,0,877,0,40,3,5,2,1,61,29,7
3804352,0,877,0,40,2,3,2,1,27,75,7
3803857,0,877,0,40,3,5,2,1,42,19,7
3809826,0,877,0,40,3,5,2,1,58,59,7
3804172,0,877,0,40,3,4,2,1,44,51,7
3824466,0,877,0,40,2,1,2,1,23,22,7
3809971,0,877,0,40,2,7,2,1,54,75,7
3812919,0,877,0,40,3,6,2,1,41,32,7
3810489,0,877,0,40,2,3,2,1,64,53,7
3811792,0,877,0,40,2,3,2,1,62,73,7
3796927,0,877,0,40,2,6,2,1,52,37,7
3804671,0,877,0,40,3,4,2,1,36,48,7
3822855,0,877,0,40,2,2,2,1,26,50,7
3806615,0,877,0,40,2,2,2,1,23,46,7
3810271,0,877,0,40,2,8,2,1,42,64,7
3803744,0,877,0,40,2,4,2,1,59,55,7
3810450,0,877,0,40,2,5,2,1,55,40,7
3804037,0,877,0,40,2,5,2,1,41,36,7
3824212,0,877,0,40,3,1,2,1,27,74,7
3808969,0,877,0,40,2,2,2,1,31,52,7
3748895,0,877,0,40,2,15,2,1,111,20,7
3824614,0,877,0,40,2,1,2,1,25,41,7
3819595,0,877,0,40,3,2,2,1,30,52,7
3819932,0,877,0,40,3,2,2,1,35,55,7
3824772,0,877,0,40,2,2,2,1,22,58,7
3827608,0,877,0,40,2,1,2,1,21,39,7
3809405,0,877,0,40,3,8,2,1,46,40,7
3827453,0,877,0,40,2,1,2,1,20,135,7
3814210,0,877,0,40,3,2,2,1,54,41,7
3816911,0,877,0,40,2,3,2,1,42,34,7
3821163,0,877,0,40,3,2,2,1,29,37,7
3824912,0,877,0,40,3,1,2,1,27,82,7
3752570,0,877,0,40,2,19,2,1,103,95,7
3826386,0,877,0,40,2,1,2,1,24,44,7
3807452,0,877,0,40,2,3,2,1,27,38,7
3806050,0,877,0,40,2,2,2,1,27,17,7
3826665,0,877,0,40,3,1,2,1,21,65,7
3805682,0,877,0,40,3,1,2,1,21,39,7
3795408,0,877,0,40,2,5,2,1,44,28,7
3805332,0,877,0,40,2,5,2,1,49,38,7
3820291,0,877,0,40,3,2,2,1,31,27,7
3801497,0,877,0,40,2,4,2,1,42,61,7
3818429,0,877,0,40,3,4,2,1,37,47,7
3807653,0,877,0,40,2,1,2,1,26,40,7
3802155,0,877,0,40,2,7,2,1,62,28,7
3813466,0,877,0,40,3,4,2,1,48,75,7
3827277,0,877,0,40,2,1,2,1,22,35,7
3802225,0,877,0,40,2,4,2,1,38,40,7
3816371,0,877,0,40,2,4,2,1,37,55,7
3807678,0,877,0,40,2,5,2,1,38,37,7
3815114,0,877,0,40,2,5,2,1,43,56,7
3828622,0,877,0,40,3,1,2,1,20,20,7
3814749,0,877,0,40,2,3,2,1,46,35,7
3814258,0,877,0,40,2,3,2,1,48,57,7
3809036,0,877,0,40,2,8,2,1,56,76,7
3803182,0,877,0,40,2,3,2,1,35,30,7
3827274,0,877,0,40,3,1,2,1,24,60,7
3818820,0,877,0,40,3,4,2,1,39,55,7
3827833,0,877,0,40,2,1,2,1,23,34,7
3805677,0,877,0,40,2,4,2,1,55,67,7
3805788,0,877,0,40,3,3,2,1,34,19,7
3819068,0,877,0,40,3,4,2,1,33,49,7
3809623,0,877,0,40,2,5,2,1,67,18,7
3828994,0,877,0,40,2,1,2,1,21,28,7
3807089,0,877,0,40,2,3,2,1,35,35,7
3817217,0,877,0,40,2,5,2,1,28,26,7
3824967,0,877,0,40,2,3,2,1,25,39,7
3801702,0,877,0,40,2,3,2,1,45,36,7
3822197,0,877,0,40,3,2,2,1,31,22,7
3805116,0,877,0,40,2,4,2,1,36,39,7
3820280,0,877,0,40,3,2,2,1,34,42,7
3828217,0,877,0,40,3,1,2,1,23,54,7
3829079,0,877,0,40,2,1,2,1,21,21,7
3828390,0,877,0,40,2,0,2,1,19,39,7
3828653,0,877,0,40,2,0,2,1,19,68,7
3829284,0,877,0,40,2,0,2,1,19,29,7
3829512,0,877,0,40,3,0,2,1,19,62,7
3829589,0,877,0,40,3,0,2,1,19,44,7
3830006,0,877,0,40,3,0,2,1,19,42,7
3830178,0,877,0,40,2,0,2,1,19,26,7
3830330,0,877,0,40,3,0,2,1,19,19,7
3830498,0,877,0,40,2,0,2,1,19,53,7
3830528,0,877,0,40,3,0,2,1,19,39,7
3830560,0,877,0,40,2,0,2,1,19,32,7
3830592,0,877,0,40,3,0,2,1,19,63,7
3830616,0,877,0,40,2,0,2,1,19,56,7
3830640,0,877,0,40,3,0,2,1,19,65,7
3830724,0,877,0,40,3,0,2,1,19,31,7
3830728,0,877,0,40,3,0,2,1,19,85,7
3830816,0,877,0,40,3,0,2,1,19,61,7
3830860,0,877,0,40,3,0,2,1,19,46,7
3830882,0,877,0,40,2,0,2,1,19,47,7
3830954,0,877,0,40,2,0,2,1,19,21,7
3807632,0,877,0,40,3,0,2,1,23,22,7
3811569,0,877,0,40,3,3,2,1,50,55,7
3817672,0,877,0,40,2,3,2,1,36,52,7
3824975,0,877,0,40,2,1,2,1,23,58,7
3813359,0,877,0,40,3,5,2,1,34,33,7
3787895,0,877,0,40,3,9,2,1,70,63,7
3821685,0,877,0,40,2,2,2,1,24,39,7
3803704,0,877,0,40,3,5,2,1,47,66,7
3808096,0,877,0,40,3,9,2,1,53,33,7
3816918,0,877,0,40,2,3,2,1,29,14,7
3819762,0,877,0,40,3,3,2,1,30,37,7
3815905,0,877,0,40,2,4,2,1,28,56,7
3819843,0,877,0,40,3,2,2,1,35,42,7
3822319,0,877,0,40,2,2,2,1,27,32,7
3811017,0,877,0,40,3,5,2,1,59,50,7
3819831,0,877,0,40,2,3,2,1,22,55,7
3824703,0,877,0,40,3,2,2,1,21,59,7
3806626,0,877,0,40,3,5,2,1,36,75,7
3815876,0,877,0,40,3,3,2,1,45,36,7
3814265,0,877,0,40,2,3,2,1,45,43,7
3820162,0,877,0,40,3,2,2,1,37,38,7
3804513,0,877,0,40,2,4,2,1,42,75,7
3826530,0,877,0,40,2,1,2,1,22,24,7
3826234,0,877,0,40,2,1,2,1,21,59,7
3826917,0,877,0,40,3,1,2,1,21,69,7
3813640,0,877,0,40,3,4,2,1,39,41,7
3804374,0,877,0,40,2,3,2,1,24,22,7
3816127,0,877,0,40,3,3,2,1,34,40,7
3827773,0,877,0,40,2,1,2,1,19,33,7
3827847,0,877,0,40,3,1,2,1,19,50,7
3806792,0,877,0,40,3,2,2,1,38,46,7
3812597,0,877,0,40,3,4,2,1,50,47,7
3805715,0,877,0,40,2,4,2,1,41,27,7
3803841,0,877,0,40,3,3,2,1,34,40,7
3808272,0,877,0,40,2,9,2,1,51,57,7
3818420,0,877,0,40,3,3,2,1,37,52,7
3818098,0,877,0,40,3,3,2,1,36,33,7
3815366,0,877,0,40,3,4,2,1,37,36,7
3818050,0,877,0,40,2,4,2,1,31,58,7
3798038,0,877,0,40,2,4,2,1,42,71,7
3819733,0,877,0,40,3,2,2,1,37,48,7
3816021,0,877,0,40,3,6,2,1,31,15,7
3813400,0,877,0,40,3,3,2,1,50,72,7
3785402,0,877,0,40,3,13,2,1,54,44,7
3819396,0,877,0,40,2,3,2,1,32,20,7
3825392,0,877,0,40,2,2,2,1,22,41,7
3828259,0,877,0,40,3,1,2,1,19,39,7
3822322,0,877,0,40,2,2,2,1,30,62,7
3815298,0,877,0,40,3,4,2,1,43,48,7
3804913,0,877,0,40,3,2,2,1,32,45,7
3813345,0,877,0,40,2,4,2,1,48,35,7
3821966,0,877,0,40,3,2,2,1,27,23,7
3802656,0,877,0,40,2,9,2,1,81,52,7
3825421,0,877,0,40,3,2,2,1,22,26,7
3826153,0,877,0,40,3,2,2,1,22,57,7
3821579,0,877,0,40,3,2,2,1,25,58,7
3807012,0,877,0,40,2,4,2,1,31,53,7
3823081,0,877,0,40,2,2,2,1,25,103,7
3828628,0,877,0,40,3,1,2,1,19,73,7
3828642,0,877,0,40,2,1,2,1,19,65,7
3828890,0,877,0,40,3,1,2,1,19,56,7
3807442,0,877,0,40,2,1,2,1,20,72,7
3817356,0,877,0,40,2,1,2,1,49,42,7
3805476,0,877,0,40,2,1,2,1,43,29,7
3809102,0,877,0,40,2,6,2,1,50,34,7
3808230,0,877,0,40,2,2,2,1,37,31,7
3816180,0,877,0,40,2,3,2,1,41,58,7
3818552,0,877,0,40,3,3,2,1,36,42,7
3813568,0,877,0,40,2,5,2,1,42,39,7
3825484,0,877,0,40,3,2,2,1,25,63,7
3818919,0,877,0,40,3,3,2,1,35,30,7
3804543,0,877,0,40,2,4,2,1,46,18,7
3827877,0,877,0,40,2,1,2,1,22,39,7
3814351,0,877,0,40,2,7,2,1,37,60,7
3813122,0,877,0,40,2,5,2,1,46,17,7
3806696,0,877,0,40,3,1,2,1,22,14,7
3817462,0,877,0,40,3,4,2,1,34,62,7
3815658,0,877,0,40,3,4,2,1,36,66,7
3828659,0,877,0,40,3,1,2,1,19,56,7
3824711,0,877,0,40,3,1,2,1,30,40,7
3819296,0,877,0,40,3,3,2,1,36,34,7
3817683,0,877,0,40,2,4,2,1,33,15,7
3826919,0,877,0,40,3,1,2,1,25,49,7
3825804,0,877,0,40,2,2,2,1,24,11,7
3827691,0,877,0,40,2,1,2,1,22,37,7
3829048,0,877,0,40,3,1,2,1,21,40,7
3815738,0,877,0,40,3,3,2,1,41,66,7
3829866,0,877,0,40,3,1,2,1,19,27,7
3810696,0,877,0,40,2,5,2,1,61,63,7
3815118,0,877,0,40,2,3,2,1,47,51,7
3818587,0,877,0,40,2,4,2,1,37,50,7
3824842,0,877,0,40,2,1,2,1,28,60,7
3804134,0,877,0,40,3,3,2,1,51,49,7
3820030,0,877,0,40,3,3,2,1,35,52,7
3827617,0,877,0,40,2,1,2,1,24,43,7
3818854,0,877,0,40,3,3,2,1,31,71,7
3809967,0,877,0,40,2,6,2,1,57,61,7
3816494,0,877,0,40,3,6,2,1,38,26,7
3829884,0,877,0,40,2,1,2,1,20,32,7
3807135,0,877,0,40,3,1,2,1,20,12,7
3820174,0,877,0,40,3,2,2,1,34,24,7
3715898,0,877,0,40,3,25,2,1,163,28,7
3812939,0,877,0,40,2,6,2,1,44,51,7
3807194,0,877,0,40,3,2,2,1,26,13,7
3827559,0,877,0,40,2,0,2,1,18,54,7
3828669,0,877,0,40,3,0,2,1,18,43,7
3829340,0,877,0,40,3,0,2,1,18,29,7
3829561,0,877,0,40,2,0,2,1,18,26,7
3829809,0,877,0,40,3,0,2,1,18,46,7
3829825,0,877,0,40,3,0,2,1,18,53,7
3830084,0,877,0,40,2,0,2,1,18,77,7
3830144,0,877,0,40,2,0,2,1,18,77,7
3830256,0,877,0,40,2,0,2,1,18,72,7
3830573,0,877,0,40,3,0,2,1,18,59,7
3830613,0,877,0,40,3,0,2,1,18,25,7
3830625,0,877,0,40,3,0,2,1,18,54,7
3830677,0,877,0,40,2,0,2,1,18,57,7
3830701,0,877,0,40,2,0,2,1,18,28,7
3830733,0,877,0,40,3,0,2,1,18,42,7
3830753,0,877,0,40,2,0,2,1,18,61,7
3830853,0,877,0,40,2,0,2,1,18,69,7
3830987,0,877,0,40,2,0,2,1,18,49,7
3831027,0,877,0,40,3,0,2,1,18,47,7
3831093,0,877,0,40,3,0,2,1,18,20,7
3831109,0,877,0,40,3,0,2,1,18,51,7
3831123,0,877,0,40,3,0,2,1,18,23,7
3831125,0,877,0,40,3,0,2,1,18,26,7
3831217,0,877,0,40,2,0,2,1,18,29,7
3831237,0,877,0,40,2,0,2,1,18,41,7
3831249,0,877,0,40,2,0,2,1,18,38,7
3831287,0,877,0,40,3,0,2,1,18,62,7
3831309,0,877,0,40,3,0,2,1,18,59,7
3831359,0,877,0,40,2,0,2,1,18,41,7
3796218,0,877,0,40,2,3,2,1,45,67,7
3811324,0,877,0,40,3,3,2,1,50,55,7
3826720,0,877,0,40,3,1,2,1,19,45,7
3809921,0,877,0,40,3,7,2,1,54,21,7
3814485,0,877,0,40,2,5,2,1,43,64,7
3823250,0,877,0,40,3,1,2,1,28,52,7
3824560,0,877,0,40,2,1,2,1,24,26,7
3825788,0,877,0,40,3,1,2,1,22,29,7
3804865,0,877,0,40,2,1,2,1,30,49,7
3824525,0,877,0,40,2,2,2,1,21,47,7
3827672,0,877,0,40,3,1,2,1,18,50,7
3823116,0,877,0,40,3,2,2,1,28,58,7
3820949,2,877,0,40,2,3,2,1,24,56,7
3816979,0,877,0,40,3,4,2,1,42,23,7
3808356,0,877,0,40,3,6,2,1,46,43,7
3823347,0,877,0,40,3,2,2,1,25,83,7
3789902,0,877,0,40,2,9,2,1,56,50,7
3805980,0,877,0,40,3,1,2,1,27,54,7
3825722,0,877,0,40,3,2,2,1,19,35,7
3827795,0,877,0,40,3,1,2,1,18,34,7
3804745,0,877,0,40,3,1,2,1,18,57,7
3810845,0,877,0,40,3,6,2,1,45,34,7
3804152,0,877,0,40,2,2,2,1,31,18,7
3816378,0,877,0,40,3,3,2,1,38,70,7
3816839,0,877,0,40,3,2,2,1,45,33,7
3816087,0,877,0,40,3,3,2,1,43,29,7
3795455,0,877,0,40,3,6,2,1,67,42,7
3813464,0,877,0,40,2,2,2,1,54,33,7
3811976,0,877,0,40,2,5,2,1,45,30,7
3827076,0,877,0,40,3,1,2,1,20,48,7
3827266,0,877,0,40,2,1,2,1,20,27,7
3819678,0,877,0,40,2,3,2,1,29,41,7
3827170,0,877,0,40,3,1,2,1,18,16,7
3828509,0,877,0,40,2,1,2,1,18,66,7
3810278,0,877,0,40,2,4,2,1,61,38,7
3800795,0,877,0,40,2,4,2,1,54,51,7
3822919,0,877,0,40,2,1,2,1,32,86,7
3817418,0,877,0,40,2,4,2,1,34,51,7
3819781,0,877,0,40,3,2,2,1,36,41,7
3817062,0,877,0,40,3,5,2,1,35,38,7
3826573,0,877,0,40,2,1,2,1,21,42,7
3824034,0,877,0,40,2,2,2,1,23,63,7
3821023,0,877,0,40,3,4,2,1,24,30,7
3822299,0,877,0,40,2,3,2,1,27,58,7
3825042,0,877,0,40,2,1,2,1,20,78,7
3821042,0,877,0,40,2,3,2,1,29,72,7
3805365,0,877,0,40,2,5,2,1,26,46,7
3818991,0,877,0,40,2,3,2,1,39,35,7
3807014,0,877,0,40,3,1,2,1,35,41,7
3821314,0,877,0,40,3,3,2,1,33,57,7
3806235,0,877,0,40,2,3,2,1,33,48,7
3823703,0,877,0,40,3,2,2,1,27,34,7
3817931,0,877,0,40,3,4,2,1,35,27,7
3812896,0,877,0,40,3,5,2,1,41,37,7
3827682,0,877,0,40,3,1,2,1,22,17,7
3827597,0,877,0,40,3,1,2,1,21,22,7
3827902,0,877,0,40,2,1,2,1,20,76,7
3822743,0,877,0,40,2,2,2,1,27,40,7
3825124,0,877,0,40,3,2,2,1,22,58,7
3828136,0,877,0,40,3,1,2,1,19,53,7
3818715,0,877,0,40,3,4,2,1,36,59,7
3817386,0,877,0,40,3,5,2,1,33,48,7
3817796,0,877,0,40,2,4,2,1,38,53,7
3817298,0,877,0,40,2,2,2,1,38,38,7
3818355,0,877,0,40,3,2,2,1,42,50,7
3804412,0,877,0,40,3,1,2,1,36,18,7
3805952,0,877,0,40,2,5,2,1,72,74,7
3809766,0,877,0,40,2,7,2,1,46,50,7
3817767,0,877,0,40,3,3,2,1,39,86,7
3805588,0,877,0,40,3,1,2,1,26,32,7
3806173,0,877,0,40,2,1,2,1,25,34,7
3823504,0,877,0,40,2,2,2,1,30,20,7
3811051,0,877,0,40,2,7,2,1,47,22,7
3809242,0,877,0,40,2,5,2,1,57,26,7
3803121,0,877,0,40,3,6,2,1,56,24,7
3828485,0,877,0,40,3,1,2,1,21,43,7
3814739,0,877,0,40,3,4,2,1,39,39,7
3806557,0,877,0,40,2,2,2,1,34,10,7
3828627,0,877,0,40,3,1,2,1,19,35,7
3829161,0,877,0,40,2,1,2,1,19,46,7
3829267,0,877,0,40,2,1,2,1,19,48,7
3813056,0,877,0,40,2,6,2,1,42,42,7
3815078,0,877,0,40,2,4,2,1,38,18,7
3825683,0,877,0,40,3,2,2,1,21,103,7
3817285,0,877,0,40,3,2,2,1,44,24,7
3818483,0,877,0,40,2,4,2,1,36,23,7
3802644,0,877,0,40,3,5,2,1,39,63,7
3820521,0,877,0,40,3,3,2,1,33,34,7
3826439,0,877,0,40,2,2,2,1,22,37,7
3824518,0,877,0,40,3,2,2,1,25,65,7
3829461,0,877,0,40,2,1,2,1,20,37,7
3816978,0,877,0,40,3,5,2,1,34,37,7
3829960,0,877,0,40,3,1,2,1,19,71,7
3830181,0,877,0,40,2,1,2,1,18,39,7
3822680,0,877,0,40,3,1,2,1,34,57,7
3822823,0,877,0,40,3,3,2,1,31,58,7
3828151,0,877,0,40,2,1,2,1,23,72,7
3803668,0,877,0,40,2,4,2,1,55,38,7
3821649,0,877,0,40,2,2,2,1,29,30,7
3816714,0,877,0,40,2,3,2,1,39,50,7
3810855,0,877,0,40,3,4,2,1,69,29,7
3825946,0,877,0,40,2,2,2,1,20,76,7
3812213,0,877,0,40,3,5,2,1,50,71,7
3827908,0,877,0,40,2,1,2,1,23,34,7
3829424,0,877,0,40,2,0,2,1,17,28,7
3829569,0,877,0,40,3,0,2,1,17,9,7
3829769,0,877,0,40,3,0,2,1,17,77,7
3829921,0,877,0,40,2,0,2,1,17,35,7
3830372,0,877,0,40,2,0,2,1,17,60,7
3830507,0,877,0,40,3,0,2,1,17,34,7
3831060,0,877,0,40,3,0,2,1,17,63,7
3831096,0,877,0,40,3,0,2,1,17,18,7
3831104,0,877,0,40,2,0,2,1,17,24,7
3831216,0,877,0,40,3,0,2,1,17,78,7
3831288,0,877,0,40,2,0,2,1,17,31,7
3831292,0,877,0,40,2,0,2,1,17,33,7
3831360,0,877,0,40,2,0,2,1,17,40,7
3831450,0,877,0,40,2,0,2,1,17,43,7
3831482,0,877,0,40,3,0,2,1,17,55,7
3831510,0,877,0,40,3,0,2,1,17,53,7
3831590,0,877,0,40,2,0,2,1,17,61,7
3831604,0,877,0,40,3,0,2,1,17,14,7
3831634,0,877,0,40,3,0,2,1,17,21,7
3831658,0,877,0,40,3,0,2,1,17,27,7
3831664,0,877,0,40,3,0,2,1,17,34,7
3831728,0,877,0,40,3,0,2,1,17,50,7
3831754,0,877,0,40,2,0,2,1,17,33,7
3831764,0,877,0,40,2,0,2,1,17,65,7
3831852,0,877,0,40,2,0,2,1,17,15,7
3831856,0,877,0,40,3,0,2,1,17,46,7
3831914,0,877,0,40,2,0,2,1,17,73,7
3831926,0,877,0,40,3,0,2,1,17,41,7
3805101,0,877,0,40,3,0,2,1,19,13,7
3794594,0,877,0,40,3,7,2,1,64,30,7
3806538,0,877,0,40,3,4,2,1,45,62,7
3813844,0,877,0,40,3,3,2,1,48,44,7
3822243,0,877,0,40,2,2,2,1,21,48,7
3825748,0,877,0,40,2,1,2,1,21,56,7
3827067,0,877,0,40,2,1,2,1,18,23,7
3818285,0,877,0,40,3,2,2,1,34,29,7
3812564,0,877,0,40,2,5,2,1,41,11,7
3821819,0,877,0,40,3,2,2,1,28,30,7
3808671,0,877,0,40,2,9,2,1,46,61,7
3824761,0,877,0,40,3,1,2,1,25,54,7
3825874,0,877,0,40,2,1,2,1,23,10,7
3826103,0,877,0,40,2,1,2,1,22,27,7
3824018,0,877,0,40,3,2,2,1,23,25,7
3817687,0,877,0,40,2,3,2,1,35,22,7
3812806,0,877,0,40,2,2,2,1,55,24,7
3828433,0,877,0,40,3,1,2,1,17,78,7
3805866,0,877,0,40,2,2,2,1,32,44,7
3803080,0,877,0,40,2,5,2,1,35,44,7
3800035,0,877,0,40,3,2,2,1,48,53,7
3799298,0,877,0,40,2,9,2,1,81,52,7
3826305,0,877,0,40,2,1,2,1,23,71,7
3811075,0,877,0,40,2,6,2,1,46,24,7
3819954,0,877,0,40,3,3,2,1,31,110,7
3809075,0,877,0,40,2,6,2,1,48,20,7
3806982,0,877,0,40,3,4,2,1,30,28,7
3811271,0,877,0,40,3,5,2,1,50,37,7
3828315,0,877,0,40,2,1,2,1,18,59,7
3810622,0,877,0,40,2,5,2,1,51,70,7
3827812,0,877,0,40,3,1,2,1,17,35,7
3828990,0,877,0,40,3,1,2,1,17,57,7
3819961,0,877,0,40,3,1,2,1,38,54,7
3815668,0,877,0,40,3,4,2,1,37,38,7
3819044,0,877,0,40,3,2,2,1,32,93,7
3809573,0,877,0,40,3,6,2,1,55,74,7
3818775,0,877,0,40,2,3,2,1,34,33,7
3737501,0,877,0,40,3,19,2,1,131,51,7
3804012,0,877,0,40,3,2,2,1,25,21,7
3821584,0,877,0,40,3,3,2,1,26,20,7
3795279,0,877,0,40,2,6,2,1,59,37,7
3817240,0,877,0,40,2,3,2,1,41,39,7
3823653,0,877,0,40,2,2,2,1,25,51,7
3826195,0,877,0,40,3,2,2,1,22,83,7
3823051,0,877,0,40,3,2,2,1,23,84,7
3810871,0,877,0,40,3,5,2,1,59,32,7
3826142,0,877,0,40,2,1,2,1,20,37,7
3827174,0,877,0,40,3,1,2,1,20,29,7
3802438,0,877,0,40,3,6,2,1,44,39,7
3814507,0,877,0,40,3,4,2,1,32,46,7
3804822,0,877,0,40,2,1,2,1,31,32,7
3806097,0,877,0,40,3,4,2,1,29,19,7
3826771,0,877,0,40,2,2,2,1,20,85,7
3823536,0,877,0,40,3,1,2,1,31,51,7
3803507,0,877,0,40,2,2,2,1,37,55,7
3816265,0,877,0,40,2,5,2,1,35,70,7
3826343,0,877,0,40,2,1,2,1,25,28,7
3826903,0,877,0,40,3,1,2,1,23,46,7
3799848,0,877,0,40,2,6,2,1,76,45,7
3807957,0,877,0,40,2,4,2,1,35,23,7
3705804,0,877,0,40,2,25,2,1,160,35,7
3817939,0,877,0,40,3,4,2,1,38,108,7
3815505,0,877,0,40,2,5,2,1,40,24,7
3811098,0,877,0,40,3,7,2,1,51,65,7
3814250,0,877,0,40,2,5,2,1,34,40,7
3821925,0,877,0,40,2,2,2,1,31,40,7
3815642,0,877,0,40,3,4,2,1,37,22,7
3825969,0,877,0,40,3,2,2,1,19,46,7
3825822,0,877,0,40,2,4,2,1,21,69,7
3819596,0,877,0,40,3,4,2,1,33,39,7
3828651,0,877,0,40,3,1,2,1,18,58,7
3829277,0,877,0,40,3,1,2,1,18,41,7
3810646,0,877,0,40,3,5,2,1,51,25,7
3824598,0,877,0,40,2,2,2,1,21,42,7
3806925,0,877,0,40,2,3,2,1,43,25,7
3802924,0,877,0,40,3,3,2,1,60,59,7
3810969,0,877,0,40,3,6,2,1,41,31,7
3806965,0,877,0,40,3,3,2,1,29,52,7
3812302,0,877,0,40,3,6,2,1,47,71,7
3819858,0,877,0,40,2,3,2,1,26,40,7
3805096,0,877,0,40,2,2,2,1,26,27,7
3827199,0,877,0,40,2,1,2,1,24,58,7
3827332,0,877,0,40,2,1,2,1,23,94,7
3808199,0,877,0,40,3,2,2,1,28,26,7
3817664,0,877,0,40,3,5,2,1,29,60,7
3824695,0,877,0,40,3,2,2,1,26,44,7
3803615,0,877,0,40,2,3,2,1,42,47,7
3801566,0,877,0,40,3,4,2,1,46,29,7
3804705,0,877,0,40,3,2,2,1,25,27,7
3821877,0,877,0,40,3,3,2,1,27,61,7
3804647,0,877,0,40,3,8,2,1,32,24,7
3820335,0,877,0,40,3,4,2,1,32,48,7
3815181,0,877,0,40,3,3,2,1,48,32,7
3824327,0,877,0,40,3,2,2,1,29,46,7
3819392,0,877,0,40,3,3,2,1,37,56,7
3824509,0,877,0,40,3,2,2,1,24,63,7
3818166,0,877,0,40,3,4,2,1,30,17,7
3827876,0,877,0,40,3,1,2,1,21,24,7
3805882,0,877,0,40,2,3,2,1,28,31,7
3829025,0,877,0,40,3,1,2,1,19,47,7
3812967,0,877,0,40,3,6,2,1,38,48,7
3803453,0,877,0,40,2,2,2,1,24,72,7
3804600,0,877,0,40,3,5,2,1,41,32,7
3823233,0,877,0,40,3,4,2,1,20,45,7
3824056,0,877,0,40,3,3,2,1,22,22,7
3825473,0,877,0,40,2,2,2,1,27,55,7
3823838,0,877,0,40,2,2,2,1,25,26,7
3823067,0,877,0,40,2,2,2,1,31,45,7
3828553,0,877,0,40,3,1,2,1,23,57,7
3803583,0,877,0,40,2,5,2,1,41,37,7
3824117,0,877,0,40,3,2,2,1,25,35,7
3828765,0,877,0,40,3,0,2,1,16,60,7
3829324,0,877,0,40,2,0,2,1,16,40,7
3829553,0,877,0,40,3,0,2,1,16,41,7
3829721,0,877,0,40,3,0,2,1,16,56,7
3830056,0,877,0,40,2,0,2,1,16,12,7
3830535,0,877,0,40,2,0,2,1,16,42,7
3831014,0,877,0,40,3,0,2,1,16,36,7
3831198,0,877,0,40,3,0,2,1,16,38,7
3831398,0,877,0,40,3,0,2,1,16,77,7
3831414,0,877,0,40,2,0,2,1,16,37,7
3831445,0,877,0,40,3,0,2,1,16,40,7
3831473,0,877,0,40,3,0,2,1,16,67,7
3831501,0,877,0,40,3,0,2,1,16,33,7
3831533,0,877,0,40,2,0,2,1,16,11,7
3831549,0,877,0,40,2,0,2,1,16,44,7
3831641,0,877,0,40,2,0,2,1,16,47,7
3831701,0,877,0,40,3,0,2,1,16,63,7
3831777,0,877,0,40,3,0,2,1,16,54,7
3831869,0,877,0,40,2,0,2,1,16,50,7
3831873,0,877,0,40,3,0,2,1,16,18,7
3831893,0,877,0,40,3,0,2,1,16,50,7
3831953,0,877,0,40,3,0,2,1,16,27,7
3831957,0,877,0,40,2,0,2,1,16,48,7
3831995,0,877,0,40,2,0,2,1,16,22,7
3832049,0,877,0,40,3,0,2,1,16,30,7
3832073,0,877,0,40,3,0,2,1,16,30,7
3832143,0,877,0,40,3,0,2,1,16,24,7
3832181,0,877,0,40,3,0,2,1,16,60,7
3832247,0,877,0,40,2,0,2,1,16,20,7
3832257,0,877,0,40,3,0,2,1,16,95,7
3832271,0,877,0,40,3,0,2,1,16,66,7
3832287,0,877,0,40,3,0,2,1,16,35,7
3832313,0,877,0,40,3,0,2,1,16,55,7
3832407,0,877,0,40,2,0,2,1,16,15,7
3832413,0,877,0,40,2,0,2,1,16,40,7
3789168,0,877,0,40,2,5,2,1,52,47,7
3806450,0,877,0,40,2,0,2,1,17,47,7
3803689,0,877,0,40,3,2,2,1,44,38,7
3824173,0,877,0,40,2,1,2,1,22,42,7
3812923,0,877,0,40,3,4,2,1,46,36,7
3824276,0,877,0,40,2,1,2,1,23,88,7
3803116,0,877,0,40,2,2,2,1,20,39,7
3811430,0,877,0,40,2,5,2,1,50,38,7
3824524,0,877,0,40,3,1,2,1,24,46,7
3808188,0,877,0,40,2,4,2,1,63,14,7
3825955,0,877,0,40,3,1,2,1,21,36,7
3824531,0,877,0,40,2,2,2,1,21,63,7
3801338,0,877,0,40,3,2,2,1,29,79,7
3806839,0,877,0,40,2,4,2,1,36,61,7
3819065,0,877,0,40,2,4,2,1,26,18,7
3826220,0,877,0,40,3,2,2,1,18,35,7
3814511,0,877,0,40,3,4,2,1,38,43,7
3813071,0,877,0,40,2,2,2,1,50,28,7
3812379,0,877,0,40,2,4,2,1,47,11,7
3794865,0,877,0,40,2,6,2,1,47,40,7
3794317,0,877,0,40,2,8,2,1,46,86,7
3797135,0,877,0,40,2,8,2,1,76,17,7
3827589,0,877,0,40,3,1,2,1,18,59,7
3825463,0,877,0,40,2,2,2,1,17,31,7
3825371,0,877,0,40,2,2,2,1,20,28,7
3821648,0,877,0,40,2,3,2,1,28,56,7
3816203,0,877,0,40,3,4,2,1,37,15,7
3819388,0,877,0,40,2,1,2,1,40,24,7
3807665,0,877,0,40,2,2,2,1,39,68,7
3822706,0,877,0,40,2,1,2,1,30,37,7
3813848,0,877,0,40,2,4,2,1,44,46,7
3818935,0,877,0,40,3,2,2,1,37,27,7
3821381,0,877,0,40,3,2,2,1,25,32,7
3820488,0,877,0,40,3,2,2,1,28,57,7
3812575,0,877,0,40,2,6,2,1,45,25,7
3804932,0,877,0,40,3,5,2,1,34,31,7
3827077,0,877,0,40,2,1,2,1,21,38,7
3803458,0,877,0,40,3,3,2,1,38,62,7
3819774,0,877,0,40,2,3,2,1,29,29,7
3819435,0,877,0,40,3,2,2,1,30,39,7
3813912,0,877,0,40,3,3,2,1,43,39,7
3807674,0,877,0,40,2,2,2,1,27,24,7
3812387,0,877,0,40,3,5,2,1,38,74,7
3810517,0,877,0,40,2,5,2,1,56,14,7
3817832,0,877,0,40,2,5,2,1,28,59,7
3821043,0,877,0,40,3,2,2,1,34,34,7
3809231,0,877,0,40,3,6,2,1,56,36,7
3828671,0,877,0,40,3,1,2,1,16,40,7
3818255,0,877,0,40,2,1,2,1,43,51,7
3816126,0,877,0,40,3,2,2,1,45,34,7
3822297,0,877,0,40,2,1,2,1,30,80,7
3820252,0,877,0,40,3,3,2,1,34,30,7
3806164,0,877,0,40,3,1,2,1,25,26,7
3810314,0,877,0,40,3,4,2,1,61,51,7
3816052,0,877,0,40,3,3,2,1,42,30,7
3813113,0,877,0,40,2,3,2,1,45,38,7
3809604,0,877,0,40,2,6,2,1,54,38,7
3822869,0,877,0,40,3,3,2,1,26,41,7
3805191,0,877,0,40,3,3,2,1,34,26,7
3826858,0,877,0,40,3,1,2,1,20,40,7
3822177,0,877,0,40,2,2,2,1,23,85,7
3822064,0,877,0,40,3,3,2,1,28,55,7
3823330,0,877,0,40,3,2,2,1,23,44,7
3806022,0,877,0,40,3,3,2,1,27,16,7
3806608,0,877,0,40,2,4,2,1,39,33,7
3805450,0,877,0,40,3,3,2,1,33,54,7
3811435,0,877,0,40,2,6,2,1,49,45,7
3813453,0,877,0,40,2,6,2,1,34,61,7
3801906,0,877,0,40,3,6,2,1,47,49,7
3824111,0,877,0,40,2,2,2,1,24,50,7
3829478,0,877,0,40,2,1,2,1,16,78,7
3821394,2,877,0,40,3,2,2,1,31,79,7
3820605,0,877,0,40,3,3,2,1,32,44,7
3803125,0,877,0,40,2,2,2,1,49,32,7
3807615,0,877,0,40,3,6,2,1,62,42,7
3826540,0,877,0,40,2,1,2,1,24,87,7
3826699,0,877,0,40,3,1,2,1,23,38,7
3826925,0,877,0,40,2,1,2,1,23,65,7
3809599,0,877,0,40,3,9,2,1,49,55,7
3820009,0,877,0,40,3,3,2,1,24,31,7
3808697,0,877,0,40,3,7,2,1,55,79,7
3819892,0,877,0,40,3,2,2,1,36,21,7
3826882,0,877,0,40,3,1,2,1,21,12,7
3822340,0,877,0,40,2,2,2,1,22,33,7
3823751,0,877,0,40,3,3,2,1,26,75,7
3824391,0,877,0,40,2,3,2,1,24,55,7
3815289,0,877,0,40,2,4,2,1,31,35,7
3814995,0,877,0,40,2,5,2,1,39,48,7
3814922,0,877,0,40,2,6,2,1,34,10,7
3809203,0,877,0,40,3,1,2,1,18,54,7
3822498,0,877,0,40,2,3,2,1,24,18,7
3813685,0,877,0,40,2,4,2,1,40,27,7
3810439,0,877,0,40,2,5,2,1,50,90,7
3808142,0,877,0,40,3,4,2,1,37,10,7
3802201,0,877,0,40,3,5,2,1,37,47,7
3815002,0,877,0,40,2,6,2,1,36,78,7
3829724,0,877,0,40,3,1,2,1,17,39,7
3799054,0,877,0,40,2,6,2,1,91,43,7
3813394,0,877,0,40,3,3,2,1,53,34,7
3816696,0,877,0,40,3,4,2,1,34,32,7
3829975,0,877,0,40,2,1,2,1,16,61,7
3810324,0,877,0,40,3,3,2,1,67,20,7
3815860,0,877,0,40,3,4,2,1,42,45,7
3808544,0,877,0,40,2,7,2,1,62,48,7
3802196,0,877,0,40,3,4,2,1,32,59,7
3809328,0,877,0,40,2,7,2,1,48,11,7
3805386,0,877,0,40,3,2,2,1,27,33,7
3817641,0,877,0,40,2,3,2,1,38,17,7
3827857,0,877,0,40,3,1,2,1,22,40,7
3822150,0,877,0,40,2,3,2,1,28,49,7
3828559,0,877,0,40,2,1,2,1,21,68,7
3824009,0,877,0,40,3,2,2,1,22,23,7
3822709,0,877,0,40,3,3,2,1,25,58,7
3804973,0,877,0,40,2,9,2,1,53,18,7
3802559,0,877,0,40,3,3,2,1,59,36,7
3814154,0,877,0,40,2,4,2,1,42,40,7
3804771,0,877,0,40,2,4,2,1,26,57,7
3804568,0,877,0,40,2,6,2,1,60,60,7
3828318,0,877,0,40,3,1,2,1,18,48,7
3809071,0,877,0,40,3,6,2,1,48,57,7
3803227,0,877,0,40,2,3,2,1,41,58,7
3811066,0,877,0,40,2,7,2,1,39,44,7
3798406,0,877,0,40,3,5,2,1,47,70,7
3826288,0,877,0,40,2,2,2,1,20,45,7
3826829,0,877,0,40,3,2,2,1,21,23,7
3810786,0,877,0,40,2,5,2,1,58,42,7
3811539,0,877,0,40,2,5,2,1,55,48,7
3813546,0,877,0,40,3,8,2,1,36,18,7
3830419,0,877,0,40,2,1,2,1,17,18,7
3812145,0,877,0,40,2,6,2,1,45,33,7
3819604,0,877,0,40,3,5,2,1,30,28,7
3827499,0,877,0,40,3,2,2,1,20,36,7
3830154,0,877,0,40,2,1,2,1,16,21,7
3809222,0,877,0,40,2,3,2,1,71,64,7
3812301,0,877,0,40,2,4,2,1,59,43,7
3824552,0,877,0,40,2,1,2,1,30,36,7
3827791,0,877,0,40,3,1,2,1,23,105,7
3809347,0,877,0,40,3,5,2,1,63,40,7
3824836,0,877,0,40,3,2,2,1,22,69,7
3807485,0,877,0,40,2,8,2,1,67,56,7
3814329,0,877,0,40,3,4,2,1,41,31,7
3814239,0,877,0,40,3,4,2,1,44,51,7
3811082,0,877,0,40,2,9,2,1,36,33,7
3828270,0,877,0,40,3,1,2,1,19,49,7
3829712,0,877,0,40,3,1,2,1,19,49,7
3817157,0,877,0,40,3,3,2,1,39,70,7
3830087,0,877,0,40,2,1,2,1,18,35,7
3823360,0,877,0,40,3,3,2,1,27,45,7
3804877,0,877,0,40,2,4,2,1,40,62,7
3824410,0,877,0,40,2,2,2,1,24,43,7
3811415,0,877,0,40,3,6,2,1,45,29,7
3830765,0,877,0,40,2,1,2,1,16,27,7
3816729,0,877,0,40,3,3,2,1,49,33,7
3821087,0,877,0,40,2,2,2,1,33,44,7
3819465,0,877,0,40,3,2,2,1,30,26,7
3828715,0,877,0,40,2,1,2,1,21,45,7
3803485,0,877,0,40,2,3,2,1,33,33,7
3813233,0,877,0,40,3,6,2,1,37,17,7
3827906,0,877,0,40,3,2,2,1,19,61,7
3828282,0,877,0,40,2,2,2,1,18,50,7
3808885,0,877,0,40,3,7,2,1,56,29,7
3815382,0,877,0,40,3,4,2,1,36,48,7
3815532,0,877,0,40,2,3,2,1,39,29,7
3826783,0,877,0,40,3,3,2,1,23,29,7
3831981,0,877,0,40,3,1,2,1,16,31,7
3829969,0,877,0,40,2,0,2,1,15,69,7
3830316,0,877,0,40,3,0,2,1,15,68,7
3830911,0,877,0,40,3,0,2,1,15,18,7
3830986,0,877,0,40,3,0,2,1,15,12,7
3831034,0,877,0,40,3,0,2,1,15,41,7
3831210,0,877,0,40,2,0,2,1,15,80,7
3831242,0,877,0,40,3,0,2,1,15,129,7
3831418,0,877,0,40,3,0,2,1,15,38,7
3831495,0,877,0,40,3,0,2,1,15,48,7
3831583,0,877,0,40,2,0,2,1,15,32,7
3831743,0,877,0,40,3,0,2,1,15,49,7
3831839,0,877,0,40,2,0,2,1,15,39,7
3831879,0,877,0,40,2,0,2,1,15,33,7
3832034,0,877,0,40,2,0,2,1,15,31,7
3832186,0,877,0,40,3,0,2,1,15,53,7
3832214,0,877,0,40,2,0,2,1,15,48,7
3832246,0,877,0,40,3,0,2,1,15,60,7
3832266,0,877,0,40,3,0,2,1,15,35,7
3832282,0,877,0,40,3,0,2,1,15,14,7
3832314,0,877,0,40,3,0,2,1,15,39,7
3832318,0,877,0,40,2,0,2,1,15,58,7
3832342,0,877,0,40,2,0,2,1,15,61,7
3832350,0,877,0,40,2,0,2,1,15,35,7
3832386,0,877,0,40,3,0,2,1,15,86,7
3832394,0,877,0,40,3,0,2,1,15,18,7
3832410,0,877,0,40,3,0,2,1,15,5,7
3832448,0,877,0,40,3,0,2,1,15,24,7
3832462,0,877,0,40,3,0,2,1,15,59,7
3832488,0,877,0,40,3,0,2,1,15,22,7
3832496,0,877,0,40,3,0,2,1,15,53,7
3832528,0,877,0,40,3,0,2,1,15,77,7
3832568,0,877,0,40,3,0,2,1,15,26,7
3832578,0,877,0,40,2,0,2,1,15,26,7
3832616,0,877,0,40,2,0,2,1,15,61,7
3832626,0,877,0,40,3,0,2,1,15,30,7
3832658,0,877,0,40,3,0,2,1,15,56,7
3832676,0,877,0,40,3,0,2,1,15,20,7
3832688,0,877,0,40,2,0,2,1,15,30,7
3832690,0,877,0,40,3,0,2,1,15,55,7
3832712,0,877,0,40,3,0,2,1,15,37,7
3832726,0,877,0,40,3,0,2,1,15,60,7
3832760,0,877,0,40,2,0,2,1,15,14,7
3832780,0,877,0,40,2,0,2,1,15,19,7
3832792,0,877,0,40,3,0,2,1,15,60,7
3832800,0,877,0,40,3,0,2,1,15,54,7
3832808,0,877,0,40,3,0,2,1,15,50,7
3832842,0,877,0,40,3,0,2,1,15,57,7
3832846,0,877,0,40,2,0,2,1,15,17,7
3832852,0,877,0,40,3,0,2,1,15,35,7
3832884,0,877,0,40,3,0,2,1,15,56,7
3801814,0,877,0,40,3,0,2,1,20,42,7
3795899,0,877,0,40,2,2,2,1,35,38,7
3793791,0,877,0,40,3,4,2,1,33,48,7
3803712,0,877,0,40,2,0,2,1,16,42,7
3797471,0,877,0,40,3,4,2,1,34,35,7
3804896,0,877,0,40,3,0,2,1,16,61,7
3803552,0,877,0,40,3,1,2,1,34,38,7
3807044,0,877,0,40,2,0,2,1,18,75,7
3805223,0,877,0,40,3,8,2,1,45,24,7
3805340,0,877,0,40,2,4,2,1,32,77,7
3807750,0,877,0,40,3,7,2,1,56,19,7
3813612,0,877,0,40,3,5,2,1,37,27,7
3799500,0,877,0,40,2,3,2,1,43,32,7
3819970,0,877,0,40,3,2,2,1,26,22,7
3815616,0,877,0,40,3,3,2,1,39,98,7
3826207,0,877,0,40,3,1,2,1,20,18,7
3818751,0,877,0,40,3,4,2,1,25,56,7
3825386,0,877,0,40,2,1,2,1,19,69,7
3810619,0,877,0,40,3,4,2,1,54,76,7
3807593,0,877,0,40,3,1,2,1,34,47,7
3815842,0,877,0,40,3,3,2,1,34,38,7
3817097,0,877,0,40,3,2,2,1,39,44,7
3805708,0,877,0,40,3,4,2,1,36,77,7
3816889,0,877,0,40,3,3,2,1,39,60,7
3827452,0,877,0,40,2,1,2,1,18,72,7
3804561,0,877,0,40,3,7,2,1,41,42,7
3803896,0,877,0,40,3,6,2,1,33,46,7
3810467,0,877,0,40,3,7,2,1,53,36,7
3828521,0,877,0,40,2,1,2,1,16,17,7
3822301,0,877,0,40,2,2,2,1,27,9,7
3810407,0,877,0,40,2,4,2,1,57,33,7
3753536,0,877,0,40,3,13,2,1,92,27,7
3807041,0,877,0,40,3,3,2,1,34,34,7
3813323,0,877,0,40,3,3,2,1,43,35,7
3806131,0,877,0,40,2,3,2,1,36,24,7
3823112,0,877,0,40,3,2,2,1,23,10,7
3792225,0,877,0,40,2,7,2,1,70,20,7
3807168,0,877,0,40,2,1,2,1,21,64,7
3822986,0,877,0,40,2,2,2,1,24,73,7
3826603,0,877,0,40,3,1,2,1,20,50,7
3805371,0,877,0,40,2,3,2,1,28,39,7
3820485,0,877,0,40,2,4,2,1,26,20,7
3821332,0,877,0,40,3,2,2,1,29,40,7
3810814,0,877,0,40,2,8,2,1,43,33,7
3805559,0,877,0,40,3,5,2,1,41,41,7
3806680,0,877,0,40,3,1,2,1,16,65,7
3821161,0,877,0,40,3,2,2,1,32,29,7
3823657,0,877,0,40,2,1,2,1,24,24,7
3818849,0,877,0,40,2,3,2,1,32,35,7
3806904,0,877,0,40,3,4,2,1,32,45,7
3808168,0,877,0,40,3,2,2,1,27,18,7
3814584,0,877,0,40,2,3,2,1,44,35,7
3802576,0,877,0,40,2,4,2,1,38,51,7
3823737,0,877,0,40,3,2,2,1,23,38,7
3801161,0,877,0,40,2,6,2,1,37,43,7
3816007,0,877,0,40,2,2,2,1,39,37,7
3805796,0,877,0,40,3,2,2,1,20,41,7
3810838,0,877,0,40,3,4,2,1,56,38,7
3813342,0,877,0,40,3,4,2,1,40,54,7
3823610,0,877,0,40,3,2,2,1,26,43,7
3824424,0,877,0,40,3,1,2,1,27,39,7
3763113,0,877,0,40,2,17,2,1,94,23,7
3825953,0,877,0,40,3,1,2,1,24,57,7
3826245,0,877,0,40,2,1,2,1,24,20,7
3802793,0,877,0,40,3,4,2,1,32,32,7
3801294,0,877,0,40,3,5,2,1,45,33,7
3826812,0,877,0,40,3,1,2,1,21,24,7
3826960,0,877,0,40,2,1,2,1,21,53,7
3817409,0,877,0,40,2,3,2,1,38,54,7
3820807,0,877,0,40,2,3,2,1,33,60,7
3827913,0,877,0,40,3,1,2,1,20,15,7
3799626,0,877,0,40,3,8,2,1,37,18,7
3828181,0,877,0,40,2,1,2,1,19,55,7
3814187,0,877,0,40,2,4,2,1,36,23,7
3819576,0,877,0,40,3,2,2,1,33,31,7
3816841,0,877,0,40,2,4,2,1,31,38,7
3825060,0,877,0,40,3,2,2,1,22,21,7
3828930,0,877,0,40,2,1,2,1,18,49,7
3811778,0,877,0,40,2,6,2,1,49,88,7
3823164,0,877,0,40,2,4,2,1,21,48,7
3827511,0,877,0,40,2,1,2,1,17,42,7
3821816,0,877,0,40,2,2,2,1,28,35,7
3809713,0,877,0,40,3,7,2,1,50,52,7
3814022,0,877,0,40,2,2,2,1,55,56,7
3805984,0,877,0,40,2,5,2,1,41,61,7
3829590,0,877,0,40,3,1,2,1,16,91,7
3829638,0,877,0,40,2,1,2,1,16,28,7
3816502,0,877,0,40,2,5,2,1,29,77,7
3823143,0,877,0,40,3,2,2,1,27,33,7
3829847,0,877,0,40,2,1,2,1,15,32,7
3830005,0,877,0,40,3,1,2,1,15,20,7
3806323,0,877,0,40,3,1,2,1,52,31,7
3801159,0,877,0,40,2,3,2,1,39,61,7
3824379,0,877,0,40,3,1,2,1,29,31,7
3811064,0,877,0,40,3,3,2,1,60,41,7
3809097,0,877,0,40,2,5,2,1,59,46,7
3825742,0,877,0,40,2,1,2,1,26,40,7
3804208,0,877,0,40,2,4,2,1,41,37,7
3826784,0,877,0,40,2,1,2,1,24,39,7
3821085,0,877,0,40,3,2,2,1,27,19,7
3815228,0,877,0,40,3,3,2,1,45,31,7
3799210,0,877,0,40,3,5,2,1,57,30,7
3817064,0,877,0,40,2,4,2,1,34,47,7
3817532,0,877,0,40,3,4,2,1,33,59,7
3823859,0,877,0,40,2,2,2,1,24,44,7
3827866,0,877,0,40,2,1,2,1,20,45,7
3828545,0,877,0,40,3,1,2,1,20,51,7
3816683,0,877,0,40,2,4,2,1,34,40,7
3824064,0,877,0,40,2,2,2,1,25,92,7
3817359,0,877,0,40,2,4,2,1,33,82,7
3828614,0,877,0,40,2,1,2,1,19,24,7
3804459,0,877,0,40,2,4,2,1,28,57,7
3814046,0,877,0,40,3,5,2,1,41,37,7
3819453,0,877,0,40,3,3,2,1,30,32,7
3808639,0,877,0,40,3,5,2,1,60,38,7
3817553,0,877,0,40,3,4,2,1,33,42,7
3806149,0,877,0,40,2,2,2,1,25,32,7
3828650,0,877,0,40,3,2,2,1,17,31,7
3821573,0,877,0,40,2,2,2,1,21,34,7
3826702,0,877,0,40,2,2,2,1,17,23,7
3805303,0,877,0,40,2,4,2,1,48,24,7
3811046,0,877,0,40,3,6,2,1,41,33,7
3810283,0,877,0,40,3,6,2,1,57,47,7
3826658,0,877,0,40,3,2,2,1,21,39,7
3830564,0,877,0,40,3,1,2,1,15,19,7
3820290,0,877,0,40,2,2,2,1,35,43,7
3825056,0,877,0,40,3,1,2,1,28,38,7
3791961,0,877,0,40,3,6,2,1,62,98,7
3807409,0,877,0,40,3,3,2,1,40,48,7
3804721,0,877,0,40,3,1,2,1,31,45,7
3821164,0,877,0,40,2,3,2,1,33,35,7
3827418,0,877,0,40,3,1,2,1,23,32,7
3822500,0,877,0,40,2,3,2,1,31,34,7
3823245,0,877,0,40,2,2,2,1,23,54,7
3817790,0,877,0,40,3,3,2,1,39,24,7
3806720,0,877,0,40,3,2,2,1,36,47,7
3828548,0,877,0,40,3,1,2,1,20,38,7
3804706,0,877,0,40,2,4,2,1,34,39,7
3818239,0,877,0,40,3,3,2,1,32,39,7
3818012,0,877,0,40,3,5,2,1,31,32,7
3828667,0,877,0,40,2,1,2,1,19,86,7
3807428,0,877,0,40,3,2,2,1,43,68,7
3818543,0,877,0,40,2,6,2,1,33,81,7
3821195,0,877,0,40,3,2,2,1,29,63,7
3824990,0,877,0,40,3,2,2,1,21,54,7
3804854,0,877,0,40,2,9,2,1,50,36,7
3818668,0,877,0,40,2,2,2,1,40,17,7
3802653,0,877,0,40,2,7,2,1,57,24,7
3705064,1,877,575,40,3,21,2,1,166,13,7
3801996,0,877,0,40,2,6,2,1,35,18,7
3803658,0,877,0,40,3,5,2,1,52,18,7
3824973,0,877,0,40,2,3,2,1,22,51,7
3799055,0,877,0,40,3,7,2,1,61,88,7
3830126,0,877,0,40,3,1,2,1,16,23,7
3830546,0,877,0,40,2,1,2,1,16,32,7
3806931,0,877,0,40,3,4,2,1,32,46,7
3823668,0,877,0,40,3,4,2,1,24,44,7
3800975,0,877,0,40,2,4,2,1,40,49,7
3819036,0,877,0,40,2,5,2,1,31,66,7
3831099,0,877,0,40,3,1,2,1,15,56,7
3831183,0,877,0,40,2,1,2,1,15,30,7
3814289,0,877,0,40,3,3,2,1,50,22,7
3822006,0,877,0,40,2,2,2,1,32,33,7
3799922,0,877,0,40,2,3,2,1,41,29,7
3810792,0,877,0,40,2,8,2,1,39,61,7
3799834,0,877,0,40,3,7,2,1,59,31,7
3818927,0,877,0,40,3,3,2,1,40,36,7
3812766,0,877,0,40,2,4,2,1,55,45,7
3819753,0,877,0,40,2,2,2,1,37,40,7
3828234,0,877,0,40,3,1,2,1,20,42,7
3823247,0,877,0,40,2,2,2,1,22,32,7
3804910,0,877,0,40,3,5,2,1,53,26,7
3829624,0,877,0,40,3,1,2,1,19,42,7
3813518,0,877,0,40,3,6,2,1,41,60,7
3830123,0,877,0,40,2,1,2,1,18,54,7
3829813,0,877,0,40,2,1,2,1,17,38,7
3775236,0,877,0,40,2,7,2,1,82,38,7
3817456,0,877,0,40,3,5,2,1,33,44,7
3806891,0,877,0,40,3,9,2,1,60,68,7
3820816,0,877,0,40,2,4,2,1,22,54,7
3830480,0,877,0,40,3,1,2,1,16,34,7
3805364,0,877,0,40,2,4,2,1,39,43,7
3825673,0,877,0,40,3,2,2,1,20,31,7
3818846,0,877,0,40,2,4,2,1,28,43,7
3820072,0,877,0,40,2,3,2,1,32,36,7
3816926,0,877,0,40,3,7,2,1,31,72,7
3831384,0,877,0,40,2,1,2,1,15,114,7
3820540,0,877,0,40,3,2,2,1,36,43,7
3820667,0,877,0,40,2,3,2,1,32,42,7
3819471,0,877,0,40,3,2,2,1,37,104,7
3784700,0,877,0,40,3,13,2,1,71,37,7
3804812,0,877,0,40,2,2,2,1,28,32,7
3826755,0,877,0,40,3,2,2,1,22,58,7
3828007,0,877,0,40,3,2,2,1,22,28,7
3825242,0,877,0,40,2,2,2,1,17,64,7
3765067,0,877,0,40,3,15,2,1,74,51,7
3822811,0,877,0,40,2,3,2,1,21,77,7
3815756,0,877,0,40,3,4,2,1,43,28,7
3815315,0,877,0,40,2,4,2,1,41,27,7
3813929,0,877,0,40,2,4,2,1,42,50,7
3817481,0,877,0,40,2,3,2,1,39,58,7
3831670,0,877,0,40,3,1,2,1,17,38,7
3827085,0,877,0,40,2,2,2,1,26,75,7
3830959,0,877,0,40,3,0,2,1,14,24,7
3830994,0,877,0,40,3,0,2,1,14,70,7
3831611,0,877,0,40,3,0,2,1,14,60,7
3831627,0,877,0,40,2,0,2,1,14,34,7
3831851,0,877,0,40,2,0,2,1,14,65,7
3832080,0,877,0,40,3,0,2,1,14,58,7
3832112,0,877,0,40,2,0,2,1,14,58,7
3832184,0,877,0,40,3,0,2,1,14,51,7
3832224,0,877,0,40,3,0,2,1,14,52,7
3832240,0,877,0,40,2,0,2,1,14,42,7
3832272,0,877,0,40,3,0,2,1,14,18,7
3832336,0,877,0,40,3,0,2,1,14,38,7
3832463,0,877,0,40,2,0,2,1,14,70,7
3832491,0,877,0,40,3,0,2,1,14,65,7
3832503,0,877,0,40,2,0,2,1,14,49,7
3832531,0,877,0,40,3,0,2,1,14,46,7
3832591,0,877,0,40,3,0,2,1,14,26,7
3832603,0,877,0,40,2,0,2,1,14,31,7
3832655,0,877,0,40,2,0,2,1,14,42,7
3832691,0,877,0,40,2,0,2,1,14,67,7
3832799,0,877,0,40,3,0,2,1,14,40,7
3832839,0,877,0,40,2,0,2,1,14,23,7
3832913,0,877,0,40,2,0,2,1,14,34,7
3832945,0,877,0,40,2,0,2,1,14,62,7
3832957,0,877,0,40,3,0,2,1,14,46,7
3832959,0,877,0,40,3,0,2,1,14,40,7
3832971,0,877,0,40,3,0,2,1,14,25,7
3832985,0,877,0,40,3,0,2,1,14,23,7
3833001,0,877,0,40,3,0,2,1,14,32,7
3833003,0,877,0,40,3,0,2,1,14,47,7
3833041,0,877,0,40,3,0,2,1,14,71,7
3833055,0,877,0,40,3,0,2,1,14,64,7
3833079,0,877,0,40,2,0,2,1,14,76,7
3833093,0,877,0,40,2,0,2,1,14,41,7
3833101,0,877,0,40,2,0,2,1,14,24,7
3833113,0,877,0,40,2,0,2,1,14,22,7
3833135,0,877,0,40,3,0,2,1,14,63,7
3833151,0,877,0,40,3,0,2,1,14,34,7
3833181,0,877,0,40,3,0,2,1,14,78,7
3833211,0,877,0,40,3,0,2,1,14,61,7
3833231,0,877,0,40,2,0,2,1,14,47,7
3833233,0,877,0,40,3,0,2,1,14,47,7
3833249,0,877,0,40,2,0,2,1,14,22,7
3833277,0,877,0,40,3,0,2,1,14,31,7
3833297,0,877,0,40,3,0,2,1,14,63,7
3833301,0,877,0,40,2,0,2,1,14,31,7
3833309,0,877,0,40,3,0,2,1,14,57,7
3833311,0,877,0,40,2,0,2,1,14,35,7
3833331,0,877,0,40,2,0,2,1,14,45,7
3833345,0,877,0,40,2,0,2,1,14,55,7
3833347,0,877,0,40,2,0,2,1,14,46,7
3833353,0,877,0,40,3,0,2,1,14,34,7
3833365,0,877,0,40,3,0,2,1,14,50,7
3833367,0,877,0,40,2,0,2,1,14,64,7
3833377,0,877,0,40,2,0,2,1,14,53,7
3793251,0,877,0,40,3,5,2,1,32,87,7
3803767,0,877,0,40,2,1,2,1,23,69,7
3805744,0,877,0,40,3,0,2,1,16,58,7
3805549,0,877,0,40,3,2,2,1,38,33,7
3807392,0,877,0,40,3,0,2,1,14,42,7
3808317,0,877,0,40,3,0,2,1,15,30,7
3814290,0,877,0,40,3,3,2,1,44,33,7
3814703,0,877,0,40,2,5,2,1,36,12,7
3819679,0,877,0,40,2,3,2,1,26,63,7
3826765,0,877,0,40,2,1,2,1,16,33,7
3823031,0,877,0,40,3,2,2,1,16,37,7
3817470,0,877,0,40,3,2,2,1,35,37,7
3815961,0,877,0,40,3,4,2,1,35,26,7
3807501,0,877,0,40,3,10,2,1,56,42,7
3804408,0,877,0,40,2,8,2,1,42,56,7
3809644,0,877,0,40,3,6,2,1,51,13,7
3818299,0,877,0,40,2,2,2,1,38,52,7
3821233,0,877,0,40,2,2,2,1,29,14,7
3820140,0,877,0,40,3,4,2,1,26,75,7
3815186,0,877,0,40,2,4,2,1,40,35,7
3815176,0,877,0,40,2,4,2,1,32,60,7
3816024,0,877,0,40,3,3,2,1,38,45,7
3824397,0,877,0,40,3,2,2,1,20,62,7
3806592,0,877,0,40,2,10,2,1,57,63,7
3822587,0,877,0,40,2,3,2,1,26,41,7
3826555,0,877,0,40,3,2,2,1,17,30,7
3822900,0,877,0,40,2,2,2,1,21,35,7
3828482,0,877,0,40,2,1,2,1,14,19,7
3816134,0,877,0,40,2,2,2,1,41,20,7
3805490,0,877,0,40,2,1,2,1,29,58,7
3824922,0,877,0,40,3,1,2,1,22,33,7
3802685,0,877,0,40,2,3,2,1,38,72,7
3821433,0,877,0,40,3,2,2,1,28,86,7
3822402,0,877,0,40,3,3,2,1,27,51,7
3813276,0,877,0,40,3,4,2,1,40,46,7
3815684,0,877,0,40,2,2,2,1,43,57,7
3814608,0,877,0,40,3,5,2,1,38,43,7
3790308,0,877,0,40,3,13,2,1,67,22,7
3806874,0,877,0,40,2,2,2,1,27,28,7
3806553,0,877,0,40,2,3,2,1,34,48,7
3824450,0,877,0,40,3,2,2,1,19,33,7
3829145,0,877,0,40,2,1,2,1,15,40,7
3829363,0,877,0,40,2,1,2,1,15,50,7
3817193,0,877,0,40,2,5,2,1,22,56,7
3810970,0,877,0,40,3,7,2,1,47,64,7
3820952,0,877,0,40,2,3,2,1,30,60,7
3829722,0,877,0,40,3,1,2,1,14,33,7
3821369,0,877,0,40,3,1,2,1,32,46,7
3805906,0,877,0,40,3,3,2,1,40,61,7
3809106,0,877,0,40,2,5,2,1,62,52,7
3825125,0,877,0,40,3,1,2,1,25,43,7
3825882,0,877,0,40,2,1,2,1,24,26,7
3796824,0,877,0,40,2,6,2,1,46,35,7
3826237,0,877,0,40,3,1,2,1,23,63,7
3811839,0,877,0,40,3,5,2,1,48,21,7
3818714,0,877,0,40,3,3,2,1,33,91,7
3827101,0,877,0,40,3,1,2,1,21,31,7
3799637,0,877,0,40,2,5,2,1,60,53,7
3815350,0,877,0,40,2,5,2,1,32,38,7
3817377,0,877,0,40,3,3,2,1,24,29,7
3814888,0,877,0,40,3,3,2,1,40,26,7
3795690,0,877,0,40,2,9,2,1,67,55,7
3810935,0,877,0,40,3,7,2,1,43,56,7
3824585,0,877,0,40,2,2,2,1,18,18,7
3805967,0,877,0,40,2,5,2,1,48,59,7
3825323,0,877,0,40,2,2,2,1,20,44,7
3813733,0,877,0,40,3,4,2,1,37,31,7
3821608,0,877,0,40,2,3,2,1,29,21,7
3806642,0,877,0,40,3,4,2,1,37,56,7
3818092,0,877,0,40,2,3,2,1,31,56,7
3825071,0,877,0,40,2,2,2,1,18,24,7
3829544,0,877,0,40,3,1,2,1,15,44,7
3798275,0,877,0,40,3,7,2,1,32,31,7
3806019,0,877,0,40,3,4,2,1,37,40,7
3826928,0,877,0,40,3,2,2,1,15,52,7
3820077,0,877,0,40,2,4,2,1,25,37,7
3829955,0,877,0,40,3,1,2,1,14,60,7
3830303,0,877,0,40,2,1,2,1,14,35,7
3830445,0,877,0,40,2,1,2,1,14,48,7
3817428,0,877,0,40,2,3,2,1,38,54,7
3816321,0,877,0,40,3,3,2,1,37,34,7
3806700,0,877,0,40,3,2,2,1,31,37,7
3811292,0,877,0,40,2,6,2,1,41,63,7
3812701,0,877,0,40,2,6,2,1,42,64,7
3822257,0,877,0,40,2,1,2,1,25,47,7
3813608,0,877,0,40,2,3,2,1,44,83,7
3804980,0,877,0,40,3,3,2,1,29,57,7
3819456,0,877,0,40,2,3,2,1,30,43,7
3824517,0,877,0,40,3,2,2,1,22,78,7
3796764,0,877,0,40,3,7,2,1,54,55,7
3826940,0,877,0,40,2,1,2,1,21,51,7
3812218,0,877,0,40,3,7,2,1,39,43,7
3804327,0,877,0,40,2,4,2,1,44,81,7
3828489,0,877,0,40,3,1,2,1,19,52,7
3823953,0,877,0,40,3,2,2,1,22,49,7
3807525,0,877,0,40,3,4,2,1,31,33,7
3828904,0,877,0,40,2,1,2,1,18,34,7
3814545,0,877,0,40,3,6,2,1,39,50,7
3823973,0,877,0,40,2,2,2,1,19,42,7
3824565,0,877,0,40,2,2,2,1,25,30,7
3817380,0,877,0,40,3,4,2,1,29,67,7
3820056,0,877,0,40,3,4,2,1,27,75,7
3804802,0,877,0,40,2,4,2,1,30,19,7
3822824,0,877,0,40,2,2,2,1,28,45,7
3818320,0,877,0,40,2,6,2,1,27,25,7
3823924,0,877,0,40,3,4,2,1,22,66,7
3828398,0,877,0,40,2,1,2,1,16,34,7
3821270,0,877,0,40,3,4,2,1,20,25,7
3822404,0,877,0,40,3,3,2,1,21,19,7
3819547,0,877,0,40,2,2,2,1,36,52,7
3805535,0,877,0,40,2,11,2,1,48,49,7
3823506,0,877,0,40,3,2,2,1,19,67,7
3816719,0,877,0,40,3,4,2,1,37,23,7
3801230,0,877,0,40,2,5,2,1,27,41,7
3809770,0,877,0,40,2,7,2,1,43,74,7
3825327,0,877,0,40,3,4,2,1,21,26,7
3830856,0,877,0,40,2,1,2,1,14,46,7
3820078,0,877,0,40,2,2,2,1,36,18,7
3820133,0,877,0,40,2,3,2,1,35,84,7
3751005,0,877,0,40,2,16,2,1,117,46,7
3803374,0,877,0,40,2,3,2,1,46,44,7
3812684,0,877,0,40,2,6,2,1,48,49,7
3826739,0,877,0,40,3,1,2,1,23,24,7
3816891,0,877,0,40,2,3,2,1,40,53,7
3816302,0,877,0,40,3,5,2,1,35,31,7
3819915,0,877,0,40,3,3,2,1,25,52,7
3804757,0,877,0,40,2,5,2,1,41,63,7
3819074,0,877,0,40,3,3,2,1,35,47,7
3817374,0,877,0,40,2,4,2,1,38,14,7
3824386,0,877,0,40,2,2,2,1,25,61,7
3828084,0,877,0,40,2,1,2,1,19,38,7
3805122,0,877,0,40,3,7,2,1,46,40,7
3802298,0,877,0,40,3,7,2,1,51,35,7
3825437,0,877,0,40,3,2,2,1,23,78,7
3826030,0,877,0,40,3,2,2,1,20,17,7
3828538,0,877,0,40,2,1,2,1,18,38,7
3829333,0,877,0,40,3,1,2,1,18,37,7
3820880,0,877,0,40,2,2,2,1,31,25,7
3812402,0,877,0,40,3,5,2,1,45,32,7
3810284,0,877,0,40,2,6,2,1,52,34,7
3817867,0,877,0,40,3,5,2,1,29,57,7
3805507,0,877,0,40,2,1,2,1,17,24,7
3808473,0,877,0,40,3,1,2,1,19,43,7
3803358,0,877,0,40,2,5,2,1,28,51,7
3821946,0,877,0,40,2,2,2,1,27,76,7
3826027,0,877,0,40,2,2,2,1,20,50,7
3807269,0,877,0,40,3,6,2,1,43,35,7
3829699,0,877,0,40,3,1,2,1,16,22,7
3830467,0,877,0,40,3,1,2,1,16,86,7
3823899,0,877,0,40,2,2,2,1,19,75,7
3806900,0,877,0,40,2,2,2,1,29,25,7
3826709,0,877,0,40,3,2,2,1,18,38,7
3817362,0,877,0,40,2,5,2,1,34,68,7
3830672,0,877,0,40,2,1,2,1,15,36,7
3830942,0,877,0,40,3,1,2,1,15,24,7
3826442,0,877,0,40,2,2,2,1,17,32,7
3827065,0,877,0,40,2,3,2,1,16,57,7
3814934,0,877,0,40,2,4,2,1,40,34,7
3822100,0,877,0,40,2,3,2,1,27,20,7
3816585,0,877,0,40,3,3,2,1,45,46,7
3806413,0,877,0,40,2,5,2,1,36,53,7
3831257,0,877,0,40,2,1,2,1,14,46,7
3831391,0,877,0,40,2,1,2,1,14,24,7
3823897,0,877,0,40,3,2,2,1,28,64,7
3826108,0,877,0,40,2,1,2,1,25,62,7
3826358,0,877,0,40,2,1,2,1,25,21,7
3816812,0,877,0,40,2,2,2,1,44,42,7
3825727,0,877,0,40,3,1,2,1,23,36,7
3803782,0,877,0,40,2,7,2,1,38,45,7
3823458,0,877,0,40,3,3,2,1,26,27,7
3808623,0,877,0,40,3,7,2,1,69,24,7
3827521,0,877,0,40,3,1,2,1,22,49,7
3759288,0,877,0,40,3,13,2,1,81,32,7
3828560,0,877,0,40,3,1,2,1,20,56,7
3824886,0,877,0,40,3,2,2,1,25,38,7
3811067,0,877,0,40,2,5,2,1,55,48,7
3821302,0,877,0,40,2,3,2,1,30,20,7
3823746,0,877,0,40,2,3,2,1,27,47,7
3803425,0,877,0,40,3,4,2,1,29,25,7
3818336,0,877,0,40,2,3,2,1,37,52,7
3828590,0,877,0,40,3,1,2,1,17,29,7
3813772,0,877,0,40,2,7,2,1,37,15,7
3810158,0,877,0,40,2,9,2,1,45,52,7
3830034,0,877,0,40,2,1,2,1,16,55,7
3806729,0,877,0,40,2,1,2,1,25,46,7
3822656,0,877,0,40,2,3,2,1,25,44,7
3816188,0,877,0,40,3,6,2,1,33,27,7
3828411,0,877,0,40,3,2,2,1,16,23,7
3827149,0,877,0,40,2,2,2,1,21,25,7
3808298,0,877,0,40,3,8,2,1,64,13,7
3829761,0,877,0,40,2,1,2,1,15,61,7
3826964,0,877,0,40,3,2,2,1,16,43,7
3827373,0,877,0,40,2,2,2,1,18,46,7
3812134,0,877,0,40,2,5,2,1,41,88,7
3811362,0,877,0,40,3,6,2,1,53,52,7
3824280,0,877,0,40,3,3,2,1,23,65,7
3806831,0,877,0,40,3,1,2,1,25,47,7
3817220,0,877,0,40,3,2,2,1,46,34,7
3816002,0,877,0,40,3,3,2,1,36,35,7
3811817,0,877,0,40,2,6,2,1,48,39,7
3827793,0,877,0,40,3,1,2,1,23,52,7
3814052,0,877,0,40,3,5,2,1,46,37,7
3822908,0,877,0,40,3,2,2,1,27,20,7
3826969,0,877,0,40,3,2,2,1,20,42,7
3819317,0,877,0,40,3,3,2,1,34,52,7
3821777,0,877,0,40,3,2,2,1,30,51,7
3820393,0,877,0,40,3,5,2,1,28,30,7
3811313,0,877,0,40,3,8,2,1,43,26,7
3798037,0,877,0,40,3,8,2,1,57,40,7
3829200,0,877,0,40,3,1,2,1,18,65,7
3810366,0,877,0,40,2,6,2,1,57,55,7
3819700,0,877,0,40,2,3,2,1,36,79,7
3815428,0,877,0,40,3,6,2,1,36,20,7
3815312,0,877,0,40,3,3,2,1,41,28,7
3827236,0,877,0,40,2,2,2,1,17,22,7
3794978,0,877,0,40,2,8,2,1,68,49,7
3814651,0,877,0,40,2,4,2,1,41,34,7
3801525,0,877,0,40,3,5,2,1,40,46,7
3824301,0,877,0,40,3,3,2,1,21,29,7
3830947,0,877,0,40,3,1,2,1,15,40,7
3809681,0,877,0,40,2,5,2,1,66,23,7
3817069,0,877,0,40,3,5,2,1,35,52,7
3830287,0,877,0,40,3,2,2,1,15,10,7
3828758,0,877,0,40,3,2,2,1,19,40,7
3827111,0,877,0,40,2,4,2,1,20,59,7
3823515,0,877,0,40,3,3,2,1,29,45,7
3826131,0,877,0,40,3,3,2,1,27,14,7
3832377,0,877,0,40,3,1,2,1,14,26,7
3825933,0,877,0,40,3,1,2,1,28,48,7
3807836,0,877,0,40,2,6,2,1,31,53,7
3805108,0,877,0,40,2,5,2,1,35,66,7
3821039,0,877,0,40,2,3,2,1,26,39,7
3824938,0,877,0,40,3,2,2,1,25,33,7
3803559,0,877,0,40,2,3,2,1,39,37,7
3807529,0,877,0,40,2,3,2,1,30,63,7
3807150,0,877,0,40,2,8,2,1,80,28,7
3821082,0,877,0,40,3,5,2,1,25,27,7
3821983,0,877,0,40,3,4,2,1,26,49,7
3831844,0,877,0,40,3,1,2,1,16,35,7
3830663,0,877,0,40,2,1,2,1,15,44,7
3832179,0,877,0,40,2,1,2,1,15,47,7
3824774,0,877,0,40,2,3,2,1,21,92,7
3811122,0,877,0,40,2,6,2,1,46,57,7
3828009,0,877,0,40,3,3,2,1,19,36,7
3823616,0,877,0,40,2,3,2,1,28,25,7
3830693,0,877,0,40,2,1,2,1,18,61,7
3806702,0,877,0,40,3,6,2,1,35,79,7
3820248,0,877,0,40,3,3,2,1,34,23,7
3831735,0,877,0,40,2,1,2,1,15,105,7
3831539,0,877,0,40,3,0,2,1,13,34,7
3831571,0,877,0,40,3,0,2,1,13,38,7
3831956,0,877,0,40,3,0,2,1,13,49,7
3832060,0,877,0,40,2,0,2,1,13,74,7
3832076,0,877,0,40,2,0,2,1,13,21,7
3832204,0,877,0,40,2,0,2,1,13,56,7
3832396,0,877,0,40,3,0,2,1,13,69,7
3832425,0,877,0,40,3,0,2,1,13,21,7
3832513,0,877,0,40,3,0,2,1,13,22,7
3832689,0,877,0,40,2,0,2,1,13,42,7
3832785,0,877,0,40,3,0,2,1,13,29,7
3832889,0,877,0,40,2,0,2,1,13,43,7
3832902,0,877,0,40,2,0,2,1,13,59,7
3832946,0,877,0,40,3,0,2,1,13,24,7
3832970,0,877,0,40,2,0,2,1,13,33,7
3833054,0,877,0,40,2,0,2,1,13,56,7
3833062,0,877,0,40,3,0,2,1,13,44,7
3833086,0,877,0,40,3,0,2,1,13,64,7
3833098,0,877,0,40,3,0,2,1,13,29,7
3833122,0,877,0,40,3,0,2,1,13,75,7
3833162,0,877,0,40,2,0,2,1,13,69,7
3833178,0,877,0,40,2,0,2,1,13,48,7
3833254,0,877,0,40,2,0,2,1,13,80,7
3833258,0,877,0,40,2,0,2,1,13,28,7
3833298,0,877,0,40,2,0,2,1,13,48,7
3833326,0,877,0,40,2,0,2,1,13,40,7
3833346,0,877,0,40,3,0,2,1,13,60,7
3833378,0,877,0,40,2,0,2,1,13,35,7
3833382,0,877,0,40,2,0,2,1,13,29,7
3833414,0,877,0,40,3,0,2,1,13,50,7
3833422,0,877,0,40,2,0,2,1,13,25,7
3833428,0,877,0,40,3,0,2,1,13,54,7
3833436,0,877,0,40,3,0,2,1,13,42,7
3833448,0,877,0,40,2,0,2,1,13,39,7
3833456,0,877,0,40,3,0,2,1,13,32,7
3833466,0,877,0,40,2,0,2,1,13,39,7
3833486,0,877,0,40,3,0,2,1,13,35,7
3833490,0,877,0,40,2,0,2,1,13,29,7
3833496,0,877,0,40,2,0,2,1,13,23,7
3833516,0,877,0,40,3,0,2,1,13,98,7
3833526,0,877,0,40,3,0,2,1,13,49,7
3833586,0,877,0,40,3,0,2,1,13,17,7
3833588,0,877,0,40,3,0,2,1,13,45,7
3833600,0,877,0,40,3,0,2,1,13,64,7
3833604,0,877,0,40,3,0,2,1,13,62,7
3833608,0,877,0,40,2,0,2,1,13,50,7
3833610,0,877,0,40,2,0,2,1,13,44,7
3833620,0,877,0,40,2,0,2,1,13,45,7
3833634,0,877,0,40,3,0,2,1,13,30,7
3833640,0,877,0,40,2,0,2,1,13,55,7
3833642,0,877,0,40,3,0,2,1,13,35,7
3833650,0,877,0,40,2,0,2,1,13,83,7
3833666,0,877,0,40,2,0,2,1,13,47,7
3833684,0,877,0,40,3,0,2,1,13,38,7
3833702,0,877,0,40,2,0,2,1,13,21,7
3833712,0,877,0,40,3,0,2,1,13,32,7
3833718,0,877,0,40,2,0,2,1,13,59,7
3833732,0,877,0,40,3,0,2,1,13,26,7
3833740,0,877,0,40,2,0,2,1,13,41,7
3833744,0,877,0,40,2,0,2,1,13,40,7
3833756,0,877,0,40,2,0,2,1,13,61,7
3833774,0,877,0,40,2,0,2,1,13,40,7
3833788,0,877,0,40,3,0,2,1,13,26,7
3833806,0,877,0,40,3,0,2,1,13,75,7
3833810,0,877,0,40,2,0,2,1,13,29,7
3833836,0,877,0,40,2,0,2,1,13,87,7
3833872,0,877,0,40,2,0,2,1,13,35,7
3833890,0,877,0,40,2,0,2,1,13,50,7
3833908,0,877,0,40,2,0,2,1,13,24,7
3799860,0,877,0,40,2,0,2,1,21,35,7
3796455,0,877,0,40,3,3,2,1,32,58,7
3803123,0,877,0,40,3,0,2,1,13,47,7
3803811,0,877,0,40,3,4,2,1,32,20,7
3807460,0,877,0,40,3,0,2,1,17,69,7
3807516,0,877,0,40,2,2,2,1,22,29,7
3821181,0,877,0,40,3,1,2,1,25,44,7
3820051,0,877,0,40,3,3,2,1,19,57,7
3816565,0,877,0,40,3,4,2,1,37,43,7
3813823,0,877,0,40,2,4,2,1,41,39,7
3785863,0,877,0,40,2,11,2,1,50,26,7
3821949,0,877,0,40,3,4,2,1,22,16,7
3804829,0,877,0,40,2,5,2,1,36,22,7
3818326,0,877,0,40,2,3,2,1,30,25,7
3811810,0,877,0,40,2,4,2,1,49,51,7
3825217,0,877,0,40,3,1,2,1,22,27,7
3816787,0,877,0,40,3,5,2,1,28,39,7
3818195,0,877,0,40,3,3,2,1,34,50,7
3823843,0,877,0,40,2,2,2,1,19,92,7
3828101,0,877,0,40,2,1,2,1,16,16,7
3827507,0,877,0,40,3,1,2,1,15,35,7
3811321,0,877,0,40,3,7,2,1,46,17,7
3819710,0,877,0,40,3,2,2,1,35,37,7
3800349,0,877,0,40,3,7,2,1,50,65,7
3818150,0,877,0,40,2,2,2,1,38,55,7
3805856,0,877,0,40,3,4,2,1,35,68,7
3817935,0,877,0,40,3,2,2,1,28,99,7
3809155,0,877,0,40,2,6,2,1,55,34,7
3815020,0,877,0,40,2,3,2,1,42,49,7
3822949,0,877,0,40,3,2,2,1,18,21,7
3823845,0,877,0,40,3,2,2,1,16,45,7
3740070,0,877,0,40,2,22,2,1,124,58,7
3822385,0,877,0,40,3,2,2,1,22,42,7
3815440,0,877,0,40,3,4,2,1,32,38,7
3820490,0,877,0,40,2,3,2,1,24,61,7
3805936,0,877,0,40,3,1,2,1,13,36,7
3812659,0,877,0,40,2,4,2,1,49,37,7
3823173,0,877,0,40,2,1,2,1,28,18,7
3813805,0,877,0,40,2,4,2,1,37,42,7
3802405,0,877,0,40,2,4,2,1,44,49,7
3797971,0,877,0,40,2,5,2,1,55,32,7
3821279,0,877,0,40,3,2,2,1,30,32,7
3802807,0,877,0,40,3,3,2,1,35,50,7
3800701,0,877,0,40,3,6,2,1,50,38,7
3826888,0,877,0,40,2,1,2,1,19,34,7
3825277,0,877,0,40,3,2,2,1,19,59,7
3822630,0,877,0,40,3,3,2,1,24,45,7
3820102,0,877,0,40,3,4,2,1,21,38,7
3807348,0,877,0,40,2,2,2,1,41,25,7
3828616,0,877,0,40,3,1,2,1,16,23,7
3821171,0,877,0,40,3,3,2,1,22,38,7
3814259,0,877,0,40,2,6,2,1,36,53,7
3829067,0,877,0,40,2,1,2,1,15,61,7
3821274,0,877,0,40,3,3,2,1,23,66,7
3826791,0,877,0,40,2,2,2,1,16,23,7
3801735,0,877,0,40,3,6,2,1,43,23,7
3801725,0,877,0,40,2,4,2,1,21,55,7
3805553,0,877,0,40,3,2,2,1,46,25,7
3813507,0,877,0,40,3,2,2,1,53,25,7
3811766,0,877,0,40,3,6,2,1,53,29,7
3817393,0,877,0,40,2,2,2,1,36,38,7
3819953,0,877,0,40,2,2,2,1,30,26,7
3825639,0,877,0,40,2,1,2,1,21,29,7
3822381,0,877,0,40,2,2,2,1,26,61,7
3827476,0,877,0,40,2,1,2,1,20,12,7
3802511,0,877,0,40,3,2,2,1,34,43,7
3814498,0,877,0,40,3,4,2,1,33,37,7
3822359,0,877,0,40,3,2,2,1,24,26,7
3827790,0,877,0,40,3,1,2,1,18,33,7
3828133,0,877,0,40,3,1,2,1,18,48,7
3797553,0,877,0,40,2,13,2,1,79,54,7
3822236,0,877,0,40,3,3,2,1,22,33,7
3823694,0,877,0,40,3,3,2,1,24,53,7
3816569,0,877,0,40,2,5,2,1,34,55,7
3804951,0,877,0,40,2,2,2,1,23,45,7
3808402,0,877,0,40,3,2,2,1,24,24,7
3821390,0,877,0,40,2,3,2,1,24,20,7
3800566,0,877,0,40,2,4,2,1,26,113,7
3829329,0,877,0,40,3,1,2,1,16,12,7
3808128,0,877,0,40,2,7,2,1,55,18,7
3814349,0,877,0,40,3,5,2,1,39,40,7
3806128,0,877,0,40,3,2,2,1,19,30,7
3828864,0,877,0,40,3,2,2,1,16,46,7
3828801,0,877,0,40,2,1,2,1,15,49,7
3822264,0,877,0,40,3,2,2,1,26,119,7
3809621,0,877,0,40,2,5,2,1,57,21,7
3812136,0,877,0,40,3,6,2,1,43,40,7
3805543,0,877,0,40,2,4,2,1,33,48,7
3826994,0,877,0,40,2,2,2,1,16,49,7
3816379,0,877,0,40,2,6,2,1,34,44,7
3829843,0,877,0,40,3,1,2,1,14,36,7
3820152,0,877,0,40,2,3,2,1,25,19,7
3826441,0,877,0,40,2,2,2,1,16,55,7
3806033,0,877,0,40,3,5,2,1,30,64,7
3810321,0,877,0,40,2,3,2,1,66,45,7
3829124,0,877,0,40,2,1,2,1,13,12,7
3802194,0,877,0,40,3,1,2,1,13,20,7
3791851,0,877,0,40,2,6,2,1,65,48,7
3822471,0,877,0,40,2,2,2,1,30,30,7
3798785,0,877,0,40,3,4,2,1,56,42,7
3823890,0,877,0,40,3,2,2,1,27,42,7
3809020,0,877,0,40,2,8,2,1,46,26,7
3805861,0,877,0,40,2,1,2,1,26,18,7
3804914,0,877,0,40,2,3,2,1,31,38,7
3804163,0,877,0,40,2,4,2,1,37,79,7
3810928,0,877,0,40,2,6,2,1,53,29,7
3814702,0,877,0,40,2,5,2,1,37,35,7
3820168,0,877,0,40,3,2,2,1,33,40,7
3816656,0,877,0,40,3,4,2,1,34,55,7
3810328,0,877,0,40,2,6,2,1,59,72,7
3817185,0,877,0,40,3,4,2,1,33,72,7
3818902,0,877,0,40,2,3,2,1,32,55,7
3828655,0,877,0,40,3,1,2,1,17,34,7
3828835,0,877,0,40,2,1,2,1,17,49,7
3829355,0,877,0,40,2,1,2,1,17,81,7
3813067,0,877,0,40,2,4,2,1,38,31,7
3825857,0,877,0,40,3,2,2,1,19,32,7
3814276,0,877,0,40,2,4,2,1,47,54,7
3828785,0,877,0,40,2,1,2,1,16,72,7
3829604,0,877,0,40,3,1,2,1,16,79,7
3818531,0,877,0,40,2,4,2,1,28,23,7
3817392,0,877,0,40,3,4,2,1,34,49,7
3820958,0,877,0,40,3,3,2,1,26,71,7
3823163,0,877,0,40,3,3,2,1,22,18,7
3795602,0,877,0,40,3,8,2,1,72,34,7
3803647,0,877,0,40,2,6,2,1,30,46,7
3806551,0,877,0,40,2,3,2,1,28,6,7
3830686,0,877,0,40,3,1,2,1,14,79,7
3830786,0,877,0,40,3,1,2,1,14,48,7
3823287,0,877,0,40,3,2,2,1,17,32,7
3811420,0,877,0,40,2,5,2,1,44,47,7
3804148,0,877,0,40,2,5,2,1,40,49,7
3818183,0,877,0,40,2,4,2,1,26,48,7
3804983,0,877,0,40,3,7,2,1,53,61,7
3812212,0,877,0,40,2,5,2,1,44,41,7
3826183,0,877,0,40,3,2,2,1,22,31,7
3810993,0,877,0,40,3,7,2,1,44,14,7
3830248,0,877,0,40,2,1,2,1,13,26,7
3831241,0,877,0,40,3,1,2,1,13,54,7
3809503,0,877,0,40,3,4,2,1,56,13,7
3823475,0,877,0,40,2,1,2,1,30,15,7
3806710,0,877,0,40,2,2,2,1,35,36,7
3816020,0,877,0,40,2,3,2,1,44,65,7
3826197,0,877,0,40,2,1,2,1,25,31,7
3805752,0,877,0,40,2,2,2,1,34,30,7
3820624,0,877,0,40,3,2,2,1,28,36,7
3816367,0,877,0,40,2,5,2,1,43,24,7
3817353,0,877,0,40,3,2,2,1,38,56,7
3801974,0,877,0,40,2,3,2,1,33,63,7
3813920,0,877,0,40,2,5,2,1,43,88,7
3813209,0,877,0,40,3,5,2,1,38,40,7
3796149,0,877,0,40,3,8,2,1,87,49,7
3805687,0,877,0,40,2,4,2,1,34,19,7
3818335,0,877,0,40,3,4,2,1,34,37,7
3828603,0,877,0,40,2,1,2,1,20,27,7
3823277,0,877,0,40,3,2,2,1,24,71,7
3822209,0,877,0,40,2,2,2,1,23,35,7
3802662,0,877,0,40,3,4,2,1,39,41,7
3826520,0,877,0,40,2,2,2,1,22,67,7
3822433,0,877,0,40,3,2,2,1,22,46,7
3804079,0,877,0,40,2,3,2,1,32,15,7
3724617,0,877,0,40,2,20,2,1,122,83,7
3824981,0,877,0,40,2,2,2,1,22,68,7
3803516,0,877,0,40,2,11,2,1,40,38,7
3830106,0,877,0,40,3,1,2,1,15,21,7
3830610,0,877,0,40,2,1,2,1,15,77,7
3830740,0,877,0,40,3,1,2,1,15,43,7
3805551,0,877,0,40,3,1,2,1,15,8,7
3820180,0,877,0,40,3,4,2,1,25,42,7
3808517,0,877,0,40,2,7,2,1,50,55,7
3809808,0,877,0,40,3,4,2,1,61,34,7
3815619,0,877,0,40,2,4,2,1,39,27,7
3825290,0,877,0,40,2,2,2,1,19,54,7
3827443,0,877,0,40,2,2,2,1,16,43,7
3814509,0,877,0,40,2,4,2,1,48,22,7
3829881,0,877,0,40,2,1,2,1,14,58,7
3831243,0,877,0,40,2,1,2,1,14,60,7
3831423,0,877,0,40,3,1,2,1,14,50,7
3805067,0,877,0,40,2,6,2,1,24,46,7
3823415,0,877,0,40,3,3,2,1,18,81,7
3818787,0,877,0,40,2,3,2,1,37,79,7
3803089,0,877,0,40,2,4,2,1,37,32,7
3818304,0,877,0,40,2,3,2,1,37,30,7
3798187,0,877,0,40,3,9,2,1,59,37,7
3830148,0,877,0,40,3,1,2,1,13,43,7
3831044,0,877,0,40,2,1,2,1,13,24,7
3831488,0,877,0,40,3,1,2,1,13,64,7
3815434,0,877,0,40,3,3,2,1,46,51,7
3722107,0,877,0,40,2,14,2,1,158,45,7
3818534,0,877,0,40,3,3,2,1,38,46,7
3824582,0,877,0,40,2,1,2,1,27,43,7
3799226,0,877,0,40,2,4,2,1,54,45,7
3824092,0,877,0,40,3,2,2,1,28,42,7
3817799,0,877,0,40,2,4,2,1,35,26,7
3796155,0,877,0,40,3,6,2,1,70,31,7
3815429,0,877,0,40,2,4,2,1,39,44,7
3822885,0,877,0,40,2,2,2,1,31,59,7
3817506,0,877,0,40,2,5,2,1,38,33,7
3813933,0,877,0,40,3,5,2,1,37,46,7
3808015,0,877,0,40,3,10,2,1,55,52,7
3821850,0,877,0,40,2,3,2,1,25,47,7
3765946,0,877,0,40,2,11,2,1,97,34,7
3818314,0,877,0,40,3,4,2,1,32,29,7
3824817,0,877,0,40,3,2,2,1,23,62,7
3822934,0,877,0,40,2,3,2,1,22,19,7
3827023,0,877,0,40,2,2,2,1,20,30,7
3824050,0,877,0,40,3,2,2,1,23,77,7
3823448,0,877,0,40,3,3,2,1,24,46,7
3818713,0,877,0,40,2,5,2,1,30,34,7
3830293,0,877,0,40,3,1,2,1,17,23,7
3819918,0,877,0,40,2,3,2,1,30,41,7
3822849,0,877,0,40,2,3,2,1,25,53,7
3816775,0,877,0,40,2,5,2,1,34,52,7
3804102,0,877,0,40,2,3,2,1,31,38,7
3817879,0,877,0,40,2,2,2,1,41,19,7
3822383,0,877,0,40,3,3,2,1,31,65,7
3830904,0,877,0,40,2,1,2,1,16,29,7
3780663,0,877,0,40,3,9,2,1,79,75,7
3824188,0,877,0,40,3,2,2,1,23,21,7
3811106,0,877,0,40,3,6,2,1,53,41,7
3806865,0,877,0,40,2,4,2,1,77,43,7
3801340,0,877,0,40,2,5,2,1,31,33,7
3825841,0,877,0,40,2,2,2,1,23,53,7
3820606,0,877,0,40,3,5,2,1,24,61,7
3805550,0,877,0,40,2,4,2,1,51,27,7
3812389,0,877,0,40,3,6,2,1,46,71,7
3821012,0,877,0,40,3,3,2,1,25,21,7
3816472,0,877,0,40,3,6,2,1,33,77,7
3802188,0,877,0,40,3,5,2,1,46,52,7
3827900,0,877,0,40,2,2,2,1,16,51,7
3813807,0,877,0,40,2,7,2,1,29,44,7
3823791,0,877,0,40,3,3,2,1,24,50,7
3814377,0,877,0,40,3,4,2,1,54,44,7
3811211,0,877,0,40,2,5,2,1,51,29,7
3829050,0,877,0,40,2,2,2,1,15,39,7
3831505,0,877,0,40,3,1,2,1,13,34,7
3817668,0,877,0,40,2,1,2,1,49,57,7
3823120,0,877,0,40,3,1,2,1,34,34,7
3827660,0,877,0,40,2,1,2,1,24,25,7
3812115,0,877,0,40,3,7,2,1,44,29,7
3807977,0,877,0,40,2,7,2,1,67,59,7
3803736,0,877,0,40,3,7,2,1,44,36,7
3827475,0,877,0,40,3,1,2,1,22,20,7
3801494,0,877,0,40,3,5,2,1,44,34,7
3829668,0,877,0,40,3,1,2,1,19,80,7
3805422,0,877,0,40,3,1,2,1,21,37,7
3819532,0,877,0,40,2,4,2,1,32,43,7
3811619,0,877,0,40,3,4,2,1,49,40,7
3829368,0,877,0,40,3,1,2,1,18,89,7
3818288,0,877,0,40,2,5,2,1,30,69,7
3824058,0,877,0,40,3,2,2,1,27,20,7
3829400,0,877,0,40,2,1,2,1,17,28,7
3803459,0,877,0,40,3,3,2,1,39,37,7
3829247,0,877,0,40,3,2,2,1,18,54,7
3831211,0,877,0,40,3,1,2,1,16,56,7
3831297,0,877,0,40,3,1,2,1,16,63,7
3818330,0,877,0,40,2,5,2,1,36,50,7
3813724,0,877,0,40,3,5,2,1,44,57,7
3808994,0,877,0,40,2,4,2,1,66,23,7
3827340,0,877,0,40,2,3,2,1,19,40,7
3820024,0,877,0,40,2,5,2,1,22,32,7
3828600,0,877,0,40,2,2,2,1,15,30,7
3822016,0,877,0,40,3,3,2,1,27,23,7
3810008,0,877,0,40,3,8,2,1,52,40,7
3800495,0,877,0,40,2,6,2,1,44,38,7
3831593,0,877,0,40,2,1,2,1,14,45,7
3832021,0,877,0,40,3,1,2,1,14,24,7
3832165,0,877,0,40,3,1,2,1,14,57,7
3832333,0,877,0,40,3,1,2,1,14,20,7
3825180,0,877,0,40,2,2,2,1,23,45,7
3829465,0,877,0,40,2,2,2,1,18,90,7
3819663,0,877,0,40,3,4,2,1,27,32,7
3832218,0,877,0,40,2,1,2,1,13,57,7
3832708,0,877,0,40,2,1,2,1,13,43,7
3800782,0,877,0,40,2,4,2,1,58,75,7
3826350,0,877,0,40,2,1,2,1,23,47,7
3819768,0,877,0,40,3,2,2,1,39,46,7
3819427,0,877,0,40,3,4,2,1,31,29,7
3805311,0,877,0,40,2,2,2,1,43,52,7
3814272,0,877,0,40,2,5,2,1,49,33,7
3829432,0,877,0,40,2,1,2,1,18,50,7
3823928,0,877,0,40,3,3,2,1,18,30,7
3823549,0,877,0,40,2,3,2,1,22,86,7
3828743,0,877,0,40,2,2,2,1,19,55,7
3803601,0,877,0,40,2,5,2,1,40,35,7
3832411,0,877,0,40,2,1,2,1,15,49,7
3831479,0,877,0,40,2,1,2,1,14,43,7
3804112,0,877,0,40,2,3,2,1,25,35,7
3803361,0,877,0,40,2,5,2,1,24,20,7
3830448,0,877,0,40,2,2,2,1,17,69,7
3831835,0,877,0,40,3,1,2,1,13,33,7
3814733,0,877,0,40,2,5,2,1,37,44,7
3829342,0,877,0,40,3,1,2,1,21,45,7
3827979,0,877,0,40,2,2,2,1,20,41,7
3829092,0,877,0,40,2,1,2,1,19,28,7
3816182,0,877,0,40,2,5,2,1,32,55,7
3823842,0,877,0,40,2,3,2,1,27,64,7
3831100,0,877,0,40,3,1,2,1,17,52,7
3831566,0,877,0,40,2,1,2,1,17,39,7
3807907,0,877,0,40,2,6,2,1,79,23,7
3817013,0,877,0,40,2,5,2,1,34,22,7
3833070,0,877,0,40,2,1,2,1,13,46,7
3831090,0,877,0,40,2,0,2,1,12,84,7
3831587,0,877,0,40,2,0,2,1,12,64,7
3832292,0,877,0,40,2,0,2,1,12,35,7
3832356,0,877,0,40,2,0,2,1,12,86,7
3832685,0,877,0,40,2,0,2,1,12,18,7
3832781,0,877,0,40,3,0,2,1,12,23,7
3832829,0,877,0,40,3,0,2,1,12,38,7
3832928,0,877,0,40,2,0,2,1,12,28,7
3833064,0,877,0,40,3,0,2,1,12,30,7
3833112,0,877,0,40,2,0,2,1,12,40,7
3833136,0,877,0,40,2,0,2,1,12,23,7
3833208,0,877,0,40,2,0,2,1,12,11,7
3833216,0,877,0,40,3,0,2,1,12,23,7
3833296,0,877,0,40,2,0,2,1,12,32,7
3833304,0,877,0,40,2,0,2,1,12,37,7
3833320,0,877,0,40,2,0,2,1,12,61,7
3833425,0,877,0,40,2,0,2,1,12,36,7
3833441,0,877,0,40,2,0,2,1,12,45,7
3833473,0,877,0,40,2,0,2,1,12,36,7
3833481,0,877,0,40,3,0,2,1,12,22,7
3833513,0,877,0,40,2,0,2,1,12,63,7
3833521,0,877,0,40,2,0,2,1,12,21,7
3833525,0,877,0,40,2,0,2,1,12,36,7
3833529,0,877,0,40,2,0,2,1,12,11,7
3833537,0,877,0,40,3,0,2,1,12,39,7
3833549,0,877,0,40,3,0,2,1,12,44,7
3833557,0,877,0,40,2,0,2,1,12,106,7
3833561,0,877,0,40,2,0,2,1,12,13,7
3833605,0,877,0,40,2,0,2,1,12,20,7
3833609,0,877,0,40,3,0,2,1,12,27,7
3833641,0,877,0,40,3,0,2,1,12,28,7
3833681,0,877,0,40,2,0,2,1,12,35,7
3833705,0,877,0,40,3,0,2,1,12,49,7
3833717,0,877,0,40,3,0,2,1,12,37,7
3833777,0,877,0,40,2,0,2,1,12,109,7
3833793,0,877,0,40,2,0,2,1,12,59,7
3833813,0,877,0,40,2,0,2,1,12,36,7
3833845,0,877,0,40,2,0,2,1,12,64,7
3833889,0,877,0,40,2,0,2,1,12,45,7
3833893,0,877,0,40,3,0,2,1,12,51,7
3833919,0,877,0,40,3,0,2,1,12,42,7
3833927,0,877,0,40,3,0,2,1,12,23,7
3833935,0,877,0,40,3,0,2,1,12,58,7
3833943,0,877,0,40,3,0,2,1,12,43,7
3833945,0,877,0,40,3,0,2,1,12,69,7
3833963,0,877,0,40,3,0,2,1,12,26,7
3833981,0,877,0,40,2,0,2,1,12,61,7
3833987,0,877,0,40,3,0,2,1,12,33,7
3833991,0,877,0,40,2,0,2,1,12,20,7
3833993,0,877,0,40,2,0,2,1,12,34,7
3834029,0,877,0,40,2,0,2,1,12,57,7
3834043,0,877,0,40,3,0,2,1,12,37,7
3834051,0,877,0,40,2,0,2,1,12,40,7
3834055,0,877,0,40,2,0,2,1,12,49,7
3834065,0,877,0,40,3,0,2,1,12,72,7
3834075,0,877,0,40,3,0,2,1,12,41,7
3834091,0,877,0,40,3,0,2,1,12,66,7
3834099,0,877,0,40,2,0,2,1,12,40,7
3834123,0,877,0,40,2,0,2,1,12,54,7
3834143,0,877,0,40,3,0,2,1,12,23,7
3834147,0,877,0,40,3,0,2,1,12,42,7
3834173,0,877,0,40,3,0,2,1,12,96,7
3834197,0,877,0,40,3,0,2,1,12,89,7
3834205,0,877,0,40,3,0,2,1,12,35,7
3834213,0,877,0,40,3,0,2,1,12,21,7
3834217,0,877,0,40,2,0,2,1,12,25,7
3834231,0,877,0,40,2,0,2,1,12,61,7
3834241,0,877,0,40,2,0,2,1,12,22,7
3834271,0,877,0,40,3,0,2,1,12,9,7
3834299,0,877,0,40,2,0,2,1,12,31,7
3834305,0,877,0,40,2,0,2,1,12,34,7
3834315,0,877,0,40,2,0,2,1,12,22,7
3834343,0,877,0,40,2,0,2,1,12,56,7
3834349,0,877,0,40,3,0,2,1,12,50,7
3834351,0,877,0,40,2,0,2,1,12,49,7
3834363,0,877,0,40,3,0,2,1,12,21,7
3834385,0,877,0,40,3,0,2,1,12,71,7
3834405,0,877,0,40,2,0,2,1,12,24,7
3803632,0,877,0,40,2,1,2,1,15,51,7
3804604,0,877,0,40,2,1,2,1,15,76,7
3803956,0,877,0,40,2,3,2,1,20,67,7
3807600,0,877,0,40,2,0,2,1,13,44,7
3808105,0,877,0,40,2,0,2,1,14,76,7
3806267,0,877,0,40,3,2,2,1,25,28,7
3818179,0,877,0,40,3,3,2,1,31,71,7
3815363,0,877,0,40,3,5,2,1,25,77,7
3753266,0,877,0,40,3,17,2,1,110,95,7
3826159,0,877,0,40,2,1,2,1,19,29,7
3814059,0,877,0,40,3,3,2,1,46,37,7
3827477,0,877,0,40,3,1,2,1,15,47,7
3811218,0,877,0,40,2,7,2,1,40,47,7
3829255,0,877,0,40,3,1,2,1,12,28,7
3802609,0,877,0,40,3,5,2,1,56,77,7
3813498,0,877,0,40,2,3,2,1,46,28,7
3808556,0,877,0,40,3,8,2,1,44,18,7
3804256,0,877,0,40,2,4,2,1,27,39,7
3806362,0,877,0,40,3,3,2,1,22,61,7
3828982,0,877,0,40,3,1,2,1,14,23,7
3812983,0,877,0,40,2,4,2,1,47,42,7
3733830,1,877,553,40,3,26,2,1,134,32,7
3814235,0,877,0,40,2,4,2,1,38,34,7
3806435,0,877,0,40,3,3,2,1,28,121,7
3809907,0,877,0,40,3,4,2,1,65,74,7
3807167,0,877,0,40,3,2,2,1,31,40,7
3819837,0,877,0,40,2,2,2,1,31,56,7
3814432,0,877,0,40,3,3,2,1,48,9,7
3817774,0,877,0,40,3,3,2,1,32,29,7
3809403,0,877,0,40,2,7,2,1,44,62,7
3805312,0,877,0,40,3,5,2,1,32,17,7
3822554,0,877,0,40,3,3,2,1,21,72,7
3823190,0,877,0,40,3,3,2,1,18,45,7
3816388,0,877,0,40,3,3,2,1,26,21,7
3812416,0,877,0,40,2,5,2,1,39,17,7
3821003,0,877,0,40,3,3,2,1,19,51,7
3809281,0,877,0,40,2,7,2,1,41,34,7
3820360,0,877,0,40,3,2,2,1,27,21,7
3829428,0,877,0,40,3,1,2,1,12,39,7
3829827,0,877,0,40,2,1,2,1,12,39,7
3808328,0,877,0,40,3,1,2,1,12,41,7
3811403,0,877,0,40,2,5,2,1,50,40,7
3818608,0,877,0,40,3,2,2,1,35,41,7
3826364,0,877,0,40,2,1,2,1,21,72,7
3820338,0,877,0,40,3,3,2,1,23,48,7
3818540,0,877,0,40,3,3,2,1,40,54,7
3793125,0,877,0,40,3,8,2,1,58,57,7
3821564,0,877,0,40,3,3,2,1,26,30,7
3813713,0,877,0,40,3,6,2,1,30,52,7
3807946,0,877,0,40,2,4,2,1,28,16,7
3828324,0,877,0,40,2,1,2,1,16,78,7
3821174,0,877,0,40,2,2,2,1,28,39,7
3818467,0,877,0,40,3,5,2,1,28,45,7
3828402,0,877,0,40,3,1,2,1,15,103,7
3817988,0,877,0,40,3,5,2,1,30,51,7
3828909,0,877,0,40,2,1,2,1,14,24,7
3820519,0,877,0,40,2,3,2,1,22,22,7
3826070,0,877,0,40,3,2,2,1,14,24,7
3823848,0,877,0,40,3,2,2,1,24,65,7
3823583,0,877,0,40,2,2,2,1,26,53,7
3829376,0,877,0,40,2,1,2,1,13,29,7
3814503,0,877,0,40,2,2,2,1,49,56,7
3825041,0,877,0,40,2,2,2,1,20,36,7
3825286,0,877,0,40,3,2,2,1,17,83,7
3827227,0,877,0,40,3,2,2,1,15,51,7
3823635,0,877,0,40,2,3,2,1,17,51,7
3829725,0,877,0,40,2,1,2,1,12,44,7
3830278,0,877,0,40,3,1,2,1,12,20,7
3817343,0,877,0,40,3,1,2,1,45,43,7
3811155,0,877,0,40,2,5,2,1,56,26,7
3824069,0,877,0,40,3,1,2,1,27,42,7
3807454,0,877,0,40,3,5,2,1,76,40,7
3823184,0,877,0,40,3,2,2,1,27,54,7
3811487,0,877,0,40,3,4,2,1,53,24,7
3808900,0,877,0,40,2,2,2,1,24,67,7
3810743,0,877,0,40,3,5,2,1,44,52,7
3817989,0,877,0,40,2,3,2,1,33,27,7
3823782,0,877,0,40,3,2,2,1,23,41,7
3798122,0,877,0,40,2,4,2,1,57,31,7
3812065,0,877,0,40,2,6,2,1,51,73,7
3822104,0,877,0,40,3,2,2,1,26,55,7
3823500,1,877,862,38.574,2,3,2,1,23,30,7
3805649,0,877,0,40,3,1,2,1,18,39,7
3824496,0,877,0,40,3,3,2,1,22,54,7
3806607,0,877,0,40,3,2,2,1,32,40,7
3818731,0,877,0,40,3,5,2,1,22,66,7
3828683,0,877,0,40,2,1,2,1,16,47,7
3826032,0,877,0,40,2,2,2,1,16,29,7
3819023,0,877,0,40,3,4,2,1,26,55,7
3823349,0,877,0,40,2,3,2,1,24,51,7
3805433,0,877,0,40,3,3,2,1,30,32,7
3820424,0,877,0,40,3,3,2,1,30,60,7
3818997,0,877,0,40,3,4,2,1,25,37,7
3816352,0,877,0,40,2,7,2,1,24,38,7
3785397,0,877,0,40,3,8,2,1,50,34,7
3817540,0,877,0,40,2,5,2,1,30,52,7
3811574,0,877,0,40,3,5,2,1,50,44,7
3810454,0,877,0,40,3,7,2,1,50,59,7
3829108,0,877,0,40,3,1,2,1,13,40,7
3830924,0,877,0,40,3,1,2,1,13,80,7
3808312,0,877,0,40,3,10,2,1,46,43,7
3805809,0,877,0,40,3,3,2,1,24,27,7
3828591,0,877,0,40,2,2,2,1,13,65,7
3806065,0,877,0,40,3,4,2,1,29,31,7
3827735,0,877,0,40,3,2,2,1,16,74,7
3830789,0,877,0,40,3,1,2,1,12,64,7
3816906,0,877,0,40,2,3,2,1,36,28,7
3823331,0,877,0,40,3,1,2,1,29,46,7
3825055,0,877,0,40,3,1,2,1,27,33,7
3824290,0,877,0,40,2,1,2,1,26,50,7
3779437,0,877,0,40,2,6,2,1,91,45,7
3810383,0,877,0,40,2,4,2,1,58,34,7
3742004,0,877,0,40,2,17,2,1,100,40,7
3806000,0,877,0,40,2,2,2,1,42,27,7
3818859,0,877,0,40,3,3,2,1,33,39,7
3791466,0,877,0,40,3,7,2,1,69,40,7
3822413,0,877,0,40,2,2,2,1,28,37,7
3803870,0,877,0,40,2,3,2,1,27,47,7
3810208,0,877,0,40,2,7,2,1,50,57,7
3820471,0,877,0,40,3,3,2,1,25,54,7
3820930,0,877,0,40,2,2,2,1,29,95,7
3810780,0,877,0,40,3,6,2,1,37,39,7
3805091,0,877,0,40,3,3,2,1,29,53,7
3796249,0,877,0,40,2,8,2,1,40,35,7
3827667,0,877,0,40,2,1,2,1,19,59,7
3828373,0,877,0,40,2,1,2,1,19,39,7
3806081,0,877,0,40,2,4,2,1,23,28,7
3828786,0,877,0,40,2,1,2,1,18,34,7
3828874,0,877,0,40,2,1,2,1,18,27,7
3823427,0,877,0,40,2,2,2,1,24,38,7
3781685,2,877,0,40,2,8,2,1,47,36,7
3816236,0,877,0,40,2,4,2,1,40,73,7
3829162,0,877,0,40,3,1,2,1,16,32,7
3803251,0,877,0,40,2,3,2,1,36,19,7
3822474,0,877,0,40,3,3,2,1,24,25,7
3820892,0,877,0,40,3,4,2,1,28,62,7
3804826,0,877,0,40,3,6,2,1,47,85,7
3817550,0,877,0,40,3,5,2,1,27,148,7
3827150,0,877,0,40,2,2,2,1,16,68,7
3824659,0,877,0,40,3,2,2,1,24,34,7
3820968,0,877,0,40,2,3,2,1,31,51,7
3829707,0,877,0,40,2,1,2,1,15,65,7
3820139,0,877,0,40,3,4,2,1,24,23,7
3809840,0,877,0,40,3,6,2,1,57,75,7
3820834,0,877,0,40,3,3,2,1,21,11,7
3824268,0,877,0,40,3,2,2,1,24,20,7
3815944,0,877,0,40,2,4,2,1,32,56,7
3814965,0,877,0,40,2,3,2,1,39,46,7
3811700,0,877,0,40,3,8,2,1,43,31,7
3819251,0,877,0,40,3,3,2,1,33,33,7
3813903,0,877,0,40,3,5,2,1,42,39,7
3828964,0,877,0,40,2,2,2,1,15,50,7
3809463,0,877,0,40,2,5,2,1,61,33,7
3829577,0,877,0,40,3,1,2,1,13,73,7
3830869,0,877,0,40,3,1,2,1,13,51,7
3830941,0,877,0,40,3,1,2,1,13,42,7
3831397,0,877,0,40,3,1,2,1,13,37,7
3803682,0,877,0,40,3,1,2,1,16,20,7
3818059,0,877,0,40,3,5,2,1,23,41,7
3812340,0,877,0,40,3,6,2,1,50,53,7
3763883,0,877,0,40,3,9,2,1,79,25,7
3803719,0,877,0,40,3,3,2,1,37,19,7
3814873,0,877,0,40,2,8,2,1,31,52,7
3830899,0,877,0,40,2,1,2,1,12,69,7
3831112,0,877,0,40,2,1,2,1,12,39,7
3807198,0,877,0,40,3,3,2,1,58,93,7
3785465,0,877,0,40,3,11,2,1,94,54,7
3821143,0,877,0,40,2,2,2,1,34,36,7
3824707,0,877,0,40,2,1,2,1,28,31,7
3822616,0,877,0,40,2,2,2,1,30,29,7
3791860,0,877,0,40,3,4,2,1,68,72,7
3825900,0,877,0,40,3,1,2,1,26,38,7
3816451,0,877,0,40,2,3,2,1,37,45,7
3810657,0,877,0,40,3,8,2,1,54,46,7
3820842,0,877,0,40,3,3,2,1,28,17,7
3823917,0,877,0,40,3,2,2,1,26,53,7
3796732,0,877,0,40,2,7,2,1,68,54,7
3815939,0,877,0,40,2,4,2,1,38,62,7
3827954,0,877,0,40,2,1,2,1,20,45,7
3828281,0,877,0,40,3,1,2,1,20,36,7
3804473,0,877,0,40,2,1,2,1,23,12,7
3829032,0,877,0,40,2,1,2,1,19,24,7
3820190,0,877,0,40,2,4,2,1,23,63,7
3828615,0,877,0,40,3,1,2,1,18,35,7
3816810,0,877,0,40,2,4,2,1,36,38,7
3828074,0,877,0,40,2,2,2,1,18,52,7
3810221,0,877,0,40,3,6,2,1,59,38,7
3827744,0,877,0,40,3,1,2,1,17,22,7
3829642,0,877,0,40,3,1,2,1,17,30,7
3802945,0,877,0,40,3,6,2,1,58,32,7
3806041,0,877,0,40,2,5,2,1,25,63,7
3822252,0,877,0,40,2,3,2,1,25,14,7
3817246,0,877,0,40,2,4,2,1,35,65,7
3805572,0,877,0,40,2,4,2,1,33,68,7
3802582,0,877,0,40,2,5,2,1,31,92,7
3804184,0,877,0,40,2,2,2,1,20,62,7
3818607,0,877,0,40,2,3,2,1,33,32,7
3813123,0,877,0,40,3,6,2,1,34,34,7
3815464,0,877,0,40,3,4,2,1,37,81,7
3819890,0,877,0,40,2,3,2,1,30,65,7
3823373,0,877,0,40,2,3,2,1,25,46,7
3829332,0,877,0,40,3,1,2,1,15,87,7
3830958,0,877,0,40,3,1,2,1,15,24,7
3821893,0,877,0,40,3,2,2,1,26,50,7
3826000,0,877,0,40,2,2,2,1,18,33,7
3807986,0,877,0,40,2,4,2,1,33,55,7
3819129,0,877,0,40,3,5,2,1,28,27,7
3822785,0,877,0,40,2,3,2,1,26,47,7
3812430,0,877,0,40,3,6,2,1,43,38,7
3819549,0,877,0,40,3,4,2,1,22,45,7
3831385,0,877,0,40,2,1,2,1,14,45,7
3831405,0,877,0,40,3,1,2,1,14,29,7
3827156,0,877,0,40,3,2,2,1,14,45,7
3813863,0,877,0,40,2,3,2,1,45,38,7
3827474,0,877,0,40,2,2,2,1,17,30,7
3794882,0,877,0,40,2,8,2,1,52,34,7
3811334,0,877,0,40,3,5,2,1,51,34,7
3828147,0,877,0,40,2,2,2,1,18,63,7
3818807,0,877,0,40,2,4,2,1,31,37,7
3815804,1,877,862,19.8268,3,4,2,1,42,26,7
3820202,0,877,0,40,3,4,2,1,23,30,7
3822619,0,877,0,40,2,3,2,1,23,17,7
3820160,0,877,0,40,3,3,2,1,31,47,7
3820406,0,877,0,40,2,3,2,1,32,34,7
3825928,0,877,0,40,3,3,2,1,20,44,7
3818146,0,877,0,40,3,3,2,1,37,34,7
3825844,0,877,0,40,2,4,2,1,19,57,7
3716818,0,877,0,40,3,28,2,1,136,46,7
3832159,0,877,0,40,3,1,2,1,12,55,7
3832285,0,877,0,40,3,1,2,1,12,60,7
3812486,0,877,0,40,2,4,2,1,56,37,7
3821094,0,877,0,40,3,2,2,1,34,26,7
3816686,0,877,0,40,3,3,2,1,33,57,7
3823408,0,877,0,40,2,2,2,1,29,21,7
3821902,0,877,0,40,3,2,2,1,27,59,7
3803331,0,877,0,40,2,5,2,1,40,50,7
3820346,0,877,0,40,3,2,2,1,33,43,7
3821444,0,877,0,40,3,4,2,1,29,16,7
3798347,0,877,0,40,2,7,2,1,50,31,7
3826868,0,877,0,40,2,1,2,1,23,16,7
3794554,0,877,0,40,2,10,2,1,73,45,7
3750283,0,877,0,40,2,16,2,1,97,20,7
3828488,0,877,0,40,2,1,2,1,20,29,7
3821939,0,877,0,40,2,3,2,1,26,48,7
3821393,0,877,0,40,3,3,2,1,24,36,7
3824147,0,877,0,40,3,2,2,1,22,43,7
3818532,0,877,0,40,2,5,2,1,30,16,7
3806243,0,877,0,40,2,4,2,1,42,37,7
3829047,0,877,0,40,3,1,2,1,19,72,7
3819015,0,877,0,40,2,6,2,1,34,50,7
3803863,0,877,0,40,2,4,2,1,40,18,7
3821196,0,877,0,40,2,3,2,1,33,52,7
3820149,0,877,0,40,2,4,2,1,29,31,7
3825565,0,877,0,40,2,2,2,1,22,56,7
3810972,0,877,0,40,3,7,2,1,52,35,7
3763774,0,877,0,40,3,12,2,1,71,27,7
3829591,0,877,0,40,2,1,2,1,17,75,7
3829823,0,877,0,40,3,1,2,1,17,40,7
3814011,0,877,0,40,3,5,2,1,37,38,7
3828682,0,877,0,40,3,2,2,1,19,110,7
3829525,0,877,0,40,3,1,2,1,16,9,7
3804761,0,877,0,40,3,1,2,1,19,37,7
3804304,0,877,0,40,2,3,2,1,31,19,7
3808692,0,877,0,40,2,3,2,1,31,35,7
3799188,0,877,0,40,2,8,2,1,63,75,7
3798940,0,877,0,40,3,7,2,1,54,34,7
3830925,0,877,0,40,3,1,2,1,15,34,7
3826747,0,877,0,40,2,2,2,1,17,27,7
3817625,0,877,0,40,3,3,2,1,38,26,7
3808785,0,877,0,40,3,7,2,1,61,45,7
3820595,0,877,0,40,2,3,2,1,34,41,7
3816596,0,877,0,40,3,6,2,1,35,65,7
3831610,0,877,0,40,3,1,2,1,14,57,7
3820630,0,877,0,40,2,4,2,1,21,38,7
3814787,0,877,0,40,3,6,2,1,40,13,7
3815274,0,877,0,40,3,5,2,1,34,63,7
3809374,0,877,0,40,3,6,2,1,55,21,7
3793851,0,877,0,40,3,7,2,1,42,50,7
3808638,0,877,0,40,2,5,2,1,28,78,7
3803440,0,877,0,40,2,6,2,1,35,48,7
3831761,0,877,0,40,3,1,2,1,13,33,7
3826751,0,877,0,40,2,3,2,1,14,25,7
3823995,0,877,0,40,2,2,2,1,21,40,7
3817432,0,877,0,40,2,4,2,1,38,42,7
3811788,0,877,0,40,3,4,2,1,57,69,7
3826010,0,877,0,40,2,2,2,1,21,37,7
3815704,0,877,0,40,2,5,2,1,37,20,7
3819421,0,877,0,40,2,5,2,1,26,29,7
3818180,0,877,0,40,3,3,2,1,42,39,7
3830719,0,877,0,40,3,1,2,1,12,41,7
3823141,0,877,0,40,2,1,2,1,33,21,7
3825768,0,877,0,40,2,1,2,1,28,40,7
3807912,0,877,0,40,2,1,2,1,32,26,7
3817825,0,877,0,40,2,3,2,1,35,42,7
3805351,0,877,0,40,3,1,2,1,26,49,7
3828858,0,877,0,40,2,1,2,1,21,17,7
3810483,0,877,0,40,3,6,2,1,50,30,7
3807756,0,877,0,40,2,2,2,1,30,29,7
3817579,0,877,0,40,3,3,2,1,42,29,7
3823105,0,877,0,40,3,3,2,1,26,55,7
3821317,0,877,0,40,3,3,2,1,28,42,7
3825791,0,877,0,40,3,2,2,1,22,20,7
3828841,0,877,0,40,2,1,2,1,19,60,7
3815501,0,877,0,40,3,5,2,1,36,40,7
3804749,0,877,0,40,2,5,2,1,26,57,7
3829839,0,877,0,40,3,1,2,1,18,20,7
3808012,0,877,0,40,3,5,2,1,66,69,7
3830508,0,877,0,40,2,1,2,1,17,64,7
3830752,0,877,0,40,2,1,2,1,17,10,7
3819314,0,877,0,40,2,3,2,1,35,76,7
3822935,0,877,0,40,2,3,2,1,19,40,7
3805083,0,877,0,40,3,4,2,1,43,99,7
3830060,0,877,0,40,2,1,2,1,16,65,7
3826094,0,877,0,40,3,2,2,1,18,59,7
3797276,0,877,0,40,3,3,2,1,29,78,7
3811646,0,877,0,40,3,4,2,1,49,46,7
3802139,0,877,0,40,3,8,2,1,49,16,7
3786719,1,877,644,40,2,11,2,1,66,86,7
3826907,0,877,0,40,2,2,2,1,14,26,7
3816392,0,877,0,40,3,4,2,1,41,58,7
3814353,0,877,0,40,2,6,2,1,43,7,7
3832298,0,877,0,40,2,1,2,1,13,59,7
3811013,0,877,0,40,3,2,2,1,66,46,7
3813340,0,877,0,40,3,7,2,1,38,65,7
3825637,0,877,0,40,2,2,2,1,21,26,7
3813248,0,877,0,40,2,6,2,1,46,31,7
3803465,0,877,0,40,3,6,2,1,43,53,7
3824720,0,877,0,40,2,1,2,1,30,39,7
3825481,0,877,0,40,2,1,2,1,30,33,7
3826427,0,877,0,40,2,1,2,1,26,42,7
3821571,0,877,0,40,2,3,2,1,31,32,7
3812140,0,877,0,40,2,7,2,1,39,26,7
3805343,0,877,0,40,3,2,2,1,21,46,7
3803155,0,877,0,40,3,2,2,1,23,51,7
3827011,0,877,0,40,2,2,2,1,21,29,7
3826452,0,877,0,40,2,3,2,1,22,26,7
3821824,0,877,0,40,3,2,2,1,34,36,7
3819031,0,877,0,40,3,3,2,1,32,49,7
3812524,0,877,0,40,2,6,2,1,52,24,7
3832250,0,877,0,40,3,1,2,1,14,45,7
3825183,0,877,0,40,3,3,2,1,19,53,7
3813419,0,877,0,40,3,6,2,1,47,10,7
3814162,0,877,0,40,2,7,2,1,43,50,7
3806901,0,877,0,40,2,6,2,1,28,49,7
3832016,0,877,0,40,2,1,2,1,13,22,7
3828670,0,877,0,40,3,2,2,1,17,22,7
3812023,0,877,0,40,3,6,2,1,51,50,7
3802107,0,877,0,40,3,6,2,1,50,48,7
3826502,0,877,0,40,3,2,2,1,26,37,7
3818369,0,877,0,40,3,6,2,1,34,43,7
3829481,0,877,0,40,3,2,2,1,18,24,7
3824666,0,877,0,40,3,3,2,1,19,66,7
3804427,0,877,0,40,2,3,2,1,22,44,7
3814915,0,877,0,40,3,7,2,1,35,33,7
3832244,0,877,0,40,3,0,2,1,11,24,7
3832372,0,877,0,40,3,0,2,1,11,21,7
3832477,0,877,0,40,3,0,2,1,11,49,7
3832837,0,877,0,40,3,0,2,1,11,70,7
3832869,0,877,0,40,3,0,2,1,11,27,7
3832900,0,877,0,40,2,0,2,1,11,40,7
3832964,0,877,0,40,2,0,2,1,11,76,7
3832980,0,877,0,40,2,0,2,1,11,36,7
3833076,0,877,0,40,3,0,2,1,11,53,7
3833236,0,877,0,40,3,0,2,1,11,51,7
3833332,0,877,0,40,3,0,2,1,11,41,7
3833380,0,877,0,40,3,0,2,1,11,43,7
3833495,0,877,0,40,2,0,2,1,11,102,7
3833543,0,877,0,40,3,0,2,1,11,99,7
3833647,0,877,0,40,2,0,2,1,11,32,7
3833671,0,877,0,40,3,0,2,1,11,25,7
3833727,0,877,0,40,3,0,2,1,11,32,7
3833767,0,877,0,40,2,0,2,1,11,30,7
3833871,0,877,0,40,3,0,2,1,11,71,7
3833920,0,877,0,40,3,0,2,1,11,49,7
3833928,0,877,0,40,2,0,2,1,11,43,7
3833952,0,877,0,40,3,0,2,1,11,38,7
3833964,0,877,0,40,3,0,2,1,11,50,7
3833988,0,877,0,40,2,0,2,1,11,25,7
3833996,0,877,0,40,2,0,2,1,11,18,7
3834008,0,877,0,40,2,0,2,1,11,44,7
3834012,0,877,0,40,3,0,2,1,11,35,7
3834016,0,877,0,40,2,0,2,1,11,19,7
3834020,0,877,0,40,2,0,2,1,11,31,7
3834024,0,877,0,40,2,0,2,1,11,40,7
3834028,0,877,0,40,3,0,2,1,11,64,7
3834044,0,877,0,40,2,0,2,1,11,27,7
3834060,0,877,0,40,2,0,2,1,11,86,7
3834072,0,877,0,40,3,0,2,1,11,21,7
3834080,0,877,0,40,3,0,2,1,11,39,7
3834084,0,877,0,40,2,0,2,1,11,48,7
3834124,0,877,0,40,3,0,2,1,11,47,7
3834128,0,877,0,40,3,0,2,1,11,46,7
3834140,0,877,0,40,3,0,2,1,11,29,7
3834172,0,877,0,40,3,0,2,1,11,62,7
3834176,0,877,0,40,3,0,2,1,11,33,7
3834180,0,877,0,40,3,0,2,1,11,42,7
3834184,0,877,0,40,2,0,2,1,11,113,7
3834208,0,877,0,40,2,0,2,1,11,19,7
3834240,0,877,0,40,3,0,2,1,11,55,7
3834296,0,877,0,40,2,0,2,1,11,44,7
3834316,0,877,0,40,3,0,2,1,11,30,7
3834348,0,877,0,40,2,0,2,1,11,16,7
3834380,0,877,0,40,2,0,2,1,11,60,7
3834400,0,877,0,40,3,0,2,1,11,57,7
3834410,0,877,0,40,3,0,2,1,11,37,7
3834418,0,877,0,40,3,0,2,1,11,22,7
3834432,0,877,0,40,2,0,2,1,11,51,7
3834464,0,877,0,40,3,0,2,1,11,58,7
3834470,0,877,0,40,3,0,2,1,11,102,7
3834492,0,877,0,40,3,0,2,1,11,59,7
3834494,0,877,0,40,3,0,2,1,11,12,7
3834504,0,877,0,40,2,0,2,1,11,26,7
3834510,0,877,0,40,3,0,2,1,11,34,7
3834514,0,877,0,40,2,0,2,1,11,76,7
3834526,0,877,0,40,3,0,2,1,11,105,7
3834536,0,877,0,40,3,0,2,1,11,31,7
3834550,0,877,0,40,3,0,2,1,11,67,7
3834558,0,877,0,40,3,0,2,1,11,27,7
3834570,0,877,0,40,3,0,2,1,11,40,7
3834586,0,877,0,40,3,0,2,1,11,108,7
3834594,0,877,0,40,3,0,2,1,11,38,7
3834604,0,877,0,40,2,0,2,1,11,54,7
3834608,0,877,0,40,2,0,2,1,11,52,7
3834616,0,877,0,40,2,0,2,1,11,66,7
3834636,0,877,0,40,3,0,2,1,11,68,7
3834642,0,877,0,40,3,0,2,1,11,46,7
3834656,0,877,0,40,3,0,2,1,11,54,7
3834664,0,877,0,40,3,0,2,1,11,37,7
3834666,0,877,0,40,2,0,2,1,11,25,7
3834668,0,877,0,40,3,0,2,1,11,43,7
3834674,0,877,0,40,2,0,2,1,11,30,7
3834692,0,877,0,40,3,0,2,1,11,95,7
3834696,0,877,0,40,2,0,2,1,11,35,7
3834708,0,877,0,40,3,0,2,1,11,45,7
3834716,0,877,0,40,3,0,2,1,11,107,7
3834742,0,877,0,40,2,0,2,1,11,69,7
3834764,0,877,0,40,3,0,2,1,11,19,7
3834780,0,877,0,40,3,0,2,1,11,42,7
3834792,0,877,0,40,2,0,2,1,11,63,7
3834802,0,877,0,40,2,0,2,1,11,47,7
3834826,0,877,0,40,3,0,2,1,11,43,7
3834830,0,877,0,40,2,0,2,1,11,8,7
3834846,0,877,0,40,3,0,2,1,11,40,7
3834850,0,877,0,40,3,0,2,1,11,39,7
3834852,0,877,0,40,3,0,2,1,11,29,7
3834856,0,877,0,40,2,0,2,1,11,18,7
3834866,0,877,0,40,3,0,2,1,11,66,7
3834876,0,877,0,40,2,0,2,1,11,60,7
3834894,0,877,0,40,2,0,2,1,11,18,7
3834902,0,877,0,40,3,0,2,1,11,56,7
3803784,0,877,0,40,3,0,2,1,11,88,7
3801081,0,877,0,40,3,2,2,1,23,78,7
3770502,0,877,0,40,2,9,2,1,84,7,7
3806479,0,877,0,40,2,0,2,1,17,23,7
3810330,0,877,0,40,3,6,2,1,42,82,7
3824357,0,877,0,40,2,1,2,1,20,62,7
3811060,1,877,832,39.5578,3,4,2,1,45,54,7
3823901,0,877,0,40,3,1,2,1,21,62,7
3819162,0,877,0,40,3,4,2,1,25,46,7
3819272,0,877,0,40,2,3,2,1,29,66,7
3828153,0,877,0,40,2,2,2,1,13,45,7
3811132,0,877,0,40,3,5,2,1,42,67,7
3803903,0,877,0,40,2,6,2,1,58,28,7
3810717,0,877,0,40,2,4,2,1,48,35,7
3811379,0,877,0,40,2,5,2,1,46,38,7
3816441,0,877,0,40,3,5,2,1,23,35,7
3821217,0,877,0,40,2,1,2,1,30,73,7
3804616,0,877,0,40,2,3,2,1,25,50,7
3820157,0,877,0,40,3,3,2,1,22,89,7
3806151,0,877,0,40,2,3,2,1,37,60,7
3826198,0,877,0,40,3,1,2,1,17,26,7
3827397,0,877,0,40,2,1,2,1,16,41,7
3806099,0,877,0,40,3,3,2,1,22,27,7
3824578,0,877,0,40,2,2,2,1,19,44,7
3820790,0,877,0,40,3,3,2,1,20,50,7
3807181,0,877,0,40,3,8,2,1,68,22,7
3825589,0,877,0,40,2,2,2,1,17,42,7
3799689,0,877,0,40,3,6,2,1,36,57,7
3796436,0,877,0,40,2,9,2,1,51,39,7
3830255,0,877,0,40,3,1,2,1,11,50,7
3815771,0,877,0,40,2,3,2,1,42,103,7
3824757,0,877,0,40,3,1,2,1,24,51,7
3825256,0,877,0,40,2,1,2,1,22,26,7
3813864,0,877,0,40,3,4,2,1,42,56,7
3822161,0,877,0,40,3,2,2,1,22,57,7
3804889,0,877,0,40,2,3,2,1,24,44,7
3804471,0,877,0,40,2,2,2,1,33,34,7
3812494,0,877,0,40,2,7,2,1,40,58,7
3826664,0,877,0,40,2,2,2,1,17,49,7
3750576,0,877,0,40,3,16,2,1,131,35,7
3829265,0,877,0,40,2,1,2,1,14,89,7
3806651,0,877,0,40,3,4,2,1,36,46,7
3826089,0,877,0,40,3,2,2,1,16,33,7
3816396,0,877,0,40,3,4,2,1,35,66,7
3830138,0,877,0,40,3,1,2,1,11,69,7
3830298,0,877,0,40,3,1,2,1,11,57,7
3817195,0,877,0,40,3,2,2,1,41,32,7
3820321,0,877,0,40,3,1,2,1,36,39,7
3822917,0,877,0,40,3,1,2,1,30,27,7
3823012,0,877,0,40,2,1,2,1,29,39,7
3823019,0,877,0,40,2,1,2,1,27,56,7
3804901,0,877,0,40,3,4,2,1,37,37,7
3821654,0,877,0,40,3,3,2,1,25,34,7
3819822,0,877,0,40,2,3,2,1,29,7,7
3828584,0,877,0,40,3,1,2,1,16,22,7
3824798,0,877,0,40,2,3,2,1,19,31,7
3810668,0,877,0,40,2,8,2,1,34,66,7
3822539,0,877,0,40,2,3,2,1,24,60,7
3828925,0,877,0,40,3,1,2,1,14,43,7
3797689,0,877,0,40,3,5,2,1,44,30,7
3815986,0,877,0,40,2,4,2,1,32,70,7
3817797,0,877,0,40,3,4,2,1,28,36,7
3825837,0,877,0,40,2,2,2,1,19,82,7
3740303,0,877,0,40,3,17,2,1,110,20,7
3807664,0,877,0,40,3,2,2,1,22,45,7
3812224,0,877,0,40,2,6,2,1,32,33,7
3805957,0,877,0,40,3,3,2,1,32,32,7
3817138,0,877,0,40,2,5,2,1,33,33,7
3829821,0,877,0,40,2,1,2,1,12,17,7
3805990,0,877,0,40,3,4,2,1,26,81,7
3826567,0,877,0,40,3,2,2,1,12,49,7
3817575,0,877,0,40,2,4,2,1,29,19,7
3820879,0,877,0,40,2,4,2,1,24,19,7
3830885,0,877,0,40,3,1,2,1,11,69,7
3831057,0,877,0,40,2,1,2,1,11,16,7
3791921,0,877,0,40,3,9,2,1,73,49,7
3821952,0,877,0,40,3,1,2,1,32,32,7
3813703,0,877,0,40,3,4,2,1,38,39,7
3814142,0,877,0,40,3,4,2,1,49,60,7
3799015,0,877,0,40,3,4,2,1,51,51,7
3803177,0,877,0,40,3,4,2,1,28,56,7
3811095,0,877,0,40,2,7,2,1,43,60,7
3824966,0,877,0,40,3,2,2,1,20,46,7
3826015,0,877,0,40,3,2,2,1,20,28,7
3826894,0,877,0,40,2,1,2,1,18,57,7
3828493,0,877,0,40,3,1,2,1,18,31,7
3818029,0,877,0,40,2,3,2,1,32,82,7
3819927,0,877,0,40,2,3,2,1,27,25,7
3828332,0,877,0,40,3,1,2,1,17,73,7
3808448,0,877,0,40,2,2,2,1,30,97,7
3823886,0,877,0,40,3,3,2,1,23,76,7
3811911,0,877,0,40,3,5,2,1,57,51,7
3818396,0,877,0,40,3,4,2,1,27,97,7
3815603,0,877,0,40,2,4,2,1,40,26,7
3829644,0,877,0,40,2,1,2,1,15,42,7
3807831,0,877,0,40,3,7,2,1,52,63,7
3823545,0,877,0,40,2,2,2,1,19,53,7
3824664,0,877,0,40,3,2,2,1,20,37,7
3798257,0,877,0,40,3,6,2,1,38,57,7
3807483,0,877,0,40,2,9,2,1,45,26,7
3823075,0,877,0,40,3,2,2,1,22,39,7
3824675,0,877,0,40,3,2,2,1,22,38,7
3822816,0,877,0,40,2,4,2,1,20,68,7
3826192,0,877,0,40,2,3,2,1,17,17,7
3830732,0,877,0,40,3,1,2,1,13,29,7
3805084,0,877,0,40,2,3,2,1,28,58,7
3805562,0,877,0,40,3,4,2,1,22,23,7
3806777,0,877,0,40,3,7,2,1,36,90,7
3815934,0,877,0,40,3,5,2,1,29,54,7
3799204,0,877,0,40,2,12,2,1,31,44,7
3829697,0,877,0,40,3,1,2,1,12,25,7
3805598,0,877,0,40,2,5,2,1,23,41,7
3826331,0,877,0,40,2,2,2,1,17,32,7
3791488,0,877,0,40,3,7,2,1,65,34,7
3805580,0,877,0,40,3,4,2,1,32,35,7
3811230,0,877,0,40,2,6,2,1,51,30,7
3831916,0,877,0,40,2,1,2,1,11,79,7
3808646,0,877,0,40,2,1,2,1,14,24,7
3809532,0,877,0,40,2,7,2,1,59,40,7
3820588,0,877,0,40,2,2,2,1,27,17,7
3817342,0,877,0,40,3,4,2,1,26,58,7
3816106,0,877,0,40,2,3,2,1,38,50,7
3824649,0,877,0,40,2,2,2,1,22,77,7
3809278,0,877,0,40,2,6,2,1,60,27,7
3827024,0,877,0,40,2,1,2,1,21,42,7
3821493,0,877,0,40,2,3,2,1,24,39,7
3827449,0,877,0,40,3,1,2,1,20,35,7
3824463,0,877,0,40,3,2,2,1,21,26,7
3819998,0,877,0,40,3,3,2,1,28,42,7
3827074,0,877,0,40,2,1,2,1,19,32,7
3827858,0,877,0,40,3,1,2,1,19,54,7
3822361,0,877,0,40,3,3,2,1,25,51,7
3827483,0,877,0,40,3,2,2,1,18,34,7
3829335,0,877,0,40,2,1,2,1,17,30,7
3819349,0,877,0,40,3,3,2,1,28,17,7
3801487,0,877,0,40,3,5,2,1,45,24,7
3813801,0,877,0,40,3,5,2,1,36,95,7
3817702,0,877,0,40,3,4,2,1,35,33,7
3798284,0,877,0,40,3,10,2,1,51,38,7
3788914,0,877,0,40,2,7,2,1,44,36,7
3825131,0,877,0,40,2,2,2,1,18,47,7
3823711,0,877,0,40,3,3,2,1,19,30,7
3809671,0,877,0,40,3,6,2,1,48,65,7
3821446,0,877,0,40,3,2,2,1,34,107,7
3830011,0,877,0,40,2,1,2,1,15,49,7
3825812,0,877,0,40,2,2,2,1,17,69,7
3823784,0,877,0,40,3,3,2,1,19,58,7
3814387,0,877,0,40,2,5,2,1,42,37,7
3801113,0,877,0,40,3,8,2,1,36,32,7
3823426,0,877,0,40,2,3,2,1,24,25,7
3803778,0,877,0,40,3,6,2,1,45,48,7
3812830,0,877,0,40,3,7,2,1,40,26,7
3821111,0,877,0,40,2,4,2,1,23,58,7
3815670,0,877,0,40,3,4,2,1,41,46,7
3826240,0,877,0,40,3,2,2,1,20,29,7
3826072,0,877,0,40,3,2,2,1,21,10,7
3791742,0,877,0,40,2,11,2,1,57,66,7
3815948,0,877,0,40,3,5,2,1,30,42,7
3830793,0,877,0,40,3,1,2,1,13,51,7
3807893,0,877,0,40,2,1,2,1,13,44,7
3800316,0,877,0,40,2,6,2,1,41,33,7
3820810,0,877,0,40,3,3,2,1,26,39,7
3807414,0,877,0,40,2,8,2,1,71,60,7
3810648,0,877,0,40,2,6,2,1,44,19,7
3821140,0,877,0,40,2,4,2,1,21,26,7
3822620,0,877,0,40,2,3,2,1,18,29,7
3798502,0,877,0,40,2,5,2,1,43,32,7
3823404,0,877,0,40,2,3,2,1,23,29,7
3817345,0,877,0,40,2,5,2,1,35,40,7
3829754,0,877,0,40,3,2,2,1,14,57,7
3831356,0,877,0,40,2,1,2,1,12,44,7
3820778,0,877,0,40,2,5,2,1,21,28,7
3807166,0,877,0,40,2,8,2,1,67,57,7
3809087,0,877,0,40,3,8,2,1,49,23,7
3799892,0,877,0,40,2,4,2,1,51,30,7
3821278,0,877,0,40,2,3,2,1,26,36,7
3825937,0,877,0,40,3,3,2,1,17,42,7
3796789,0,877,0,40,2,10,2,1,58,60,7
3824153,0,877,0,40,3,3,2,1,19,57,7
3815171,0,877,0,40,2,3,2,1,48,22,7
3803912,0,877,0,40,3,8,2,1,35,32,7
3818364,0,877,0,40,2,5,2,1,29,62,7
3832371,0,877,0,40,2,1,2,1,11,35,7
3809398,0,877,0,40,2,7,2,1,54,57,7
3824458,0,877,0,40,2,1,2,1,27,14,7
3822447,0,877,0,40,3,2,2,1,27,63,7
3825797,0,877,0,40,3,1,2,1,25,92,7
3820233,0,877,0,40,3,2,2,1,27,21,7
3810162,0,877,0,40,3,5,2,1,50,50,7
3811183,0,877,0,40,3,5,2,1,37,30,7
3811330,0,877,0,40,2,4,2,1,58,40,7
3827809,0,877,0,40,3,1,2,1,21,12,7
3809992,0,877,0,40,2,5,2,1,60,40,7
3807345,0,877,0,40,3,4,2,1,28,30,7
3817901,0,877,0,40,3,3,2,1,41,44,7
3805509,0,877,0,40,3,2,2,1,30,42,7
3808694,0,877,0,40,2,9,2,1,53,41,7
3819127,0,877,0,40,2,4,2,1,26,57,7
3807103,0,877,0,40,2,4,2,1,40,46,7
3818129,0,877,0,40,3,2,2,1,38,46,7
3826332,0,877,0,40,3,2,2,1,21,45,7
3819269,0,877,0,40,3,3,2,1,26,38,7
3814452,0,877,0,40,3,5,2,1,38,15,7
3825330,0,877,0,40,3,2,2,1,18,39,7
3829262,0,877,0,40,3,1,2,1,17,21,7
3814905,0,877,0,40,2,7,2,1,34,70,7
3807898,0,877,0,40,3,3,2,1,26,29,7
3823368,0,877,0,40,3,3,2,1,20,29,7
3809509,0,877,0,40,3,6,2,1,58,43,7
3814586,0,877,0,40,2,3,2,1,48,37,7
3805002,0,877,0,40,2,3,2,1,25,66,7
3828396,0,877,0,40,2,2,2,1,17,62,7
3830139,0,877,0,40,3,1,2,1,16,24,7
3823126,0,877,0,40,3,3,2,1,24,13,7
3824142,0,877,0,40,3,2,2,1,26,21,7
3803494,0,877,0,40,3,3,2,1,42,42,7
3830572,0,877,0,40,3,1,2,1,15,73,7
3810345,0,877,0,40,3,6,2,1,53,21,7
3826173,0,877,0,40,2,2,2,1,20,30,7
3818564,0,877,0,40,3,3,2,1,35,123,7
3818110,0,877,0,40,2,5,2,1,31,47,7
3813763,0,877,0,40,3,5,2,1,44,81,7
3830184,0,877,0,40,3,1,2,1,14,38,7
3831129,0,877,0,40,2,1,2,1,14,53,7
3831313,0,877,0,40,2,1,2,1,14,73,7
3800784,0,877,0,40,2,4,2,1,47,49,7
3822993,0,877,0,40,2,4,2,1,19,54,7
3808918,0,877,0,40,3,8,2,1,48,28,7
3800757,0,877,0,40,3,5,2,1,36,39,7
3805302,0,877,0,40,3,3,2,1,23,27,7
3829404,0,877,0,40,3,2,2,1,14,85,7
3830080,0,877,0,40,2,1,2,1,13,67,7
3831526,0,877,0,40,2,1,2,1,13,35,7
3831884,0,877,0,40,3,1,2,1,13,31,7
3812606,0,877,0,40,3,5,2,1,43,93,7
3828555,0,877,0,40,2,2,2,1,14,30,7
3812692,0,877,0,40,2,4,2,1,51,129,7
3818965,0,877,0,40,2,4,2,1,28,36,7
3821061,0,877,0,40,2,2,2,1,27,65,7
3805232,0,877,0,40,3,5,2,1,31,56,7
3805678,0,877,0,40,3,7,2,1,35,55,7
3807431,0,877,0,40,2,2,2,1,34,27,7
3832301,0,877,0,40,2,1,2,1,12,39,7
3806159,0,877,0,40,3,1,2,1,14,50,7
3821249,0,877,0,40,2,3,2,1,24,46,7
3821775,0,877,0,40,2,3,2,1,24,34,7
3826921,0,877,0,40,3,2,2,1,16,55,7
3824200,0,877,0,40,2,3,2,1,16,39,7
3820079,0,877,0,40,2,2,2,1,34,39,7
3806201,0,877,0,40,2,2,2,1,14,59,7
3829583,0,877,0,40,2,2,2,1,13,42,7
3800826,0,877,0,40,2,4,2,1,27,14,7
3829563,0,877,0,40,3,2,2,1,15,42,7
3831258,0,877,0,40,2,1,2,1,11,53,7
3832126,0,877,0,40,2,1,2,1,11,60,7
3832182,0,877,0,40,3,1,2,1,11,32,7
3832826,0,877,0,40,2,1,2,1,11,24,7
3813605,0,877,0,40,3,3,2,1,51,38,7
3807242,0,877,0,40,2,2,2,1,39,25,7
3818505,0,877,0,40,2,2,2,1,41,91,7
3816607,0,877,0,40,3,4,2,1,35,54,7
3804075,0,877,0,40,2,1,2,1,27,59,7
3821413,0,877,0,40,2,2,2,1,25,28,7
3826597,0,877,0,40,2,1,2,1,23,41,7
3818930,0,877,0,40,3,3,2,1,30,20,7
3824068,0,877,0,40,3,2,2,1,27,96,7
3827501,0,877,0,40,3,1,2,1,22,49,7
3790620,0,877,0,40,2,10,2,1,62,24,7
3826988,0,877,0,40,2,2,2,1,21,46,7
3818388,0,877,0,40,3,3,2,1,34,32,7
3798970,0,877,0,40,2,5,2,1,61,37,7
3812652,0,877,0,40,2,7,2,1,41,34,7
3819292,0,877,0,40,3,4,2,1,32,38,7
3817067,0,877,0,40,2,5,2,1,36,35,7
3812968,0,877,0,40,2,5,2,1,46,16,7
3828629,0,877,0,40,2,1,2,1,17,27,7
3802317,0,877,0,40,3,3,2,1,20,58,7
3820223,0,877,0,40,2,3,2,1,27,34,7
3810299,0,877,0,40,2,7,2,1,44,20,7
3814554,0,877,0,40,2,5,2,1,40,23,7
3807654,0,877,0,40,3,8,2,1,65,37,7
3828110,0,877,0,40,3,2,2,1,17,44,7
3820908,0,877,0,40,3,4,2,1,30,22,7
3796966,0,877,0,40,3,7,2,1,35,45,7
3806421,0,877,0,40,2,9,2,1,35,64,7
3826233,0,877,0,40,2,2,2,1,22,73,7
3814313,0,877,0,40,2,5,2,1,39,43,7
3830633,0,877,0,40,2,1,2,1,15,26,7
3817804,0,877,0,40,2,3,2,1,33,67,7
3818392,0,877,0,40,2,3,2,1,36,45,7
3800995,0,877,0,40,2,6,2,1,41,66,7
3806669,0,877,0,40,3,11,2,1,64,63,7
3826668,0,877,0,40,3,2,2,1,21,80,7
3823261,0,877,0,40,2,3,2,1,20,39,7
3819798,0,877,0,40,3,5,2,1,26,54,7
3825400,0,877,0,40,3,3,2,1,17,33,7
3829411,0,877,0,40,3,2,2,1,17,38,7
3830132,0,877,0,40,3,1,2,1,14,59,7
3824623,0,877,0,40,2,2,2,1,19,32,7
3803695,0,877,0,40,2,2,2,1,34,58,7
3815055,0,877,0,40,2,4,2,1,40,35,7
3822276,0,877,0,40,3,3,2,1,26,13,7
3829043,0,877,0,40,3,2,2,1,16,36,7
3821434,0,877,0,40,3,5,2,1,22,23,7
3829628,0,877,0,40,3,2,2,1,16,31,7
3822167,0,877,0,40,3,4,2,1,29,52,7
3823282,0,877,0,40,3,4,2,1,24,27,7
3831061,0,877,0,40,3,2,2,1,14,73,7
3831477,0,877,0,40,3,1,2,1,13,43,7
3831509,0,877,0,40,2,1,2,1,13,63,7
3831997,0,877,0,40,3,1,2,1,13,34,7
3805963,0,877,0,40,3,1,2,1,13,28,7
3818983,0,877,0,40,3,3,2,1,32,45,7
3827615,0,877,0,40,2,2,2,1,15,31,7
3824209,0,877,0,40,3,2,2,1,26,30,7
3822011,0,877,0,40,3,4,2,1,26,40,7
3782353,0,877,0,40,3,12,2,1,61,34,7
3830837,0,877,0,40,2,2,2,1,14,56,7
3832050,0,877,0,40,2,1,2,1,12,50,7
3832714,0,877,0,40,3,1,2,1,12,73,7
3798240,0,877,0,40,2,4,2,1,34,39,7
3827461,0,877,0,40,2,2,2,1,16,18,7
3801839,0,877,0,40,3,6,2,1,45,93,7
3819929,0,877,0,40,3,3,2,1,34,36,7
3816843,0,877,0,40,3,4,2,1,42,63,7
3821800,0,877,0,40,2,3,2,1,25,21,7
3828775,0,877,0,40,2,2,2,1,16,28,7
3807469,0,877,0,40,3,6,2,1,32,63,7
3829759,0,877,0,40,2,2,2,1,15,34,7
3828729,0,877,0,40,3,2,2,1,17,81,7
3821194,0,877,0,40,3,4,2,1,33,97,7
3822963,0,877,0,40,2,1,2,1,32,68,7
3814219,0,877,0,40,3,4,2,1,46,38,7
3820941,0,877,0,40,3,3,2,1,36,35,7
3813381,0,877,0,40,3,4,2,1,50,38,7
3828111,0,877,0,40,3,1,2,1,23,32,7
3819611,0,877,0,40,3,3,2,1,34,35,7
3783299,0,877,0,40,2,11,2,1,110,20,7
3812349,0,877,0,40,3,4,2,1,52,28,7
3825816,0,877,0,40,2,2,2,1,22,40,7
3808812,0,877,0,40,3,6,2,1,66,11,7
3816139,0,877,0,40,2,5,2,1,39,43,7
3828158,0,877,0,40,2,1,2,1,19,21,7
3825773,0,877,0,40,2,2,2,1,22,65,7
3830279,0,877,0,40,3,1,2,1,18,39,7
3807911,0,877,0,40,2,4,2,1,54,32,7
3828089,0,877,0,40,3,3,2,1,18,30,7
3830416,0,877,0,40,2,1,2,1,16,57,7
3831047,0,877,0,40,2,1,2,1,16,57,7
3823071,0,877,0,40,3,2,2,1,24,46,7
3830619,0,877,0,40,3,1,2,1,15,56,7
3831454,0,877,0,40,3,1,2,1,15,53,7
3831704,0,877,0,40,2,1,2,1,15,39,7
3825119,0,877,0,40,3,2,2,1,23,57,7
3807056,0,877,0,40,3,3,2,1,25,103,7
3826549,0,877,0,40,2,2,2,1,19,35,7
3826942,0,877,0,40,3,2,2,1,18,37,7
3815276,0,877,0,40,2,3,2,1,43,25,7
3807651,0,877,0,40,3,3,2,1,27,32,7
3829686,0,877,0,40,3,2,2,1,16,105,7
3826157,0,877,0,40,2,3,2,1,21,26,7
3806468,0,877,0,40,2,4,2,1,29,49,7
3827261,0,877,0,40,3,2,2,1,17,16,7
3813495,0,877,0,40,2,7,2,1,44,79,7
3828448,0,877,0,40,3,2,2,1,16,66,7
3806678,0,877,0,40,3,3,2,1,34,31,7
3831687,0,877,0,40,2,1,2,1,13,15,7
3832290,0,877,0,40,3,1,2,1,13,94,7
3832346,0,877,0,40,3,1,2,1,13,33,7
3823689,0,877,0,40,3,3,2,1,16,86,7
3825730,0,877,0,40,2,3,2,1,20,81,7
3802992,0,877,0,40,3,6,2,1,41,43,7
3812688,0,877,0,40,3,6,2,1,48,38,7
3827893,0,877,0,40,3,3,2,1,17,60,7
3824044,0,877,0,40,3,4,2,1,24,32,7
3814381,0,877,0,40,3,7,2,1,41,32,7
3833239,0,877,0,40,3,1,2,1,12,49,7
3751108,0,877,0,40,3,14,2,1,108,33,7
3828638,0,877,0,40,3,2,2,1,12,44,7
3814897,0,877,0,40,3,4,2,1,41,46,7
3816666,0,877,0,40,3,2,2,1,45,50,7
3824259,0,877,0,40,2,2,2,1,26,40,7
3817684,0,877,0,40,2,4,2,1,44,55,7
3830799,0,877,0,40,2,1,2,1,11,31,7
3832412,0,877,0,40,2,1,2,1,11,42,7
3833030,0,877,0,40,3,1,2,1,11,56,7
3833342,0,877,0,40,2,1,2,1,11,43,7
3833754,0,877,0,40,3,1,2,1,11,52,7
3833852,0,877,0,40,2,1,2,1,11,71,7
3788824,0,877,0,40,3,10,2,1,95,59,7
3803170,0,877,0,40,3,6,2,1,62,34,7
3819994,0,877,0,40,3,2,2,1,37,43,7
3808760,0,877,0,40,3,6,2,1,63,36,7
3813981,0,877,0,40,2,5,2,1,43,70,7
3827870,0,877,0,40,3,1,2,1,23,26,7
3823243,0,877,0,40,3,2,2,1,29,73,7
3829281,0,877,0,40,2,1,2,1,21,22,7
3813735,0,877,0,40,2,6,2,1,46,22,7
3821821,0,877,0,40,2,3,2,1,28,51,7
3825417,0,877,0,40,2,4,2,1,24,35,7
3830078,0,877,0,40,3,1,2,1,18,26,7
3830218,0,877,0,40,2,1,2,1,18,36,7
3825347,0,877,0,40,3,3,2,1,21,51,7
3822278,0,877,0,40,2,3,2,1,23,78,7
3822722,0,877,0,40,3,3,2,1,25,45,7
3820764,0,877,0,40,3,3,2,1,27,15,7
3831961,0,877,0,40,3,1,2,1,15,32,7
3801908,0,877,0,40,2,8,2,1,50,58,7
3803173,0,877,0,40,3,5,2,1,42,51,7
3814062,0,877,0,40,3,5,2,1,39,27,7
3823998,0,877,0,40,3,3,2,1,23,22,7
3830023,0,877,0,40,3,3,2,1,17,49,7
3832487,0,877,0,40,2,1,2,1,13,70,7
3828652,1,877,868,40,2,2,2,1,18,84,7
3815869,0,877,0,40,2,6,2,1,35,22,7
3832236,0,877,0,40,3,1,2,1,12,27,7
3832841,0,877,0,40,2,1,2,1,12,65,7
3833614,0,877,0,40,2,1,2,1,12,24,7
3812624,0,877,0,40,3,4,2,1,54,56,7
3813171,0,877,0,40,2,5,2,1,38,30,7
3833048,0,877,0,40,2,1,2,1,11,65,7
3834131,0,877,0,40,3,1,2,1,11,31,7
3819213,0,877,0,40,2,4,2,1,31,21,7
3808166,0,877,0,40,3,2,2,1,28,89,7
3805186,0,877,0,40,2,4,2,1,34,38,7
3806356,0,877,0,40,2,5,2,1,41,27,7
3816092,0,877,0,40,3,6,2,1,28,35,7
3816312,0,877,0,40,3,2,2,1,49,92,7
3815773,0,877,0,40,2,5,2,1,43,20,7
3833415,0,877,0,40,3,1,2,1,11,26,7
3834442,0,877,0,40,3,1,2,1,11,29,7
3831282,0,877,0,40,2,0,2,1,10,17,7
3831555,0,877,0,40,3,0,2,1,10,30,7
3832340,0,877,0,40,2,0,2,1,10,41,7
3832661,0,877,0,40,2,0,2,1,10,58,7
3833443,0,877,0,40,3,0,2,1,10,47,7
3833459,0,877,0,40,2,0,2,1,10,36,7
3833539,0,877,0,40,2,0,2,1,10,35,7
3833571,0,877,0,40,2,0,2,1,10,22,7
3833651,0,877,0,40,2,0,2,1,10,75,7
3833667,0,877,0,40,3,0,2,1,10,87,7
3833763,0,877,0,40,3,0,2,1,10,29,7
3833779,0,877,0,40,3,0,2,1,10,78,7
3833891,0,877,0,40,2,0,2,1,10,18,7
3833942,0,877,0,40,2,0,2,1,10,51,7
3833974,0,877,0,40,3,0,2,1,10,30,7
3833998,0,877,0,40,2,0,2,1,10,45,7
3834038,0,877,0,40,2,0,2,1,10,23,7
3834078,0,877,0,40,3,0,2,1,10,18,7
3834142,0,877,0,40,3,0,2,1,10,30,7
3834158,0,877,0,40,2,0,2,1,10,54,7
3834206,0,877,0,40,2,0,2,1,10,41,7
3834214,0,877,0,40,3,0,2,1,10,32,7
3834278,0,877,0,40,3,0,2,1,10,25,7
3834286,0,877,0,40,3,0,2,1,10,49,7
3834310,0,877,0,40,3,0,2,1,10,43,7
3834326,0,877,0,40,2,0,2,1,10,54,7
3834358,0,877,0,40,3,0,2,1,10,51,7
3834419,0,877,0,40,3,0,2,1,10,57,7
3834427,0,877,0,40,2,0,2,1,10,42,7
3834451,0,877,0,40,2,0,2,1,10,37,7
3834471,0,877,0,40,2,0,2,1,10,38,7
3834479,0,877,0,40,2,0,2,1,10,25,7
3834483,0,877,0,40,2,0,2,1,10,74,7
3834503,0,877,0,40,3,0,2,1,10,44,7
3834527,0,877,0,40,2,0,2,1,10,17,7
3834547,0,877,0,40,2,0,2,1,10,49,7
3834555,0,877,0,40,2,0,2,1,10,46,7
3834567,0,877,0,40,2,0,2,1,10,24,7
3834583,0,877,0,40,2,0,2,1,10,41,7
3834603,0,877,0,40,2,0,2,1,10,30,7
3834611,0,877,0,40,3,0,2,1,10,29,7
3834615,0,877,0,40,2,0,2,1,10,70,7
3834623,0,877,0,40,2,0,2,1,10,24,7
3834635,0,877,0,40,2,0,2,1,10,100,7
3834683,0,877,0,40,3,0,2,1,10,30,7
3834707,0,877,0,40,3,0,2,1,10,35,7
3834739,0,877,0,40,2,0,2,1,10,25,7
3834743,0,877,0,40,2,0,2,1,10,73,7
3834747,0,877,0,40,2,0,2,1,10,35,7
3834755,0,877,0,40,2,0,2,1,10,39,7
3834759,0,877,0,40,3,0,2,1,10,56,7
3834783,0,877,0,40,3,0,2,1,10,73,7
3834787,0,877,0,40,2,0,2,1,10,37,7
3834815,0,877,0,40,3,0,2,1,10,72,7
3834819,0,877,0,40,2,0,2,1,10,35,7
3834827,0,877,0,40,3,0,2,1,10,21,7
3834839,0,877,0,40,3,0,2,1,10,16,7
3834867,0,877,0,40,2,0,2,1,10,65,7
3834887,0,877,0,40,3,0,2,1,10,40,7
3834906,0,877,0,40,3,0,2,1,10,79,7
3834910,0,877,0,40,3,0,2,1,10,31,7
3834912,0,877,0,40,3,0,2,1,10,15,7
3834926,0,877,0,40,3,0,2,1,10,48,7
3834932,0,877,0,40,3,0,2,1,10,34,7
3834938,0,877,0,40,2,0,2,1,10,51,7
3834944,0,877,0,40,2,0,2,1,10,28,7
3834954,0,877,0,40,3,0,2,1,10,86,7
3834968,0,877,0,40,3,0,2,1,10,72,7
3834998,0,877,0,40,3,0,2,1,10,27,7
3835000,0,877,0,40,3,0,2,1,10,19,7
3835016,0,877,0,40,2,0,2,1,10,33,7
3835026,0,877,0,40,2,0,2,1,10,49,7
3835036,0,877,0,40,3,0,2,1,10,14,7
3835046,0,877,0,40,3,0,2,1,10,60,7
3835074,0,877,0,40,3,0,2,1,10,58,7
3835078,0,877,0,40,2,0,2,1,10,52,7
3835080,0,877,0,40,2,0,2,1,10,56,7
3835082,0,877,0,40,2,0,2,1,10,27,7
3835084,0,877,0,40,2,0,2,1,10,133,7
3835092,0,877,0,40,3,0,2,1,10,54,7
3835096,0,877,0,40,2,0,2,1,10,43,7
3835100,0,877,0,40,2,0,2,1,10,48,7
3835102,0,877,0,40,2,0,2,1,10,37,7
3835110,0,877,0,40,3,0,2,1,10,46,7
3835116,0,877,0,40,3,0,2,1,10,21,7
3835124,0,877,0,40,3,0,2,1,10,32,7
3835128,0,877,0,40,3,0,2,1,10,49,7
3835134,0,877,0,40,3,0,2,1,10,48,7
3835162,0,877,0,40,3,0,2,1,10,92,7
3835178,0,877,0,40,2,0,2,1,10,16,7
3835188,0,877,0,40,2,0,2,1,10,40,7
3835196,0,877,0,40,2,0,2,1,10,90,7
3835202,0,877,0,40,3,0,2,1,10,37,7
3835204,0,877,0,40,2,0,2,1,10,47,7
3835210,0,877,0,40,3,0,2,1,10,13,7
3835214,0,877,0,40,2,0,2,1,10,48,7
3835216,0,877,0,40,3,0,2,1,10,58,7
3835224,0,877,0,40,2,0,2,1,10,30,7
3835232,0,877,0,40,3,0,2,1,10,98,7
3835240,0,877,0,40,3,0,2,1,10,22,7
3835252,0,877,0,40,3,0,2,1,10,77,7
3835258,0,877,0,40,3,0,2,1,10,52,7
3835266,0,877,0,40,2,0,2,1,10,36,7
3835276,0,877,0,40,2,0,2,1,10,58,7
3835290,0,877,0,40,3,0,2,1,10,44,7
3835302,0,877,0,40,2,0,2,1,10,80,7
3835304,0,877,0,40,2,0,2,1,10,64,7
3835310,0,877,0,40,2,0,2,1,10,35,7
3835322,0,877,0,40,3,0,2,1,10,25,7
3835328,0,877,0,40,2,0,2,1,10,17,7
3835340,0,877,0,40,3,0,2,1,10,19,7
3835342,0,877,0,40,2,0,2,1,10,39,7
3835350,0,877,0,40,3,0,2,1,10,34,7
3835358,0,877,0,40,3,0,2,1,10,31,7
3835370,0,877,0,40,2,0,2,1,10,55,7
3835374,0,877,0,40,2,0,2,1,10,45,7
3835384,0,877,0,40,2,0,2,1,10,62,7
3835388,0,877,0,40,2,0,2,1,10,22,7
3835390,0,877,0,40,3,0,2,1,10,25,7
3835392,0,877,0,40,3,0,2,1,10,66,7
3835398,0,877,0,40,3,0,2,1,10,34,7
3835402,0,877,0,40,2,0,2,1,10,62,7
3835410,0,877,0,40,3,0,2,1,10,37,7
3835412,0,877,0,40,2,0,2,1,10,12,7
3835416,0,877,0,40,2,0,2,1,10,34,7
3835428,0,877,0,40,3,0,2,1,10,52,7
3782891,0,877,0,40,2,6,2,1,52,70,7
3801954,0,877,0,40,2,2,2,1,32,23,7
3804052,0,877,0,40,2,2,2,1,22,49,7
3805722,0,877,0,40,3,1,2,1,17,52,7
3806375,0,877,0,40,3,0,2,1,12,49,7
3806524,0,877,0,40,3,0,2,1,10,92,7
3806535,0,877,0,40,2,0,2,1,15,35,7
3807466,0,877,0,40,2,0,2,1,13,24,7
3827209,0,877,0,40,2,1,2,1,12,63,7
3819086,0,877,0,40,3,4,2,1,15,35,7
3823226,0,877,0,40,3,2,2,1,18,67,7
3816291,0,877,0,40,3,4,2,1,35,65,7
3827368,0,877,0,40,3,1,2,1,15,17,7
3806194,0,877,0,40,3,1,2,1,25,27,7
3812800,0,877,0,40,3,4,2,1,43,35,7
3824384,0,877,0,40,3,1,2,1,22,62,7
3804774,0,877,0,40,3,5,2,1,37,34,7
3827115,0,877,0,40,3,1,2,1,17,64,7
3822788,0,877,0,40,2,2,2,1,17,28,7
3828276,0,877,0,40,3,1,2,1,13,60,7
3829089,0,877,0,40,3,1,2,1,12,10,7
3804690,0,877,0,40,2,3,2,1,43,80,7
3808593,0,877,0,40,3,5,2,1,52,35,7
3766008,0,877,0,40,2,14,2,1,106,42,7
3826855,0,877,0,40,3,1,2,1,18,38,7
3827674,0,877,0,40,2,1,2,1,17,35,7
3822750,0,877,0,40,2,2,2,1,23,30,7
3827425,0,877,0,40,2,1,2,1,16,95,7
3808470,0,877,0,40,3,6,2,1,55,35,7
3821428,0,877,0,40,2,3,2,1,22,44,7
3828899,0,877,0,40,2,1,2,1,13,40,7
3806070,0,877,0,40,2,3,2,1,24,50,7
3829564,0,877,0,40,3,1,2,1,12,29,7
3826909,0,877,0,40,3,2,2,1,13,20,7
3804606,0,877,0,40,2,3,2,1,42,46,7
3821287,0,877,0,40,2,3,2,1,24,29,7
3828944,0,877,0,40,2,2,2,1,11,51,7
3821726,0,877,0,40,2,1,2,1,32,61,7
3811392,0,877,0,40,3,5,2,1,51,41,7
3822756,0,877,0,40,3,1,2,1,24,50,7
3815521,0,877,0,40,3,3,2,1,43,29,7
3822798,0,877,0,40,2,2,2,1,22,105,7
3823009,0,877,0,40,2,3,2,1,23,32,7
3824839,0,877,0,40,2,2,2,1,17,50,7
3828912,0,877,0,40,3,1,2,1,15,24,7
3826412,0,877,0,40,2,2,2,1,18,36,7
3829261,0,877,0,40,2,1,2,1,14,65,7
3815967,0,877,0,40,2,4,2,1,29,55,7
3810214,0,877,0,40,3,7,2,1,47,36,7
3813729,0,877,0,40,3,3,2,1,42,44,7
3820443,0,877,0,40,3,3,2,1,28,25,7
3830474,0,877,0,40,3,1,2,1,11,39,7
3815322,0,877,0,40,2,6,2,1,24,16,7
3826069,0,877,0,40,3,3,2,1,15,69,7
3803917,0,877,0,40,2,2,2,1,23,35,7
3807832,0,877,0,40,3,3,2,1,50,60,7
3822333,0,877,0,40,2,1,2,1,29,78,7
3797883,0,877,0,40,3,2,2,1,44,42,7
3818761,0,877,0,40,2,3,2,1,29,50,7
3825619,0,877,0,40,2,1,2,1,21,47,7
3797490,0,877,0,40,3,6,2,1,72,30,7
3810025,0,877,0,40,2,5,2,1,64,35,7
3817973,0,877,0,40,2,3,2,1,36,73,7
3816786,0,877,0,40,3,4,2,1,31,33,7
3814161,0,877,0,40,2,5,2,1,33,20,7
3826839,0,877,0,40,2,2,2,1,18,53,7
3810050,0,877,0,40,3,9,2,1,46,44,7
3806333,0,877,0,40,2,2,2,1,48,25,7
3817955,0,877,0,40,3,3,2,1,32,38,7
3804002,0,877,0,40,3,3,2,1,27,73,7
3803553,0,877,0,40,2,3,2,1,26,35,7
3807272,0,877,0,40,2,2,2,1,16,35,7
3771043,0,877,0,40,3,12,2,1,81,71,7
3811623,0,877,0,40,3,6,2,1,26,59,7
3829971,0,877,0,40,2,1,2,1,13,23,7
3815823,0,877,0,40,2,4,2,1,32,27,7
3818880,0,877,0,40,3,3,2,1,32,71,7
3829496,0,877,0,40,3,1,2,1,12,59,7
3815555,0,877,0,40,3,3,2,1,41,26,7
3809551,0,877,0,40,2,8,2,1,35,46,7
3830665,0,877,0,40,3,1,2,1,11,44,7
3831401,0,877,0,40,3,1,2,1,11,42,7
3806434,0,877,0,40,2,6,2,1,32,57,7
3828209,0,877,0,40,2,2,2,1,12,41,7
3822343,0,877,0,40,2,3,2,1,20,25,7
3829824,0,877,0,40,3,2,2,1,11,36,7
3816122,0,877,0,40,2,5,2,1,37,41,7
3830996,0,877,0,40,3,1,2,1,10,41,7
3808984,0,877,0,40,3,1,2,1,41,55,7
3803068,0,877,0,40,3,4,2,1,58,46,7
3820940,0,877,0,40,3,1,2,1,35,38,7
3822026,0,877,0,40,3,1,2,1,30,49,7
3822803,0,877,0,40,3,2,2,1,30,43,7
3805528,0,877,0,40,3,1,2,1,23,51,7
3790811,0,877,0,40,2,11,2,1,68,29,7
3826639,0,877,0,40,3,1,2,1,21,80,7
3817757,0,877,0,40,3,2,2,1,39,41,7
3827602,0,877,0,40,2,1,2,1,20,90,7
3808329,0,877,0,40,2,1,2,1,20,49,7
3802213,0,877,0,40,2,6,2,1,61,54,7
3808403,0,877,0,40,3,9,2,1,55,57,7
3805171,0,877,0,40,2,3,2,1,29,46,7
3823385,0,877,0,40,2,2,2,1,20,78,7
3801790,0,877,0,40,3,6,2,1,45,42,7
3816828,0,877,0,40,2,3,2,1,38,79,7
3821679,0,877,0,40,3,4,2,1,25,38,7
3808052,0,877,0,40,3,7,2,1,62,28,7
3810131,0,877,0,40,2,6,2,1,53,49,7
3807079,0,877,0,40,3,3,2,1,26,76,7
3826805,0,877,0,40,3,2,2,1,18,34,7
3829055,0,877,0,40,3,1,2,1,16,49,7
3819109,0,877,0,40,3,3,2,1,30,70,7
3820010,0,877,0,40,3,3,2,1,29,66,7
3802446,0,877,0,40,3,7,2,1,48,42,7
3811787,0,877,0,40,2,6,2,1,40,68,7
3803081,0,877,0,40,2,7,2,1,47,28,7
3818623,0,877,0,40,2,4,2,1,32,41,7
3803139,0,877,0,40,2,4,2,1,39,27,7
3829948,0,877,0,40,2,1,2,1,15,24,7
3825820,0,877,0,40,3,2,2,1,18,31,7
3722905,0,877,0,40,2,22,2,1,114,54,7
3825122,0,877,0,40,2,2,2,1,18,97,7
3815943,0,877,0,40,3,5,2,1,27,108,7
3830025,0,877,0,40,3,1,2,1,14,53,7
3823140,0,877,0,40,3,2,2,1,20,47,7
3822175,0,877,0,40,3,3,2,1,21,58,7
3811331,0,877,0,40,2,5,2,1,45,103,7
3823823,0,877,0,40,2,3,2,1,22,24,7
3812650,0,877,0,40,2,7,2,1,30,93,7
3830122,0,877,0,40,3,1,2,1,13,67,7
3830848,0,877,0,40,3,1,2,1,13,29,7
3823806,0,877,0,40,3,2,2,1,18,40,7
3823489,0,877,0,40,3,3,2,1,16,46,7
3831065,0,877,0,40,2,1,2,1,12,36,7
3831367,0,877,0,40,3,1,2,1,12,21,7
3801303,0,877,0,40,2,6,2,1,40,54,7
3822782,0,877,0,40,2,2,2,1,25,64,7
3822928,0,877,0,40,3,3,2,1,18,53,7
3805546,0,877,0,40,2,4,2,1,57,84,7
3825801,0,877,0,40,2,3,2,1,13,80,7
3807366,0,877,0,40,2,9,2,1,53,16,7
3820466,0,877,0,40,2,4,2,1,30,65,7
3806489,0,877,0,40,3,7,2,1,29,53,7
3829502,0,877,0,40,3,2,2,1,14,36,7
3813039,0,877,0,40,3,5,2,1,47,29,7
3810689,0,877,0,40,2,5,2,1,50,31,7
3824595,0,877,0,40,2,3,2,1,18,38,7
3809483,0,877,0,40,2,10,2,1,39,52,7
3808336,0,877,0,40,3,8,2,1,52,20,7
3816587,0,877,0,40,2,5,2,1,30,38,7
3815060,0,877,0,40,2,4,2,1,34,52,7
3829833,0,877,0,40,3,1,2,1,10,37,7
3832155,0,877,0,40,2,1,2,1,10,65,7
3811123,0,877,0,40,2,5,2,1,59,24,7
3817164,0,877,0,40,2,4,2,1,36,39,7
3824904,0,877,0,40,2,1,2,1,26,26,7
3804270,0,877,0,40,2,3,2,1,66,17,7
3819119,0,877,0,40,2,2,2,1,33,24,7
3813793,0,877,0,40,3,5,2,1,44,19,7
3804859,0,877,0,40,2,6,2,1,45,15,7
3814858,0,877,0,40,2,4,2,1,33,69,7
3827612,0,877,0,40,3,1,2,1,21,57,7
3820581,0,877,0,40,2,3,2,1,31,36,7
3827549,0,877,0,40,2,1,2,1,20,51,7
3827999,0,877,0,40,2,1,2,1,20,30,7
3709160,0,877,0,40,2,26,2,1,161,31,7
3827782,0,877,0,40,2,1,2,1,19,38,7
3812292,0,877,0,40,2,5,2,1,49,56,7
3812527,0,877,0,40,2,7,2,1,39,59,7
3823967,0,877,0,40,3,2,2,1,18,23,7
3814277,0,877,0,40,3,5,2,1,40,19,7
3823867,0,877,0,40,3,2,2,1,20,16,7
3806426,0,877,0,40,2,6,2,1,60,79,7
3828695,0,877,0,40,3,1,2,1,17,40,7
3829103,0,877,0,40,2,1,2,1,17,54,7
3812507,0,877,0,40,2,4,2,1,43,29,7
3818143,0,877,0,40,3,3,2,1,26,70,7
3818045,0,877,0,40,2,4,2,1,30,56,7
3750934,0,877,0,40,2,19,2,1,109,72,7
3815243,0,877,0,40,2,6,2,1,34,31,7
3812184,0,877,0,40,3,10,2,1,34,66,7
3828494,0,877,0,40,2,1,2,1,16,15,7
3807410,0,877,0,40,2,3,2,1,27,43,7
3820337,0,877,0,40,2,3,2,1,22,42,7
3804724,0,877,0,40,3,3,2,1,24,33,7
3806689,0,877,0,40,3,3,2,1,31,46,7
3801829,0,877,0,40,2,5,2,1,43,34,7
3816982,0,877,0,40,2,4,2,1,34,37,7
3830059,0,877,0,40,3,1,2,1,15,38,7
3811107,0,877,0,40,3,6,2,1,45,45,7
3807985,0,877,0,40,3,4,2,1,29,35,7
3802170,0,877,0,40,3,4,2,1,32,59,7
3821588,0,877,0,40,2,3,2,1,30,62,7
3828283,0,877,0,40,2,2,2,1,15,21,7
3811162,0,877,0,40,2,7,2,1,43,35,7
3818569,0,877,0,40,2,5,2,1,34,41,7
3822829,0,877,0,40,3,3,2,1,24,25,7
3828418,0,877,0,40,2,2,2,1,15,53,7
3829749,0,877,0,40,3,1,2,1,14,43,7
3830262,0,877,0,40,2,1,2,1,14,37,7
3830506,0,877,0,40,2,1,2,1,14,48,7
3830642,0,877,0,40,2,1,2,1,14,73,7
3830948,0,877,0,40,3,1,2,1,14,53,7
3813398,0,877,0,40,2,4,2,1,40,50,7
3818740,0,877,0,40,3,5,2,1,27,49,7
3795845,0,877,0,40,2,9,2,1,49,15,7
3814835,0,877,0,40,2,2,2,1,52,34,7
3817367,0,877,0,40,3,6,2,1,28,109,7
3806955,0,877,0,40,3,5,2,1,39,45,7
3810744,0,877,0,40,3,6,2,1,54,58,7
3830585,0,877,0,40,3,1,2,1,13,30,7
3831305,0,877,0,40,2,1,2,1,13,26,7
3831421,0,877,0,40,2,1,2,1,13,30,7
3768369,0,877,0,40,3,9,2,1,79,56,7
3809055,0,877,0,40,3,7,2,1,58,38,7
3813002,0,877,0,40,3,4,2,1,39,30,7
3813584,0,877,0,40,3,5,2,1,41,53,7
3816943,0,877,0,40,3,3,2,1,41,48,7
3822440,0,877,0,40,3,2,2,1,31,51,7
3813083,0,877,0,40,3,5,2,1,45,41,7
3812028,0,877,0,40,2,8,2,1,38,46,7
3831168,0,877,0,40,3,1,2,1,12,84,7
3817666,0,877,0,40,3,5,2,1,25,30,7
3822303,0,877,0,40,3,3,2,1,20,33,7
3814029,0,877,0,40,3,5,2,1,36,61,7
3821822,0,877,0,40,2,3,2,1,23,41,7
3818762,0,877,0,40,2,4,2,1,31,76,7
3829112,0,877,0,40,2,2,2,1,14,20,7
3831374,0,877,0,40,3,1,2,1,11,47,7
3832033,0,877,0,40,3,1,2,1,11,52,7
3805632,0,877,0,40,2,1,2,1,15,61,7
3807882,0,877,0,40,2,8,2,1,55,37,7
3819391,0,877,0,40,2,4,2,1,25,64,7
3811395,0,877,0,40,3,6,2,1,41,35,7
3811729,0,877,0,40,3,5,2,1,46,49,7
3809664,0,877,0,40,3,6,2,1,50,60,7
3818502,0,877,0,40,3,4,2,1,31,85,7
3795918,0,877,0,40,3,5,2,1,51,37,7
3804860,0,877,0,40,2,6,2,1,29,31,7
3828805,0,877,0,40,2,2,2,1,11,54,7
3827154,0,877,0,40,2,2,2,1,17,64,7
3725835,0,877,0,40,3,19,2,1,131,49,7
3821956,0,877,0,40,2,3,2,1,24,18,7
3832322,0,877,0,40,2,1,2,1,10,32,7
3832550,0,877,0,40,2,1,2,1,10,28,7
3832704,0,877,0,40,3,1,2,1,10,32,7
3832728,0,877,0,40,3,1,2,1,10,68,7
3820061,0,877,0,40,3,1,2,1,39,89,7
3823747,0,877,0,40,2,1,2,1,30,43,7
3809685,0,877,0,40,2,7,2,1,53,29,7
3819591,0,877,0,40,3,2,2,1,33,39,7
3789687,0,877,0,40,3,9,2,1,80,66,7
3798056,0,877,0,40,2,3,2,1,40,58,7
3825751,0,877,0,40,3,1,2,1,23,31,7
3827620,0,877,0,40,2,1,2,1,22,26,7
3816701,0,877,0,40,2,4,2,1,33,26,7
3817592,0,877,0,40,2,5,2,1,35,49,7
3786859,0,877,0,40,3,12,2,1,76,41,7
3818555,0,877,0,40,3,3,2,1,24,41,7
3826179,0,877,0,40,3,2,2,1,20,19,7
3805011,0,877,0,40,3,3,2,1,37,69,7
3813668,0,877,0,40,3,6,2,1,42,53,7
3819587,0,877,0,40,2,4,2,1,26,15,7
3825688,0,877,0,40,3,2,2,1,24,27,7
3817326,0,877,0,40,2,7,2,1,32,22,7
3808960,0,877,0,40,2,5,2,1,63,45,7
3823822,0,877,0,40,2,4,2,1,25,21,7
3829760,0,877,0,40,3,1,2,1,17,31,7
3804285,0,877,0,40,2,4,2,1,32,56,7
3811906,0,877,0,40,2,6,2,1,36,16,7
3817156,0,877,0,40,3,5,2,1,32,55,7
3817594,0,877,0,40,3,5,2,1,27,56,7
3829037,0,877,0,40,3,1,2,1,16,77,7
3804725,0,877,0,40,2,1,2,1,17,47,7
3823053,0,877,0,40,2,2,2,1,22,20,7
3821537,0,877,0,40,3,3,2,1,21,61,7
3818857,0,877,0,40,3,5,2,1,25,60,7
3784393,0,877,0,40,2,10,2,1,73,26,7
3809394,0,877,0,40,2,8,2,1,51,26,7
3826050,0,877,0,40,2,2,2,1,20,75,7
3822865,0,877,0,40,3,4,2,1,22,31,7
3821885,0,877,0,40,2,2,2,1,30,27,7
3820021,0,877,0,40,3,3,2,1,32,21,7
3822174,0,877,0,40,2,3,2,1,26,37,7
3821313,0,877,0,40,2,3,2,1,24,15,7
3817095,0,877,0,40,3,5,2,1,31,60,7
3824678,0,877,0,40,3,3,2,1,21,49,7
3831097,0,877,0,40,2,1,2,1,14,54,7
3818696,0,877,0,40,3,4,2,1,22,44,7
3825789,0,877,0,40,2,2,2,1,19,45,7
3826608,0,877,0,40,3,2,2,1,19,60,7
3821277,0,877,0,40,2,3,2,1,19,38,7
3804267,0,877,0,40,2,4,2,1,41,51,7
3821289,0,877,0,40,2,3,2,1,25,20,7
3811381,0,877,0,40,3,5,2,1,54,25,7
3830064,0,877,0,40,2,1,2,1,13,20,7
3808769,0,877,0,40,3,6,2,1,42,46,7
3815550,0,877,0,40,2,4,2,1,32,37,7
3824984,0,877,0,40,2,3,2,1,15,24,7
3825991,0,877,0,40,3,2,2,1,19,29,7
3816068,0,877,0,40,3,6,2,1,30,29,7
3805902,0,877,0,40,2,6,2,1,43,22,7
3827756,0,877,0,40,2,2,2,1,15,74,7
3821101,0,877,0,40,3,2,2,1,32,44,7
3817530,0,877,0,40,3,5,2,1,39,63,7
3825280,0,877,0,40,3,3,2,1,21,35,7
3831979,0,877,0,40,3,1,2,1,12,34,7
3832321,0,877,0,40,2,1,2,1,12,40,7
3826487,0,877,0,40,2,2,2,1,14,36,7
3805912,0,877,0,40,2,4,2,1,30,39,7
3813484,1,877,866,29.8545,3,5,2,1,42,52,7
3820007,0,877,0,40,2,4,2,1,25,32,7
3812945,0,877,0,40,3,5,2,1,44,47,7
3828393,0,877,0,40,3,2,2,1,16,45,7
3797703,0,877,0,40,3,9,2,1,54,48,7
3821698,0,877,0,40,3,4,2,1,17,24,7
3816849,0,877,0,40,3,5,2,1,29,20,7
3806828,0,877,0,40,2,3,2,1,24,35,7
3832106,0,877,0,40,3,1,2,1,11,55,7
3832482,0,877,0,40,2,1,2,1,11,31,7
3832766,0,877,0,40,2,1,2,1,11,52,7
3808109,0,877,0,40,3,7,2,1,62,32,7
3807158,0,877,0,40,2,2,2,1,15,39,7
3818261,0,877,0,40,3,5,2,1,22,39,7
3815041,0,877,0,40,2,4,2,1,34,50,7
3819346,0,877,0,40,2,3,2,1,34,29,7
3826282,0,877,0,40,3,2,2,1,18,56,7
3815747,0,877,0,40,3,4,2,1,43,42,7
3827872,0,877,0,40,3,2,2,1,12,89,7
3809217,0,877,0,40,2,2,2,1,11,25,7
3806937,0,877,0,40,2,5,2,1,46,64,7
3820506,0,877,0,40,3,4,2,1,24,46,7
3830806,0,877,0,40,3,2,2,1,12,28,7
3830217,0,877,0,40,3,2,2,1,14,25,7
3821224,0,877,0,40,3,4,2,1,22,29,7
3829976,0,877,0,40,3,2,2,1,16,73,7
3832232,0,877,0,40,3,1,2,1,10,56,7
3832392,0,877,0,40,3,1,2,1,10,38,7
3832843,0,877,0,40,3,1,2,1,10,35,7
3833273,0,877,0,40,2,1,2,1,10,54,7
3804207,0,877,0,40,3,1,2,1,38,54,7
3817383,0,877,0,40,3,3,2,1,38,39,7
3824529,0,877,0,40,3,1,2,1,30,57,7
3819614,0,877,0,40,2,2,2,1,38,31,7
3815410,0,877,0,40,3,3,2,1,48,46,7
3799804,0,877,0,40,2,2,2,1,29,35,7
3826201,0,877,0,40,3,1,2,1,26,67,7
3808164,0,877,0,40,3,7,2,1,69,42,7
3821889,0,877,0,40,3,3,2,1,30,52,7
3823060,0,877,0,40,2,3,2,1,32,36,7
3824181,0,877,0,40,3,2,2,1,24,35,7
3824600,0,877,0,40,3,2,2,1,25,42,7
3825771,0,877,0,40,2,2,2,1,22,37,7
3824393,0,877,0,40,2,3,2,1,22,30,7
3814129,0,877,0,40,3,5,2,1,38,34,7
3816259,0,877,0,40,3,3,2,1,40,16,7
3822688,0,877,0,40,3,3,2,1,28,79,7
3823580,0,877,0,40,3,3,2,1,28,4,7
3824029,0,877,0,40,2,2,2,1,25,47,7
3825415,0,877,0,40,2,2,2,1,25,51,7
3829514,0,877,0,40,2,1,2,1,18,61,7
3819459,0,877,0,40,3,4,2,1,30,42,7
3806190,0,877,0,40,2,2,2,1,19,31,7
3829160,0,877,0,40,3,1,2,1,17,33,7
3830347,0,877,0,40,3,1,2,1,17,84,7
3814266,0,877,0,40,2,6,2,1,36,52,7
3818345,0,877,0,40,2,5,2,1,29,51,7
3826728,0,877,0,40,3,2,2,1,23,33,7
3797164,0,877,0,40,3,10,2,1,64,38,7
3825906,0,877,0,40,3,2,2,1,18,46,7
3817391,0,877,0,40,2,3,2,1,33,73,7
3827868,0,877,0,40,3,2,2,1,17,58,7
3810205,0,877,0,40,3,6,2,1,44,53,7
3802568,0,877,0,40,2,4,2,1,44,38,7
3816643,0,877,0,40,2,5,2,1,38,58,7
3821406,0,877,0,40,3,4,2,1,30,19,7
3831460,0,877,0,40,2,1,2,1,14,64,7
3831782,0,877,0,40,3,1,2,1,14,25,7
3828123,0,877,0,40,2,2,2,1,16,57,7
3828747,0,877,0,40,3,2,2,1,15,29,7
3813384,0,877,0,40,2,6,2,1,38,49,7
3822579,0,877,0,40,2,2,2,1,32,75,7
3830140,0,877,0,40,2,1,2,1,13,35,7
3832269,0,877,0,40,3,1,2,1,13,45,7
3832341,0,877,0,40,2,1,2,1,13,27,7
3827577,0,877,0,40,2,2,2,1,14,75,7
3828449,0,877,0,40,2,2,2,1,13,48,7
3796583,0,877,0,40,2,5,2,1,31,45,7
3811353,0,877,0,40,2,5,2,1,60,64,7
3821509,0,877,0,40,3,4,2,1,25,17,7
3805442,0,877,0,40,3,3,2,1,18,34,7
3831847,0,877,0,40,2,1,2,1,12,48,7
3811833,0,877,0,40,3,6,2,1,46,21,7
3824691,0,877,0,40,2,4,2,1,17,28,7
3813758,0,877,0,40,2,4,2,1,44,53,7
3820165,0,877,0,40,2,4,2,1,27,98,7
3827013,0,877,0,40,3,3,2,1,14,17,7
3807499,0,877,0,40,2,2,2,1,27,19,7
3826689,0,877,0,40,3,2,2,1,16,26,7
3813926,0,877,0,40,3,6,2,1,42,43,7
3832040,0,877,0,40,2,1,2,1,11,45,7
3832651,0,877,0,40,2,1,2,1,11,34,7
3832987,0,877,0,40,3,1,2,1,11,45,7
3833143,0,877,0,40,3,1,2,1,11,63,7
3833245,0,877,0,40,2,1,2,1,11,22,7
3802823,0,877,0,40,3,1,2,1,15,29,7
3818197,0,877,0,40,2,2,2,1,32,39,7
3816690,0,877,0,40,3,6,2,1,28,62,7
3805027,0,877,0,40,2,4,2,1,30,60,7
3815729,0,877,0,40,3,7,2,1,30,42,7
3829351,0,877,0,40,2,2,2,1,14,60,7
3823904,0,877,0,40,2,3,2,1,23,104,7
3831197,0,877,0,40,2,2,2,1,11,63,7
3822795,0,877,0,40,2,3,2,1,29,59,7
3794522,0,877,0,40,3,6,2,1,46,28,7
3825168,0,877,0,40,3,4,2,1,16,36,7
3831227,0,877,0,40,3,2,2,1,12,43,7
3832063,0,877,0,40,2,2,2,1,11,48,7
3832713,0,877,0,40,2,1,2,1,10,80,7
3833394,0,877,0,40,3,1,2,1,10,54,7
3833798,0,877,0,40,2,1,2,1,10,24,7
3816385,0,877,0,40,2,3,2,1,42,38,7
3769351,0,877,0,40,2,10,2,1,68,46,7
3825808,0,877,0,40,2,1,2,1,28,10,7
3784069,0,877,0,40,3,10,2,1,81,30,7
3827402,0,877,0,40,3,1,2,1,24,40,7
3811045,0,877,0,40,3,8,2,1,52,87,7
3824261,0,877,0,40,3,2,2,1,29,26,7
3827836,0,877,0,40,2,1,2,1,21,72,7
3819956,0,877,0,40,3,3,2,1,32,34,7
3804385,0,877,0,40,2,4,2,1,31,54,7
3829650,0,877,0,40,3,1,2,1,19,37,7
3814979,0,877,0,40,2,5,2,1,43,17,7
3810984,0,877,0,40,2,7,2,1,56,82,7
3825369,0,877,0,40,3,3,2,1,20,30,7
3805904,0,877,0,40,2,5,2,1,49,52,7
3822881,0,877,0,40,3,3,2,1,23,50,7
3805359,0,877,0,40,2,4,2,1,48,34,7
3818022,0,877,0,40,3,4,2,1,37,44,7
3807464,0,877,0,40,3,9,2,1,58,60,7
3824909,0,877,0,40,2,2,2,1,25,35,7
3828618,0,877,0,40,2,2,2,1,17,43,7
3830843,0,877,0,40,3,1,2,1,15,80,7
3819716,0,877,0,40,2,3,2,1,24,57,7
3812982,0,877,0,40,2,3,2,1,50,55,7
3804614,0,877,0,40,3,4,2,1,39,35,7
3828526,0,877,0,40,3,2,2,1,17,41,7
3831705,0,877,0,40,3,1,2,1,14,17,7
3832103,0,877,0,40,3,1,2,1,14,33,7
3767242,0,877,0,40,2,11,2,1,78,40,7
3818316,0,877,0,40,2,4,2,1,28,32,7
3819277,0,877,0,40,3,3,2,1,33,70,7
3827066,0,877,0,40,3,2,2,1,16,36,7
3828091,0,877,0,40,2,2,2,1,21,41,7
3825344,0,877,0,40,2,3,2,1,22,21,7
3832450,0,877,0,40,3,1,2,1,13,28,7
3820785,0,877,0,40,3,4,2,1,28,19,7
3818571,0,877,0,40,3,6,2,1,25,38,7
3824739,0,877,0,40,3,3,2,1,22,86,7
3806464,0,877,0,40,3,3,2,1,21,21,7
3806985,0,877,0,40,2,7,2,1,38,30,7
3818128,0,877,0,40,3,3,2,1,41,34,7
3828624,0,877,0,40,3,2,2,1,19,38,7
3832953,0,877,0,40,2,1,2,1,12,17,7
3833267,0,877,0,40,3,1,2,1,12,65,7
3813948,0,877,0,40,2,6,2,1,36,29,7
3804685,0,877,0,40,3,9,2,1,53,43,7
3827324,0,877,0,40,3,3,2,1,14,61,7
3803939,0,877,0,40,3,4,2,1,29,27,7
3820317,0,877,0,40,2,4,2,1,38,15,7
3807471,0,877,0,40,2,6,2,1,46,50,7
3832657,0,877,0,40,3,1,2,1,11,12,7
3833578,0,877,0,40,3,1,2,1,11,27,7
3827955,0,877,0,40,3,2,2,1,13,56,7
3828365,0,877,0,40,2,2,2,1,14,39,7
3826516,0,877,0,40,3,3,2,1,19,41,7
3794630,1,877,848,40,2,10,2,1,63,29,7
3803047,0,877,0,40,2,8,2,1,45,31,7
3820181,0,877,0,40,2,4,2,1,23,33,7
3830410,0,877,0,40,3,2,2,1,12,17,7
3821723,0,877,0,40,2,5,2,1,17,89,7
3807376,0,877,0,40,2,7,2,1,36,48,7
3833000,0,877,0,40,3,1,2,1,10,16,7
3834093,0,877,0,40,2,1,2,1,10,32,7
3834401,0,877,0,40,3,1,2,1,10,58,7
3803488,0,877,0,40,2,3,2,1,36,38,7
3826319,0,877,0,40,3,2,2,1,27,36,7
3828180,0,877,0,40,3,1,2,1,22,23,7
3828644,0,877,0,40,3,1,2,1,22,41,7
3828830,0,877,0,40,2,1,2,1,22,42,7
3810001,0,877,0,40,3,4,2,1,67,63,7
3818798,0,877,0,40,2,3,2,1,27,72,7
3806530,0,877,0,40,2,1,2,1,24,58,7
3824793,0,877,0,40,2,2,2,1,22,20,7
3828010,0,877,0,40,3,2,2,1,20,68,7
3826698,0,877,0,40,2,2,2,1,26,48,7
3825558,0,877,0,40,2,2,2,1,22,22,7
3821276,0,877,0,40,3,4,2,1,27,46,7
3817261,0,877,0,40,3,4,2,1,29,70,7
3820517,0,877,0,40,2,3,2,1,36,83,7
3801821,0,877,0,40,3,8,2,1,59,77,7
3803641,0,877,0,40,2,5,2,1,33,21,7
3806953,0,877,0,40,2,13,2,1,56,86,7
3806303,0,877,0,40,3,6,2,1,53,42,7
3823159,0,877,0,40,3,3,2,1,19,60,7
3829242,0,877,0,40,2,2,2,1,15,56,7
3806083,0,877,0,40,2,7,2,1,40,40,7
3830536,0,877,0,40,3,2,2,1,15,49,7
3806721,0,877,0,40,3,4,2,1,19,90,7
3832597,0,877,0,40,2,1,2,1,11,14,7
3830529,0,877,0,40,3,2,2,1,12,45,7
3830253,0,877,0,40,3,2,2,1,15,59,7
3811802,0,877,0,40,2,7,2,1,51,22,7
3816288,0,877,0,40,2,6,2,1,28,35,7
3833940,0,877,0,40,2,1,2,1,10,27,7
3834818,0,877,0,40,3,1,2,1,10,67,7
3769922,0,877,0,40,3,6,2,1,121,28,7
3810650,0,877,0,40,3,8,2,1,51,77,7
3813852,0,877,0,40,2,6,2,1,42,46,7
3818806,0,877,0,40,3,4,2,1,30,65,7
3813524,0,877,0,40,3,7,2,1,44,44,7
3821764,2,877,0,40,3,5,2,1,20,64,7
3832693,0,877,0,40,3,0,2,1,9,17,7
3832924,0,877,0,40,2,0,2,1,9,50,7
3833020,0,877,0,40,3,0,2,1,9,78,7
3833196,0,877,0,40,2,0,2,1,9,31,7
3833419,0,877,0,40,2,0,2,1,9,102,7
3833515,0,877,0,40,2,0,2,1,9,24,7
3833771,0,877,0,40,3,0,2,1,9,15,7
3833803,0,877,0,40,2,0,2,1,9,86,7
3833867,0,877,0,40,2,0,2,1,9,63,7
3833938,0,877,0,40,2,0,2,1,9,70,7
3834034,0,877,0,40,2,0,2,1,9,38,7
3834050,0,877,0,40,3,0,2,1,9,45,7
3834066,0,877,0,40,3,0,2,1,9,31,7
3834098,0,877,0,40,3,0,2,1,9,84,7
3834114,0,877,0,40,3,0,2,1,9,41,7
3834306,0,877,0,40,2,0,2,1,9,50,7
3834386,0,877,0,40,2,0,2,1,9,37,7
3834413,0,877,0,40,3,0,2,1,9,53,7
3834445,0,877,0,40,2,0,2,1,9,98,7
3834485,0,877,0,40,3,0,2,1,9,40,7
3834525,0,877,0,40,3,0,2,1,9,39,7
3834549,0,877,0,40,2,0,2,1,9,31,7
3834557,0,877,0,40,3,0,2,1,9,42,7
3834589,0,877,0,40,3,0,2,1,9,91,7
3834613,0,877,0,40,3,0,2,1,9,26,7
3834637,0,877,0,40,3,0,2,1,9,28,7
3834645,0,877,0,40,3,0,2,1,9,35,7
3834717,0,877,0,40,3,0,2,1,9,32,7
3834741,0,877,0,40,2,0,2,1,9,69,7
3834757,0,877,0,40,2,0,2,1,9,35,7
3834781,0,877,0,40,2,0,2,1,9,46,7
3834789,0,877,0,40,2,0,2,1,9,59,7
3834805,0,877,0,40,2,0,2,1,9,12,7
3834885,0,877,0,40,3,0,2,1,9,18,7
3834893,0,877,0,40,2,0,2,1,9,64,7
3834907,0,877,0,40,3,0,2,1,9,45,7
3834923,0,877,0,40,2,0,2,1,9,25,7
3834935,0,877,0,40,3,0,2,1,9,49,7
3834943,0,877,0,40,2,0,2,1,9,35,7
3834955,0,877,0,40,3,0,2,1,9,49,7
3834963,0,877,0,40,3,0,2,1,9,44,7
3834967,0,877,0,40,2,0,2,1,9,30,7
3834975,0,877,0,40,3,0,2,1,9,12,7
3834983,0,877,0,40,3,0,2,1,9,26,7
3835015,0,877,0,40,3,0,2,1,9,16,7
3835023,0,877,0,40,3,0,2,1,9,59,7
3835035,0,877,0,40,2,0,2,1,9,67,7
3835039,0,877,0,40,2,0,2,1,9,31,7
3835051,0,877,0,40,3,0,2,1,9,69,7
3835067,0,877,0,40,3,0,2,1,9,33,7
3835071,0,877,0,40,3,0,2,1,9,95,7
3835075,0,877,0,40,2,0,2,1,9,23,7
3835111,0,877,0,40,3,0,2,1,9,65,7
3835115,0,877,0,40,2,0,2,1,9,56,7
3835119,0,877,0,40,3,0,2,1,9,28,7
3835139,0,877,0,40,3,0,2,1,9,43,7
3835179,0,877,0,40,2,0,2,1,9,33,7
3835207,0,877,0,40,2,0,2,1,9,57,7
3835211,0,877,0,40,2,0,2,1,9,37,7
3835227,0,877,0,40,3,0,2,1,9,97,7
3835235,0,877,0,40,3,0,2,1,9,43,7
3835243,0,877,0,40,2,0,2,1,9,24,7
3835255,0,877,0,40,2,0,2,1,9,65,7
3835259,0,877,0,40,3,0,2,1,9,22,7
3835271,0,877,0,40,2,0,2,1,9,45,7
3835315,0,877,0,40,3,0,2,1,9,51,7
3835337,0,877,0,40,3,0,2,1,9,60,7
3835341,0,877,0,40,3,0,2,1,9,38,7
3835361,0,877,0,40,2,0,2,1,9,30,7
3835365,0,877,0,40,3,0,2,1,9,107,7
3835377,0,877,0,40,2,0,2,1,9,57,7
3835389,0,877,0,40,3,0,2,1,9,47,7
3835401,0,877,0,40,3,0,2,1,9,20,7
3835413,0,877,0,40,3,0,2,1,9,47,7
3835417,0,877,0,40,2,0,2,1,9,20,7
3835421,0,877,0,40,3,0,2,1,9,30,7
3835432,0,877,0,40,3,0,2,1,9,13,7
3835440,0,877,0,40,3,0,2,1,9,27,7
3835454,0,877,0,40,2,0,2,1,9,57,7
3835468,0,877,0,40,2,0,2,1,9,20,7
3835476,0,877,0,40,2,0,2,1,9,18,7
3835494,0,877,0,40,3,0,2,1,9,16,7
3835498,0,877,0,40,2,0,2,1,9,33,7
3835502,0,877,0,40,3,0,2,1,9,30,7
3835508,0,877,0,40,3,0,2,1,9,36,7
3835514,0,877,0,40,3,0,2,1,9,33,7
3835524,0,877,0,40,2,0,2,1,9,40,7
3835536,0,877,0,40,2,0,2,1,9,22,7
3835542,0,877,0,40,3,0,2,1,9,37,7
3835546,0,877,0,40,2,0,2,1,9,30,7
3835548,0,877,0,40,2,0,2,1,9,23,7
3835552,0,877,0,40,2,0,2,1,9,59,7
3835556,0,877,0,40,3,0,2,1,9,51,7
3835564,0,877,0,40,2,0,2,1,9,59,7
3835570,0,877,0,40,3,0,2,1,9,62,7
3835580,0,877,0,40,2,0,2,1,9,36,7
3835582,0,877,0,40,3,0,2,1,9,24,7
3835586,0,877,0,40,3,0,2,1,9,32,7
3835594,0,877,0,40,3,0,2,1,9,27,7
3835596,0,877,0,40,3,0,2,1,9,38,7
3835598,0,877,0,40,2,0,2,1,9,32,7
3835600,0,877,0,40,3,0,2,1,9,62,7
3835614,0,877,0,40,2,0,2,1,9,89,7
3835618,0,877,0,40,3,0,2,1,9,34,7
3835628,0,877,0,40,3,0,2,1,9,57,7
3835636,0,877,0,40,2,0,2,1,9,52,7
3835640,0,877,0,40,2,0,2,1,9,46,7
3835642,0,877,0,40,3,0,2,1,9,93,7
3835646,0,877,0,40,2,0,2,1,9,33,7
3835650,0,877,0,40,3,0,2,1,9,16,7
3835652,0,877,0,40,2,0,2,1,9,22,7
3835662,0,877,0,40,2,0,2,1,9,77,7
3835686,0,877,0,40,2,0,2,1,9,41,7
3835690,0,877,0,40,2,0,2,1,9,74,7
3835694,0,877,0,40,2,0,2,1,9,28,7
3835700,0,877,0,40,3,0,2,1,9,60,7
3835710,0,877,0,40,3,0,2,1,9,41,7
3835730,0,877,0,40,2,0,2,1,9,79,7
3835736,0,877,0,40,3,0,2,1,9,62,7
3835738,0,877,0,40,3,0,2,1,9,56,7
3835742,0,877,0,40,3,0,2,1,9,29,7
3835766,0,877,0,40,2,0,2,1,9,11,7
3835770,0,877,0,40,2,0,2,1,9,91,7
3835778,0,877,0,40,2,0,2,1,9,67,7
3835784,0,877,0,40,2,0,2,1,9,128,7
3835786,0,877,0,40,3,0,2,1,9,54,7
3835792,0,877,0,40,2,0,2,1,9,58,7
3835794,0,877,0,40,3,0,2,1,9,63,7
3835796,0,877,0,40,3,0,2,1,9,42,7
3835802,0,877,0,40,2,0,2,1,9,77,7
3835808,0,877,0,40,2,0,2,1,9,69,7
3835812,0,877,0,40,2,0,2,1,9,36,7
3835816,0,877,0,40,2,0,2,1,9,37,7
3835822,0,877,0,40,3,0,2,1,9,32,7
3835832,0,877,0,40,2,0,2,1,9,83,7
3835834,0,877,0,40,2,0,2,1,9,40,7
3835842,0,877,0,40,3,0,2,1,9,47,7
3835844,0,877,0,40,2,0,2,1,9,27,7
3835870,0,877,0,40,3,0,2,1,9,87,7
3835872,0,877,0,40,2,0,2,1,9,30,7
3835874,0,877,0,40,3,0,2,1,9,35,7
3835892,0,877,0,40,3,0,2,1,9,38,7
3835894,0,877,0,40,3,0,2,1,9,49,7
3835902,0,877,0,40,3,0,2,1,9,22,7
3835904,0,877,0,40,2,0,2,1,9,76,7
3835910,0,877,0,40,2,0,2,1,9,36,7
3835920,0,877,0,40,3,0,2,1,9,32,7
3835928,0,877,0,40,3,0,2,1,9,31,7
3835942,0,877,0,40,3,0,2,1,9,46,7
3835944,0,877,0,40,3,0,2,1,9,78,7
3835974,0,877,0,40,3,0,2,1,9,53,7
3803456,0,877,0,40,2,0,2,1,11,21,7
3779667,0,877,0,40,3,9,2,1,44,38,7
3804651,0,877,0,40,2,0,2,1,9,22,7
3804491,0,877,0,40,2,0,2,1,12,34,7
3804649,0,877,0,40,3,0,2,1,15,28,7
3806129,0,877,0,40,3,2,2,1,17,30,7
3807420,0,877,0,40,3,0,2,1,9,19,7
3807000,0,877,0,40,3,2,2,1,12,39,7
3807311,0,877,0,40,2,3,2,1,29,20,7
3819620,0,877,0,40,2,3,2,1,23,68,7
3822987,0,877,0,40,3,2,2,1,17,54,7
3806752,0,877,0,40,2,11,2,1,52,41,7
3822873,0,877,0,40,3,3,2,1,19,36,7
3806098,0,877,0,40,3,2,2,1,13,34,7
3804230,0,877,0,40,2,5,2,1,35,38,7
3825434,0,877,0,40,2,1,2,1,17,31,7
3805179,0,877,0,40,3,3,2,1,29,58,7
3813604,0,877,0,40,2,3,2,1,42,36,7
3801531,0,877,0,40,3,5,2,1,37,100,7
3817650,0,877,0,40,2,3,2,1,23,54,7
3818650,0,877,0,40,3,3,2,1,26,39,7
3824832,0,877,0,40,3,2,2,1,17,74,7
3830027,0,877,0,40,2,1,2,1,9,43,7
3803774,0,877,0,40,2,5,2,1,47,43,7
3820723,0,877,0,40,3,3,2,1,19,28,7
3817557,0,877,0,40,2,2,2,1,35,16,7
3825304,0,877,0,40,3,2,2,1,16,21,7
3815355,0,877,0,40,2,5,2,1,35,55,7
3817233,0,877,0,40,2,4,2,1,33,26,7
3809376,0,877,0,40,2,9,2,1,36,152,7
3816965,0,877,0,40,2,4,2,1,33,42,7
3806338,0,877,0,40,2,10,2,1,67,48,7
3825893,0,877,0,40,2,2,2,1,11,82,7
3808019,0,877,0,40,3,8,2,1,50,19,7
3812641,0,877,0,40,2,7,2,1,39,58,7
3817897,0,877,0,40,2,2,2,1,32,70,7
3826618,0,877,0,40,2,1,2,1,19,11,7
3825378,0,877,0,40,2,1,2,1,18,17,7
3824837,0,877,0,40,2,2,2,1,20,61,7
3827207,0,877,0,40,2,2,2,1,16,52,7
3804202,0,877,0,40,2,4,2,1,31,36,7
3828772,0,877,0,40,2,1,2,1,14,24,7
3804284,0,877,0,40,3,2,2,1,23,37,7
3812645,0,877,0,40,3,4,2,1,43,33,7
3819660,0,877,0,40,3,3,2,1,26,85,7
3805336,0,877,0,40,3,5,2,1,29,31,7
3830145,0,877,0,40,3,1,2,1,11,45,7
3806797,0,877,0,40,3,2,2,1,14,39,7
3823638,0,877,0,40,2,2,2,1,21,60,7
3826463,0,877,0,40,3,2,2,1,13,42,7
3811424,0,877,0,40,3,5,2,1,45,27,7
3802503,0,877,0,40,3,7,2,1,31,63,7
3815811,0,877,0,40,3,5,2,1,35,47,7
3820886,0,877,0,40,3,3,2,1,28,91,7
3824624,0,877,0,40,3,2,2,1,21,29,7
3809855,0,877,0,40,3,7,2,1,47,62,7
3803145,0,877,0,40,3,3,2,1,30,48,7
3827498,0,877,0,40,2,1,2,1,18,23,7
3823606,0,877,0,40,2,2,2,1,22,78,7
3822263,0,877,0,40,2,2,2,1,25,21,7
3798259,0,877,0,40,2,3,2,1,38,57,7
3817753,0,877,0,40,2,3,2,1,32,54,7
3812182,0,877,0,40,2,6,2,1,37,34,7
3819907,0,877,0,40,2,2,2,1,26,70,7
3825300,0,877,0,40,3,2,2,1,18,59,7
3816856,0,877,0,40,2,3,2,1,35,30,7
3765030,0,877,0,40,2,11,2,1,98,45,7
3826552,0,877,0,40,2,2,2,1,15,51,7
3825200,0,877,0,40,2,2,2,1,18,73,7
3829811,0,877,0,40,3,1,2,1,12,40,7
3810562,0,877,0,40,2,7,2,1,42,46,7
3820367,0,877,0,40,2,3,2,1,18,55,7
3802494,0,877,0,40,3,10,2,1,42,39,7
3828060,0,877,0,40,2,2,2,1,13,26,7
3818576,0,877,0,40,3,3,2,1,32,49,7
3803680,0,877,0,40,2,3,2,1,29,54,7
3800972,0,877,0,40,3,8,2,1,37,66,7
3819410,0,877,0,40,3,3,2,1,31,29,7
3814201,0,877,0,40,2,5,2,1,26,56,7
3824931,0,877,0,40,2,2,2,1,20,34,7
3818635,0,877,0,40,2,4,2,1,21,19,7
3822904,0,877,0,40,2,3,2,1,18,19,7
3829566,0,877,0,40,2,2,2,1,10,24,7
3829766,0,877,0,40,3,2,2,1,12,18,7
3831276,0,877,0,40,3,1,2,1,9,50,7
3825427,0,877,0,40,3,1,2,1,24,30,7
3825828,0,877,0,40,2,1,2,1,23,27,7
3817347,0,877,0,40,3,4,2,1,28,59,7
3796891,0,877,0,40,3,6,2,1,51,26,7
3827031,0,877,0,40,2,1,2,1,20,48,7
3804618,0,877,0,40,2,6,2,1,40,36,7
3821118,0,877,0,40,3,4,2,1,29,22,7
3819818,0,877,0,40,2,3,2,1,31,25,7
3816483,0,877,0,40,2,4,2,1,40,58,7
3825910,0,877,0,40,3,2,2,1,20,28,7
3818303,0,877,0,40,2,4,2,1,27,41,7
3801291,0,877,0,40,2,10,2,1,57,24,7
3825221,0,877,0,40,3,2,2,1,16,58,7
3804816,0,877,0,40,2,3,2,1,24,44,7
3827383,0,877,0,40,2,1,2,1,15,32,7
3814532,0,877,0,40,2,6,2,1,36,64,7
3826125,0,877,0,40,3,2,2,1,20,52,7
3822168,0,877,0,40,3,3,2,1,21,17,7
3829750,0,877,0,40,3,1,2,1,14,50,7
3821643,0,877,0,40,3,4,2,1,20,31,7
3808780,0,877,0,40,2,1,2,1,13,42,7
3819610,0,877,0,40,3,4,2,1,26,72,7
3823428,0,877,0,40,3,3,2,1,23,63,7
3811297,0,877,0,40,2,7,2,1,50,43,7
3818135,0,877,0,40,3,4,2,1,34,23,7
3818893,0,877,0,40,2,4,2,1,27,27,7
3817206,0,877,0,40,2,5,2,1,31,46,7
3822114,0,877,0,40,2,4,2,1,16,39,7
3810729,0,877,0,40,2,6,2,1,54,87,7
3830755,0,877,0,40,2,1,2,1,10,51,7
3822726,0,877,0,40,3,2,2,1,23,77,7
3814775,0,877,0,40,3,4,2,1,40,74,7
3800312,0,877,0,40,2,4,2,1,34,17,7
3805623,0,877,0,40,2,3,2,1,23,53,7
3810013,0,877,0,40,2,4,2,1,56,103,7
3822702,0,877,0,40,2,1,2,1,30,34,7
3815551,0,877,0,40,2,3,2,1,43,38,7
3799349,0,877,0,40,2,6,2,1,49,64,7
3813736,0,877,0,40,2,4,2,1,39,13,7
3816757,0,877,0,40,2,4,2,1,35,57,7
3820775,0,877,0,40,2,4,2,1,30,53,7
3807451,0,877,0,40,2,3,2,1,35,19,7
3825449,0,877,0,40,2,2,2,1,23,81,7
3809153,0,877,0,40,3,5,2,1,57,28,7
3819409,0,877,0,40,2,3,2,1,31,33,7
3822315,0,877,0,40,2,2,2,1,25,16,7
3812281,0,877,0,40,2,5,2,1,42,21,7
3816560,0,877,0,40,3,4,2,1,29,45,7
3817301,0,877,0,40,3,5,2,1,26,45,7
3795792,0,877,0,40,3,6,2,1,45,46,7
3813869,0,877,0,40,3,3,2,1,40,41,7
3815724,0,877,0,40,3,5,2,1,34,38,7
3814748,0,877,0,40,2,4,2,1,37,60,7
3817235,0,877,0,40,2,4,2,1,25,27,7
3828002,0,877,0,40,3,2,2,1,17,19,7
3828727,0,877,0,40,2,1,2,1,16,42,7
3825425,0,877,0,40,2,2,2,1,19,43,7
3803321,0,877,0,40,3,2,2,1,17,76,7
3829580,0,877,0,40,2,1,2,1,15,18,7
3808255,0,877,0,40,3,6,2,1,57,46,7
3819369,0,877,0,40,2,3,2,1,29,27,7
3820733,0,877,0,40,2,4,2,1,22,38,7
3809886,0,877,0,40,2,4,2,1,69,62,7
3828757,0,877,0,40,3,1,2,1,14,56,7
3829695,0,877,0,40,3,1,2,1,14,42,7
3806308,0,877,0,40,3,1,2,1,27,38,7
3818737,0,877,0,40,3,3,2,1,25,98,7
3822991,0,877,0,40,3,2,2,1,19,35,7
3819793,0,877,0,40,3,4,2,1,21,89,7
3813646,0,877,0,40,2,6,2,1,34,26,7
3817859,0,877,0,40,2,4,2,1,33,36,7
3805322,0,877,0,40,3,4,2,1,38,44,7
3830718,0,877,0,40,2,1,2,1,13,30,7
3799789,0,877,0,40,2,6,2,1,45,79,7
3816561,0,877,0,40,3,5,2,1,25,54,7
3822898,0,877,0,40,2,2,2,1,27,49,7
3815622,0,877,0,40,3,5,2,1,36,77,7
3831285,0,877,0,40,2,1,2,1,12,37,7
3812716,0,877,0,40,3,7,2,1,31,40,7
3822835,0,877,0,40,3,4,2,1,22,22,7
3794436,0,877,0,40,3,4,2,1,33,42,7
3826576,0,877,0,40,3,3,2,1,16,53,7
3828699,0,877,0,40,2,2,2,1,13,26,7
3816869,0,877,0,40,2,7,2,1,25,38,7
3831408,0,877,0,40,2,1,2,1,11,53,7
3808520,0,877,0,40,2,1,2,1,13,56,7
3811196,0,877,0,40,2,7,2,1,40,31,7
3825899,0,877,0,40,3,2,2,1,18,137,7
3816799,0,877,0,40,2,4,2,1,36,22,7
3806776,0,877,0,40,3,2,2,1,15,37,7
3824001,0,877,0,40,2,2,2,1,24,54,7
3811795,0,877,0,40,3,6,2,1,44,72,7
3808193,0,877,0,40,3,4,2,1,21,11,7
3827316,0,877,0,40,2,3,2,1,15,45,7
3828105,0,877,0,40,3,3,2,1,15,49,7
3831406,0,877,0,40,2,1,2,1,10,29,7
3819773,0,877,0,40,2,4,2,1,25,44,7
3826545,0,877,0,40,3,2,2,1,13,36,7
3805747,0,877,0,40,2,6,2,1,28,25,7
3828073,0,877,0,40,3,2,2,1,15,41,7
3827819,0,877,0,40,3,3,2,1,13,19,7
3806759,0,877,0,40,2,4,2,1,31,48,7
3817390,0,877,0,40,3,7,2,1,32,64,7
3816850,0,877,0,40,3,4,2,1,40,67,7
3821990,0,877,0,40,2,5,2,1,20,51,7
3831471,0,877,0,40,2,1,2,1,9,39,7
3831994,0,877,0,40,2,1,2,1,9,45,7
3832498,0,877,0,40,2,1,2,1,9,55,7
3820981,0,877,0,40,3,1,2,1,37,82,7
3807656,0,877,0,40,2,3,2,1,38,41,7
3814531,0,877,0,40,3,3,2,1,49,17,7
3826029,0,877,0,40,2,1,2,1,24,32,7
3810161,0,877,0,40,2,6,2,1,53,44,7
3812008,0,877,0,40,2,5,2,1,50,21,7
3823441,0,877,0,40,3,2,2,1,22,103,7
3816922,0,877,0,40,3,5,2,1,30,66,7
3825725,0,877,0,40,2,2,2,1,22,19,7
3817187,0,877,0,40,2,2,2,1,40,47,7
3823787,0,877,0,40,2,2,2,1,24,69,7
3814069,0,877,0,40,3,6,2,1,37,51,7
3818594,0,877,0,40,2,4,2,1,28,14,7
3828100,0,877,0,40,2,1,2,1,18,35,7
3794469,0,877,0,40,3,8,2,1,59,24,7
3828570,0,877,0,40,2,1,2,1,17,12,7
3829133,0,877,0,40,2,1,2,1,17,35,7
3813442,0,877,0,40,3,7,2,1,34,38,7
3818549,0,877,0,40,2,4,2,1,27,57,7
3810806,0,877,0,40,3,6,2,1,45,55,7
3824383,0,877,0,40,2,2,2,1,24,17,7
3812947,0,877,0,40,2,5,2,1,43,36,7
3806109,0,877,0,40,2,2,2,1,26,34,7
3829936,0,877,0,40,3,1,2,1,16,73,7
3807201,0,877,0,40,3,3,2,1,20,49,7
3829492,0,877,0,40,3,1,2,1,15,67,7
3816282,0,877,0,40,3,5,2,1,31,26,7
3820725,0,877,0,40,2,2,2,1,32,18,7
3808001,0,877,0,40,3,10,2,1,49,40,7
3808334,0,877,0,40,2,6,2,1,64,61,7
3830174,0,877,0,40,3,1,2,1,14,21,7
3830350,0,877,0,40,2,1,2,1,14,10,7
3817856,0,877,0,40,2,2,2,1,38,39,7
3806035,0,877,0,40,2,5,2,1,45,51,7
3817429,0,877,0,40,3,5,2,1,28,20,7
3826336,0,877,0,40,2,2,2,1,19,27,7
3794408,0,877,0,40,2,8,2,1,51,43,7
3831029,0,877,0,40,2,1,2,1,13,32,7
3805264,0,877,0,40,3,5,2,1,39,39,7
3809300,0,877,0,40,3,7,2,1,46,61,7
3813471,0,877,0,40,2,6,2,1,38,50,7
3822025,0,877,0,40,3,4,2,1,18,41,7
3809189,0,877,0,40,2,8,2,1,50,47,7
3812285,0,877,0,40,2,7,2,1,41,69,7
3831036,0,877,0,40,2,1,2,1,12,63,7
3831472,0,877,0,40,2,1,2,1,12,20,7
3831618,0,877,0,40,3,1,2,1,12,29,7
3801092,0,877,0,40,2,2,2,1,15,67,7
3822170,0,877,0,40,2,2,2,1,25,61,7
3819650,0,877,0,40,3,5,2,1,20,47,7
3822129,0,877,0,40,3,2,2,1,19,109,7
3816488,0,877,0,40,3,4,2,1,35,44,7
3816260,0,877,0,40,2,4,2,1,35,19,7
3815402,0,877,0,40,3,5,2,1,31,62,7
3805117,0,877,0,40,2,3,2,1,16,56,7
3810204,0,877,0,40,2,8,2,1,41,57,7
3804550,0,877,0,40,3,6,2,1,37,36,7
3807275,0,877,0,40,3,4,2,1,39,38,7
3822871,0,877,0,40,2,4,2,1,21,41,7
3831741,0,877,0,40,2,1,2,1,11,36,7
3831949,0,877,0,40,3,1,2,1,11,52,7
3832195,0,877,0,40,2,1,2,1,11,85,7
3780545,0,877,0,40,3,10,2,1,58,81,7
3822692,0,877,0,40,3,2,2,1,15,33,7
3811404,0,877,0,40,2,7,2,1,31,30,7
3806466,0,877,0,40,2,5,2,1,56,25,7
3817460,0,877,0,40,2,4,2,1,31,41,7
3819434,0,877,0,40,3,4,2,1,22,39,7
3826293,0,877,0,40,2,3,2,1,14,46,7
3801927,0,877,0,40,3,4,2,1,31,63,7
3815558,0,877,0,40,3,5,2,1,33,40,7
3823279,0,877,0,40,2,3,2,1,18,44,7
3798676,0,877,0,40,2,11,2,1,52,25,7
3808250,0,877,0,40,3,3,2,1,18,45,7
3825036,0,877,0,40,2,3,2,1,20,38,7
3825989,0,877,0,40,3,3,2,1,15,44,7
3823964,0,877,0,40,3,4,2,1,19,37,7
3813189,0,877,0,40,2,8,2,1,37,61,7
3829581,0,877,0,40,2,2,2,1,11,35,7
3811743,0,877,0,40,3,5,2,1,48,22,7
3829915,0,877,0,40,2,2,2,1,14,48,7
3832390,0,877,0,40,2,1,2,1,10,36,7
3832558,0,877,0,40,2,1,2,1,10,33,7
3832896,0,877,0,40,3,1,2,1,10,57,7
3801787,0,877,0,40,2,3,2,1,16,54,7
3805102,0,877,0,40,2,6,2,1,31,53,7
3825013,0,877,0,40,2,3,2,1,18,84,7
3800178,0,877,0,40,2,8,2,1,55,64,7
3812901,0,877,0,40,2,7,2,1,39,67,7
3824330,0,877,0,40,3,2,2,1,21,34,7
3802999,0,877,0,40,3,3,2,1,17,41,7
3828227,0,877,0,40,2,2,2,1,15,60,7
3829126,0,877,0,40,2,2,2,1,12,114,7
3828026,0,877,0,40,2,2,2,1,16,40,7
3817267,0,877,0,40,2,4,2,1,34,41,7
3820025,0,877,0,40,3,5,2,1,23,64,7
3827802,0,877,0,40,3,3,2,1,15,11,7
3832623,0,877,0,40,3,1,2,1,9,70,7
3833265,0,877,0,40,3,1,2,1,9,51,7
3833371,0,877,0,40,3,1,2,1,9,19,7
3823631,0,877,0,40,2,1,2,1,30,59,7
3804519,0,877,0,40,3,6,2,1,54,69,7
3807708,0,877,0,40,3,9,2,1,60,56,7
3814236,0,877,0,40,2,5,2,1,38,27,7
3813262,0,877,0,40,2,3,2,1,48,41,7
3821618,0,877,0,40,3,3,2,1,28,46,7
3816176,0,877,0,40,3,4,2,1,41,40,7
3812549,0,877,0,40,2,4,2,1,51,46,7
3807539,0,877,0,40,2,4,2,1,40,50,7
3825391,0,877,0,40,3,2,2,1,22,70,7
3825262,0,877,0,40,2,2,2,1,21,25,7
3804350,0,877,0,40,3,8,2,1,40,18,7
3828313,0,877,0,40,3,1,2,1,20,76,7
3801398,0,877,0,40,3,2,2,1,34,44,7
3795119,0,877,0,40,2,8,2,1,58,19,7
3828766,0,877,0,40,3,1,2,1,19,56,7
3804939,0,877,0,40,2,2,2,1,21,21,7
3823180,0,877,0,40,2,3,2,1,25,15,7
3829011,0,877,0,40,3,1,2,1,18,62,7
3814325,0,877,0,40,2,6,2,1,29,30,7
3828833,0,877,0,40,3,1,2,1,17,36,7
3801138,0,877,0,40,2,3,2,1,32,48,7
3821933,0,877,0,40,2,4,2,1,24,35,7
3830207,0,877,0,40,3,1,2,1,16,25,7
3830453,0,877,0,40,2,1,2,1,16,77,7
3822328,0,877,0,40,2,2,2,1,31,35,7
3820130,0,877,0,40,2,4,2,1,31,56,7
3824316,0,877,0,40,3,3,2,1,22,47,7
3830130,0,877,0,40,2,1,2,1,15,63,7
3811667,0,877,0,40,2,4,2,1,50,56,7
3801912,0,877,0,40,3,4,2,1,55,14,7
3809706,0,877,0,40,3,5,2,1,52,12,7
3804846,0,877,0,40,2,5,2,1,38,45,7
3814794,0,877,0,40,2,7,2,1,31,30,7
3823731,0,877,0,40,2,3,2,1,23,28,7
3830100,0,877,0,40,3,1,2,1,14,24,7
3830673,0,877,0,40,2,1,2,1,14,55,7
3831055,0,877,0,40,2,1,2,1,14,18,7
3804137,0,877,0,40,3,1,2,1,19,44,7
3814416,0,877,0,40,2,5,2,1,28,89,7
3826056,0,877,0,40,2,2,2,1,16,46,7
3804419,0,877,0,40,2,4,2,1,36,33,7
3814669,0,877,0,40,3,4,2,1,45,22,7
3821870,0,877,0,40,2,5,2,1,18,46,7
3827678,0,877,0,40,3,2,2,1,19,37,7
3824905,0,877,0,40,2,2,2,1,27,38,7
3831518,0,877,0,40,2,1,2,1,13,28,7
3823674,0,877,0,40,3,3,2,1,17,27,7
3806402,0,877,0,40,3,4,2,1,30,40,7
3825682,0,877,0,40,2,3,2,1,20,28,7
3805196,0,877,0,40,3,4,2,1,33,49,7
3812253,0,877,0,40,3,10,2,1,38,44,7
3821110,0,877,0,40,2,4,2,1,21,76,7
3831633,0,877,0,40,2,1,2,1,12,33,7
3832085,0,877,0,40,3,1,2,1,12,48,7
3804274,0,877,0,40,3,1,2,1,17,65,7
3824727,0,877,0,40,2,2,2,1,21,46,7
3827430,0,877,0,40,3,2,2,1,16,65,7
3826221,0,877,0,40,2,2,2,1,20,18,7
3807926,0,877,0,40,2,6,2,1,63,65,7
3829451,0,877,0,40,3,2,2,1,13,47,7
3828592,0,877,0,40,3,2,2,1,15,40,7
3825414,0,877,0,40,3,3,2,1,19,4,7
3823265,0,877,0,40,3,3,2,1,26,27,7
3809666,0,877,0,40,3,6,2,1,59,57,7
3831511,0,877,0,40,2,1,2,1,11,25,7
3832678,0,877,0,40,3,1,2,1,11,88,7
3801239,0,877,0,40,3,3,2,1,25,68,7
3808066,0,877,0,40,2,2,2,1,28,23,7
3815327,0,877,0,40,2,5,2,1,33,20,7
3818897,0,877,0,40,3,5,2,1,22,44,7
3805539,0,877,0,40,3,6,2,1,19,50,7
3829846,0,877,0,40,3,2,2,1,11,58,7
3823548,0,877,0,40,3,2,2,1,26,53,7
3807433,0,877,0,40,3,3,2,1,25,55,7
3805954,0,877,0,40,2,5,2,1,26,27,7
3798937,0,877,0,40,2,6,2,1,38,26,7
3826040,0,877,0,40,3,3,2,1,14,83,7
3816490,0,877,0,40,2,4,2,1,40,13,7
3828401,0,877,0,40,2,3,2,1,13,73,7
3825858,0,877,0,40,2,3,2,1,23,132,7
3814098,0,877,0,40,3,6,2,1,44,53,7
3832352,0,877,0,40,3,1,2,1,10,62,7
3832551,0,877,0,40,2,1,2,1,10,70,7
3833063,0,877,0,40,2,1,2,1,10,26,7
3827161,0,877,0,40,3,2,2,1,14,48,7
3807256,0,877,0,40,3,6,2,1,39,43,7
3828853,0,877,0,40,2,2,2,1,10,19,7
3816099,0,877,0,40,3,6,2,1,30,48,7
3827737,0,877,0,40,3,3,2,1,11,43,7
3827509,0,877,0,40,3,2,2,1,16,81,7
3823477,0,877,0,40,2,3,2,1,17,55,7
3817145,0,877,0,40,3,4,2,1,35,26,7
3769904,0,877,0,40,2,18,2,1,101,48,7
3808504,0,877,0,40,3,8,2,1,46,74,7
3815553,0,877,0,40,3,4,2,1,42,40,7
3822088,0,877,0,40,2,4,2,1,21,27,7
3830700,0,877,0,40,2,2,2,1,12,47,7
3816923,0,877,0,40,2,6,2,1,32,25,7
3805497,0,877,0,40,2,5,2,1,43,42,7
3812326,0,877,0,40,2,7,2,1,41,72,7
3830623,0,877,0,40,2,2,2,1,10,79,7
3833470,0,877,0,40,3,1,2,1,9,24,7
3833694,0,877,0,40,3,1,2,1,9,59,7
3833770,0,877,0,40,2,1,2,1,9,81,7
3833804,0,877,0,40,3,1,2,1,9,39,7
3833882,0,877,0,40,3,1,2,1,9,25,7
3806643,0,877,0,40,2,1,2,1,59,25,7
3805857,0,877,0,40,3,2,2,1,40,33,7
3817924,0,877,0,40,3,3,2,1,36,54,7
3818112,0,877,0,40,2,3,2,1,37,60,7
3815470,0,877,0,40,3,4,2,1,48,52,7
3819159,0,877,0,40,3,5,2,1,34,94,7
3827121,0,877,0,40,3,1,2,1,24,44,7
3810723,0,877,0,40,2,6,2,1,57,33,7
3766487,0,877,0,40,3,14,2,1,101,44,7
3806486,0,877,0,40,2,3,2,1,29,38,7
3820692,0,877,0,40,3,2,2,1,32,41,7
3803854,0,877,0,40,2,2,2,1,24,49,7
3812843,0,877,0,40,3,6,2,1,47,61,7
3825999,0,877,0,40,2,2,2,1,24,37,7
3802137,0,877,0,40,2,5,2,1,47,50,7
3822459,0,877,0,40,3,3,2,1,30,24,7
3809800,0,877,0,40,3,7,2,1,58,76,7
3824204,0,877,0,40,2,2,2,1,24,40,7
3825774,0,877,0,40,2,2,2,1,24,34,7
3820486,0,877,0,40,2,3,2,1,32,61,7
3775093,1,877,622,40,3,18,2,1,106,55,7
3756812,0,877,0,40,3,13,2,1,106,59,7
3825199,0,877,0,40,2,2,2,1,22,48,7
3824300,0,877,0,40,2,2,2,1,26,31,7
3804113,0,877,0,40,2,4,2,1,45,29,7
3812907,0,877,0,40,2,6,2,1,45,92,7
3812274,0,877,0,40,3,6,2,1,48,18,7
3806762,0,877,0,40,2,6,2,1,39,34,7
3807567,0,877,0,40,3,2,2,1,39,39,7
3807694,0,877,0,40,2,6,2,1,69,65,7
3806671,0,877,0,40,2,4,2,1,40,76,7
3806924,0,877,0,40,2,3,2,1,37,28,7
3830418,0,877,0,40,2,1,2,1,16,78,7
3826227,0,877,0,40,2,2,2,1,19,30,7
3828479,0,877,0,40,3,2,2,1,16,46,7
3811609,0,877,0,40,3,8,2,1,42,21,7
3830777,0,877,0,40,2,1,2,1,15,21,7
3831159,0,877,0,40,3,1,2,1,15,70,7
3831339,0,877,0,40,3,1,2,1,15,89,7
3807546,0,877,0,40,2,6,2,1,46,17,7
3817241,0,877,0,40,3,5,2,1,32,62,7
3805727,0,877,0,40,3,3,2,1,48,105,7
3826556,0,877,0,40,3,2,2,1,21,49,7
3831892,0,877,0,40,3,1,2,1,14,26,7
3831930,0,877,0,40,2,1,2,1,14,32,7
3819311,0,877,0,40,3,3,2,1,28,15,7
3826836,0,877,0,40,2,2,2,1,18,161,7
3803890,0,877,0,40,2,4,2,1,22,21,7
3828460,0,877,0,40,3,2,2,1,17,26,7
3823160,0,877,0,40,2,2,2,1,31,22,7
3806947,0,877,0,40,3,8,2,1,60,29,7
3830606,0,877,0,40,2,2,2,1,14,44,7
3831334,0,877,0,40,2,1,2,1,13,47,7
3831517,0,877,0,40,2,1,2,1,13,45,7
3805610,0,877,0,40,3,1,2,1,13,18,7
3804558,0,877,0,40,2,4,2,1,51,66,7
3819321,0,877,0,40,3,4,2,1,29,39,7
3768410,0,877,0,40,3,16,2,1,78,38,7
3820161,0,877,0,40,2,3,2,1,29,34,7
3825147,0,877,0,40,2,3,2,1,16,22,7
3804759,0,877,0,40,2,8,2,1,48,25,7
3808388,0,877,0,40,2,2,2,1,37,27,7
3803390,0,877,0,40,2,5,2,1,30,46,7
3825232,0,877,0,40,3,3,2,1,20,72,7
3811071,0,877,0,40,3,8,2,1,46,19,7
3823937,0,877,0,40,3,2,2,1,29,19,7
3832466,0,877,0,40,2,1,2,1,12,16,7
3832820,0,877,0,40,2,1,2,1,12,40,7
3822221,0,877,0,40,3,3,2,1,19,37,7
3820688,0,877,0,40,2,5,2,1,24,35,7
3801023,0,877,0,40,2,4,2,1,34,33,7
3819840,0,877,0,40,2,5,2,1,29,29,7
3823996,0,877,0,40,3,2,2,1,27,27,7
3806943,0,877,0,40,3,4,2,1,28,96,7
3830430,0,877,0,40,2,2,2,1,14,48,7
3825253,0,877,0,40,2,4,2,1,16,40,7
3827295,0,877,0,40,3,2,2,1,19,35,7
3831787,0,877,0,40,3,1,2,1,11,42,7
3832993,0,877,0,40,3,1,2,1,11,36,7
3833019,0,877,0,40,3,1,2,1,11,29,7
3833179,0,877,0,40,2,1,2,1,11,42,7
3823079,0,877,0,40,2,2,2,1,22,44,7
3824964,0,877,0,40,3,4,2,1,15,51,7
3803801,0,877,0,40,2,8,2,1,29,52,7
3830710,0,877,0,40,2,2,2,1,11,22,7
3816383,0,877,0,40,3,4,2,1,39,30,7
3804188,0,877,0,40,3,4,2,1,44,39,7
3798096,0,877,0,40,2,11,2,1,65,29,7
3832481,0,877,0,40,2,1,2,1,10,38,7
3833022,0,877,0,40,2,1,2,1,10,25,7
3833626,0,877,0,40,3,1,2,1,10,49,7
3833814,0,877,0,40,2,1,2,1,10,34,7
3821219,0,877,0,40,3,3,2,1,27,33,7
3828660,0,877,0,40,3,2,2,1,11,23,7
3824085,0,877,0,40,3,3,2,1,21,25,7
3828910,0,877,0,40,2,2,2,1,14,77,7
3828150,0,877,0,40,3,2,2,1,11,27,7
3823470,0,877,0,40,2,4,2,1,15,52,7
3805473,0,877,0,40,2,3,2,1,31,74,7
3805063,0,877,0,40,3,6,2,1,24,30,7
3829244,0,877,0,40,2,2,2,1,10,15,7
3819196,0,877,0,40,2,4,2,1,31,42,7
3827910,0,877,0,40,2,2,2,1,17,28,7
3831904,0,877,0,40,3,2,2,1,10,33,7
3822841,0,877,0,40,2,4,2,1,21,32,7
3813687,0,877,0,40,3,8,2,1,34,44,7
3813254,0,877,0,40,2,6,2,1,38,50,7
3799009,0,877,0,40,2,11,2,1,70,26,7
3819561,0,877,0,40,3,6,2,1,29,92,7
3808416,0,877,0,40,3,3,2,1,28,83,7
3830173,0,877,0,40,2,3,2,1,14,71,7
3834009,0,877,0,40,2,1,2,1,9,55,7
3834377,0,877,0,40,3,1,2,1,9,19,7
3804871,0,877,0,40,2,2,2,1,27,44,7
3808463,0,877,0,40,2,3,2,1,34,30,7
3825223,0,877,0,40,3,1,2,1,29,71,7
3815466,0,877,0,40,2,3,2,1,46,31,7
3826467,0,877,0,40,3,1,2,1,25,36,7
3816664,0,877,0,40,3,5,2,1,36,64,7
3826600,1,877,869,22.021,3,2,2,1,23,56,7
3824921,0,877,0,40,3,2,2,1,24,25,7
3828312,0,877,0,40,2,1,2,1,21,52,7
3808898,0,877,0,40,2,4,2,1,63,27,7
3828088,0,877,0,40,2,1,2,1,20,102,7
3825198,0,877,0,40,2,2,2,1,22,19,7
3802028,0,877,0,40,2,5,2,1,43,30,7
3802506,0,877,0,40,3,2,2,1,30,74,7
3804200,0,877,0,40,2,7,2,1,46,29,7
3811722,0,877,0,40,2,7,2,1,48,23,7
3821214,0,877,0,40,2,4,2,1,29,26,7
3811222,0,877,0,40,2,7,2,1,52,38,7
3828518,0,877,0,40,3,1,2,1,17,18,7
3801455,0,877,0,40,3,6,2,1,41,36,7
3826977,0,877,0,40,2,3,2,1,20,57,7
3816825,0,877,0,40,2,5,2,1,43,30,7
3824895,0,877,0,40,2,2,2,1,24,117,7
3808673,0,877,0,40,3,9,2,1,54,14,7
3803225,0,877,0,40,2,8,2,1,57,35,7
3778518,0,877,0,40,2,12,2,1,70,51,7
3819521,0,877,0,40,2,4,2,1,23,65,7
3813203,0,877,0,40,3,4,2,1,47,55,7
3828346,0,877,0,40,3,2,2,1,15,21,7
3819469,0,877,0,40,2,3,2,1,28,33,7
3829420,0,877,0,40,3,2,2,1,16,75,7
3831489,0,877,0,40,2,1,2,1,14,26,7
3798942,0,877,0,40,3,5,2,1,45,36,7
3806242,0,877,0,40,2,7,2,1,25,63,7
3824688,0,877,0,40,2,3,2,1,24,55,7
3829388,0,877,0,40,2,1,2,1,13,35,7
3832784,0,877,0,40,2,1,2,1,13,33,7
3812063,0,877,0,40,2,7,2,1,39,31,7
3804041,0,877,0,40,2,3,2,1,25,24,7
3826963,0,877,0,40,3,2,2,1,20,24,7
3815278,0,877,0,40,3,4,2,1,37,57,7
3801920,0,877,0,40,3,6,2,1,35,19,7
3820741,0,877,0,40,3,3,2,1,32,96,7
3803325,0,877,0,40,2,8,2,1,48,48,7
3804653,0,877,0,40,2,3,2,1,23,22,7
3830182,0,877,0,40,2,2,2,1,13,39,7
3807021,0,877,0,40,2,3,2,1,32,61,7
3711753,0,877,0,40,2,20,2,1,149,48,7
3816818,0,877,0,40,2,6,2,1,32,29,7
3804631,0,877,0,40,2,9,2,1,41,29,7
3823115,0,877,0,40,2,4,2,1,26,67,7
3833125,0,877,0,40,2,1,2,1,12,27,7
3796907,0,877,0,40,2,6,2,1,43,27,7
3816013,0,877,0,40,2,4,2,1,33,14,7
3814894,0,877,0,40,3,5,2,1,36,32,7
3816356,0,877,0,40,2,4,2,1,40,51,7
3785829,0,877,0,40,3,10,2,1,75,32,7
3809356,0,877,0,40,3,7,2,1,55,40,7
3810791,0,877,0,40,3,10,2,1,40,27,7
3812369,0,877,0,40,2,5,2,1,54,31,7
3833572,0,877,0,40,3,1,2,1,11,73,7
3833772,0,877,0,40,3,1,2,1,11,52,7
3806296,0,877,0,40,3,1,2,1,15,54,7
3780038,0,877,0,40,3,12,2,1,57,100,7
3822488,0,877,0,40,2,5,2,1,26,58,7
3802691,0,877,0,40,2,5,2,1,38,52,7
3804048,0,877,0,40,2,2,2,1,23,26,7
3823222,0,877,0,40,3,4,2,1,23,71,7
3831671,0,877,0,40,3,2,2,1,11,34,7
3808555,0,877,0,40,3,8,2,1,57,27,7
3833008,0,877,0,40,3,1,2,1,10,45,7
3833689,0,877,0,40,3,1,2,1,10,68,7
3833975,0,877,0,40,2,1,2,1,10,31,7
3834151,0,877,0,40,3,1,2,1,10,77,7
3827142,0,877,0,40,2,3,2,1,13,45,7
3802708,0,877,0,40,2,6,2,1,43,28,7
3821522,0,877,0,40,2,5,2,1,24,38,7
3813692,0,877,0,40,3,7,2,1,43,12,7
3828867,0,877,0,40,3,2,2,1,16,92,7
3776390,0,877,0,40,3,9,2,1,56,85,7
3807019,0,877,0,40,2,5,2,1,29,72,7
3821312,1,877,865,40,2,4,2,1,26,36,7
3825894,0,877,0,40,2,3,2,1,20,30,7
3809181,0,877,0,40,2,6,2,1,60,23,7
3829889,0,877,0,40,3,2,2,1,15,28,7
3833471,0,877,0,40,3,1,2,1,9,51,7
3834538,0,877,0,40,2,1,2,1,9,56,7
3834750,0,877,0,40,2,1,2,1,9,24,7
3834788,0,877,0,40,2,1,2,1,9,46,7
3815726,0,877,0,40,3,5,2,1,37,60,7
3826807,0,877,0,40,3,1,2,1,26,34,7
3816646,0,877,0,40,2,3,2,1,42,55,7
3807906,0,877,0,40,3,7,2,1,32,33,7
3816046,0,877,0,40,3,3,2,1,47,31,7
3830301,0,877,0,40,2,1,2,1,19,57,7
3805858,0,877,0,40,2,2,2,1,27,43,7
3819150,0,877,0,40,3,3,2,1,27,61,7
3824828,0,877,0,40,3,2,2,1,25,55,7
3821286,0,877,0,40,2,4,2,1,29,34,7
3826147,0,877,0,40,3,2,2,1,25,31,7
3786137,0,877,0,40,2,12,2,1,71,32,7
3819502,0,877,0,40,3,3,2,1,36,64,7
3819597,0,877,0,40,2,4,2,1,30,31,7
3803645,0,877,0,40,2,4,2,1,20,42,7
3815331,0,877,0,40,3,6,2,1,36,26,7
3823880,0,877,0,40,3,2,2,1,27,19,7
3805658,0,877,0,40,3,2,2,1,25,33,7
3822288,0,877,0,40,3,2,2,1,33,26,7
3826585,0,877,0,40,3,2,2,1,17,62,7
3806938,0,877,0,40,3,9,2,1,62,89,7
3815455,0,877,0,40,3,5,2,1,37,37,7
3805651,0,877,0,40,2,7,2,1,58,29,7
3828582,0,877,0,40,2,2,2,1,17,26,7
3777700,0,877,0,40,2,18,2,1,96,17,7
3823684,0,877,0,40,3,2,2,1,28,39,7
3831939,0,877,0,40,2,1,2,1,12,34,7
3814717,0,877,0,40,2,5,2,1,36,91,7
3830886,0,877,0,40,3,2,2,1,13,34,7
3808950,0,877,0,40,3,6,2,1,60,65,7
3815053,0,877,0,40,2,7,2,1,41,45,7
3833437,0,877,0,40,2,1,2,1,11,33,7
3806011,0,877,0,40,3,3,2,1,27,22,7
3816022,0,877,0,40,3,5,2,1,35,42,7
3821070,0,877,0,40,3,5,2,1,22,48,7
3808529,0,877,0,40,3,5,2,1,67,9,7
3809143,0,877,0,40,3,10,2,1,54,28,7
3834760,0,877,0,40,2,1,2,1,10,98,7
3804577,0,877,0,40,3,3,2,1,29,72,7
3823192,0,877,0,40,2,3,2,1,26,28,7
3830423,0,877,0,40,2,2,2,1,12,85,7
3805784,0,877,0,40,3,2,2,1,25,34,7
3828455,0,877,0,40,2,3,2,1,16,20,7
3817681,0,877,0,40,3,4,2,1,31,71,7
3827028,0,877,0,40,3,3,2,1,12,38,7
3816354,0,877,0,40,3,4,2,1,43,28,7
3834799,0,877,0,40,3,1,2,1,9,58,7
3835256,0,877,0,40,2,1,2,1,9,61,7
3819197,0,877,0,40,2,4,2,1,36,77,7
3790843,0,877,0,40,3,4,2,1,37,26,7
3825153,0,877,0,40,3,4,2,1,22,40,7
3817110,0,877,0,40,3,3,2,1,45,69,7
3813493,0,877,0,40,2,7,2,1,38,25,7
3819078,0,877,0,40,3,5,2,1,29,50,7
3817698,0,877,0,40,2,6,2,1,30,33,7
3832779,0,877,0,40,2,2,2,1,13,37,7
3806093,0,877,0,40,2,7,2,1,35,89,7
3819458,0,877,0,40,2,6,2,1,26,19,7
3822232,0,877,0,40,2,4,2,1,20,15,7
3814465,0,877,0,40,2,6,2,1,40,54,7
3833228,0,877,0,40,3,0,2,1,8,63,7
3833340,0,877,0,40,3,0,2,1,8,40,7
3833435,0,877,0,40,2,0,2,1,8,55,7
3833499,0,877,0,40,2,0,2,1,8,30,7
3833883,0,877,0,40,3,0,2,1,8,33,7
3833930,0,877,0,40,2,0,2,1,8,51,7
3834026,0,877,0,40,3,0,2,1,8,14,7
3834090,0,877,0,40,3,0,2,1,8,51,7
3834250,0,877,0,40,3,0,2,1,8,115,7
3834425,0,877,0,40,2,0,2,1,8,61,7
3834537,0,877,0,40,3,0,2,1,8,26,7
3834649,0,877,0,40,3,0,2,1,8,53,7
3834729,0,877,0,40,2,0,2,1,8,26,7
3834761,0,877,0,40,2,0,2,1,8,29,7
3834777,0,877,0,40,2,0,2,1,8,29,7
3834809,0,877,0,40,3,0,2,1,8,42,7
3834825,0,877,0,40,3,0,2,1,8,53,7
3834857,0,877,0,40,2,0,2,1,8,44,7
3834889,0,877,0,40,2,0,2,1,8,45,7
3834905,0,877,0,40,2,0,2,1,8,72,7
3834913,0,877,0,40,2,0,2,1,8,28,7
3834921,0,877,0,40,3,0,2,1,8,57,7
3834929,0,877,0,40,2,0,2,1,8,59,7
3834961,0,877,0,40,2,0,2,1,8,44,7
3835041,0,877,0,40,3,0,2,1,8,65,7
3835073,0,877,0,40,2,0,2,1,8,81,7
3835081,0,877,0,40,2,0,2,1,8,13,7
3835097,0,877,0,40,3,0,2,1,8,22,7
3835121,0,877,0,40,3,0,2,1,8,64,7
3835169,0,877,0,40,2,0,2,1,8,41,7
3835177,0,877,0,40,2,0,2,1,8,69,7
3835217,0,877,0,40,2,0,2,1,8,38,7
3835225,0,877,0,40,3,0,2,1,8,32,7
3835233,0,877,0,40,2,0,2,1,8,40,7
3835257,0,877,0,40,3,0,2,1,8,63,7
3835273,0,877,0,40,3,0,2,1,8,18,7
3835281,0,877,0,40,2,0,2,1,8,33,7
3835289,0,877,0,40,2,0,2,1,8,59,7
3835297,0,877,0,40,3,0,2,1,8,25,7
3835313,0,877,0,40,2,0,2,1,8,39,7
3835329,0,877,0,40,3,0,2,1,8,70,7
3835363,0,877,0,40,2,0,2,1,8,13,7
3835419,0,877,0,40,2,0,2,1,8,44,7
3835437,0,877,0,40,3,0,2,1,8,28,7
3835473,0,877,0,40,2,0,2,1,8,51,7
3835493,0,877,0,40,2,0,2,1,8,40,7
3835521,0,877,0,40,3,0,2,1,8,17,7
3835529,0,877,0,40,2,0,2,1,8,50,7
3835537,0,877,0,40,3,0,2,1,8,49,7
3835545,0,877,0,40,2,0,2,1,8,52,7
3835565,0,877,0,40,3,0,2,1,8,36,7
3835601,0,877,0,40,3,0,2,1,8,90,7
3835625,0,877,0,40,2,0,2,1,8,86,7
3835629,0,877,0,40,3,0,2,1,8,85,7
3835641,0,877,0,40,3,0,2,1,8,27,7
3835645,0,877,0,40,2,0,2,1,8,28,7
3835653,0,877,0,40,2,0,2,1,8,18,7
3835657,0,877,0,40,2,0,2,1,8,57,7
3835665,0,877,0,40,2,0,2,1,8,18,7
3835673,0,877,0,40,3,0,2,1,8,65,7
3835689,0,877,0,40,2,0,2,1,8,46,7
3835693,0,877,0,40,3,0,2,1,8,33,7
3835717,0,877,0,40,2,0,2,1,8,46,7
3835729,0,877,0,40,2,0,2,1,8,47,7
3835733,0,877,0,40,2,0,2,1,8,40,7
3835745,0,877,0,40,2,0,2,1,8,54,7
3835757,0,877,0,40,2,0,2,1,8,88,7
3835769,0,877,0,40,2,0,2,1,8,53,7
3835777,0,877,0,40,2,0,2,1,8,35,7
3835789,0,877,0,40,2,0,2,1,8,49,7
3835805,0,877,0,40,3,0,2,1,8,30,7
3835817,0,877,0,40,3,0,2,1,8,73,7
3835821,0,877,0,40,3,0,2,1,8,19,7
3835829,0,877,0,40,3,0,2,1,8,32,7
3835833,0,877,0,40,3,0,2,1,8,46,7
3835837,0,877,0,40,2,0,2,1,8,40,7
3835849,0,877,0,40,2,0,2,1,8,31,7
3835857,0,877,0,40,2,0,2,1,8,47,7
3835869,0,877,0,40,2,0,2,1,8,26,7
3835889,0,877,0,40,3,0,2,1,8,22,7
3835893,0,877,0,40,3,0,2,1,8,31,7
3835901,0,877,0,40,3,0,2,1,8,24,7
3835909,0,877,0,40,3,0,2,1,8,55,7
3835917,0,877,0,40,2,0,2,1,8,77,7
3835921,0,877,0,40,2,0,2,1,8,33,7
3835941,0,877,0,40,2,0,2,1,8,26,7
3835949,0,877,0,40,3,0,2,1,8,34,7
3835969,0,877,0,40,3,0,2,1,8,24,7
3835980,0,877,0,40,2,0,2,1,8,14,7
3835988,0,877,0,40,2,0,2,1,8,32,7
3835990,0,877,0,40,2,0,2,1,8,42,7
3836002,0,877,0,40,2,0,2,1,8,34,7
3836008,0,877,0,40,3,0,2,1,8,33,7
3836014,0,877,0,40,2,0,2,1,8,48,7
3836016,0,877,0,40,3,0,2,1,8,50,7
3836018,0,877,0,40,3,0,2,1,8,20,7
3836028,0,877,0,40,2,0,2,1,8,17,7
3836030,0,877,0,40,3,0,2,1,8,23,7
3836032,0,877,0,40,2,0,2,1,8,35,7
3836034,0,877,0,40,3,0,2,1,8,12,7
3836040,0,877,0,40,2,0,2,1,8,83,7
3836048,0,877,0,40,3,0,2,1,8,76,7
3836058,0,877,0,40,3,0,2,1,8,17,7
3836070,0,877,0,40,3,0,2,1,8,25,7
3836076,0,877,0,40,2,0,2,1,8,46,7
3836078,0,877,0,40,3,0,2,1,8,19,7
3836080,0,877,0,40,3,0,2,1,8,28,7
3836084,0,877,0,40,2,0,2,1,8,109,7
3836094,0,877,0,40,2,0,2,1,8,35,7
3836104,0,877,0,40,2,0,2,1,8,14,7
3836110,0,877,0,40,2,0,2,1,8,70,7
3836114,0,877,0,40,3,0,2,1,8,63,7
3836118,0,877,0,40,2,0,2,1,8,26,7
3836130,0,877,0,40,3,0,2,1,8,22,7
3836132,0,877,0,40,3,0,2,1,8,28,7
3836142,0,877,0,40,3,0,2,1,8,37,7
3836144,0,877,0,40,3,0,2,1,8,19,7
3836156,0,877,0,40,3,0,2,1,8,22,7
3836162,0,877,0,40,3,0,2,1,8,59,7
3836168,0,877,0,40,3,0,2,1,8,27,7
3836182,0,877,0,40,3,0,2,1,8,46,7
3836190,0,877,0,40,3,0,2,1,8,36,7
3836212,0,877,0,40,2,0,2,1,8,43,7
3836218,0,877,0,40,3,0,2,1,8,20,7
3836222,0,877,0,40,3,0,2,1,8,26,7
3836226,0,877,0,40,2,0,2,1,8,58,7
3836244,0,877,0,40,2,0,2,1,8,34,7
3836246,0,877,0,40,3,0,2,1,8,56,7
3836252,0,877,0,40,2,0,2,1,8,42,7
3836256,0,877,0,40,3,0,2,1,8,19,7
3836286,0,877,0,40,2,0,2,1,8,43,7
3836294,0,877,0,40,2,0,2,1,8,34,7
3836296,0,877,0,40,2,0,2,1,8,36,7
3836298,0,877,0,40,3,0,2,1,8,46,7
3836302,0,877,0,40,2,0,2,1,8,35,7
3836312,0,877,0,40,2,0,2,1,8,60,7
3836314,0,877,0,40,2,0,2,1,8,60,7
3836322,0,877,0,40,3,0,2,1,8,64,7
3836334,0,877,0,40,3,0,2,1,8,47,7
3836344,0,877,0,40,3,0,2,1,8,31,7
3836354,0,877,0,40,2,0,2,1,8,35,7
3836360,0,877,0,40,3,0,2,1,8,23,7
3836362,0,877,0,40,3,0,2,1,8,100,7
3836368,0,877,0,40,3,0,2,1,8,46,7
3836382,0,877,0,40,3,0,2,1,8,25,7
3836394,0,877,0,40,2,0,2,1,8,19,7
3836396,0,877,0,40,3,0,2,1,8,17,7
3836402,0,877,0,40,2,0,2,1,8,42,7
3836406,0,877,0,40,3,0,2,1,8,35,7
3836420,0,877,0,40,3,0,2,1,8,19,7
3836426,0,877,0,40,2,0,2,1,8,68,7
3836430,0,877,0,40,2,0,2,1,8,18,7
3836436,0,877,0,40,2,0,2,1,8,34,7
3836440,0,877,0,40,2,0,2,1,8,16,7
3836452,0,877,0,40,3,0,2,1,8,47,7
3836454,0,877,0,40,3,0,2,1,8,53,7
3836462,0,877,0,40,3,0,2,1,8,58,7
3836464,0,877,0,40,2,0,2,1,8,25,7
3836466,0,877,0,40,3,0,2,1,8,26,7
3836472,0,877,0,40,3,0,2,1,8,22,7
3836482,0,877,0,40,3,0,2,1,8,86,7
3836486,0,877,0,40,3,0,2,1,8,59,7
3836490,0,877,0,40,3,0,2,1,8,71,7
3789802,0,877,0,40,2,3,2,1,46,69,7
3804765,0,877,0,40,3,1,2,1,12,18,7
3805149,0,877,0,40,2,1,2,1,19,20,7
3805829,0,877,0,40,3,2,2,1,17,39,7
3807209,0,877,0,40,2,0,2,1,8,19,7
3807385,0,877,0,40,2,0,2,1,13,29,7
3807635,0,877,0,40,3,1,2,1,9,83,7
3814204,0,877,0,40,2,5,2,1,28,70,7
3798983,0,877,0,40,2,5,2,1,34,46,7
3820497,0,877,0,40,2,1,2,1,31,142,7
3821115,0,877,0,40,3,3,2,1,23,16,7
3805041,0,877,0,40,2,2,2,1,28,61,7
3807572,0,877,0,40,3,10,2,1,48,50,7
3816241,0,877,0,40,2,3,2,1,36,35,7
3805950,0,877,0,40,3,3,2,1,41,23,7
3815591,0,877,0,40,2,5,2,1,27,53,7
3816635,0,877,0,40,2,4,2,1,26,59,7
3793664,0,877,0,40,2,5,2,1,51,53,7
3829667,0,877,0,40,3,1,2,1,9,101,7
3821397,0,877,0,40,2,3,2,1,20,14,7
3779066,0,877,0,40,2,10,2,1,98,79,7
3805669,0,877,0,40,3,2,2,1,17,55,7
3824455,0,877,0,40,2,2,2,1,20,49,7
3829999,0,877,0,40,3,1,2,1,10,29,7
3830227,0,877,0,40,2,1,2,1,10,42,7
3813752,0,877,0,40,3,5,2,1,36,87,7
3828956,0,877,0,40,2,2,2,1,11,46,7
3830878,0,877,0,40,3,1,2,1,9,43,7
3824465,0,877,0,40,3,3,2,1,17,46,7
3804476,0,877,0,40,2,1,2,1,14,68,7
3818205,0,877,0,40,3,2,2,1,34,57,7
3809803,0,877,0,40,3,4,2,1,60,50,7
3807534,0,877,0,40,2,2,2,1,35,50,7
3826135,0,877,0,40,2,2,2,1,19,24,7
3828099,0,877,0,40,2,1,2,1,16,83,7
3819633,0,877,0,40,2,3,2,1,31,29,7
3816938,0,877,0,40,3,5,2,1,26,25,7
3811244,0,877,0,40,3,6,2,1,52,58,7
3824630,0,877,0,40,2,2,2,1,15,12,7
3827052,0,877,0,40,2,2,2,1,13,53,7
3823203,0,877,0,40,2,3,2,1,21,20,7
3823702,0,877,0,40,2,3,2,1,16,36,7
3813186,0,877,0,40,3,5,2,1,43,44,7
3805317,0,877,0,40,2,4,2,1,19,16,7
3830614,0,877,0,40,3,1,2,1,10,134,7
3811726,0,877,0,40,2,7,2,1,39,31,7
3830068,0,877,0,40,3,1,2,1,9,20,7
3831011,0,877,0,40,2,1,2,1,9,27,7
3819473,0,877,0,40,2,2,2,1,24,72,7
3803656,0,877,0,40,3,3,2,1,17,45,7
3791403,0,877,0,40,2,10,2,1,59,38,7
3827335,0,877,0,40,2,2,2,1,10,56,7
3831802,0,877,0,40,3,1,2,1,8,28,7
3822982,0,877,0,40,3,1,2,1,28,38,7
3816216,0,877,0,40,3,4,2,1,31,75,7
3806894,0,877,0,40,3,4,2,1,43,43,7
3819567,0,877,0,40,2,2,2,1,28,54,7
3827192,0,877,0,40,3,1,2,1,18,16,7
3801464,0,877,0,40,3,2,2,1,25,35,7
3828159,0,877,0,40,2,1,2,1,16,39,7
3807356,0,877,0,40,3,5,2,1,42,20,7
3819158,0,877,0,40,3,3,2,1,23,54,7
3816621,0,877,0,40,3,4,2,1,31,22,7
3815113,0,877,0,40,2,6,2,1,31,72,7
3829286,0,877,0,40,2,1,2,1,13,34,7
3809878,0,877,0,40,3,4,2,1,58,44,7
3811625,0,877,0,40,3,6,2,1,40,40,7
3823007,0,877,0,40,3,2,2,1,16,72,7
3823913,0,877,0,40,3,3,2,1,19,30,7
3819373,0,877,0,40,2,4,2,1,21,63,7
3813375,0,877,0,40,3,7,2,1,40,72,7
3808933,0,877,0,40,3,9,2,1,48,35,7
3827772,0,877,0,40,3,2,2,1,11,48,7
3824278,0,877,0,40,2,2,2,1,20,84,7
3830296,0,877,0,40,2,1,2,1,10,43,7
3805988,0,877,0,40,3,1,2,1,11,18,7
3808181,0,877,0,40,2,9,2,1,47,33,7
3804853,0,877,0,40,2,6,2,1,21,23,7
3821245,0,877,0,40,3,3,2,1,25,100,7
3831380,0,877,0,40,3,1,2,1,9,89,7
3831678,0,877,0,40,2,1,2,1,9,55,7
3823595,0,877,0,40,2,2,2,1,20,76,7
3813935,0,877,0,40,3,5,2,1,34,49,7
3820018,0,877,0,40,3,4,2,1,26,36,7
3823395,0,877,0,40,3,1,2,1,27,44,7
3824919,0,877,0,40,2,1,2,1,25,50,7
3718934,0,877,0,40,2,22,2,1,159,56,7
3815959,0,877,0,40,2,4,2,1,35,39,7
3815084,0,877,0,40,3,4,2,1,34,34,7
3814444,0,877,0,40,2,4,2,1,35,35,7
3810112,0,877,0,40,2,5,2,1,55,49,7
3826330,0,877,0,40,2,1,2,1,20,37,7
3816427,0,877,0,40,2,4,2,1,35,31,7
3821970,0,877,0,40,2,3,2,1,24,29,7
3813318,0,877,0,40,2,6,2,1,31,15,7
3810931,0,877,0,40,2,6,2,1,45,24,7
3827841,0,877,0,40,3,1,2,1,18,57,7
3805042,0,877,0,40,3,5,2,1,24,42,7
3823768,0,877,0,40,2,2,2,1,22,52,7
3815269,0,877,0,40,2,3,2,1,42,8,7
3799126,0,877,0,40,2,5,2,1,44,100,7
3827679,0,877,0,40,2,1,2,1,15,6,7
3820473,0,877,0,40,2,2,2,1,26,45,7
3825498,0,877,0,40,2,2,2,1,17,30,7
3821674,0,877,0,40,3,4,2,1,19,23,7
3829734,0,877,0,40,3,1,2,1,14,39,7
3809733,0,877,0,40,3,9,2,1,37,49,7
3829967,0,877,0,40,2,1,2,1,13,28,7
3830387,0,877,0,40,2,1,2,1,13,46,7
3820220,0,877,0,40,2,3,2,1,28,32,7
3826507,0,877,0,40,3,2,2,1,15,16,7
3804263,0,877,0,40,2,4,2,1,28,64,7
3823788,0,877,0,40,3,2,2,1,24,64,7
3817740,0,877,0,40,3,4,2,1,37,34,7
3829928,0,877,0,40,2,2,2,1,13,38,7
3830678,0,877,0,40,3,1,2,1,12,43,7
3803832,0,877,0,40,2,4,2,1,31,35,7
3827148,0,877,0,40,2,2,2,1,14,37,7
3807965,0,877,0,40,2,5,2,1,42,38,7
3808070,0,877,0,40,2,6,2,1,31,19,7
3829308,0,877,0,40,3,1,2,1,11,36,7
3831015,0,877,0,40,2,1,2,1,11,54,7
3821793,0,877,0,40,2,2,2,1,23,66,7
3800838,0,877,0,40,2,8,2,1,43,27,7
3819518,0,877,0,40,2,4,2,1,29,54,7
3815221,0,877,0,40,3,6,2,1,25,25,7
3815332,0,877,0,40,2,6,2,1,34,32,7
3830859,0,877,0,40,2,1,2,1,10,38,7
3831738,0,877,0,40,2,1,2,1,10,14,7
3823248,0,877,0,40,2,3,2,1,19,37,7
3824321,0,877,0,40,2,3,2,1,16,64,7
3807733,0,877,0,40,2,3,2,1,17,60,7
3814559,0,877,0,40,2,5,2,1,42,42,7
3828621,0,877,0,40,3,2,2,1,10,47,7
3831166,0,877,0,40,3,1,2,1,9,53,7
3831737,0,877,0,40,3,1,2,1,9,40,7
3831951,0,877,0,40,2,1,2,1,9,19,7
3832249,0,877,0,40,2,1,2,1,9,92,7
3792401,0,877,0,40,3,9,2,1,48,5,7
3823337,0,877,0,40,3,3,2,1,14,30,7
3811190,0,877,0,40,2,8,2,1,37,15,7
3818805,0,877,0,40,2,6,2,1,21,58,7
3820288,0,877,0,40,3,3,2,1,19,60,7
3801293,0,877,0,40,3,6,2,1,44,30,7
3802293,0,877,0,40,2,6,2,1,40,82,7
3827607,0,877,0,40,3,2,2,1,11,45,7
3827320,0,877,0,40,2,2,2,1,16,31,7
3807743,0,877,0,40,2,7,2,1,39,20,7
3815880,0,877,0,40,2,5,2,1,33,41,7
3818447,0,877,0,40,2,5,2,1,30,10,7
3832426,0,877,0,40,3,1,2,1,8,34,7
3823965,0,877,0,40,3,1,2,1,27,42,7
3810391,0,877,0,40,2,6,2,1,50,26,7
3820414,0,877,0,40,2,3,2,1,27,31,7
3819026,0,877,0,40,2,4,2,1,29,74,7
3807921,0,877,0,40,2,8,2,1,53,25,7
3820390,0,877,0,40,3,2,2,1,30,66,7
3825241,0,877,0,40,2,2,2,1,20,43,7
3809866,0,877,0,40,2,8,2,1,44,40,7
3821170,0,877,0,40,2,4,2,1,25,32,7
3815845,0,877,0,40,2,4,2,1,36,36,7
3809645,0,877,0,40,3,7,2,1,52,32,7
3828500,0,877,0,40,3,1,2,1,17,15,7
3808058,0,877,0,40,2,1,2,1,18,14,7
3812097,0,877,0,40,3,5,2,1,48,62,7
3820777,0,877,0,40,3,4,2,1,29,53,7
3829988,0,877,0,40,3,1,2,1,15,60,7
3827133,0,877,0,40,2,2,2,1,15,34,7
3824446,0,877,0,40,3,2,2,1,18,47,7
3827702,0,877,0,40,2,2,2,1,15,38,7
3811262,0,877,0,40,3,8,2,1,50,69,7
3829951,0,877,0,40,3,1,2,1,14,45,7
3807212,0,877,0,40,2,2,2,1,24,21,7
3829300,0,877,0,40,2,1,2,1,13,46,7
3830544,0,877,0,40,2,1,2,1,13,56,7
3817449,0,877,0,40,3,4,2,1,29,49,7
3800969,0,877,0,40,2,2,2,1,25,48,7
3814124,0,877,0,40,3,6,2,1,31,124,7
3816694,0,877,0,40,3,4,2,1,35,41,7
3819896,0,877,0,40,3,4,2,1,25,58,7
3813295,0,877,0,40,2,5,2,1,39,24,7
3825746,0,877,0,40,2,3,2,1,21,44,7
3830224,0,877,0,40,2,1,2,1,12,51,7
3831265,0,877,0,40,2,1,2,1,12,25,7
3820929,0,877,0,40,3,3,2,1,27,10,7
3821243,0,877,0,40,3,4,2,1,18,51,7
3743734,0,877,0,40,3,17,2,1,132,38,7
3767045,0,877,0,40,2,11,2,1,93,61,7
3807812,0,877,0,40,3,9,2,1,48,31,7
3831064,0,877,0,40,3,1,2,1,11,49,7
3831788,0,877,0,40,2,1,2,1,11,50,7
3831890,0,877,0,40,2,1,2,1,11,72,7
3818344,0,877,0,40,2,4,2,1,24,49,7
3813089,0,877,0,40,3,6,2,1,37,67,7
3809308,0,877,0,40,3,9,2,1,28,31,7
3827629,0,877,0,40,2,3,2,1,14,18,7
3797512,0,877,0,40,2,6,2,1,38,29,7
3822822,0,877,0,40,2,2,2,1,28,52,7
3831150,0,877,0,40,3,1,2,1,10,29,7
3832149,0,877,0,40,3,1,2,1,10,15,7
3832291,0,877,0,40,3,1,2,1,10,58,7
3813931,0,877,0,40,2,4,2,1,42,90,7
3815133,0,877,0,40,3,5,2,1,32,39,7
3828428,0,877,0,40,3,2,2,1,13,25,7
3812696,0,877,0,40,2,7,2,1,33,46,7
3811007,0,877,0,40,3,7,2,1,45,11,7
3826951,0,877,0,40,2,3,2,1,16,25,7
3831855,0,877,0,40,2,1,2,1,9,41,7
3832524,0,877,0,40,3,1,2,1,9,72,7
3832790,0,877,0,40,2,1,2,1,9,102,7
3827749,0,877,0,40,2,2,2,1,9,71,7
3804367,0,877,0,40,3,4,2,1,25,37,7
3823128,0,877,0,40,3,4,2,1,16,20,7
3808745,0,877,0,40,2,5,2,1,18,61,7
3823781,0,877,0,40,3,2,2,1,23,33,7
3816478,0,877,0,40,3,5,2,1,21,54,7
3804416,0,877,0,40,2,5,2,1,37,9,7
3801521,0,877,0,40,2,8,2,1,30,112,7
3813798,0,877,0,40,2,7,2,1,34,39,7
3829538,0,877,0,40,2,2,2,1,13,57,7
3828149,0,877,0,40,2,2,2,1,18,43,7
3831595,0,877,0,40,2,1,2,1,8,22,7
3832312,0,877,0,40,2,1,2,1,8,21,7
3832699,0,877,0,40,2,1,2,1,8,37,7
3832963,0,877,0,40,3,1,2,1,8,54,7
3823329,0,877,0,40,2,1,2,1,30,44,7
3824277,0,877,0,40,3,1,2,1,28,39,7
3824612,0,877,0,40,2,1,2,1,27,49,7
3819093,0,877,0,40,2,3,2,1,31,25,7
3825658,0,877,0,40,2,1,2,1,25,29,7
3825792,0,877,0,40,3,1,2,1,25,31,7
3807752,0,877,0,40,2,5,2,1,33,41,7
3824674,0,877,0,40,3,1,2,1,23,59,7
3821807,0,877,0,40,3,2,2,1,27,16,7
3825066,0,877,0,40,3,1,2,1,22,54,7
3826575,0,877,0,40,2,1,2,1,22,82,7
3818940,0,877,0,40,3,3,2,1,32,63,7
3821349,0,877,0,40,3,3,2,1,23,24,7
3811209,0,877,0,40,2,8,2,1,49,29,7
3796600,0,877,0,40,3,7,2,1,53,58,7
3826846,0,877,0,40,2,1,2,1,19,76,7
3828523,0,877,0,40,2,1,2,1,19,37,7
3805616,0,877,0,40,3,4,2,1,48,40,7
3828484,0,877,0,40,3,1,2,1,18,57,7
3829040,0,877,0,40,2,1,2,1,18,78,7
3823675,0,877,0,40,2,3,2,1,23,39,7
3828602,0,877,0,40,2,1,2,1,17,10,7
3813354,0,877,0,40,3,6,2,1,34,44,7
3819418,0,877,0,40,3,3,2,1,29,25,7
3818671,0,877,0,40,3,5,2,1,24,39,7
3826394,0,877,0,40,3,2,2,1,19,63,7
3827558,0,877,0,40,2,2,2,1,18,26,7
3828421,0,877,0,40,2,2,2,1,17,54,7
3819504,0,877,0,40,3,3,2,1,39,19,7
3803934,0,877,0,40,2,1,2,1,26,49,7
3825644,0,877,0,40,3,2,2,1,20,20,7
3813774,0,877,0,40,3,5,2,1,40,65,7
3827750,0,877,0,40,3,2,2,1,17,78,7
3804782,0,877,0,40,2,1,2,1,22,17,7
3813483,0,877,0,40,3,4,2,1,48,21,7
3806425,0,877,0,40,3,4,2,1,30,32,7
3806782,0,877,0,40,2,6,2,1,40,15,7
3824901,0,877,0,40,3,3,2,1,16,39,7
3818403,0,877,0,40,3,3,2,1,31,60,7
3816289,0,877,0,40,3,5,2,1,34,48,7
3807629,0,877,0,40,2,8,2,1,56,53,7
3799157,0,877,0,40,3,6,2,1,46,65,7
3821387,0,877,0,40,3,3,2,1,25,38,7
3827794,0,877,0,40,3,2,2,1,16,26,7
3802726,0,877,0,40,2,5,2,1,38,72,7
3808391,0,877,0,40,3,8,2,1,59,66,7
3827792,0,877,0,40,3,1,2,1,13,85,7
3831181,0,877,0,40,3,1,2,1,13,34,7
3820971,0,877,0,40,3,3,2,1,24,65,7
3824073,0,877,0,40,2,2,2,1,22,33,7
3820844,0,877,0,40,2,4,2,1,23,18,7
3828348,0,877,0,40,2,2,2,1,13,39,7
3814875,0,877,0,40,3,6,2,1,31,43,7
3825176,0,877,0,40,2,3,2,1,20,55,7
3808180,0,877,0,40,3,7,2,1,45,43,7
3813676,0,877,0,40,3,5,2,1,44,55,7
3804516,0,877,0,40,3,5,2,1,28,43,7
3831578,0,877,0,40,3,1,2,1,12,19,7
3831934,0,877,0,40,2,1,2,1,12,53,7
3825154,0,877,0,40,3,2,2,1,14,43,7
3803989,0,877,0,40,2,3,2,1,32,29,7
3827598,0,877,0,40,3,2,2,1,14,54,7
3806087,0,877,0,40,2,6,2,1,30,36,7
3821948,0,877,0,40,2,3,2,1,25,43,7
3799488,0,877,0,40,2,6,2,1,53,47,7
3813785,0,877,0,40,2,4,2,1,41,61,7
3825871,0,877,0,40,2,2,2,1,15,58,7
3818749,0,877,0,40,2,3,2,1,41,82,7
3810498,0,877,0,40,3,8,2,1,39,30,7
3831419,0,877,0,40,2,2,2,1,12,72,7
3831697,0,877,0,40,3,1,2,1,11,120,7
3832237,0,877,0,40,2,1,2,1,11,60,7
3814483,0,877,0,40,3,4,2,1,38,38,7
3806780,0,877,0,40,2,5,2,1,31,31,7
3828323,0,877,0,40,2,2,2,1,14,87,7
3791670,0,877,0,40,2,5,2,1,65,52,7
3829523,0,877,0,40,2,2,2,1,12,89,7
3814516,0,877,0,40,3,5,2,1,43,36,7
3825252,0,877,0,40,3,3,2,1,20,35,7
3831463,0,877,0,40,3,1,2,1,10,28,7
3832086,0,877,0,40,2,1,2,1,10,47,7
3832358,0,877,0,40,3,1,2,1,10,59,7
3832638,0,877,0,40,2,1,2,1,10,76,7
3832816,0,877,0,40,3,1,2,1,10,17,7
3763979,0,877,0,40,2,14,2,1,68,33,7
3823015,0,877,0,40,2,3,2,1,18,42,7
3814131,0,877,0,40,2,6,2,1,27,31,7
3792070,0,877,0,40,3,6,2,1,46,29,7
3808845,0,877,0,40,3,7,2,1,55,39,7
3801450,0,877,0,40,3,4,2,1,34,29,7
3829743,0,877,0,40,3,2,2,1,10,71,7
3806330,0,877,0,40,2,3,2,1,17,21,7
3825399,0,877,0,40,2,3,2,1,21,32,7
3808877,0,877,0,40,3,7,2,1,47,23,7
3807684,0,877,0,40,2,9,2,1,47,68,7
3831971,0,877,0,40,3,2,2,1,10,40,7
3832400,0,877,0,40,3,1,2,1,9,32,7
3833215,0,877,0,40,2,1,2,1,9,40,7
3833381,0,877,0,40,3,1,2,1,9,45,7
3826601,0,877,0,40,3,2,2,1,11,55,7
3806454,0,877,0,40,2,5,2,1,32,39,7
3802343,0,877,0,40,3,6,2,1,49,36,7
3825155,0,877,0,40,3,3,2,1,17,25,7
3828342,0,877,0,40,2,2,2,1,10,28,7
3817349,0,877,0,40,3,5,2,1,26,60,7
3826776,0,877,0,40,3,2,2,1,19,33,7
3827260,0,877,0,40,2,2,2,1,17,40,7
3812450,0,877,0,40,3,9,2,1,23,63,7
3830408,0,877,0,40,3,2,2,1,9,54,7
3801132,0,877,0,40,2,8,2,1,44,76,7
3814826,0,877,0,40,2,5,2,1,40,41,7
3830318,0,877,0,40,2,2,2,1,11,36,7
3806503,0,877,0,40,3,6,2,1,33,22,7
3810672,0,877,0,40,3,8,2,1,47,65,7
3830216,0,877,0,40,3,2,2,1,11,9,7
3807764,0,877,0,40,2,5,2,1,25,67,7
3832220,0,877,0,40,2,1,2,1,8,75,7
3832561,0,877,0,40,3,1,2,1,8,42,7
3832601,0,877,0,40,2,1,2,1,8,108,7
3832982,0,877,0,40,2,1,2,1,8,23,7
3833440,0,877,0,40,3,1,2,1,8,19,7
3833698,0,877,0,40,2,1,2,1,8,48,7
3833794,0,877,0,40,3,1,2,1,8,48,7
3804743,0,877,0,40,3,1,2,1,16,22,7
3808270,0,877,0,40,3,6,2,1,65,50,7
3814989,0,877,0,40,2,3,2,1,44,45,7
3827318,0,877,0,40,3,1,2,1,22,12,7
3819460,0,877,0,40,2,3,2,1,28,6,7
3822034,0,877,0,40,3,2,2,1,26,53,7
3827978,0,877,0,40,3,1,2,1,20,37,7
3824563,0,877,0,40,3,2,2,1,24,83,7
3825197,0,877,0,40,3,2,2,1,25,54,7
3817554,0,877,0,40,3,3,2,1,38,32,7
3824736,0,877,0,40,3,3,2,1,24,25,7
3827864,0,877,0,40,3,1,2,1,18,60,7
3822952,0,877,0,40,3,3,2,1,21,13,7
3813874,0,877,0,40,3,5,2,1,39,72,7
3827663,0,877,0,40,2,1,2,1,17,50,7
3829266,0,877,0,40,3,1,2,1,17,48,7
3825285,0,877,0,40,2,2,2,1,17,46,7
3805404,0,877,0,40,2,2,2,1,29,15,7
3826413,0,877,0,40,3,2,2,1,18,40,7
3825529,0,877,0,40,2,2,2,1,22,45,7
3828857,0,877,0,40,3,1,2,1,16,12,7
3830305,0,877,0,40,2,1,2,1,16,34,7
3819673,0,877,0,40,3,3,2,1,30,15,7
3830378,0,877,0,40,3,1,2,1,15,34,7
3830646,0,877,0,40,2,1,2,1,15,19,7
3819873,0,877,0,40,2,4,2,1,27,69,7
3780473,0,877,0,40,2,13,2,1,73,43,7
3820851,0,877,0,40,2,4,2,1,30,32,7
3830240,0,877,0,40,2,1,2,1,14,77,7
3790794,0,877,0,40,2,5,2,1,53,38,7
3809816,0,877,0,40,2,7,2,1,52,74,7
3819949,0,877,0,40,2,3,2,1,28,61,7
3815946,0,877,0,40,3,6,2,1,31,44,7
3808570,0,877,0,40,3,8,2,1,51,19,7
3806737,0,877,0,40,2,2,2,1,17,27,7
3823716,0,877,0,40,3,3,2,1,25,32,7
3825370,0,877,0,40,3,3,2,1,20,36,7
3805470,0,877,0,40,2,4,2,1,22,31,7
3830196,0,877,0,40,3,1,2,1,13,39,7
3830611,0,877,0,40,2,1,2,1,13,62,7
3831458,0,877,0,40,2,1,2,1,13,52,7
3831710,0,877,0,40,3,1,2,1,13,57,7
3804801,0,877,0,40,3,7,2,1,50,49,7
3821896,0,877,0,40,3,3,2,1,22,30,7
3810514,0,877,0,40,2,10,2,1,32,38,7
3823612,0,877,0,40,3,4,2,1,18,53,7
3826548,0,877,0,40,3,3,2,1,15,26,7
3822517,0,877,0,40,2,2,2,1,29,36,7
3828530,0,877,0,40,2,3,2,1,14,83,7
3830974,0,877,0,40,2,1,2,1,12,56,7
3800721,0,877,0,40,2,3,2,1,20,40,7
3808291,0,877,0,40,2,1,2,1,12,33,7
3826277,0,877,0,40,2,3,2,1,13,47,7
3811893,0,877,0,40,2,5,2,1,47,28,7
3821732,0,877,0,40,3,5,2,1,17,33,7
3827684,0,877,0,40,3,3,2,1,13,33,7
3812079,0,877,0,40,2,8,2,1,40,51,7
3808173,0,877,0,40,2,4,2,1,29,96,7
3829704,0,877,0,40,2,2,2,1,16,39,7
3808243,0,877,0,40,2,3,2,1,35,33,7
3830879,0,877,0,40,3,1,2,1,11,28,7
3832270,0,877,0,40,3,1,2,1,11,26,7
3832740,0,877,0,40,2,1,2,1,11,25,7
3832862,0,877,0,40,2,1,2,1,11,30,7
3788361,0,877,0,40,3,14,2,1,61,14,7
3817310,0,877,0,40,3,4,2,1,27,20,7
3810455,0,877,0,40,3,7,2,1,33,39,7
3791820,0,877,0,40,3,8,2,1,59,18,7
3815029,0,877,0,40,3,4,2,1,45,60,7
3818904,0,877,0,40,2,4,2,1,29,75,7
3824088,0,877,0,40,3,4,2,1,16,35,7
3816832,0,877,0,40,3,6,2,1,26,61,7
3830468,0,877,0,40,2,2,2,1,11,53,7
3829260,0,877,0,40,3,1,2,1,10,25,7
3832647,0,877,0,40,3,1,2,1,10,31,7
3832751,0,877,0,40,3,1,2,1,10,81,7
3821388,0,877,0,40,3,3,2,1,22,36,7
3804858,0,877,0,40,3,4,2,1,21,48,7
3824346,0,877,0,40,3,2,2,1,20,47,7
3822967,0,877,0,40,3,3,2,1,20,49,7
3825786,0,877,0,40,2,3,2,1,12,38,7
3823560,0,877,0,40,3,3,2,1,24,21,7
3816262,0,877,0,40,2,5,2,1,32,28,7
3824374,0,877,0,40,2,4,2,1,17,35,7
3825823,0,877,0,40,3,3,2,1,15,45,7
3820166,0,877,0,40,2,3,2,1,33,58,7
3805637,0,877,0,40,2,3,2,1,19,57,7
3812848,0,877,0,40,3,4,2,1,52,73,7
3799129,0,877,0,40,3,2,2,1,21,29,7
3830083,0,877,0,40,3,2,2,1,14,34,7
3825468,0,877,0,40,2,4,2,1,21,86,7
3826782,0,877,0,40,2,3,2,1,18,40,7
3832865,0,877,0,40,3,1,2,1,9,35,7
3832974,0,877,0,40,3,1,2,1,9,43,7
3833362,0,877,0,40,2,1,2,1,9,11,7
3833742,0,877,0,40,2,1,2,1,9,20,7
3824767,0,877,0,40,2,2,2,1,19,46,7
3822832,0,877,0,40,2,2,2,1,23,61,7
3826826,0,877,0,40,2,2,2,1,14,63,7
3827226,0,877,0,40,2,2,2,1,13,56,7
3808338,0,877,0,40,2,6,2,1,35,20,7
3827681,0,877,0,40,2,2,2,1,16,45,7
3805467,0,877,0,40,3,4,2,1,22,41,7
3813481,0,877,0,40,2,4,2,1,52,80,7
3813060,0,877,0,40,2,7,2,1,38,36,7
3828572,0,877,0,40,2,3,2,1,13,37,7
3804738,0,877,0,40,3,6,2,1,43,56,7
3828354,0,877,0,40,3,3,2,1,13,60,7
3795542,0,877,0,40,3,11,2,1,89,42,7
3829657,0,877,0,40,2,2,2,1,11,61,7
3822867,0,877,0,40,2,3,2,1,29,20,7
3828696,0,877,0,40,2,2,2,1,18,78,7
3832976,0,877,0,40,3,1,2,1,8,20,7
3833753,0,877,0,40,2,1,2,1,8,51,7
3834037,0,877,0,40,2,1,2,1,8,31,7
3834269,0,877,0,40,2,1,2,1,8,49,7
3834279,0,877,0,40,2,1,2,1,8,45,7
3816937,0,877,0,40,3,3,2,1,45,54,7
3815574,0,877,0,40,2,3,2,1,39,51,7
3821221,0,877,0,40,3,2,2,1,29,44,7
3822807,0,877,0,40,2,2,2,1,31,38,7
3823252,0,877,0,40,3,2,2,1,26,78,7
3813663,0,877,0,40,3,4,2,1,45,62,7
3809547,0,877,0,40,2,6,2,1,57,65,7
3825014,0,877,0,40,3,2,2,1,24,23,7
3804335,0,877,0,40,3,3,2,1,33,42,7
3815110,0,877,0,40,3,4,2,1,42,42,7
3815788,0,877,0,40,3,4,2,1,27,44,7
3807973,0,877,0,40,3,2,2,1,22,48,7
3813360,0,877,0,40,2,6,2,1,46,55,7
3800587,0,877,0,40,2,3,2,1,34,59,7
3796593,0,877,0,40,2,6,2,1,69,65,7
3812572,0,877,0,40,2,5,2,1,46,15,7
3815976,0,877,0,40,3,5,2,1,38,82,7
3828674,0,877,0,40,2,1,2,1,20,37,7
3828952,0,877,0,40,3,1,2,1,20,46,7
3817880,0,877,0,40,2,2,2,1,44,111,7
3828370,0,877,0,40,2,1,2,1,19,65,7
3820429,0,877,0,40,2,3,2,1,26,56,7
3807591,0,877,0,40,3,3,2,1,30,57,7
3806533,0,877,0,40,3,9,2,1,65,53,7
3813162,0,877,0,40,2,5,2,1,41,33,7
3818695,0,877,0,40,2,4,2,1,34,96,7
3808656,0,877,0,40,3,4,2,1,47,62,7
3801701,0,877,0,40,2,6,2,1,48,80,7
3823861,0,877,0,40,2,2,2,1,26,21,7
3805384,0,877,0,40,3,2,2,1,24,23,7
3824121,0,877,0,40,3,3,2,1,21,37,7
3817423,0,877,0,40,2,5,2,1,31,83,7
3825190,0,877,0,40,2,3,2,1,19,48,7
3813439,0,877,0,40,3,6,2,1,44,83,7
3829549,0,877,0,40,2,1,2,1,16,17,7
3830586,0,877,0,40,3,1,2,1,16,24,7
3826828,0,877,0,40,3,2,2,1,16,12,7
3821750,0,877,0,40,3,2,2,1,30,81,7
3828092,0,877,0,40,3,2,2,1,19,17,7
3831101,0,877,0,40,2,1,2,1,15,49,7
3831371,0,877,0,40,3,1,2,1,15,50,7
3812638,0,877,0,40,2,4,2,1,46,49,7
3825113,0,877,0,40,2,2,2,1,24,35,7
3824363,0,877,0,40,3,3,2,1,22,16,7
3829356,0,877,0,40,3,1,2,1,14,48,7
3831368,0,877,0,40,2,1,2,1,14,25,7
3816032,0,877,0,40,3,4,2,1,31,71,7
3807281,0,877,0,40,3,3,2,1,19,24,7
3813208,0,877,0,40,3,5,2,1,41,48,7
3827861,0,877,0,40,2,3,2,1,17,37,7
3831689,0,877,0,40,3,1,2,1,13,29,7
3832163,0,877,0,40,2,1,2,1,13,55,7
3832263,0,877,0,40,3,1,2,1,13,41,7
3832349,0,877,0,40,3,1,2,1,13,23,7
3796591,0,877,0,40,2,5,2,1,46,55,7
3801061,0,877,0,40,2,2,2,1,20,56,7
3784536,0,877,0,40,2,14,2,1,84,38,7
3812513,0,877,0,40,3,6,2,1,31,39,7
3809229,0,877,0,40,2,3,2,1,34,21,7
3804520,0,877,0,40,3,3,2,1,19,6,7
3771271,0,877,0,40,2,14,2,1,94,48,7
3805889,0,877,0,40,3,7,2,1,28,30,7
3714816,0,877,0,40,3,23,2,1,123,41,7
3826440,0,877,0,40,2,3,2,1,18,46,7
3832644,0,877,0,40,3,1,2,1,12,59,7
3806331,0,877,0,40,3,1,2,1,13,62,7
3818426,0,877,0,40,3,4,2,1,29,31,7
3822664,0,877,0,40,2,3,2,1,23,52,7
3820615,0,877,0,40,2,3,2,1,30,23,7
3823521,0,877,0,40,3,3,2,1,21,43,7
3825757,0,877,0,40,2,4,2,1,18,24,7
3819362,0,877,0,40,2,6,2,1,19,24,7
3816255,0,877,0,40,2,4,2,1,37,24,7
3831899,0,877,0,40,2,1,2,1,11,56,7
3833089,0,877,0,40,3,1,2,1,11,35,7
3815533,0,877,0,40,3,5,2,1,35,44,7
3827641,0,877,0,40,2,2,2,1,16,28,7
3827912,0,877,0,40,2,2,2,1,13,29,7
3805392,0,877,0,40,3,3,2,1,16,49,7
3822661,0,877,0,40,2,3,2,1,25,55,7
3824201,0,877,0,40,3,3,2,1,19,53,7
3825206,0,877,0,40,3,4,2,1,19,51,7
3828574,0,877,0,40,3,2,2,1,12,58,7
3824033,0,877,0,40,2,3,2,1,24,20,7
3803827,0,877,0,40,3,3,2,1,44,27,7
3831795,0,877,0,40,3,1,2,1,10,46,7
3833102,0,877,0,40,2,1,2,1,10,23,7
3833222,0,877,0,40,3,1,2,1,10,43,7
3833544,0,877,0,40,3,1,2,1,10,65,7
3828432,0,877,0,40,2,2,2,1,12,34,7
3804798,0,877,0,40,2,5,2,1,32,17,7
3822741,0,877,0,40,3,5,2,1,20,31,7
3811961,0,877,0,40,2,9,2,1,42,65,7
3815066,0,877,0,40,2,6,2,1,26,36,7
3820786,0,877,0,40,2,4,2,1,17,72,7
3830637,0,877,0,40,2,2,2,1,10,84,7
3828146,0,877,0,40,3,2,2,1,15,58,7
3823505,0,877,0,40,3,3,2,1,20,44,7
3803683,0,877,0,40,2,2,2,1,29,49,7
3831624,0,877,0,40,3,2,2,1,11,43,7
3832067,0,877,0,40,2,2,2,1,10,48,7
3810906,0,877,0,40,3,6,2,1,56,19,7
3805168,0,877,0,40,2,3,2,1,31,75,7
3825651,0,877,0,40,3,2,2,1,24,51,7
3813448,0,877,0,40,2,7,2,1,41,28,7
3825002,0,877,0,40,2,3,2,1,21,77,7
3832044,0,877,0,40,2,1,2,1,9,33,7
3833405,0,877,0,40,2,1,2,1,9,62,7
3833597,0,877,0,40,3,1,2,1,9,32,7
3833653,0,877,0,40,2,1,2,1,9,25,7
3803874,0,877,0,40,3,2,2,1,13,74,7
3807895,0,877,0,40,2,9,2,1,41,51,7
3821136,0,877,0,40,2,3,2,1,24,79,7
3823615,0,877,0,40,3,3,2,1,15,34,7
3828704,0,877,0,40,3,2,2,1,14,31,7
3816639,0,877,0,40,2,5,2,1,27,51,7
3831377,0,877,0,40,2,2,2,1,9,25,7
3817433,0,877,0,40,2,6,2,1,25,29,7
3817452,0,877,0,40,3,5,2,1,29,63,7
3827563,0,877,0,40,3,3,2,1,15,22,7
3830172,0,877,0,40,2,2,2,1,9,22,7
3829797,0,877,0,40,3,2,2,1,13,31,7
3804504,0,877,0,40,3,7,2,1,39,29,7
3818383,0,877,0,40,2,5,2,1,36,26,7
3810613,0,877,0,40,2,9,2,1,41,17,7
3819016,0,877,0,40,2,5,2,1,28,7,7
3804525,0,877,0,40,2,6,2,1,33,66,7
3817257,0,877,0,40,3,5,2,1,33,49,7
3808975,0,877,0,40,2,8,2,1,64,47,7
3766788,0,877,0,40,2,16,2,1,65,29,7
3833567,0,877,0,40,2,1,2,1,8,34,7
3833711,0,877,0,40,3,1,2,1,8,105,7
3834108,0,877,0,40,3,1,2,1,8,19,7
3834712,0,877,0,40,2,1,2,1,8,63,7
3834754,0,877,0,40,3,1,2,1,8,25,7
3834814,0,877,0,40,3,1,2,1,8,16,7
3819132,0,877,0,40,2,2,2,1,41,40,7
3821672,0,877,0,40,3,1,2,1,38,35,7
3741774,0,877,0,40,3,21,2,1,134,35,7
3826707,0,877,0,40,2,1,2,1,25,40,7
3805407,0,877,0,40,2,3,2,1,37,27,7
3811385,0,877,0,40,3,6,2,1,53,40,7
3814540,0,877,0,40,2,4,2,1,48,66,7
3815094,0,877,0,40,2,7,2,1,36,40,7
3829297,0,877,0,40,2,1,2,1,20,32,7
3806148,0,877,0,40,3,3,2,1,41,41,7
3829622,0,877,0,40,2,1,2,1,19,19,7
3827856,0,877,0,40,2,1,2,1,18,75,7
3826494,0,877,0,40,3,2,2,1,20,37,7
3806287,0,877,0,40,3,7,2,1,43,43,7
3830664,0,877,0,40,3,1,2,1,17,37,7
3823297,0,877,0,40,3,3,2,1,26,12,7
3805441,0,877,0,40,3,4,2,1,25,57,7
3819833,0,877,0,40,3,5,2,1,28,42,7
3827800,0,877,0,40,2,2,2,1,18,44,7
3818380,0,877,0,40,2,4,2,1,34,61,7
3804574,0,877,0,40,3,5,2,1,37,48,7
3831164,0,877,0,40,2,1,2,1,15,51,7
3818259,0,877,0,40,3,4,2,1,34,20,7
3815142,0,877,0,40,3,3,2,1,49,43,7
3798908,0,877,0,40,2,5,2,1,32,31,7
3814836,0,877,0,40,2,6,2,1,46,13,7
3830743,0,877,0,40,3,1,2,1,14,32,7
3831561,0,877,0,40,2,1,2,1,14,24,7
3832345,0,877,0,40,3,1,2,1,14,9,7
3809381,0,877,0,40,3,5,2,1,59,54,7
3821067,0,877,0,40,2,2,2,1,32,58,7
3826097,0,877,0,40,3,4,2,1,20,27,7
3816243,0,877,0,40,3,5,2,1,26,56,7
3817278,0,877,0,40,2,6,2,1,33,46,7
3829647,0,877,0,40,3,2,2,1,18,74,7
3832110,0,877,0,40,3,1,2,1,13,63,7
3825233,0,877,0,40,3,3,2,1,15,51,7
3822588,0,877,0,40,2,5,2,1,18,16,7
3825697,0,877,0,40,2,2,2,1,24,105,7
3830979,0,877,0,40,2,2,2,1,13,22,7
3830244,0,877,0,40,2,2,2,1,13,37,7
3810363,0,877,0,40,2,9,2,1,45,38,7
3831563,0,877,0,40,3,1,2,1,12,92,7
3825647,0,877,0,40,2,2,2,1,12,43,7
3818722,0,877,0,40,2,5,2,1,19,41,7
3814501,0,877,0,40,3,7,2,1,37,42,7
3810862,0,877,0,40,2,7,2,1,50,56,7
3788356,0,877,0,40,3,12,2,1,62,41,7
3818286,0,877,0,40,3,5,2,1,26,54,7
3803892,0,877,0,40,3,5,2,1,32,47,7
3808661,0,877,0,40,2,3,2,1,23,57,7
3833034,0,877,0,40,3,1,2,1,11,18,7
3833564,0,877,0,40,3,1,2,1,11,72,7
3833672,0,877,0,40,3,1,2,1,11,55,7
3833898,0,877,0,40,3,1,2,1,11,100,7
3829886,0,877,0,40,3,2,2,1,13,75,7
3830202,0,877,0,40,2,2,2,1,11,53,7
3818833,0,877,0,40,3,5,2,1,32,37,7
3824298,0,877,0,40,2,4,2,1,18,43,7
3809138,0,877,0,40,2,8,2,1,58,24,7
3818959,0,877,0,40,3,4,2,1,33,57,7
3833769,0,877,0,40,3,1,2,1,10,43,7
3834059,0,877,0,40,3,1,2,1,10,35,7
3805948,0,877,0,40,2,2,2,1,13,20,7
3829700,0,877,0,40,2,2,2,1,12,48,7
3806966,0,877,0,40,2,3,2,1,13,55,7
3820500,0,877,0,40,3,4,2,1,23,22,7
3830166,0,877,0,40,2,2,2,1,12,28,7
3825332,0,877,0,40,2,2,2,1,24,38,7
3828127,0,877,0,40,2,2,2,1,18,26,7
3821051,0,877,0,40,3,4,2,1,24,54,7
3825274,0,877,0,40,2,2,2,1,24,38,7
3829116,0,877,0,40,2,3,2,1,12,81,7
3805427,0,877,0,40,2,4,2,1,27,40,7
3833615,0,877,0,40,2,1,2,1,9,19,7
3834256,0,877,0,40,2,1,2,1,9,62,7
3834472,0,877,0,40,2,1,2,1,9,31,7
3834796,0,877,0,40,3,1,2,1,9,41,7
3802221,0,877,0,40,3,8,2,1,65,31,7
3826274,0,877,0,40,3,2,2,1,18,39,7
3816826,0,877,0,40,3,4,2,1,24,35,7
3820407,0,877,0,40,2,3,2,1,30,63,7
3819429,0,877,0,40,3,4,2,1,26,28,7
3798280,0,877,0,40,2,5,2,1,60,19,7
3806550,0,877,0,40,3,8,2,1,28,24,7
3822859,0,877,0,40,3,4,2,1,23,30,7
3817174,0,877,0,40,2,7,2,1,36,35,7
3809652,0,877,0,40,3,5,2,1,52,44,7
3822965,0,877,0,40,2,4,2,1,22,35,7
3816638,0,877,0,40,2,6,2,1,27,35,7
3821763,0,877,0,40,2,5,2,1,19,28,7
3831623,0,877,0,40,3,2,2,1,10,26,7
3821898,0,877,0,40,2,3,2,1,29,88,7
3818756,0,877,0,40,3,6,2,1,25,25,7
3812206,0,877,0,40,3,7,2,1,49,35,7
3811840,0,877,0,40,3,8,2,1,40,57,7
3833843,0,877,0,40,2,1,2,1,8,25,7
3834006,0,877,0,40,3,1,2,1,8,72,7
3834411,0,877,0,40,3,1,2,1,8,24,7
3834659,0,877,0,40,2,1,2,1,8,75,7
3834990,0,877,0,40,3,1,2,1,8,24,7
3835268,0,877,0,40,2,1,2,1,8,21,7
3835318,0,877,0,40,2,1,2,1,8,26,7
3821184,0,877,0,40,2,3,2,1,35,24,7
3820459,0,877,0,40,3,3,2,1,32,41,7
3817073,0,877,0,40,3,5,2,1,34,54,7
3829023,0,877,0,40,3,1,2,1,21,18,7
3821157,0,877,0,40,2,3,2,1,24,15,7
3805369,0,877,0,40,2,5,2,1,49,49,7
3828989,0,877,0,40,3,1,2,1,19,53,7
3805069,0,877,0,40,3,3,2,1,37,34,7
3828381,0,877,0,40,2,2,2,1,17,45,7
3823004,0,877,0,40,2,2,2,1,31,45,7
3828223,0,877,0,40,3,3,2,1,19,44,7
3787615,0,877,0,40,2,12,2,1,65,35,7
3822652,0,877,0,40,3,3,2,1,23,66,7
3808693,0,877,0,40,2,7,2,1,64,47,7
3829012,0,877,0,40,3,2,2,1,20,26,7
3819276,0,877,0,40,2,4,2,1,31,31,7
3831672,0,877,0,40,2,2,2,1,15,31,7
3827740,0,877,0,40,3,2,2,1,16,61,7
3793514,0,877,0,40,3,8,2,1,42,51,7
3809246,0,877,0,40,2,6,2,1,61,104,7
3815013,0,877,0,40,2,4,2,1,45,49,7
3830179,0,877,0,40,3,2,2,1,16,34,7
3826348,0,877,0,40,3,3,2,1,21,66,7
3809590,0,877,0,40,3,6,2,1,63,24,7
3798960,0,877,0,40,2,5,2,1,32,37,7
3801203,0,877,0,40,3,6,2,1,36,50,7
3827489,0,877,0,40,3,2,2,1,20,58,7
3826736,0,877,0,40,3,4,2,1,19,63,7
3804453,0,877,0,40,3,5,2,1,36,47,7
3813925,0,877,0,40,3,6,2,1,37,41,7
3820600,0,877,0,40,3,4,2,1,25,39,7
3817570,0,877,0,40,3,4,2,1,38,33,7
3813796,0,877,0,40,2,4,2,1,40,50,7
3817255,0,877,0,40,2,4,2,1,32,28,7
3793336,0,877,0,40,2,11,2,1,53,24,7
3817861,0,877,0,40,3,5,2,1,34,39,7
3801199,0,877,0,40,3,3,2,1,41,51,7
3831491,0,877,0,40,3,1,2,1,10,37,7
3821461,0,877,0,40,2,3,2,1,26,73,7
3807189,0,877,0,40,3,4,2,1,22,34,7
3803240,0,877,0,40,3,8,2,1,47,25,7
3792032,0,877,0,40,3,10,2,1,70,55,7
3811824,0,877,0,40,3,7,2,1,47,5,7
3815609,0,877,0,40,3,7,2,1,40,70,7
3827923,0,877,0,40,2,4,2,1,20,38,7
3832972,0,877,0,40,3,1,2,1,9,67,7
3834835,0,877,0,40,3,1,2,1,9,46,7
3805454,1,877,863,40,2,2,2,1,17,82,7
3829330,0,877,0,40,3,2,2,1,15,28,7
3825767,0,877,0,40,3,3,2,1,18,29,7
3829506,0,877,0,40,3,2,2,1,18,34,7
3829080,0,877,0,40,3,2,2,1,17,53,7
3806053,0,877,0,40,2,6,2,1,52,57,7
3835946,0,877,0,40,2,1,2,1,8,63,7
3803851,0,877,0,40,2,1,2,1,18,51,7
3828746,0,877,0,40,3,1,2,1,23,72,7
3828973,0,877,0,40,2,2,2,1,18,39,7
3832656,0,877,0,40,2,1,2,1,15,41,7
3832811,0,877,0,40,2,1,2,1,14,82,7
3833282,0,877,0,40,2,1,2,1,13,58,7
3830234,0,877,0,40,3,2,2,1,13,66,7
3834334,0,877,0,40,2,1,2,1,10,53,7
3809287,0,877,0,40,3,8,2,1,45,39,7
3834541,0,877,0,40,2,1,2,1,9,64,7
3835788,0,877,0,40,3,1,2,1,9,20,7
3832956,0,877,0,40,2,0,2,1,7,61,7
3833403,0,877,0,40,3,0,2,1,7,24,7
3833819,0,877,0,40,3,0,2,1,7,50,7
3833978,0,877,0,40,3,0,2,1,7,25,7
3834106,0,877,0,40,2,0,2,1,7,35,7
3834170,0,877,0,40,3,0,2,1,7,37,7
3834433,0,877,0,40,3,0,2,1,7,18,7
3834497,0,877,0,40,2,0,2,1,7,23,7
3834561,0,877,0,40,2,0,2,1,7,59,7
3834625,0,877,0,40,2,0,2,1,7,44,7
3834721,0,877,0,40,3,0,2,1,7,72,7
3834925,0,877,0,40,3,0,2,1,7,49,7
3834941,0,877,0,40,2,0,2,1,7,77,7
3835069,0,877,0,40,3,0,2,1,7,28,7
3835101,0,877,0,40,2,0,2,1,7,30,7
3835165,0,877,0,40,3,0,2,1,7,28,7
3835197,0,877,0,40,2,0,2,1,7,85,7
3835213,0,877,0,40,2,0,2,1,7,42,7
3835245,0,877,0,40,3,0,2,1,7,59,7
3835293,0,877,0,40,3,0,2,1,7,59,7
3835407,0,877,0,40,3,0,2,1,7,77,7
3835423,0,877,0,40,3,0,2,1,7,56,7
3835435,0,877,0,40,2,0,2,1,7,24,7
3835451,0,877,0,40,3,0,2,1,7,35,7
3835475,0,877,0,40,3,0,2,1,7,19,7
3835499,0,877,0,40,3,0,2,1,7,80,7
3835523,0,877,0,40,2,0,2,1,7,41,7
3835531,0,877,0,40,2,0,2,1,7,59,7
3835555,0,877,0,40,3,0,2,1,7,46,7
3835587,0,877,0,40,2,0,2,1,7,43,7
3835603,0,877,0,40,3,0,2,1,7,15,7
3835611,0,877,0,40,3,0,2,1,7,51,7
3835619,0,877,0,40,2,0,2,1,7,49,7
3835627,0,877,0,40,3,0,2,1,7,50,7
3835643,0,877,0,40,3,0,2,1,7,60,7
3835659,0,877,0,40,2,0,2,1,7,58,7
3835675,0,877,0,40,3,0,2,1,7,56,7
3835691,0,877,0,40,3,0,2,1,7,33,7
3835715,0,877,0,40,3,0,2,1,7,28,7
3835747,0,877,0,40,2,0,2,1,7,53,7
3835771,0,877,0,40,3,0,2,1,7,47,7
3835803,0,877,0,40,2,0,2,1,7,18,7
3835827,0,877,0,40,2,0,2,1,7,12,7
3835851,0,877,0,40,3,0,2,1,7,41,7
3835883,0,877,0,40,2,0,2,1,7,64,7
3835915,0,877,0,40,2,0,2,1,7,72,7
3835939,0,877,0,40,3,0,2,1,7,128,7
3835983,0,877,0,40,2,0,2,1,7,38,7
3835991,0,877,0,40,3,0,2,1,7,12,7
3835999,0,877,0,40,3,0,2,1,7,64,7
3836007,0,877,0,40,3,0,2,1,7,53,7
3836011,0,877,0,40,2,0,2,1,7,67,7
3836019,0,877,0,40,3,0,2,1,7,47,7
3836031,0,877,0,40,2,0,2,1,7,38,7
3836039,0,877,0,40,2,0,2,1,7,58,7
3836043,0,877,0,40,3,0,2,1,7,29,7
3836055,0,877,0,40,2,0,2,1,7,44,7
3836083,0,877,0,40,3,0,2,1,7,25,7
3836095,0,877,0,40,3,0,2,1,7,68,7
3836103,0,877,0,40,2,0,2,1,7,44,7
3836119,0,877,0,40,3,0,2,1,7,40,7
3836135,0,877,0,40,2,0,2,1,7,70,7
3836151,0,877,0,40,2,0,2,1,7,73,7
3836171,0,877,0,40,2,0,2,1,7,42,7
3836175,0,877,0,40,3,0,2,1,7,52,7
3836187,0,877,0,40,3,0,2,1,7,41,7
3836195,0,877,0,40,3,0,2,1,7,32,7
3836199,0,877,0,40,2,0,2,1,7,35,7
3836215,0,877,0,40,2,0,2,1,7,24,7
3836227,0,877,0,40,3,0,2,1,7,29,7
3836239,0,877,0,40,3,0,2,1,7,22,7
3836243,0,877,0,40,3,0,2,1,7,74,7
3836247,0,877,0,40,3,0,2,1,7,37,7
3836255,0,877,0,40,2,0,2,1,7,38,7
3836263,0,877,0,40,2,0,2,1,7,47,7
3836291,0,877,0,40,2,0,2,1,7,21,7
3836299,0,877,0,40,2,0,2,1,7,25,7
3836311,0,877,0,40,3,0,2,1,7,73,7
3836315,0,877,0,40,3,0,2,1,7,35,7
3836323,0,877,0,40,2,0,2,1,7,22,7
3836347,0,877,0,40,3,0,2,1,7,65,7
3836359,0,877,0,40,3,0,2,1,7,66,7
3836371,0,877,0,40,3,0,2,1,7,69,7
3836375,0,877,0,40,2,0,2,1,7,34,7
3836383,0,877,0,40,3,0,2,1,7,67,7
3836407,0,877,0,40,2,0,2,1,7,48,7
3836411,0,877,0,40,3,0,2,1,7,35,7
3836419,0,877,0,40,2,0,2,1,7,10,7
3836427,0,877,0,40,2,0,2,1,7,63,7
3836431,0,877,0,40,3,0,2,1,7,39,7
3836435,0,877,0,40,3,0,2,1,7,63,7
3836447,0,877,0,40,3,0,2,1,7,23,7
3836463,0,877,0,40,2,0,2,1,7,44,7
3836479,0,877,0,40,3,0,2,1,7,25,7
3836491,0,877,0,40,3,0,2,1,7,35,7
3836501,0,877,0,40,2,0,2,1,7,24,7
3836505,0,877,0,40,2,0,2,1,7,30,7
3836507,0,877,0,40,2,0,2,1,7,46,7
3836513,0,877,0,40,2,0,2,1,7,52,7
3836517,0,877,0,40,3,0,2,1,7,17,7
3836523,0,877,0,40,3,0,2,1,7,93,7
3836527,0,877,0,40,3,0,2,1,7,38,7
3836533,0,877,0,40,3,0,2,1,7,17,7
3836535,0,877,0,40,2,0,2,1,7,52,7
3836539,0,877,0,40,3,0,2,1,7,41,7
3836545,0,877,0,40,3,0,2,1,7,49,7
3836547,0,877,0,40,3,0,2,1,7,41,7
3836553,0,877,0,40,3,0,2,1,7,73,7
3836555,0,877,0,40,3,0,2,1,7,39,7
3836575,0,877,0,40,3,0,2,1,7,65,7
3836579,0,877,0,40,2,0,2,1,7,43,7
3836585,0,877,0,40,2,0,2,1,7,38,7
3836593,0,877,0,40,2,0,2,1,7,15,7
3836595,0,877,0,40,2,0,2,1,7,19,7
3836607,0,877,0,40,3,0,2,1,7,27,7
3836609,0,877,0,40,2,0,2,1,7,16,7
3836611,0,877,0,40,2,0,2,1,7,28,7
3836617,0,877,0,40,2,0,2,1,7,69,7
3836619,0,877,0,40,2,0,2,1,7,53,7
3836633,0,877,0,40,2,0,2,1,7,25,7
3836635,0,877,0,40,2,0,2,1,7,70,7
3836649,0,877,0,40,2,0,2,1,7,37,7
3836657,0,877,0,40,2,0,2,1,7,26,7
3836663,0,877,0,40,2,0,2,1,7,38,7
3836665,0,877,0,40,2,0,2,1,7,30,7
3836673,0,877,0,40,3,0,2,1,7,56,7
3836677,0,877,0,40,3,0,2,1,7,82,7
3836683,0,877,0,40,2,0,2,1,7,117,7
3836689,0,877,0,40,3,0,2,1,7,33,7
3836693,0,877,0,40,2,0,2,1,7,39,7
3836701,0,877,0,40,3,0,2,1,7,25,7
3836703,0,877,0,40,3,0,2,1,7,78,7
3836711,0,877,0,40,2,0,2,1,7,37,7
3836715,0,877,0,40,2,0,2,1,7,51,7
3836725,0,877,0,40,2,0,2,1,7,31,7
3836729,0,877,0,40,3,0,2,1,7,14,7
3836731,0,877,0,40,3,0,2,1,7,28,7
3836733,0,877,0,40,2,0,2,1,7,49,7
3836741,0,877,0,40,2,0,2,1,7,39,7
3836745,0,877,0,40,3,0,2,1,7,43,7
3836749,0,877,0,40,2,0,2,1,7,48,7
3836761,0,877,0,40,3,0,2,1,7,40,7
3836769,0,877,0,40,2,0,2,1,7,60,7
3836771,0,877,0,40,3,0,2,1,7,35,7
3836777,0,877,0,40,3,0,2,1,7,41,7
3836781,0,877,0,40,3,0,2,1,7,90,7
3836789,0,877,0,40,3,0,2,1,7,66,7
3836799,0,877,0,40,3,0,2,1,7,51,7
3836811,0,877,0,40,2,0,2,1,7,14,7
3836817,0,877,0,40,2,0,2,1,7,34,7
3836825,0,877,0,40,3,0,2,1,7,39,7
3836829,0,877,0,40,3,0,2,1,7,47,7
3836831,0,877,0,40,2,0,2,1,7,24,7
3836839,0,877,0,40,3,0,2,1,7,68,7
3836845,0,877,0,40,3,0,2,1,7,26,7
3836853,0,877,0,40,2,0,2,1,7,49,7
3836863,0,877,0,40,3,0,2,1,7,36,7
3836865,0,877,0,40,3,0,2,1,7,49,7
3836871,0,877,0,40,3,0,2,1,7,65,7
3836873,0,877,0,40,3,0,2,1,7,36,7
3836881,0,877,0,40,2,0,2,1,7,34,7
3836883,0,877,0,40,3,0,2,1,7,30,7
3836889,0,877,0,40,3,0,2,1,7,33,7
3836893,0,877,0,40,2,0,2,1,7,9,7
3836895,0,877,0,40,2,0,2,1,7,63,7
3836897,0,877,0,40,2,0,2,1,7,30,7
3836901,0,877,0,40,3,0,2,1,7,30,7
3836909,0,877,0,40,2,0,2,1,7,45,7
3836919,0,877,0,40,3,0,2,1,7,25,7
3836921,0,877,0,40,2,0,2,1,7,19,7
3836927,0,877,0,40,2,0,2,1,7,78,7
3836929,0,877,0,40,3,0,2,1,7,50,7
3836931,0,877,0,40,2,0,2,1,7,46,7
3836943,0,877,0,40,3,0,2,1,7,52,7
3836945,0,877,0,40,2,0,2,1,7,21,7
3836949,0,877,0,40,3,0,2,1,7,48,7
3836955,0,877,0,40,2,0,2,1,7,50,7
3836957,0,877,0,40,3,0,2,1,7,58,7
3836973,0,877,0,40,2,0,2,1,7,44,7
3836993,0,877,0,40,2,0,2,1,7,61,7
3836997,0,877,0,40,3,0,2,1,7,45,7
3837001,0,877,0,40,3,0,2,1,7,31,7
3837003,0,877,0,40,3,0,2,1,7,21,7
3837005,0,877,0,40,2,0,2,1,7,34,7
3793989,0,877,0,40,3,4,2,1,25,45,7
3793937,0,877,0,40,3,4,2,1,16,76,7
3795215,0,877,0,40,3,4,2,1,27,39,7
3802857,0,877,0,40,2,0,2,1,8,36,7
3750103,0,877,0,40,2,14,2,1,97,34,7
3804557,0,877,0,40,2,0,2,1,12,28,7
3796812,0,877,0,40,3,5,2,1,33,39,7
3804880,0,877,0,40,3,0,2,1,13,41,7
3804485,0,877,0,40,3,1,2,1,21,17,7
3805887,0,877,0,40,3,0,2,1,13,23,7
3806279,0,877,0,40,3,0,2,1,7,48,7
3822426,0,877,0,40,3,1,2,1,22,49,7
3817608,0,877,0,40,2,4,2,1,22,35,7
3825350,0,877,0,40,2,2,2,1,9,35,7
3711288,0,877,0,40,3,21,2,1,157,49,7
3827700,0,877,0,40,3,1,2,1,10,32,7
3808378,0,877,0,40,2,10,2,1,49,32,7
3826529,0,877,0,40,2,1,2,1,11,58,7
3814360,0,877,0,40,2,4,2,1,32,58,7
3818641,0,877,0,40,2,3,2,1,32,21,7
3824174,0,877,0,40,2,2,2,1,17,6,7
3785412,0,877,0,40,2,12,2,1,69,65,7
3811025,0,877,0,40,2,5,2,1,42,90,7
3808159,0,877,0,40,3,6,2,1,34,63,7
3807218,0,877,0,40,3,9,2,1,61,34,7
3831261,0,877,0,40,2,1,2,1,7,47,7
3804291,0,877,0,40,2,2,2,1,44,39,7
3776017,0,877,0,40,3,12,2,1,98,17,7
3817619,0,877,0,40,3,3,2,1,30,46,7
3820797,0,877,0,40,3,4,2,1,22,45,7
3818828,0,877,0,40,3,3,2,1,29,51,7
3828199,0,877,0,40,2,1,2,1,14,39,7
3809901,0,877,0,40,2,8,2,1,41,52,7
3812347,0,877,0,40,2,5,2,1,41,72,7
3806262,0,877,0,40,2,6,2,1,48,45,7
3815122,0,877,0,40,2,6,2,1,23,39,7
3827010,0,877,0,40,3,2,2,1,11,30,7
3823407,0,877,0,40,2,3,2,1,16,31,7
3812852,0,877,0,40,2,4,2,1,41,28,7
3831001,0,877,0,40,2,1,2,1,8,54,7
3831303,0,877,0,40,2,1,2,1,8,36,7
3823343,0,877,0,40,3,3,2,1,11,33,7
3798858,0,877,0,40,3,8,2,1,41,57,7
3828913,0,877,0,40,3,1,2,1,7,52,7
3831552,0,877,0,40,3,1,2,1,7,32,7
3805730,0,877,0,40,3,5,2,1,45,39,7
3811316,0,877,0,40,3,6,2,1,40,63,7
3813505,0,877,0,40,2,4,2,1,48,64,7
3826857,0,877,0,40,3,1,2,1,18,54,7
3816821,0,877,0,40,3,4,2,1,31,21,7
3821417,0,877,0,40,3,3,2,1,21,21,7
3828862,0,877,0,40,2,1,2,1,14,43,7
3805792,0,877,0,40,2,3,2,1,23,63,7
3818443,0,877,0,40,3,3,2,1,26,62,7
3815405,0,877,0,40,2,5,2,1,33,43,7
3828969,0,877,0,40,2,1,2,1,12,57,7
3814117,0,877,0,40,3,5,2,1,25,53,7
3828645,0,877,0,40,2,1,2,1,11,81,7
3814275,0,877,0,40,2,5,2,1,33,25,7
3824753,0,877,0,40,3,2,2,1,18,39,7
3799504,0,877,0,40,3,4,2,1,25,44,7
3811770,0,877,0,40,2,5,2,1,43,18,7
3819718,0,877,0,40,3,3,2,1,28,21,7
3829713,0,877,0,40,3,1,2,1,9,25,7
3831259,0,877,0,40,2,1,2,1,9,45,7
3810491,0,877,0,40,3,5,2,1,46,28,7
3824217,0,877,0,40,2,3,2,1,14,51,7
3808938,0,877,0,40,3,7,2,1,54,75,7
3803126,0,877,0,40,3,4,2,1,22,20,7
3817647,0,877,0,40,2,4,2,1,27,59,7
3829077,0,877,0,40,2,2,2,1,8,25,7
3810707,0,877,0,40,2,8,2,1,36,43,7
3805128,0,877,0,40,2,7,2,1,55,55,7
3821130,0,877,0,40,3,2,2,1,29,64,7
3821086,0,877,0,40,3,2,2,1,29,61,7
3811114,0,877,0,40,3,5,2,1,53,32,7
3802622,0,877,0,40,3,1,2,1,28,32,7
3811492,0,877,0,40,3,6,2,1,33,30,7
3827346,0,877,0,40,2,1,2,1,18,56,7
3823335,0,877,0,40,3,2,2,1,18,28,7
3807951,0,877,0,40,2,4,2,1,45,60,7
3809439,0,877,0,40,3,5,2,1,59,35,7
3803697,0,877,0,40,3,5,2,1,35,28,7
3813652,0,877,0,40,3,4,2,1,46,87,7
3829606,0,877,0,40,3,1,2,1,13,19,7
3808191,0,877,0,40,3,5,2,1,37,55,7
3830075,0,877,0,40,3,1,2,1,12,63,7
3822930,0,877,0,40,3,2,2,1,22,44,7
3804303,0,877,0,40,2,8,2,1,58,44,7
3804418,0,877,0,40,2,5,2,1,32,47,7
3811688,0,877,0,40,2,5,2,1,44,44,7
3818558,0,877,0,40,2,4,2,1,25,29,7
3811685,0,877,0,40,2,7,2,1,41,53,7
3830092,0,877,0,40,2,1,2,1,10,66,7
3824889,0,877,0,40,2,3,2,1,12,40,7
3821825,0,877,0,40,3,2,2,1,25,21,7
3819383,0,877,0,40,2,4,2,1,23,46,7
3823720,0,877,0,40,3,3,2,1,20,18,7
3823238,0,877,0,40,3,3,2,1,23,33,7
3809981,0,877,0,40,2,6,2,1,55,53,7
3825088,0,877,0,40,2,3,2,1,15,60,7
3809791,0,877,0,40,2,6,2,1,45,42,7
3821469,0,877,0,40,3,4,2,1,15,72,7
3815000,0,877,0,40,3,4,2,1,34,64,7
3814456,0,877,0,40,3,6,2,1,39,20,7
3832365,0,877,0,40,3,1,2,1,8,27,7
3819385,0,877,0,40,3,3,2,1,24,92,7
3825935,0,877,0,40,3,3,2,1,13,35,7
3823641,0,877,0,40,2,2,2,1,19,52,7
3821789,0,877,0,40,3,4,2,1,19,28,7
3822727,0,877,0,40,2,4,2,1,22,71,7
3829282,0,877,0,40,3,2,2,1,11,14,7
3805696,0,877,0,40,2,6,2,1,27,43,7
3788690,0,877,0,40,2,8,2,1,60,72,7
3817401,0,877,0,40,3,2,2,1,38,29,7
3824771,0,877,0,40,2,1,2,1,25,49,7
3802837,0,877,0,40,2,5,2,1,47,45,7
3816579,0,877,0,40,3,4,2,1,31,62,7
3809572,0,877,0,40,3,6,2,1,55,32,7
3815126,0,877,0,40,2,4,2,1,44,43,7
3820064,0,877,0,40,3,2,2,1,29,50,7
3824106,0,877,0,40,2,2,2,1,23,38,7
3795422,0,877,0,40,2,4,2,1,51,41,7
3802116,0,877,0,40,3,9,2,1,56,47,7
3803432,0,877,0,40,2,7,2,1,43,33,7
3802269,0,877,0,40,3,3,2,1,38,51,7
3829341,0,877,0,40,3,1,2,1,15,19,7
3816741,0,877,0,40,2,5,2,1,29,94,7
3817144,0,877,0,40,2,4,2,1,28,29,7
3795628,0,877,0,40,3,7,2,1,67,84,7
3825700,0,877,0,40,3,3,2,1,19,35,7
3807381,0,877,0,40,3,1,2,1,16,27,7
3819813,0,877,0,40,3,3,2,1,24,47,7
3821227,0,877,0,40,3,4,2,1,20,28,7
3813780,0,877,0,40,3,7,2,1,35,73,7
3826793,0,877,0,40,2,2,2,1,16,28,7
3830644,0,877,0,40,2,1,2,1,12,78,7
3803092,0,877,0,40,2,1,2,1,12,10,7
3824596,0,877,0,40,3,4,2,1,16,39,7
3826889,0,877,0,40,3,2,2,1,15,29,7
3824801,0,877,0,40,2,3,2,1,18,91,7
3809857,0,877,0,40,3,7,2,1,51,49,7
3820171,0,877,0,40,3,2,2,1,33,42,7
3830989,0,877,0,40,2,1,2,1,11,25,7
3831321,0,877,0,40,2,1,2,1,11,44,7
3825074,0,877,0,40,3,3,2,1,12,42,7
3805133,0,877,0,40,2,3,2,1,22,7,7
3799021,0,877,0,40,3,8,2,1,73,16,7
3819855,0,877,0,40,3,4,2,1,23,43,7
3796273,0,877,0,40,3,4,2,1,27,33,7
3810319,0,877,0,40,2,7,2,1,41,37,7
3808587,0,877,0,40,3,7,2,1,51,86,7
3807375,0,877,0,40,2,5,2,1,20,25,7
3822468,0,877,0,40,3,4,2,1,16,16,7
3815744,0,877,0,40,3,6,2,1,34,41,7
3819980,0,877,0,40,3,3,2,1,25,40,7
3824805,0,877,0,40,2,3,2,1,20,72,7
3828707,0,877,0,40,2,2,2,1,12,69,7
3828273,0,877,0,40,3,2,2,1,15,49,7
3819451,0,877,0,40,3,4,2,1,16,30,7
3800612,0,877,0,40,3,4,2,1,31,51,7
3831350,0,877,0,40,2,1,2,1,9,59,7
3831757,0,877,0,40,3,1,2,1,9,17,7
3832105,0,877,0,40,3,1,2,1,9,51,7
3832327,0,877,0,40,2,1,2,1,9,69,7
3807305,0,877,0,40,2,3,2,1,25,23,7
3812149,0,877,0,40,2,7,2,1,41,28,7
3821715,0,877,0,40,2,5,2,1,15,115,7
3801983,0,877,0,40,2,6,2,1,49,100,7
3817722,0,877,0,40,2,5,2,1,27,36,7
3809749,0,877,0,40,2,6,2,1,45,59,7
3828364,0,877,0,40,3,3,2,1,11,63,7
3818602,0,877,0,40,3,4,2,1,30,33,7
3832680,0,877,0,40,2,1,2,1,8,7,7
3807865,0,877,0,40,3,2,2,1,18,25,7
3809358,0,877,0,40,2,9,2,1,40,48,7
3826968,0,877,0,40,3,2,2,1,15,20,7
3824806,0,877,0,40,3,3,2,1,13,54,7
3825127,0,877,0,40,3,3,2,1,13,70,7
3814928,0,877,0,40,2,6,2,1,31,35,7
3831448,0,877,0,40,2,2,2,1,8,50,7
3832807,0,877,0,40,3,1,2,1,7,49,7
3833013,0,877,0,40,2,1,2,1,7,36,7
3833317,0,877,0,40,3,1,2,1,7,50,7
3767379,0,877,0,40,2,12,2,1,133,106,7
3823718,0,877,0,40,2,1,2,1,29,48,7
3825038,0,877,0,40,2,1,2,1,24,28,7
3809288,0,877,0,40,2,7,2,1,44,68,7
3806681,0,877,0,40,3,3,2,1,32,71,7
3806170,0,877,0,40,2,3,2,1,42,72,7
3826367,0,877,0,40,2,1,2,1,21,96,7
3802023,0,877,0,40,2,6,2,1,41,51,7
3808513,0,877,0,40,3,5,2,1,35,52,7
3828383,0,877,0,40,3,1,2,1,18,36,7
3818186,0,877,0,40,3,3,2,1,33,38,7
3824575,0,877,0,40,2,2,2,1,22,32,7
3820882,0,877,0,40,2,3,2,1,25,53,7
3824179,0,877,0,40,2,2,2,1,24,65,7
3829117,0,877,0,40,2,1,2,1,16,55,7
3731342,0,877,0,40,2,18,2,1,109,63,7
3817694,0,877,0,40,2,4,2,1,32,80,7
3819853,0,877,0,40,2,4,2,1,26,13,7
3828286,0,877,0,40,3,1,2,1,15,60,7
3807396,0,877,0,40,2,7,2,1,62,18,7
3808277,0,877,0,40,2,9,2,1,55,27,7
3829272,1,877,867,40,2,1,2,1,14,38,7
3794515,0,877,0,40,3,7,2,1,47,86,7
3824820,0,877,0,40,3,2,2,1,16,66,7
3822530,0,877,0,40,3,3,2,1,16,33,7
3822820,0,877,0,40,3,3,2,1,19,41,7
3807398,0,877,0,40,3,9,2,1,58,43,7
3760093,0,877,0,40,3,13,2,1,85,85,7
3810116,0,877,0,40,3,6,2,1,60,73,7
3830850,0,877,0,40,2,1,2,1,13,38,7
3825109,0,877,0,40,2,2,2,1,19,46,7
3811903,0,877,0,40,2,8,2,1,35,39,7
3795721,0,877,0,40,2,11,2,1,47,30,7
3830757,0,877,0,40,2,1,2,1,12,28,7
3831037,0,877,0,40,3,1,2,1,12,51,7
3806047,0,877,0,40,3,2,2,1,14,40,7
3817911,0,877,0,40,3,3,2,1,23,70,7
3763355,1,877,570,40,3,16,2,1,105,34,7
3821504,0,877,0,40,2,4,2,1,22,40,7
3819181,0,877,0,40,3,5,2,1,29,31,7
3815482,0,877,0,40,2,6,2,1,30,104,7
3830731,0,877,0,40,2,1,2,1,11,15,7
3831400,0,877,0,40,3,1,2,1,11,32,7
3788540,0,877,0,40,3,8,2,1,43,52,7
3826972,0,877,0,40,3,2,2,1,13,42,7
3811023,0,877,0,40,3,8,2,1,49,37,7
3824449,0,877,0,40,3,4,2,1,14,69,7
3811475,0,877,0,40,3,6,2,1,39,36,7
3811293,0,877,0,40,3,5,2,1,42,53,7
3804020,0,877,0,40,2,4,2,1,20,30,7
3809302,0,877,0,40,3,7,2,1,60,48,7
3824492,0,877,0,40,3,3,2,1,22,27,7
3831430,0,877,0,40,2,1,2,1,10,69,7
3826253,0,877,0,40,2,2,2,1,14,25,7
3821827,0,877,0,40,3,4,2,1,22,51,7
3805686,0,877,0,40,2,2,2,1,21,76,7
3826468,0,877,0,40,2,3,2,1,14,37,7
3806846,0,877,0,40,3,10,2,1,68,37,7
3823535,0,877,0,40,3,2,2,1,25,51,7
3828941,0,877,0,40,2,2,2,1,12,47,7
3832330,0,877,0,40,2,1,2,1,9,22,7
3832768,0,877,0,40,3,1,2,1,9,35,7
3804808,0,877,0,40,2,3,2,1,19,33,7
3827354,0,877,0,40,3,2,2,1,13,29,7
3810421,0,877,0,40,3,7,2,1,42,73,7
3817812,0,877,0,40,2,4,2,1,31,39,7
3823864,0,877,0,40,3,3,2,1,20,73,7
3812709,1,877,867,20.8828,3,7,2,1,39,37,7
3824356,0,877,0,40,3,2,2,1,23,57,7
3806419,0,877,0,40,2,4,2,1,24,27,7
3818702,0,877,0,40,2,3,2,1,34,55,7
3825665,0,877,0,40,2,3,2,1,16,66,7
3814339,0,877,0,40,3,6,2,1,28,91,7
3832280,0,877,0,40,3,1,2,1,8,40,7
3832823,0,877,0,40,3,1,2,1,8,42,7
3833057,0,877,0,40,3,1,2,1,8,50,7
3796297,0,877,0,40,3,7,2,1,33,51,7
3823591,0,877,0,40,3,3,2,1,17,95,7
3821421,0,877,0,40,2,4,2,1,19,35,7
3819492,0,877,0,40,3,5,2,1,22,42,7
3807859,0,877,0,40,3,3,2,1,26,47,7
3825120,0,877,0,40,2,2,2,1,19,55,7
3812620,0,877,0,40,2,5,2,1,49,33,7
3827557,0,877,0,40,2,2,2,1,15,30,7
3794974,0,877,0,40,2,7,2,1,56,11,7
3821396,0,877,0,40,2,4,2,1,20,22,7
3825143,0,877,0,40,3,3,2,1,21,30,7
3804819,0,877,0,40,2,9,2,1,61,49,7
3832252,0,877,0,40,2,1,2,1,7,57,7
3833334,0,877,0,40,3,1,2,1,7,39,7
3833524,0,877,0,40,3,1,2,1,7,36,7
3819259,0,877,0,40,3,2,2,1,39,45,7
3807959,0,877,0,40,2,7,2,1,78,75,7
3824291,0,877,0,40,3,1,2,1,28,25,7
3813787,0,877,0,40,3,5,2,1,41,44,7
3819992,0,877,0,40,2,3,2,1,32,52,7
3821058,0,877,0,40,2,2,2,1,28,57,7
3811597,0,877,0,40,3,5,2,1,46,39,7
3766160,0,877,0,40,2,11,2,1,104,59,7
3817674,0,877,0,40,3,3,2,1,33,38,7
3825426,0,877,0,40,2,1,2,1,21,60,7
3802680,0,877,0,40,2,3,2,1,25,46,7
3821172,0,877,0,40,2,2,2,1,25,55,7
3821297,0,877,0,40,2,2,2,1,27,38,7
3811091,0,877,0,40,3,6,2,1,43,49,7
3822023,0,877,0,40,3,2,2,1,32,56,7
3810388,0,877,0,40,3,7,2,1,45,40,7
3812885,0,877,0,40,3,5,2,1,42,58,7
3825540,0,877,0,40,3,2,2,1,23,18,7
3801470,0,877,0,40,2,8,2,1,49,17,7
3813111,0,877,0,40,2,5,2,1,41,26,7
3803770,0,877,0,40,2,4,2,1,27,29,7
3810431,0,877,0,40,3,6,2,1,48,32,7
3829185,0,877,0,40,2,1,2,1,17,36,7
3826363,0,877,0,40,2,2,2,1,17,64,7
3825172,0,877,0,40,3,3,2,1,21,16,7
3811264,0,877,0,40,2,8,2,1,38,73,7
3828583,0,877,0,40,2,2,2,1,17,43,7
3829122,0,877,0,40,3,1,2,1,16,33,7
3829942,0,877,0,40,2,1,2,1,16,16,7
3822467,0,877,0,40,2,3,2,1,25,41,7
3826524,0,877,0,40,3,2,2,1,20,24,7
3822393,0,877,0,40,2,2,2,1,22,81,7
3805947,0,877,0,40,3,4,2,1,27,53,7
3822377,0,877,0,40,2,2,2,1,24,40,7
3826175,0,877,0,40,2,2,2,1,21,32,7
3801874,0,877,0,40,3,3,2,1,30,39,7
3823792,0,877,0,40,3,4,2,1,23,24,7
3807390,0,877,0,40,2,7,2,1,64,40,7
3806928,0,877,0,40,2,10,2,1,59,42,7
3821364,0,877,0,40,2,4,2,1,25,47,7
3818219,0,877,0,40,2,3,2,1,36,56,7
3825869,0,877,0,40,2,3,2,1,17,50,7
3817488,0,877,0,40,3,3,2,1,42,61,7
3827952,0,877,0,40,2,1,2,1,13,46,7
3831283,0,877,0,40,2,1,2,1,13,20,7
3831379,0,877,0,40,3,1,2,1,13,21,7
3827897,0,877,0,40,2,2,2,1,14,70,7
3814071,0,877,0,40,2,5,2,1,32,42,7
3802718,0,877,0,40,2,4,2,1,42,26,7
3811713,0,877,0,40,3,5,2,1,54,36,7
3824052,0,877,0,40,2,4,2,1,21,23,7
3826544,0,877,0,40,2,3,2,1,18,61,7
3806824,0,877,0,40,2,4,2,1,31,86,7
3830635,0,877,0,40,2,1,2,1,12,53,7
3831500,0,877,0,40,2,1,2,1,12,30,7
3831616,0,877,0,40,3,1,2,1,12,56,7
3831864,0,877,0,40,2,1,2,1,12,70,7
3761537,0,877,0,40,2,15,2,1,86,30,7
3828095,0,877,0,40,2,2,2,1,16,51,7
3805966,0,877,0,40,3,3,2,1,18,55,7
3823440,0,877,0,40,2,4,2,1,21,42,7
3819180,0,877,0,40,2,5,2,1,27,44,7
3811949,0,877,0,40,3,10,2,1,34,48,7
3831947,0,877,0,40,2,1,2,1,11,36,7
3832331,0,877,0,40,3,1,2,1,11,43,7
3805563,0,877,0,40,3,6,2,1,52,43,7
3817985,0,877,0,40,2,5,2,1,28,43,7
3812003,0,877,0,40,3,5,2,1,50,49,7
3814280,0,877,0,40,2,7,2,1,40,57,7
3822932,0,877,0,40,3,3,2,1,15,39,7
3822464,0,877,0,40,3,4,2,1,20,46,7
3811008,0,877,0,40,2,8,2,1,39,48,7
3817146,0,877,0,40,2,5,2,1,35,22,7
3831069,0,877,0,40,3,2,2,1,12,43,7
3830576,0,877,0,40,3,2,2,1,14,63,7
3831966,0,877,0,40,2,1,2,1,10,23,7
3832194,0,877,0,40,3,1,2,1,10,36,7
3832302,0,877,0,40,3,1,2,1,10,27,7
3832610,0,877,0,40,2,1,2,1,10,14,7
3812158,0,877,0,40,2,3,2,1,50,50,7
3824759,0,877,0,40,2,3,2,1,17,90,7
3819154,0,877,0,40,3,4,2,1,28,42,7
3727437,0,877,0,40,3,21,2,1,120,83,7
3805410,0,877,0,40,3,5,2,1,19,45,7
3822641,0,877,0,40,3,4,2,1,23,34,7
3814114,0,877,0,40,3,4,2,1,39,38,7
3819834,0,877,0,40,2,5,2,1,26,77,7
3826616,0,877,0,40,2,4,2,1,14,51,7
3829530,0,877,0,40,3,2,2,1,15,48,7
3832391,0,877,0,40,3,2,2,1,10,52,7
3832969,0,877,0,40,2,1,2,1,9,52,7
3791526,0,877,0,40,3,6,2,1,39,20,7
3813324,0,877,0,40,3,4,2,1,36,53,7
3817037,0,877,0,40,3,4,2,1,35,60,7
3818812,0,877,0,40,3,4,2,1,28,47,7
3819006,0,877,0,40,2,2,2,1,32,55,7
3814110,0,877,0,40,2,7,2,1,41,73,7
3828914,0,877,0,40,2,3,2,1,11,55,7
3828625,0,877,0,40,3,2,2,1,12,47,7
3800636,0,877,0,40,2,9,2,1,44,30,7
3828166,0,877,0,40,3,2,2,1,9,32,7
3812660,0,877,0,40,3,5,2,1,42,73,7
3823609,0,877,0,40,2,3,2,1,17,59,7
3813240,0,877,0,40,3,6,2,1,42,41,7
3823742,0,877,0,40,3,3,2,1,27,29,7
3829169,0,877,0,40,2,2,2,1,15,21,7
3805799,0,877,0,40,2,11,2,1,75,53,7
3832585,0,877,0,40,2,1,2,1,8,64,7
3832881,0,877,0,40,3,1,2,1,8,41,7
3833074,0,877,0,40,3,1,2,1,8,17,7
3833566,0,877,0,40,3,1,2,1,8,29,7
3833746,0,877,0,40,3,1,2,1,8,19,7
3804684,0,877,0,40,3,1,2,1,8,8,7
3804644,0,877,0,40,2,8,2,1,35,22,7
3805597,0,877,0,40,3,5,2,1,34,46,7
3802165,0,877,0,40,3,3,2,1,42,14,7
3796772,0,877,0,40,2,10,2,1,49,52,7
3827588,0,877,0,40,2,2,2,1,16,24,7
3814470,0,877,0,40,3,7,2,1,28,35,7
3802031,0,877,0,40,2,6,2,1,28,35,7
3827378,0,877,0,40,3,2,2,1,17,51,7
3820653,0,877,0,40,3,4,2,1,22,61,7
3807508,0,877,0,40,2,8,2,1,27,21,7
3806084,0,877,0,40,3,4,2,1,24,29,7
3828888,0,877,0,40,3,2,2,1,15,41,7
3820837,0,877,0,40,2,5,2,1,22,76,7
3831793,0,877,0,40,2,2,2,1,8,35,7
3824671,0,877,0,40,3,3,2,1,20,17,7
3826011,0,877,0,40,2,3,2,1,16,36,7
3804559,0,877,0,40,3,5,2,1,38,34,7
3806590,0,877,0,40,3,7,2,1,33,36,7
3834057,0,877,0,40,3,1,2,1,7,25,7
3834195,0,877,0,40,2,1,2,1,7,27,7
3834273,0,877,0,40,2,1,2,1,7,55,7
3834307,0,877,0,40,3,1,2,1,7,27,7
3813127,0,877,0,40,2,3,2,1,53,49,7
3811494,0,877,0,40,2,3,2,1,55,17,7
3817296,0,877,0,40,3,3,2,1,39,18,7
3814821,0,877,0,40,2,5,2,1,43,69,7
3826863,0,877,0,40,2,1,2,1,23,50,7
3827370,0,877,0,40,3,1,2,1,22,29,7
3825499,0,877,0,40,2,2,2,1,24,24,7
3824626,0,877,0,40,2,1,2,1,21,32,7
3804515,0,877,0,40,3,3,2,1,45,30,7
3820336,0,877,0,40,2,3,2,1,24,91,7
3791709,0,877,0,40,3,8,2,1,56,67,7
3826982,0,877,0,40,2,1,2,1,19,43,7
3805256,0,877,0,40,2,4,2,1,44,34,7
3824945,0,877,0,40,3,2,2,1,24,27,7
3821828,0,877,0,40,3,3,2,1,27,38,7
3821975,0,877,0,40,3,3,2,1,25,69,7
3821894,0,877,0,40,3,2,2,1,27,26,7
3813906,0,877,0,40,3,6,2,1,34,45,7
3826584,0,877,0,40,2,2,2,1,20,24,7
3825749,0,877,0,40,2,2,2,1,22,50,7
3824442,0,877,0,40,3,2,2,1,25,53,7
3804729,0,877,0,40,3,2,2,1,21,40,7
3805132,0,877,0,40,3,5,2,1,34,35,7
3821586,0,877,0,40,2,3,2,1,22,87,7
3826112,0,877,0,40,3,2,2,1,20,17,7
3828569,0,877,0,40,2,2,2,1,17,24,7
3813946,0,877,0,40,2,3,2,1,47,57,7
3793045,0,877,0,40,3,6,2,1,46,37,7
3824940,0,877,0,40,3,2,2,1,22,67,7
3821062,0,877,0,40,3,3,2,1,30,42,7
3825388,0,877,0,40,2,2,2,1,24,15,7
3805932,0,877,0,40,3,4,2,1,44,61,7
3830842,0,877,0,40,2,1,2,1,15,24,7
3820813,0,877,0,40,2,2,2,1,25,32,7
3812702,0,877,0,40,3,4,2,1,47,109,7
3824460,0,877,0,40,3,2,2,1,22,49,7
3820000,0,877,0,40,3,4,2,1,23,29,7
3813210,0,877,0,40,2,5,2,1,40,16,7
3760924,0,877,0,40,2,16,2,1,97,68,7
3821938,0,877,0,40,2,4,2,1,21,31,7
3831041,0,877,0,40,3,1,2,1,14,38,7
3806508,0,877,0,40,2,1,2,1,15,58,7
3806930,0,877,0,40,2,2,2,1,34,65,7
3757369,0,877,0,40,3,17,2,1,121,39,7
3816133,0,877,0,40,2,5,2,1,30,24,7
3813626,0,877,0,40,3,6,2,1,36,23,7
3823761,0,877,0,40,2,3,2,1,15,27,7
3827213,0,877,0,40,2,2,2,1,20,44,7
3821761,0,877,0,40,2,5,2,1,22,93,7
3804218,0,877,0,40,3,7,2,1,28,16,7
3830659,0,877,0,40,3,1,2,1,13,58,7
3831676,0,877,0,40,3,1,2,1,13,46,7
3815824,0,877,0,40,2,4,2,1,37,60,7
3805184,0,877,0,40,3,5,2,1,40,36,7
3816517,0,877,0,40,2,3,2,1,38,22,7
3812362,0,877,0,40,2,8,2,1,26,38,7
3808218,0,877,0,40,2,10,2,1,51,83,7
3735178,0,877,0,40,3,16,2,1,153,93,7
3830631,0,877,0,40,3,1,2,1,12,41,7
3832065,0,877,0,40,3,1,2,1,12,62,7
3832229,0,877,0,40,2,1,2,1,12,29,7
3832305,0,877,0,40,3,1,2,1,12,56,7
3802156,0,877,0,40,3,4,2,1,26,37,7
3824137,0,877,0,40,2,4,2,1,17,71,7
3805944,0,877,0,40,2,5,2,1,52,50,7
3823764,0,877,0,40,2,3,2,1,22,33,7
3823614,0,877,0,40,3,3,2,1,23,31,7
3830302,0,877,0,40,2,2,2,1,13,43,7
3810811,0,877,0,40,3,8,2,1,42,16,7
3808425,0,877,0,40,3,5,2,1,28,27,7
3813319,0,877,0,40,2,6,2,1,37,40,7
3810020,0,877,0,40,2,8,2,1,53,74,7
3828138,0,877,0,40,3,2,2,1,12,20,7
3823598,0,877,0,40,3,3,2,1,20,41,7
3822567,0,877,0,40,3,3,2,1,20,37,7
3827564,0,877,0,40,2,4,2,1,15,38,7
3811148,0,877,0,40,3,7,2,1,34,47,7
3824186,0,877,0,40,3,5,2,1,20,38,7
3832088,0,877,0,40,2,1,2,1,10,55,7
3833107,0,877,0,40,3,1,2,1,10,37,7
3806232,0,877,0,40,3,1,2,1,10,29,7
3813634,0,877,0,40,3,7,2,1,38,69,7
3811115,0,877,0,40,2,6,2,1,53,88,7
3825618,0,877,0,40,3,2,2,1,21,45,7
3813005,0,877,0,40,3,5,2,1,45,36,7
3825249,0,877,0,40,3,2,2,1,23,53,7
3811058,0,877,0,40,2,7,2,1,48,39,7
3805778,0,877,0,40,3,5,2,1,25,74,7
3823659,0,877,0,40,2,3,2,1,25,40,7
3829918,0,877,0,40,3,2,2,1,14,54,7
3804070,0,877,0,40,3,6,2,1,26,34,7
3827442,0,877,0,40,2,2,2,1,20,41,7
3831328,0,877,0,40,3,2,2,1,11,30,7
3823681,0,877,0,40,2,3,2,1,25,39,7
3808476,0,877,0,40,3,7,2,1,48,49,7
3816224,0,877,0,40,2,7,2,1,32,24,7
3832922,0,877,0,40,3,1,2,1,9,40,7
3833670,0,877,0,40,2,1,2,1,9,35,7
3833750,0,877,0,40,3,1,2,1,9,40,7
3833862,0,877,0,40,3,1,2,1,9,39,7
3804991,0,877,0,40,3,1,2,1,12,43,7
3822366,0,877,0,40,3,3,2,1,19,30,7
3828057,0,877,0,40,3,2,2,1,13,46,7
3809234,0,877,0,40,3,8,2,1,35,59,7
3829935,0,877,0,40,2,2,2,1,9,25,7
3772012,0,877,0,40,2,13,2,1,102,40,7
3804752,0,877,0,40,3,4,2,1,28,43,7
3814774,0,877,0,40,3,3,2,1,48,42,7
3805705,0,877,0,40,2,3,2,1,13,48,7
3815843,0,877,0,40,3,5,2,1,33,18,7
3819922,0,877,0,40,2,5,2,1,19,70,7
3830726,0,877,0,40,3,2,2,1,11,63,7
3813451,0,877,0,40,2,7,2,1,37,29,7
3820297,0,877,0,40,2,2,2,1,36,46,7
3829008,0,877,0,40,2,2,2,1,17,8,7
3783649,0,877,0,40,2,13,2,1,69,46,7
3811889,0,877,0,40,3,6,2,1,54,38,7
3812798,2,877,0,40,3,6,2,1,42,59,7
3832984,0,877,0,40,3,1,2,1,8,64,7
3833192,0,877,0,40,2,1,2,1,8,50,7
3833637,0,877,0,40,2,1,2,1,8,60,7
3833877,0,877,0,40,2,1,2,1,8,30,7
3833967,0,877,0,40,2,1,2,1,8,21,7
3834117,0,877,0,40,2,1,2,1,8,35,7
3834157,0,877,0,40,3,1,2,1,8,75,7
3834237,0,877,0,40,3,1,2,1,8,24,7
3834297,0,877,0,40,2,1,2,1,8,120,7
3821657,0,877,0,40,2,4,2,1,19,26,7
3705471,0,877,0,40,3,22,2,1,146,47,7
3812569,0,877,0,40,2,6,2,1,38,45,7
3824164,1,877,861,40,2,4,2,1,16,17,7
3829365,0,877,0,40,3,2,2,1,12,36,7
3825739,0,877,0,40,3,3,2,1,14,31,7
3714105,0,877,0,40,3,22,2,1,153,54,7
3792517,0,877,0,40,3,12,2,1,71,25,7
3793510,0,877,0,40,3,8,2,1,54,16,7
3823055,0,877,0,40,3,3,2,1,17,49,7
3814399,0,877,0,40,3,4,2,1,42,35,7
3829234,0,877,0,40,3,2,2,1,13,29,7
3828810,0,877,0,40,2,3,2,1,13,19,7
3825244,0,877,0,40,2,2,2,1,23,31,7
3799369,0,877,0,40,3,6,2,1,36,15,7
3821610,0,877,0,40,2,4,2,1,20,31,7
3832245,0,877,0,40,3,2,2,1,9,46,7
3803940,0,877,0,40,3,9,2,1,50,94,7
3832632,0,877,0,40,2,2,2,1,8,50,7
3827984,0,877,0,40,3,2,2,1,14,30,7
3817404,0,877,0,40,3,6,2,1,28,37,7
3831709,0,877,0,40,3,2,2,1,10,46,7
3831050,0,877,0,40,2,2,2,1,9,28,7
3813591,0,877,0,40,2,7,2,1,36,59,7
3829349,0,877,0,40,3,3,2,1,13,55,7
3831483,0,877,0,40,2,2,2,1,9,20,7
3833679,0,877,0,40,3,1,2,1,7,87,7
3834328,0,877,0,40,3,1,2,1,7,28,7
3834588,0,877,0,40,2,1,2,1,7,33,7
3834732,0,877,0,40,2,1,2,1,7,62,7
3834864,0,877,0,40,2,1,2,1,7,19,7
3807312,0,877,0,40,2,1,2,1,10,30,7
3820938,0,877,0,40,2,1,2,1,36,40,7
3814067,0,877,0,40,3,5,2,1,46,51,7
3811581,0,877,0,40,3,5,2,1,48,29,7
3810124,0,877,0,40,3,7,2,1,54,45,7
3818625,0,877,0,40,3,4,2,1,34,47,7
3806772,0,877,0,40,2,2,2,1,30,61,7
3826662,0,877,0,40,2,1,2,1,25,51,7
3800533,0,877,0,40,2,7,2,1,67,59,7
3828249,0,877,0,40,2,1,2,1,21,23,7
3828459,0,877,0,40,2,1,2,1,21,47,7
3807296,0,877,0,40,2,3,2,1,46,37,7
3805373,0,877,0,40,3,4,2,1,31,61,7
3823050,0,877,0,40,2,3,2,1,28,27,7
3819770,0,877,0,40,2,3,2,1,28,21,7
3801782,0,877,0,40,3,4,2,1,46,46,7
3825721,0,877,0,40,2,3,2,1,21,84,7
3803131,0,877,0,40,3,6,2,1,44,79,7
3807548,0,877,0,40,2,3,2,1,35,27,7
3801299,0,877,0,40,3,7,2,1,53,62,7
3822783,0,877,0,40,2,3,2,1,27,34,7
3827342,0,877,0,40,2,2,2,1,21,46,7
3804677,0,877,0,40,2,1,2,1,18,51,7
3802286,0,877,0,40,2,5,2,1,41,21,7
3808303,0,877,0,40,2,3,2,1,25,30,7
3824195,0,877,0,40,2,2,2,1,23,66,7
3828117,0,877,0,40,2,2,2,1,17,67,7
3824337,0,877,0,40,3,3,2,1,23,39,7
3823135,0,877,0,40,3,3,2,1,21,47,7
3824087,0,877,0,40,3,3,2,1,21,47,7
3812522,0,877,0,40,3,7,2,1,45,37,7
3821068,0,877,0,40,2,4,2,1,24,45,7
3822395,0,877,0,40,2,3,2,1,27,72,7
3830596,0,877,0,40,3,1,2,1,16,25,7
3820963,0,877,0,40,3,4,2,1,27,33,7
3808604,0,877,0,40,3,5,2,1,67,25,7
3814302,0,877,0,40,2,5,2,1,43,79,7
3805899,0,877,0,40,2,12,2,1,75,43,7
3818041,0,877,0,40,2,2,2,1,44,51,7
3787665,0,877,0,40,2,6,2,1,49,35,7
3767020,0,877,0,40,3,14,2,1,84,42,7
3807436,0,877,0,40,3,4,2,1,36,12,7
3818440,0,877,0,40,2,5,2,1,33,30,7
3829660,0,877,0,40,3,2,2,1,16,59,7
3813665,0,877,0,40,2,5,2,1,47,15,7
3826634,0,877,0,40,2,2,2,1,19,29,7
3797684,0,877,0,40,3,10,2,1,79,65,7
3764647,0,877,0,40,2,17,2,1,110,51,7
3809012,0,877,0,40,3,7,2,1,65,14,7
3803822,0,877,0,40,3,5,2,1,41,42,7
3822985,0,877,0,40,2,3,2,1,21,76,7
3805033,0,877,0,40,3,3,2,1,25,42,7
3826645,0,877,0,40,2,2,2,1,14,29,7
3813472,0,877,0,40,2,5,2,1,42,65,7
3808720,0,877,0,40,2,10,2,1,43,31,7
3756973,0,877,0,40,2,16,2,1,86,32,7
3827273,0,877,0,40,2,3,2,1,19,69,7
3829654,0,877,0,40,2,2,2,1,15,44,7
3810187,0,877,0,40,2,9,2,1,46,46,7
3825441,0,877,0,40,2,3,2,1,20,41,7
3831895,0,877,0,40,3,1,2,1,12,45,7
3832294,0,877,0,40,3,1,2,1,12,46,7
3825255,0,877,0,40,2,3,2,1,18,42,7
3821772,0,877,0,40,2,4,2,1,25,36,7
3811200,0,877,0,40,2,5,2,1,54,28,7
3818706,0,877,0,40,2,4,2,1,32,18,7
3803190,0,877,0,40,2,9,2,1,54,41,7
3800586,0,877,0,40,2,4,2,1,42,45,7
3823943,0,877,0,40,2,4,2,1,18,57,7
3831307,0,877,0,40,2,2,2,1,13,24,7
3833039,0,877,0,40,3,1,2,1,11,54,7
3833305,0,877,0,40,3,1,2,1,11,39,7
3829513,0,877,0,40,2,2,2,1,13,36,7
3830880,0,877,0,40,3,2,2,1,11,15,7
3821815,0,877,0,40,2,4,2,1,24,30,7
3806316,0,877,0,40,2,4,2,1,23,24,7
3827287,0,877,0,40,3,2,2,1,15,73,7
3821524,0,877,0,40,2,4,2,1,28,89,7
3818580,0,877,0,40,3,4,2,1,31,77,7
3831988,0,877,0,40,2,1,2,1,10,25,7
3833314,0,877,0,40,2,1,2,1,10,27,7
3833538,0,877,0,40,3,1,2,1,10,19,7
3805044,0,877,0,40,3,3,2,1,13,36,7
3803467,0,877,0,40,2,4,2,1,46,40,7
3826867,0,877,0,40,3,2,2,1,17,35,7
3817841,0,877,0,40,2,5,2,1,26,57,7
3810785,0,877,0,40,2,6,2,1,47,49,7
3825631,0,877,0,40,3,2,2,1,18,40,7
3812942,0,877,0,40,2,6,2,1,41,48,7
3814297,0,877,0,40,3,5,2,1,34,51,7
3809369,0,877,0,40,2,10,2,1,51,16,7
3814956,0,877,0,40,2,6,2,1,27,20,7
3809525,0,877,0,40,3,11,2,1,41,47,7
3833645,0,877,0,40,3,1,2,1,9,25,7
3834309,0,877,0,40,3,1,2,1,9,31,7
3827610,0,877,0,40,2,2,2,1,11,108,7
3810524,0,877,0,40,3,6,2,1,51,34,7
3815650,0,877,0,40,3,6,2,1,35,50,7
3829028,0,877,0,40,2,2,2,1,12,75,7
3804803,0,877,0,40,3,3,2,1,20,23,7
3806606,0,877,0,40,3,2,2,1,17,21,7
3808905,0,877,0,40,3,3,2,1,32,54,7
3816025,0,877,0,40,3,7,2,1,32,51,7
3806603,0,877,0,40,3,2,2,1,17,36,7
3831200,0,877,0,40,2,2,2,1,10,23,7
3831685,0,877,0,40,2,2,2,1,10,59,7
3806892,0,877,0,40,2,2,2,1,30,13,7
3821881,0,877,0,40,3,3,2,1,27,12,7
3808297,0,877,0,40,3,7,2,1,63,52,7
3824606,0,877,0,40,3,4,2,1,14,90,7
3829394,0,877,0,40,2,2,2,1,18,25,7
3834770,0,877,0,40,2,1,2,1,8,75,7
3823175,0,877,0,40,2,3,2,1,19,15,7
3824473,0,877,0,40,2,3,2,1,21,28,7
3802779,0,877,0,40,2,3,2,1,25,37,7
3813175,0,877,0,40,3,4,2,1,43,65,7
3826244,0,877,0,40,3,2,2,1,19,68,7
3823034,0,877,0,40,3,3,2,1,24,57,7
3831428,0,877,0,40,2,2,2,1,9,71,7
3807438,0,877,0,40,3,3,2,1,19,42,7
3830352,0,877,0,40,2,2,2,1,12,61,7
3827655,0,877,0,40,2,3,2,1,12,42,7
3821052,0,877,0,40,2,6,2,1,23,47,7
3828537,0,877,0,40,2,3,2,1,16,29,7
3798477,0,877,0,40,3,13,2,1,65,46,7
3827460,0,877,0,40,3,4,2,1,13,40,7
3833690,0,877,0,40,2,2,2,1,8,37,7
3800387,0,877,0,40,2,8,2,1,29,33,7
3833501,0,877,0,40,2,2,2,1,8,54,7
3834030,0,877,0,40,3,1,2,1,7,47,7
3834262,0,877,0,40,3,1,2,1,7,46,7
3834447,0,877,0,40,3,1,2,1,7,19,7
3834491,0,877,0,40,3,1,2,1,7,31,7
3834687,0,877,0,40,3,1,2,1,7,34,7
3834950,0,877,0,40,2,1,2,1,7,58,7
3835006,0,877,0,40,2,1,2,1,7,48,7
3835034,0,877,0,40,3,1,2,1,7,12,7
3835136,0,877,0,40,3,1,2,1,7,99,7
3835274,0,877,0,40,3,1,2,1,7,45,7
3835368,0,877,0,40,3,1,2,1,7,15,7
3812320,0,877,0,40,2,3,2,1,57,41,7
3821592,0,877,0,40,3,2,2,1,32,28,7
3820040,0,877,0,40,3,2,2,1,35,31,7
3807025,0,877,0,40,2,5,2,1,50,46,7
3807043,0,877,0,40,2,8,2,1,67,37,7
3822689,0,877,0,40,2,3,2,1,28,61,7
3811556,0,877,0,40,3,6,2,1,37,45,7
3828152,0,877,0,40,2,1,2,1,21,63,7
3820457,0,877,0,40,2,2,2,1,37,53,7
3811914,0,877,0,40,2,5,2,1,53,17,7
3827225,0,877,0,40,2,2,2,1,20,51,7
3813019,0,877,0,40,2,7,2,1,36,48,7
3826729,0,877,0,40,3,2,2,1,20,67,7
3826893,0,877,0,40,2,2,2,1,21,27,7
3825173,0,877,0,40,3,3,2,1,23,33,7
3829296,0,877,0,40,3,1,2,1,18,38,7
3803569,0,877,0,40,2,6,2,1,48,72,7
3825645,0,877,0,40,2,2,2,1,23,14,7
3825827,0,877,0,40,3,2,2,1,25,30,7
3829029,0,877,0,40,2,1,2,1,17,52,7
3807573,0,877,0,40,2,8,2,1,70,43,7
3804588,0,877,0,40,3,6,2,1,44,42,7
3817718,0,877,0,40,3,4,2,1,40,55,7
3830208,0,877,0,40,2,1,2,1,16,58,7
3831231,0,877,0,40,2,1,2,1,16,24,7
3827019,0,877,0,40,2,2,2,1,19,29,7
3809026,0,877,0,40,2,8,2,1,56,106,7
3817741,0,877,0,40,3,5,2,1,36,17,7
3823148,0,877,0,40,2,4,2,1,24,19,7
3831032,0,877,0,40,2,1,2,1,15,55,7
3816510,0,877,0,40,2,4,2,1,38,54,7
3823425,0,877,0,40,3,2,2,1,25,71,7
3822216,0,877,0,40,2,2,2,1,32,41,7
3828032,0,877,0,40,3,2,2,1,17,51,7
3832393,0,877,0,40,2,1,2,1,14,22,7
3801361,0,877,0,40,3,6,2,1,57,50,7
3806346,0,877,0,40,3,5,2,1,33,34,7
3827828,0,877,0,40,2,2,2,1,16,85,7
3806491,0,877,0,40,2,5,2,1,38,46,7
3811059,0,877,0,40,3,10,2,1,46,60,7
3814797,0,877,0,40,3,5,2,1,41,7,7
3831455,0,877,0,40,3,1,2,1,13,26,7
3831703,0,877,0,40,3,1,2,1,13,85,7
3832748,0,877,0,40,2,1,2,1,13,62,7
3823296,0,877,0,40,3,3,2,1,28,33,7
3811289,0,877,0,40,2,5,2,1,58,31,7
3825293,0,877,0,40,2,4,2,1,17,29,7
3809072,0,877,0,40,2,7,2,1,63,27,7
3830051,0,877,0,40,3,3,2,1,14,42,7
3832555,0,877,0,40,2,1,2,1,12,47,7
3833007,0,877,0,40,3,1,2,1,12,14,7
3817823,0,877,0,40,3,4,2,1,29,40,7
3827003,0,877,0,40,2,3,2,1,17,31,7
3818636,0,877,0,40,2,5,2,1,25,65,7
3818638,0,877,0,40,2,5,2,1,23,28,7
3824738,0,877,0,40,3,4,2,1,16,36,7
3815618,0,877,0,40,2,8,2,1,37,42,7
3832108,0,877,0,40,3,1,2,1,11,61,7
3833430,0,877,0,40,3,1,2,1,11,27,7
3833648,0,877,0,40,2,1,2,1,11,31,7
3829475,0,877,0,40,3,2,2,1,13,110,7
3806436,0,877,0,40,3,5,2,1,36,67,7
3823299,0,877,0,40,3,3,2,1,22,78,7
3826913,0,877,0,40,2,4,2,1,17,66,7
3828649,0,877,0,40,2,2,2,1,17,51,7
3833200,0,877,0,40,3,1,2,1,10,24,7
3823727,0,877,0,40,3,3,2,1,17,58,7
3807715,0,877,0,40,3,5,2,1,22,58,7
3806395,0,877,0,40,3,3,2,1,44,55,7
3819348,0,877,0,40,3,6,2,1,25,43,7
3804526,0,877,0,40,2,3,2,1,16,10,7
3817201,0,877,0,40,3,7,2,1,22,30,7
3803368,0,877,0,40,2,3,2,1,26,78,7
3830086,0,877,0,40,3,3,2,1,13,44,7
3824779,0,877,0,40,3,4,2,1,20,48,7
3807226,0,877,0,40,3,6,2,1,40,71,7
3811910,0,877,0,40,3,6,2,1,41,21,7
3819993,0,877,0,40,2,6,2,1,29,60,7
3833188,0,877,0,40,3,1,2,1,9,52,7
3833479,0,877,0,40,2,1,2,1,9,47,7
3834056,0,877,0,40,2,1,2,1,9,71,7
3828414,0,877,0,40,3,2,2,1,10,27,7
3826627,0,877,0,40,2,2,2,1,17,40,7
3823644,0,877,0,40,3,3,2,1,21,8,7
3830381,0,877,0,40,3,2,2,1,12,61,7
3813745,0,877,0,40,3,7,2,1,36,15,7
3815421,0,877,0,40,3,4,2,1,40,40,7
3805996,0,877,0,40,3,4,2,1,43,61,7
3806200,0,877,0,40,3,3,2,1,37,38,7
3818491,0,877,0,40,2,5,2,1,25,47,7
3829152,0,877,0,40,2,3,2,1,13,42,7
3829352,0,877,0,40,2,3,2,1,14,50,7
3808081,0,877,0,40,2,8,2,1,67,98,7
3825962,0,877,0,40,2,3,2,1,21,44,7
3808127,0,877,0,40,3,5,2,1,53,40,7
3828676,0,877,0,40,3,3,2,1,15,38,7
3820771,0,877,0,40,2,4,2,1,33,31,7
3833542,0,877,0,40,2,2,2,1,10,40,7
3833507,0,877,0,40,3,1,2,1,8,16,7
3833731,0,877,0,40,3,1,2,1,8,58,7
3834767,0,877,0,40,3,1,2,1,8,48,7
3834992,0,877,0,40,2,1,2,1,8,26,7
3835120,0,877,0,40,2,1,2,1,8,22,7
3835286,0,877,0,40,3,1,2,1,8,50,7
3815564,0,877,0,40,2,3,2,1,42,41,7
3830517,0,877,0,40,2,2,2,1,8,33,7
3729639,0,877,0,40,2,22,2,1,113,39,7
3806734,0,877,0,40,3,3,2,1,22,33,7
3825564,0,877,0,40,3,4,2,1,18,54,7
3806386,0,877,0,40,3,8,2,1,41,40,7
3818038,0,877,0,40,3,4,2,1,32,85,7
3803284,0,877,0,40,2,4,2,1,27,24,7
3831493,0,877,0,40,2,2,2,1,10,49,7
3828519,0,877,0,40,3,3,2,1,12,30,7
3813178,0,877,0,40,2,6,2,1,43,36,7
3812357,0,877,0,40,3,8,2,1,30,52,7
3828197,0,877,0,40,3,3,2,1,13,43,7
3817813,0,877,0,40,2,5,2,1,35,51,7
3824847,0,877,0,40,2,4,2,1,21,32,7
3834290,0,877,0,40,3,1,2,1,7,46,7
3834533,0,877,0,40,3,1,2,1,7,74,7
3835327,0,877,0,40,2,1,2,1,7,37,7
3835606,0,877,0,40,3,1,2,1,7,31,7
3835968,0,877,0,40,3,1,2,1,7,57,7
3818585,0,877,0,40,3,2,2,1,45,46,7
3819175,0,877,0,40,2,2,2,1,39,26,7
3822493,0,877,0,40,2,2,2,1,31,51,7
3828826,0,877,0,40,3,1,2,1,22,35,7
3795597,0,877,0,40,2,8,2,1,51,61,7
3809211,0,877,0,40,2,8,2,1,44,56,7
3808020,0,877,0,40,3,3,2,1,44,96,7
3818175,0,877,0,40,3,4,2,1,29,63,7
3698882,0,877,0,40,3,18,2,1,152,31,7
3819083,0,877,0,40,2,5,2,1,26,72,7
3799033,0,877,0,40,2,6,2,1,62,54,7
3830683,0,877,0,40,2,1,2,1,16,23,7
3820535,0,877,0,40,2,3,2,1,36,42,7
3824927,0,877,0,40,3,2,2,1,29,23,7
3832027,0,877,0,40,3,1,2,1,15,52,7
3818247,0,877,0,40,3,4,2,1,30,19,7
3826016,1,877,872,33.4296,2,2,2,1,22,20,7
3826726,0,877,0,40,3,2,2,1,23,78,7
3799867,0,877,0,40,2,12,2,1,58,63,7
3828934,0,877,0,40,3,2,2,1,20,40,7
3830782,0,877,0,40,2,2,2,1,18,66,7
3791589,0,877,0,40,2,6,2,1,70,66,7
3802690,0,877,0,40,3,2,2,1,18,42,7
3817416,0,877,0,40,2,5,2,1,36,56,7
3832871,0,877,0,40,2,1,2,1,13,43,7
3833291,0,877,0,40,2,1,2,1,13,69,7
3833395,0,877,0,40,3,1,2,1,13,26,7
3829517,0,877,0,40,3,2,2,1,13,19,7
3803379,0,877,0,40,3,7,2,1,40,35,7
3799888,0,877,0,40,2,4,2,1,52,67,7
3832641,0,877,0,40,2,1,2,1,12,40,7
3833892,0,877,0,40,2,1,2,1,12,52,7
3778642,1,877,872,40,2,10,2,1,69,45,7
3828478,0,877,0,40,2,2,2,1,13,18,7
3829740,0,877,0,40,2,2,2,1,15,30,7
3815720,0,877,0,40,3,6,2,1,34,47,7
3819325,0,877,0,40,3,5,2,1,23,50,7
3812865,0,877,0,40,2,5,2,1,49,33,7
3807117,0,877,0,40,3,4,2,1,19,74,7
3821582,0,877,0,40,3,5,2,1,32,29,7
3826946,0,877,0,40,2,3,2,1,14,39,7
3806956,0,877,0,40,3,5,2,1,34,38,7
3798982,0,877,0,40,3,10,2,1,46,39,7
3821594,0,877,0,40,3,4,2,1,28,21,7
3834068,0,877,0,40,2,1,2,1,10,57,7
3834520,0,877,0,40,2,1,2,1,10,64,7
3834544,0,877,0,40,2,1,2,1,10,88,7
3814674,0,877,0,40,3,3,2,1,45,34,7
3831750,0,877,0,40,2,2,2,1,10,44,7
3817131,0,877,0,40,3,4,2,1,34,10,7
3828178,0,877,0,40,3,3,2,1,16,49,7
3835180,0,877,0,40,3,1,2,1,9,5,7
3806775,0,877,0,40,3,4,2,1,39,59,7
3824227,0,877,0,40,2,3,2,1,22,48,7
3827658,0,877,0,40,2,4,2,1,15,57,7
3825806,0,877,0,40,3,4,2,1,18,28,7
3794387,0,877,0,40,3,14,2,1,77,45,7
3828595,0,877,0,40,3,3,2,1,17,26,7
3795746,0,877,0,40,3,10,2,1,80,41,7
3804488,0,877,0,40,2,6,2,1,48,39,7
3835898,0,877,0,40,3,1,2,1,8,34,7
3814981,0,877,0,40,3,5,2,1,29,23,7
3798821,0,877,0,40,3,9,2,1,47,54,7
3811035,0,877,0,40,3,8,2,1,34,37,7
3815649,0,877,0,40,2,4,2,1,45,32,7
3810156,0,877,0,40,2,7,2,1,27,17,7
3805267,0,877,0,40,3,5,2,1,41,58,7
3810150,0,877,0,40,3,9,2,1,50,20,7
3818452,0,877,0,40,3,5,2,1,33,27,7
3833288,0,877,0,40,2,2,2,1,8,52,7
3822091,0,877,0,40,2,5,2,1,20,55,7
3833498,0,877,0,40,2,2,2,1,10,55,7
3824441,0,877,0,40,3,3,2,1,29,27,7
3827134,0,877,0,40,3,4,2,1,16,46,7
3836366,0,877,0,40,3,1,2,1,7,31,7
3827114,0,877,0,40,2,2,2,1,20,31,7
3817104,0,877,0,40,3,5,2,1,27,27,7
3827638,0,877,0,40,2,2,2,1,17,18,7
3786923,0,877,0,40,2,13,2,1,76,46,7
3797847,0,877,0,40,2,15,2,1,70,28,7
3813202,0,877,0,40,2,5,2,1,51,40,7
3816956,0,877,0,40,2,5,2,1,34,25,7
3817076,0,877,0,40,2,4,2,1,30,33,7
3807974,0,877,0,40,3,9,2,1,55,28,7
3835506,0,877,0,40,2,1,2,1,9,55,7
3822947,0,877,0,40,2,2,2,1,24,59,7
3835753,0,877,0,40,3,1,2,1,8,45,7
3829283,1,877,873,21.44,3,3,2,1,10,12,7
3825988,0,877,0,40,2,3,2,1,21,65,7
3833467,0,877,0,40,2,0,2,1,6,19,7
3834074,0,877,0,40,2,0,2,1,6,31,7
3834202,0,877,0,40,2,0,2,1,6,18,7
3834417,0,877,0,40,3,0,2,1,6,61,7
3834481,0,877,0,40,3,0,2,1,6,47,7
3834609,0,877,0,40,3,0,2,1,6,50,7
3834673,0,877,0,40,3,0,2,1,6,76,7
3834737,0,877,0,40,2,0,2,1,6,39,7
3834949,0,877,0,40,3,0,2,1,6,22,7
3834981,0,877,0,40,2,0,2,1,6,21,7
3835013,0,877,0,40,3,0,2,1,6,67,7
3835045,0,877,0,40,3,0,2,1,6,32,7
3835205,0,877,0,40,2,0,2,1,6,35,7
3835269,0,877,0,40,2,0,2,1,6,48,7
3835301,0,877,0,40,3,0,2,1,6,43,7
3835351,0,877,0,40,2,0,2,1,6,35,7
3835383,0,877,0,40,3,0,2,1,6,8,7
3835415,0,877,0,40,2,0,2,1,6,54,7
3835503,0,877,0,40,3,0,2,1,6,54,7
3835535,0,877,0,40,3,0,2,1,6,46,7
3835567,0,877,0,40,3,0,2,1,6,51,7
3835583,0,877,0,40,3,0,2,1,6,35,7
3835631,0,877,0,40,2,0,2,1,6,20,7
3835647,0,877,0,40,2,0,2,1,6,58,7
3835663,0,877,0,40,3,0,2,1,6,25,7
3835679,0,877,0,40,2,0,2,1,6,53,7
3835759,0,877,0,40,2,0,2,1,6,53,7
3835807,0,877,0,40,2,0,2,1,6,44,7
3835855,0,877,0,40,2,0,2,1,6,29,7
3835887,0,877,0,40,2,0,2,1,6,27,7
3835919,0,877,0,40,2,0,2,1,6,57,7
3835935,0,877,0,40,3,0,2,1,6,54,7
3835967,0,877,0,40,2,0,2,1,6,19,7
3835981,0,877,0,40,3,0,2,1,6,54,7
3836013,0,877,0,40,2,0,2,1,6,15,7
3836037,0,877,0,40,2,0,2,1,6,34,7
3836045,0,877,0,40,2,0,2,1,6,20,7
3836053,0,877,0,40,3,0,2,1,6,31,7
3836085,0,877,0,40,2,0,2,1,6,48,7
3836093,0,877,0,40,3,0,2,1,6,61,7
3836133,0,877,0,40,2,0,2,1,6,30,7
3836157,0,877,0,40,2,0,2,1,6,64,7
3836173,0,877,0,40,3,0,2,1,6,27,7
3836181,0,877,0,40,3,0,2,1,6,13,7
3836205,0,877,0,40,2,0,2,1,6,9,7
3836229,0,877,0,40,3,0,2,1,6,45,7
3836237,0,877,0,40,2,0,2,1,6,12,7
3836253,0,877,0,40,2,0,2,1,6,60,7
3836277,0,877,0,40,2,0,2,1,6,35,7
3836293,0,877,0,40,3,0,2,1,6,75,7
3836317,0,877,0,40,3,0,2,1,6,49,7
3836333,0,877,0,40,3,0,2,1,6,34,7
3836341,0,877,0,40,3,0,2,1,6,31,7
3836357,0,877,0,40,2,0,2,1,6,66,7
3836365,0,877,0,40,2,0,2,1,6,53,7
3836373,0,877,0,40,3,0,2,1,6,45,7
3836381,0,877,0,40,2,0,2,1,6,55,7
3836413,0,877,0,40,2,0,2,1,6,26,7
3836437,0,877,0,40,2,0,2,1,6,45,7
3836461,0,877,0,40,2,0,2,1,6,46,7
3836485,0,877,0,40,2,0,2,1,6,51,7
3836496,0,877,0,40,2,0,2,1,6,16,7
3836508,0,877,0,40,2,0,2,1,6,97,7
3836512,0,877,0,40,2,0,2,1,6,27,7
3836524,0,877,0,40,2,0,2,1,6,99,7
3836528,0,877,0,40,3,0,2,1,6,83,7
3836532,0,877,0,40,3,0,2,1,6,48,7
3836536,0,877,0,40,3,0,2,1,6,92,7
3836560,0,877,0,40,2,0,2,1,6,79,7
3836564,0,877,0,40,3,0,2,1,6,61,7
3836580,0,877,0,40,3,0,2,1,6,63,7
3836592,0,877,0,40,2,0,2,1,6,56,7
3836596,0,877,0,40,3,0,2,1,6,61,7
3836604,0,877,0,40,2,0,2,1,6,63,7
3836624,0,877,0,40,2,0,2,1,6,58,7
3836636,0,877,0,40,2,0,2,1,6,23,7
3836648,0,877,0,40,3,0,2,1,6,30,7
3836656,0,877,0,40,2,0,2,1,6,43,7
3836668,0,877,0,40,2,0,2,1,6,63,7
3836684,0,877,0,40,2,0,2,1,6,51,7
3836688,0,877,0,40,2,0,2,1,6,25,7
3836700,0,877,0,40,2,0,2,1,6,68,7
3836708,0,877,0,40,2,0,2,1,6,26,7
3836712,0,877,0,40,3,0,2,1,6,35,7
3836716,0,877,0,40,2,0,2,1,6,64,7
3836724,0,877,0,40,3,0,2,1,6,54,7
3836732,0,877,0,40,3,0,2,1,6,58,7
3836740,0,877,0,40,2,0,2,1,6,16,7
3836748,0,877,0,40,2,0,2,1,6,53,7
3836756,0,877,0,40,2,0,2,1,6,49,7
3836764,0,877,0,40,2,0,2,1,6,75,7
3836768,0,877,0,40,2,0,2,1,6,48,7
3836772,0,877,0,40,3,0,2,1,6,33,7
3836780,0,877,0,40,3,0,2,1,6,77,7
3836784,0,877,0,40,2,0,2,1,6,88,7
3836800,0,877,0,40,2,0,2,1,6,40,7
3836804,0,877,0,40,2,0,2,1,6,79,7
3836808,0,877,0,40,2,0,2,1,6,66,7
3836816,0,877,0,40,3,0,2,1,6,34,7
3836820,0,877,0,40,3,0,2,1,6,18,7
3836824,0,877,0,40,2,0,2,1,6,86,7
3836832,0,877,0,40,2,0,2,1,6,35,7
3836848,0,877,0,40,3,0,2,1,6,30,7
3836852,0,877,0,40,2,0,2,1,6,50,7
3836856,0,877,0,40,2,0,2,1,6,10,7
3836860,0,877,0,40,3,0,2,1,6,51,7
3836868,0,877,0,40,3,0,2,1,6,25,7
3836872,0,877,0,40,2,0,2,1,6,36,7
3836908,0,877,0,40,3,0,2,1,6,19,7
3836912,0,877,0,40,2,0,2,1,6,20,7
3836916,0,877,0,40,2,0,2,1,6,38,7
3836928,0,877,0,40,2,0,2,1,6,55,7
3836940,0,877,0,40,3,0,2,1,6,63,7
3836944,0,877,0,40,3,0,2,1,6,66,7
3836948,0,877,0,40,2,0,2,1,6,25,7
3836960,0,877,0,40,3,0,2,1,6,59,7
3836964,0,877,0,40,2,0,2,1,6,18,7
3836976,0,877,0,40,3,0,2,1,6,20,7
3836984,0,877,0,40,3,0,2,1,6,32,7
3836992,0,877,0,40,2,0,2,1,6,58,7
3836996,0,877,0,40,2,0,2,1,6,49,7
3837008,0,877,0,40,2,0,2,1,6,22,7
3837016,0,877,0,40,3,0,2,1,6,54,7
3837018,0,877,0,40,3,0,2,1,6,33,7
3837020,0,877,0,40,3,0,2,1,6,32,7
3837026,0,877,0,40,3,0,2,1,6,21,7
3837032,0,877,0,40,3,0,2,1,6,78,7
3837034,0,877,0,40,2,0,2,1,6,55,7
3837038,0,877,0,40,2,0,2,1,6,23,7
3837044,0,877,0,40,3,0,2,1,6,27,7
3837046,0,877,0,40,2,0,2,1,6,32,7
3837050,0,877,0,40,3,0,2,1,6,37,7
3837058,0,877,0,40,2,0,2,1,6,30,7
3837064,0,877,0,40,2,0,2,1,6,25,7
3837068,0,877,0,40,3,0,2,1,6,56,7
3837070,0,877,0,40,3,0,2,1,6,22,7
3837078,0,877,0,40,3,0,2,1,6,49,7
3837080,0,877,0,40,3,0,2,1,6,54,7
3837082,0,877,0,40,3,0,2,1,6,75,7
3837084,0,877,0,40,2,0,2,1,6,23,7
3837092,0,877,0,40,3,0,2,1,6,45,7
3837096,0,877,0,40,2,0,2,1,6,52,7
3837100,0,877,0,40,2,0,2,1,6,29,7
3837106,0,877,0,40,2,0,2,1,6,34,7
3837108,0,877,0,40,2,0,2,1,6,35,7
3837116,0,877,0,40,2,0,2,1,6,28,7
3837118,0,877,0,40,2,0,2,1,6,65,7
3837124,0,877,0,40,2,0,2,1,6,50,7
3837130,0,877,0,40,3,0,2,1,6,53,7
3837134,0,877,0,40,2,0,2,1,6,22,7
3837138,0,877,0,40,3,0,2,1,6,65,7
3837140,0,877,0,40,2,0,2,1,6,46,7
3837144,0,877,0,40,2,0,2,1,6,14,7
3837152,0,877,0,40,2,0,2,1,6,81,7
3837156,0,877,0,40,2,0,2,1,6,18,7
3837160,0,877,0,40,3,0,2,1,6,51,7
3837162,0,877,0,40,2,0,2,1,6,114,7
3837164,0,877,0,40,3,0,2,1,6,27,7
3837168,0,877,0,40,2,0,2,1,6,43,7
3837174,0,877,0,40,2,0,2,1,6,44,7
3837176,0,877,0,40,2,0,2,1,6,59,7
3837178,0,877,0,40,2,0,2,1,6,47,7
3837188,0,877,0,40,3,0,2,1,6,50,7
3837194,0,877,0,40,3,0,2,1,6,76,7
3837198,0,877,0,40,2,0,2,1,6,50,7
3837204,0,877,0,40,2,0,2,1,6,39,7
3837206,0,877,0,40,3,0,2,1,6,78,7
3837208,0,877,0,40,2,0,2,1,6,41,7
3837212,0,877,0,40,3,0,2,1,6,46,7
3837214,0,877,0,40,3,0,2,1,6,54,7
3837216,0,877,0,40,3,0,2,1,6,57,7
3837220,0,877,0,40,2,0,2,1,6,83,7
3837222,0,877,0,40,2,0,2,1,6,63,7
3837230,0,877,0,40,3,0,2,1,6,24,7
3837234,0,877,0,40,3,0,2,1,6,29,7
3837236,0,877,0,40,2,0,2,1,6,52,7
3837242,0,877,0,40,3,0,2,1,6,21,7
3837244,0,877,0,40,3,0,2,1,6,40,7
3837246,0,877,0,40,2,0,2,1,6,30,7
3837248,0,877,0,40,3,0,2,1,6,53,7
3837252,0,877,0,40,3,0,2,1,6,36,7
3837254,0,877,0,40,2,0,2,1,6,18,7
3837260,0,877,0,40,3,0,2,1,6,35,7
3837262,0,877,0,40,3,0,2,1,6,26,7
3837266,0,877,0,40,3,0,2,1,6,62,7
3837270,0,877,0,40,2,0,2,1,6,30,7
3837272,0,877,0,40,3,0,2,1,6,79,7
3837276,0,877,0,40,2,0,2,1,6,40,7
3837280,0,877,0,40,3,0,2,1,6,34,7
3837282,0,877,0,40,2,0,2,1,6,89,7
3837284,0,877,0,40,2,0,2,1,6,24,7
3837286,0,877,0,40,3,0,2,1,6,52,7
3837292,0,877,0,40,2,0,2,1,6,25,7
3837308,0,877,0,40,3,0,2,1,6,35,7
3837310,0,877,0,40,3,0,2,1,6,77,7
3837314,0,877,0,40,3,0,2,1,6,60,7
3837316,0,877,0,40,2,0,2,1,6,39,7
3837320,0,877,0,40,3,0,2,1,6,38,7
3837324,0,877,0,40,2,0,2,1,6,45,7
3837326,0,877,0,40,2,0,2,1,6,49,7
3837328,0,877,0,40,2,0,2,1,6,31,7
3837334,0,877,0,40,2,0,2,1,6,37,7
3837338,0,877,0,40,3,0,2,1,6,74,7
3837340,0,877,0,40,2,0,2,1,6,65,7
3837342,0,877,0,40,3,0,2,1,6,23,7
3837344,0,877,0,40,2,0,2,1,6,41,7
3837348,0,877,0,40,3,0,2,1,6,58,7
3837354,0,877,0,40,2,0,2,1,6,38,7
3837356,0,877,0,40,2,0,2,1,6,31,7
3837360,0,877,0,40,2,0,2,1,6,64,7
3837362,0,877,0,40,3,0,2,1,6,53,7
3837364,0,877,0,40,2,0,2,1,6,59,7
3837368,0,877,0,40,2,0,2,1,6,65,7
3837376,0,877,0,40,3,0,2,1,6,14,7
3837384,0,877,0,40,2,0,2,1,6,16,7
3837392,0,877,0,40,3,0,2,1,6,36,7
3837394,0,877,0,40,2,0,2,1,6,40,7
3837398,0,877,0,40,3,0,2,1,6,24,7
3837400,0,877,0,40,2,0,2,1,6,28,7
3837406,0,877,0,40,3,0,2,1,6,38,7
3837408,0,877,0,40,2,0,2,1,6,28,7
3837412,0,877,0,40,3,0,2,1,6,35,7
3837418,0,877,0,40,2,0,2,1,6,42,7
3837422,0,877,0,40,2,0,2,1,6,39,7
3837426,0,877,0,40,2,0,2,1,6,99,7
3837428,0,877,0,40,3,0,2,1,6,32,7
3837432,0,877,0,40,2,0,2,1,6,28,7
3837434,0,877,0,40,3,0,2,1,6,41,7
3837440,0,877,0,40,2,0,2,1,6,31,7
3837442,0,877,0,40,3,0,2,1,6,58,7
3837444,0,877,0,40,2,0,2,1,6,67,7
3837446,0,877,0,40,3,0,2,1,6,75,7
3837450,0,877,0,40,2,0,2,1,6,32,7
3837454,0,877,0,40,2,0,2,1,6,65,7
3837456,0,877,0,40,3,0,2,1,6,55,7
3837460,0,877,0,40,3,0,2,1,6,15,7
3837470,0,877,0,40,2,0,2,1,6,46,7
3837474,0,877,0,40,2,0,2,1,6,20,7
3837476,0,877,0,40,2,0,2,1,6,65,7
3837480,0,877,0,40,3,0,2,1,6,31,7
3837484,0,877,0,40,3,0,2,1,6,40,7
3837490,0,877,0,40,3,0,2,1,6,79,7
3837496,0,877,0,40,2,0,2,1,6,58,7
3837498,0,877,0,40,2,0,2,1,6,53,7
3837502,0,877,0,40,2,0,2,1,6,59,7
3837508,0,877,0,40,3,0,2,1,6,35,7
3837510,0,877,0,40,3,0,2,1,6,89,7
3837514,0,877,0,40,2,0,2,1,6,62,7
3837520,0,877,0,40,3,0,2,1,6,28,7
3837524,0,877,0,40,3,0,2,1,6,67,7
3837526,0,877,0,40,2,0,2,1,6,25,7
3837532,0,877,0,40,2,0,2,1,6,58,7
3837534,0,877,0,40,3,0,2,1,6,16,7
3766286,0,877,0,40,2,7,2,1,83,30,7
3801803,0,877,0,40,2,2,2,1,24,58,7
3804313,0,877,0,40,3,1,2,1,13,57,7
3779758,0,877,0,40,2,10,2,1,56,44,7
3805262,0,877,0,40,2,0,2,1,12,49,7
3805154,0,877,0,40,3,2,2,1,36,25,7
3806595,0,877,0,40,3,2,2,1,10,47,7
3807154,0,877,0,40,2,2,2,1,9,65,7
3816752,0,877,0,40,2,3,2,1,23,37,7
3813046,0,877,0,40,2,5,2,1,38,43,7
3825802,0,877,0,40,3,1,2,1,17,24,7
3814948,0,877,0,40,3,3,2,1,34,22,7
3817976,0,877,0,40,3,3,2,1,23,64,7
3818203,0,877,0,40,3,3,2,1,28,22,7
3825034,0,877,0,40,2,2,2,1,15,48,7
3823494,0,877,0,40,2,3,2,1,20,19,7
3817785,0,877,0,40,3,4,2,1,23,26,7
3807005,0,877,0,40,3,4,2,1,36,46,7
3827907,0,877,0,40,3,1,2,1,14,15,7
3825566,0,877,0,40,3,2,2,1,15,50,7
3829280,0,877,0,40,3,1,2,1,9,33,7
3817993,0,877,0,40,3,3,2,1,31,35,7
3807282,0,877,0,40,3,2,2,1,22,54,7
3831263,0,877,0,40,2,1,2,1,7,32,7
3830691,0,877,0,40,2,1,2,1,6,33,7
3802652,0,877,0,40,2,3,2,1,40,86,7
3824632,0,877,0,40,3,1,2,1,21,39,7
3822144,0,877,0,40,2,2,2,1,24,40,7
3815999,0,877,0,40,2,2,2,1,33,41,7
3806815,0,877,0,40,3,1,2,1,21,19,7
3823201,0,877,0,40,3,2,2,1,19,41,7
3816702,0,877,0,40,2,4,2,1,34,27,7
3806673,0,877,0,40,3,4,2,1,19,35,7
3805606,0,877,0,40,3,4,2,1,40,76,7
3830618,0,877,0,40,2,1,2,1,9,46,7
3752129,1,877,561,40,2,16,2,1,92,40,7
3811980,0,877,0,40,3,6,2,1,37,49,7
3815172,0,877,0,40,3,5,2,1,31,64,7
3829859,0,877,0,40,3,2,2,1,8,35,7
3831662,0,877,0,40,3,1,2,1,7,25,7
3824814,0,877,0,40,3,3,2,1,15,52,7
3832147,0,877,0,40,3,1,2,1,6,30,7
3820962,0,877,0,40,3,1,2,1,29,18,7
3798531,0,877,0,40,3,6,2,1,71,27,7
3811561,0,877,0,40,3,7,2,1,42,80,7
3805097,0,877,0,40,3,5,2,1,36,28,7
3817793,0,877,0,40,3,3,2,1,28,46,7
3828267,0,877,0,40,2,1,2,1,15,56,7
3810496,0,877,0,40,2,7,2,1,40,49,7
3813845,0,877,0,40,2,4,2,1,35,30,7
3825445,0,877,0,40,3,2,2,1,20,19,7
3804652,0,877,0,40,2,1,2,1,13,51,7
3830443,0,877,0,40,3,1,2,1,11,57,7
3824169,0,877,0,40,3,2,2,1,11,38,7
3814679,0,877,0,40,2,5,2,1,38,50,7
3818251,0,877,0,40,3,4,2,1,27,47,7
3815401,0,877,0,40,3,4,2,1,41,68,7
3830164,0,877,0,40,2,1,2,1,8,27,7
3831228,0,877,0,40,3,1,2,1,8,43,7
3831540,0,877,0,40,3,1,2,1,8,70,7
3828814,0,877,0,40,2,2,2,1,8,32,7
3801748,0,877,0,40,3,8,2,1,47,25,7
3811425,0,877,0,40,2,5,2,1,46,41,7
3832139,0,877,0,40,2,1,2,1,7,61,7
3832405,0,877,0,40,3,1,2,1,7,32,7
3820378,0,877,0,40,2,3,2,1,24,28,7
3805272,0,877,0,40,2,2,2,1,9,38,7
3810768,0,877,0,40,3,8,2,1,44,35,7
3825795,0,877,0,40,2,2,2,1,14,31,7
3810146,0,877,0,40,3,7,2,1,45,24,7
3825914,0,877,0,40,2,3,2,1,15,62,7
3806936,0,877,0,40,2,10,2,1,55,46,7
3830444,0,877,0,40,3,1,2,1,6,26,7
3823172,0,877,0,40,2,1,2,1,28,56,7
3779793,0,877,0,40,3,10,2,1,59,31,7
3807280,0,877,0,40,3,4,2,1,50,45,7
3825580,0,877,0,40,2,2,2,1,20,58,7
3803609,0,877,0,40,2,3,2,1,54,21,7
3815272,0,877,0,40,2,3,2,1,42,87,7
3808837,0,877,0,40,3,3,2,1,38,28,7
3826750,0,877,0,40,3,2,2,1,17,21,7
3809438,0,877,0,40,3,8,2,1,38,19,7
3823256,0,877,0,40,3,2,2,1,27,57,7
3820196,0,877,0,40,3,4,2,1,28,29,7
3811387,0,877,0,40,2,6,2,1,47,44,7
3809148,0,877,0,40,2,5,2,1,52,29,7
3807032,0,877,0,40,3,1,2,1,16,58,7
3792103,0,877,0,40,2,8,2,1,42,42,7
3830454,0,877,0,40,3,1,2,1,11,37,7
3801127,0,877,0,40,3,3,2,1,18,35,7
3816299,0,877,0,40,3,5,2,1,28,39,7
3828688,0,877,0,40,3,2,2,1,12,50,7
3823037,0,877,0,40,2,3,2,1,24,72,7
3830909,0,877,0,40,3,1,2,1,10,50,7
3821753,0,877,0,40,3,3,2,1,19,46,7
3822237,0,877,0,40,3,3,2,1,22,42,7
3817638,0,877,0,40,2,6,2,1,28,45,7
3828195,0,877,0,40,2,2,2,1,13,24,7
3802935,0,877,0,40,2,4,2,1,27,18,7
3831538,0,877,0,40,3,1,2,1,9,44,7
3827280,0,877,0,40,2,2,2,1,10,95,7
3813884,0,877,0,40,3,7,2,1,38,92,7
3809385,0,877,0,40,3,6,2,1,59,71,7
3825905,0,877,0,40,3,3,2,1,13,69,7
3821018,0,877,0,40,2,4,2,1,26,65,7
3832227,0,877,0,40,2,1,2,1,8,23,7
3825853,0,877,0,40,3,3,2,1,13,37,7
3821223,0,877,0,40,3,3,2,1,21,39,7
3813018,0,877,0,40,2,6,2,1,27,63,7
3826583,0,877,0,40,2,2,2,1,16,47,7
3827693,0,877,0,40,2,3,2,1,12,21,7
3816086,0,877,0,40,3,4,2,1,36,27,7
3832724,0,877,0,40,3,1,2,1,7,94,7
3816430,0,877,0,40,2,5,2,1,24,53,7
3814316,0,877,0,40,3,4,2,1,32,42,7
3799813,0,877,0,40,2,6,2,1,36,16,7
3812782,0,877,0,40,2,6,2,1,37,60,7
3813021,0,877,0,40,2,5,2,1,32,45,7
3830257,0,877,0,40,3,2,2,1,9,45,7
3817775,0,877,0,40,2,3,2,1,33,60,7
3821411,0,877,0,40,3,4,2,1,21,21,7
3812611,0,877,0,40,3,5,2,1,49,29,7
3831952,0,877,0,40,3,1,2,1,6,68,7
3801447,0,877,0,40,3,2,2,1,22,47,7
3808149,0,877,0,40,3,4,2,1,70,36,7
3818993,0,877,0,40,2,4,2,1,31,55,7
3825539,0,877,0,40,2,1,2,1,21,20,7
3821301,0,877,0,40,3,2,2,1,25,50,7
3804935,0,877,0,40,2,3,2,1,36,51,7
3811591,0,877,0,40,3,7,2,1,37,21,7
3820235,0,877,0,40,2,4,2,1,27,12,7
3827949,0,877,0,40,3,1,2,1,18,58,7
3828233,0,877,0,40,3,1,2,1,17,69,7
3821677,0,877,0,40,3,2,2,1,24,32,7
3792989,0,877,0,40,2,9,2,1,71,35,7
3828868,0,877,0,40,2,1,2,1,16,41,7
3808600,0,877,0,40,3,5,2,1,59,47,7
3825659,0,877,0,40,3,2,2,1,15,15,7
3827711,0,877,0,40,2,2,2,1,15,23,7
3820404,0,877,0,40,3,4,2,1,19,62,7
3810908,0,877,0,40,2,6,2,1,49,49,7
3814113,0,877,0,40,2,6,2,1,35,24,7
3828310,0,877,0,40,2,1,2,1,13,13,7
3808349,0,877,0,40,3,3,2,1,29,23,7
3817420,0,877,0,40,3,5,2,1,28,12,7
3752218,0,877,0,40,3,20,2,1,100,41,7
3830070,0,877,0,40,3,1,2,1,12,47,7
3817572,0,877,0,40,3,3,2,1,33,84,7
3806137,0,877,0,40,3,4,2,1,32,52,7
3813387,0,877,0,40,3,7,2,1,38,30,7
3830681,0,877,0,40,3,1,2,1,11,59,7
3831383,0,877,0,40,3,1,2,1,11,43,7
3816578,0,877,0,40,3,4,2,1,30,71,7
3808375,0,877,0,40,2,9,2,1,53,29,7
3824328,0,877,0,40,2,3,2,1,16,58,7
3815996,0,877,0,40,2,7,2,1,32,52,7
3806013,0,877,0,40,3,3,2,1,21,39,7
3815727,0,877,0,40,3,5,2,1,38,51,7
3830907,0,877,0,40,3,1,2,1,10,75,7
3831922,0,877,0,40,2,1,2,1,10,17,7
3807001,0,877,0,40,3,5,2,1,30,53,7
3820685,0,877,0,40,3,4,2,1,17,35,7
3820536,0,877,0,40,3,5,2,1,15,34,7
3802353,0,877,0,40,3,5,2,1,56,29,7
3795282,0,877,0,40,2,6,2,1,26,38,7
3830551,0,877,0,40,3,1,2,1,9,41,7
3832117,1,877,867,15.1897,3,1,2,1,9,66,7
3808702,0,877,0,40,3,1,2,1,10,58,7
3813051,0,877,0,40,3,4,2,1,39,53,7
3822438,0,877,0,40,2,3,2,1,20,44,7
3805958,0,877,0,40,3,7,2,1,27,26,7
3814508,0,877,0,40,3,7,2,1,31,87,7
3821739,0,877,0,40,3,5,2,1,21,85,7
3822148,0,877,0,40,3,4,2,1,21,55,7
3832434,0,877,0,40,3,1,2,1,8,43,7
3832646,0,877,0,40,2,1,2,1,8,37,7
3821908,0,877,0,40,3,3,2,1,23,84,7
3805164,0,877,0,40,2,7,2,1,36,39,7
3817695,0,877,0,40,3,5,2,1,19,40,7
3820915,0,877,0,40,3,5,2,1,18,37,7
3817197,0,877,0,40,2,4,2,1,28,20,7
3829393,0,877,0,40,2,2,2,1,11,50,7
3824182,0,877,0,40,2,2,2,1,24,60,7
3824789,0,877,0,40,3,3,2,1,18,54,7
3806748,0,877,0,40,3,9,2,1,52,21,7
3829140,0,877,0,40,3,2,2,1,11,50,7
3795909,0,877,0,40,2,5,2,1,33,28,7
3832443,0,877,0,40,2,1,2,1,7,29,7
3832855,0,877,0,40,2,1,2,1,7,39,7
3833391,0,877,0,40,2,1,2,1,7,48,7
3824869,0,877,0,40,3,3,2,1,13,32,7
3824213,0,877,0,40,2,2,2,1,19,24,7
3819148,0,877,0,40,3,4,2,1,27,18,7
3817706,0,877,0,40,3,4,2,1,24,57,7
3812359,0,877,0,40,2,6,2,1,36,73,7
3809673,0,877,0,40,2,10,2,1,34,24,7
3808208,0,877,0,40,3,2,2,1,8,52,7
3826483,0,877,0,40,2,2,2,1,17,75,7
3827007,0,877,0,40,2,3,2,1,14,32,7
3805094,0,877,0,40,3,9,2,1,39,44,7
3814569,0,877,0,40,3,4,2,1,36,31,7
3830796,0,877,0,40,2,2,2,1,10,25,7
3777633,0,877,0,40,2,14,2,1,65,15,7
3832505,0,877,0,40,3,1,2,1,6,32,7
3833058,0,877,0,40,3,1,2,1,6,63,7
3803983,0,877,0,40,2,1,2,1,14,24,7
3805503,0,877,0,40,3,5,2,1,43,72,7
3820365,0,877,0,40,2,2,2,1,31,17,7
3823926,0,877,0,40,2,1,2,1,28,88,7
3823501,0,877,0,40,2,1,2,1,27,41,7
3749613,0,877,0,40,2,13,2,1,121,42,7
3813942,0,877,0,40,2,6,2,1,43,60,7
3825238,0,877,0,40,3,1,2,1,23,68,7
3825571,0,877,0,40,3,1,2,1,22,35,7
3826578,0,877,0,40,2,1,2,1,22,84,7
3822279,0,877,0,40,2,2,2,1,28,22,7
3821014,0,877,0,40,2,3,2,1,23,84,7
3805594,0,877,0,40,3,4,2,1,34,18,7
3806409,0,877,0,40,3,4,2,1,27,45,7
3793525,0,877,0,40,2,6,2,1,61,45,7
3826651,0,877,0,40,2,2,2,1,19,57,7
3811522,0,877,0,40,2,4,2,1,44,43,7
3824784,0,877,0,40,2,2,2,1,20,24,7
3821291,0,877,0,40,3,4,2,1,29,31,7
3828606,0,877,0,40,2,1,2,1,17,38,7
3802402,0,877,0,40,3,3,2,1,33,51,7
3822701,0,877,0,40,3,3,2,1,21,44,7
3829325,0,877,0,40,2,1,2,1,16,36,7
3744592,0,877,0,40,3,21,2,1,117,15,7
3809504,0,877,0,40,2,9,2,1,53,44,7
3829552,0,877,0,40,2,1,2,1,15,90,7
3823923,0,877,0,40,3,2,2,1,18,100,7
3820533,0,877,0,40,2,3,2,1,25,40,7
3819808,0,877,0,40,3,6,2,1,28,35,7
3830289,0,877,0,40,3,1,2,1,14,80,7
3825064,0,877,0,40,2,2,2,1,16,47,7
3820082,0,877,0,40,3,4,2,1,25,33,7
3826730,0,877,0,40,3,2,2,1,18,24,7
3827537,0,877,0,40,3,2,2,1,17,44,7
3811221,0,877,0,40,3,7,2,1,38,46,7
3829909,0,877,0,40,2,1,2,1,13,62,7
3813697,0,877,0,40,2,4,2,1,41,69,7
3814878,0,877,0,40,2,2,2,1,46,44,7
3815802,0,877,0,40,3,5,2,1,20,19,7
3821640,0,877,0,40,3,2,2,1,31,38,7
3829275,0,877,0,40,3,2,2,1,13,28,7
3830533,0,877,0,40,2,1,2,1,12,48,7
3831413,0,877,0,40,3,1,2,1,12,32,7
3805915,0,877,0,40,3,7,2,1,65,26,7
3813860,0,877,0,40,2,4,2,1,41,19,7
3818786,0,877,0,40,2,4,2,1,27,56,7
3818410,0,877,0,40,2,4,2,1,28,30,7
3828371,0,877,0,40,3,2,2,1,15,58,7
3830436,0,877,0,40,3,1,2,1,11,43,7
3831642,0,877,0,40,3,1,2,1,11,31,7
3804924,0,877,0,40,2,1,2,1,23,45,7
3818727,0,877,0,40,2,3,2,1,25,20,7
3826378,0,877,0,40,3,2,2,1,19,20,7
3829880,0,877,0,40,2,2,2,1,12,30,7
3831222,0,877,0,40,3,1,2,1,10,37,7
3804296,0,877,0,40,2,3,2,1,15,65,7
3820173,0,877,0,40,3,3,2,1,25,62,7
3804283,0,877,0,40,3,4,2,1,33,43,7
3805725,0,877,0,40,3,4,2,1,28,105,7
3828737,0,877,0,40,2,2,2,1,11,5,7
3825383,0,877,0,40,3,3,2,1,21,51,7
3806277,0,877,0,40,3,6,2,1,49,43,7
3831986,0,877,0,40,2,1,2,1,9,49,7
3832840,0,877,0,40,3,1,2,1,9,80,7
3827596,0,877,0,40,3,2,2,1,10,43,7
3818079,0,877,0,40,2,4,2,1,23,21,7
3812267,0,877,0,40,3,8,2,1,37,43,7
3822068,0,877,0,40,2,3,2,1,17,39,7
3827083,0,877,0,40,2,3,2,1,11,59,7
3821215,0,877,0,40,3,3,2,1,27,83,7
3817484,0,877,0,40,3,5,2,1,19,52,7
3824325,0,877,0,40,3,3,2,1,20,34,7
3804060,0,877,0,40,3,8,2,1,37,88,7
3781885,0,877,0,40,2,13,2,1,74,45,7
3823677,0,877,0,40,2,3,2,1,16,75,7
3829680,0,877,0,40,2,2,2,1,12,36,7
3822771,0,877,0,40,2,4,2,1,15,37,7
3831669,0,877,0,40,2,2,2,1,9,32,7
3832763,0,877,0,40,3,1,2,1,8,62,7
3833185,0,877,0,40,3,1,2,1,8,44,7
3807582,0,877,0,40,3,2,2,1,15,78,7
3812888,0,877,0,40,2,4,2,1,39,50,7
3816110,0,877,0,40,3,4,2,1,34,44,7
3792556,0,877,0,40,2,11,2,1,76,39,7
3781320,0,877,0,40,2,7,2,1,63,101,7
3828851,0,877,0,40,3,2,2,1,12,48,7
3824023,0,877,0,40,2,4,2,1,19,23,7
3808340,0,877,0,40,3,8,2,1,49,54,7
3819981,0,877,0,40,3,5,2,1,24,66,7
3832188,0,877,0,40,2,1,2,1,7,20,7
3833632,0,877,0,40,2,1,2,1,7,36,7
3817814,0,877,0,40,3,6,2,1,27,40,7
3826369,0,877,0,40,3,2,2,1,9,28,7
3815348,0,877,0,40,2,5,2,1,21,15,7
3819413,0,877,0,40,2,5,2,1,23,39,7
3802599,0,877,0,40,2,4,2,1,28,70,7
3817951,0,877,0,40,2,4,2,1,25,28,7
3791557,0,877,0,40,2,12,2,1,58,30,7
3825807,0,877,0,40,2,3,2,1,12,43,7
3831177,0,877,0,40,3,2,2,1,7,44,7
3808711,0,877,0,40,2,9,2,1,49,77,7
3824351,0,877,0,40,2,3,2,1,20,24,7
3815652,0,877,0,40,2,5,2,1,37,19,7
3826218,0,877,0,40,2,3,2,1,14,50,7
3806523,0,877,0,40,3,5,2,1,36,34,7
3829675,0,877,0,40,3,2,2,1,11,28,7
3831768,0,877,0,40,3,2,2,1,8,78,7
3817337,0,877,0,40,2,5,2,1,24,44,7
3790857,0,877,0,40,3,11,2,1,72,40,7
3831564,0,877,0,40,2,2,2,1,9,18,7
3822673,0,877,0,40,3,3,2,1,21,57,7
3832613,0,877,0,40,2,1,2,1,6,98,7
3833024,0,877,0,40,3,1,2,1,6,33,7
3833973,0,877,0,40,3,1,2,1,6,50,7
3834103,0,877,0,40,3,1,2,1,6,37,7
3834169,0,877,0,40,3,1,2,1,6,120,7
3834257,0,877,0,40,3,1,2,1,6,49,7
3834373,0,877,0,40,3,1,2,1,6,62,7
3804497,0,877,0,40,2,1,2,1,23,62,7
3813618,0,877,0,40,3,4,2,1,53,24,7
3821687,0,877,0,40,2,3,2,1,29,57,7
3822850,0,877,0,40,3,2,2,1,30,65,7
3805112,0,877,0,40,3,4,2,1,40,29,7
3825224,0,877,0,40,2,1,2,1,25,94,7
3819235,0,877,0,40,3,3,2,1,31,50,7
3805839,0,877,0,40,2,5,2,1,38,37,7
3812284,0,877,0,40,2,5,2,1,40,36,7
3826109,0,877,0,40,2,2,2,1,22,29,7
3823327,0,877,0,40,3,2,2,1,22,42,7
3827611,0,877,0,40,2,1,2,1,19,56,7
3822990,0,877,0,40,3,2,2,1,24,81,7
3802311,0,877,0,40,2,5,2,1,43,22,7
3816070,0,877,0,40,2,3,2,1,43,39,7
3815319,0,877,0,40,2,4,2,1,38,34,7
3827413,0,877,0,40,2,2,2,1,19,16,7
3829373,0,877,0,40,2,1,2,1,17,19,7
3807987,0,877,0,40,2,3,2,1,25,30,7
3809535,0,877,0,40,2,7,2,1,47,63,7
3802792,0,877,0,40,2,7,2,1,58,24,7
3826827,0,877,0,40,2,2,2,1,19,75,7
3820859,0,877,0,40,3,3,2,1,28,37,7
3829230,0,877,0,40,2,1,2,1,16,55,7
3794033,0,877,0,40,2,8,2,1,73,28,7
3826370,0,877,0,40,2,2,2,1,17,21,7
3825954,0,877,0,40,3,2,2,1,18,42,7
3806512,0,877,0,40,2,4,2,1,29,43,7
3785966,0,877,0,40,2,11,2,1,74,61,7
3818476,0,877,0,40,3,4,2,1,30,39,7
3818515,0,877,0,40,3,4,2,1,26,78,7
3796532,0,877,0,40,2,7,2,1,47,12,7
3814883,0,877,0,40,2,4,2,1,49,41,7
3830358,0,877,0,40,2,1,2,1,14,27,7
3830722,0,877,0,40,2,1,2,1,14,18,7
3804713,0,877,0,40,2,1,2,1,14,42,7
3808878,0,877,0,40,2,6,2,1,56,29,7
3813609,0,877,0,40,2,5,2,1,38,36,7
3815953,0,877,0,40,3,5,2,1,40,25,7
3829049,0,877,0,40,2,2,2,1,15,26,7
3830749,0,877,0,40,2,1,2,1,13,35,7
3831239,0,877,0,40,2,1,2,1,13,49,7
3806852,0,877,0,40,2,3,2,1,23,33,7
3827294,0,877,0,40,3,2,2,1,16,34,7
3813414,0,877,0,40,2,3,2,1,46,31,7
3825091,0,877,0,40,3,3,2,1,18,42,7
3810371,0,877,0,40,2,6,2,1,49,62,7
3827073,0,877,0,40,3,3,2,1,18,57,7
3830779,0,877,0,40,2,1,2,1,12,19,7
3831208,0,877,0,40,2,1,2,1,12,64,7
3822317,0,877,0,40,3,3,2,1,18,41,7
3809433,0,877,0,40,3,7,2,1,48,45,7
3818278,0,877,0,40,2,5,2,1,33,23,7
3829170,0,877,0,40,3,2,2,1,12,35,7
3829868,0,877,0,40,2,2,2,1,13,41,7
3827408,0,877,0,40,2,2,2,1,19,32,7
3826397,0,877,0,40,2,3,2,1,15,48,7
3811105,0,877,0,40,2,9,2,1,43,54,7
3808691,0,877,0,40,3,2,2,1,14,25,7
3831765,0,877,0,40,3,1,2,1,11,75,7
3831967,0,877,0,40,3,1,2,1,11,58,7
3832151,0,877,0,40,2,1,2,1,11,46,7
3832273,0,877,0,40,2,1,2,1,11,43,7
3832339,0,877,0,40,2,1,2,1,11,55,7
3802007,0,877,0,40,3,2,2,1,20,20,7
3823263,0,877,0,40,3,3,2,1,16,28,7
3824647,0,877,0,40,2,2,2,1,21,52,7
3805716,0,877,0,40,2,4,2,1,49,64,7
3823266,0,877,0,40,2,4,2,1,17,45,7
3823561,0,877,0,40,2,2,2,1,20,50,7
3825308,0,877,0,40,2,3,2,1,17,93,7
3822094,0,877,0,40,2,3,2,1,24,39,7
3824650,0,877,0,40,3,3,2,1,17,55,7
3824930,0,877,0,40,3,3,2,1,18,43,7
3819108,0,877,0,40,3,5,2,1,33,25,7
3810415,0,877,0,40,3,8,2,1,40,38,7
3820106,0,877,0,40,3,5,2,1,23,66,7
3832744,0,877,0,40,2,1,2,1,10,61,7
3832856,0,877,0,40,3,1,2,1,10,46,7
3800620,0,877,0,40,2,5,2,1,35,85,7
3817348,0,877,0,40,3,5,2,1,23,56,7
3828694,0,877,0,40,3,2,2,1,13,22,7
3822558,0,877,0,40,2,2,2,1,27,49,7
3800208,0,877,0,40,2,8,2,1,51,40,7
3827159,0,877,0,40,2,3,2,1,15,40,7
3814497,0,877,0,40,3,4,2,1,38,31,7
3822147,0,877,0,40,2,2,2,1,29,30,7
3830013,0,877,0,40,3,2,2,1,12,37,7
3829685,0,877,0,40,2,2,2,1,11,65,7
3827429,0,877,0,40,2,3,2,1,12,46,7
3830876,0,877,0,40,2,2,2,1,12,17,7
3822424,0,877,0,40,2,4,2,1,28,59,7
3831803,0,877,0,40,2,1,2,1,9,36,7
3831992,0,877,0,40,2,1,2,1,9,29,7
3832483,0,877,0,40,2,1,2,1,9,40,7
3832997,0,877,0,40,2,1,2,1,9,57,7
3820499,0,877,0,40,3,3,2,1,25,42,7
3811897,0,877,0,40,3,5,2,1,43,21,7
3818423,0,877,0,40,3,4,2,1,28,43,7
3803238,0,877,0,40,2,6,2,1,27,51,7
3804213,0,877,0,40,2,5,2,1,41,44,7
3825904,0,877,0,40,2,2,2,1,21,59,7
3829875,0,877,0,40,3,2,2,1,11,16,7
3810911,0,877,0,40,2,4,2,1,53,16,7
3828777,0,877,0,40,2,2,2,1,13,26,7
3794060,0,877,0,40,2,13,2,1,71,70,7
3799430,0,877,0,40,3,7,2,1,45,51,7
3822941,0,877,0,40,2,3,2,1,21,63,7
3808447,0,877,0,40,2,2,2,1,10,35,7
3764436,0,877,0,40,3,16,2,1,94,50,7
3827705,0,877,0,40,2,4,2,1,17,58,7
3832705,0,877,0,40,2,1,2,1,8,58,7
3833010,0,877,0,40,2,1,2,1,8,49,7
3833596,0,877,0,40,3,1,2,1,8,33,7
3833762,0,877,0,40,3,1,2,1,8,57,7
3806471,0,877,0,40,2,2,2,1,14,79,7
3822686,0,877,0,40,3,3,2,1,19,28,7
3829294,0,877,0,40,2,2,2,1,8,42,7
3823719,0,877,0,40,2,3,2,1,17,53,7
3823748,0,877,0,40,2,2,2,1,24,31,7
3803990,0,877,0,40,3,5,2,1,30,56,7
3814534,0,877,0,40,2,5,2,1,35,43,7
3830235,0,877,0,40,3,2,2,1,9,30,7
3805271,0,877,0,40,3,5,2,1,27,51,7
3812058,0,877,0,40,2,6,2,1,49,34,7
3809375,0,877,0,40,3,7,2,1,48,31,7
3827543,0,877,0,40,2,2,2,1,12,80,7
3830057,0,877,0,40,3,2,2,1,10,56,7
3803769,0,877,0,40,2,6,2,1,38,26,7
3824323,0,877,0,40,3,2,2,1,24,68,7
3817314,0,877,0,40,3,5,2,1,31,43,7
3826991,0,877,0,40,2,3,2,1,10,23,7
3812404,0,877,0,40,2,7,2,1,43,36,7
3807371,0,877,0,40,3,4,2,1,24,68,7
3823085,0,877,0,40,2,4,2,1,18,47,7
3828134,0,877,0,40,3,2,2,1,11,50,7
3823565,0,877,0,40,2,5,2,1,20,32,7
3817578,0,877,0,40,3,5,2,1,32,46,7
3817807,0,877,0,40,3,5,2,1,27,19,7
3805975,0,877,0,40,2,7,2,1,37,36,7
3833661,0,877,0,40,2,1,2,1,7,43,7
3833849,0,877,0,40,2,1,2,1,7,25,7
3834013,0,877,0,40,2,1,2,1,7,30,7
3834049,0,877,0,40,2,1,2,1,7,30,7
3834161,0,877,0,40,3,1,2,1,7,55,7
3809144,0,877,0,40,3,8,2,1,45,65,7
3806082,0,877,0,40,3,5,2,1,38,40,7
3818281,0,877,0,40,2,5,2,1,25,41,7
3830101,0,877,0,40,2,2,2,1,9,24,7
3826270,0,877,0,40,3,2,2,1,15,89,7
3819735,0,877,0,40,3,6,2,1,20,19,7
3811389,0,877,0,40,2,8,2,1,43,43,7
3783928,0,877,0,40,2,12,2,1,64,55,7
3807869,0,877,0,40,2,4,2,1,15,23,7
3827621,0,877,0,40,3,2,2,1,17,20,7
3809592,0,877,0,40,2,8,2,1,46,76,7
3776702,0,877,0,40,2,12,2,1,66,67,7
3821231,0,877,0,40,3,4,2,1,25,83,7
3824370,0,877,0,40,2,3,2,1,19,38,7
3822744,0,877,0,40,2,4,2,1,18,24,7
3815973,0,877,0,40,3,6,2,1,28,30,7
3830702,0,877,0,40,3,3,2,1,9,28,7
3832084,0,877,0,40,2,1,2,1,6,33,7
3833735,0,877,0,40,2,1,2,1,6,90,7
3834000,0,877,0,40,2,1,2,1,6,39,7
3834136,0,877,0,40,3,1,2,1,6,58,7
3834284,0,877,0,40,2,1,2,1,6,42,7
3834384,0,877,0,40,3,1,2,1,6,70,7
3834460,0,877,0,40,3,1,2,1,6,116,7
3834632,0,877,0,40,3,1,2,1,6,33,7
3834738,0,877,0,40,2,1,2,1,6,22,7
3805411,0,877,0,40,3,1,2,1,7,39,7
3814128,0,877,0,40,2,3,2,1,50,47,7
3824803,0,877,0,40,2,1,2,1,28,58,7
3804908,0,877,0,40,3,6,2,1,43,43,7
3812200,0,877,0,40,2,5,2,1,41,34,7
3825952,0,877,0,40,2,1,2,1,24,21,7
3818438,0,877,0,40,3,4,2,1,36,47,7
3825535,0,877,0,40,3,1,2,1,22,32,7
3814309,0,877,0,40,3,2,2,1,43,52,7
3817585,0,877,0,40,2,3,2,1,36,34,7
3808385,0,877,0,40,2,8,2,1,56,31,7
3806060,0,877,0,40,2,7,2,1,45,26,7
3803734,0,877,0,40,2,3,2,1,23,53,7
3803591,0,877,0,40,3,5,2,1,38,48,7
3821725,0,877,0,40,3,3,2,1,27,54,7
3808247,0,877,0,40,2,4,2,1,42,65,7
3825003,0,877,0,40,2,2,2,1,23,81,7
3807929,0,877,0,40,3,9,2,1,55,60,7
3825451,0,877,0,40,3,2,2,1,21,85,7
3819820,0,877,0,40,3,3,2,1,26,65,7
3812629,0,877,0,40,2,6,2,1,46,64,7
3797786,0,877,0,40,3,9,2,1,67,30,7
3827825,0,877,0,40,2,2,2,1,18,14,7
3801641,0,877,0,40,2,6,2,1,50,56,7
3829188,0,877,0,40,2,1,2,1,15,47,7
3830930,0,877,0,40,3,1,2,1,15,64,7
3822466,0,877,0,40,3,3,2,1,19,40,7
3822090,0,877,0,40,2,2,2,1,25,54,7
3803404,0,877,0,40,3,2,2,1,21,25,7
3819457,0,877,0,40,3,2,2,1,34,54,7
3816905,0,877,0,40,3,3,2,1,41,64,7
3816218,0,877,0,40,2,5,2,1,35,19,7
3831163,0,877,0,40,2,1,2,1,14,34,7
3826489,0,877,0,40,3,2,2,1,14,39,7
3819247,0,877,0,40,2,4,2,1,24,42,7
3805137,0,877,0,40,3,3,2,1,35,12,7
3828739,0,877,0,40,3,2,2,1,15,46,7
3814548,0,877,0,40,2,8,2,1,29,36,7
3803949,0,877,0,40,2,8,2,1,35,42,7
3831654,0,877,0,40,3,1,2,1,13,48,7
3817234,0,877,0,40,2,5,2,1,31,51,7
3818856,0,877,0,40,2,3,2,1,30,60,7
3824590,0,877,0,40,3,3,2,1,16,63,7
3812277,0,877,0,40,2,8,2,1,41,16,7
3830343,0,877,0,40,2,2,2,1,13,76,7
3808318,0,877,0,40,3,6,2,1,67,37,7
3818184,0,877,0,40,3,5,2,1,26,34,7
3827576,0,877,0,40,2,3,2,1,16,37,7
3816601,0,877,0,40,3,5,2,1,35,18,7
3830561,0,877,0,40,3,2,2,1,13,12,7
3830332,0,877,0,40,3,1,2,1,12,97,7
3831991,0,877,0,40,2,1,2,1,12,92,7
3821022,0,877,0,40,2,3,2,1,18,31,7
3808341,0,877,0,40,2,3,2,1,19,60,7
3811437,0,877,0,40,2,7,2,1,41,30,7
3813704,0,877,0,40,2,5,2,1,44,51,7
3818228,0,877,0,40,2,5,2,1,30,24,7
3832520,0,877,0,40,2,1,2,1,11,34,7
3832548,0,877,0,40,3,1,2,1,11,9,7
3832618,0,877,0,40,2,1,2,1,11,73,7
3832684,0,877,0,40,3,1,2,1,11,77,7
3832750,0,877,0,40,2,1,2,1,11,43,7
3816454,0,877,0,40,3,5,2,1,29,42,7
3821567,0,877,0,40,3,2,2,1,30,98,7
3815299,0,877,0,40,2,4,2,1,32,78,7
3815692,0,877,0,40,2,5,2,1,25,50,7
3804623,0,877,0,40,2,2,2,1,20,72,7
3804206,0,877,0,40,3,5,2,1,32,53,7
3807427,0,877,0,40,2,7,2,1,39,41,7
3801195,0,877,0,40,3,4,2,1,32,24,7
3806974,0,877,0,40,2,4,2,1,32,52,7
3800692,0,877,0,40,3,7,2,1,47,72,7
3817403,0,877,0,40,3,6,2,1,33,50,7
3819722,0,877,0,40,3,5,2,1,26,36,7
3832093,0,877,0,40,2,2,2,1,11,59,7
3832543,0,877,0,40,3,1,2,1,10,58,7
3833283,0,877,0,40,3,1,2,1,10,45,7
3814034,0,877,0,40,2,4,2,1,36,85,7
3810827,0,877,0,40,2,7,2,1,33,35,7
3819914,0,877,0,40,2,5,2,1,25,63,7
3820116,0,877,0,40,3,3,2,1,31,35,7
3819208,0,877,0,40,2,3,2,1,31,102,7
3829572,0,877,0,40,2,2,2,1,12,35,7
3830548,0,877,0,40,3,2,2,1,10,44,7
3804097,0,877,0,40,3,7,2,1,40,38,7
3806104,0,877,0,40,2,3,2,1,24,35,7
3807187,0,877,0,40,2,2,2,1,25,46,7
3820687,0,877,0,40,2,4,2,1,33,73,7
3820029,0,877,0,40,3,5,2,1,27,57,7
3814419,0,877,0,40,2,4,2,1,48,144,7
3829408,0,877,0,40,3,2,2,1,11,25,7
3810664,0,877,0,40,2,7,2,1,53,40,7
3819039,0,877,0,40,3,4,2,1,30,101,7
3825097,0,877,0,40,3,4,2,1,18,31,7
3823882,0,877,0,40,3,4,2,1,20,54,7
3823993,0,877,0,40,3,4,2,1,17,24,7
3811187,0,877,0,40,3,6,2,1,54,37,7
3827911,0,877,0,40,3,4,2,1,18,68,7
3833186,0,877,0,40,3,1,2,1,9,39,7
3833322,0,877,0,40,3,1,2,1,9,52,7
3833450,0,877,0,40,3,1,2,1,9,27,7
3833886,0,877,0,40,2,1,2,1,9,26,7
3806940,0,877,0,40,3,1,2,1,20,48,7
3805568,0,877,0,40,3,4,2,1,37,36,7
3826862,0,877,0,40,3,2,2,1,10,19,7
3816747,0,877,0,40,2,6,2,1,31,61,7
3811661,0,877,0,40,3,7,2,1,38,34,7
3815674,0,877,0,40,3,4,2,1,36,16,7
3816130,0,877,0,40,3,4,2,1,39,58,7
3821384,0,877,0,40,2,4,2,1,19,20,7
3808026,0,877,0,40,2,7,2,1,64,14,7
3809678,0,877,0,40,2,8,2,1,45,50,7
3822451,0,877,0,40,2,4,2,1,22,41,7
3830237,0,877,0,40,3,2,2,1,12,75,7
3824621,0,877,0,40,2,2,2,1,25,46,7
3805517,0,877,0,40,2,3,2,1,33,57,7
3826929,0,877,0,40,3,3,2,1,19,30,7
3825985,0,877,0,40,3,3,2,1,14,62,7
3805278,0,877,0,40,2,6,2,1,38,65,7
3803195,0,877,0,40,2,3,2,1,48,38,7
3816423,0,877,0,40,2,6,2,1,35,75,7
3831515,0,877,0,40,2,2,2,1,10,52,7
3833709,0,877,0,40,2,1,2,1,8,57,7
3833925,0,877,0,40,2,1,2,1,8,25,7
3834007,0,877,0,40,2,1,2,1,8,41,7
3834121,0,877,0,40,3,1,2,1,8,43,7
3834379,0,877,0,40,2,1,2,1,8,30,7
3801309,0,877,0,40,2,5,2,1,32,77,7
3821595,0,877,0,40,2,4,2,1,18,43,7
3808435,0,877,0,40,3,7,2,1,56,46,7
3807691,0,877,0,40,3,7,2,1,22,46,7
3827685,0,877,0,40,3,2,2,1,16,21,7
3826615,0,877,0,40,2,3,2,1,13,45,7
3817140,0,877,0,40,3,5,2,1,27,62,7
3831232,0,877,0,40,3,2,2,1,8,26,7
3825664,0,877,0,40,3,3,2,1,16,21,7
3813699,0,877,0,40,3,7,2,1,30,51,7
3819234,0,877,0,40,3,6,2,1,18,51,7
3802271,0,877,0,40,3,5,2,1,26,59,7
3817250,0,877,0,40,3,4,2,1,41,60,7
3824365,0,877,0,40,2,2,2,1,26,31,7
3821673,0,877,0,40,2,4,2,1,23,23,7
3805554,0,877,0,40,3,4,2,1,31,23,7
3825209,0,877,0,40,3,3,2,1,20,39,7
3828058,0,877,0,40,2,3,2,1,11,45,7
3832253,0,877,0,40,3,2,2,1,9,21,7
3828983,0,877,0,40,2,2,2,1,16,27,7
3821467,0,877,0,40,3,4,2,1,29,33,7
3789564,0,877,0,40,3,9,2,1,54,36,7
3833012,0,877,0,40,2,1,2,1,7,49,7
3833687,0,877,0,40,2,1,2,1,7,22,7
3834320,0,877,0,40,2,1,2,1,7,128,7
3834478,0,877,0,40,3,1,2,1,7,50,7
3834560,0,877,0,40,3,1,2,1,7,49,7
3834786,0,877,0,40,2,1,2,1,7,53,7
3827467,0,877,0,40,3,2,2,1,10,62,7
3817661,0,877,0,40,2,3,2,1,26,41,7
3828781,0,877,0,40,3,2,2,1,8,35,7
3814983,0,877,0,40,3,4,2,1,30,72,7
3810659,0,877,0,40,3,6,2,1,48,25,7
3803918,0,877,0,40,3,5,2,1,17,35,7
3816750,0,877,0,40,3,6,2,1,26,51,7
3801705,0,877,0,40,2,8,2,1,55,64,7
3804495,0,877,0,40,2,8,2,1,44,32,7
3808464,0,877,0,40,3,8,2,1,54,5,7
3822255,0,877,0,40,2,4,2,1,17,14,7
3803079,0,877,0,40,3,5,2,1,19,33,7
3828265,0,877,0,40,2,3,2,1,12,26,7
3799251,0,877,0,40,2,9,2,1,61,56,7
3829007,0,877,0,40,2,2,2,1,14,44,7
3824741,0,877,0,40,3,3,2,1,22,54,7
3821294,0,877,0,40,2,4,2,1,29,13,7
3808003,0,877,0,40,2,2,2,1,18,25,7
3830980,0,877,0,40,3,2,2,1,9,106,7
3814244,0,877,0,40,2,5,2,1,43,49,7
3824487,0,877,0,40,2,4,2,1,19,79,7
3828933,0,877,0,40,3,2,2,1,14,37,7
3815809,0,877,0,40,2,5,2,1,37,23,7
3827107,0,877,0,40,2,2,2,1,21,11,7
3806147,0,877,0,40,2,4,2,1,29,81,7
3824218,0,877,0,40,2,4,2,1,17,31,7
3833329,0,877,0,40,3,2,2,1,8,61,7
3814693,0,877,0,40,2,4,2,1,43,52,7
3825470,0,877,0,40,3,4,2,1,10,61,7
3821383,0,877,0,40,2,4,2,1,28,50,7
3834345,0,877,0,40,3,2,2,1,8,34,7
3833523,0,877,0,40,3,1,2,1,6,25,7
3834523,0,877,0,40,3,1,2,1,6,39,7
3835044,0,877,0,40,2,1,2,1,6,32,7
3835066,0,877,0,40,3,1,2,1,6,44,7
3835142,0,877,0,40,3,1,2,1,6,57,7
3835288,0,877,0,40,2,1,2,1,6,38,7
3816169,0,877,0,40,3,2,2,1,48,31,7
3823860,0,877,0,40,2,1,2,1,31,57,7
3811340,0,877,0,40,3,5,2,1,54,53,7
3827613,0,877,0,40,2,1,2,1,22,55,7
3827091,0,877,0,40,2,2,2,1,22,43,7
3821304,0,877,0,40,2,3,2,1,30,53,7
3813871,0,877,0,40,3,5,2,1,44,17,7
3816804,0,877,0,40,3,4,2,1,30,23,7
3807224,0,877,0,40,3,3,2,1,36,37,7
3826141,0,877,0,40,3,2,2,1,22,58,7
3812762,0,877,0,40,2,4,2,1,46,78,7
3812577,0,877,0,40,2,4,2,1,50,49,7
3814945,0,877,0,40,2,6,2,1,41,14,7
3809450,0,877,0,40,3,9,2,1,49,41,7
3802641,0,877,0,40,2,6,2,1,46,42,7
3821229,0,877,0,40,2,3,2,1,22,10,7
3820507,0,877,0,40,2,5,2,1,23,47,7
3821488,0,877,0,40,2,4,2,1,28,99,7
3811505,0,877,0,40,3,7,2,1,41,16,7
3808936,0,877,0,40,3,5,2,1,65,59,7
3828438,0,877,0,40,2,1,2,1,17,42,7
3830425,0,877,0,40,2,1,2,1,17,30,7
3808360,0,877,0,40,3,8,2,1,44,38,7
3819759,0,877,0,40,2,3,2,1,32,58,7
3829621,0,877,0,40,2,1,2,1,16,39,7
3819557,0,877,0,40,3,4,2,1,27,39,7
3808824,0,877,0,40,2,8,2,1,52,41,7
3821922,0,877,0,40,2,5,2,1,21,48,7
3804287,0,877,0,40,3,4,2,1,23,56,7
3805634,0,877,0,40,2,3,2,1,37,20,7
3828339,0,877,0,40,2,2,2,1,18,21,7
3831349,0,877,0,40,2,1,2,1,15,95,7
3824061,0,877,0,40,3,2,2,1,19,29,7
3826162,0,877,0,40,3,2,2,1,15,93,7
3822352,0,877,0,40,3,4,2,1,24,22,7
3824643,0,877,0,40,2,3,2,1,21,60,7
3809752,0,877,0,40,2,5,2,1,63,27,7
3813530,0,877,0,40,2,7,2,1,40,18,7
3817394,0,877,0,40,2,5,2,1,34,51,7
3806504,0,877,0,40,2,6,2,1,35,46,7
3820604,0,877,0,40,3,3,2,1,34,36,7
3829835,0,877,0,40,2,2,2,1,16,62,7
3831236,0,877,0,40,2,1,2,1,14,14,7
3831456,0,877,0,40,2,1,2,1,14,97,7
3823895,0,877,0,40,3,2,2,1,21,26,7
3813831,0,877,0,40,3,4,2,1,42,46,7
3813014,0,877,0,40,2,6,2,1,46,34,7
3801517,0,877,0,40,2,4,2,1,36,63,7
3826593,0,877,0,40,2,2,2,1,16,43,7
3831267,0,877,0,40,3,2,2,1,14,23,7
3831557,0,877,0,40,3,1,2,1,13,94,7
3831829,0,877,0,40,3,1,2,1,13,59,7
3832017,0,877,0,40,2,1,2,1,13,50,7
3832311,0,877,0,40,2,1,2,1,13,38,7
3805782,0,877,0,40,3,7,2,1,30,37,7
3817747,0,877,0,40,3,4,2,1,28,39,7
3827409,0,877,0,40,3,2,2,1,17,41,7
3825322,0,877,0,40,3,4,2,1,20,65,7
3822298,0,877,0,40,3,5,2,1,20,12,7
3829371,0,877,0,40,3,3,2,1,15,35,7
3831982,0,877,0,40,3,1,2,1,12,48,7
3832648,0,877,0,40,3,1,2,1,12,34,7
3816628,0,877,0,40,2,4,2,1,35,33,7
3812981,0,877,0,40,2,4,2,1,47,58,7
3819755,0,877,0,40,3,4,2,1,23,35,7
3812085,0,877,0,40,3,4,2,1,47,19,7
3810510,0,877,0,40,2,6,2,1,59,43,7
3829137,0,877,0,40,3,3,2,1,13,39,7
3829097,0,877,0,40,3,2,2,1,17,82,7
3831600,0,877,0,40,2,2,2,1,12,75,7
3832711,0,877,0,40,2,1,2,1,11,47,7
3832951,0,877,0,40,3,1,2,1,11,32,7
3833187,0,877,0,40,2,1,2,1,11,51,7
3800424,0,877,0,40,2,5,2,1,26,4,7
3810686,0,877,0,40,2,5,2,1,45,39,7
3814341,0,877,0,40,2,6,2,1,37,78,7
3822420,0,877,0,40,2,3,2,1,21,21,7
3823590,0,877,0,40,3,4,2,1,15,34,7
3805811,0,877,0,40,2,5,2,1,22,28,7
3829229,0,877,0,40,3,2,2,1,15,12,7
3818843,0,877,0,40,2,6,2,1,22,23,7
3809256,0,877,0,40,2,6,2,1,61,33,7
3805095,0,877,0,40,2,7,2,1,46,39,7
3822465,0,877,0,40,3,5,2,1,19,40,7
3825878,0,877,0,40,3,4,2,1,16,35,7
3806364,0,877,0,40,3,5,2,1,34,32,7
3832617,0,877,0,40,2,1,2,1,10,13,7
3833508,0,877,0,40,2,1,2,1,10,34,7
3833662,0,877,0,40,2,1,2,1,10,38,7
3803623,0,877,0,40,3,4,2,1,33,28,7
3827331,0,877,0,40,3,2,2,1,14,65,7
3821878,0,877,0,40,3,3,2,1,26,62,7
3830824,0,877,0,40,3,2,2,1,10,75,7
3811786,0,877,0,40,2,7,2,1,35,43,7
3822457,0,877,0,40,2,3,2,1,23,28,7
3810843,0,877,0,40,2,8,2,1,47,61,7
3821180,0,877,0,40,3,5,2,1,24,50,7
3819042,0,877,0,40,3,5,2,1,22,49,7
3808469,0,877,0,40,2,2,2,1,18,40,7
3831020,0,877,0,40,2,2,2,1,11,43,7
3822371,0,877,0,40,3,5,2,1,24,17,7
3828608,0,877,0,40,3,2,2,1,19,11,7
3832517,0,877,0,40,2,1,2,1,9,68,7
3833368,0,877,0,40,2,1,2,1,9,32,7
3833733,0,877,0,40,2,1,2,1,9,29,7
3834039,0,877,0,40,2,1,2,1,9,23,7
3834211,0,877,0,40,3,1,2,1,9,47,7
3834301,0,877,0,40,2,1,2,1,9,91,7
3816768,0,877,0,40,3,5,2,1,29,56,7
3828731,0,877,0,40,3,2,2,1,10,15,7
3829518,0,877,0,40,2,2,2,1,11,66,7
3816814,0,877,0,40,2,4,2,1,31,70,7
3827068,0,877,0,40,3,3,2,1,16,81,7
3829504,0,877,0,40,2,2,2,1,9,58,7
3824287,0,877,0,40,3,2,2,1,25,29,7
3785348,0,877,0,40,3,8,2,1,87,61,7
3830590,0,877,0,40,2,2,2,1,11,87,7
3764344,0,877,0,40,2,12,2,1,91,57,7
3831233,0,877,0,40,3,2,2,1,10,42,7
3822251,0,877,0,40,2,3,2,1,26,31,7
3821017,0,877,0,40,2,4,2,1,22,45,7
3828297,0,877,0,40,2,3,2,1,10,16,7
3815500,0,877,0,40,2,4,2,1,40,30,7
3827698,0,877,0,40,3,2,2,1,18,29,7
3828678,0,877,0,40,3,2,2,1,17,56,7
3801271,0,877,0,40,3,4,2,1,49,24,7
3807994,0,877,0,40,3,5,2,1,28,47,7
3820447,0,877,0,40,2,4,2,1,24,43,7
3811562,0,877,0,40,2,5,2,1,48,39,7
3822339,0,877,0,40,3,3,2,1,30,53,7
3833364,0,877,0,40,2,1,2,1,8,48,7
3833980,0,877,0,40,3,1,2,1,8,52,7
3834456,0,877,0,40,2,1,2,1,8,43,7
3834828,0,877,0,40,3,1,2,1,8,35,7
3834886,0,877,0,40,3,1,2,1,8,64,7
3820860,0,877,0,40,2,3,2,1,19,29,7
3808680,0,877,0,40,2,4,2,1,27,45,7
3819452,0,877,0,40,2,5,2,1,25,45,7
3814334,0,877,0,40,2,6,2,1,28,84,7
3828425,0,877,0,40,2,2,2,1,14,36,7
3813739,0,877,0,40,3,6,2,1,42,54,7
3824894,0,877,0,40,3,3,2,1,19,33,7
3819652,0,877,0,40,3,5,2,1,28,48,7
3824766,0,877,0,40,2,3,2,1,15,22,7
3829830,0,877,0,40,3,2,2,1,13,39,7
3792729,0,877,0,40,2,10,2,1,44,38,7
3827976,0,877,0,40,3,3,2,1,9,27,7
3832267,0,877,0,40,3,2,2,1,8,22,7
3801596,0,877,0,40,2,3,2,1,32,26,7
3807407,0,877,0,40,2,7,2,1,40,25,7
3830054,0,877,0,40,3,2,2,1,12,85,7
3808183,0,877,0,40,3,8,2,1,56,37,7
3829068,0,877,0,40,2,2,2,1,9,70,7
3831807,0,877,0,40,2,2,2,1,8,42,7
3816626,0,877,0,40,2,7,2,1,29,26,7
3817004,0,877,0,40,2,5,2,1,29,41,7
3809651,0,877,0,40,2,8,2,1,52,59,7
3821275,0,877,0,40,3,4,2,1,29,79,7
3799492,0,877,0,40,3,9,2,1,51,34,7
3833132,0,877,0,40,2,1,2,1,7,74,7
3833875,0,877,0,40,2,1,2,1,7,25,7
3834711,0,877,0,40,2,1,2,1,7,42,7
3834996,0,877,0,40,2,1,2,1,7,15,7
3835106,0,877,0,40,3,1,2,1,7,11,7
3835272,0,877,0,40,3,1,2,1,7,20,7
3829772,0,877,0,40,2,2,2,1,7,69,7
3806513,0,877,0,40,3,4,2,1,16,43,7
3805645,0,877,0,40,3,5,2,1,29,32,7
3806844,0,877,0,40,3,5,2,1,35,46,7
3815336,0,877,0,40,2,5,2,1,28,52,7
3807697,0,877,0,40,2,5,2,1,40,65,7
3806657,0,877,0,40,2,6,2,1,31,34,7
3815702,1,877,871,40,2,4,2,1,37,43,7
3813288,0,877,0,40,2,9,2,1,31,25,7
3816267,0,877,0,40,2,6,2,1,30,55,7
3831024,0,877,0,40,2,2,2,1,9,42,7
3824403,0,877,0,40,3,3,2,1,17,30,7
3830892,0,877,0,40,3,2,2,1,12,59,7
3830160,0,877,0,40,3,2,2,1,11,63,7
3802462,0,877,0,40,2,4,2,1,45,42,7
3823365,0,877,0,40,2,5,2,1,13,78,7
3831086,0,877,0,40,3,2,2,1,10,10,7
3822518,0,877,0,40,2,4,2,1,20,41,7
3805211,0,877,0,40,3,3,2,1,24,23,7
3810652,0,877,0,40,2,6,2,1,43,26,7
3814611,0,877,0,40,2,7,2,1,31,25,7
3796572,0,877,0,40,3,12,2,1,59,45,7
3832906,0,877,0,40,3,2,2,1,9,52,7
3833739,0,877,0,40,3,1,2,1,6,22,7
3835263,0,877,0,40,3,1,2,1,6,32,7
3835518,0,877,0,40,3,1,2,1,6,47,7
3835544,0,877,0,40,3,1,2,1,6,23,7
3835590,0,877,0,40,3,1,2,1,6,71,7
3835790,0,877,0,40,3,1,2,1,6,34,7
3835852,0,877,0,40,3,1,2,1,6,47,7
3820268,0,877,0,40,3,1,2,1,42,42,7
3818341,0,877,0,40,2,3,2,1,36,37,7
3807941,0,877,0,40,3,3,2,1,48,26,7
3817331,0,877,0,40,2,3,2,1,39,22,7
3827441,0,877,0,40,3,1,2,1,23,71,7
3809215,0,877,0,40,2,5,2,1,65,41,7
3810834,0,877,0,40,2,8,2,1,47,20,7
3829968,0,877,0,40,3,1,2,1,19,39,7
3828406,0,877,0,40,2,1,2,1,18,70,7
3824136,0,877,0,40,2,3,2,1,21,75,7
3827626,0,877,0,40,3,2,2,1,20,24,7
3830310,0,877,0,40,2,1,2,1,17,43,7
3809968,0,877,0,40,2,6,2,1,44,41,7
3824769,0,877,0,40,3,3,2,1,21,64,7
3830036,0,877,0,40,3,1,2,1,16,101,7
3831091,0,877,0,40,2,1,2,1,16,16,7
3800943,0,877,0,40,2,8,2,1,67,29,7
3817022,0,877,0,40,2,5,2,1,37,34,7
3826076,0,877,0,40,3,3,2,1,18,72,7
3826815,0,877,0,40,3,2,2,1,22,26,7
3819495,0,877,0,40,3,5,2,1,25,14,7
3827561,0,877,0,40,3,3,2,1,20,50,7
3832083,0,877,0,40,2,1,2,1,14,53,7
3832141,0,877,0,40,2,1,2,1,14,34,7
3832361,0,877,0,40,2,1,2,1,14,47,7
3832409,0,877,0,40,2,1,2,1,14,119,7
3816992,0,877,0,40,3,4,2,1,34,54,7
3809668,0,877,0,40,3,8,2,1,49,41,7
3824406,0,877,0,40,3,2,2,1,24,57,7
3822029,0,877,0,40,3,3,2,1,28,95,7
3813081,0,877,0,40,3,3,2,1,58,43,7
3811765,0,877,0,40,2,7,2,1,45,27,7
3831990,0,877,0,40,3,1,2,1,13,36,7
3810847,0,877,0,40,3,7,2,1,39,29,7
3819329,0,877,0,40,3,5,2,1,22,52,7
3803373,0,877,0,40,2,6,2,1,59,37,7
3809699,0,877,0,40,2,8,2,1,49,85,7
3821823,0,877,0,40,3,3,2,1,27,43,7
3825920,0,877,0,40,2,3,2,1,17,68,7
3827355,0,877,0,40,2,2,2,1,19,25,7
3815335,0,877,0,40,3,5,2,1,37,30,7
3808223,0,877,0,40,3,4,2,1,39,42,7
3828108,0,877,0,40,3,2,2,1,18,29,7
3820265,0,877,0,40,3,2,2,1,39,12,7
3829706,0,877,0,40,2,2,2,1,17,77,7
3809989,0,877,0,40,2,9,2,1,59,32,7
3823678,0,877,0,40,2,3,2,1,29,43,7
3832529,0,877,0,40,2,1,2,1,11,52,7
3833114,0,877,0,40,2,1,2,1,11,29,7
3833784,0,877,0,40,3,1,2,1,11,65,7
3823121,0,877,0,40,2,3,2,1,24,93,7
3808174,0,877,0,40,2,3,2,1,32,40,7
3826400,0,877,0,40,2,3,2,1,21,56,7
3811639,0,877,0,40,3,9,2,1,45,37,7
3825818,0,877,0,40,2,3,2,1,19,31,7
3808017,0,877,0,40,3,2,2,1,19,27,7
3833633,0,877,0,40,2,1,2,1,10,23,7
3833979,0,877,0,40,3,1,2,1,10,66,7
3834407,0,877,0,40,3,1,2,1,10,14,7
3817810,0,877,0,40,3,5,2,1,27,68,7
3811050,0,877,0,40,2,7,2,1,43,31,7
3807340,0,877,0,40,2,10,2,1,59,37,7
3809994,0,877,0,40,2,10,2,1,44,37,7
3829820,0,877,0,40,3,2,2,1,16,17,7
3806912,0,877,0,40,2,5,2,1,28,23,7
3832166,0,877,0,40,3,2,2,1,10,30,7
3777295,0,877,0,40,3,17,2,1,66,51,7
3802908,0,877,0,40,3,4,2,1,28,31,7
3834454,0,877,0,40,3,1,2,1,9,56,7
3834592,0,877,0,40,2,1,2,1,9,59,7
3834646,0,877,0,40,3,1,2,1,9,36,7
3834774,0,877,0,40,3,1,2,1,9,54,7
3834848,0,877,0,40,3,1,2,1,9,88,7
3825990,0,877,0,40,3,2,2,1,12,36,7
3803429,0,877,0,40,2,3,2,1,17,80,7
3830317,0,877,0,40,2,2,2,1,10,22,7
3817604,0,877,0,40,2,6,2,1,33,29,7
3826955,0,877,0,40,2,2,2,1,19,63,7
3825947,0,877,0,40,3,3,2,1,18,18,7
3831522,0,877,0,40,3,2,2,1,10,56,7
3805459,0,877,0,40,3,7,2,1,36,19,7
3829869,0,877,0,40,2,2,2,1,13,50,7
3817253,0,877,0,40,2,6,2,1,23,8,7
3811495,0,877,0,40,2,6,2,1,50,46,7
3818643,0,877,0,40,3,4,2,1,37,8,7
3805221,0,877,0,40,3,8,2,1,47,28,7
3825456,0,877,0,40,2,3,2,1,23,38,7
3833411,0,877,0,40,3,1,2,1,8,43,7
3834627,0,877,0,40,3,1,2,1,8,22,7
3834922,0,877,0,40,3,1,2,1,8,42,7
3834994,0,877,0,40,3,1,2,1,8,40,7
3835126,0,877,0,40,2,1,2,1,8,42,7
3809718,1,877,872,40,2,8,2,1,45,95,7
3823680,0,877,0,40,2,3,2,1,19,80,7
3800385,0,877,0,40,3,7,2,1,35,56,7
3805555,0,877,0,40,3,4,2,1,29,25,7
3816800,0,877,0,40,3,4,2,1,36,23,7
3819028,0,877,0,40,2,3,2,1,36,32,7
3832746,0,877,0,40,3,2,2,1,10,40,7
3810277,0,877,0,40,3,9,2,1,41,21,7
3834194,0,877,0,40,3,1,2,1,7,39,7
3834621,0,877,0,40,3,1,2,1,7,42,7
3835043,0,877,0,40,3,1,2,1,7,38,7
3835167,0,877,0,40,3,1,2,1,7,54,7
3835385,0,877,0,40,3,1,2,1,7,63,7
3835442,0,877,0,40,2,1,2,1,7,44,7
3835884,0,877,0,40,2,1,2,1,7,110,7
3799372,0,877,0,40,2,8,2,1,24,80,7
3830242,0,877,0,40,3,2,2,1,10,64,7
3826995,0,877,0,40,2,3,2,1,17,30,7
3830479,0,877,0,40,2,3,2,1,9,57,7
3778262,0,877,0,40,2,9,2,1,71,37,7
3830042,0,877,0,40,3,2,2,1,12,36,7
3809895,0,877,0,40,3,8,2,1,52,29,7
3820224,0,877,0,40,2,5,2,1,25,82,7
3808534,0,877,0,40,2,2,2,1,7,32,7
3820293,0,877,0,40,3,4,2,1,26,22,7
3830943,0,877,0,40,3,2,2,1,9,88,7
3811912,0,877,0,40,2,6,2,1,38,63,7
3811953,0,877,0,40,2,6,2,1,43,71,7
3817542,0,877,0,40,2,3,2,1,41,25,7
3816294,0,877,0,40,2,4,2,1,44,17,7
3830706,0,877,0,40,3,2,2,1,14,63,7
3830037,0,877,0,40,3,3,2,1,8,56,7
3829471,0,877,0,40,3,2,2,1,18,32,7
3830746,0,877,0,40,3,2,2,1,15,87,7
3831407,0,877,0,40,2,2,2,1,14,30,7
3817764,0,877,0,40,3,6,2,1,30,33,7
3832717,0,877,0,40,2,2,2,1,8,40,7
3834096,0,877,0,40,3,2,2,1,7,66,7
3822666,0,877,0,40,3,5,2,1,20,36,7
3833723,0,877,0,40,2,1,2,1,6,22,7
3835379,0,877,0,40,2,1,2,1,6,32,7
3835713,0,877,0,40,2,1,2,1,6,46,7
3835984,0,877,0,40,2,1,2,1,6,19,7
3836000,0,877,0,40,2,1,2,1,6,55,7
3836284,0,877,0,40,2,1,2,1,6,35,7
3836488,0,877,0,40,2,1,2,1,6,42,7
3808684,0,877,0,40,3,2,2,1,31,48,7
3825912,0,877,0,40,3,2,2,1,25,27,7
3822966,0,877,0,40,3,2,2,1,28,14,7
3814282,0,877,0,40,2,4,2,1,43,88,7
3828174,0,877,0,40,2,1,2,1,20,36,7
3823969,0,877,0,40,2,2,2,1,30,42,7
3816184,0,877,0,40,2,4,2,1,48,63,7
3807178,0,877,0,40,2,6,2,1,81,48,7
3823639,0,877,0,40,3,3,2,1,22,57,7
3827216,0,877,0,40,3,2,2,1,20,47,7
3811376,0,877,0,40,2,6,2,1,45,40,7
3822462,0,877,0,40,2,4,2,1,31,50,7
3822674,0,877,0,40,3,3,2,1,28,59,7
3810922,0,877,0,40,2,7,2,1,53,50,7
3827190,0,877,0,40,3,2,2,1,21,23,7
3832854,0,877,0,40,3,1,2,1,14,27,7
3825917,0,877,0,40,3,2,2,1,15,37,7
3827069,0,877,0,40,3,2,2,1,19,104,7
3826361,0,877,0,40,2,2,2,1,18,18,7
3780012,0,877,0,40,3,10,2,1,74,60,7
3824661,0,877,0,40,3,4,2,1,24,25,7
3827535,0,877,0,40,3,2,2,1,16,14,7
3824251,0,877,0,40,3,4,2,1,21,41,7
3794514,0,877,0,40,2,10,2,1,53,20,7
3833800,0,877,0,40,3,1,2,1,12,28,7
3808445,0,877,0,40,2,2,2,1,18,46,7
3811617,0,877,0,40,2,7,2,1,52,34,7
3810062,0,877,0,40,2,8,2,1,52,44,7
3823197,0,877,0,40,2,4,2,1,22,31,7
3815535,0,877,0,40,2,5,2,1,36,78,7
3815307,0,877,0,40,2,3,2,1,43,27,7
3750974,0,877,0,40,2,19,2,1,98,45,7
3833551,0,877,0,40,3,1,2,1,10,33,7
3831081,0,877,0,40,3,2,2,1,10,28,7
3814855,0,877,0,40,2,6,2,1,40,72,7
3815971,0,877,0,40,3,6,2,1,29,29,7
3806374,0,877,0,40,2,5,2,1,28,39,7
3809490,0,877,0,40,2,8,2,1,55,35,7
3824238,0,877,0,40,2,4,2,1,19,61,7
3824812,0,877,0,40,3,4,2,1,16,42,7
3828129,0,877,0,40,2,3,2,1,15,32,7
3806570,0,877,0,40,3,8,2,1,75,55,7
3815936,0,877,0,40,2,6,2,1,35,32,7
3829965,0,877,0,40,3,2,2,1,14,43,7
3814539,0,877,0,40,3,5,2,1,49,13,7
3828954,0,877,0,40,3,2,2,1,19,56,7
3816636,0,877,0,40,3,4,2,1,29,25,7
3835295,0,877,0,40,3,1,2,1,8,44,7
3830653,0,877,0,40,2,2,2,1,8,83,7
3805483,0,877,0,40,2,4,2,1,20,54,7
3830012,0,877,0,40,2,2,2,1,10,33,7
3810290,0,877,0,40,3,5,2,1,52,60,7
3831030,0,877,0,40,2,2,2,1,10,21,7
3814033,0,877,0,40,3,4,2,1,41,44,7
3810209,0,877,0,40,2,8,2,1,46,63,7
3821996,0,877,0,40,3,5,2,1,18,37,7
3818548,0,877,0,40,3,5,2,1,29,32,7
3834953,0,877,0,40,3,1,2,1,7,37,7
3835845,0,877,0,40,3,1,2,1,7,71,7
3836434,0,877,0,40,2,1,2,1,7,43,7
3809546,0,877,0,40,3,5,2,1,55,27,7
3791926,0,877,0,40,3,6,2,1,23,57,7
3826694,0,877,0,40,2,4,2,1,15,21,7
3812316,0,877,0,40,2,7,2,1,45,45,7
3807984,0,877,0,40,3,4,2,1,23,110,7
3827014,0,877,0,40,2,3,2,1,10,41,7
3811760,0,877,0,40,3,9,2,1,45,21,7
3829775,0,877,0,40,2,2,2,1,17,36,7
3835236,0,877,0,40,2,2,2,1,7,20,7
3818018,0,877,0,40,3,6,2,1,35,44,7
3836327,0,877,0,40,3,1,2,1,6,43,7
3836885,0,877,0,40,2,1,2,1,6,54,7
3805665,0,877,0,40,2,2,2,1,21,29,7
3806699,0,877,0,40,2,4,2,1,47,62,7
3833904,0,877,0,40,2,1,2,1,13,37,7
3831651,0,877,0,40,3,1,2,1,12,12,7
3834403,0,877,0,40,3,1,2,1,12,92,7
3825149,0,877,0,40,3,3,2,1,22,46,7
3834884,0,877,0,40,2,1,2,1,11,57,7
3825600,0,877,0,40,2,3,2,1,24,55,7
3806263,0,877,0,40,2,2,2,1,13,57,7
3800688,0,877,0,40,2,6,2,1,57,43,7
3815346,0,877,0,40,3,6,2,1,44,32,7
3820883,0,877,0,40,2,6,2,1,21,40,7
3831221,0,877,0,40,3,3,2,1,15,44,7
3826527,0,877,0,40,2,3,2,1,17,46,7
3831457,0,877,0,40,2,2,2,1,10,36,7
3805628,0,877,0,40,3,4,2,1,28,34,7
3823275,0,877,0,40,3,5,2,1,20,15,7
3836755,0,877,0,40,2,1,2,1,7,68,7
3814789,0,877,0,40,3,6,2,1,32,17,7
3804316,0,877,0,40,3,3,2,1,23,64,7
3812351,0,877,0,40,3,5,2,1,28,43,7
3811915,0,877,0,40,2,7,2,1,44,13,7
3808863,0,877,0,40,2,6,2,1,63,37,7
3809818,0,877,0,40,2,11,2,1,51,44,7
3837258,0,877,0,40,2,1,2,1,6,51,7
3833595,0,877,0,40,2,0,2,1,5,32,7
3834010,0,877,0,40,3,0,2,1,5,32,7
3834266,0,877,0,40,2,0,2,1,5,30,7
3834449,0,877,0,40,3,0,2,1,5,26,7
3834577,0,877,0,40,2,0,2,1,5,41,7
3834705,0,877,0,40,2,0,2,1,5,36,7
3834997,0,877,0,40,3,0,2,1,5,43,7
3835125,0,877,0,40,2,0,2,1,5,43,7
3835189,0,877,0,40,2,0,2,1,5,52,7
3835285,0,877,0,40,3,0,2,1,5,54,7
3835447,0,877,0,40,3,0,2,1,5,43,7
3835511,0,877,0,40,2,0,2,1,5,63,7
3835543,0,877,0,40,3,0,2,1,5,50,7
3835575,0,877,0,40,2,0,2,1,5,50,7
3835671,0,877,0,40,3,0,2,1,5,14,7
3835735,0,877,0,40,3,0,2,1,5,20,7
3835799,0,877,0,40,2,0,2,1,5,32,7
3835863,0,877,0,40,3,0,2,1,5,31,7
3835927,0,877,0,40,2,0,2,1,5,40,7
3835959,0,877,0,40,2,0,2,1,5,42,7
3836017,0,877,0,40,3,0,2,1,5,23,7
3836033,0,877,0,40,2,0,2,1,5,71,7
3836081,0,877,0,40,2,0,2,1,5,54,7
3836105,0,877,0,40,3,0,2,1,5,62,7
3836137,0,877,0,40,2,0,2,1,5,41,7
3836169,0,877,0,40,3,0,2,1,5,52,7
3836233,0,877,0,40,3,0,2,1,5,92,7
3836249,0,877,0,40,2,0,2,1,5,44,7
3836273,0,877,0,40,3,0,2,1,5,38,7
3836305,0,877,0,40,2,0,2,1,5,42,7
3836337,0,877,0,40,2,0,2,1,5,34,7
3836369,0,877,0,40,2,0,2,1,5,63,7
3836401,0,877,0,40,3,0,2,1,5,37,7
3836449,0,877,0,40,3,0,2,1,5,19,7
3836481,0,877,0,40,2,0,2,1,5,56,7
3836494,0,877,0,40,2,0,2,1,5,63,7
3836502,0,877,0,40,2,0,2,1,5,82,7
3836518,0,877,0,40,3,0,2,1,5,46,7
3836526,0,877,0,40,3,0,2,1,5,44,7
3836534,0,877,0,40,3,0,2,1,5,33,7
3836542,0,877,0,40,2,0,2,1,5,79,7
3836558,0,877,0,40,3,0,2,1,5,46,7
3836566,0,877,0,40,3,0,2,1,5,41,7
3836582,0,877,0,40,3,0,2,1,5,62,7
3836590,0,877,0,40,2,0,2,1,5,66,7
3836598,0,877,0,40,2,0,2,1,5,21,7
3836606,0,877,0,40,2,0,2,1,5,19,7
3836622,0,877,0,40,3,0,2,1,5,19,7
3836638,0,877,0,40,2,0,2,1,5,50,7
3836646,0,877,0,40,2,0,2,1,5,40,7
3836654,0,877,0,40,3,0,2,1,5,43,7
3836662,0,877,0,40,3,0,2,1,5,32,7
3836678,0,877,0,40,2,0,2,1,5,50,7
3836686,0,877,0,40,3,0,2,1,5,56,7
3836710,0,877,0,40,3,0,2,1,5,34,7
3836718,0,877,0,40,2,0,2,1,5,56,7
3836734,0,877,0,40,2,0,2,1,5,24,7
3836742,0,877,0,40,2,0,2,1,5,24,7
3836750,0,877,0,40,3,0,2,1,5,32,7
3836774,0,877,0,40,3,0,2,1,5,58,7
3836790,0,877,0,40,3,0,2,1,5,30,7
3836806,0,877,0,40,3,0,2,1,5,58,7
3836822,0,877,0,40,2,0,2,1,5,85,7
3836838,0,877,0,40,3,0,2,1,5,65,7
3836854,0,877,0,40,2,0,2,1,5,39,7
3836870,0,877,0,40,3,0,2,1,5,80,7
3836878,0,877,0,40,3,0,2,1,5,31,7
3836886,0,877,0,40,2,0,2,1,5,23,7
3836894,0,877,0,40,3,0,2,1,5,17,7
3836902,0,877,0,40,3,0,2,1,5,54,7
3836910,0,877,0,40,3,0,2,1,5,31,7
3836918,0,877,0,40,2,0,2,1,5,80,7
3836926,0,877,0,40,2,0,2,1,5,34,7
3836934,0,877,0,40,2,0,2,1,5,59,7
3836942,0,877,0,40,2,0,2,1,5,49,7
3836958,0,877,0,40,2,0,2,1,5,45,7
3836966,0,877,0,40,2,0,2,1,5,95,7
3836982,0,877,0,40,3,0,2,1,5,52,7
3836990,0,877,0,40,3,0,2,1,5,28,7
3836998,0,877,0,40,3,0,2,1,5,27,7
3837013,0,877,0,40,3,0,2,1,5,42,7
3837017,0,877,0,40,2,0,2,1,5,21,7
3837021,0,877,0,40,2,0,2,1,5,58,7
3837025,0,877,0,40,2,0,2,1,5,41,7
3837029,0,877,0,40,3,0,2,1,5,36,7
3837045,0,877,0,40,2,0,2,1,5,26,7
3837049,0,877,0,40,2,0,2,1,5,46,7
3837057,0,877,0,40,3,0,2,1,5,33,7
3837073,0,877,0,40,3,0,2,1,5,62,7
3837077,0,877,0,40,2,0,2,1,5,34,7
3837081,0,877,0,40,3,0,2,1,5,18,7
3837101,0,877,0,40,2,0,2,1,5,20,7
3837113,0,877,0,40,3,0,2,1,5,22,7
3837117,0,877,0,40,2,0,2,1,5,35,7
3837125,0,877,0,40,3,0,2,1,5,57,7
3837129,0,877,0,40,3,0,2,1,5,40,7
3837133,0,877,0,40,2,0,2,1,5,27,7
3837137,0,877,0,40,3,0,2,1,5,24,7
3837141,0,877,0,40,2,0,2,1,5,44,7
3837157,0,877,0,40,3,0,2,1,5,45,7
3837161,0,877,0,40,2,0,2,1,5,83,7
3837165,0,877,0,40,3,0,2,1,5,9,7
3837181,0,877,0,40,2,0,2,1,5,12,7
3837185,0,877,0,40,2,0,2,1,5,21,7
3837197,0,877,0,40,2,0,2,1,5,44,7
3837201,0,877,0,40,2,0,2,1,5,33,7
3837209,0,877,0,40,2,0,2,1,5,43,7
3837213,0,877,0,40,3,0,2,1,5,27,7
3837217,0,877,0,40,3,0,2,1,5,96,7
3837221,0,877,0,40,2,0,2,1,5,60,7
3837225,0,877,0,40,2,0,2,1,5,32,7
3837241,0,877,0,40,3,0,2,1,5,47,7
3837245,0,877,0,40,3,0,2,1,5,49,7
3837249,0,877,0,40,2,0,2,1,5,35,7
3837257,0,877,0,40,3,0,2,1,5,34,7
3837265,0,877,0,40,3,0,2,1,5,58,7
3837273,0,877,0,40,2,0,2,1,5,55,7
3837277,0,877,0,40,2,0,2,1,5,21,7
3837289,0,877,0,40,3,0,2,1,5,41,7
3837301,0,877,0,40,2,0,2,1,5,35,7
3837309,0,877,0,40,2,0,2,1,5,14,7
3837313,0,877,0,40,2,0,2,1,5,35,7
3837321,0,877,0,40,3,0,2,1,5,39,7
3837341,0,877,0,40,3,0,2,1,5,30,7
3837345,0,877,0,40,3,0,2,1,5,33,7
3837357,0,877,0,40,3,0,2,1,5,50,7
3837369,0,877,0,40,2,0,2,1,5,43,7
3837377,0,877,0,40,3,0,2,1,5,47,7
3837393,0,877,0,40,2,0,2,1,5,12,7
3837401,0,877,0,40,2,0,2,1,5,10,7
3837409,0,877,0,40,3,0,2,1,5,107,7
3837413,0,877,0,40,3,0,2,1,5,25,7
3837417,0,877,0,40,3,0,2,1,5,35,7
3837425,0,877,0,40,2,0,2,1,5,40,7
3837437,0,877,0,40,3,0,2,1,5,49,7
3837445,0,877,0,40,3,0,2,1,5,59,7
3837449,0,877,0,40,2,0,2,1,5,54,7
3837457,0,877,0,40,2,0,2,1,5,21,7
3837461,0,877,0,40,3,0,2,1,5,58,7
3837465,0,877,0,40,3,0,2,1,5,37,7
3837485,0,877,0,40,2,0,2,1,5,42,7
3837489,0,877,0,40,3,0,2,1,5,49,7
3837497,0,877,0,40,2,0,2,1,5,40,7
3837501,0,877,0,40,2,0,2,1,5,55,7
3837505,0,877,0,40,3,0,2,1,5,83,7
3837513,0,877,0,40,2,0,2,1,5,49,7
3837517,0,877,0,40,3,0,2,1,5,52,7
3837525,0,877,0,40,2,0,2,1,5,61,7
3837533,0,877,0,40,2,0,2,1,5,53,7
3837536,0,877,0,40,3,0,2,1,5,8,7
3837542,0,877,0,40,2,0,2,1,5,45,7
3837544,0,877,0,40,3,0,2,1,5,48,7
3837546,0,877,0,40,3,0,2,1,5,23,7
3837548,0,877,0,40,2,0,2,1,5,31,7
3837550,0,877,0,40,3,0,2,1,5,34,7
3837554,0,877,0,40,2,0,2,1,5,63,7
3837556,0,877,0,40,3,0,2,1,5,66,7
3837558,0,877,0,40,2,0,2,1,5,48,7
3837562,0,877,0,40,3,0,2,1,5,73,7
3837564,0,877,0,40,2,0,2,1,5,15,7
3837568,0,877,0,40,2,0,2,1,5,20,7
3837570,0,877,0,40,3,0,2,1,5,77,7
3837576,0,877,0,40,2,0,2,1,5,44,7
3837578,0,877,0,40,2,0,2,1,5,85,7
3837582,0,877,0,40,2,0,2,1,5,27,7
3837586,0,877,0,40,3,0,2,1,5,108,7
3837590,0,877,0,40,2,0,2,1,5,38,7
3837596,0,877,0,40,2,0,2,1,5,86,7
3837604,0,877,0,40,2,0,2,1,5,46,7
3837610,0,877,0,40,2,0,2,1,5,77,7
3837612,0,877,0,40,3,0,2,1,5,60,7
3837614,0,877,0,40,2,0,2,1,5,42,7
3837616,0,877,0,40,2,0,2,1,5,17,7
3837618,0,877,0,40,3,0,2,1,5,27,7
3837620,0,877,0,40,3,0,2,1,5,29,7
3837624,0,877,0,40,3,0,2,1,5,25,7
3837628,0,877,0,40,2,0,2,1,5,25,7
3837632,0,877,0,40,3,0,2,1,5,94,7
3837636,0,877,0,40,3,0,2,1,5,50,7
3837638,0,877,0,40,3,0,2,1,5,70,7
3837642,0,877,0,40,3,0,2,1,5,38,7
3837644,0,877,0,40,3,0,2,1,5,28,7
3837648,0,877,0,40,2,0,2,1,5,23,7
3837652,0,877,0,40,2,0,2,1,5,28,7
3837654,0,877,0,40,2,0,2,1,5,32,7
3837656,0,877,0,40,3,0,2,1,5,34,7
3837658,0,877,0,40,3,0,2,1,5,25,7
3837660,0,877,0,40,2,0,2,1,5,30,7
3837662,0,877,0,40,2,0,2,1,5,23,7
3837664,0,877,0,40,2,0,2,1,5,63,7
3837666,0,877,0,40,3,0,2,1,5,25,7
3837670,0,877,0,40,3,0,2,1,5,62,7
3837674,0,877,0,40,3,0,2,1,5,52,7
3837680,0,877,0,40,3,0,2,1,5,41,7
3837684,0,877,0,40,3,0,2,1,5,40,7
3837690,0,877,0,40,2,0,2,1,5,38,7
3837692,0,877,0,40,3,0,2,1,5,24,7
3837700,0,877,0,40,2,0,2,1,5,34,7
3837702,0,877,0,40,2,0,2,1,5,14,7
3837708,0,877,0,40,3,0,2,1,5,38,7
3837710,0,877,0,40,3,0,2,1,5,30,7
3837712,0,877,0,40,3,0,2,1,5,65,7
3837714,0,877,0,40,2,0,2,1,5,67,7
3837716,0,877,0,40,2,0,2,1,5,32,7
3837718,0,877,0,40,2,0,2,1,5,25,7
3837720,0,877,0,40,3,0,2,1,5,79,7
3837722,0,877,0,40,3,0,2,1,5,45,7
3837726,0,877,0,40,2,0,2,1,5,18,7
3837730,0,877,0,40,2,0,2,1,5,43,7
3837732,0,877,0,40,3,0,2,1,5,86,7
3837734,0,877,0,40,3,0,2,1,5,30,7
3837736,0,877,0,40,3,0,2,1,5,18,7
3837738,0,877,0,40,2,0,2,1,5,49,7
3837748,0,877,0,40,3,0,2,1,5,34,7
3837750,0,877,0,40,2,0,2,1,5,27,7
3837752,0,877,0,40,2,0,2,1,5,31,7
3837758,0,877,0,40,2,0,2,1,5,42,7
3837760,0,877,0,40,3,0,2,1,5,56,7
3837764,0,877,0,40,3,0,2,1,5,58,7
3837768,0,877,0,40,3,0,2,1,5,38,7
3837772,0,877,0,40,2,0,2,1,5,34,7
3837776,0,877,0,40,3,0,2,1,5,33,7
3837778,0,877,0,40,2,0,2,1,5,56,7
3837780,0,877,0,40,2,0,2,1,5,33,7
3837782,0,877,0,40,2,0,2,1,5,27,7
3837784,0,877,0,40,2,0,2,1,5,30,7
3837790,0,877,0,40,2,0,2,1,5,33,7
3837796,0,877,0,40,2,0,2,1,5,46,7
3837800,0,877,0,40,3,0,2,1,5,55,7
3837802,0,877,0,40,2,0,2,1,5,18,7
3837806,0,877,0,40,3,0,2,1,5,13,7
3837808,0,877,0,40,2,0,2,1,5,28,7
3837810,0,877,0,40,2,0,2,1,5,63,7
3837812,0,877,0,40,3,0,2,1,5,23,7
3837818,0,877,0,40,3,0,2,1,5,71,7
3837820,0,877,0,40,2,0,2,1,5,53,7
3837822,0,877,0,40,3,0,2,1,5,62,7
3837824,0,877,0,40,2,0,2,1,5,44,7
3837830,0,877,0,40,2,0,2,1,5,23,7
3837832,0,877,0,40,3,0,2,1,5,88,7
3837834,0,877,0,40,3,0,2,1,5,61,7
3837836,0,877,0,40,2,0,2,1,5,30,7
3837840,0,877,0,40,3,0,2,1,5,31,7
3837842,0,877,0,40,2,0,2,1,5,48,7
3837850,0,877,0,40,3,0,2,1,5,94,7
3837852,0,877,0,40,3,0,2,1,5,49,7
3837854,0,877,0,40,2,0,2,1,5,52,7
3837858,0,877,0,40,3,0,2,1,5,36,7
3837864,0,877,0,40,3,0,2,1,5,7,7
3837868,0,877,0,40,2,0,2,1,5,19,7
3837874,0,877,0,40,3,0,2,1,5,42,7
3837876,0,877,0,40,3,0,2,1,5,40,7
3837880,0,877,0,40,3,0,2,1,5,36,7
3837882,0,877,0,40,2,0,2,1,5,44,7
3837886,0,877,0,40,2,0,2,1,5,63,7
3837890,0,877,0,40,2,0,2,1,5,23,7
3837894,0,877,0,40,3,0,2,1,5,47,7
3837898,0,877,0,40,2,0,2,1,5,66,7
3837904,0,877,0,40,3,0,2,1,5,54,7
3837908,0,877,0,40,2,0,2,1,5,45,7
3837910,0,877,0,40,3,0,2,1,5,25,7
3837912,0,877,0,40,3,0,2,1,5,20,7
3837916,0,877,0,40,2,0,2,1,5,66,7
3837918,0,877,0,40,2,0,2,1,5,51,7
3837920,0,877,0,40,3,0,2,1,5,43,7
3837922,0,877,0,40,2,0,2,1,5,39,7
3837924,0,877,0,40,2,0,2,1,5,31,7
3837928,0,877,0,40,3,0,2,1,5,54,7
3837932,0,877,0,40,3,0,2,1,5,19,7
3837938,0,877,0,40,2,0,2,1,5,26,7
3837942,0,877,0,40,2,0,2,1,5,53,7
3837946,0,877,0,40,3,0,2,1,5,19,7
3837948,0,877,0,40,3,0,2,1,5,30,7
3837954,0,877,0,40,3,0,2,1,5,41,7
3837956,0,877,0,40,3,0,2,1,5,65,7
3837958,0,877,0,40,3,0,2,1,5,32,7
3837960,0,877,0,40,3,0,2,1,5,29,7
3837964,0,877,0,40,3,0,2,1,5,44,7
3837966,0,877,0,40,2,0,2,1,5,27,7
3837968,0,877,0,40,3,0,2,1,5,56,7
3837972,0,877,0,40,2,0,2,1,5,57,7
3837978,0,877,0,40,3,0,2,1,5,30,7
3837982,0,877,0,40,3,0,2,1,5,41,7
3837986,0,877,0,40,3,0,2,1,5,21,7
3837990,0,877,0,40,3,0,2,1,5,53,7
3837992,0,877,0,40,3,0,2,1,5,22,7
3837996,0,877,0,40,2,0,2,1,5,53,7
3838000,0,877,0,40,3,0,2,1,5,44,7
3838002,0,877,0,40,3,0,2,1,5,69,7
3838004,0,877,0,40,3,0,2,1,5,88,7
3838008,0,877,0,40,3,0,2,1,5,95,7
3838014,0,877,0,40,2,0,2,1,5,58,7
3838016,0,877,0,40,2,0,2,1,5,64,7
3838022,0,877,0,40,2,0,2,1,5,21,7
3838026,0,877,0,40,2,0,2,1,5,33,7
3838028,0,877,0,40,2,0,2,1,5,41,7
3838032,0,877,0,40,3,0,2,1,5,26,7
3838034,0,877,0,40,2,0,2,1,5,42,7
3838036,0,877,0,40,2,0,2,1,5,36,7
3838038,0,877,0,40,3,0,2,1,5,27,7
3838040,0,877,0,40,3,0,2,1,5,44,7
3838044,0,877,0,40,2,0,2,1,5,33,7
3838046,0,877,0,40,3,0,2,1,5,76,7
3838050,0,877,0,40,2,0,2,1,5,69,7
3838052,0,877,0,40,3,0,2,1,5,74,7
3838056,0,877,0,40,3,0,2,1,5,40,7
3838058,0,877,0,40,2,0,2,1,5,29,7
3838072,0,877,0,40,3,0,2,1,5,57,7
3838074,0,877,0,40,3,0,2,1,5,27,7
3838076,0,877,0,40,3,0,2,1,5,49,7
3838078,0,877,0,40,2,0,2,1,5,52,7
3838084,0,877,0,40,3,0,2,1,5,42,7
3838090,0,877,0,40,3,0,2,1,5,45,7
3838096,0,877,0,40,2,0,2,1,5,18,7
3838100,0,877,0,40,3,0,2,1,5,65,7
3773721,0,877,0,40,3,6,2,1,45,29,7
3795254,0,877,0,40,3,5,2,1,27,54,7
3805035,0,877,0,40,3,1,2,1,9,45,7
3805379,0,877,0,40,2,0,2,1,5,91,7
3805212,0,877,0,40,2,1,2,1,9,46,7
3804753,0,877,0,40,3,1,2,1,21,48,7
3767433,0,877,0,40,2,15,2,1,72,65,7
3807682,0,877,0,40,3,0,2,1,8,23,7
3808187,0,877,0,40,3,0,2,1,5,49,7
3811793,0,877,0,40,2,6,2,1,41,18,7
3809427,0,877,0,40,2,6,2,1,48,46,7
3807417,0,877,0,40,3,3,2,1,22,67,7
3829015,0,877,0,40,2,1,2,1,9,59,7
3818891,0,877,0,40,2,3,2,1,24,28,7
3808609,0,877,0,40,2,3,2,1,56,46,7
3823210,0,877,0,40,2,2,2,1,20,72,7
3813338,0,877,0,40,3,4,2,1,38,52,7
3822082,0,877,0,40,3,4,2,1,10,30,7
3803806,0,877,0,40,3,2,2,1,23,45,7
3823255,0,877,0,40,3,3,2,1,14,75,7
3829615,0,877,0,40,2,1,2,1,9,41,7
3812502,0,877,0,40,2,6,2,1,43,14,7
3813768,0,877,0,40,2,6,2,1,26,53,7
3822192,0,877,0,40,2,2,2,1,19,34,7
3825213,0,877,0,40,3,3,2,1,11,62,7
3825271,0,877,0,40,2,3,2,1,13,21,7
3804448,0,877,0,40,2,2,2,1,11,28,7
3819433,0,877,0,40,3,2,2,1,26,47,7
3826860,0,877,0,40,2,3,2,1,7,65,7
3832003,0,877,0,40,2,1,2,1,5,44,7
3822914,0,877,0,40,2,2,2,1,20,51,7
3827484,0,877,0,40,3,1,2,1,16,31,7
3825395,0,877,0,40,2,3,2,1,14,30,7
3824197,0,877,0,40,3,3,2,1,14,23,7
3806856,0,877,0,40,2,4,2,1,32,35,7
3816615,0,877,0,40,3,6,2,1,26,35,7
3830654,0,877,0,40,2,1,2,1,9,28,7
3786192,0,877,0,40,3,10,2,1,81,79,7
3829192,0,877,0,40,3,2,2,1,9,37,7
3831255,0,877,0,40,2,1,2,1,8,29,7
3799764,0,877,0,40,2,6,2,1,54,40,7
3830260,0,877,0,40,2,1,2,1,7,48,7
3830204,0,877,0,40,3,1,2,1,6,30,7
3832161,0,877,0,40,2,1,2,1,6,50,7
3813689,0,877,0,40,2,6,2,1,30,53,7
3812375,0,877,0,40,2,5,2,1,39,25,7
3828445,0,877,0,40,3,2,2,1,9,99,7
3828672,0,877,0,40,2,2,2,1,9,27,7
3832058,0,877,0,40,3,1,2,1,5,81,7
3817210,0,877,0,40,3,2,2,1,38,36,7
3808796,0,877,0,40,2,6,2,1,63,59,7
3824453,0,877,0,40,3,2,2,1,22,51,7
3802593,0,877,0,40,2,5,2,1,28,31,7
3801603,0,877,0,40,3,2,2,1,39,32,7
3827057,0,877,0,40,3,2,2,1,17,41,7
3817358,0,877,0,40,2,4,2,1,30,58,7
3814527,0,877,0,40,2,5,2,1,36,23,7
3818386,0,877,0,40,3,3,2,1,27,57,7
3812548,0,877,0,40,2,6,2,1,33,62,7
3818888,0,877,0,40,2,4,2,1,26,25,7
3829096,0,877,0,40,2,1,2,1,11,19,7
3825146,0,877,0,40,3,2,2,1,12,50,7
3807758,0,877,0,40,3,3,2,1,27,39,7
3829645,0,877,0,40,2,1,2,1,10,32,7
3824215,0,877,0,40,3,2,2,1,12,29,7
3803880,0,877,0,40,3,6,2,1,37,44,7
3816033,0,877,0,40,2,4,2,1,32,42,7
3815753,0,877,0,40,2,3,2,1,45,27,7
3825380,0,877,0,40,3,3,2,1,11,74,7
3826425,0,877,0,40,2,2,2,1,13,66,7
3831828,0,877,0,40,3,1,2,1,8,47,7
3823963,1,877,866,10.9704,3,2,2,1,13,33,7
3796321,0,877,0,40,2,6,2,1,49,33,7
3819623,0,877,0,40,3,4,2,1,28,31,7
3824196,0,877,0,40,3,3,2,1,18,15,7
3832157,0,877,0,40,2,1,2,1,7,24,7
3810449,0,877,0,40,2,8,2,1,48,40,7
3805831,0,877,0,40,2,2,2,1,10,33,7
3829899,0,877,0,40,3,2,2,1,7,47,7
3828648,0,877,0,40,3,2,2,1,11,42,7
3812126,0,877,0,40,2,6,2,1,33,54,7
3832474,0,877,0,40,3,1,2,1,6,57,7
3820814,0,877,0,40,3,3,2,1,21,80,7
3799882,0,877,0,40,2,8,2,1,45,29,7
3830844,0,877,0,40,3,2,2,1,6,32,7
3824835,0,877,0,40,3,2,2,1,21,14,7
3805978,0,877,0,40,3,3,2,1,10,46,7
3831203,0,877,0,40,3,2,2,1,8,20,7
3833071,0,877,0,40,3,1,2,1,5,35,7
3813271,0,877,0,40,3,5,2,1,34,28,7
3800315,0,877,0,40,3,4,2,1,42,52,7
3816528,0,877,0,40,3,3,2,1,30,29,7
3809830,0,877,0,40,3,5,2,1,54,27,7
3819255,0,877,0,40,3,3,2,1,29,36,7
3826891,0,877,0,40,2,1,2,1,19,54,7
3819973,0,877,0,40,3,3,2,1,26,44,7
3819562,0,877,0,40,2,4,2,1,28,34,7
3810612,0,877,0,40,2,6,2,1,48,19,7
3827275,0,877,0,40,3,1,2,1,16,35,7
3811888,0,877,0,40,2,6,2,1,41,66,7
3808067,0,877,0,40,2,6,2,1,62,14,7
3819185,0,877,0,40,3,4,2,1,26,58,7
3828751,0,877,0,40,3,1,2,1,14,67,7
3829515,0,877,0,40,3,1,2,1,14,44,7
3814561,0,877,0,40,2,4,2,1,33,20,7
3812356,0,877,0,40,3,6,2,1,41,28,7
3829634,0,877,0,40,3,1,2,1,13,42,7
3819166,0,877,0,40,3,2,2,1,31,50,7
3827097,0,877,0,40,2,2,2,1,18,42,7
3829468,0,877,0,40,2,1,2,1,12,17,7
3806791,0,877,0,40,2,6,2,1,56,15,7
3828504,0,877,0,40,3,2,2,1,12,79,7
3815594,0,877,0,40,2,3,2,1,38,46,7
3817269,0,877,0,40,2,4,2,1,24,51,7
3816229,0,877,0,40,2,4,2,1,33,53,7
3816819,0,877,0,40,2,5,2,1,19,21,7
3823213,0,877,0,40,3,3,2,1,23,29,7
3808582,0,877,0,40,3,6,2,1,53,22,7
3819232,0,877,0,40,3,4,2,1,22,35,7
3828491,0,877,0,40,3,2,2,1,11,67,7
3825106,0,877,0,40,3,2,2,1,16,23,7
3815977,0,877,0,40,3,7,2,1,29,19,7
3819899,0,877,0,40,3,5,2,1,17,18,7
3805739,0,877,0,40,2,1,2,1,18,53,7
3823339,0,877,0,40,3,3,2,1,14,26,7
3822160,0,877,0,40,2,4,2,1,15,23,7
3831051,0,877,0,40,2,2,2,1,9,45,7
3794342,0,877,0,40,2,9,2,1,47,54,7
3812441,0,877,0,40,2,8,2,1,31,14,7
3827662,0,877,0,40,2,2,2,1,15,44,7
3831066,0,877,0,40,3,1,2,1,7,28,7
3831950,0,877,0,40,3,1,2,1,7,24,7
3819864,0,877,0,40,2,4,2,1,20,81,7
3823474,0,877,0,40,3,3,2,1,16,33,7
3828271,0,877,0,40,3,2,2,1,11,37,7
3816874,0,877,0,40,2,3,2,1,30,45,7
3804920,0,877,0,40,3,6,2,1,29,26,7
3826965,0,877,0,40,2,3,2,1,10,24,7
3832136,0,877,0,40,2,1,2,1,6,39,7
3832939,0,877,0,40,3,1,2,1,6,48,7
3796162,0,877,0,40,3,11,2,1,45,75,7
3802761,0,877,0,40,2,4,2,1,28,13,7
3811239,0,877,0,40,2,6,2,1,43,52,7
3762945,0,877,0,40,3,18,2,1,102,46,7
3811541,0,877,0,40,3,5,2,1,45,36,7
3830142,0,877,0,40,3,2,2,1,7,44,7
3823018,0,877,0,40,3,3,2,1,21,45,7
3826500,0,877,0,40,3,3,2,1,13,19,7
3833094,0,877,0,40,3,1,2,1,5,46,7
3833444,0,877,0,40,2,1,2,1,5,45,7
3833602,0,877,0,40,3,1,2,1,5,63,7
3818113,0,877,0,40,3,2,2,1,38,35,7
3817632,0,877,0,40,3,3,2,1,34,50,7
3823014,0,877,0,40,2,2,2,1,27,58,7
3817151,0,877,0,40,2,2,2,1,37,71,7
3824230,0,877,0,40,2,1,2,1,23,70,7
3823594,0,877,0,40,2,2,2,1,26,50,7
3826194,0,877,0,40,2,1,2,1,20,25,7
3824306,0,877,0,40,3,2,2,1,21,68,7
3827508,0,877,0,40,2,1,2,1,19,51,7
3825431,0,877,0,40,3,2,2,1,20,27,7
3825775,0,877,0,40,2,1,2,1,18,41,7
3826418,0,877,0,40,3,2,2,1,18,105,7
3828375,0,877,0,40,3,1,2,1,17,79,7
3829016,0,877,0,40,2,1,2,1,16,37,7
3829353,0,877,0,40,2,1,2,1,15,31,7
3822024,0,877,0,40,3,3,2,1,21,24,7
3808083,0,877,0,40,3,2,2,1,23,20,7
3828366,0,877,0,40,2,1,2,1,14,20,7
3826678,0,877,0,40,3,2,2,1,17,53,7
3802160,0,877,0,40,2,6,2,1,45,47,7
3805059,0,877,0,40,3,6,2,1,32,45,7
3806215,0,877,0,40,3,7,2,1,30,49,7
3829364,0,877,0,40,3,1,2,1,12,35,7
3830118,0,877,0,40,2,1,2,1,12,55,7
3825622,0,877,0,40,2,2,2,1,15,75,7
3795843,0,877,0,40,3,7,2,1,37,18,7
3805301,0,877,0,40,3,5,2,1,30,29,7
3810109,0,877,0,40,3,7,2,1,44,68,7
3812993,0,877,0,40,2,5,2,1,36,46,7
3811462,0,877,0,40,2,8,2,1,43,45,7
3830737,0,877,0,40,2,1,2,1,11,47,7
3831085,0,877,0,40,2,1,2,1,11,42,7
3807514,0,877,0,40,2,5,2,1,27,40,7
3805254,0,877,0,40,2,3,2,1,26,33,7
3809372,0,877,0,40,2,6,2,1,45,35,7
3822392,0,877,0,40,3,3,2,1,20,40,7
3732148,0,877,0,40,2,20,2,1,124,58,7
3831806,0,877,0,40,2,1,2,1,10,34,7
3807646,0,877,0,40,3,7,2,1,54,30,7
3825832,0,877,0,40,2,3,2,1,14,62,7
3819014,0,877,0,40,3,5,2,1,25,24,7
3826451,0,877,0,40,3,3,2,1,13,50,7
3817045,0,877,0,40,2,4,2,1,16,45,7
3815884,0,877,0,40,2,6,2,1,29,35,7
3806728,0,877,0,40,2,2,2,1,15,30,7
3810687,0,877,0,40,2,7,2,1,36,76,7
3819651,0,877,0,40,3,4,2,1,25,63,7
3805276,0,877,0,40,2,6,2,1,39,59,7
3832430,0,877,0,40,3,1,2,1,8,48,7
3820355,0,877,0,40,2,2,2,1,26,27,7
3804539,0,877,0,40,2,7,2,1,33,43,7
3818599,0,877,0,40,3,3,2,1,24,44,7
3811236,0,877,0,40,2,7,2,1,44,62,7
3734580,0,877,0,40,2,17,2,1,116,37,7
3825835,0,877,0,40,3,2,2,1,18,32,7
3807248,0,877,0,40,2,4,2,1,24,36,7
3831960,0,877,0,40,2,1,2,1,7,29,7
3833097,0,877,0,40,3,1,2,1,7,31,7
3809577,0,877,0,40,3,5,2,1,49,41,7
3808111,0,877,0,40,2,8,2,1,48,57,7
3826401,0,877,0,40,3,2,2,1,9,80,7
3814205,0,877,0,40,2,7,2,1,20,37,7
3815249,0,877,0,40,3,6,2,1,35,78,7
3830537,0,877,0,40,3,2,2,1,7,44,7
3814221,0,877,0,40,2,7,2,1,24,66,7
3831550,0,877,0,40,2,2,2,1,8,59,7
3817014,0,877,0,40,3,4,2,1,32,27,7
3833194,0,877,0,40,3,1,2,1,6,88,7
3833442,0,877,0,40,2,1,2,1,6,29,7
3833738,0,877,0,40,3,1,2,1,6,24,7
3833856,0,877,0,40,2,1,2,1,6,22,7
3784704,0,877,0,40,2,10,2,1,46,33,7
3824041,0,877,0,40,2,3,2,1,18,55,7
3829165,0,877,0,40,2,2,2,1,7,44,7
3807880,0,877,0,40,2,7,2,1,50,54,7
3824958,0,877,0,40,3,2,2,1,17,40,7
3822250,0,877,0,40,3,3,2,1,19,21,7
3828280,0,877,0,40,2,2,2,1,11,20,7
3829982,0,877,0,40,2,2,2,1,9,16,7
3814865,0,877,0,40,2,6,2,1,35,39,7
3807059,0,877,0,40,2,4,2,1,27,38,7
3827455,0,877,0,40,2,2,2,1,13,31,7
3823198,0,877,0,40,2,5,2,1,15,44,7
3831235,0,877,0,40,3,2,2,1,8,55,7
3810242,0,877,0,40,3,9,2,1,50,54,7
3819948,0,877,0,40,2,5,2,1,23,20,7
3823262,0,877,0,40,3,4,2,1,19,31,7
3832883,0,877,0,40,2,2,2,1,7,40,7
3833409,0,877,0,40,3,1,2,1,5,36,7
3833701,0,877,0,40,3,1,2,1,5,31,7
3834291,0,877,0,40,3,1,2,1,5,35,7
3834389,0,877,0,40,3,1,2,1,5,24,7
3818941,0,877,0,40,2,2,2,1,38,19,7
3811351,0,877,0,40,2,6,2,1,42,43,7
3803637,0,877,0,40,2,3,2,1,34,31,7
3804992,0,877,0,40,3,3,2,1,30,20,7
3823819,0,877,0,40,2,1,2,1,24,25,7
3825753,2,877,0,40,2,1,2,1,23,44,7
3823550,0,877,0,40,2,2,2,1,25,21,7
3827179,0,877,0,40,2,1,2,1,21,62,7
3813168,0,877,0,40,3,3,2,1,53,36,7
3825205,0,877,0,40,3,2,2,1,23,70,7
3802560,0,877,0,40,3,4,2,1,42,31,7
3812419,0,877,0,40,3,3,2,1,50,43,7
3819265,0,877,0,40,3,3,2,1,28,61,7
3826393,0,877,0,40,3,1,2,1,19,18,7
3822639,0,877,0,40,2,3,2,1,24,24,7
3822714,0,877,0,40,3,2,2,1,27,44,7
3828427,0,877,0,40,3,1,2,1,18,59,7
3807370,0,877,0,40,2,3,2,1,27,68,7
3825435,0,877,0,40,2,2,2,1,23,52,7
3829014,0,877,0,40,3,1,2,1,17,25,7
3815850,0,877,0,40,2,3,2,1,43,54,7
3805578,0,877,0,40,3,2,2,1,22,105,7
3829493,0,877,0,40,3,1,2,1,16,60,7
3816230,0,877,0,40,2,4,2,1,36,33,7
3792132,0,877,0,40,3,9,2,1,55,98,7
3826553,0,877,0,40,2,2,2,1,17,21,7
3829730,0,877,0,40,3,1,2,1,15,39,7
3824866,0,877,0,40,2,2,2,1,17,56,7
3814914,0,877,0,40,3,6,2,1,33,32,7
3820283,0,877,0,40,2,3,2,1,27,30,7
3823932,0,877,0,40,3,3,2,1,21,60,7
3829627,0,877,0,40,3,1,2,1,14,51,7
3807159,0,877,0,40,3,2,2,1,24,42,7
3810334,0,877,0,40,3,6,2,1,46,40,7
3813053,0,877,0,40,3,5,2,1,44,21,7
3801871,0,877,0,40,2,3,2,1,43,21,7
3804549,0,877,0,40,2,3,2,1,18,73,7
3829925,0,877,0,40,3,1,2,1,13,46,7
3808030,0,877,0,40,3,1,2,1,13,28,7
3825515,0,877,0,40,3,2,2,1,20,32,7
3816210,0,877,0,40,2,4,2,1,32,52,7
3813266,0,877,0,40,3,5,2,1,46,68,7
3809559,0,877,0,40,2,9,2,1,49,50,7
3830577,0,877,0,40,2,1,2,1,12,43,7
3830861,0,877,0,40,2,1,2,1,12,31,7
3812954,0,877,0,40,2,7,2,1,31,65,7
3817175,0,877,0,40,2,4,2,1,33,27,7
3825966,0,877,0,40,2,2,2,1,16,64,7
3827882,0,877,0,40,3,2,2,1,15,29,7
3816480,0,877,0,40,3,6,2,1,25,47,7
3815678,0,877,0,40,3,4,2,1,37,41,7
3825635,0,877,0,40,3,3,2,1,17,21,7
3823447,0,877,0,40,2,3,2,1,21,43,7
3825803,0,877,0,40,3,3,2,1,14,70,7
3830627,0,877,0,40,2,1,2,1,11,28,7
3831878,0,877,0,40,3,1,2,1,11,40,7
3825194,0,877,0,40,3,2,2,1,15,72,7
3823986,0,877,0,40,3,3,2,1,17,33,7
3807094,0,877,0,40,2,11,2,1,50,37,7
3822208,0,877,0,40,3,4,2,1,19,46,7
3828818,0,877,0,40,2,2,2,1,14,62,7
3809478,0,877,0,40,3,5,2,1,65,36,7
3830871,0,877,0,40,3,1,2,1,10,71,7
3831366,0,877,0,40,3,1,2,1,10,57,7
3832137,0,877,0,40,3,1,2,1,10,57,7
3804672,0,877,0,40,2,4,2,1,25,55,7
3819011,0,877,0,40,3,4,2,1,28,41,7
3825189,0,877,0,40,3,2,2,1,20,48,7
3816966,0,877,0,40,2,5,2,1,20,24,7
3808538,0,877,0,40,3,4,2,1,36,48,7
3805222,0,877,0,40,3,2,2,1,28,71,7
3812428,0,877,0,40,3,6,2,1,47,68,7
3812191,0,877,0,40,2,9,2,1,29,70,7
3832486,0,877,0,40,2,1,2,1,9,59,7
3832814,0,877,0,40,3,1,2,1,9,53,7
3807288,0,877,0,40,2,5,2,1,34,69,7
3806654,0,877,0,40,2,4,2,1,34,38,7
3825638,0,877,0,40,2,2,2,1,19,50,7
3827336,0,877,0,40,2,2,2,1,16,40,7
3829898,0,877,0,40,3,2,2,1,11,43,7
3819466,0,877,0,40,2,4,2,1,28,88,7
3830158,0,877,0,40,3,2,2,1,10,35,7
3816934,0,877,0,40,2,4,2,1,30,33,7
3821176,0,877,0,40,2,4,2,1,25,34,7
3793530,0,877,0,40,3,12,2,1,46,28,7
3830831,0,877,0,40,2,1,2,1,8,30,7
3832727,0,877,0,40,2,1,2,1,8,23,7
3833029,0,877,0,40,2,1,2,1,8,42,7
3802738,0,877,0,40,2,3,2,1,14,41,7
3823714,0,877,0,40,3,3,2,1,16,38,7
3780742,0,877,0,40,3,8,2,1,56,64,7
3820272,0,877,0,40,3,4,2,1,21,40,7
3829245,0,877,0,40,2,2,2,1,10,42,7
3806796,0,877,0,40,3,3,2,1,27,40,7
3803276,0,877,0,40,3,7,2,1,41,27,7
3819252,0,877,0,40,2,3,2,1,26,25,7
3807053,0,877,0,40,2,8,2,1,69,51,7
3811185,0,877,0,40,3,5,2,1,39,47,7
3817888,0,877,0,40,2,6,2,1,24,24,7
3806185,0,877,0,40,3,4,2,1,38,38,7
3807868,0,877,0,40,2,4,2,1,40,87,7
3829448,0,877,0,40,3,2,2,1,11,43,7
3831650,0,877,0,40,3,2,2,1,10,77,7
3807062,0,877,0,40,2,5,2,1,30,26,7
3832994,0,877,0,40,2,1,2,1,7,101,7
3833404,0,877,0,40,2,1,2,1,7,45,7
3833624,0,877,0,40,3,1,2,1,7,97,7
3833716,0,877,0,40,3,1,2,1,7,32,7
3833808,0,877,0,40,3,1,2,1,7,51,7
3825169,0,877,0,40,3,2,2,1,13,36,7
3827239,0,877,0,40,3,2,2,1,7,53,7
3824451,0,877,0,40,2,2,2,1,20,69,7
3826286,0,877,0,40,2,3,2,1,9,26,7
3826824,0,877,0,40,3,2,2,1,14,58,7
3806861,0,877,0,40,2,5,2,1,21,20,7
3817801,0,877,0,40,2,3,2,1,24,47,7
3801141,0,877,0,40,2,7,2,1,47,51,7
3830514,0,877,0,40,2,2,2,1,8,64,7
3826594,0,877,0,40,2,3,2,1,13,37,7
3818302,0,877,0,40,2,5,2,1,27,56,7
3822804,0,877,0,40,3,3,2,1,18,29,7
3805399,0,877,0,40,3,3,2,1,16,19,7
3811882,0,877,0,40,2,6,2,1,47,29,7
3828783,0,877,0,40,2,2,2,1,13,52,7
3809646,0,877,0,40,3,7,2,1,49,20,7
3777318,0,877,0,40,3,16,2,1,96,29,7
3815882,0,877,0,40,3,6,2,1,35,12,7
3828609,0,877,0,40,3,2,2,1,15,51,7
3827622,0,877,0,40,3,4,2,1,16,43,7
3833152,0,877,0,40,2,1,2,1,6,44,7
3833384,0,877,0,40,2,1,2,1,6,68,7
3834185,0,877,0,40,2,1,2,1,6,59,7
3803708,0,877,0,40,3,4,2,1,21,18,7
3800714,0,877,0,40,2,4,2,1,33,39,7
3822054,0,877,0,40,2,4,2,1,12,51,7
3825744,0,877,0,40,3,3,2,1,14,64,7
3829078,0,877,0,40,2,2,2,1,7,37,7
3813049,0,877,0,40,2,5,2,1,45,29,7
3802102,0,877,0,40,3,6,2,1,37,38,7
3822787,0,877,0,40,2,2,2,1,26,58,7
3822117,0,877,0,40,3,3,2,1,19,20,7
3831167,0,877,0,40,2,2,2,1,7,77,7
3815864,0,877,0,40,3,6,2,1,31,29,7
3824673,0,877,0,40,2,4,2,1,12,45,7
3813255,0,877,0,40,2,5,2,1,43,23,7
3804078,0,877,0,40,3,6,2,1,29,29,7
3829013,0,877,0,40,3,2,2,1,8,51,7
3824014,0,877,0,40,3,4,2,1,15,32,7
3819662,0,877,0,40,3,6,2,1,23,33,7
3812996,0,877,0,40,2,5,2,1,41,67,7
3824297,0,877,0,40,2,3,2,1,21,34,7
3829848,0,877,0,40,3,3,2,1,12,36,7
3805187,0,877,0,40,2,6,2,1,18,25,7
3832308,0,877,0,40,2,1,2,1,5,35,7
3833284,0,877,0,40,3,1,2,1,5,42,7
3833895,0,877,0,40,3,1,2,1,5,24,7
3834448,0,877,0,40,3,1,2,1,5,33,7
3834686,0,877,0,40,2,1,2,1,5,50,7
3804755,0,877,0,40,3,2,2,1,42,78,7
3812083,0,877,0,40,3,6,2,1,43,65,7
3812537,0,877,0,40,2,2,2,1,60,48,7
3793326,0,877,0,40,2,5,2,1,58,23,7
3808182,0,877,0,40,2,1,2,1,26,47,7
3799292,0,877,0,40,3,5,2,1,51,24,7
3825130,0,877,0,40,3,1,2,1,22,43,7
3821468,0,877,0,40,3,2,2,1,34,51,7
3814084,0,877,0,40,3,3,2,1,45,43,7
3807279,0,877,0,40,3,8,2,1,65,47,7
3827898,0,877,0,40,2,1,2,1,19,57,7
3828391,0,877,0,40,2,1,2,1,19,47,7
3823526,0,877,0,40,3,2,2,1,24,62,7
3818172,0,877,0,40,3,3,2,1,34,56,7
3820158,0,877,0,40,3,3,2,1,31,61,7
3828208,0,877,0,40,3,1,2,1,18,44,7
3809062,0,877,0,40,2,3,2,1,27,31,7
3822793,0,877,0,40,2,2,2,1,28,19,7
3823086,0,877,0,40,3,3,2,1,21,25,7
3829249,0,877,0,40,3,1,2,1,17,49,7
3816293,0,877,0,40,2,5,2,1,26,74,7
3820627,0,877,0,40,2,3,2,1,29,69,7
3808239,0,877,0,40,3,5,2,1,36,37,7
3825134,0,877,0,40,2,2,2,1,21,88,7
3807264,0,877,0,40,3,1,2,1,17,49,7
3808043,1,877,870,16.3449,3,4,2,1,22,50,7
3820902,0,877,0,40,3,3,2,1,23,36,7
3829328,0,877,0,40,3,1,2,1,15,38,7
3807040,0,877,0,40,2,9,2,1,70,68,7
3801507,0,877,0,40,2,6,2,1,47,38,7
3823508,0,877,0,40,3,2,2,1,26,54,7
3827412,0,877,0,40,2,2,2,1,17,24,7
3821511,0,877,0,40,2,2,2,1,31,63,7
3817656,0,877,0,40,2,4,2,1,34,53,7
3807004,0,877,0,40,2,7,2,1,68,43,7
3828657,0,877,0,40,2,2,2,1,15,74,7
3830146,0,877,0,40,2,1,2,1,14,26,7
3820655,0,877,0,40,2,3,2,1,29,23,7
3823547,0,877,0,40,2,3,2,1,19,35,7
3819844,0,877,0,40,3,3,2,1,28,48,7
3821320,0,877,0,40,3,3,2,1,30,57,7
3825888,0,877,0,40,2,2,2,1,20,10,7
3816447,0,877,0,40,2,4,2,1,35,46,7
3817950,0,877,0,40,3,5,2,1,31,27,7
3812651,0,877,0,40,3,6,2,1,45,35,7
3831189,0,877,0,40,3,1,2,1,13,61,7
3808801,0,877,0,40,3,8,2,1,43,43,7
3827043,0,877,0,40,3,2,2,1,18,32,7
3807667,0,877,0,40,3,2,2,1,15,83,7
3829171,0,877,0,40,2,2,2,1,13,34,7
3782420,0,877,0,40,2,13,2,1,92,19,7
3829633,0,877,0,40,3,1,2,1,12,43,7
3831556,0,877,0,40,3,1,2,1,12,47,7
3831726,0,877,0,40,3,1,2,1,12,55,7
3831846,0,877,0,40,2,1,2,1,12,28,7
3810750,0,877,0,40,3,7,2,1,37,25,7
3804952,0,877,0,40,3,8,2,1,39,37,7
3821950,0,877,0,40,2,3,2,1,26,38,7
3814949,0,877,0,40,2,6,2,1,35,61,7
3816074,0,877,0,40,2,6,2,1,38,37,7
3813093,0,877,0,40,3,6,2,1,37,59,7
3819100,0,877,0,40,3,4,2,1,34,52,7
3830049,0,877,0,40,3,2,2,1,14,55,7
3805741,0,877,0,40,2,3,2,1,32,33,7
3812391,0,877,0,40,2,5,2,1,42,40,7
3816813,0,877,0,40,2,5,2,1,31,40,7
3806427,0,877,0,40,3,3,2,1,27,25,7
3812199,0,877,0,40,3,7,2,1,36,57,7
3809442,0,877,0,40,2,6,2,1,53,57,7
3826898,0,877,0,40,2,2,2,1,17,45,7
3828963,0,877,0,40,2,2,2,1,15,48,7
3825150,0,877,0,40,3,3,2,1,19,55,7
3824303,0,877,0,40,2,4,2,1,18,66,7
3831783,0,877,0,40,3,1,2,1,10,47,7
3832454,0,877,0,40,3,1,2,1,10,40,7
3832696,0,877,0,40,3,1,2,1,10,45,7
3806168,0,877,0,40,2,4,2,1,22,58,7
3815679,0,877,0,40,3,3,2,1,36,43,7
3820744,0,877,0,40,2,3,2,1,24,70,7
3808523,0,877,0,40,3,7,2,1,58,27,7
3802748,0,877,0,40,3,4,2,1,23,22,7
3753146,0,877,0,40,2,15,2,1,117,19,7
3822545,0,877,0,40,2,5,2,1,18,72,7
3830379,0,877,0,40,2,2,2,1,11,46,7
3809610,0,877,0,40,2,6,2,1,46,37,7
3824752,0,877,0,40,2,3,2,1,20,51,7
3824978,0,877,0,40,2,3,2,1,16,35,7
3806635,0,877,0,40,3,2,2,1,21,20,7
3831691,0,877,0,40,2,1,2,1,9,48,7
3832451,0,877,0,40,2,1,2,1,9,74,7
3832639,0,877,0,40,3,1,2,1,9,56,7
3833173,0,877,0,40,2,1,2,1,9,23,7
3826890,0,877,0,40,2,2,2,1,13,52,7
3828403,0,877,0,40,3,2,2,1,13,67,7
3807112,0,877,0,40,3,4,2,1,19,13,7
3827867,0,877,0,40,2,3,2,1,13,63,7
3809400,0,877,0,40,2,8,2,1,41,103,7
3816492,0,877,0,40,2,5,2,1,35,59,7
3820343,0,877,0,40,3,3,2,1,31,26,7
3828807,0,877,0,40,3,2,2,1,14,59,7
3812810,0,877,0,40,2,6,2,1,46,28,7
3829143,0,877,0,40,2,3,2,1,11,15,7
3792352,0,877,0,40,2,10,2,1,71,39,7
3822376,0,877,0,40,2,3,2,1,28,27,7
3831070,0,877,0,40,3,2,2,1,9,51,7
3825590,0,877,0,40,3,3,2,1,20,32,7
3833078,0,877,0,40,3,1,2,1,8,54,7
3833464,0,877,0,40,2,1,2,1,8,30,7
3833532,0,877,0,40,3,1,2,1,8,46,7
3833570,0,877,0,40,2,1,2,1,8,47,7
3833790,0,877,0,40,3,1,2,1,8,31,7
3804804,0,877,0,40,2,2,2,1,30,21,7
3826174,0,877,0,40,2,2,2,1,12,38,7
3817102,0,877,0,40,2,4,2,1,33,45,7
3812533,0,877,0,40,3,5,2,1,40,29,7
3828017,0,877,0,40,2,2,2,1,14,27,7
3825640,0,877,0,40,3,4,2,1,11,26,7
3808857,0,877,0,40,2,7,2,1,57,24,7
3822955,0,877,0,40,2,3,2,1,14,47,7
3817402,0,877,0,40,3,6,2,1,25,33,7
3816890,0,877,0,40,3,4,2,1,35,31,7
3825641,0,877,0,40,3,3,2,1,16,37,7
3824928,0,877,0,40,2,3,2,1,18,62,7
3818719,0,877,0,40,2,4,2,1,29,35,7
3823774,0,877,0,40,2,4,2,1,21,38,7
3818117,0,877,0,40,3,4,2,1,36,34,7
3830429,0,877,0,40,3,3,2,1,11,68,7
3832620,0,877,0,40,2,2,2,1,8,56,7
3817894,0,877,0,40,2,4,2,1,36,55,7
3833272,0,877,0,40,2,1,2,1,7,70,7
3833885,0,877,0,40,3,1,2,1,7,31,7
3834177,0,877,0,40,3,1,2,1,7,62,7
3834321,0,877,0,40,3,1,2,1,7,50,7
3825750,0,877,0,40,2,2,2,1,16,41,7
3815082,0,877,0,40,2,8,2,1,31,15,7
3814741,0,877,0,40,3,4,2,1,39,53,7
3827777,0,877,0,40,3,2,2,1,13,34,7
3811156,0,877,0,40,2,7,2,1,45,52,7
3818377,0,877,0,40,3,3,2,1,29,27,7
3824797,0,877,0,40,2,3,2,1,15,50,7
3817087,0,877,0,40,3,5,2,1,28,46,7
3804884,0,877,0,40,2,5,2,1,18,40,7
3827037,0,877,0,40,2,3,2,1,14,45,7
3805674,0,877,0,40,2,4,2,1,42,23,7
3830197,0,877,0,40,3,2,2,1,11,43,7
3807418,0,877,0,40,2,3,2,1,17,25,7
3808973,0,877,0,40,2,8,2,1,49,31,7
3831809,0,877,0,40,2,2,2,1,7,39,7
3813232,0,877,0,40,3,6,2,1,29,36,7
3807309,0,877,0,40,2,5,2,1,30,37,7
3826684,0,877,0,40,2,3,2,1,15,41,7
3794012,0,877,0,40,2,10,2,1,52,65,7
3810737,0,877,0,40,2,10,2,1,45,56,7
3834224,0,877,0,40,3,1,2,1,6,49,7
3834718,0,877,0,40,3,1,2,1,6,38,7
3834874,0,877,0,40,2,1,2,1,6,52,7
3828958,0,877,0,40,3,2,2,1,8,23,7
3822520,0,877,0,40,3,4,2,1,15,79,7
3828049,0,877,0,40,2,2,2,1,13,70,7
3824745,0,877,0,40,2,3,2,1,14,21,7
3819550,0,877,0,40,2,5,2,1,21,49,7
3826519,0,877,0,40,3,2,2,1,17,51,7
3809885,0,877,0,40,2,10,2,1,39,44,7
3829148,0,877,0,40,3,2,2,1,8,40,7
3809016,0,877,0,40,3,3,2,1,10,42,7
3821247,0,877,0,40,2,6,2,1,23,25,7
3804799,2,877,0,40,3,8,2,1,42,94,7
3810203,0,877,0,40,2,4,2,1,60,27,7
3825175,0,877,0,40,2,3,2,1,15,39,7
3808615,0,877,0,40,3,3,2,1,34,66,7
3822959,0,877,0,40,3,3,2,1,20,22,7
3816685,0,877,0,40,3,3,2,1,38,39,7
3817039,0,877,0,40,3,6,2,1,22,80,7
3828940,0,877,0,40,3,2,2,1,16,48,7
3831443,0,877,0,40,2,2,2,1,11,52,7
3815962,0,877,0,40,2,7,2,1,29,16,7
3826766,0,877,0,40,2,4,2,1,8,21,7
3808319,0,877,0,40,2,13,2,1,47,21,7
3768093,0,877,0,40,2,14,2,1,113,36,7
3824125,0,877,0,40,3,4,2,1,20,71,7
3833068,0,877,0,40,3,1,2,1,5,55,7
3833950,0,877,0,40,3,1,2,1,5,27,7
3834182,0,877,0,40,2,1,2,1,5,46,7
3834459,0,877,0,40,3,1,2,1,5,35,7
3834727,0,877,0,40,2,1,2,1,5,37,7
3834771,0,877,0,40,3,1,2,1,5,64,7
3834920,0,877,0,40,3,1,2,1,5,27,7
3835040,0,877,0,40,2,1,2,1,5,37,7
3835242,0,877,0,40,3,1,2,1,5,28,7
3802377,0,877,0,40,2,3,2,1,9,26,7
3813037,0,877,0,40,3,5,2,1,48,56,7
3823392,0,877,0,40,3,1,2,1,31,26,7
3819350,0,877,0,40,2,2,2,1,39,22,7
3814106,0,877,0,40,3,6,2,1,40,19,7
3813572,0,877,0,40,3,5,2,1,47,40,7
3801032,0,877,0,40,2,5,2,1,49,38,7
3826028,0,877,0,40,2,1,2,1,24,27,7
3811663,0,877,0,40,3,5,2,1,48,26,7
3816157,0,877,0,40,2,4,2,1,36,78,7
3805808,0,877,0,40,2,2,2,1,37,33,7
3826006,0,877,0,40,2,1,2,1,21,42,7
3827769,0,877,0,40,3,1,2,1,21,25,7
3827973,0,877,0,40,2,1,2,1,21,15,7
3815567,0,877,0,40,2,3,2,1,40,10,7
3806437,0,877,0,40,3,4,2,1,40,57,7
3810446,0,877,0,40,3,6,2,1,57,32,7
3826327,0,877,0,40,2,2,2,1,24,75,7
3806256,0,877,0,40,3,4,2,1,38,68,7
3820276,0,877,0,40,2,3,2,1,27,42,7
3822862,0,877,0,40,3,2,2,1,29,35,7
3820819,0,877,0,40,3,3,2,1,23,33,7
3819921,0,877,0,40,3,4,2,1,26,87,7
3829274,0,877,0,40,2,1,2,1,17,76,7
3829752,0,877,0,40,2,1,2,1,17,51,7
3763824,0,877,0,40,3,11,2,1,84,67,7
3811956,0,877,0,40,2,4,2,1,52,52,7
3817610,0,877,0,40,2,3,2,1,38,74,7
3813542,0,877,0,40,2,5,2,1,39,53,7
3826809,0,877,0,40,2,2,2,1,20,145,7
3830149,0,877,0,40,2,1,2,1,16,42,7
3803102,0,877,0,40,2,1,2,1,29,53,7
3816440,0,877,0,40,2,5,2,1,25,56,7
3809294,0,877,0,40,2,6,2,1,58,44,7
3820899,0,877,0,40,2,5,2,1,29,16,7
3819107,0,877,0,40,3,5,2,1,23,44,7
3812344,0,877,0,40,3,5,2,1,39,29,7
3808992,0,877,0,40,2,9,2,1,41,65,7
3821549,0,877,0,40,2,3,2,1,18,50,7
3818544,0,877,0,40,2,3,2,1,38,85,7
3805114,0,877,0,40,3,7,2,1,36,75,7
3829543,0,877,0,40,2,2,2,1,15,19,7
3823486,0,877,0,40,2,3,2,1,18,21,7
3825491,0,877,0,40,3,2,2,1,21,42,7
3819156,0,877,0,40,2,5,2,1,31,16,7
3826910,0,877,0,40,3,2,2,1,16,43,7
3821669,0,877,0,40,3,2,2,1,30,80,7
3827319,0,877,0,40,3,2,2,1,15,57,7
3804571,0,877,0,40,2,5,2,1,46,51,7
3823555,0,877,0,40,2,3,2,1,23,58,7
3820227,0,877,0,40,3,4,2,1,26,13,7
3807260,0,877,0,40,2,6,2,1,50,37,7
3807505,0,877,0,40,2,2,2,1,21,21,7
3824364,1,877,857,30.3944,3,3,2,1,18,19,7
3809588,0,877,0,40,2,9,2,1,40,34,7
3778087,0,877,0,40,2,11,2,1,86,58,7
3826067,0,877,0,40,3,2,2,1,22,41,7
3828903,0,877,0,40,3,2,2,1,15,59,7
3820240,0,877,0,40,2,4,2,1,31,31,7
3829860,0,877,0,40,2,2,2,1,15,23,7
3807850,0,877,0,40,2,5,2,1,76,19,7
3826746,0,877,0,40,2,3,2,1,20,23,7
3824340,0,877,0,40,2,3,2,1,26,67,7
3830903,0,877,0,40,3,1,2,1,12,18,7
3831713,0,877,0,40,2,1,2,1,12,51,7
3814230,0,877,0,40,3,6,2,1,32,63,7
3826140,0,877,0,40,2,2,2,1,18,59,7
3812031,0,877,0,40,2,7,2,1,40,28,7
3813667,0,877,0,40,3,5,2,1,41,45,7
3820647,0,877,0,40,3,5,2,1,20,25,7
3824039,0,877,0,40,2,3,2,1,21,19,7
3810010,0,877,0,40,3,6,2,1,55,21,7
3817692,0,877,0,40,3,4,2,1,33,32,7
3816994,0,877,0,40,2,5,2,1,36,39,7
3815468,0,877,0,40,3,8,2,1,29,32,7
3813682,0,877,0,40,2,5,2,1,44,11,7
3832014,0,877,0,40,3,1,2,1,11,27,7
3832584,0,877,0,40,2,1,2,1,11,52,7
3806448,0,877,0,40,2,2,2,1,25,45,7
3817509,0,877,0,40,3,6,2,1,27,38,7
3807785,0,877,0,40,2,3,2,1,32,60,7
3812677,0,877,0,40,3,7,2,1,43,38,7
3821609,0,877,0,40,2,4,2,1,21,32,7
3822249,0,877,0,40,2,2,2,1,29,87,7
3827231,0,877,0,40,3,3,2,1,19,47,7
3791730,0,877,0,40,3,8,2,1,46,32,7
3807521,0,877,0,40,3,3,2,1,16,28,7
3832435,0,877,0,40,3,1,2,1,10,36,7
3832775,0,877,0,40,2,1,2,1,10,34,7
3832851,0,877,0,40,3,1,2,1,10,37,7
3833121,0,877,0,40,3,1,2,1,10,19,7
3804784,0,877,0,40,3,1,2,1,11,47,7
3821362,0,877,0,40,3,4,2,1,23,78,7
3829010,0,877,0,40,3,2,2,1,13,31,7
3822087,0,877,0,40,3,5,2,1,22,19,7
3813909,0,877,0,40,3,6,2,1,26,44,7
3808417,0,877,0,40,3,5,2,1,72,30,7
3822843,0,877,0,40,3,3,2,1,26,27,7
3830550,0,877,0,40,3,2,2,1,12,42,7
3808953,0,877,0,40,2,5,2,1,21,52,7
3826740,0,877,0,40,2,2,2,1,22,32,7
3831882,0,877,0,40,3,2,2,1,11,52,7
3831603,0,877,0,40,3,1,2,1,9,21,7
3833066,0,877,0,40,2,1,2,1,9,59,7
3833568,0,877,0,40,2,1,2,1,9,47,7
3751915,1,877,554,40,3,14,2,1,80,44,7
3819157,0,877,0,40,3,5,2,1,17,62,7
3828937,0,877,0,40,2,2,2,1,10,22,7
3812883,0,877,0,40,2,5,2,1,44,27,7
3813269,0,877,0,40,3,8,2,1,36,32,7
3804621,0,877,0,40,2,4,2,1,22,37,7
3805113,0,877,0,40,2,5,2,1,41,57,7
3826469,0,877,0,40,2,4,2,1,17,57,7
3830951,0,877,0,40,2,2,2,1,10,31,7
3801904,0,877,0,40,2,2,2,1,17,50,7
3832893,0,877,0,40,3,1,2,1,8,23,7
3833040,0,877,0,40,3,1,2,1,8,37,7
3833280,0,877,0,40,2,1,2,1,8,47,7
3834003,0,877,0,40,2,1,2,1,8,48,7
3834119,0,877,0,40,2,1,2,1,8,55,7
3834229,0,877,0,40,3,1,2,1,8,48,7
3807490,0,877,0,40,3,3,2,1,20,43,7
3824858,0,877,0,40,3,3,2,1,12,23,7
3810753,0,877,0,40,2,7,2,1,47,19,7
3828450,0,877,0,40,3,2,2,1,13,45,7
3810920,0,877,0,40,3,6,2,1,51,33,7
3814937,0,877,0,40,3,6,2,1,33,15,7
3817275,0,877,0,40,3,6,2,1,23,73,7
3831638,0,877,0,40,3,2,2,1,8,22,7
3803027,0,877,0,40,2,4,2,1,22,57,7
3818895,0,877,0,40,2,5,2,1,28,37,7
3819538,0,877,0,40,2,6,2,1,19,64,7
3821637,0,877,0,40,2,4,2,1,16,58,7
3823209,0,877,0,40,2,3,2,1,26,42,7
3810093,0,877,0,40,3,6,2,1,55,31,7
3831492,0,877,0,40,3,2,2,1,10,59,7
3831897,0,877,0,40,3,2,2,1,9,61,7
3818561,0,877,0,40,2,5,2,1,21,45,7
3808013,0,877,0,40,2,5,2,1,54,67,7
3830457,0,877,0,40,3,2,2,1,14,44,7
3822222,0,877,0,40,3,3,2,1,25,57,7
3817848,0,877,0,40,2,4,2,1,37,42,7
3809518,0,877,0,40,3,7,2,1,55,40,7
3833431,0,877,0,40,3,1,2,1,7,48,7
3833863,0,877,0,40,2,1,2,1,7,28,7
3834438,0,877,0,40,3,1,2,1,7,12,7
3834746,0,877,0,40,2,1,2,1,7,34,7
3834824,0,877,0,40,3,1,2,1,7,36,7
3818850,0,877,0,40,3,3,2,1,27,36,7
3816036,0,877,0,40,2,5,2,1,29,61,7
3803298,0,877,0,40,2,6,2,1,42,41,7
3805639,0,877,0,40,3,3,2,1,15,36,7
3818424,0,877,0,40,2,5,2,1,28,19,7
3830826,0,877,0,40,2,2,2,1,9,68,7
3807720,0,877,0,40,2,3,2,1,17,23,7
3830338,0,877,0,40,2,2,2,1,10,40,7
3831822,0,877,0,40,3,2,2,1,8,61,7
3805051,0,877,0,40,2,5,2,1,62,47,7
3818003,0,877,0,40,2,4,2,1,29,33,7
3808162,0,877,0,40,2,8,2,1,55,22,7
3826417,0,877,0,40,2,3,2,1,13,41,7
3782836,0,877,0,40,3,9,2,1,63,69,7
3804707,0,877,0,40,3,2,2,1,14,29,7
3830518,0,877,0,40,3,2,2,1,12,36,7
3815798,0,877,0,40,3,9,2,1,23,18,7
3804091,0,877,0,40,3,6,2,1,52,60,7
3796913,0,877,0,40,3,7,2,1,50,71,7
3812264,1,877,871,34.2925,2,7,2,1,44,84,7
3803907,0,877,0,40,2,8,2,1,46,25,7
3830612,0,877,0,40,3,2,2,1,13,43,7
3831146,0,877,0,40,2,2,2,1,9,44,7
3806664,0,877,0,40,2,5,2,1,29,83,7
3805070,0,877,0,40,3,5,2,1,38,23,7
3805233,0,877,0,40,3,5,2,1,42,38,7
3833212,0,877,0,40,2,1,2,1,6,69,7
3834571,0,877,0,40,3,1,2,1,6,21,7
3834751,0,877,0,40,2,1,2,1,6,28,7
3834916,0,877,0,40,2,1,2,1,6,30,7
3835138,0,877,0,40,3,1,2,1,6,53,7
3835158,0,877,0,40,3,1,2,1,6,58,7
3835230,0,877,0,40,2,1,2,1,6,51,7
3804704,0,877,0,40,2,7,2,1,32,26,7
3810944,0,877,0,40,3,6,2,1,37,30,7
3823038,0,877,0,40,2,4,2,1,15,34,7
3804129,0,877,0,40,3,4,2,1,24,39,7
3827117,0,877,0,40,2,2,2,1,15,37,7
3826047,0,877,0,40,3,3,2,1,13,50,7
3819830,0,877,0,40,2,4,2,1,18,30,7
3827920,0,877,0,40,2,2,2,1,9,50,7
3828641,0,877,0,40,2,2,2,1,11,93,7
3812468,0,877,0,40,3,8,2,1,34,82,7
3814593,0,877,0,40,2,6,2,1,26,30,7
3815865,0,877,0,40,2,5,2,1,34,57,7
3804625,0,877,0,40,2,5,2,1,24,54,7
3823096,0,877,0,40,3,3,2,1,19,49,7
3821010,0,877,0,40,3,5,2,1,22,50,7
3799447,0,877,0,40,3,7,2,1,45,97,7
3752239,0,877,0,40,3,16,2,1,87,88,7
3811887,0,877,0,40,2,8,2,1,33,39,7
3813742,0,877,0,40,3,7,2,1,28,41,7
3828788,0,877,0,40,3,3,2,1,14,34,7
3820889,0,877,0,40,2,4,2,1,27,31,7
3822012,0,877,0,40,3,4,2,1,18,16,7
3807443,0,877,0,40,3,8,2,1,22,80,7
3832532,0,877,0,40,3,2,2,1,8,37,7
3818600,0,877,0,40,2,6,2,1,24,60,7
3809982,0,877,0,40,2,8,2,1,43,43,7
3823546,0,877,0,40,2,4,2,1,21,62,7
3812098,0,877,0,40,2,9,2,1,31,56,7
3809460,0,877,0,40,2,9,2,1,45,68,7
3832772,0,877,0,40,3,2,2,1,9,49,7
3801040,0,877,0,40,2,6,2,1,30,56,7
3817052,0,877,0,40,2,5,2,1,30,50,7
3829210,0,877,0,40,3,3,2,1,10,52,7
3825897,0,877,0,40,2,4,2,1,16,43,7
3814103,0,877,0,40,2,6,2,1,44,46,7
3803124,0,877,0,40,3,5,2,1,25,15,7
3814056,0,877,0,40,2,7,2,1,37,34,7
3834402,0,877,0,40,3,1,2,1,5,61,7
3834661,0,877,0,40,2,1,2,1,5,37,7
3835299,0,877,0,40,2,1,2,1,5,59,7
3835470,0,877,0,40,2,1,2,1,5,36,7
3835530,0,877,0,40,2,1,2,1,5,25,7
3835824,0,877,0,40,3,1,2,1,5,44,7
3813986,0,877,0,40,2,3,2,1,50,21,7
3812235,0,877,0,40,3,4,2,1,57,37,7
3806597,0,877,0,40,2,2,2,1,39,38,7
3806321,0,877,0,40,3,2,2,1,37,37,7
3811333,0,877,0,40,3,7,2,1,52,18,7
3823491,0,877,0,40,2,2,2,1,31,52,7
3826508,0,877,0,40,2,1,2,1,25,26,7
3809549,0,877,0,40,3,5,2,1,58,94,7
3816429,0,877,0,40,3,4,2,1,37,63,7
3826962,0,877,0,40,2,1,2,1,22,43,7
3804005,0,877,0,40,3,4,2,1,44,107,7
3819380,0,877,0,40,2,3,2,1,33,67,7
3803899,0,877,0,40,3,3,2,1,37,59,7
3819312,0,877,0,40,3,5,2,1,33,38,7
3810980,0,877,0,40,3,6,2,1,39,33,7
3827669,0,877,0,40,3,2,2,1,21,62,7
3824421,0,877,0,40,2,2,2,1,20,22,7
3809510,0,877,0,40,3,5,2,1,59,37,7
3814605,0,877,0,40,2,5,2,1,41,41,7
3808260,0,877,0,40,2,7,2,1,57,24,7
3820269,0,877,0,40,3,4,2,1,26,93,7
3822096,0,877,0,40,3,3,2,1,25,33,7
3829540,0,877,0,40,2,1,2,1,18,77,7
3803097,0,877,0,40,3,6,2,1,42,44,7
3821462,0,877,0,40,2,2,2,1,33,22,7
3814577,0,877,0,40,3,6,2,1,43,53,7
3815583,0,877,0,40,3,5,2,1,36,42,7
3812715,0,877,0,40,2,7,2,1,48,22,7
3804456,0,877,0,40,2,4,2,1,31,24,7
3811426,0,877,0,40,3,6,2,1,45,16,7
3802985,0,877,0,40,3,4,2,1,30,67,7
3806211,0,877,0,40,3,5,2,1,33,48,7
3829480,0,877,0,40,2,1,2,1,16,27,7
3830570,0,877,0,40,3,1,2,1,16,24,7
3802534,0,877,0,40,2,2,2,1,27,65,7
3822995,0,877,0,40,2,2,2,1,26,34,7
3827990,0,877,0,40,2,2,2,1,19,39,7
3829183,0,877,0,40,3,2,2,1,19,67,7
3831013,0,877,0,40,3,1,2,1,15,26,7
3810973,0,877,0,40,3,5,2,1,44,33,7
3810016,0,877,0,40,2,9,2,1,38,46,7
3827821,0,877,0,40,2,2,2,1,18,48,7
3825087,1,877,859,40,2,3,2,1,18,36,7
3831420,0,877,0,40,3,1,2,1,14,47,7
3817107,0,877,0,40,3,3,2,1,39,51,7
3802867,0,877,0,40,3,4,2,1,45,31,7
3808998,0,877,0,40,3,7,2,1,52,20,7
3824112,0,877,0,40,2,4,2,1,23,84,7
3822020,0,877,0,40,3,4,2,1,28,40,7
3832005,0,877,0,40,3,1,2,1,13,63,7
3832387,0,877,0,40,2,1,2,1,13,33,7
3827012,0,877,0,40,2,2,2,1,17,52,7
3829467,0,877,0,40,3,2,2,1,13,63,7
3820939,0,877,0,40,2,4,2,1,29,42,7
3802983,0,877,0,40,3,7,2,1,46,15,7
3804318,0,877,0,40,2,5,2,1,55,47,7
3800668,0,877,0,40,3,3,2,1,19,58,7
3829910,0,877,0,40,3,2,2,1,14,34,7
3814181,0,877,0,40,3,5,2,1,37,47,7
3819243,0,877,0,40,3,6,2,1,22,27,7
3824375,0,877,0,40,2,3,2,1,27,21,7
3831727,0,877,0,40,2,1,2,1,12,58,7
3832484,0,877,0,40,2,1,2,1,12,47,7
3832732,0,877,0,40,3,1,2,1,12,42,7
3807887,0,877,0,40,3,4,2,1,26,37,7
3803772,0,877,0,40,3,8,2,1,41,19,7
3820927,0,877,0,40,3,4,2,1,24,33,7
3823601,0,877,0,40,3,2,2,1,25,42,7
3828787,0,877,0,40,3,2,2,1,15,4,7
3813673,0,877,0,40,2,7,2,1,33,71,7
3829659,0,877,0,40,3,2,2,1,13,36,7
3824178,0,877,0,40,2,4,2,1,24,31,7
3826474,0,877,0,40,3,3,2,1,23,29,7
3819021,0,877,0,40,3,7,2,1,25,31,7
3832671,0,877,0,40,2,1,2,1,11,27,7
3833139,0,877,0,40,2,1,2,1,11,30,7
3828115,0,877,0,40,2,2,2,1,16,34,7
3814799,0,877,0,40,2,6,2,1,39,62,7
3815441,0,877,0,40,3,5,2,1,33,99,7
3819649,0,877,0,40,2,4,2,1,29,23,7
3803755,0,877,0,40,2,4,2,1,38,34,7
3823442,0,877,0,40,2,4,2,1,23,71,7
3826036,0,877,0,40,2,4,2,1,14,31,7
3831442,0,877,0,40,3,1,2,1,10,23,7
3832833,0,877,0,40,2,1,2,1,10,50,7
3833146,0,877,0,40,2,1,2,1,10,38,7
3833366,0,877,0,40,3,1,2,1,10,39,7
3833706,0,877,0,40,3,1,2,1,10,26,7
3785414,0,877,0,40,2,8,2,1,53,69,7
3819403,0,877,0,40,2,3,2,1,28,33,7
3823564,0,877,0,40,2,4,2,1,18,56,7
3805499,0,877,0,40,2,6,2,1,40,54,7
3808776,0,877,0,40,3,5,2,1,19,19,7
3810320,0,877,0,40,3,9,2,1,49,75,7
3827438,0,877,0,40,2,3,2,1,13,41,7
3820034,0,877,0,40,3,4,2,1,27,47,7
3830857,0,877,0,40,2,2,2,1,11,61,7
3827392,0,877,0,40,2,2,2,1,20,27,7
3831141,0,877,0,40,3,2,2,1,12,44,7
3821738,0,877,0,40,3,4,2,1,23,37,7
3806036,0,877,0,40,3,3,2,1,33,39,7
3832877,0,877,0,40,2,1,2,1,9,36,7
3833433,0,877,0,40,3,1,2,1,9,37,7
3833805,0,877,0,40,2,1,2,1,9,26,7
3833865,0,877,0,40,2,1,2,1,9,55,7
3774301,0,877,0,40,2,9,2,1,74,67,7
3820648,0,877,0,40,2,4,2,1,26,33,7
3818312,0,877,0,40,2,4,2,1,35,18,7
3808132,0,877,0,40,2,8,2,1,51,66,7
3820607,0,877,0,40,3,4,2,1,24,45,7
3826949,0,877,0,40,3,3,2,1,17,46,7
3831083,0,877,0,40,2,2,2,1,11,15,7
3815052,0,877,0,40,2,6,2,1,31,51,7
3810262,0,877,0,40,3,4,2,1,65,26,7
3820537,0,877,0,40,2,5,2,1,20,49,7
3825764,0,877,0,40,2,4,2,1,14,95,7
3814622,0,877,0,40,3,7,2,1,35,50,7
3810069,0,877,0,40,2,8,2,1,56,91,7
3823301,0,877,0,40,3,4,2,1,17,37,7
3827645,0,877,0,40,2,3,2,1,17,53,7
3805761,0,877,0,40,2,2,2,1,20,50,7
3833631,0,877,0,40,3,1,2,1,8,62,7
3833992,0,877,0,40,2,1,2,1,8,55,7
3834838,0,877,0,40,2,1,2,1,8,23,7
3818900,0,877,0,40,3,4,2,1,21,56,7
3819782,0,877,0,40,3,2,2,1,33,64,7
3807960,0,877,0,40,3,5,2,1,20,52,7
3828832,0,877,0,40,3,2,2,1,12,27,7
3803363,0,877,0,40,3,7,2,1,43,45,7
3805530,0,877,0,40,3,4,2,1,25,13,7
3829149,0,877,0,40,3,2,2,1,14,33,7
3829232,0,877,0,40,3,2,2,1,12,27,7
3809219,0,877,0,40,3,7,2,1,59,28,7
3817607,0,877,0,40,2,5,2,1,32,43,7
3811243,0,877,0,40,2,7,2,1,47,46,7
3827388,0,877,0,40,3,3,2,1,16,66,7
3802972,0,877,0,40,2,5,2,1,20,51,7
3828311,0,877,0,40,2,3,2,1,17,58,7
3831094,0,877,0,40,2,2,2,1,10,21,7
3822669,0,877,0,40,3,3,2,1,25,47,7
3830186,0,877,0,40,2,2,2,1,14,42,7
3820849,0,877,0,40,2,6,2,1,22,92,7
3807810,0,877,0,40,2,2,2,1,20,24,7
3831341,0,877,0,40,3,3,2,1,12,82,7
3834879,0,877,0,40,2,1,2,1,7,34,7
3835244,0,877,0,40,3,1,2,1,7,89,7
3804384,0,877,0,40,2,4,2,1,21,33,7
3816515,0,877,0,40,3,4,2,1,26,27,7
3822169,0,877,0,40,2,3,2,1,19,44,7
3830858,0,877,0,40,2,2,2,1,9,30,7
3818321,0,877,0,40,2,4,2,1,26,77,7
3822274,0,877,0,40,3,4,2,1,25,34,7
3823922,0,877,0,40,2,2,2,1,26,19,7
3825259,0,877,0,40,3,2,2,1,23,37,7
3813120,0,877,0,40,2,7,2,1,35,27,7
3794851,0,877,0,40,3,11,2,1,61,26,7
3815700,0,877,0,40,3,7,2,1,30,55,7
3820601,0,877,0,40,2,4,2,1,22,49,7
3820046,0,877,0,40,2,4,2,1,27,22,7
3827688,0,877,0,40,3,4,2,1,13,26,7
3828246,0,877,0,40,3,3,2,1,12,19,7
3813607,0,877,0,40,2,5,2,1,42,53,7
3806248,0,877,0,40,2,3,2,1,30,20,7
3817427,0,877,0,40,3,3,2,1,40,49,7
3820724,0,877,0,40,2,5,2,1,20,38,7
3809244,0,877,0,40,3,9,2,1,50,76,7
3834062,0,877,0,40,3,2,2,1,7,52,7
3833451,0,877,0,40,3,1,2,1,6,20,7
3834501,0,877,0,40,2,1,2,1,6,35,7
3835007,0,877,0,40,3,1,2,1,6,36,7
3835151,0,877,0,40,3,1,2,1,6,36,7
3835307,0,877,0,40,3,1,2,1,6,35,7
3835438,0,877,0,40,2,1,2,1,6,35,7
3835504,0,877,0,40,3,1,2,1,6,60,7
3835528,0,877,0,40,2,1,2,1,6,25,7
3835584,0,877,0,40,3,1,2,1,6,46,7
3835654,0,877,0,40,3,1,2,1,6,63,7
3835722,0,877,0,40,2,1,2,1,6,42,7
3835782,0,877,0,40,2,1,2,1,6,48,7
3835952,0,877,0,40,3,1,2,1,6,51,7
3808053,0,877,0,40,3,1,2,1,14,41,7
3811996,0,877,0,40,3,8,2,1,32,21,7
3805971,0,877,0,40,2,3,2,1,26,23,7
3822875,0,877,0,40,3,4,2,1,15,72,7
3829228,0,877,0,40,2,2,2,1,7,88,7
3818741,0,877,0,40,3,4,2,1,33,57,7
3812703,0,877,0,40,2,5,2,1,43,41,7
3815548,0,877,0,40,2,6,2,1,28,66,7
3809009,0,877,0,40,2,8,2,1,48,39,7
3811308,0,877,0,40,3,7,2,1,43,32,7
3803653,0,877,0,40,2,4,2,1,25,35,7
3797822,0,877,0,40,3,8,2,1,56,28,7
3800645,0,877,0,40,3,8,2,1,39,38,7
3832274,0,877,0,40,2,2,2,1,7,35,7
3807353,0,877,0,40,3,4,2,1,41,45,7
3804565,0,877,0,40,2,4,2,1,30,37,7
3831708,0,877,0,40,3,3,2,1,7,27,7
3818431,0,877,0,40,3,5,2,1,30,48,7
3831245,0,877,0,40,3,2,2,1,12,42,7
3822173,0,877,0,40,2,5,2,1,17,35,7
3802692,0,877,0,40,3,6,2,1,32,16,7
3821076,0,877,0,40,2,6,2,1,18,18,7
3834067,0,877,0,40,2,2,2,1,6,58,7
3823462,0,877,0,40,2,4,2,1,23,46,7
3818273,0,877,0,40,3,4,2,1,39,35,7
3800373,0,877,0,40,2,5,2,1,40,59,7
3819104,0,877,0,40,3,6,2,1,27,32,7
3825671,0,877,0,40,3,4,2,1,12,25,7
3735113,0,877,0,40,3,17,2,1,96,35,7
3830490,0,877,0,40,2,3,2,1,12,50,7
3826936,0,877,0,40,2,4,2,1,18,80,7
3834553,0,877,0,40,2,1,2,1,5,90,7
3835649,0,877,0,40,2,1,2,1,5,88,7
3835913,0,877,0,40,2,1,2,1,5,44,7
3835945,0,877,0,40,2,1,2,1,5,32,7
3836150,0,877,0,40,3,1,2,1,5,45,7
3836418,0,877,0,40,2,1,2,1,5,21,7
3819050,0,877,0,40,2,1,2,1,43,27,7
3823072,0,877,0,40,3,2,2,1,30,62,7
3820493,0,877,0,40,3,3,2,1,33,25,7
3815179,0,877,0,40,2,5,2,1,43,45,7
3825758,0,877,0,40,3,2,2,1,25,20,7
3827725,0,877,0,40,2,1,2,1,23,58,7
3828189,0,877,0,40,2,1,2,1,22,76,7
3815983,0,877,0,40,3,4,2,1,34,37,7
3820661,0,877,0,40,2,3,2,1,34,29,7
3828984,0,877,0,40,2,1,2,1,21,18,7
3805818,0,877,0,40,2,3,2,1,34,55,7
3827185,0,877,0,40,2,2,2,1,21,71,7
3829435,0,877,0,40,2,1,2,1,20,48,7
3817130,0,877,0,40,2,4,2,1,35,19,7
3825522,0,877,0,40,2,3,2,1,22,45,7
3821848,0,877,0,40,3,2,2,1,33,56,7
3824098,0,877,0,40,3,3,2,1,24,88,7
3820503,0,877,0,40,3,3,2,1,35,25,7
3827548,0,877,0,40,3,2,2,1,22,18,7
3829887,0,877,0,40,2,1,2,1,18,86,7
3819746,0,877,0,40,2,4,2,1,32,35,7
3817930,0,877,0,40,3,3,2,1,39,59,7
3814804,0,877,0,40,3,6,2,1,34,22,7
3816539,0,877,0,40,3,5,2,1,35,35,7
3804758,0,877,0,40,2,3,2,1,31,61,7
3803322,0,877,0,40,3,9,2,1,37,29,7
3827372,0,877,0,40,2,3,2,1,21,20,7
3827977,0,877,0,40,3,3,2,1,20,21,7
3830685,0,877,0,40,2,1,2,1,16,38,7
3831113,0,877,0,40,3,1,2,1,16,62,7
3785208,0,877,0,40,3,11,2,1,72,14,7
3808209,0,877,0,40,3,6,2,1,67,27,7
3831376,0,877,0,40,3,1,2,1,15,43,7
3806583,0,877,0,40,2,5,2,1,34,38,7
3807101,0,877,0,40,3,3,2,1,29,39,7
3810644,0,877,0,40,2,11,2,1,36,65,7
3832369,0,877,0,40,3,1,2,1,14,65,7
3826700,0,877,0,40,3,2,2,1,14,29,7
3799590,0,877,0,40,3,6,2,1,35,42,7
3824888,0,877,0,40,3,2,2,1,25,48,7
3807983,0,877,0,40,3,6,2,1,32,41,7
3832174,0,877,0,40,3,1,2,1,13,102,7
3820796,0,877,0,40,2,4,2,1,25,51,7
3825067,0,877,0,40,3,2,2,1,23,56,7
3828792,0,877,0,40,2,2,2,1,15,43,7
3809978,0,877,0,40,3,6,2,1,56,36,7
3830247,0,877,0,40,3,2,2,1,14,63,7
3821015,0,877,0,40,3,4,2,1,27,21,7
3829744,0,877,0,40,3,2,2,1,16,45,7
3825547,0,877,0,40,2,2,2,1,24,70,7
3821536,0,877,0,40,3,4,2,1,29,52,7
3832039,0,877,0,40,2,2,2,1,13,64,7
3831675,0,877,0,40,3,1,2,1,12,87,7
3832408,0,877,0,40,3,1,2,1,12,16,7
3819930,0,877,0,40,3,3,2,1,26,30,7
3815430,0,877,0,40,2,5,2,1,35,36,7
3824484,0,877,0,40,2,3,2,1,19,34,7
3828717,0,877,0,40,2,2,2,1,12,17,7
3808939,0,877,0,40,2,3,2,1,33,27,7
3822514,0,877,0,40,3,4,2,1,23,31,7
3789580,0,877,0,40,2,8,2,1,51,65,7
3821008,0,877,0,40,2,5,2,1,26,118,7
3814982,0,877,0,40,2,6,2,1,39,42,7
3821666,0,877,0,40,2,4,2,1,30,79,7
3832769,0,877,0,40,2,1,2,1,11,133,7
3833242,0,877,0,40,2,1,2,1,11,34,7
3833880,0,877,0,40,3,1,2,1,11,17,7
3803953,0,877,0,40,3,5,2,1,35,70,7
3803096,0,877,0,40,3,5,2,1,53,55,7
3802550,0,877,0,40,3,5,2,1,28,44,7
3804119,0,877,0,40,2,2,2,1,22,110,7
3817080,0,877,0,40,2,6,2,1,30,43,7
3818750,0,877,0,40,3,4,2,1,25,39,7
3817216,0,877,0,40,3,6,2,1,24,53,7
3833629,0,877,0,40,3,1,2,1,10,93,7
3833949,0,877,0,40,3,1,2,1,10,73,7
3834071,0,877,0,40,3,1,2,1,10,38,7
3834183,0,877,0,40,2,1,2,1,10,33,7
3834383,0,877,0,40,3,1,2,1,10,24,7
3822152,0,877,0,40,2,3,2,1,20,36,7
3821804,0,877,0,40,2,4,2,1,14,28,7
3826105,0,877,0,40,3,3,2,1,17,53,7
3824469,0,877,0,40,2,4,2,1,19,68,7
3830756,0,877,0,40,3,2,2,1,12,74,7
3798218,0,877,0,40,3,9,2,1,45,77,7
3813422,0,877,0,40,3,5,2,1,41,61,7
3818896,0,877,0,40,2,7,2,1,24,63,7
3823741,0,877,0,40,2,3,2,1,28,34,7
3831923,0,877,0,40,3,1,2,1,9,69,7
3821874,0,877,0,40,3,4,2,1,14,72,7
3825716,0,877,0,40,2,3,2,1,14,72,7
3816877,0,877,0,40,3,3,2,1,40,9,7
3826636,0,877,0,40,3,4,2,1,16,7,7
3831580,0,877,0,40,2,2,2,1,10,28,7
3830388,0,877,0,40,3,2,2,1,11,42,7
3826590,0,877,0,40,3,4,2,1,14,42,7
3817961,0,877,0,40,2,7,2,1,28,20,7
3808912,0,877,0,40,3,7,2,1,61,48,7
3811904,0,877,0,40,2,6,2,1,40,68,7
3832665,0,877,0,40,2,2,2,1,9,28,7
3833699,0,877,0,40,2,1,2,1,8,17,7
3834535,0,877,0,40,2,1,2,1,8,18,7
3834958,0,877,0,40,2,1,2,1,8,23,7
3835270,0,877,0,40,2,1,2,1,8,45,7
3807761,0,877,0,40,3,1,2,1,8,19,7
3815478,0,877,0,40,3,5,2,1,28,40,7
3813890,0,877,0,40,3,5,2,1,37,68,7
3802788,0,877,0,40,3,5,2,1,40,58,7
3756554,1,877,555,40,3,20,2,1,85,41,7
3829268,0,877,0,40,3,2,2,1,11,65,7
3808955,0,877,0,40,2,3,2,1,22,43,7
3801252,0,877,0,40,3,3,2,1,37,34,7
3809657,0,877,0,40,3,7,2,1,54,62,7
3826472,0,877,0,40,3,3,2,1,17,55,7
3824730,0,877,0,40,3,3,2,1,20,61,7
3825729,0,877,0,40,3,3,2,1,17,14,7
3818779,0,877,0,40,2,5,2,1,28,51,7
3830808,0,877,0,40,2,2,2,1,14,32,7
3804514,0,877,0,40,3,5,2,1,27,70,7
3828886,0,877,0,40,3,3,2,1,16,43,7
3832670,0,877,0,40,2,2,2,1,10,35,7
3804332,0,877,0,40,2,3,2,1,25,35,7
3802816,0,877,0,40,2,3,2,1,16,41,7
3834322,0,877,0,40,3,1,2,1,7,57,7
3835345,0,877,0,40,2,1,2,1,7,38,7
3835429,0,877,0,40,3,1,2,1,7,21,7
3835538,0,877,0,40,3,1,2,1,7,19,7
3835658,0,877,0,40,3,1,2,1,7,44,7
3822551,0,877,0,40,2,4,2,1,19,43,7
3823523,0,877,0,40,3,3,2,1,20,35,7
3814126,0,877,0,40,3,8,2,1,27,56,7
3818711,0,877,0,40,2,5,2,1,27,27,7
3807847,0,877,0,40,2,9,2,1,54,21,7
3825735,0,877,0,40,2,4,2,1,13,41,7
3827871,0,877,0,40,2,2,2,1,18,37,7
3791111,0,877,0,40,2,9,2,1,45,41,7
3830127,0,877,0,40,3,2,2,1,14,13,7
3817226,0,877,0,40,3,7,2,1,28,8,7
3805216,0,877,0,40,2,3,2,1,19,35,7
3829533,0,877,0,40,3,2,2,1,14,37,7
3801142,0,877,0,40,2,5,2,1,36,26,7
3819098,0,877,0,40,3,7,2,1,20,41,7
3808719,0,877,0,40,2,3,2,1,22,27,7
3834251,0,877,0,40,2,2,2,1,7,46,7
3822902,0,877,0,40,3,4,2,1,22,42,7
3831609,0,877,0,40,3,2,2,1,12,66,7
3822295,0,877,0,40,2,4,2,1,23,63,7
3827491,0,877,0,40,2,3,2,1,16,35,7
3806826,0,877,0,40,2,5,2,1,22,33,7
3817407,0,877,0,40,2,4,2,1,43,74,7
3817101,0,877,0,40,3,6,2,1,27,42,7
3807325,0,877,0,40,2,11,2,1,65,48,7
3832537,0,877,0,40,2,2,2,1,11,62,7
3832885,0,877,0,40,3,1,2,1,6,63,7
3835597,0,877,0,40,2,1,2,1,6,72,7
3836282,0,877,0,40,2,1,2,1,6,62,7
3836404,0,877,0,40,3,1,2,1,6,44,7
3829991,0,877,0,40,3,2,2,1,9,48,7
3809407,0,877,0,40,2,8,2,1,38,59,7
3818323,0,877,0,40,3,5,2,1,32,55,7
3823052,0,877,0,40,2,4,2,1,19,83,7
3825916,0,877,0,40,3,3,2,1,16,26,7
3828006,0,877,0,40,2,3,2,1,13,22,7
3827917,0,877,0,40,2,2,2,1,18,48,7
3806876,0,877,0,40,2,5,2,1,24,46,7
3830346,0,877,0,40,2,2,2,1,12,29,7
3824597,0,877,0,40,2,6,2,1,16,61,7
3816776,0,877,0,40,3,4,2,1,40,60,7
3812091,0,877,0,40,2,5,2,1,54,67,7
3830967,0,877,0,40,2,2,2,1,12,34,7
3804317,0,877,0,40,3,8,2,1,50,80,7
3817003,0,877,0,40,2,5,2,1,24,73,7
3801959,0,877,0,40,3,7,2,1,38,34,7
3801540,0,877,0,40,3,4,2,1,25,27,7
3800791,0,877,0,40,3,4,2,1,28,64,7
3792504,0,877,0,40,2,11,2,1,54,95,7
3805498,0,877,0,40,2,5,2,1,40,40,7
3815215,0,877,0,40,2,4,2,1,36,33,7
3806511,0,877,0,40,2,5,2,1,27,26,7
3830032,0,877,0,40,2,3,2,1,9,32,7
3827975,0,877,0,40,3,3,2,1,13,50,7
3827439,0,877,0,40,2,3,2,1,12,23,7
3830648,0,877,0,40,3,3,2,1,14,26,7
3819723,0,877,0,40,3,6,2,1,25,28,7
3834192,0,877,0,40,2,2,2,1,7,48,7
3829215,0,877,0,40,3,4,2,1,10,46,7
3827714,0,877,0,40,2,4,2,1,13,40,7
3825504,0,877,0,40,3,5,2,1,16,77,7
3828196,0,877,0,40,3,4,2,1,11,63,7
3836131,0,877,0,40,2,1,2,1,5,49,7
3836259,0,877,0,40,2,1,2,1,5,15,7
3836287,0,877,0,40,3,1,2,1,5,39,7
3836499,0,877,0,40,2,1,2,1,5,73,7
3836565,0,877,0,40,3,1,2,1,5,41,7
3836807,0,877,0,40,2,1,2,1,5,45,7
3836991,0,877,0,40,2,1,2,1,5,30,7
3808094,0,877,0,40,2,1,2,1,9,35,7
3805723,0,877,0,40,3,2,2,1,40,88,7
3814408,0,877,0,40,2,3,2,1,49,55,7
3809254,0,877,0,40,3,5,2,1,63,51,7
3826137,0,877,0,40,2,2,2,1,26,77,7
3811791,0,877,0,40,2,4,2,1,56,27,7
3822086,0,877,0,40,3,3,2,1,30,49,7
3826151,0,877,0,40,2,2,2,1,24,36,7
3830437,0,877,0,40,2,1,2,1,19,32,7
3810111,0,877,0,40,3,7,2,1,55,26,7
3821199,0,877,0,40,3,4,2,1,28,40,7
3823960,0,877,0,40,3,3,2,1,29,69,7
3830797,0,877,0,40,2,1,2,1,17,15,7
3814581,0,877,0,40,2,5,2,1,33,35,7
3809836,0,877,0,40,2,7,2,1,37,36,7
3805561,0,877,0,40,3,3,2,1,43,26,7
3832378,0,877,0,40,2,1,2,1,14,97,7
3829051,0,877,0,40,2,2,2,1,14,35,7
3822747,0,877,0,40,3,4,2,1,21,31,7
3799217,0,877,0,40,2,5,2,1,33,21,7
3807830,0,877,0,40,2,6,2,1,26,50,7
3831915,0,877,0,40,3,1,2,1,13,52,7
3833293,0,877,0,40,3,1,2,1,13,27,7
3827382,0,877,0,40,3,2,2,1,20,92,7
3819639,0,877,0,40,2,3,2,1,31,27,7
3828202,0,877,0,40,2,2,2,1,18,38,7
3803531,0,877,0,40,2,5,2,1,30,68,7
3831365,0,877,0,40,2,2,2,1,16,36,7
3826661,0,877,0,40,2,2,2,1,17,53,7
3814458,0,877,0,40,2,6,2,1,36,34,7
3833264,0,877,0,40,2,1,2,1,11,89,7
3833947,0,877,0,40,3,1,2,1,11,40,7
3834283,0,877,0,40,3,1,2,1,11,67,7
3826209,0,877,0,40,3,2,2,1,22,40,7
3817704,0,877,0,40,3,4,2,1,36,57,7
3814980,0,877,0,40,2,5,2,1,35,26,7
3820591,0,877,0,40,3,4,2,1,31,67,7
3821868,0,877,0,40,2,3,2,1,26,60,7
3827112,0,877,0,40,2,3,2,1,19,26,7
3834422,0,877,0,40,3,1,2,1,10,57,7
3834488,0,877,0,40,3,1,2,1,10,33,7
3834700,0,877,0,40,3,1,2,1,10,23,7
3827855,0,877,0,40,3,3,2,1,14,11,7
3807330,0,877,0,40,3,7,2,1,39,32,7
3828970,0,877,0,40,2,2,2,1,18,37,7
3812477,0,877,0,40,3,6,2,1,41,30,7
3822396,0,877,0,40,2,4,2,1,25,67,7
3813571,0,877,0,40,3,5,2,1,53,82,7
3834102,0,877,0,40,2,1,2,1,9,26,7
3834647,0,877,0,40,3,1,2,1,9,17,7
3835418,0,877,0,40,2,1,2,1,9,38,7
3810123,0,877,0,40,3,5,2,1,57,63,7
3805003,0,877,0,40,3,2,2,1,13,29,7
3827464,0,877,0,40,2,3,2,1,15,24,7
3831717,0,877,0,40,3,2,2,1,11,11,7
3802096,0,877,0,40,3,4,2,1,27,50,7
3806285,0,877,0,40,3,11,2,1,62,61,7
3835103,0,877,0,40,3,1,2,1,8,41,7
3835434,0,877,0,40,3,1,2,1,8,66,7
3802967,0,877,0,40,2,7,2,1,46,21,7
3831602,0,877,0,40,2,2,2,1,9,38,7
3825528,0,877,0,40,3,4,2,1,17,37,7
3829488,0,877,0,40,3,2,2,1,11,24,7
3829018,0,877,0,40,2,4,2,1,12,37,7
3803728,0,877,0,40,2,6,2,1,28,61,7
3824417,0,877,0,40,3,3,2,1,23,19,7
3815849,0,877,0,40,3,7,2,1,25,25,7
3834245,0,877,0,40,2,2,2,1,9,61,7
3829810,0,877,0,40,2,3,2,1,18,17,7
3835065,0,877,0,40,3,1,2,1,7,33,7
3835621,0,877,0,40,2,1,2,1,7,39,7
3836390,0,877,0,40,3,1,2,1,7,48,7
3821132,0,877,0,40,3,4,2,1,27,45,7
3829479,0,877,0,40,2,3,2,1,10,59,7
3830268,0,877,0,40,2,2,2,1,7,36,7
3828350,0,877,0,40,2,3,2,1,9,36,7
3823869,0,877,0,40,2,4,2,1,19,36,7
3822541,0,877,0,40,2,5,2,1,26,41,7
3818614,0,877,0,40,2,6,2,1,28,9,7
3827305,0,877,0,40,2,2,2,1,23,32,7
3835853,0,877,0,40,2,2,2,1,7,33,7
3836015,0,877,0,40,2,1,2,1,6,30,7
3836679,0,877,0,40,3,1,2,1,6,34,7
3821484,0,877,0,40,3,3,2,1,25,37,7
3831151,0,877,0,40,2,2,2,1,11,59,7
3812276,0,877,0,40,2,7,2,1,36,21,7
3826211,0,877,0,40,3,2,2,1,24,48,7
3824985,0,877,0,40,3,4,2,1,21,27,7
3830692,0,877,0,40,3,2,2,1,14,22,7
3820720,0,877,0,40,3,5,2,1,16,30,7
3821581,0,877,0,40,2,6,2,1,19,42,7
3821650,0,877,0,40,3,4,2,1,31,36,7
3804613,0,877,0,40,3,6,2,1,27,15,7
3806382,0,877,0,40,3,3,2,1,19,26,7
3814183,0,877,0,40,2,6,2,1,43,37,7
3836692,0,877,0,40,2,1,2,1,5,49,7
3837210,0,877,0,40,2,1,2,1,5,65,7
3807897,0,877,0,40,3,1,2,1,29,19,7
3828001,0,877,0,40,3,1,2,1,25,81,7
3828140,0,877,0,40,2,1,2,1,23,66,7
3822477,0,877,0,40,3,2,2,1,32,70,7
3829862,0,877,0,40,3,1,2,1,21,55,7
3831390,0,877,0,40,2,1,2,1,16,57,7
3820026,0,877,0,40,3,5,2,1,30,12,7
3832560,0,877,0,40,2,1,2,1,15,47,7
3824234,0,877,0,40,3,3,2,1,21,11,7
3816175,0,877,0,40,2,7,2,1,34,59,7
3833023,0,877,0,40,3,1,2,1,14,17,7
3829497,0,877,0,40,3,2,2,1,14,48,7
3805956,0,877,0,40,3,8,2,1,40,20,7
3788641,0,877,0,40,3,6,2,1,56,57,7
3810435,0,877,0,40,2,8,2,1,47,30,7
3830489,0,877,0,40,3,2,2,1,17,35,7
3831072,0,877,0,40,3,2,2,1,12,40,7
3821365,0,877,0,40,2,5,2,1,26,69,7
3810899,0,877,0,40,3,8,2,1,37,35,7
3814863,0,877,0,40,3,7,2,1,36,34,7
3821757,0,877,0,40,3,4,2,1,24,85,7
3831170,0,877,0,40,2,2,2,1,12,38,7
3834891,0,877,0,40,3,2,2,1,8,38,7
3835791,0,877,0,40,2,1,2,1,6,34,7
3811757,0,877,0,40,2,6,2,1,43,47,7
3830192,0,877,0,40,3,2,2,1,13,31,7
3820596,0,877,0,40,2,5,2,1,26,45,7
3821226,0,877,0,40,3,5,2,1,28,26,7
3811673,0,877,0,40,2,6,2,1,46,37,7
3816718,0,877,0,40,2,4,2,1,39,18,7
3815924,0,877,0,40,2,6,2,1,31,33,7
3837606,0,877,0,40,3,1,2,1,5,21,7
3834965,0,877,0,40,3,0,2,1,4,37,7
3835221,0,877,0,40,3,0,2,1,4,25,7
3835399,0,877,0,40,2,0,2,1,4,33,7
3835527,0,877,0,40,2,0,2,1,4,96,7
3835591,0,877,0,40,2,0,2,1,4,24,7
3835655,0,877,0,40,2,0,2,1,4,23,7
3835719,0,877,0,40,3,0,2,1,4,27,7
3835783,0,877,0,40,3,0,2,1,4,28,7
3835847,0,877,0,40,2,0,2,1,4,35,7
3835911,0,877,0,40,2,0,2,1,4,71,7
3835975,0,877,0,40,2,0,2,1,4,25,7
3836009,0,877,0,40,2,0,2,1,4,33,7
3836041,0,877,0,40,2,0,2,1,4,78,7
3836073,0,877,0,40,2,0,2,1,4,25,7
3836145,0,877,0,40,3,0,2,1,4,32,7
3836209,0,877,0,40,3,0,2,1,4,64,7
3836241,0,877,0,40,2,0,2,1,4,47,7
3836281,0,877,0,40,2,0,2,1,4,72,7
3836313,0,877,0,40,2,0,2,1,4,30,7
3836345,0,877,0,40,2,0,2,1,4,62,7
3836377,0,877,0,40,2,0,2,1,4,24,7
3836409,0,877,0,40,2,0,2,1,4,32,7
3836441,0,877,0,40,2,0,2,1,4,27,7
3836473,0,877,0,40,3,0,2,1,4,22,7
3836530,0,877,0,40,2,0,2,1,4,68,7
3836562,0,877,0,40,3,0,2,1,4,31,7
3836578,0,877,0,40,3,0,2,1,4,23,7
3836594,0,877,0,40,3,0,2,1,4,102,7
3836610,0,877,0,40,3,0,2,1,4,79,7
3836626,0,877,0,40,2,0,2,1,4,39,7
3836642,0,877,0,40,3,0,2,1,4,16,7
3836706,0,877,0,40,3,0,2,1,4,41,7
3836722,0,877,0,40,3,0,2,1,4,31,7
3836738,0,877,0,40,3,0,2,1,4,10,7
3836754,0,877,0,40,3,0,2,1,4,48,7
3836770,0,877,0,40,2,0,2,1,4,32,7
3836802,0,877,0,40,3,0,2,1,4,31,7
3836818,0,877,0,40,3,0,2,1,4,36,7
3836834,0,877,0,40,3,0,2,1,4,57,7
3836850,0,877,0,40,2,0,2,1,4,47,7
3836882,0,877,0,40,2,0,2,1,4,51,7
3836930,0,877,0,40,2,0,2,1,4,64,7
3836946,0,877,0,40,2,0,2,1,4,34,7
3836962,0,877,0,40,3,0,2,1,4,40,7
3837010,0,877,0,40,3,0,2,1,4,17,7
3837019,0,877,0,40,2,0,2,1,4,60,7
3837035,0,877,0,40,3,0,2,1,4,48,7
3837043,0,877,0,40,2,0,2,1,4,50,7
3837051,0,877,0,40,2,0,2,1,4,42,7
3837067,0,877,0,40,2,0,2,1,4,73,7
3837075,0,877,0,40,3,0,2,1,4,83,7
3837083,0,877,0,40,3,0,2,1,4,53,7
3837091,0,877,0,40,3,0,2,1,4,17,7
3837099,0,877,0,40,2,0,2,1,4,37,7
3837115,0,877,0,40,2,0,2,1,4,46,7
3837123,0,877,0,40,3,0,2,1,4,40,7
3837131,0,877,0,40,3,0,2,1,4,51,7
3837147,0,877,0,40,3,0,2,1,4,41,7
3837171,0,877,0,40,3,0,2,1,4,97,7
3837179,0,877,0,40,3,0,2,1,4,46,7
3837187,0,877,0,40,3,0,2,1,4,31,7
3837195,0,877,0,40,3,0,2,1,4,44,7
3837219,0,877,0,40,3,0,2,1,4,71,7
3837227,0,877,0,40,3,0,2,1,4,30,7
3837243,0,877,0,40,2,0,2,1,4,34,7
3837251,0,877,0,40,2,0,2,1,4,51,7
3837259,0,877,0,40,2,0,2,1,4,45,7
3837267,0,877,0,40,2,0,2,1,4,45,7
3837283,0,877,0,40,3,0,2,1,4,43,7
3837291,0,877,0,40,3,0,2,1,4,28,7
3837299,0,877,0,40,3,0,2,1,4,19,7
3837307,0,877,0,40,3,0,2,1,4,103,7
3837315,0,877,0,40,3,0,2,1,4,70,7
3837331,0,877,0,40,3,0,2,1,4,66,7
3837347,0,877,0,40,2,0,2,1,4,99,7
3837371,0,877,0,40,3,0,2,1,4,33,7
3837379,0,877,0,40,3,0,2,1,4,55,7
3837387,0,877,0,40,2,0,2,1,4,60,7
3837395,0,877,0,40,2,0,2,1,4,38,7
3837403,0,877,0,40,3,0,2,1,4,25,7
3837419,0,877,0,40,3,0,2,1,4,36,7
3837427,0,877,0,40,2,0,2,1,4,83,7
3837435,0,877,0,40,2,0,2,1,4,60,7
3837443,0,877,0,40,3,0,2,1,4,50,7
3837459,0,877,0,40,3,0,2,1,4,32,7
3837467,0,877,0,40,2,0,2,1,4,56,7
3837475,0,877,0,40,3,0,2,1,4,54,7
3837483,0,877,0,40,3,0,2,1,4,11,7
3837491,0,877,0,40,3,0,2,1,4,29,7
3837507,0,877,0,40,3,0,2,1,4,25,7
3837523,0,877,0,40,2,0,2,1,4,58,7
3837531,0,877,0,40,3,0,2,1,4,71,7
3837537,0,877,0,40,2,0,2,1,4,25,7
3837545,0,877,0,40,2,0,2,1,4,36,7
3837549,0,877,0,40,3,0,2,1,4,61,7
3837557,0,877,0,40,2,0,2,1,4,35,7
3837561,0,877,0,40,3,0,2,1,4,34,7
3837569,0,877,0,40,3,0,2,1,4,50,7
3837573,0,877,0,40,2,0,2,1,4,39,7
3837577,0,877,0,40,2,0,2,1,4,43,7
3837581,0,877,0,40,3,0,2,1,4,70,7
3837585,0,877,0,40,3,0,2,1,4,65,7
3837593,0,877,0,40,3,0,2,1,4,23,7
3837605,0,877,0,40,2,0,2,1,4,35,7
3837609,0,877,0,40,3,0,2,1,4,27,7
3837613,0,877,0,40,2,0,2,1,4,24,7
3837629,0,877,0,40,3,0,2,1,4,40,7
3837633,0,877,0,40,3,0,2,1,4,73,7
3837637,0,877,0,40,3,0,2,1,4,20,7
3837641,0,877,0,40,2,0,2,1,4,18,7
3837645,0,877,0,40,2,0,2,1,4,59,7
3837657,0,877,0,40,2,0,2,1,4,35,7
3837669,0,877,0,40,2,0,2,1,4,43,7
3837673,0,877,0,40,3,0,2,1,4,59,7
3837677,0,877,0,40,2,0,2,1,4,63,7
3837681,0,877,0,40,2,0,2,1,4,68,7
3837685,0,877,0,40,3,0,2,1,4,60,7
3837689,0,877,0,40,2,0,2,1,4,56,7
3837697,0,877,0,40,3,0,2,1,4,47,7
3837705,0,877,0,40,2,0,2,1,4,29,7
3837709,0,877,0,40,2,0,2,1,4,40,7
3837713,0,877,0,40,3,0,2,1,4,18,7
3837721,0,877,0,40,3,0,2,1,4,32,7
3837725,0,877,0,40,3,0,2,1,4,9,7
3837733,0,877,0,40,2,0,2,1,4,40,7
3837737,0,877,0,40,3,0,2,1,4,54,7
3837741,0,877,0,40,2,0,2,1,4,39,7
3837745,0,877,0,40,2,0,2,1,4,63,7
3837749,0,877,0,40,3,0,2,1,4,20,7
3837755,0,877,0,40,3,0,2,1,4,12,7
3837763,0,877,0,40,3,0,2,1,4,29,7
3837767,0,877,0,40,3,0,2,1,4,83,7
3837775,0,877,0,40,2,0,2,1,4,23,7
3837779,0,877,0,40,2,0,2,1,4,7,7
3837783,0,877,0,40,2,0,2,1,4,59,7
3837791,0,877,0,40,3,0,2,1,4,27,7
3837795,0,877,0,40,2,0,2,1,4,41,7
3837799,0,877,0,40,3,0,2,1,4,53,7
3837803,0,877,0,40,3,0,2,1,4,67,7
3837807,0,877,0,40,2,0,2,1,4,39,7
3837811,0,877,0,40,3,0,2,1,4,13,7
3837815,0,877,0,40,3,0,2,1,4,46,7
3837823,0,877,0,40,3,0,2,1,4,43,7
3837831,0,877,0,40,2,0,2,1,4,30,7
3837839,0,877,0,40,3,0,2,1,4,32,7
3837843,0,877,0,40,3,0,2,1,4,25,7
3837847,0,877,0,40,3,0,2,1,4,49,7
3837855,0,877,0,40,3,0,2,1,4,59,7
3837863,0,877,0,40,2,0,2,1,4,43,7
3837867,0,877,0,40,3,0,2,1,4,75,7
3837871,0,877,0,40,3,0,2,1,4,48,7
3837875,0,877,0,40,3,0,2,1,4,50,7
3837879,0,877,0,40,3,0,2,1,4,40,7
3837883,0,877,0,40,3,0,2,1,4,36,7
3837887,0,877,0,40,3,0,2,1,4,43,7
3837895,0,877,0,40,2,0,2,1,4,50,7
3837899,0,877,0,40,2,0,2,1,4,61,7
3837915,0,877,0,40,3,0,2,1,4,39,7
3837919,0,877,0,40,3,0,2,1,4,23,7
3837923,0,877,0,40,3,0,2,1,4,48,7
3837927,0,877,0,40,2,0,2,1,4,18,7
3837931,0,877,0,40,3,0,2,1,4,44,7
3837935,0,877,0,40,2,0,2,1,4,41,7
3837943,0,877,0,40,3,0,2,1,4,36,7
3837947,0,877,0,40,3,0,2,1,4,52,7
3837955,0,877,0,40,2,0,2,1,4,31,7
3837959,0,877,0,40,2,0,2,1,4,45,7
3837971,0,877,0,40,2,0,2,1,4,71,7
3837979,0,877,0,40,2,0,2,1,4,68,7
3837983,0,877,0,40,3,0,2,1,4,55,7
3837987,0,877,0,40,2,0,2,1,4,34,7
3837991,0,877,0,40,3,0,2,1,4,34,7
3837995,0,877,0,40,3,0,2,1,4,53,7
3837999,0,877,0,40,3,0,2,1,4,61,7
3838007,0,877,0,40,3,0,2,1,4,57,7
3838015,0,877,0,40,3,0,2,1,4,93,7
3838019,0,877,0,40,3,0,2,1,4,49,7
3838023,0,877,0,40,3,0,2,1,4,26,7
3838035,0,877,0,40,3,0,2,1,4,73,7
3838043,0,877,0,40,3,0,2,1,4,85,7
3838047,0,877,0,40,3,0,2,1,4,86,7
3838051,0,877,0,40,3,0,2,1,4,36,7
3838059,0,877,0,40,3,0,2,1,4,39,7
3838067,0,877,0,40,3,0,2,1,4,49,7
3838071,0,877,0,40,3,0,2,1,4,38,7
3838075,0,877,0,40,2,0,2,1,4,31,7
3838083,0,877,0,40,3,0,2,1,4,22,7
3838087,0,877,0,40,3,0,2,1,4,39,7
3838095,0,877,0,40,2,0,2,1,4,27,7
3838099,0,877,0,40,3,0,2,1,4,25,7
3838104,0,877,0,40,3,0,2,1,4,35,7
3838108,0,877,0,40,3,0,2,1,4,24,7
3838112,0,877,0,40,2,0,2,1,4,46,7
3838114,0,877,0,40,2,0,2,1,4,35,7
3838118,0,877,0,40,3,0,2,1,4,46,7
3838126,0,877,0,40,3,0,2,1,4,35,7
3838128,0,877,0,40,3,0,2,1,4,5,7
3838130,0,877,0,40,2,0,2,1,4,59,7
3838134,0,877,0,40,3,0,2,1,4,80,7
3838138,0,877,0,40,3,0,2,1,4,42,7
3838140,0,877,0,40,2,0,2,1,4,13,7
3838144,0,877,0,40,2,0,2,1,4,46,7
3838146,0,877,0,40,2,0,2,1,4,38,7
3838148,0,877,0,40,2,0,2,1,4,40,7
3838150,0,877,0,40,3,0,2,1,4,68,7
3838156,0,877,0,40,3,0,2,1,4,38,7
3838158,0,877,0,40,3,0,2,1,4,38,7
3838160,0,877,0,40,3,0,2,1,4,59,7
3838164,0,877,0,40,3,0,2,1,4,29,7
3838166,0,877,0,40,2,0,2,1,4,47,7
3838172,0,877,0,40,3,0,2,1,4,56,7
3838176,0,877,0,40,2,0,2,1,4,38,7
3838178,0,877,0,40,3,0,2,1,4,65,7
3838182,0,877,0,40,2,0,2,1,4,62,7
3838186,0,877,0,40,2,0,2,1,4,46,7
3838188,0,877,0,40,2,0,2,1,4,36,7
3838190,0,877,0,40,3,0,2,1,4,59,7
3838196,0,877,0,40,2,0,2,1,4,80,7
3838198,0,877,0,40,2,0,2,1,4,33,7
3838200,0,877,0,40,3,0,2,1,4,45,7
3838202,0,877,0,40,2,0,2,1,4,28,7
3838210,0,877,0,40,2,0,2,1,4,45,7
3838214,0,877,0,40,3,0,2,1,4,26,7
3838216,0,877,0,40,2,0,2,1,4,68,7
3838220,0,877,0,40,2,0,2,1,4,79,7
3838222,0,877,0,40,2,0,2,1,4,33,7
3838226,0,877,0,40,3,0,2,1,4,27,7
3838230,0,877,0,40,2,0,2,1,4,63,7
3838234,0,877,0,40,2,0,2,1,4,50,7
3838238,0,877,0,40,2,0,2,1,4,28,7
3838240,0,877,0,40,3,0,2,1,4,36,7
3838242,0,877,0,40,3,0,2,1,4,28,7
3838246,0,877,0,40,2,0,2,1,4,34,7
3838248,0,877,0,40,3,0,2,1,4,64,7
3838250,0,877,0,40,3,0,2,1,4,59,7
3838256,0,877,0,40,2,0,2,1,4,39,7
3838260,0,877,0,40,2,0,2,1,4,23,7
3838262,0,877,0,40,2,0,2,1,4,34,7
3838266,0,877,0,40,3,0,2,1,4,48,7
3838268,0,877,0,40,3,0,2,1,4,31,7
3838272,0,877,0,40,2,0,2,1,4,24,7
3838274,0,877,0,40,2,0,2,1,4,31,7
3838278,0,877,0,40,2,0,2,1,4,97,7
3838280,0,877,0,40,3,0,2,1,4,42,7
3838284,0,877,0,40,2,0,2,1,4,42,7
3838286,0,877,0,40,3,0,2,1,4,33,7
3838288,0,877,0,40,3,0,2,1,4,59,7
3838290,0,877,0,40,2,0,2,1,4,49,7
3838294,0,877,0,40,2,0,2,1,4,18,7
3838296,0,877,0,40,3,0,2,1,4,29,7
3838298,0,877,0,40,2,0,2,1,4,28,7
3838302,0,877,0,40,3,0,2,1,4,31,7
3838304,0,877,0,40,2,0,2,1,4,32,7
3838306,0,877,0,40,3,0,2,1,4,47,7
3838308,0,877,0,40,2,0,2,1,4,31,7
3838310,0,877,0,40,3,0,2,1,4,21,7
3838312,0,877,0,40,3,0,2,1,4,26,7
3838318,0,877,0,40,2,0,2,1,4,78,7
3838324,0,877,0,40,3,0,2,1,4,31,7
3838326,0,877,0,40,2,0,2,1,4,30,7
3838330,0,877,0,40,2,0,2,1,4,40,7
3838332,0,877,0,40,3,0,2,1,4,10,7
3838336,0,877,0,40,2,0,2,1,4,35,7
3838338,0,877,0,40,3,0,2,1,4,16,7
3838342,0,877,0,40,2,0,2,1,4,56,7
3838344,0,877,0,40,3,0,2,1,4,12,7
3838346,0,877,0,40,3,0,2,1,4,66,7
3838348,0,877,0,40,2,0,2,1,4,36,7
3838352,0,877,0,40,2,0,2,1,4,30,7
3838354,0,877,0,40,2,0,2,1,4,46,7
3838356,0,877,0,40,2,0,2,1,4,41,7
3838360,0,877,0,40,3,0,2,1,4,68,7
3838362,0,877,0,40,2,0,2,1,4,21,7
3838366,0,877,0,40,2,0,2,1,4,17,7
3838368,0,877,0,40,2,0,2,1,4,30,7
3838372,0,877,0,40,3,0,2,1,4,73,7
3838374,0,877,0,40,2,0,2,1,4,48,7
3838376,0,877,0,40,3,0,2,1,4,63,7
3838380,0,877,0,40,2,0,2,1,4,74,7
3838382,0,877,0,40,2,0,2,1,4,29,7
3838384,0,877,0,40,3,0,2,1,4,58,7
3838386,0,877,0,40,2,0,2,1,4,34,7
3838390,0,877,0,40,3,0,2,1,4,74,7
3838392,0,877,0,40,3,0,2,1,4,17,7
3838394,0,877,0,40,2,0,2,1,4,40,7
3838396,0,877,0,40,3,0,2,1,4,13,7
3838400,0,877,0,40,2,0,2,1,4,31,7
3838404,0,877,0,40,3,0,2,1,4,48,7
3838406,0,877,0,40,2,0,2,1,4,49,7
3838408,0,877,0,40,3,0,2,1,4,61,7
3838410,0,877,0,40,3,0,2,1,4,14,7
3838412,0,877,0,40,2,0,2,1,4,44,7
3838414,0,877,0,40,3,0,2,1,4,56,7
3838416,0,877,0,40,3,0,2,1,4,94,7
3838418,0,877,0,40,2,0,2,1,4,35,7
3838420,0,877,0,40,2,0,2,1,4,21,7
3838422,0,877,0,40,3,0,2,1,4,55,7
3838424,0,877,0,40,2,0,2,1,4,29,7
3838428,0,877,0,40,2,0,2,1,4,62,7
3838430,0,877,0,40,3,0,2,1,4,10,7
3838432,0,877,0,40,3,0,2,1,4,28,7
3838434,0,877,0,40,2,0,2,1,4,28,7
3838436,0,877,0,40,3,0,2,1,4,86,7
3838438,0,877,0,40,2,0,2,1,4,84,7
3838442,0,877,0,40,3,0,2,1,4,23,7
3838448,0,877,0,40,3,0,2,1,4,50,7
3838450,0,877,0,40,3,0,2,1,4,62,7
3838452,0,877,0,40,3,0,2,1,4,63,7
3838454,0,877,0,40,3,0,2,1,4,52,7
3838456,0,877,0,40,2,0,2,1,4,37,7
3838458,0,877,0,40,3,0,2,1,4,43,7
3838460,0,877,0,40,3,0,2,1,4,60,7
3838462,0,877,0,40,3,0,2,1,4,74,7
3838464,0,877,0,40,2,0,2,1,4,61,7
3838466,0,877,0,40,3,0,2,1,4,49,7
3838470,0,877,0,40,3,0,2,1,4,34,7
3838472,0,877,0,40,2,0,2,1,4,35,7
3838482,0,877,0,40,3,0,2,1,4,79,7
3838484,0,877,0,40,3,0,2,1,4,39,7
3838486,0,877,0,40,3,0,2,1,4,62,7
3838488,0,877,0,40,3,0,2,1,4,26,7
3838492,0,877,0,40,3,0,2,1,4,50,7
3838494,0,877,0,40,3,0,2,1,4,50,7
3838498,0,877,0,40,3,0,2,1,4,43,7
3838500,0,877,0,40,3,0,2,1,4,62,7
3838502,0,877,0,40,2,0,2,1,4,46,7
3838506,0,877,0,40,2,0,2,1,4,36,7
3838508,0,877,0,40,2,0,2,1,4,50,7
3838514,0,877,0,40,3,0,2,1,4,22,7
3838518,0,877,0,40,2,0,2,1,4,62,7
3838520,0,877,0,40,2,0,2,1,4,24,7
3838524,0,877,0,40,2,0,2,1,4,98,7
3838526,0,877,0,40,3,0,2,1,4,74,7
3838528,0,877,0,40,3,0,2,1,4,13,7
3838530,0,877,0,40,3,0,2,1,4,32,7
3838532,0,877,0,40,3,0,2,1,4,62,7
3838534,0,877,0,40,3,0,2,1,4,32,7
3838536,0,877,0,40,2,0,2,1,4,63,7
3838540,0,877,0,40,2,0,2,1,4,51,7
3838542,0,877,0,40,3,0,2,1,4,34,7
3838546,0,877,0,40,2,0,2,1,4,37,7
3838550,0,877,0,40,2,0,2,1,4,68,7
3838554,0,877,0,40,2,0,2,1,4,26,7
3838558,0,877,0,40,2,0,2,1,4,26,7
3838560,0,877,0,40,2,0,2,1,4,46,7
3838566,0,877,0,40,3,0,2,1,4,56,7
3838568,0,877,0,40,3,0,2,1,4,50,7
3838572,0,877,0,40,3,0,2,1,4,37,7
3838576,0,877,0,40,3,0,2,1,4,38,7
3838582,0,877,0,40,2,0,2,1,4,31,7
3838584,0,877,0,40,3,0,2,1,4,96,7
3838586,0,877,0,40,3,0,2,1,4,26,7
3838588,0,877,0,40,2,0,2,1,4,36,7
3838590,0,877,0,40,3,0,2,1,4,46,7
3838592,0,877,0,40,3,0,2,1,4,69,7
3838594,0,877,0,40,2,0,2,1,4,14,7
3838596,0,877,0,40,3,0,2,1,4,40,7
3838600,0,877,0,40,2,0,2,1,4,92,7
3838602,0,877,0,40,2,0,2,1,4,64,7
3838606,0,877,0,40,3,0,2,1,4,69,7
3838608,0,877,0,40,2,0,2,1,4,75,7
3838614,0,877,0,40,3,0,2,1,4,66,7
3838618,0,877,0,40,3,0,2,1,4,11,7
3838620,0,877,0,40,3,0,2,1,4,25,7
3838622,0,877,0,40,3,0,2,1,4,39,7
3838624,0,877,0,40,3,0,2,1,4,23,7
3838626,0,877,0,40,2,0,2,1,4,36,7
3838630,0,877,0,40,3,0,2,1,4,49,7
3838634,0,877,0,40,3,0,2,1,4,23,7
3838636,0,877,0,40,3,0,2,1,4,53,7
3838638,0,877,0,40,3,0,2,1,4,34,7
3838640,0,877,0,40,2,0,2,1,4,30,7
3838642,0,877,0,40,2,0,2,1,4,78,7
3802396,0,877,0,40,2,0,2,1,5,52,7
3799376,0,877,0,40,3,2,2,1,17,49,7
3783975,0,877,0,40,3,9,2,1,26,39,7
3802845,0,877,0,40,3,1,2,1,18,24,7
3784114,0,877,0,40,3,9,2,1,46,21,7
3804406,0,877,0,40,2,1,2,1,6,30,7
3804658,0,877,0,40,2,0,2,1,4,18,7
3803159,0,877,0,40,2,3,2,1,20,57,7
3805396,0,877,0,40,2,0,2,1,6,17,7
3805438,0,877,0,40,3,0,2,1,5,55,7
3805844,0,877,0,40,2,0,2,1,11,20,7
3806675,0,877,0,40,2,0,2,1,4,15,7
3806531,0,877,0,40,3,1,2,1,12,38,7
3807558,0,877,0,40,2,1,2,1,8,49,7
3806153,0,877,0,40,2,3,2,1,18,26,7
3807077,0,877,0,40,3,1,2,1,16,19,7
3815930,0,877,0,40,3,4,2,1,27,31,7
3812352,0,877,0,40,2,6,2,1,33,25,7
3807867,0,877,0,40,2,5,2,1,60,41,7
3800306,0,877,0,40,2,3,2,1,25,41,7
3827296,0,877,0,40,2,1,2,1,13,39,7
3829789,0,877,0,40,2,1,2,1,6,25,7
3801467,0,877,0,40,2,5,2,1,48,62,7
3820964,0,877,0,40,2,2,2,1,21,35,7
3822013,0,877,0,40,2,4,2,1,15,65,7
3813684,0,877,0,40,2,4,2,1,35,26,7
3821457,0,877,0,40,2,2,2,1,22,42,7
3813152,0,877,0,40,3,7,2,1,26,21,7
3831084,0,877,0,40,2,1,2,1,5,70,7
3817789,0,877,0,40,2,6,2,1,15,67,7
3824667,0,877,0,40,2,1,2,1,21,36,7
3812788,0,877,0,40,2,6,2,1,32,38,7
3805631,0,877,0,40,2,4,2,1,49,61,7
3805545,0,877,0,40,2,2,2,1,13,48,7
3827719,0,877,0,40,2,2,2,1,12,80,7
3826814,0,877,0,40,3,2,2,1,13,11,7
3807310,0,877,0,40,2,2,2,1,8,44,7
3824813,0,877,0,40,3,3,2,1,14,18,7
3812437,0,877,0,40,2,6,2,1,34,20,7
3826436,0,877,0,40,3,3,2,1,11,61,7
3814486,0,877,0,40,2,7,2,1,18,51,7
3828416,0,877,0,40,3,2,2,1,6,56,7
3813364,0,877,0,40,2,7,2,1,23,61,7
3815088,0,877,0,40,2,3,2,1,38,40,7
3827224,0,877,0,40,2,1,2,1,16,24,7
3812366,0,877,0,40,3,3,2,1,40,26,7
3814747,0,877,0,40,3,5,2,1,31,49,7
3828855,0,877,0,40,2,1,2,1,12,23,7
3801897,0,877,0,40,3,5,2,1,24,58,7
3826038,0,877,0,40,3,2,2,1,12,33,7
3820483,0,877,0,40,2,3,2,1,16,22,7
3829557,0,877,0,40,2,1,2,1,9,63,7
3825785,0,877,0,40,2,2,2,1,12,10,7
3825239,0,877,0,40,2,3,2,1,14,34,7
3831660,0,877,0,40,3,1,2,1,7,24,7
3813032,0,877,0,40,3,5,2,1,35,74,7
3818598,0,877,0,40,3,2,2,1,31,44,7
3825487,0,877,0,40,2,3,2,1,14,48,7
3831577,0,877,0,40,3,1,2,1,6,18,7
3815001,0,877,0,40,3,7,2,1,24,43,7
3817328,0,877,0,40,3,4,2,1,31,38,7
3813764,0,877,0,40,3,6,2,1,40,50,7
3804242,0,877,0,40,3,2,2,1,9,51,7
3816397,0,877,0,40,3,6,2,1,24,23,7
3829020,0,877,0,40,3,2,2,1,11,66,7
3808346,0,877,0,40,3,2,2,1,45,28,7
3820686,1,877,867,22.9682,3,2,2,1,28,55,7
3823278,0,877,0,40,3,2,2,1,22,25,7
3807806,0,877,0,40,3,7,2,1,58,24,7
3807502,0,877,0,40,3,8,2,1,61,55,7
3806264,0,877,0,40,3,2,2,1,40,84,7
3822151,0,877,0,40,3,3,2,1,20,80,7
3815195,0,877,0,40,3,5,2,1,27,66,7
3815891,0,877,0,40,2,5,2,1,24,42,7
3816732,0,877,0,40,2,5,2,1,26,28,7
3817467,0,877,0,40,3,4,2,1,25,56,7
3816509,0,877,0,40,3,4,2,1,35,95,7
3816098,0,877,0,40,3,4,2,1,34,32,7
3809963,0,877,0,40,2,7,2,1,38,16,7
3823911,0,877,0,40,2,3,2,1,17,62,7
3823738,0,877,0,40,2,3,2,1,15,26,7
3808005,0,877,0,40,3,7,2,1,39,21,7
3831007,0,877,0,40,2,1,2,1,9,64,7
3809891,0,877,0,40,2,8,2,1,35,51,7
3804569,0,877,0,40,2,2,2,1,19,21,7
3807247,0,877,0,40,3,6,2,1,32,24,7
3828264,0,877,0,40,3,2,2,1,11,63,7
3810996,0,877,0,40,3,7,2,1,46,42,7
3831598,0,877,0,40,3,1,2,1,8,18,7
3799883,0,877,0,40,2,6,2,1,52,40,7
3817746,0,877,0,40,2,4,2,1,28,62,7
3831134,0,877,0,40,2,1,2,1,7,10,7
3808415,0,877,0,40,2,9,2,1,42,35,7
3808553,0,877,0,40,3,7,2,1,55,48,7
3824669,0,877,0,40,3,3,2,1,17,20,7
3831599,0,877,0,40,2,1,2,1,6,39,7
3817413,0,877,0,40,2,3,2,1,29,43,7
3810694,0,877,0,40,3,7,2,1,42,28,7
3829158,0,877,0,40,3,2,2,1,7,55,7
3819472,0,877,0,40,3,4,2,1,26,39,7
3805842,0,877,0,40,3,2,2,1,14,38,7
3823878,0,877,0,40,2,2,2,1,23,78,7
3831153,0,877,0,40,3,2,2,1,8,35,7
3832961,0,877,0,40,2,1,2,1,5,79,7
3826543,0,877,0,40,3,2,2,1,10,50,7
3805767,0,877,0,40,2,5,2,1,22,35,7
3830781,0,877,0,40,3,2,2,1,5,32,7
3821378,0,877,0,40,2,5,2,1,16,44,7
3800245,0,877,0,40,2,6,2,1,36,67,7
3833488,0,877,0,40,3,1,2,1,4,33,7
3819335,0,877,0,40,2,1,2,1,37,41,7
3805621,0,877,0,40,3,3,2,1,42,31,7
3816201,0,877,0,40,2,3,2,1,32,86,7
3823686,0,877,0,40,3,2,2,1,25,48,7
3816549,0,877,0,40,3,5,2,1,34,58,7
3798948,0,877,0,40,2,2,2,1,25,58,7
3813055,0,877,0,40,3,5,2,1,30,55,7
3827592,0,877,0,40,2,1,2,1,18,48,7
3819823,0,877,0,40,3,3,2,1,24,56,7
3826577,0,877,0,40,2,1,2,1,16,65,7
3819719,0,877,0,40,3,3,2,1,24,61,7
3828352,0,877,0,40,2,1,2,1,15,41,7
3817956,0,877,0,40,2,4,2,1,30,62,7
3824960,0,877,0,40,3,3,2,1,15,35,7
3829610,0,877,0,40,3,1,2,1,13,21,7
3810251,0,877,0,40,2,6,2,1,46,31,7
3830215,0,877,0,40,3,1,2,1,12,35,7
3820384,0,877,0,40,2,3,2,1,21,31,7
3827578,0,877,0,40,2,2,2,1,14,57,7
3829236,0,877,0,40,2,1,2,1,11,29,7
3803651,0,877,0,40,2,3,2,1,18,28,7
3823155,0,877,0,40,2,3,2,1,22,72,7
3830949,0,877,0,40,2,1,2,1,10,46,7
3820960,0,877,0,40,2,3,2,1,16,51,7
3812814,0,877,0,40,2,6,2,1,39,68,7
3822559,0,877,0,40,2,3,2,1,20,26,7
3824859,0,877,0,40,3,4,2,1,14,53,7
3808177,0,877,0,40,3,10,2,1,51,39,7
3830334,0,877,0,40,3,2,2,1,11,26,7
3831252,0,877,0,40,2,1,2,1,9,49,7
3831850,0,877,0,40,2,1,2,1,9,23,7
3818142,0,877,0,40,2,5,2,1,23,36,7
3805460,0,877,0,40,3,2,2,1,12,72,7
3829870,0,877,0,40,3,2,2,1,9,47,7
3830935,0,877,0,40,2,1,2,1,8,59,7
3817176,0,877,0,40,2,2,2,1,36,31,7
3807634,0,877,0,40,2,3,2,1,23,82,7
3795674,0,877,0,40,2,6,2,1,58,84,7
3821785,0,877,0,40,2,3,2,1,24,34,7
3831679,0,877,0,40,2,1,2,1,7,39,7
3832588,0,877,0,40,3,1,2,1,7,58,7
3816257,0,877,0,40,3,4,2,1,29,60,7
3820573,0,877,0,40,3,3,2,1,28,38,7
3818198,0,877,0,40,3,3,2,1,30,29,7
3829395,0,877,0,40,2,2,2,1,9,44,7
3811484,0,877,0,40,3,6,2,1,35,47,7
3808509,0,877,0,40,3,11,2,1,43,16,7
3823803,0,877,0,40,2,3,2,1,14,64,7
3831467,0,877,0,40,3,1,2,1,6,48,7
3832719,0,877,0,40,2,1,2,1,6,67,7
3833243,0,877,0,40,3,1,2,1,6,47,7
3823049,0,877,0,40,2,3,2,1,14,43,7
3813539,0,877,0,40,3,6,2,1,34,48,7
3819384,0,877,0,40,3,4,2,1,19,78,7
3813440,0,877,0,40,3,6,2,1,31,39,7
3821876,0,877,0,40,3,4,2,1,19,30,7
3813045,0,877,0,40,3,5,2,1,35,29,7
3809371,0,877,0,40,2,6,2,1,57,35,7
3828284,0,877,0,40,2,2,2,1,13,49,7
3825219,0,877,0,40,3,4,2,1,13,53,7
3833106,0,877,0,40,3,1,2,1,5,46,7
3833506,0,877,0,40,2,1,2,1,5,98,7
3811268,0,877,0,40,2,5,2,1,47,24,7
3823649,0,877,0,40,3,2,2,1,17,24,7
3816242,0,877,0,40,3,3,2,1,31,75,7
3810442,0,877,0,40,2,6,2,1,46,35,7
3812305,0,877,0,40,3,4,2,1,44,31,7
3824043,0,877,0,40,2,2,2,1,18,47,7
3809905,0,877,0,40,3,8,2,1,45,34,7
3826338,0,877,0,40,2,4,2,1,12,27,7
3815286,0,877,0,40,3,3,2,1,44,39,7
3808795,0,877,0,40,3,8,2,1,57,36,7
3832469,0,877,0,40,3,1,2,1,4,80,7
3833741,0,877,0,40,3,1,2,1,4,123,7
3834021,0,877,0,40,2,1,2,1,4,43,7
3803187,0,877,0,40,2,2,2,1,14,33,7
3811607,0,877,0,40,3,6,2,1,45,20,7
3767049,0,877,0,40,3,14,2,1,84,37,7
3816428,0,877,0,40,3,4,2,1,33,26,7
3812882,0,877,0,40,3,5,2,1,33,34,7
3825938,0,877,0,40,2,1,2,1,20,30,7
3824247,0,877,0,40,3,2,2,1,20,57,7
3815667,0,877,0,40,2,4,2,1,37,31,7
3810758,0,877,0,40,3,7,2,1,48,56,7
3811388,0,877,0,40,2,5,2,1,44,38,7
3820482,0,877,0,40,2,3,2,1,24,53,7
3802383,0,877,0,40,2,6,2,1,46,26,7
3809311,0,877,0,40,3,7,2,1,50,25,7
3803672,0,877,0,40,2,3,2,1,30,80,7
3825089,0,877,0,40,2,2,2,1,15,25,7
3821261,0,877,0,40,2,3,2,1,22,24,7
3821516,0,877,0,40,3,2,2,1,31,69,7
3805898,0,877,0,40,3,4,2,1,33,60,7
3829888,0,877,0,40,2,1,2,1,14,24,7
3829920,0,877,0,40,3,1,2,1,14,32,7
3813671,0,877,0,40,2,6,2,1,37,44,7
3822939,0,877,0,40,2,3,2,1,17,86,7
3785248,0,877,0,40,2,14,2,1,57,68,7
3818134,0,877,0,40,2,4,2,1,28,42,7
3813628,0,877,0,40,2,4,2,1,44,50,7
3827939,0,877,0,40,2,2,2,1,16,12,7
3823465,0,877,0,40,3,2,2,1,17,71,7
3820358,0,877,0,40,3,3,2,1,25,19,7
3821545,0,877,0,40,3,4,2,1,20,77,7
3820476,0,877,0,40,2,4,2,1,30,41,7
3804723,0,877,0,40,3,5,2,1,21,66,7
3830320,0,877,0,40,3,1,2,1,11,58,7
3831333,0,877,0,40,2,1,2,1,11,73,7
3805607,0,877,0,40,2,1,2,1,25,92,7
3803532,0,877,0,40,3,4,2,1,33,45,7
3813465,0,877,0,40,2,5,2,1,43,30,7
3831128,0,877,0,40,3,1,2,1,10,27,7
3811380,0,877,0,40,3,8,2,1,31,44,7
3813229,0,877,0,40,3,8,2,1,29,38,7
3806186,0,877,0,40,3,5,2,1,31,30,7
3807449,0,877,0,40,3,5,2,1,33,88,7
3822636,0,877,0,40,2,3,2,1,23,24,7
3826215,0,877,0,40,2,3,2,1,15,35,7
3806786,0,877,0,40,2,8,2,1,65,41,7
3831254,0,877,0,40,2,1,2,1,9,60,7
3831987,0,877,0,40,3,1,2,1,9,63,7
3832213,0,877,0,40,2,1,2,1,9,33,7
3801171,0,877,0,40,3,1,2,1,17,38,7
3821222,0,877,0,40,3,4,2,1,16,62,7
3810479,0,877,0,40,3,6,2,1,36,30,7
3828866,0,877,0,40,2,2,2,1,10,18,7
3816556,0,877,0,40,2,4,2,1,30,9,7
3805909,0,877,0,40,3,7,2,1,29,38,7
3824031,0,877,0,40,3,3,2,1,20,58,7
3824143,0,877,0,40,3,4,2,1,17,31,7
3830406,0,877,0,40,3,2,2,1,11,80,7
3831306,0,877,0,40,3,1,2,1,8,57,7
3803381,0,877,0,40,3,3,2,1,20,27,7
3825696,0,877,0,40,3,2,2,1,17,65,7
3828959,0,877,0,40,3,2,2,1,9,46,7
3815480,0,877,0,40,2,3,2,1,34,42,7
3830297,0,877,0,40,2,2,2,1,9,74,7
3813833,0,877,0,40,3,6,2,1,32,29,7
3802133,0,877,0,40,3,2,2,1,28,31,7
3825043,0,877,0,40,3,3,2,1,20,75,7
3803600,0,877,0,40,3,6,2,1,21,107,7
3832919,0,877,0,40,3,1,2,1,7,38,7
3833269,0,877,0,40,2,1,2,1,7,29,7
3823316,0,877,0,40,3,3,2,1,20,62,7
3818300,0,877,0,40,3,4,2,1,29,59,7
3824284,0,877,0,40,2,2,2,1,19,54,7
3804703,0,877,0,40,2,2,2,1,20,45,7
3805353,0,877,0,40,2,3,2,1,12,51,7
3811977,0,877,0,40,3,6,2,1,32,90,7
3819152,0,877,0,40,2,5,2,1,25,46,7
3826810,0,877,0,40,2,3,2,1,14,56,7
3830351,0,877,0,40,2,2,2,1,10,47,7
3814440,0,877,0,40,3,7,2,1,31,67,7
3820878,0,877,0,40,3,3,2,1,28,45,7
3818794,0,877,0,40,3,4,2,1,28,22,7
3813565,0,877,0,40,3,6,2,1,30,27,7
3811338,0,877,0,40,3,4,2,1,50,105,7
3832745,0,877,0,40,2,1,2,1,6,88,7
3833310,0,877,0,40,2,1,2,1,6,77,7
3810563,0,877,0,40,2,6,2,1,41,42,7
3828137,0,877,0,40,3,2,2,1,10,44,7
3815042,0,877,0,40,3,8,2,1,24,75,7
3817384,0,877,0,40,2,5,2,1,30,68,7
3824027,0,877,0,40,3,3,2,1,8,41,7
3811701,0,877,0,40,3,5,2,1,53,26,7
3829003,0,877,0,40,3,2,2,1,11,67,7
3809544,0,877,0,40,3,9,2,1,52,32,7
3813577,0,877,0,40,2,7,2,1,34,50,7
3826316,0,877,0,40,3,4,2,1,14,86,7
3821875,0,877,0,40,3,4,2,1,22,65,7
3803856,0,877,0,40,3,5,2,1,17,25,7
3822416,0,877,0,40,2,4,2,1,19,21,7
3832324,0,877,0,40,2,1,2,1,5,25,7
3833669,0,877,0,40,2,1,2,1,5,31,7
3834027,0,877,0,40,2,1,2,1,5,35,7
3834133,0,877,0,40,3,1,2,1,5,52,7
3827887,0,877,0,40,3,2,2,1,6,54,7
3812998,0,877,0,40,3,5,2,1,31,24,7
3806609,0,877,0,40,2,4,2,1,27,39,7
3818400,0,877,0,40,2,4,2,1,21,15,7
3804319,0,877,0,40,3,6,2,1,32,20,7
3824317,0,877,0,40,3,4,2,1,12,41,7
3803327,0,877,0,40,2,4,2,1,19,49,7
3826078,0,877,0,40,3,2,2,1,14,58,7
3831131,0,877,0,40,2,2,2,1,7,40,7
3821472,0,877,0,40,3,4,2,1,20,30,7
3800500,0,877,0,40,3,7,2,1,46,50,7
3831262,0,877,0,40,2,2,2,1,6,30,7
3812114,0,877,0,40,3,8,2,1,37,20,7
3825502,0,877,0,40,2,4,2,1,13,32,7
3804006,0,877,0,40,3,2,2,1,7,28,7
3815242,0,877,0,40,3,8,2,1,24,39,7
3833439,0,877,0,40,2,1,2,1,4,26,7
3834188,0,877,0,40,3,1,2,1,4,75,7
3834468,0,877,0,40,2,1,2,1,4,65,7
3834870,0,877,0,40,2,1,2,1,4,39,7
3818376,0,877,0,40,3,2,2,1,40,29,7
3820760,0,877,0,40,2,2,2,1,29,38,7
3824413,0,877,0,40,3,1,2,1,27,27,7
3809724,0,877,0,40,3,5,2,1,60,22,7
3820303,0,877,0,40,3,2,2,1,33,45,7
3807643,0,877,0,40,2,1,2,1,26,41,7
3827084,0,877,0,40,3,1,2,1,20,44,7
3825095,0,877,0,40,2,2,2,1,20,31,7
3827783,0,877,0,40,2,1,2,1,19,40,7
3808864,0,877,0,40,2,7,2,1,55,28,7
3819609,0,877,0,40,2,4,2,1,33,68,7
3828299,0,877,0,40,2,1,2,1,18,83,7
3822434,0,877,0,40,2,2,2,1,30,65,7
3818732,0,877,0,40,2,4,2,1,35,118,7
3805742,0,877,0,40,2,4,2,1,31,43,7
3828664,0,877,0,40,2,1,2,1,17,35,7
3820609,0,877,0,40,3,2,2,1,32,63,7
3829019,0,877,0,40,2,1,2,1,16,22,7
3802233,0,877,0,40,2,3,2,1,21,17,7
3804867,0,877,0,40,3,7,2,1,47,44,7
3824432,0,877,0,40,3,2,2,1,23,37,7
3827399,0,877,0,40,3,1,2,1,15,14,7
3809786,0,877,0,40,3,4,2,1,61,49,7
3808907,0,877,0,40,2,8,2,1,51,35,7
3804194,0,877,0,40,3,5,2,1,34,74,7
3806509,0,877,0,40,3,4,2,1,48,57,7
3828613,0,877,0,40,2,1,2,1,14,38,7
3817461,0,877,0,40,2,5,2,1,24,33,7
3756045,0,877,0,40,2,16,2,1,96,44,7
3813897,0,877,0,40,2,6,2,1,36,41,7
3820944,0,877,0,40,2,3,2,1,30,73,7
3802977,0,877,0,40,3,4,2,1,32,56,7
3820274,0,877,0,40,3,2,2,1,25,85,7
3814676,0,877,0,40,3,4,2,1,36,46,7
3826475,0,877,0,40,2,2,2,1,16,10,7
3821712,0,877,0,40,3,5,2,1,19,66,7
3811518,0,877,0,40,3,6,2,1,49,15,7
3806781,0,877,0,40,2,4,2,1,31,28,7
3830845,0,877,0,40,3,1,2,1,12,69,7
3831373,0,877,0,40,2,1,2,1,12,23,7
3820885,0,877,0,40,2,3,2,1,26,28,7
3811128,0,877,0,40,2,5,2,1,50,30,7
3812325,0,877,0,40,3,4,2,1,50,76,7
3807254,0,877,0,40,3,10,2,1,46,29,7
3805346,0,877,0,40,3,4,2,1,20,21,7
3826046,0,877,0,40,2,2,2,1,18,28,7
3831470,0,877,0,40,2,1,2,1,11,30,7
3748832,0,877,0,40,3,14,2,1,95,48,7
3813538,0,877,0,40,2,4,2,1,35,30,7
3827799,0,877,0,40,2,2,2,1,14,54,7
3823313,0,877,0,40,3,3,2,1,21,46,7
3826121,0,877,0,40,3,2,2,1,19,5,7
3821463,0,877,0,40,2,5,2,1,19,50,7
3820948,0,877,0,40,2,5,2,1,26,48,7
3808457,0,877,0,40,2,5,2,1,69,40,7
3819875,0,877,0,40,3,3,2,1,22,18,7
3816530,0,877,0,40,2,5,2,1,36,66,7
3830835,0,877,0,40,2,2,2,1,11,39,7
3831653,0,877,0,40,3,1,2,1,10,49,7
3802840,0,877,0,40,2,2,2,1,12,37,7
3826496,0,877,0,40,3,2,2,1,11,47,7
3814159,0,877,0,40,3,5,2,1,38,46,7
3825108,0,877,0,40,2,3,2,1,14,45,7
3822033,0,877,0,40,3,4,2,1,22,96,7
3826113,0,877,0,40,2,2,2,1,19,32,7
3814492,0,877,0,40,3,6,2,1,34,40,7
3803659,0,877,0,40,2,7,2,1,40,35,7
3829147,0,877,0,40,3,2,2,1,13,63,7
3808635,0,877,0,40,3,8,2,1,55,103,7
3805466,0,877,0,40,3,2,2,1,20,65,7
3799392,0,877,0,40,2,5,2,1,27,37,7
3824717,0,877,0,40,3,2,2,1,25,58,7
3831935,0,877,0,40,2,1,2,1,9,57,7
3832414,0,877,0,40,2,1,2,1,9,50,7
3832650,0,877,0,40,2,1,2,1,9,29,7
3805269,0,877,0,40,3,2,2,1,15,36,7
3821316,0,877,0,40,2,2,2,1,28,38,7
3817499,0,877,0,40,3,6,2,1,24,23,7
3827538,0,877,0,40,2,2,2,1,14,37,7
3799070,0,877,0,40,2,6,2,1,50,15,7
3810274,1,877,831,40,2,7,2,1,48,24,7
3805668,0,877,0,40,2,5,2,1,38,46,7
3823637,0,877,0,40,2,2,2,1,25,46,7
3819621,0,877,0,40,2,3,2,1,30,47,7
3828564,0,877,0,40,3,3,2,1,14,45,7
3833111,0,877,0,40,3,1,2,1,8,16,7
3818352,0,877,0,40,3,5,2,1,22,79,7
3823412,0,877,0,40,2,3,2,1,20,26,7
3805972,0,877,0,40,2,5,2,1,39,20,7
3817355,0,877,0,40,2,6,2,1,22,53,7
3826115,0,877,0,40,2,3,2,1,10,60,7
3805056,0,877,0,40,2,5,2,1,29,46,7
3822336,0,877,0,40,3,4,2,1,22,89,7
3814423,0,877,0,40,2,6,2,1,32,40,7
3831480,2,877,0,40,3,2,2,1,8,57,7
3831152,0,877,0,40,2,2,2,1,9,55,7
3815780,0,877,0,40,2,6,2,1,29,48,7
3831827,0,877,0,40,3,1,2,1,7,87,7
3832809,0,877,0,40,3,1,2,1,7,30,7
3833494,0,877,0,40,3,1,2,1,7,21,7
3833548,0,877,0,40,3,1,2,1,7,28,7
3833752,0,877,0,40,3,1,2,1,7,26,7
3833910,0,877,0,40,3,1,2,1,7,33,7
3815233,0,877,0,40,2,6,2,1,30,59,7
3811821,0,877,0,40,2,6,2,1,38,53,7
3813298,0,877,0,40,2,9,2,1,34,52,7
3825268,0,877,0,40,2,3,2,1,13,31,7
3830471,0,877,0,40,2,2,2,1,9,21,7
3827030,0,877,0,40,2,3,2,1,8,37,7
3810381,0,877,0,40,3,8,2,1,42,25,7
3812960,0,877,0,40,3,7,2,1,33,57,7
3808606,0,877,0,40,3,4,2,1,28,44,7
3826692,0,877,0,40,3,3,2,1,16,33,7
3811471,0,877,0,40,3,6,2,1,31,22,7
3818461,0,877,0,40,2,6,2,1,19,33,7
3818691,0,877,0,40,2,4,2,1,31,87,7
3831206,0,877,0,40,2,2,2,1,8,68,7
3811771,0,877,0,40,3,6,2,1,40,53,7
3832485,0,877,0,40,3,1,2,1,6,33,7
3833056,0,877,0,40,2,1,2,1,6,63,7
3833697,0,877,0,40,3,1,2,1,6,21,7
3833937,0,877,0,40,2,1,2,1,6,78,7
3834137,0,877,0,40,3,1,2,1,6,45,7
3834285,0,877,0,40,3,1,2,1,6,28,7
3785978,0,877,0,40,3,8,2,1,59,19,7
3813103,0,877,0,40,2,7,2,1,36,46,7
3820015,0,877,0,40,2,3,2,1,25,28,7
3820917,0,877,0,40,3,4,2,1,24,35,7
3819904,0,877,0,40,2,5,2,1,12,25,7
3820245,0,877,0,40,2,5,2,1,26,33,7
3807342,0,877,0,40,3,6,2,1,27,50,7
3808150,0,877,0,40,3,2,2,1,20,27,7
3808651,0,877,0,40,3,2,2,1,11,20,7
3829292,0,877,0,40,2,2,2,1,6,47,7
3822073,0,877,0,40,3,4,2,1,23,57,7
3823970,0,877,0,40,2,3,2,1,18,34,7
3814005,0,877,0,40,3,7,2,1,32,92,7
3829958,0,877,0,40,2,3,2,1,7,77,7
3832223,0,877,0,40,3,2,2,1,6,34,7
3808668,0,877,0,40,2,8,2,1,52,46,7
3832674,0,877,0,40,2,2,2,1,6,44,7
3815112,0,877,0,40,3,5,2,1,31,49,7
3809516,0,877,0,40,2,6,2,1,55,43,7
3805300,0,877,0,40,2,6,2,1,28,22,7
3823080,0,877,0,40,3,3,2,1,25,84,7
3808079,0,877,0,40,2,9,2,1,53,18,7
3833124,0,877,0,40,2,1,2,1,5,67,7
3833300,0,877,0,40,2,1,2,1,5,53,7
3833575,0,877,0,40,3,1,2,1,5,54,7
3834444,0,877,0,40,3,1,2,1,5,27,7
3834836,0,877,0,40,2,1,2,1,5,16,7
3820792,0,877,0,40,2,5,2,1,12,53,7
3819838,0,877,0,40,3,4,2,1,24,45,7
3827270,0,877,0,40,3,3,2,1,10,43,7
3827574,0,877,0,40,2,2,2,1,15,39,7
3809889,0,877,0,40,3,9,2,1,39,75,7
3822156,0,877,0,40,2,4,2,1,18,35,7
3814119,0,877,0,40,3,6,2,1,32,46,7
3827140,0,877,0,40,2,4,2,1,10,59,7
3818769,0,877,0,40,3,4,2,1,37,53,7
3805662,0,877,0,40,3,3,2,1,28,23,7
3791584,0,877,0,40,2,10,2,1,82,32,7
3830359,0,877,0,40,3,2,2,1,12,41,7
3833035,0,877,0,40,2,2,2,1,6,45,7
3833812,0,877,0,40,2,2,2,1,5,39,7
3829962,0,877,0,40,3,2,2,1,14,71,7
3826733,0,877,0,40,2,4,2,1,15,57,7
3834382,0,877,0,40,2,1,2,1,4,59,7
3834671,0,877,0,40,2,1,2,1,4,33,7
3834899,0,877,0,40,2,1,2,1,4,39,7
3835060,0,877,0,40,2,1,2,1,4,43,7
3835404,0,877,0,40,2,1,2,1,4,32,7
3805824,0,877,0,40,2,1,2,1,10,22,7
3822076,0,877,0,40,2,1,2,1,33,8,7
3809655,0,877,0,40,3,7,2,1,55,50,7
3824747,0,877,0,40,2,1,2,1,27,30,7
3819629,0,877,0,40,3,2,2,1,28,44,7
3817926,0,877,0,40,3,2,2,1,39,49,7
3804741,0,877,0,40,2,2,2,1,54,14,7
3806665,0,877,0,40,3,7,2,1,58,32,7
3810854,0,877,0,40,2,5,2,1,50,50,7
3825994,0,877,0,40,2,1,2,1,22,24,7
3823870,0,877,0,40,2,2,2,1,24,39,7
3824457,0,877,0,40,2,2,2,1,25,57,7
3808035,0,877,0,40,2,1,2,1,22,46,7
3819229,0,877,0,40,3,2,2,1,33,123,7
3827827,0,877,0,40,3,1,2,1,20,48,7
3809361,0,877,0,40,2,6,2,1,51,38,7
3815364,0,877,0,40,3,4,2,1,38,68,7
3810041,0,877,0,40,2,4,2,1,60,57,7
3828950,0,877,0,40,3,1,2,1,18,34,7
3807160,0,877,0,40,2,3,2,1,26,58,7
3801539,0,877,0,40,2,5,2,1,60,53,7
3818873,0,877,0,40,3,5,2,1,26,59,7
3829387,0,877,0,40,3,1,2,1,17,14,7
3826252,0,877,0,40,2,2,2,1,18,28,7
3804506,0,877,0,40,2,4,2,1,32,64,7
3828977,0,877,0,40,2,1,2,1,16,23,7
3829662,0,877,0,40,3,1,2,1,16,42,7
3807633,0,877,0,40,2,1,2,1,21,30,7
3815275,0,877,0,40,3,6,2,1,36,44,7
3821960,0,877,0,40,3,3,2,1,23,66,7
3822607,0,877,0,40,2,3,2,1,25,27,7
3829559,0,877,0,40,2,1,2,1,15,44,7
3815392,0,877,0,40,3,4,2,1,36,48,7
3826539,0,877,0,40,2,2,2,1,18,66,7
3822119,0,877,0,40,2,2,2,1,30,40,7
3820920,0,877,0,40,2,4,2,1,24,61,7
3813810,0,877,0,40,3,7,2,1,42,78,7
3830282,0,877,0,40,2,1,2,1,14,79,7
3830512,0,877,0,40,3,1,2,1,14,88,7
3821930,0,877,0,40,3,2,2,1,25,67,7
3822684,0,877,0,40,3,3,2,1,17,31,7
3813950,0,877,0,40,3,6,2,1,44,61,7
3809435,0,877,0,40,3,6,2,1,60,95,7
3802149,0,877,0,40,2,3,2,1,21,13,7
3819058,0,877,0,40,2,3,2,1,28,63,7
3808014,0,877,0,40,3,4,2,1,33,22,7
3823487,0,877,0,40,2,4,2,1,18,17,7
3828755,0,877,0,40,2,2,2,1,13,60,7
3802051,0,877,0,40,3,3,2,1,34,59,7
3812198,0,877,0,40,2,5,2,1,45,41,7
3825684,0,877,0,40,2,2,2,1,23,23,7
3831148,0,877,0,40,2,1,2,1,12,16,7
3818760,0,877,0,40,2,5,2,1,18,18,7
3822364,0,877,0,40,3,5,2,1,21,65,7
3828076,0,877,0,40,3,2,2,1,12,83,7
3822408,0,877,0,40,3,3,2,1,24,42,7
3806816,0,877,0,40,3,3,2,1,43,56,7
3819777,0,877,0,40,3,6,2,1,22,20,7
3828261,0,877,0,40,3,2,2,1,18,31,7
3830791,0,877,0,40,2,1,2,1,11,48,7
3831729,0,877,0,40,2,1,2,1,11,25,7
3802562,0,877,0,40,2,2,2,1,14,83,7
3823421,0,877,0,40,2,3,2,1,16,49,7
3826961,0,877,0,40,2,2,2,1,16,62,7
3821565,0,877,0,40,2,2,2,1,23,55,7
3715472,0,877,0,40,3,24,2,1,150,22,7
3828040,0,877,0,40,3,2,2,1,12,38,7
3814987,0,877,0,40,2,4,2,1,35,39,7
3815389,0,877,0,40,3,4,2,1,34,47,7
3822044,0,877,0,40,2,5,2,1,19,20,7
3717170,0,877,0,40,3,24,2,1,184,41,7
3809314,0,877,0,40,2,9,2,1,46,12,7
3811738,0,877,0,40,2,7,2,1,44,51,7
3815693,0,877,0,40,3,6,2,1,31,23,7
3828016,0,877,0,40,3,2,2,1,12,16,7
3805054,0,877,0,40,3,3,2,1,18,46,7
3831082,0,877,0,40,2,1,2,1,10,41,7
3831903,0,877,0,40,2,1,2,1,10,73,7
3832098,0,877,0,40,3,1,2,1,10,35,7
3832262,0,877,0,40,3,1,2,1,10,40,7
3832418,0,877,0,40,2,1,2,1,10,38,7
3810895,0,877,0,40,2,6,2,1,40,88,7
3804735,0,877,0,40,3,6,2,1,40,40,7
3820806,0,877,0,40,2,4,2,1,19,41,7
3828784,0,877,0,40,2,2,2,1,13,60,7
3803154,0,877,0,40,2,3,2,1,17,20,7
3813753,0,877,0,40,2,6,2,1,36,22,7
3825863,0,877,0,40,2,2,2,1,18,53,7
3809709,0,877,0,40,2,10,2,1,41,41,7
3802281,0,877,0,40,3,8,2,1,20,61,7
3807892,0,877,0,40,3,4,2,1,20,68,7
3828357,0,877,0,40,3,2,2,1,16,7,7
3829776,0,877,0,40,3,2,2,1,13,53,7
3801909,0,877,0,40,2,4,2,1,39,41,7
3811352,0,877,0,40,2,8,2,1,47,18,7
3829362,0,877,0,40,2,2,2,1,14,15,7
3828054,0,877,0,40,3,3,2,1,12,26,7
3824936,0,877,0,40,3,5,2,1,16,39,7
3832967,0,877,0,40,2,1,2,1,9,21,7
3833205,0,877,0,40,2,1,2,1,9,58,7
3833255,0,877,0,40,3,1,2,1,9,12,7
3803696,0,877,0,40,2,1,2,1,11,106,7
3823456,0,877,0,40,2,3,2,1,15,49,7
3823683,0,877,0,40,3,2,2,1,21,37,7
3820954,0,877,0,40,3,3,2,1,21,33,7
3806914,0,877,0,40,2,6,2,1,57,53,7
3814518,0,877,0,40,2,7,2,1,32,15,7
3824508,0,877,0,40,3,3,2,1,13,61,7
3793339,0,877,0,40,2,7,2,1,48,45,7
3812317,0,877,0,40,3,6,2,1,50,53,7
3825340,0,877,0,40,2,2,2,1,21,49,7
3828304,0,877,0,40,3,2,2,1,14,63,7
3804083,0,877,0,40,3,5,2,1,35,47,7
3812044,0,877,0,40,2,7,2,1,45,138,7
3803041,0,877,0,40,3,5,2,1,51,57,7
3818758,0,877,0,40,2,5,2,1,24,63,7
3802953,0,877,0,40,2,4,2,1,22,52,7
3801177,0,877,0,40,3,8,2,1,48,48,7
3805836,0,877,0,40,2,5,2,1,28,28,7
3818570,0,877,0,40,3,4,2,1,29,8,7
3828995,0,877,0,40,3,3,2,1,15,38,7
3831010,0,877,0,40,2,1,2,1,8,23,7
3832930,0,877,0,40,2,1,2,1,8,66,7
3833014,0,877,0,40,2,1,2,1,8,38,7
3833676,0,877,0,40,3,1,2,1,8,65,7
3833876,0,877,0,40,3,1,2,1,8,39,7
3813355,0,877,0,40,3,4,2,1,41,103,7
3821252,0,877,0,40,3,3,2,1,26,61,7
3818633,0,877,0,40,3,4,2,1,29,57,7
3815014,0,877,0,40,2,6,2,1,27,49,7
3814035,0,877,0,40,3,5,2,1,37,52,7
3827915,0,877,0,40,2,3,2,1,9,23,7
3813011,0,877,0,40,2,8,2,1,35,29,7
3807130,0,877,0,40,2,2,2,1,10,30,7
3804235,0,877,0,40,3,3,2,1,10,21,7
3829798,0,877,0,40,2,2,2,1,12,73,7
3829109,0,877,0,40,2,3,2,1,9,39,7
3830972,0,877,0,40,3,2,2,1,8,33,7
3823749,0,877,0,40,2,4,2,1,15,13,7
3808141,0,877,0,40,2,9,2,1,47,19,7
3813413,0,877,0,40,3,4,2,1,43,68,7
3818401,0,877,0,40,2,7,2,1,22,39,7
3825761,0,877,0,40,2,3,2,1,20,42,7
3817878,0,877,0,40,2,6,2,1,30,55,7
3831779,0,877,0,40,2,1,2,1,7,74,7
3833392,0,877,0,40,2,1,2,1,7,45,7
3833995,0,877,0,40,2,1,2,1,7,66,7
3834159,0,877,0,40,2,1,2,1,7,45,7
3834323,0,877,0,40,3,1,2,1,7,72,7
3806122,0,877,0,40,2,1,2,1,8,34,7
3814428,0,877,0,40,2,3,2,1,35,38,7
3828535,0,877,0,40,3,2,2,1,10,25,7
3794236,0,877,0,40,3,10,2,1,52,30,7
3823496,0,877,0,40,2,3,2,1,21,11,7
3824570,0,877,0,40,3,3,2,1,18,71,7
3810311,0,877,0,40,3,6,2,1,49,88,7
3823868,0,877,0,40,3,4,2,1,18,38,7
3820523,0,877,0,40,3,6,2,1,19,47,7
3817207,0,877,0,40,3,5,2,1,25,68,7
3812670,0,877,0,40,3,6,2,1,31,61,7
3818132,0,877,0,40,2,4,2,1,37,63,7
3820124,0,877,0,40,3,5,2,1,15,21,7
3831794,0,877,0,40,3,2,2,1,8,70,7
3826269,0,877,0,40,3,2,2,1,21,63,7
3818063,0,877,0,40,3,3,2,1,35,50,7
3830964,0,877,0,40,3,2,2,1,11,46,7
3822775,0,877,0,40,3,4,2,1,22,30,7
3813958,0,877,0,40,2,5,2,1,45,24,7
3811805,0,877,0,40,3,8,2,1,38,44,7
3825965,0,877,0,40,3,4,2,1,13,53,7
3759750,0,877,0,40,2,17,2,1,108,37,7
3828112,0,877,0,40,3,3,2,1,11,56,7
3833703,0,877,0,40,2,1,2,1,6,63,7
3833887,0,877,0,40,2,1,2,1,6,34,7
3834032,0,877,0,40,3,1,2,1,6,54,7
3834324,0,877,0,40,2,1,2,1,6,78,7
3834590,0,877,0,40,2,1,2,1,6,72,7
3834722,0,877,0,40,2,1,2,1,6,44,7
3834752,0,877,0,40,3,1,2,1,6,66,7
3834776,0,877,0,40,2,1,2,1,6,50,7
3820402,0,877,0,40,3,3,2,1,24,33,7
3764481,0,877,0,40,3,15,2,1,96,35,7
3822390,0,877,0,40,3,4,2,1,19,73,7
3830864,0,877,0,40,3,2,2,1,6,48,7
3824037,0,877,0,40,3,3,2,1,14,45,7
3820107,0,877,0,40,2,4,2,1,20,33,7
3825069,0,877,0,40,2,3,2,1,15,50,7
3827351,0,877,0,40,3,2,2,1,11,89,7
3805224,0,877,0,40,2,8,2,1,25,25,7
3813462,0,877,0,40,2,7,2,1,32,72,7
3826398,0,877,0,40,2,3,2,1,12,43,7
3827188,0,877,0,40,2,3,2,1,14,34,7
3811252,0,877,0,40,3,5,2,1,52,55,7
3827151,0,877,0,40,2,2,2,1,18,58,7
3823363,0,877,0,40,3,4,2,1,21,33,7
3812420,0,877,0,40,2,7,2,1,40,58,7
3806044,0,877,0,40,2,8,2,1,24,30,7
3811234,0,877,0,40,3,5,2,1,53,22,7
3809746,0,877,0,40,2,7,2,1,45,37,7
3809569,0,877,0,40,2,8,2,1,47,31,7
3831080,0,877,0,40,2,2,2,1,9,58,7
3833195,0,877,0,40,2,2,2,1,6,32,7
3814820,0,877,0,40,2,4,2,1,34,52,7
3829908,0,877,0,40,2,2,2,1,14,48,7
3800505,0,877,0,40,2,3,2,1,33,91,7
3832225,0,877,0,40,2,2,2,1,9,66,7
3825076,0,877,0,40,2,5,2,1,16,43,7
3813953,0,877,0,40,2,5,2,1,39,36,7
3807734,0,877,0,40,3,10,2,1,54,30,7
3830331,0,877,0,40,2,3,2,1,9,23,7
3818507,0,877,0,40,2,4,2,1,34,49,7
3833036,0,877,0,40,2,1,2,1,5,41,7
3834374,0,877,0,40,2,1,2,1,5,27,7
3834475,0,877,0,40,2,1,2,1,5,44,7
3834607,0,877,0,40,3,1,2,1,5,59,7
3834978,0,877,0,40,2,1,2,1,5,32,7
3835154,0,877,0,40,3,1,2,1,5,34,7
3835362,0,877,0,40,3,1,2,1,5,41,7
3795651,0,877,0,40,2,7,2,1,40,40,7
3802566,0,877,0,40,3,5,2,1,42,26,7
3824537,0,877,0,40,3,3,2,1,19,45,7
3798369,0,877,0,40,2,5,2,1,22,33,7
3824184,0,877,0,40,3,3,2,1,18,10,7
3827106,0,877,0,40,3,2,2,1,12,47,7
3831644,0,877,0,40,3,2,2,1,5,40,7
3816541,0,877,0,40,2,5,2,1,32,17,7
3822097,0,877,0,40,2,5,2,1,18,45,7
3820340,0,877,0,40,2,4,2,1,23,52,7
3818652,0,877,0,40,2,4,2,1,28,38,7
3829883,0,877,0,40,3,2,2,1,10,16,7
3814997,0,877,0,40,3,5,2,1,41,87,7
3832193,0,877,0,40,3,2,2,1,6,40,7
3807997,0,877,0,40,2,7,2,1,47,25,7
3814726,0,877,0,40,2,7,2,1,34,39,7
3831212,0,877,0,40,2,2,2,1,8,136,7
3832739,0,877,0,40,2,2,2,1,5,16,7
3822182,0,877,0,40,2,4,2,1,25,42,7
3782840,0,877,0,40,2,12,2,1,61,41,7
3824639,0,877,0,40,3,4,2,1,19,48,7
3828490,0,877,0,40,2,3,2,1,12,39,7
3824312,0,877,0,40,2,5,2,1,15,20,7
3809856,0,877,0,40,2,9,2,1,29,92,7
3824020,0,877,0,40,2,4,2,1,18,23,7
3819268,0,877,0,40,2,5,2,1,22,37,7
3767369,0,877,0,40,3,13,2,1,99,43,7
3798202,0,877,0,40,2,10,2,1,70,45,7
3831388,0,877,0,40,2,2,2,1,11,41,7
3806522,0,877,0,40,2,3,2,1,42,59,7
3834861,0,877,0,40,2,1,2,1,4,41,7
3835155,0,877,0,40,2,1,2,1,4,49,7
3835576,0,877,0,40,2,1,2,1,4,54,7
3835760,0,877,0,40,3,1,2,1,4,93,7
3835804,0,877,0,40,2,1,2,1,4,24,7
3835830,0,877,0,40,2,1,2,1,4,42,7
3835866,0,877,0,40,2,1,2,1,4,40,7
3816667,0,877,0,40,2,2,2,1,45,38,7
3816094,0,877,0,40,3,3,2,1,44,108,7
3820074,0,877,0,40,3,2,2,1,37,60,7
3804966,0,877,0,40,2,6,2,1,54,47,7
3810074,0,877,0,40,2,7,2,1,49,44,7
3825573,0,877,0,40,3,1,2,1,25,33,7
3812601,0,877,0,40,3,4,2,1,46,18,7
3826770,0,877,0,40,3,1,2,1,24,33,7
3810936,0,877,0,40,3,6,2,1,56,24,7
3807219,0,877,0,40,3,3,2,1,48,29,7
3814411,0,877,0,40,2,5,2,1,39,37,7
3821445,0,877,0,40,3,3,2,1,27,39,7
3827937,0,877,0,40,3,1,2,1,21,53,7
3826652,0,877,0,40,3,2,2,1,23,77,7
3808359,0,877,0,40,3,10,2,1,57,48,7
3829022,0,877,0,40,2,1,2,1,19,37,7
3812556,0,877,0,40,3,5,2,1,45,67,7
3818153,0,877,0,40,2,3,2,1,31,40,7
3776175,0,877,0,40,3,10,2,1,73,24,7
3817818,0,877,0,40,3,3,2,1,38,28,7
3829269,0,877,0,40,3,1,2,1,18,79,7
3829507,0,877,0,40,3,1,2,1,18,39,7
3824220,0,877,0,40,3,2,2,1,21,36,7
3829434,0,877,0,40,3,1,2,1,17,73,7
3829618,0,877,0,40,3,1,2,1,17,41,7
3804996,0,877,0,40,2,1,2,1,22,49,7
3827657,0,877,0,40,2,2,2,1,18,17,7
3808264,0,877,0,40,2,9,2,1,56,54,7
3830459,0,877,0,40,3,1,2,1,16,25,7
3706350,0,877,0,40,3,25,2,1,189,32,7
3822951,0,877,0,40,2,2,2,1,23,29,7
3808752,0,877,0,40,3,3,2,1,25,44,7
3808595,0,877,0,40,2,2,2,1,17,32,7
3813977,0,877,0,40,2,7,2,1,33,51,7
3804164,0,877,0,40,3,3,2,1,34,28,7
3829829,0,877,0,40,3,1,2,1,15,15,7
3830918,0,877,0,40,3,1,2,1,15,44,7
3824490,0,877,0,40,2,2,2,1,15,28,7
3817149,0,877,0,40,2,4,2,1,27,31,7
3814872,0,877,0,40,3,4,2,1,38,55,7
3821633,0,877,0,40,3,4,2,1,28,64,7
3830917,0,877,0,40,3,1,2,1,14,31,7
3804147,0,877,0,40,2,4,2,1,38,50,7
3771436,0,877,0,40,3,10,2,1,52,62,7
3806830,0,877,0,40,3,3,2,1,29,52,7
3805402,0,877,0,40,3,5,2,1,35,38,7
3821478,0,877,0,40,2,5,2,1,23,32,7
3821095,0,877,0,40,3,3,2,1,30,25,7
3811900,0,877,0,40,2,6,2,1,45,77,7
3830571,0,877,0,40,2,1,2,1,13,24,7
3831536,0,877,0,40,3,1,2,1,13,48,7
3794259,0,877,0,40,3,3,2,1,46,16,7
3826303,0,877,0,40,3,2,2,1,17,52,7
3827829,0,877,0,40,3,2,2,1,14,23,7
3818979,0,877,0,40,3,5,2,1,28,54,7
3825410,0,877,0,40,3,3,2,1,14,57,7
3820947,0,877,0,40,3,4,2,1,27,64,7
3825569,0,877,0,40,2,3,2,1,20,13,7
3813489,0,877,0,40,3,8,2,1,38,29,7
3812143,0,877,0,40,3,5,2,1,46,72,7
3807770,0,877,0,40,2,9,2,1,56,74,7
3813378,0,877,0,40,3,7,2,1,30,26,7
3831278,0,877,0,40,3,1,2,1,12,49,7
3832095,0,877,0,40,3,1,2,1,12,55,7
3768176,0,877,0,40,3,12,2,1,82,11,7
3803176,0,877,0,40,2,7,2,1,53,18,7
3820976,0,877,0,40,3,3,2,1,27,46,7
3807695,0,877,0,40,3,2,2,1,15,56,7
3822719,0,877,0,40,2,3,2,1,25,53,7
3820192,0,877,0,40,2,3,2,1,34,40,7
3815360,0,877,0,40,3,4,2,1,40,31,7
3819947,1,877,860,40,2,4,2,1,21,54,7
3811886,0,877,0,40,3,7,2,1,43,33,7
3829753,0,877,0,40,2,1,2,1,11,34,7
3832074,0,877,0,40,3,1,2,1,11,27,7
3832198,0,877,0,40,3,1,2,1,11,45,7
3832608,0,877,0,40,2,1,2,1,11,63,7
3832764,0,877,0,40,3,1,2,1,11,43,7
3802882,0,877,0,40,3,5,2,1,32,44,7
3813176,0,877,0,40,3,6,2,1,35,40,7
3820068,0,877,0,40,3,5,2,1,21,23,7
3804817,0,877,0,40,3,4,2,1,32,60,7
3823566,0,877,0,40,3,3,2,1,18,42,7
3799694,0,877,0,40,2,5,2,1,59,25,7
3827500,0,877,0,40,3,2,2,1,17,67,7
3774916,0,877,0,40,3,14,2,1,87,34,7
3825145,0,877,0,40,3,3,2,1,22,70,7
3814248,0,877,0,40,3,5,2,1,39,36,7
3826283,0,877,0,40,2,3,2,1,18,52,7
3814406,0,877,0,40,2,4,2,1,36,93,7
3803431,0,877,0,40,2,3,2,1,24,39,7
3805977,0,877,0,40,2,5,2,1,39,49,7
3827704,0,877,0,40,2,3,2,1,15,40,7
3812587,0,877,0,40,2,5,2,1,49,36,7
3831944,0,877,0,40,3,1,2,1,10,48,7
3833043,0,877,0,40,2,1,2,1,10,60,7
3833237,0,877,0,40,2,1,2,1,10,37,7
3833299,0,877,0,40,3,1,2,1,10,32,7
3808999,0,877,0,40,3,2,2,1,12,68,7
3819405,0,877,0,40,3,3,2,1,29,36,7
3807976,0,877,0,40,2,10,2,1,46,33,7
3817183,0,877,0,40,3,5,2,1,25,45,7
3822925,0,877,0,40,2,3,2,1,25,26,7
3809088,0,877,0,40,2,10,2,1,51,28,7
3827177,0,877,0,40,3,3,2,1,13,51,7
3806478,0,877,0,40,2,3,2,1,30,28,7
3825318,0,877,0,40,2,4,2,1,15,10,7
3807379,0,877,0,40,2,8,2,1,35,71,7
3829345,0,877,0,40,2,3,2,1,13,82,7
3826117,0,877,0,40,3,2,2,1,22,39,7
3819905,0,877,0,40,3,3,2,1,34,40,7
3807197,0,877,0,40,3,5,2,1,42,42,7
3831584,0,877,0,40,3,2,2,1,10,47,7
3807719,0,877,0,40,2,7,2,1,68,60,7
3828392,0,877,0,40,2,2,2,1,18,37,7
3805421,0,877,0,40,2,4,2,1,23,67,7
3826150,0,877,0,40,2,4,2,1,15,39,7
3832156,0,877,0,40,2,1,2,1,9,49,7
3832465,0,877,0,40,2,1,2,1,9,46,7
3832673,0,877,0,40,3,1,2,1,9,51,7
3832918,0,877,0,40,2,1,2,1,9,53,7
3833174,0,877,0,40,3,1,2,1,9,40,7
3833562,0,877,0,40,2,1,2,1,9,134,7
3767703,0,877,0,40,3,14,2,1,64,48,7
3820641,0,877,0,40,2,3,2,1,26,29,7
3825992,0,877,0,40,3,2,2,1,16,41,7
3823582,0,877,0,40,2,3,2,1,22,13,7
3819389,0,877,0,40,2,4,2,1,23,50,7
3818434,0,877,0,40,3,5,2,1,24,68,7
3828661,0,877,0,40,3,2,2,1,9,43,7
3808518,0,877,0,40,2,4,2,1,29,44,7
3808698,0,877,0,40,2,6,2,1,33,24,7
3814967,0,877,0,40,2,6,2,1,30,50,7
3816406,0,877,0,40,2,5,2,1,24,22,7
3758431,1,877,570,40,2,14,2,1,122,47,7
3831369,0,877,0,40,2,2,2,1,10,48,7
3822239,0,877,0,40,2,4,2,1,18,45,7
3822671,0,877,0,40,3,4,2,1,26,24,7
3824645,0,877,0,40,3,4,2,1,19,52,7
3823908,0,877,0,40,2,4,2,1,21,85,7
3811878,0,877,0,40,2,8,2,1,36,39,7
3820057,0,877,0,40,2,6,2,1,26,40,7
3819535,0,877,0,40,3,5,2,1,29,41,7
3831438,0,877,0,40,3,2,2,1,11,64,7
3831523,0,877,0,40,2,1,2,1,8,29,7
3833400,0,877,0,40,3,1,2,1,8,29,7
3834107,0,877,0,40,2,1,2,1,8,28,7
3834215,0,877,0,40,3,1,2,1,8,36,7
3834263,0,877,0,40,3,1,2,1,8,56,7
3801878,0,877,0,40,2,4,2,1,31,51,7
3825825,0,877,0,40,2,2,2,1,16,43,7
3828103,0,877,0,40,2,2,2,1,13,64,7
3822139,0,877,0,40,3,3,2,1,19,56,7
3814160,0,877,0,40,2,7,2,1,34,54,7
3826732,0,877,0,40,2,3,2,1,13,54,7
3811375,0,877,0,40,3,7,2,1,39,56,7
3825620,0,877,0,40,3,3,2,1,11,13,7
3817566,0,877,0,40,3,5,2,1,28,52,7
3811302,0,877,0,40,3,6,2,1,47,27,7
3809758,0,877,0,40,2,10,2,1,49,74,7
3809879,0,877,0,40,3,7,2,1,57,65,7
3826944,0,877,0,40,3,3,2,1,12,81,7
3806690,0,877,0,40,3,5,2,1,35,25,7
3813756,0,877,0,40,2,9,2,1,31,17,7
3821576,0,877,0,40,3,4,2,1,24,40,7
3829271,0,877,0,40,2,3,2,1,13,61,7
3807575,0,877,0,40,3,9,2,1,57,31,7
3810210,0,877,0,40,2,8,2,1,37,18,7
3819684,0,877,0,40,2,4,2,1,30,60,7
3813603,0,877,0,40,3,7,2,1,36,94,7
3829306,0,877,0,40,3,2,2,1,15,45,7
3816179,0,877,0,40,2,7,2,1,34,64,7
3815515,0,877,0,40,3,7,2,1,39,40,7
3824409,0,877,0,40,3,5,2,1,17,23,7
3833455,0,877,0,40,2,1,2,1,7,15,7
3834112,0,877,0,40,2,1,2,1,7,67,7
3834312,0,877,0,40,2,1,2,1,7,38,7
3834748,0,877,0,40,2,1,2,1,7,61,7
3834900,0,877,0,40,3,1,2,1,7,34,7
3825485,0,877,0,40,2,3,2,1,12,25,7
3806465,0,877,0,40,2,8,2,1,38,38,7
3815096,0,877,0,40,2,4,2,1,38,51,7
3811018,0,877,0,40,3,7,2,1,45,39,7
3810919,0,877,0,40,3,6,2,1,53,41,7
3818831,0,877,0,40,2,3,2,1,35,49,7
3822734,0,877,0,40,2,4,2,1,19,31,7
3820840,0,877,0,40,2,3,2,1,27,50,7
3821607,0,877,0,40,3,3,2,1,24,106,7
3830630,0,877,0,40,2,2,2,1,10,28,7
3822524,0,877,0,40,2,5,2,1,14,63,7
3827661,0,877,0,40,3,4,2,1,9,30,7
3822019,0,877,0,40,2,3,2,1,27,55,7
3817938,0,877,0,40,3,5,2,1,30,83,7
3825695,0,877,0,40,2,3,2,1,15,52,7
3818999,0,877,0,40,3,6,2,1,20,25,7
3826365,0,877,0,40,3,4,2,1,10,36,7
3819305,0,877,0,40,3,3,2,1,33,21,7
3815308,0,877,0,40,3,7,2,1,35,53,7
3828845,0,877,0,40,2,2,2,1,12,39,7
3831592,0,877,0,40,3,2,2,1,10,36,7
3822817,0,877,0,40,3,5,2,1,19,56,7
3818363,0,877,0,40,2,4,2,1,32,51,7
3817525,0,877,0,40,2,3,2,1,36,28,7
3821308,0,877,0,40,2,4,2,1,29,22,7
3818149,0,877,0,40,2,5,2,1,24,46,7
3825185,0,877,0,40,2,3,2,1,21,96,7
3805273,0,877,0,40,2,9,2,1,43,53,7
3816081,0,877,0,40,3,4,2,1,40,41,7
3809096,0,877,0,40,2,9,2,1,58,72,7
3831503,0,877,0,40,2,2,2,1,10,15,7
3833356,0,877,0,40,3,1,2,1,6,59,7
3833907,0,877,0,40,2,1,2,1,6,37,7
3834318,0,877,0,40,2,1,2,1,6,45,7
3834435,0,877,0,40,2,1,2,1,6,31,7
3834903,0,877,0,40,2,1,2,1,6,52,7
3834964,0,877,0,40,2,1,2,1,6,42,7
3835012,0,877,0,40,3,1,2,1,6,81,7
3835122,0,877,0,40,3,1,2,1,6,31,7
3771990,0,877,0,40,2,7,2,1,59,50,7
3804016,0,877,0,40,3,3,2,1,18,41,7
3807722,0,877,0,40,3,10,2,1,51,16,7
3813642,0,877,0,40,2,6,2,1,28,60,7
3804192,0,877,0,40,2,5,2,1,33,67,7
3813213,0,877,0,40,2,5,2,1,31,24,7
3820628,0,877,0,40,2,5,2,1,19,38,7
3821081,0,877,0,40,3,4,2,1,19,17,7
3828220,0,877,0,40,2,3,2,1,7,93,7
3820262,0,877,0,40,2,5,2,1,15,32,7
3830274,0,877,0,40,2,2,2,1,9,30,7
3803619,0,877,0,40,2,6,2,1,24,57,7
3828429,0,877,0,40,3,3,2,1,10,40,7
3820511,0,877,0,40,2,6,2,1,15,33,7
3827180,0,877,0,40,3,2,2,1,17,80,7
3813094,0,877,0,40,3,6,2,1,40,80,7
3829777,0,877,0,40,2,2,2,1,9,53,7
3807771,0,877,0,40,2,3,2,1,24,87,7
3820580,0,877,0,40,2,3,2,1,31,43,7
3827257,0,877,0,40,2,2,2,1,17,72,7
3817026,0,877,0,40,3,4,2,1,24,28,7
3816395,0,877,0,40,2,4,2,1,38,44,7
3833027,0,877,0,40,3,2,2,1,6,42,7
3809116,0,877,0,40,2,7,2,1,62,38,7
3808643,0,877,0,40,3,7,2,1,52,51,7
3808832,0,877,0,40,2,9,2,1,37,28,7
3820088,0,877,0,40,3,4,2,1,26,31,7
3829872,0,877,0,40,3,2,2,1,15,54,7
3817284,0,877,0,40,2,6,2,1,25,79,7
3823877,0,877,0,40,2,3,2,1,22,64,7
3821477,0,877,0,40,3,4,2,1,23,28,7
3830236,0,877,0,40,3,2,2,1,11,18,7
3831932,0,877,0,40,2,3,2,1,11,55,7
3805105,0,877,0,40,3,5,2,1,41,50,7
3833372,0,877,0,40,3,1,2,1,5,33,7
3834517,0,877,0,40,3,1,2,1,5,23,7
3834765,0,877,0,40,3,1,2,1,5,25,7
3834927,0,877,0,40,2,1,2,1,5,37,7
3835031,0,877,0,40,3,1,2,1,5,38,7
3835195,0,877,0,40,3,1,2,1,5,53,7
3835510,0,877,0,40,3,1,2,1,5,34,7
3835670,0,877,0,40,2,1,2,1,5,47,7
3835726,0,877,0,40,2,1,2,1,5,41,7
3835850,0,877,0,40,3,1,2,1,5,28,7
3835906,0,877,0,40,3,1,2,1,5,14,7
3835978,0,877,0,40,3,1,2,1,5,47,7
3817018,0,877,0,40,3,5,2,1,19,13,7
3821580,0,877,0,40,3,5,2,1,19,28,7
3808729,0,877,0,40,2,8,2,1,40,69,7
3825726,0,877,0,40,3,3,2,1,14,31,7
3825195,0,877,0,40,3,3,2,1,16,33,7
3830798,0,877,0,40,2,2,2,1,7,28,7
3820502,0,877,0,40,2,5,2,1,17,21,7
3819537,0,877,0,40,2,4,2,1,21,58,7
3818446,0,877,0,40,3,6,2,1,26,33,7
3829021,0,877,0,40,3,3,2,1,10,22,7
3804624,0,877,0,40,3,5,2,1,17,38,7
3819130,0,877,0,40,2,4,2,1,23,16,7
3824705,0,877,0,40,2,3,2,1,21,49,7
3805698,0,877,0,40,2,6,2,1,39,18,7
3741240,0,877,0,40,2,21,2,1,104,25,7
3813873,0,877,0,40,3,6,2,1,26,40,7
3805690,0,877,0,40,2,3,2,1,13,40,7
3818672,0,877,0,40,2,7,2,1,27,38,7
3803184,0,877,0,40,2,7,2,1,26,55,7
3823478,0,877,0,40,3,4,2,1,20,44,7
3830992,0,877,0,40,2,2,2,1,9,30,7
3818189,0,877,0,40,3,6,2,1,24,23,7
3770264,0,877,0,40,3,10,2,1,101,22,7
3816790,0,877,0,40,3,4,2,1,33,59,7
3812311,0,877,0,40,3,9,2,1,37,14,7
3832383,0,877,0,40,2,2,2,1,9,58,7
3830002,0,877,0,40,2,3,2,1,8,79,7
3808871,0,877,0,40,3,9,2,1,48,35,7
3807925,0,877,0,40,2,3,2,1,16,61,7
3811895,0,877,0,40,3,6,2,1,49,28,7
3804185,0,877,0,40,3,3,2,1,28,89,7
3810532,0,877,0,40,3,6,2,1,48,24,7
3833830,0,877,0,40,3,2,2,1,7,44,7
3804257,0,877,0,40,2,5,2,1,28,36,7
3828252,0,877,0,40,2,2,2,1,18,33,7
3830312,0,877,0,40,2,2,2,1,13,48,7
3829588,0,877,0,40,2,3,2,1,14,94,7
3835426,0,877,0,40,2,2,2,1,6,54,7
3833994,0,877,0,40,2,1,2,1,4,26,7
3835721,0,877,0,40,3,1,2,1,4,71,7
3835781,0,877,0,40,3,1,2,1,4,31,7
3835841,0,877,0,40,3,1,2,1,4,49,7
3835994,0,877,0,40,2,1,2,1,4,37,7
3836164,0,877,0,40,3,1,2,1,4,41,7
3836304,0,877,0,40,3,1,2,1,4,46,7
3836370,0,877,0,40,2,1,2,1,4,38,7
3836422,0,877,0,40,3,1,2,1,4,28,7
3813332,0,877,0,40,3,3,2,1,53,36,7
3802561,0,877,0,40,3,3,2,1,35,51,7
3815852,0,877,0,40,3,3,2,1,43,37,7
3823293,0,877,0,40,3,2,2,1,28,26,7
3805776,0,877,0,40,2,6,2,1,49,66,7
3804702,0,877,0,40,2,1,2,1,23,29,7
3822425,0,877,0,40,2,2,2,1,29,65,7
3802666,0,877,0,40,2,2,2,1,30,57,7
3806674,0,877,0,40,3,2,2,1,27,31,7
3811571,0,877,0,40,2,6,2,1,50,71,7
3814763,0,877,0,40,2,5,2,1,41,50,7
3828148,0,877,0,40,2,1,2,1,20,40,7
3828620,0,877,0,40,2,1,2,1,20,47,7
3805257,0,877,0,40,3,2,2,1,24,55,7
3819155,0,877,0,40,2,3,2,1,38,55,7
3815137,0,877,0,40,3,4,2,1,43,41,7
3829495,0,877,0,40,3,1,2,1,19,53,7
3807547,0,877,0,40,2,9,2,1,54,39,7
3825752,0,877,0,40,2,3,2,1,27,33,7
3800133,0,877,0,40,2,4,2,1,40,71,7
3824171,0,877,0,40,2,3,2,1,19,59,7
3821099,0,877,0,40,3,2,2,1,34,28,7
3813918,0,877,0,40,3,7,2,1,43,55,7
3828577,0,877,0,40,3,2,2,1,17,73,7
3813310,0,877,0,40,2,7,2,1,36,44,7
3824480,0,877,0,40,2,3,2,1,22,24,7
3826212,0,877,0,40,2,2,2,1,18,42,7
3816595,0,877,0,40,2,6,2,1,30,56,7
3808258,0,877,0,40,2,8,2,1,62,47,7
3810876,0,877,0,40,3,7,2,1,50,42,7
3831323,0,877,0,40,2,1,2,1,15,32,7
3822912,0,877,0,40,3,2,2,1,24,35,7
3828379,0,877,0,40,2,2,2,1,16,28,7
3826100,0,877,0,40,2,2,2,1,21,47,7
3800931,0,877,0,40,2,2,2,1,25,45,7
3821353,0,877,0,40,3,4,2,1,25,49,7
3808744,0,877,0,40,2,9,2,1,54,50,7
3831626,0,877,0,40,2,1,2,1,14,126,7
3815460,0,877,0,40,3,4,2,1,28,55,7
3812053,0,877,0,40,2,7,2,1,49,53,7
3812924,0,877,0,40,3,5,2,1,43,36,7
3828885,0,877,0,40,2,2,2,1,16,48,7
3823817,0,877,0,40,3,4,2,1,25,79,7
3811438,0,877,0,40,3,9,2,1,48,59,7
3831553,0,877,0,40,2,1,2,1,13,56,7
3812247,0,877,0,40,3,6,2,1,37,11,7
3813957,0,877,0,40,2,6,2,1,43,43,7
3820474,0,877,0,40,2,4,2,1,23,36,7
3817304,0,877,0,40,3,6,2,1,35,13,7
3818020,0,877,0,40,3,5,2,1,37,27,7
3821056,0,877,0,40,3,2,2,1,37,45,7
3801391,0,877,0,40,2,6,2,1,42,58,7
3818399,0,877,0,40,3,5,2,1,33,35,7
3831098,0,877,0,40,2,1,2,1,12,39,7
3832436,0,877,0,40,3,1,2,1,12,61,7
3832572,0,877,0,40,3,1,2,1,12,44,7
3832668,0,877,0,40,2,1,2,1,12,10,7
3820526,0,877,0,40,3,4,2,1,18,40,7
3820933,0,877,0,40,2,3,2,1,28,70,7
3818690,0,877,0,40,3,3,2,1,36,49,7
3816280,0,877,0,40,3,5,2,1,40,48,7
3820418,0,877,0,40,3,5,2,1,23,47,7
3821189,0,877,0,40,2,3,2,1,29,19,7
3807642,0,877,0,40,2,6,2,1,36,55,7
3832208,0,877,0,40,3,1,2,1,11,40,7
3832723,0,877,0,40,3,1,2,1,11,31,7
3833261,0,877,0,40,3,1,2,1,11,49,7
3820547,0,877,0,40,2,5,2,1,19,34,7
3814288,0,877,0,40,3,5,2,1,43,16,7
3828415,0,877,0,40,2,2,2,1,14,22,7
3801917,0,877,0,40,2,6,2,1,69,18,7
3805775,0,877,0,40,3,3,2,1,25,29,7
3823584,0,877,0,40,2,4,2,1,23,47,7
3812844,0,877,0,40,3,3,2,1,50,47,7
3818155,0,877,0,40,2,6,2,1,33,43,7
3817023,0,877,0,40,3,4,2,1,32,72,7
3829661,0,877,0,40,2,2,2,1,12,52,7
3813922,0,877,0,40,2,7,2,1,41,46,7
3819966,0,877,0,40,2,3,2,1,30,36,7
3801652,0,877,0,40,2,5,2,1,39,24,7
3805569,0,877,0,40,2,6,2,1,47,73,7
3818870,0,877,0,40,3,4,2,1,26,62,7
3809312,0,877,0,40,2,4,2,1,70,38,7
3832473,0,877,0,40,2,1,2,1,10,46,7
3833468,0,877,0,40,2,1,2,1,10,28,7
3812360,0,877,0,40,2,7,2,1,35,47,7
3812550,0,877,0,40,2,3,2,1,50,50,7
3814174,0,877,0,40,3,6,2,1,43,30,7
3830151,0,877,0,40,2,2,2,1,12,59,7
3829861,0,877,0,40,3,2,2,1,11,36,7
3816422,0,877,0,40,2,4,2,1,29,37,7
3804135,0,877,0,40,2,7,2,1,40,58,7
3809942,0,877,0,40,3,7,2,1,52,26,7
3807151,0,877,0,40,2,2,2,1,17,36,7
3799877,0,877,0,40,2,5,2,1,44,32,7
3811384,0,877,0,40,3,8,2,1,46,31,7
3816977,0,877,0,40,2,6,2,1,31,26,7
3822109,0,877,0,40,3,4,2,1,16,52,7
3824193,0,877,0,40,3,2,2,1,28,101,7
3803340,0,877,0,40,3,3,2,1,21,85,7
3831535,0,877,0,40,3,2,2,1,10,76,7
3805183,0,877,0,40,3,7,2,1,43,24,7
3804674,0,877,0,40,3,2,2,1,14,41,7
3821376,0,877,0,40,2,4,2,1,25,50,7
3832164,0,877,0,40,3,1,2,1,9,50,7
3833569,0,877,0,40,2,1,2,1,9,17,7
3833971,0,877,0,40,3,1,2,1,9,85,7
3810578,0,877,0,40,2,6,2,1,35,48,7
3820937,0,877,0,40,2,4,2,1,24,79,7
3808584,0,877,0,40,3,7,2,1,58,22,7
3812797,0,877,0,40,3,6,2,1,42,33,7
3830670,0,877,0,40,2,2,2,1,9,46,7
3811737,0,877,0,40,3,7,2,1,36,44,7
3826557,0,877,0,40,3,3,2,1,12,25,7
3823863,0,877,0,40,2,3,2,1,21,78,7
3815510,0,877,0,40,2,5,2,1,29,47,7
3830629,0,877,0,40,2,2,2,1,11,59,7
3829196,0,877,0,40,3,2,2,1,9,62,7
3827333,0,877,0,40,3,2,2,1,19,56,7
3823907,0,877,0,40,3,4,2,1,12,54,7
3797722,0,877,0,40,2,8,2,1,36,27,7
3807491,0,877,0,40,3,7,2,1,64,47,7
3810794,0,877,0,40,2,8,2,1,52,37,7
3808949,0,877,0,40,3,7,2,1,64,54,7
3829930,0,877,0,40,3,3,2,1,13,22,7
3820151,0,877,0,40,3,5,2,1,22,33,7
3789750,0,877,0,40,2,12,2,1,73,37,7
3826410,0,877,0,40,3,3,2,1,19,62,7
3825141,0,877,0,40,3,3,2,1,20,38,7
3833028,0,877,0,40,2,1,2,1,8,64,7
3834340,0,877,0,40,2,1,2,1,8,29,7
3834516,0,877,0,40,3,1,2,1,8,16,7
3834568,0,877,0,40,3,1,2,1,8,23,7
3804061,0,877,0,40,3,2,2,1,19,36,7
3814068,0,877,0,40,2,4,2,1,40,78,7
3806751,0,877,0,40,3,3,2,1,24,15,7
3808980,0,877,0,40,3,3,2,1,18,14,7
3829322,0,877,0,40,3,2,2,1,12,67,7
3816540,0,877,0,40,2,6,2,1,27,19,7
3795206,0,877,0,40,3,7,2,1,31,30,7
3823530,0,877,0,40,3,2,2,1,27,71,7
3810888,0,877,0,40,3,6,2,1,53,28,7
3824530,0,877,0,40,2,3,2,1,19,20,7
3825035,0,877,0,40,2,3,2,1,17,62,7
3805928,0,877,0,40,2,3,2,1,34,46,7
3825585,0,877,0,40,2,3,2,1,22,47,7
3804306,0,877,0,40,3,5,2,1,17,129,7
3811641,0,877,0,40,3,7,2,1,41,40,7
3764168,0,877,0,40,2,11,2,1,80,87,7
3815529,0,877,0,40,2,8,2,1,24,34,7
3821622,0,877,0,40,3,4,2,1,29,32,7
3821839,0,877,0,40,2,4,2,1,24,69,7
3821175,0,877,0,40,3,4,2,1,25,71,7
3818435,0,877,0,40,2,5,2,1,28,56,7
3833115,0,877,0,40,3,2,2,1,9,22,7
3815604,0,877,0,40,3,4,2,1,45,24,7
3830159,0,877,0,40,3,2,2,1,16,42,7
3829748,0,877,0,40,3,3,2,1,11,22,7
3833747,0,877,0,40,3,1,2,1,7,36,7
3834046,0,877,0,40,3,1,2,1,7,10,7
3834875,0,877,0,40,3,1,2,1,7,44,7
3835024,0,877,0,40,3,1,2,1,7,16,7
3835246,2,877,0,40,2,1,2,1,7,30,7
3835324,0,877,0,40,3,1,2,1,7,68,7
3800993,0,877,0,40,3,1,2,1,11,53,7
3808285,0,877,0,40,3,1,2,1,7,72,7
3804892,0,877,0,40,3,3,2,1,22,27,7
3820672,0,877,0,40,2,3,2,1,26,34,7
3828399,0,877,0,40,2,2,2,1,14,33,7
3831039,0,877,0,40,2,2,2,1,8,83,7
3831570,0,877,0,40,2,2,2,1,8,16,7
3805729,0,877,0,40,3,5,2,1,29,87,7
3805999,0,877,0,40,3,4,2,1,23,9,7
3782427,0,877,0,40,2,12,2,1,63,35,7
3832145,0,877,0,40,2,2,2,1,8,43,7
3789576,0,877,0,40,3,12,2,1,86,109,7
3818885,0,877,0,40,2,5,2,1,20,45,7
3829520,0,877,0,40,3,2,2,1,8,59,7
3823543,0,877,0,40,3,3,2,1,18,30,7
3825662,0,877,0,40,3,4,2,1,18,40,7
3819246,0,877,0,40,3,5,2,1,32,33,7
3825642,0,877,0,40,2,4,2,1,12,46,7
3828854,0,877,0,40,2,2,2,1,18,83,7
3830556,0,877,0,40,2,3,2,1,11,51,7
3829070,1,877,859,39.6778,2,3,2,1,10,14,7
3782388,0,877,0,40,3,14,2,1,67,16,7
3819173,0,877,0,40,3,5,2,1,28,125,7
3827230,0,877,0,40,3,4,2,1,11,33,7
3834242,0,877,0,40,3,1,2,1,6,16,7
3834797,0,877,0,40,3,1,2,1,6,31,7
3835083,0,877,0,40,3,1,2,1,6,35,7
3835436,0,877,0,40,2,1,2,1,6,42,7
3835500,0,877,0,40,3,1,2,1,6,75,7
3835616,0,877,0,40,2,1,2,1,6,55,7
3835674,0,877,0,40,2,1,2,1,6,15,7
3835752,0,877,0,40,2,1,2,1,6,33,7
3835780,0,877,0,40,3,1,2,1,6,64,7
3835828,0,877,0,40,2,1,2,1,6,27,7
3835854,0,877,0,40,2,1,2,1,6,24,7
3835912,0,877,0,40,3,1,2,1,6,63,7
3808186,0,877,0,40,2,1,2,1,9,49,7
3806305,0,877,0,40,2,6,2,1,35,52,7
3819977,0,877,0,40,2,3,2,1,25,28,7
3821379,0,877,0,40,3,5,2,1,13,49,7
3831525,0,877,0,40,2,2,2,1,6,16,7
3830827,0,877,0,40,2,2,2,1,8,25,7
3823495,0,877,0,40,3,4,2,1,14,47,7
3788803,0,877,0,40,2,7,2,1,52,46,7
3821646,0,877,0,40,2,3,2,1,28,40,7
3832167,0,877,0,40,3,2,2,1,8,26,7
3806917,0,877,0,40,3,5,2,1,37,47,7
3815979,0,877,0,40,3,5,2,1,36,52,7
3815103,0,877,0,40,3,4,2,1,43,14,7
3810621,0,877,0,40,3,7,2,1,53,44,7
3828292,0,877,0,40,2,3,2,1,14,51,7
3823131,0,877,0,40,3,5,2,1,14,29,7
3823013,0,877,0,40,2,4,2,1,20,61,7
3821745,0,877,0,40,2,4,2,1,22,59,7
3811465,0,877,0,40,3,7,2,1,46,44,7
3833848,0,877,0,40,3,2,2,1,6,25,7
3828895,0,877,0,40,3,2,2,1,16,57,7
3784558,0,877,0,40,2,11,2,1,65,16,7
3817517,0,877,0,40,3,7,2,1,24,37,7
3825179,0,877,0,40,3,4,2,1,20,52,7
3795270,0,877,0,40,2,9,2,1,42,27,7
3826847,0,877,0,40,3,4,2,1,11,36,7
3832478,0,877,0,40,2,2,2,1,10,36,7
3834369,0,877,0,40,3,2,2,1,7,76,7
3811350,0,877,0,40,3,8,2,1,41,92,7
3833708,0,877,0,40,2,2,2,1,9,49,7
3833960,0,877,0,40,3,2,2,1,7,11,7
3803380,0,877,0,40,2,2,2,1,31,49,7
3835145,0,877,0,40,2,1,2,1,5,66,7
3835865,0,877,0,40,2,1,2,1,5,98,7
3835885,0,877,0,40,2,1,2,1,5,81,7
3836200,0,877,0,40,2,1,2,1,5,69,7
3836316,0,877,0,40,2,1,2,1,5,42,7
3826399,0,877,0,40,2,2,2,1,10,56,7
3823734,0,877,0,40,2,4,2,1,13,51,7
3831073,0,877,0,40,3,2,2,1,5,30,7
3809241,0,877,0,40,3,5,2,1,17,91,7
3829568,0,877,0,40,3,2,2,1,11,62,7
3808716,0,877,0,40,2,10,2,1,42,33,7
3820137,0,877,0,40,2,4,2,1,22,35,7
3809484,0,877,0,40,2,6,2,1,51,29,7
3810539,0,877,0,40,3,5,2,1,52,35,7
3804250,0,877,0,40,2,8,2,1,48,39,7
3807710,0,877,0,40,3,5,2,1,24,27,7
3824380,0,877,0,40,3,4,2,1,17,12,7
3792429,0,877,0,40,2,10,2,1,43,35,7
3822916,0,877,0,40,3,3,2,1,14,49,7
3805310,0,877,0,40,3,6,2,1,40,29,7
3819828,0,877,0,40,3,6,2,1,19,75,7
3814994,0,877,0,40,3,7,2,1,30,19,7
3832332,0,877,0,40,2,2,2,1,5,52,7
3811841,0,877,0,40,3,6,2,1,45,46,7
3821135,0,877,0,40,2,4,2,1,27,48,7
3823444,0,877,0,40,3,4,2,1,20,62,7
3828372,0,877,0,40,3,3,2,1,14,49,7
3829379,0,877,0,40,2,4,2,1,11,59,7
3830147,0,877,0,40,3,4,2,1,11,20,7
3820417,0,877,0,40,2,4,2,1,26,25,7
3822777,0,877,0,40,2,4,2,1,23,57,7
3809952,0,877,0,40,3,7,2,1,51,56,7
3807123,0,877,0,40,2,4,2,1,22,49,7
3827129,0,877,0,40,3,3,2,1,11,49,7
3826242,0,877,0,40,2,5,2,1,14,65,7
3824036,0,877,0,40,3,4,2,1,22,9,7
3825677,0,877,0,40,2,3,2,1,12,32,7
3805510,0,877,0,40,3,4,2,1,15,24,7
3829648,0,877,0,40,3,3,2,1,14,15,7
3828825,0,877,0,40,3,3,2,1,12,64,7
3824744,0,877,0,40,2,4,2,1,18,24,7
3816733,0,877,0,40,2,6,2,1,37,46,7
3832992,0,877,0,40,2,2,2,1,8,59,7
3809639,0,877,0,40,3,7,2,1,56,37,7
3833292,0,877,0,40,2,2,2,1,6,23,7
3807337,0,877,0,40,3,2,2,1,18,62,7
3835181,0,877,0,40,2,1,2,1,4,30,7
3835539,0,877,0,40,2,1,2,1,4,39,7
3836027,0,877,0,40,3,1,2,1,4,33,7
3836107,0,877,0,40,2,1,2,1,4,55,7
3836443,0,877,0,40,2,1,2,1,4,48,7
3836467,0,877,0,40,3,1,2,1,4,52,7
3836551,0,877,0,40,2,1,2,1,4,17,7
3836685,0,877,0,40,2,1,2,1,4,72,7
3836851,0,877,0,40,2,1,2,1,4,117,7
3836953,0,877,0,40,2,1,2,1,4,33,7
3837007,0,877,0,40,3,1,2,1,4,52,7
3802969,0,877,0,40,2,1,2,1,35,27,7
3812815,0,877,0,40,2,4,2,1,53,20,7
3816304,0,877,0,40,2,3,2,1,43,31,7
3821183,0,877,0,40,2,3,2,1,26,31,7
3824609,0,877,0,40,2,2,2,1,26,23,7
3811828,0,877,0,40,2,9,2,1,40,75,7
3813313,0,877,0,40,3,5,2,1,43,34,7
3810413,0,877,0,40,3,6,2,1,46,46,7
3819681,0,877,0,40,2,3,2,1,32,41,7
3827599,0,877,0,40,2,1,2,1,21,45,7
3826434,0,877,0,40,3,2,2,1,21,20,7
3818201,0,877,0,40,2,4,2,1,30,44,7
3829231,0,877,0,40,2,1,2,1,20,44,7
3806389,0,877,0,40,2,1,2,1,27,53,7
3811213,0,877,0,40,3,2,2,1,66,38,7
3805227,0,877,0,40,3,4,2,1,52,22,7
3826034,0,877,0,40,3,2,2,1,22,48,7
3800765,0,877,0,40,2,4,2,1,46,62,7
3815816,0,877,0,40,3,4,2,1,44,89,7
3825908,0,877,0,40,2,2,2,1,22,29,7
3818782,0,877,0,40,3,4,2,1,28,55,7
3830462,0,877,0,40,2,1,2,1,17,64,7
3821107,0,877,0,40,2,2,2,1,31,50,7
3827640,0,877,0,40,2,2,2,1,18,44,7
3824845,0,877,0,40,3,2,2,1,26,45,7
3811417,0,877,0,40,3,7,2,1,41,33,7
3831075,0,877,0,40,3,1,2,1,16,46,7
3810819,0,877,0,40,3,4,2,1,53,19,7
3821752,0,877,0,40,2,2,2,1,30,56,7
3822888,0,877,0,40,2,3,2,1,20,42,7
3818810,0,877,0,40,2,3,2,1,32,50,7
3810832,0,877,0,40,3,6,2,1,45,48,7
3813734,0,877,0,40,2,4,2,1,51,64,7
3819477,0,877,0,40,2,3,2,1,35,49,7
3811636,0,877,0,40,3,5,2,1,50,30,7
3820935,0,877,0,40,3,4,2,1,31,23,7
3812932,0,877,0,40,2,6,2,1,39,97,7
3829085,0,877,0,40,3,2,2,1,14,43,7
3827251,0,877,0,40,2,2,2,1,18,40,7
3810861,0,877,0,40,3,6,2,1,49,65,7
3826031,0,877,0,40,3,3,2,1,17,26,7
3822591,0,877,0,40,3,2,2,1,33,89,7
3801928,0,877,0,40,2,5,2,1,43,48,7
3832738,0,877,0,40,3,1,2,1,13,43,7
3798135,0,877,0,40,3,5,2,1,41,51,7
3817173,0,877,0,40,3,5,2,1,29,58,7
3803166,0,877,0,40,3,4,2,1,33,49,7
3807307,0,877,0,40,3,5,2,1,27,29,7
3810929,0,877,0,40,2,6,2,1,45,46,7
3793222,0,877,0,40,3,8,2,1,45,47,7
3825073,0,877,0,40,2,3,2,1,24,8,7
3832527,0,877,0,40,2,1,2,1,12,33,7
3804399,0,877,0,40,3,5,2,1,32,15,7
3813868,0,877,0,40,2,6,2,1,33,46,7
3811649,0,877,0,40,3,8,2,1,34,39,7
3801118,0,877,0,40,2,6,2,1,52,34,7
3828848,0,877,0,40,3,2,2,1,17,53,7
3814487,0,877,0,40,3,5,2,1,44,86,7
3804013,0,877,0,40,2,3,2,1,23,70,7
3829806,0,877,0,40,2,2,2,1,17,39,7
3833142,0,877,0,40,3,1,2,1,11,29,7
3819971,0,877,0,40,3,4,2,1,18,46,7
3819884,0,877,0,40,3,4,2,1,29,58,7
3817544,0,877,0,40,3,5,2,1,20,17,7
3807097,0,877,0,40,2,4,2,1,29,33,7
3824706,0,877,0,40,3,2,2,1,19,29,7
3827200,0,877,0,40,2,3,2,1,15,77,7
3811647,0,877,0,40,3,4,2,1,52,36,7
3809239,0,877,0,40,3,5,2,1,61,42,7
3829246,0,877,0,40,2,2,2,1,15,62,7
3822184,0,877,0,40,2,4,2,1,26,44,7
3801627,0,877,0,40,2,4,2,1,43,86,7
3828205,0,877,0,40,3,3,2,1,19,32,7
3829932,0,877,0,40,2,3,2,1,13,36,7
3831218,0,877,0,40,3,1,2,1,10,30,7
3832861,0,877,0,40,2,1,2,1,10,38,7
3834061,0,877,0,40,3,1,2,1,10,62,7
3803045,0,877,0,40,2,6,2,1,22,54,7
3814647,0,877,0,40,2,3,2,1,48,78,7
3826710,0,877,0,40,2,2,2,1,20,40,7
3819583,0,877,0,40,2,5,2,1,25,35,7
3816154,0,877,0,40,3,6,2,1,35,51,7
3807686,0,877,0,40,3,8,2,1,54,53,7
3825509,0,877,0,40,2,4,2,1,15,25,7
3814076,0,877,0,40,2,6,2,1,43,13,7
3832154,0,877,0,40,3,2,2,1,11,43,7
3825958,0,877,0,40,3,3,2,1,15,44,7
3834216,0,877,0,40,3,1,2,1,9,7,7
3834644,0,877,0,40,3,1,2,1,9,26,7
3834860,0,877,0,40,2,1,2,1,9,71,7
3829616,0,877,0,40,3,2,2,1,12,33,7
3824918,0,877,0,40,3,2,2,1,22,38,7
3830109,0,877,0,40,3,2,2,1,12,60,7
3827414,0,877,0,40,2,3,2,1,15,43,7
3808233,0,877,0,40,2,10,2,1,48,44,7
3814390,0,877,0,40,2,5,2,1,35,32,7
3829836,0,877,0,40,3,2,2,1,15,37,7
3802514,0,877,0,40,3,8,2,1,43,26,7
3725595,0,877,0,40,3,25,2,1,139,44,7
3819726,0,877,0,40,2,5,2,1,28,69,7
3815921,0,877,0,40,3,5,2,1,29,87,7
3826156,0,877,0,40,3,3,2,1,21,24,7
3832423,0,877,0,40,3,2,2,1,10,36,7
3816085,0,877,0,40,2,6,2,1,40,58,7
3833244,0,877,0,40,2,1,2,1,8,40,7
3834150,0,877,0,40,3,1,2,1,8,28,7
3834515,0,877,0,40,3,1,2,1,8,20,7
3834823,0,877,0,40,2,1,2,1,8,30,7
3835170,0,877,0,40,3,1,2,1,8,44,7
3835298,0,877,0,40,2,1,2,1,8,24,7
3824540,0,877,0,40,3,2,2,1,19,42,7
3823199,0,877,0,40,2,3,2,1,18,41,7
3829412,0,877,0,40,3,2,2,1,10,22,7
3827008,0,877,0,40,2,2,2,1,17,21,7
3827173,0,877,0,40,3,4,2,1,13,33,7
3804038,0,877,0,40,3,2,2,1,28,69,7
3819872,0,877,0,40,2,4,2,1,27,14,7
3827166,0,877,0,40,3,3,2,1,9,42,7
3826366,0,877,0,40,2,2,2,1,21,18,7
3818609,0,877,0,40,3,4,2,1,30,21,7
3817287,0,877,0,40,2,6,2,1,23,68,7
3818167,0,877,0,40,3,6,2,1,29,86,7
3830153,0,877,0,40,2,2,2,1,14,49,7
3818460,0,877,0,40,3,4,2,1,31,50,7
3805235,0,877,0,40,3,2,2,1,14,53,7
3828187,0,877,0,40,2,3,2,1,17,29,7
3830846,0,877,0,40,3,2,2,1,15,43,7
3797564,0,877,0,40,2,10,2,1,70,43,7
3816853,0,877,0,40,2,6,2,1,31,24,7
3834162,0,877,0,40,3,1,2,1,7,37,7
3835516,0,877,0,40,3,1,2,1,7,29,7
3835566,0,877,0,40,2,1,2,1,7,32,7
3804875,0,877,0,40,2,2,2,1,11,46,7
3814298,0,877,0,40,3,6,2,1,34,14,7
3824152,0,877,0,40,3,2,2,1,25,41,7
3830094,0,877,0,40,2,3,2,1,8,56,7
3825085,0,877,0,40,2,4,2,1,11,53,7
3809919,0,877,0,40,2,7,2,1,57,48,7
3832158,0,877,0,40,2,2,2,1,7,27,7
3814031,0,877,0,40,3,6,2,1,36,24,7
3796893,0,877,0,40,3,6,2,1,38,77,7
3789986,0,877,0,40,2,11,2,1,66,51,7
3820370,0,877,0,40,3,4,2,1,24,28,7
3811721,0,877,0,40,2,6,2,1,56,78,7
3821678,0,877,0,40,2,4,2,1,25,40,7
3831883,0,877,0,40,2,2,2,1,8,40,7
3829094,0,877,0,40,3,2,2,1,17,76,7
3817228,0,877,0,40,2,5,2,1,39,43,7
3829961,0,877,0,40,2,3,2,1,9,21,7
3821932,0,877,0,40,3,5,2,1,22,44,7
3830111,0,877,0,40,3,3,2,1,14,55,7
3833563,0,877,0,40,2,1,2,1,6,83,7
3834457,0,877,0,40,3,1,2,1,6,33,7
3834969,0,877,0,40,3,1,2,1,6,59,7
3836066,0,877,0,40,2,1,2,1,6,46,7
3836280,0,877,0,40,3,1,2,1,6,93,7
3836410,0,877,0,40,3,1,2,1,6,11,7
3814176,0,877,0,40,3,5,2,1,31,32,7
3804929,0,877,0,40,2,5,2,1,18,18,7
3818661,0,877,0,40,2,4,2,1,30,99,7
3815211,0,877,0,40,3,5,2,1,35,41,7
3824521,0,877,0,40,3,4,2,1,17,38,7
3820100,0,877,0,40,2,4,2,1,31,32,7
3827550,0,877,0,40,3,2,2,1,19,33,7
3829652,0,877,0,40,3,2,2,1,14,68,7
3812342,0,877,0,40,2,5,2,1,44,35,7
3820709,0,877,0,40,2,5,2,1,28,68,7
3825207,0,877,0,40,3,3,2,1,24,19,7
3822730,0,877,0,40,2,5,2,1,22,36,7
3810086,0,877,0,40,3,7,2,1,54,42,7
3831585,0,877,0,40,3,2,2,1,10,17,7
3812655,0,877,0,40,3,7,2,1,42,25,7
3825094,0,877,0,40,2,4,2,1,18,41,7
3829632,0,877,0,40,3,3,2,1,10,57,7
3825112,0,877,0,40,3,4,2,1,13,101,7
3823467,0,877,0,40,2,4,2,1,16,46,7
3835635,0,877,0,40,3,1,2,1,5,102,7
3835891,0,877,0,40,2,1,2,1,5,45,7
3836319,0,877,0,40,3,1,2,1,5,25,7
3836687,0,877,0,40,3,1,2,1,5,34,7
3836971,0,877,0,40,3,1,2,1,5,48,7
3836999,0,877,0,40,2,1,2,1,5,27,7
3804120,0,877,0,40,3,3,2,1,10,75,7
3827058,0,877,0,40,2,3,2,1,8,21,7
3821096,0,877,0,40,3,5,2,1,24,24,7
3819168,0,877,0,40,3,5,2,1,27,43,7
3818456,0,877,0,40,3,6,2,1,28,55,7
3815349,0,877,0,40,2,6,2,1,34,12,7
3804648,0,877,0,40,3,4,2,1,17,64,7
3806658,0,877,0,40,3,5,2,1,34,37,7
3825987,0,877,0,40,2,2,2,1,21,38,7
3825679,0,877,0,40,3,2,2,1,16,19,7
3817591,0,877,0,40,2,5,2,1,21,29,7
3804590,0,877,0,40,3,4,2,1,45,53,7
3812589,0,877,0,40,2,8,2,1,39,40,7
3825603,0,877,0,40,2,4,2,1,14,36,7
3821717,0,877,0,40,2,4,2,1,27,36,7
3815898,0,877,0,40,2,7,2,1,31,71,7
3812470,0,877,0,40,3,9,2,1,40,21,7
3833420,0,877,0,40,3,2,2,1,8,48,7
3812738,0,877,0,40,2,9,2,1,34,61,7
3801883,0,877,0,40,3,10,2,1,48,29,7
3820629,0,877,0,40,2,2,2,1,38,45,7
3831896,0,877,0,40,2,2,2,1,13,56,7
3807748,0,877,0,40,3,3,2,1,19,64,7
3824459,0,877,0,40,2,5,2,1,23,36,7
3820187,0,877,0,40,3,5,2,1,23,15,7
3827567,0,877,0,40,2,3,2,1,15,36,7
3779294,0,877,0,40,3,12,2,1,67,56,7
3835352,0,877,0,40,3,2,2,1,6,14,7
3804262,0,877,0,40,3,7,2,1,42,34,7
3834440,0,877,0,40,3,2,2,1,8,26,7
3836628,0,877,0,40,3,1,2,1,4,55,7
3836876,0,877,0,40,2,1,2,1,4,68,7
3837000,0,877,0,40,2,1,2,1,4,55,7
3837228,0,877,0,40,2,1,2,1,4,33,7
3837278,0,877,0,40,2,1,2,1,4,45,7
3837378,0,877,0,40,2,1,2,1,4,34,7
3803930,0,877,0,40,3,1,2,1,6,30,7
3820326,0,877,0,40,2,2,2,1,38,26,7
3818557,0,877,0,40,3,3,2,1,43,31,7
3811892,0,877,0,40,3,3,2,1,59,15,7
3826571,0,877,0,40,2,1,2,1,26,43,7
3817339,0,877,0,40,3,4,2,1,44,16,7
3816058,0,877,0,40,3,2,2,1,42,66,7
3807200,0,877,0,40,2,3,2,1,40,81,7
3773144,0,877,0,40,2,14,2,1,79,26,7
3829302,0,877,0,40,2,1,2,1,20,76,7
3827390,0,877,0,40,3,2,2,1,24,23,7
3817895,0,877,0,40,3,5,2,1,31,24,7
3808324,0,877,0,40,3,1,2,1,17,42,7
3826225,0,877,0,40,3,2,2,1,18,30,7
3802018,0,877,0,40,2,5,2,1,30,30,7
3832667,0,877,0,40,3,1,2,1,13,40,7
3833081,0,877,0,40,2,1,2,1,13,9,7
3828437,0,877,0,40,3,2,2,1,15,32,7
3826456,0,877,0,40,2,2,2,1,21,27,7
3809432,0,877,0,40,3,7,2,1,60,28,7
3802358,0,877,0,40,3,8,2,1,43,62,7
3824000,0,877,0,40,3,4,2,1,19,43,7
3817251,0,877,0,40,2,3,2,1,45,10,7
3809687,0,877,0,40,2,8,2,1,45,38,7
3827609,0,877,0,40,2,3,2,1,14,23,7
3833613,0,877,0,40,3,1,2,1,11,20,7
3825121,0,877,0,40,3,4,2,1,17,17,7
3808022,0,877,0,40,3,8,2,1,44,15,7
3832447,0,877,0,40,2,2,2,1,11,80,7
3834408,0,877,0,40,3,1,2,1,10,38,7
3804904,0,877,0,40,3,1,2,1,16,50,7
3802463,0,877,0,40,3,5,2,1,43,36,7
3806747,0,877,0,40,3,6,2,1,37,32,7
3802163,0,877,0,40,3,8,2,1,51,30,7
3830676,0,877,0,40,3,3,2,1,11,32,7
3826673,0,877,0,40,2,3,2,1,17,33,7
3824830,0,877,0,40,2,4,2,1,15,73,7
3808304,0,877,0,40,2,1,2,1,9,65,7
3830574,0,877,0,40,2,2,2,1,9,30,7
3827094,0,877,0,40,3,3,2,1,13,44,7
3806397,0,877,0,40,2,8,2,1,50,42,7
3819408,0,877,0,40,2,4,2,1,32,42,7
3813054,0,877,0,40,3,6,2,1,43,29,7
3835059,0,877,0,40,2,1,2,1,8,62,7
3835287,0,877,0,40,2,1,2,1,8,15,7
3814148,0,877,0,40,3,5,2,1,34,70,7
3683988,0,877,0,40,3,27,2,1,203,38,7
3817754,0,877,0,40,2,5,2,1,31,77,7
3800829,0,877,0,40,2,5,2,1,36,63,7
3826498,0,877,0,40,3,3,2,1,19,76,7
3801574,1,877,875,25.0883,3,6,2,1,52,39,7
3806580,0,877,0,40,2,6,2,1,29,31,7
3818190,0,877,0,40,2,5,2,1,27,24,7
3808039,0,877,0,40,3,5,2,1,27,59,7
3831913,0,877,0,40,3,2,2,1,12,89,7
3831606,0,877,0,40,3,2,2,1,14,70,7
3818878,0,877,0,40,2,5,2,1,28,24,7
3834873,0,877,0,40,2,1,2,1,7,46,7
3835469,0,877,0,40,2,1,2,1,7,22,7
3808176,0,877,0,40,2,8,2,1,55,27,7
3806500,0,877,0,40,2,4,2,1,24,19,7
3824396,0,877,0,40,2,4,2,1,23,37,7
3823401,0,877,0,40,2,3,2,1,20,60,7
3820613,0,877,0,40,2,4,2,1,33,63,7
3826022,0,877,0,40,2,3,2,1,13,21,7
3809178,0,877,0,40,3,7,2,1,45,24,7
3804486,0,877,0,40,3,3,2,1,9,34,7
3813711,0,877,0,40,3,5,2,1,39,24,7
3835731,0,877,0,40,3,1,2,1,6,41,7
3836099,0,877,0,40,2,1,2,1,6,50,7
3836625,0,877,0,40,3,1,2,1,6,53,7
3836785,0,877,0,40,2,1,2,1,6,12,7
3836877,0,877,0,40,2,1,2,1,6,57,7
3836963,0,877,0,40,3,1,2,1,6,39,7
3825353,0,877,0,40,3,3,2,1,15,17,7
3815855,0,877,0,40,2,4,2,1,30,60,7
3827045,0,877,0,40,2,5,2,1,12,49,7
3822302,0,877,0,40,2,4,2,1,18,34,7
3812697,0,877,0,40,2,9,2,1,33,30,7
3804620,0,877,0,40,2,5,2,1,22,25,7
3832652,0,877,0,40,3,2,2,1,8,35,7
3806767,0,877,0,40,2,6,2,1,78,44,7
3806640,0,877,0,40,3,3,2,1,16,66,7
3828571,0,877,0,40,2,3,2,1,16,26,7
3809727,0,877,0,40,3,5,2,1,60,30,7
3817689,0,877,0,40,3,6,2,1,27,41,7
3817507,0,877,0,40,2,3,2,1,40,74,7
3825537,0,877,0,40,2,3,2,1,19,26,7
3832892,0,877,0,40,3,2,2,1,11,117,7
3805745,0,877,0,40,2,3,2,1,9,35,7
3808018,0,877,0,40,3,7,2,1,22,53,7
3804379,0,877,0,40,2,6,2,1,42,70,7
3836743,0,877,0,40,2,2,2,1,6,40,7
3836600,0,877,0,40,2,1,2,1,5,53,7
3837468,0,877,0,40,3,1,2,1,5,70,7
3818818,0,877,0,40,2,4,2,1,28,41,7
3819059,0,877,0,40,3,4,2,1,31,47,7
3820422,0,877,0,40,2,4,2,1,28,39,7
3830073,0,877,0,40,3,3,2,1,14,56,7
3804879,0,877,0,40,2,5,2,1,19,34,7
3819902,0,877,0,40,3,5,2,1,23,59,7
3812467,0,877,0,40,2,7,2,1,39,47,7
3829916,0,877,0,40,2,2,2,1,17,49,7
3811564,0,877,0,40,3,8,2,1,46,23,7
3826077,0,877,0,40,2,5,2,1,10,47,7
3805283,0,877,0,40,2,5,2,1,23,26,7
3827767,0,877,0,40,3,4,2,1,16,64,7
3822937,0,877,0,40,3,5,2,1,18,17,7
3805523,0,877,0,40,2,3,2,1,12,42,7
3818639,0,877,0,40,3,6,2,1,30,49,7
3837405,0,877,0,40,2,1,2,1,4,53,7
3837696,0,877,0,40,2,1,2,1,4,44,7
3838042,0,877,0,40,2,1,2,1,4,16,7
3796646,0,877,0,40,3,3,2,1,61,18,7
3826189,0,877,0,40,3,3,2,1,23,63,7
3821755,0,877,0,40,2,3,2,1,32,39,7
3831247,0,877,0,40,3,2,2,1,16,67,7
3818923,0,877,0,40,3,4,2,1,36,57,7
3826932,0,877,0,40,3,3,2,1,18,47,7
3812775,0,877,0,40,2,7,2,1,49,31,7
3816345,0,877,0,40,2,4,2,1,43,57,7
3824780,0,877,0,40,2,3,2,1,21,37,7
3835848,0,877,0,40,2,1,2,1,9,51,7
3828863,0,877,0,40,3,5,2,1,13,25,7
3822300,0,877,0,40,2,4,2,1,23,53,7
3822964,0,877,0,40,2,2,2,1,32,69,7
3806547,0,877,0,40,2,6,2,1,35,58,7
3815572,0,877,0,40,3,8,2,1,31,17,7
3836269,0,877,0,40,3,1,2,1,6,29,7
3837226,0,877,0,40,2,1,2,1,6,71,7
3837386,0,877,0,40,2,1,2,1,6,41,7
3811199,0,877,0,40,2,7,2,1,50,28,7
3804421,0,877,0,40,2,4,2,1,30,40,7
3832868,0,877,0,40,3,2,2,1,8,76,7
3805654,0,877,0,40,2,6,2,1,23,74,7
3835703,0,877,0,40,2,1,2,1,5,27,7
3807657,0,877,0,40,3,4,2,1,23,44,7
3808281,0,877,0,40,2,3,2,1,13,13,7
3819523,0,877,0,40,2,5,2,1,29,54,7
3835339,0,877,0,40,2,2,2,1,7,51,7
3831841,0,877,0,40,3,3,2,1,10,34,7
3837661,0,877,0,40,2,1,2,1,4,27,7
3838204,0,877,0,40,2,1,2,1,4,58,7
3834641,0,877,0,40,3,0,2,1,3,37,7
3835559,0,877,0,40,3,0,2,1,3,36,7
3835687,0,877,0,40,2,0,2,1,3,40,7
3835943,0,877,0,40,3,0,2,1,3,45,7
3836025,0,877,0,40,3,0,2,1,3,35,7
3836193,0,877,0,40,2,0,2,1,3,36,7
3836257,0,877,0,40,3,0,2,1,3,36,7
3836425,0,877,0,40,2,0,2,1,3,38,7
3836506,0,877,0,40,3,0,2,1,3,21,7
3836538,0,877,0,40,3,0,2,1,3,54,7
3836602,0,877,0,40,3,0,2,1,3,48,7
3836634,0,877,0,40,2,0,2,1,3,35,7
3836666,0,877,0,40,3,0,2,1,3,53,7
3836698,0,877,0,40,3,0,2,1,3,22,7
3836730,0,877,0,40,2,0,2,1,3,39,7
3836794,0,877,0,40,3,0,2,1,3,24,7
3836826,0,877,0,40,2,0,2,1,3,53,7
3836874,0,877,0,40,2,0,2,1,3,22,7
3836906,0,877,0,40,2,0,2,1,3,69,7
3836938,0,877,0,40,3,0,2,1,3,53,7
3837002,0,877,0,40,2,0,2,1,3,22,7
3837023,0,877,0,40,2,0,2,1,3,51,7
3837039,0,877,0,40,2,0,2,1,3,30,7
3837055,0,877,0,40,3,0,2,1,3,59,7
3837071,0,877,0,40,2,0,2,1,3,52,7
3837087,0,877,0,40,3,0,2,1,3,18,7
3837119,0,877,0,40,2,0,2,1,3,82,7
3837135,0,877,0,40,2,0,2,1,3,30,7
3837151,0,877,0,40,3,0,2,1,3,22,7
3837167,0,877,0,40,2,0,2,1,3,45,7
3837183,0,877,0,40,2,0,2,1,3,22,7
3837199,0,877,0,40,3,0,2,1,3,42,7
3837231,0,877,0,40,2,0,2,1,3,62,7
3837247,0,877,0,40,2,0,2,1,3,77,7
3837263,0,877,0,40,2,0,2,1,3,37,7
3837279,0,877,0,40,3,0,2,1,3,25,7
3837311,0,877,0,40,3,0,2,1,3,76,7
3837327,0,877,0,40,3,0,2,1,3,51,7
3837343,0,877,0,40,2,0,2,1,3,11,7
3837359,0,877,0,40,3,0,2,1,3,34,7
3837375,0,877,0,40,3,0,2,1,3,108,7
3837407,0,877,0,40,3,0,2,1,3,47,7
3837423,0,877,0,40,3,0,2,1,3,28,7
3837439,0,877,0,40,3,0,2,1,3,31,7
3837455,0,877,0,40,3,0,2,1,3,128,7
3837471,0,877,0,40,3,0,2,1,3,48,7
3837487,0,877,0,40,3,0,2,1,3,51,7
3837503,0,877,0,40,2,0,2,1,3,39,7
3837535,0,877,0,40,3,0,2,1,3,46,7
3837543,0,877,0,40,2,0,2,1,3,48,7
3837551,0,877,0,40,2,0,2,1,3,38,7
3837567,0,877,0,40,2,0,2,1,3,78,7
3837575,0,877,0,40,2,0,2,1,3,73,7
3837583,0,877,0,40,3,0,2,1,3,80,7
3837591,0,877,0,40,3,0,2,1,3,61,7
3837607,0,877,0,40,2,0,2,1,3,66,7
3837623,0,877,0,40,3,0,2,1,3,63,7
3837631,0,877,0,40,3,0,2,1,3,63,7
3837639,0,877,0,40,3,0,2,1,3,19,7
3837647,0,877,0,40,2,0,2,1,3,50,7
3837655,0,877,0,40,3,0,2,1,3,21,7
3837663,0,877,0,40,2,0,2,1,3,39,7
3837671,0,877,0,40,2,0,2,1,3,59,7
3837687,0,877,0,40,2,0,2,1,3,62,7
3837695,0,877,0,40,3,0,2,1,3,37,7
3837703,0,877,0,40,2,0,2,1,3,81,7
3837711,0,877,0,40,2,0,2,1,3,63,7
3837719,0,877,0,40,2,0,2,1,3,51,7
3837735,0,877,0,40,3,0,2,1,3,18,7
3837743,0,877,0,40,2,0,2,1,3,62,7
3837751,0,877,0,40,2,0,2,1,3,83,7
3837765,0,877,0,40,3,0,2,1,3,59,7
3837773,0,877,0,40,3,0,2,1,3,30,7
3837781,0,877,0,40,3,0,2,1,3,50,7
3837797,0,877,0,40,3,0,2,1,3,49,7
3837805,0,877,0,40,2,0,2,1,3,41,7
3837813,0,877,0,40,3,0,2,1,3,69,7
3837829,0,877,0,40,2,0,2,1,3,32,7
3837837,0,877,0,40,2,0,2,1,3,18,7
3837845,0,877,0,40,3,0,2,1,3,45,7
3837853,0,877,0,40,2,0,2,1,3,23,7
3837869,0,877,0,40,3,0,2,1,3,97,7
3837885,0,877,0,40,2,0,2,1,3,13,7
3837893,0,877,0,40,2,0,2,1,3,52,7
3837901,0,877,0,40,2,0,2,1,3,28,7
3837909,0,877,0,40,3,0,2,1,3,16,7
3837917,0,877,0,40,3,0,2,1,3,68,7
3837925,0,877,0,40,3,0,2,1,3,42,7
3837941,0,877,0,40,3,0,2,1,3,37,7
3837949,0,877,0,40,2,0,2,1,3,29,7
3837957,0,877,0,40,3,0,2,1,3,18,7
3837965,0,877,0,40,3,0,2,1,3,53,7
3837973,0,877,0,40,2,0,2,1,3,47,7
3837981,0,877,0,40,3,0,2,1,3,35,7
3837997,0,877,0,40,3,0,2,1,3,25,7
3838013,0,877,0,40,2,0,2,1,3,54,7
3838021,0,877,0,40,2,0,2,1,3,60,7
3838029,0,877,0,40,3,0,2,1,3,38,7
3838037,0,877,0,40,2,0,2,1,3,26,7
3838045,0,877,0,40,2,0,2,1,3,73,7
3838053,0,877,0,40,3,0,2,1,3,54,7
3838065,0,877,0,40,3,0,2,1,3,63,7
3838081,0,877,0,40,3,0,2,1,3,28,7
3838089,0,877,0,40,2,0,2,1,3,65,7
3838103,0,877,0,40,2,0,2,1,3,82,7
3838107,0,877,0,40,2,0,2,1,3,9,7
3838111,0,877,0,40,3,0,2,1,3,26,7
3838119,0,877,0,40,2,0,2,1,3,52,7
3838123,0,877,0,40,3,0,2,1,3,107,7
3838131,0,877,0,40,3,0,2,1,3,45,7
3838135,0,877,0,40,3,0,2,1,3,32,7
3838139,0,877,0,40,3,0,2,1,3,52,7
3838143,0,877,0,40,2,0,2,1,3,67,7
3838151,0,877,0,40,2,0,2,1,3,89,7
3838155,0,877,0,40,3,0,2,1,3,41,7
3838159,0,877,0,40,2,0,2,1,3,26,7
3838163,0,877,0,40,3,0,2,1,3,60,7
3838171,0,877,0,40,2,0,2,1,3,28,7
3838175,0,877,0,40,2,0,2,1,3,41,7
3838179,0,877,0,40,3,0,2,1,3,30,7
3838183,0,877,0,40,2,0,2,1,3,30,7
3838187,0,877,0,40,2,0,2,1,3,88,7
3838191,0,877,0,40,2,0,2,1,3,19,7
3838195,0,877,0,40,2,0,2,1,3,59,7
3838199,0,877,0,40,2,0,2,1,3,17,7
3838207,0,877,0,40,2,0,2,1,3,43,7
3838211,0,877,0,40,2,0,2,1,3,41,7
3838215,0,877,0,40,2,0,2,1,3,23,7
3838219,0,877,0,40,2,0,2,1,3,58,7
3838223,0,877,0,40,3,0,2,1,3,34,7
3838227,0,877,0,40,3,0,2,1,3,35,7
3838235,0,877,0,40,3,0,2,1,3,116,7
3838239,0,877,0,40,3,0,2,1,3,35,7
3838243,0,877,0,40,3,0,2,1,3,29,7
3838247,0,877,0,40,3,0,2,1,3,28,7
3838251,0,877,0,40,3,0,2,1,3,67,7
3838255,0,877,0,40,3,0,2,1,3,57,7
3838259,0,877,0,40,2,0,2,1,3,84,7
3838267,0,877,0,40,3,0,2,1,3,11,7
3838271,0,877,0,40,2,0,2,1,3,37,7
3838275,0,877,0,40,2,0,2,1,3,57,7
3838279,0,877,0,40,2,0,2,1,3,30,7
3838283,0,877,0,40,3,0,2,1,3,33,7
3838287,0,877,0,40,3,0,2,1,3,80,7
3838291,0,877,0,40,2,0,2,1,3,31,7
3838295,0,877,0,40,3,0,2,1,3,64,7
3838299,0,877,0,40,2,0,2,1,3,51,7
3838303,0,877,0,40,3,0,2,1,3,52,7
3838307,0,877,0,40,3,0,2,1,3,30,7
3838311,0,877,0,40,2,0,2,1,3,65,7
3838315,0,877,0,40,2,0,2,1,3,47,7
3838319,0,877,0,40,2,0,2,1,3,21,7
3838323,0,877,0,40,3,0,2,1,3,25,7
3838327,0,877,0,40,3,0,2,1,3,43,7
3838331,0,877,0,40,2,0,2,1,3,32,7
3838339,0,877,0,40,3,0,2,1,3,46,7
3838347,0,877,0,40,3,0,2,1,3,30,7
3838351,0,877,0,40,2,0,2,1,3,75,7
3838355,0,877,0,40,3,0,2,1,3,19,7
3838363,0,877,0,40,3,0,2,1,3,20,7
3838371,0,877,0,40,3,0,2,1,3,37,7
3838375,0,877,0,40,2,0,2,1,3,45,7
3838379,0,877,0,40,2,0,2,1,3,35,7
3838383,0,877,0,40,3,0,2,1,3,33,7
3838387,0,877,0,40,3,0,2,1,3,21,7
3838391,0,877,0,40,3,0,2,1,3,38,7
3838395,0,877,0,40,2,0,2,1,3,38,7
3838399,0,877,0,40,3,0,2,1,3,28,7
3838403,0,877,0,40,2,0,2,1,3,46,7
3838407,0,877,0,40,2,0,2,1,3,69,7
3838411,0,877,0,40,2,0,2,1,3,51,7
3838415,0,877,0,40,2,0,2,1,3,34,7
3838419,0,877,0,40,3,0,2,1,3,59,7
3838423,0,877,0,40,2,0,2,1,3,35,7
3838427,0,877,0,40,3,0,2,1,3,67,7
3838431,0,877,0,40,2,0,2,1,3,52,7
3838435,0,877,0,40,2,0,2,1,3,49,7
3838439,0,877,0,40,2,0,2,1,3,56,7
3838443,0,877,0,40,3,0,2,1,3,33,7
3838447,0,877,0,40,3,0,2,1,3,42,7
3838451,0,877,0,40,3,0,2,1,3,45,7
3838455,0,877,0,40,2,0,2,1,3,32,7
3838459,0,877,0,40,3,0,2,1,3,40,7
3838463,0,877,0,40,2,0,2,1,3,61,7
3838467,0,877,0,40,2,0,2,1,3,23,7
3838471,0,877,0,40,3,0,2,1,3,13,7
3838475,0,877,0,40,3,0,2,1,3,13,7
3838483,0,877,0,40,2,0,2,1,3,36,7
3838487,0,877,0,40,2,0,2,1,3,51,7
3838495,0,877,0,40,3,0,2,1,3,35,7
3838499,0,877,0,40,3,0,2,1,3,39,7
3838503,0,877,0,40,3,0,2,1,3,41,7
3838507,0,877,0,40,3,0,2,1,3,35,7
3838511,0,877,0,40,2,0,2,1,3,24,7
3838519,0,877,0,40,2,0,2,1,3,50,7
3838527,0,877,0,40,2,0,2,1,3,36,7
3838535,0,877,0,40,3,0,2,1,3,42,7
3838539,0,877,0,40,3,0,2,1,3,68,7
3838543,0,877,0,40,3,0,2,1,3,16,7
3838547,0,877,0,40,2,0,2,1,3,30,7
3838551,0,877,0,40,3,0,2,1,3,52,7
3838555,0,877,0,40,2,0,2,1,3,54,7
3838563,0,877,0,40,3,0,2,1,3,32,7
3838567,0,877,0,40,3,0,2,1,3,51,7
3838575,0,877,0,40,3,0,2,1,3,47,7
3838579,0,877,0,40,3,0,2,1,3,36,7
3838583,0,877,0,40,3,0,2,1,3,56,7
3838587,0,877,0,40,2,0,2,1,3,44,7
3838591,0,877,0,40,2,0,2,1,3,29,7
3838595,0,877,0,40,3,0,2,1,3,64,7
3838603,0,877,0,40,3,0,2,1,3,65,7
3838607,0,877,0,40,2,0,2,1,3,33,7
3838611,0,877,0,40,2,0,2,1,3,29,7
3838615,0,877,0,40,3,0,2,1,3,28,7
3838623,0,877,0,40,2,0,2,1,3,55,7
3838627,0,877,0,40,2,0,2,1,3,48,7
3838631,0,877,0,40,3,0,2,1,3,57,7
3838635,0,877,0,40,3,0,2,1,3,26,7
3838639,0,877,0,40,3,0,2,1,3,16,7
3838643,0,877,0,40,2,0,2,1,3,27,7
3838645,0,877,0,40,3,0,2,1,3,38,7
3838647,0,877,0,40,2,0,2,1,3,41,7
3838649,0,877,0,40,2,0,2,1,3,40,7
3838651,0,877,0,40,2,0,2,1,3,47,7
3838653,0,877,0,40,2,0,2,1,3,45,7
3838659,0,877,0,40,3,0,2,1,3,28,7
3838663,0,877,0,40,3,0,2,1,3,25,7
3838665,0,877,0,40,3,0,2,1,3,22,7
3838667,0,877,0,40,3,0,2,1,3,47,7
3838669,0,877,0,40,3,0,2,1,3,21,7
3838675,0,877,0,40,3,0,2,1,3,29,7
3838679,0,877,0,40,3,0,2,1,3,48,7
3838683,0,877,0,40,2,0,2,1,3,27,7
3838687,0,877,0,40,2,0,2,1,3,32,7
3838689,0,877,0,40,3,0,2,1,3,38,7
3838691,0,877,0,40,3,0,2,1,3,27,7
3838695,0,877,0,40,2,0,2,1,3,26,7
3838697,0,877,0,40,3,0,2,1,3,39,7
3838699,0,877,0,40,2,0,2,1,3,46,7
3838701,0,877,0,40,3,0,2,1,3,41,7
3838703,0,877,0,40,2,0,2,1,3,81,7
3838707,0,877,0,40,3,0,2,1,3,23,7
3838709,0,877,0,40,2,0,2,1,3,59,7
3838713,0,877,0,40,3,0,2,1,3,25,7
3838715,0,877,0,40,2,0,2,1,3,29,7
3838717,0,877,0,40,3,0,2,1,3,44,7
3838719,0,877,0,40,3,0,2,1,3,43,7
3838721,0,877,0,40,2,0,2,1,3,50,7
3838723,0,877,0,40,3,0,2,1,3,29,7
3838725,0,877,0,40,2,0,2,1,3,24,7
3838727,0,877,0,40,2,0,2,1,3,22,7
3838729,0,877,0,40,3,0,2,1,3,31,7
3838733,0,877,0,40,2,0,2,1,3,55,7
3838735,0,877,0,40,2,0,2,1,3,55,7
3838739,0,877,0,40,3,0,2,1,3,35,7
3838741,0,877,0,40,3,0,2,1,3,56,7
3838743,0,877,0,40,2,0,2,1,3,31,7
3838745,0,877,0,40,3,0,2,1,3,53,7
3838747,0,877,0,40,3,0,2,1,3,68,7
3838749,0,877,0,40,2,0,2,1,3,16,7
3838753,0,877,0,40,3,0,2,1,3,52,7
3838755,0,877,0,40,2,0,2,1,3,8,7
3838757,0,877,0,40,3,0,2,1,3,55,7
3838761,0,877,0,40,3,0,2,1,3,57,7
3838763,0,877,0,40,3,0,2,1,3,43,7
3838765,0,877,0,40,3,0,2,1,3,60,7
3838767,0,877,0,40,2,0,2,1,3,29,7
3838769,0,877,0,40,3,0,2,1,3,79,7
3838771,0,877,0,40,2,0,2,1,3,35,7
3838775,0,877,0,40,2,0,2,1,3,43,7
3838777,0,877,0,40,3,0,2,1,3,52,7
3838779,0,877,0,40,2,0,2,1,3,66,7
3838781,0,877,0,40,2,0,2,1,3,47,7
3838785,0,877,0,40,3,0,2,1,3,28,7
3838787,0,877,0,40,3,0,2,1,3,21,7
3838791,0,877,0,40,2,0,2,1,3,28,7
3838793,0,877,0,40,2,0,2,1,3,54,7
3838797,0,877,0,40,3,0,2,1,3,85,7
3838799,0,877,0,40,2,0,2,1,3,85,7
3838801,0,877,0,40,2,0,2,1,3,32,7
3838803,0,877,0,40,2,0,2,1,3,42,7
3838805,0,877,0,40,2,0,2,1,3,64,7
3838807,0,877,0,40,2,0,2,1,3,36,7
3838809,0,877,0,40,3,0,2,1,3,35,7
3838811,0,877,0,40,2,0,2,1,3,52,7
3838813,0,877,0,40,2,0,2,1,3,34,7
3838817,0,877,0,40,3,0,2,1,3,61,7
3838821,0,877,0,40,2,0,2,1,3,61,7
3838823,0,877,0,40,2,0,2,1,3,100,7
3838825,0,877,0,40,2,0,2,1,3,96,7
3838827,0,877,0,40,2,0,2,1,3,26,7
3838829,0,877,0,40,3,0,2,1,3,22,7
3838831,0,877,0,40,3,0,2,1,3,81,7
3838833,0,877,0,40,2,0,2,1,3,24,7
3838835,0,877,0,40,3,0,2,1,3,66,7
3838837,0,877,0,40,2,0,2,1,3,22,7
3838839,0,877,0,40,3,0,2,1,3,41,7
3838841,0,877,0,40,3,0,2,1,3,46,7
3838843,0,877,0,40,2,0,2,1,3,58,7
3838845,0,877,0,40,2,0,2,1,3,39,7
3838849,0,877,0,40,3,0,2,1,3,30,7
3838851,0,877,0,40,3,0,2,1,3,44,7
3838853,0,877,0,40,3,0,2,1,3,16,7
3838855,0,877,0,40,2,0,2,1,3,63,7
3838857,0,877,0,40,3,0,2,1,3,49,7
3838859,0,877,0,40,3,0,2,1,3,33,7
3838861,0,877,0,40,2,0,2,1,3,26,7
3838863,0,877,0,40,2,0,2,1,3,28,7
3838869,2,877,0,40,2,0,2,1,3,20,7
3838871,0,877,0,40,2,0,2,1,3,52,7
3838873,0,877,0,40,3,0,2,1,3,71,7
3838875,0,877,0,40,2,0,2,1,3,35,7
3838877,0,877,0,40,2,0,2,1,3,32,7
3838879,0,877,0,40,2,0,2,1,3,20,7
3838881,0,877,0,40,2,0,2,1,3,80,7
3838883,0,877,0,40,2,0,2,1,3,48,7
3838885,0,877,0,40,3,0,2,1,3,32,7
3838889,0,877,0,40,3,0,2,1,3,59,7
3838891,0,877,0,40,2,0,2,1,3,95,7
3838893,0,877,0,40,2,0,2,1,3,21,7
3838895,0,877,0,40,3,0,2,1,3,66,7
3838897,0,877,0,40,2,0,2,1,3,47,7
3838899,0,877,0,40,2,0,2,1,3,78,7
3838903,0,877,0,40,2,0,2,1,3,19,7
3838909,0,877,0,40,2,0,2,1,3,22,7
3838913,0,877,0,40,2,0,2,1,3,47,7
3838917,0,877,0,40,2,0,2,1,3,56,7
3838919,0,877,0,40,3,0,2,1,3,52,7
3838921,0,877,0,40,2,0,2,1,3,31,7
3838925,0,877,0,40,3,0,2,1,3,40,7
3838927,0,877,0,40,2,0,2,1,3,17,7
3838929,0,877,0,40,2,0,2,1,3,63,7
3838931,0,877,0,40,3,0,2,1,3,53,7
3838933,0,877,0,40,3,0,2,1,3,125,7
3838935,0,877,0,40,3,0,2,1,3,24,7
3838939,0,877,0,40,2,0,2,1,3,39,7
3838941,0,877,0,40,2,0,2,1,3,27,7
3838943,0,877,0,40,2,0,2,1,3,26,7
3838945,0,877,0,40,2,0,2,1,3,41,7
3838947,0,877,0,40,3,0,2,1,3,15,7
3838951,0,877,0,40,2,0,2,1,3,30,7
3838953,0,877,0,40,2,0,2,1,3,26,7
3838955,0,877,0,40,2,0,2,1,3,70,7
3838957,0,877,0,40,3,0,2,1,3,69,7
3838959,0,877,0,40,2,0,2,1,3,39,7
3838961,0,877,0,40,3,0,2,1,3,66,7
3838963,0,877,0,40,2,0,2,1,3,28,7
3838965,0,877,0,40,2,0,2,1,3,43,7
3838967,0,877,0,40,3,0,2,1,3,45,7
3838969,0,877,0,40,3,0,2,1,3,74,7
3838973,0,877,0,40,2,0,2,1,3,25,7
3838975,0,877,0,40,2,0,2,1,3,59,7
3838979,0,877,0,40,2,0,2,1,3,58,7
3838983,0,877,0,40,2,0,2,1,3,72,7
3838985,0,877,0,40,2,0,2,1,3,28,7
3838987,0,877,0,40,2,0,2,1,3,37,7
3838991,0,877,0,40,2,0,2,1,3,39,7
3838993,0,877,0,40,2,0,2,1,3,52,7
3838995,0,877,0,40,3,0,2,1,3,102,7
3838999,0,877,0,40,2,0,2,1,3,25,7
3839001,0,877,0,40,3,0,2,1,3,45,7
3839003,0,877,0,40,3,0,2,1,3,38,7
3839007,0,877,0,40,2,0,2,1,3,53,7
3839009,0,877,0,40,3,0,2,1,3,17,7
3839011,0,877,0,40,2,0,2,1,3,133,7
3839013,0,877,0,40,2,0,2,1,3,31,7
3839017,0,877,0,40,3,0,2,1,3,39,7
3839019,0,877,0,40,2,0,2,1,3,85,7
3839021,0,877,0,40,3,0,2,1,3,55,7
3839023,0,877,0,40,2,0,2,1,3,49,7
3839025,0,877,0,40,3,0,2,1,3,67,7
3839027,0,877,0,40,2,0,2,1,3,82,7
3839031,0,877,0,40,3,0,2,1,3,36,7
3839033,0,877,0,40,2,0,2,1,3,99,7
3839035,0,877,0,40,3,0,2,1,3,10,7
3839037,0,877,0,40,2,0,2,1,3,74,7
3839039,0,877,0,40,3,0,2,1,3,46,7
3839043,0,877,0,40,3,0,2,1,3,48,7
3839045,0,877,0,40,3,0,2,1,3,47,7
3839047,0,877,0,40,2,0,2,1,3,55,7
3839049,0,877,0,40,3,0,2,1,3,62,7
3839053,0,877,0,40,3,0,2,1,3,33,7
3839055,0,877,0,40,3,0,2,1,3,45,7
3839059,0,877,0,40,2,0,2,1,3,21,7
3839061,0,877,0,40,2,0,2,1,3,60,7
3839063,0,877,0,40,2,0,2,1,3,61,7
3839067,0,877,0,40,2,0,2,1,3,26,7
3839069,0,877,0,40,3,0,2,1,3,36,7
3839073,0,877,0,40,2,0,2,1,3,57,7
3839075,0,877,0,40,3,0,2,1,3,19,7
3839077,0,877,0,40,3,0,2,1,3,46,7
3839079,0,877,0,40,3,0,2,1,3,68,7
3839083,0,877,0,40,2,0,2,1,3,45,7
3839085,0,877,0,40,2,0,2,1,3,73,7
3839089,0,877,0,40,3,0,2,1,3,41,7
3839093,0,877,0,40,2,0,2,1,3,54,7
3839095,0,877,0,40,2,0,2,1,3,79,7
3839097,0,877,0,40,3,0,2,1,3,36,7
3839099,0,877,0,40,3,0,2,1,3,53,7
3839101,0,877,0,40,3,0,2,1,3,120,7
3839103,0,877,0,40,3,0,2,1,3,56,7
3839105,0,877,0,40,3,0,2,1,3,28,7
3839107,0,877,0,40,3,0,2,1,3,31,7
3839109,0,877,0,40,2,0,2,1,3,54,7
3839111,0,877,0,40,3,0,2,1,3,65,7
3839113,0,877,0,40,2,0,2,1,3,39,7
3839117,0,877,0,40,2,0,2,1,3,54,7
3839119,0,877,0,40,3,0,2,1,3,64,7
3839121,0,877,0,40,3,0,2,1,3,53,7
3839123,0,877,0,40,3,0,2,1,3,49,7
3839127,0,877,0,40,2,0,2,1,3,39,7
3839129,0,877,0,40,2,0,2,1,3,33,7
3839133,0,877,0,40,2,0,2,1,3,47,7
3839135,0,877,0,40,2,0,2,1,3,57,7
3839137,0,877,0,40,3,0,2,1,3,49,7
3839139,0,877,0,40,2,0,2,1,3,50,7
3839141,0,877,0,40,3,0,2,1,3,44,7
3839143,0,877,0,40,2,0,2,1,3,42,7
3839147,0,877,0,40,3,0,2,1,3,44,7
3839151,0,877,0,40,3,0,2,1,3,31,7
3839153,0,877,0,40,2,0,2,1,3,47,7
3839155,0,877,0,40,2,0,2,1,3,54,7
3839157,0,877,0,40,2,0,2,1,3,37,7
3839159,0,877,0,40,3,0,2,1,3,83,7
3839161,0,877,0,40,3,0,2,1,3,22,7
3839165,0,877,0,40,2,0,2,1,3,36,7
3839169,0,877,0,40,2,0,2,1,3,45,7
3800111,0,877,0,40,3,0,2,1,12,52,7
3801441,0,877,0,40,3,0,2,1,5,56,7
3801538,1,877,663,40,2,1,2,1,9,31,7
3803132,0,877,0,40,3,0,2,1,7,14,7
3802035,0,877,0,40,2,2,2,1,15,17,7
3794410,0,877,0,40,2,4,2,1,21,50,7
3802458,0,877,0,40,3,1,2,1,13,24,7
3795476,0,877,0,40,3,5,2,1,33,26,7
3802698,0,877,0,40,3,2,2,1,10,75,7
3804692,0,877,0,40,3,0,2,1,4,29,7
3804886,0,877,0,40,2,0,2,1,3,58,7
3797408,0,877,0,40,2,4,2,1,43,11,7
3804764,0,877,0,40,2,1,2,1,10,44,7
3742855,0,877,0,40,3,15,2,1,147,62,7
3806059,0,877,0,40,3,1,2,1,4,32,7
3806667,0,877,0,40,2,0,2,1,3,45,7
3806353,0,877,0,40,3,0,2,1,8,91,7
3806105,0,877,0,40,3,1,2,1,13,39,7
3807800,0,877,0,40,3,0,2,1,3,45,7
3808107,0,877,0,40,2,0,2,1,3,79,7
3806647,0,877,0,40,3,1,2,1,13,37,7
3808511,0,877,0,40,3,0,2,1,3,28,7
3808084,0,877,0,40,3,0,2,1,4,32,7
3808628,0,877,0,40,3,0,2,1,5,53,7
3808940,0,877,0,40,2,0,2,1,3,64,7
3808923,0,877,0,40,2,0,2,1,5,36,7
3808327,0,877,0,40,3,6,2,1,26,58,7
3814017,0,877,0,40,3,3,2,1,38,42,7
3819661,0,877,0,40,2,5,2,1,15,21,7
3802936,0,877,0,40,3,4,2,1,26,65,7
3825830,0,877,0,40,3,2,2,1,14,63,7
3803715,0,877,0,40,3,6,2,1,34,40,7
3830609,0,877,0,40,2,1,2,1,5,32,7
3817319,0,877,0,40,3,3,2,1,18,67,7
3820639,0,877,0,40,3,3,2,1,25,73,7
3827972,0,877,0,40,3,1,2,1,11,61,7
3803262,0,877,0,40,3,5,2,1,25,49,7
3808560,0,877,0,40,2,4,2,1,15,60,7
3806910,0,877,0,40,3,1,2,1,8,40,7
3831344,0,877,0,40,2,1,2,1,5,47,7
3831929,0,877,0,40,3,1,2,1,4,18,7
3816003,0,877,0,40,3,6,2,1,23,32,7
3823840,0,877,0,40,2,1,2,1,23,23,7
3819280,0,877,0,40,3,3,2,1,30,47,7
3803846,0,877,0,40,3,5,2,1,34,81,7
3829534,0,877,0,40,3,1,2,1,10,56,7
3829635,0,877,0,40,3,1,2,1,9,27,7
3818130,0,877,0,40,2,3,2,1,28,31,7
3825272,0,877,0,40,2,3,2,1,10,43,7
3825025,0,877,0,40,2,3,2,1,15,33,7
3806032,0,877,0,40,2,4,2,1,29,25,7
3822271,1,877,846,40,2,3,2,1,10,46,7
3825668,0,877,0,40,2,3,2,1,16,49,7
3820756,0,877,0,40,3,5,2,1,12,35,7
3814479,0,877,0,40,3,6,2,1,26,57,7
3807277,0,877,0,40,3,1,2,1,4,38,7
3829619,0,877,0,40,2,2,2,1,4,73,7
3824427,0,877,0,40,3,3,2,1,14,63,7
3832659,0,877,0,40,3,1,2,1,3,33,7
3805444,0,877,0,40,2,2,2,1,36,54,7
3812473,0,877,0,40,3,6,2,1,35,39,7
3802437,0,877,0,40,2,3,2,1,22,29,7
3825583,0,877,0,40,2,1,2,1,15,52,7
3820379,0,877,0,40,3,3,2,1,27,76,7
3827447,0,877,0,40,2,1,2,1,12,35,7
3807863,0,877,0,40,3,4,2,1,28,63,7
3809099,0,877,0,40,2,5,2,1,59,47,7
3825123,0,877,0,40,2,2,2,1,21,40,7
3824479,0,877,0,40,2,2,2,1,19,78,7
3805381,0,877,0,40,2,4,2,1,19,80,7
3831121,0,877,0,40,3,1,2,1,8,83,7
3799044,0,877,0,40,2,5,2,1,39,82,7
3827292,0,877,0,40,2,3,2,1,9,42,7
3824584,0,877,0,40,3,2,2,1,7,68,7
3824253,0,877,0,40,3,2,2,1,18,24,7
3819141,0,877,0,40,2,3,2,1,31,77,7
3832415,0,877,0,40,3,1,2,1,6,68,7
3804092,0,877,0,40,2,5,2,1,17,61,7
3818804,0,877,0,40,3,5,2,1,17,43,7
3832508,0,877,0,40,3,1,2,1,5,86,7
3810722,0,877,0,40,2,7,2,1,41,42,7
3821917,1,877,842,40,2,4,2,1,21,41,7
3830373,0,877,0,40,2,2,2,1,7,60,7
3832599,0,877,0,40,3,1,2,1,4,24,7
3827138,0,877,0,40,2,2,2,1,7,34,7
3824042,0,877,0,40,3,3,2,1,13,64,7
3833262,0,877,0,40,2,1,2,1,3,14,7
3818329,0,877,0,40,2,2,2,1,35,43,7
3811144,0,877,0,40,3,4,2,1,43,48,7
3819862,0,877,0,40,3,3,2,1,30,87,7
3823712,0,877,0,40,3,2,2,1,20,41,7
3805664,0,877,0,40,2,5,2,1,35,15,7
3826206,0,877,0,40,3,1,2,1,16,52,7
3814952,0,877,0,40,3,3,2,1,36,36,7
3819713,0,877,0,40,3,3,2,1,26,59,7
3816660,0,877,0,40,3,4,2,1,31,33,7
3821266,0,877,0,40,3,2,2,1,27,65,7
3825772,0,877,0,40,2,2,2,1,13,84,7
3824751,0,877,0,40,3,2,2,1,21,77,7
3806779,0,877,0,40,3,10,2,1,55,84,7
3827886,0,877,0,40,2,2,2,1,13,39,7
3825430,0,877,0,40,3,2,2,1,12,31,7
3806158,0,877,0,40,2,2,2,1,11,78,7
3802259,0,877,0,40,2,6,2,1,47,71,7
3829250,0,877,0,40,2,2,2,1,11,86,7
3831293,0,877,0,40,2,1,2,1,9,44,7
3806073,0,877,0,40,2,4,2,1,29,30,7
3808988,0,877,0,40,2,8,2,1,50,28,7
3817079,0,877,0,40,3,5,2,1,32,30,7
3830595,0,877,0,40,2,1,2,1,8,73,7
3798876,0,877,0,40,3,2,2,1,22,60,7
3825078,0,877,0,40,3,2,2,1,16,44,7
3826328,0,877,0,40,3,2,2,1,17,15,7
3832197,0,877,0,40,3,1,2,1,7,25,7
3813206,0,877,0,40,3,8,2,1,30,33,7
3816219,0,877,0,40,3,5,2,1,34,34,7
3832102,0,877,0,40,3,1,2,1,6,25,7
3809154,0,877,0,40,2,10,2,1,43,59,7
3800497,0,877,0,40,3,5,2,1,30,61,7
3828692,0,877,0,40,2,2,2,1,11,33,7
3809799,0,877,0,40,3,8,2,1,33,17,7
3832288,0,877,0,40,3,1,2,1,5,110,7
3833275,0,877,0,40,3,1,2,1,5,59,7
3825093,0,877,0,40,3,2,2,1,14,54,7
3822497,0,877,0,40,3,3,2,1,20,44,7
3820038,0,877,0,40,3,6,2,1,16,80,7
3831157,0,877,0,40,3,2,2,1,5,31,7
3831773,0,877,0,40,2,2,2,1,5,53,7
3833406,0,877,0,40,3,1,2,1,4,47,7
3803030,0,877,0,40,3,3,2,1,10,57,7
3826087,0,877,0,40,2,3,2,1,9,49,7
3827215,0,877,0,40,3,2,2,1,12,32,7
3810470,0,877,0,40,2,7,2,1,45,44,7
3828992,0,877,0,40,3,2,2,1,10,24,7
3831688,0,877,0,40,2,2,2,1,4,40,7
3813970,0,877,0,40,3,7,2,1,30,39,7
3825495,0,877,0,40,3,3,2,1,17,12,7
3833589,0,877,0,40,2,1,2,1,3,26,7
3834233,0,877,0,40,2,1,2,1,3,53,7
3812500,0,877,0,40,2,3,2,1,54,60,7
3805241,0,877,0,40,3,2,2,1,35,49,7
3809726,0,877,0,40,2,4,2,1,60,36,7
3803891,0,877,0,40,2,3,2,1,40,58,7
3803684,0,877,0,40,3,4,2,1,57,43,7
3825851,0,877,0,40,2,1,2,1,20,39,7
3812965,0,877,0,40,2,4,2,1,49,77,7
3815453,0,877,0,40,2,4,2,1,35,65,7
3828257,0,877,0,40,3,1,2,1,16,105,7
3820446,0,877,0,40,3,3,2,1,25,34,7
3821718,0,877,0,40,2,2,2,1,28,17,7
3829071,0,877,0,40,2,1,2,1,14,60,7
3829279,0,877,0,40,3,1,2,1,14,20,7
3818685,0,877,0,40,2,3,2,1,36,39,7
3829318,0,877,0,40,3,1,2,1,13,44,7
3806703,0,877,0,40,3,4,2,1,25,45,7
3817957,0,877,0,40,2,3,2,1,32,35,7
3827699,0,877,0,40,2,2,2,1,13,77,7
3802249,0,877,0,40,2,8,2,1,42,94,7
3830411,0,877,0,40,2,1,2,1,12,40,7
3810191,0,877,0,40,3,6,2,1,44,67,7
3830520,0,877,0,40,2,1,2,1,11,31,7
3806394,0,877,0,40,2,5,2,1,28,28,7
3824105,0,877,0,40,2,2,2,1,21,50,7
3807419,0,877,0,40,2,6,2,1,18,33,7
3830641,0,877,0,40,3,1,2,1,10,54,7
3812837,0,877,0,40,2,4,2,1,46,33,7
3805981,0,877,0,40,2,3,2,1,32,33,7
3819121,0,877,0,40,3,6,2,1,24,61,7
3809164,0,877,0,40,3,6,2,1,56,46,7
3831464,0,877,0,40,2,1,2,1,9,43,7
3806006,0,877,0,40,2,5,2,1,36,22,7
3807991,0,877,0,40,3,7,2,1,45,60,7
3828946,0,877,0,40,3,2,2,1,10,19,7
3809261,0,877,0,40,2,8,2,1,43,39,7
3821747,0,877,0,40,2,4,2,1,22,119,7
3831513,0,877,0,40,2,1,2,1,8,37,7
3832107,0,877,0,40,3,1,2,1,8,54,7
3819177,0,877,0,40,2,3,2,1,22,17,7
3826039,0,877,0,40,3,3,2,1,11,22,7
3813062,0,877,0,40,3,7,2,1,25,63,7
3821683,0,877,0,40,3,3,2,1,26,33,7
3823195,0,877,0,40,3,3,2,1,20,51,7
3830156,0,877,0,40,3,1,2,1,7,33,7
3803843,0,877,0,40,3,4,2,1,26,25,7
3805655,0,877,0,40,2,4,2,1,13,109,7
3817099,0,877,0,40,2,5,2,1,26,68,7
3806905,0,877,0,40,2,6,2,1,33,54,7
3796202,0,877,0,40,3,11,2,1,52,34,7
3831144,0,877,0,40,3,2,2,1,7,41,7
3833067,0,877,0,40,3,1,2,1,6,51,7
3833397,0,877,0,40,2,1,2,1,6,53,7
3828316,0,877,0,40,2,2,2,1,8,58,7
3806299,1,877,869,27.4055,3,2,2,1,10,34,7
3823090,0,877,0,40,3,3,2,1,19,63,7
3819463,0,877,0,40,3,4,2,1,23,46,7
3826043,0,877,0,40,3,3,2,1,16,26,7
3829765,0,877,0,40,2,2,2,1,8,50,7
3816233,0,877,0,40,3,6,2,1,29,28,7
3813769,0,877,0,40,3,4,2,1,37,19,7
3833046,0,877,0,40,3,1,2,1,5,18,7
3833644,0,877,0,40,3,1,2,1,5,61,7
3803133,0,877,0,40,3,1,2,1,9,41,7
3824094,0,877,0,40,2,3,2,1,13,39,7
3821623,0,877,0,40,2,3,2,1,19,43,7
3816599,0,877,0,40,3,5,2,1,25,30,7
3830399,0,877,0,40,3,2,2,1,7,40,7
3805880,0,877,0,40,3,4,2,1,39,26,7
3815664,0,877,0,40,3,5,2,1,33,11,7
3829510,0,877,0,40,3,2,2,1,10,17,7
3829426,0,877,0,40,3,3,2,1,9,81,7
3811812,0,877,0,40,2,8,2,1,35,56,7
3833224,0,877,0,40,2,1,2,1,4,49,7
3833585,0,877,0,40,3,1,2,1,4,112,7
3834101,0,877,0,40,2,1,2,1,4,51,7
3804965,0,877,0,40,2,2,2,1,5,57,7
3829331,0,877,0,40,2,2,2,1,5,26,7
3823434,0,877,0,40,3,3,2,1,15,41,7
3822065,0,877,0,40,2,4,2,1,14,27,7
3827049,0,877,0,40,3,3,2,1,10,45,7
3800654,0,877,0,40,2,8,2,1,51,56,7
3830486,0,877,0,40,2,2,2,1,6,47,7
3823174,0,877,0,40,2,4,2,1,17,27,7
3822961,0,877,0,40,3,4,2,1,15,20,7
3823389,0,877,0,40,3,5,2,1,11,35,7
3823939,0,877,0,40,3,3,2,1,16,74,7
3830190,0,877,0,40,3,3,2,1,6,15,7
3805074,0,877,0,40,3,8,2,1,40,47,7
3812427,0,877,0,40,3,8,2,1,29,25,7
3832589,0,877,0,40,2,1,2,1,3,29,7
3833783,0,877,0,40,3,1,2,1,3,26,7
3834304,0,877,0,40,3,1,2,1,3,64,7
3834704,0,877,0,40,2,1,2,1,3,23,7
3815073,0,877,0,40,2,3,2,1,45,23,7
3824495,0,877,0,40,2,1,2,1,26,57,7
3816485,0,877,0,40,3,5,2,1,33,24,7
3821044,0,877,0,40,3,2,2,1,29,54,7
3827288,0,877,0,40,2,1,2,1,19,55,7
3811136,0,877,0,40,2,6,2,1,44,40,7
3812012,0,877,0,40,2,6,2,1,44,34,7
3805564,0,877,0,40,2,4,2,1,32,27,7
3808521,0,877,0,40,2,1,2,1,17,84,7
3819799,0,877,0,40,2,3,2,1,29,34,7
3826254,0,877,0,40,3,1,2,1,16,11,7
3824168,0,877,0,40,3,4,2,1,18,44,7
3829417,0,877,0,40,3,1,2,1,15,28,7
3810986,0,877,0,40,2,5,2,1,46,26,7
3816474,0,877,0,40,2,3,2,1,43,19,7
3804746,0,877,0,40,3,5,2,1,39,64,7
3829780,0,877,0,40,2,1,2,1,14,23,7
3808778,0,877,0,40,2,2,2,1,31,32,7
3818973,0,877,0,40,3,4,2,1,31,24,7
3803216,0,877,0,40,3,7,2,1,45,30,7
3810536,0,877,0,40,2,7,2,1,43,19,7
3830131,0,877,0,40,2,1,2,1,13,22,7
3820315,0,877,0,40,3,3,2,1,28,33,7
3803112,0,877,0,40,3,5,2,1,60,31,7
3826172,0,877,0,40,3,2,2,1,18,50,7
3828744,0,877,0,40,2,2,2,1,15,46,7
3830768,0,877,0,40,3,1,2,1,12,33,7
3826235,0,877,0,40,3,3,2,1,13,48,7
3826779,0,877,0,40,3,2,2,1,13,69,7
3820350,0,877,0,40,3,4,2,1,21,56,7
3825798,0,877,0,40,2,2,2,1,19,38,7
3804599,0,877,0,40,3,5,2,1,37,34,7
3819513,0,877,0,40,2,4,2,1,24,32,7
3831269,0,877,0,40,2,1,2,1,11,40,7
3801220,0,877,0,40,3,5,2,1,22,25,7
3812221,0,877,0,40,2,5,2,1,44,52,7
3812283,0,877,0,40,3,7,2,1,39,26,7
3817126,0,877,0,40,3,3,2,1,36,80,7
3830795,0,877,0,40,3,1,2,1,10,30,7
3831640,0,877,0,40,3,1,2,1,10,29,7
3831814,0,877,0,40,2,1,2,1,10,47,7
3806202,0,877,0,40,3,5,2,1,54,64,7
3819539,0,877,0,40,2,4,2,1,23,69,7
3802752,0,877,0,40,3,6,2,1,50,27,7
3827048,0,877,0,40,2,2,2,1,15,40,7
3824743,0,877,0,40,3,3,2,1,16,56,7
3828780,0,877,0,40,3,2,2,1,13,41,7
3830291,0,877,0,40,2,2,2,1,11,50,7
3805926,0,877,0,40,3,2,2,1,15,49,7
3831749,0,877,0,40,2,1,2,1,9,45,7
3832363,0,877,0,40,2,1,2,1,9,28,7
3821899,0,877,0,40,3,3,2,1,18,31,7
3827896,0,877,0,40,2,2,2,1,9,47,7
3810033,0,877,0,40,2,6,2,1,46,19,7
3825314,0,877,0,40,2,3,2,1,15,62,7
3810962,0,877,0,40,3,4,2,1,61,21,7
3811147,0,877,0,40,3,8,2,1,49,27,7
3812855,0,877,0,40,3,6,2,1,39,44,7
3832018,0,877,0,40,3,1,2,1,8,39,7
3832422,0,877,0,40,3,1,2,1,8,35,7
3832774,0,877,0,40,2,1,2,1,8,36,7
3810122,0,877,0,40,2,6,2,1,45,28,7
3825903,0,877,0,40,3,3,2,1,11,74,7
3825984,0,877,0,40,2,2,2,1,15,44,7
3820121,0,877,0,40,3,5,2,1,20,22,7
3829035,0,877,0,40,2,2,2,1,11,33,7
3820654,0,877,0,40,2,2,2,1,30,40,7
3828907,0,877,0,40,3,2,2,1,12,52,7
3827747,0,877,0,40,3,2,2,1,16,87,7
3792898,1,877,870,40,2,14,2,1,87,85,7
3832471,0,877,0,40,2,1,2,1,7,35,7
3832859,0,877,0,40,3,1,2,1,7,55,7
3833203,0,877,0,40,2,1,2,1,7,83,7
3828325,0,877,0,40,3,2,2,1,9,45,7
3812138,0,877,0,40,3,7,2,1,27,48,7
3813425,0,877,0,40,3,5,2,1,41,83,7
3806281,0,877,0,40,3,13,2,1,43,40,7
3812422,0,877,0,40,3,7,2,1,30,32,7
3821026,0,877,0,40,3,3,2,1,27,37,7
3826759,0,877,0,40,2,4,2,1,11,80,7
3831215,0,877,0,40,2,2,2,1,7,52,7
3723158,0,877,0,40,2,27,2,1,142,25,7
3830821,0,877,0,40,2,2,2,1,8,55,7
3817896,0,877,0,40,2,7,2,1,31,26,7
3824132,0,877,0,40,3,3,2,1,19,13,7
3824086,0,877,0,40,2,3,2,1,19,16,7
3832729,0,877,0,40,3,1,2,1,6,32,7
3833018,0,877,0,40,2,1,2,1,6,16,7
3833274,0,877,0,40,2,1,2,1,6,30,7
3833514,0,877,0,40,3,1,2,1,6,43,7
3833782,0,877,0,40,2,1,2,1,6,29,7
3817227,0,877,0,40,3,4,2,1,23,51,7
3811040,0,877,0,40,3,7,2,1,38,36,7
3812374,0,877,0,40,2,6,2,1,31,29,7
3807731,0,877,0,40,2,4,2,1,13,47,7
3825652,0,877,0,40,2,2,2,1,19,53,7
3819289,0,877,0,40,2,5,2,1,26,55,7
3814764,0,877,0,40,2,7,2,1,35,53,7
3825621,0,877,0,40,3,2,2,1,19,45,7
3829436,0,877,0,40,2,2,2,1,10,51,7
3792378,0,877,0,40,2,8,2,1,75,68,7
3819004,0,877,0,40,3,4,2,1,29,33,7
3832813,0,877,0,40,3,1,2,1,5,56,7
3833477,0,877,0,40,2,1,2,1,5,48,7
3833801,0,877,0,40,3,1,2,1,5,29,7
3834249,0,877,0,40,2,1,2,1,5,21,7
3814891,0,877,0,40,2,6,2,1,29,33,7
3814784,0,877,0,40,3,7,2,1,24,32,7
3829107,0,877,0,40,2,2,2,1,8,39,7
3828289,0,877,0,40,3,2,2,1,11,34,7
3816940,0,877,0,40,3,6,2,1,22,55,7
3808466,0,877,0,40,3,3,2,1,18,50,7
3820105,0,877,0,40,2,3,2,1,24,58,7
3803720,0,877,0,40,2,3,2,1,20,62,7
3824543,0,877,0,40,2,4,2,1,20,43,7
3806790,0,877,0,40,2,5,2,1,20,56,7
3829739,0,877,0,40,2,2,2,1,10,40,7
3817606,0,877,0,40,2,6,2,1,32,54,7
3811516,0,877,0,40,2,6,2,1,39,52,7
3830165,0,877,0,40,3,2,2,1,11,46,7
3831901,0,877,0,40,2,2,2,1,7,90,7
3831707,0,877,0,40,3,2,2,1,5,41,7
3806568,0,877,0,40,3,3,2,1,13,60,7
3815581,0,877,0,40,2,5,2,1,41,56,7
3833447,0,877,0,40,2,1,2,1,4,67,7
3834420,0,877,0,40,2,1,2,1,4,78,7
3834576,0,877,0,40,2,1,2,1,4,67,7
3820070,2,877,0,40,3,3,2,1,20,44,7
3829138,0,877,0,40,3,2,2,1,6,50,7
3815956,0,877,0,40,3,4,2,1,34,47,7
3826769,0,877,0,40,2,3,2,1,8,33,7
3830923,0,877,0,40,3,2,2,1,4,105,7
3817538,0,877,0,40,3,5,2,1,17,41,7
3831005,0,877,0,40,3,2,2,1,6,34,7
3820766,0,877,0,40,2,4,2,1,17,115,7
3821142,0,877,0,40,3,4,2,1,20,37,7
3816319,0,877,0,40,2,6,2,1,30,42,7
3801720,0,877,0,40,3,6,2,1,35,39,7
3829473,0,877,0,40,2,3,2,1,6,83,7
3800174,0,877,0,40,2,4,2,1,41,29,7
3829605,0,877,0,40,3,2,2,1,9,56,7
3806442,0,877,0,40,3,4,2,1,26,16,7
3807171,0,877,0,40,2,7,2,1,14,45,7
3817398,0,877,0,40,2,6,2,1,30,82,7
3811969,0,877,0,40,3,7,2,1,38,18,7
3821651,0,877,0,40,2,4,2,1,21,23,7
3832544,0,877,0,40,2,2,2,1,7,26,7
3833926,0,877,0,40,2,1,2,1,3,35,7
3834467,0,877,0,40,2,1,2,1,3,36,7
3834962,0,877,0,40,3,1,2,1,3,53,7
3835112,0,877,0,40,3,1,2,1,3,52,7
3795157,0,877,0,40,3,6,2,1,22,45,7
3816767,0,877,0,40,2,2,2,1,44,51,7
3806376,0,877,0,40,3,8,2,1,65,48,7
3807074,0,877,0,40,2,6,2,1,68,80,7
3814755,0,877,0,40,3,4,2,1,40,57,7
3807704,0,877,0,40,2,6,2,1,67,15,7
3807670,0,877,0,40,2,2,2,1,24,70,7
3820808,0,877,0,40,3,2,2,1,30,54,7
3818240,0,877,0,40,3,4,2,1,34,49,7
3812634,0,877,0,40,3,4,2,1,42,84,7
3810257,0,877,0,40,3,6,2,1,45,28,7
3823484,0,877,0,40,3,2,2,1,19,64,7
3804279,0,877,0,40,2,3,2,1,25,32,7
3818067,0,877,0,40,3,2,2,1,39,49,7
3825594,0,877,0,40,3,2,2,1,17,56,7
3804947,0,877,0,40,2,3,2,1,31,35,7
3804900,0,877,0,40,3,3,2,1,36,20,7
3821151,0,877,0,40,3,3,2,1,27,51,7
3829487,0,877,0,40,3,1,2,1,16,24,7
3807860,0,877,0,40,3,2,2,1,21,29,7
3827974,0,877,0,40,2,2,2,1,16,22,7
3829956,0,877,0,40,2,1,2,1,15,40,7
3809874,0,877,0,40,2,7,2,1,48,35,7
3829216,0,877,0,40,3,1,2,1,14,38,7
3805239,0,877,0,40,3,5,2,1,19,29,7
3825267,0,877,0,40,3,3,2,1,17,56,7
3802512,0,877,0,40,2,6,2,1,44,55,7
3821241,0,877,0,40,3,4,2,1,17,29,7
3829877,0,877,0,40,2,1,2,1,13,14,7
3830900,0,877,0,40,2,1,2,1,13,68,7
3735119,0,877,0,40,2,18,2,1,122,85,7
3819339,0,877,0,40,3,4,2,1,33,52,7
3829180,0,877,0,40,2,1,2,1,12,39,7
3831175,0,877,0,40,3,1,2,1,12,58,7
3807068,0,877,0,40,2,5,2,1,44,75,7
3819519,0,877,0,40,3,4,2,1,27,54,7
3818124,0,877,0,40,2,3,2,1,36,21,7
3823097,0,877,0,40,2,3,2,1,21,37,7
3815173,0,877,0,40,3,7,2,1,25,23,7
3815710,0,877,0,40,3,6,2,1,28,33,7
3831772,0,877,0,40,2,1,2,1,11,22,7
3789133,0,877,0,40,2,9,2,1,47,30,7
3817231,0,877,0,40,3,4,2,1,35,53,7
3828630,0,877,0,40,3,2,2,1,12,49,7
3828241,0,877,0,40,3,2,2,1,14,57,7
3828442,0,877,0,40,3,2,2,1,12,61,7
3802093,0,877,0,40,3,3,2,1,33,74,7
3806021,0,877,0,40,2,3,2,1,18,59,7
3814252,0,877,0,40,3,7,2,1,35,27,7
3825833,0,877,0,40,3,2,2,1,22,52,7
3831625,0,877,0,40,3,1,2,1,10,36,7
3831993,0,877,0,40,3,1,2,1,10,35,7
3825691,0,877,0,40,3,2,2,1,13,43,7
3820085,0,877,0,40,2,4,2,1,22,47,7
3828097,0,877,0,40,3,2,2,1,13,56,7
3817588,0,877,0,40,3,5,2,1,27,66,7
3825170,0,877,0,40,2,2,2,1,16,80,7
3826534,0,877,0,40,3,3,2,1,17,69,7
3817430,0,877,0,40,3,5,2,1,27,82,7
3817887,0,877,0,40,3,4,2,1,30,63,7
3830956,0,877,0,40,2,2,2,1,10,25,7
3821084,0,877,0,40,2,4,2,1,22,93,7
3829636,0,877,0,40,3,2,2,1,13,58,7
3829998,0,877,0,40,3,2,2,1,14,59,7
3831631,0,877,0,40,2,1,2,1,9,26,7
3831974,0,877,0,40,2,1,2,1,9,74,7
3832286,0,877,0,40,2,1,2,1,9,64,7
3804328,0,877,0,40,3,1,2,1,14,47,7
3824822,0,877,0,40,3,3,2,1,12,29,7
3810582,0,877,0,40,2,8,2,1,35,34,7
3824049,0,877,0,40,3,4,2,1,18,50,7
3823623,0,877,0,40,2,3,2,1,21,84,7
3820373,0,877,0,40,2,4,2,1,25,114,7
3830912,0,877,0,40,3,2,2,1,9,33,7
3815352,0,877,0,40,2,6,2,1,33,87,7
3819365,0,877,0,40,3,4,2,1,29,37,7
3826297,0,877,0,40,3,3,2,1,19,44,7
3818384,0,877,0,40,2,5,2,1,29,39,7
3808179,0,877,0,40,2,8,2,1,61,37,7
3801598,0,877,0,40,3,6,2,1,39,41,7
3832663,0,877,0,40,3,1,2,1,8,46,7
3833037,0,877,0,40,2,1,2,1,8,36,7
3833225,0,877,0,40,3,1,2,1,8,36,7
3833335,0,877,0,40,3,1,2,1,8,65,7
3811188,0,877,0,40,3,6,2,1,40,16,7
3816497,0,877,0,40,2,5,2,1,24,23,7
3827050,0,877,0,40,2,2,2,1,9,19,7
3819386,0,877,0,40,3,4,2,1,20,48,7
3809289,0,877,0,40,2,6,2,1,51,24,7
3821496,0,877,0,40,3,3,2,1,28,81,7
3823989,0,877,0,40,2,3,2,1,19,36,7
3820763,0,877,0,40,3,5,2,1,28,30,7
3828533,0,877,0,40,3,2,2,1,15,27,7
3813835,0,877,0,40,2,5,2,1,31,40,7
3830493,0,877,0,40,2,2,2,1,10,58,7
3828269,0,877,0,40,3,3,2,1,13,36,7
3832950,0,877,0,40,2,1,2,1,7,41,7
3833446,0,877,0,40,3,1,2,1,7,34,7
3833776,0,877,0,40,3,1,2,1,7,59,7
3794748,0,877,0,40,3,10,2,1,73,26,7
3804311,0,877,0,40,2,6,2,1,30,51,7
3822335,0,877,0,40,3,3,2,1,19,22,7
3807467,0,877,0,40,2,4,2,1,18,33,7
3803060,0,877,0,40,2,4,2,1,46,23,7
3829314,0,877,0,40,2,2,2,1,8,61,7
3815395,0,877,0,40,3,4,2,1,35,21,7
3786377,0,877,0,40,3,9,2,1,58,17,7
3803423,0,877,0,40,3,7,2,1,45,12,7
3823666,0,877,0,40,2,4,2,1,19,41,7
3808839,0,877,0,40,3,6,2,1,64,78,7
3818422,0,877,0,40,3,6,2,1,25,73,7
3831920,0,877,0,40,2,2,2,1,7,41,7
3825787,0,877,0,40,2,3,2,1,16,68,7
3828444,0,877,0,40,2,2,2,1,15,87,7
3821577,0,877,0,40,2,5,2,1,18,39,7
3824903,0,877,0,40,3,4,2,1,18,28,7
3832310,0,877,0,40,2,2,2,1,8,49,7
3814307,0,877,0,40,3,6,2,1,33,54,7
3833096,0,877,0,40,2,1,2,1,6,40,7
3833685,0,877,0,40,3,1,2,1,6,64,7
3834031,0,877,0,40,2,1,2,1,6,30,7
3834181,0,877,0,40,2,1,2,1,6,111,7
3823032,0,877,0,40,3,2,2,1,14,86,7
3796838,0,877,0,40,2,8,2,1,48,28,7
3810904,0,877,0,40,2,8,2,1,36,31,7
3812310,0,877,0,40,2,7,2,1,41,44,7
3826865,0,877,0,40,2,2,2,1,15,19,7
3820394,0,877,0,40,3,4,2,1,23,107,7
3829184,0,877,0,40,2,2,2,1,8,44,7
3819092,0,877,0,40,3,3,2,1,31,18,7
3819425,0,877,0,40,2,5,2,1,18,77,7
3804157,0,877,0,40,2,3,2,1,10,43,7
3763176,0,877,0,40,2,14,2,1,93,32,7
3804178,0,877,0,40,2,4,2,1,27,53,7
3805363,0,877,0,40,2,4,2,1,23,40,7
3805756,0,877,0,40,2,7,2,1,59,42,7
3826633,0,877,0,40,3,3,2,1,11,39,7
3803497,0,877,0,40,2,7,2,1,38,21,7
3827832,0,877,0,40,2,2,2,1,13,102,7
3829466,0,877,0,40,2,2,2,1,12,11,7
3809902,0,877,0,40,3,8,2,1,50,35,7
3811970,0,877,0,40,2,7,2,1,37,81,7
3832319,0,877,0,40,2,2,2,1,7,41,7
3824526,0,877,0,40,3,2,2,1,21,15,7
3830645,0,877,0,40,3,2,2,1,10,71,7
3832168,0,877,0,40,3,2,2,1,6,37,7
3833550,0,877,0,40,3,2,2,1,6,42,7
3833815,0,877,0,40,2,1,2,1,5,71,7
3834088,0,877,0,40,2,1,2,1,5,38,7
3834518,0,877,0,40,3,1,2,1,5,54,7
3834614,0,877,0,40,2,1,2,1,5,41,7
3834652,0,877,0,40,3,1,2,1,5,62,7
3834740,0,877,0,40,3,1,2,1,5,37,7
3834858,0,877,0,40,3,1,2,1,5,45,7
3807174,0,877,0,40,3,3,2,1,46,31,7
3822363,0,877,0,40,2,3,2,1,16,74,7
3811472,0,877,0,40,3,6,2,1,46,43,7
3826052,0,877,0,40,3,3,2,1,13,46,7
3805204,0,877,0,40,2,2,2,1,44,24,7
3802190,0,877,0,40,3,7,2,1,34,35,7
3828643,0,877,0,40,2,2,2,1,11,29,7
3830734,0,877,0,40,2,2,2,1,8,17,7
3821728,0,877,0,40,3,4,2,1,18,36,7
3832053,0,877,0,40,2,2,2,1,5,40,7
3825997,0,877,0,40,3,2,2,1,19,52,7
3816148,0,877,0,40,3,5,2,1,35,41,7
3816416,0,877,0,40,3,6,2,1,19,64,7
3805247,0,877,0,40,3,3,2,1,19,53,7
3827098,0,877,0,40,3,3,2,1,10,33,7
3816989,0,877,0,40,2,4,2,1,37,72,7
3824851,0,877,0,40,2,3,2,1,18,22,7
3823571,0,877,0,40,2,3,2,1,23,20,7
3818803,0,877,0,40,2,5,2,1,21,39,7
3826267,0,877,0,40,2,4,2,1,13,39,7
3816181,0,877,0,40,3,6,2,1,24,48,7
3816645,0,877,0,40,2,6,2,1,29,19,7
3805039,0,877,0,40,3,2,2,1,10,33,7
3828996,0,877,0,40,3,3,2,1,12,29,7
3809218,0,877,0,40,3,8,2,1,49,58,7
3826426,0,877,0,40,2,2,2,1,21,76,7
3804714,0,877,0,40,3,4,2,1,23,15,7
3814415,0,877,0,40,3,8,2,1,28,53,7
3832853,0,877,0,40,3,1,2,1,4,77,7
3834270,0,877,0,40,3,1,2,1,4,38,7
3834539,0,877,0,40,3,1,2,1,4,64,7
3834863,0,877,0,40,2,1,2,1,4,46,7
3834956,0,877,0,40,2,1,2,1,4,39,7
3835176,0,877,0,40,3,1,2,1,4,37,7
3835250,0,877,0,40,3,1,2,1,4,22,7
3806560,0,877,0,40,3,1,2,1,6,30,7
3821188,0,877,0,40,2,4,2,1,20,51,7
3817779,0,877,0,40,3,4,2,1,25,46,7
3828725,0,877,0,40,3,2,2,1,5,17,7
3826802,0,877,0,40,2,2,2,1,12,19,7
3803869,0,877,0,40,3,3,2,1,13,35,7
3796148,0,877,0,40,3,11,2,1,60,31,7
3807620,0,877,0,40,3,7,2,1,48,56,7
3823319,0,877,0,40,2,3,2,1,16,34,7
3819807,0,877,0,40,3,5,2,1,16,69,7
3818206,0,877,0,40,2,5,2,1,28,41,7
3816303,1,877,871,23.841,3,5,2,1,28,36,7
3826009,0,877,0,40,3,4,2,1,9,32,7
3822482,0,877,0,40,2,2,2,1,28,47,7
3821783,0,877,0,40,3,4,2,1,16,40,7
3805243,0,877,0,40,2,4,2,1,13,32,7
3826630,0,877,0,40,2,4,2,1,10,28,7
3821191,0,877,0,40,3,3,2,1,28,80,7
3807901,0,877,0,40,3,7,2,1,63,81,7
3818351,0,877,0,40,2,4,2,1,22,45,7
3806896,0,877,0,40,2,7,2,1,29,32,7
3776786,0,877,0,40,3,12,2,1,54,46,7
3822552,0,877,0,40,2,4,2,1,20,17,7
3833726,0,877,0,40,2,2,2,1,4,40,7
3812734,0,877,0,40,3,7,2,1,33,18,7
3817598,0,877,0,40,3,5,2,1,27,81,7
3807606,0,877,0,40,2,5,2,1,22,37,7
3809558,0,877,0,40,2,10,2,1,40,54,7
3817169,0,877,0,40,2,4,2,1,32,69,7
3817745,0,877,0,40,3,4,2,1,31,25,7
3832938,0,877,0,40,2,2,2,1,7,34,7
3834581,0,877,0,40,3,1,2,1,3,51,7
3835187,0,877,0,40,3,1,2,1,3,57,7
3835450,0,877,0,40,3,1,2,1,3,68,7
3835478,0,877,0,40,2,1,2,1,3,53,7
3835632,0,877,0,40,3,1,2,1,3,32,7
3835814,0,877,0,40,3,1,2,1,3,21,7
3835886,0,877,0,40,2,1,2,1,3,52,7
3818307,0,877,0,40,2,1,2,1,43,12,7
3810837,0,877,0,40,3,2,2,1,64,87,7
3822879,0,877,0,40,3,1,2,1,32,34,7
3806343,0,877,0,40,3,1,2,1,28,25,7
3824400,0,877,0,40,2,1,2,1,27,43,7
3822267,0,877,0,40,2,2,2,1,29,34,7
3808050,0,877,0,40,3,5,2,1,57,82,7
3809598,0,877,0,40,2,7,2,1,45,85,7
3810145,0,877,0,40,3,4,2,1,62,55,7
3819163,0,877,0,40,2,3,2,1,30,51,7
3812760,0,877,0,40,3,3,2,1,52,40,7
3826695,0,877,0,40,2,1,2,1,22,65,7
3825901,0,877,0,40,2,1,2,1,21,38,7
3807803,0,877,0,40,2,1,2,1,24,14,7
3823103,0,877,0,40,3,2,2,1,26,40,7
3821239,0,877,0,40,3,3,2,1,22,23,7
3808059,0,877,0,40,3,1,2,1,21,60,7
3816062,0,877,0,40,3,5,2,1,32,39,7
3817381,0,877,0,40,3,4,2,1,28,18,7
3815284,0,877,0,40,3,4,2,1,41,19,7
3799501,0,877,0,40,3,8,2,1,59,62,7
3828883,0,877,0,40,3,1,2,1,17,32,7
3823388,0,877,0,40,3,2,2,1,22,52,7
3801235,0,877,0,40,2,7,2,1,54,38,7
3827573,0,877,0,40,2,2,2,1,17,43,7
3827463,0,877,0,40,2,1,2,1,16,23,7
3811453,0,877,0,40,2,3,2,1,49,67,7
3807644,0,877,0,40,3,9,2,1,54,27,7
3807362,0,877,0,40,2,8,2,1,49,36,7
3829903,0,877,0,40,3,1,2,1,15,23,7
3805129,0,877,0,40,2,1,2,1,23,29,7
3811768,0,877,0,40,2,7,2,1,43,92,7
3817373,1,877,855,40,2,4,2,1,27,57,7
3820386,0,877,0,40,3,4,2,1,21,38,7
3816116,0,877,0,40,2,5,2,1,38,42,7
3817655,0,877,0,40,2,3,2,1,35,78,7
3825576,0,877,0,40,2,3,2,1,16,34,7
3760214,0,877,0,40,2,14,2,1,86,71,7
3813106,0,877,0,40,3,4,2,1,55,47,7
3821134,0,877,0,40,3,3,2,1,32,28,7
3809013,0,877,0,40,2,8,2,1,46,32,7
3830501,0,877,0,40,3,1,2,1,13,50,7
3831143,0,877,0,40,3,1,2,1,13,33,7
3801186,0,877,0,40,3,3,2,1,20,40,7
3815248,0,877,0,40,3,4,2,1,34,16,7
3823596,0,877,0,40,3,3,2,1,16,68,7
3806309,0,877,0,40,2,4,2,1,27,20,7
3817448,0,877,0,40,2,4,2,1,31,37,7
3817642,0,877,0,40,2,4,2,1,41,28,7
3831628,0,877,0,40,2,1,2,1,12,57,7
3811449,0,877,0,40,3,6,2,1,38,60,7
3814000,0,877,0,40,3,5,2,1,39,14,7
3825643,0,877,0,40,3,3,2,1,16,41,7
3826236,0,877,0,40,2,3,2,1,15,53,7
3828971,0,877,0,40,3,2,2,1,15,73,7
3825881,0,877,0,40,3,3,2,1,23,46,7
3829456,0,877,0,40,2,1,2,1,11,132,7
3831422,0,877,0,40,2,1,2,1,11,33,7
3831617,0,877,0,40,3,1,2,1,11,38,7
3831825,0,877,0,40,3,1,2,1,11,22,7
3832317,0,877,0,40,2,1,2,1,11,46,7
3828435,0,877,0,40,3,2,2,1,12,44,7
3809462,0,877,0,40,3,7,2,1,43,37,7
3807141,0,877,0,40,2,3,2,1,26,31,7
3818378,0,877,0,40,3,2,2,1,40,44,7
3811428,0,877,0,40,2,7,2,1,35,108,7
3803982,0,877,0,40,3,3,2,1,22,15,7
3768973,0,877,0,40,2,14,2,1,116,77,7
3821869,0,877,0,40,3,3,2,1,25,33,7
3816815,0,877,0,40,2,5,2,1,35,56,7
3831615,0,877,0,40,3,1,2,1,10,63,7
3745837,0,877,0,40,2,14,2,1,130,44,7
3809839,0,877,0,40,3,5,2,1,56,46,7
3810030,0,877,0,40,2,7,2,1,49,51,7
3822915,0,877,0,40,2,3,2,1,19,27,7
3806460,0,877,0,40,2,2,2,1,29,44,7
3824908,0,877,0,40,3,3,2,1,14,42,7
3821836,0,877,0,40,2,3,2,1,21,64,7
3818541,0,877,0,40,2,5,2,1,25,32,7
3823379,0,877,0,40,2,4,2,1,17,25,7
3806627,0,877,0,40,3,4,2,1,17,42,7
3813737,0,877,0,40,3,8,2,1,34,38,7
3827875,0,877,0,40,2,2,2,1,17,70,7
3815250,0,877,0,40,2,6,2,1,28,56,7
3819638,0,877,0,40,3,6,2,1,26,60,7
3827075,0,877,0,40,2,2,2,1,20,38,7
3817778,0,877,0,40,2,6,2,1,34,36,7
3829601,0,877,0,40,2,2,2,1,10,73,7
3832192,0,877,0,40,3,1,2,1,9,42,7
3832499,0,877,0,40,3,1,2,1,9,31,7
3833017,0,877,0,40,2,1,2,1,9,69,7
3833161,0,877,0,40,2,1,2,1,9,78,7
3833271,0,877,0,40,3,1,2,1,9,111,7
3816450,0,877,0,40,3,4,2,1,29,25,7
3804552,0,877,0,40,3,2,2,1,13,46,7
3811232,0,877,0,40,2,5,2,1,47,24,7
3821207,0,877,0,40,2,2,2,1,30,37,7
3827929,0,877,0,40,2,2,2,1,15,39,7
3828247,0,877,0,40,3,3,2,1,10,79,7
3822101,0,877,0,40,3,3,2,1,23,48,7
3826803,0,877,0,40,3,3,2,1,16,47,7
3813112,0,877,0,40,3,5,2,1,39,67,7
3816611,0,877,0,40,2,3,2,1,40,28,7
3830461,0,877,0,40,2,2,2,1,12,37,7
3826924,0,877,0,40,3,3,2,1,13,40,7
3820799,0,877,0,40,3,4,2,1,28,11,7
3819856,0,877,0,40,3,6,2,1,21,72,7
3828972,0,877,0,40,3,3,2,1,13,56,7
3832497,0,877,0,40,2,1,2,1,8,37,7
3832721,0,877,0,40,2,1,2,1,8,22,7
3833190,0,877,0,40,3,1,2,1,8,49,7
3833628,0,877,0,40,2,1,2,1,8,9,7
3824825,0,877,0,40,3,3,2,1,13,44,7
3810202,0,877,0,40,3,8,2,1,36,29,7
3816342,0,877,0,40,3,3,2,1,34,44,7
3826139,0,877,0,40,3,3,2,1,16,50,7
3813109,0,877,0,40,3,6,2,1,36,35,7
3822043,0,877,0,40,3,3,2,1,25,33,7
3815106,0,877,0,40,3,6,2,1,27,34,7
3830038,0,877,0,40,2,2,2,1,9,52,7
3828799,0,877,0,40,2,2,2,1,13,23,7
3829602,0,877,0,40,2,2,2,1,12,79,7
3830405,0,877,0,40,3,2,2,1,11,38,7
3801568,0,877,0,40,2,4,2,1,20,16,7
3828423,0,877,0,40,2,3,2,1,10,94,7
3825674,0,877,0,40,3,4,2,1,18,32,7
3830119,0,877,0,40,2,2,2,1,12,29,7
3820798,0,877,0,40,2,4,2,1,23,76,7
3831836,0,877,0,40,3,2,2,1,9,35,7
3803426,0,877,0,40,3,6,2,1,61,27,7
3829758,0,877,0,40,2,2,2,1,14,71,7
3832190,0,877,0,40,2,2,2,1,9,16,7
3827814,0,877,0,40,3,3,2,1,19,61,7
3833749,0,877,0,40,3,1,2,1,7,52,7
3833989,0,877,0,40,2,1,2,1,7,29,7
3834239,0,877,0,40,3,1,2,1,7,33,7
3827595,0,877,0,40,3,2,2,1,8,34,7
3818026,0,877,0,40,3,5,2,1,24,25,7
3813321,0,877,0,40,2,6,2,1,36,43,7
3813525,0,877,0,40,2,6,2,1,34,26,7
3811490,0,877,0,40,3,8,2,1,42,66,7
3828665,0,877,0,40,3,2,2,1,10,34,7
3811090,0,877,0,40,3,6,2,1,47,23,7
3805052,0,877,0,40,2,3,2,1,15,38,7
3804780,0,877,0,40,3,3,2,1,19,37,7
3826884,0,877,0,40,2,3,2,1,13,55,7
3825450,0,877,0,40,3,2,2,1,19,59,7
3821057,0,877,0,40,3,4,2,1,16,46,7
3829926,0,877,0,40,2,2,2,1,12,59,7
3824371,0,877,0,40,2,4,2,1,18,59,7
3827969,0,877,0,40,2,3,2,1,14,66,7
3806999,0,877,0,40,2,10,2,1,53,45,7
3810445,0,877,0,40,2,8,2,1,44,23,7
3830622,0,877,0,40,3,2,2,1,11,24,7
3831067,0,877,0,40,3,2,2,1,10,22,7
3831465,0,877,0,40,2,2,2,1,8,34,7
3832554,0,877,0,40,3,2,2,1,7,54,7
3829375,0,877,0,40,3,2,2,1,15,48,7
3814633,0,877,0,40,3,6,2,1,37,16,7
3819688,0,877,0,40,2,5,2,1,19,51,7
3810064,0,877,0,40,2,9,2,1,42,114,7
3832932,0,877,0,40,3,1,2,1,6,98,7
3834004,0,877,0,40,2,1,2,1,6,122,7
3834132,0,877,0,40,2,1,2,1,6,45,7
3834360,0,877,0,40,3,1,2,1,6,66,7
3834640,0,877,0,40,2,1,2,1,6,14,7
3834768,0,877,0,40,2,1,2,1,6,21,7
3816715,1,877,851,26.2509,3,5,2,1,32,38,7
3805797,0,877,0,40,2,5,2,1,25,36,7
3815438,0,877,0,40,3,4,2,1,37,31,7
3825974,0,877,0,40,3,2,2,1,13,21,7
3810297,0,877,0,40,2,7,2,1,31,18,7
3830934,0,877,0,40,2,2,2,1,8,15,7
3825794,0,877,0,40,3,2,2,1,20,54,7
3813567,0,877,0,40,3,7,2,1,30,42,7
3804793,0,877,0,40,3,4,2,1,15,30,7
3832183,0,877,0,40,2,2,2,1,6,21,7
3813773,0,877,0,40,2,4,2,1,35,46,7
3818402,0,877,0,40,2,5,2,1,25,51,7
3831857,0,877,0,40,2,2,2,1,7,41,7
3824320,0,877,0,40,3,5,2,1,13,30,7
3828750,0,877,0,40,3,2,2,1,15,34,7
3827529,0,877,0,40,3,3,2,1,12,71,7
3810902,0,877,0,40,2,8,2,1,43,38,7
3832758,0,877,0,40,2,2,2,1,7,30,7
3793648,0,877,0,40,2,11,2,1,68,29,7
3806205,0,877,0,40,3,6,2,1,38,34,7
3831355,0,877,0,40,3,2,2,1,11,27,7
3833375,0,877,0,40,3,2,2,1,7,34,7
3805414,0,877,0,40,2,5,2,1,36,26,7
3788684,0,877,0,40,2,13,2,1,54,49,7
3822580,0,877,0,40,3,4,2,1,17,36,7
3815101,0,877,0,40,3,7,2,1,28,41,7
3833728,0,877,0,40,2,2,2,1,7,57,7
3834287,0,877,0,40,2,2,2,1,6,40,7
3832493,0,877,0,40,2,1,2,1,5,70,7
3833795,0,877,0,40,2,1,2,1,5,67,7
3834519,0,877,0,40,2,1,2,1,5,37,7
3834667,0,877,0,40,2,1,2,1,5,75,7
3834976,0,877,0,40,3,1,2,1,5,52,7
3835234,0,877,0,40,3,1,2,1,5,55,7
3835346,0,877,0,40,3,1,2,1,5,23,7
3806879,0,877,0,40,2,2,2,1,10,43,7
3807597,0,877,0,40,2,2,2,1,11,38,7
3825929,0,877,0,40,3,3,2,1,13,59,7
3804942,0,877,0,40,3,6,2,1,25,57,7
3804438,0,877,0,40,3,3,2,1,8,59,7
3820973,0,877,0,40,3,5,2,1,20,54,7
3830335,0,877,0,40,3,2,2,1,8,33,7
3830540,0,877,0,40,3,2,2,1,7,54,7
3828369,0,877,0,40,2,3,2,1,8,24,7
3822079,0,877,0,40,3,2,2,1,28,25,7
3826416,0,877,0,40,3,3,2,1,13,33,7
3811194,0,877,0,40,2,6,2,1,35,25,7
3829450,0,877,0,40,3,2,2,1,10,36,7
3822825,0,877,0,40,2,4,2,1,17,69,7
3816435,0,877,0,40,2,6,2,1,20,50,7
3811809,0,877,0,40,2,5,2,1,44,45,7
3830091,0,877,0,40,2,2,2,1,10,65,7
3820339,0,877,0,40,2,5,2,1,21,54,7
3805072,0,877,0,40,2,7,2,1,39,45,7
3828631,0,877,0,40,2,2,2,1,13,75,7
3813535,0,877,0,40,2,7,2,1,28,32,7
3830658,0,877,0,40,3,2,2,1,10,37,7
3831299,0,877,0,40,3,2,2,1,9,68,7
3832538,0,877,0,40,2,2,2,1,6,33,7
3831867,0,877,0,40,3,2,2,1,5,46,7
3807528,0,877,0,40,3,8,2,1,52,41,7
3827936,0,877,0,40,3,3,2,1,11,59,7
3807090,0,877,0,40,2,9,2,1,55,44,7
3833343,0,877,0,40,3,2,2,1,6,79,7
3812899,0,877,0,40,2,6,2,1,42,39,7
3828213,0,877,0,40,2,2,2,1,17,25,7
3816564,0,877,0,40,2,6,2,1,31,69,7
3806314,0,877,0,40,3,3,2,1,12,45,7
3827123,0,877,0,40,2,3,2,1,18,39,7
3816945,0,877,0,40,2,6,2,1,31,49,7
3803968,0,877,0,40,2,8,2,1,37,28,7
3834082,0,877,0,40,3,1,2,1,4,61,7
3834653,0,877,0,40,3,1,2,1,4,52,7
3834911,0,877,0,40,3,1,2,1,4,65,7
3834947,0,877,0,40,3,1,2,1,4,58,7
3835239,0,877,0,40,2,1,2,1,4,42,7
3835496,0,877,0,40,2,1,2,1,4,20,7
3835604,0,877,0,40,3,1,2,1,4,62,7
3835648,0,877,0,40,3,1,2,1,4,70,7
3835702,0,877,0,40,3,1,2,1,4,11,7
3835754,0,877,0,40,2,1,2,1,4,31,7
3835958,0,877,0,40,2,1,2,1,4,105,7
3759624,0,877,0,40,2,15,2,1,72,78,7
3829757,0,877,0,40,3,2,2,1,5,18,7
3826268,0,877,0,40,2,3,2,1,12,63,7
3822604,0,877,0,40,2,4,2,1,9,38,7
3804636,0,877,0,40,3,3,2,1,13,43,7
3803635,0,877,0,40,3,2,2,1,5,44,7
3821041,0,877,0,40,3,4,2,1,23,34,7
3826132,0,877,0,40,2,3,2,1,15,49,7
3829856,0,877,0,40,3,2,2,1,10,22,7
3804840,0,877,0,40,2,6,2,1,30,68,7
3831955,0,877,0,40,3,2,2,1,5,16,7
3800493,0,877,0,40,3,9,2,1,38,81,7
3817293,0,877,0,40,3,3,2,1,29,70,7
3819500,0,877,0,40,3,5,2,1,25,47,7
3809764,0,877,0,40,2,6,2,1,56,57,7
3829593,0,877,0,40,2,2,2,1,8,46,7
3809634,0,877,0,40,3,8,2,1,43,108,7
3820039,0,877,0,40,2,5,2,1,15,32,7
3832495,0,877,0,40,2,2,2,1,4,45,7
3810951,0,877,0,40,2,8,2,1,44,32,7
3825634,0,877,0,40,2,4,2,1,16,77,7
3811163,0,877,0,40,2,11,2,1,44,44,7
3832142,0,877,0,40,3,2,2,1,6,23,7
3829075,0,877,0,40,2,3,2,1,8,20,7
3819910,0,877,0,40,2,3,2,1,20,18,7
3813853,0,877,0,40,2,6,2,1,38,43,7
3820305,0,877,0,40,2,3,2,1,30,46,7
3821768,0,877,0,40,2,5,2,1,23,65,7
3828230,0,877,0,40,3,2,2,1,9,50,7
3811343,0,877,0,40,3,9,2,1,40,27,7
3815050,0,877,0,40,2,5,2,1,32,35,7
3827528,0,877,0,40,3,4,2,1,12,34,7
3814188,0,877,0,40,2,7,2,1,29,91,7
3815507,0,877,0,40,3,5,2,1,29,42,7
3825072,0,877,0,40,2,3,2,1,17,39,7
3829964,0,877,0,40,2,3,2,1,11,48,7
3815309,0,877,0,40,3,9,2,1,23,60,7
3832600,0,877,0,40,3,3,2,1,7,39,7
3816610,0,877,0,40,3,5,2,1,40,20,7
3834585,0,877,0,40,3,1,2,1,3,48,7
3835009,0,877,0,40,3,1,2,1,3,36,7
3835305,0,877,0,40,2,1,2,1,3,29,7
3835517,0,877,0,40,3,1,2,1,3,68,7
3835681,0,877,0,40,2,1,2,1,3,33,7
3835861,0,877,0,40,2,1,2,1,3,76,7
3836068,0,877,0,40,2,1,2,1,3,56,7
3836178,0,877,0,40,2,1,2,1,3,51,7
3836236,0,877,0,40,2,1,2,1,3,56,7
3836458,0,877,0,40,3,1,2,1,3,36,7
3818031,0,877,0,40,2,3,2,1,38,22,7
3805350,0,877,0,40,3,1,2,1,29,28,7
3807195,0,877,0,40,3,3,2,1,37,55,7
3803151,0,877,0,40,2,2,2,1,41,57,7
3827492,0,877,0,40,2,1,2,1,22,52,7
3805111,0,877,0,40,2,2,2,1,47,32,7
3806895,0,877,0,40,2,7,2,1,47,31,7
3823308,0,877,0,40,2,2,2,1,28,33,7
3825741,0,877,0,40,2,2,2,1,22,110,7
3828419,0,877,0,40,3,1,2,1,20,62,7
3810054,0,877,0,40,3,7,2,1,47,45,7
3828232,0,877,0,40,3,1,2,1,19,110,7
3816285,0,877,0,40,2,4,2,1,37,37,7
3815305,1,877,855,24.3165,3,6,2,1,38,50,7
3814300,0,877,0,40,3,5,2,1,39,43,7
3817720,0,877,0,40,3,5,2,1,34,23,7
3827300,0,877,0,40,2,2,2,1,19,33,7
3814889,0,877,0,40,2,5,2,1,38,64,7
3810369,0,877,0,40,2,8,2,1,48,39,7
3808645,0,877,0,40,3,9,2,1,50,59,7
3798647,0,877,0,40,3,7,2,1,72,52,7
3829751,0,877,0,40,2,1,2,1,16,36,7
3812111,0,877,0,40,2,5,2,1,41,20,7
3813610,0,877,0,40,2,6,2,1,37,68,7
3794580,0,877,0,40,2,9,2,1,58,70,7
3808747,0,877,0,40,3,2,2,1,18,36,7
3811907,0,877,0,40,2,6,2,1,42,65,7
3830898,0,877,0,40,2,1,2,1,15,70,7
3827516,0,877,0,40,2,2,2,1,15,66,7
3810021,0,877,0,40,2,6,2,1,53,80,7
3820258,0,877,0,40,3,3,2,1,35,35,7
3803919,0,877,0,40,3,3,2,1,37,55,7
3813760,0,877,0,40,3,7,2,1,41,32,7
3811782,0,877,0,40,2,5,2,1,58,44,7
3824841,0,877,0,40,2,3,2,1,22,24,7
3830128,0,877,0,40,3,1,2,1,14,40,7
3831389,0,877,0,40,2,1,2,1,14,58,7
3824377,0,877,0,40,2,2,2,1,14,51,7
3820489,0,877,0,40,3,4,2,1,29,42,7
3816072,0,877,0,40,3,6,2,1,25,50,7
3805468,0,877,0,40,2,2,2,1,21,32,7
3821371,0,877,0,40,2,3,2,1,31,90,7
3829953,0,877,0,40,3,1,2,1,13,18,7
3831712,0,877,0,40,3,1,2,1,13,78,7
3805789,0,877,0,40,3,4,2,1,29,28,7
3821260,0,877,0,40,2,3,2,1,29,55,7
3811707,0,877,0,40,3,6,2,1,48,31,7
3827347,0,877,0,40,2,2,2,1,18,51,7
3810149,0,877,0,40,2,6,2,1,49,55,7
3830364,0,877,0,40,2,1,2,1,12,36,7
3830966,0,877,0,40,3,1,2,1,12,28,7
3826163,0,877,0,40,3,2,2,1,15,14,7
3805544,0,877,0,40,2,5,2,1,30,84,7
3821169,0,877,0,40,3,3,2,1,25,45,7
3826915,0,877,0,40,2,2,2,1,20,39,7
3826458,0,877,0,40,2,3,2,1,19,91,7
3829573,0,877,0,40,3,2,2,1,14,25,7
3816407,0,877,0,40,3,5,2,1,38,12,7
3832516,0,877,0,40,3,1,2,1,11,33,7
3832702,0,877,0,40,2,1,2,1,11,23,7
3826871,0,877,0,40,3,2,2,1,14,39,7
3817915,0,877,0,40,2,3,2,1,31,36,7
3817586,0,877,0,40,2,5,2,1,34,24,7
3808793,0,877,0,40,3,4,2,1,27,72,7
3822318,0,877,0,40,3,4,2,1,23,17,7
3816322,0,877,0,40,2,5,2,1,32,30,7
3828492,0,877,0,40,2,2,2,1,14,15,7
3807013,0,877,0,40,3,4,2,1,44,53,7
3814958,0,877,0,40,3,3,2,1,49,30,7
3829637,0,877,0,40,2,2,2,1,13,71,7
3832747,0,877,0,40,2,1,2,1,10,13,7
3832947,0,877,0,40,2,1,2,1,10,29,7
3833109,0,877,0,40,3,1,2,1,10,33,7
3833357,0,877,0,40,3,1,2,1,10,19,7
3827851,0,877,0,40,2,2,2,1,13,30,7
3817311,0,877,0,40,2,6,2,1,29,18,7
3826477,0,877,0,40,2,2,2,1,16,43,7
3826624,0,877,0,40,2,2,2,1,19,42,7
3824315,0,877,0,40,3,3,2,1,20,69,7
3829944,0,877,0,40,3,2,2,1,12,42,7
3819341,0,877,0,40,3,3,2,1,34,47,7
3784129,0,877,0,40,3,12,2,1,47,53,7
3811357,0,877,0,40,3,5,2,1,53,16,7
3829153,0,877,0,40,3,2,2,1,15,23,7
3807133,0,877,0,40,3,3,2,1,16,43,7
3827551,0,877,0,40,3,2,2,1,17,44,7
3818604,0,877,0,40,3,5,2,1,20,33,7
3813477,0,877,0,40,3,6,2,1,39,52,7
3818884,0,877,0,40,2,5,2,1,29,24,7
3790660,0,877,0,40,3,6,2,1,28,31,7
3831548,0,877,0,40,3,2,2,1,12,44,7
3831591,0,877,0,40,3,2,2,1,10,65,7
3832545,0,877,0,40,3,1,2,1,9,40,7
3833826,0,877,0,40,2,1,2,1,9,33,7
3825942,0,877,0,40,3,2,2,1,12,54,7
3806297,0,877,0,40,2,5,2,1,25,19,7
3825260,0,877,0,40,3,3,2,1,16,33,7
3822219,0,877,0,40,2,4,2,1,19,72,7
3803904,0,877,0,40,3,5,2,1,37,33,7
3807613,0,877,0,40,3,4,2,1,23,55,7
3820856,0,877,0,40,3,2,2,1,33,32,7
3829906,0,877,0,40,3,2,2,1,13,32,7
3823258,0,877,0,40,3,4,2,1,22,30,7
3818799,0,877,0,40,2,5,2,1,27,52,7
3831840,0,877,0,40,2,2,2,1,9,22,7
3828565,0,877,0,40,2,2,2,1,17,26,7
3830341,0,877,0,40,3,2,2,1,13,52,7
3830336,0,877,0,40,3,2,2,1,11,69,7
3821542,0,877,0,40,3,5,2,1,22,43,7
3817282,0,877,0,40,2,5,2,1,34,40,7
3802433,0,877,0,40,3,6,2,1,16,62,7
3818182,0,877,0,40,2,4,2,1,28,41,7
3832912,0,877,0,40,3,1,2,1,8,23,7
3833016,0,877,0,40,3,1,2,1,8,41,7
3833617,0,877,0,40,3,1,2,1,8,24,7
3833841,0,877,0,40,2,1,2,1,8,46,7
3834011,0,877,0,40,2,1,2,1,8,40,7
3834105,0,877,0,40,3,1,2,1,8,122,7
3834145,0,877,0,40,3,1,2,1,8,62,7
3834311,0,877,0,40,2,1,2,1,8,19,7
3812035,0,877,0,40,2,7,2,1,28,69,7
3810740,0,877,0,40,2,5,2,1,47,81,7
3825945,0,877,0,40,2,3,2,1,14,24,7
3805319,0,877,0,40,2,8,2,1,41,36,7
3826186,0,877,0,40,3,2,2,1,16,107,7
3820020,0,877,0,40,2,4,2,1,25,32,7
3805911,0,877,0,40,3,7,2,1,42,50,7
3805463,0,877,0,40,3,5,2,1,27,25,7
3807714,0,877,0,40,2,12,2,1,40,54,7
3820332,0,877,0,40,3,3,2,1,26,44,7
3804977,0,877,0,40,2,5,2,1,17,35,7
3831820,0,877,0,40,2,2,2,1,8,60,7
3826170,0,877,0,40,3,2,2,1,19,15,7
3824401,0,877,0,40,2,4,2,1,19,28,7
3807102,0,877,0,40,2,5,2,1,27,25,7
3830883,0,877,0,40,3,2,2,1,9,62,7
3816932,1,877,853,40,2,6,2,1,31,46,7
3806977,0,877,0,40,3,7,2,1,44,54,7
3826164,0,877,0,40,3,3,2,1,20,72,7
3816588,0,877,0,40,3,4,2,1,38,50,7
3810926,0,877,0,40,2,8,2,1,47,41,7
3832825,0,877,0,40,3,2,2,1,8,28,7
3832645,0,877,0,40,3,1,2,1,7,20,7
3833855,0,877,0,40,2,1,2,1,7,43,7
3834276,0,877,0,40,2,1,2,1,7,72,7
3834548,0,877,0,40,3,1,2,1,7,57,7
3834610,0,877,0,40,3,1,2,1,7,62,7
3834714,0,877,0,40,3,1,2,1,7,67,7
3834834,0,877,0,40,3,1,2,1,7,18,7
3834896,0,877,0,40,2,1,2,1,7,65,7
3792370,0,877,0,40,3,12,2,1,86,54,7
3818565,0,877,0,40,2,4,2,1,20,42,7
3830185,0,877,0,40,2,2,2,1,9,48,7
3802212,0,877,0,40,2,7,2,1,41,59,7
3814699,0,877,0,40,2,5,2,1,32,22,7
3825077,0,877,0,40,2,3,2,1,12,11,7
3823165,0,877,0,40,3,3,2,1,20,38,7
3825061,0,877,0,40,2,3,2,1,19,30,7
3809631,0,877,0,40,2,7,2,1,41,36,7
3806404,0,877,0,40,2,5,2,1,39,40,7
3822745,0,877,0,40,3,4,2,1,21,42,7
3805159,0,877,0,40,3,5,2,1,19,22,7
3815792,0,877,0,40,2,4,2,1,39,31,7
3804434,0,877,0,40,3,5,2,1,31,69,7
3827960,0,877,0,40,3,2,2,1,14,68,7
3804407,0,877,0,40,2,8,2,1,34,19,7
3824778,0,877,0,40,3,3,2,1,14,30,7
3826138,0,877,0,40,3,3,2,1,16,94,7
3822668,0,877,0,40,3,3,2,1,17,44,7
3816675,0,877,0,40,3,6,2,1,32,62,7
3832385,0,877,0,40,3,2,2,1,10,58,7
3812804,0,877,0,40,2,7,2,1,38,47,7
3818574,0,877,0,40,2,5,2,1,26,56,7
3833004,0,877,0,40,3,1,2,1,6,50,7
3834735,0,877,0,40,2,1,2,1,6,32,7
3834908,0,877,0,40,2,1,2,1,6,51,7
3834982,0,877,0,40,3,1,2,1,6,50,7
3835072,0,877,0,40,3,1,2,1,6,59,7
3835184,0,877,0,40,2,1,2,1,6,71,7
3835228,0,877,0,40,3,1,2,1,6,28,7
3835344,0,877,0,40,2,1,2,1,6,12,7
3775624,0,877,0,40,2,8,2,1,58,23,7
3804961,0,877,0,40,2,5,2,1,19,49,7
3815534,0,877,0,40,2,4,2,1,37,37,7
3815662,0,877,0,40,2,5,2,1,24,42,7
3823065,0,877,0,40,3,5,2,1,18,60,7
3822210,0,877,0,40,3,3,2,1,24,89,7
3811191,0,877,0,40,3,8,2,1,44,38,7
3824862,0,877,0,40,2,3,2,1,16,46,7
3821771,0,877,0,40,3,3,2,1,19,82,7
3814370,0,877,0,40,3,5,2,1,45,38,7
3808650,0,877,0,40,3,9,2,1,52,29,7
3807185,0,877,0,40,2,5,2,1,20,32,7
3813223,0,877,0,40,2,5,2,1,33,54,7
3823980,0,877,0,40,3,4,2,1,17,41,7
3821968,0,877,0,40,3,3,2,1,24,39,7
3820089,0,877,0,40,3,4,2,1,21,37,7
3824090,0,877,0,40,3,4,2,1,20,89,7
3804090,0,877,0,40,2,4,2,1,40,33,7
3798623,0,877,0,40,3,5,2,1,28,37,7
3816861,0,877,0,40,3,6,2,1,26,48,7
3812751,0,877,0,40,3,8,2,1,35,43,7
3802818,0,877,0,40,3,6,2,1,37,29,7
3816546,0,877,0,40,3,6,2,1,28,23,7
3817219,0,877,0,40,3,4,2,1,39,42,7
3808779,0,877,0,40,3,6,2,1,33,42,7
3818721,0,877,0,40,3,5,2,1,29,42,7
3825424,0,877,0,40,3,3,2,1,17,81,7
3821333,0,877,0,40,3,4,2,1,18,76,7
3822015,0,877,0,40,2,5,2,1,20,50,7
3826620,0,877,0,40,2,4,2,1,15,53,7
3814326,0,877,0,40,3,5,2,1,35,62,7
3816300,0,877,0,40,3,7,2,1,25,24,7
3809869,0,877,0,40,2,9,2,1,42,31,7
3813428,0,877,0,40,2,6,2,1,47,24,7
3832276,0,877,0,40,2,1,2,1,5,26,7
3834429,0,877,0,40,2,1,2,1,5,42,7
3835003,0,877,0,40,3,1,2,1,5,24,7
3835369,0,877,0,40,3,1,2,1,5,54,7
3835620,0,877,0,40,3,1,2,1,5,16,7
3835820,0,877,0,40,2,1,2,1,5,46,7
3835860,0,877,0,40,2,1,2,1,5,55,7
3835922,0,877,0,40,2,1,2,1,5,21,7
3818437,0,877,0,40,3,4,2,1,24,38,7
3813030,0,877,0,40,3,5,2,1,39,40,7
3828306,0,877,0,40,2,2,2,1,10,20,7
3830953,0,877,0,40,3,2,2,1,6,40,7
3808148,0,877,0,40,3,4,2,1,21,53,7
3829087,0,877,0,40,3,2,2,1,11,50,7
3823739,0,877,0,40,3,4,2,1,20,50,7
3815203,0,877,0,40,2,8,2,1,34,59,7
3828118,0,877,0,40,3,2,2,1,14,22,7
3802422,0,877,0,40,2,8,2,1,31,62,7
3799273,0,877,0,40,3,8,2,1,47,41,7
3807406,0,877,0,40,3,4,2,1,32,33,7
3802890,0,877,0,40,3,5,2,1,37,23,7
3821735,0,877,0,40,3,5,2,1,18,29,7
3814036,0,877,0,40,2,7,2,1,24,35,7
3832239,0,877,0,40,3,2,2,1,7,10,7
3823029,0,877,0,40,2,3,2,1,19,45,7
3804426,0,877,0,40,3,5,2,1,32,40,7
3800567,0,877,0,40,2,6,2,1,50,21,7
3819486,0,877,0,40,3,4,2,1,20,39,7
3829224,0,877,0,40,2,2,2,1,12,47,7
3822533,0,877,0,40,2,4,2,1,18,93,7
3825428,0,877,0,40,3,3,2,1,19,76,7
3833149,0,877,0,40,2,2,2,1,6,29,7
3810868,0,877,0,40,3,7,2,1,54,14,7
3816699,0,877,0,40,2,4,2,1,29,22,7
3830922,0,877,0,40,3,2,2,1,12,46,7
3831766,0,877,0,40,2,2,2,1,10,42,7
3828064,0,877,0,40,3,3,2,1,13,76,7
3823438,0,877,0,40,3,5,2,1,19,64,7
3832858,0,877,0,40,3,2,2,1,8,57,7
3824021,0,877,0,40,3,3,2,1,18,46,7
3807873,0,877,0,40,2,6,2,1,25,27,7
3834319,0,877,0,40,3,2,2,1,5,77,7
3824988,0,877,0,40,3,3,2,1,22,30,7
3805502,0,877,0,40,3,3,2,1,18,30,7
3829163,0,877,0,40,2,3,2,1,11,37,7
3832835,0,877,0,40,3,2,2,1,8,45,7
3768136,0,877,0,40,3,10,2,1,113,32,7
3833092,0,877,0,40,3,2,2,1,5,31,7
3820696,0,877,0,40,3,5,2,1,30,54,7
3810705,0,877,0,40,2,7,2,1,44,85,7
3823587,0,877,0,40,2,3,2,1,13,36,7
3834122,0,877,0,40,3,1,2,1,4,46,7
3834441,0,877,0,40,3,1,2,1,4,19,7
3835025,0,877,0,40,2,1,2,1,4,30,7
3835201,0,877,0,40,3,1,2,1,4,36,7
3835387,0,877,0,40,3,1,2,1,4,35,7
3835873,0,877,0,40,3,1,2,1,4,42,7
3835973,0,877,0,40,2,1,2,1,4,34,7
3836116,0,877,0,40,2,1,2,1,4,33,7
3836154,0,877,0,40,3,1,2,1,4,23,7
3836192,0,877,0,40,2,1,2,1,4,44,7
3836214,0,877,0,40,2,1,2,1,4,18,7
3836324,0,877,0,40,2,1,2,1,4,49,7
3836338,0,877,0,40,3,1,2,1,4,21,7
3836408,0,877,0,40,2,1,2,1,4,24,7
3804533,0,877,0,40,3,2,2,1,15,10,7
3813696,0,877,0,40,3,5,2,1,31,26,7
3814512,0,877,0,40,2,5,2,1,38,49,7
3829537,0,877,0,40,2,2,2,1,5,17,7
3832203,0,877,0,40,2,2,2,1,4,27,7
3817559,0,877,0,40,2,5,2,1,20,37,7
3824826,0,877,0,40,3,3,2,1,11,55,7
3801168,0,877,0,40,2,4,2,1,38,49,7
3824149,0,877,0,40,2,6,2,1,17,54,7
3829136,0,877,0,40,3,3,2,1,8,14,7
3809875,0,877,0,40,2,10,2,1,43,83,7
3825321,0,877,0,40,2,3,2,1,16,52,7
3829711,0,877,0,40,2,2,2,1,11,21,7
3821290,0,877,0,40,3,5,2,1,24,59,7
3820175,0,877,0,40,3,6,2,1,17,40,7
3817836,0,877,0,40,3,6,2,1,24,25,7
3824159,0,877,0,40,3,4,2,1,9,71,7
3805656,0,877,0,40,2,6,2,1,31,68,7
3808515,0,877,0,40,2,10,2,1,44,44,7
3826830,0,877,0,40,2,3,2,1,12,99,7
3805519,0,877,0,40,2,4,2,1,16,42,7
3814466,0,877,0,40,2,8,2,1,26,33,7
3821920,0,877,0,40,3,3,2,1,25,48,7
3824475,0,877,0,40,2,4,2,1,11,57,7
3812906,0,877,0,40,3,6,2,1,36,29,7
3823735,0,877,0,40,2,2,2,1,27,13,7
3816624,0,877,0,40,2,4,2,1,30,45,7
3821884,0,877,0,40,3,4,2,1,24,65,7
3828285,0,877,0,40,2,3,2,1,13,26,7
3805670,0,877,0,40,3,7,2,1,44,58,7
3806251,0,877,0,40,2,4,2,1,14,35,7
3804792,0,877,0,40,3,5,2,1,22,62,7
3832015,0,877,0,40,3,3,2,1,6,49,7
3832509,0,877,0,40,2,2,2,1,4,26,7
3816745,0,877,0,40,2,7,2,1,25,19,7
3834219,0,877,0,40,2,2,2,1,6,50,7
3821810,0,877,0,40,3,4,2,1,14,19,7
3818268,0,877,0,40,3,5,2,1,33,32,7
3816160,0,877,0,40,3,5,2,1,30,30,7
3806477,0,877,0,40,3,3,2,1,9,72,7
3806416,0,877,0,40,3,3,2,1,12,63,7
3833531,0,877,0,40,3,1,2,1,3,22,7
3834593,0,877,0,40,2,1,2,1,3,45,7
3835133,0,877,0,40,3,1,2,1,3,42,7
3835391,0,877,0,40,2,1,2,1,3,55,7
3835763,0,877,0,40,3,1,2,1,3,58,7
3836267,0,877,0,40,2,1,2,1,3,61,7
3836459,0,877,0,40,2,1,2,1,3,69,7
3836621,0,877,0,40,2,1,2,1,3,70,7
3836653,0,877,0,40,3,1,2,1,3,48,7
3836735,0,877,0,40,2,1,2,1,3,43,7
3836815,0,877,0,40,3,1,2,1,3,23,7
3836841,0,877,0,40,3,1,2,1,3,66,7
3836933,0,877,0,40,3,1,2,1,3,45,7
3836965,0,877,0,40,3,1,2,1,3,36,7
3807935,0,877,0,40,2,1,2,1,3,92,7
3811142,0,877,0,40,2,5,2,1,56,62,7
3811482,0,877,0,40,3,4,2,1,56,29,7
3826231,0,877,0,40,3,1,2,1,26,62,7
3819636,0,877,0,40,2,3,2,1,35,29,7
3803174,0,877,0,40,2,3,2,1,35,27,7
3816457,0,877,0,40,3,4,2,1,37,79,7
3826322,0,877,0,40,3,1,2,1,24,54,7
3819090,0,877,0,40,3,3,2,1,33,30,7
3825490,0,877,0,40,2,1,2,1,23,34,7
3823905,0,877,0,40,3,2,2,1,24,93,7
3814574,0,877,0,40,3,5,2,1,29,31,7
3811004,0,877,0,40,2,6,2,1,46,55,7
3826449,0,877,0,40,3,1,2,1,21,89,7
3811391,0,877,0,40,2,3,2,1,58,58,7
3815019,0,877,0,40,3,4,2,1,38,64,7
3828516,0,877,0,40,2,1,2,1,20,79,7
3803424,0,877,0,40,3,5,2,1,50,58,7
3829309,0,877,0,40,3,1,2,1,19,45,7
3801227,0,877,0,40,3,5,2,1,48,37,7
3823930,0,877,0,40,3,2,2,1,26,23,7
3821731,0,877,0,40,3,3,2,1,29,69,7
3818011,0,877,0,40,2,4,2,1,33,41,7
3806653,0,877,0,40,3,3,2,1,30,68,7
3829258,0,877,0,40,2,1,2,1,18,60,7
3740916,0,877,0,40,3,19,2,1,130,11,7
3825264,0,877,0,40,2,2,2,1,20,23,7
3813449,0,877,0,40,3,6,2,1,39,36,7
3822618,0,877,0,40,2,3,2,1,25,34,7
3811135,0,877,0,40,3,5,2,1,50,106,7
3829476,0,877,0,40,3,1,2,1,17,96,7
3818952,0,877,0,40,3,2,2,1,35,38,7
3808492,0,877,0,40,3,3,2,1,23,43,7
3830382,0,877,0,40,3,1,2,1,16,58,7
3830766,0,877,0,40,3,1,2,1,16,40,7
3825623,0,877,0,40,3,2,2,1,16,62,7
3811946,0,877,0,40,2,3,2,1,60,57,7
3817508,0,877,0,40,3,4,2,1,32,60,7
3817312,0,877,0,40,3,5,2,1,37,63,7
3829182,0,877,0,40,3,2,2,1,18,70,7
3804321,0,877,0,40,3,1,2,1,16,52,7
3822394,0,877,0,40,3,4,2,1,21,40,7
3796401,0,877,0,40,2,9,2,1,71,41,7
3826714,0,877,0,40,3,2,2,1,20,78,7
3820633,0,877,0,40,3,4,2,1,21,75,7
3810232,0,877,0,40,2,8,2,1,50,42,7
3822027,0,877,0,40,3,3,2,1,28,27,7
3804236,0,877,0,40,2,3,2,1,28,50,7
3811877,0,877,0,40,3,8,2,1,47,30,7
3798299,0,877,0,40,2,5,2,1,35,38,7
3815024,0,877,0,40,2,5,2,1,35,44,7
3810028,1,877,861,40,2,9,2,1,45,31,7
3831244,0,877,0,40,2,1,2,1,14,41,7
3808730,0,877,0,40,3,5,2,1,68,62,7
3820405,0,877,0,40,3,4,2,1,27,54,7
3804415,0,877,0,40,3,4,2,1,25,50,7
3828469,0,877,0,40,3,2,2,1,17,17,7
3819218,0,877,0,40,2,3,2,1,33,19,7
3828741,0,877,0,40,2,2,2,1,14,31,7
3806692,0,877,0,40,3,7,2,1,70,44,7
3825743,0,877,0,40,2,3,2,1,15,71,7
3822969,0,877,0,40,3,3,2,1,18,71,7
3821811,0,877,0,40,3,3,2,1,23,48,7
3819885,0,877,0,40,3,4,2,1,29,27,7
3831695,0,877,0,40,3,1,2,1,12,32,7
3820302,0,877,0,40,3,4,2,1,19,64,7
3761237,0,877,0,40,2,20,2,1,101,23,7
3821638,0,877,0,40,2,3,2,1,23,45,7
3822905,0,877,0,40,3,3,2,1,27,75,7
3820200,0,877,0,40,3,4,2,1,29,45,7
3822927,0,877,0,40,2,4,2,1,21,11,7
3814973,0,877,0,40,2,4,2,1,40,34,7
3823947,0,877,0,40,3,2,2,1,24,41,7
3806723,0,877,0,40,2,4,2,1,28,27,7
3830525,0,877,0,40,2,2,2,1,12,37,7
3823862,0,877,0,40,2,5,2,1,22,41,7
3804708,0,877,0,40,2,2,2,1,32,30,7
3832607,0,877,0,40,3,1,2,1,11,37,7
3832949,0,877,0,40,3,1,2,1,11,83,7
3833091,0,877,0,40,3,1,2,1,11,42,7
3806334,0,877,0,40,2,2,2,1,22,59,7
3827862,0,877,0,40,2,2,2,1,12,21,7
3804712,0,877,0,40,3,2,2,1,21,21,7
3804665,0,877,0,40,2,2,2,1,13,24,7
3814663,0,877,0,40,3,4,2,1,48,29,7
3822305,0,877,0,40,3,3,2,1,21,24,7
3823885,0,877,0,40,2,4,2,1,18,56,7
3810747,0,877,0,40,2,6,2,1,51,65,7
3827255,0,877,0,40,3,2,2,1,14,30,7
3810905,0,877,0,40,3,7,2,1,37,42,7
3821356,0,877,0,40,3,4,2,1,23,43,7
3828771,0,877,0,40,2,3,2,1,15,11,7
3825526,0,877,0,40,2,2,2,1,25,45,7
3814279,0,877,0,40,2,6,2,1,42,32,7
3807894,0,877,0,40,2,8,2,1,33,34,7
3830575,0,877,0,40,3,1,2,1,10,45,7
3832316,0,877,0,40,3,1,2,1,10,73,7
3833218,0,877,0,40,2,1,2,1,10,39,7
3833390,0,877,0,40,3,1,2,1,10,74,7
3833724,0,877,0,40,3,1,2,1,10,41,7
3798469,0,877,0,40,3,6,2,1,40,28,7
3819125,0,877,0,40,3,3,2,1,29,50,7
3822374,0,877,0,40,3,3,2,1,17,35,7
3824221,0,877,0,40,3,3,2,1,20,70,7
3805757,0,877,0,40,3,4,2,1,24,34,7
3826866,0,877,0,40,3,3,2,1,13,75,7
3825017,0,877,0,40,3,4,2,1,15,33,7
3827710,0,877,0,40,3,2,2,1,16,33,7
3810129,0,877,0,40,2,7,2,1,42,61,7
3812752,0,877,0,40,2,8,2,1,38,39,7
3804554,0,877,0,40,2,4,2,1,25,26,7
3818562,0,877,0,40,3,4,2,1,24,44,7
3828203,0,877,0,40,2,2,2,1,18,52,7
3817378,0,877,0,40,3,5,2,1,29,62,7
3822486,0,877,0,40,2,4,2,1,23,76,7
3827478,0,877,0,40,3,3,2,1,15,12,7
3815879,0,877,0,40,3,5,2,1,28,60,7
3819794,0,877,0,40,3,4,2,1,24,46,7
3832669,0,877,0,40,3,1,2,1,9,49,7
3833449,0,877,0,40,2,1,2,1,9,67,7
3834073,0,877,0,40,3,1,2,1,9,15,7
3834339,0,877,0,40,3,1,2,1,9,25,7
3805248,0,877,0,40,3,7,2,1,33,33,7
3803849,0,877,0,40,2,5,2,1,32,55,7
3829484,0,877,0,40,3,2,2,1,11,44,7
3828374,0,877,0,40,3,2,2,1,12,31,7
3829531,0,877,0,40,2,2,2,1,13,28,7
3829796,0,877,0,40,2,3,2,1,13,28,7
3813706,0,877,0,40,2,7,2,1,30,46,7
3820016,0,877,0,40,3,3,2,1,29,53,7
3808853,0,877,0,40,3,7,2,1,58,41,7
3830210,0,877,0,40,3,2,2,1,13,48,7
3820568,0,877,0,40,2,4,2,1,28,29,7
3829176,0,877,0,40,3,3,2,1,13,25,7
3805405,0,877,0,40,2,6,2,1,26,6,7
3806970,0,877,0,40,2,9,2,1,35,71,7
3834356,0,877,0,40,3,1,2,1,8,64,7
3834512,0,877,0,40,3,1,2,1,8,21,7
3834736,0,877,0,40,2,1,2,1,8,78,7
3834854,0,877,0,40,3,1,2,1,8,81,7
3808514,0,877,0,40,3,1,2,1,8,38,7
3819295,0,877,0,40,3,3,2,1,30,31,7
3816353,0,877,0,40,2,4,2,1,30,26,7
3830241,0,877,0,40,3,2,2,1,10,43,7
3815025,0,877,0,40,2,5,2,1,30,48,7
3825884,0,877,0,40,3,3,2,1,15,41,7
3828422,0,877,0,40,3,2,2,1,9,25,7
3806133,0,877,0,40,2,8,2,1,39,28,7
3769379,0,877,0,40,3,18,2,1,103,69,7
3822999,0,877,0,40,2,4,2,1,18,30,7
3830048,0,877,0,40,3,2,2,1,9,22,7
3825692,0,877,0,40,2,3,2,1,18,39,7
3802769,0,877,0,40,2,10,2,1,43,28,7
3808630,0,877,0,40,3,9,2,1,50,39,7
3828456,0,877,0,40,2,3,2,1,15,87,7
3814104,0,877,0,40,3,5,2,1,45,34,7
3828632,0,877,0,40,3,2,2,1,17,58,7
3827852,0,877,0,40,3,4,2,1,16,72,7
3809972,0,877,0,40,2,7,2,1,51,53,7
3825214,0,877,0,40,3,3,2,1,15,48,7
3825461,0,877,0,40,2,3,2,1,15,19,7
3827103,0,877,0,40,2,3,2,1,18,45,7
3827965,0,877,0,40,3,4,2,1,18,68,7
3832605,0,877,0,40,3,1,2,1,7,47,7
3833603,0,877,0,40,2,1,2,1,7,44,7
3834070,0,877,0,40,2,1,2,1,7,25,7
3834487,0,877,0,40,2,1,2,1,7,49,7
3834934,0,877,0,40,3,1,2,1,7,31,7
3835070,0,877,0,40,2,1,2,1,7,15,7
3835182,0,877,0,40,2,1,2,1,7,50,7
3835336,0,877,0,40,2,1,2,1,7,56,7
3803167,0,877,0,40,2,1,2,1,8,61,7
3825734,0,877,0,40,3,2,2,1,17,63,7
3819631,0,877,0,40,3,4,2,1,21,55,7
3812773,0,877,0,40,3,6,2,1,46,69,7
3762426,0,877,0,40,3,17,2,1,106,13,7
3820803,0,877,0,40,3,4,2,1,23,34,7
3813231,0,877,0,40,2,7,2,1,34,54,7
3806975,0,877,0,40,2,2,2,1,12,27,7
3817324,0,877,0,40,3,6,2,1,31,62,7
3816051,0,877,0,40,2,5,2,1,30,37,7
3814852,0,877,0,40,3,5,2,1,38,65,7
3819171,0,877,0,40,2,4,2,1,27,29,7
3811919,0,877,0,40,3,8,2,1,41,78,7
3826420,0,877,0,40,3,3,2,1,11,36,7
3815234,0,877,0,40,2,5,2,1,39,37,7
3826987,0,877,0,40,3,4,2,1,11,44,7
3816309,0,877,0,40,2,6,2,1,21,41,7
3807122,0,877,0,40,3,10,2,1,52,19,7
3814372,0,877,0,40,3,7,2,1,36,34,7
3819488,0,877,0,40,3,3,2,1,31,26,7
3815396,0,877,0,40,3,6,2,1,29,43,7
3825363,0,877,0,40,3,3,2,1,21,42,7
3802454,0,877,0,40,3,8,2,1,27,27,7
3830322,0,877,0,40,3,4,2,1,10,14,7
3833866,0,877,0,40,3,2,2,1,7,64,7
3810190,0,877,0,40,2,7,2,1,55,68,7
3829705,0,877,0,40,2,3,2,1,9,38,7
3782279,0,877,0,40,2,8,2,1,45,21,7
3834629,0,877,0,40,3,1,2,1,6,41,7
3834995,0,877,0,40,2,1,2,1,6,34,7
3835191,0,877,0,40,3,1,2,1,6,39,7
3835444,0,877,0,40,3,1,2,1,6,54,7
3835492,0,877,0,40,3,1,2,1,6,64,7
3835758,0,877,0,40,2,1,2,1,6,49,7
3835888,0,877,0,40,3,1,2,1,6,59,7
3818931,0,877,0,40,3,5,2,1,18,48,7
3817620,0,877,0,40,3,5,2,1,28,38,7
3829914,0,877,0,40,2,2,2,1,10,50,7
3805845,0,877,0,40,3,5,2,1,34,27,7
3808224,0,877,0,40,2,5,2,1,19,33,7
3832011,0,877,0,40,2,2,2,1,6,35,7
3831568,0,877,0,40,2,2,2,1,8,38,7
3800543,0,877,0,40,3,6,2,1,47,35,7
3816405,0,877,0,40,3,5,2,1,35,18,7
3806347,0,877,0,40,2,5,2,1,26,32,7
3825578,0,877,0,40,2,2,2,1,23,33,7
3824710,0,877,0,40,3,3,2,1,22,25,7
3749769,0,877,0,40,2,19,2,1,107,82,7
3803449,0,877,0,40,2,6,2,1,26,26,7
3808071,0,877,0,40,2,6,2,1,40,22,7
3823597,0,877,0,40,3,3,2,1,16,44,7
3804280,0,877,0,40,2,5,2,1,45,80,7
3812014,0,877,0,40,3,8,2,1,32,63,7
3821558,0,877,0,40,2,5,2,1,20,42,7
3831507,0,877,0,40,2,2,2,1,6,43,7
3813261,0,877,0,40,3,5,2,1,50,25,7
3806268,0,877,0,40,2,3,2,1,12,45,7
3811836,0,877,0,40,3,8,2,1,46,74,7
3832682,0,877,0,40,3,2,2,1,9,44,7
3819965,0,877,0,40,2,5,2,1,25,32,7
3819056,0,877,0,40,3,6,2,1,28,52,7
3811984,0,877,0,40,3,6,2,1,43,52,7
3822762,0,877,0,40,3,3,2,1,22,55,7
3808883,0,877,0,40,3,7,2,1,57,36,7
3819706,0,877,0,40,3,5,2,1,30,44,7
3824992,0,877,0,40,2,4,2,1,19,42,7
3809683,0,877,0,40,2,6,2,1,67,93,7
3817370,0,877,0,40,2,8,2,1,23,42,7
3801774,0,877,0,40,3,9,2,1,44,19,7
3829494,0,877,0,40,3,3,2,1,15,50,7
3834521,0,877,0,40,3,1,2,1,5,40,7
3835049,0,877,0,40,3,1,2,1,5,30,7
3835161,0,877,0,40,2,1,2,1,5,24,7
3835441,0,877,0,40,3,1,2,1,5,25,7
3835569,0,877,0,40,2,1,2,1,5,27,7
3835797,0,877,0,40,3,1,2,1,5,53,7
3835961,0,877,0,40,3,1,2,1,5,53,7
3836004,0,877,0,40,3,1,2,1,5,36,7
3836038,0,877,0,40,2,1,2,1,5,65,7
3836262,0,877,0,40,3,1,2,1,5,16,7
3836300,0,877,0,40,2,1,2,1,5,20,7
3836446,0,877,0,40,3,1,2,1,5,45,7
3799094,0,877,0,40,2,3,2,1,29,10,7
3796850,0,877,0,40,3,10,2,1,57,62,7
3825212,0,877,0,40,2,3,2,1,17,21,7
3812531,0,877,0,40,3,9,2,1,25,53,7
3829253,0,877,0,40,3,2,2,1,11,50,7
3826638,0,877,0,40,3,4,2,1,12,35,7
3811341,0,877,0,40,2,6,2,1,46,50,7
3815080,0,877,0,40,2,5,2,1,31,26,7
3828345,0,877,0,40,3,3,2,1,13,42,7
3830690,0,877,0,40,2,2,2,1,10,32,7
3820033,0,877,0,40,3,4,2,1,22,14,7
3819195,0,877,0,40,3,6,2,1,20,34,7
3806908,0,877,0,40,3,11,2,1,60,50,7
3833323,0,877,0,40,3,2,2,1,5,44,7
3806075,0,877,0,40,3,4,2,1,44,57,7
3817981,0,877,0,40,2,5,2,1,36,58,7
3825666,0,877,0,40,2,3,2,1,19,20,7
3829613,0,877,0,40,3,2,2,1,11,63,7
3827080,0,877,0,40,3,4,2,1,13,42,7
3828581,0,877,0,40,3,3,2,1,12,51,7
3832419,0,877,0,40,3,2,2,1,8,81,7
3827127,0,877,0,40,2,3,2,1,15,33,7
3825557,0,877,0,40,3,4,2,1,19,35,7
3833193,0,877,0,40,2,2,2,1,6,73,7
3831972,0,877,0,40,2,2,2,1,5,45,7
3828698,0,877,0,40,2,2,2,1,16,31,7
3821209,0,877,0,40,2,5,2,1,20,9,7
3818199,0,877,0,40,3,6,2,1,19,26,7
3805783,0,877,0,40,2,8,2,1,33,85,7
3834179,0,877,0,40,2,2,2,1,5,44,7
3826701,0,877,0,40,3,2,2,1,20,14,7
3828302,0,877,0,40,2,2,2,1,15,54,7
3823443,0,877,0,40,3,4,2,1,19,64,7
3826899,0,877,0,40,2,3,2,1,15,81,7
3767212,0,877,0,40,2,15,2,1,58,61,7
3822314,0,877,0,40,2,4,2,1,29,23,7
3803700,0,877,0,40,3,4,2,1,27,39,7
3822179,0,877,0,40,2,5,2,1,21,46,7
3824101,0,877,0,40,2,4,2,1,18,24,7
3827770,0,877,0,40,2,4,2,1,10,21,7
3834554,0,877,0,40,3,2,2,1,6,23,7
3831124,0,877,0,40,2,2,2,1,13,39,7
3822989,0,877,0,40,2,4,2,1,23,64,7
3817514,0,877,0,40,3,7,2,1,26,27,7
3835251,0,877,0,40,3,2,2,1,5,80,7
3806516,0,877,0,40,3,2,2,1,9,19,7
3835507,0,877,0,40,3,1,2,1,4,99,7
3835963,0,877,0,40,2,1,2,1,4,37,7
3836115,0,877,0,40,2,1,2,1,4,50,7
3836367,0,877,0,40,3,1,2,1,4,57,7
3836439,0,877,0,40,2,1,2,1,4,69,7
3836577,0,877,0,40,3,1,2,1,4,46,7
3836697,0,877,0,40,2,1,2,1,4,74,7
3836833,0,877,0,40,3,1,2,1,4,37,7
3836875,0,877,0,40,3,1,2,1,4,42,7
3836983,0,877,0,40,2,1,2,1,4,71,7
3805065,0,877,0,40,3,2,2,1,6,27,7
3815524,0,877,0,40,3,7,2,1,22,30,7
3828011,0,877,0,40,2,2,2,1,13,22,7
3807003,0,877,0,40,2,3,2,1,32,30,7
3826353,0,877,0,40,3,2,2,1,19,63,7
3819111,0,877,0,40,2,5,2,1,26,50,7
3771315,0,877,0,40,3,14,2,1,66,63,7
3832563,0,877,0,40,2,2,2,1,4,50,7
3827240,0,877,0,40,3,2,2,1,17,59,7
3830288,0,877,0,40,3,2,2,1,9,31,7
3832061,0,877,0,40,3,2,2,1,7,26,7
3830751,0,877,0,40,2,2,2,1,6,20,7
3804551,0,877,0,40,2,6,2,1,23,17,7
3828987,0,877,0,40,2,3,2,1,8,21,7
3825552,0,877,0,40,3,3,2,1,19,69,7
3812013,0,877,0,40,2,6,2,1,42,58,7
3831748,0,877,0,40,3,2,2,1,9,42,7
3812584,0,877,0,40,3,8,2,1,25,30,7
3826640,0,877,0,40,2,3,2,1,13,32,7
3826085,0,877,0,40,3,3,2,1,19,49,7
3823534,0,877,0,40,3,3,2,1,21,37,7
3829174,0,877,0,40,2,2,2,1,14,25,7
3802828,0,877,0,40,2,4,2,1,40,27,7
3801479,0,877,0,40,3,7,2,1,30,47,7
3760367,0,877,0,40,3,19,2,1,101,40,7
3821064,0,877,0,40,3,5,2,1,18,67,7
3813636,0,877,0,40,3,7,2,1,36,40,7
3828004,0,877,0,40,3,3,2,1,7,27,7
3827061,0,877,0,40,2,3,2,1,18,59,7
3818196,0,877,0,40,2,5,2,1,32,48,7
3831220,0,877,0,40,2,2,2,1,11,57,7
3831310,0,877,0,40,3,2,2,1,10,10,7
3816455,0,877,0,40,2,4,2,1,44,38,7
3805238,0,877,0,40,3,9,2,1,38,43,7
3823752,0,877,0,40,3,4,2,1,17,79,7
3809048,0,877,0,40,2,6,2,1,61,73,7
3830269,0,877,0,40,3,4,2,1,8,86,7
3834458,0,877,0,40,3,2,2,1,5,41,7
3824412,0,877,0,40,3,4,2,1,12,13,7
3806670,0,877,0,40,3,5,2,1,31,33,7
3830465,0,877,0,40,2,2,2,1,15,21,7
3797351,0,877,0,40,2,9,2,1,65,44,7
3819035,0,877,0,40,3,5,2,1,31,55,7
3816256,0,877,0,40,3,7,2,1,30,19,7
3817369,0,877,0,40,3,4,2,1,39,42,7
3834693,0,877,0,40,2,2,2,1,4,55,7
3812675,0,877,0,40,2,6,2,1,40,17,7
3803560,0,877,0,40,3,7,2,1,31,31,7
3816338,0,877,0,40,2,7,2,1,29,48,7
3834455,0,877,0,40,2,2,2,1,6,29,7
3818332,0,877,0,40,2,5,2,1,30,27,7
3833118,0,877,0,40,2,2,2,1,10,49,7
3830389,0,877,0,40,2,3,2,1,14,50,7
3826073,0,877,0,40,3,5,2,1,13,17,7
3835743,0,877,0,40,3,1,2,1,3,32,7
3836397,0,877,0,40,3,1,2,1,3,34,7
3836556,0,877,0,40,2,1,2,1,3,43,7
3836652,0,877,0,40,3,1,2,1,3,12,7
3836744,0,877,0,40,3,1,2,1,3,39,7
3836864,0,877,0,40,2,1,2,1,3,47,7
3837012,0,877,0,40,2,1,2,1,3,57,7
3837072,0,877,0,40,2,1,2,1,3,30,7
3837146,0,877,0,40,3,1,2,1,3,77,7
3837166,0,877,0,40,2,1,2,1,3,33,7
3837250,0,877,0,40,3,1,2,1,3,21,7
3837298,0,877,0,40,3,1,2,1,3,35,7
3837382,0,877,0,40,3,1,2,1,3,20,7
3837528,0,877,0,40,2,1,2,1,3,19,7
3820706,0,877,0,40,2,1,2,1,36,47,7
3823249,0,877,0,40,3,1,2,1,33,35,7
3819048,0,877,0,40,3,3,2,1,34,30,7
3819995,0,877,0,40,2,2,2,1,37,23,7
3820660,0,877,0,40,2,2,2,1,37,117,7
3822203,0,877,0,40,2,2,2,1,30,42,7
3820408,0,877,0,40,3,3,2,1,29,16,7
3827356,0,877,0,40,2,1,2,1,24,22,7
3815473,0,877,0,40,3,4,2,1,46,66,7
3828169,0,877,0,40,2,1,2,1,22,33,7
3810461,0,877,0,40,3,9,2,1,41,28,7
3815556,0,877,0,40,2,4,2,1,39,29,7
3814709,0,877,0,40,3,6,2,1,37,48,7
3817283,0,877,0,40,2,3,2,1,41,81,7
3829407,0,877,0,40,2,1,2,1,20,57,7
3826127,0,877,0,40,3,2,2,1,24,27,7
3815194,0,877,0,40,2,5,2,1,45,33,7
3829708,0,877,0,40,2,1,2,1,19,67,7
3816437,0,877,0,40,3,3,2,1,45,41,7
3804699,0,877,0,40,3,4,2,1,34,35,7
3826259,0,877,0,40,3,3,2,1,21,91,7
3810478,0,877,0,40,3,8,2,1,48,37,7
3817943,0,877,0,40,2,5,2,1,37,43,7
3829653,0,877,0,40,3,1,2,1,17,67,7
3817756,0,877,0,40,3,3,2,1,40,34,7
3831171,0,877,0,40,2,1,2,1,16,18,7
3824257,0,877,0,40,2,3,2,1,25,29,7
3812985,0,877,0,40,2,8,2,1,32,23,7
3831444,0,877,0,40,2,1,2,1,15,56,7
3814707,0,877,0,40,2,4,2,1,42,51,7
3804622,0,877,0,40,2,4,2,1,24,91,7
3816123,0,877,0,40,2,4,2,1,40,61,7
3830764,0,877,0,40,2,2,2,1,15,113,7
3811577,0,877,0,40,3,8,2,1,36,28,7
3818995,0,877,0,40,2,3,2,1,34,72,7
3817777,0,877,0,40,2,3,2,1,39,53,7
3807823,0,877,0,40,2,4,2,1,28,40,7
3816171,0,877,0,40,2,6,2,1,26,38,7
3832788,0,877,0,40,3,1,2,1,13,57,7
3816990,0,877,0,40,2,5,2,1,30,11,7
3809844,0,877,0,40,2,7,2,1,51,69,7
3807052,0,877,0,40,3,2,2,1,29,57,7
3812519,0,877,0,40,3,7,2,1,42,25,7
3810280,0,877,0,40,2,7,2,1,52,72,7
3820286,0,877,0,40,3,4,2,1,31,71,7
3822256,0,877,0,40,3,4,2,1,32,63,7
3827853,0,877,0,40,2,3,2,1,16,27,7
3820314,0,877,0,40,2,5,2,1,29,50,7
3831202,0,877,0,40,2,1,2,1,12,69,7
3832767,0,877,0,40,3,1,2,1,12,24,7
3825367,0,877,0,40,3,2,2,1,22,52,7
3820550,0,877,0,40,3,4,2,1,24,90,7
3806400,0,877,0,40,3,5,2,1,21,82,7
3825201,0,877,0,40,2,3,2,1,19,30,7
3810559,0,877,0,40,2,7,2,1,41,30,7
3829894,1,877,875,25.2587,3,2,2,1,16,23,7
3823171,0,877,0,40,2,4,2,1,22,29,7
3832700,0,877,0,40,2,2,2,1,12,44,7
3831667,0,877,0,40,2,1,2,1,11,24,7
3821250,0,877,0,40,2,4,2,1,22,45,7
3816594,0,877,0,40,3,7,2,1,28,24,7
3820542,0,877,0,40,2,3,2,1,25,38,7
3826438,0,877,0,40,3,2,2,1,21,58,7
3830481,0,877,0,40,2,2,2,1,14,30,7
3822265,0,877,0,40,2,3,2,1,31,18,7
3823846,0,877,0,40,2,4,2,1,24,43,7
3832228,0,877,0,40,3,1,2,1,10,42,7
3834005,0,877,0,40,3,1,2,1,10,70,7
3806229,0,877,0,40,3,3,2,1,26,22,7
3819869,0,877,0,40,3,4,2,1,28,36,7
3813001,0,877,0,40,3,8,2,1,35,81,7
3823357,0,877,0,40,3,3,2,1,23,29,7
3758640,0,877,0,40,2,18,2,1,111,12,7
3831049,0,877,0,40,3,2,2,1,12,30,7
3829385,0,877,0,40,3,2,2,1,17,30,7
3762318,1,877,608,40,3,18,2,1,84,75,7
3806182,0,877,0,40,2,8,2,1,48,58,7
3833751,0,877,0,40,3,1,2,1,9,68,7
3834416,0,877,0,40,3,1,2,1,9,45,7
3821552,0,877,0,40,3,4,2,1,14,44,7
3822266,0,877,0,40,3,4,2,1,19,48,7
3823381,0,877,0,40,2,3,2,1,20,45,7
3806589,0,877,0,40,3,3,2,1,35,37,7
3823321,0,877,0,40,3,4,2,1,18,22,7
3831977,0,877,0,40,3,2,2,1,10,39,7
3824013,0,877,0,40,2,3,2,1,23,53,7
3803974,0,877,0,40,2,6,2,1,48,30,7
3824581,0,877,0,40,2,4,2,1,25,23,7
3829663,0,877,0,40,2,2,2,1,16,44,7
3793292,0,877,0,40,3,14,2,1,65,19,7
3810058,0,877,0,40,3,10,2,1,45,65,7
3833918,0,877,0,40,3,1,2,1,8,36,7
3834126,0,877,0,40,3,1,2,1,8,16,7
3834675,0,877,0,40,3,1,2,1,8,14,7
3835088,0,877,0,40,3,1,2,1,8,52,7
3835278,0,877,0,40,2,1,2,1,8,30,7
3826352,0,877,0,40,2,3,2,1,11,49,7
3828086,0,877,0,40,3,2,2,1,14,34,7
3811361,0,877,0,40,3,7,2,1,45,42,7
3824134,0,877,0,40,3,4,2,1,19,34,7
3806783,0,877,0,40,3,2,2,1,22,46,7
3820848,0,877,0,40,2,4,2,1,22,31,7
3819012,0,877,0,40,3,4,2,1,28,47,7
3825630,0,877,0,40,3,4,2,1,19,8,7
3831199,0,877,0,40,2,2,2,1,11,55,7
3832762,0,877,0,40,3,2,2,1,8,18,7
3828768,0,877,0,40,3,2,2,1,17,37,7
3804670,0,877,0,40,2,3,2,1,29,23,7
3817494,0,877,0,40,3,6,2,1,31,51,7
3803842,0,877,0,40,3,3,2,1,45,60,7
3816672,0,877,0,40,2,5,2,1,25,21,7
3828173,0,877,0,40,3,3,2,1,17,70,7
3810463,0,877,0,40,3,9,2,1,46,83,7
3822428,0,877,0,40,3,5,2,1,27,59,7
3817851,0,877,0,40,3,5,2,1,37,63,7
3834749,0,877,0,40,3,1,2,1,7,32,7
3835159,0,877,0,40,3,1,2,1,7,56,7
3835656,0,877,0,40,3,1,2,1,7,33,7
3827634,0,877,0,40,2,2,2,1,12,81,7
3808704,0,877,0,40,3,6,2,1,56,41,7
3821773,0,877,0,40,2,5,2,1,15,44,7
3828865,0,877,0,40,3,2,2,1,10,31,7
3827727,0,877,0,40,2,3,2,1,12,44,7
3805152,0,877,0,40,3,4,2,1,28,90,7
3823673,0,877,0,40,3,3,2,1,19,76,7
3778024,0,877,0,40,2,11,2,1,82,63,7
3832736,0,877,0,40,2,2,2,1,8,50,7
3824625,0,877,0,40,2,5,2,1,15,62,7
3821492,0,877,0,40,3,4,2,1,24,23,7
3823503,0,877,0,40,3,4,2,1,22,21,7
3830292,0,877,0,40,3,2,2,1,12,28,7
3818776,0,877,0,40,3,5,2,1,28,61,7
3801505,0,877,0,40,3,5,2,1,39,46,7
3823182,0,877,0,40,3,4,2,1,22,26,7
3791931,0,877,0,40,2,8,2,1,77,31,7
3826202,0,877,0,40,3,4,2,1,18,12,7
3832235,0,877,0,40,3,2,2,1,12,43,7
3828336,0,877,0,40,2,4,2,1,11,36,7
3833006,0,877,0,40,3,3,2,1,9,44,7
3817798,0,877,0,40,2,4,2,1,35,34,7
3834473,0,877,0,40,3,1,2,1,6,49,7
3834617,0,877,0,40,3,1,2,1,6,26,7
3835685,0,877,0,40,2,1,2,1,6,96,7
3823305,0,877,0,40,3,5,2,1,13,15,7
3832119,0,877,0,40,2,2,2,1,6,26,7
3830945,0,877,0,40,2,2,2,1,9,42,7
3831496,1,877,875,30.9455,2,2,2,1,8,41,7
3781118,0,877,0,40,3,16,2,1,71,34,7
3819033,0,877,0,40,3,5,2,1,17,36,7
3815791,0,877,0,40,3,5,2,1,33,29,7
3833226,0,877,0,40,2,2,2,1,6,41,7
3821485,0,877,0,40,2,3,2,1,24,94,7
3830065,0,877,0,40,3,3,2,1,10,62,7
3821090,0,877,0,40,3,6,2,1,26,73,7
3804719,0,877,0,40,3,6,2,1,21,22,7
3813528,0,877,0,40,3,10,2,1,33,35,7
3818657,0,877,0,40,3,4,2,1,33,36,7
3833344,0,877,0,40,2,2,2,1,8,64,7
3818538,0,877,0,40,3,6,2,1,28,42,7
3802386,0,877,0,40,3,6,2,1,20,31,7
3834529,0,877,0,40,2,1,2,1,5,32,7
3835651,0,877,0,40,3,1,2,1,5,36,7
3836059,0,877,0,40,2,1,2,1,5,21,7
3836525,0,877,0,40,3,1,2,1,5,31,7
3836573,0,877,0,40,3,1,2,1,5,19,7
3836599,0,877,0,40,2,1,2,1,5,20,7
3836629,0,877,0,40,2,1,2,1,5,44,7
3836763,0,877,0,40,2,1,2,1,5,30,7
3822525,0,877,0,40,2,5,2,1,12,16,7
3821941,0,877,0,40,2,4,2,1,18,45,7
3831752,0,877,0,40,3,2,2,1,6,40,7
3810796,0,877,0,40,2,8,2,1,45,53,7
3826978,0,877,0,40,2,3,2,1,10,39,7
3812687,0,877,0,40,2,6,2,1,42,42,7
3800012,0,877,0,40,3,10,2,1,55,39,7
3818582,0,877,0,40,3,4,2,1,30,43,7
3820881,0,877,0,40,3,5,2,1,23,51,7
3827325,0,877,0,40,3,4,2,1,9,77,7
3805713,0,877,0,40,2,4,2,1,31,57,7
3805440,0,877,0,40,2,3,2,1,21,27,7
3829060,0,877,0,40,3,4,2,1,9,60,7
3803796,0,877,0,40,2,5,2,1,30,48,7
3816041,0,877,0,40,2,5,2,1,35,30,7
3827108,0,877,0,40,3,3,2,1,15,49,7
3822861,0,877,0,40,2,4,2,1,18,95,7
3812390,0,877,0,40,3,9,2,1,30,14,7
3814566,0,877,0,40,3,6,2,1,35,40,7
3810765,0,877,0,40,3,7,2,1,46,95,7
3810100,0,877,0,40,2,8,2,1,44,69,7
3828948,0,877,0,40,3,3,2,1,13,24,7
3805026,0,877,0,40,2,4,2,1,47,23,7
3828908,0,877,0,40,3,2,2,1,18,39,7
3821556,0,877,0,40,3,3,2,1,25,52,7
3804918,0,877,0,40,3,6,2,1,33,30,7
3806885,0,877,0,40,3,13,2,1,56,51,7
3816245,0,877,0,40,2,5,2,1,37,63,7
3831666,0,877,0,40,2,3,2,1,9,92,7
3821168,0,877,0,40,3,6,2,1,19,51,7
3834800,0,877,0,40,2,2,2,1,6,42,7
3833427,0,877,0,40,2,2,2,1,5,38,7
3803608,0,877,0,40,3,3,2,1,28,30,7
3806625,0,877,0,40,2,6,2,1,39,65,7
3812163,0,877,0,40,2,6,2,1,48,91,7
3808930,0,877,0,40,2,8,2,1,57,33,7
3832398,0,877,0,40,2,2,2,1,12,64,7
3822195,0,877,0,40,2,6,2,1,14,35,7
3836520,0,877,0,40,3,1,2,1,4,63,7
3836632,0,877,0,40,2,1,2,1,4,49,7
3836828,0,877,0,40,2,1,2,1,4,32,7
3837040,0,877,0,40,2,1,2,1,4,57,7
3837402,0,877,0,40,3,1,2,1,4,56,7
3837482,0,877,0,40,2,1,2,1,4,61,7
3829197,0,877,0,40,2,2,2,1,9,45,7
3824255,0,877,0,40,2,4,2,1,18,38,7
3812000,0,877,0,40,2,7,2,1,33,65,7
3819060,0,877,0,40,2,4,2,1,28,42,7
3827935,0,877,0,40,3,2,2,1,14,28,7
3816165,0,877,0,40,3,7,2,1,27,100,7
3818004,0,877,0,40,3,5,2,1,26,37,7
3816088,0,877,0,40,3,4,2,1,39,12,7
3812290,0,877,0,40,2,6,2,1,40,46,7
3808321,0,877,0,40,3,4,2,1,16,45,7
3708329,0,877,0,40,3,23,2,1,161,59,7
3814582,0,877,0,40,2,6,2,1,37,27,7
3832571,0,877,0,40,2,2,2,1,6,99,7
3825817,0,877,0,40,2,3,2,1,14,10,7
3819423,0,877,0,40,3,5,2,1,27,35,7
3802240,0,877,0,40,3,5,2,1,34,24,7
3832395,0,877,0,40,3,2,2,1,9,30,7
3800659,0,877,0,40,2,6,2,1,31,35,7
3825316,0,877,0,40,2,3,2,1,15,44,7
3823632,0,877,0,40,2,4,2,1,23,55,7
3828412,0,877,0,40,2,2,2,1,17,24,7
3819254,0,877,0,40,2,5,2,1,22,68,7
3816069,0,877,0,40,3,7,2,1,23,21,7
3802881,0,877,0,40,2,5,2,1,35,35,7
3822455,1,877,875,28.7435,2,4,2,1,19,93,7
3830499,0,877,0,40,2,3,2,1,8,29,7
3815220,0,877,0,40,2,5,2,1,33,59,7
3829203,0,877,0,40,3,4,2,1,14,33,7
3822926,0,877,0,40,2,4,2,1,24,50,7
3810712,0,877,0,40,2,10,2,1,51,27,7
3818127,0,877,0,40,3,4,2,1,34,39,7
3820951,0,877,0,40,3,4,2,1,29,32,7
3816777,0,877,0,40,2,8,2,1,33,42,7
3818699,0,877,0,40,3,6,2,1,29,24,7
3833791,0,877,0,40,3,2,2,1,7,18,7
3833721,0,877,0,40,2,3,2,1,8,50,7
3826152,0,877,0,40,2,4,2,1,13,31,7
3819646,0,877,0,40,3,3,2,1,34,44,7
3828326,0,877,0,40,3,3,2,1,11,25,7
3805087,0,877,0,40,2,5,2,1,34,28,7
3833530,0,877,0,40,2,3,2,1,6,42,7
3834989,0,877,0,40,3,2,2,1,4,69,7
3835367,0,877,0,40,2,1,2,1,3,66,7
3836694,0,877,0,40,2,1,2,1,3,75,7
3836974,0,877,0,40,2,1,2,1,3,37,7
3837033,0,877,0,40,2,1,2,1,3,27,7
3837121,0,877,0,40,2,1,2,1,3,30,7
3837682,0,877,0,40,3,1,2,1,3,45,7
3837724,0,877,0,40,3,1,2,1,3,102,7
3837766,0,877,0,40,3,1,2,1,3,51,7
3837848,0,877,0,40,2,1,2,1,3,54,7
3837896,0,877,0,40,3,1,2,1,3,42,7
3837962,0,877,0,40,2,1,2,1,3,86,7
3838060,0,877,0,40,3,1,2,1,3,37,7
3807476,0,877,0,40,2,1,2,1,7,92,7
3819202,0,877,0,40,2,2,2,1,43,34,7
3813138,0,877,0,40,3,6,2,1,45,28,7
3829198,0,877,0,40,3,1,2,1,20,48,7
3817436,0,877,0,40,2,4,2,1,38,40,7
3823837,0,877,0,40,2,3,2,1,24,71,7
3830439,0,877,0,40,3,1,2,1,19,36,7
3824367,0,877,0,40,2,3,2,1,21,29,7
3801044,0,877,0,40,2,5,2,1,54,46,7
3825765,0,877,0,40,3,3,2,1,24,36,7
3817447,0,877,0,40,3,5,2,1,32,21,7
3816436,0,877,0,40,3,6,2,1,28,45,7
3830563,0,877,0,40,2,2,2,1,16,67,7
3804450,0,877,0,40,3,3,2,1,30,101,7
3819094,0,877,0,40,2,5,2,1,29,46,7
3822723,0,877,0,40,2,4,2,1,21,37,7
3832492,0,877,0,40,3,1,2,1,14,38,7
3823832,0,877,0,40,2,3,2,1,25,40,7
3804971,0,877,0,40,2,4,2,1,18,72,7
3827865,0,877,0,40,3,2,2,1,23,13,7
3829009,0,877,0,40,3,2,2,1,18,33,7
3826786,0,877,0,40,2,3,2,1,17,48,7
3825478,0,877,0,40,2,3,2,1,20,61,7
3823767,0,877,0,40,3,2,2,1,26,42,7
3816220,0,877,0,40,2,5,2,1,34,47,7
3831332,0,877,0,40,3,2,2,1,12,23,7
3817038,0,877,0,40,3,5,2,1,35,44,7
3829609,0,877,0,40,2,2,2,1,14,54,7
3802627,0,877,0,40,3,8,2,1,45,25,7
3824654,0,877,0,40,3,3,2,1,16,62,7
3827466,0,877,0,40,3,2,2,1,21,34,7
3816996,0,877,0,40,2,6,2,1,25,7,7
3817771,0,877,0,40,2,5,2,1,35,41,7
3817612,0,877,0,40,2,5,2,1,38,22,7
3834462,0,877,0,40,3,1,2,1,10,67,7
3815856,0,877,0,40,3,5,2,1,31,34,7
3824055,0,877,0,40,2,3,2,1,22,66,7
3804224,0,877,0,40,3,5,2,1,41,25,7
3825187,0,877,0,40,3,3,2,1,17,15,7
3822874,0,877,0,40,3,3,2,1,21,31,7
3801931,0,877,0,40,3,6,2,1,53,29,7
3826926,0,877,0,40,2,3,2,1,18,37,7
3825538,0,877,0,40,2,3,2,1,20,49,7
3830762,0,877,0,40,3,2,2,1,15,41,7
3813899,0,877,0,40,3,7,2,1,37,49,7
3807746,0,877,0,40,3,3,2,1,16,40,7
3808931,0,877,0,40,3,9,2,1,43,57,7
3834930,0,877,0,40,3,1,2,1,9,80,7
3835222,0,877,0,40,2,1,2,1,9,57,7
3820225,0,877,0,40,3,4,2,1,27,25,7
3816375,0,877,0,40,2,6,2,1,34,39,7
3829853,0,877,0,40,3,2,2,1,15,36,7
3818768,0,877,0,40,3,3,2,1,36,35,7
3827840,0,877,0,40,3,3,2,1,15,30,7
3831683,0,877,0,40,2,1,2,1,8,42,7
3833675,0,877,0,40,3,1,2,1,8,64,7
3835091,0,877,0,40,2,1,2,1,8,21,7
3819067,0,877,0,40,2,7,2,1,23,23,7
3810767,0,877,0,40,3,5,2,1,45,33,7
3826313,0,877,0,40,3,3,2,1,17,34,7
3827982,0,877,0,40,3,2,2,1,19,10,7
3821439,0,877,0,40,3,2,2,1,35,44,7
3806260,0,877,0,40,2,2,2,1,19,52,7
3833860,0,877,0,40,3,2,2,1,9,62,7
3834154,0,877,0,40,2,1,2,1,7,64,7
3798098,0,877,0,40,2,6,2,1,34,36,7
3823125,0,877,0,40,3,3,2,1,20,39,7
3823894,0,877,0,40,2,4,2,1,19,32,7
3829141,0,877,0,40,2,2,2,1,17,73,7
3807538,0,877,0,40,3,4,2,1,18,37,7
3816848,0,877,0,40,3,7,2,1,27,54,7
3823107,0,877,0,40,3,4,2,1,22,55,7
3814345,0,877,0,40,3,4,2,1,46,37,7
3830723,0,877,0,40,2,3,2,1,10,67,7
3835443,0,877,0,40,2,1,2,1,6,19,7
3836531,0,877,0,40,2,1,2,1,6,64,7
3836543,0,877,0,40,2,1,2,1,6,26,7
3836597,0,877,0,40,2,1,2,1,6,34,7
3836647,0,877,0,40,3,1,2,1,6,28,7
3836795,0,877,0,40,2,1,2,1,6,30,7
3816384,0,877,0,40,3,3,2,1,36,98,7
3820194,0,877,0,40,2,5,2,1,23,15,7
3824211,0,877,0,40,2,4,2,1,20,23,7
3820780,0,877,0,40,3,7,2,1,22,62,7
3817776,0,877,0,40,2,6,2,1,24,32,7
3816239,0,877,0,40,3,8,2,1,28,35,7
3808339,0,877,0,40,3,11,2,1,49,25,7
3832511,0,877,0,40,3,2,2,1,9,61,7
3824520,0,877,0,40,2,4,2,1,17,54,7
3811815,0,877,0,40,3,5,2,1,47,12,7
3804210,0,877,0,40,3,4,2,1,22,32,7
3835396,0,877,0,40,2,2,2,1,7,35,7
3814331,0,877,0,40,2,8,2,1,37,44,7
3823691,0,877,0,40,3,3,2,1,27,51,7
3835471,0,877,0,40,3,1,2,1,5,39,7
3835839,0,877,0,40,2,1,2,1,5,62,7
3807765,0,877,0,40,2,5,2,1,21,55,7
3832716,0,877,0,40,3,2,2,1,5,47,7
3804298,0,877,0,40,2,2,2,1,32,27,7
3812116,0,877,0,40,2,6,2,1,38,36,7
3786946,0,877,0,40,3,8,2,1,71,36,7
3818718,0,877,0,40,3,6,2,1,21,41,7
3814344,0,877,0,40,3,5,2,1,44,45,7
3813587,0,877,0,40,3,7,2,1,35,58,7
3799231,0,877,0,40,2,4,2,1,28,35,7
3813875,0,877,0,40,3,8,2,1,37,13,7
3804066,0,877,0,40,3,7,2,1,36,48,7
3811690,0,877,0,40,3,6,2,1,53,28,7
3829383,0,877,0,40,2,3,2,1,17,36,7
3828916,0,877,0,40,2,3,2,1,16,35,7
3832251,0,877,0,40,3,3,2,1,11,48,7
3818730,0,877,0,40,2,5,2,1,31,34,7
3818297,0,877,0,40,2,5,2,1,25,38,7
3810655,0,877,0,40,2,8,2,1,46,36,7
3811640,0,877,0,40,2,7,2,1,47,31,7
3810607,0,877,0,40,2,8,2,1,56,30,7
3836614,0,877,0,40,2,1,2,1,4,45,7
3837153,0,877,0,40,2,1,2,1,4,33,7
3837580,0,877,0,40,3,1,2,1,4,30,7
3837804,0,877,0,40,2,1,2,1,4,49,7
3837846,0,877,0,40,2,1,2,1,4,43,7
3837970,0,877,0,40,2,1,2,1,4,44,7
3838024,0,877,0,40,2,1,2,1,4,29,7
3838062,0,877,0,40,2,1,2,1,4,15,7
3815814,0,877,0,40,2,6,2,1,32,8,7
3830450,0,877,0,40,3,3,2,1,7,96,7
3831133,0,877,0,40,3,3,2,1,6,50,7
3834035,1,877,876,38.1262,2,2,2,1,5,78,7
3830840,0,877,0,40,3,2,2,1,13,38,7
3818349,0,877,0,40,3,6,2,1,25,33,7
3826773,0,877,0,40,2,3,2,1,17,52,7
3813999,0,877,0,40,3,6,2,1,28,40,7
3826558,0,877,0,40,2,3,2,1,18,75,7
3817389,0,877,0,40,2,3,2,1,37,71,7
3833163,0,877,0,40,2,3,2,1,7,35,7
3816927,0,877,0,40,3,6,2,1,32,60,7
3799717,0,877,0,40,3,9,2,1,51,16,7
3822556,0,877,0,40,3,5,2,1,16,78,7
3817502,0,877,0,40,2,5,2,1,33,18,7
3826180,0,877,0,40,3,4,2,1,18,31,7
3814140,0,877,0,40,2,6,2,1,41,36,7
3834769,0,877,0,40,3,1,2,1,3,27,7
3837363,0,877,0,40,3,1,2,1,3,20,7
3837653,0,877,0,40,3,1,2,1,3,35,7
3838039,0,877,0,40,3,1,2,1,3,51,7
3838358,0,877,0,40,3,1,2,1,3,65,7
3838562,0,877,0,40,3,1,2,1,3,67,7
3807063,0,877,0,40,2,6,2,1,64,47,7
3828275,0,877,0,40,2,1,2,1,24,106,7
3825563,0,877,0,40,2,2,2,1,23,34,7
3827064,0,877,0,40,2,3,2,1,19,44,7
3830639,0,877,0,40,3,1,2,1,14,36,7
3833137,0,877,0,40,3,1,2,1,14,29,7
3833594,0,877,0,40,2,1,2,1,13,52,7
3826435,0,877,0,40,2,3,2,1,20,72,7
3790018,0,877,0,40,2,11,2,1,85,32,7
3826371,0,877,0,40,3,4,2,1,20,56,7
3818430,0,877,0,40,2,6,2,1,29,28,7
3832373,0,877,0,40,2,2,2,1,11,27,7
3816387,0,877,0,40,3,4,2,1,29,28,7
3832201,0,877,0,40,3,2,2,1,12,42,7
3809384,0,877,0,40,2,8,2,1,65,28,7
3835957,0,877,0,40,2,1,2,1,8,29,7
3803448,0,877,0,40,3,4,2,1,24,20,7
3826324,0,877,0,40,3,3,2,1,17,57,7
3809043,0,877,0,40,3,8,2,1,57,38,7
3803873,0,877,0,40,3,5,2,1,33,26,7
3829630,0,877,0,40,3,3,2,1,13,31,7
3828567,0,877,0,40,3,3,2,1,14,46,7
3835172,0,877,0,40,3,2,2,1,7,40,7
3813624,0,877,0,40,2,6,2,1,43,26,7
3835767,0,877,0,40,3,1,2,1,5,37,7
3816082,0,877,0,40,2,5,2,1,26,21,7
3833480,0,877,0,40,3,2,2,1,7,44,7
3811678,0,877,0,40,2,7,2,1,45,43,7
3805524,0,877,0,40,2,9,2,1,37,48,7
3814918,0,877,0,40,2,8,2,1,30,50,7
3815912,0,877,0,40,2,7,2,1,36,68,7
3823830,0,877,0,40,3,4,2,1,19,47,7
3837541,0,877,0,40,3,1,2,1,4,68,7
3801761,0,877,0,40,2,6,2,1,20,65,7
3819724,0,877,0,40,2,7,2,1,18,40,7
3809701,0,877,0,40,3,5,2,1,67,48,7
3838671,0,877,0,40,2,1,2,1,3,83,7
3838989,0,877,0,40,3,1,2,1,3,69,7
3834897,0,877,0,40,3,0,2,1,2,28,7
3835751,0,877,0,40,3,0,2,1,2,30,7
3835993,0,877,0,40,2,0,2,1,2,106,7
3836161,0,877,0,40,3,0,2,1,2,28,7
3836329,0,877,0,40,3,0,2,1,2,19,7
3836457,0,877,0,40,3,0,2,1,2,24,7
3836522,0,877,0,40,2,0,2,1,2,57,7
3836586,0,877,0,40,2,0,2,1,2,77,7
3836650,0,877,0,40,2,0,2,1,2,39,7
3836714,0,877,0,40,2,0,2,1,2,22,7
3836778,0,877,0,40,2,0,2,1,2,21,7
3836890,0,877,0,40,2,0,2,1,2,37,7
3836954,0,877,0,40,3,0,2,1,2,47,7
3837015,0,877,0,40,3,0,2,1,2,47,7
3837047,0,877,0,40,3,0,2,1,2,81,7
3837079,0,877,0,40,2,0,2,1,2,26,7
3837111,0,877,0,40,3,0,2,1,2,91,7
3837143,0,877,0,40,2,0,2,1,2,69,7
3837175,0,877,0,40,3,0,2,1,2,31,7
3837207,0,877,0,40,3,0,2,1,2,32,7
3837239,0,877,0,40,2,0,2,1,2,26,7
3837271,0,877,0,40,2,0,2,1,2,51,7
3837303,0,877,0,40,2,0,2,1,2,44,7
3837335,0,877,0,40,3,0,2,1,2,37,7
3837367,0,877,0,40,2,0,2,1,2,40,7
3837399,0,877,0,40,3,0,2,1,2,43,7
3837431,0,877,0,40,3,0,2,1,2,32,7
3837463,0,877,0,40,2,0,2,1,2,62,7
3837495,0,877,0,40,2,0,2,1,2,43,7
3837527,0,877,0,40,3,0,2,1,2,52,7
3837547,0,877,0,40,2,0,2,1,2,48,7
3837563,0,877,0,40,2,0,2,1,2,11,7
3837579,0,877,0,40,2,0,2,1,2,34,7
3837595,0,877,0,40,2,0,2,1,2,65,7
3837611,0,877,0,40,2,0,2,1,2,54,7
3837627,0,877,0,40,3,0,2,1,2,43,7
3837643,0,877,0,40,2,0,2,1,2,20,7
3837659,0,877,0,40,3,0,2,1,2,31,7
3837675,0,877,0,40,2,0,2,1,2,63,7
3837691,0,877,0,40,3,0,2,1,2,71,7
3837707,0,877,0,40,2,0,2,1,2,63,7
3837723,0,877,0,40,3,0,2,1,2,90,7
3837739,0,877,0,40,2,0,2,1,2,28,7
3837761,0,877,0,40,3,0,2,1,2,90,7
3837777,0,877,0,40,3,0,2,1,2,66,7
3837793,0,877,0,40,2,0,2,1,2,43,7
3837809,0,877,0,40,2,0,2,1,2,32,7
3837825,0,877,0,40,3,0,2,1,2,35,7
3837841,0,877,0,40,2,0,2,1,2,32,7
3837857,0,877,0,40,3,0,2,1,2,47,7
3837873,0,877,0,40,3,0,2,1,2,57,7
3837889,0,877,0,40,2,0,2,1,2,66,7
3837905,0,877,0,40,2,0,2,1,2,39,7
3837921,0,877,0,40,3,0,2,1,2,24,7
3837937,0,877,0,40,3,0,2,1,2,47,7
3837953,0,877,0,40,3,0,2,1,2,19,7
3837969,0,877,0,40,2,0,2,1,2,20,7
3837985,0,877,0,40,2,0,2,1,2,31,7
3838001,0,877,0,40,2,0,2,1,2,44,7
3838017,0,877,0,40,3,0,2,1,2,75,7
3838033,0,877,0,40,3,0,2,1,2,29,7
3838049,0,877,0,40,2,0,2,1,2,38,7
3838069,0,877,0,40,3,0,2,1,2,45,7
3838085,0,877,0,40,3,0,2,1,2,39,7
3838101,0,877,0,40,3,0,2,1,2,47,7
3838109,0,877,0,40,2,0,2,1,2,65,7
3838117,0,877,0,40,2,0,2,1,2,69,7
3838125,0,877,0,40,3,0,2,1,2,32,7
3838133,0,877,0,40,3,0,2,1,2,31,7
3838141,0,877,0,40,2,0,2,1,2,16,7
3838149,0,877,0,40,3,0,2,1,2,34,7
3838157,0,877,0,40,2,0,2,1,2,32,7
3838165,0,877,0,40,3,0,2,1,2,41,7
3838173,0,877,0,40,2,0,2,1,2,48,7
3838181,0,877,0,40,2,0,2,1,2,44,7
3838189,0,877,0,40,2,0,2,1,2,15,7
3838197,0,877,0,40,3,0,2,1,2,30,7
3838205,0,877,0,40,3,0,2,1,2,59,7
3838213,0,877,0,40,3,0,2,1,2,48,7
3838221,0,877,0,40,2,0,2,1,2,28,7
3838229,0,877,0,40,2,0,2,1,2,32,7
3838237,0,877,0,40,3,0,2,1,2,22,7
3838245,0,877,0,40,2,0,2,1,2,36,7
3838253,0,877,0,40,3,0,2,1,2,61,7
3838261,0,877,0,40,3,0,2,1,2,33,7
3838269,0,877,0,40,3,0,2,1,2,51,7
3838277,0,877,0,40,2,0,2,1,2,29,7
3838285,0,877,0,40,2,0,2,1,2,45,7
3838293,0,877,0,40,2,0,2,1,2,56,7
3838301,0,877,0,40,2,0,2,1,2,31,7
3838309,0,877,0,40,3,0,2,1,2,49,7
3838317,0,877,0,40,3,0,2,1,2,31,7
3838325,0,877,0,40,3,0,2,1,2,38,7
3838333,0,877,0,40,3,0,2,1,2,14,7
3838341,0,877,0,40,2,0,2,1,2,43,7
3838349,0,877,0,40,3,0,2,1,2,35,7
3838357,0,877,0,40,3,0,2,1,2,15,7
3838365,0,877,0,40,2,0,2,1,2,34,7
3838373,0,877,0,40,3,0,2,1,2,49,7
3838381,0,877,0,40,2,0,2,1,2,45,7
3838389,0,877,0,40,2,0,2,1,2,62,7
3838397,0,877,0,40,2,0,2,1,2,64,7
3838405,0,877,0,40,2,0,2,1,2,42,7
3838413,0,877,0,40,3,0,2,1,2,32,7
3838421,0,877,0,40,2,0,2,1,2,43,7
3838429,0,877,0,40,2,0,2,1,2,50,7
3838437,0,877,0,40,3,0,2,1,2,26,7
3838445,0,877,0,40,3,0,2,1,2,47,7
3838453,0,877,0,40,2,0,2,1,2,13,7
3838461,0,877,0,40,3,0,2,1,2,27,7
3838469,0,877,0,40,2,0,2,1,2,38,7
3838477,0,877,0,40,2,0,2,1,2,59,7
3838485,0,877,0,40,2,0,2,1,2,45,7
3838493,0,877,0,40,3,0,2,1,2,57,7
3838501,0,877,0,40,3,0,2,1,2,43,7
3838509,0,877,0,40,3,0,2,1,2,42,7
3838517,0,877,0,40,2,0,2,1,2,51,7
3838525,0,877,0,40,3,0,2,1,2,28,7
3838533,0,877,0,40,2,0,2,1,2,42,7
3838541,0,877,0,40,3,0,2,1,2,41,7
3838549,0,877,0,40,2,0,2,1,2,30,7
3838557,0,877,0,40,3,0,2,1,2,49,7
3838565,0,877,0,40,3,0,2,1,2,66,7
3838573,0,877,0,40,2,0,2,1,2,26,7
3838581,0,877,0,40,3,0,2,1,2,48,7
3838589,0,877,0,40,3,0,2,1,2,37,7
3838597,0,877,0,40,2,0,2,1,2,37,7
3838605,0,877,0,40,2,0,2,1,2,35,7
3838613,0,877,0,40,2,0,2,1,2,39,7
3838621,0,877,0,40,2,0,2,1,2,18,7
3838629,0,877,0,40,3,0,2,1,2,54,7
3838637,0,877,0,40,3,0,2,1,2,32,7
3838644,0,877,0,40,3,0,2,1,2,37,7
3838648,0,877,0,40,2,0,2,1,2,35,7
3838652,0,877,0,40,3,0,2,1,2,29,7
3838656,0,877,0,40,3,0,2,1,2,51,7
3838660,0,877,0,40,3,0,2,1,2,82,7
3838664,0,877,0,40,2,0,2,1,2,106,7
3838668,0,877,0,40,2,0,2,1,2,57,7
3838672,0,877,0,40,3,0,2,1,2,65,7
3838676,0,877,0,40,2,0,2,1,2,18,7
3838680,0,877,0,40,3,0,2,1,2,54,7
3838684,0,877,0,40,3,0,2,1,2,68,7
3838688,0,877,0,40,2,0,2,1,2,55,7
3838692,0,877,0,40,3,0,2,1,2,47,7
3838696,0,877,0,40,2,0,2,1,2,33,7
3838700,0,877,0,40,2,0,2,1,2,108,7
3838704,0,877,0,40,3,0,2,1,2,36,7
3838708,0,877,0,40,3,0,2,1,2,40,7
3838712,0,877,0,40,3,0,2,1,2,30,7
3838716,0,877,0,40,3,0,2,1,2,37,7
3838720,0,877,0,40,2,0,2,1,2,30,7
3838724,0,877,0,40,3,0,2,1,2,28,7
3838728,0,877,0,40,3,0,2,1,2,54,7
3838732,0,877,0,40,2,0,2,1,2,40,7
3838736,0,877,0,40,2,0,2,1,2,80,7
3838740,0,877,0,40,2,0,2,1,2,49,7
3838744,0,877,0,40,3,0,2,1,2,34,7
3838748,0,877,0,40,2,0,2,1,2,23,7
3838752,0,877,0,40,3,0,2,1,2,46,7
3838756,0,877,0,40,3,0,2,1,2,60,7
3838760,0,877,0,40,3,0,2,1,2,23,7
3838764,0,877,0,40,2,0,2,1,2,31,7
3838768,0,877,0,40,3,0,2,1,2,38,7
3838772,0,877,0,40,2,0,2,1,2,97,7
3838776,0,877,0,40,2,0,2,1,2,70,7
3838780,0,877,0,40,2,0,2,1,2,64,7
3838784,0,877,0,40,2,0,2,1,2,15,7
3838788,0,877,0,40,3,0,2,1,2,18,7
3838792,0,877,0,40,3,0,2,1,2,44,7
3838796,0,877,0,40,2,0,2,1,2,33,7
3838800,0,877,0,40,2,0,2,1,2,125,7
3838804,0,877,0,40,2,0,2,1,2,43,7
3838808,0,877,0,40,2,0,2,1,2,19,7
3838812,0,877,0,40,3,0,2,1,2,107,7
3838816,0,877,0,40,3,0,2,1,2,24,7
3838820,0,877,0,40,2,0,2,1,2,38,7
3838824,0,877,0,40,3,0,2,1,2,21,7
3838828,0,877,0,40,3,0,2,1,2,20,7
3838832,0,877,0,40,2,0,2,1,2,43,7
3838836,0,877,0,40,2,0,2,1,2,31,7
3838840,0,877,0,40,2,0,2,1,2,73,7
3838844,0,877,0,40,2,0,2,1,2,31,7
3838848,0,877,0,40,2,0,2,1,2,54,7
3838852,0,877,0,40,2,0,2,1,2,48,7
3838856,0,877,0,40,3,0,2,1,2,33,7
3838860,0,877,0,40,2,0,2,1,2,51,7
3838864,0,877,0,40,2,0,2,1,2,89,7
3838868,0,877,0,40,2,0,2,1,2,63,7
3838872,0,877,0,40,2,0,2,1,2,59,7
3838876,0,877,0,40,3,0,2,1,2,37,7
3838880,0,877,0,40,3,0,2,1,2,67,7
3838884,0,877,0,40,3,0,2,1,2,93,7
3838888,0,877,0,40,3,0,2,1,2,72,7
3838892,0,877,0,40,2,0,2,1,2,75,7
3838896,0,877,0,40,2,0,2,1,2,23,7
3838900,0,877,0,40,2,0,2,1,2,52,7
3838904,0,877,0,40,2,0,2,1,2,34,7
3838908,0,877,0,40,3,0,2,1,2,13,7
3838912,0,877,0,40,2,0,2,1,2,32,7
3838916,0,877,0,40,2,0,2,1,2,65,7
3838920,0,877,0,40,3,0,2,1,2,20,7
3838924,0,877,0,40,3,0,2,1,2,63,7
3838928,0,877,0,40,2,0,2,1,2,65,7
3838932,0,877,0,40,3,0,2,1,2,43,7
3838936,0,877,0,40,2,0,2,1,2,33,7
3838940,0,877,0,40,3,0,2,1,2,81,7
3838944,0,877,0,40,2,0,2,1,2,43,7
3838948,0,877,0,40,3,0,2,1,2,77,7
3838952,0,877,0,40,3,0,2,1,2,25,7
3838956,0,877,0,40,3,0,2,1,2,60,7
3838960,0,877,0,40,2,0,2,1,2,70,7
3838964,0,877,0,40,3,0,2,1,2,26,7
3838968,0,877,0,40,2,0,2,1,2,52,7
3838972,0,877,0,40,3,0,2,1,2,63,7
3838976,0,877,0,40,3,0,2,1,2,72,7
3838980,0,877,0,40,2,0,2,1,2,41,7
3838984,0,877,0,40,3,0,2,1,2,73,7
3838988,0,877,0,40,3,0,2,1,2,47,7
3838992,0,877,0,40,2,0,2,1,2,35,7
3838996,0,877,0,40,2,0,2,1,2,46,7
3839000,0,877,0,40,3,0,2,1,2,25,7
3839004,0,877,0,40,2,0,2,1,2,26,7
3839008,0,877,0,40,2,0,2,1,2,29,7
3839012,0,877,0,40,2,0,2,1,2,84,7
3839016,0,877,0,40,3,0,2,1,2,76,7
3839020,0,877,0,40,2,0,2,1,2,46,7
3839024,0,877,0,40,3,0,2,1,2,37,7
3839028,0,877,0,40,2,0,2,1,2,53,7
3839032,0,877,0,40,3,0,2,1,2,49,7
3839036,0,877,0,40,2,0,2,1,2,61,7
3839040,0,877,0,40,2,0,2,1,2,32,7
3839044,0,877,0,40,2,0,2,1,2,31,7
3839048,0,877,0,40,2,0,2,1,2,74,7
3839052,0,877,0,40,3,0,2,1,2,36,7
3839056,0,877,0,40,2,0,2,1,2,35,7
3839060,0,877,0,40,2,0,2,1,2,65,7
3839064,0,877,0,40,2,0,2,1,2,24,7
3839068,0,877,0,40,3,0,2,1,2,58,7
3839072,0,877,0,40,2,0,2,1,2,47,7
3839076,0,877,0,40,3,0,2,1,2,54,7
3839080,0,877,0,40,2,0,2,1,2,24,7
3839084,0,877,0,40,2,0,2,1,2,35,7
3839088,0,877,0,40,3,0,2,1,2,68,7
3839092,0,877,0,40,3,0,2,1,2,34,7
3839096,0,877,0,40,3,0,2,1,2,30,7
3839100,0,877,0,40,2,0,2,1,2,40,7
3839104,0,877,0,40,3,0,2,1,2,16,7
3839108,0,877,0,40,2,0,2,1,2,51,7
3839112,0,877,0,40,3,0,2,1,2,96,7
3839116,0,877,0,40,3,0,2,1,2,50,7
3839120,0,877,0,40,2,0,2,1,2,73,7
3839124,0,877,0,40,3,0,2,1,2,36,7
3839128,0,877,0,40,2,0,2,1,2,29,7
3839132,0,877,0,40,3,0,2,1,2,16,7
3839136,0,877,0,40,3,0,2,1,2,17,7
3839140,0,877,0,40,2,0,2,1,2,73,7
3839144,0,877,0,40,2,0,2,1,2,37,7
3839148,0,877,0,40,3,0,2,1,2,48,7
3839152,0,877,0,40,2,0,2,1,2,46,7
3839156,0,877,0,40,2,0,2,1,2,54,7
3839160,0,877,0,40,2,0,2,1,2,48,7
3839164,0,877,0,40,2,0,2,1,2,75,7
3839168,0,877,0,40,3,0,2,1,2,34,7
3839171,0,877,0,40,2,0,2,1,2,48,7
3839173,0,877,0,40,3,0,2,1,2,77,7
3839175,0,877,0,40,2,0,2,1,2,72,7
3839177,0,877,0,40,3,0,2,1,2,38,7
3839179,0,877,0,40,3,0,2,1,2,33,7
3839181,0,877,0,40,2,0,2,1,2,48,7
3839183,0,877,0,40,2,0,2,1,2,25,7
3839185,0,877,0,40,2,0,2,1,2,39,7
3839187,0,877,0,40,2,0,2,1,2,101,7
3839189,0,877,0,40,3,0,2,1,2,46,7
3839191,0,877,0,40,2,0,2,1,2,26,7
3839193,0,877,0,40,3,0,2,1,2,75,7
3839195,0,877,0,40,3,0,2,1,2,34,7
3839197,0,877,0,40,2,0,2,1,2,40,7
3839199,0,877,0,40,2,0,2,1,2,45,7
3839201,0,877,0,40,3,0,2,1,2,32,7
3839203,0,877,0,40,3,0,2,1,2,53,7
3839205,0,877,0,40,2,0,2,1,2,35,7
3839207,0,877,0,40,3,0,2,1,2,39,7
3839209,0,877,0,40,2,0,2,1,2,34,7
3839211,0,877,0,40,2,0,2,1,2,43,7
3839213,0,877,0,40,2,0,2,1,2,66,7
3839215,0,877,0,40,3,0,2,1,2,32,7
3839217,0,877,0,40,3,0,2,1,2,32,7
3839219,0,877,0,40,3,0,2,1,2,49,7
3839221,0,877,0,40,3,0,2,1,2,56,7
3839223,0,877,0,40,2,0,2,1,2,53,7
3839225,0,877,0,40,3,0,2,1,2,30,7
3839227,0,877,0,40,2,0,2,1,2,49,7
3839229,0,877,0,40,2,0,2,1,2,11,7
3839231,0,877,0,40,3,0,2,1,2,43,7
3839233,0,877,0,40,3,0,2,1,2,24,7
3839235,0,877,0,40,3,0,2,1,2,38,7
3839237,0,877,0,40,2,0,2,1,2,40,7
3839239,0,877,0,40,3,0,2,1,2,45,7
3839241,0,877,0,40,3,0,2,1,2,53,7
3839243,0,877,0,40,2,0,2,1,2,65,7
3839245,0,877,0,40,3,0,2,1,2,58,7
3839247,0,877,0,40,2,0,2,1,2,21,7
3839249,0,877,0,40,3,0,2,1,2,68,7
3839251,0,877,0,40,3,0,2,1,2,11,7
3839253,0,877,0,40,3,0,2,1,2,61,7
3839255,0,877,0,40,3,0,2,1,2,35,7
3839257,0,877,0,40,3,0,2,1,2,53,7
3839259,0,877,0,40,3,0,2,1,2,45,7
3839261,0,877,0,40,3,0,2,1,2,41,7
3839263,0,877,0,40,3,0,2,1,2,42,7
3839265,0,877,0,40,3,0,2,1,2,58,7
3839267,0,877,0,40,2,0,2,1,2,20,7
3839269,0,877,0,40,3,0,2,1,2,26,7
3839271,0,877,0,40,2,0,2,1,2,28,7
3839273,0,877,0,40,3,0,2,1,2,50,7
3839275,0,877,0,40,2,0,2,1,2,34,7
3839277,0,877,0,40,3,0,2,1,2,46,7
3839279,0,877,0,40,2,0,2,1,2,44,7
3839281,0,877,0,40,3,0,2,1,2,44,7
3839283,0,877,0,40,2,0,2,1,2,36,7
3839285,0,877,0,40,2,0,2,1,2,39,7
3839287,0,877,0,40,2,0,2,1,2,22,7
3839289,0,877,0,40,3,0,2,1,2,27,7
3839291,0,877,0,40,2,0,2,1,2,49,7
3839293,0,877,0,40,2,0,2,1,2,18,7
3839295,0,877,0,40,3,0,2,1,2,47,7
3839297,0,877,0,40,3,0,2,1,2,34,7
3839299,0,877,0,40,2,0,2,1,2,45,7
3839301,0,877,0,40,3,0,2,1,2,33,7
3839303,0,877,0,40,3,0,2,1,2,30,7
3839305,0,877,0,40,2,0,2,1,2,38,7
3839307,0,877,0,40,3,0,2,1,2,36,7
3839309,0,877,0,40,3,0,2,1,2,28,7
3839311,0,877,0,40,2,0,2,1,2,44,7
3839313,0,877,0,40,3,0,2,1,2,21,7
3839315,0,877,0,40,2,0,2,1,2,20,7
3839317,0,877,0,40,2,0,2,1,2,76,7
3839319,0,877,0,40,2,0,2,1,2,65,7
3839321,0,877,0,40,3,0,2,1,2,35,7
3839323,0,877,0,40,2,0,2,1,2,69,7
3839325,0,877,0,40,3,0,2,1,2,23,7
3839327,0,877,0,40,2,0,2,1,2,33,7
3839329,0,877,0,40,2,0,2,1,2,60,7
3839331,0,877,0,40,2,0,2,1,2,39,7
3839333,0,877,0,40,2,0,2,1,2,26,7
3839335,0,877,0,40,2,0,2,1,2,66,7
3839337,0,877,0,40,2,0,2,1,2,39,7
3839339,0,877,0,40,2,0,2,1,2,37,7
3839341,0,877,0,40,2,0,2,1,2,15,7
3839343,0,877,0,40,2,0,2,1,2,44,7
3839345,0,877,0,40,2,0,2,1,2,40,7
3839347,0,877,0,40,3,0,2,1,2,79,7
3839349,0,877,0,40,3,0,2,1,2,104,7
3839351,0,877,0,40,2,0,2,1,2,53,7
3839353,0,877,0,40,2,0,2,1,2,48,7
3839355,0,877,0,40,2,0,2,1,2,27,7
3839357,0,877,0,40,3,0,2,1,2,31,7
3839359,0,877,0,40,2,0,2,1,2,50,7
3839361,0,877,0,40,2,0,2,1,2,37,7
3839363,0,877,0,40,3,0,2,1,2,41,7
3839365,0,877,0,40,2,0,2,1,2,29,7
3839367,0,877,0,40,2,0,2,1,2,53,7
3839369,0,877,0,40,2,0,2,1,2,38,7
3839371,0,877,0,40,2,0,2,1,2,84,7
3839373,0,877,0,40,3,0,2,1,2,18,7
3839375,0,877,0,40,2,0,2,1,2,33,7
3839377,0,877,0,40,2,0,2,1,2,45,7
3839379,0,877,0,40,3,0,2,1,2,58,7
3839381,0,877,0,40,2,0,2,1,2,47,7
3839383,0,877,0,40,2,0,2,1,2,59,7
3839385,0,877,0,40,3,0,2,1,2,41,7
3839387,0,877,0,40,3,0,2,1,2,39,7
3839389,0,877,0,40,3,0,2,1,2,49,7
3839391,0,877,0,40,3,0,2,1,2,26,7
3839393,0,877,0,40,3,0,2,1,2,30,7
3839395,0,877,0,40,3,0,2,1,2,31,7
3839397,0,877,0,40,3,0,2,1,2,63,7
3839399,0,877,0,40,2,0,2,1,2,20,7
3839401,0,877,0,40,2,0,2,1,2,42,7
3839403,0,877,0,40,3,0,2,1,2,81,7
3839405,0,877,0,40,2,0,2,1,2,32,7
3839407,0,877,0,40,3,0,2,1,2,42,7
3839409,0,877,0,40,2,0,2,1,2,52,7
3839411,0,877,0,40,2,0,2,1,2,50,7
3839413,0,877,0,40,3,0,2,1,2,92,7
3839415,0,877,0,40,2,0,2,1,2,56,7
3839417,0,877,0,40,2,0,2,1,2,72,7
3839419,0,877,0,40,3,0,2,1,2,69,7
3839421,0,877,0,40,3,0,2,1,2,59,7
3839423,0,877,0,40,2,0,2,1,2,22,7
3839425,0,877,0,40,3,0,2,1,2,18,7
3839427,0,877,0,40,3,0,2,1,2,25,7
3839429,0,877,0,40,3,0,2,1,2,27,7
3839431,0,877,0,40,3,0,2,1,2,20,7
3839433,0,877,0,40,2,0,2,1,2,54,7
3839435,0,877,0,40,3,0,2,1,2,14,7
3839437,0,877,0,40,2,0,2,1,2,39,7
3839439,0,877,0,40,2,0,2,1,2,44,7
3839441,0,877,0,40,2,0,2,1,2,44,7
3839443,0,877,0,40,3,0,2,1,2,45,7
3839445,0,877,0,40,3,0,2,1,2,65,7
3839447,0,877,0,40,3,0,2,1,2,30,7
3839449,0,877,0,40,3,0,2,1,2,89,7
3839451,0,877,0,40,3,0,2,1,2,14,7
3839453,0,877,0,40,2,0,2,1,2,42,7
3839455,0,877,0,40,3,0,2,1,2,24,7
3839457,0,877,0,40,3,0,2,1,2,40,7
3839459,0,877,0,40,3,0,2,1,2,53,7
3839461,0,877,0,40,3,0,2,1,2,49,7
3839463,0,877,0,40,3,0,2,1,2,57,7
3839465,0,877,0,40,3,0,2,1,2,58,7
3839467,0,877,0,40,2,0,2,1,2,44,7
3839469,0,877,0,40,2,0,2,1,2,55,7
3839471,0,877,0,40,3,0,2,1,2,46,7
3839473,0,877,0,40,3,0,2,1,2,47,7
3839475,0,877,0,40,3,0,2,1,2,33,7
3839477,0,877,0,40,3,0,2,1,2,39,7
3839479,0,877,0,40,2,0,2,1,2,37,7
3839481,0,877,0,40,3,0,2,1,2,31,7
3839483,0,877,0,40,3,0,2,1,2,48,7
3839485,0,877,0,40,2,0,2,1,2,39,7
3839487,0,877,0,40,2,0,2,1,2,75,7
3839489,0,877,0,40,3,0,2,1,2,21,7
3839491,0,877,0,40,2,0,2,1,2,67,7
3839493,0,877,0,40,2,0,2,1,2,34,7
3839495,0,877,0,40,3,0,2,1,2,31,7
3839497,0,877,0,40,2,0,2,1,2,11,7
3839499,0,877,0,40,3,0,2,1,2,52,7
3839501,0,877,0,40,2,0,2,1,2,58,7
3839503,0,877,0,40,2,0,2,1,2,67,7
3839505,0,877,0,40,3,0,2,1,2,38,7
3839507,0,877,0,40,3,0,2,1,2,47,7
3839509,0,877,0,40,2,0,2,1,2,45,7
3839511,0,877,0,40,3,0,2,1,2,27,7
3839513,0,877,0,40,2,0,2,1,2,68,7
3839515,0,877,0,40,2,0,2,1,2,62,7
3839517,0,877,0,40,2,0,2,1,2,24,7
3839519,0,877,0,40,2,0,2,1,2,67,7
3839521,0,877,0,40,2,0,2,1,2,21,7
3839523,0,877,0,40,2,0,2,1,2,51,7
3839525,0,877,0,40,3,0,2,1,2,26,7
3839527,0,877,0,40,2,0,2,1,2,109,7
3839529,0,877,0,40,2,0,2,1,2,15,7
3839531,0,877,0,40,2,0,2,1,2,31,7
3839533,0,877,0,40,3,0,2,1,2,74,7
3839535,0,877,0,40,2,0,2,1,2,60,7
3839537,0,877,0,40,3,0,2,1,2,40,7
3839539,0,877,0,40,2,0,2,1,2,41,7
3839541,0,877,0,40,3,0,2,1,2,41,7
3839543,0,877,0,40,2,0,2,1,2,48,7
3839545,0,877,0,40,2,0,2,1,2,28,7
3839547,0,877,0,40,2,0,2,1,2,39,7
3839549,0,877,0,40,2,0,2,1,2,53,7
3839551,0,877,0,40,2,0,2,1,2,44,7
3839553,0,877,0,40,2,0,2,1,2,13,7
3839555,0,877,0,40,3,0,2,1,2,54,7
3839557,0,877,0,40,3,0,2,1,2,32,7
3839559,0,877,0,40,2,0,2,1,2,56,7
3839561,0,877,0,40,3,0,2,1,2,33,7
3839563,0,877,0,40,2,0,2,1,2,20,7
3839565,0,877,0,40,3,0,2,1,2,84,7
3839567,0,877,0,40,2,0,2,1,2,87,7
3839569,0,877,0,40,3,0,2,1,2,43,7
3839571,0,877,0,40,2,0,2,1,2,65,7
3839573,0,877,0,40,2,0,2,1,2,53,7
3839575,0,877,0,40,3,0,2,1,2,28,7
3839577,0,877,0,40,2,0,2,1,2,62,7
3839579,0,877,0,40,2,0,2,1,2,49,7
3839581,0,877,0,40,2,0,2,1,2,72,7
3839583,0,877,0,40,2,0,2,1,2,45,7
3839585,0,877,0,40,3,0,2,1,2,18,7
3839587,0,877,0,40,2,0,2,1,2,22,7
3839589,0,877,0,40,2,0,2,1,2,19,7
3839591,0,877,0,40,3,0,2,1,2,13,7
3839593,0,877,0,40,3,0,2,1,2,64,7
3839595,0,877,0,40,2,0,2,1,2,41,7
3839597,0,877,0,40,3,0,2,1,2,39,7
3839599,0,877,0,40,3,0,2,1,2,26,7
3839601,0,877,0,40,3,0,2,1,2,142,7
3839603,0,877,0,40,3,0,2,1,2,39,7
3839605,0,877,0,40,3,0,2,1,2,14,7
3839607,0,877,0,40,3,0,2,1,2,53,7
3839609,0,877,0,40,3,0,2,1,2,29,7
3839611,0,877,0,40,2,0,2,1,2,27,7
3839613,0,877,0,40,2,0,2,1,2,17,7
3839615,0,877,0,40,2,0,2,1,2,24,7
3839617,0,877,0,40,3,0,2,1,2,46,7
3839619,0,877,0,40,2,0,2,1,2,36,7
3839621,0,877,0,40,3,0,2,1,2,80,7
3839623,0,877,0,40,3,0,2,1,2,53,7
3839625,0,877,0,40,3,0,2,1,2,21,7
3839627,0,877,0,40,3,0,2,1,2,58,7
3839629,0,877,0,40,2,0,2,1,2,61,7
3839631,0,877,0,40,3,0,2,1,2,43,7
3839633,0,877,0,40,3,0,2,1,2,80,7
3839635,0,877,0,40,2,0,2,1,2,69,7
3839637,0,877,0,40,2,0,2,1,2,46,7
3839639,0,877,0,40,3,0,2,1,2,30,7
3839641,0,877,0,40,3,0,2,1,2,53,7
3839643,0,877,0,40,3,0,2,1,2,14,7
3839645,0,877,0,40,3,0,2,1,2,35,7
3839647,0,877,0,40,3,0,2,1,2,27,7
3839649,0,877,0,40,2,0,2,1,2,44,7
3839651,0,877,0,40,3,0,2,1,2,24,7
3839653,0,877,0,40,3,0,2,1,2,66,7
3839655,0,877,0,40,2,0,2,1,2,22,7
3839657,0,877,0,40,2,0,2,1,2,44,7
3839659,0,877,0,40,2,0,2,1,2,26,7
3839661,0,877,0,40,3,0,2,1,2,131,7
3839663,0,877,0,40,3,0,2,1,2,109,7
3839665,0,877,0,40,2,0,2,1,2,49,7
3839667,0,877,0,40,3,0,2,1,2,59,7
3800360,0,877,0,40,2,1,2,1,8,47,7
3798612,0,877,0,40,2,3,2,1,10,15,7
3803589,0,877,0,40,2,0,2,1,5,62,7
3798310,0,877,0,40,3,3,2,1,26,65,7
3803662,0,877,0,40,2,1,2,1,10,51,7
3798675,0,877,0,40,2,3,2,1,24,23,7
3797318,0,877,0,40,2,1,2,1,45,131,7
3762842,0,877,0,40,2,12,2,1,71,98,7
3804709,0,877,0,40,3,0,2,1,7,25,7
3802234,0,877,0,40,3,2,2,1,18,37,7
3802722,0,877,0,40,2,2,2,1,16,18,7
3803491,0,877,0,40,2,3,2,1,17,67,7
3805819,0,877,0,40,2,0,2,1,8,23,7
3805907,0,877,0,40,3,0,2,1,8,32,7
3805870,0,877,0,40,2,1,2,1,11,71,7
3806847,0,877,0,40,3,0,2,1,2,55,7
3807323,0,877,0,40,2,0,2,1,5,15,7
3806514,0,877,0,40,2,1,2,1,7,46,7
3806799,0,877,0,40,2,1,2,1,11,45,7
3808047,0,877,0,40,2,0,2,1,7,43,7
3808731,0,877,0,40,2,0,2,1,2,58,7
3808880,0,877,0,40,3,0,2,1,2,28,7
